# Wood output
g element_0
v -1248.63112944301 1951.61231024805 108.664226868686
v -1566.37985481863 1825.1478976502 131.453780141322
v -1521.34488611675 1800.74280278699 136.797762987121
v -1635.29589206888 1755.39015183416 144.970549573586
v -1680.33086077076 1779.79524669736 139.626566727787
v -2022.18387862713 1643.73729383885 164.144926487184
v -1977.14890992525 1619.33219897564 169.488909332983
v -2091.09991587737 1573.9795480228 177.661695919448
v -2136.13488457926 1598.38464288601 172.317713073649
v -2364.03689648351 1507.67934098033 188.66328624658
v -2500.00000000074 1453.56584610805 198.41482305308
v -2500.00000000074 2499.99999999971 -13.5459624115454
v -1347.3118199583 2499.99999999971 -3.29240552989575
v -1325.57606261703 2379.21019106 21.3675576488591
v -1280.55513685085 2354.81270626487 26.7098741182924
v -1272.13812564962 2308.03774651184 36.2592623930365
v -1317.15905141581 2332.43523130697 30.9169459236032
v -1291.90801781213 2192.11035204787 59.5651107478355
v -1246.88709204595 2167.71286725275 64.9074272172688
v -1238.47008084472 2120.93790749972 74.456815492013
v -1283.4910066109 2145.33539229484 69.1144990225796
v -1266.65698420845 2051.78547278878 88.2132755720678
v -1248.63112944301 1951.61231024805 108.664226868686
cstype bspline
deg 1
curv 0 23 1 2 3 4 5 6 7 8 9 10 11 12 13 14 15 16 17 18 19 20 21 22 23
parm u 0 1 2 3 4 5 6 7 8 9 10 11 12 13 14 15 16 17 18 19 20 21 22 23
end
v -1248.23562632364 1957.95719498047 148.196430591276
v -1566.05779037229 1831.46355369371 170.991251027609
v -1521.0228216704 1807.0584588305 176.335233873408
v -1634.97382762253 1761.70580787766 184.508020459874
v -1680.00879632441 1786.11090274087 179.164037614074
v -2021.86181418078 1650.05294988235 203.682397373471
v -1976.8268454789 1625.64785501915 209.02638021927
v -2090.77785143103 1580.29520406631 217.199166805735
v -2135.81282013291 1604.70029892952 211.855183959936
v -2363.71483203716 1513.99499702384 228.200757132867
v -2500.00000000074 1459.75332007631 237.975393024497
v -2500.00000000074 2499.99999999971 27.2679132145814
v -1345.77457420259 2499.99999999971 37.5351444247011
v -1325.48163046703 2387.22818541986 60.5581860169639
v -1280.46070470085 2362.83070062474 65.9005024863972
v -1272.04369349962 2316.0557408717 75.4498907611413
v -1317.0646192658 2340.45322566683 70.107574291708
v -1291.81358566213 2200.12834640774 98.7557391159403
v -1246.79265989594 2175.73086161261 104.098055585374
v -1238.37564869472 2128.95590185958 113.647443860118
v -1283.3965744609 2153.3533866547 108.305127390684
v -1266.56255205845 2059.80346714864 127.403903940173
v -1248.23562632364 1957.95719498047 148.196430591276
cstype bspline
deg 1
curv 0 23 24 25 26 27 28 29 30 31 32 33 34 35 36 37 38 39 40 41 42 43 44 45 46
parm u 0 1 2 3 4 5 6 7 8 9 10 11 12 13 14 15 16 17 18 19 20 21 22 23
end
g element_1
v -1251.9929059576 1897.68079002239 -227.359504773274
v -1565.22075752472 1773.01569117456 -204.894197315868
v -1520.18578882283 1748.61059631136 -199.550214470068
v -1634.28220721826 1703.20007101392 -191.366998621867
v -1679.31717592014 1727.60516587713 -196.710981467666
v -2021.60643110642 1591.37358998483 -172.161333923062
v -1976.57146240454 1566.96849512162 -166.817351077263
v -2090.66788079997 1521.55796982419 -158.634135229061
v -2135.70284950185 1545.96306468739 -163.97811807486
v -2363.8956862927 1455.14201409253 -147.611686378458
v -2500.00000000074 1400.9723173777 -137.8500217039
v -2500.00000000074 2499.99999999971 -360.463905233591
v -1360.37840888183 2499.99999999971 -350.326580143935
v -1337.55694463988 2373.17670775235 -324.434845199728
v -1292.5360188737 2348.77922295722 -319.092528730294
v -1283.04159835182 2296.0168911542 -308.320782579613
v -1328.06252411801 2320.41437594932 -313.663099049047
v -1299.57926255239 2162.12738054024 -281.347860597003
v -1254.55833678621 2137.72989574512 -276.00554412757
v -1245.06391626434 2084.9675639421 -265.233797976889
v -1290.08484203052 2109.36504873722 -270.576114446322
v -1271.09600098678 2003.84038513117 -249.03262214496
v -1251.9929059576 1897.68079002239 -227.359504773274
cstype bspline
deg 1
curv 0 23 47 48 49 50 51 52 53 54 55 56 57 58 59 60 61 62 63 64 65 66 67 68 69
parm u 0 1 2 3 4 5 6 7 8 9 10 11 12 13 14 15 16 17 18 19 20 21 22 23
end
v -1251.59740283823 1904.02567475482 -187.82730105069
v -1564.89869307837 1779.33134721808 -165.356726429587
v -1519.86372437649 1754.92625235487 -160.012743583788
v -1633.96014277192 1709.51572705744 -151.829527735586
v -1678.9951114738 1733.92082192064 -157.173510581386
v -2021.28436666008 1597.68924602834 -132.623863036781
v -1976.2493979582 1573.28415116514 -127.279880190982
v -2090.34581635362 1527.87362586771 -119.096664342781
v -2135.38078505551 1552.27872073091 -124.44064718858
v -2363.57362184636 1461.45767013605 -108.074215492177
v -2500.00000000074 1407.15979134597 -98.2894517324899
v -2500.00000000074 2499.99999999971 -319.650029607468
v -1358.84116312612 2499.99999999971 -309.499030189343
v -1337.46251248988 2381.19470211221 -285.244216831627
v -1292.44158672369 2356.79721731708 -279.901900362194
v -1282.94716620182 2304.03488551406 -269.130154211513
v -1327.96809196801 2328.43237030918 -274.472470680946
v -1299.48483040239 2170.1453749001 -242.157232228903
v -1254.46390463621 2145.74789010498 -236.81491575947
v -1244.96948411434 2092.98555830196 -226.043169608788
v -1289.99040988052 2117.38304309708 -231.385486078222
v -1271.00156883678 2011.85837949103 -209.84199377686
v -1251.59740283823 1904.02567475482 -187.82730105069
cstype bspline
deg 1
curv 0 23 70 71 72 73 74 75 76 77 78 79 80 81 82 83 84 85 86 87 88 89 90 91 92
parm u 0 1 2 3 4 5 6 7 8 9 10 11 12 13 14 15 16 17 18 19 20 21 22 23
end
g element_2
v -2321.69205269959 1487.57987882852 228.574452298164
v -2207.75539950973 1533.43516997814 223.652926038345
v -2207.08391861012 1527.51716261245 184.058366523935
v -2321.02057179997 1481.66187146283 188.979892783754
v -2321.69205269959 1487.57987882852 228.574452298164
cstype bspline
deg 1
curv 0 5 93 94 95 96 97
parm u 0 1 2 3 4 5
end
v -2361.70726813413 1514.42435229541 225.693306463361
v -2247.77061494427 1560.27964344502 220.771780203542
v -2247.09913404466 1554.36163607933 181.177220689131
v -2361.03578723451 1508.50634492972 186.09874694895
v -2361.70726813413 1514.42435229541 225.693306463361
cstype bspline
deg 1
curv 0 5 98 99 100 101 102
parm u 0 1 2 3 4 5
end
v -1865.94543994017 1671.00104342698 208.888347258889
v -1752.00878675031 1716.85633457659 203.96682099907
v -1751.33730585069 1710.9383272109 164.372261484659
v -1865.27395904055 1665.08303606129 169.293787744478
v -1865.94543994017 1671.00104342698 208.888347258889
cstype bspline
deg 1
curv 0 5 103 104 105 106 107
parm u 0 1 2 3 4 5
end
v -1905.96065537471 1697.84551689386 206.007201424085
v -1792.02400218485 1743.70080804348 201.085675164266
v -1791.35252128524 1737.78280067779 161.491115649855
v -1905.28917447509 1691.92750952817 166.412641909674
v -1905.96065537471 1697.84551689386 206.007201424085
cstype bspline
deg 1
curv 0 5 108 109 110 111 112
parm u 0 1 2 3 4 5
end
v -2321.55067309334 1435.03662324324 -107.738869629054
v -2207.46862579101 1480.95043014851 -112.666676229066
v -2206.79714489139 1475.0324227828 -152.261235743478
v -2320.87919219372 1429.11861587753 -147.333429143466
v -2321.55067309334 1435.03662324324 -107.738869629054
cstype bspline
deg 1
curv 0 5 113 114 115 116 117
parm u 0 1 2 3 4 5
end
v -2361.56588852788 1461.88109671012 -110.620015463857
v -2247.48384122555 1507.7949036154 -115.54782206387
v -2246.81236032593 1501.87689624969 -155.142381578282
v -2360.89440762826 1455.96308934441 -150.21457497827
v -2361.56588852788 1461.88109671012 -110.620015463857
cstype bspline
deg 1
curv 0 5 118 119 120 121 122
parm u 0 1 2 3 4 5
end
v -1865.22248388403 1618.69185086433 -127.450096029104
v -1751.1404365817 1664.6056577696 -132.377902629116
v -1750.46895568207 1658.68765040389 -171.972462143528
v -1864.5510029844 1612.77384349862 -167.044655543516
v -1865.22248388403 1618.69185086433 -127.450096029104
cstype bspline
deg 1
curv 0 5 123 124 125 126 127
parm u 0 1 2 3 4 5
end
v -1905.23769931857 1645.53632433121 -130.331241863907
v -1791.15565201624 1691.45013123649 -135.25904846392
v -1790.48417111661 1685.53212387078 -174.853607978332
v -1904.56621841894 1639.6183169655 -169.92580137832
v -1905.23769931857 1645.53632433121 -130.331241863907
cstype bspline
deg 1
curv 0 5 128 129 130 131 132
parm u 0 1 2 3 4 5
end
v -1521.0228216704 1807.0584588305 176.335233873408
v -1521.34488611675 1800.74280278699 136.797762987121
v -1635.29589206888 1755.39015183416 144.970549573586
v -1634.97382762253 1761.70580787766 184.508020459874
v -1521.0228216704 1807.0584588305 176.335233873408
cstype bspline
deg 1
curv 0 5 133 134 135 136 137
parm u 0 1 2 3 4 5
end
v -1566.05779037229 1831.46355369371 170.991251027609
v -1566.37985481863 1825.1478976502 131.453780141322
v -1680.33086077076 1779.79524669736 139.626566727787
v -1680.00879632441 1786.11090274087 179.164037614074
v -1566.05779037229 1831.46355369371 170.991251027609
cstype bspline
deg 1
curv 0 5 138 139 140 141 142
parm u 0 1 2 3 4 5
end
v -1976.8268454789 1625.64785501915 209.02638021927
v -1977.14890992525 1619.33219897564 169.488909332983
v -2091.09991587737 1573.9795480228 177.661695919448
v -2090.77785143103 1580.29520406631 217.199166805735
v -1976.8268454789 1625.64785501915 209.02638021927
cstype bspline
deg 1
curv 0 5 143 144 145 146 147
parm u 0 1 2 3 4 5
end
v -2021.86181418078 1650.05294988235 203.682397373471
v -2022.18387862713 1643.73729383885 164.144926487184
v -2136.13488457926 1598.38464288601 172.317713073649
v -2135.81282013291 1604.70029892952 211.855183959936
v -2021.86181418078 1650.05294988235 203.682397373471
cstype bspline
deg 1
curv 0 5 148 149 150 151 152
parm u 0 1 2 3 4 5
end
v -1519.86372437649 1754.92625235487 -160.012743583788
v -1520.18578882283 1748.61059631136 -199.550214470068
v -1634.28220721826 1703.20007101392 -191.366998621867
v -1633.96014277192 1709.51572705744 -151.829527735586
v -1519.86372437649 1754.92625235487 -160.012743583788
cstype bspline
deg 1
curv 0 5 153 154 155 156 157
parm u 0 1 2 3 4 5
end
v -1564.89869307837 1779.33134721808 -165.356726429587
v -1565.22075752472 1773.01569117456 -204.894197315868
v -1679.31717592014 1727.60516587713 -196.710981467666
v -1678.9951114738 1733.92082192064 -157.173510581386
v -1564.89869307837 1779.33134721808 -165.356726429587
cstype bspline
deg 1
curv 0 5 158 159 160 161 162
parm u 0 1 2 3 4 5
end
v -1976.2493979582 1573.28415116514 -127.279880190982
v -1976.57146240454 1566.96849512162 -166.817351077263
v -2090.66788079997 1521.55796982419 -158.634135229061
v -2090.34581635362 1527.87362586771 -119.096664342781
v -1976.2493979582 1573.28415116514 -127.279880190982
cstype bspline
deg 1
curv 0 5 163 164 165 166 167
parm u 0 1 2 3 4 5
end
v -2021.28436666008 1597.68924602834 -132.623863036781
v -2021.60643110642 1591.37358998483 -172.161333923062
v -2135.70284950185 1545.96306468739 -163.97811807486
v -2135.38078505551 1552.27872073091 -124.44064718858
v -2021.28436666008 1597.68924602834 -132.623863036781
cstype bspline
deg 1
curv 0 5 168 169 170 171 172
parm u 0 1 2 3 4 5
end
v -2500.00000000074 1426.70545910941 305.890225903334
v -2500.00000000074 1349.36203450598 -188.616898739286
v -1245.47823665708 1848.66335414125 -278.593626493591
v -1244.35937985619 1866.61268775252 -166.759173555697
v -1206.58338556237 1879.46948604992 -183.39454259396
v -1205.45621336267 1897.55221999182 -70.7289304988126
v -1243.5090569687 1880.25404844553 -81.7658170628666
v -1242.381884769 1898.33678238743 30.8997950322813
v -1204.60589047518 1911.19358068483 14.2644259940183
v -1203.47871827549 1929.27631462673 126.930038089166
v -1241.53156188152 1911.97814308045 115.893151525112
v -1240.53444766503 1927.97441329663 215.558920038697
v -2500.00000000074 1426.70545910941 305.890225903334
cstype bspline
deg 1
curv 0 13 173 174 175 176 177 178 179 180 181 182 183 184 185
parm u 0 1 2 3 4 5 6 7 8 9 10 11 12 13
end
v -2500.00000000074 1469.03453102874 297.316247981604
v -2500.00000000074 1391.69110642531 -197.190876661015
v -1252.58616063665 1888.16346292374 -286.657810357144
v -1251.44979282544 1906.39371806645 -173.073058134207
v -1213.67379853162 1919.25051636385 -189.70842717247
v -1212.54662633193 1937.33325030575 -77.0428150773219
v -1250.59946993795 1920.03507875946 -88.0797016413759
v -1249.47229773826 1938.11781270136 24.585910453772
v -1211.69630344444 1950.97461099876 7.95054141550897
v -1210.56913124474 1969.05734494066 120.616153510657
v -1248.62197485077 1951.75917339437 109.579266946603
v -1247.64237164459 1967.47452207912 207.494736175145
v -2500.00000000074 1469.03453102874 297.316247981604
cstype bspline
deg 1
curv 0 13 186 187 188 189 190 191 192 193 194 195 196 197 198
parm u 0 1 2 3 4 5 6 7 8 9 10 11 12 13
end
g element_3
v -1226.27502909005 2061.62207100597 126.971823914351
v -1234.69165526562 2108.42623273731 117.566261604657
v -1234.80710980612 2100.52549379585 78.3537495440608
v -1226.39048363055 2053.72133206451 87.759311853755
v -1226.27502909005 2061.62207100597 126.971823914351
cstype bspline
deg 1
curv 0 5 199 200 201 202 203
parm u 0 1 2 3 4 5
end
v -1261.80848618418 2033.42817544858 132.998729220794
v -1270.22511235975 2080.23233717991 123.5931669111
v -1270.34056690025 2072.33159823845 84.3806548505035
v -1261.92394072467 2025.52743650711 93.7862171601976
v -1261.80848618418 2033.42817544858 132.998729220794
cstype bspline
deg 1
curv 0 5 204 205 206 207 208
parm u 0 1 2 3 4 5
end
v -1259.94153379234 2248.83871793131 89.3495746755746
v -1268.35815996792 2295.64287966264 79.9440123658805
v -1268.47361450842 2287.74214072118 40.7315003052844
v -1260.05698833284 2240.93797898985 50.1370626149785
v -1259.94153379234 2248.83871793131 89.3495746755746
cstype bspline
deg 1
curv 0 5 209 210 211 212 213
parm u 0 1 2 3 4 5
end
v -1295.47499088647 2220.64482237391 95.3764799820172
v -1303.89161706205 2267.44898410524 85.9709176723231
v -1304.00707160254 2259.54824516378 46.758405611727
v -1295.59044542697 2212.74408343245 56.1639679214211
v -1295.47499088647 2220.64482237391 95.3764799820172
cstype bspline
deg 1
curv 0 5 214 215 216 217 218
parm u 0 1 2 3 4 5
end
v -1230.71384281108 2013.69238407275 -210.198221952523
v -1240.20782902256 2066.48765581798 -220.80773186977
v -1240.32328356306 2058.58691687652 -260.02024393036
v -1230.82929735157 2005.79164513129 -249.410734013112
v -1230.71384281108 2013.69238407275 -210.198221952523
cstype bspline
deg 1
curv 0 5 219 220 221 222 223
parm u 0 1 2 3 4 5
end
v -1266.2472999052 1985.49848851535 -204.17131664608
v -1275.74128611669 2038.29376026059 -214.780826563328
v -1275.85674065719 2030.39302131913 -253.993338623917
v -1266.3627544457 1977.59774957389 -243.383828706669
v -1266.2472999052 1985.49848851535 -204.17131664608
cstype bspline
deg 1
curv 0 5 224 225 226 227 228
parm u 0 1 2 3 4 5
end
v -1268.68978765703 2224.87347105369 -252.636261621513
v -1278.18377386851 2277.66874279892 -263.245771538761
v -1278.29922840901 2269.76800385746 -302.45828359935
v -1268.80524219752 2216.97273211223 -291.848773682103
v -1268.68978765703 2224.87347105369 -252.636261621513
cstype bspline
deg 1
curv 0 5 229 230 231 232 233
parm u 0 1 2 3 4 5
end
v -1304.22324475115 2196.67957549629 -246.609356315071
v -1313.71723096264 2249.47484724153 -257.218866232318
v -1313.83268550314 2241.57410830007 -296.431378292908
v -1304.33869929165 2188.77883655483 -285.82186837566
v -1304.22324475115 2196.67957549629 -246.609356315071
cstype bspline
deg 1
curv 0 5 234 235 236 237 238
parm u 0 1 2 3 4 5
end
v -1280.46070470085 2362.83070062474 65.9005024863972
v -1280.55513685085 2354.81270626487 26.7098741182924
v -1272.13812564962 2308.03774651184 36.2592623930365
v -1272.04369349962 2316.0557408717 75.4498907611413
v -1280.46070470085 2362.83070062474 65.9005024863972
cstype bspline
deg 1
curv 0 5 239 240 241 242 243
parm u 0 1 2 3 4 5
end
v -1325.48163046703 2387.22818541986 60.5581860169639
v -1325.57606261703 2379.21019106 21.3675576488591
v -1317.15905141581 2332.43523130697 30.9169459236032
v -1317.0646192658 2340.45322566683 70.107574291708
v -1325.48163046703 2387.22818541986 60.5581860169639
cstype bspline
deg 1
curv 0 5 244 245 246 247 248
parm u 0 1 2 3 4 5
end
v -1246.79265989594 2175.73086161261 104.098055585374
v -1246.88709204595 2167.71286725275 64.9074272172688
v -1238.47008084472 2120.93790749972 74.456815492013
v -1238.37564869472 2128.95590185958 113.647443860118
v -1246.79265989594 2175.73086161261 104.098055585374
cstype bspline
deg 1
curv 0 5 249 250 251 252 253
parm u 0 1 2 3 4 5
end
v -1291.81358566213 2200.12834640774 98.7557391159403
v -1291.90801781213 2192.11035204787 59.5651107478355
v -1283.4910066109 2145.33539229484 69.1144990225796
v -1283.3965744609 2153.3533866547 108.305127390684
v -1291.81358566213 2200.12834640774 98.7557391159403
cstype bspline
deg 1
curv 0 5 254 255 256 257 258
parm u 0 1 2 3 4 5
end
v -1292.44158672369 2356.79721731708 -279.901900362194
v -1292.5360188737 2348.77922295722 -319.092528730294
v -1283.04159835182 2296.0168911542 -308.320782579613
v -1282.94716620182 2304.03488551406 -269.130154211513
v -1292.44158672369 2356.79721731708 -279.901900362194
cstype bspline
deg 1
curv 0 5 259 260 261 262 263
parm u 0 1 2 3 4 5
end
v -1337.46251248988 2381.19470211221 -285.244216831627
v -1337.55694463988 2373.17670775235 -324.434845199728
v -1328.06252411801 2320.41437594932 -313.663099049047
v -1327.96809196801 2328.43237030918 -274.472470680946
v -1337.46251248988 2381.19470211221 -285.244216831627
cstype bspline
deg 1
curv 0 5 264 265 266 267 268
parm u 0 1 2 3 4 5
end
v -1254.46390463621 2145.74789010498 -236.81491575947
v -1254.55833678621 2137.72989574512 -276.00554412757
v -1245.06391626434 2084.9675639421 -265.233797976889
v -1244.96948411434 2092.98555830196 -226.043169608788
v -1254.46390463621 2145.74789010498 -236.81491575947
cstype bspline
deg 1
curv 0 5 269 270 271 272 273
parm u 0 1 2 3 4 5
end
v -1299.48483040239 2170.1453749001 -242.157232228903
v -1299.57926255239 2162.12738054024 -281.347860597003
v -1290.08484203052 2109.36504873722 -270.576114446322
v -1289.99040988052 2117.38304309708 -231.385486078222
v -1299.48483040239 2170.1453749001 -242.157232228903
cstype bspline
deg 1
curv 0 5 274 275 276 277 278
parm u 0 1 2 3 4 5
end
v -1202.61922946476 1943.06472024451 212.839567241929
v -1203.47871827549 1929.27631462673 126.930038089166
v -1210.56913124474 1969.05734494066 120.616153510657
v -1211.69630344444 1950.97461099876 7.95054141550897
v -1204.60589047518 1911.19358068483 14.2644259940183
v -1205.45621336267 1897.55221999182 -70.7289304988126
v -1212.54662633193 1937.33325030575 -77.0428150773219
v -1213.67379853162 1919.25051636385 -189.70842717247
v -1206.58338556237 1879.46948604992 -183.39454259396
v -1207.56301845681 1863.75366108913 -281.31297929036
v -1322.05360465133 2499.99999999971 -411.206481299153
v -1302.83803270496 2499.99999999971 99.1378931332542
v -1202.61922946476 1943.06472024451 212.839567241929
cstype bspline
deg 1
curv 0 13 279 280 281 282 283 284 285 286 287 288 289 290 291
parm u 0 1 2 3 4 5 6 7 8 9 10 11 12 13
end
v -1240.53444766503 1927.97441329663 215.558920038697
v -1241.53156188152 1911.97814308045 115.893151525112
v -1248.62197485077 1951.75917339437 109.579266946603
v -1249.47229773826 1938.11781270136 24.585910453772
v -1242.381884769 1898.33678238743 30.8997950322813
v -1243.5090569687 1880.25404844553 -81.7658170628666
v -1250.59946993795 1920.03507875946 -88.0797016413759
v -1251.44979282544 1906.39371806645 -173.073058134207
v -1244.35937985619 1866.61268775252 -166.759173555697
v -1245.47823665708 1848.66335414125 -278.593626493596
v -1362.68427751539 2499.99999999971 -411.567905075821
v -1343.46870556902 2499.99999999971 98.7764693565863
v -1240.53444766503 1927.97441329663 215.558920038697
cstype bspline
deg 1
curv 0 13 292 293 294 295 296 297 298 299 300 301 302 303 304
parm u 0 1 2 3 4 5 6 7 8 9 10 11 12 13
end
g element_4
v -1223.82823302722 949.766050986014 246.066854448077
v -1575.10608983188 809.863673235801 261.082204010733
v -1530.03364451424 784.918212915103 263.759533822725
v -1642.90129704541 739.96675168771 268.584054424416
v -1687.97374236306 764.912212008407 265.906724612424
v -2026.5766999566 630.057828326227 280.380286417497
v -1981.50425463895 605.112368005529 283.057616229489
v -2094.37190717013 560.160906778136 287.88213683118
v -2139.44435248778 585.106367098834 285.204807019188
v -2365.17965755013 495.203444644047 294.85384822257
v -2500.00000000074 441.508951488373 300.616735153352
v -2500.00000000074 1409.62926772941 196.710960277808
v -2321.02057179997 1481.66187146283 188.979892783754
v -2361.03578723451 1508.50634492972 186.09874694895
v -2247.09913404466 1554.36163607933 181.177220689131
v -2207.08391861012 1527.51716261245 184.058366523935
v -1865.27395904055 1665.08303606129 169.293787744478
v -1905.28917447509 1691.92750952817 166.412641909674
v -1791.35252128524 1737.78280067779 161.491115649855
v -1751.33730585069 1710.9383272109 164.372261484659
v -1523.46399947098 1802.64890951013 154.529208965021
v -1384.9164174194 1858.40918976396 148.544606607384
v -1344.15648994539 1628.49643374095 173.22053032015
v -1299.12057024339 1603.5711886158 175.895690489049
v -1285.27853806133 1525.49303771709 184.275610457551
v -1330.31445776333 1550.41828284224 181.600450288651
v -1288.78836121715 1316.1838301461 206.740210194156
v -1243.75244151515 1291.25858502095 209.415370363056
v -1229.91040933309 1213.18043412224 217.795290331557
v -1274.94632903509 1238.10567924739 215.120130162658
v -1247.26226467097 1081.94937744997 231.879970099661
v -1223.82823302722 949.766050986014 246.066854448077
cstype bspline
deg 1
curv 0 32 305 306 307 308 309 310 311 312 313 314 315 316 317 318 319 320 321 322 323 324 325 326 327 328 329 330 331 332 333 334 335 336
parm u 0 1 2 3 4 5 6 7 8 9 10 11 12 13 14 15 16 17 18 19 20 21 22 23 24 25 26 27 28 29 30 31 32
end
v -1223.31128684517 952.112334053418 286.044757617847
v -1574.36728056922 812.298317046449 301.050623657286
v -1529.29483525157 787.352856725751 303.727953469279
v -1642.16248778275 742.401395498358 308.55247407097
v -1687.2349331004 767.346855819055 305.875144258977
v -2025.83789069394 632.492472136875 320.34870606405
v -1980.76544537629 607.547011816177 323.026035876043
v -2093.63309790747 562.595550588784 327.850556477734
v -2138.70554322511 587.541010909482 325.173226665741
v -2364.44084828747 497.638088454695 334.822267869123
v -2500.00000000074 443.649351951346 340.616735154671
v -2500.00000000074 1415.81752133537 236.276514983074
v -2321.69205269959 1487.57987882852 228.574452298164
v -2361.70726813413 1514.42435229541 225.693306463361
v -2247.77061494427 1560.27964344502 220.771780203542
v -2207.75539950973 1533.43516997814 223.652926038345
v -1865.94543994017 1671.00104342698 208.888347258889
v -1905.96065537471 1697.84551689386 206.007201424085
v -1792.02400218485 1743.70080804348 201.085675164266
v -1752.00878675031 1716.85633457659 203.96682099907
v -1524.1354803706 1808.56691687582 194.123768479432
v -1385.06965857073 1864.53576947119 188.116780607927
v -1343.98564509251 1632.79495557289 212.988904903268
v -1298.94972539051 1607.86971044774 215.664065072167
v -1285.10769320845 1529.79155954903 224.043985040669
v -1330.14361291045 1554.71680467418 221.368824871769
v -1288.61751636427 1320.48235197804 246.508584777274
v -1243.58159666227 1295.55710685289 249.183744946173
v -1229.73956448021 1217.47895595418 257.563664914675
v -1274.77548418221 1242.40420107933 254.888504745776
v -1247.09141981809 1086.2478992819 271.648344682779
v -1223.31128684517 952.112334053418 286.044757617847
cstype bspline
deg 1
curv 0 32 337 338 339 340 341 342 343 344 345 346 347 348 349 350 351 352 353 354 355 356 357 358 359 360 361 362 363 364 365 366 367 368
parm u 0 1 2 3 4 5 6 7 8 9 10 11 12 13 14 15 16 17 18 19 20 21 22 23 24 25 26 27 28 29 30 31 32
end
g element_5
v -1228.22227557465 929.822644913016 -93.745322494967
v -1573.70177102777 792.229563135836 -78.9778235181008
v -1528.62932571012 767.284102815138 -76.3004937061081
v -1641.67242072478 722.262768636399 -71.4684738266613
v -1686.74486604242 747.208228957097 -74.145803638654
v -2025.87415108639 612.14422642088 -59.6497440003136
v -1980.80170576874 587.198766100182 -56.972414188321
v -2093.8448007834 542.177431921443 -52.1403943088742
v -2138.91724610105 567.122892242141 -54.8177241208669
v -2365.00343613036 477.080223884663 -45.1536843619733
v -2500.00000000074 423.315547553022 -39.383264857853
v -2500.00000000074 1357.0291120788 -139.59625471696
v -2320.87919219372 1429.11861587753 -147.333429143466
v -2360.89440762826 1455.96308934441 -150.21457497827
v -2246.81236032593 1501.87689624969 -155.142381578282
v -2206.79714489139 1475.0324227828 -152.261235743478
v -1864.5510029844 1612.77384349862 -167.044655543516
v -1904.56621841894 1639.6183169655 -169.92580137832
v -1790.48417111661 1685.53212387078 -174.853607978332
v -1750.46895568207 1658.68765040389 -171.972462143528
v -1522.30486107741 1750.51526421444 -181.828075343553
v -1383.61386763309 1806.33326225253 -187.818872397239
v -1343.30957825666 1578.99060429534 -163.418790464214
v -1298.27365855466 1554.06535917019 -160.743630295314
v -1285.08681550007 1479.68290518136 -152.760359632364
v -1330.12273520207 1504.60815030651 -155.435519801263
v -1290.5622060383 1281.46078834003 -131.48570781241
v -1245.5262863363 1256.53554321488 -128.810547643511
v -1232.33944328171 1182.15308922605 -120.82727698056
v -1277.37536298371 1207.0783343512 -123.502437149459
v -1251.00167687453 1058.31342637354 -107.535895823557
v -1228.22227557465 929.822644913016 -93.745322494967
cstype bspline
deg 1
curv 0 32 369 370 371 372 373 374 375 376 377 378 379 380 381 382 383 384 385 386 387 388 389 390 391 392 393 394 395 396 397 398 399 400
parm u 0 1 2 3 4 5 6 7 8 9 10 11 12 13 14 15 16 17 18 19 20 21 22 23 24 25 26 27 28 29 30 31 32
end
v -1227.7053293926 932.16892798042 -53.7674193251935
v -1572.96296176511 794.664206946484 -39.0094038715436
v -1527.89051644746 769.718746625786 -36.332074059551
v -1640.93361146212 724.697412447047 -31.5000541801042
v -1686.00605677976 749.642872767745 -34.1773839920968
v -2025.13534182373 614.578870231528 -19.6813243537565
v -1980.06289650608 589.633409910831 -17.0039945417638
v -2093.10599152074 544.612075732092 -12.171974662317
v -2138.17843683839 569.557536052789 -14.8493044743097
v -2364.2646268677 479.514867695311 -5.18526471541613
v -2500.00000000074 425.455948015995 0.616735143469202
v -2500.00000000074 1363.21736568478 -100.030700011693
v -2321.55067309334 1435.03662324324 -107.738869629054
v -2361.56588852788 1461.88109671012 -110.620015463857
v -2247.48384122555 1507.7949036154 -115.54782206387
v -2207.46862579101 1480.95043014851 -112.666676229066
v -1865.22248388403 1618.69185086433 -127.450096029104
v -1905.23769931857 1645.53632433121 -130.331241863907
v -1791.15565201624 1691.45013123649 -135.25904846392
v -1751.1404365817 1664.6056577696 -132.377902629116
v -1522.97634197704 1756.43327158015 -142.233515829141
v -1383.76710878442 1812.45984195978 -148.246698396695
v -1343.13873340379 1583.28912612728 -123.650415881092
v -1298.10281370179 1558.36388100213 -120.975255712193
v -1284.9159706472 1483.9814270133 -112.991985049242
v -1329.9518903492 1508.90667213845 -115.667145218141
v -1290.39136118543 1285.75931017197 -91.7173332292887
v -1245.35544148343 1260.83406504681 -89.0421730603891
v -1232.16859842884 1186.45161105799 -81.0589023974382
v -1277.20451813084 1211.37685618314 -83.7340625663377
v -1250.83083202166 1062.61194820548 -67.7675212404358
v -1227.7053293926 932.16892798042 -53.7674193251935
cstype bspline
deg 1
curv 0 32 401 402 403 404 405 406 407 408 409 410 411 412 413 414 415 416 417 418 419 420 421 422 423 424 425 426 427 428 429 430 431 432
parm u 0 1 2 3 4 5 6 7 8 9 10 11 12 13 14 15 16 17 18 19 20 21 22 23 24 25 26 27 28 29 30 31 32
end
g element_6
v -2322.67040124294 470.821708465524 327.253101577228
v -2209.80273668078 516.031334665211 327.253101577228
v -2209.06392742667 514.186867411719 287.253101577228
v -2321.93159198883 468.977241212032 287.253101577228
v -2322.67040124294 470.821708465524 327.253101577228
cstype bspline
deg 1
curv 0 5 433 434 435 436 437
parm u 0 1 2 3 4 5
end
v -2362.68952054897 497.934564101471 327.253101577228
v -2249.82185598681 543.144190301157 327.253101577228
v -2249.0830467327 541.299723047665 287.253101577228
v -2361.95071129487 496.090096847978 287.253101577228
v -2362.68952054897 497.934564101471 327.253101577228
cstype bspline
deg 1
curv 0 5 438 439 440 441 442
parm u 0 1 2 3 4 5
end
v -1871.19974299429 651.660213264272 327.253101577228
v -1758.33207843212 696.869839463959 327.253101577228
v -1757.59326917802 695.025372210467 287.253101577228
v -1870.46093374018 649.81574601078 287.253101577228
v -1871.19974299429 651.660213264272 327.253101577228
cstype bspline
deg 1
curv 0 5 443 444 445 446 447
parm u 0 1 2 3 4 5
end
v -1911.21886230032 678.773068900218 327.253101577228
v -1798.35119773816 723.982695099905 327.253101577228
v -1797.61238848405 722.138227846413 287.253101577228
v -1910.48005304621 676.928601646726 287.253101577228
v -1911.21886230032 678.773068900218 327.253101577228
cstype bspline
deg 1
curv 0 5 448 449 450 451 452
parm u 0 1 2 3 4 5
end
v -2322.49417976005 452.69889080012 -12.746898422772
v -2209.45107266208 497.978791258549 -12.746898422772
v -2208.71226340797 496.134324005042 -52.746898422772
v -2321.75537050594 450.854423546613 -52.746898422772
v -2322.49417976005 452.69889080012 -12.746898422772
cstype bspline
deg 1
curv 0 5 453 454 455 456 457
parm u 0 1 2 3 4 5
end
v -2362.51329906608 479.811746436066 -12.746898422772
v -2249.47019196812 525.091646894496 -12.746898422772
v -2248.73138271401 523.247179640988 -52.746898422772
v -2361.77448981197 477.967279182559 -52.746898422772
v -2362.51329906608 479.811746436066 -12.746898422772
cstype bspline
deg 1
curv 0 5 458 459 460 461 462
parm u 0 1 2 3 4 5
end
v -1870.32175136819 633.818492633837 -12.746898422772
v -1757.27864427022 679.098393092266 -12.746898422772
v -1756.53983501611 677.253925838758 -52.746898422772
v -1869.58294211407 631.974025380329 -52.746898422772
v -1870.32175136819 633.818492633837 -12.746898422772
cstype bspline
deg 1
curv 0 5 463 464 465 466 467
parm u 0 1 2 3 4 5
end
v -1910.34087067422 660.931348269783 -12.746898422772
v -1797.29776357625 706.211248728212 -12.746898422772
v -1796.55895432214 704.366781474704 -52.746898422772
v -1909.60206142011 659.086881016275 -52.746898422772
v -1910.34087067422 660.931348269783 -12.746898422772
cstype bspline
deg 1
curv 0 5 468 469 470 471 472
parm u 0 1 2 3 4 5
end
v -1529.29483525157 787.352856725751 303.727953469279
v -1530.03364451424 784.918212915103 263.759533822725
v -1642.90129704541 739.96675168771 268.584054424416
v -1642.16248778275 742.401395498358 308.55247407097
v -1529.29483525157 787.352856725751 303.727953469279
cstype bspline
deg 1
curv 0 5 473 474 475 476 477
parm u 0 1 2 3 4 5
end
v -1574.36728056922 812.298317046449 301.050623657286
v -1575.10608983188 809.863673235801 261.082204010733
v -1687.97374236306 764.912212008407 265.906724612424
v -1687.2349331004 767.346855819055 305.875144258977
v -1574.36728056922 812.298317046449 301.050623657286
cstype bspline
deg 1
curv 0 5 478 479 480 481 482
parm u 0 1 2 3 4 5
end
v -1980.76544537629 607.547011816177 323.026035876043
v -1981.50425463895 605.112368005529 283.057616229489
v -2094.37190717013 560.160906778136 287.88213683118
v -2093.63309790747 562.595550588784 327.850556477734
v -1980.76544537629 607.547011816177 323.026035876043
cstype bspline
deg 1
curv 0 5 483 484 485 486 487
parm u 0 1 2 3 4 5
end
v -2025.83789069394 632.492472136875 320.34870606405
v -2026.5766999566 630.057828326227 280.380286417497
v -2139.44435248778 585.106367098834 285.204807019188
v -2138.70554322511 587.541010909482 325.173226665741
v -2025.83789069394 632.492472136875 320.34870606405
cstype bspline
deg 1
curv 0 5 488 489 490 491 492
parm u 0 1 2 3 4 5
end
v -1527.89051644746 769.718746625786 -36.332074059551
v -1528.62932571012 767.284102815138 -76.3004937061081
v -1641.67242072478 722.262768636399 -71.4684738266613
v -1640.93361146212 724.697412447047 -31.5000541801042
v -1527.89051644746 769.718746625786 -36.332074059551
cstype bspline
deg 1
curv 0 5 493 494 495 496 497
parm u 0 1 2 3 4 5
end
v -1572.96296176511 794.664206946484 -39.0094038715436
v -1573.70177102777 792.229563135836 -78.9778235181008
v -1686.74486604242 747.208228957097 -74.145803638654
v -1686.00605677976 749.642872767745 -34.1773839920968
v -1572.96296176511 794.664206946484 -39.0094038715436
cstype bspline
deg 1
curv 0 5 498 499 500 501 502
parm u 0 1 2 3 4 5
end
v -1980.06289650608 589.633409910831 -17.0039945417638
v -1980.80170576874 587.198766100182 -56.972414188321
v -2093.8448007834 542.177431921443 -52.1403943088742
v -2093.10599152074 544.612075732092 -12.171974662317
v -1980.06289650608 589.633409910831 -17.0039945417638
cstype bspline
deg 1
curv 0 5 503 504 505 506 507
parm u 0 1 2 3 4 5
end
v -2025.13534182373 614.578870231528 -19.6813243537565
v -2025.87415108639 612.14422642088 -59.6497440003136
v -2138.91724610105 567.122892242141 -54.8177241208669
v -2138.17843683839 569.557536052789 -14.8493044743097
v -2025.13534182373 614.578870231528 -19.6813243537565
cstype bspline
deg 1
curv 0 5 508 509 510 511 512
parm u 0 1 2 3 4 5
end
v -2500.00000000074 403.963624803 405.220683766184
v -2500.00000000074 377.208619015713 -94.7793162502888
v -1221.89438797931 886.235905176621 -149.411859038675
v -1220.43576474193 892.856213290746 -36.6095972756352
v -1182.67517694789 907.158910658151 -51.9799493521228
v -1181.2018952303 913.845749767401 61.9559222970552
v -1219.32434169182 897.900670864391 49.3420251965518
v -1217.85105997423 904.587509973641 163.27789684573
v -1180.09047218019 918.890207341046 147.907544769242
v -1178.6171904626 925.577046450296 261.84341641842
v -1216.73963692412 909.631967547286 249.229519317917
v -1215.43256070369 915.564443519286 350.311930583441
v -2500.00000000074 403.963624803 405.220683766184
cstype bspline
deg 1
curv 0 13 513 514 515 516 517 518 519 520 521 522 523 524 525
parm u 0 1 2 3 4 5 6 7 8 9 10 11 12 13
end
v -2500.00000000074 446.859952645827 400.616735156646
v -2500.00000000074 420.104946858541 -99.3832648598266
v -1228.99769484772 926.303220311901 -153.712177249618
v -1227.51277947805 933.042861515102 -38.8766200388668
v -1189.75219168401 947.345558882507 -54.2469721153545
v -1188.27890996642 954.032397991757 59.6888995338236
v -1226.40135642794 938.087319088747 47.0750024333201
v -1224.92807471035 944.774158197997 161.010874082498
v -1187.16748691631 959.076855565402 145.640522006011
v -1185.69420519872 965.763694674652 259.576393655189
v -1223.81665166024 949.818615771642 246.962496554685
v -1222.53586757209 955.631758654566 346.0116123725
v -2500.00000000074 446.859952645827 400.616735156646
cstype bspline
deg 1
curv 0 13 526 527 528 529 530 531 532 533 534 535 536 537 538
parm u 0 1 2 3 4 5 6 7 8 9 10 11 12 13
end
g element_7
v -1206.81518421501 1088.17039792771 271.442008023859
v -1220.65721639707 1166.24854882643 263.062088055357
v -1220.82806124995 1161.95002699449 223.293713472238
v -1206.98602906789 1083.87187609577 231.673633440739
v -1206.81518421501 1088.17039792771 271.442008023859
cstype bspline
deg 1
curv 0 5 539 540 541 542 543
parm u 0 1 2 3 4 5
end
v -1242.33173571935 1059.40015551104 274.529841510575
v -1256.17376790141 1137.47830640975 266.149921542073
v -1256.34461275429 1133.17978457781 226.381546958954
v -1242.50258057223 1055.1016336791 234.761466927455
v -1242.33173571935 1059.40015551104 274.529841510575
cstype bspline
deg 1
curv 0 5 544 545 546 547 548
parm u 0 1 2 3 4 5
end
v -1262.18331294326 1400.48300152256 237.922328149852
v -1276.02534512532 1478.56115242128 229.54240818135
v -1276.1961899782 1474.26263058934 189.774033598231
v -1262.35415779614 1396.18447969062 198.153953566733
v -1262.18331294326 1400.48300152256 237.922328149852
cstype bspline
deg 1
curv 0 5 549 550 551 552 553
parm u 0 1 2 3 4 5
end
v -1297.69986444759 1371.71275910588 241.010161636568
v -1311.54189662965 1449.7909100046 232.630241668067
v -1311.71274148253 1445.49238817266 192.861867084947
v -1297.87070930047 1367.41423727394 201.241787053449
v -1297.69986444759 1371.71275910588 241.010161636568
cstype bspline
deg 1
curv 0 5 554 555 556 557 558
parm u 0 1 2 3 4 5
end
v -1210.55459641858 1064.53444685129 -67.9738578993575
v -1223.74143947317 1138.91690084012 -75.9571285623084
v -1223.91228432604 1134.61837900818 -115.725503145428
v -1210.72544127145 1060.23592501935 -107.742232482477
v -1210.55459641858 1064.53444685129 -67.9738578993575
cstype bspline
deg 1
curv 0 5 559 560 561 562 563
parm u 0 1 2 3 4 5
end
v -1246.07114792292 1035.76420443461 -64.8860244126414
v -1259.25799097751 1110.14665842344 -72.8692950755923
v -1259.42883583038 1105.8481365915 -112.637669658712
v -1246.24199277579 1031.46568260267 -104.654398995761
v -1246.07114792292 1035.76420443461 -64.8860244126414
cstype bspline
deg 1
curv 0 5 564 565 566 567 568
parm u 0 1 2 3 4 5
end
v -1263.30196863695 1362.06426280661 -99.9069405511613
v -1276.48881169154 1436.44671679543 -107.890211214112
v -1276.6596565444 1432.1481949635 -147.658585797232
v -1263.47281348981 1357.76574097467 -139.675315134281
v -1263.30196863695 1362.06426280661 -99.9069405511613
cstype bspline
deg 1
curv 0 5 569 570 571 572 573
parm u 0 1 2 3 4 5
end
v -1298.81852014128 1333.29402038993 -96.8191070644452
v -1312.00536319587 1407.67647437876 -104.802377727396
v -1312.17620804874 1403.37795254682 -144.570752310516
v -1298.98936499415 1328.99549855799 -136.587481647565
v -1298.81852014128 1333.29402038993 -96.8191070644452
cstype bspline
deg 1
curv 0 5 574 575 576 577 578
parm u 0 1 2 3 4 5
end
v -1298.94972539051 1607.86971044774 215.664065072167
v -1299.12057024339 1603.5711886158 175.895690489049
v -1285.27853806133 1525.49303771709 184.275610457551
v -1285.10769320845 1529.79155954903 224.043985040669
v -1298.94972539051 1607.86971044774 215.664065072167
cstype bspline
deg 1
curv 0 5 579 580 581 582 583
parm u 0 1 2 3 4 5
end
v -1343.98564509251 1632.79495557289 212.988904903268
v -1344.15648994539 1628.49643374095 173.22053032015
v -1330.31445776333 1550.41828284224 181.600450288651
v -1330.14361291045 1554.71680467418 221.368824871769
v -1343.98564509251 1632.79495557289 212.988904903268
cstype bspline
deg 1
curv 0 5 584 585 586 587 588
parm u 0 1 2 3 4 5
end
v -1243.58159666227 1295.55710685289 249.183744946173
v -1243.75244151515 1291.25858502095 209.415370363056
v -1229.91040933309 1213.18043412224 217.795290331557
v -1229.73956448021 1217.47895595418 257.563664914675
v -1243.58159666227 1295.55710685289 249.183744946173
cstype bspline
deg 1
curv 0 5 589 590 591 592 593
parm u 0 1 2 3 4 5
end
v -1288.61751636427 1320.48235197804 246.508584777274
v -1288.78836121715 1316.1838301461 206.740210194156
v -1274.94632903509 1238.10567924739 215.120130162658
v -1274.77548418221 1242.40420107933 254.888504745776
v -1288.61751636427 1320.48235197804 246.508584777274
cstype bspline
deg 1
curv 0 5 594 595 596 597 598
parm u 0 1 2 3 4 5
end
v -1298.10281370179 1558.36388100213 -120.975255712193
v -1298.27365855466 1554.06535917019 -160.743630295314
v -1285.08681550007 1479.68290518136 -152.760359632364
v -1284.9159706472 1483.9814270133 -112.991985049242
v -1298.10281370179 1558.36388100213 -120.975255712193
cstype bspline
deg 1
curv 0 5 599 600 601 602 603
parm u 0 1 2 3 4 5
end
v -1343.13873340379 1583.28912612728 -123.650415881092
v -1343.30957825666 1578.99060429534 -163.418790464214
v -1330.12273520207 1504.60815030651 -155.435519801263
v -1329.9518903492 1508.90667213845 -115.667145218141
v -1343.13873340379 1583.28912612728 -123.650415881092
cstype bspline
deg 1
curv 0 5 604 605 606 607 608
parm u 0 1 2 3 4 5
end
v -1245.35544148343 1260.83406504681 -89.0421730603891
v -1245.5262863363 1256.53554321488 -128.810547643511
v -1232.33944328171 1182.15308922605 -120.82727698056
v -1232.16859842884 1186.45161105799 -81.0589023974382
v -1245.35544148343 1260.83406504681 -89.0421730603891
cstype bspline
deg 1
curv 0 5 609 610 611 612 613
parm u 0 1 2 3 4 5
end
v -1290.39136118543 1285.75931017197 -91.7173332292887
v -1290.5622060383 1281.46078834003 -131.48570781241
v -1277.37536298371 1207.0783343512 -123.502437149459
v -1277.20451813084 1211.37685618314 -83.7340625663377
v -1290.39136118543 1285.75931017197 -91.7173332292887
cstype bspline
deg 1
curv 0 5 614 615 616 617 618
parm u 0 1 2 3 4 5
end
v -1177.49419152277 930.674043949715 348.690257414881
v -1178.6171904626 925.577046450296 261.84341641842
v -1185.69420519872 965.763694674652 259.576393655189
v -1187.16748691631 959.076855565402 145.640522006011
v -1180.09047218019 918.890207341046 147.907544769242
v -1181.2018952303 913.845749767401 61.9559222970552
v -1188.27890996642 954.032397991757 59.6888995338236
v -1189.75219168401 947.345558882507 -54.2469721153545
v -1182.67517694789 907.158910658151 -51.9799493521228
v -1183.95601879839 901.34550560705 -151.033532207234
v -1345.47197920243 1812.40158199162 -248.814754214194
v -1347.38749359405 1888.98382833193 245.837420792601
v -1177.49419152277 930.674043949715 348.690257414881
cstype bspline
deg 1
curv 0 13 619 620 621 622 623 624 625 626 627 628 629 630 631
parm u 0 1 2 3 4 5 6 7 8 9 10 11 12 13
end
v -1215.43256070369 915.564443519286 350.311930583438
v -1216.73963692412 909.631967547286 249.229519317917
v -1223.81665166024 949.818615771642 246.962496554685
v -1224.92807471035 944.774158197997 161.010874082498
v -1217.85105997423 904.587509973641 163.27789684573
v -1219.32434169182 897.900670864391 49.3420251965518
v -1226.40135642794 938.087319088747 47.0750024333201
v -1227.51277947805 933.042861515102 -38.8766200388668
v -1220.43576474193 892.856213290746 -36.6095972756352
v -1221.89438797931 886.235905176621 -149.411859038675
v -1383.3840059061 1797.14339269171 -247.177133398052
v -1385.29952029772 1873.72563903203 247.475041608742
v -1215.43256070369 915.564443519286 350.311930583438
cstype bspline
deg 1
curv 0 13 632 633 634 635 636 637 638 639 640 641 642 643 644
parm u 0 1 2 3 4 5 6 7 8 9 10 11 12 13
end
g element_8
v -1214.84656290932 -176.459172536226 287.253101577228
v -1567.7424414758 -317.812465999071 287.253101577228
v -1522.67043940142 -342.901260169692 287.253101577228
v -1636.46000185995 -388.479943266099 287.253101577228
v -1681.53200393433 -363.391149095478 287.253101577228
v -2022.90069130993 -500.1271983847 287.253101577228
v -1977.82868923555 -525.215992555321 287.253101577228
v -2091.61825169408 -570.794675651728 287.253101577228
v -2136.69025376846 -545.705881481107 287.253101577228
v -2364.26937868553 -636.863247673921 287.253101577228
v -2500.00000000074 -691.230474700205 287.253101577228
v -2500.00000000074 397.651178114858 287.253101577228
v -2321.93159198883 468.977241212032 287.253101577228
v -2361.95071129487 496.090096847978 287.253101577228
v -2249.0830467327 541.299723047665 287.253101577228
v -2209.06392742667 514.186867411719 287.253101577228
v -1870.46093374018 649.81574601078 287.253101577228
v -1910.48005304621 676.928601646726 287.253101577228
v -1797.61238848405 722.138227846413 287.253101577228
v -1757.59326917802 695.025372210467 287.253101577228
v -1531.85794005369 785.444624609841 287.253101577228
v -1394.12638572854 840.61358829042 287.253101577228
v -1352.50231666169 604.475989664227 287.253101577228
v -1307.466378988 579.407270313545 287.253101577228
v -1291.45850463234 488.592962769851 287.253101577228
v -1336.49444230602 513.661682120534 287.253101577228
v -1288.47081923903 241.218759489452 287.253101577228
v -1243.43488156534 216.150040138769 287.253101577228
v -1227.42700720967 125.335732595075 287.253101577228
v -1272.46294488336 150.404451945758 287.253101577228
v -1240.44719617203 -31.2241631416294 287.253101577228
v -1214.84656290932 -176.459172536226 287.253101577228
cstype bspline
deg 1
curv 0 32 645 646 647 648 649 650 651 652 653 654 655 656 657 658 659 660 661 662 663 664 665 666 667 668 669 670 671 672 673 674 675 676
parm u 0 1 2 3 4 5 6 7 8 9 10 11 12 13 14 15 16 17 18 19 20 21 22 23 24 25 26 27 28 29 30 31 32
end
v -1214.32782180927 -178.388476326771 327.253101577228
v -1567.0047785115 -319.65408011002 327.253101577228
v -1521.93277643712 -344.742874280641 327.253101577228
v -1635.72233889566 -390.321557377048 327.253101577228
v -1680.79434097004 -365.232763206427 327.253101577228
v -2022.16302834563 -501.968812495649 327.253101577228
v -1977.09102627125 -527.05760666627 327.253101577228
v -2090.88058872979 -572.636289762677 327.253101577228
v -2135.95259080417 -547.547495592057 327.253101577228
v -2363.53171572123 -638.704861784871 327.253101577228
v -2500.00000000074 -693.367561486812 327.253101577228
v -2500.00000000074 399.791578577747 327.253101577228
v -2322.67040124294 470.821708465524 327.253101577228
v -2362.68952054897 497.934564101471 327.253101577228
v -2249.82185598681 543.144190301157 327.253101577228
v -2209.80273668078 516.031334665211 327.253101577228
v -1871.19974299429 651.660213264272 327.253101577228
v -1911.21886230032 678.773068900218 327.253101577228
v -1798.35119773816 723.982695099905 327.253101577228
v -1758.33207843212 696.869839463959 327.253101577228
v -1532.5967493078 787.289091863333 327.253101577228
v -1394.31191366662 842.679674743512 327.253101577228
v -1352.32903867762 604.506533443865 327.253101577228
v -1307.29310100393 579.437814093182 327.253101577228
v -1291.28522664827 488.623506549489 327.253101577228
v -1336.32116432196 513.692225900171 327.253101577228
v -1288.29754125496 241.24930326909 327.253101577228
v -1243.26160358127 216.180583918407 327.253101577228
v -1227.2537292256 125.366276374713 327.253101577228
v -1272.28966689929 150.434995725396 327.253101577228
v -1240.27391818796 -31.1936193619916 327.253101577228
v -1214.32782180927 -178.388476326771 327.253101577228
cstype bspline
deg 1
curv 0 32 677 678 679 680 681 682 683 684 685 686 687 688 689 690 691 692 693 694 695 696 697 698 699 700 701 702 703 704 705 706 707 708
parm u 0 1 2 3 4 5 6 7 8 9 10 11 12 13 14 15 16 17 18 19 20 21 22 23 24 25 26 27 28 29 30 31 32
end
g element_9
v -1219.2558622598 -160.060090316634 -52.746898422772
v -1566.29198769384 -299.066245559805 -52.746898422772
v -1521.21998561945 -324.155039730426 -52.746898422772
v -1635.19084614997 -369.806342205892 -52.746898422772
v -1680.26284822435 -344.717548035271 -52.746898422772
v -2022.1754298159 -481.671455461669 -52.746898422772
v -1977.10342774152 -506.76024963229 -52.746898422772
v -2091.07428827204 -552.411552107755 -52.746898422772
v -2136.14629034642 -527.322757937135 -52.746898422772
v -2364.08801140746 -618.625362888066 -52.746898422772
v -2500.00000000074 -673.065237014074 -52.746898422772
v -2500.00000000074 379.457774180104 -52.746898422772
v -2321.75537050594 450.854423546613 -52.746898422772
v -2361.77448981197 477.967279182559 -52.746898422772
v -2248.73138271401 523.247179640988 -52.746898422772
v -2208.71226340797 496.134324005042 -52.746898422772
v -1869.58294211407 631.974025380329 -52.746898422772
v -1909.60206142011 659.086881016275 -52.746898422772
v -1796.55895432214 704.366781474704 -52.746898422772
v -1756.53983501611 677.253925838758 -52.746898422772
v -1530.45362082017 767.813726755616 -52.746898422772
v -1392.5493982549 823.051853438927 -52.746898422772
v -1351.37768106379 589.480493243175 -52.746898422772
v -1306.3417433901 564.411773892492 -52.746898422772
v -1291.02561071203 477.52178759556 -52.746898422772
v -1336.06154838571 502.590506946243 -52.746898422772
v -1290.11315035149 241.920548055447 -52.746898422772
v -1245.0772126778 216.851828704765 -52.746898422772
v -1229.76107999972 129.961842407833 -52.746898422772
v -1274.79701767341 155.030561758516 -52.746898422772
v -1244.16475231726 -18.7494108353481 -52.746898422772
v -1219.2558622598 -160.060090316634 -52.746898422772
cstype bspline
deg 1
curv 0 32 709 710 711 712 713 714 715 716 717 718 719 720 721 722 723 724 725 726 727 728 729 730 731 732 733 734 735 736 737 738 739 740
parm u 0 1 2 3 4 5 6 7 8 9 10 11 12 13 14 15 16 17 18 19 20 21 22 23 24 25 26 27 28 29 30 31 32
end
v -1218.73712115974 -161.989394107175 -12.746898422772
v -1565.55432472954 -300.907859670754 -12.746898422772
v -1520.48232265516 -325.996653841375 -12.746898422772
v -1634.45318318568 -371.647956316841 -12.746898422772
v -1679.52518526006 -346.55916214622 -12.746898422772
v -2021.43776685161 -483.513069572618 -12.746898422772
v -1976.36576477723 -508.601863743238 -12.746898422772
v -2090.33662530775 -554.253166218704 -12.746898422772
v -2135.40862738213 -529.164372048083 -12.746898422772
v -2363.35034844316 -620.466976999015 -12.746898422772
v -2500.00000000074 -675.20232380068 -12.746898422772
v -2500.00000000074 381.598174643011 -12.746898422772
v -2322.49417976005 452.69889080012 -12.746898422772
v -2362.51329906608 479.811746436066 -12.746898422772
v -2249.47019196812 525.091646894496 -12.746898422772
v -2209.45107266208 497.978791258549 -12.746898422772
v -1870.32175136819 633.818492633837 -12.746898422772
v -1910.34087067422 660.931348269783 -12.746898422772
v -1797.29776357625 706.211248728212 -12.746898422772
v -1757.27864427022 679.098393092266 -12.746898422772
v -1531.19243007429 769.658194009124 -12.746898422772
v -1392.73492619297 825.117939892039 -12.746898422772
v -1351.20440307971 589.511037022814 -12.746898422772
v -1306.16846540603 564.442317672131 -12.746898422772
v -1290.85233272795 477.552331375199 -12.746898422772
v -1335.88827040164 502.621050725882 -12.746898422772
v -1289.93987236741 241.951091835086 -12.746898422772
v -1244.90393469372 216.882372484404 -12.746898422772
v -1229.58780201565 129.992386187472 -12.746898422772
v -1274.62373968933 155.061105538155 -12.746898422772
v -1243.99147433318 -18.718867055709 -12.746898422772
v -1218.73712115974 -161.989394107175 -12.746898422772
cstype bspline
deg 1
curv 0 32 741 742 743 744 745 746 747 748 749 750 751 752 753 754 755 756 757 758 759 760 761 762 763 764 765 766 767 768 769 770 771 772
parm u 0 1 2 3 4 5 6 7 8 9 10 11 12 13 14 15 16 17 18 19 20 21 22 23 24 25 26 27 28 29 30 31 32
end
g element_10
v -2321.75354370469 -664.571809151069 317.123454721132
v -2207.96295577299 -619.249211668918 321.924314875388
v -2207.2421772712 -616.825059069124 281.955081063774
v -2321.0327652029 -662.147656551275 277.154220909518
v -2321.75354370469 -664.571809151069 317.123454721132
cstype bspline
deg 1
curv 0 5 773 774 775 776 777
parm u 0 1 2 3 4 5
end
v -2361.77198763586 -637.61380163261 320.024628966921
v -2247.98139970416 -592.291204150459 324.825489121177
v -2247.26062120238 -589.867051550665 284.856255309563
v -2361.05120913408 -635.189649032816 280.055395155307
v -2361.77198763586 -637.61380163261 320.024628966921
cstype bspline
deg 1
curv 0 5 778 779 780 781 782
parm u 0 1 2 3 4 5
end
v -1866.59119197789 -483.281419222464 336.326895338157
v -1752.80060404619 -437.958821740312 341.127755492413
v -1752.07982554441 -435.534669140518 301.158521680799
v -1865.8704134761 -480.85726662267 296.357661526542
v -1866.59119197789 -483.281419222464 336.326895338157
cstype bspline
deg 1
curv 0 5 783 784 785 786 787
parm u 0 1 2 3 4 5
end
v -1906.60963590906 -456.323411704005 339.228069583946
v -1792.81904797736 -411.000814221853 344.028929738202
v -1792.09826947558 -408.576661622059 304.059695926588
v -1905.88885740728 -453.899259104211 299.258835772332
v -1906.60963590906 -456.323411704005 339.228069583946
cstype bspline
deg 1
curv 0 5 788 789 790 791 792
parm u 0 1 2 3 4 5
end
v -2321.57217412504 -646.334494086083 -22.8658645191203
v -2207.60028645062 -600.939685225009 -18.0573552725568
v -2206.87950794884 -598.515532625217 -58.0265890841701
v -2320.85139562325 -643.910341486291 -62.8350983307336
v -2321.57217412504 -646.334494086083 -22.8658645191203
cstype bspline
deg 1
curv 0 5 793 794 795 796 797
parm u 0 1 2 3 4 5
end
v -2361.59061805621 -619.376486567624 -19.9646902733311
v -2247.6187303818 -573.98167770655 -15.1561810267676
v -2246.89795188001 -571.557525106758 -55.125414838381
v -2360.86983955443 -616.952333967832 -59.9339240849445
v -2361.59061805621 -619.376486567624 -19.9646902733311
cstype bspline
deg 1
curv 0 5 798 799 800 801 802
parm u 0 1 2 3 4 5
end
v -1865.68462342737 -464.755258641787 -3.63182753286625
v -1751.71273575295 -419.360449780713 1.17668171369726
v -1750.99195725116 -416.936297180922 -38.7925520979161
v -1864.96384492558 -462.331106041996 -43.6010613444796
v -1865.68462342737 -464.755258641787 -3.63182753286625
cstype bspline
deg 1
curv 0 5 803 804 805 806 807
parm u 0 1 2 3 4 5
end
v -1905.70306735854 -437.797251123328 -0.730653287077097
v -1791.73117968412 -392.402442262254 4.07785595948641
v -1791.01040118234 -389.978289662463 -35.8913778521269
v -1904.98228885676 -435.373098523536 -40.6998870986904
v -1905.70306735854 -437.797251123328 -0.730653287077097
cstype bspline
deg 1
curv 0 5 808 809 810 811 812
parm u 0 1 2 3 4 5
end
v -1521.93277643712 -344.742874280641 327.253101577228
v -1522.67043940142 -342.901260169692 287.253101577228
v -1636.46000185995 -388.479943266099 287.253101577228
v -1635.72233889566 -390.321557377048 327.253101577228
v -1521.93277643712 -344.742874280641 327.253101577228
cstype bspline
deg 1
curv 0 5 813 814 815 816 817
parm u 0 1 2 3 4 5
end
v -1567.0047785115 -319.65408011002 327.253101577228
v -1567.7424414758 -317.812465999071 287.253101577228
v -1681.53200393433 -363.391149095478 287.253101577228
v -1680.79434097004 -365.232763206427 327.253101577228
v -1567.0047785115 -319.65408011002 327.253101577228
cstype bspline
deg 1
curv 0 5 818 819 820 821 822
parm u 0 1 2 3 4 5
end
v -1977.09102627125 -527.05760666627 327.253101577228
v -1977.82868923555 -525.215992555321 287.253101577228
v -2091.61825169408 -570.794675651728 287.253101577228
v -2090.88058872979 -572.636289762677 327.253101577228
v -1977.09102627125 -527.05760666627 327.253101577228
cstype bspline
deg 1
curv 0 5 823 824 825 826 827
parm u 0 1 2 3 4 5
end
v -2022.16302834563 -501.968812495649 327.253101577228
v -2022.90069130993 -500.1271983847 287.253101577228
v -2136.69025376846 -545.705881481107 287.253101577228
v -2135.95259080417 -547.547495592057 327.253101577228
v -2022.16302834563 -501.968812495649 327.253101577228
cstype bspline
deg 1
curv 0 5 828 829 830 831 832
parm u 0 1 2 3 4 5
end
v -1520.48232265516 -325.996653841375 -12.746898422772
v -1521.21998561945 -324.155039730426 -52.746898422772
v -1635.19084614997 -369.806342205892 -52.746898422772
v -1634.45318318568 -371.647956316841 -12.746898422772
v -1520.48232265516 -325.996653841375 -12.746898422772
cstype bspline
deg 1
curv 0 5 833 834 835 836 837
parm u 0 1 2 3 4 5
end
v -1565.55432472954 -300.907859670754 -12.746898422772
v -1566.29198769384 -299.066245559805 -52.746898422772
v -1680.26284822435 -344.717548035271 -52.746898422772
v -1679.52518526006 -346.55916214622 -12.746898422772
v -1565.55432472954 -300.907859670754 -12.746898422772
cstype bspline
deg 1
curv 0 5 838 839 840 841 842
parm u 0 1 2 3 4 5
end
v -1976.36576477723 -508.601863743238 -12.746898422772
v -1977.10342774152 -506.76024963229 -52.746898422772
v -2091.07428827204 -552.411552107755 -52.746898422772
v -2090.33662530775 -554.253166218704 -12.746898422772
v -1976.36576477723 -508.601863743238 -12.746898422772
cstype bspline
deg 1
curv 0 5 843 844 845 846 847
parm u 0 1 2 3 4 5
end
v -2021.43776685161 -483.513069572618 -12.746898422772
v -2022.1754298159 -481.671455461669 -52.746898422772
v -2136.14629034642 -527.322757937135 -52.746898422772
v -2135.40862738213 -529.164372048083 -12.746898422772
v -2021.43776685161 -483.513069572618 -12.746898422772
cstype bspline
deg 1
curv 0 5 848 849 850 851 852
parm u 0 1 2 3 4 5
end
v -2500.00000000074 -739.715684741561 387.253101577228
v -2500.00000000074 -713.002099909005 -112.746898422772
v -1212.93075587607 -197.463416627131 -112.746898422772
v -1211.46706328886 -202.907187433801 0.118080817167993
v -1173.7071018702 -187.047207049648 -13.6415281392249
v -1172.22869374396 -192.545707942698 100.358162733957
v -1210.35177294801 -207.055179335576 86.1178476162354
v -1208.87336482177 -212.553680228625 200.117538489418
v -1171.11340340312 -196.693699844472 186.357929533025
v -1169.63499527688 -202.192200737521 300.357620406207
v -1207.75807448092 -216.701672130399 286.117305288485
v -1206.44649212538 -221.579714008877 387.253101577228
v -2500.00000000074 -739.715684741561 387.253101577228
cstype bspline
deg 1
curv 0 13 853 854 855 856 857 858 859 860 861 862 863 864 865
parm u 0 1 2 3 4 5 6 7 8 9 10 11 12 13
end
v -2500.00000000074 -696.573191666714 387.253101577228
v -2500.00000000074 -669.859606834158 -112.746898422772
v -1220.03397390988 -157.166134630818 -112.746898422772
v -1218.54394619808 -162.70785112884 2.14877586545055
v -1180.78398477943 -146.847870744687 -11.6108330909424
v -1179.30557665319 -152.346371637736 102.38885778224
v -1217.42865585723 -166.855843030614 88.1485426645179
v -1215.95024773099 -172.354343923663 202.1482335377
v -1178.19028631234 -156.49436353951 188.388624581307
v -1176.7118781861 -161.99286443256 302.38831545449
v -1214.83495739015 -176.502335825438 288.148000336768
v -1213.54971015918 -181.282432012564 387.253101577228
v -2500.00000000074 -696.573191666714 387.253101577228
cstype bspline
deg 1
curv 0 13 866 867 868 869 870 871 872 873 874 875 876 877 878
parm u 0 1 2 3 4 5 6 7 8 9 10 11 12 13
end
g element_11
v -1199.99776700245 -29.2595834201076 327.253101577228
v -1216.00564135811 61.5547241235863 327.253101577228
v -1216.17891934219 61.5241803439474 287.253101577228
v -1200.17104498652 -29.2901271997465 287.253101577228
v -1199.99776700245 -29.2595834201076 327.253101577228
cstype bspline
deg 1
curv 0 5 879 880 881 882 883
parm u 0 1 2 3 4 5
end
v -1235.51413169976 -58.196374654552 327.253101577228
v -1251.52200605543 32.6179328891419 327.253101577228
v -1251.6952840395 32.587389109503 287.253101577228
v -1235.68740968384 -58.2269184341908 287.253101577228
v -1235.51413169976 -58.196374654552 327.253101577228
cstype bspline
deg 1
curv 0 5 884 885 886 887 888
parm u 0 1 2 3 4 5
end
v -1264.02926442511 333.997646754668 327.253101577228
v -1280.03713878078 424.811954298362 327.253101577228
v -1280.21041676485 424.781410518723 287.253101577228
v -1264.20254240919 333.967102975029 287.253101577228
v -1264.02926442511 333.997646754668 327.253101577228
cstype bspline
deg 1
curv 0 5 889 890 891 892 893
parm u 0 1 2 3 4 5
end
v -1299.54562912243 305.060855520224 327.253101577228
v -1315.55350347809 395.875163063918 327.253101577228
v -1315.72678146217 395.844619284279 287.253101577228
v -1299.7189071065 305.030311740585 287.253101577228
v -1299.54562912243 305.060855520224 327.253101577228
cstype bspline
deg 1
curv 0 5 894 895 896 897 898
parm u 0 1 2 3 4 5
end
v -1203.71532314769 -16.7848311138264 -12.746898422772
v -1219.03145582577 70.1051551831055 -12.746898422772
v -1219.20473380984 70.0746114034666 -52.746898422772
v -1203.88860113176 -16.8153748934653 -52.746898422772
v -1203.71532314769 -16.7848311138264 -12.746898422772
cstype bspline
deg 1
curv 0 5 899 900 901 902 903
parm u 0 1 2 3 4 5
end
v -1239.231687845 -45.7216223482707 -12.746898422772
v -1254.54782052308 41.1683639486611 -12.746898422772
v -1254.72109850715 41.1378201690222 -52.746898422772
v -1239.40496582908 -45.7521661279096 -52.746898422772
v -1239.231687845 -45.7216223482707 -12.746898422772
cstype bspline
deg 1
curv 0 5 904 905 906 907 908
parm u 0 1 2 3 4 5
end
v -1264.97985385999 330.775114073901 -12.746898422772
v -1280.29598653807 417.665100370833 -12.746898422772
v -1280.46926452214 417.634556591194 -52.746898422772
v -1265.15313184407 330.744570294262 -52.746898422772
v -1264.97985385999 330.775114073901 -12.746898422772
cstype bspline
deg 1
curv 0 5 909 910 911 912 913
parm u 0 1 2 3 4 5
end
v -1300.49621855731 301.838322839457 -12.746898422772
v -1315.81235123538 388.728309136389 -12.746898422772
v -1315.98562921946 388.69776535675 -52.746898422772
v -1300.66949654138 301.807779059818 -52.746898422772
v -1300.49621855731 301.838322839457 -12.746898422772
cstype bspline
deg 1
curv 0 5 914 915 916 917 918
parm u 0 1 2 3 4 5
end
v -1307.29310100393 579.437814093182 327.253101577228
v -1307.466378988 579.407270313545 287.253101577228
v -1291.45850463234 488.592962769851 287.253101577228
v -1291.28522664827 488.623506549489 327.253101577228
v -1307.29310100393 579.437814093182 327.253101577228
cstype bspline
deg 1
curv 0 5 919 920 921 922 923
parm u 0 1 2 3 4 5
end
v -1352.32903867762 604.506533443865 327.253101577228
v -1352.50231666169 604.475989664227 287.253101577228
v -1336.49444230602 513.661682120534 287.253101577228
v -1336.32116432196 513.692225900171 327.253101577228
v -1352.32903867762 604.506533443865 327.253101577228
cstype bspline
deg 1
curv 0 5 924 925 926 927 928
parm u 0 1 2 3 4 5
end
v -1243.26160358127 216.180583918407 327.253101577228
v -1243.43488156534 216.150040138769 287.253101577228
v -1227.42700720967 125.335732595075 287.253101577228
v -1227.2537292256 125.366276374713 327.253101577228
v -1243.26160358127 216.180583918407 327.253101577228
cstype bspline
deg 1
curv 0 5 929 930 931 932 933
parm u 0 1 2 3 4 5
end
v -1288.29754125496 241.24930326909 327.253101577228
v -1288.47081923903 241.218759489452 287.253101577228
v -1272.46294488336 150.404451945758 287.253101577228
v -1272.28966689929 150.434995725396 327.253101577228
v -1288.29754125496 241.24930326909 327.253101577228
cstype bspline
deg 1
curv 0 5 934 935 936 937 938
parm u 0 1 2 3 4 5
end
v -1306.16846540603 564.442317672131 -12.746898422772
v -1306.3417433901 564.411773892492 -52.746898422772
v -1291.02561071203 477.52178759556 -52.746898422772
v -1290.85233272795 477.552331375199 -12.746898422772
v -1306.16846540603 564.442317672131 -12.746898422772
cstype bspline
deg 1
curv 0 5 939 940 941 942 943
parm u 0 1 2 3 4 5
end
v -1351.20440307971 589.511037022814 -12.746898422772
v -1351.37768106379 589.480493243175 -52.746898422772
v -1336.06154838571 502.590506946243 -52.746898422772
v -1335.88827040164 502.621050725882 -12.746898422772
v -1351.20440307971 589.511037022814 -12.746898422772
cstype bspline
deg 1
curv 0 5 944 945 946 947 948
parm u 0 1 2 3 4 5
end
v -1244.90393469372 216.882372484404 -12.746898422772
v -1245.0772126778 216.851828704765 -52.746898422772
v -1229.76107999972 129.961842407833 -52.746898422772
v -1229.58780201565 129.992386187472 -12.746898422772
v -1244.90393469372 216.882372484404 -12.746898422772
cstype bspline
deg 1
curv 0 5 949 950 951 952 953
parm u 0 1 2 3 4 5
end
v -1289.93987236741 241.951091835086 -12.746898422772
v -1290.11315035149 241.920548055447 -52.746898422772
v -1274.79701767341 155.030561758516 -52.746898422772
v -1274.62373968933 155.061105538155 -12.746898422772
v -1289.93987236741 241.951091835086 -12.746898422772
cstype bspline
deg 1
curv 0 5 954 955 956 957 958
parm u 0 1 2 3 4 5
end
v -1168.50808883956 -206.383395267622 387.253101577228
v -1169.63499527688 -202.192200737521 300.357620406207
v -1176.7118781861 -161.99286443256 302.38831545449
v -1178.19028631234 -156.49436353951 188.388624581307
v -1171.11340340312 -196.693699844472 186.357929533025
v -1172.22869374396 -192.545707942698 100.358162733957
v -1179.30557665319 -152.346371637736 102.38885778224
v -1180.78398477943 -146.847870744687 -11.6108330909424
v -1173.7071018702 -187.047207049648 -13.6415281392249
v -1174.99235259026 -182.267097885876 -112.746898422772
v -1354.33271476827 835.149108911544 -112.746898422772
v -1356.65181399421 860.975189575503 387.253101577228
v -1168.50808883956 -206.383395267622 387.253101577228
cstype bspline
deg 1
curv 0 13 959 960 961 962 963 964 965 966 967 968 969 970 971
parm u 0 1 2 3 4 5 6 7 8 9 10 11 12 13
end
v -1206.44649212538 -221.579714008877 387.253101577228
v -1207.75807448092 -216.701672130399 286.117305288485
v -1214.83495739015 -176.502335825438 288.148000336768
v -1215.95024773099 -172.354343923663 202.1482335377
v -1208.87336482177 -212.553680228625 200.117538489418
v -1210.35177294801 -207.055179335576 86.1178476162354
v -1217.42865585723 -166.855843030614 88.1485426645179
v -1218.54394619808 -162.70785112884 2.14877586545055
v -1211.46706328886 -202.907187433801 0.118080817167993
v -1212.93075587607 -197.463416627131 -112.746898422772
v -1392.27110634779 819.952723759241 -112.746898422772
v -1394.59020557372 845.778804423186 387.253101577228
v -1206.44649212538 -221.579714008877 387.253101577228
cstype bspline
deg 1
curv 0 13 972 973 974 975 976 977 978 979 980 981 982 983 984
parm u 0 1 2 3 4 5 6 7 8 9 10 11 12 13
end
g element_12
v -1223.05621533947 -1207.87758378957 218.301807552104
v -1581.65018369561 -1344.31609031863 203.856158795337
v -1536.49304533859 -1369.76280406477 201.114501187371
v -1648.57497823023 -1412.4079483842 196.599377182484
v -1693.73211658725 -1386.96123463807 199.341034790451
v -2029.97791526218 -1514.89666759637 185.795662775792
v -1984.82077690516 -1540.34338134251 183.054005167826
v -2096.9027097968 -1582.98852566194 178.53888116294
v -2142.05984815382 -1557.54181191581 181.280538770906
v -2366.2237139371 -1642.83210055468 172.250290761134
v -2500.00000000074 -1693.73155311156 166.861228448349
v -2500.00000000074 -733.430001538407 269.603537833919
v -2321.0327652029 -662.147656551275 277.154220909518
v -2361.05120913408 -635.189649032816 280.055395155307
v -2247.26062120238 -589.867051550665 284.856255309563
v -2207.2421772712 -616.825059069124 281.955081063774
v -1865.8704134761 -480.85726662267 296.357661526542
v -1905.88885740728 -453.899259104211 299.258835772332
v -1792.09826947558 -408.576661622059 304.059695926588
v -1752.07982554441 -435.534669140518 301.158521680799
v -1524.49864968101 -344.889474176215 310.760241989311
v -1385.84016491276 -289.662035713482 316.61028641454
v -1344.97468899469 -520.171956782866 291.930809193192
v -1299.8492758381 -545.600792910466 289.191077739988
v -1285.81614610314 -624.757478471794 280.716190372168
v -1330.94155925973 -599.328642344195 283.455921825372
v -1288.84217005487 -836.79869902818 258.03125972191
v -1243.71675689828 -862.227535155779 255.291528268706
v -1229.68362716333 -941.384220717108 246.816640900886
v -1274.80904031992 -915.955384589508 249.55637235409
v -1246.74278085001 -1074.26875571217 232.606597618449
v -1223.05621533947 -1207.87758378957 218.301807552104
cstype bspline
deg 1
curv 0 32 985 986 987 988 989 990 991 992 993 994 995 996 997 998 999 1000 1001 1002 1003 1004 1005 1006 1007 1008 1009 1010 1011 1012 1013 1014 1015 1016
parm u 0 1 2 3 4 5 6 7 8 9 10 11 12 13 14 15 16 17 18 19 20 21 22 23 24 25 26 27 28 29 30 31 32
end
v -1222.57661725888 -1213.87985987122 257.887710916381
v -1580.98785953473 -1350.24884243809 243.449423122172
v -1535.83072117772 -1375.69555618423 240.707765514206
v -1647.91265406936 -1418.34070050366 236.19264150932
v -1693.06979242637 -1392.89398675753 238.934299117286
v -2029.3155911013 -1520.82941971583 225.388927102628
v -1984.15845274428 -1546.27613346197 222.647269494661
v -2096.24038563593 -1588.9212777814 218.132145489775
v -2141.39752399294 -1563.47456403527 220.873803097742
v -2365.56138977623 -1648.76485267413 211.843555087969
v -2500.00000000074 -1699.91630757161 206.427811617565
v -2500.00000000074 -735.567069287829 309.603181513802
v -2321.75354370469 -664.571809151069 317.123454721132
v -2361.77198763586 -637.61380163261 320.024628966921
v -2247.98139970416 -592.291204150459 324.825489121177
v -2207.96295577299 -619.249211668918 321.924314875388
v -1866.59119197789 -483.281419222464 336.326895338157
v -1906.60963590906 -456.323411704005 339.228069583946
v -1792.81904797736 -411.000814221853 344.028929738202
v -1752.80060404619 -437.958821740312 341.127755492413
v -1525.21942818279 -347.31362677601 350.729475800925
v -1386.03223963631 -291.87560649835 356.601826402337
v -1344.80941352895 -524.401233052029 331.706538263377
v -1299.68400037236 -549.830069179628 328.966806810173
v -1285.65087063741 -628.986754740957 320.491919442353
v -1330.776283794 -603.557918613357 323.231650895557
v -1288.67689458914 -841.027975297342 297.806988792095
v -1243.55148143254 -866.456811424942 295.067257338892
v -1229.51835169759 -945.61349698627 286.592369971071
v -1274.64376485418 -920.184660858671 289.332101424275
v -1246.57750538427 -1078.49803198133 272.382326688634
v -1222.57661725888 -1213.87985987122 257.887710916381
cstype bspline
deg 1
curv 0 32 1017 1018 1019 1020 1021 1022 1023 1024 1025 1026 1027 1028 1029 1030 1031 1032 1033 1034 1035 1036 1037 1038 1039 1040 1041 1042 1043 1044 1045 1046 1047 1048
parm u 0 1 2 3 4 5 6 7 8 9 10 11 12 13 14 15 16 17 18 19 20 21 22 23 24 25 26 27 28 29 30 31 32
end
g element_13
v -1227.13279902452 -1156.8582370956 -118.178371044257
v -1579.8286711242 -1291.05262488422 -132.386420079966
v -1534.67153276718 -1316.49933863036 -135.128077687932
v -1646.98149234937 -1359.23124297325 -139.652387551392
v -1692.13863070639 -1333.78452922712 -136.910729943426
v -2029.06850945296 -1461.9802422558 -150.483659533805
v -1983.91137109594 -1487.42695600193 -153.225317141772
v -2096.22133067813 -1530.15886034483 -157.749627005232
v -2141.37846903514 -1504.71214659869 -155.007969397265
v -2365.99838819952 -1590.17595528448 -164.056589124185
v -2500.00000000074 -1641.16114020116 -169.454728489983
v -2500.00000000074 -715.264925668278 -70.3934334450817
v -2320.85139562325 -643.910341486291 -62.8350983307336
v -2360.86983955443 -616.952333967832 -59.9339240849445
v -2246.89795188001 -571.557525106758 -55.125414838381
v -2206.87950794884 -598.515532625217 -58.0265890841701
v -1864.96384492558 -462.331106041996 -43.6010613444796
v -1904.98228885676 -435.373098523536 -40.6998870986904
v -1791.01040118234 -389.978289662463 -35.8913778521269
v -1750.99195725116 -416.936297180922 -38.7925520979161
v -1523.04818190233 -326.146679458774 -29.1755336047891
v -1384.20752976264 -270.846684042073 -23.3178034817277
v -1343.75609969148 -499.021096388136 -47.7472301452946
v -1298.63068653489 -524.449932515735 -50.4869615984984
v -1285.25939227648 -599.873402201484 -58.5621533014367
v -1330.38480543307 -574.444566073885 -55.8224218482329
v -1290.27092265786 -800.71497513113 -80.0479969570479
v -1245.14550950127 -826.14381125873 -82.7877284102517
v -1231.77421524287 -901.567280944478 -90.86292011319
v -1276.89962839946 -876.138444816879 -88.1231886599862
v -1250.15703988265 -1026.98538418838 -104.273572065863
v -1227.13279902452 -1156.8582370956 -118.178371044257
cstype bspline
deg 1
curv 0 32 1049 1050 1051 1052 1053 1054 1055 1056 1057 1058 1059 1060 1061 1062 1063 1064 1065 1066 1067 1068 1069 1070 1071 1072 1073 1074 1075 1076 1077 1078 1079 1080
parm u 0 1 2 3 4 5 6 7 8 9 10 11 12 13 14 15 16 17 18 19 20 21 22 23 24 25 26 27 28 29 30 31 32
end
v -1226.65320094392 -1162.86051317726 -78.5924676799816
v -1579.16634696332 -1296.98537700369 -92.7931557531325
v -1534.0092086063 -1322.43209074983 -95.5348133610989
v -1646.31916818849 -1365.16399509272 -100.059123224559
v -1691.47630654551 -1339.71728134658 -97.3174656165925
v -2028.40618529208 -1467.91299437526 -110.890395206972
v -1983.24904693506 -1493.3597081214 -113.632052814939
v -2095.55900651725 -1536.09161246429 -118.156362678399
v -2140.71614487427 -1510.64489871816 -115.414705070432
v -2365.33606403864 -1596.10870740394 -124.463324797352
v -2500.00000000074 -1647.34589466122 -129.88814532077
v -2500.00000000074 -717.401993417697 -30.3937897651993
v -2321.57217412504 -646.334494086083 -22.8658645191203
v -2361.59061805621 -619.376486567624 -19.9646902733311
v -2247.6187303818 -573.98167770655 -15.1561810267676
v -2207.60028645062 -600.939685225009 -18.0573552725568
v -1865.68462342737 -464.755258641787 -3.63182753286625
v -1905.70306735854 -437.797251123328 -0.730653287077097
v -1791.73117968412 -392.402442262254 4.07785595948641
v -1751.71273575295 -419.360449780713 1.17668171369726
v -1523.76896040411 -328.570832058565 10.7937002068243
v -1384.39960448618 -273.060254826936 16.6737365060685
v -1343.59082422573 -503.250372657297 -7.97150107511053
v -1298.46541106914 -528.679208784897 -10.7112325283143
v -1285.09411681074 -604.102678470645 -18.7864242312527
v -1330.21952996733 -578.673842343046 -16.0466927780489
v -1290.10564719212 -804.944251400291 -40.2722678868638
v -1244.98023403553 -830.373087527891 -43.0119993400676
v -1231.60893977713 -905.79655721364 -51.0871910430059
v -1276.73435293372 -880.36772108604 -48.3474595898021
v -1249.99176441691 -1031.21466045754 -64.4978429956787
v -1226.65320094392 -1162.86051317726 -78.5924676799816
cstype bspline
deg 1
curv 0 32 1081 1082 1083 1084 1085 1086 1087 1088 1089 1090 1091 1092 1093 1094 1095 1096 1097 1098 1099 1100 1101 1102 1103 1104 1105 1106 1107 1108 1109 1110 1111 1112
parm u 0 1 2 3 4 5 6 7 8 9 10 11 12 13 14 15 16 17 18 19 20 21 22 23 24 25 26 27 28 29 30 31 32
end
g element_14
v -2323.50294084353 -1674.63115703033 204.118825853653
v -2211.40734168083 -1632.46390598197 211.725058158587
v -2211.09479847665 -1626.16233529408 172.184505244254
v -2323.19039763935 -1668.32958634244 164.57827293932
v -2323.50294084353 -1674.63115703033 204.118825853653
cstype bspline
deg 1
curv 0 5 1113 1114 1115 1116 1117
parm u 0 1 2 3 4 5
end
v -2363.51175464233 -1647.67269079828 209.928120773408
v -2251.41615547962 -1605.50543974992 217.534353078341
v -2251.10361227544 -1599.20386906202 177.993800164008
v -2363.19921143815 -1641.37112011039 170.387567859075
v -2363.51175464233 -1647.67269079828 209.928120773408
cstype bspline
deg 1
curv 0 5 1118 1119 1120 1121 1122
parm u 0 1 2 3 4 5
end
v -1875.12054419271 -1505.96215283687 234.543755073388
v -1763.02494503 -1463.7949017885 242.149987378322
v -1762.71240182582 -1457.49333110061 202.609434463989
v -1874.80800098853 -1499.66058214898 195.003202159055
v -1875.12054419271 -1505.96215283687 234.543755073388
cstype bspline
deg 1
curv 0 5 1123 1124 1125 1126 1127
parm u 0 1 2 3 4 5
end
v -1915.1293579915 -1479.00368660482 240.353049993143
v -1803.03375882879 -1436.83643555645 247.959282298076
v -1802.72121562462 -1430.53486486856 208.418729383743
v -1914.81681478732 -1472.70211591693 200.81249707881
v -1915.1293579915 -1479.00368660482 240.353049993143
cstype bspline
deg 1
curv 0 5 1128 1129 1130 1131 1132
parm u 0 1 2 3 4 5
end
v -2323.27740643825 -1621.98231202285 -132.140834727481
v -2210.95375275754 -1579.72927319883 -124.519127812883
v -2210.64120955336 -1573.42770251095 -164.059680727211
v -2322.96486323407 -1615.68074133497 -171.681387641809
v -2323.27740643825 -1621.98231202285 -132.140834727481
cstype bspline
deg 1
curv 0 5 1133 1134 1135 1136 1137
parm u 0 1 2 3 4 5
end
v -2363.28622023704 -1595.0238457908 -126.331539807726
v -2250.96256655634 -1552.77080696678 -118.709832893129
v -2250.65002335216 -1546.46923627889 -158.250385807457
v -2362.97367703286 -1588.72227510292 -165.872092722054
v -2363.28622023704 -1595.0238457908 -126.331539807726
cstype bspline
deg 1
curv 0 5 1138 1139 1140 1141 1142
parm u 0 1 2 3 4 5
end
v -1873.98279171542 -1452.97015672676 -101.65400706909
v -1761.65913803472 -1410.71711790274 -94.0323001544928
v -1761.34659483054 -1404.41554721486 -133.572853068821
v -1873.67024851124 -1446.66858603888 -141.194559983418
v -1873.98279171542 -1452.97015672676 -101.65400706909
cstype bspline
deg 1
curv 0 5 1143 1144 1145 1146 1147
parm u 0 1 2 3 4 5
end
v -1913.99160551422 -1426.01169049471 -95.844712149336
v -1801.66795183351 -1383.75865167069 -88.2230052347384
v -1801.35540862933 -1377.4570809828 -127.763558149066
v -1913.67906231003 -1419.71011980683 -135.385265063664
v -1913.99160551422 -1426.01169049471 -95.844712149336
cstype bspline
deg 1
curv 0 5 1148 1149 1150 1151 1152
parm u 0 1 2 3 4 5
end
v -1535.83072117772 -1375.69555618423 240.707765514206
v -1536.49304533859 -1369.76280406477 201.114501187371
v -1648.57497823023 -1412.4079483842 196.599377182484
v -1647.91265406936 -1418.34070050366 236.19264150932
v -1535.83072117772 -1375.69555618423 240.707765514206
cstype bspline
deg 1
curv 0 5 1153 1154 1155 1156 1157
parm u 0 1 2 3 4 5
end
v -1580.98785953473 -1350.24884243809 243.449423122172
v -1581.65018369561 -1344.31609031863 203.856158795337
v -1693.73211658725 -1386.96123463807 199.341034790451
v -1693.06979242637 -1392.89398675753 238.934299117286
v -1580.98785953473 -1350.24884243809 243.449423122172
cstype bspline
deg 1
curv 0 5 1158 1159 1160 1161 1162
parm u 0 1 2 3 4 5
end
v -1984.15845274428 -1546.27613346197 222.647269494661
v -1984.82077690516 -1540.34338134251 183.054005167826
v -2096.9027097968 -1582.98852566194 178.53888116294
v -2096.24038563593 -1588.9212777814 218.132145489775
v -1984.15845274428 -1546.27613346197 222.647269494661
cstype bspline
deg 1
curv 0 5 1163 1164 1165 1166 1167
parm u 0 1 2 3 4 5
end
v -2029.3155911013 -1520.82941971583 225.388927102628
v -2029.97791526218 -1514.89666759637 185.795662775792
v -2142.05984815382 -1557.54181191581 181.280538770906
v -2141.39752399294 -1563.47456403527 220.873803097742
v -2029.3155911013 -1520.82941971583 225.388927102628
cstype bspline
deg 1
curv 0 5 1168 1169 1170 1171 1172
parm u 0 1 2 3 4 5
end
v -1534.0092086063 -1322.43209074983 -95.5348133610989
v -1534.67153276718 -1316.49933863036 -135.128077687932
v -1646.98149234937 -1359.23124297325 -139.652387551392
v -1646.31916818849 -1365.16399509272 -100.059123224559
v -1534.0092086063 -1322.43209074983 -95.5348133610989
cstype bspline
deg 1
curv 0 5 1173 1174 1175 1176 1177
parm u 0 1 2 3 4 5
end
v -1579.16634696332 -1296.98537700369 -92.7931557531325
v -1579.8286711242 -1291.05262488422 -132.386420079966
v -1692.13863070639 -1333.78452922712 -136.910729943426
v -1691.47630654551 -1339.71728134658 -97.3174656165925
v -1579.16634696332 -1296.98537700369 -92.7931557531325
cstype bspline
deg 1
curv 0 5 1178 1179 1180 1181 1182
parm u 0 1 2 3 4 5
end
v -1983.24904693506 -1493.3597081214 -113.632052814939
v -1983.91137109594 -1487.42695600193 -153.225317141772
v -2096.22133067813 -1530.15886034483 -157.749627005232
v -2095.55900651725 -1536.09161246429 -118.156362678399
v -1983.24904693506 -1493.3597081214 -113.632052814939
cstype bspline
deg 1
curv 0 5 1183 1184 1185 1186 1187
parm u 0 1 2 3 4 5
end
v -2028.40618529208 -1467.91299437526 -110.890395206972
v -2029.06850945296 -1461.9802422558 -150.483659533805
v -2141.37846903514 -1504.71214659869 -155.007969397265
v -2140.71614487427 -1510.64489871816 -115.414705070432
v -2028.40618529208 -1467.91299437526 -110.890395206972
cstype bspline
deg 1
curv 0 5 1188 1189 1190 1191 1192
parm u 0 1 2 3 4 5
end
v -2500.00000000074 -1751.8216258162 261.216912389135
v -2500.00000000074 -1674.51219506562 -233.365377226058
v -1220.77249285171 -1187.78931072256 -181.832800331405
v -1219.41788607384 -1204.74251423157 -70.0239020578562
v -1181.53267729278 -1188.19396320242 -82.1493221047006
v -1180.16582367004 -1205.3004386845 30.6704276245311
v -1218.38675088475 -1217.64739924436 15.0857337027922
v -1217.01989726201 -1234.75387472644 127.905483432024
v -1179.13468848095 -1218.2053236973 115.780063385179
v -1177.7678348582 -1235.31179917937 228.599813114411
v -1215.98876207292 -1247.65875973923 213.015119192672
v -1214.77751684429 -1262.81776174312 312.990991722061
v -2500.00000000074 -1751.8216258162 261.216912389135
cstype bspline
deg 1
curv 0 13 1193 1194 1195 1196 1197 1198 1199 1200 1201 1202 1203 1204 1205
parm u 0 1 2 3 4 5 6 7 8 9 10 11 12 13
end
v -2500.00000000074 -1709.19343926168 265.777686371387
v -2500.00000000074 -1631.8840085111 -228.804603243806
v -1227.85219614541 -1147.8548229731 -177.557226090668
v -1226.47550125871 -1165.08446405083 -63.9251809420615
v -1188.59029247765 -1148.53591302168 -76.0506009889058
v -1187.2234388549 -1165.64238850376 36.7691487403258
v -1225.44436606962 -1177.98934906362 21.184454818587
v -1224.07751244687 -1195.0958245457 134.004204547819
v -1186.19230366581 -1178.54727351655 121.878784500974
v -1184.82545004306 -1195.65374899863 234.698534230206
v -1223.04637725778 -1208.00070955849 219.113840308467
v -1221.85722013799 -1222.88327399366 317.266565962801
v -2500.00000000074 -1709.19343926168 265.777686371387
cstype bspline
deg 1
curv 0 13 1206 1207 1208 1209 1210 1211 1212 1213 1214 1215 1216 1217 1218
parm u 0 1 2 3 4 5 6 7 8 9 10 11 12 13
end
g element_15
v -1206.29135656319 -1076.63306010315 272.601818364076
v -1220.32453497901 -997.475125842889 281.064953853269
v -1220.48879581209 -993.251561410882 241.28847412421
v -1206.45561739627 -1072.40949567114 232.825338635017
v -1206.29135656319 -1076.63306010315 272.601818364076
cstype bspline
deg 1
curv 0 5 1219 1220 1221 1222 1223
parm u 0 1 2 3 4 5
end
v -1241.73907554866 -1105.79074025948 269.467237556238
v -1255.77225396448 -1026.63280599922 277.930373045431
v -1255.93651479756 -1022.40924156721 238.153893316373
v -1241.90333638174 -1101.56717582747 229.69075782718
v -1241.73907554866 -1105.79074025948 269.467237556238
cstype bspline
deg 1
curv 0 5 1224 1225 1226 1227 1228
parm u 0 1 2 3 4 5
end
v -1262.42407022648 -760.00132306211 306.454360320847
v -1276.4572486423 -680.843388801851 314.91749581004
v -1276.62150947538 -676.619824369844 275.141016080982
v -1262.58833105956 -755.777758630103 266.677880591789
v -1262.42407022648 -760.00132306211 306.454360320847
cstype bspline
deg 1
curv 0 5 1229 1230 1231 1232 1233
parm u 0 1 2 3 4 5
end
v -1297.87178921194 -789.15900321844 303.31977951301
v -1311.90496762776 -710.00106895818 311.782915002203
v -1312.06922846085 -705.777504526173 272.006435273144
v -1298.03605004503 -784.935438786433 263.543299783951
v -1297.87178921194 -789.15900321844 303.31977951301
cstype bspline
deg 1
curv 0 5 1234 1235 1236 1237 1238
parm u 0 1 2 3 4 5
end
v -1209.70562743989 -1029.34938477104 -64.281210551107
v -1223.07696808325 -953.924725277942 -56.2172164804989
v -1223.24122891633 -949.701160845934 -95.9936962095559
v -1209.86988827296 -1025.12582033903 -104.057690280164
v -1209.70562743989 -1029.34938477104 -64.281210551107
cstype bspline
deg 1
curv 0 5 1239 1240 1241 1242 1243
parm u 0 1 2 3 4 5
end
v -1245.15334642535 -1058.50706492737 -67.4157913589446
v -1258.52468706872 -983.082405434271 -59.3517972883366
v -1258.6889479018 -978.858841002263 -99.1282770173936
v -1245.31760725843 -1054.28350049536 -107.192271088002
v -1245.15334642535 -1058.50706492737 -67.4157913589446
cstype bspline
deg 1
curv 0 5 1244 1245 1246 1247 1248
parm u 0 1 2 3 4 5
end
v -1263.19099001336 -727.650746798658 -32.0252342686748
v -1276.56233065672 -652.226087305563 -23.9612401980668
v -1276.7265914898 -648.002522873555 -63.7377199271238
v -1263.35525084643 -723.42718236665 -71.8017139977318
v -1263.19099001336 -727.650746798658 -32.0252342686748
cstype bspline
deg 1
curv 0 5 1249 1250 1251 1252 1253
parm u 0 1 2 3 4 5
end
v -1298.63870899882 -756.808426954987 -35.1598150765125
v -1312.01004964219 -681.383767461892 -27.0958210059044
v -1312.17431047527 -677.160203029885 -66.8723007349614
v -1298.8029698319 -752.584862522979 -74.9362948055695
v -1298.63870899882 -756.808426954987 -35.1598150765125
cstype bspline
deg 1
curv 0 5 1254 1255 1256 1257 1258
parm u 0 1 2 3 4 5
end
v -1299.68400037236 -549.830069179628 328.966806810173
v -1299.8492758381 -545.600792910466 289.191077739988
v -1285.81614610314 -624.757478471794 280.716190372168
v -1285.65087063741 -628.986754740957 320.491919442353
v -1299.68400037236 -549.830069179628 328.966806810173
cstype bspline
deg 1
curv 0 5 1259 1260 1261 1262 1263
parm u 0 1 2 3 4 5
end
v -1344.80941352895 -524.401233052029 331.706538263377
v -1344.97468899469 -520.171956782866 291.930809193192
v -1330.94155925973 -599.328642344195 283.455921825372
v -1330.776283794 -603.557918613357 323.231650895557
v -1344.80941352895 -524.401233052029 331.706538263377
cstype bspline
deg 1
curv 0 5 1264 1265 1266 1267 1268
parm u 0 1 2 3 4 5
end
v -1243.55148143254 -866.456811424942 295.067257338892
v -1243.71675689828 -862.227535155779 255.291528268706
v -1229.68362716333 -941.384220717108 246.816640900886
v -1229.51835169759 -945.61349698627 286.592369971071
v -1243.55148143254 -866.456811424942 295.067257338892
cstype bspline
deg 1
curv 0 5 1269 1270 1271 1272 1273
parm u 0 1 2 3 4 5
end
v -1288.67689458914 -841.027975297342 297.806988792095
v -1288.84217005487 -836.79869902818 258.03125972191
v -1274.80904031992 -915.955384589508 249.55637235409
v -1274.64376485418 -920.184660858671 289.332101424275
v -1288.67689458914 -841.027975297342 297.806988792095
cstype bspline
deg 1
curv 0 5 1274 1275 1276 1277 1278
parm u 0 1 2 3 4 5
end
v -1298.46541106914 -528.679208784897 -10.7112325283143
v -1298.63068653489 -524.449932515735 -50.4869615984984
v -1285.25939227648 -599.873402201484 -58.5621533014367
v -1285.09411681074 -604.102678470645 -18.7864242312527
v -1298.46541106914 -528.679208784897 -10.7112325283143
cstype bspline
deg 1
curv 0 5 1279 1280 1281 1282 1283
parm u 0 1 2 3 4 5
end
v -1343.59082422573 -503.250372657297 -7.97150107511053
v -1343.75609969148 -499.021096388136 -47.7472301452946
v -1330.38480543307 -574.444566073885 -55.8224218482329
v -1330.21952996733 -578.673842343046 -16.0466927780489
v -1343.59082422573 -503.250372657297 -7.97150107511053
cstype bspline
deg 1
curv 0 5 1284 1285 1286 1287 1288
parm u 0 1 2 3 4 5
end
v -1244.98023403553 -830.373087527891 -43.0119993400676
v -1245.14550950127 -826.14381125873 -82.7877284102517
v -1231.77421524287 -901.567280944478 -90.86292011319
v -1231.60893977713 -905.79655721364 -51.0871910430059
v -1244.98023403553 -830.373087527891 -43.0119993400676
cstype bspline
deg 1
curv 0 5 1289 1290 1291 1292 1293
parm u 0 1 2 3 4 5
end
v -1290.10564719212 -804.944251400291 -40.2722678868638
v -1290.27092265786 -800.71497513113 -80.0479969570479
v -1276.89962839946 -876.138444816879 -88.1231886599862
v -1276.73435293372 -880.36772108604 -48.3474595898021
v -1290.10564719212 -804.944251400291 -40.2722678868638
cstype bspline
deg 1
curv 0 5 1294 1295 1296 1297 1298
parm u 0 1 2 3 4 5
end
v -1176.72683312756 -1248.34016614239 314.523830699935
v -1177.7678348582 -1235.31179917937 228.599813114411
v -1184.82545004306 -1195.65374899863 234.698534230206
v -1186.19230366581 -1178.54727351655 121.878784500974
v -1179.13468848095 -1218.2053236973 115.780063385179
v -1180.16582367004 -1205.3004386845 30.6704276245311
v -1187.2234388549 -1165.64238850376 36.7691487403258
v -1188.59029247765 -1148.53591302168 -76.0506009889058
v -1181.53267729278 -1188.19396320242 -82.1493221047006
v -1182.72180913498 -1173.31171512183 -180.299961353533
v -1345.98099212596 -252.415517545349 -81.7044795370523
v -1348.38192617025 -280.085152356231 418.189770310399
v -1176.72683312756 -1248.34016614239 314.523830699935
cstype bspline
deg 1
curv 0 13 1299 1300 1301 1302 1303 1304 1305 1306 1307 1308 1309 1310 1311
parm u 0 1 2 3 4 5 6 7 8 9 10 11 12 13
end
v -1214.77751684429 -1262.81776174312 312.990991722061
v -1215.98876207292 -1247.65875973923 213.015119192672
v -1223.04637725778 -1208.00070955849 219.113840308467
v -1224.07751244687 -1195.0958245457 134.004204547819
v -1217.01989726201 -1234.75387472644 127.905483432024
v -1218.38675088475 -1217.64739924436 15.0857337027922
v -1225.44436606962 -1177.98934906362 21.184454818587
v -1226.47550125871 -1165.08446405083 -63.9251809420615
v -1219.41788607384 -1204.74251423157 -70.0239020578562
v -1220.77249285171 -1187.78931072256 -181.832800331407
v -1383.91941767733 -267.526327864762 -83.3051134634182
v -1386.32035172162 -295.195962675658 416.58913638403
v -1214.77751684429 -1262.81776174312 312.990991722061
cstype bspline
deg 1
curv 0 13 1312 1313 1314 1315 1316 1317 1318 1319 1320 1321 1322 1323 1324
parm u 0 1 2 3 4 5 6 7 8 9 10 11 12 13
end
g element_16
v -1196.8270810344 -2460.00000000029 -5.60777561646777
v -1343.35597382099 -2460.00000000029 -4.3659129204528
v -1294.4553957938 -2500.00000000029 -12.8968586491406
v -1439.05738757362 -2500.00000000029 -11.6713268380025
v -1487.95796560081 -2460.00000000029 -3.1403811093147
v -1921.76394094028 -2460.00000000029 0.53621432409963
v -1872.86336291309 -2500.00000000029 -7.99473140458818
v -2017.46535469292 -2500.00000000029 -6.76919959345008
v -2066.3659327201 -2460.00000000029 1.76174613523774
v -2355.56991627975 -2460.00000000029 4.21280975751395
v -2500.00000000074 -2460.00000000029 5.43688461227063
v -2500.00000000074 -1734.84044801965 152.580880362368
v -2323.19039763935 -1668.32958634244 164.57827293932
v -2363.19921143815 -1641.37112011039 170.387567859075
v -2251.10361227544 -1599.20386906202 177.993800164008
v -2211.09479847665 -1626.16233529408 172.184505244254
v -1874.80800098853 -1499.66058214898 195.003202159055
v -1914.81681478732 -1472.70211591693 200.81249707881
v -1802.72121562462 -1430.53486486856 208.418729383743
v -1762.71240182582 -1457.49333110061 202.609434463989
v -1538.52120350041 -1373.15882900388 217.821899073856
v -1401.68387386022 -1321.68442612968 227.106978283071
v -1359.08754408639 -1558.37692190893 178.71808053845
v -1311.44560963724 -1597.34736877985 170.406711356484
v -1292.6368738983 -1701.86075357473 149.040222853612
v -1340.27880834746 -1662.8903067038 157.351592035577
v -1283.85260113064 -1976.43046108843 93.2521265269586
v -1236.21066668149 -2015.40090795936 84.9407573449934
v -1217.40193094255 -2119.91429275423 63.5742688421206
v -1265.04386539171 -2080.94384588331 71.8856380240859
v -1227.42639391383 -2289.97061547306 29.1526610183404
v -1196.8270810344 -2460.00000000029 -5.60777561646777
cstype bspline
deg 1
curv 0 32 1325 1326 1327 1328 1329 1330 1331 1332 1333 1334 1335 1336 1337 1338 1339 1340 1341 1342 1343 1344 1345 1346 1347 1348 1349 1350 1351 1352 1353 1354 1355 1356
parm u 0 1 2 3 4 5 6 7 8 9 10 11 12 13 14 15 16 17 18 19 20 21 22 23 24 25 26 27 28 29 30 31 32
end
v -1198.19767661399 -2460.00000000029 35.2204124783523
v -1343.01006977064 -2460.00000000029 36.4477274847096
v -1294.10949174345 -2500.00000000029 27.9167817560218
v -1438.71148352328 -2500.00000000029 29.1423135671599
v -1487.61206155047 -2460.00000000029 37.6732592958477
v -1921.41803688993 -2460.00000000029 41.349854729262
v -1872.51745886275 -2500.00000000029 32.8189090005742
v -2017.11945064257 -2500.00000000029 34.0444408117123
v -2066.02002866976 -2460.00000000029 42.5753865404001
v -2355.2240122294 -2460.00000000029 45.0264501626763
v -2500.00000000074 -2460.00000000029 46.2534566258575
v -2500.00000000074 -1741.02444863474 192.142640855179
v -2323.50294084353 -1674.63115703033 204.118825853653
v -2363.51175464233 -1647.67269079828 209.928120773408
v -2251.41615547962 -1605.50543974992 217.534353078341
v -2211.40734168083 -1632.46390598197 211.725058158587
v -1875.12054419271 -1505.96215283687 234.543755073388
v -1915.1293579915 -1479.00368660482 240.353049993143
v -1803.03375882879 -1436.83643555645 247.959282298076
v -1763.02494503 -1463.7949017885 242.149987378322
v -1538.83374670459 -1379.46039969177 257.36245198819
v -1401.92522757891 -1327.95921731036 266.652361750685
v -1359.0184162624 -1566.37694743776 217.910760857686
v -1311.37648181325 -1605.34739430869 209.599391675721
v -1292.56774607431 -1709.86077910357 188.232903172848
v -1340.20968052346 -1670.89033223264 196.544272354813
v -1283.78347330665 -1984.43048661727 132.444806846195
v -1236.1415388575 -2023.40093348819 124.13343766423
v -1217.33280311856 -2127.91431828307 102.766949161357
v -1264.97473756772 -2088.94387141214 111.078318343322
v -1227.35726608984 -2297.9706410019 68.3453413375769
v -1198.19767661399 -2460.00000000029 35.2204124783523
cstype bspline
deg 1
curv 0 32 1357 1358 1359 1360 1361 1362 1363 1364 1365 1366 1367 1368 1369 1370 1371 1372 1373 1374 1375 1376 1377 1378 1379 1380 1381 1382 1383 1384 1385 1386 1387 1388
parm u 0 1 2 3 4 5 6 7 8 9 10 11 12 13 14 15 16 17 18 19 20 21 22 23 24 25 26 27 28 29 30 31 32
end
g element_17
v -1185.17701860782 -2460.00000000029 -352.6473744224
v -1333.00018222774 -2460.00000000029 -351.394542513175
v -1284.09960420055 -2500.00000000029 -359.925488241863
v -1429.99586681371 -2500.00000000029 -358.688987217515
v -1478.8964448409 -2460.00000000029 -350.158041488827
v -1916.58523268037 -2460.00000000029 -346.448538415782
v -1867.68465465318 -2500.00000000029 -354.97948414447
v -2013.58091726634 -2500.00000000029 -353.742983120122
v -2062.48149529352 -2460.00000000029 -345.212037391434
v -2354.27402051984 -2460.00000000029 -342.739035342738
v -2500.00000000074 -2460.00000000029 -341.503977503182
v -2500.00000000074 -1682.27644279142 -183.694083826504
v -2322.96486323407 -1615.68074133497 -171.681387641809
v -2362.97367703286 -1588.72227510292 -165.872092722054
v -2250.65002335216 -1546.46923627889 -158.250385807457
v -2210.64120955336 -1573.42770251095 -164.059680727211
v -1873.67024851124 -1446.66858603888 -141.194559983418
v -1913.67906231003 -1419.71011980683 -135.385265063664
v -1801.35540862933 -1377.4570809828 -127.763558149066
v -1761.34659483054 -1404.41554721486 -133.572853068821
v -1536.69928746912 -1319.90946956681 -118.329439239626
v -1399.63236725126 -1268.34870109397 -109.028781191618
v -1355.70595771622 -1512.43197208644 -158.92863290573
v -1308.06402326706 -1551.40241895737 -167.240002087695
v -1288.22181883079 -1661.65841788313 -189.780498102091
v -1335.86375327994 -1622.6879710122 -181.469128920126
v -1276.33713997111 -1953.45596778948 -249.090616963315
v -1228.69520552195 -1992.4264146604 -257.40198614528
v -1208.85300108568 -2102.68241358616 -279.942482159676
v -1256.49493553483 -2063.71196671524 -271.631112977711
v -1216.81052666228 -2284.22396456675 -316.712105006503
v -1185.17701860782 -2460.00000000029 -352.6473744224
cstype bspline
deg 1
curv 0 32 1389 1390 1391 1392 1393 1394 1395 1396 1397 1398 1399 1400 1401 1402 1403 1404 1405 1406 1407 1408 1409 1410 1411 1412 1413 1414 1415 1416 1417 1418 1419 1420
parm u 0 1 2 3 4 5 6 7 8 9 10 11 12 13 14 15 16 17 18 19 20 21 22 23 24 25 26 27 28 29 30 31 32
end
v -1186.54761418742 -2460.00000000029 -311.819186327587
v -1332.6542781774 -2460.00000000029 -310.58090210802
v -1283.75370015021 -2500.00000000029 -319.111847836708
v -1429.64996276336 -2500.00000000029 -317.875346812359
v -1478.55054079055 -2460.00000000029 -309.344401083672
v -1916.23932863002 -2460.00000000029 -305.634898010627
v -1867.33875060283 -2500.00000000029 -314.165843739315
v -2013.23501321599 -2500.00000000029 -312.929342714967
v -2062.13559124318 -2460.00000000029 -304.398396986279
v -2353.92811646949 -2460.00000000029 -301.925394937582
v -2500.00000000074 -2460.00000000029 -300.687405489602
v -2500.00000000074 -1688.4604434065 -144.132323333698
v -2323.27740643825 -1621.98231202285 -132.140834727481
v -2363.28622023704 -1595.0238457908 -126.331539807726
v -2250.96256655634 -1552.77080696678 -118.709832893129
v -2210.95375275754 -1579.72927319883 -124.519127812883
v -1873.98279171542 -1452.97015672676 -101.65400706909
v -1913.99160551422 -1426.01169049471 -95.844712149336
v -1801.66795183351 -1383.75865167069 -88.2230052347384
v -1761.65913803472 -1410.71711790274 -94.0323001544928
v -1537.0118306733 -1326.21104025469 -78.7888863252976
v -1399.87372096996 -1274.62349227464 -69.4833977240099
v -1355.63682989224 -1520.43199761528 -119.7359525865
v -1307.99489544308 -1559.40244448621 -128.047321768465
v -1288.1526910068 -1669.65844341196 -150.587817782862
v -1335.79462545596 -1630.68799654104 -142.276448600896
v -1276.26801214713 -1961.45599331831 -209.897936644085
v -1228.62607769797 -2000.42644018924 -218.20930582605
v -1208.7838732617 -2110.682439115 -240.749801840446
v -1256.42580771085 -2071.71199224407 -232.438432658481
v -1216.7413988383 -2292.22399009559 -277.519424687273
v -1186.54761418742 -2460.00000000029 -311.819186327587
cstype bspline
deg 1
curv 0 32 1421 1422 1423 1424 1425 1426 1427 1428 1429 1430 1431 1432 1433 1434 1435 1436 1437 1438 1439 1440 1441 1442 1443 1444 1445 1446 1447 1448 1449 1450 1451 1452
parm u 0 1 2 3 4 5 6 7 8 9 10 11 12 13 14 15 16 17 18 19 20 21 22 23 24 25 26 27 28 29 30 31 32
end
g element_18
v -1294.10949174345 -2500.00000000029 27.9167817560218
v -1294.4553957938 -2500.00000000029 -12.8968586491406
v -1439.05738757362 -2500.00000000029 -11.6713268380025
v -1438.71148352328 -2500.00000000029 29.1423135671599
v -1294.10949174345 -2500.00000000029 27.9167817560218
cstype bspline
deg 1
curv 0 5 1453 1454 1455 1456 1457
parm u 0 1 2 3 4 5
end
v -1343.01006977064 -2460.00000000029 36.4477274847096
v -1343.35597382099 -2460.00000000029 -4.3659129204528
v -1487.95796560081 -2460.00000000029 -3.1403811093147
v -1487.61206155047 -2460.00000000029 37.6732592958477
v -1343.01006977064 -2460.00000000029 36.4477274847096
cstype bspline
deg 1
curv 0 5 1458 1459 1460 1461 1462
parm u 0 1 2 3 4 5
end
v -1872.51745886275 -2500.00000000029 32.8189090005742
v -1872.86336291309 -2500.00000000029 -7.99473140458818
v -2017.46535469292 -2500.00000000029 -6.76919959345008
v -2017.11945064257 -2500.00000000029 34.0444408117123
v -1872.51745886275 -2500.00000000029 32.8189090005742
cstype bspline
deg 1
curv 0 5 1463 1464 1465 1466 1467
parm u 0 1 2 3 4 5
end
v -1921.41803688993 -2460.00000000029 41.349854729262
v -1921.76394094028 -2460.00000000029 0.53621432409963
v -2066.3659327201 -2460.00000000029 1.76174613523774
v -2066.02002866976 -2460.00000000029 42.5753865404001
v -1921.41803688993 -2460.00000000029 41.349854729262
cstype bspline
deg 1
curv 0 5 1468 1469 1470 1471 1472
parm u 0 1 2 3 4 5
end
v -1283.75370015021 -2500.00000000029 -319.111847836708
v -1284.09960420055 -2500.00000000029 -359.925488241863
v -1429.99586681371 -2500.00000000029 -358.688987217515
v -1429.64996276336 -2500.00000000029 -317.875346812359
v -1283.75370015021 -2500.00000000029 -319.111847836708
cstype bspline
deg 1
curv 0 5 1473 1474 1475 1476 1477
parm u 0 1 2 3 4 5
end
v -1332.6542781774 -2460.00000000029 -310.58090210802
v -1333.00018222774 -2460.00000000029 -351.394542513175
v -1478.8964448409 -2460.00000000029 -350.158041488827
v -1478.55054079055 -2460.00000000029 -309.344401083672
v -1332.6542781774 -2460.00000000029 -310.58090210802
cstype bspline
deg 1
curv 0 5 1478 1479 1480 1481 1482
parm u 0 1 2 3 4 5
end
v -1867.33875060283 -2500.00000000029 -314.165843739315
v -1867.68465465318 -2500.00000000029 -354.97948414447
v -2013.58091726634 -2500.00000000029 -353.742983120122
v -2013.23501321599 -2500.00000000029 -312.929342714967
v -1867.33875060283 -2500.00000000029 -314.165843739315
cstype bspline
deg 1
curv 0 5 1483 1484 1485 1486 1487
parm u 0 1 2 3 4 5
end
v -1916.23932863002 -2460.00000000029 -305.634898010627
v -1916.58523268037 -2460.00000000029 -346.448538415782
v -2062.48149529352 -2460.00000000029 -345.212037391434
v -2062.13559124318 -2460.00000000029 -304.398396986279
v -1916.23932863002 -2460.00000000029 -305.634898010627
cstype bspline
deg 1
curv 0 5 1488 1489 1490 1491 1492
parm u 0 1 2 3 4 5
end
v -2500.00000000074 -2500.00000000029 99.3618114381725
v -2500.00000000074 -2500.00000000029 -410.845338731612
v -1175.92253119199 -2500.00000000029 -422.067169347244
v -1179.94097034383 -2500.00000000029 -302.363303392052
v -1138.89004452327 -2500.00000000029 -315.287445910623
v -1142.79521685325 -2500.00000000029 -198.957645344708
v -1182.88697754013 -2500.00000000029 -214.605734544081
v -1186.7921498701 -2500.00000000029 -98.2759339781662
v -1145.74122404955 -2500.00000000029 -111.200076496737
v -1149.64639637952 -2500.00000000029 5.12972406917834
v -1189.7381570664 -2500.00000000029 -10.5183651301951
v -1193.05497593694 -2500.00000000029 88.285181837956
v -2500.00000000074 -2500.00000000029 99.3618114381725
cstype bspline
deg 1
curv 0 13 1493 1494 1495 1496 1497 1498 1499 1500 1501 1502 1503 1504 1505
parm u 0 1 2 3 4 5 6 7 8 9 10 11 12 13
end
v -2500.00000000074 -2460.00000000029 107.478314646229
v -2500.00000000074 -2460.00000000029 -402.728835523555
v -1183.12112523843 -2460.00000000029 -413.889656564625
v -1186.85725243437 -2460.00000000029 -302.595481847738
v -1145.80632661381 -2460.00000000029 -315.519624366309
v -1149.71149894379 -2460.00000000029 -199.189823800394
v -1189.80325963066 -2460.00000000029 -214.837912999767
v -1193.70843196064 -2460.00000000029 -98.5081124338524
v -1152.65750614008 -2460.00000000029 -111.432254952423
v -1156.56267847006 -2460.00000000029 4.89754561349207
v -1196.65443915694 -2460.00000000029 -10.7505435858814
v -1200.25356998338 -2460.00000000029 96.462694620575
v -2500.00000000074 -2460.00000000029 107.478314646229
cstype bspline
deg 1
curv 0 13 1506 1507 1508 1509 1510 1511 1512 1513 1514 1515 1516 1517 1518
parm u 0 1 2 3 4 5 6 7 8 9 10 11 12 13
end
g element_19
v -1186.89750379186 -2297.23191611672 69.2219464835382
v -1205.70670124894 -2192.65647685512 90.2822068480883
v -1205.75579490299 -2184.76761873739 51.0659673111403
v -1186.94659744591 -2289.34305799899 30.0057069465902
v -1186.89750379186 -2297.23191611672 69.2219464835382
cstype bspline
deg 1
curv 0 5 1519 1520 1521 1522 1523
parm u 0 1 2 3 4 5
end
v -1220.19268473565 -2337.87591790127 60.6925836614839
v -1239.00188219273 -2233.30047863968 81.752844026034
v -1239.05097584678 -2225.41162052195 42.536604489086
v -1220.2417783897 -2329.98705978354 21.4763441245359
v -1220.19268473565 -2337.87591790127 60.6925836614839
cstype bspline
deg 1
curv 0 5 1524 1525 1526 1527 1528
parm u 0 1 2 3 4 5
end
v -1262.13429362018 -1878.93015907034 153.462987941739
v -1280.94349107726 -1774.35471980874 174.523248306289
v -1280.99258473131 -1766.46586169102 135.307008769341
v -1262.18338727423 -1871.04130095261 114.246748404791
v -1262.13429362018 -1878.93015907034 153.462987941739
cstype bspline
deg 1
curv 0 5 1529 1530 1531 1532 1533
parm u 0 1 2 3 4 5
end
v -1295.42947456397 -1919.57416085489 144.933625119684
v -1314.23867202105 -1814.9987215933 165.993885484235
v -1314.2877656751 -1807.10986347557 126.777645947287
v -1295.47856821802 -1911.68530273717 105.717385582736
v -1295.42947456397 -1919.57416085489 144.933625119684
cstype bspline
deg 1
curv 0 5 1534 1535 1536 1537 1538
parm u 0 1 2 3 4 5
end
v -1176.28137594138 -2291.52028946615 -276.469980850162
v -1196.12406746544 -2181.19882641615 -254.252539048944
v -1196.17316111949 -2173.30996829842 -293.468778585895
v -1176.33046959542 -2283.63143134843 -315.686220387113
v -1176.28137594138 -2291.52028946615 -276.469980850162
cstype bspline
deg 1
curv 0 5 1539 1540 1541 1542 1543
parm u 0 1 2 3 4 5
end
v -1209.57655688517 -2332.16429125071 -284.999343672216
v -1229.41924840923 -2221.8428282007 -262.781901870998
v -1229.46834206328 -2213.95397008297 -301.99814140795
v -1209.62565053921 -2324.27543313298 -324.215583209167
v -1209.57655688517 -2332.16429125071 -284.999343672216
cstype bspline
deg 1
curv 0 5 1544 1545 1546 1547 1548
parm u 0 1 2 3 4 5
end
v -1255.65214203764 -1850.23443726613 -187.600213645291
v -1275.4948335617 -1739.91297421612 -165.382771844074
v -1275.54392721575 -1732.02411609839 -204.599011381025
v -1255.70123569168 -1842.3455791484 -226.816453182242
v -1255.65214203764 -1850.23443726613 -187.600213645291
cstype bspline
deg 1
curv 0 5 1549 1550 1551 1552 1553
parm u 0 1 2 3 4 5
end
v -1288.94732298143 -1890.87843905068 -196.129576467346
v -1308.7900145055 -1780.55697600068 -173.912134666128
v -1308.83910815954 -1772.66811788295 -213.128374203079
v -1288.99641663548 -1882.98958093295 -235.345816004297
v -1288.94732298143 -1890.87843905068 -196.129576467346
cstype bspline
deg 1
curv 0 5 1554 1555 1556 1557 1558
parm u 0 1 2 3 4 5
end
v -1311.37648181325 -1605.34739430869 209.599391675721
v -1311.44560963724 -1597.34736877985 170.406711356484
v -1292.6368738983 -1701.86075357473 149.040222853612
v -1292.56774607431 -1709.86077910357 188.232903172848
v -1311.37648181325 -1605.34739430869 209.599391675721
cstype bspline
deg 1
curv 0 5 1559 1560 1561 1562 1563
parm u 0 1 2 3 4 5
end
v -1359.0184162624 -1566.37694743776 217.910760857686
v -1359.08754408639 -1558.37692190893 178.71808053845
v -1340.27880834746 -1662.8903067038 157.351592035577
v -1340.20968052346 -1670.89033223264 196.544272354813
v -1359.0184162624 -1566.37694743776 217.910760857686
cstype bspline
deg 1
curv 0 5 1564 1565 1566 1567 1568
parm u 0 1 2 3 4 5
end
v -1236.1415388575 -2023.40093348819 124.13343766423
v -1236.21066668149 -2015.40090795936 84.9407573449934
v -1217.40193094255 -2119.91429275423 63.5742688421206
v -1217.33280311856 -2127.91431828307 102.766949161357
v -1236.1415388575 -2023.40093348819 124.13343766423
cstype bspline
deg 1
curv 0 5 1569 1570 1571 1572 1573
parm u 0 1 2 3 4 5
end
v -1283.78347330665 -1984.43048661727 132.444806846195
v -1283.85260113064 -1976.43046108843 93.2521265269586
v -1265.04386539171 -2080.94384588331 71.8856380240859
v -1264.97473756772 -2088.94387141214 111.078318343322
v -1283.78347330665 -1984.43048661727 132.444806846195
cstype bspline
deg 1
curv 0 5 1574 1575 1576 1577 1578
parm u 0 1 2 3 4 5
end
v -1307.99489544308 -1559.40244448621 -128.047321768465
v -1308.06402326706 -1551.40241895737 -167.240002087695
v -1288.22181883079 -1661.65841788313 -189.780498102091
v -1288.1526910068 -1669.65844341196 -150.587817782862
v -1307.99489544308 -1559.40244448621 -128.047321768465
cstype bspline
deg 1
curv 0 5 1579 1580 1581 1582 1583
parm u 0 1 2 3 4 5
end
v -1355.63682989224 -1520.43199761528 -119.7359525865
v -1355.70595771622 -1512.43197208644 -158.92863290573
v -1335.86375327994 -1622.6879710122 -181.469128920126
v -1335.79462545596 -1630.68799654104 -142.276448600896
v -1355.63682989224 -1520.43199761528 -119.7359525865
cstype bspline
deg 1
curv 0 5 1584 1585 1586 1587 1588
parm u 0 1 2 3 4 5
end
v -1228.62607769797 -2000.42644018924 -218.20930582605
v -1228.69520552195 -1992.4264146604 -257.40198614528
v -1208.85300108568 -2102.68241358616 -279.942482159676
v -1208.7838732617 -2110.682439115 -240.749801840446
v -1228.62607769797 -2000.42644018924 -218.20930582605
cstype bspline
deg 1
curv 0 5 1589 1590 1591 1592 1593
parm u 0 1 2 3 4 5
end
v -1276.26801214713 -1961.45599331831 -209.897936644085
v -1276.33713997111 -1953.45596778948 -249.090616963315
v -1256.49493553483 -2063.71196671524 -271.631112977711
v -1256.42580771085 -2071.71199224407 -232.438432658481
v -1276.26801214713 -1961.45599331831 -209.897936644085
cstype bspline
deg 1
curv 0 5 1594 1595 1596 1597 1598
parm u 0 1 2 3 4 5
end
v -1152.42635215859 -2500.00000000029 87.9408458418149
v -1149.64639637952 -2500.00000000029 5.12972406917834
v -1156.56267847006 -2460.00000000029 4.89754561349207
v -1152.65750614008 -2460.00000000029 -111.432254952423
v -1145.74122404955 -2500.00000000029 -111.200076496737
v -1142.79521685325 -2500.00000000029 -198.957645344708
v -1149.71149894379 -2460.00000000029 -199.189823800394
v -1145.80632661381 -2460.00000000029 -315.519624366309
v -1138.89004452327 -2500.00000000029 -315.287445910623
v -1135.29390741364 -2500.00000000029 -422.411505343382
v -1361.21778604409 -1244.62220165241 -165.764805518226
v -1364.23470752784 -1323.05709141081 328.552487826907
v -1152.42635215859 -2500.00000000029 87.9408458418149
cstype bspline
deg 1
curv 0 13 1599 1600 1601 1602 1603 1604 1605 1606 1607 1608 1609 1610 1611
parm u 0 1 2 3 4 5 6 7 8 9 10 11 12 13
end
v -1193.05497593694 -2500.00000000029 88.2851818379581
v -1189.7381570664 -2500.00000000029 -10.5183651301951
v -1196.65443915694 -2460.00000000029 -10.7505435858814
v -1193.70843196064 -2460.00000000029 -98.5081124338524
v -1186.7921498701 -2500.00000000029 -98.2759339781662
v -1182.88697754013 -2500.00000000029 -214.605734544081
v -1189.80325963066 -2460.00000000029 -214.837912999767
v -1186.85725243437 -2460.00000000029 -302.595481847738
v -1179.94097034383 -2500.00000000029 -302.363303392052
v -1175.92253119199 -2500.00000000029 -422.067169347241
v -1399.27033667321 -1258.93651432297 -168.346856393033
v -1402.28725815697 -1337.37140408136 325.970436952101
v -1193.05497593694 -2500.00000000029 88.2851818379581
cstype bspline
deg 1
curv 0 13 1612 1613 1614 1615 1616 1617 1618 1619 1620 1621 1622 1623 1624
parm u 0 1 2 3 4 5 6 7 8 9 10 11 12 13
end
g element_20
v -98.564205513845 -2500.00000000029 -3.51497063906548
v -1149.05731822524 -2500.00000000029 -12.4181172082337
v -1186.94659744591 -2289.34305799899 30.0057069465902
v -1220.2417783897 -2329.98705978354 21.4763441245359
v -1239.05097584678 -2225.41162052195 42.536604489086
v -1205.75579490299 -2184.76761873739 51.0659673111403
v -1262.18338727423 -1871.04130095261 114.246748404791
v -1295.47856821802 -1911.68530273717 105.717385582736
v -1314.2877656751 -1807.10986347557 126.777645947287
v -1280.99258473131 -1766.46586169102 135.307008769341
v -1318.61097964547 -1557.31498316783 177.427529498441
v -1341.15458655827 -1431.9769616586 202.66912910539
v -1025.86083347579 -1550.58171456164 181.274912488921
v -980.729991171153 -1525.55001319363 186.736652830408
v -877.70361082925 -1564.30567601118 179.745811189252
v -922.834453133888 -1589.33737737919 174.284070847765
v -613.75531210818 -1705.60436583185 153.311545924297
v -568.624469803542 -1680.57266446384 158.773286265783
v -465.598089461639 -1719.3283272814 151.782444624627
v -510.728931766278 -1744.3600286494 146.32070428314
v -304.676171082472 -1821.87135428451 132.339021000828
v 2.66554893701682 -1937.48477320997 111.484388553813
v -15.6987122022731 -2039.53161285353 90.6221601060086
v 29.4363864650933 -2014.49755070529 96.0844155530605
v 20.7359012844038 -2062.84455521153 86.2004617108914
v -24.3991973829626 -2087.87861735977 80.7382062638395
v -50.5006529250311 -2232.91963087849 51.0863447373323
v -5.36555425766476 -2207.88556873025 56.5486001843841
v -14.0660394383543 -2256.23257323649 46.6646463422151
v -59.2011381057206 -2281.26663538473 41.2023908951632
v -76.6021084670997 -2377.96064439721 21.434483210825
v -98.564205513845 -2500.00000000029 -3.51497063906548
cstype bspline
deg 1
curv 0 32 1625 1626 1627 1628 1629 1630 1631 1632 1633 1634 1635 1636 1637 1638 1639 1640 1641 1642 1643 1644 1645 1646 1647 1648 1649 1650 1651 1652 1653 1654 1655 1656
parm u 0 1 2 3 4 5 6 7 8 9 10 11 12 13 14 15 16 17 18 19 20 21 22 23 24 25 26 27 28 29 30 31 32
end
v -97.0315612533085 -2500.00000000029 37.3145908518599
v -1150.42713412677 -2500.00000000029 28.3868453320453
v -1186.89750379186 -2297.23191611672 69.2219464835382
v -1220.19268473565 -2337.87591790127 60.6925836614839
v -1239.00188219273 -2233.30047863968 81.752844026034
v -1205.70670124894 -2192.65647685512 90.2822068480883
v -1262.13429362018 -1878.93015907034 153.462987941739
v -1295.42947456397 -1919.57416085489 144.933625119684
v -1314.23867202105 -1814.9987215933 165.993885484235
v -1280.94349107726 -1774.35471980874 174.523248306289
v -1318.56188599142 -1565.20384128556 216.643769035389
v -1341.43082273368 -1438.0570498967 242.24963356796
v -1025.54829027161 -1556.88328524951 220.81546540325
v -980.417447966968 -1531.8515838815 226.277205744737
v -877.391067625065 -1570.60724669905 219.286364103581
v -922.521909929703 -1595.63894806706 213.824623762094
v -613.442768903995 -1711.90593651972 192.852098838626
v -568.311926599357 -1686.87423515171 198.313839180113
v -465.285546257454 -1725.62989796927 191.322997538957
v -510.416388562093 -1750.66159933728 185.86125719747
v -304.363627878287 -1828.17292497238 171.879573915157
v 3.05871046985012 -1943.81667027398 151.019471121935
v -15.6106793865773 -2047.55905437926 129.81060934352
v 29.5244192807891 -2022.52499223102 135.272864790572
v 20.8239341000996 -2070.87199673726 125.388910948403
v -24.3111645672668 -2095.9060588855 119.926655501351
v -50.4126201093353 -2240.94707240422 90.2747939748439
v -5.27752144196892 -2215.91301025598 95.7370494218958
v -13.9780066226584 -2264.26001476222 85.8530955797267
v -59.1131052900248 -2289.29407691046 80.3908401326749
v -76.5140756514038 -2385.98808592294 60.6229324483367
v -97.0315612533085 -2500.00000000029 37.3145908518599
cstype bspline
deg 1
curv 0 32 1657 1658 1659 1660 1661 1662 1663 1664 1665 1666 1667 1668 1669 1670 1671 1672 1673 1674 1675 1676 1677 1678 1679 1680 1681 1682 1683 1684 1685 1686 1687 1688
parm u 0 1 2 3 4 5 6 7 8 9 10 11 12 13 14 15 16 17 18 19 20 21 22 23 24 25 26 27 28 29 30 31 32
end
g element_21
v -111.591681728438 -2500.00000000029 -350.566243311964
v -1137.41388306215 -2500.00000000029 -359.260298800636
v -1176.33046959542 -2283.63143134843 -315.686220387113
v -1209.62565053921 -2324.27543313298 -324.215583209167
v -1229.46834206328 -2213.95397008297 -301.99814140795
v -1196.17316111949 -2173.30996829842 -293.468778585895
v -1255.70123569168 -1842.3455791484 -226.816453182242
v -1288.99641663548 -1882.98958093295 -235.345816004297
v -1308.83910815954 -1772.66811788295 -213.128374203079
v -1275.54392721575 -1732.02411609839 -204.599011381025
v -1315.22931026388 -1511.38118999838 -160.16412777859
v -1338.80657906724 -1380.29621163468 -133.765158826471
v -1029.85762926977 -1496.51422576322 -154.728849641076
v -984.726786965134 -1471.48252439521 -149.267109299589
v -881.033224359975 -1510.4891626498 -156.303222506462
v -926.164066664613 -1535.52086401781 -161.764962847949
v -615.083378849137 -1652.54077878157 -182.873302468567
v -569.952536544499 -1627.50907741357 -177.41156212708
v -466.25897393934 -1666.51571566816 -184.447675333953
v -511.389816243979 -1691.54741703616 -189.90941567544
v -304.002691033661 -1769.56069354534 -203.981642089185
v -0.676324092077216 -1883.66364816579 -224.563813275232
v -20.1157901365112 -1991.68520477221 -246.647499542067
v 25.0193085308551 -1966.65114262396 -241.185244095015
v 15.2434998775154 -2020.973522951 -252.290790451664
v -29.891598789851 -2046.00758509924 -257.753045898716
v -59.2190247498703 -2208.97472608035 -291.069684968664
v -14.0839260825039 -2183.9406639321 -285.607429521612
v -23.8597347358437 -2238.26304425914 -296.712975878261
v -68.99483340321 -2263.29710640739 -302.175231325313
v -88.5464507098896 -2371.94186706146 -324.386324038611
v -111.591681728438 -2500.00000000029 -350.566243311964
cstype bspline
deg 1
curv 0 32 1689 1690 1691 1692 1693 1694 1695 1696 1697 1698 1699 1700 1701 1702 1703 1704 1705 1706 1707 1708 1709 1710 1711 1712 1713 1714 1715 1716 1717 1718 1719 1720
parm u 0 1 2 3 4 5 6 7 8 9 10 11 12 13 14 15 16 17 18 19 20 21 22 23 24 25 26 27 28 29 30 31 32
end
v -110.059037467901 -2500.00000000029 -309.736681821035
v -1138.78369896369 -2500.00000000029 -318.455336260353
v -1176.28137594138 -2291.52028946615 -276.469980850162
v -1209.57655688517 -2332.16429125071 -284.999343672216
v -1229.41924840923 -2221.8428282007 -262.781901870998
v -1196.12406746544 -2181.19882641615 -254.252539048944
v -1255.65214203764 -1850.23443726613 -187.600213645291
v -1288.94732298143 -1890.87843905068 -196.129576467346
v -1308.7900145055 -1780.55697600068 -173.912134666128
v -1275.4948335617 -1739.91297421612 -165.382771844074
v -1315.18021660984 -1519.27004811611 -120.947888241639
v -1339.08281524265 -1386.3762998728 -94.1846543639018
v -1029.54508606559 -1502.81579645111 -115.188296726747
v -984.414243760955 -1477.7840950831 -109.72655638526
v -880.720681155796 -1516.79073333769 -116.762669592133
v -925.851523460435 -1541.8224347057 -122.22440993362
v -614.770835644959 -1658.84234946947 -143.332749554238
v -569.63999334032 -1633.81064810146 -137.871009212751
v -465.946430735162 -1672.81728635605 -144.907122419624
v -511.0772730398 -1697.84898772405 -150.368862761111
v -303.690147829483 -1775.86226423323 -164.441089174856
v -0.283162559246785 -1889.99554522982 -185.02873070711
v -20.0277573208151 -1999.71264629794 -207.459050304552
v 25.1073413465513 -1974.67858414969 -201.9967948575
v 15.3315326932115 -2029.00096447673 -213.10234121415
v -29.8035659741548 -2054.03502662497 -218.564596661201
v -59.1309919341741 -2217.00216760608 -251.881235731149
v -13.9958932668078 -2191.96810545784 -246.418980284097
v -23.7717019201476 -2246.29048578487 -257.524526640746
v -68.9068005875139 -2271.32454793312 -262.986782087798
v -88.4584178941934 -2379.96930858719 -285.197874801097
v -110.059037467901 -2500.00000000029 -309.736681821035
cstype bspline
deg 1
curv 0 32 1721 1722 1723 1724 1725 1726 1727 1728 1729 1730 1731 1732 1733 1734 1735 1736 1737 1738 1739 1740 1741 1742 1743 1744 1745 1746 1747 1748 1749 1750 1751 1752
parm u 0 1 2 3 4 5 6 7 8 9 10 11 12 13 14 15 16 17 18 19 20 21 22 23 24 25 26 27 28 29 30 31 32
end
g element_22
v -36.2098144009269 -2387.92617065073 61.1850289761913
v -27.509683475439 -2339.55036400018 70.9273533125688
v -27.6177454576599 -2331.63460308302 31.7179046186109
v -36.3178763831478 -2380.01040973358 21.9755802822335
v -36.2098144009269 -2387.92617065073 61.1850289761913
cstype bspline
deg 1
curv 0 5 1753 1754 1755 1756 1757
parm u 0 1 2 3 4 5
end
v -71.6586485747969 -2359.26080863829 67.3020277516578
v -62.958517649309 -2310.88500198774 77.0443520880353
v -63.0665796315298 -2302.96924107058 37.8349033940774
v -71.7667105570178 -2351.34504772113 28.0925790577
v -71.6586485747969 -2359.26080863829 67.3020277516578
cstype bspline
deg 1
curv 0 5 1758 1759 1760 1761 1762
parm u 0 1 2 3 4 5
end
v -1.40929069897511 -2194.42294404851 100.154326321701
v 7.29084022651283 -2146.04713739795 109.896650658079
v 7.18277824429194 -2138.1313764808 70.6872019641208
v -1.517352681196 -2186.50718313135 60.9448776277433
v -1.40929069897511 -2194.42294404851 100.154326321701
cstype bspline
deg 1
curv 0 5 1763 1764 1765 1766 1767
parm u 0 1 2 3 4 5
end
v -36.8581248728451 -2165.75758203607 106.271325097168
v -28.1579939473572 -2117.38177538551 116.013649433545
v -28.2660559295781 -2109.46601446836 76.8042007395873
v -36.966186855066 -2157.84182111891 67.0618764032099
v -36.8581248728451 -2165.75758203607 106.271325097168
cstype bspline
deg 1
curv 0 5 1768 1769 1770 1771 1772
parm u 0 1 2 3 4 5
end
v -48.1536703093273 -2381.94693394554 -284.44134414073
v -38.3782596948229 -2327.59219171613 -273.494931777123
v -38.4863216770492 -2319.67643079897 -312.704380471076
v -48.2617322915536 -2374.03117302839 -323.650792834683
v -48.1536703093273 -2381.94693394554 -284.44134414073
cstype bspline
deg 1
curv 0 5 1773 1774 1775 1776 1777
parm u 0 1 2 3 4 5
end
v -83.6025044831973 -2353.2815719331 -278.324345365264
v -73.8270938686929 -2298.92682970369 -267.377933001656
v -73.9351558509192 -2291.01106878653 -306.587381695609
v -83.7105664654235 -2345.36581101595 -317.533794059217
v -83.6025044831973 -2353.2815719331 -278.324345365264
cstype bspline
deg 1
curv 0 5 1778 1779 1780 1781 1782
parm u 0 1 2 3 4 5
end
v -9.05202785130991 -2164.5279650279 -240.6556946863
v 0.723382763194426 -2110.17322279848 -229.709282322693
v 0.615320780968123 -2102.25746188133 -268.918731016646
v -9.16008983353621 -2156.61220411074 -279.865143380253
v -9.05202785130991 -2164.5279650279 -240.6556946863
cstype bspline
deg 1
curv 0 5 1783 1784 1785 1786 1787
parm u 0 1 2 3 4 5
end
v -44.5008620251799 -2135.86260301546 -234.538695910834
v -34.7254514106755 -2081.50786078604 -223.592283547226
v -34.8335133929018 -2073.59209986889 -262.801732241179
v -44.6089240074062 -2127.9468420983 -273.748144604787
v -44.5008620251799 -2135.86260301546 -234.538695910834
cstype bspline
deg 1
curv 0 5 1788 1789 1790 1791 1792
parm u 0 1 2 3 4 5
end
v 29.5244192807891 -2022.52499223102 135.272864790572
v 29.4363864650933 -2014.49755070529 96.0844155530605
v 20.7359012844038 -2062.84455521153 86.2004617108914
v 20.8239341000996 -2070.87199673726 125.388910948403
v 29.5244192807891 -2022.52499223102 135.272864790572
cstype bspline
deg 1
curv 0 5 1793 1794 1795 1796 1797
parm u 0 1 2 3 4 5
end
v -15.6106793865773 -2047.55905437926 129.81060934352
v -15.6987122022731 -2039.53161285353 90.6221601060086
v -24.3991973829626 -2087.87861735977 80.7382062638395
v -24.3111645672668 -2095.9060588855 119.926655501351
v -15.6106793865773 -2047.55905437926 129.81060934352
cstype bspline
deg 1
curv 0 5 1798 1799 1800 1801 1802
parm u 0 1 2 3 4 5
end
v -5.27752144196892 -2215.91301025598 95.7370494218958
v -5.36555425766476 -2207.88556873025 56.5486001843841
v -14.0660394383543 -2256.23257323649 46.6646463422151
v -13.9780066226584 -2264.26001476222 85.8530955797267
v -5.27752144196892 -2215.91301025598 95.7370494218958
cstype bspline
deg 1
curv 0 5 1803 1804 1805 1806 1807
parm u 0 1 2 3 4 5
end
v -50.4126201093353 -2240.94707240422 90.2747939748439
v -50.5006529250311 -2232.91963087849 51.0863447373323
v -59.2011381057206 -2281.26663538473 41.2023908951632
v -59.1131052900248 -2289.29407691046 80.3908401326749
v -50.4126201093353 -2240.94707240422 90.2747939748439
cstype bspline
deg 1
curv 0 5 1808 1809 1810 1811 1812
parm u 0 1 2 3 4 5
end
v 25.1073413465513 -1974.67858414969 -201.9967948575
v 25.0193085308551 -1966.65114262396 -241.185244095015
v 15.2434998775154 -2020.973522951 -252.290790451664
v 15.3315326932115 -2029.00096447673 -213.10234121415
v 25.1073413465513 -1974.67858414969 -201.9967948575
cstype bspline
deg 1
curv 0 5 1813 1814 1815 1816 1817
parm u 0 1 2 3 4 5
end
v -20.0277573208151 -1999.71264629794 -207.459050304552
v -20.1157901365112 -1991.68520477221 -246.647499542067
v -29.891598789851 -2046.00758509924 -257.753045898716
v -29.8035659741548 -2054.03502662497 -218.564596661201
v -20.0277573208151 -1999.71264629794 -207.459050304552
cstype bspline
deg 1
curv 0 5 1818 1819 1820 1821 1822
parm u 0 1 2 3 4 5
end
v -13.9958932668078 -2191.96810545784 -246.418980284097
v -14.0839260825039 -2183.9406639321 -285.607429521612
v -23.8597347358437 -2238.26304425914 -296.712975878261
v -23.7717019201476 -2246.29048578487 -257.524526640746
v -13.9958932668078 -2191.96810545784 -246.418980284097
cstype bspline
deg 1
curv 0 5 1823 1824 1825 1826 1827
parm u 0 1 2 3 4 5
end
v -59.1309919341741 -2217.00216760608 -251.881235731149
v -59.2190247498703 -2208.97472608035 -291.069684968664
v -68.99483340321 -2263.29710640739 -302.175231325313
v -68.9068005875139 -2271.32454793312 -262.986782087798
v -59.1309919341741 -2217.00216760608 -251.881235731149
cstype bspline
deg 1
curv 0 5 1828 1829 1830 1831 1832
parm u 0 1 2 3 4 5
end
v -54.1026044010578 -2500.00000000029 98.9032806673162
v -73.260657657811 -2500.00000000029 -411.466237969297
v 36.7878408840763 -1888.48062557295 -286.448580057279
v 37.9167484027734 -1906.66176896114 -172.929203831259
v 44.8420935513925 -1864.81743322534 -180.489820892647
v 45.9625964908394 -1882.86322021104 -67.8155826235663
v 38.7620400939351 -1920.27525738896 -87.9293398738822
v 39.882543033382 -1938.32104437467 24.7448983951983
v 46.8078881820011 -1896.47670863886 17.1842813338103
v 47.928391121448 -1914.52249562457 129.858519602891
v 40.7278347245437 -1951.93453280248 109.744762352575
v 41.7023600445105 -1967.62933887321 207.739952044259
v -54.1026044010578 -2500.00000000029 98.9032806673162
cstype bspline
deg 1
curv 0 13 1833 1834 1835 1836 1837 1838 1839 1840 1841 1842 1843 1844 1845
parm u 0 1 2 3 4 5 6 7 8 9 10 11 12 13
end
v -94.732594862493 -2500.00000000029 98.5589330882556
v -113.890648119246 -2500.00000000029 -411.810585548358
v -1.26606639132491 -1874.16580256974 -283.866437127409
v -0.136296641756825 -1892.36083225317 -170.260357686985
v 6.78904850686224 -1850.51649651736 -177.820974748373
v 7.90955144630914 -1868.56228350307 -65.146736479293
v 0.708995049404869 -1905.97432068098 -85.2604937296089
v 1.82949798885177 -1924.02010766669 27.4137445394716
v 8.75484313747083 -1882.17577193088 19.8531274780836
v 9.87534607691773 -1900.22155891659 132.527365747164
v 2.67478968001346 -1937.63359609451 112.413608496848
v 3.64845276910928 -1953.31451587 210.322094974125
v -94.732594862493 -2500.00000000029 98.5589330882556
cstype bspline
deg 1
curv 0 13 1846 1847 1848 1849 1850 1851 1852 1853 1854 1855 1856 1857 1858
parm u 0 1 2 3 4 5 6 7 8 9 10 11 12 13
end
g element_23
v -264.674628628037 -1803.82770326735 195.19828565642
v -367.688457271859 -1764.63280828226 199.348108902194
v -367.026133110983 -1758.7000561628 159.754844575358
v -264.012304467161 -1797.89495114789 155.605021329584
v -264.674628628037 -1803.82770326735 195.19828565642
cstype bspline
deg 1
curv 0 5 1859 1860 1861 1862 1863
parm u 0 1 2 3 4 5
end
v -300.108459177808 -1832.97395942863 192.064932979058
v -403.12228782163 -1793.77906444355 196.214756224832
v -402.459963660754 -1787.84631232409 156.621491897996
v -299.446135016932 -1827.04120730918 152.471668652223
v -300.108459177808 -1832.97395942863 192.064932979058
cstype bspline
deg 1
curv 0 5 1864 1865 1866 1867 1868
parm u 0 1 2 3 4 5
end
v -676.729943203323 -1647.048123327 211.797578639514
v -779.743771847144 -1607.85322834191 215.947401885288
v -779.081447686268 -1601.92047622245 176.354137558452
v -676.067619042447 -1641.11537120754 172.204314312679
v -676.729943203323 -1647.048123327 211.797578639514
cstype bspline
deg 1
curv 0 5 1869 1870 1871 1872 1873
parm u 0 1 2 3 4 5
end
v -712.163773753094 -1676.19437948828 208.664225962153
v -815.177602396915 -1636.9994845032 212.814049207926
v -814.515278236039 -1631.06673238374 173.22078488109
v -711.501449592218 -1670.26162736883 169.070961635317
v -712.163773753094 -1676.19437948828 208.664225962153
cstype bspline
deg 1
curv 0 5 1874 1875 1876 1877 1878
parm u 0 1 2 3 4 5
end
v -264.001049489884 -1751.5135750124 -141.144805836583
v -367.681979114185 -1712.06486019343 -136.968109003132
v -367.019654953309 -1706.13210807397 -176.561373329967
v -263.338725329008 -1745.58082289294 -180.738070163418
v -264.001049489884 -1751.5135750124 -141.144805836583
cstype bspline
deg 1
curv 0 5 1879 1880 1881 1882 1883
parm u 0 1 2 3 4 5
end
v -299.434880039655 -1780.65983117369 -144.278158513945
v -403.115809663956 -1741.21111635472 -140.101461680494
v -402.45348550308 -1735.27836423526 -179.694726007328
v -298.772555878779 -1774.72707905423 -183.871422840779
v -299.434880039655 -1780.65983117369 -144.278158513945
cstype bspline
deg 1
curv 0 5 1884 1885 1886 1887 1888
parm u 0 1 2 3 4 5
end
v -678.724767987089 -1593.71871573651 -124.438018502779
v -782.40569761139 -1554.27000091754 -120.261321669328
v -781.743373450514 -1548.33724879809 -159.854585996162
v -678.062443826213 -1587.78596361706 -164.031282829613
v -678.724767987089 -1593.71871573651 -124.438018502779
cstype bspline
deg 1
curv 0 5 1889 1890 1891 1892 1893
parm u 0 1 2 3 4 5
end
v -714.158598536859 -1622.8649718978 -127.571371180141
v -817.83952816116 -1583.41625707883 -123.39467434669
v -817.177204000284 -1577.48350495937 -162.987938673524
v -713.496274375983 -1616.93221977835 -167.164635506975
v -714.158598536859 -1622.8649718978 -127.571371180141
cstype bspline
deg 1
curv 0 5 1894 1895 1896 1897 1898
parm u 0 1 2 3 4 5
end
v -980.417447966968 -1531.8515838815 226.277205744737
v -980.729991171153 -1525.55001319363 186.736652830408
v -877.70361082925 -1564.30567601118 179.745811189252
v -877.391067625065 -1570.60724669905 219.286364103581
v -980.417447966968 -1531.8515838815 226.277205744737
cstype bspline
deg 1
curv 0 5 1899 1900 1901 1902 1903
parm u 0 1 2 3 4 5
end
v -1025.54829027161 -1556.88328524951 220.81546540325
v -1025.86083347579 -1550.58171456164 181.274912488921
v -922.834453133888 -1589.33737737919 174.284070847765
v -922.521909929703 -1595.63894806706 213.824623762094
v -1025.54829027161 -1556.88328524951 220.81546540325
cstype bspline
deg 1
curv 0 5 1904 1905 1906 1907 1908
parm u 0 1 2 3 4 5
end
v -568.311926599357 -1686.87423515171 198.313839180113
v -568.624469803542 -1680.57266446384 158.773286265783
v -465.598089461639 -1719.3283272814 151.782444624627
v -465.285546257454 -1725.62989796927 191.322997538957
v -568.311926599357 -1686.87423515171 198.313839180113
cstype bspline
deg 1
curv 0 5 1909 1910 1911 1912 1913
parm u 0 1 2 3 4 5
end
v -613.442768903995 -1711.90593651972 192.852098838626
v -613.75531210818 -1705.60436583185 153.311545924297
v -510.728931766278 -1744.3600286494 146.32070428314
v -510.416388562093 -1750.66159933728 185.86125719747
v -613.442768903995 -1711.90593651972 192.852098838626
cstype bspline
deg 1
curv 0 5 1914 1915 1916 1917 1918
parm u 0 1 2 3 4 5
end
v -984.414243760955 -1477.7840950831 -109.72655638526
v -984.726786965134 -1471.48252439521 -149.267109299589
v -881.033224359975 -1510.4891626498 -156.303222506462
v -880.720681155796 -1516.79073333769 -116.762669592133
v -984.414243760955 -1477.7840950831 -109.72655638526
cstype bspline
deg 1
curv 0 5 1919 1920 1921 1922 1923
parm u 0 1 2 3 4 5
end
v -1029.54508606559 -1502.81579645111 -115.188296726747
v -1029.85762926977 -1496.51422576322 -154.728849641076
v -926.164066664613 -1535.52086401781 -161.764962847949
v -925.851523460435 -1541.8224347057 -122.22440993362
v -1029.54508606559 -1502.81579645111 -115.188296726747
cstype bspline
deg 1
curv 0 5 1924 1925 1926 1927 1928
parm u 0 1 2 3 4 5
end
v -569.63999334032 -1633.81064810146 -137.871009212751
v -569.952536544499 -1627.50907741357 -177.41156212708
v -466.25897393934 -1666.51571566816 -184.447675333953
v -465.946430735162 -1672.81728635605 -144.907122419624
v -569.63999334032 -1633.81064810146 -137.871009212751
cstype bspline
deg 1
curv 0 5 1929 1930 1931 1932 1933
parm u 0 1 2 3 4 5
end
v -614.770835644959 -1658.84234946947 -143.332749554238
v -615.083378849137 -1652.54077878157 -182.873302468567
v -511.389816243979 -1691.54741703616 -189.90941567544
v -511.0772730398 -1697.84898772405 -150.368862761111
v -614.770835644959 -1658.84234946947 -143.332749554238
cstype bspline
deg 1
curv 0 5 1934 1935 1936 1937 1938
parm u 0 1 2 3 4 5
end
v 48.7828836608436 -1928.28416442878 215.783591812477
v 47.928391121448 -1914.52249562457 129.858519602891
v 9.87534607691773 -1900.22155891659 132.527365747164
v 8.75484313747083 -1882.17577193088 19.8531274780836
v 46.8078881820011 -1896.47670863886 17.1842813338103
v 45.9625964908394 -1882.86322021104 -67.8155826235663
v 7.90955144630914 -1868.56228350307 -65.146736479293
v 6.78904850686224 -1850.51649651736 -177.820974748373
v 44.8420935513925 -1864.81743322534 -180.489820892647
v 43.8683645004094 -1849.13545112852 -278.40494028906
v -1346.49632590026 -1326.11887075583 -184.061925016759
v -1349.94927809294 -1402.11997373222 310.694380765383
v 48.7828836608436 -1928.28416442878 215.783591812477
cstype bspline
deg 1
curv 0 13 1939 1940 1941 1942 1943 1944 1945 1946 1947 1948 1949 1950 1951
parm u 0 1 2 3 4 5 6 7 8 9 10 11 12 13
end
v 41.7023600445103 -1967.62933887321 207.739952044254
v 40.7278347245437 -1951.93453280248 109.744762352575
v 2.67478968001346 -1937.63359609451 112.413608496848
v 1.82949798885177 -1924.02010766669 27.4137445394716
v 39.882543033382 -1938.32104437467 24.7448983951983
v 38.7620400939351 -1920.27525738896 -87.9293398738822
v 0.708995049404869 -1905.97432068098 -85.2604937296089
v -0.136296641756825 -1892.36083225317 -170.260357686985
v 37.9167484027734 -1906.66176896114 -172.929203831259
v 36.7878408840761 -1888.48062557295 -286.448580057281
v -1338.39222480412 -1371.1760792775 -193.135915520326
v -1341.84517699679 -1447.17718225389 301.620390261817
v 41.7023600445103 -1967.62933887321 207.739952044254
cstype bspline
deg 1
curv 0 13 1952 1953 1954 1955 1956 1957 1958 1959 1960 1961 1962 1963 1964
parm u 0 1 2 3 4 5 6 7 8 9 10 11 12 13
end
g element_24
v -134.176187627978 -1847.29524071851 150.374685335927
v -264.012304467161 -1797.89495114789 155.605021329584
v -299.446135016932 -1827.04120730918 152.471668652223
v -402.459963660754 -1787.84631232409 156.621491897996
v -367.026133110983 -1758.7000561628 159.754844575358
v -676.067619042447 -1641.11537120754 172.204314312679
v -711.501449592218 -1670.26162736883 169.070961635317
v -814.515278236039 -1631.06673238374 173.22078488109
v -779.081447686268 -1601.92047622245 176.354137558452
v -985.109104973911 -1523.53068625228 184.653784049999
v -1136.7060460483 -1465.85079740924 190.760736081011
v -1206.45561739627 -1072.40949567114 232.825338635017
v -1241.90333638174 -1101.56717582747 229.69075782718
v -1255.93651479756 -1022.40924156721 238.153893316373
v -1220.48879581209 -993.251561410882 241.28847412421
v -1262.58833105956 -755.777758630103 266.677880591789
v -1298.03605004503 -784.935438786433 263.543299783951
v -1312.06922846085 -705.777504526173 272.006435273144
v -1276.62150947538 -676.619824369844 275.141016080982
v -1304.68786630702 -518.303955849325 292.067287059368
v -1323.49997288841 -412.189186127056 303.412500675117
v -1018.41878742941 -533.702502995013 290.541030954243
v -973.389293107936 -508.740388317343 293.23078743183
v -872.609998298954 -548.880609896162 288.978877764988
v -917.639492620432 -573.842724573832 286.289121287401
v -615.301608193488 -694.263389310289 273.533392286874
v -570.27211387201 -669.301274632619 276.22314876446
v -469.492819063029 -709.441496211438 271.971239097618
v -514.522313384507 -734.403610889108 269.281482620031
v -312.963723766544 -814.684054046746 260.777663286347
v 25.0210307909438 -949.302806479129 246.517981792522
v 1.86677890729175 -1079.91025815758 232.534533305233
v 46.9110025559361 -1054.93997827265 235.22516961289
v 33.3551194521647 -1131.40538757765 227.038423004371
v -11.6891041964796 -1156.37566746257 224.347786696714
v -52.3567535077938 -1385.77189537757 199.787546871155
v -7.31252985914945 -1360.80161549264 202.478183178813
v -20.8684129629208 -1437.26702479764 194.291436570293
v -65.9126366115652 -1462.23730468257 191.600800262636
v -93.024402819108 -1615.16812329257 175.227307045597
v -134.176187627978 -1847.29524071851 150.374685335927
cstype bspline
deg 1
curv 0 41 1965 1966 1967 1968 1969 1970 1971 1972 1973 1974 1975 1976 1977 1978 1979 1980 1981 1982 1983 1984 1985 1986 1987 1988 1989 1990 1991 1992 1993 1994 1995 1996 1997 1998 1999 2000 2001 2002 2003 2004 2005
parm u 0 1 2 3 4 5 6 7 8 9 10 11 12 13 14 15 16 17 18 19 20 21 22 23 24 25 26 27 28 29 30 31 32 33 34 35 36 37 38 39 40 41
end
v -134.333908859731 -1853.4199851081 189.947622168943
v -264.674628628037 -1803.82770326735 195.19828565642
v -300.108459177808 -1832.97395942863 192.064932979058
v -403.12228782163 -1793.77906444355 196.214756224832
v -367.688457271859 -1764.63280828226 199.348108902194
v -676.729943203323 -1647.048123327 211.797578639514
v -712.163773753094 -1676.19437948828 208.664225962153
v -815.177602396915 -1636.9994845032 212.814049207926
v -779.743771847144 -1607.85322834191 215.947401885288
v -985.771429134787 -1529.46343837173 224.247048376835
v -1136.15707468525 -1472.24442552449 230.30520441231
v -1206.29135656319 -1076.63306010315 272.601818364076
v -1241.73907554866 -1105.79074025948 269.467237556238
v -1255.77225396448 -1026.63280599922 277.930373045431
v -1220.32453497901 -997.475125842889 281.064953853269
v -1262.42407022648 -760.00132306211 306.454360320847
v -1297.87178921194 -789.15900321844 303.31977951301
v -1311.90496762776 -710.00106895818 311.782915002203
v -1276.4572486423 -680.843388801851 314.91749581004
v -1304.52360547394 -522.527520281332 331.843766788426
v -1323.72123093267 -414.238127174069 343.421479300429
v -1017.69800892763 -536.126655594808 330.510264765858
v -972.668514606152 -511.164540917138 333.200021243445
v -871.88921979717 -551.304762495957 328.948111576602
v -916.918714118648 -576.266877173627 326.258355099016
v -614.580829691704 -696.687541910084 313.502626098489
v -569.551335370226 -671.725427232414 316.192382576075
v -468.772040561245 -711.865648811233 311.940472909233
v -513.801534882723 -736.827763488903 309.250716431646
v -312.24294526476 -817.108206646541 300.746897097961
v 25.5340267792524 -951.644199657488 286.495982012746
v 2.0347316328127 -1084.19795569066 272.304153020861
v 47.078955281457 -1059.22767580573 274.994789328518
v 33.5230721776857 -1135.69308511073 266.808042719998
v -11.5211514709587 -1160.66336499566 264.117406412341
v -52.1888007822728 -1390.05959291065 239.557166586783
v -7.1445771336285 -1365.08931302573 242.24780289444
v -20.7004602373999 -1441.55472233072 234.061056285921
v -65.7446838860442 -1466.52500221565 231.370419978263
v -92.856450093587 -1619.45582082565 214.996926761225
v -134.333908859731 -1853.4199851081 189.947622168943
cstype bspline
deg 1
curv 0 41 2006 2007 2008 2009 2010 2011 2012 2013 2014 2015 2016 2017 2018 2019 2020 2021 2022 2023 2024 2025 2026 2027 2028 2029 2030 2031 2032 2033 2034 2035 2036 2037 2038 2039 2040 2041 2042 2043 2044 2045 2046
parm u 0 1 2 3 4 5 6 7 8 9 10 11 12 13 14 15 16 17 18 19 20 21 22 23 24 25 26 27 28 29 30 31 32 33 34 35 36 37 38 39 40 41
end
g element_25
v -132.835557158047 -1795.23491340702 -185.995277744697
v -263.338725329008 -1745.58082289294 -180.738070163418
v -298.772555878779 -1774.72707905423 -183.871422840779
v -402.45348550308 -1735.27836423526 -179.694726007328
v -367.019654953309 -1706.13210807397 -176.561373329967
v -678.062443826213 -1587.78596361706 -164.031282829613
v -713.496274375983 -1616.93221977835 -167.164635506975
v -817.177204000284 -1577.48350495937 -162.987938673524
v -781.743373450514 -1548.33724879809 -159.854585996162
v -989.105232699116 -1469.43981916014 -151.50119232926
v -1141.37230263423 -1411.50495842966 -145.367244735027
v -1209.86988827296 -1025.12582033903 -104.057690280164
v -1245.31760725843 -1054.28350049536 -107.192271088002
v -1258.6889479018 -978.858841002263 -99.1282770173936
v -1223.24122891633 -949.701160845934 -95.9936962095559
v -1263.35525084643 -723.42718236665 -71.8017139977318
v -1298.8029698319 -752.584862522979 -74.9362948055695
v -1312.17431047527 -677.160203029885 -66.8723007349614
v -1276.7265914898 -648.002522873555 -63.7377199271238
v -1303.46927277653 -497.153203887366 -47.6097317859077
v -1321.61927951218 -394.773187227431 -36.6638176400169
v -1022.75454794665 -513.810501091083 -49.2730132454265
v -977.725053625177 -488.848386413413 -46.5832567678397
v -876.207387538399 -529.282700015344 -50.8663185476208
v -921.236881859876 -554.244814693014 -53.5560750252076
v -616.683883599539 -675.547755498806 -66.405260364551
v -571.654389278062 -650.585640821136 -63.7155038869642
v -470.136723191284 -691.019954423067 -67.9985656667453
v -515.166217512761 -715.982069100737 -70.6883221443321
v -312.130885339203 -796.850696304598 -79.2544457038944
v 20.660564890357 -929.400964463057 -93.2950200793704
v -1.83868600887248 -1056.31371635797 -106.882896618542
v 43.2055376397719 -1031.34343647304 -104.192260310885
v 30.3046554738243 -1104.11414625737 -111.98343499943
v -14.7395681748201 -1129.08442614229 -114.674071307088
v -53.4422146726629 -1347.39655549526 -138.047595372723
v -8.39799102401853 -1322.42627561033 -135.356959065066
v -21.2988731899661 -1395.19698539465 -143.148133753611
v -66.3430968386105 -1420.16726527958 -145.838770061268
v -92.1448611705056 -1565.70868484822 -161.421119438358
v -132.835557158047 -1795.23491340702 -185.995277744697
cstype bspline
deg 1
curv 0 41 2047 2048 2049 2050 2051 2052 2053 2054 2055 2056 2057 2058 2059 2060 2061 2062 2063 2064 2065 2066 2067 2068 2069 2070 2071 2072 2073 2074 2075 2076 2077 2078 2079 2080 2081 2082 2083 2084 2085 2086 2087
parm u 0 1 2 3 4 5 6 7 8 9 10 11 12 13 14 15 16 17 18 19 20 21 22 23 24 25 26 27 28 29 30 31 32 33 34 35 36 37 38 39 40 41
end
v -132.993278389797 -1801.35965779661 -146.422340911683
v -264.001049489884 -1751.5135750124 -141.144805836583
v -299.434880039655 -1780.65983117369 -144.278158513945
v -403.115809663956 -1741.21111635472 -140.101461680494
v -367.681979114185 -1712.06486019343 -136.968109003132
v -678.724767987089 -1593.71871573651 -124.438018502779
v -714.158598536859 -1622.8649718978 -127.571371180141
v -817.83952816116 -1583.41625707883 -123.39467434669
v -782.40569761139 -1554.27000091754 -120.261321669328
v -989.767556859992 -1475.3725712796 -111.907928002426
v -1140.82333127119 -1417.8985865449 -105.822776403728
v -1209.70562743989 -1029.34938477104 -64.281210551107
v -1245.15334642535 -1058.50706492737 -67.4157913589446
v -1258.52468706872 -983.082405434271 -59.3517972883366
v -1223.07696808325 -953.924725277942 -56.2172164804989
v -1263.19099001336 -727.650746798658 -32.0252342686748
v -1298.63870899882 -756.808426954987 -35.1598150765125
v -1312.01004964219 -681.383767461892 -27.0958210059044
v -1276.56233065672 -652.226087305563 -23.9612401980668
v -1303.30501194346 -501.376768319374 -7.83325205685072
v -1321.84053755645 -396.822128274459 3.34516098529162
v -1022.03376944488 -516.234653690893 -9.30377943381443
v -977.004275123399 -491.272539013223 -6.61402295622768
v -875.486609036621 -531.706852615154 -10.8970847360088
v -920.516103358098 -556.668967292824 -13.5868412135956
v -615.963105097762 -677.971908098616 -26.4360265529389
v -570.933610776284 -653.009793420946 -23.7462700753522
v -469.415944689506 -693.444107022877 -28.0293318551333
v -514.445439010983 -718.406221700547 -30.7190883327201
v -311.410106837425 -799.274848904408 -39.2852118922823
v 21.173560878666 -931.742357641433 -53.3170198591494
v -1.67073328334807 -1060.60141389106 -67.1132769029164
v 43.3734903652963 -1035.63113400613 -64.4226405952593
v 30.4726081993487 -1108.40184379045 -72.2138152838044
v -14.5716154492957 -1133.37212367538 -74.9044515914616
v -53.2742619471385 -1351.68425302834 -98.277975657097
v -8.23003829849413 -1326.71397314341 -95.5873393494398
v -21.1309204644417 -1399.48468292773 -103.378514037985
v -66.1751441130861 -1424.45496281266 -106.069150345642
v -91.9769084449812 -1569.9963823813 -121.651499722732
v -132.993278389797 -1801.35965779661 -146.422340911683
cstype bspline
deg 1
curv 0 41 2088 2089 2090 2091 2092 2093 2094 2095 2096 2097 2098 2099 2100 2101 2102 2103 2104 2105 2106 2107 2108 2109 2110 2111 2112 2113 2114 2115 2116 2117 2118 2119 2120 2121 2122 2123 2124 2125 2126 2127 2128
parm u 0 1 2 3 4 5 6 7 8 9 10 11 12 13 14 15 16 17 18 19 20 21 22 23 24 25 26 27 28 29 30 31 32 33 34 35 36 37 38 39 40 41
end
g element_26
v -52.5720241939914 -1621.34018614176 214.85690503375
v -39.0161891690232 -1544.87355393924 223.032301251455
v -39.1851564762016 -1540.59159803555 183.262209919386
v -52.7409915011698 -1617.05823023807 175.086813701681
v -52.5720241939914 -1621.34018614176 214.85690503375
cstype bspline
deg 1
curv 0 5 2129 2130 2131 2132 2133
parm u 0 1 2 3 4 5
end
v -88.0951378350222 -1592.60813671422 217.945979694658
v -74.5393028100539 -1516.1415045117 226.121375912363
v -74.7082701172323 -1511.85954860801 186.351284580294
v -88.2641051422005 -1588.32618081053 178.175888362589
v -88.0951378350222 -1592.60813671422 217.945979694658
cstype bspline
deg 1
curv 0 5 2134 2135 2136 2137 2138
parm u 0 1 2 3 4 5
end
v 1.65131590588157 -1315.47365733167 247.558489904569
v 15.2071509308498 -1239.00702512915 255.733886122273
v 15.0381836236714 -1234.72506922547 215.963794790204
v 1.4823485987032 -1311.19170142799 207.7883985725
v 1.65131590588157 -1315.47365733167 247.558489904569
cstype bspline
deg 1
curv 0 5 2139 2140 2141 2142 2143
parm u 0 1 2 3 4 5
end
v -33.8717977351492 -1286.74160790413 250.647564565477
v -20.3159627101809 -1210.27497570161 258.822960783182
v -20.4849300173593 -1205.99301979793 219.052869451113
v -34.0407650423275 -1282.45965200045 210.877473233408
v -33.8717977351492 -1286.74160790413 250.647564565477
cstype bspline
deg 1
curv 0 5 2144 2145 2146 2147 2148
parm u 0 1 2 3 4 5
end
v -51.6924856648657 -1571.88066835258 -121.792257893666
v -38.7916492546215 -1499.1087947594 -114.011885161239
v -38.9606165618109 -1494.82683885571 -153.78197649331
v -51.861452972055 -1567.59871244889 -161.562349225737
v -51.6924856648657 -1571.88066835258 -121.792257893666
cstype bspline
deg 1
curv 0 5 2149 2150 2151 2152 2153
parm u 0 1 2 3 4 5
end
v -87.2155993058964 -1543.14861892504 -118.703183232757
v -74.3147628956523 -1470.37674533186 -110.922810500331
v -74.4837302028416 -1466.09478942817 -150.692901832402
v -87.3845666130857 -1538.86666302135 -158.473274564828
v -87.2155993058964 -1543.14861892504 -118.703183232757
cstype bspline
deg 1
curv 0 5 2154 2155 2156 2157 2158
parm u 0 1 2 3 4 5
end
v -0.0891400238892359 -1280.79317397986 -90.670766963961
v 12.8116963863549 -1208.02130038668 -82.8903942315348
v 12.6427290791655 -1203.73934448299 -122.660485563606
v -0.258107331078541 -1276.51121807617 -130.440858296032
v -0.0891400238892359 -1280.79317397986 -90.670766963961
cstype bspline
deg 1
curv 0 5 2159 2160 2161 2162 2163
parm u 0 1 2 3 4 5
end
v -35.61225366492 -1252.06112455232 -87.5816923030525
v -22.7114172546759 -1179.28925095914 -79.8013195706263
v -22.8803845618652 -1175.00729505545 -119.571410902697
v -35.7812209721093 -1247.77916864863 -127.351783635123
v -35.61225366492 -1252.06112455232 -87.5816923030525
cstype bspline
deg 1
curv 0 5 2164 2165 2166 2167 2168
parm u 0 1 2 3 4 5
end
v 47.078955281457 -1059.22767580573 274.994789328518
v 46.9110025559361 -1054.93997827265 235.22516961289
v 33.3551194521647 -1131.40538757765 227.038423004371
v 33.5230721776857 -1135.69308511073 266.808042719998
v 47.078955281457 -1059.22767580573 274.994789328518
cstype bspline
deg 1
curv 0 5 2169 2170 2171 2172 2173
parm u 0 1 2 3 4 5
end
v 2.0347316328127 -1084.19795569066 272.304153020861
v 1.86677890729175 -1079.91025815758 232.534533305233
v -11.6891041964796 -1156.37566746257 224.347786696714
v -11.5211514709587 -1160.66336499566 264.117406412341
v 2.0347316328127 -1084.19795569066 272.304153020861
cstype bspline
deg 1
curv 0 5 2174 2175 2176 2177 2178
parm u 0 1 2 3 4 5
end
v -7.1445771336285 -1365.08931302573 242.24780289444
v -7.31252985914945 -1360.80161549264 202.478183178813
v -20.8684129629208 -1437.26702479764 194.291436570293
v -20.7004602373999 -1441.55472233072 234.061056285921
v -7.1445771336285 -1365.08931302573 242.24780289444
cstype bspline
deg 1
curv 0 5 2179 2180 2181 2182 2183
parm u 0 1 2 3 4 5
end
v -52.1888007822728 -1390.05959291065 239.557166586783
v -52.3567535077938 -1385.77189537757 199.787546871155
v -65.9126366115652 -1462.23730468257 191.600800262636
v -65.7446838860442 -1466.52500221565 231.370419978263
v -52.1888007822728 -1390.05959291065 239.557166586783
cstype bspline
deg 1
curv 0 5 2184 2185 2186 2187 2188
parm u 0 1 2 3 4 5
end
v 43.3734903652963 -1035.63113400613 -64.4226405952593
v 43.2055376397719 -1031.34343647304 -104.192260310885
v 30.3046554738243 -1104.11414625737 -111.98343499943
v 30.4726081993487 -1108.40184379045 -72.2138152838044
v 43.3734903652963 -1035.63113400613 -64.4226405952593
cstype bspline
deg 1
curv 0 5 2189 2190 2191 2192 2193
parm u 0 1 2 3 4 5
end
v -1.67073328334807 -1060.60141389106 -67.1132769029164
v -1.83868600887248 -1056.31371635797 -106.882896618542
v -14.7395681748201 -1129.08442614229 -114.674071307088
v -14.5716154492957 -1133.37212367538 -74.9044515914616
v -1.67073328334807 -1060.60141389106 -67.1132769029164
cstype bspline
deg 1
curv 0 5 2194 2195 2196 2197 2198
parm u 0 1 2 3 4 5
end
v -8.23003829849413 -1326.71397314341 -95.5873393494398
v -8.39799102401853 -1322.42627561033 -135.356959065066
v -21.2988731899661 -1395.19698539465 -143.148133753611
v -21.1309204644417 -1399.48468292773 -103.378514037985
v -8.23003829849413 -1326.71397314341 -95.5873393494398
cstype bspline
deg 1
curv 0 5 2199 2200 2201 2202 2203
parm u 0 1 2 3 4 5
end
v -53.2742619471385 -1351.68425302834 -98.277975657097
v -53.4422146726629 -1347.39655549526 -138.047595372723
v -66.3430968386105 -1420.16726527958 -145.838770061268
v -66.1751441130861 -1424.45496281266 -106.069150345642
v -53.2742619471385 -1351.68425302834 -98.277975657097
cstype bspline
deg 1
curv 0 5 2204 2205 2206 2207 2208
parm u 0 1 2 3 4 5
end
v -96.5196464405308 -1877.08475837957 247.774181972973
v -94.5481310435862 -1800.52545350978 -246.887528439712
v 57.8296575356033 -940.999749171369 -154.86266113193
v 59.3061929234701 -947.73888546791 -39.7956169305942
v 66.2039482288421 -906.732638079894 -51.5249824438565
v 67.665973196411 -913.405546569834 62.4112584001581
v 60.4091240393554 -952.772833977864 46.1562840569958
v 61.8711490069243 -959.445742467804 160.09252490101
v 68.7689043122963 -918.439495079788 148.363159387748
v 70.2309292798652 -925.112403569728 262.299400231763
v 62.9740801228096 -964.479690977758 246.0444258886
v 64.2421073894057 -970.267163900888 344.862341620853
v -96.5196464405308 -1877.08475837957 247.774181972973
cstype bspline
deg 1
curv 0 13 2209 2210 2211 2212 2213 2214 2215 2216 2217 2218 2219 2220 2221
parm u 0 1 2 3 4 5 6 7 8 9 10 11 12 13
end
v -134.570490707367 -1862.60710169244 249.307027418469
v -132.598975310408 -1786.04779682265 -245.354682994216
v 19.8910709078997 -925.888874695518 -153.262020409702
v 21.3646806658834 -932.614657963952 -38.4229718160939
v 28.2624359712554 -891.608410575936 -50.1523373293562
v 29.7244609388243 -898.281319065876 63.7839035146584
v 22.4676117817687 -937.648606473906 47.5289291714961
v 23.9296367493376 -944.321514963846 161.465170015511
v 30.8273920547096 -903.31526757583 149.735804502248
v 32.2894170222785 -909.988176065769 263.672045346263
v 25.0325678652229 -949.3554634738 247.417071003101
v 26.3035207617022 -955.156289425037 346.462982343081
v -134.570490707367 -1862.60710169244 249.307027418469
cstype bspline
deg 1
curv 0 13 2222 2223 2224 2225 2226 2227 2228 2229 2230 2231 2232 2233 2234
parm u 0 1 2 3 4 5 6 7 8 9 10 11 12 13
end
g element_27
v -272.748910617787 -791.201295682489 327.253101577228
v -373.527337524542 -750.834254244821 327.253101577228
v -372.78967456024 -748.992640133852 287.253101577228
v -272.011247653485 -789.359681571519 287.253101577228
v -272.748910617787 -791.201295682489 327.253101577228
cstype bspline
deg 1
curv 0 5 2235 2236 2237 2238 2239
parm u 0 1 2 3 4 5
end
v -308.248437041592 -820.124368012721 327.253101577228
v -409.026863948347 -779.757326575053 327.253101577228
v -408.289200984046 -777.915712464084 287.253101577228
v -307.510774077291 -818.282753901751 287.253101577228
v -308.248437041592 -820.124368012721 327.253101577228
cstype bspline
deg 1
curv 0 5 2240 2241 2242 2243 2244
parm u 0 1 2 3 4 5
end
v -675.862618244806 -629.733129931819 327.253101577228
v -776.641045151561 -589.366088494152 327.253101577228
v -775.90338218726 -587.524474383183 287.253101577228
v -675.124955280505 -627.89151582085 287.253101577228
v -675.862618244806 -629.733129931819 327.253101577228
cstype bspline
deg 1
curv 0 5 2245 2246 2247 2248 2249
parm u 0 1 2 3 4 5
end
v -711.362144668612 -658.656202262052 327.253101577228
v -812.140571575367 -618.289160824384 327.253101577228
v -811.402908611066 -616.447546713415 287.253101577228
v -710.624481704311 -656.814588151082 287.253101577228
v -711.362144668612 -658.656202262052 327.253101577228
cstype bspline
deg 1
curv 0 5 2250 2251 2252 2253 2254
parm u 0 1 2 3 4 5
end
v -271.916078744517 -773.369650807511 -12.746898422772
v -373.432870570282 -732.706855524537 -12.746898422772
v -372.695207605997 -730.865241413608 -52.746898422772
v -271.178415780232 -771.528036696582 -52.746898422772
v -271.916078744517 -773.369650807511 -12.746898422772
cstype bspline
deg 1
curv 0 5 2255 2256 2257 2258 2259
parm u 0 1 2 3 4 5
end
v -307.415605168323 -802.292723137743 -12.746898422772
v -408.932396994088 -761.629927854769 -12.746898422772
v -408.194734029803 -759.78831374384 -52.746898422772
v -306.677942204038 -800.451109026815 -52.746898422772
v -307.415605168323 -802.292723137743 -12.746898422772
cstype bspline
deg 1
curv 0 5 2260 2261 2262 2263 2264
parm u 0 1 2 3 4 5
end
v -677.983246047577 -610.718469675613 -12.746898422772
v -779.500037873342 -570.055674392638 -12.746898422772
v -778.762374909057 -568.21406028171 -52.746898422772
v -677.245583083292 -608.876855564684 -52.746898422772
v -677.983246047577 -610.718469675613 -12.746898422772
cstype bspline
deg 1
curv 0 5 2265 2266 2267 2268 2269
parm u 0 1 2 3 4 5
end
v -713.482772471383 -639.641542005845 -12.746898422772
v -814.999564297148 -598.97874672287 -12.746898422772
v -814.261901332863 -597.137132611942 -52.746898422772
v -712.745109507098 -637.799927894917 -52.746898422772
v -713.482772471383 -639.641542005845 -12.746898422772
cstype bspline
deg 1
curv 0 5 2270 2271 2272 2273 2274
parm u 0 1 2 3 4 5
end
v -972.668514606152 -511.164540917138 333.200021243445
v -973.389293107936 -508.740388317343 293.23078743183
v -872.609998298954 -548.880609896162 288.978877764988
v -871.88921979717 -551.304762495957 328.948111576602
v -972.668514606152 -511.164540917138 333.200021243445
cstype bspline
deg 1
curv 0 5 2275 2276 2277 2278 2279
parm u 0 1 2 3 4 5
end
v -1017.69800892763 -536.126655594808 330.510264765858
v -1018.41878742941 -533.702502995013 290.541030954243
v -917.639492620432 -573.842724573832 286.289121287401
v -916.918714118648 -576.266877173627 326.258355099016
v -1017.69800892763 -536.126655594808 330.510264765858
cstype bspline
deg 1
curv 0 5 2280 2281 2282 2283 2284
parm u 0 1 2 3 4 5
end
v -569.551335370226 -671.725427232414 316.192382576075
v -570.27211387201 -669.301274632619 276.22314876446
v -469.492819063029 -709.441496211438 271.971239097618
v -468.772040561245 -711.865648811233 311.940472909233
v -569.551335370226 -671.725427232414 316.192382576075
cstype bspline
deg 1
curv 0 5 2285 2286 2287 2288 2289
parm u 0 1 2 3 4 5
end
v -614.580829691704 -696.687541910084 313.502626098489
v -615.301608193488 -694.263389310289 273.533392286874
v -514.522313384507 -734.403610889108 269.281482620031
v -513.801534882723 -736.827763488903 309.250716431646
v -614.580829691704 -696.687541910084 313.502626098489
cstype bspline
deg 1
curv 0 5 2290 2291 2292 2293 2294
parm u 0 1 2 3 4 5
end
v -977.004275123399 -491.272539013223 -6.61402295622768
v -977.725053625177 -488.848386413413 -46.5832567678397
v -876.207387538399 -529.282700015344 -50.8663185476208
v -875.486609036621 -531.706852615154 -10.8970847360088
v -977.004275123399 -491.272539013223 -6.61402295622768
cstype bspline
deg 1
curv 0 5 2295 2296 2297 2298 2299
parm u 0 1 2 3 4 5
end
v -1022.03376944488 -516.234653690893 -9.30377943381443
v -1022.75454794665 -513.810501091083 -49.2730132454265
v -921.236881859876 -554.244814693014 -53.5560750252076
v -920.516103358098 -556.668967292824 -13.5868412135956
v -1022.03376944488 -516.234653690893 -9.30377943381443
cstype bspline
deg 1
curv 0 5 2300 2301 2302 2303 2304
parm u 0 1 2 3 4 5
end
v -570.933610776284 -653.009793420946 -23.7462700753522
v -571.654389278062 -650.585640821136 -63.7155038869642
v -470.136723191284 -691.019954423067 -67.9985656667453
v -469.415944689506 -693.444107022877 -28.0293318551333
v -570.933610776284 -653.009793420946 -23.7462700753522
cstype bspline
deg 1
curv 0 5 2305 2306 2307 2308 2309
parm u 0 1 2 3 4 5
end
v -615.963105097762 -677.971908098616 -26.4360265529389
v -616.683883599539 -675.547755498806 -66.405260364551
v -515.166217512761 -715.982069100737 -70.6883221443321
v -514.445439010983 -718.406221700547 -30.7190883327201
v -615.963105097762 -677.971908098616 -26.4360265529389
cstype bspline
deg 1
curv 0 5 2310 2311 2312 2313 2314
parm u 0 1 2 3 4 5
end
v 71.3454208881734 -930.199115958376 349.152215415877
v 70.2309292798652 -925.112403569728 262.299400231763
v 32.2894170222785 -909.988176065769 263.672045346263
v 30.8273920547096 -903.31526757583 149.735804502248
v 68.7689043122963 -918.439495079788 148.363159387748
v 67.665973196411 -913.405546569834 62.4112584001581
v 29.7244609388243 -898.281319065876 63.7839035146584
v 28.2624359712554 -891.608410575936 -50.1523373293562
v 66.2039482288421 -906.732638079894 -51.5249824438565
v 64.9329710343709 -900.931701228857 -150.572787336905
v -1329.47003731786 -345.543356514594 -91.7424924640884
v -1332.23576287116 -371.155119602277 408.369740352286
v 71.3454208881734 -930.199115958376 349.152215415877
cstype bspline
deg 1
curv 0 13 2315 2316 2317 2318 2319 2320 2321 2322 2323 2324 2325 2326 2327
parm u 0 1 2 3 4 5 6 7 8 9 10 11 12 13
end
v 64.2421073894058 -970.267163900887 344.862341620852
v 62.9740801228096 -964.479690977758 246.0444258886
v 25.0325678652229 -949.3554634738 247.417071003101
v 23.9296367493376 -944.321514963846 161.465170015511
v 61.8711490069243 -959.445742467804 160.09252490101
v 60.4091240393554 -952.772833977864 46.1562840569958
v 22.4676117817687 -937.648606473906 47.5289291714961
v 21.3646806658834 -932.614657963952 -38.4229718160939
v 59.3061929234701 -947.73888546791 -39.7956169305942
v 57.8296575356033 -940.999749171369 -154.86266113193
v -1321.28739244579 -391.699775656889 -96.6772855779775
v -1324.05311799907 -417.311538744587 403.434947238395
v 64.2421073894058 -970.267163900887 344.862341620852
cstype bspline
deg 1
curv 0 13 2328 2329 2330 2331 2332 2333 2334 2335 2336 2337 2338 2339 2340
parm u 0 1 2 3 4 5 6 7 8 9 10 11 12 13
end
g element_28
v -144.122845026861 -840.585689028478 287.253101577228
v -272.011247653485 -789.359681571519 287.253101577228
v -307.510774077291 -818.282753901751 287.253101577228
v -408.289200984046 -777.915712464084 287.253101577228
v -372.78967456024 -748.992640133852 287.253101577228
v -675.124955280505 -627.89151582085 287.253101577228
v -710.624481704311 -656.814588151082 287.253101577228
v -811.402908611066 -616.447546713415 287.253101577228
v -775.90338218726 -587.524474383183 287.253101577228
v -977.46023600077 -506.790391507848 287.253101577228
v -1126.52680689884 -447.081417780952 287.253101577228
v -1200.17104498652 -29.2901271997465 287.253101577228
v -1235.68740968384 -58.2269184341908 287.253101577228
v -1251.6952840395 32.587389109503 287.253101577228
v -1216.17891934219 61.5241803439474 287.253101577228
v -1264.20254240919 333.967102975029 287.253101577228
v -1299.7189071065 305.030311740585 287.253101577228
v -1315.72678146217 395.844619284279 287.253101577228
v -1280.21041676485 424.781410518723 287.253101577228
v -1312.22616547619 606.410025606111 287.253101577228
v -1333.04609405469 724.523608643867 287.253101577228
v -1026.56246795441 601.760280226745 287.253101577228
v -981.535552576108 626.867241708766 287.253101577228
v -878.562823961037 585.621074460527 287.253101577228
v -923.589739339339 560.514112978505 287.253101577228
v -614.671553494126 436.775611233786 287.253101577228
v -569.644638115824 461.882572715807 287.253101577228
v -466.671909500753 420.636405467567 287.253101577228
v -511.698824879055 395.529443985546 287.253101577228
v -305.753367648914 313.037109489066 287.253101577228
v 35.1564738898451 176.484213107717 287.253101577228
v 9.54974134484713 31.2146018612081 287.253101577228
v 54.5941381967904 56.331310994866 287.253101577228
v 38.5866280754315 -34.4809302103718 287.253101577228
v -6.4577687765118 -59.5976393440298 287.253101577228
v -54.4802991405886 -332.034362959744 287.253101577228
v -9.43590228864531 -306.917653826086 287.253101577228
v -25.4434124100042 -397.729895031323 287.253101577228
v -70.4878092619475 -422.846604164981 287.253101577228
v -102.502829504665 -604.471086575457 287.253101577228
v -144.122845026861 -840.585689028478 287.253101577228
cstype bspline
deg 1
curv 0 41 2341 2342 2343 2344 2345 2346 2347 2348 2349 2350 2351 2352 2353 2354 2355 2356 2357 2358 2359 2360 2361 2362 2363 2364 2365 2366 2367 2368 2369 2370 2371 2372 2373 2374 2375 2376 2377 2378 2379 2380 2381
parm u 0 1 2 3 4 5 6 7 8 9 10 11 12 13 14 15 16 17 18 19 20 21 22 23 24 25 26 27 28 29 30 31 32 33 34 35 36 37 38 39 40 41
end
v -144.307827440237 -842.648680664239 327.253101577228
v -272.748910617787 -791.201295682489 327.253101577228
v -308.248437041592 -820.124368012721 327.253101577228
v -409.026863948347 -779.757326575053 327.253101577228
v -373.527337524542 -750.834254244821 327.253101577228
v -675.862618244806 -629.733129931819 327.253101577228
v -711.362144668612 -658.656202262052 327.253101577228
v -812.140571575367 -618.289160824384 327.253101577228
v -776.641045151561 -589.366088494152 327.253101577228
v -978.197898965071 -508.632005618818 327.253101577228
v -1125.92924890622 -449.457857859647 327.253101577228
v -1199.99776700245 -29.2595834201076 327.253101577228
v -1235.51413169976 -58.196374654552 327.253101577228
v -1251.52200605543 32.6179328891419 327.253101577228
v -1216.00564135811 61.5547241235863 327.253101577228
v -1264.02926442511 333.997646754668 327.253101577228
v -1299.54562912243 305.060855520224 327.253101577228
v -1315.55350347809 395.875163063918 327.253101577228
v -1280.03713878078 424.811954298362 327.253101577228
v -1312.05288749211 606.44056938575 327.253101577228
v -1333.2598110242 726.749614353791 327.253101577228
v -1025.82365870029 603.604747480259 327.253101577228
v -980.796743321992 628.711708962281 327.253101577228
v -877.824014706921 587.465541714041 327.253101577228
v -922.850930085223 562.358580232019 327.253101577228
v -613.93274424001 438.6200784873 327.253101577228
v -568.905828861709 463.727039969321 327.253101577228
v -465.933100246638 422.480872721082 327.253101577228
v -510.96001562494 397.37391123906 327.253101577228
v -305.014558394798 314.881576742581 327.253101577228
v 35.6757604116198 178.416611131395 327.253101577228
v 9.72301932892674 31.1840580815683 327.253101577228
v 54.76741618087 56.3007672152262 327.253101577228
v 38.7599060595111 -34.5114739900116 327.253101577228
v -6.28449079243219 -59.6281831236696 327.253101577228
v -54.307021156509 -332.064906739383 327.253101577228
v -9.26262430456571 -306.948197605725 327.253101577228
v -25.2701344259246 -397.760438810963 327.253101577228
v -70.3145312778679 -422.877147944621 327.253101577228
v -102.329551520586 -604.501630355097 327.253101577228
v -144.307827440237 -842.648680664239 327.253101577228
cstype bspline
deg 1
curv 0 41 2382 2383 2384 2385 2386 2387 2388 2389 2390 2391 2392 2393 2394 2395 2396 2397 2398 2399 2400 2401 2402 2403 2404 2405 2406 2407 2408 2409 2410 2411 2412 2413 2414 2415 2416 2417 2418 2419 2420 2421 2422
parm u 0 1 2 3 4 5 6 7 8 9 10 11 12 13 14 15 16 17 18 19 20 21 22 23 24 25 26 27 28 29 30 31 32 33 34 35 36 37 38 39 40 41
end
g element_29
v -142.550494513169 -823.050260124743 -52.746898422772
v -271.178415780232 -771.528036696582 -52.746898422772
v -306.677942204038 -800.451109026815 -52.746898422772
v -408.194734029803 -759.78831374384 -52.746898422772
v -372.695207605997 -730.865241413608 -52.746898422772
v -677.245583083292 -608.876855564684 -52.746898422772
v -712.745109507098 -637.799927894917 -52.746898422772
v -814.261901332863 -597.137132611942 -52.746898422772
v -778.762374909057 -568.21406028171 -52.746898422772
v -981.795958560587 -486.888469715761 -52.746898422772
v -1131.60604983605 -426.881677112295 -52.746898422772
v -1203.88860113176 -16.8153748934653 -52.746898422772
v -1239.40496582908 -45.7521661279096 -52.746898422772
v -1254.72109850715 41.1378201690222 -52.746898422772
v -1219.20473380984 70.0746114034666 -52.746898422772
v -1265.15313184407 330.744570294262 -52.746898422772
v -1300.66949654138 301.807779059818 -52.746898422772
v -1315.98562921946 388.69776535675 -52.746898422772
v -1280.46926452214 417.634556591194 -52.746898422772
v -1311.1015298783 591.414529185058 -52.746898422772
v -1331.22949981388 705.602560109561 -52.746898422772
v -1030.88256858588 585.297311093246 -52.746898422772
v -985.855653207574 610.404272575267 -52.746898422772
v -882.14439477876 568.862284048665 -52.746898422772
v -927.171310157062 543.755322566644 -52.746898422772
v -616.03753487062 419.129356986838 -52.746898422772
v -571.010619492319 444.236318468859 -52.746898422772
v -467.299361063505 402.694329942257 -52.746898422772
v -512.326276441806 377.587368460236 -52.746898422772
v -304.903759584179 294.503391407032 -52.746898422772
v 30.7425384548042 160.058829906484 -52.746898422772
v 5.82749335154323 18.7132322211995 -52.746898422772
v 50.8718902034865 43.8299413548575 -52.746898422772
v 35.5560675238648 -43.0582862891544 -52.746898422772
v -9.48832932807847 -68.1749954228124 -52.746898422772
v -55.4357973669436 -328.839678354848 -52.746898422772
v -10.3914005150003 -303.72296922119 -52.746898422772
v -25.707223194622 -390.611196865202 -52.746898422772
v -70.7516200465653 -415.72790599886 -52.746898422772
v -101.383265405809 -589.504361286884 -52.746898422772
v -142.550494513169 -823.050260124743 -52.746898422772
cstype bspline
deg 1
curv 0 41 2423 2424 2425 2426 2427 2428 2429 2430 2431 2432 2433 2434 2435 2436 2437 2438 2439 2440 2441 2442 2443 2444 2445 2446 2447 2448 2449 2450 2451 2452 2453 2454 2455 2456 2457 2458 2459 2460 2461 2462 2463
parm u 0 1 2 3 4 5 6 7 8 9 10 11 12 13 14 15 16 17 18 19 20 21 22 23 24 25 26 27 28 29 30 31 32 33 34 35 36 37 38 39 40 41
end
v -142.735476926551 -825.113251760455 -12.746898422772
v -271.916078744517 -773.369650807511 -12.746898422772
v -307.415605168323 -802.292723137743 -12.746898422772
v -408.932396994088 -761.629927854769 -12.746898422772
v -373.432870570282 -732.706855524537 -12.746898422772
v -677.983246047577 -610.718469675613 -12.746898422772
v -713.482772471383 -639.641542005845 -12.746898422772
v -814.999564297148 -598.97874672287 -12.746898422772
v -779.500037873342 -570.055674392638 -12.746898422772
v -982.533621524872 -488.730083826689 -12.746898422772
v -1131.00849184344 -429.258117190939 -12.746898422772
v -1203.71532314769 -16.7848311138264 -12.746898422772
v -1239.231687845 -45.7216223482707 -12.746898422772
v -1254.54782052308 41.1683639486611 -12.746898422772
v -1219.03145582577 70.1051551831055 -12.746898422772
v -1264.97985385999 330.775114073901 -12.746898422772
v -1300.49621855731 301.838322839457 -12.746898422772
v -1315.81235123538 388.728309136389 -12.746898422772
v -1280.29598653807 417.665100370833 -12.746898422772
v -1310.92825189422 591.445072964697 -12.746898422772
v -1331.44321678339 707.828565819466 -12.746898422772
v -1030.14375933177 587.141778346745 -12.746898422772
v -985.116843953465 612.248739828767 -12.746898422772
v -881.405585524651 570.706751302165 -12.746898422772
v -926.432500902952 545.599789820144 -12.746898422772
v -615.298725616511 420.973824240338 -12.746898422772
v -570.271810238209 446.080785722359 -12.746898422772
v -466.560551809395 404.538797195757 -12.746898422772
v -511.587467187697 379.431835713736 -12.746898422772
v -304.164950330069 296.347858660532 -12.746898422772
v 31.2618249765624 161.991227930151 -12.746898422772
v 6.00077133560853 18.6826884415623 -12.746898422772
v 51.0451681875518 43.7993975752203 -12.746898422772
v 35.7293455079301 -43.0888300687916 -12.746898422772
v -9.31505134401317 -68.2055392024496 -12.746898422772
v -55.2625193828783 -328.870222134485 -12.746898422772
v -10.218122530935 -303.753513000827 -12.746898422772
v -25.5339452105567 -390.641740644839 -12.746898422772
v -70.5783420625 -415.758449778497 -12.746898422772
v -101.209987421743 -589.534905066521 -12.746898422772
v -142.735476926551 -825.113251760455 -12.746898422772
cstype bspline
deg 1
curv 0 41 2464 2465 2466 2467 2468 2469 2470 2471 2472 2473 2474 2475 2476 2477 2478 2479 2480 2481 2482 2483 2484 2485 2486 2487 2488 2489 2490 2491 2492 2493 2494 2495 2496 2497 2498 2499 2500 2501 2502 2503 2504
parm u 0 1 2 3 4 5 6 7 8 9 10 11 12 13 14 15 16 17 18 19 20 21 22 23 24 25 26 27 28 29 30 31 32 33 34 35 36 37 38 39 40 41
end
g element_30
v -62.0456331034608 -606.391601997902 327.253101577228
v -46.0381229821012 -515.579360792664 327.253101577228
v -46.2114009661635 -515.548817013027 287.253101577228
v -62.2189110875231 -606.361058218265 287.253101577228
v -62.0456331034608 -606.391601997902 327.253101577228
cstype bspline
deg 1
curv 0 5 2505 2506 2507 2508 2509
parm u 0 1 2 3 4 5
end
v -97.5690730857998 -577.49494957863 327.253101577228
v -81.5615629644402 -486.682708373393 327.253101577228
v -81.7348409485025 -486.652164593756 287.253101577228
v -97.7423510698621 -577.464405798994 287.253101577228
v -97.5690730857998 -577.49494957863 327.253101577228
cstype bspline
deg 1
curv 0 5 2510 2511 2512 2513 2514
parm u 0 1 2 3 4 5
end
v 1.98440738197773 -243.14263717695 327.253101577228
v 17.9919175033374 -152.330395971713 327.253101577228
v 17.8186395192751 -152.299852192076 287.253101577228
v 1.81112939791542 -243.112093397314 287.253101577228
v 1.98440738197773 -243.14263717695 327.253101577228
cstype bspline
deg 1
curv 0 5 2515 2516 2517 2518 2519
parm u 0 1 2 3 4 5
end
v -33.5390326003613 -214.245984757679 327.253101577228
v -17.5315224790016 -123.433743552441 327.253101577228
v -17.7048004630639 -123.403199772804 287.253101577228
v -33.7123105844236 -214.215440978042 287.253101577228
v -33.5390326003613 -214.245984757679 327.253101577228
cstype bspline
deg 1
curv 0 5 2520 2521 2522 2523 2524
parm u 0 1 2 3 4 5
end
v -60.9260690045891 -591.424876709329 -12.746898422772
v -45.6102463249679 -504.536649065317 -12.746898422772
v -45.7835243090459 -504.506105285678 -52.746898422772
v -61.0993469886671 -591.39433292969 -52.746898422772
v -60.9260690045891 -591.424876709329 -12.746898422772
cstype bspline
deg 1
curv 0 5 2525 2526 2527 2528 2529
parm u 0 1 2 3 4 5
end
v -96.449508986928 -562.528224290058 -12.746898422772
v -81.1336863073068 -475.639996646046 -12.746898422772
v -81.3069642913849 -475.609452866407 -52.746898422772
v -96.6227869710061 -562.497680510419 -52.746898422772
v -96.449508986928 -562.528224290058 -12.746898422772
cstype bspline
deg 1
curv 0 5 2530 2531 2532 2533 2534
parm u 0 1 2 3 4 5
end
v 0.337221713895623 -243.871966133281 -12.746898422772
v 15.6530443935168 -156.98373848927 -12.746898422772
v 15.4797664094387 -156.95319470963 -52.746898422772
v 0.163943729817568 -243.841422353642 -52.746898422772
v 0.337221713895623 -243.871966133281 -12.746898422772
cstype bspline
deg 1
curv 0 5 2535 2536 2537 2538 2539
parm u 0 1 2 3 4 5
end
v -35.1862182684433 -214.97531371401 -12.746898422772
v -19.8703955888222 -128.087086069998 -12.746898422772
v -20.0436735729002 -128.056542290359 -52.746898422772
v -35.3594962525214 -214.944769934371 -52.746898422772
v -35.1862182684433 -214.97531371401 -12.746898422772
cstype bspline
deg 1
curv 0 5 2540 2541 2542 2543 2544
parm u 0 1 2 3 4 5
end
v 54.76741618087 56.3007672152262 327.253101577228
v 54.5941381967904 56.331310994866 287.253101577228
v 38.5866280754315 -34.4809302103718 287.253101577228
v 38.7599060595111 -34.5114739900116 327.253101577228
v 54.76741618087 56.3007672152262 327.253101577228
cstype bspline
deg 1
curv 0 5 2545 2546 2547 2548 2549
parm u 0 1 2 3 4 5
end
v 9.72301932892674 31.1840580815683 327.253101577228
v 9.54974134484713 31.2146018612081 287.253101577228
v -6.4577687765118 -59.5976393440298 287.253101577228
v -6.28449079243219 -59.6281831236696 327.253101577228
v 9.72301932892674 31.1840580815683 327.253101577228
cstype bspline
deg 1
curv 0 5 2550 2551 2552 2553 2554
parm u 0 1 2 3 4 5
end
v -9.26262430456571 -306.948197605725 327.253101577228
v -9.43590228864531 -306.917653826086 287.253101577228
v -25.4434124100042 -397.729895031323 287.253101577228
v -25.2701344259246 -397.760438810963 327.253101577228
v -9.26262430456571 -306.948197605725 327.253101577228
cstype bspline
deg 1
curv 0 5 2555 2556 2557 2558 2559
parm u 0 1 2 3 4 5
end
v -54.307021156509 -332.064906739383 327.253101577228
v -54.4802991405886 -332.034362959744 287.253101577228
v -70.4878092619475 -422.846604164981 287.253101577228
v -70.3145312778679 -422.877147944621 327.253101577228
v -54.307021156509 -332.064906739383 327.253101577228
cstype bspline
deg 1
curv 0 5 2560 2561 2562 2563 2564
parm u 0 1 2 3 4 5
end
v 51.0451681875518 43.7993975752203 -12.746898422772
v 50.8718902034865 43.8299413548575 -52.746898422772
v 35.5560675238648 -43.0582862891544 -52.746898422772
v 35.7293455079301 -43.0888300687916 -12.746898422772
v 51.0451681875518 43.7993975752203 -12.746898422772
cstype bspline
deg 1
curv 0 5 2565 2566 2567 2568 2569
parm u 0 1 2 3 4 5
end
v 6.00077133560853 18.6826884415623 -12.746898422772
v 5.82749335154323 18.7132322211995 -52.746898422772
v -9.48832932807847 -68.1749954228124 -52.746898422772
v -9.31505134401317 -68.2055392024496 -12.746898422772
v 6.00077133560853 18.6826884415623 -12.746898422772
cstype bspline
deg 1
curv 0 5 2570 2571 2572 2573 2574
parm u 0 1 2 3 4 5
end
v -10.218122530935 -303.753513000827 -12.746898422772
v -10.3914005150003 -303.72296922119 -52.746898422772
v -25.707223194622 -390.611196865202 -52.746898422772
v -25.5339452105567 -390.641740644839 -12.746898422772
v -10.218122530935 -303.753513000827 -12.746898422772
cstype bspline
deg 1
curv 0 5 2575 2576 2577 2578 2579
parm u 0 1 2 3 4 5
end
v -55.2625193828783 -328.870222134485 -12.746898422772
v -55.4357973669436 -328.839678354848 -52.746898422772
v -70.7516200465653 -415.72790599886 -52.746898422772
v -70.5783420625 -415.758449778497 -12.746898422772
v -55.2625193828783 -328.870222134485 -12.746898422772
cstype bspline
deg 1
curv 0 5 2580 2581 2582 2583 2584
parm u 0 1 2 3 4 5
end
v -106.646897774488 -860.93948685909 387.253101577228
v -104.334617607296 -835.152091412398 -112.746898422772
v 67.9020002516616 141.963847718656 -112.746898422772
v 69.396728024655 147.526112236174 2.39013751630313
v 76.2918214641733 187.048966821179 -13.6437107773433
v 77.7717832516475 192.556283328227 100.355919517628
v 70.513190425732 151.680754513421 88.3898586160184
v 71.9931522132062 157.188071020469 202.38948891099
v 78.8882456527245 196.710925605474 186.355640617343
v 80.3682074401987 202.218242112522 300.355270912315
v 73.1096146142832 161.342713297716 288.389210010705
v 74.3930817737894 166.118823014621 387.253101577228
v -106.646897774488 -860.93948685909 387.253101577228
cstype bspline
deg 1
curv 0 13 2585 2586 2587 2588 2589 2590 2591 2592 2593 2594 2595 2596 2597
parm u 0 1 2 3 4 5 6 7 8 9 10 11 12 13
end
v -144.585301060302 -845.743168117842 387.253101577228
v -142.273020893103 -819.955772671135 -112.746898422772
v 29.96360867215 157.160232870955 -112.746898422772
v 31.4552075993945 162.710854152825 2.14912638909328
v 38.3503010389129 202.23370873783 -13.8847219045531
v 39.8302628263871 207.741025244878 100.114908390418
v 32.5716700004715 166.865496430072 88.1488474888086
v 34.0516317879457 172.37281293712 202.14847778378
v 40.9467252274641 211.895667522125 186.114629490134
v 42.4266870149383 217.402984029173 300.114259785105
v 35.1680941890227 176.527455214367 288.148198883495
v 36.4546901942778 181.315208166919 387.253101577228
v -144.585301060302 -845.743168117842 387.253101577228
cstype bspline
deg 1
curv 0 13 2598 2599 2600 2601 2602 2603 2604 2605 2606 2607 2608 2609 2610
parm u 0 1 2 3 4 5 6 7 8 9 10 11 12 13
end
g element_31
v -265.525956718973 343.497204173029 351.36579841239
v -368.498717451631 384.507856541061 346.964234328912
v -367.759908188976 382.073212730395 306.995814682358
v -264.787147456318 341.062560362363 311.397378765836
v -265.525956718973 343.497204173029 351.36579841239
cstype bspline
deg 1
curv 0 5 2611 2612 2613 2614 2615
parm u 0 1 2 3 4 5
end
v -301.026796352746 314.739689183585 354.452265898241
v -403.999557085404 355.750341551617 350.050701814763
v -403.260747822749 353.315697740951 310.08228216821
v -300.287987090091 312.30504537292 314.483846251688
v -301.026796352746 314.739689183585 354.452265898241
cstype bspline
deg 1
curv 0 5 2616 2617 2618 2619 2620
parm u 0 1 2 3 4 5
end
v -677.416999649605 507.539813645156 333.759542078477
v -780.389760382262 548.550466013187 329.357977994999
v -779.650951119607 546.115822202522 289.389558348446
v -676.678190386949 505.10516983449 293.791122431924
v -677.416999649605 507.539813645156 333.759542078477
cstype bspline
deg 1
curv 0 5 2621 2622 2623 2624 2625
parm u 0 1 2 3 4 5
end
v -712.917839283377 478.782298655712 336.846009564329
v -815.890600016035 519.792951023744 332.444445480851
v -815.15179075338 517.358307213078 292.476025834298
v -712.179030020722 476.347654845046 296.877589917776
v -712.917839283377 478.782298655712 336.846009564329
cstype bspline
deg 1
curv 0 5 2626 2627 2628 2629 2630
parm u 0 1 2 3 4 5
end
v -264.676348389241 324.965429278105 11.402114854998
v -368.387639165992 366.27021379027 6.96898235193501
v -367.648829903337 363.835569979605 -32.9994372946182
v -263.937539126586 322.53078546744 -28.5663047915552
v -264.676348389241 324.965429278105 11.402114854998
cstype bspline
deg 1
curv 0 5 2631 2632 2633 2634 2635
parm u 0 1 2 3 4 5
end
v -300.177188023013 296.207914288662 14.4885823408495
v -403.888478799765 337.512698800826 10.0554498377865
v -403.14966953711 335.078054990161 -29.9129698087667
v -299.438378760358 293.773270477996 -25.4798373057037
v -300.177188023013 296.207914288662 14.4885823408495
cstype bspline
deg 1
curv 0 5 2636 2637 2638 2639 2640
parm u 0 1 2 3 4 5
end
v -679.521511496248 490.184567326764 -6.33041515725408
v -783.232802272999 531.489351838929 -10.7635476603171
v -782.493993010344 529.054708028263 -50.7319673068704
v -678.782702233593 487.749923516099 -46.2988348038073
v -679.521511496248 490.184567326764 -6.33041515725408
cstype bspline
deg 1
curv 0 5 2641 2642 2643 2644 2645
parm u 0 1 2 3 4 5
end
v -715.02235113002 461.42705233732 -3.24394767140258
v -818.733641906772 502.731836849485 -7.67708017446561
v -817.994832644117 500.297193038819 -47.6454998210189
v -714.283541867365 458.992408526655 -43.2123673179558
v -715.02235113002 461.42705233732 -3.24394767140258
cstype bspline
deg 1
curv 0 5 2646 2647 2648 2649 2650
parm u 0 1 2 3 4 5
end
v -980.796743321992 628.711708962281 327.253101577228
v -981.535552576108 626.867241708766 287.253101577228
v -878.562823961037 585.621074460527 287.253101577228
v -877.824014706921 587.465541714041 327.253101577228
v -980.796743321992 628.711708962281 327.253101577228
cstype bspline
deg 1
curv 0 5 2651 2652 2653 2654 2655
parm u 0 1 2 3 4 5
end
v -1025.82365870029 603.604747480259 327.253101577228
v -1026.56246795441 601.760280226745 287.253101577228
v -923.589739339339 560.514112978505 287.253101577228
v -922.850930085223 562.358580232019 327.253101577228
v -1025.82365870029 603.604747480259 327.253101577228
cstype bspline
deg 1
curv 0 5 2656 2657 2658 2659 2660
parm u 0 1 2 3 4 5
end
v -568.905828861709 463.727039969321 327.253101577228
v -569.644638115824 461.882572715807 287.253101577228
v -466.671909500753 420.636405467567 287.253101577228
v -465.933100246638 422.480872721082 327.253101577228
v -568.905828861709 463.727039969321 327.253101577228
cstype bspline
deg 1
curv 0 5 2661 2662 2663 2664 2665
parm u 0 1 2 3 4 5
end
v -613.93274424001 438.6200784873 327.253101577228
v -614.671553494126 436.775611233786 287.253101577228
v -511.698824879055 395.529443985546 287.253101577228
v -510.96001562494 397.37391123906 327.253101577228
v -613.93274424001 438.6200784873 327.253101577228
cstype bspline
deg 1
curv 0 5 2666 2667 2668 2669 2670
parm u 0 1 2 3 4 5
end
v -985.116843953465 612.248739828767 -12.746898422772
v -985.855653207574 610.404272575267 -52.746898422772
v -882.14439477876 568.862284048665 -52.746898422772
v -881.405585524651 570.706751302165 -12.746898422772
v -985.116843953465 612.248739828767 -12.746898422772
cstype bspline
deg 1
curv 0 5 2671 2672 2673 2674 2675
parm u 0 1 2 3 4 5
end
v -1030.14375933177 587.141778346745 -12.746898422772
v -1030.88256858588 585.297311093246 -52.746898422772
v -927.171310157062 543.755322566644 -52.746898422772
v -926.432500902952 545.599789820144 -12.746898422772
v -1030.14375933177 587.141778346745 -12.746898422772
cstype bspline
deg 1
curv 0 5 2676 2677 2678 2679 2680
parm u 0 1 2 3 4 5
end
v -570.271810238209 446.080785722359 -12.746898422772
v -571.010619492319 444.236318468859 -52.746898422772
v -467.299361063505 402.694329942257 -52.746898422772
v -466.560551809395 404.538797195757 -12.746898422772
v -570.271810238209 446.080785722359 -12.746898422772
cstype bspline
deg 1
curv 0 5 2681 2682 2683 2684 2685
parm u 0 1 2 3 4 5
end
v -615.298725616511 420.973824240338 -12.746898422772
v -616.03753487062 419.129356986838 -52.746898422772
v -512.326276441806 377.587368460236 -52.746898422772
v -511.587467187697 379.431835713736 -12.746898422772
v -615.298725616511 420.973824240338 -12.746898422772
cstype bspline
deg 1
curv 0 5 2686 2687 2688 2689 2690
parm u 0 1 2 3 4 5
end
v 81.4963292460827 206.41627201849 387.253101577228
v 80.3682074401987 202.218242112522 300.355270912315
v 42.4266870149383 217.402984029173 300.114259785105
v 40.9467252274641 211.895667522125 186.114629490134
v 78.8882456527245 196.710925605474 186.355640617343
v 77.7717832516475 192.556283328227 100.355919517628
v 39.8302628263871 207.741025244878 100.114908390418
v 38.3503010389129 202.23370873783 -13.8847219045531
v 76.2918214641733 187.048966821179 -13.6437107773433
v 75.0052477239549 182.261296722526 -112.746898422772
v -1339.09143605677 748.683776818521 -112.746898422772
v -1341.76289817561 776.50884819252 387.253101577228
v 81.4963292460827 206.41627201849 387.253101577228
cstype bspline
deg 1
curv 0 13 2691 2692 2693 2694 2695 2696 2697 2698 2699 2700 2701 2702 2703
parm u 0 1 2 3 4 5 6 7 8 9 10 11 12 13
end
v 74.3930817737894 166.118823014621 387.253101577228
v 73.1096146142832 161.342713297716 288.389210010705
v 35.1680941890227 176.527455214367 288.148198883495
v 34.0516317879457 172.37281293712 202.14847778378
v 71.9931522132062 157.188071020469 202.38948891099
v 70.513190425732 151.680754513421 88.3898586160184
v 32.5716700004715 166.865496430072 88.1488474888086
v 31.4552075993945 162.710854152825 2.14912638909328
v 69.396728024655 147.526112236174 2.39013751630313
v 67.9020002516616 141.963847718656 -112.746898422772
v -1330.90892435961 702.263551544675 -112.746898422772
v -1333.58038647846 730.088622918673 387.253101577228
v 74.3930817737894 166.118823014621 387.253101577228
cstype bspline
deg 1
curv 0 13 2704 2705 2706 2707 2708 2709 2710 2711 2712 2713 2714 2715 2716
parm u 0 1 2 3 4 5 6 7 8 9 10 11 12 13
end
g element_32
v -134.683854949304 289.246712530585 316.958635697928
v -264.787147456318 341.062560362363 311.397378765836
v -300.287987090091 312.30504537292 314.483846251688
v -403.260747822749 353.315697740951 310.08228216821
v -367.759908188976 382.073212730395 306.995814682358
v -676.678190386949 505.10516983449 293.791122431924
v -712.179030020722 476.347654845046 296.877589917776
v -815.15179075338 517.358307213078 292.476025834298
v -779.650951119607 546.115822202522 289.389558348446
v -985.596472584923 628.137126938585 280.58643018149
v -1136.8724703116 688.385364533213 274.120147316503
v -1206.98602906789 1083.87187609577 231.673633440739
v -1242.50258057223 1055.1016336791 234.761466927455
v -1256.34461275429 1133.17978457781 226.381546958954
v -1220.82806124995 1161.95002699449 223.293713472238
v -1262.35415779614 1396.18447969062 198.153953566733
v -1297.87070930047 1367.41423727394 201.241787053449
v -1311.71274148253 1445.49238817266 192.861867084947
v -1276.1961899782 1474.26263058934 189.774033598231
v -1303.88025434232 1630.41893238676 173.014193661228
v -1322.55428152785 1735.75270804208 161.709000085156
v -1054.02776407807 1627.68071106554 173.308079662161
v -1009.01870483566 1652.51534700118 170.642644336258
v -904.796191288129 1610.56963796668 175.144565561149
v -949.805250530534 1585.73500203104 177.810000887052
v -637.137709887933 1459.89787492754 191.315764561726
v -592.128650645528 1484.73251086318 188.650329235823
v -487.906137097994 1442.78680182868 193.152250460714
v -532.915196340399 1417.95216589303 195.817685786617
v -324.470169245331 1334.06074782403 204.8215282364
v 25.5693031263072 1193.18279968287 219.941583170605
v 2.23255768495176 1061.54778784008 234.069618371212
v 47.2535680194023 1086.38901802641 231.403475301947
v 33.5212820320095 1008.92964679054 239.716983297406
v -11.499728302441 984.088416604205 242.383126366671
v -52.6965862646194 751.710302896582 267.323650353047
v -7.6755759301689 776.551533082914 264.657507283782
v -21.4078619175617 699.09216184704 272.971015279241
v -66.4288722520122 674.250931660708 275.637158348506
v -93.8934442267978 519.33218918896 292.264174339424
v -134.683854949304 289.246712530585 316.958635697928
cstype bspline
deg 1
curv 0 41 2717 2718 2719 2720 2721 2722 2723 2724 2725 2726 2727 2728 2729 2730 2731 2732 2733 2734 2735 2736 2737 2738 2739 2740 2741 2742 2743 2744 2745 2746 2747 2748 2749 2750 2751 2752 2753 2754 2755 2756 2757
parm u 0 1 2 3 4 5 6 7 8 9 10 11 12 13 14 15 16 17 18 19 20 21 22 23 24 25 26 27 28 29 30 31 32 33 34 35 36 37 38 39 40 41
end
v -134.870842327879 291.461583895644 356.950642935687
v -265.525956718973 343.497204173029 351.36579841239
v -301.026796352746 314.739689183585 354.452265898241
v -403.999557085404 355.750341551617 350.050701814763
v -368.498717451631 384.507856541061 346.964234328912
v -677.416999649605 507.539813645156 333.759542078477
v -712.917839283377 478.782298655712 336.846009564329
v -815.890600016035 519.792951023744 332.444445480851
v -780.389760382262 548.550466013187 329.357977994999
v -986.335281847578 630.571770749251 320.554849828043
v -1136.27697880268 690.288600380177 314.145601564352
v -1206.81518421501 1088.17039792771 271.442008023859
v -1242.33173571935 1059.40015551104 274.529841510575
v -1256.17376790141 1137.47830640975 266.149921542073
v -1220.65721639707 1166.24854882643 263.062088055357
v -1262.18331294326 1400.48300152256 237.922328149852
v -1297.69986444759 1371.71275910588 241.010161636568
v -1311.54189662965 1449.7909100046 232.630241668067
v -1276.02534512532 1478.56115242128 229.54240818135
v -1303.70940948944 1634.7174542187 212.782568244347
v -1322.73107045279 1742.01211265517 201.266918342344
v -1053.35628317846 1633.59871843122 212.902639176574
v -1008.34722393605 1658.43335436686 210.237203850671
v -904.124710388518 1616.48764533236 214.739125075562
v -949.133769630922 1591.65300939672 217.404560401466
v -636.466228988321 1465.81588229322 230.910324076139
v -591.457169745917 1490.65051822886 228.244888750236
v -487.234656198383 1448.70480919436 232.746809975127
v -532.243715440787 1423.87017325872 235.412245301031
v -323.79868834572 1339.97875518971 244.416087750813
v 26.0522718678644 1199.17667622367 259.527999848537
v 2.40432218686565 1065.78626220306 273.844437689234
v 47.4253325213162 1090.62749238939 271.178294619969
v 33.6930465339234 1013.16812115351 279.491802615427
v -11.3279638005271 988.326890967182 282.157945684693
v -52.5248217627055 755.948777259559 307.098469671069
v -7.503811428255 780.790007445891 304.432326601804
v -21.2360974156478 703.330636210017 312.745834597263
v -66.2571077500983 678.489406023685 315.411977666528
v -93.7216797248839 523.570663551937 332.038993657446
v -134.870842327879 291.461583895644 356.950642935687
cstype bspline
deg 1
curv 0 41 2758 2759 2760 2761 2762 2763 2764 2765 2766 2767 2768 2769 2770 2771 2772 2773 2774 2775 2776 2777 2778 2779 2780 2781 2782 2783 2784 2785 2786 2787 2788 2789 2790 2791 2792 2793 2794 2795 2796 2797 2798
parm u 0 1 2 3 4 5 6 7 8 9 10 11 12 13 14 15 16 17 18 19 20 21 22 23 24 25 26 27 28 29 30 31 32 33 34 35 36 37 38 39 40 41
end
g element_33
v -133.094462231398 270.420305927677 -22.973425823021
v -263.937539126586 322.53078546744 -28.5663047915552
v -299.438378760358 293.773270477996 -25.4798373057037
v -403.14966953711 335.078054990161 -29.9129698087667
v -367.648829903337 363.835569979605 -32.9994372946182
v -678.782702233593 487.749923516099 -46.2988348038073
v -714.283541867365 458.992408526655 -43.2123673179558
v -817.994832644117 500.297193038819 -47.6454998210189
v -782.493993010344 529.054708028263 -50.7319673068704
v -989.916574563848 611.664277052592 -59.5982323129964
v -1141.93414813741 672.207859834089 -66.0962137902147
v -1210.72544127145 1060.23592501935 -107.742232482477
v -1246.24199277579 1031.46568260267 -104.654398995761
v -1259.42883583038 1105.8481365915 -112.637669658712
v -1223.91228432604 1134.61837900818 -115.725503145428
v -1263.47281348981 1357.76574097467 -139.675315134281
v -1298.98936499415 1328.99549855799 -136.587481647565
v -1312.17620804874 1403.37795254682 -144.570752310516
v -1276.6596565444 1432.1481949635 -147.658585797232
v -1303.03334265359 1580.91310294115 -163.625127123134
v -1321.05157566581 1682.54776883074 -174.533305100927
v -1057.25181170183 1576.37811540402 -163.138398990079
v -1012.24275245942 1601.21275133966 -165.803834315982
v -907.367260517601 1559.00424263932 -161.273707502945
v -952.376319760005 1534.16960670368 -158.608272177041
v -637.749843934536 1407.54408060268 -145.01789173793
v -592.740784692132 1432.37871653832 -147.683327063833
v -487.865292750309 1390.17020783798 -143.153200250796
v -532.874351992713 1365.33557190234 -140.487764924893
v -323.123368109067 1280.91855450167 -131.427511298819
v 21.4640688230575 1142.23484908607 -116.542958591806
v -1.21310771981264 1014.32025147076 -102.81422554061
v 43.8079026146378 1039.16148165709 -105.480368609876
v 30.7351855257302 965.422524648695 -97.5661627638287
v -14.2858248087202 940.581294462364 -94.9000196945632
v -53.5039760754431 719.364423437184 -71.1574021564224
v -8.48296574099259 744.205653623516 -73.8235452256879
v -21.5556828299002 670.466696615122 -65.909339379641
v -66.5766931643506 645.625466428791 -63.2431963103755
v -92.7221273421659 498.147552412005 -47.4147846182816
v -133.094462231398 270.420305927677 -22.973425823021
cstype bspline
deg 1
curv 0 41 2799 2800 2801 2802 2803 2804 2805 2806 2807 2808 2809 2810 2811 2812 2813 2814 2815 2816 2817 2818 2819 2820 2821 2822 2823 2824 2825 2826 2827 2828 2829 2830 2831 2832 2833 2834 2835 2836 2837 2838 2839
parm u 0 1 2 3 4 5 6 7 8 9 10 11 12 13 14 15 16 17 18 19 20 21 22 23 24 25 26 27 28 29 30 31 32 33 34 35 36 37 38 39 40 41
end
v -133.281449609974 272.635177292736 17.0185814147375
v -264.676348389241 324.965429278105 11.402114854998
v -300.177188023013 296.207914288662 14.4885823408495
v -403.888478799765 337.512698800826 10.0554498377865
v -368.387639165992 366.27021379027 6.96898235193501
v -679.521511496248 490.184567326764 -6.33041515725408
v -715.02235113002 461.42705233732 -3.24394767140258
v -818.733641906772 502.731836849485 -7.67708017446561
v -783.232802272999 531.489351838929 -10.7635476603171
v -990.655383826503 614.098920863258 -19.6298126664432
v -1141.3386566285 674.111095681058 -26.070759542366
v -1210.55459641858 1064.53444685129 -67.9738578993575
v -1246.07114792292 1035.76420443461 -64.8860244126414
v -1259.25799097751 1110.14665842344 -72.8692950755923
v -1223.74143947317 1138.91690084012 -75.9571285623084
v -1263.30196863695 1362.06426280661 -99.9069405511613
v -1298.81852014128 1333.29402038993 -96.8191070644452
v -1312.00536319587 1407.67647437876 -104.802377727396
v -1276.48881169154 1436.44671679543 -107.890211214112
v -1302.86249780072 1585.21162477309 -123.856752540014
v -1321.22836459076 1688.80717344382 -134.975386843737
v -1056.58033080222 1582.29612276969 -123.543839475664
v -1011.57127155982 1607.13075870533 -126.209274801567
v -906.695779617995 1564.92225000499 -121.67914798853
v -951.704838860399 1540.08761406935 -119.013712662626
v -637.07836303493 1413.46208796834 -105.423332223515
v -592.069303792526 1438.29672390398 -108.088767549418
v -487.193811850703 1396.08821520365 -103.558640736381
v -532.202871093107 1371.25357926801 -100.893205410478
v -322.451887209461 1286.83656186734 -91.8329517844039
v 21.9470375646108 1148.22872562685 -76.9565419138725
v -1.04134321789975 1018.55872583373 -63.0394062225882
v 43.9796671165507 1043.39995602007 -65.7055492918537
v 30.9069500276431 969.660999011672 -57.7913434458068
v -14.1140603068074 944.81976882534 -55.1252003765413
v -53.3322115735302 723.602897800161 -31.3825828384005
v -8.3112012390797 748.444127986492 -34.048725907666
v -21.3839183279873 674.705170978099 -26.134520061619
v -66.4049286624378 649.863940791768 -23.4683769923535
v -92.550362840253 502.386026774981 -7.63996530025966
v -133.281449609974 272.635177292736 17.0185814147375
cstype bspline
deg 1
curv 0 41 2840 2841 2842 2843 2844 2845 2846 2847 2848 2849 2850 2851 2852 2853 2854 2855 2856 2857 2858 2859 2860 2861 2862 2863 2864 2865 2866 2867 2868 2869 2870 2871 2872 2873 2874 2875 2876 2877 2878 2879 2880
parm u 0 1 2 3 4 5 6 7 8 9 10 11 12 13 14 15 16 17 18 19 20 21 22 23 24 25 26 27 28 29 30 31 32 33 34 35 36 37 38 39 40 41
end
g element_34
v -53.4405753549962 521.675621564119 332.242383466399
v -39.7082893676039 599.134992799993 323.92887547094
v -39.8800538695166 594.896518437016 284.154056152918
v -53.6123398569089 517.437147201142 292.467564148377
v -53.4405753549962 521.675621564119 332.242383466399
cstype bspline
deg 1
curv 0 5 2881 2882 2883 2884 2885
parm u 0 1 2 3 4 5
end
v -88.9817737603227 550.306935726084 329.169460779204
v -75.2494877729304 627.766306961958 320.855952783745
v -75.4212522748431 623.527832598981 281.081133465723
v -89.1535382622354 546.068461363107 289.394641461182
v -88.9817737603227 550.306935726084 329.169460779204
cstype bspline
deg 1
curv 0 5 2886 2887 2888 2889 2890
parm u 0 1 2 3 4 5
end
v 1.48856859457319 831.513106507616 298.988351484563
v 15.2208545819655 908.97247774349 290.674843489105
v 15.0490900800528 904.734003380513 250.900024171082
v 1.31680409266048 827.274632144639 259.213532166541
v 1.48856859457319 831.513106507616 298.988351484563
cstype bspline
deg 1
curv 0 5 2891 2892 2893 2894 2895
parm u 0 1 2 3 4 5
end
v -34.0526298107533 860.144420669581 295.915428797369
v -20.320343823361 937.603791905455 287.60192080191
v -20.4921083252737 933.365317542478 247.827101483888
v -34.224394312666 855.905946306604 256.140609479346
v -34.0526298107533 860.144420669581 295.915428797369
cstype bspline
deg 1
curv 0 5 2896 2897 2898 2899 2900
parm u 0 1 2 3 4 5
end
v -52.2692584703675 500.490984787164 -7.43657549130634
v -39.1965413814592 574.229941795557 -15.3507813373532
v -39.3683058833701 569.99146743258 -55.125600655375
v -52.4410229722784 496.252510424187 -47.2113948093282
v -52.2692584703675 500.490984787164 -7.43657549130634
cstype bspline
deg 1
curv 0 5 2901 2902 2903 2904 2905
parm u 0 1 2 3 4 5
end
v -87.8104568756939 529.122298949129 -10.5094981785011
v -74.7377397867857 602.861255957522 -18.423704024548
v -74.9095042886966 598.622781594545 -58.1985233425698
v -87.9822213776049 524.883824586151 -50.284317496523
v -87.8104568756939 529.122298949129 -10.5094981785011
cstype bspline
deg 1
curv 0 5 2906 2907 2908 2909 2910
parm u 0 1 2 3 4 5
end
v 0.021609885265633 795.446812820736 -39.0933988754938
v 13.0943269741739 869.18576982913 -47.0076047215406
v 12.922562472263 864.947295466152 -86.7824240395624
v -0.15015461664531 791.208338457759 -78.8682181935156
v 0.021609885265633 795.446812820736 -39.0933988754938
cstype bspline
deg 1
curv 0 5 2911 2912 2913 2914 2915
parm u 0 1 2 3 4 5
end
v -35.5195885200609 824.078126982701 -42.1663215626886
v -22.4468714311526 897.817083991094 -50.0805274087354
v -22.6186359330635 893.578609628117 -89.8553467267573
v -35.6913530219718 819.839652619724 -81.9411408807104
v -35.5195885200609 824.078126982701 -42.1663215626886
cstype bspline
deg 1
curv 0 5 2916 2917 2918 2919 2920
parm u 0 1 2 3 4 5
end
v 47.4253325213162 1090.62749238939 271.178294619969
v 47.2535680194023 1086.38901802641 231.403475301947
v 33.5212820320095 1008.92964679054 239.716983297406
v 33.6930465339234 1013.16812115351 279.491802615427
v 47.4253325213162 1090.62749238939 271.178294619969
cstype bspline
deg 1
curv 0 5 2921 2922 2923 2924 2925
parm u 0 1 2 3 4 5
end
v 2.40432218686565 1065.78626220306 273.844437689234
v 2.23255768495176 1061.54778784008 234.069618371212
v -11.499728302441 984.088416604205 242.383126366671
v -11.3279638005271 988.326890967182 282.157945684693
v 2.40432218686565 1065.78626220306 273.844437689234
cstype bspline
deg 1
curv 0 5 2926 2927 2928 2929 2930
parm u 0 1 2 3 4 5
end
v -7.503811428255 780.790007445891 304.432326601804
v -7.6755759301689 776.551533082914 264.657507283782
v -21.4078619175617 699.09216184704 272.971015279241
v -21.2360974156478 703.330636210017 312.745834597263
v -7.503811428255 780.790007445891 304.432326601804
cstype bspline
deg 1
curv 0 5 2931 2932 2933 2934 2935
parm u 0 1 2 3 4 5
end
v -52.5248217627055 755.948777259559 307.098469671069
v -52.6965862646194 751.710302896582 267.323650353047
v -66.4288722520122 674.250931660708 275.637158348506
v -66.2571077500983 678.489406023685 315.411977666528
v -52.5248217627055 755.948777259559 307.098469671069
cstype bspline
deg 1
curv 0 5 2936 2937 2938 2939 2940
parm u 0 1 2 3 4 5
end
v 43.9796671165507 1043.39995602007 -65.7055492918537
v 43.8079026146378 1039.16148165709 -105.480368609876
v 30.7351855257302 965.422524648695 -97.5661627638287
v 30.9069500276431 969.660999011672 -57.7913434458068
v 43.9796671165507 1043.39995602007 -65.7055492918537
cstype bspline
deg 1
curv 0 5 2941 2942 2943 2944 2945
parm u 0 1 2 3 4 5
end
v -1.04134321789975 1018.55872583373 -63.0394062225882
v -1.21310771981264 1014.32025147076 -102.81422554061
v -14.2858248087202 940.581294462364 -94.9000196945632
v -14.1140603068074 944.81976882534 -55.1252003765413
v -1.04134321789975 1018.55872583373 -63.0394062225882
cstype bspline
deg 1
curv 0 5 2946 2947 2948 2949 2950
parm u 0 1 2 3 4 5
end
v -8.3112012390797 748.444127986492 -34.048725907666
v -8.48296574099259 744.205653623516 -73.8235452256879
v -21.5556828299002 670.466696615122 -65.909339379641
v -21.3839183279873 674.705170978099 -26.134520061619
v -8.3112012390797 748.444127986492 -34.048725907666
cstype bspline
deg 1
curv 0 5 2951 2952 2953 2954 2955
parm u 0 1 2 3 4 5
end
v -53.3322115735302 723.602897800161 -31.3825828384005
v -53.5039760754431 719.364423437184 -71.1574021564224
v -66.5766931643506 645.625466428791 -63.2431963103755
v -66.4049286624378 649.863940791768 -23.4683769923535
v -53.3322115735302 723.602897800161 -31.3825828384005
cstype bspline
deg 1
curv 0 5 2956 2957 2958 2959 2960
parm u 0 1 2 3 4 5
end
v -97.2129457861301 279.674287155925 418.560327321164
v -94.8756035539263 251.988395092791 -81.3397631508135
v 58.6516509200708 1117.98584155172 -174.284962425151
v 60.0404117291697 1135.22103736913 -60.4555169053532
v 66.9563525948579 1172.9375868489 -80.425468042346
v 68.3328007829066 1190.01997706189 32.3947764560267
v 61.0787849236626 1148.10775279296 24.6544921021911
v 62.4552331117112 1165.19014300595 137.474736600564
v 69.3711739773994 1202.90669248573 117.504785463571
v 70.747622165448 1219.98908269872 230.325029961944
v 63.4936063062041 1178.07685842979 222.584745608108
v 64.6887601895491 1192.90929831175 320.545246048975
v -97.2129457861301 279.674287155925 418.560327321164
cstype bspline
deg 1
curv 0 13 2961 2962 2963 2964 2965 2966 2967 2968 2969 2970 2971 2972 2973
parm u 0 1 2 3 4 5 6 7 8 9 10 11 12 13
end
v -135.151323395738 294.783890943218 416.938653792323
v -132.813981163534 267.097998880097 -82.9614366796571
v 20.7396157107245 1133.24403427485 -175.922583608697
v 22.1258708147191 1150.44813307551 -62.2985176047916
v 29.0418116804073 1188.16468255529 -82.2684687417844
v 30.4182598684559 1205.24707276828 30.5517757565883
v 23.1642440092119 1163.33484849935 22.8114914027527
v 24.5406921972606 1180.41723871234 135.631735901125
v 31.4566330629487 1218.13378819211 115.661784764133
v 32.8330812509974 1235.2161784051 228.482029262505
v 25.5790653917534 1193.30395413617 220.74174490867
v 26.7767249802028 1208.16749103488 318.90762486543
v -135.151323395738 294.783890943218 416.938653792323
cstype bspline
deg 1
curv 0 13 2974 2975 2976 2977 2978 2979 2980 2981 2982 2983 2984 2985 2986
parm u 0 1 2 3 4 5 6 7 8 9 10 11 12 13
end
g element_35
v -283.966706048929 1369.59289912683 258.763845554044
v -388.202358589054 1411.07882658305 251.287862908753
v -387.880294142706 1404.76317053954 211.750392022464
v -283.644641602582 1363.27724308331 219.226374667754
v -283.966706048929 1369.59289912683 258.763845554044
cstype bspline
deg 1
curv 0 5 2987 2988 2989 2990 2991
parm u 0 1 2 3 4 5
end
v -319.494131390417 1341.40378944218 264.78972780208
v -423.729783930541 1382.8897168984 257.313745156789
v -423.407719484194 1376.57406085489 217.776274270499
v -319.17206694407 1335.08813339866 225.25225691579
v -319.494131390417 1341.40378944218 264.78972780208
cstype bspline
deg 1
curv 0 5 2992 2993 2994 2995 2996
parm u 0 1 2 3 4 5
end
v -700.909316209427 1535.53660895174 228.859914972881
v -805.144968749551 1577.02253640797 221.38393232759
v -804.822904303204 1570.70688036446 181.8464614413
v -700.58725176308 1529.22095290823 189.322444086591
v -700.909316209427 1535.53660895174 228.859914972881
cstype bspline
deg 1
curv 0 5 2997 2998 2999 3000 3001
parm u 0 1 2 3 4 5
end
v -736.436741550915 1507.34749926709 234.885797220917
v -840.672394091039 1548.83342672332 227.409814575626
v -840.350329644692 1542.51777067981 187.872343689336
v -736.114677104567 1501.03184322358 195.348326334627
v -736.436741550915 1507.34749926709 234.885797220917
cstype bspline
deg 1
curv 0 5 3002 3003 3004 3005 3006
parm u 0 1 2 3 4 5
end
v -282.619547880643 1316.46319966529 -77.4043784130219
v -387.508261133916 1358.20904614836 -84.9271998360132
v -387.186196687574 1351.89339010483 -124.464670722294
v -282.297483434301 1310.14754362177 -116.941849299302
v -282.619547880643 1316.46319966529 -77.4043784130219
cstype bspline
deg 1
curv 0 5 3007 3008 3009 3010 3011
parm u 0 1 2 3 4 5
end
v -318.14697322213 1288.27408998064 -71.3784961649859
v -423.035686475404 1330.01993646371 -78.9013175879773
v -422.713622029062 1323.70428042018 -118.438788474258
v -317.824908775788 1281.95843393712 -110.915967051266
v -318.14697322213 1288.27408998064 -71.3784961649859
cstype bspline
deg 1
curv 0 5 3012 3013 3014 3015 3016
parm u 0 1 2 3 4 5
end
v -702.174400893738 1483.44658559756 -107.495664104987
v -807.063114147011 1525.19243208062 -115.018485527979
v -806.741049700669 1518.8767760371 -154.555956414259
v -701.852336447396 1477.13092955403 -147.033134991268
v -702.174400893738 1483.44658559756 -107.495664104987
cstype bspline
deg 1
curv 0 5 3017 3018 3019 3020 3021
parm u 0 1 2 3 4 5
end
v -737.701826235225 1455.25747591291 -101.469781856951
v -842.590539488499 1497.00332239597 -108.992603279943
v -842.268475042157 1490.68766635245 -148.530074166223
v -737.379761788883 1448.94181986938 -141.007252743232
v -737.701826235225 1455.25747591291 -101.469781856951
cstype bspline
deg 1
curv 0 5 3022 3023 3024 3025 3026
parm u 0 1 2 3 4 5
end
v -1008.34722393605 1658.43335436686 210.237203850671
v -1009.01870483566 1652.51534700118 170.642644336258
v -904.796191288129 1610.56963796668 175.144565561149
v -904.124710388518 1616.48764533236 214.739125075562
v -1008.34722393605 1658.43335436686 210.237203850671
cstype bspline
deg 1
curv 0 5 3027 3028 3029 3030 3031
parm u 0 1 2 3 4 5
end
v -1053.35628317846 1633.59871843122 212.902639176574
v -1054.02776407807 1627.68071106554 173.308079662161
v -949.805250530534 1585.73500203104 177.810000887052
v -949.133769630922 1591.65300939672 217.404560401466
v -1053.35628317846 1633.59871843122 212.902639176574
cstype bspline
deg 1
curv 0 5 3032 3033 3034 3035 3036
parm u 0 1 2 3 4 5
end
v -591.457169745917 1490.65051822886 228.244888750236
v -592.128650645528 1484.73251086318 188.650329235823
v -487.906137097994 1442.78680182868 193.152250460714
v -487.234656198383 1448.70480919436 232.746809975127
v -591.457169745917 1490.65051822886 228.244888750236
cstype bspline
deg 1
curv 0 5 3037 3038 3039 3040 3041
parm u 0 1 2 3 4 5
end
v -636.466228988321 1465.81588229322 230.910324076139
v -637.137709887933 1459.89787492754 191.315764561726
v -532.915196340399 1417.95216589303 195.817685786617
v -532.243715440787 1423.87017325872 235.412245301031
v -636.466228988321 1465.81588229322 230.910324076139
cstype bspline
deg 1
curv 0 5 3042 3043 3044 3045 3046
parm u 0 1 2 3 4 5
end
v -1011.57127155982 1607.13075870533 -126.209274801567
v -1012.24275245942 1601.21275133966 -165.803834315982
v -907.367260517601 1559.00424263932 -161.273707502945
v -906.695779617995 1564.92225000499 -121.67914798853
v -1011.57127155982 1607.13075870533 -126.209274801567
cstype bspline
deg 1
curv 0 5 3047 3048 3049 3050 3051
parm u 0 1 2 3 4 5
end
v -1056.58033080222 1582.29612276969 -123.543839475664
v -1057.25181170183 1576.37811540402 -163.138398990079
v -952.376319760005 1534.16960670368 -158.608272177041
v -951.704838860399 1540.08761406935 -119.013712662626
v -1056.58033080222 1582.29612276969 -123.543839475664
cstype bspline
deg 1
curv 0 5 3052 3053 3054 3055 3056
parm u 0 1 2 3 4 5
end
v -592.069303792526 1438.29672390398 -108.088767549418
v -592.740784692132 1432.37871653832 -147.683327063833
v -487.865292750309 1390.17020783798 -143.153200250796
v -487.193811850703 1396.08821520365 -103.558640736381
v -592.069303792526 1438.29672390398 -108.088767549418
cstype bspline
deg 1
curv 0 5 3057 3058 3059 3060 3061
parm u 0 1 2 3 4 5
end
v -637.07836303493 1413.46208796834 -105.423332223515
v -637.749843934536 1407.54408060268 -145.01789173793
v -532.874351992713 1365.33557190234 -140.487764924893
v -532.202871093107 1371.25357926801 -100.893205410478
v -637.07836303493 1413.46208796834 -105.423332223515
cstype bspline
deg 1
curv 0 5 3062 3063 3064 3065 3066
parm u 0 1 2 3 4 5
end
v 71.7958481953859 1232.9980765935 316.242624255694
v 70.747622165448 1219.98908269872 230.325029961944
v 32.8330812509974 1235.2161784051 228.482029262505
v 31.4566330629487 1218.13378819211 115.661784764133
v 69.3711739773994 1202.90669248573 117.504785463571
v 68.3328007829066 1190.01997706189 32.3947764560267
v 30.4182598684559 1205.24707276828 30.5517757565883
v 29.0418116804073 1188.16468255529 -82.2684687417844
v 66.9563525948579 1172.9375868489 -80.425468042346
v 65.7587389259074 1158.07461983347 -178.587584218434
v -1328.98561545004 1719.40766463176 -238.833964760762
v -1331.19547701186 1797.65022229553 255.640013454059
v 71.7958481953859 1232.9980765935 316.242624255694
cstype bspline
deg 1
curv 0 13 3067 3068 3069 3070 3071 3072 3073 3074 3075 3076 3077 3078 3079
parm u 0 1 2 3 4 5 6 7 8 9 10 11 12 13
end
v 64.6887601895492 1192.90929831175 320.545246048976
v 63.4936063062041 1178.07685842979 222.584745608108
v 25.5790653917534 1193.30395413617 220.74174490867
v 24.5406921972606 1180.41723871234 135.631735901125
v 62.4552331117112 1165.19014300595 137.474736600564
v 61.0787849236626 1148.10775279296 24.6544921021911
v 23.1642440092119 1163.33484849935 22.8114914027527
v 22.1258708147191 1150.44813307551 -62.2985176047916
v 60.0404117291697 1135.22103736913 -60.4555169053532
v 58.6516509200708 1117.98584155172 -174.284962425151
v -1320.7863922784 1673.15866191109 -233.870182486705
v -1322.99625384021 1751.40121957485 260.603795728118
v 64.6887601895492 1192.90929831175 320.545246048976
cstype bspline
deg 1
curv 0 13 3080 3081 3082 3083 3084 3085 3086 3087 3088 3089 3090 3091 3092
parm u 0 1 2 3 4 5 6 7 8 9 10 11 12 13
end
g element_36
v -152.348805122354 1311.02132665945 228.643166053478
v -283.644641602582 1363.27724308331 219.226374667754
v -319.17206694407 1335.08813339866 225.25225691579
v -423.407719484194 1376.57406085489 217.776274270499
v -387.880294142706 1404.76317053954 211.750392022464
v -700.58725176308 1529.22095290823 189.322444086591
v -736.114677104567 1501.03184322358 195.348326334627
v -840.350329644692 1542.51777067981 187.872343689336
v -804.822904303204 1570.70688036446 181.8464614413
v -1013.29420938345 1653.67873527691 166.894496150719
v -1165.33390202543 1714.19073386573 155.989915271837
v -1226.39048363055 2053.72133206451 87.759311853755
v -1261.92394072467 2025.52743650711 93.7862171601976
v -1270.34056690025 2072.33159823845 84.3806548505035
v -1234.80710980612 2100.52549379585 78.3537495440608
v -1260.05698833284 2240.93797898985 50.1370626149785
v -1295.59044542697 2212.74408343245 56.1639679214211
v -1304.00707160254 2259.54824516378 46.758405611727
v -1268.47361450842 2287.74214072118 40.7315003052844
v -1285.30686685956 2381.35046418385 21.9203756858962
v -1299.45013355547 2459.99999999971 6.11530446186845
v -1148.59384012459 2459.99999999971 4.77338596870612
v -1101.3819600263 2499.99999999972 -3.74879196160902
v -951.113747910453 2499.99999999972 -5.08547926968666
v -998.325628008749 2459.99999999971 3.43669866062848
v -547.520991661218 2459.99999999971 -0.573363263604449
v -500.309111562921 2499.99999999972 -9.09554119391959
v -350.040899447078 2499.99999999972 -10.4322285019972
v -397.252779545374 2459.99999999971 -1.91005057168209
v -96.7163553136864 2459.99999999971 -4.58342518783737
v 54.4146955814358 2459.99999999971 -5.92778774292128
v 23.2657249379457 2286.90608911094 29.4103823342387
v 71.2037600696432 2327.52131988074 20.7571267517147
v 52.1034465384902 2221.38144109794 42.4262257346704
v 4.16541140679268 2180.76621032814 51.0794813171944
v -53.1355291866665 1862.34657397975 116.086778266061
v -5.19749405496906 1902.96180474955 107.433522683537
v -24.2978075861221 1796.82192596675 129.102621666493
v -72.2358427178196 1756.20669519695 137.755877249017
v -110.436469780126 1543.92693763135 181.094075214928
v -152.348805122354 1311.02132665945 228.643166053478
cstype bspline
deg 1
curv 0 41 3093 3094 3095 3096 3097 3098 3099 3100 3101 3102 3103 3104 3105 3106 3107 3108 3109 3110 3111 3112 3113 3114 3115 3116 3117 3118 3119 3120 3121 3122 3123 3124 3125 3126 3127 3128 3129 3130 3131 3132 3133
parm u 0 1 2 3 4 5 6 7 8 9 10 11 12 13 14 15 16 17 18 19 20 21 22 23 24 25 26 27 28 29 30 31 32 33 34 35 36 37 38 39 40 41
end
v -152.584271897972 1317.30251671557 268.186847892237
v -283.966706048929 1369.59289912683 258.763845554044
v -319.494131390417 1341.40378944218 264.78972780208
v -423.729783930541 1382.8897168984 257.313745156789
v -388.202358589054 1411.07882658305 251.287862908753
v -700.909316209427 1535.53660895174 228.859914972881
v -736.436741550915 1507.34749926709 234.885797220917
v -840.672394091039 1548.83342672332 227.409814575626
v -805.144968749551 1577.02253640797 221.38393232759
v -1013.6162738298 1659.99439132043 206.431967037008
v -1164.87770669902 1720.19664149123 195.583204454581
v -1226.27502909005 2061.62207100597 126.971823914351
v -1261.80848618418 2033.42817544858 132.998729220794
v -1270.22511235975 2080.23233717991 123.5931669111
v -1234.69165526562 2108.42623273731 117.566261604657
v -1259.94153379234 2248.83871793131 89.3495746755746
v -1295.47499088647 2220.64482237391 95.3764799820172
v -1303.89161706205 2267.44898410524 85.9709176723231
v -1268.35815996792 2295.64287966264 79.9440123658805
v -1285.19141231907 2389.25120312531 61.1328877464922
v -1297.91391719121 2459.99999999971 46.915514916319
v -1148.2308154216 2459.99999999971 45.5840323655391
v -1101.0189353233 2499.99999999972 37.0618544352239
v -950.750723207457 2499.99999999972 35.7251671271463
v -997.962603305753 2459.99999999971 44.2473450574614
v -547.157966958222 2459.99999999971 40.2372831332285
v -499.946086859925 2499.99999999972 31.7151052029134
v -349.677874744082 2499.99999999972 30.3784178948357
v -396.889754842378 2459.99999999971 38.9005958251509
v -96.3533306106905 2459.99999999971 36.2272212089956
v 53.0489024779896 2459.99999999971 34.8982370815067
v 23.3375805633843 2294.89506068291 68.6054102350759
v 71.2756156950818 2335.51029145271 59.9521546525519
v 52.1753021639288 2229.37041266991 81.6212536355076
v 4.23726703223129 2188.75518190011 90.2745092180316
v -53.0636735612279 1870.33554555172 155.281806166899
v -5.12563842953046 1910.95077632151 146.628550584375
v -24.2259519606835 1804.81089753872 168.29764956733
v -72.163987092381 1764.19566676892 176.950905149854
v -110.364614154687 1551.91590920332 220.289103115766
v -152.584271897972 1317.30251671557 268.186847892237
cstype bspline
deg 1
curv 0 41 3134 3135 3136 3137 3138 3139 3140 3141 3142 3143 3144 3145 3146 3147 3148 3149 3150 3151 3152 3153 3154 3155 3156 3157 3158 3159 3160 3161 3162 3163 3164 3165 3166 3167 3168 3169 3170 3171 3172 3173 3174
parm u 0 1 2 3 4 5 6 7 8 9 10 11 12 13 14 15 16 17 18 19 20 21 22 23 24 25 26 27 28 29 30 31 32 33 34 35 36 37 38 39 40 41
end
g element_37
v -150.347337529602 1257.63121118231 -107.478129575886
v -282.297483434301 1310.14754362177 -116.941849299302
v -317.824908775788 1281.95843393712 -110.915967051266
v -422.713622029062 1323.70428042018 -118.438788474258
v -387.186196687574 1351.89339010483 -124.464670722294
v -701.852336447396 1477.13092955403 -147.033134991268
v -737.379761788883 1448.94181986938 -141.007252743232
v -842.268475042157 1490.68766635245 -148.530074166223
v -806.741049700669 1518.8767760371 -154.555956414259
v -1016.51847620722 1602.36846900323 -169.601599260242
v -1169.21156229994 1663.14051904889 -180.553042781407
v -1230.82929735157 2005.79164513129 -249.410734013112
v -1266.3627544457 1977.59774957389 -243.383828706669
v -1275.85674065719 2030.39302131913 -253.993338623917
v -1240.32328356306 2058.58691687652 -260.02024393036
v -1268.80524219752 2216.97273211223 -291.848773682103
v -1304.33869929165 2188.77883655483 -285.82186837566
v -1313.83268550314 2241.57410830007 -296.431378292908
v -1278.29922840901 2269.76800385746 -302.45828359935
v -1297.28720083198 2375.35854734793 -323.677303433846
v -1312.50797265174 2459.99999999971 -340.686484400895
v -1158.91122543029 2459.99999999971 -342.052780170853
v -1111.69934533199 2499.99999999972 -350.574958101168
v -958.690679425571 2499.99999999972 -351.936022686041
v -1005.90255952387 2459.99999999971 -343.413844755725
v -546.876561804607 2459.99999999971 -347.497038510344
v -499.664681706311 2499.99999999972 -356.019216440659
v -346.656015799892 2499.99999999972 -357.380281025531
v -393.867895898188 2459.99999999971 -348.858103095216
v -87.8505640853481 2459.99999999971 -351.580232264962
v 66.0239369607443 2459.99999999971 -352.948998750495
v 33.8427603373895 2281.17015093364 -316.439802160497
v 81.7807954690869 2321.78538170344 -325.09305774302
v 61.6469438808795 2209.9021624297 -302.251421020072
v 13.7089087491821 2169.2869316599 -293.598165437548
v -46.6926460154402 1833.63727383868 -225.073255268703
v 1.24538911625722 1874.25250460847 -233.726510851227
v -18.8884624719502 1762.36928533473 -210.884874128278
v -66.8264976036476 1721.75405456493 -202.231618545755
v -107.094200780062 1497.98761601745 -156.548345099858
v -150.347337529602 1257.63121118231 -107.478129575886
cstype bspline
deg 1
curv 0 41 3175 3176 3177 3178 3179 3180 3181 3182 3183 3184 3185 3186 3187 3188 3189 3190 3191 3192 3193 3194 3195 3196 3197 3198 3199 3200 3201 3202 3203 3204 3205 3206 3207 3208 3209 3210 3211 3212 3213 3214 3215
parm u 0 1 2 3 4 5 6 7 8 9 10 11 12 13 14 15 16 17 18 19 20 21 22 23 24 25 26 27 28 29 30 31 32 33 34 35 36 37 38 39 40 41
end
v -150.582804305216 1263.91240123845 -67.9344477371373
v -282.619547880643 1316.46319966529 -77.4043784130219
v -318.14697322213 1288.27408998064 -71.3784961649859
v -423.035686475404 1330.01993646371 -78.9013175879773
v -387.508261133916 1358.20904614836 -84.9271998360132
v -702.174400893738 1483.44658559756 -107.495664104987
v -737.701826235225 1455.25747591291 -101.469781856951
v -842.590539488499 1497.00332239597 -108.992603279943
v -807.063114147011 1525.19243208062 -115.018485527979
v -1016.84054065356 1608.68412504676 -130.064128373961
v -1168.75536697353 1669.14642667441 -140.959753598673
v -1230.71384281108 2013.69238407275 -210.198221952523
v -1266.2472999052 1985.49848851535 -204.17131664608
v -1275.74128611669 2038.29376026059 -214.780826563328
v -1240.20782902256 2066.48765581798 -220.80773186977
v -1268.68978765703 2224.87347105369 -252.636261621513
v -1304.22324475115 2196.67957549629 -246.609356315071
v -1313.71723096264 2249.47484724153 -257.218866232318
v -1278.18377386851 2277.66874279892 -263.245771538761
v -1297.17174629149 2383.25928628939 -284.464791373256
v -1310.97175628748 2459.99999999971 -299.886273946452
v -1158.54820072729 2459.99999999971 -301.242133774027
v -1111.33632062899 2499.99999999972 -309.764311704342
v -958.327654722575 2499.99999999972 -311.125376289215
v -1005.53953482087 2459.99999999971 -302.603198358899
v -546.513537101612 2459.99999999971 -306.686392113518
v -499.301657003315 2499.99999999972 -315.208570043833
v -346.292991096896 2499.99999999972 -316.569634628705
v -393.504871195192 2459.99999999971 -308.04745669839
v -87.4875393823521 2459.99999999971 -310.769585868136
v 64.6581438572996 2459.99999999971 -312.122973926074
v 33.9146159628295 2289.15912250561 -277.244774259666
v 81.8526510945269 2329.77435327541 -285.89802984219
v 61.7187995063195 2217.89113400166 -263.056393119241
v 13.7807643746221 2177.27590323187 -254.403137536718
v -46.6207903900002 1841.62624541064 -185.878227367872
v 1.3172447416972 1882.24147618044 -194.531482950396
v -18.8166068465102 1770.3582569067 -171.689846227448
v -66.7546419782076 1729.7430261369 -163.036590644924
v -107.022345154622 1505.97658758942 -117.353317199027
v -150.582804305216 1263.91240123845 -67.9344477371373
cstype bspline
deg 1
curv 0 41 3216 3217 3218 3219 3220 3221 3222 3223 3224 3225 3226 3227 3228 3229 3230 3231 3232 3233 3234 3235 3236 3237 3238 3239 3240 3241 3242 3243 3244 3245 3246 3247 3248 3249 3250 3251 3252 3253 3254 3255 3256
parm u 0 1 2 3 4 5 6 7 8 9 10 11 12 13 14 15 16 17 18 19 20 21 22 23 24 25 26 27 28 29 30 31 32 33 34 35 36 37 38 39 40 41
end
g element_38
v -69.6563103813547 1552.12529055503 218.645343918912
v -50.5554861261667 1658.33119910754 197.302682484559
v -50.6063131385053 1650.458914766 158.082927662431
v -69.7071373936933 1544.25300621349 179.425589096783
v -69.6563103813547 1552.12529055503 218.645343918912
cstype bspline
deg 1
curv 0 5 3257 3258 3259 3260 3261
parm u 0 1 2 3 4 5
end
v -103.160353044778 1591.60848790405 210.34978302284
v -84.0595287895903 1697.81439645656 189.007121588487
v -84.110355801929 1689.94211211502 149.787366766358
v -103.211180057117 1583.73620356251 171.130028200711
v -103.160353044778 1591.60848790405 210.34978302284
cstype bspline
deg 1
curv 0 5 3262 3263 3264 3265 3266
parm u 0 1 2 3 4 5
end
v 6.74698663939733 1976.94892476506 133.2746981815
v 25.8478108945853 2083.15483331757 111.932036747147
v 25.7969838822467 2075.28254897603 72.7122819250186
v 6.6961596270587 1969.07664042352 94.0549433593715
v 6.74698663939733 1976.94892476506 133.2746981815
cstype bspline
deg 1
curv 0 5 3267 3268 3269 3270 3271
parm u 0 1 2 3 4 5
end
v -26.7570560240263 2016.43212211408 124.979137285428
v -7.65623176883831 2122.63803066658 103.636475851075
v -7.70705878117694 2114.76574632504 64.4167210289465
v -26.8078830363649 2008.55983777254 85.7593824632994
v -26.7570560240263 2016.43212211408 124.979137285428
cstype bspline
deg 1
curv 0 5 3272 3273 3274 3275 3276
parm u 0 1 2 3 4 5
end
v -66.3139520122321 1506.19752316257 -118.939954710557
v -46.1795620641925 1618.15034514622 -141.437490005744
v -46.2303890765299 1610.27806080468 -180.65724482787
v -66.3647790245695 1498.32523882103 -158.159709532682
v -66.3139520122321 1506.19752316257 -118.939954710557
cstype bspline
deg 1
curv 0 5 3277 3278 3279 3280 3281
parm u 0 1 2 3 4 5
end
v -99.8179946756558 1545.68072051158 -127.235515606629
v -79.6836047276162 1657.63354249524 -149.733050901816
v -79.7344317399536 1649.7612581537 -188.952805723942
v -99.8688216879932 1537.80843617005 -166.455270428754
v -99.8179946756558 1545.68072051158 -127.235515606629
cstype bspline
deg 1
curv 0 5 3282 3283 3284 3285 3286
parm u 0 1 2 3 4 5
end
v 14.2236077799263 1954.00881109718 -208.930095891306
v 34.3579977279659 2065.96163308083 -231.427631186494
v 34.3071707156285 2058.08934873929 -270.647386008619
v 14.1727807675889 1946.13652675564 -248.149850713432
v 14.2236077799263 1954.00881109718 -208.930095891306
cstype bspline
deg 1
curv 0 5 3287 3288 3289 3290 3291
parm u 0 1 2 3 4 5
end
v -19.2804348834973 1993.4920084462 -217.225656787378
v 0.85395506454228 2105.44483042985 -239.723192082566
v 0.803128052204844 2097.57254608831 -278.942946904691
v -19.3312618958348 1985.61972410466 -256.445411609504
v -19.2804348834973 1993.4920084462 -217.225656787378
cstype bspline
deg 1
curv 0 5 3292 3293 3294 3295 3296
parm u 0 1 2 3 4 5
end
v 71.2756156950818 2335.51029145271 59.9521546525519
v 71.2037600696432 2327.52131988074 20.7571267517147
v 52.1034465384902 2221.38144109794 42.4262257346704
v 52.1753021639288 2229.37041266991 81.6212536355076
v 71.2756156950818 2335.51029145271 59.9521546525519
cstype bspline
deg 1
curv 0 5 3297 3298 3299 3300 3301
parm u 0 1 2 3 4 5
end
v 23.3375805633843 2294.89506068291 68.6054102350759
v 23.2657249379457 2286.90608911094 29.4103823342387
v 4.16541140679268 2180.76621032814 51.0794813171944
v 4.23726703223129 2188.75518190011 90.2745092180316
v 23.3375805633843 2294.89506068291 68.6054102350759
cstype bspline
deg 1
curv 0 5 3302 3303 3304 3305 3306
parm u 0 1 2 3 4 5
end
v -5.12563842953046 1910.95077632151 146.628550584375
v -5.19749405496906 1902.96180474955 107.433522683537
v -24.2978075861221 1796.82192596675 129.102621666493
v -24.2259519606835 1804.81089753872 168.29764956733
v -5.12563842953046 1910.95077632151 146.628550584375
cstype bspline
deg 1
curv 0 5 3307 3308 3309 3310 3311
parm u 0 1 2 3 4 5
end
v -53.0636735612279 1870.33554555172 155.281806166899
v -53.1355291866665 1862.34657397975 116.086778266061
v -72.2358427178196 1756.20669519695 137.755877249017
v -72.163987092381 1764.19566676892 176.950905149854
v -53.0636735612279 1870.33554555172 155.281806166899
cstype bspline
deg 1
curv 0 5 3312 3313 3314 3315 3316
parm u 0 1 2 3 4 5
end
v 81.8526510945269 2329.77435327541 -285.89802984219
v 81.7807954690869 2321.78538170344 -325.09305774302
v 61.6469438808795 2209.9021624297 -302.251421020072
v 61.7187995063195 2217.89113400166 -263.056393119241
v 81.8526510945269 2329.77435327541 -285.89802984219
cstype bspline
deg 1
curv 0 5 3317 3318 3319 3320 3321
parm u 0 1 2 3 4 5
end
v 33.9146159628295 2289.15912250561 -277.244774259666
v 33.8427603373895 2281.17015093364 -316.439802160497
v 13.7089087491821 2169.2869316599 -293.598165437548
v 13.7807643746221 2177.27590323187 -254.403137536718
v 33.9146159628295 2289.15912250561 -277.244774259666
cstype bspline
deg 1
curv 0 5 3322 3323 3324 3325 3326
parm u 0 1 2 3 4 5
end
v 1.3172447416972 1882.24147618044 -194.531482950396
v 1.24538911625722 1874.25250460847 -233.726510851227
v -18.8884624719502 1762.36928533473 -210.884874128278
v -18.8166068465102 1770.3582569067 -171.689846227448
v 1.3172447416972 1882.24147618044 -194.531482950396
cstype bspline
deg 1
curv 0 5 3327 3328 3329 3330 3331
parm u 0 1 2 3 4 5
end
v -46.6207903900002 1841.62624541064 -185.878227367872
v -46.6926460154402 1833.63727383868 -225.073255268703
v -66.8264976036476 1721.75405456493 -202.231618545755
v -66.7546419782076 1729.7430261369 -163.036590644924
v -46.6207903900002 1841.62624541064 -185.878227367872
cstype bspline
deg 1
curv 0 5 3332 3333 3334 3335 3336
parm u 0 1 2 3 4 5
end
v -115.023771874927 1311.63459902341 330.22161457223
v -112.080437179706 1233.11972332172 -164.074408412131
v 108.701781704229 2459.99999999971 -414.549446262648
v 104.919431180559 2459.99999999971 -301.488151704825
v 112.314617338011 2499.99999999971 -315.54366159221
v 108.422703532793 2499.99999999971 -199.207322489931
v 101.983426029254 2459.99999999971 -213.72565027679
v 98.0915122240363 2459.99999999971 -97.3893111745108
v 105.486698381489 2499.99999999971 -111.444821061896
v 101.594784576271 2499.99999999971 4.89151804038258
v 95.1555070727318 2459.99999999971 -9.62680974647586
v 91.6293679111243 2459.99999999971 95.775864042607
v -115.023771874927 1311.63459902341 330.22161457223
cstype bspline
deg 1
curv 0 13 3337 3338 3339 3340 3341 3342 3343 3344 3345 3346 3347 3348 3349
parm u 0 1 2 3 4 5 6 7 8 9 10 11 12 13
end
v -152.937472061392 1326.72430179978 327.502370650354
v -149.994137366179 1248.2094260981 -166.793652334008
v 68.0726266159231 2459.99999999971 -414.188035987124
v 64.3477732436537 2459.99999999971 -302.845435223033
v 71.7429594011062 2499.99999999971 -316.900945110418
v 67.8510455958886 2499.99999999971 -200.564606008139
v 61.4117680923492 2459.99999999971 -215.082933794998
v 57.5198542871315 2459.99999999971 -98.7465946927191
v 64.915040444584 2499.99999999971 -112.802104580105
v 61.0231266393664 2499.99999999971 3.53423452217427
v 54.583849135827 2459.99999999971 -10.9840932646842
v 51.0002128228186 2459.99999999971 96.1372743181384
v -152.937472061392 1326.72430179978 327.502370650354
cstype bspline
deg 1
curv 0 13 3350 3351 3352 3353 3354 3355 3356 3357 3358 3359 3360 3361 3362
parm u 0 1 2 3 4 5 6 7 8 9 10 11 12 13
end
g element_39
v -1101.0189353233 2499.99999999972 37.0618544352239
v -1101.3819600263 2499.99999999972 -3.74879196160902
v -951.113747910453 2499.99999999972 -5.08547926968666
v -950.750723207457 2499.99999999972 35.7251671271463
v -1101.0189353233 2499.99999999972 37.0618544352239
cstype bspline
deg 1
curv 0 5 3363 3364 3365 3366 3367
parm u 0 1 2 3 4 5
end
v -1148.2308154216 2459.99999999971 45.5840323655391
v -1148.59384012459 2459.99999999971 4.77338596870612
v -998.325628008749 2459.99999999971 3.43669866062848
v -997.962603305753 2459.99999999971 44.2473450574614
v -1148.2308154216 2459.99999999971 45.5840323655391
cstype bspline
deg 1
curv 0 5 3368 3369 3370 3371 3372
parm u 0 1 2 3 4 5
end
v -499.946086859925 2499.99999999972 31.7151052029134
v -500.309111562921 2499.99999999972 -9.09554119391959
v -350.040899447078 2499.99999999972 -10.4322285019972
v -349.677874744082 2499.99999999972 30.3784178948357
v -499.946086859925 2499.99999999972 31.7151052029134
cstype bspline
deg 1
curv 0 5 3373 3374 3375 3376 3377
parm u 0 1 2 3 4 5
end
v -547.157966958222 2459.99999999971 40.2372831332285
v -547.520991661218 2459.99999999971 -0.573363263604449
v -397.252779545374 2459.99999999971 -1.91005057168209
v -396.889754842378 2459.99999999971 38.9005958251509
v -547.157966958222 2459.99999999971 40.2372831332285
cstype bspline
deg 1
curv 0 5 3378 3379 3380 3381 3382
parm u 0 1 2 3 4 5
end
v -1111.33632062899 2499.99999999972 -309.764311704342
v -1111.69934533199 2499.99999999972 -350.574958101168
v -958.690679425571 2499.99999999972 -351.936022686041
v -958.327654722575 2499.99999999972 -311.125376289215
v -1111.33632062899 2499.99999999972 -309.764311704342
cstype bspline
deg 1
curv 0 5 3383 3384 3385 3386 3387
parm u 0 1 2 3 4 5
end
v -1158.54820072729 2459.99999999971 -301.242133774027
v -1158.91122543029 2459.99999999971 -342.052780170853
v -1005.90255952387 2459.99999999971 -343.413844755725
v -1005.53953482087 2459.99999999971 -302.603198358899
v -1158.54820072729 2459.99999999971 -301.242133774027
cstype bspline
deg 1
curv 0 5 3388 3389 3390 3391 3392
parm u 0 1 2 3 4 5
end
v -499.301657003315 2499.99999999972 -315.208570043833
v -499.664681706311 2499.99999999972 -356.019216440659
v -346.656015799892 2499.99999999972 -357.380281025531
v -346.292991096896 2499.99999999972 -316.569634628705
v -499.301657003315 2499.99999999972 -315.208570043833
cstype bspline
deg 1
curv 0 5 3393 3394 3395 3396 3397
parm u 0 1 2 3 4 5
end
v -546.513537101612 2459.99999999971 -306.686392113518
v -546.876561804607 2459.99999999971 -347.497038510344
v -393.867895898188 2459.99999999971 -348.858103095216
v -393.504871195192 2459.99999999971 -308.04745669839
v -546.513537101612 2459.99999999971 -306.686392113518
cstype bspline
deg 1
curv 0 5 3398 3399 3400 3401 3402
parm u 0 1 2 3 4 5
end
v 98.8275346134776 2499.99999999971 87.6096218228258
v 101.594784576271 2499.99999999971 4.89151804038258
v 61.0231266393664 2499.99999999971 3.53423452217427
v 64.915040444584 2499.99999999971 -112.802104580105
v 105.486698381489 2499.99999999971 -111.444821061896
v 108.422703532793 2499.99999999971 -199.207322489931
v 67.8510455958886 2499.99999999971 -200.564606008139
v 71.7429594011062 2499.99999999971 -316.900945110418
v 112.314617338011 2499.99999999971 -315.54366159221
v 115.899948406582 2499.99999999971 -422.71568848243
v -1322.00535513509 2499.99999999971 -409.92502742113
v -1302.80265058175 2499.99999999971 100.077603259407
v 98.8275346134776 2499.99999999971 87.6096218228258
cstype bspline
deg 1
curv 0 13 3403 3404 3405 3406 3407 3408 3409 3410 3411 3412 3413 3414 3415
parm u 0 1 2 3 4 5 6 7 8 9 10 11 12 13
end
v 91.6293679111245 2459.99999999971 95.7758640426037
v 95.1555070727318 2459.99999999971 -9.62680974647586
v 54.583849135827 2459.99999999971 -10.9840932646842
v 57.5198542871315 2459.99999999971 -98.7465946927191
v 98.0915122240363 2459.99999999971 -97.3893111745108
v 101.983426029254 2459.99999999971 -213.72565027679
v 61.4117680923492 2459.99999999971 -215.082933794998
v 64.3477732436537 2459.99999999971 -302.845435223033
v 104.919431180559 2459.99999999971 -301.488151704825
v 108.701781704229 2459.99999999971 -414.549446262652
v -1314.81229719814 2459.99999999971 -401.886800082558
v -1295.60959264481 2459.99999999971 108.115830597979
v 91.6293679111245 2459.99999999971 95.7758640426037
cstype bspline
deg 1
curv 0 13 3416 3417 3418 3419 3420 3421 3422 3423 3424 3425 3426 3427 3428
parm u 0 1 2 3 4 5 6 7 8 9 10 11 12 13
end
g element_40
v 1251.36887055699 1951.61231024805 108.664226868684
v 944.488013195686 1829.47332348155 130.674315623314
v 989.522981897766 1805.06822861845 136.01829846906
v 886.44017806869 1764.04113647268 143.411596574594
v 841.40520936661 1788.44623133579 138.067613728848
v 532.156797879381 1665.36495489851 160.247508045452
v 577.191766581461 1640.9598600354 165.591490891198
v 474.108962752385 1599.93276788964 172.984788996732
v 429.073994050305 1624.33786275274 167.640806150986
v 222.908386392153 1542.28367846122 182.427402362055
v -92.6486962184792 1416.69154258004 205.059766775828
v -69.7071373936933 1544.25300621349 179.425589096783
v -103.211180057117 1583.73620356251 171.130028200711
v -84.110355801929 1689.94211211502 149.787366766358
v -50.6063131385053 1650.458914766 158.082927662431
v 6.6961596270587 1969.07664042352 94.0549433593715
v -26.8078830363649 2008.55983777254 85.7593824632994
v -7.70705878117694 2114.76574632504 64.4167210289465
v 25.7969838822467 2075.28254897603 72.7122819250186
v 63.9986323926227 2287.69436608104 30.0269590563126
v 102.181184165267 2499.99999999971 -12.637025717112
v 1152.6881800417 2499.99999999971 -3.29240552989785
v 1174.423937383 2379.21019105984 21.3675576488896
v 1219.44486314914 2354.81270626494 26.7098741182409
v 1227.86187435036 2308.03774651192 36.2592623929838
v 1182.84094858422 2332.43523130681 30.9169459236325
v 1208.0919821879 2192.11035204774 59.5651107478614
v 1253.11290795403 2167.71286725284 64.9074272172127
v 1261.52991915526 2120.93790749982 74.4568154919556
v 1216.50899338912 2145.33539229471 69.1144990226043
v 1233.34301579157 2051.78547278866 88.2132755720902
v 1251.36887055699 1951.61231024805 108.664226868684
cstype bspline
deg 1
curv 0 32 3429 3430 3431 3432 3433 3434 3435 3436 3437 3438 3439 3440 3441 3442 3443 3444 3445 3446 3447 3448 3449 3450 3451 3452 3453 3454 3455 3456 3457 3458 3459 3460
parm u 0 1 2 3 4 5 6 7 8 9 10 11 12 13 14 15 16 17 18 19 20 21 22 23 24 25 26 27 28 29 30 31 32
end
v 1251.76437367636 1957.95719498048 148.196430591273
v 944.810077642029 1835.78897952508 170.211786509601
v 989.845046344108 1811.38388466197 175.555769355347
v 886.762242515032 1770.35679251621 182.949067460881
v 841.727273812953 1794.76188737931 177.605084615136
v 532.478862325724 1671.68061094203 199.784978931739
v 577.513831027804 1647.27551607892 205.128961777485
v 474.431027198727 1606.24842393316 212.522259883019
v 429.396058496648 1630.65351879627 207.178277037273
v 223.230450838495 1548.59933450474 221.964873248342
v -92.9203201312666 1422.77090987208 244.63981813973
v -69.6563103813547 1552.12529055503 218.645343918912
v -103.160353044778 1591.60848790405 210.34978302284
v -84.0595287895903 1697.81439645656 189.007121588487
v -50.5554861261667 1658.33119910754 197.302682484559
v 6.74698663939733 1976.94892476506 133.2746981815
v -26.7570560240263 2016.43212211408 124.979137285428
v -7.65623176883831 2122.63803066658 103.636475851075
v 25.8478108945853 2083.15483331757 111.932036747147
v 64.0494594049613 2295.56665042258 69.2467138784409
v 100.816203698116 2499.99999999971 28.164707939399
v 1154.22542579742 2499.99999999971 37.535144424702
v 1174.518369533 2387.2281854197 60.5581860169972
v 1219.53929529914 2362.83070062481 65.9005024863485
v 1227.95630650036 2316.05574087178 75.4498907610915
v 1182.93538073422 2340.45322566668 70.1075742917401
v 1208.1864143379 2200.1283464076 98.755739115969
v 1253.20734010404 2175.73086161271 104.09805558532
v 1261.62435130526 2128.95590185968 113.647443860063
v 1216.60342553912 2153.35338665458 108.305127390712
v 1233.43744794157 2059.80346714853 127.403903940198
v 1251.76437367636 1957.95719498048 148.196430591273
cstype bspline
deg 1
curv 0 32 3461 3462 3463 3464 3465 3466 3467 3468 3469 3470 3471 3472 3473 3474 3475 3476 3477 3478 3479 3480 3481 3482 3483 3484 3485 3486 3487 3488 3489 3490 3491 3492
parm u 0 1 2 3 4 5 6 7 8 9 10 11 12 13 14 15 16 17 18 19 20 21 22 23 24 25 26 27 28 29 30 31 32
end
g element_41
v 1248.0070940424 1897.68079002239 -227.359504773277
v 945.118394642976 1777.13068740028 -205.635741310551
v 990.153363345055 1752.72559253717 -200.291758464805
v 886.399934676233 1711.43159081897 -192.850361848432
v 841.364965974154 1735.83668568208 -198.194344694178
v 530.104679967688 1611.95468052748 -175.87015484506
v 575.139648669766 1587.54958566437 -170.526171999315
v 471.386220000944 1546.25558394618 -163.084775382942
v 426.351251298865 1570.66067880928 -168.428758228688
v 218.844393961221 1488.07267537289 -153.545964995943
v -90.3398929597753 1365.0169205977 -131.37066981728
v -66.3647790245695 1498.32523882103 -158.159709532682
v -99.8688216879932 1537.80843617005 -166.455270428754
v -79.7344317399536 1649.7612581537 -188.952805723942
v -46.2303890765299 1610.27806080468 -180.65724482787
v 14.1727807675889 1946.13652675564 -248.149850713432
v -19.3312618958348 1985.61972410466 -256.445411609504
v 0.803128052204844 2097.57254608831 -278.942946904691
v 34.3071707156285 2058.08934873929 -270.647386008619
v 74.5759506117077 2281.9949927066 -315.642456598994
v 113.78351813605 2499.99999999971 -359.451761797397
v 1139.62159111817 2499.99999999971 -350.326580143937
v 1162.44305536015 2373.17670775219 -324.434845199699
v 1207.46398112629 2348.7792229573 -319.092528730348
v 1216.95840164816 2296.01689115428 -308.320782579668
v 1171.93747588202 2320.41437594917 -313.663099049019
v 1200.42073744763 2162.12738054011 -281.347860596979
v 1245.44166321377 2137.72989574522 -276.005544127628
v 1254.93608373564 2084.9675639422 -265.233797976948
v 1209.9151579695 2109.36504873709 -270.576114446299
v 1228.90399901324 2003.84038513105 -249.03262214494
v 1248.0070940424 1897.68079002239 -227.359504773277
cstype bspline
deg 1
curv 0 32 3493 3494 3495 3496 3497 3498 3499 3500 3501 3502 3503 3504 3505 3506 3507 3508 3509 3510 3511 3512 3513 3514 3515 3516 3517 3518 3519 3520 3521 3522 3523 3524
parm u 0 1 2 3 4 5 6 7 8 9 10 11 12 13 14 15 16 17 18 19 20 21 22 23 24 25 26 27 28 29 30 31 32
end
v 1248.40259716177 1904.02567475482 -187.82730105069
v 945.440459089318 1783.4463434438 -166.098270424266
v 990.475427791397 1759.04124858069 -160.754287578521
v 886.721999122575 1717.74724686249 -153.312890962148
v 841.687030420496 1742.1523417256 -158.656873807894
v 530.42674441403 1618.270336571 -136.332683958776
v 575.461713116108 1593.8652417079 -130.98870111303
v 471.708284447286 1552.5712399897 -123.547304496658
v 426.673315745208 1576.97633485281 -128.891287342404
v 219.166458407563 1494.38833141641 -114.008494109658
v -90.6115168725639 1371.09628788974 -91.7906184533816
v -66.3139520122321 1506.19752316257 -118.939954710557
v -99.8179946756558 1545.68072051158 -127.235515606629
v -79.6836047276162 1657.63354249524 -149.733050901816
v -46.1795620641925 1618.15034514622 -141.437490005744
v 14.2236077799263 1954.00881109718 -208.930095891306
v -19.2804348834973 1993.4920084462 -217.225656787378
v 0.85395506454228 2105.44483042985 -239.723192082566
v 34.3579977279659 2065.96163308083 -231.427631186494
v 74.6267776240451 2289.86727704814 -276.422701776868
v 112.418537668898 2499.99999999971 -318.650028140889
v 1141.15883687388 2499.99999999971 -309.49903018934
v 1162.53748751015 2381.19470211205 -285.244216831594
v 1207.55841327629 2356.79721731716 -279.901900362243
v 1217.05283379816 2304.03488551414 -269.130154211563
v 1172.03190803202 2328.43237030903 -274.472470680914
v 1200.51516959763 2170.14537489997 -242.157232228874
v 1245.53609536377 2145.74789010508 -236.814915759523
v 1255.03051588564 2092.98555830206 -226.043169608843
v 1210.0095901195 2117.38304309695 -231.385486078194
v 1228.99843116324 2011.85837949091 -209.841993776834
v 1248.40259716177 1904.02567475482 -187.82730105069
cstype bspline
deg 1
curv 0 32 3525 3526 3527 3528 3529 3530 3531 3532 3533 3534 3535 3536 3537 3538 3539 3540 3541 3542 3543 3544 3545 3546 3547 3548 3549 3550 3551 3552 3553 3554 3555 3556
parm u 0 1 2 3 4 5 6 7 8 9 10 11 12 13 14 15 16 17 18 19 20 21 22 23 24 25 26 27 28 29 30 31 32
end
g element_42
v 263.010947773539 1521.66970540496 224.91568201272
v 366.080771156495 1563.15149925833 220.463551568544
v 366.752252056111 1557.23349189264 180.868992054131
v 263.682428673155 1515.75169803927 185.321122498307
v 263.010947773539 1521.66970540496 224.91568201272
cstype bspline
deg 1
curv 0 5 3557 3558 3559 3560 3561
parm u 0 1 2 3 4 5
end
v 227.458337719991 1550.31021257391 221.841772664571
v 330.528161102947 1591.79200642728 217.389642220395
v 331.199642002563 1585.87399906159 177.795082705982
v 228.129818619607 1544.39220520822 182.247213150159
v 227.458337719991 1550.31021257391 221.841772664571
cstype bspline
deg 1
curv 0 5 3562 3563 3564 3565 3566
parm u 0 1 2 3 4 5
end
v 675.290241305363 1687.59688081844 207.107160236015
v 778.360064688319 1729.07867467181 202.655029791839
v 779.031545587935 1723.16066730612 163.060470277426
v 675.961722204979 1681.67887345275 167.512600721603
v 675.290241305363 1687.59688081844 207.107160236015
cstype bspline
deg 1
curv 0 5 3567 3568 3569 3570 3571
parm u 0 1 2 3 4 5
end
v 639.737631251815 1716.23738798739 204.033250887867
v 742.807454634771 1757.71918184077 199.58112044369
v 743.478935534387 1751.80117447507 159.986560929278
v 640.409112151431 1710.3193806217 164.438691373454
v 639.737631251815 1716.23738798739 204.033250887867
cstype bspline
deg 1
curv 0 5 3572 3573 3574 3575 3576
parm u 0 1 2 3 4 5
end
v 258.947654121735 1467.43422426239 -111.216017852816
v 362.688017897669 1509.18588583688 -115.697112480684
v 363.359498797293 1503.26787847117 -155.291671995095
v 259.619135021358 1461.51621689668 -150.810577367226
v 258.947654121735 1467.43422426239 -111.216017852816
cstype bspline
deg 1
curv 0 5 3577 3578 3579 3580 3581
parm u 0 1 2 3 4 5
end
v 223.395044068187 1496.07473143135 -114.289927200964
v 327.135407844121 1537.82639300583 -118.771021828833
v 327.806888743745 1531.90838564012 -158.365581343244
v 224.06652496781 1490.15672406564 -153.884486715375
v 223.395044068187 1496.07473143135 -114.289927200964
cstype bspline
deg 1
curv 0 5 3582 3583 3584 3585 3586
parm u 0 1 2 3 4 5
end
v 673.909109225473 1634.44087056033 -129.140396364291
v 777.649473001408 1676.19253213482 -133.62149099216
v 778.320953901031 1670.27452476911 -173.21605050657
v 674.580590125096 1628.52286319462 -168.734955878701
v 673.909109225473 1634.44087056033 -129.140396364291
cstype bspline
deg 1
curv 0 5 3587 3588 3589 3590 3591
parm u 0 1 2 3 4 5
end
v 638.356499171925 1663.08137772928 -132.21430571244
v 742.09686294786 1704.83303930377 -136.695400340308
v 742.768343847483 1698.91503193806 -176.289959854719
v 639.027980071548 1657.16337036358 -171.80886522685
v 638.356499171925 1663.08137772928 -132.21430571244
cstype bspline
deg 1
curv 0 5 3592 3593 3594 3595 3596
parm u 0 1 2 3 4 5
end
v 989.845046344108 1811.38388466197 175.555769355347
v 989.522981897766 1805.06822861845 136.01829846906
v 886.44017806869 1764.04113647268 143.411596574594
v 886.762242515032 1770.35679251621 182.949067460881
v 989.845046344108 1811.38388466197 175.555769355347
cstype bspline
deg 1
curv 0 5 3597 3598 3599 3600 3601
parm u 0 1 2 3 4 5
end
v 944.810077642029 1835.78897952508 170.211786509601
v 944.488013195686 1829.47332348155 130.674315623314
v 841.40520936661 1788.44623133579 138.067613728848
v 841.727273812953 1794.76188737931 177.605084615136
v 944.810077642029 1835.78897952508 170.211786509601
cstype bspline
deg 1
curv 0 5 3602 3603 3604 3605 3606
parm u 0 1 2 3 4 5
end
v 577.513831027804 1647.27551607892 205.128961777485
v 577.191766581461 1640.9598600354 165.591490891198
v 474.108962752385 1599.93276788964 172.984788996732
v 474.431027198727 1606.24842393316 212.522259883019
v 577.513831027804 1647.27551607892 205.128961777485
cstype bspline
deg 1
curv 0 5 3607 3608 3609 3610 3611
parm u 0 1 2 3 4 5
end
v 532.478862325724 1671.68061094203 199.784978931739
v 532.156797879381 1665.36495489851 160.247508045452
v 429.073994050305 1624.33786275274 167.640806150986
v 429.396058496648 1630.65351879627 207.178277037273
v 532.478862325724 1671.68061094203 199.784978931739
cstype bspline
deg 1
curv 0 5 3612 3613 3614 3615 3616
parm u 0 1 2 3 4 5
end
v 990.475427791397 1759.04124858069 -160.754287578521
v 990.153363345055 1752.72559253717 -200.291758464805
v 886.399934676233 1711.43159081897 -192.850361848432
v 886.721999122575 1717.74724686249 -153.312890962148
v 990.475427791397 1759.04124858069 -160.754287578521
cstype bspline
deg 1
curv 0 5 3617 3618 3619 3620 3621
parm u 0 1 2 3 4 5
end
v 945.440459089318 1783.4463434438 -166.098270424266
v 945.118394642976 1777.13068740028 -205.635741310551
v 841.364965974154 1735.83668568208 -198.194344694178
v 841.687030420496 1742.1523417256 -158.656873807894
v 945.440459089318 1783.4463434438 -166.098270424266
cstype bspline
deg 1
curv 0 5 3622 3623 3624 3625 3626
parm u 0 1 2 3 4 5
end
v 575.461713116108 1593.8652417079 -130.98870111303
v 575.139648669766 1587.54958566437 -170.526171999315
v 471.386220000944 1546.25558394618 -163.084775382942
v 471.708284447286 1552.5712399897 -123.547304496658
v 575.461713116108 1593.8652417079 -130.98870111303
cstype bspline
deg 1
curv 0 5 3627 3628 3629 3630 3631
parm u 0 1 2 3 4 5
end
v 530.42674441403 1618.270336571 -136.332683958776
v 530.104679967688 1611.95468052748 -175.87015484506
v 426.351251298865 1570.66067880928 -168.428758228688
v 426.673315745208 1576.97633485281 -128.891287342404
v 530.42674441403 1618.270336571 -136.332683958776
cstype bspline
deg 1
curv 0 5 3632 3633 3634 3635 3636
parm u 0 1 2 3 4 5
end
v -101.527445368309 1386.29740168669 313.171970691152
v -98.1321464584471 1310.30531053621 -181.578671357526
v 1254.52176334293 1848.66335414125 -278.593626493593
v 1255.64062014382 1866.61268775252 -166.759173555708
v 1293.41661443764 1879.46948604992 -183.394542593972
v 1294.54378663733 1897.55221999182 -70.7289304988226
v 1256.49094303131 1880.25404844553 -81.7658170628762
v 1257.618115231 1898.33678238743 30.8997950322728
v 1295.39410952482 1911.19358068483 14.2644259940091
v 1296.52128172451 1929.27631462673 126.930038089158
v 1258.46843811849 1911.97814308044 115.893151525105
v 1259.46555233498 1927.97441329663 215.558920038696
v -101.527445368309 1386.29740168669 313.171970691152
cstype bspline
deg 1
curv 0 13 3637 3638 3639 3640 3641 3642 3643 3644 3645 3646 3647 3648 3649
parm u 0 1 2 3 4 5 6 7 8 9 10 11 12 13
end
v -93.3277560004499 1431.88996081013 304.009895185568
v -89.9324570905956 1355.89786965965 -190.740746863111
v 1247.41383936336 1888.16346292373 -286.65781035714
v 1248.55020717457 1906.39371806644 -173.073058134216
v 1286.32620146838 1919.25051636383 -189.70842717248
v 1287.45337366808 1937.33325030573 -77.0428150773305
v 1249.40053006206 1920.03507875945 -88.0797016413841
v 1250.52770226175 1938.11781270135 24.585910453765
v 1288.30369655557 1950.97461099874 7.95054141550128
v 1289.43086875526 1969.05734494064 120.61615351065
v 1251.37802514924 1951.75917339436 109.579266946597
v 1252.35762835542 1967.47452207911 207.494736175148
v -93.3277560004499 1431.88996081013 304.009895185568
cstype bspline
deg 1
curv 0 13 3650 3651 3652 3653 3654 3655 3656 3657 3658 3659 3660 3661 3662
parm u 0 1 2 3 4 5 6 7 8 9 10 11 12 13
end
g element_43
v 1273.72497090995 2061.62207100597 126.971823914352
v 1265.30834473438 2108.4262327373 117.566261604659
v 1265.19289019388 2100.52549379584 78.3537495440625
v 1273.60951636945 2053.72133206451 87.7593118537554
v 1273.72497090995 2061.62207100597 126.971823914352
cstype bspline
deg 1
curv 0 5 3663 3664 3665 3666 3667
parm u 0 1 2 3 4 5
end
v 1238.19151381582 2033.42817544858 132.998729220794
v 1229.77488764025 2080.2323371799 123.593166911101
v 1229.65943309975 2072.33159823844 84.3806548505045
v 1238.07605927533 2025.52743650711 93.7862171601974
v 1238.19151381582 2033.42817544858 132.998729220794
cstype bspline
deg 1
curv 0 5 3668 3669 3670 3671 3672
parm u 0 1 2 3 4 5
end
v 1240.05846620765 2248.83871793128 89.34957467558
v 1231.64184003208 2295.64287966261 79.9440123658872
v 1231.52638549158 2287.74214072115 40.731500305291
v 1239.94301166716 2240.93797898982 50.1370626149839
v 1240.05846620765 2248.83871793128 89.34957467558
cstype bspline
deg 1
curv 0 5 3673 3674 3675 3676 3677
parm u 0 1 2 3 4 5
end
v 1204.52500911353 2220.64482237389 95.3764799820221
v 1196.10838293796 2267.44898410521 85.9709176723292
v 1195.99292839746 2259.54824516375 46.758405611733
v 1204.40955457303 2212.74408343242 56.1639679214259
v 1204.52500911353 2220.64482237389 95.3764799820221
cstype bspline
deg 1
curv 0 5 3678 3679 3680 3681 3682
parm u 0 1 2 3 4 5
end
v 1269.28615718892 2013.69238407275 -210.198221952522
v 1259.79217097743 2066.48765581798 -220.807731869769
v 1259.67671643694 2058.58691687652 -260.020243930361
v 1269.17070264842 2005.79164513129 -249.410734013114
v 1269.28615718892 2013.69238407275 -210.198221952522
cstype bspline
deg 1
curv 0 5 3683 3684 3685 3686 3687
parm u 0 1 2 3 4 5
end
v 1233.7527000948 1985.49848851536 -204.17131664608
v 1224.25871388331 2038.29376026059 -214.780826563327
v 1224.14325934281 2030.39302131912 -253.993338623919
v 1233.6372455543 1977.5977495739 -243.383828706672
v 1233.7527000948 1985.49848851536 -204.17131664608
cstype bspline
deg 1
curv 0 5 3688 3689 3690 3691 3692
parm u 0 1 2 3 4 5
end
v 1231.31021234297 2224.87347105367 -252.636261621509
v 1221.81622613149 2277.6687427989 -263.245771538755
v 1221.70077159099 2269.76800385744 -302.458283599347
v 1231.19475780248 2216.97273211221 -291.8487736821
v 1231.31021234297 2224.87347105367 -252.636261621509
cstype bspline
deg 1
curv 0 5 3693 3694 3695 3696 3697
parm u 0 1 2 3 4 5
end
v 1195.77675524885 2196.67957549628 -246.609356315067
v 1186.28276903736 2249.4748472415 -257.218866232313
v 1186.16731449686 2241.57410830004 -296.431378292905
v 1195.66130070835 2188.77883655481 -285.821868375659
v 1195.77675524885 2196.67957549628 -246.609356315067
cstype bspline
deg 1
curv 0 5 3698 3699 3700 3701 3702
parm u 0 1 2 3 4 5
end
v 1219.53929529914 2362.83070062481 65.9005024863485
v 1219.44486314914 2354.81270626494 26.7098741182409
v 1227.86187435036 2308.03774651192 36.2592623929838
v 1227.95630650036 2316.05574087178 75.4498907610915
v 1219.53929529914 2362.83070062481 65.9005024863485
cstype bspline
deg 1
curv 0 5 3703 3704 3705 3706 3707
parm u 0 1 2 3 4 5
end
v 1174.518369533 2387.2281854197 60.5581860169972
v 1174.423937383 2379.21019105984 21.3675576488896
v 1182.84094858422 2332.43523130681 30.9169459236325
v 1182.93538073422 2340.45322566668 70.1075742917401
v 1174.518369533 2387.2281854197 60.5581860169972
cstype bspline
deg 1
curv 0 5 3708 3709 3710 3711 3712
parm u 0 1 2 3 4 5
end
v 1253.20734010404 2175.73086161271 104.09805558532
v 1253.11290795403 2167.71286725284 64.9074272172127
v 1261.52991915526 2120.93790749982 74.4568154919556
v 1261.62435130526 2128.95590185968 113.647443860063
v 1253.20734010404 2175.73086161271 104.09805558532
cstype bspline
deg 1
curv 0 5 3713 3714 3715 3716 3717
parm u 0 1 2 3 4 5
end
v 1208.1864143379 2200.1283464076 98.755739115969
v 1208.0919821879 2192.11035204774 59.5651107478614
v 1216.50899338912 2145.33539229471 69.1144990226043
v 1216.60342553912 2153.35338665458 108.305127390712
v 1208.1864143379 2200.1283464076 98.755739115969
cstype bspline
deg 1
curv 0 5 3718 3719 3720 3721 3722
parm u 0 1 2 3 4 5
end
v 1207.55841327629 2356.79721731716 -279.901900362243
v 1207.46398112629 2348.7792229573 -319.092528730348
v 1216.95840164816 2296.01689115428 -308.320782579668
v 1217.05283379816 2304.03488551414 -269.130154211563
v 1207.55841327629 2356.79721731716 -279.901900362243
cstype bspline
deg 1
curv 0 5 3723 3724 3725 3726 3727
parm u 0 1 2 3 4 5
end
v 1162.53748751015 2381.19470211205 -285.244216831594
v 1162.44305536015 2373.17670775219 -324.434845199699
v 1171.93747588202 2320.41437594917 -313.663099049019
v 1172.03190803202 2328.43237030903 -274.472470680914
v 1162.53748751015 2381.19470211205 -285.244216831594
cstype bspline
deg 1
curv 0 5 3728 3729 3730 3731 3732
parm u 0 1 2 3 4 5
end
v 1245.53609536377 2145.74789010508 -236.814915759523
v 1245.44166321377 2137.72989574522 -276.005544127628
v 1254.93608373564 2084.9675639422 -265.233797976948
v 1255.03051588564 2092.98555830206 -226.043169608843
v 1245.53609536377 2145.74789010508 -236.814915759523
cstype bspline
deg 1
curv 0 5 3733 3734 3735 3736 3737
parm u 0 1 2 3 4 5
end
v 1200.51516959763 2170.14537489997 -242.157232228874
v 1200.42073744763 2162.12738054011 -281.347860596979
v 1209.9151579695 2109.36504873709 -270.576114446299
v 1210.0095901195 2117.38304309695 -231.385486078194
v 1200.51516959763 2170.14537489997 -242.157232228874
cstype bspline
deg 1
curv 0 5 3738 3739 3740 3741 3742
parm u 0 1 2 3 4 5
end
v 1297.38077053524 1943.06472024451 212.839567241928
v 1296.52128172451 1929.27631462673 126.930038089158
v 1289.43086875526 1969.05734494064 120.61615351065
v 1288.30369655557 1950.97461099874 7.95054141550128
v 1295.39410952482 1911.19358068483 14.2644259940091
v 1294.54378663733 1897.55221999182 -70.7289304988226
v 1287.45337366808 1937.33325030573 -77.0428150773305
v 1286.32620146838 1919.25051636383 -189.70842717248
v 1293.41661443764 1879.46948604992 -183.394542593972
v 1292.43698154319 1863.75366108913 -281.312979290358
v 1177.94639534866 2499.99999999971 -411.206481299151
v 1197.16196729503 2499.99999999971 99.1378931332531
v 1297.38077053524 1943.06472024451 212.839567241928
cstype bspline
deg 1
curv 0 13 3743 3744 3745 3746 3747 3748 3749 3750 3751 3752 3753 3754 3755
parm u 0 1 2 3 4 5 6 7 8 9 10 11 12 13
end
v 1259.46555233498 1927.97441329663 215.558920038695
v 1258.46843811849 1911.97814308044 115.893151525105
v 1251.37802514924 1951.75917339436 109.579266946597
v 1250.52770226175 1938.11781270135 24.585910453765
v 1257.618115231 1898.33678238743 30.8997950322728
v 1256.49094303131 1880.25404844553 -81.7658170628762
v 1249.40053006206 1920.03507875945 -88.0797016413841
v 1248.55020717457 1906.39371806644 -173.073058134216
v 1255.64062014382 1866.61268775252 -166.759173555708
v 1254.52176334293 1848.66335414125 -278.593626493594
v 1137.31572248461 2499.99999999971 -411.567905075819
v 1156.53129443098 2499.99999999971 98.7764693565853
v 1259.46555233498 1927.97441329663 215.558920038695
cstype bspline
deg 1
curv 0 13 3756 3757 3758 3759 3760 3761 3762 3763 3764 3765 3766 3767 3768
parm u 0 1 2 3 4 5 6 7 8 9 10 11 12 13
end
g element_44
v 1276.17176697277 949.766050986029 246.066854448075
v 936.988070712495 814.680378257997 260.565239890382
v 982.060516030163 789.734917937288 263.242569702376
v 881.284765711758 749.599262313123 267.550222715959
v 836.21232039409 774.544722633831 264.872892903966
v 533.885069438873 654.137755761335 277.795851944716
v 578.957514756542 629.192295440626 280.47318175671
v 478.181764438136 589.05663981646 284.780834770293
v 433.109319120468 614.002100137169 282.103504958299
v 231.557818483657 533.730788888838 290.718810985466
v -72.1687378427596 412.766524865845 303.701583244973
v -53.6123398569089 517.437147201142 292.467564148377
v -89.1535382622354 546.068461363107 289.394641461182
v -75.4212522748431 623.527832598981 281.081133465723
v -39.8800538695166 594.896518437016 284.154056152918
v 1.31680409266048 827.274632144639 259.213532166541
v -34.224394312666 855.905946306604 256.140609479346
v -20.4921083252737 933.365317542478 247.827101483888
v 15.0490900800528 904.734003380513 250.900024171082
v 42.5136620548375 1059.65274585226 234.273008180165
v 112.59227970225 1454.9434982464 191.847504614527
v 263.682428673155 1515.75169803927 185.321122498307
v 228.129818619607 1544.39220520822 182.247213150159
v 331.199642002563 1585.87399906159 177.795082705982
v 366.752252056111 1557.23349189264 180.868992054131
v 675.961722204979 1681.67887345275 167.512600721603
v 640.409112151431 1710.3193806217 164.438691373454
v 743.478935534387 1751.80117447507 159.986560929278
v 779.031545587935 1723.16066730612 163.060470277426
v 985.171192353847 1806.12425501286 154.156209389074
v 1115.0835825806 1858.40918976396 148.544606607383
v 1155.84351005461 1628.49643374095 173.220530320149
v 1200.87942975645 1603.57118861589 175.895690489038
v 1214.7214619385 1525.49303771718 184.27561045754
v 1169.68554223667 1550.41828284224 181.60045028865
v 1211.21163878285 1316.18383014611 206.740210194155
v 1256.24755848468 1291.25858502104 209.415370363045
v 1270.08959066674 1213.18043412233 217.795290331546
v 1225.05367096491 1238.10567924739 215.120130162657
v 1252.73773532903 1081.94937744997 231.87997009966
v 1276.17176697277 949.766050986029 246.066854448075
cstype bspline
deg 1
curv 0 41 3769 3770 3771 3772 3773 3774 3775 3776 3777 3778 3779 3780 3781 3782 3783 3784 3785 3786 3787 3788 3789 3790 3791 3792 3793 3794 3795 3796 3797 3798 3799 3800 3801 3802 3803 3804 3805 3806 3807 3808 3809
parm u 0 1 2 3 4 5 6 7 8 9 10 11 12 13 14 15 16 17 18 19 20 21 22 23 24 25 26 27 28 29 30 31 32 33 34 35 36 37 38 39 40 41
end
v 1276.68871315483 952.112334053459 286.044757617844
v 937.726879975149 817.115022068666 300.533659536935
v 982.799325292818 792.169561747957 303.210989348929
v 882.023574974412 752.033906123791 307.518642362513
v 836.951129656744 776.9793664445 304.841312550519
v 534.623878701528 656.572399572003 317.764271591269
v 579.696324019196 631.626939251295 320.441601403263
v 478.920573700791 591.491283627129 324.749254416846
v 433.848128383122 616.436743947838 322.071924604852
v 232.296627746312 536.165432699506 330.687230632019
v -72.3841361701833 414.821139283447 343.710790434045
v -53.4405753549962 521.675621564119 332.242383466399
v -88.9817737603227 550.306935726084 329.169460779204
v -75.2494877729304 627.766306961958 320.855952783745
v -39.7082893676039 599.134992799993 323.92887547094
v 1.48856859457319 831.513106507616 298.988351484563
v -34.0526298107533 860.144420669581 295.915428797369
v -20.320343823361 937.603791905455 287.60192080191
v 15.2208545819655 908.97247774349 290.674843489105
v 42.6854265567503 1063.89122021524 274.047827498187
v 113.149463478316 1461.35599772548 231.388991607529
v 263.010947773539 1521.66970540496 224.91568201272
v 227.458337719991 1550.31021257391 221.841772664571
v 330.528161102947 1591.79200642728 217.389642220395
v 366.080771156495 1563.15149925833 220.463551568544
v 675.290241305363 1687.59688081844 207.107160236015
v 639.737631251815 1716.23738798739 204.033250887867
v 742.807454634771 1757.71918184077 199.58112044369
v 778.360064688319 1729.07867467181 202.655029791839
v 984.499711454231 1812.04226237855 193.750768903487
v 1114.93034142928 1864.53576947119 188.116780607927
v 1156.01435490749 1632.79495557289 212.988904903268
v 1201.05027460933 1607.86971044783 215.664065072158
v 1214.89230679139 1529.79155954912 224.04398504066
v 1169.85638708955 1554.71680467418 221.36882487177
v 1211.38248363573 1320.48235197805 246.508584777275
v 1256.41840333757 1295.55710685299 249.183744946164
v 1270.26043551962 1217.47895595427 257.563664914666
v 1225.22451581779 1242.40420107933 254.888504745776
v 1252.90858018191 1086.24789928191 271.648344682779
v 1276.68871315483 952.112334053459 286.044757617844
cstype bspline
deg 1
curv 0 41 3810 3811 3812 3813 3814 3815 3816 3817 3818 3819 3820 3821 3822 3823 3824 3825 3826 3827 3828 3829 3830 3831 3832 3833 3834 3835 3836 3837 3838 3839 3840 3841 3842 3843 3844 3845 3846 3847 3848 3849 3850
parm u 0 1 2 3 4 5 6 7 8 9 10 11 12 13 14 15 16 17 18 19 20 21 22 23 24 25 26 27 28 29 30 31 32 33 34 35 36 37 38 39 40 41
end
g element_45
v 1271.77772442534 929.822644913031 -93.7453224949672
v 937.823953650808 796.819878911793 -79.4704898836568
v 982.896398968476 771.874418591084 -76.793160071663
v 881.381091723673 731.444221849451 -72.4538947444759
v 836.308646406005 756.38968217016 -75.1312245564698
v 531.762724671597 635.099091945263 -62.1134285749086
v 576.835169989264 610.153631624554 -59.4360987629148
v 475.319862744462 569.723434882922 -55.0968334357277
v 430.247417426794 594.668895203631 -57.7741632477216
v 227.216802937188 513.808501720366 -49.0956325933474
v -70.3378520596452 395.30230231637 -36.3766778621439
v -52.4410229722784 496.252510424187 -47.2113948093282
v -87.9822213776049 524.883824586151 -50.284317496523
v -74.9095042886966 598.622781594545 -58.1985233425698
v -39.3683058833701 569.99146743258 -55.125600655375
v -0.15015461664531 791.208338457759 -78.8682181935156
v -35.6913530219718 819.839652619724 -81.9411408807104
v -22.6186359330635 893.578609628117 -89.8553467267573
v 12.922562472263 864.947295466152 -86.7824240395624
v 39.0679966500795 1012.42520948294 -102.610835731656
v 107.85621760568 1400.43725267422 -144.25513482598
v 259.619135021358 1461.51621689668 -150.810577367226
v 224.06652496781 1490.15672406564 -153.884486715375
v 327.806888743745 1531.90838564012 -158.365581343244
v 363.359498797293 1503.26787847117 -155.291671995095
v 674.580590125096 1628.52286319462 -168.734955878701
v 639.027980071548 1657.16337036358 -171.80886522685
v 742.768343847483 1698.91503193806 -176.289959854719
v 778.320953901031 1670.27452476911 -173.21605050657
v 985.8016814529 1753.77784791808 -182.178239762308
v 1116.3861323669 1806.33326225253 -187.818872397237
v 1156.69042174333 1578.99060429536 -163.418790464214
v 1201.72634144516 1554.0653591703 -160.743630295324
v 1214.91318449975 1479.68290518147 -152.760359632373
v 1169.87726479792 1504.60815030653 -155.435519801263
v 1209.43779396169 1281.46078834004 -131.48570781241
v 1254.47371366352 1256.53554321498 -128.81054764352
v 1267.66055671811 1182.15308922615 -120.827276980569
v 1222.62463701628 1207.07833435121 -123.502437149459
v 1248.99832312546 1058.31342637355 -107.535895823556
v 1271.77772442534 929.822644913031 -93.7453224949672
cstype bspline
deg 1
curv 0 41 3851 3852 3853 3854 3855 3856 3857 3858 3859 3860 3861 3862 3863 3864 3865 3866 3867 3868 3869 3870 3871 3872 3873 3874 3875 3876 3877 3878 3879 3880 3881 3882 3883 3884 3885 3886 3887 3888 3889 3890 3891
parm u 0 1 2 3 4 5 6 7 8 9 10 11 12 13 14 15 16 17 18 19 20 21 22 23 24 25 26 27 28 29 30 31 32 33 34 35 36 37 38 39 40 41
end
v 1272.2946706074 932.168927980449 -53.7674193251973
v 938.562762913466 799.254522722451 -39.5020702371029
v 983.635208231134 774.309062401742 -36.824740425109
v 882.119900986331 733.87886566011 -32.485475097922
v 837.047455668663 758.824325980818 -35.1628049099158
v 532.501533934255 637.533735755921 -22.1450089283546
v 577.573979251922 612.588275435212 -19.4676791163608
v 476.05867200712 572.15807869358 -15.1284137891738
v 430.986226689452 597.103539014289 -17.8057436011676
v 227.955612199846 516.243145531024 -9.12721294679347
v -70.5532503870731 397.356916733958 3.63252932692926
v -52.2692584703675 500.490984787164 -7.43657549130634
v -87.8104568756939 529.122298949129 -10.5094981785011
v -74.7377397867857 602.861255957522 -18.423704024548
v -39.1965413814592 574.229941795557 -15.3507813373532
v 0.021609885265633 795.446812820736 -39.0933988754938
v -35.5195885200609 824.078126982701 -42.1663215626886
v -22.4468714311526 897.817083991094 -50.0805274087354
v 13.0943269741739 869.18576982913 -47.0076047215406
v 39.2397611519904 1016.66368384592 -62.8360164136343
v 108.413401381748 1406.84975215332 -104.713647832981
v 258.947654121735 1467.43422426239 -111.216017852816
v 223.395044068187 1496.07473143135 -114.289927200964
v 327.135407844121 1537.82639300583 -118.771021828833
v 362.688017897669 1509.18588583688 -115.697112480684
v 673.909109225473 1634.44087056033 -129.140396364291
v 638.356499171925 1663.08137772928 -132.21430571244
v 742.09686294786 1704.83303930377 -136.695400340308
v 777.649473001408 1676.19253213482 -133.62149099216
v 985.130200553277 1759.69585528378 -142.583680247897
v 1116.23289121558 1812.45984195978 -148.246698396695
v 1156.86126659621 1583.2891261273 -123.650415881095
v 1201.89718629804 1558.36388100224 -120.975255712205
v 1215.08402935263 1483.98142701341 -112.991985049254
v 1170.0481096508 1508.90667213847 -115.667145218144
v 1209.60863881457 1285.75931017198 -91.7173332292904
v 1254.64455851641 1260.83406504692 -89.0421730604008
v 1267.831401571 1186.45161105809 -81.0589023974497
v 1222.79548186916 1211.37685618315 -83.7340625663393
v 1249.16916797834 1062.61194820549 -67.7675212404371
v 1272.2946706074 932.168927980449 -53.7674193251973
cstype bspline
deg 1
curv 0 41 3892 3893 3894 3895 3896 3897 3898 3899 3900 3901 3902 3903 3904 3905 3906 3907 3908 3909 3910 3911 3912 3913 3914 3915 3916 3917 3918 3919 3920 3921 3922 3923 3924 3925 3926 3927 3928 3929 3930 3931 3932
parm u 0 1 2 3 4 5 6 7 8 9 10 11 12 13 14 15 16 17 18 19 20 21 22 23 24 25 26 27 28 29 30 31 32 33 34 35 36 37 38 39 40 41
end
g element_46
v 271.826060226359 508.672670623652 327.253101577228
v 372.601841978024 549.038841401153 327.253101577228
v 373.340651232131 547.19437414766 287.253101577228
v 272.564869480466 506.82820337016 287.253101577228
v 271.826060226359 508.672670623652 327.253101577228
cstype bspline
deg 1
curv 0 5 3933 3934 3935 3936 3937
parm u 0 1 2 3 4 5
end
v 236.288644369595 537.580691761317 327.253101577228
v 337.06442612126 577.946862538818 327.253101577228
v 337.803235375367 576.102395285325 287.253101577228
v 237.027453623702 535.736224507825 287.253101577228
v 236.288644369595 537.580691761317 327.253101577228
cstype bspline
deg 1
curv 0 5 3938 3939 3940 3941 3942
parm u 0 1 2 3 4 5
end
v 674.92918723302 670.137353733655 327.253101577228
v 775.704968984685 710.503524511156 327.253101577228
v 776.443778238792 708.659057257664 287.253101577228
v 675.667996487127 668.292886480163 287.253101577228
v 674.92918723302 670.137353733655 327.253101577228
cstype bspline
deg 1
curv 0 5 3943 3944 3945 3946 3947
parm u 0 1 2 3 4 5
end
v 639.391771376256 699.04537487132 327.253101577228
v 740.167553127921 739.411545648821 327.253101577228
v 740.906362382028 737.567078395329 287.253101577228
v 640.130580630362 697.200907617828 287.253101577228
v 639.391771376256 699.04537487132 327.253101577228
cstype bspline
deg 1
curv 0 5 3948 3949 3950 3951 3952
parm u 0 1 2 3 4 5
end
v 267.485043325862 488.74045378659 -12.746898422772
v 369.000382234603 529.402857349223 -12.746898422772
v 369.739191488721 527.558390095702 -52.746898422772
v 268.22385257998 486.89598653307 -52.746898422772
v 267.485043325862 488.74045378659 -12.746898422772
cstype bspline
deg 1
curv 0 5 3953 3954 3955 3956 3957
parm u 0 1 2 3 4 5
end
v 231.947627469097 517.648474924255 -12.746898422772
v 333.462966377839 558.310878486888 -12.746898422772
v 334.201775631957 556.466411233367 -52.746898422772
v 232.686436723215 515.804007670734 -52.746898422772
v 231.947627469097 517.648474924255 -12.746898422772
cstype bspline
deg 1
curv 0 5 3958 3959 3960 3961 3962
parm u 0 1 2 3 4 5
end
v 673.546398960828 651.390068037121 -12.746898422772
v 775.061737869569 692.052471599754 -12.746898422772
v 775.800547123687 690.208004346233 -52.746898422772
v 674.285208214946 649.5456007836 -52.746898422772
v 673.546398960828 651.390068037121 -12.746898422772
cstype bspline
deg 1
curv 0 5 3963 3964 3965 3966 3967
parm u 0 1 2 3 4 5
end
v 638.008983104063 680.298089174786 -12.746898422772
v 739.524322012805 720.960492737419 -12.746898422772
v 740.263131266923 719.116025483898 -52.746898422772
v 638.747792358181 678.453621921265 -52.746898422772
v 638.008983104063 680.298089174786 -12.746898422772
cstype bspline
deg 1
curv 0 5 3968 3969 3970 3971 3972
parm u 0 1 2 3 4 5
end
v 982.799325292818 792.169561747957 303.210989348929
v 982.060516030163 789.734917937288 263.242569702376
v 881.284765711758 749.599262313123 267.550222715959
v 882.023574974412 752.033906123791 307.518642362513
v 982.799325292818 792.169561747957 303.210989348929
cstype bspline
deg 1
curv 0 5 3973 3974 3975 3976 3977
parm u 0 1 2 3 4 5
end
v 937.726879975149 817.115022068666 300.533659536935
v 936.988070712495 814.680378257997 260.565239890382
v 836.21232039409 774.544722633831 264.872892903966
v 836.951129656744 776.9793664445 304.841312550519
v 937.726879975149 817.115022068666 300.533659536935
cstype bspline
deg 1
curv 0 5 3978 3979 3980 3981 3982
parm u 0 1 2 3 4 5
end
v 579.696324019196 631.626939251295 320.441601403263
v 578.957514756542 629.192295440626 280.47318175671
v 478.181764438136 589.05663981646 284.780834770293
v 478.920573700791 591.491283627129 324.749254416846
v 579.696324019196 631.626939251295 320.441601403263
cstype bspline
deg 1
curv 0 5 3983 3984 3985 3986 3987
parm u 0 1 2 3 4 5
end
v 534.623878701528 656.572399572003 317.764271591269
v 533.885069438873 654.137755761335 277.795851944716
v 433.109319120468 614.002100137169 282.103504958299
v 433.848128383122 616.436743947838 322.071924604852
v 534.623878701528 656.572399572003 317.764271591269
cstype bspline
deg 1
curv 0 5 3988 3989 3990 3991 3992
parm u 0 1 2 3 4 5
end
v 983.635208231134 774.309062401742 -36.824740425109
v 982.896398968476 771.874418591084 -76.793160071663
v 881.381091723673 731.444221849451 -72.4538947444759
v 882.119900986331 733.87886566011 -32.485475097922
v 983.635208231134 774.309062401742 -36.824740425109
cstype bspline
deg 1
curv 0 5 3993 3994 3995 3996 3997
parm u 0 1 2 3 4 5
end
v 938.562762913466 799.254522722451 -39.5020702371029
v 937.823953650808 796.819878911793 -79.4704898836568
v 836.308646406005 756.38968217016 -75.1312245564698
v 837.047455668663 758.824325980818 -35.1628049099158
v 938.562762913466 799.254522722451 -39.5020702371029
cstype bspline
deg 1
curv 0 5 3998 3999 4000 4001 4002
parm u 0 1 2 3 4 5
end
v 577.573979251922 612.588275435212 -19.4676791163608
v 576.835169989264 610.153631624554 -59.4360987629148
v 475.319862744462 569.723434882922 -55.0968334357277
v 476.05867200712 572.15807869358 -15.1284137891738
v 577.573979251922 612.588275435212 -19.4676791163608
cstype bspline
deg 1
curv 0 5 4003 4004 4005 4006 4007
parm u 0 1 2 3 4 5
end
v 532.501533934255 637.533735755921 -22.1450089283546
v 531.762724671597 635.099091945263 -62.1134285749086
v 430.247417426794 594.668895203631 -57.7741632477216
v 430.986226689452 597.103539014289 -17.8057436011676
v 532.501533934255 637.533735755921 -22.1450089283546
cstype bspline
deg 1
curv 0 5 4008 4009 4010 4011 4012
parm u 0 1 2 3 4 5
end
v -80.8897945160279 371.747889113438 408.678312868532
v -78.1973154232182 346.065208893604 -91.4367769948706
v 1278.10561202068 886.235905176616 -149.411859038679
v 1279.56423525806 892.856213290738 -36.6095972756438
v 1317.32482305211 907.158910658144 -51.9799493521297
v 1318.7981047697 913.845749767391 61.9559222970489
v 1280.67565830817 897.900670864381 49.3420251965435
v 1282.14894002576 904.587509973629 163.277896845722
v 1319.90952781981 918.890207341034 147.907544769236
v 1321.3828095374 925.577046450281 261.843416418415
v 1283.26036307588 909.631967547271 249.229519317909
v 1284.56743929631 915.564443519269 350.311930583438
v -80.8897945160279 371.747889113438 408.678312868532
cstype bspline
deg 1
curv 0 13 4013 4014 4015 4016 4017 4018 4019 4020 4021 4022 4023 4024 4025
parm u 0 1 2 3 4 5 6 7 8 9 10 11 12 13
end
v -72.7072336613201 417.903060909826 403.72460121765
v -70.0147545685031 392.220380689978 -96.3904886457488
v 1271.00230515227 926.303220311912 -153.712177249621
v 1272.48722052194 933.042861515109 -38.876620038873
v 1310.24780831599 947.345558882515 -54.2469721153588
v 1311.72109003358 954.032397991762 59.6888995338197
v 1273.59864357205 938.087319088752 47.0750024333143
v 1275.07192528964 944.774158197999 161.010874082493
v 1312.83251308369 959.076855565405 145.640522006007
v 1314.30579480128 965.763694674652 259.576393655185
v 1276.18334833975 949.818615771642 246.96249655468
v 1277.46413242791 955.631758654564 346.011612372494
v -72.7072336613201 417.903060909826 403.72460121765
cstype bspline
deg 1
curv 0 13 4026 4027 4028 4029 4030 4031 4032 4033 4034 4035 4036 4037 4038
parm u 0 1 2 3 4 5 6 7 8 9 10 11 12 13
end
g element_47
v 1293.18481578499 1088.17039792772 271.442008023857
v 1279.34278360294 1166.24854882643 263.062088055356
v 1279.17193875006 1161.95002699449 223.293713472238
v 1293.01397093212 1083.87187609578 231.673633440739
v 1293.18481578499 1088.17039792772 271.442008023857
cstype bspline
deg 1
curv 0 5 4039 4040 4041 4042 4043
parm u 0 1 2 3 4 5
end
v 1257.66826428066 1059.40015551104 274.529841510573
v 1243.8262320986 1137.47830640975 266.149921542072
v 1243.65538724572 1133.17978457781 226.381546958954
v 1257.49741942778 1055.1016336791 234.761466927455
v 1257.66826428066 1059.40015551104 274.529841510573
cstype bspline
deg 1
curv 0 5 4044 4045 4046 4047 4048
parm u 0 1 2 3 4 5
end
v 1237.81668705676 1400.48300152257 237.922328149851
v 1223.9746548747 1478.56115242128 229.542408181349
v 1223.80381002182 1474.26263058934 189.774033598231
v 1237.64584220388 1396.18447969063 198.153953566733
v 1237.81668705676 1400.48300152257 237.922328149851
cstype bspline
deg 1
curv 0 5 4049 4050 4051 4052 4053
parm u 0 1 2 3 4 5
end
v 1202.30013555242 1371.71275910589 241.010161636567
v 1188.45810337036 1449.7909100046 232.630241668065
v 1188.28725851748 1445.49238817266 192.861867084947
v 1202.12929069954 1367.41423727395 201.241787053449
v 1202.30013555242 1371.71275910589 241.010161636567
cstype bspline
deg 1
curv 0 5 4054 4055 4056 4057 4058
parm u 0 1 2 3 4 5
end
v 1289.44540358143 1064.5344468513 -67.9738578993565
v 1276.25856052684 1138.91690084013 -75.9571285623076
v 1276.08771567396 1134.61837900819 -115.725503145429
v 1289.27455872856 1060.23592501936 -107.742232482478
v 1289.44540358143 1064.5344468513 -67.9738578993565
cstype bspline
deg 1
curv 0 5 4059 4060 4061 4062 4063
parm u 0 1 2 3 4 5
end
v 1253.9288520771 1035.76420443462 -64.8860244126403
v 1240.74200902251 1110.14665842345 -72.8692950755913
v 1240.57116416963 1105.84813659151 -112.637669658712
v 1253.75800722422 1031.46568260268 -104.654398995761
v 1253.9288520771 1035.76420443462 -64.8860244126403
cstype bspline
deg 1
curv 0 5 4064 4065 4066 4067 4068
parm u 0 1 2 3 4 5
end
v 1236.69803136307 1362.06426280662 -99.9069405511608
v 1223.51118830848 1436.44671679545 -107.890211214112
v 1223.3403434556 1432.14819496351 -147.658585797233
v 1236.52718651019 1357.76574097468 -139.675315134282
v 1236.69803136307 1362.06426280662 -99.9069405511608
cstype bspline
deg 1
curv 0 5 4069 4070 4071 4072 4073
parm u 0 1 2 3 4 5
end
v 1201.18147985873 1333.29402038994 -96.8191070644446
v 1187.99463680414 1407.67647437877 -104.802377727396
v 1187.82379195126 1403.37795254683 -144.570752310517
v 1201.01063500585 1328.995498558 -136.587481647566
v 1201.18147985873 1333.29402038994 -96.8191070644446
cstype bspline
deg 1
curv 0 5 4074 4075 4076 4077 4078
parm u 0 1 2 3 4 5
end
v 1201.05027460933 1607.86971044783 215.664065072158
v 1200.87942975645 1603.57118861589 175.895690489038
v 1214.7214619385 1525.49303771718 184.27561045754
v 1214.89230679139 1529.79155954912 224.04398504066
v 1201.05027460933 1607.86971044783 215.664065072158
cstype bspline
deg 1
curv 0 5 4079 4080 4081 4082 4083
parm u 0 1 2 3 4 5
end
v 1156.01435490749 1632.79495557289 212.988904903268
v 1155.84351005461 1628.49643374095 173.220530320149
v 1169.68554223667 1550.41828284224 181.60045028865
v 1169.85638708955 1554.71680467418 221.36882487177
v 1156.01435490749 1632.79495557289 212.988904903268
cstype bspline
deg 1
curv 0 5 4084 4085 4086 4087 4088
parm u 0 1 2 3 4 5
end
v 1256.41840333757 1295.55710685299 249.183744946164
v 1256.24755848468 1291.25858502104 209.415370363045
v 1270.08959066674 1213.18043412233 217.795290331546
v 1270.26043551962 1217.47895595427 257.563664914666
v 1256.41840333757 1295.55710685299 249.183744946164
cstype bspline
deg 1
curv 0 5 4089 4090 4091 4092 4093
parm u 0 1 2 3 4 5
end
v 1211.38248363573 1320.48235197805 246.508584777275
v 1211.21163878285 1316.18383014611 206.740210194155
v 1225.05367096491 1238.10567924739 215.120130162657
v 1225.22451581779 1242.40420107933 254.888504745776
v 1211.38248363573 1320.48235197805 246.508584777275
cstype bspline
deg 1
curv 0 5 4094 4095 4096 4097 4098
parm u 0 1 2 3 4 5
end
v 1201.89718629804 1558.36388100224 -120.975255712205
v 1201.72634144516 1554.0653591703 -160.743630295324
v 1214.91318449975 1479.68290518147 -152.760359632373
v 1215.08402935263 1483.98142701341 -112.991985049254
v 1201.89718629804 1558.36388100224 -120.975255712205
cstype bspline
deg 1
curv 0 5 4099 4100 4101 4102 4103
parm u 0 1 2 3 4 5
end
v 1156.86126659621 1583.2891261273 -123.650415881095
v 1156.69042174333 1578.99060429536 -163.418790464214
v 1169.87726479792 1504.60815030653 -155.435519801263
v 1170.0481096508 1508.90667213847 -115.667145218144
v 1156.86126659621 1583.2891261273 -123.650415881095
cstype bspline
deg 1
curv 0 5 4104 4105 4106 4107 4108
parm u 0 1 2 3 4 5
end
v 1254.64455851641 1260.83406504692 -89.0421730604008
v 1254.47371366352 1256.53554321498 -128.81054764352
v 1267.66055671811 1182.15308922615 -120.827276980569
v 1267.831401571 1186.45161105809 -81.0589023974497
v 1254.64455851641 1260.83406504692 -89.0421730604008
cstype bspline
deg 1
curv 0 5 4109 4110 4111 4112 4113
parm u 0 1 2 3 4 5
end
v 1209.60863881457 1285.75931017198 -91.7173332292904
v 1209.43779396169 1281.46078834004 -131.48570781241
v 1222.62463701628 1207.07833435121 -123.502437149459
v 1222.79548186916 1211.37685618315 -83.7340625663393
v 1209.60863881457 1285.75931017198 -91.7173332292904
cstype bspline
deg 1
curv 0 5 4114 4115 4116 4117 4118
parm u 0 1 2 3 4 5
end
v 1322.50580847723 930.674043949698 348.690257414881
v 1321.3828095374 925.577046450281 261.843416418415
v 1314.30579480128 965.763694674652 259.576393655185
v 1312.83251308369 959.076855565405 145.640522006007
v 1319.90952781981 918.890207341034 147.907544769236
v 1318.7981047697 913.845749767391 61.9559222970489
v 1311.72109003358 954.032397991762 59.6888995338197
v 1310.24780831599 947.345558882515 -54.2469721153588
v 1317.32482305211 907.158910658144 -51.9799493521297
v 1316.0439812016 901.345505607046 -151.033532207234
v 1154.52802079757 1812.40158199161 -248.814754214194
v 1152.61250640595 1888.98382833193 245.8374207926
v 1322.50580847723 930.674043949698 348.690257414881
cstype bspline
deg 1
curv 0 13 4119 4120 4121 4122 4123 4124 4125 4126 4127 4128 4129 4130 4131
parm u 0 1 2 3 4 5 6 7 8 9 10 11 12 13
end
v 1284.56743929631 915.564443519269 350.31193058344
v 1283.26036307588 909.631967547271 249.229519317909
v 1276.18334833975 949.818615771642 246.96249655468
v 1275.07192528964 944.774158197999 161.010874082493
v 1282.14894002576 904.587509973629 163.277896845722
v 1280.67565830817 897.900670864381 49.3420251965435
v 1273.59864357205 938.087319088752 47.0750024333143
v 1272.48722052194 933.042861515109 -38.876620038873
v 1279.56423525806 892.856213290738 -36.6095972756438
v 1278.10561202068 886.235905176617 -149.411859038675
v 1116.6159940939 1797.14339269171 -247.177133398053
v 1114.70047970227 1873.72563903203 247.47504160874
v 1284.56743929631 915.564443519269 350.31193058344
cstype bspline
deg 1
curv 0 13 4132 4133 4134 4135 4136 4137 4138 4139 4140 4141 4142 4143 4144
parm u 0 1 2 3 4 5 6 7 8 9 10 11 12 13
end
g element_48
v 1285.15343709067 -176.459172536212 287.253101577228
v 943.05310943138 -313.488282101882 287.253101577228
v 988.125111505569 -338.577076272605 287.253101577228
v 885.132207144346 -379.831131984168 287.253101577228
v 840.060205070158 -354.742337813445 287.253101577228
v 531.081491986489 -478.504504948137 287.253101577228
v 576.153494060678 -503.59329911886 287.253101577228
v 473.160589699456 -544.847354830423 287.253101577228
v 428.088587625267 -519.758560659701 287.253101577228
v 222.102778902821 -602.266672082828 287.253101577228
v -83.042109529677 -724.493191526752 287.253101577228
v -62.2189110875231 -606.361058218265 287.253101577228
v -97.7423510698621 -577.464405798994 287.253101577228
v -81.7348409485025 -486.652164593756 287.253101577228
v -46.2114009661635 -515.548817013027 287.253101577228
v 1.81112939791542 -243.112093397314 287.253101577228
v -33.7123105844236 -214.215440978042 287.253101577228
v -17.7048004630639 -123.403199772804 287.253101577228
v 17.8186395192751 -152.299852192076 287.253101577228
v 49.8336597619943 29.3246302183999 287.253101577228
v 123.476922586546 447.110388032175 287.253101577228
v 272.564869480466 506.82820337016 287.253101577228
v 237.027453623702 535.736224507825 287.253101577228
v 337.803235375367 576.102395285325 287.253101577228
v 373.340651232131 547.19437414766 287.253101577228
v 675.667996487127 668.292886480163 287.253101577228
v 640.130580630362 697.200907617828 287.253101577228
v 740.906362382028 737.567078395329 287.253101577228
v 776.443778238792 708.659057257664 287.253101577228
v 977.995341742122 789.391398812666 287.253101577228
v 1105.87361427146 840.613588290405 287.253101577228
v 1147.49768333829 604.475989664342 287.253101577228
v 1192.53362101201 579.407270313429 287.253101577228
v 1208.54149536768 488.592962769734 287.253101577228
v 1163.50555769395 513.661682120646 287.253101577228
v 1211.52918076095 241.218759489559 287.253101577228
v 1256.56511843468 216.150040138647 287.253101577228
v 1272.57299279034 125.335732594951 287.253101577228
v 1227.53705511662 150.404451945863 287.253101577228
v 1259.55280382795 -31.224163141528 287.253101577228
v 1285.15343709067 -176.459172536212 287.253101577228
cstype bspline
deg 1
curv 0 41 4145 4146 4147 4148 4149 4150 4151 4152 4153 4154 4155 4156 4157 4158 4159 4160 4161 4162 4163 4164 4165 4166 4167 4168 4169 4170 4171 4172 4173 4174 4175 4176 4177 4178 4179 4180 4181 4182 4183 4184 4185
parm u 0 1 2 3 4 5 6 7 8 9 10 11 12 13 14 15 16 17 18 19 20 21 22 23 24 25 26 27 28 29 30 31 32 33 34 35 36 37 38 39 40 41
end
v 1285.67217819073 -178.388476326749 327.253101577228
v 943.790772395672 -315.329896212827 327.253101577228
v 988.862774469861 -340.41869038355 327.253101577228
v 885.869870108638 -381.672746095114 327.253101577228
v 840.797868034449 -356.583951924391 327.253101577228
v 531.819154950781 -480.346119059082 327.253101577228
v 576.89115702497 -505.434913229805 327.253101577228
v 473.898252663748 -546.688968941369 327.253101577228
v 428.826250589559 -521.600174770646 327.253101577228
v 222.840441867113 -604.108286193773 327.253101577228
v -83.2551979462313 -726.715631391438 327.253101577228
v -62.0456331034608 -606.391601997902 327.253101577228
v -97.5690730857998 -577.49494957863 327.253101577228
v -81.5615629644402 -486.682708373393 327.253101577228
v -46.0381229821012 -515.579360792664 327.253101577228
v 1.98440738197773 -243.14263717695 327.253101577228
v -33.5390326003613 -214.245984757679 327.253101577228
v -17.5315224790016 -123.433743552441 327.253101577228
v 17.9919175033374 -152.330395971713 327.253101577228
v 50.0069377460566 29.2940864387632 327.253101577228
v 124.075109268764 449.49039473132 327.253101577228
v 271.826060226359 508.672670623652 327.253101577228
v 236.288644369595 537.580691761317 327.253101577228
v 337.06442612126 577.946862538818 327.253101577228
v 372.601841978024 549.038841401153 327.253101577228
v 674.92918723302 670.137353733655 327.253101577228
v 639.391771376256 699.04537487132 327.253101577228
v 740.167553127921 739.411545648821 327.253101577228
v 775.704968984685 710.503524511156 327.253101577228
v 977.256532488016 791.235866066158 327.253101577228
v 1105.68808633339 842.6796747435 327.253101577228
v 1147.67096132236 604.506533443981 327.253101577228
v 1192.70689899609 579.437814093068 327.253101577228
v 1208.71477335175 488.623506549373 327.253101577228
v 1163.67883567803 513.692225900285 327.253101577228
v 1211.70245874503 241.249303269198 327.253101577228
v 1256.73839641875 216.180583918285 327.253101577228
v 1272.74627077442 125.36627637459 327.253101577228
v 1227.71033310069 150.434995725502 327.253101577228
v 1259.72608181202 -31.1936193618891 327.253101577228
v 1285.67217819073 -178.388476326749 327.253101577228
cstype bspline
deg 1
curv 0 41 4186 4187 4188 4189 4190 4191 4192 4193 4194 4195 4196 4197 4198 4199 4200 4201 4202 4203 4204 4205 4206 4207 4208 4209 4210 4211 4212 4213 4214 4215 4216 4217 4218 4219 4220 4221 4222 4223 4224 4225 4226
parm u 0 1 2 3 4 5 6 7 8 9 10 11 12 13 14 15 16 17 18 19 20 21 22 23 24 25 26 27 28 29 30 31 32 33 34 35 36 37 38 39 40 41
end
g element_49
v 1280.7441377402 -160.06009031662 -52.746898422772
v 943.945490722024 -294.965598942109 -52.746898422772
v 989.017492796213 -320.054393112832 -52.746898422772
v 885.285655112998 -361.604430344887 -52.746898422772
v 840.21365303881 -336.515636174164 -52.746898422772
v 529.018139989165 -461.165747870328 -52.746898422772
v 574.090142063354 -486.254542041051 -52.746898422772
v 470.358304380139 -527.804579273105 -52.746898422772
v 425.28630230595 -502.715785102382 -52.746898422772
v 217.822626939521 -585.815859566491 -52.746898422772
v -81.2308579890814 -705.602452676947 -52.746898422772
v -61.0993469886671 -591.39433292969 -52.746898422772
v -96.6227869710061 -562.497680510419 -52.746898422772
v -81.3069642913849 -475.609452866407 -52.746898422772
v -45.7835243090459 -504.506105285678 -52.746898422772
v 0.163943729817568 -243.841422353642 -52.746898422772
v -35.3594962525214 -214.944769934371 -52.746898422772
v -20.0436735729002 -128.056542290359 -52.746898422772
v 15.4797664094387 -156.95319470963 -52.746898422772
v 46.1114117686811 16.8232605783937 -52.746898422772
v 118.392335787517 426.880331089182 -52.746898422772
v 268.22385257998 486.89598653307 -52.746898422772
v 232.686436723215 515.804007670734 -52.746898422772
v 334.201775631957 556.466411233367 -52.746898422772
v 369.739191488721 527.558390095702 -52.746898422772
v 674.285208214946 649.5456007836 -52.746898422772
v 638.747792358181 678.453621921265 -52.746898422772
v 740.263131266923 719.116025483898 -52.746898422772
v 775.800547123687 690.208004346233 -52.746898422772
v 978.83122494117 771.532811471498 -52.746898422772
v 1107.4506017451 823.051853438912 -52.746898422772
v 1148.62231893619 589.480493243294 -52.746898422772
v 1193.65825660991 564.411773892381 -52.746898422772
v 1208.97438928799 477.521787595448 -52.746898422772
v 1163.93845161426 502.590506946361 -52.746898422772
v 1209.88684964849 241.920548055562 -52.746898422772
v 1254.92278732222 216.85182870465 -52.746898422772
v 1270.23892000029 129.961842407717 -52.746898422772
v 1225.20298232657 155.03056175863 -52.746898422772
v 1255.83524768272 -18.7494108352359 -52.746898422772
v 1280.7441377402 -160.06009031662 -52.746898422772
cstype bspline
deg 1
curv 0 41 4227 4228 4229 4230 4231 4232 4233 4234 4235 4236 4237 4238 4239 4240 4241 4242 4243 4244 4245 4246 4247 4248 4249 4250 4251 4252 4253 4254 4255 4256 4257 4258 4259 4260 4261 4262 4263 4264 4265 4266 4267
parm u 0 1 2 3 4 5 6 7 8 9 10 11 12 13 14 15 16 17 18 19 20 21 22 23 24 25 26 27 28 29 30 31 32 33 34 35 36 37 38 39 40 41
end
v 1281.26287884025 -161.989394107158 -12.746898422772
v 944.683153686315 -296.807213053052 -12.746898422772
v 989.755155760504 -321.896007223775 -12.746898422772
v 886.023318077289 -363.44604445583 -12.746898422772
v 840.9513160031 -338.357250285107 -12.746898422772
v 529.755802953456 -463.00736198127 -12.746898422772
v 574.827805027644 -488.096156151993 -12.746898422772
v 471.09596734443 -529.646193384048 -12.746898422772
v 426.023965270241 -504.557399213325 -12.746898422772
v 218.560289903811 -587.657473677434 -12.746898422772
v -81.4439464056175 -707.824892541622 -12.746898422772
v -60.9260690045891 -591.424876709329 -12.746898422772
v -96.449508986928 -562.528224290058 -12.746898422772
v -81.1336863073068 -475.639996646046 -12.746898422772
v -45.6102463249679 -504.536649065317 -12.746898422772
v 0.337221713895623 -243.871966133281 -12.746898422772
v -35.1862182684433 -214.97531371401 -12.746898422772
v -19.8703955888222 -128.087086069998 -12.746898422772
v 15.6530443935168 -156.98373848927 -12.746898422772
v 46.2846897527591 16.7927167987544 -12.746898422772
v 118.990522469759 429.26033778837 -12.746898422772
v 267.485043325862 488.74045378659 -12.746898422772
v 231.947627469097 517.648474924255 -12.746898422772
v 333.462966377839 558.310878486888 -12.746898422772
v 369.000382234603 529.402857349223 -12.746898422772
v 673.546398960828 651.390068037121 -12.746898422772
v 638.008983104063 680.298089174786 -12.746898422772
v 739.524322012805 720.960492737419 -12.746898422772
v 775.061737869569 692.052471599754 -12.746898422772
v 978.092415687052 773.377278725019 -12.746898422772
v 1107.26507380702 825.117939892034 -12.746898422772
v 1148.79559692025 589.511037022931 -12.746898422772
v 1193.83153459398 564.442317672019 -12.746898422772
v 1209.14766727206 477.552331375086 -12.746898422772
v 1164.11172959833 502.621050725998 -12.746898422772
v 1210.06012763256 241.9510918352 -12.746898422772
v 1255.09606530629 216.882372484287 -12.746898422772
v 1270.41219798436 129.992386187355 -12.746898422772
v 1225.37626031064 155.061105538267 -12.746898422772
v 1256.00852566679 -18.7188670555985 -12.746898422772
v 1281.26287884025 -161.989394107158 -12.746898422772
cstype bspline
deg 1
curv 0 41 4268 4269 4270 4271 4272 4273 4274 4275 4276 4277 4278 4279 4280 4281 4282 4283 4284 4285 4286 4287 4288 4289 4290 4291 4292 4293 4294 4295 4296 4297 4298 4299 4300 4301 4302 4303 4304 4305 4306 4307 4308
parm u 0 1 2 3 4 5 6 7 8 9 10 11 12 13 14 15 16 17 18 19 20 21 22 23 24 25 26 27 28 29 30 31 32 33 34 35 36 37 38 39 40 41
end
g element_50
v 262.378371546686 -631.062210513365 320.673006287507
v 365.3722238591 -590.039934450485 325.018348821432
v 366.093002360884 -587.61578185069 285.04911500982
v 263.099150048469 -628.63805791357 280.703772475894
v 262.378371546686 -631.062210513365 320.673006287507
cstype bspline
deg 1
curv 0 5 4309 4310 4311 4312 4313
parm u 0 1 2 3 4 5
end
v 226.841638362388 -602.319145233039 323.763265298031
v 329.835490674802 -561.296869170159 328.108607831957
v 330.556269176586 -558.872716570364 288.139374020344
v 227.562416864171 -599.894992633244 283.794031486419
v 226.841638362388 -602.319145233039 323.763265298031
cstype bspline
deg 1
curv 0 5 4314 4315 4316 4317 4318
parm u 0 1 2 3 4 5
end
v 674.353780796344 -466.973106261845 338.054376423208
v 777.347633108758 -425.950830198965 342.399718957133
v 778.068411610541 -423.52667759917 302.430485145521
v 675.074559298127 -464.54895366205 298.085142611595
v 674.353780796344 -466.973106261845 338.054376423208
cstype bspline
deg 1
curv 0 5 4319 4320 4321 4322 4323
parm u 0 1 2 3 4 5
end
v 638.817047612046 -438.23004098152 341.144635433732
v 741.81089992446 -397.20776491864 345.489977967658
v 742.531678426244 -394.783612318845 305.520744156045
v 639.537826113829 -435.805888381725 301.17540162212
v 638.817047612046 -438.23004098152 341.144635433732
cstype bspline
deg 1
curv 0 5 4324 4325 4326 4327 4328
parm u 0 1 2 3 4 5
end
v 258.09818084943 -614.601927312334 -19.5045475629047
v 361.83097328501 -573.285332656199 -15.1280289162781
v 362.551751786795 -570.861180056407 -55.0972627278932
v 258.818959351215 -612.177774712543 -59.4737813745198
v 258.09818084943 -614.601927312334 -19.5045475629047
cstype bspline
deg 1
curv 0 5 4329 4330 4331 4332 4333
parm u 0 1 2 3 4 5
end
v 222.561447665132 -585.858862032009 -16.4142885523802
v 326.294240100712 -544.542267375873 -12.0377699057535
v 327.015018602497 -542.118114776081 -52.0070037173686
v 223.282226166917 -583.434709432217 -56.3835223639952
v 222.561447665132 -585.858862032009 -16.4142885523802
cstype bspline
deg 1
curv 0 5 4334 4335 4336 4337 4338
parm u 0 1 2 3 4 5
end
v 673.02935059175 -449.335548687791 -1.9984729763982
v 776.76214302733 -408.018954031656 2.37804567022842
v 777.482921529115 -405.594801431864 -37.5911881413867
v 673.750129093535 -446.911396088 -41.9677067880133
v 673.02935059175 -449.335548687791 -1.9984729763982
cstype bspline
deg 1
curv 0 5 4339 4340 4341 4342 4343
parm u 0 1 2 3 4 5
end
v 637.492617407452 -420.592483407466 1.09178603412633
v 741.225409843031 -379.27588875133 5.46830468075295
v 741.946188344817 -376.851736151538 -34.5009291308621
v 638.213395909237 -418.168330807674 -38.8774477774887
v 637.492617407452 -420.592483407466 1.09178603412633
cstype bspline
deg 1
curv 0 5 4344 4345 4346 4347 4348
parm u 0 1 2 3 4 5
end
v 988.862774469861 -340.41869038355 327.253101577228
v 988.125111505569 -338.577076272605 287.253101577228
v 885.132207144346 -379.831131984168 287.253101577228
v 885.869870108638 -381.672746095114 327.253101577228
v 988.862774469861 -340.41869038355 327.253101577228
cstype bspline
deg 1
curv 0 5 4349 4350 4351 4352 4353
parm u 0 1 2 3 4 5
end
v 943.790772395672 -315.329896212827 327.253101577228
v 943.05310943138 -313.488282101882 287.253101577228
v 840.060205070158 -354.742337813445 287.253101577228
v 840.797868034449 -356.583951924391 327.253101577228
v 943.790772395672 -315.329896212827 327.253101577228
cstype bspline
deg 1
curv 0 5 4354 4355 4356 4357 4358
parm u 0 1 2 3 4 5
end
v 576.89115702497 -505.434913229805 327.253101577228
v 576.153494060678 -503.59329911886 287.253101577228
v 473.160589699456 -544.847354830423 287.253101577228
v 473.898252663748 -546.688968941369 327.253101577228
v 576.89115702497 -505.434913229805 327.253101577228
cstype bspline
deg 1
curv 0 5 4359 4360 4361 4362 4363
parm u 0 1 2 3 4 5
end
v 531.819154950781 -480.346119059082 327.253101577228
v 531.081491986489 -478.504504948137 287.253101577228
v 428.088587625267 -519.758560659701 287.253101577228
v 428.826250589559 -521.600174770646 327.253101577228
v 531.819154950781 -480.346119059082 327.253101577228
cstype bspline
deg 1
curv 0 5 4364 4365 4366 4367 4368
parm u 0 1 2 3 4 5
end
v 989.755155760504 -321.896007223775 -12.746898422772
v 989.017492796213 -320.054393112832 -52.746898422772
v 885.285655112998 -361.604430344887 -52.746898422772
v 886.023318077289 -363.44604445583 -12.746898422772
v 989.755155760504 -321.896007223775 -12.746898422772
cstype bspline
deg 1
curv 0 5 4369 4370 4371 4372 4373
parm u 0 1 2 3 4 5
end
v 944.683153686315 -296.807213053052 -12.746898422772
v 943.945490722024 -294.965598942109 -52.746898422772
v 840.21365303881 -336.515636174164 -52.746898422772
v 840.9513160031 -338.357250285107 -12.746898422772
v 944.683153686315 -296.807213053052 -12.746898422772
cstype bspline
deg 1
curv 0 5 4374 4375 4376 4377 4378
parm u 0 1 2 3 4 5
end
v 574.827805027644 -488.096156151993 -12.746898422772
v 574.090142063354 -486.254542041051 -52.746898422772
v 470.358304380139 -527.804579273105 -52.746898422772
v 471.09596734443 -529.646193384048 -12.746898422772
v 574.827805027644 -488.096156151993 -12.746898422772
cstype bspline
deg 1
curv 0 5 4379 4380 4381 4382 4383
parm u 0 1 2 3 4 5
end
v 529.755802953456 -463.00736198127 -12.746898422772
v 529.018139989165 -461.165747870328 -52.746898422772
v 425.28630230595 -502.715785102382 -52.746898422772
v 426.023965270241 -504.557399213325 -12.746898422772
v 529.755802953456 -463.00736198127 -12.746898422772
cstype bspline
deg 1
curv 0 5 4384 4385 4386 4387 4388
parm u 0 1 2 3 4 5
end
v -91.7573029236373 -776.46929325664 387.253101577228
v -89.0936977168749 -748.688794948102 -112.746898422772
v 1287.06924412393 -197.463416627158 -112.746898422772
v 1288.53293671114 -202.907187433828 0.118080817161939
v 1326.2928981298 -187.047207049673 -13.641528139231
v 1327.77130625604 -192.545707942722 100.358162733954
v 1289.64822705199 -207.055179335602 86.117847616231
v 1291.12663517823 -212.553680228651 200.117538489416
v 1328.88659659689 -196.693699844497 186.357929533023
v 1330.36500472313 -202.192200737546 300.357620406208
v 1292.24192551908 -216.701672130425 286.117305288485
v 1293.55350787462 -221.579714008903 387.253101577228
v -91.7573029236373 -776.46929325664 387.253101577228
cstype bspline
deg 1
curv 0 13 4389 4390 4391 4392 4393 4394 4395 4396 4397 4398 4399 4400 4401
parm u 0 1 2 3 4 5 6 7 8 9 10 11 12 13
end
v -83.5748305710295 -730.04929118845 387.253101577228
v -80.9112253642743 -702.268792879928 -112.746898422772
v 1279.96602609012 -157.166134630822 -112.746898422772
v 1281.45605380192 -162.707851128844 2.14877586544583
v 1319.21601522058 -146.847870744689 -11.6108330909471
v 1320.69442334681 -152.346371637738 102.388857782238
v 1282.57134414276 -166.855843030618 88.1485426645149
v 1284.049752269 -172.354343923667 202.1482335377
v 1321.80971368766 -156.494363539512 188.388624581307
v 1323.2881218139 -161.992864432562 302.388315454491
v 1285.16504260985 -176.502335825441 288.148000336769
v 1286.45028984081 -181.282432012567 387.253101577228
v -83.5748305710295 -730.04929118845 387.253101577228
cstype bspline
deg 1
curv 0 13 4402 4403 4404 4405 4406 4407 4408 4409 4410 4411 4412 4413 4414
parm u 0 1 2 3 4 5 6 7 8 9 10 11 12 13
end
g element_51
v 1300.00223299755 -29.2595834201221 327.253101577228
v 1283.99435864188 61.5547241235737 327.253101577228
v 1283.82108065782 61.5241803439367 287.253101577228
v 1299.82895501348 -29.290127199759 287.253101577228
v 1300.00223299755 -29.2595834201221 327.253101577228
cstype bspline
deg 1
curv 0 5 4415 4416 4417 4418 4419
parm u 0 1 2 3 4 5
end
v 1264.48586830023 -58.1963746545711 327.253101577228
v 1248.47799394456 32.6179328891246 327.253101577228
v 1248.3047159605 32.5873891094877 287.253101577228
v 1264.31259031616 -58.226918434208 287.253101577228
v 1264.48586830023 -58.1963746545711 327.253101577228
cstype bspline
deg 1
curv 0 5 4420 4421 4422 4423 4424
parm u 0 1 2 3 4 5
end
v 1235.97073557488 333.997646754661 327.253101577228
v 1219.96286121922 424.811954298357 327.253101577228
v 1219.78958323515 424.78141051872 287.253101577228
v 1235.79745759082 333.967102975024 287.253101577228
v 1235.97073557488 333.997646754661 327.253101577228
cstype bspline
deg 1
curv 0 5 4425 4426 4427 4428 4429
parm u 0 1 2 3 4 5
end
v 1200.45437087756 305.060855520212 327.253101577228
v 1184.4464965219 395.875163063908 327.253101577228
v 1184.27321853783 395.844619284271 287.253101577228
v 1200.2810928935 305.030311740575 287.253101577228
v 1200.45437087756 305.060855520212 327.253101577228
cstype bspline
deg 1
curv 0 5 4430 4431 4432 4433 4434
parm u 0 1 2 3 4 5
end
v 1296.28467685234 -16.7848311138289 -12.746898422772
v 1280.96854417426 70.1051551831039 -12.746898422772
v 1280.79526619018 70.0746114034635 -52.746898422772
v 1296.11139886825 -16.8153748934692 -52.746898422772
v 1296.28467685234 -16.7848311138289 -12.746898422772
cstype bspline
deg 1
curv 0 5 4435 4436 4437 4438 4439
parm u 0 1 2 3 4 5
end
v 1260.76831215502 -45.7216223482779 -12.746898422772
v 1245.45217947694 41.1683639486548 -12.746898422772
v 1245.27890149286 41.1378201690145 -52.746898422772
v 1260.59503417093 -45.7521661279183 -52.746898422772
v 1260.76831215502 -45.7216223482779 -12.746898422772
cstype bspline
deg 1
curv 0 5 4440 4441 4442 4443 4444
parm u 0 1 2 3 4 5
end
v 1235.02014614003 330.775114073902 -12.746898422772
v 1219.70401346195 417.665100370835 -12.746898422772
v 1219.53073547787 417.634556591195 -52.746898422772
v 1234.84686815594 330.744570294262 -52.746898422772
v 1235.02014614003 330.775114073902 -12.746898422772
cstype bspline
deg 1
curv 0 5 4445 4446 4447 4448 4449
parm u 0 1 2 3 4 5
end
v 1199.50378144271 301.838322839453 -12.746898422772
v 1184.18764876463 388.728309136386 -12.746898422772
v 1184.01437078055 388.697765356746 -52.746898422772
v 1199.33050345862 301.807779059813 -52.746898422772
v 1199.50378144271 301.838322839453 -12.746898422772
cstype bspline
deg 1
curv 0 5 4450 4451 4452 4453 4454
parm u 0 1 2 3 4 5
end
v 1192.70689899609 579.437814093068 327.253101577228
v 1192.53362101201 579.407270313429 287.253101577228
v 1208.54149536768 488.592962769734 287.253101577228
v 1208.71477335175 488.623506549373 327.253101577228
v 1192.70689899609 579.437814093068 327.253101577228
cstype bspline
deg 1
curv 0 5 4455 4456 4457 4458 4459
parm u 0 1 2 3 4 5
end
v 1147.67096132236 604.506533443981 327.253101577228
v 1147.49768333829 604.475989664342 287.253101577228
v 1163.50555769395 513.661682120646 287.253101577228
v 1163.67883567803 513.692225900285 327.253101577228
v 1147.67096132236 604.506533443981 327.253101577228
cstype bspline
deg 1
curv 0 5 4460 4461 4462 4463 4464
parm u 0 1 2 3 4 5
end
v 1256.73839641875 216.180583918285 327.253101577228
v 1256.56511843468 216.150040138647 287.253101577228
v 1272.57299279034 125.335732594951 287.253101577228
v 1272.74627077442 125.36627637459 327.253101577228
v 1256.73839641875 216.180583918285 327.253101577228
cstype bspline
deg 1
curv 0 5 4465 4466 4467 4468 4469
parm u 0 1 2 3 4 5
end
v 1211.70245874503 241.249303269198 327.253101577228
v 1211.52918076095 241.218759489559 287.253101577228
v 1227.53705511662 150.404451945863 287.253101577228
v 1227.71033310069 150.434995725502 327.253101577228
v 1211.70245874503 241.249303269198 327.253101577228
cstype bspline
deg 1
curv 0 5 4470 4471 4472 4473 4474
parm u 0 1 2 3 4 5
end
v 1193.83153459398 564.442317672019 -12.746898422772
v 1193.65825660991 564.411773892381 -52.746898422772
v 1208.97438928799 477.521787595448 -52.746898422772
v 1209.14766727206 477.552331375086 -12.746898422772
v 1193.83153459398 564.442317672019 -12.746898422772
cstype bspline
deg 1
curv 0 5 4475 4476 4477 4478 4479
parm u 0 1 2 3 4 5
end
v 1148.79559692025 589.511037022931 -12.746898422772
v 1148.62231893619 589.480493243294 -52.746898422772
v 1163.93845161426 502.590506946361 -52.746898422772
v 1164.11172959833 502.621050725998 -12.746898422772
v 1148.79559692025 589.511037022931 -12.746898422772
cstype bspline
deg 1
curv 0 5 4480 4481 4482 4483 4484
parm u 0 1 2 3 4 5
end
v 1255.09606530629 216.882372484287 -12.746898422772
v 1254.92278732222 216.85182870465 -52.746898422772
v 1270.23892000029 129.961842407717 -52.746898422772
v 1270.41219798436 129.992386187355 -12.746898422772
v 1255.09606530629 216.882372484287 -12.746898422772
cstype bspline
deg 1
curv 0 5 4485 4486 4487 4488 4489
parm u 0 1 2 3 4 5
end
v 1210.06012763256 241.9510918352 -12.746898422772
v 1209.88684964849 241.920548055562 -52.746898422772
v 1225.20298232657 155.03056175863 -52.746898422772
v 1225.37626031064 155.061105538267 -12.746898422772
v 1210.06012763256 241.9510918352 -12.746898422772
cstype bspline
deg 1
curv 0 5 4490 4491 4492 4493 4494
parm u 0 1 2 3 4 5
end
v 1331.49191116044 -206.383395267646 387.253101577228
v 1330.36500472313 -202.192200737546 300.357620406208
v 1323.2881218139 -161.992864432562 302.388315454491
v 1321.80971368766 -156.494363539512 188.388624581307
v 1328.88659659689 -196.693699844497 186.357929533023
v 1327.77130625604 -192.545707942722 100.358162733954
v 1320.69442334681 -152.346371637738 102.388857782238
v 1319.21601522058 -146.847870744689 -11.6108330909471
v 1326.2928981298 -187.047207049673 -13.641528139231
v 1325.00764740975 -182.267097885901 -112.746898422772
v 1145.66728523173 835.149108911544 -112.746898422772
v 1143.34818600579 860.975189575489 387.253101577228
v 1331.49191116044 -206.383395267646 387.253101577228
cstype bspline
deg 1
curv 0 13 4495 4496 4497 4498 4499 4500 4501 4502 4503 4504 4505 4506 4507
parm u 0 1 2 3 4 5 6 7 8 9 10 11 12 13
end
v 1293.55350787462 -221.579714008903 387.253101577228
v 1292.24192551908 -216.701672130425 286.117305288485
v 1285.16504260985 -176.502335825441 288.148000336769
v 1284.049752269 -172.354343923667 202.1482335377
v 1291.12663517823 -212.553680228651 200.117538489416
v 1289.64822705199 -207.055179335602 86.117847616231
v 1282.57134414276 -166.855843030618 88.1485426645149
v 1281.45605380192 -162.707851128844 2.14877586544583
v 1288.53293671114 -202.907187433828 0.118080817161939
v 1287.06924412393 -197.463416627158 -112.746898422772
v 1107.72889365221 819.952723759241 -112.746898422772
v 1105.40979442628 845.778804423186 387.253101577228
v 1293.55350787462 -221.579714008903 387.253101577228
cstype bspline
deg 1
curv 0 13 4508 4509 4510 4511 4512 4513 4514 4515 4516 4517 4518 4519 4520
parm u 0 1 2 3 4 5 6 7 8 9 10 11 12 13
end
g element_52
v 1276.94378466052 -1207.87758378958 218.301807552102
v 926.286096716144 -1341.29647944303 204.17586500732
v 971.443235073161 -1366.74319318917 201.434207399354
v 867.299533478886 -1406.36798435638 197.238868196196
v 822.142395121868 -1380.92127061024 199.980525804162
v 509.711290339042 -1499.79564411185 187.39450819469
v 554.868428696059 -1525.24235785799 184.652850586723
v 450.724727101783 -1564.8671490252 180.457511383566
v 405.567588744766 -1539.42043527906 183.199168991532
v 197.280185556215 -1618.67001761347 174.808490585217
v -71.1313475606585 -1720.79574181771 163.995763456966
v -52.7409915011698 -1617.05823023807 175.086813701681
v -88.2641051422005 -1588.32618081053 178.175888362589
v -74.7082701172323 -1511.85954860801 186.351284580294
v -39.1851564762016 -1540.59159803555 183.262209919386
v 1.4823485987032 -1311.19170142799 207.7883985725
v -34.0407650423275 -1282.45965200045 210.877473233408
v -20.4849300173593 -1205.99301979793 219.052869451113
v 15.0381836236714 -1234.72506922547 215.963794790204
v 42.1498536736079 -1081.79180482042 232.314587225614
v 111.800857677808 -688.899910229229 274.32045065243
v 263.099150048469 -628.63805791357 280.703772475894
v 227.562416864171 -599.894992633244 283.794031486419
v 330.556269176586 -558.872716570364 288.139374020344
v 366.093002360884 -587.61578185069 285.04911500982
v 675.074559298127 -464.54895366205 298.085142611595
v 639.537826113829 -435.805888381725 301.17540162212
v 742.531678426244 -394.783612318845 305.520744156045
v 778.068411610541 -423.52667759917 302.430485145521
v 984.05611623537 -341.482125473411 311.121170213371
v 1114.15983508724 -289.662035713496 316.61028641454
v 1155.0253110053 -520.171956782828 291.930809193197
v 1200.1507241619 -545.600792910431 289.191077739993
v 1214.18385389685 -624.757478471766 280.716190372172
v 1169.05844074025 -599.328642344163 283.455921825376
v 1211.15782994512 -836.798699028169 258.031259721912
v 1256.28324310172 -862.227535155772 255.291528268707
v 1270.31637283667 -941.384220717108 246.816640900886
v 1225.19095968007 -915.955384589505 249.55637235409
v 1253.25721914998 -1074.26875571218 232.606597618447
v 1276.94378466052 -1207.87758378958 218.301807552102
cstype bspline
deg 1
curv 0 41 4521 4522 4523 4524 4525 4526 4527 4528 4529 4530 4531 4532 4533 4534 4535 4536 4537 4538 4539 4540 4541 4542 4543 4544 4545 4546 4547 4548 4549 4550 4551 4552 4553 4554 4555 4556 4557 4558 4559 4560 4561
parm u 0 1 2 3 4 5 6 7 8 9 10 11 12 13 14 15 16 17 18 19 20 21 22 23 24 25 26 27 28 29 30 31 32 33 34 35 36 37 38 39 40 41
end
v 1277.42338274112 -1213.87985987122 257.887710916379
v 926.948420877017 -1347.22923156248 243.769129334155
v 972.105559234034 -1372.67594530862 241.027471726188
v 867.961857639759 -1412.30073647583 236.832132523031
v 822.804719282741 -1386.85402272969 239.573790130997
v 510.373614499915 -1505.7283962313 226.987772521524
v 555.530752856932 -1531.17510997744 224.246114913558
v 451.387051262657 -1570.79990114465 220.0507757104
v 406.229912905639 -1545.35318739851 222.792433318366
v 197.942509717088 -1624.60276973292 214.401754912051
v -71.3118813442194 -1727.04918611077 203.555073978406
v -52.5720241939914 -1621.34018614176 214.85690503375
v -88.0951378350222 -1592.60813671422 217.945979694658
v -74.5393028100539 -1516.1415045117 226.121375912363
v -39.0161891690232 -1544.87355393924 223.032301251455
v 1.65131590588157 -1315.47365733167 247.558489904569
v -33.8717977351492 -1286.74160790413 250.647564565477
v -20.3159627101809 -1210.27497570161 258.822960783182
v 15.2071509308498 -1239.00702512915 255.733886122273
v 42.3188209807863 -1086.07376072411 272.084678557683
v 112.391791507948 -690.801610039978 314.345026013661
v 262.378371546686 -631.062210513365 320.673006287507
v 226.841638362388 -602.319145233039 323.763265298031
v 329.835490674802 -561.296869170159 328.108607831957
v 365.3722238591 -590.039934450485 325.018348821432
v 674.353780796344 -466.973106261845 338.054376423208
v 638.817047612046 -438.23004098152 341.144635433732
v 741.81089992446 -397.20776491864 345.489977967658
v 777.347633108758 -425.950830198965 342.399718957133
v 983.335337733587 -343.906278073206 351.090404024984
v 1113.9677603637 -291.875606498361 356.601826402336
v 1155.19058647105 -524.401233051988 331.706538263381
v 1200.31599962764 -549.830069179591 328.966806810177
v 1214.3491293626 -628.986754740927 320.491919442355
v 1169.223716206 -603.557918613324 323.231650895559
v 1211.32310541087 -841.02797529733 297.806988792095
v 1256.44851856746 -866.456811424933 295.067257338891
v 1270.48164830242 -945.613496986268 286.59236997107
v 1225.35623514582 -920.184660858665 289.332101424274
v 1253.42249461573 -1078.49803198134 272.382326688631
v 1277.42338274112 -1213.87985987122 257.887710916379
cstype bspline
deg 1
curv 0 41 4562 4563 4564 4565 4566 4567 4568 4569 4570 4571 4572 4573 4574 4575 4576 4577 4578 4579 4580 4581 4582 4583 4584 4585 4586 4587 4588 4589 4590 4591 4592 4593 4594 4595 4596 4597 4598 4599 4600 4601 4602
parm u 0 1 2 3 4 5 6 7 8 9 10 11 12 13 14 15 16 17 18 19 20 21 22 23 24 25 26 27 28 29 30 31 32 33 34 35 36 37 38 39 40 41
end
g element_53
v 1272.86720097548 -1156.8582370956 -118.178371044258
v 927.686190883219 -1288.19335607453 -132.083690344961
v 972.843329240236 -1313.64006982067 -134.825347952928
v 868.046678735411 -1353.51329621562 -139.046990639831
v 822.889540378394 -1328.06658246948 -136.305333031865
v 508.499588863918 -1447.68626165432 -148.970261092574
v 553.656727220936 -1473.13297540045 -151.711918700541
v 448.860076716111 -1513.0062017954 -155.933561387444
v 403.702938359093 -1487.55948804926 -153.191903779478
v 194.109637349443 -1567.30594083916 -161.635189153284
v -69.5968104004205 -1667.64146532668 -172.258375975282
v -51.861452972055 -1567.59871244889 -161.562349225737
v -87.3845666130857 -1538.86666302135 -158.473274564828
v -74.4837302028416 -1466.09478942817 -150.692901832402
v -38.9606165618109 -1494.82683885571 -153.78197649331
v -0.258107331078541 -1276.51121807617 -130.440858296032
v -35.7812209721093 -1247.77916864863 -127.351783635123
v -22.8803845618652 -1175.00729505545 -119.571410902697
v 12.6427290791655 -1203.73934448299 -122.660485563606
v 38.4444018996538 -1058.19559729664 -107.099740098753
v 106.777920121596 -672.735461837845 -65.8884399180479
v 258.818959351215 -612.177774712543 -59.4737813745198
v 223.282226166917 -583.434709432217 -56.3835223639952
v 327.015018602497 -542.118114776081 -52.0070037173686
v 362.551751786795 -570.861180056407 -55.0972627278932
v 673.750129093535 -446.911396088 -41.9677067880133
v 638.213395909237 -418.168330807674 -38.8774477774887
v 741.946188344817 -376.851736151538 -34.5009291308621
v 777.482921529115 -405.594801431864 -37.5911881413867
v 984.948506400274 -322.961612119593 -28.8381508481334
v 1115.79247023736 -270.846684042088 -23.3178034817289
v 1156.24390030852 -499.021096388139 -47.7472301452947
v 1201.36931346512 -524.449932515741 -50.4869615984989
v 1214.74060772352 -599.873402201491 -58.5621533014374
v 1169.61519456692 -574.444566073888 -55.8224218482332
v 1209.72907734214 -800.714975131137 -80.0479969570488
v 1254.85449049873 -826.14381125874 -82.787728410253
v 1268.22578475714 -901.56728094449 -90.8629201131915
v 1223.10037160054 -876.138444816887 -88.1231886599873
v 1249.84296011735 -1026.98538418839 -104.273572065864
v 1272.86720097548 -1156.8582370956 -118.178371044258
cstype bspline
deg 1
curv 0 41 4603 4604 4605 4606 4607 4608 4609 4610 4611 4612 4613 4614 4615 4616 4617 4618 4619 4620 4621 4622 4623 4624 4625 4626 4627 4628 4629 4630 4631 4632 4633 4634 4635 4636 4637 4638 4639 4640 4641 4642 4643
parm u 0 1 2 3 4 5 6 7 8 9 10 11 12 13 14 15 16 17 18 19 20 21 22 23 24 25 26 27 28 29 30 31 32 33 34 35 36 37 38 39 40 41
end
v 1273.34679905607 -1162.86051317725 -78.5924676799802
v 928.348515044097 -1294.126108194 -92.4904260181263
v 973.505653401115 -1319.57282194013 -95.2320836260927
v 868.70900289629 -1359.44604833508 -99.4537263129959
v 823.551864539272 -1333.99933458894 -96.7120687050295
v 509.161913024796 -1453.61901377378 -109.376996765739
v 554.319051381814 -1479.06572751992 -112.118654373706
v 449.522400876989 -1518.93895391486 -116.340297060609
v 404.365262519971 -1493.49224016873 -113.598639452642
v 194.771961510321 -1573.23869295862 -122.041924826449
v -69.7773441839722 -1673.89490961975 -132.699065453841
v -51.6924856648657 -1571.88066835258 -121.792257893666
v -87.2155993058964 -1543.14861892504 -118.703183232757
v -74.3147628956523 -1470.37674533186 -110.922810500331
v -38.7916492546215 -1499.1087947594 -114.011885161239
v -0.0891400238892359 -1280.79317397986 -90.670766963961
v -35.61225366492 -1252.06112455232 -87.5816923030525
v -22.7114172546759 -1179.28925095914 -79.8013195706263
v 12.8116963863549 -1208.02130038668 -82.8903942315348
v 38.6133692068431 -1062.47755320032 -67.3296487666825
v 107.368853951749 -674.637161648585 -25.8638645568134
v 258.09818084943 -614.601927312334 -19.5045475629047
v 222.561447665132 -585.858862032009 -16.4142885523802
v 326.294240100712 -544.542267375873 -12.0377699057535
v 361.83097328501 -573.285332656199 -15.1280289162781
v 673.02935059175 -449.335548687791 -1.9984729763982
v 637.492617407452 -420.592483407466 1.09178603412633
v 741.225409843031 -379.27588875133 5.46830468075295
v 776.76214302733 -408.018954031656 2.37804567022842
v 984.227727898489 -325.385764719384 11.1310829634817
v 1115.60039551381 -273.060254826951 16.6737365060691
v 1156.40917577426 -503.2503726573 -7.97150107510891
v 1201.53458893086 -528.679208784903 -10.7112325283131
v 1214.90588318926 -604.102678470653 -18.7864242312516
v 1169.78047003267 -578.67384234305 -16.0466927780475
v 1209.89435280788 -804.944251400299 -40.2722678868631
v 1255.01976596447 -830.373087527902 -43.0119993400672
v 1268.39106022288 -905.796557213651 -51.0871910430058
v 1223.26564706628 -880.367721086049 -48.3474595898016
v 1250.00823558309 -1031.21466045755 -64.4978429956787
v 1273.34679905607 -1162.86051317725 -78.5924676799802
cstype bspline
deg 1
curv 0 41 4644 4645 4646 4647 4648 4649 4650 4651 4652 4653 4654 4655 4656 4657 4658 4659 4660 4661 4662 4663 4664 4665 4666 4667 4668 4669 4670 4671 4672 4673 4674 4675 4676 4677 4678 4679 4680 4681 4682 4683 4684
parm u 0 1 2 3 4 5 6 7 8 9 10 11 12 13 14 15 16 17 18 19 20 21 22 23 24 25 26 27 28 29 30 31 32 33 34 35 36 37 38 39 40 41
end
g element_54
v 237.732249118423 -1651.59617932016 208.27393170586
v 341.888652101363 -1612.41543337043 215.341450886382
v 342.201195305541 -1606.11386268254 175.800897972053
v 238.0447923226 -1645.29460863227 168.733378791531
v 237.732249118423 -1651.59617932016 208.27393170586
cstype bspline
deg 1
curv 0 5 4685 4686 4687 4688 4689
parm u 0 1 2 3 4 5
end
v 202.27628984782 -1622.92505566613 214.392159977557
v 306.43269283076 -1583.7443097164 221.459679158079
v 306.745236034938 -1577.44273902851 181.91912624375
v 202.588833051997 -1616.62348497824 174.851607063228
v 202.27628984782 -1622.92505566613 214.392159977557
cstype bspline
deg 1
curv 0 5 4690 4691 4692 4693 4694
parm u 0 1 2 3 4 5
end
v 654.357861050185 -1494.87319552126 236.544008427948
v 758.514264033125 -1455.69244957153 243.611527608469
v 758.826807237303 -1449.39087888364 204.07097469414
v 654.670404254363 -1488.57162483336 197.003455513618
v 654.357861050185 -1494.87319552126 236.544008427948
cstype bspline
deg 1
curv 0 5 4695 4696 4697 4698 4699
parm u 0 1 2 3 4 5
end
v 618.901901779582 -1466.20207186723 242.662236699645
v 723.058304762522 -1427.0213259175 249.729755880166
v 723.3708479667 -1420.71975522961 210.189202965837
v 619.21444498376 -1459.90050117933 203.121683785316
v 618.901901779582 -1466.20207186723 242.662236699645
cstype bspline
deg 1
curv 0 5 4700 4701 4702 4703 4704
parm u 0 1 2 3 4 5
end
v 234.561495563929 -1600.22492351424 -128.216183553152
v 339.370927091211 -1560.79852636343 -121.10435320567
v 339.683470295392 -1554.49695567555 -160.644906119996
v 234.87403876811 -1593.92335282636 -167.756736467478
v 234.561495563929 -1600.22492351424 -128.216183553152
cstype bspline
deg 1
curv 0 5 4705 4706 4707 4708 4709
parm u 0 1 2 3 4 5
end
v 199.105536293325 -1571.55379986021 -122.097955281455
v 303.914967820607 -1532.1274027094 -114.986124933973
v 304.227511024789 -1525.82583202152 -154.526677848299
v 199.418079497506 -1565.25222917233 -161.638508195781
v 199.105536293325 -1571.55379986021 -122.097955281455
cstype bspline
deg 1
curv 0 5 4710 4711 4712 4713 4714
parm u 0 1 2 3 4 5
end
v 653.799221673057 -1442.51933491099 -99.768862163224
v 758.608653200339 -1403.09293776018 -92.6570318157421
v 758.92119640452 -1396.7913670723 -132.197584730068
v 654.111764877238 -1436.21776422311 -139.30941507755
v 653.799221673057 -1442.51933491099 -99.768862163224
cstype bspline
deg 1
curv 0 5 4715 4716 4717 4718 4719
parm u 0 1 2 3 4 5
end
v 618.343262402454 -1413.84821125696 -93.650633891527
v 723.152693929736 -1374.42181410615 -86.5388035440451
v 723.465237133917 -1368.12024341827 -126.079356458371
v 618.655805606635 -1407.54664056908 -133.191186805853
v 618.343262402454 -1413.84821125696 -93.650633891527
cstype bspline
deg 1
curv 0 5 4720 4721 4722 4723 4724
parm u 0 1 2 3 4 5
end
v 972.105559234034 -1372.67594530862 241.027471726188
v 971.443235073161 -1366.74319318917 201.434207399354
v 867.299533478886 -1406.36798435638 197.238868196196
v 867.961857639759 -1412.30073647583 236.832132523031
v 972.105559234034 -1372.67594530862 241.027471726188
cstype bspline
deg 1
curv 0 5 4725 4726 4727 4728 4729
parm u 0 1 2 3 4 5
end
v 926.948420877017 -1347.22923156248 243.769129334155
v 926.286096716144 -1341.29647944303 204.17586500732
v 822.142395121868 -1380.92127061024 199.980525804162
v 822.804719282741 -1386.85402272969 239.573790130997
v 926.948420877017 -1347.22923156248 243.769129334155
cstype bspline
deg 1
curv 0 5 4730 4731 4732 4733 4734
parm u 0 1 2 3 4 5
end
v 555.530752856932 -1531.17510997744 224.246114913558
v 554.868428696059 -1525.24235785799 184.652850586723
v 450.724727101783 -1564.8671490252 180.457511383566
v 451.387051262657 -1570.79990114465 220.0507757104
v 555.530752856932 -1531.17510997744 224.246114913558
cstype bspline
deg 1
curv 0 5 4735 4736 4737 4738 4739
parm u 0 1 2 3 4 5
end
v 510.373614499915 -1505.7283962313 226.987772521524
v 509.711290339042 -1499.79564411185 187.39450819469
v 405.567588744766 -1539.42043527906 183.199168991532
v 406.229912905639 -1545.35318739851 222.792433318366
v 510.373614499915 -1505.7283962313 226.987772521524
cstype bspline
deg 1
curv 0 5 4740 4741 4742 4743 4744
parm u 0 1 2 3 4 5
end
v 973.505653401115 -1319.57282194013 -95.2320836260927
v 972.843329240236 -1313.64006982067 -134.825347952928
v 868.046678735411 -1353.51329621562 -139.046990639831
v 868.70900289629 -1359.44604833508 -99.4537263129959
v 973.505653401115 -1319.57282194013 -95.2320836260927
cstype bspline
deg 1
curv 0 5 4745 4746 4747 4748 4749
parm u 0 1 2 3 4 5
end
v 928.348515044097 -1294.126108194 -92.4904260181263
v 927.686190883219 -1288.19335607453 -132.083690344961
v 822.889540378394 -1328.06658246948 -136.305333031865
v 823.551864539272 -1333.99933458894 -96.7120687050295
v 928.348515044097 -1294.126108194 -92.4904260181263
cstype bspline
deg 1
curv 0 5 4750 4751 4752 4753 4754
parm u 0 1 2 3 4 5
end
v 554.319051381814 -1479.06572751992 -112.118654373706
v 553.656727220936 -1473.13297540045 -151.711918700541
v 448.860076716111 -1513.0062017954 -155.933561387444
v 449.522400876989 -1518.93895391486 -116.340297060609
v 554.319051381814 -1479.06572751992 -112.118654373706
cstype bspline
deg 1
curv 0 5 4755 4756 4757 4758 4759
parm u 0 1 2 3 4 5
end
v 509.161913024796 -1453.61901377378 -109.376996765739
v 508.499588863918 -1447.68626165432 -148.970261092574
v 403.702938359093 -1487.55948804926 -153.191903779478
v 404.365262519971 -1493.49224016873 -113.598639452642
v 509.161913024796 -1453.61901377378 -109.376996765739
cstype bspline
deg 1
curv 0 5 4760 4761 4762 4763 4764
parm u 0 1 2 3 4 5
end
v -79.6863101091003 -1782.14082273924 258.006818109455
v -77.4296378146246 -1703.97276907596 -236.484563408555
v 1279.22750714829 -1187.78931072257 -181.832800331409
v 1280.58211392615 -1204.74251423158 -70.0239020578605
v 1318.46732270722 -1188.19396320243 -82.1493221047043
v 1319.83417632997 -1205.30043868451 30.6704276245271
v 1281.61324911524 -1217.64739924438 15.0857337027877
v 1282.98010273799 -1234.75387472646 127.905483432019
v 1320.86531151906 -1218.20532369731 115.780063385175
v 1322.2321651418 -1235.31179917939 228.599813114407
v 1284.01123792708 -1247.65875973925 213.015119192667
v 1285.2224831557 -1262.81776174314 312.990991722059
v -79.6863101091003 -1782.14082273924 258.006818109455
cstype bspline
deg 1
curv 0 13 4765 4766 4767 4768 4769 4770 4771 4772 4773 4774 4775 4776 4777
parm u 0 1 2 3 4 5 6 7 8 9 10 11 12 13
end
v -71.5826820195653 -1736.42935255039 262.894039760565
v -69.3260097250823 -1658.26129888711 -231.597341757445
v 1272.14780385458 -1147.85482297312 -177.557226090669
v 1273.52449874129 -1165.08446405084 -63.9251809420649
v 1311.40970752235 -1148.53591302169 -76.0506009889086
v 1312.7765611451 -1165.64238850377 36.7691487403227
v 1274.55563393038 -1177.98934906363 21.1844548185833
v 1275.92248755313 -1195.09582454571 134.004204547815
v 1313.80769633419 -1178.54727351657 121.878784500971
v 1315.17454995694 -1195.65374899865 234.698534230202
v 1276.95362274222 -1208.00070955851 219.113840308463
v 1278.142779862 -1222.88327399368 317.266565962798
v -71.5826820195653 -1736.42935255039 262.894039760565
cstype bspline
deg 1
curv 0 13 4778 4779 4780 4781 4782 4783 4784 4785 4786 4787 4788 4789 4790
parm u 0 1 2 3 4 5 6 7 8 9 10 11 12 13
end
g element_55
v 1293.7086434368 -1076.63306010316 272.601818364074
v 1279.67546502098 -997.475125842892 281.064953853268
v 1279.5112041879 -993.251561410883 241.288474124213
v 1293.54438260373 -1072.40949567115 232.825338635019
v 1293.7086434368 -1076.63306010316 272.601818364074
cstype bspline
deg 1
curv 0 5 4791 4792 4793 4794 4795
parm u 0 1 2 3 4 5
end
v 1258.26092445133 -1105.79074025949 269.467237556236
v 1244.22774603551 -1026.63280599923 277.93037304543
v 1244.06348520243 -1022.40924156722 238.153893316375
v 1258.09666361826 -1101.56717582748 229.690757827181
v 1258.26092445133 -1105.79074025949 269.467237556236
cstype bspline
deg 1
curv 0 5 4796 4797 4798 4799 4800
parm u 0 1 2 3 4 5
end
v 1237.57592977351 -760.001323062093 306.454360320849
v 1223.54275135768 -680.843388801826 314.917495810043
v 1223.37849052461 -676.619824369818 275.141016080987
v 1237.41166894043 -755.777758630084 266.677880591794
v 1237.57592977351 -760.001323062093 306.454360320849
cstype bspline
deg 1
curv 0 5 4801 4802 4803 4804 4805
parm u 0 1 2 3 4 5
end
v 1202.12821078803 -789.159003218426 303.319779513011
v 1188.09503237221 -710.00106895816 311.782915002205
v 1187.93077153914 -705.777504526151 272.006435273149
v 1201.96394995496 -784.935438786418 263.543299783956
v 1202.12821078803 -789.159003218426 303.319779513011
cstype bspline
deg 1
curv 0 5 4806 4807 4808 4809 4810
parm u 0 1 2 3 4 5
end
v 1290.29437256012 -1029.34938477105 -64.2812105511077
v 1276.92303191675 -953.924725277951 -56.2172164804995
v 1276.75877108367 -949.701160845945 -95.9936962095569
v 1290.13011172704 -1025.12582033904 -104.057690280165
v 1290.29437256012 -1029.34938477105 -64.2812105511077
cstype bspline
deg 1
curv 0 5 4811 4812 4813 4814 4815
parm u 0 1 2 3 4 5
end
v 1254.84665357465 -1058.50706492738 -67.4157913589457
v 1241.47531293128 -983.082405434285 -59.3517972883375
v 1241.3110520982 -978.858841002278 -99.1282770173949
v 1254.68239274157 -1054.28350049537 -107.192271088003
v 1254.84665357465 -1058.50706492738 -67.4157913589457
cstype bspline
deg 1
curv 0 5 4816 4817 4818 4819 4820
parm u 0 1 2 3 4 5
end
v 1236.80900998665 -727.650746798663 -32.0252342686751
v 1223.43766934328 -652.226087305567 -23.961240198067
v 1223.2734085102 -648.002522873561 -63.7377199271244
v 1236.64474915357 -723.427182366657 -71.8017139977325
v 1236.80900998665 -727.650746798663 -32.0252342686751
cstype bspline
deg 1
curv 0 5 4821 4822 4823 4824 4825
parm u 0 1 2 3 4 5
end
v 1201.36129100118 -756.808426954997 -35.1598150765131
v 1187.98995035781 -681.383767461901 -27.095821005905
v 1187.82568952473 -677.160203029894 -66.8723007349624
v 1201.19703016809 -752.58486252299 -74.9362948055705
v 1201.36129100118 -756.808426954997 -35.1598150765131
cstype bspline
deg 1
curv 0 5 4826 4827 4828 4829 4830
parm u 0 1 2 3 4 5
end
v 1200.31599962764 -549.830069179591 328.966806810177
v 1200.1507241619 -545.600792910431 289.191077739993
v 1214.18385389685 -624.757478471766 280.716190372172
v 1214.3491293626 -628.986754740927 320.491919442355
v 1200.31599962764 -549.830069179591 328.966806810177
cstype bspline
deg 1
curv 0 5 4831 4832 4833 4834 4835
parm u 0 1 2 3 4 5
end
v 1155.19058647105 -524.401233051988 331.706538263381
v 1155.0253110053 -520.171956782828 291.930809193197
v 1169.05844074025 -599.328642344163 283.455921825376
v 1169.223716206 -603.557918613324 323.231650895559
v 1155.19058647105 -524.401233051988 331.706538263381
cstype bspline
deg 1
curv 0 5 4836 4837 4838 4839 4840
parm u 0 1 2 3 4 5
end
v 1256.44851856746 -866.456811424933 295.067257338891
v 1256.28324310172 -862.227535155772 255.291528268707
v 1270.31637283667 -941.384220717108 246.816640900886
v 1270.48164830242 -945.613496986268 286.59236997107
v 1256.44851856746 -866.456811424933 295.067257338891
cstype bspline
deg 1
curv 0 5 4841 4842 4843 4844 4845
parm u 0 1 2 3 4 5
end
v 1211.32310541087 -841.02797529733 297.806988792095
v 1211.15782994512 -836.798699028169 258.031259721912
v 1225.19095968007 -915.955384589505 249.55637235409
v 1225.35623514582 -920.184660858665 289.332101424274
v 1211.32310541087 -841.02797529733 297.806988792095
cstype bspline
deg 1
curv 0 5 4846 4847 4848 4849 4850
parm u 0 1 2 3 4 5
end
v 1201.53458893086 -528.679208784903 -10.7112325283131
v 1201.36931346512 -524.449932515741 -50.4869615984989
v 1214.74060772352 -599.873402201491 -58.5621533014374
v 1214.90588318926 -604.102678470653 -18.7864242312516
v 1201.53458893086 -528.679208784903 -10.7112325283131
cstype bspline
deg 1
curv 0 5 4851 4852 4853 4854 4855
parm u 0 1 2 3 4 5
end
v 1156.40917577426 -503.2503726573 -7.97150107510891
v 1156.24390030852 -499.021096388139 -47.7472301452947
v 1169.61519456692 -574.444566073888 -55.8224218482332
v 1169.78047003267 -578.67384234305 -16.0466927780475
v 1156.40917577426 -503.2503726573 -7.97150107510891
cstype bspline
deg 1
curv 0 5 4856 4857 4858 4859 4860
parm u 0 1 2 3 4 5
end
v 1255.01976596447 -830.373087527902 -43.0119993400672
v 1254.85449049873 -826.14381125874 -82.787728410253
v 1268.22578475714 -901.56728094449 -90.8629201131915
v 1268.39106022288 -905.796557213651 -51.0871910430058
v 1255.01976596447 -830.373087527902 -43.0119993400672
cstype bspline
deg 1
curv 0 5 4861 4862 4863 4864 4865
parm u 0 1 2 3 4 5
end
v 1209.89435280788 -804.944251400299 -40.2722678868631
v 1209.72907734214 -800.714975131137 -80.0479969570488
v 1223.10037160054 -876.138444816887 -88.1231886599873
v 1223.26564706628 -880.367721086049 -48.3474595898016
v 1209.89435280788 -804.944251400299 -40.2722678868631
cstype bspline
deg 1
curv 0 5 4866 4867 4868 4869 4870
parm u 0 1 2 3 4 5
end
v 1323.27316687244 -1248.34016614241 314.523830699933
v 1322.2321651418 -1235.31179917939 228.599813114407
v 1315.17454995694 -1195.65374899865 234.698534230202
v 1313.80769633419 -1178.54727351657 121.878784500971
v 1320.86531151906 -1218.20532369731 115.780063385175
v 1319.83417632997 -1205.30043868451 30.6704276245271
v 1312.7765611451 -1165.64238850377 36.7691487403227
v 1311.40970752235 -1148.53591302169 -76.0506009889086
v 1318.46732270722 -1188.19396320243 -82.1493221047043
v 1317.27819086502 -1173.31171512184 -180.299961353534
v 1154.01900787404 -252.415517545363 -81.7044795370523
v 1151.61807382975 -280.085152356231 418.189770310399
v 1323.27316687244 -1248.34016614241 314.523830699933
cstype bspline
deg 1
curv 0 13 4871 4872 4873 4874 4875 4876 4877 4878 4879 4880 4881 4882 4883
parm u 0 1 2 3 4 5 6 7 8 9 10 11 12 13
end
v 1285.2224831557 -1262.81776174314 312.990991722058
v 1284.01123792708 -1247.65875973925 213.015119192667
v 1276.95362274222 -1208.00070955851 219.113840308463
v 1275.92248755313 -1195.09582454571 134.004204547815
v 1282.98010273799 -1234.75387472646 127.905483432019
v 1281.61324911524 -1217.64739924438 15.0857337027877
v 1274.55563393038 -1177.98934906363 21.1844548185833
v 1273.52449874129 -1165.08446405084 -63.9251809420649
v 1280.58211392615 -1204.74251423158 -70.0239020578605
v 1279.22750714829 -1187.78931072257 -181.832800331409
v 1116.08058232267 -267.526327864776 -83.30511346342
v 1113.67964827838 -295.195962675672 416.589136384028
v 1285.2224831557 -1262.81776174314 312.990991722058
cstype bspline
deg 1
curv 0 13 4884 4885 4886 4887 4888 4889 4890 4891 4892 4893 4894 4895 4896
parm u 0 1 2 3 4 5 6 7 8 9 10 11 12 13
end
g element_56
v 1303.1729189656 -2460.00000000029 -5.60777561646431
v 1151.0954036543 -2460.00000000029 -4.3188871960571
v 1199.99598168149 -2500.00000000029 -12.8498329247449
v 1049.84536737695 -2500.00000000029 -11.5772753892146
v 1000.94478934976 -2460.00000000029 -3.04632966052674
v 550.492946436154 -2460.00000000029 0.771342946064353
v 599.393524463342 -2500.00000000029 -7.75960278262346
v 449.242910158806 -2500.00000000029 -6.48704524709309
v 400.342332131618 -2460.00000000029 2.04390048159472
v 100.041103522546 -2460.00000000029 4.58901555265545
v -50.7035777529164 -2460.00000000029 5.86660792872884
v -36.3178763831478 -2380.01040973358 21.9755802822335
v -71.7667105570178 -2351.34504772113 28.0925790577
v -63.0665796315298 -2302.96924107058 37.8349033940774
v -27.6177454576599 -2331.63460308302 31.7179046186109
v -1.517352681196 -2186.50718313135 60.9448776277433
v -36.966186855066 -2157.84182111891 67.0618764032099
v -28.2660559295781 -2109.46601446836 76.8042007395873
v 7.18277824429194 -2138.1313764808 70.6872019641208
v 24.5830400952678 -2041.37976317969 90.1718506368757
v 85.496563930501 -1702.67901526054 158.382238590459
v 238.0447923226 -1645.29460863227 168.733378791531
v 202.588833051997 -1616.62348497824 174.851607063228
v 306.745236034938 -1577.44273902851 181.91912624375
v 342.201195305541 -1606.11386268254 175.800897972053
v 654.670404254363 -1488.57162483336 197.003455513618
v 619.21444498376 -1459.90050117933 203.121683785316
v 723.3708479667 -1420.71975522961 210.189202965837
v 758.826807237303 -1449.39087888364 204.07097469414
v 967.139613203184 -1371.02938698419 218.206013055184
v 1098.31612613978 -1321.68442612968 227.106978283075
v 1140.91245591361 -1558.37692190892 178.718080538455
v 1188.55439036276 -1597.34736877985 170.40671135649
v 1207.3631261017 -1701.86075357472 149.040222853617
v 1159.72119165254 -1662.8903067038 157.351592035582
v 1216.14739886936 -1976.43046108843 93.2521265269632
v 1263.78933331851 -2015.40090795935 84.9407573449982
v 1282.59806905745 -2119.91429275423 63.5742688421253
v 1234.95613460829 -2080.9438458833 71.8856380240904
v 1272.57360608617 -2289.97061547306 29.1526610183446
v 1303.1729189656 -2460.00000000029 -5.60777561646431
cstype bspline
deg 1
curv 0 41 4897 4898 4899 4900 4901 4902 4903 4904 4905 4906 4907 4908 4909 4910 4911 4912 4913 4914 4915 4916 4917 4918 4919 4920 4921 4922 4923 4924 4925 4926 4927 4928 4929 4930 4931 4932 4933 4934 4935 4936 4937
parm u 0 1 2 3 4 5 6 7 8 9 10 11 12 13 14 15 16 17 18 19 20 21 22 23 24 25 26 27 28 29 30 31 32 33 34 35 36 37 38 39 40 41
end
v 1301.802323386 -2460.00000000029 35.2204124783518
v 1151.44130770464 -2460.00000000029 36.4947532091012
v 1200.34188573183 -2500.00000000029 27.9638074804134
v 1050.1912714273 -2500.00000000029 29.2363650159438
v 1001.29069340011 -2460.00000000029 37.7673107446316
v 550.838850486501 -2460.00000000029 41.5849833512227
v 599.739428513688 -2500.00000000029 33.0540376225349
v 449.588814209153 -2500.00000000029 34.3265951580653
v 400.688236181965 -2460.00000000029 42.8575408867531
v 100.387007572893 -2460.00000000029 45.4026559578138
v -49.1719083701697 -2460.00000000029 46.6701987272565
v -36.2098144009269 -2387.92617065073 61.1850289761913
v -71.6586485747969 -2359.26080863829 67.3020277516578
v -62.958517649309 -2310.88500198774 77.0443520880353
v -27.509683475439 -2339.55036400018 70.9273533125688
v -1.40929069897511 -2194.42294404851 100.154326321701
v -36.8581248728451 -2165.75758203607 106.271325097168
v -28.1579939473572 -2117.38177538551 116.013649433545
v 7.29084022651283 -2146.04713739795 109.896650658079
v 24.6911020774887 -2049.29552409684 129.381299330834
v 85.9465140525547 -1708.69375713668 197.97453039029
v 237.732249118423 -1651.59617932016 208.27393170586
v 202.27628984782 -1622.92505566613 214.392159977557
v 306.43269283076 -1583.7443097164 221.459679158079
v 341.888652101363 -1612.41543337043 215.341450886382
v 654.357861050185 -1494.87319552126 236.544008427948
v 618.901901779582 -1466.20207186723 242.662236699645
v 723.058304762522 -1427.0213259175 249.729755880166
v 758.514264033125 -1455.69244957153 243.611527608469
v 966.827069999006 -1377.33095767208 257.746565969513
v 1098.07477242108 -1327.95921731036 266.652361750684
v 1140.98158373759 -1566.37694743776 217.910760857687
v 1188.62351818674 -1605.34739430868 209.599391675722
v 1207.43225392568 -1709.86077910356 188.232903172849
v 1159.79031947652 -1670.89033223263 196.544272354814
v 1216.21652669334 -1984.43048661726 132.444806846196
v 1263.85846114249 -2023.40093348819 124.133437664231
v 1282.66719688143 -2127.91431828307 102.766949161358
v 1235.02526243227 -2088.94387141214 111.078318343323
v 1272.64273391015 -2297.97064100189 68.345341337577
v 1301.802323386 -2460.00000000029 35.2204124783518
cstype bspline
deg 1
curv 0 41 4938 4939 4940 4941 4942 4943 4944 4945 4946 4947 4948 4949 4950 4951 4952 4953 4954 4955 4956 4957 4958 4959 4960 4961 4962 4963 4964 4965 4966 4967 4968 4969 4970 4971 4972 4973 4974 4975 4976 4977 4978
parm u 0 1 2 3 4 5 6 7 8 9 10 11 12 13 14 15 16 17 18 19 20 21 22 23 24 25 26 27 28 29 30 31 32 33 34 35 36 37 38 39 40 41
end
g element_57
v 1314.82298139217 -2460.00000000029 -352.647374422402
v 1160.00417153868 -2460.00000000029 -351.335252963336
v 1208.90474956586 -2500.00000000029 -359.866198692024
v 1056.01284071914 -2500.00000000029 -358.570408117835
v 1007.11226269195 -2460.00000000029 -350.039462389147
v 548.436536151765 -2460.00000000029 -346.152090666579
v 597.337114178953 -2500.00000000029 -354.683036395267
v 444.445205332225 -2500.00000000029 -353.387245821077
v 395.544627305038 -2460.00000000029 -344.85630009239
v 89.7608096115821 -2460.00000000029 -342.264718944011
v -63.7227675063041 -2460.00000000029 -340.963913858756
v -48.2617322915536 -2374.03117302839 -323.650792834683
v -83.7105664654235 -2345.36581101595 -317.533794059217
v -73.9351558509192 -2291.01106878653 -306.587381695609
v -38.4863216770492 -2319.67643079897 -312.704380471076
v -9.16008983353621 -2156.61220411074 -279.865143380253
v -44.6089240074062 -2127.9468420983 -273.748144604787
v -34.8335133929018 -2073.59209986889 -262.801732241179
v 0.615320780968123 -2102.25746188133 -268.918731016646
v 20.1661420099768 -1993.5479774225 -247.025906289431
v 81.6719878929943 -1651.5537093134 -178.152241708115
v 234.87403876811 -1593.92335282636 -167.756736467478
v 199.418079497506 -1565.25222917233 -161.638508195781
v 304.227511024789 -1525.82583202152 -154.526677848299
v 339.683470295392 -1554.49695567555 -160.644906119996
v 654.111764877238 -1436.21776422311 -139.30941507755
v 618.655805606635 -1407.54664056908 -133.191186805853
v 723.465237133917 -1368.12024341827 -126.079356458371
v 758.92119640452 -1396.7913670723 -132.197584730068
v 968.540059459085 -1317.93857277067 -117.973924035104
v 1100.36763274874 -1268.34870109397 -109.028781191617
v 1144.29404228378 -1512.43197208644 -158.928632905729
v 1191.93597673293 -1551.40241895737 -167.240002087694
v 1211.77818116921 -1661.65841788312 -189.78049810209
v 1164.13624672005 -1622.6879710122 -181.469128920125
v 1223.66286002888 -1953.45596778948 -249.090616963315
v 1271.30479447804 -1992.4264146604 -257.40198614528
v 1291.14699891431 -2102.68241358616 -279.942482159677
v 1243.50506446516 -2063.71196671524 -271.631112977712
v 1283.18947333771 -2284.22396456676 -316.712105006505
v 1314.82298139217 -2460.00000000029 -352.647374422402
cstype bspline
deg 1
curv 0 41 4979 4980 4981 4982 4983 4984 4985 4986 4987 4988 4989 4990 4991 4992 4993 4994 4995 4996 4997 4998 4999 5000 5001 5002 5003 5004 5005 5006 5007 5008 5009 5010 5011 5012 5013 5014 5015 5016 5017 5018 5019
parm u 0 1 2 3 4 5 6 7 8 9 10 11 12 13 14 15 16 17 18 19 20 21 22 23 24 25 26 27 28 29 30 31 32 33 34 35 36 37 38 39 40 41
end
v 1313.45238581258 -2460.00000000029 -311.819186327591
v 1160.35007558902 -2460.00000000029 -310.521612558183
v 1209.25065361621 -2500.00000000029 -319.052558286871
v 1056.35874476948 -2500.00000000029 -317.756767712681
v 1007.4581667423 -2460.00000000029 -309.225821983993
v 548.782440202112 -2460.00000000029 -305.338450261425
v 597.6830182293 -2500.00000000029 -313.869395990113
v 444.791109382572 -2500.00000000029 -312.573605415924
v 395.890531355384 -2460.00000000029 -304.042659687236
v 90.106713661929 -2460.00000000029 -301.451078538857
v -62.191098123552 -2460.00000000029 -300.160323060233
v -48.1536703093273 -2381.94693394554 -284.44134414073
v -83.6025044831973 -2353.2815719331 -278.324345365264
v -73.8270938686929 -2298.92682970369 -267.377933001656
v -38.3782596948229 -2327.59219171613 -273.494931777123
v -9.05202785130991 -2164.5279650279 -240.6556946863
v -44.5008620251799 -2135.86260301546 -234.538695910834
v -34.7254514106755 -2081.50786078604 -223.592283547226
v 0.723382763194426 -2110.17322279848 -229.709282322693
v 20.2742039922031 -2001.46373833966 -207.816457595478
v 82.1219380150556 -1657.56845118953 -138.559949908287
v 234.561495563929 -1600.22492351424 -128.216183553152
v 199.105536293325 -1571.55379986021 -122.097955281455
v 303.914967820607 -1532.1274027094 -114.986124933973
v 339.370927091211 -1560.79852636343 -121.10435320567
v 653.799221673057 -1442.51933491099 -99.768862163224
v 618.343262402454 -1413.84821125696 -93.650633891527
v 723.152693929736 -1374.42181410615 -86.5388035440451
v 758.608653200339 -1403.09293776018 -92.6570318157421
v 968.227516254903 -1324.24014345855 -78.4333711207783
v 1100.12627903004 -1274.62349227464 -69.48339772401
v 1144.36317010777 -1520.43199761528 -119.735952586501
v 1192.00510455692 -1559.4024444862 -128.047321768466
v 1211.8473089932 -1669.65844341196 -150.587817782862
v 1164.20537454404 -1630.68799654103 -142.276448600897
v 1223.73198785287 -1961.45599331831 -209.897936644087
v 1271.37392230203 -2000.42644018924 -218.209305826052
v 1291.21612673831 -2110.682439115 -240.749801840449
v 1243.57419228915 -2071.71199224407 -232.438432658484
v 1283.2586011617 -2292.22399009559 -277.519424687277
v 1313.45238581258 -2460.00000000029 -311.819186327591
cstype bspline
deg 1
curv 0 41 5020 5021 5022 5023 5024 5025 5026 5027 5028 5029 5030 5031 5032 5033 5034 5035 5036 5037 5038 5039 5040 5041 5042 5043 5044 5045 5046 5047 5048 5049 5050 5051 5052 5053 5054 5055 5056 5057 5058 5059 5060
parm u 0 1 2 3 4 5 6 7 8 9 10 11 12 13 14 15 16 17 18 19 20 21 22 23 24 25 26 27 28 29 30 31 32 33 34 35 36 37 38 39 40 41
end
g element_58
v 1200.34188573183 -2500.00000000029 27.9638074804134
v 1199.99598168149 -2500.00000000029 -12.8498329247449
v 1049.84536737695 -2500.00000000029 -11.5772753892146
v 1050.1912714273 -2500.00000000029 29.2363650159438
v 1200.34188573183 -2500.00000000029 27.9638074804134
cstype bspline
deg 1
curv 0 5 5061 5062 5063 5064 5065
parm u 0 1 2 3 4 5
end
v 1151.44130770464 -2460.00000000029 36.4947532091012
v 1151.0954036543 -2460.00000000029 -4.3188871960571
v 1000.94478934976 -2460.00000000029 -3.04632966052674
v 1001.29069340011 -2460.00000000029 37.7673107446316
v 1151.44130770464 -2460.00000000029 36.4947532091012
cstype bspline
deg 1
curv 0 5 5066 5067 5068 5069 5070
parm u 0 1 2 3 4 5
end
v 599.739428513688 -2500.00000000029 33.0540376225349
v 599.393524463342 -2500.00000000029 -7.75960278262346
v 449.242910158806 -2500.00000000029 -6.48704524709309
v 449.588814209153 -2500.00000000029 34.3265951580653
v 599.739428513688 -2500.00000000029 33.0540376225349
cstype bspline
deg 1
curv 0 5 5071 5072 5073 5074 5075
parm u 0 1 2 3 4 5
end
v 550.838850486501 -2460.00000000029 41.5849833512227
v 550.492946436154 -2460.00000000029 0.771342946064353
v 400.342332131618 -2460.00000000029 2.04390048159472
v 400.688236181965 -2460.00000000029 42.8575408867531
v 550.838850486501 -2460.00000000029 41.5849833512227
cstype bspline
deg 1
curv 0 5 5076 5077 5078 5079 5080
parm u 0 1 2 3 4 5
end
v 1209.25065361621 -2500.00000000029 -319.052558286871
v 1208.90474956586 -2500.00000000029 -359.866198692024
v 1056.01284071914 -2500.00000000029 -358.570408117835
v 1056.35874476948 -2500.00000000029 -317.756767712681
v 1209.25065361621 -2500.00000000029 -319.052558286871
cstype bspline
deg 1
curv 0 5 5081 5082 5083 5084 5085
parm u 0 1 2 3 4 5
end
v 1160.35007558902 -2460.00000000029 -310.521612558183
v 1160.00417153868 -2460.00000000029 -351.335252963336
v 1007.11226269195 -2460.00000000029 -350.039462389147
v 1007.4581667423 -2460.00000000029 -309.225821983993
v 1160.35007558902 -2460.00000000029 -310.521612558183
cstype bspline
deg 1
curv 0 5 5086 5087 5088 5089 5090
parm u 0 1 2 3 4 5
end
v 597.6830182293 -2500.00000000029 -313.869395990113
v 597.337114178953 -2500.00000000029 -354.683036395267
v 444.445205332225 -2500.00000000029 -353.387245821077
v 444.791109382572 -2500.00000000029 -312.573605415924
v 597.6830182293 -2500.00000000029 -313.869395990113
cstype bspline
deg 1
curv 0 5 5091 5092 5093 5094 5095
parm u 0 1 2 3 4 5
end
v 548.782440202112 -2460.00000000029 -305.338450261425
v 548.436536151765 -2460.00000000029 -346.152090666579
v 395.544627305038 -2460.00000000029 -344.85630009239
v 395.890531355384 -2460.00000000029 -304.042659687236
v 548.782440202112 -2460.00000000029 -305.338450261425
cstype bspline
deg 1
curv 0 5 5096 5097 5098 5099 5100
parm u 0 1 2 3 4 5
end
v -54.0681910484418 -2500.00000000029 99.8200505487407
v -73.2140583328292 -2500.00000000029 -410.224834432854
v 1324.07746880801 -2500.00000000029 -422.067169347245
v 1320.05902965617 -2500.00000000029 -302.363303392053
v 1361.10995547673 -2500.00000000029 -315.287445910624
v 1357.20478314675 -2500.00000000029 -198.957645344707
v 1317.11302245987 -2500.00000000029 -214.605734544081
v 1313.2078501299 -2500.00000000029 -98.2759339781648
v 1354.25877595045 -2500.00000000029 -111.200076496736
v 1350.35360362048 -2500.00000000029 5.12972406918058
v 1310.2618429336 -2500.00000000029 -10.5183651301929
v 1306.94502406306 -2500.00000000029 88.2851818379555
v -54.0681910484418 -2500.00000000029 99.8200505487407
cstype bspline
deg 1
curv 0 13 5101 5102 5103 5104 5105 5106 5107 5108 5109 5110 5111 5112 5113
parm u 0 1 2 3 4 5 6 7 8 9 10 11 12 13
end
v -46.8744042960461 -2460.00000000029 107.875584925047
v -66.0202715804262 -2460.00000000029 -402.169300056547
v 1316.87887476157 -2460.00000000029 -413.889656564626
v 1313.14274756563 -2460.00000000029 -302.595481847739
v 1354.19367338619 -2460.00000000029 -315.51962436631
v 1350.28850105621 -2460.00000000029 -199.189823800393
v 1310.19674036934 -2460.00000000029 -214.837912999767
v 1306.29156803936 -2460.00000000029 -98.5081124338509
v 1347.34249385992 -2460.00000000029 -111.432254952422
v 1343.43732152994 -2460.00000000029 4.89754561349449
v 1303.34556084306 -2460.00000000029 -10.750543585879
v 1299.74643001662 -2460.00000000029 96.4626946205747
v -46.8744042960461 -2460.00000000029 107.875584925047
cstype bspline
deg 1
curv 0 13 5114 5115 5116 5117 5118 5119 5120 5121 5122 5123 5124 5125 5126
parm u 0 1 2 3 4 5 6 7 8 9 10 11 12 13
end
g element_59
v 1313.10249620814 -2297.23191611672 69.221946483539
v 1294.29329875106 -2192.65647685512 90.2822068480889
v 1294.24420509702 -2184.76761873739 51.0659673111413
v 1313.0534025541 -2289.34305799899 30.0057069465913
v 1313.10249620814 -2297.23191611672 69.221946483539
cstype bspline
deg 1
curv 0 5 5127 5128 5129 5130 5131
parm u 0 1 2 3 4 5
end
v 1279.80731526435 -2337.87591790126 60.6925836614862
v 1260.99811780727 -2233.30047863967 81.7528440260362
v 1260.94902415323 -2225.41162052194 42.5366044890885
v 1279.75822161031 -2329.98705978353 21.4763441245385
v 1279.80731526435 -2337.87591790126 60.6925836614862
cstype bspline
deg 1
curv 0 5 5132 5133 5134 5135 5136
parm u 0 1 2 3 4 5
end
v 1237.86570637982 -1878.93015907034 153.462987941739
v 1219.05650892274 -1774.35471980874 174.523248306289
v 1219.0074152687 -1766.46586169101 135.307008769341
v 1237.81661272578 -1871.04130095261 114.246748404791
v 1237.86570637982 -1878.93015907034 153.462987941739
cstype bspline
deg 1
curv 0 5 5137 5138 5139 5140 5141
parm u 0 1 2 3 4 5
end
v 1204.57052543603 -1919.57416085488 144.933625119686
v 1185.76132797895 -1814.99872159329 165.993885484236
v 1185.71223432491 -1807.10986347556 126.777645947288
v 1204.52143178199 -1911.68530273715 105.717385582738
v 1204.57052543603 -1919.57416085488 144.933625119686
cstype bspline
deg 1
curv 0 5 5142 5143 5144 5145 5146
parm u 0 1 2 3 4 5
end
v 1323.71862405862 -2291.52028946615 -276.469980850165
v 1303.87593253456 -2181.19882641615 -254.252539048948
v 1303.82683888052 -2173.30996829842 -293.468778585893
v 1323.66953040458 -2283.63143134842 -315.686220387111
v 1323.71862405862 -2291.52028946615 -276.469980850165
cstype bspline
deg 1
curv 0 5 5147 5148 5149 5150 5151
parm u 0 1 2 3 4 5
end
v 1290.42344311484 -2332.1642912507 -284.999343672218
v 1270.58075159077 -2221.84282820069 -262.781901871
v 1270.53165793673 -2213.95397008296 -301.998141407946
v 1290.37434946079 -2324.27543313297 -324.215583209164
v 1290.42344311484 -2332.1642912507 -284.999343672218
cstype bspline
deg 1
curv 0 5 5152 5153 5154 5155 5156
parm u 0 1 2 3 4 5
end
v 1244.34785796236 -1850.23443726613 -187.600213645294
v 1224.5051664383 -1739.91297421612 -165.382771844077
v 1224.45607278426 -1732.02411609839 -204.599011381023
v 1244.29876430832 -1842.3455791484 -226.81645318224
v 1244.34785796236 -1850.23443726613 -187.600213645294
cstype bspline
deg 1
curv 0 5 5157 5158 5159 5160 5161
parm u 0 1 2 3 4 5
end
v 1211.05267701858 -1890.87843905067 -196.129576467347
v 1191.20998549451 -1780.55697600067 -173.91213466613
v 1191.16089184047 -1772.66811788294 -213.128374203076
v 1211.00358336453 -1882.98958093294 -235.345816004293
v 1211.05267701858 -1890.87843905067 -196.129576467347
cstype bspline
deg 1
curv 0 5 5162 5163 5164 5165 5166
parm u 0 1 2 3 4 5
end
v 1188.62351818674 -1605.34739430868 209.599391675722
v 1188.55439036276 -1597.34736877985 170.40671135649
v 1207.3631261017 -1701.86075357472 149.040222853617
v 1207.43225392568 -1709.86077910356 188.232903172849
v 1188.62351818674 -1605.34739430868 209.599391675722
cstype bspline
deg 1
curv 0 5 5167 5168 5169 5170 5171
parm u 0 1 2 3 4 5
end
v 1140.98158373759 -1566.37694743776 217.910760857687
v 1140.91245591361 -1558.37692190892 178.718080538455
v 1159.72119165254 -1662.8903067038 157.351592035582
v 1159.79031947652 -1670.89033223263 196.544272354814
v 1140.98158373759 -1566.37694743776 217.910760857687
cstype bspline
deg 1
curv 0 5 5172 5173 5174 5175 5176
parm u 0 1 2 3 4 5
end
v 1263.85846114249 -2023.40093348819 124.133437664231
v 1263.78933331851 -2015.40090795935 84.9407573449982
v 1282.59806905745 -2119.91429275423 63.5742688421253
v 1282.66719688143 -2127.91431828307 102.766949161358
v 1263.85846114249 -2023.40093348819 124.133437664231
cstype bspline
deg 1
curv 0 5 5177 5178 5179 5180 5181
parm u 0 1 2 3 4 5
end
v 1216.21652669334 -1984.43048661726 132.444806846196
v 1216.14739886936 -1976.43046108843 93.2521265269632
v 1234.95613460829 -2080.9438458833 71.8856380240904
v 1235.02526243227 -2088.94387141214 111.078318343323
v 1216.21652669334 -1984.43048661726 132.444806846196
cstype bspline
deg 1
curv 0 5 5182 5183 5184 5185 5186
parm u 0 1 2 3 4 5
end
v 1192.00510455692 -1559.4024444862 -128.047321768466
v 1191.93597673293 -1551.40241895737 -167.240002087694
v 1211.77818116921 -1661.65841788312 -189.78049810209
v 1211.8473089932 -1669.65844341196 -150.587817782862
v 1192.00510455692 -1559.4024444862 -128.047321768466
cstype bspline
deg 1
curv 0 5 5187 5188 5189 5190 5191
parm u 0 1 2 3 4 5
end
v 1144.36317010777 -1520.43199761528 -119.735952586501
v 1144.29404228378 -1512.43197208644 -158.928632905729
v 1164.13624672005 -1622.6879710122 -181.469128920125
v 1164.20537454404 -1630.68799654103 -142.276448600897
v 1144.36317010777 -1520.43199761528 -119.735952586501
cstype bspline
deg 1
curv 0 5 5192 5193 5194 5195 5196
parm u 0 1 2 3 4 5
end
v 1271.37392230203 -2000.42644018924 -218.209305826052
v 1271.30479447804 -1992.4264146604 -257.40198614528
v 1291.14699891431 -2102.68241358616 -279.942482159677
v 1291.21612673831 -2110.682439115 -240.749801840449
v 1271.37392230203 -2000.42644018924 -218.209305826052
cstype bspline
deg 1
curv 0 5 5197 5198 5199 5200 5201
parm u 0 1 2 3 4 5
end
v 1223.73198785287 -1961.45599331831 -209.897936644087
v 1223.66286002888 -1953.45596778948 -249.090616963315
v 1243.50506446516 -2063.71196671524 -271.631112977712
v 1243.57419228915 -2071.71199224407 -232.438432658484
v 1223.73198785287 -1961.45599331831 -209.897936644087
cstype bspline
deg 1
curv 0 5 5202 5203 5204 5205 5206
parm u 0 1 2 3 4 5
end
v 1347.57364784141 -2500.00000000029 87.9408458418151
v 1350.35360362048 -2500.00000000029 5.12972406918058
v 1343.43732152994 -2460.00000000029 4.89754561349449
v 1347.34249385992 -2460.00000000029 -111.432254952422
v 1354.25877595045 -2500.00000000029 -111.200076496736
v 1357.20478314675 -2500.00000000029 -198.957645344707
v 1350.28850105621 -2460.00000000029 -199.189823800393
v 1354.19367338619 -2460.00000000029 -315.51962436631
v 1361.10995547673 -2500.00000000029 -315.287445910624
v 1364.70609258636 -2500.00000000029 -422.411505343382
v 1138.78221395591 -1244.62220165243 -165.76480551823
v 1135.76529247216 -1323.05709141082 328.552487826904
v 1347.57364784141 -2500.00000000029 87.9408458418151
cstype bspline
deg 1
curv 0 13 5207 5208 5209 5210 5211 5212 5213 5214 5215 5216 5217 5218 5219
parm u 0 1 2 3 4 5 6 7 8 9 10 11 12 13
end
v 1306.94502406306 -2500.00000000029 88.2851818379583
v 1310.2618429336 -2500.00000000029 -10.5183651301929
v 1303.34556084306 -2460.00000000029 -10.750543585879
v 1306.29156803936 -2460.00000000029 -98.5081124338509
v 1313.2078501299 -2500.00000000029 -98.2759339781648
v 1317.11302245987 -2500.00000000029 -214.605734544081
v 1310.19674036934 -2460.00000000029 -214.837912999767
v 1313.14274756563 -2460.00000000029 -302.595481847739
v 1320.05902965617 -2500.00000000029 -302.363303392053
v 1324.07746880801 -2500.00000000029 -422.067169347242
v 1100.72966332679 -1258.93651432297 -168.346856393033
v 1097.71274184303 -1337.37140408136 325.970436952101
v 1306.94502406306 -2500.00000000029 88.2851818379583
cstype bspline
deg 1
curv 0 13 5220 5221 5222 5223 5224 5225 5226 5227 5228 5229 5230 5231 5232
parm u 0 1 2 3 4 5 6 7 8 9 10 11 12 13
end
g element_60
v 2459.99999999926 -2500.00000000029 -3.01862687528381
v 1350.94268177477 -2500.00000000029 -12.4181172082322
v 1313.0534025541 -2289.34305799899 30.0057069465913
v 1279.75822161031 -2329.98705978353 21.4763441245385
v 1260.94902415323 -2225.41162052194 42.5366044890885
v 1294.24420509702 -2184.76761873739 51.0659673111413
v 1237.81661272578 -1871.04130095261 114.246748404791
v 1204.52143178199 -1911.68530273715 105.717385582738
v 1185.71223432491 -1807.10986347556 126.777645947288
v 1219.0074152687 -1766.46586169101 135.307008769341
v 1181.38902035454 -1557.31498316782 177.427529498441
v 1158.84541344174 -1431.97696165861 202.669129105386
v 1487.17776394963 -1555.48647277751 180.390180156079
v 1527.1715280908 -1528.52234528221 186.200496268335
v 1640.66865238991 -1571.21681116076 178.499163657517
v 1600.67488824874 -1598.18093865606 172.688847545261
v 1941.16626114607 -1726.26433629172 149.584849712806
v 1981.16002528724 -1699.30020879642 155.395165825063
v 2094.65714958635 -1741.99467467497 147.693833214244
v 2054.66338544518 -1768.95880217027 141.883517101988
v 2281.65763404339 -1854.34773392737 126.480851880352
v 2459.99999999926 -1921.43517869766 114.379453829008
v 2459.99999999926 -1984.49299266145 101.584230095754
v 2499.99999999926 -1957.5246608984 107.395452157021
v 2499.99999999926 -2021.46557952485 94.42103537808
v 2459.99999999926 -2048.43391128789 88.609813316813
v 2459.99999999926 -2240.25666716722 49.686562979991
v 2499.99999999926 -2213.28833540417 55.4977850412581
v 2499.99999999926 -2277.22925403062 42.5233682623174
v 2459.99999999926 -2304.19758579366 36.7121462010504
v 2459.99999999926 -2432.07942304655 10.7633126431691
v 2459.99999999926 -2500.00000000029 -3.01862687528381
cstype bspline
deg 1
curv 0 32 5233 5234 5235 5236 5237 5238 5239 5240 5241 5242 5243 5244 5245 5246 5247 5248 5249 5250 5251 5252 5253 5254 5255 5256 5257 5258 5259 5260 5261 5262 5263 5264
parm u 0 1 2 3 4 5 6 7 8 9 10 11 12 13 14 15 16 17 18 19 20 21 22 23 24 25 26 27 28 29 30 31 32
end
v 2459.99999999926 -2500.00000000029 37.7979451382953
v 1349.57286587323 -2500.00000000029 28.3868453320466
v 1313.10249620814 -2297.23191611672 69.221946483539
v 1279.80731526435 -2337.87591790126 60.6925836614862
v 1260.99811780727 -2233.30047863967 81.7528440260362
v 1294.29329875106 -2192.65647685512 90.2822068480889
v 1237.86570637982 -1878.93015907034 153.462987941739
v 1204.57052543603 -1919.57416085488 144.933625119686
v 1185.76132797895 -1814.99872159329 165.993885484236
v 1219.05650892274 -1774.35471980874 174.523248306289
v 1181.43811400858 -1565.20384128555 216.643769035389
v 1158.56917726633 -1438.05704989672 242.249633567955
v 1487.49030715382 -1561.78804346539 219.930733070406
v 1527.48407129498 -1534.82391597009 225.741049182663
v 1640.98119559409 -1577.51838184864 218.039716571845
v 1600.98743145292 -1604.48250934394 212.229400459588
v 1941.47880435025 -1732.5659069796 189.125402627134
v 1981.47256849142 -1705.6017794843 194.93571873939
v 2094.96969279053 -1748.29624536285 187.234386128572
v 2054.97592864936 -1775.26037285815 181.424070016316
v 2281.97017724758 -1860.64930461525 166.021404794679
v 2459.99999999926 -1927.61917931274 153.941214321814
v 2459.99999999926 -1992.44766671079 140.78669867332
v 2499.99999999926 -1965.47933494774 146.597920734587
v 2499.99999999926 -2029.42025357419 133.623503955646
v 2459.99999999926 -2056.38858533723 127.812281894379
v 2459.99999999926 -2248.21134121656 88.8890315575575
v 2499.99999999926 -2221.24300945351 94.7002536188245
v 2499.99999999926 -2285.18392807995 81.7258368398839
v 2459.99999999926 -2312.152259843 75.9146147786169
v 2459.99999999926 -2440.03409709589 49.9657812207356
v 2459.99999999926 -2500.00000000029 37.7979451382953
cstype bspline
deg 1
curv 0 32 5265 5266 5267 5268 5269 5270 5271 5272 5273 5274 5275 5276 5277 5278 5279 5280 5281 5282 5283 5284 5285 5286 5287 5288 5289 5290 5291 5292 5293 5294 5295 5296
parm u 0 1 2 3 4 5 6 7 8 9 10 11 12 13 14 15 16 17 18 19 20 21 22 23 24 25 26 27 28 29 30 31 32
end
g element_61
v 2459.99999999926 -2500.00000000029 -349.959488990739
v 1362.58611693785 -2500.00000000029 -359.260298800634
v 1323.66953040458 -2283.63143134842 -315.686220387111
v 1290.37434946079 -2324.27543313297 -324.215583209164
v 1270.53165793673 -2213.95397008296 -301.998141407946
v 1303.82683888052 -2173.30996829842 -293.468778585893
v 1244.29876430832 -1842.3455791484 -226.81645318224
v 1211.00358336453 -1882.98958093294 -235.345816004293
v 1191.16089184047 -1772.66811788294 -213.128374203076
v 1224.45607278426 -1732.02411609839 -204.599011381023
v 1184.77068973612 -1511.38118999838 -160.164127778587
v 1161.19342093277 -1380.29621163469 -133.765158826472
v 1483.03163380393 -1501.36280854361 -155.603448910898
v 1523.0253979451 -1474.39868104831 -149.793132798641
v 1637.04082899345 -1517.28811953041 -157.529635046531
v 1597.04706485228 -1544.25224702571 -163.339951158788
v 1939.09335799732 -1672.92056247201 -186.549457902458
v 1979.08712213849 -1645.95643497671 -180.739141790201
v 2093.10255318684 -1688.84587345881 -188.475644038091
v 2053.10878904567 -1715.81000095411 -194.285960150348
v 2281.13965114236 -1801.58887791831 -209.758964646128
v 2459.99999999926 -1868.87117346944 -221.895510359866
v 2459.99999999926 -1937.77263021669 -235.876482728087
v 2499.99999999926 -1910.80429845365 -230.06526066682
v 2499.99999999926 -1980.58507423215 -244.224657928495
v 2459.99999999926 -2007.5534059952 -250.035879989762
v 2459.99999999926 -2216.89573333073 -292.514071774786
v 2499.99999999926 -2189.92740156768 -286.702849713519
v 2499.99999999926 -2259.70817734619 -300.862246975193
v 2459.99999999926 -2286.67650910924 -306.67346903646
v 2459.99999999926 -2426.23806066626 -334.992263559809
v 2459.99999999926 -2500.00000000029 -349.959488990739
cstype bspline
deg 1
curv 0 32 5297 5298 5299 5300 5301 5302 5303 5304 5305 5306 5307 5308 5309 5310 5311 5312 5313 5314 5315 5316 5317 5318 5319 5320 5321 5322 5323 5324 5325 5326 5327 5328
parm u 0 1 2 3 4 5 6 7 8 9 10 11 12 13 14 15 16 17 18 19 20 21 22 23 24 25 26 27 28 29 30 31 32
end
v 2459.99999999926 -2500.00000000029 -309.142916977161
v 1361.21630103631 -2500.00000000029 -318.455336260357
v 1323.71862405862 -2291.52028946615 -276.469980850165
v 1290.42344311484 -2332.1642912507 -284.999343672218
v 1270.58075159077 -2221.84282820069 -262.781901871
v 1303.87593253456 -2181.19882641615 -254.252539048948
v 1244.34785796236 -1850.23443726613 -187.600213645294
v 1211.05267701858 -1890.87843905067 -196.129576467347
v 1191.20998549451 -1780.55697600067 -173.91213466613
v 1224.5051664383 -1739.91297421612 -165.382771844077
v 1184.81978339017 -1519.27004811611 -120.947888241641
v 1160.91718475736 -1386.37629987281 -94.1846543639069
v 1483.34417700811 -1507.6643792315 -116.062895996574
v 1523.33794114928 -1480.7002517362 -110.252579884317
v 1637.35337219763 -1523.5896902183 -117.989082132207
v 1597.35960805646 -1550.5538177136 -123.799398244464
v 1939.4059012015 -1679.2221331599 -147.008904988134
v 1979.39966534267 -1652.2580056646 -141.198588875877
v 2093.41509639102 -1695.1474441467 -148.935091123767
v 2053.42133224985 -1722.111571642 -154.745407236024
v 2281.45219434654 -1807.8904486062 -170.218411731804
v 2459.99999999926 -1875.05517408453 -182.333749867063
v 2459.99999999926 -1945.72730426603 -196.674014150523
v 2499.99999999926 -1918.75897250298 -190.862792089256
v 2499.99999999926 -1988.53974828149 -205.02218935093
v 2459.99999999926 -2015.50808004454 -210.833411412197
v 2459.99999999926 -2224.85040738007 -253.311603197221
v 2499.99999999926 -2197.88207561702 -247.500381135954
v 2499.99999999926 -2267.66285139553 -261.659778397629
v 2459.99999999926 -2294.63118315858 -267.471000458896
v 2459.99999999926 -2434.1927347156 -295.789794982245
v 2459.99999999926 -2500.00000000029 -309.142916977161
cstype bspline
deg 1
curv 0 32 5329 5330 5331 5332 5333 5334 5335 5336 5337 5338 5339 5340 5341 5342 5343 5344 5345 5346 5347 5348 5349 5350 5351 5352 5353 5354 5355 5356 5357 5358 5359 5360
parm u 0 1 2 3 4 5 6 7 8 9 10 11 12 13 14 15 16 17 18 19 20 21 22 23 24 25 26 27 28 29 30 31 32
end
g element_62
v 2499.99999999926 -1965.47933494774 146.597920734587
v 2499.99999999926 -1957.5246608984 107.395452157021
v 2499.99999999926 -2021.46557952485 94.42103537808
v 2499.99999999926 -2029.42025357419 133.623503955646
v 2499.99999999926 -1965.47933494774 146.597920734587
cstype bspline
deg 1
curv 0 5 5361 5362 5363 5364 5365
parm u 0 1 2 3 4 5
end
v 2459.99999999926 -1992.44766671079 140.78669867332
v 2459.99999999926 -1984.49299266145 101.584230095754
v 2459.99999999926 -2048.43391128789 88.609813316813
v 2459.99999999926 -2056.38858533723 127.812281894379
v 2459.99999999926 -1992.44766671079 140.78669867332
cstype bspline
deg 1
curv 0 5 5366 5367 5368 5369 5370
parm u 0 1 2 3 4 5
end
v 2499.99999999926 -2221.24300945351 94.7002536188245
v 2499.99999999926 -2213.28833540417 55.4977850412581
v 2499.99999999926 -2277.22925403062 42.5233682623174
v 2499.99999999926 -2285.18392807995 81.7258368398839
v 2499.99999999926 -2221.24300945351 94.7002536188245
cstype bspline
deg 1
curv 0 5 5371 5372 5373 5374 5375
parm u 0 1 2 3 4 5
end
v 2459.99999999926 -2248.21134121656 88.8890315575575
v 2459.99999999926 -2240.25666716722 49.686562979991
v 2459.99999999926 -2304.19758579366 36.7121462010504
v 2459.99999999926 -2312.152259843 75.9146147786169
v 2459.99999999926 -2248.21134121656 88.8890315575575
cstype bspline
deg 1
curv 0 5 5376 5377 5378 5379 5380
parm u 0 1 2 3 4 5
end
v 2499.99999999926 -1918.75897250298 -190.862792089256
v 2499.99999999926 -1910.80429845365 -230.06526066682
v 2499.99999999926 -1980.58507423215 -244.224657928495
v 2499.99999999926 -1988.53974828149 -205.02218935093
v 2499.99999999926 -1918.75897250298 -190.862792089256
cstype bspline
deg 1
curv 0 5 5381 5382 5383 5384 5385
parm u 0 1 2 3 4 5
end
v 2459.99999999926 -1945.72730426603 -196.674014150523
v 2459.99999999926 -1937.77263021669 -235.876482728087
v 2459.99999999926 -2007.5534059952 -250.035879989762
v 2459.99999999926 -2015.50808004454 -210.833411412197
v 2459.99999999926 -1945.72730426603 -196.674014150523
cstype bspline
deg 1
curv 0 5 5386 5387 5388 5389 5390
parm u 0 1 2 3 4 5
end
v 2499.99999999926 -2197.88207561702 -247.500381135954
v 2499.99999999926 -2189.92740156768 -286.702849713519
v 2499.99999999926 -2259.70817734619 -300.862246975193
v 2499.99999999926 -2267.66285139553 -261.659778397629
v 2499.99999999926 -2197.88207561702 -247.500381135954
cstype bspline
deg 1
curv 0 5 5391 5392 5393 5394 5395
parm u 0 1 2 3 4 5
end
v 2459.99999999926 -2224.85040738007 -253.311603197221
v 2459.99999999926 -2216.89573333073 -292.514071774786
v 2459.99999999926 -2286.67650910924 -306.67346903646
v 2459.99999999926 -2294.63118315858 -267.471000458896
v 2459.99999999926 -2224.85040738007 -253.311603197221
cstype bspline
deg 1
curv 0 5 5396 5397 5398 5399 5400
parm u 0 1 2 3 4 5
end
v 2499.99999999926 -2500.00000000029 99.3618114381736
v 2499.99999999926 -2500.00000000029 -410.845338731611
v 2499.99999999926 -1874.64206158201 -283.952345897719
v 2499.99999999926 -1892.44371893924 -170.067346755914
v 2499.99999999926 -1847.97197108203 -177.300641896419
v 2499.99999999926 -1865.5961856905 -64.5508217374369
v 2499.99999999926 -1905.73917908246 -85.0104648815948
v 2499.99999999926 -1923.36339369092 27.7393552773868
v 2499.99999999926 -1878.89164583372 20.5060601368826
v 2499.99999999926 -1896.51586044218 133.255880295864
v 2499.99999999926 -1936.65885383415 112.796237151706
v 2499.99999999926 -1951.94206927056 210.569660262393
v 2499.99999999926 -2500.00000000029 99.3618114381736
cstype bspline
deg 1
curv 0 13 5401 5402 5403 5404 5405 5406 5407 5408 5409 5410 5411 5412 5413
parm u 0 1 2 3 4 5 6 7 8 9 10 11 12 13
end
v 2459.99999999926 -2500.00000000029 99.0228031586733
v 2459.99999999926 -2500.00000000029 -411.184347011111
v 2459.99999999926 -1859.59517254681 -281.238151099081
v 2459.99999999926 -1877.34156737321 -167.706690571697
v 2459.99999999926 -1832.86981951601 -174.939985712201
v 2459.99999999926 -1850.49403412447 -62.1901655532191
v 2459.99999999926 -1890.63702751644 -82.649808697377
v 2459.99999999926 -1908.2612421249 30.1000114616046
v 2459.99999999926 -1863.7894942677 22.8667163211004
v 2459.99999999926 -1881.41370887616 135.616536480082
v 2459.99999999926 -1921.55670226813 115.156893335924
v 2459.99999999926 -1936.89518023537 213.283855061028
v 2459.99999999926 -2500.00000000029 99.0228031586733
cstype bspline
deg 1
curv 0 13 5414 5415 5416 5417 5418 5419 5420 5421 5422 5423 5424 5425 5426
parm u 0 1 2 3 4 5 6 7 8 9 10 11 12 13
end
g element_63
v 2319.08043229848 -1835.69498614287 191.824285258999
v 2205.5971353476 -1792.51664819437 196.395862006448
v 2206.25945950848 -1786.5838960749 156.802597679617
v 2319.74275645936 -1829.7622340234 152.231020932168
v 2319.08043229848 -1835.69498614287 191.824285258999
cstype bspline
deg 1
curv 0 5 5427 5428 5429 5430 5431
parm u 0 1 2 3 4 5
end
v 2283.64660174869 -1864.84124230417 188.690932581636
v 2170.16330479781 -1821.66290435568 193.262509329085
v 2170.82562895869 -1815.7301522362 153.669245002254
v 2284.30892590958 -1858.9084901847 149.097668254804
v 2283.64660174869 -1864.84124230417 188.690932581636
cstype bspline
deg 1
curv 0 5 5432 5433 5434 5435 5436
parm u 0 1 2 3 4 5
end
v 1865.14724449495 -1662.98163434888 210.110592248797
v 1751.66394754407 -1619.80329640038 214.682168996246
v 1752.32627170495 -1613.87054428091 175.088904669415
v 1865.80956865584 -1657.04888222941 170.517327921965
v 1865.14724449495 -1662.98163434888 210.110592248797
cstype bspline
deg 1
curv 0 5 5437 5438 5439 5440 5441
parm u 0 1 2 3 4 5
end
v 1829.71341394517 -1692.12789051018 206.977239571433
v 1716.23011699429 -1648.94955256169 211.548816318883
v 1716.89244115517 -1643.01680044221 171.955551992052
v 1830.37573810605 -1686.19513839071 167.383975244602
v 1829.71341394517 -1692.12789051018 206.977239571433
cstype bspline
deg 1
curv 0 5 5442 5443 5444 5445 5446
parm u 0 1 2 3 4 5
end
v 2318.56269364263 -1782.92758305634 -144.470815024086
v 2204.56115308779 -1739.55206280814 -139.878361279995
v 2205.22347724866 -1733.6193106887 -179.471625606831
v 2319.2250178035 -1776.9948309369 -184.064079350922
v 2318.56269364263 -1782.92758305634 -144.470815024086
cstype bspline
deg 1
curv 0 5 5447 5448 5449 5450 5451
parm u 0 1 2 3 4 5
end
v 2283.12886309284 -1812.07383921764 -147.604167701449
v 2169.127322538 -1768.69831896944 -143.011713957358
v 2169.78964669887 -1762.76556685 -182.604978284195
v 2283.79118725371 -1806.1410870982 -187.197432028285
v 2283.12886309284 -1812.07383921764 -147.604167701449
cstype bspline
deg 1
curv 0 5 5452 5453 5454 5455 5456
parm u 0 1 2 3 4 5
end
v 1862.55653142328 -1609.42550206353 -126.101000047722
v 1748.55499086844 -1566.04998181533 -121.508546303632
v 1749.21731502931 -1560.11722969588 -161.101810630468
v 1863.21885558415 -1603.49274994408 -165.694264374559
v 1862.55653142328 -1609.42550206353 -126.101000047722
cstype bspline
deg 1
curv 0 5 5457 5458 5459 5460 5461
parm u 0 1 2 3 4 5
end
v 1827.12270087349 -1638.57175822483 -129.234352725086
v 1713.12116031865 -1595.19623797663 -124.641898980995
v 1713.78348447952 -1589.26348585718 -164.235163307831
v 1827.78502503436 -1632.63900610539 -168.827617051922
v 1827.12270087349 -1638.57175822483 -129.234352725086
cstype bspline
deg 1
curv 0 5 5462 5463 5464 5465 5466
parm u 0 1 2 3 4 5
end
v 1527.48407129498 -1534.82391597009 225.741049182663
v 1527.1715280908 -1528.52234528221 186.200496268335
v 1640.66865238991 -1571.21681116076 178.499163657517
v 1640.98119559409 -1577.51838184864 218.039716571845
v 1527.48407129498 -1534.82391597009 225.741049182663
cstype bspline
deg 1
curv 0 5 5467 5468 5469 5470 5471
parm u 0 1 2 3 4 5
end
v 1487.49030715382 -1561.78804346539 219.930733070406
v 1487.17776394963 -1555.48647277751 180.390180156079
v 1600.67488824874 -1598.18093865606 172.688847545261
v 1600.98743145292 -1604.48250934394 212.229400459588
v 1487.49030715382 -1561.78804346539 219.930733070406
cstype bspline
deg 1
curv 0 5 5472 5473 5474 5475 5476
parm u 0 1 2 3 4 5
end
v 1981.47256849142 -1705.6017794843 194.93571873939
v 1981.16002528724 -1699.30020879642 155.395165825063
v 2094.65714958635 -1741.99467467497 147.693833214244
v 2094.96969279053 -1748.29624536285 187.234386128572
v 1981.47256849142 -1705.6017794843 194.93571873939
cstype bspline
deg 1
curv 0 5 5477 5478 5479 5480 5481
parm u 0 1 2 3 4 5
end
v 1941.47880435025 -1732.5659069796 189.125402627134
v 1941.16626114607 -1726.26433629172 149.584849712806
v 2054.66338544518 -1768.95880217027 141.883517101988
v 2054.97592864936 -1775.26037285815 181.424070016316
v 1941.47880435025 -1732.5659069796 189.125402627134
cstype bspline
deg 1
curv 0 5 5482 5483 5484 5485 5486
parm u 0 1 2 3 4 5
end
v 1523.33794114928 -1480.7002517362 -110.252579884317
v 1523.0253979451 -1474.39868104831 -149.793132798641
v 1637.04082899345 -1517.28811953041 -157.529635046531
v 1637.35337219763 -1523.5896902183 -117.989082132207
v 1523.33794114928 -1480.7002517362 -110.252579884317
cstype bspline
deg 1
curv 0 5 5487 5488 5489 5490 5491
parm u 0 1 2 3 4 5
end
v 1483.34417700811 -1507.6643792315 -116.062895996574
v 1483.03163380393 -1501.36280854361 -155.603448910898
v 1597.04706485228 -1544.25224702571 -163.339951158788
v 1597.35960805646 -1550.5538177136 -123.799398244464
v 1483.34417700811 -1507.6643792315 -116.062895996574
cstype bspline
deg 1
curv 0 5 5492 5493 5494 5495 5496
parm u 0 1 2 3 4 5
end
v 1979.39966534267 -1652.2580056646 -141.198588875877
v 1979.08712213849 -1645.95643497671 -180.739141790201
v 2093.10255318684 -1688.84587345881 -188.475644038091
v 2093.41509639102 -1695.1474441467 -148.935091123767
v 1979.39966534267 -1652.2580056646 -141.198588875877
cstype bspline
deg 1
curv 0 5 5497 5498 5499 5500 5501
parm u 0 1 2 3 4 5
end
v 1939.4059012015 -1679.2221331599 -147.008904988134
v 1939.09335799732 -1672.92056247201 -186.549457902458
v 2053.10878904567 -1715.81000095411 -194.285960150348
v 2053.42133224985 -1722.111571642 -154.745407236024
v 1939.4059012015 -1679.2221331599 -147.008904988134
cstype bspline
deg 1
curv 0 5 5502 5503 5504 5505 5506
parm u 0 1 2 3 4 5
end
v 2499.99999999926 -1909.93339849697 219.093748039894
v 2499.99999999926 -1896.51586044218 133.255880295864
v 2459.99999999926 -1881.41370887616 135.616536480082
v 2459.99999999926 -1863.7894942677 22.8667163211004
v 2499.99999999926 -1878.89164583372 20.5060601368826
v 2499.99999999926 -1865.5961856905 -64.5508217374369
v 2459.99999999926 -1850.49403412447 -62.1901655532191
v 2459.99999999926 -1832.86981951601 -174.939985712201
v 2499.99999999926 -1847.97197108203 -177.300641896419
v 2499.99999999926 -1832.63339080841 -275.428258120215
v 1153.50367409975 -1326.11887075582 -184.061925016756
v 1150.05072190706 -1402.1199737322 310.694380765387
v 2499.99999999926 -1909.93339849697 219.093748039894
cstype bspline
deg 1
curv 0 13 5507 5508 5509 5510 5511 5512 5513 5514 5515 5516 5517 5518 5519
parm u 0 1 2 3 4 5 6 7 8 9 10 11 12 13
end
v 2499.99999999926 -1951.94206927056 210.569660262393
v 2499.99999999926 -1936.65885383415 112.796237151706
v 2459.99999999926 -1921.55670226813 115.156893335924
v 2459.99999999926 -1908.2612421249 30.1000114616046
v 2499.99999999926 -1923.36339369092 27.7393552773868
v 2499.99999999926 -1905.73917908246 -85.0104648815948
v 2459.99999999926 -1890.63702751644 -82.649808697377
v 2459.99999999926 -1877.34156737321 -167.706690571697
v 2499.99999999926 -1892.44371893924 -170.067346755914
v 2499.99999999926 -1874.64206158201 -283.952345897716
v 1161.60777519589 -1371.17607927752 -193.135915520329
v 1158.15482300321 -1447.1771822539 301.620390261813
v 2499.99999999926 -1951.94206927056 210.569660262393
cstype bspline
deg 1
curv 0 13 5520 5521 5522 5523 5524 5525 5526 5527 5528 5529 5530 5531 5532
parm u 0 1 2 3 4 5 6 7 8 9 10 11 12 13
end
g element_64
v 2459.99999999926 -1883.12757345226 146.580878836755
v 2319.74275645936 -1829.7622340234 152.231020932168
v 2284.30892590958 -1858.9084901847 149.097668254804
v 2170.82562895869 -1815.7301522362 153.669245002254
v 2206.25945950848 -1786.5838960749 156.802597679617
v 1865.80956865584 -1657.04888222941 170.517327921965
v 1830.37573810605 -1686.19513839071 167.383975244602
v 1716.89244115517 -1643.01680044221 171.955551992052
v 1752.32627170495 -1613.87054428091 175.088904669415
v 1525.35967780319 -1527.51386838391 184.232058164314
v 1363.29395395169 -1465.85079740919 190.760736081019
v 1293.54438260373 -1072.40949567115 232.825338635019
v 1258.09666361826 -1101.56717582748 229.690757827181
v 1244.06348520243 -1022.40924156722 238.153893316375
v 1279.5112041879 -993.251561410883 241.288474124213
v 1237.41166894043 -755.777758630084 266.677880591794
v 1201.96394995496 -784.935438786418 263.543299783956
v 1187.93077153914 -705.777504526151 272.006435273149
v 1223.37849052461 -676.619824369818 275.141016080987
v 1195.31213369296 -518.303955849285 292.067287059375
v 1176.50002711158 -412.189186127041 303.412500675121
v 1495.67605228453 -539.316453661242 289.946365300493
v 1535.65935089991 -512.344447823327 292.849022338073
v 1648.0094154047 -557.093287276558 288.108938313435
v 1608.02611678932 -584.065293114474 285.206281275855
v 1945.07631030369 -718.311811474168 270.986029201942
v 1985.05960891907 -691.339805636252 273.888686239522
v 2097.40967342386 -736.088645089484 269.148602214884
v 2057.42637480848 -763.060650927399 266.245945177305
v 2282.12650381806 -852.558329833862 256.765777128029
v 2459.99999999926 -923.405040591722 249.261239223478
v 2459.99999999926 -1029.21849817156 237.940296361295
v 2499.99999999926 -1002.23522588343 240.844165864911
v 2499.99999999926 -1109.09418119857 229.411365585019
v 2459.99999999926 -1136.0774534867 226.507496081403
v 2459.99999999926 -1456.6543194321 192.209095241727
v 2499.99999999926 -1429.67104714397 195.112964745342
v 2499.99999999926 -1536.53000245911 183.68016446545
v 2459.99999999926 -1563.51327474724 180.776294961834
v 2459.99999999926 -1777.23118537751 157.91069440205
v 2459.99999999926 -1883.12757345226 146.580878836755
cstype bspline
deg 1
curv 0 41 5533 5534 5535 5536 5537 5538 5539 5540 5541 5542 5543 5544 5545 5546 5547 5548 5549 5550 5551 5552 5553 5554 5555 5556 5557 5558 5559 5560 5561 5562 5563 5564 5565 5566 5567 5568 5569 5570 5571 5572 5573
parm u 0 1 2 3 4 5 6 7 8 9 10 11 12 13 14 15 16 17 18 19 20 21 22 23 24 25 26 27 28 29 30 31 32 33 34 35 36 37 38 39 40 41
end
v 2459.99999999926 -1889.31232791233 186.147462005967
v 2319.08043229848 -1835.69498614287 191.824285258999
v 2283.64660174869 -1864.84124230417 188.690932581636
v 2170.16330479781 -1821.66290435568 193.262509329085
v 2205.5971353476 -1792.51664819437 196.395862006448
v 1865.14724449495 -1662.98163434888 210.110592248797
v 1829.71341394517 -1692.12789051018 206.977239571433
v 1716.23011699429 -1648.94955256169 211.548816318883
v 1751.66394754407 -1619.80329640038 214.682168996246
v 1524.69735364231 -1533.44662050339 223.825322491145
v 1363.84292531474 -1472.24442552445 230.305204412313
v 1293.7086434368 -1076.63306010316 272.601818364074
v 1258.26092445133 -1105.79074025949 269.467237556236
v 1244.22774603551 -1026.63280599923 277.93037304543
v 1279.67546502098 -997.475125842892 281.064953853268
v 1237.57592977351 -760.001323062093 306.454360320849
v 1202.12821078803 -789.159003218426 303.319779513011
v 1188.09503237221 -710.00106895816 311.782915002205
v 1223.54275135768 -680.843388801826 314.917495810043
v 1195.47639452604 -522.527520281293 331.84376678843
v 1176.27876906731 -414.238127174054 343.42147930043
v 1496.39683078632 -541.740606261041 329.915599112105
v 1536.3801294017 -514.768600423125 332.818256149684
v 1648.73019390649 -559.517439876357 328.078172125047
v 1608.74689529111 -586.489445714272 325.175515087467
v 1945.79708880547 -720.735964073966 310.955263013554
v 1985.78038742085 -693.763958236051 313.857920051133
v 2098.13045192564 -738.512797689282 309.117836026496
v 2058.14715331026 -765.484803527198 306.215178988916
v 2282.84728231984 -854.982482433661 296.735010939641
v 2459.99999999926 -925.542108341149 289.260882903358
v 2459.99999999926 -1033.47379837592 277.713311130832
v 2499.99999999926 -1006.49052608778 280.617180634448
v 2499.99999999926 -1113.34948140292 269.184380354556
v 2459.99999999926 -1140.33275369105 266.28051085094
v 2459.99999999926 -1460.90961963646 231.982110011263
v 2499.99999999926 -1433.92634734832 234.885979514879
v 2499.99999999926 -1540.78530266346 223.453179234987
v 2459.99999999926 -1567.76857495159 220.549309731371
v 2459.99999999926 -1781.48648558186 197.683709171587
v 2459.99999999926 -1889.31232791233 186.147462005967
cstype bspline
deg 1
curv 0 41 5574 5575 5576 5577 5578 5579 5580 5581 5582 5583 5584 5585 5586 5587 5588 5589 5590 5591 5592 5593 5594 5595 5596 5597 5598 5599 5600 5601 5602 5603 5604 5605 5606 5607 5608 5609 5610 5611 5612 5613 5614
parm u 0 1 2 3 4 5 6 7 8 9 10 11 12 13 14 15 16 17 18 19 20 21 22 23 24 25 26 27 28 29 30 31 32 33 34 35 36 37 38 39 40 41
end
g element_65
v 2459.99999999926 -1830.55716054187 -189.735078101577
v 2319.2250178035 -1776.9948309369 -184.064079350922
v 2283.79118725371 -1806.1410870982 -187.197432028285
v 2169.78964669887 -1762.76556685 -182.604978284195
v 2205.22347724866 -1733.6193106887 -179.471625606831
v 1863.21885558415 -1603.49274994408 -165.694264374559
v 1827.78502503436 -1632.63900610539 -168.827617051922
v 1713.78348447952 -1589.26348585718 -164.235163307831
v 1749.21731502931 -1560.11722969588 -161.101810630468
v 1521.21423391963 -1473.36618919947 -151.916903142286
v 1358.62769736577 -1411.50495842966 -145.367244735027
v 1290.13011172704 -1025.12582033904 -104.057690280165
v 1254.68239274157 -1054.28350049537 -107.192271088003
v 1241.3110520982 -978.858841002278 -99.1282770173949
v 1276.75877108367 -949.701160845945 -95.9936962095569
v 1236.64474915357 -723.427182366657 -71.8017139977325
v 1201.19703016809 -752.58486252299 -74.9362948055705
v 1187.82568952473 -677.160203029894 -66.8723007349624
v 1223.2734085102 -648.002522873561 -63.7377199271244
v 1196.53072722346 -497.153203887369 -47.6097317859081
v 1178.38072048781 -394.773187227416 -36.6638176400153
v 1491.16052766149 -519.352852019957 -49.8600945958677
v 1531.14382627687 -492.380846182041 -46.9574375582882
v 1644.05833818159 -537.354504073877 -51.7213357935799
v 1604.07503956621 -564.326509911792 -54.6239928311594
v 1942.81857528037 -699.247483587299 -68.9156875370345
v 1982.80187389575 -672.275477749384 -66.013030499455
v 2095.71638580047 -717.249135641219 -70.7769287347467
v 2055.73308718509 -744.221141479135 -73.6795857723262
v 2281.56211099453 -834.168457262806 -83.2073822429096
v 2459.99999999926 -905.23996472158 -90.7357320555193
v 2459.99999999926 -1007.23089013401 -101.647703608704
v 2499.99999999926 -980.247617845881 -98.7438341050878
v 2499.99999999926 -1083.28404099361 -109.767663075982
v 2459.99999999926 -1110.26731328174 -112.671532579598
v 2459.99999999926 -1419.37658272493 -145.743019492279
v 2499.99999999926 -1392.3933104368 -142.839149988663
v 2499.99999999926 -1495.42973358452 -153.862978959557
v 2459.99999999926 -1522.41300587266 -156.766848463173
v 2459.99999999926 -1728.48585216811 -178.814506404961
v 2459.99999999926 -1830.55716054187 -189.735078101577
cstype bspline
deg 1
curv 0 41 5615 5616 5617 5618 5619 5620 5621 5622 5623 5624 5625 5626 5627 5628 5629 5630 5631 5632 5633 5634 5635 5636 5637 5638 5639 5640 5641 5642 5643 5644 5645 5646 5647 5648 5649 5650 5651 5652 5653 5654 5655
parm u 0 1 2 3 4 5 6 7 8 9 10 11 12 13 14 15 16 17 18 19 20 21 22 23 24 25 26 27 28 29 30 31 32 33 34 35 36 37 38 39 40 41
end
v 2459.99999999926 -1836.7419150019 -150.16849493236
v 2318.56269364263 -1782.92758305634 -144.470815024086
v 2283.12886309284 -1812.07383921764 -147.604167701449
v 2169.127322538 -1768.69831896944 -143.011713957358
v 2204.56115308779 -1739.55206280814 -139.878361279995
v 1862.55653142328 -1609.42550206353 -126.101000047722
v 1827.12270087349 -1638.57175822483 -129.234352725086
v 1713.12116031865 -1595.19623797663 -124.641898980995
v 1748.55499086844 -1566.04998181533 -121.508546303632
v 1520.55190975876 -1479.29894131892 -112.32363881545
v 1359.17666872882 -1417.89858654489 -105.822776403727
v 1290.29437256012 -1029.34938477105 -64.2812105511077
v 1254.84665357465 -1058.50706492738 -67.4157913589457
v 1241.47531293128 -983.082405434285 -59.3517972883375
v 1276.92303191675 -953.924725277951 -56.2172164804995
v 1236.80900998665 -727.650746798663 -32.0252342686751
v 1201.36129100118 -756.808426954997 -35.1598150765131
v 1187.98995035781 -681.383767461901 -27.095821005905
v 1223.43766934328 -652.226087305567 -23.961240198067
v 1196.69498805655 -501.376768319376 -7.83325205685072
v 1178.15946244355 -396.822128274434 3.34516098529435
v 1491.88130616327 -521.777004619756 -9.89086078425427
v 1531.86460477865 -494.80499878184 -6.98820374667481
v 1644.77911668337 -539.778656673676 -11.7521019819665
v 1604.79581806799 -566.750662511591 -14.654759019546
v 1943.53935378215 -701.671636187098 -28.9464537254211
v 1983.52265239753 -674.699630349182 -26.0437966878416
v 2096.43716430225 -719.673288241018 -30.8076949231333
v 2056.45386568687 -746.645294078933 -33.7103519607128
v 2282.28288949631 -836.592609862605 -43.2381484312962
v 2459.99999999926 -907.377032471007 -50.7360883756369
v 2459.99999999926 -1011.48619033837 -61.8746888391651
v 2499.99999999926 -984.502918050234 -58.9708193355492
v 2499.99999999926 -1087.53934119796 -69.9946483064431
v 2459.99999999926 -1114.5226134861 -72.898517810059
v 2459.99999999926 -1423.63188292928 -105.970004722741
v 2499.99999999926 -1396.64861064115 -103.066135219125
v 2499.99999999926 -1499.68503378888 -114.089964190019
v 2459.99999999926 -1526.66830607701 -116.993833693635
v 2459.99999999926 -1732.74115237247 -139.041491635423
v 2459.99999999926 -1836.7419150019 -150.16849493236
cstype bspline
deg 1
curv 0 41 5656 5657 5658 5659 5660 5661 5662 5663 5664 5665 5666 5667 5668 5669 5670 5671 5672 5673 5674 5675 5676 5677 5678 5679 5680 5681 5682 5683 5684 5685 5686 5687 5688 5689 5690 5691 5692 5693 5694 5695 5696
parm u 0 1 2 3 4 5 6 7 8 9 10 11 12 13 14 15 16 17 18 19 20 21 22 23 24 25 26 27 28 29 30 31 32 33 34 35 36 37 38 39 40 41
end
g element_66
v 2499.99999999926 -1006.49052608778 280.617180634448
v 2499.99999999926 -1002.23522588343 240.844165864911
v 2499.99999999926 -1109.09418119857 229.411365585019
v 2499.99999999926 -1113.34948140292 269.184380354556
v 2499.99999999926 -1006.49052608778 280.617180634448
cstype bspline
deg 1
curv 0 5 5697 5698 5699 5700 5701
parm u 0 1 2 3 4 5
end
v 2459.99999999926 -1033.47379837592 277.713311130832
v 2459.99999999926 -1029.21849817156 237.940296361295
v 2459.99999999926 -1136.0774534867 226.507496081403
v 2459.99999999926 -1140.33275369105 266.28051085094
v 2459.99999999926 -1033.47379837592 277.713311130832
cstype bspline
deg 1
curv 0 5 5702 5703 5704 5705 5706
parm u 0 1 2 3 4 5
end
v 2499.99999999926 -1433.92634734832 234.885979514879
v 2499.99999999926 -1429.67104714397 195.112964745342
v 2499.99999999926 -1536.53000245911 183.68016446545
v 2499.99999999926 -1540.78530266346 223.453179234987
v 2499.99999999926 -1433.92634734832 234.885979514879
cstype bspline
deg 1
curv 0 5 5707 5708 5709 5710 5711
parm u 0 1 2 3 4 5
end
v 2459.99999999926 -1460.90961963646 231.982110011263
v 2459.99999999926 -1456.6543194321 192.209095241727
v 2459.99999999926 -1563.51327474724 180.776294961834
v 2459.99999999926 -1567.76857495159 220.549309731371
v 2459.99999999926 -1460.90961963646 231.982110011263
cstype bspline
deg 1
curv 0 5 5712 5713 5714 5715 5716
parm u 0 1 2 3 4 5
end
v 2499.99999999926 -984.502918050234 -58.9708193355492
v 2499.99999999926 -980.247617845881 -98.7438341050878
v 2499.99999999926 -1083.28404099361 -109.767663075982
v 2499.99999999926 -1087.53934119796 -69.9946483064431
v 2499.99999999926 -984.502918050234 -58.9708193355492
cstype bspline
deg 1
curv 0 5 5717 5718 5719 5720 5721
parm u 0 1 2 3 4 5
end
v 2459.99999999926 -1011.48619033837 -61.8746888391651
v 2459.99999999926 -1007.23089013401 -101.647703608704
v 2459.99999999926 -1110.26731328174 -112.671532579598
v 2459.99999999926 -1114.5226134861 -72.898517810059
v 2459.99999999926 -1011.48619033837 -61.8746888391651
cstype bspline
deg 1
curv 0 5 5722 5723 5724 5725 5726
parm u 0 1 2 3 4 5
end
v 2499.99999999926 -1396.64861064115 -103.066135219125
v 2499.99999999926 -1392.3933104368 -142.839149988663
v 2499.99999999926 -1495.42973358452 -153.862978959557
v 2499.99999999926 -1499.68503378888 -114.089964190019
v 2499.99999999926 -1396.64861064115 -103.066135219125
cstype bspline
deg 1
curv 0 5 5727 5728 5729 5730 5731
parm u 0 1 2 3 4 5
end
v 2459.99999999926 -1423.63188292928 -105.970004722741
v 2459.99999999926 -1419.37658272493 -145.743019492279
v 2459.99999999926 -1522.41300587266 -156.766848463173
v 2459.99999999926 -1526.66830607701 -116.993833693635
v 2459.99999999926 -1423.63188292928 -105.970004722741
cstype bspline
deg 1
curv 0 5 5732 5733 5734 5735 5736
parm u 0 1 2 3 4 5
end
v 2499.99999999926 -1913.80873472345 243.885971256576
v 2499.99999999926 -1836.49930397286 -250.696318358615
v 2499.99999999926 -917.966295010622 -152.422809966323
v 2499.99999999926 -924.140551071288 -36.8588356929733
v 2499.99999999926 -880.372887890482 -48.5601874562978
v 2499.99999999926 -886.463486173772 65.4379584585596
v 2499.99999999926 -928.735212934121 49.1397656112173
v 2499.99999999926 -934.825811217412 163.137911526075
v 2499.99999999926 -891.058148036605 151.43655976275
v 2499.99999999926 -897.148746319896 265.434705677607
v 2499.99999999926 -939.420473080245 249.136512830265
v 2499.99999999926 -944.679641878438 347.572736032207
v 2499.99999999926 -1913.80873472345 243.885971256576
cstype bspline
deg 1
curv 0 13 5737 5738 5739 5740 5741 5742 5743 5744 5745 5746 5747 5748 5749
parm u 0 1 2 3 4 5 6 7 8 9 10 11 12 13
end
v 2459.99999999926 -1898.58945960237 245.497336759797
v 2459.99999999926 -1821.28002885179 -249.084952855398
v 2459.99999999926 -902.034363097464 -150.735197575345
v 2459.99999999926 -908.164059101127 -36.0052569459532
v 2459.99999999926 -864.396395920321 -47.7066087092776
v 2459.99999999926 -870.486994203612 66.2915372055797
v 2459.99999999926 -912.758720963961 49.9933443582374
v 2459.99999999926 -918.849319247251 163.991490273095
v 2459.99999999926 -875.081656066445 152.29013850977
v 2459.99999999926 -881.172254349735 266.288284424628
v 2459.99999999926 -923.443981110084 249.990091577285
v 2459.99999999926 -928.74770996528 349.260348423187
v 2459.99999999926 -1898.58945960237 245.497336759797
cstype bspline
deg 1
curv 0 13 5750 5751 5752 5753 5754 5755 5756 5757 5758 5759 5760 5761 5762
parm u 0 1 2 3 4 5 6 7 8 9 10 11 12 13
end
g element_67
v 2319.81742193399 -828.278962962469 327.253101577228
v 2207.46832497785 -783.277261789768 327.253101577228
v 2208.20598794215 -781.435647678805 287.253101577228
v 2320.55508489828 -826.437348851507 287.253101577228
v 2319.81742193399 -828.278962962469 327.253101577228
cstype bspline
deg 1
curv 0 5 5763 5764 5765 5766 5767
parm u 0 1 2 3 4 5
end
v 2284.31789551019 -857.202035292697 327.253101577228
v 2171.96879855405 -812.200334119996 327.253101577228
v 2172.70646151835 -810.358720009033 287.253101577228
v 2285.05555847449 -855.360421181735 287.253101577228
v 2284.31789551019 -857.202035292697 327.253101577228
cstype bspline
deg 1
curv 0 5 5768 5769 5770 5771 5772
parm u 0 1 2 3 4 5
end
v 1870.42103410944 -648.272158271663 327.253101577228
v 1758.0719371533 -603.270457098961 327.253101577228
v 1758.8096001176 -601.428842987999 287.253101577228
v 1871.15869707374 -646.4305441607 287.253101577228
v 1870.42103410944 -648.272158271663 327.253101577228
cstype bspline
deg 1
curv 0 5 5773 5774 5775 5776 5777
parm u 0 1 2 3 4 5
end
v 1834.92150768564 -677.195230601891 327.253101577228
v 1722.57241072951 -632.193529429189 327.253101577228
v 1723.3100736938 -630.351915318227 287.253101577228
v 1835.65917064994 -675.353616490928 287.253101577228
v 1834.92150768564 -677.195230601891 327.253101577228
cstype bspline
deg 1
curv 0 5 5778 5779 5780 5781 5782
parm u 0 1 2 3 4 5
end
v 2319.2530345892 -809.887658567058 -12.746898422772
v 2206.3394950941 -764.659868576952 -12.746898422772
v 2207.07715805839 -762.81825446602 -52.746898422772
v 2319.99069755349 -808.046044456126 -52.746898422772
v 2319.2530345892 -809.887658567058 -12.746898422772
cstype bspline
deg 1
curv 0 5 5783 5784 5785 5786 5787
parm u 0 1 2 3 4 5
end
v 2283.7535081654 -838.810730897286 -12.746898422772
v 2170.8399686703 -793.58294090718 -12.746898422772
v 2171.57763163459 -791.741326796248 -52.746898422772
v 2284.49117112968 -836.969116786354 -52.746898422772
v 2283.7535081654 -838.810730897286 -12.746898422772
cstype bspline
deg 1
curv 0 5 5788 5789 5790 5791 5792
parm u 0 1 2 3 4 5
end
v 1867.59887660882 -628.976498606635 -12.746898422772
v 1754.68533711372 -583.748708616529 -12.746898422772
v 1755.42300007801 -581.907094505597 -52.746898422772
v 1868.3365395731 -627.134884495703 -52.746898422772
v 1867.59887660882 -628.976498606635 -12.746898422772
cstype bspline
deg 1
curv 0 5 5793 5794 5795 5796 5797
parm u 0 1 2 3 4 5
end
v 1832.09935018501 -657.899570936862 -12.746898422772
v 1719.18581068992 -612.671780946756 -12.746898422772
v 1719.92347365421 -610.830166835825 -52.746898422772
v 1832.8370131493 -656.05795682593 -52.746898422772
v 1832.09935018501 -657.899570936862 -12.746898422772
cstype bspline
deg 1
curv 0 5 5798 5799 5800 5801 5802
parm u 0 1 2 3 4 5
end
v 1536.3801294017 -514.768600423125 332.818256149684
v 1535.65935089991 -512.344447823327 292.849022338073
v 1648.0094154047 -557.093287276558 288.108938313435
v 1648.73019390649 -559.517439876357 328.078172125047
v 1536.3801294017 -514.768600423125 332.818256149684
cstype bspline
deg 1
curv 0 5 5803 5804 5805 5806 5807
parm u 0 1 2 3 4 5
end
v 1496.39683078632 -541.740606261041 329.915599112105
v 1495.67605228453 -539.316453661242 289.946365300493
v 1608.02611678932 -584.065293114474 285.206281275855
v 1608.74689529111 -586.489445714272 325.175515087467
v 1496.39683078632 -541.740606261041 329.915599112105
cstype bspline
deg 1
curv 0 5 5808 5809 5810 5811 5812
parm u 0 1 2 3 4 5
end
v 1985.78038742085 -693.763958236051 313.857920051133
v 1985.05960891907 -691.339805636252 273.888686239522
v 2097.40967342386 -736.088645089484 269.148602214884
v 2098.13045192564 -738.512797689282 309.117836026496
v 1985.78038742085 -693.763958236051 313.857920051133
cstype bspline
deg 1
curv 0 5 5813 5814 5815 5816 5817
parm u 0 1 2 3 4 5
end
v 1945.79708880547 -720.735964073966 310.955263013554
v 1945.07631030369 -718.311811474168 270.986029201942
v 2057.42637480848 -763.060650927399 266.245945177305
v 2058.14715331026 -765.484803527198 306.215178988916
v 1945.79708880547 -720.735964073966 310.955263013554
cstype bspline
deg 1
curv 0 5 5818 5819 5820 5821 5822
parm u 0 1 2 3 4 5
end
v 1531.86460477865 -494.80499878184 -6.98820374667481
v 1531.14382627687 -492.380846182041 -46.9574375582882
v 1644.05833818159 -537.354504073877 -51.7213357935799
v 1644.77911668337 -539.778656673676 -11.7521019819665
v 1531.86460477865 -494.80499878184 -6.98820374667481
cstype bspline
deg 1
curv 0 5 5823 5824 5825 5826 5827
parm u 0 1 2 3 4 5
end
v 1491.88130616327 -521.777004619756 -9.89086078425427
v 1491.16052766149 -519.352852019957 -49.8600945958677
v 1604.07503956621 -564.326509911792 -54.6239928311594
v 1604.79581806799 -566.750662511591 -14.654759019546
v 1491.88130616327 -521.777004619756 -9.89086078425427
cstype bspline
deg 1
curv 0 5 5828 5829 5830 5831 5832
parm u 0 1 2 3 4 5
end
v 1983.52265239753 -674.699630349182 -26.0437966878416
v 1982.80187389575 -672.275477749384 -66.013030499455
v 2095.71638580047 -717.249135641219 -70.7769287347467
v 2096.43716430225 -719.673288241018 -30.8076949231333
v 1983.52265239753 -674.699630349182 -26.0437966878416
cstype bspline
deg 1
curv 0 5 5833 5834 5835 5836 5837
parm u 0 1 2 3 4 5
end
v 1943.53935378215 -701.671636187098 -28.9464537254211
v 1942.81857528037 -699.247483587299 -68.9156875370345
v 2055.73308718509 -744.221141479135 -73.6795857723262
v 2056.45386568687 -746.645294078933 -33.7103519607128
v 1943.53935378215 -701.671636187098 -28.9464537254211
cstype bspline
deg 1
curv 0 5 5838 5839 5840 5841 5842
parm u 0 1 2 3 4 5
end
v 2499.99999999926 -901.78235626043 352.162300824171
v 2499.99999999926 -897.148746319896 265.434705677607
v 2459.99999999926 -881.172254349735 266.288284424628
v 2459.99999999926 -875.081656066445 152.29013850977
v 2499.99999999926 -891.058148036605 151.43655976275
v 2499.99999999926 -886.463486173772 65.4379584585596
v 2459.99999999926 -870.486994203612 66.2915372055797
v 2459.99999999926 -864.396395920321 -47.7066087092776
v 2499.99999999926 -880.372887890482 -48.5601874562978
v 2499.99999999926 -875.069009392614 -147.833245174359
v 1170.52996268212 -345.543356514594 -91.7424924640866
v 1167.76423712884 -371.155119602277 408.369740352288
v 2499.99999999926 -901.78235626043 352.162300824171
cstype bspline
deg 1
curv 0 13 5843 5844 5845 5846 5847 5848 5849 5850 5851 5852 5853 5854 5855
parm u 0 1 2 3 4 5 6 7 8 9 10 11 12 13
end
v 2499.99999999926 -944.679641878438 347.572736032208
v 2499.99999999926 -939.420473080245 249.136512830265
v 2459.99999999926 -923.443981110084 249.990091577285
v 2459.99999999926 -918.849319247251 163.991490273095
v 2499.99999999926 -934.825811217412 163.137911526075
v 2499.99999999926 -928.735212934121 49.1397656112173
v 2459.99999999926 -912.758720963961 49.9933443582374
v 2459.99999999926 -908.164059101127 -36.0052569459532
v 2499.99999999926 -924.140551071288 -36.8588356929733
v 2499.99999999926 -917.966295010622 -152.422809966321
v 1178.7126075542 -391.699775656889 -96.6772855779757
v 1175.94688200092 -417.311538744587 403.434947238397
v 2499.99999999926 -944.679641878438 347.572736032208
cstype bspline
deg 1
curv 0 13 5856 5857 5858 5859 5860 5861 5862 5863 5864 5865 5866 5867 5868
parm u 0 1 2 3 4 5 6 7 8 9 10 11 12 13
end
g element_68
v 2459.99999999926 -882.292345192749 287.253101577228
v 2320.55508489828 -826.437348851507 287.253101577228
v 2285.05555847449 -855.360421181735 287.253101577228
v 2172.70646151835 -810.358720009033 287.253101577228
v 2208.20598794215 -781.435647678805 287.253101577228
v 1871.15869707374 -646.4305441607 287.253101577228
v 1835.65917064994 -675.353616490928 287.253101577228
v 1723.3100736938 -630.351915318227 287.253101577228
v 1758.8096001176 -601.428842987999 287.253101577228
v 1534.11140620533 -511.425440642595 287.253101577228
v 1373.47319310116 -447.081417780952 287.253101577228
v 1299.82895501348 -29.290127199759 287.253101577228
v 1264.31259031616 -58.226918434208 287.253101577228
v 1248.3047159605 32.5873891094877 287.253101577228
v 1283.82108065782 61.5241803439367 287.253101577228
v 1235.79745759082 333.967102975024 287.253101577228
v 1200.2810928935 305.030311740575 287.253101577228
v 1184.27321853783 395.844619284271 287.253101577228
v 1219.78958323515 424.78141051872 287.253101577228
v 1187.77383452382 606.410025606111 287.253101577228
v 1166.95390594532 724.523608643853 287.253101577228
v 1486.48196445195 596.535276986292 287.253101577228
v 1526.46297533151 623.663397115619 287.253101577228
v 1639.95844195044 578.202302114625 287.253101577228
v 1599.97743107088 551.074181985298 287.253101577228
v 1940.46383092767 414.690896982317 287.253101577228
v 1980.44484180722 441.819017111644 287.253101577228
v 2093.94030842615 396.35792211065 287.253101577228
v 2053.9592975466 369.229801981324 287.253101577228
v 2280.95023078446 278.307611979336 287.253101577228
v 2459.99999999926 206.588460451371 287.253101577228
v 2459.99999999926 86.4135472569255 287.253101577228
v 2499.99999999926 113.554551981447 287.253101577228
v 2499.99999999926 -7.66723621299758 287.253101577228
v 2459.99999999926 -34.8082409375189 287.253101577228
v 2459.99999999926 -398.473605520852 287.253101577228
v 2499.99999999926 -371.332600796331 287.253101577228
v 2499.99999999926 -492.554388990775 287.253101577228
v 2459.99999999926 -519.695393715297 287.253101577228
v 2459.99999999926 -762.138970104186 287.253101577228
v 2459.99999999926 -882.292345192749 287.253101577228
cstype bspline
deg 1
curv 0 41 5869 5870 5871 5872 5873 5874 5875 5876 5877 5878 5879 5880 5881 5882 5883 5884 5885 5886 5887 5888 5889 5890 5891 5892 5893 5894 5895 5896 5897 5898 5899 5900 5901 5902 5903 5904 5905 5906 5907 5908 5909
parm u 0 1 2 3 4 5 6 7 8 9 10 11 12 13 14 15 16 17 18 19 20 21 22 23 24 25 26 27 28 29 30 31 32 33 34 35 36 37 38 39 40 41
end
v 2459.99999999926 -884.429431979371 327.253101577228
v 2319.81742193399 -828.278962962469 327.253101577228
v 2284.31789551019 -857.202035292697 327.253101577228
v 2171.96879855405 -812.200334119996 327.253101577228
v 2207.46832497785 -783.277261789768 327.253101577228
v 1870.42103410944 -648.272158271663 327.253101577228
v 1834.92150768564 -677.195230601891 327.253101577228
v 1722.57241072951 -632.193529429189 327.253101577228
v 1758.0719371533 -603.270457098961 327.253101577228
v 1533.37374324103 -513.267054753558 327.253101577228
v 1374.07075109376 -449.457857859634 327.253101577228
v 1300.00223299755 -29.2595834201221 327.253101577228
v 1264.48586830023 -58.1963746545711 327.253101577228
v 1248.47799394456 32.6179328891246 327.253101577228
v 1283.99435864188 61.5547241235737 327.253101577228
v 1235.97073557488 333.997646754661 327.253101577228
v 1200.45437087756 305.060855520212 327.253101577228
v 1184.4464965219 395.875163063908 327.253101577228
v 1219.96286121922 424.811954298357 327.253101577228
v 1187.94711250788 606.440569385748 327.253101577228
v 1166.7401889758 726.749614353766 327.253101577228
v 1487.22077370606 598.379744239794 327.253101577228
v 1527.20178458562 625.507864369121 327.253101577228
v 1640.69725120455 580.046769368127 327.253101577228
v 1600.71624032499 552.918649238801 327.253101577228
v 1941.20264018178 416.535364235819 327.253101577228
v 1981.18365106133 443.663484365146 327.253101577228
v 2094.67911768026 398.202389364152 327.253101577228
v 2054.69810680071 371.074269234826 327.253101577228
v 2281.68904003857 280.152079232838 327.253101577228
v 2459.99999999926 208.728860914271 327.253101577228
v 2459.99999999926 86.4135472569255 327.253101577228
v 2499.99999999926 113.554551981447 327.253101577228
v 2499.99999999926 -7.66723621299758 327.253101577228
v 2459.99999999926 -34.8082409375189 327.253101577228
v 2459.99999999926 -398.473605520852 327.253101577228
v 2499.99999999926 -371.332600796331 327.253101577228
v 2499.99999999926 -492.554388990775 327.253101577228
v 2459.99999999926 -519.695393715297 327.253101577228
v 2459.99999999926 -762.138970104186 327.253101577228
v 2459.99999999926 -884.429431979371 327.253101577228
cstype bspline
deg 1
curv 0 41 5910 5911 5912 5913 5914 5915 5916 5917 5918 5919 5920 5921 5922 5923 5924 5925 5926 5927 5928 5929 5930 5931 5932 5933 5934 5935 5936 5937 5938 5939 5940 5941 5942 5943 5944 5945 5946 5947 5948 5949 5950
parm u 0 1 2 3 4 5 6 7 8 9 10 11 12 13 14 15 16 17 18 19 20 21 22 23 24 25 26 27 28 29 30 31 32 33 34 35 36 37 38 39 40 41
end
g element_69
v 2459.99999999926 -864.127107506618 -52.746898422772
v 2319.99069755349 -808.046044456126 -52.746898422772
v 2284.49117112968 -836.969116786354 -52.746898422772
v 2171.57763163459 -791.741326796248 -52.746898422772
v 2207.07715805839 -762.81825446602 -52.746898422772
v 1868.3365395731 -627.134884495703 -52.746898422772
v 1832.8370131493 -656.05795682593 -52.746898422772
v 1719.92347365421 -610.830166835825 -52.746898422772
v 1755.42300007801 -581.907094505597 -52.746898422772
v 1529.59592108782 -491.451514525385 -52.746898422772
v 1368.39395016397 -426.881677112295 -52.746898422772
v 1296.11139886825 -16.8153748934692 -52.746898422772
v 1260.59503417093 -45.7521661279183 -52.746898422772
v 1245.27890149286 41.1378201690145 -52.746898422772
v 1280.79526619018 70.0746114034635 -52.746898422772
v 1234.84686815594 330.744570294262 -52.746898422772
v 1199.33050345862 301.807779059813 -52.746898422772
v 1184.01437078055 388.697765356746 -52.746898422772
v 1219.53073547787 417.634556591195 -52.746898422772
v 1188.89847012171 591.41452918506 -52.746898422772
v 1168.77050018613 705.602560109546 -52.746898422772
v 1481.98550867744 580.142947660272 -52.746898422772
v 1521.966519557 607.271067789598 -52.746898422772
v 1636.02404314777 561.584838462504 -52.746898422772
v 1596.04303226821 534.456718333177 -52.746898422772
v 1938.21560304053 397.398030351892 -52.746898422772
v 1978.19661392008 424.526150481219 -52.746898422772
v 2092.25413751085 378.839921154124 -52.746898422772
v 2052.2731266313 351.711801024798 -52.746898422772
v 2280.38817381284 260.339342370608 -52.746898422772
v 2459.99999999926 188.395056516631 -52.746898422772
v 2459.99999999926 72.2600738777422 -52.746898422772
v 2499.99999999926 99.4010786022635 -52.746898422772
v 2499.99999999926 -17.7807790366255 -52.746898422772
v 2459.99999999926 -44.9217837611467 -52.746898422772
v 2459.99999999926 -396.467356677813 -52.746898422772
v 2499.99999999926 -369.326351953292 -52.746898422772
v 2499.99999999926 -486.508209592181 -52.746898422772
v 2459.99999999926 -513.649214316702 -52.746898422772
v 2459.99999999926 -748.01292959448 -52.746898422772
v 2459.99999999926 -864.127107506618 -52.746898422772
cstype bspline
deg 1
curv 0 41 5951 5952 5953 5954 5955 5956 5957 5958 5959 5960 5961 5962 5963 5964 5965 5966 5967 5968 5969 5970 5971 5972 5973 5974 5975 5976 5977 5978 5979 5980 5981 5982 5983 5984 5985 5986 5987 5988 5989 5990 5991
parm u 0 1 2 3 4 5 6 7 8 9 10 11 12 13 14 15 16 17 18 19 20 21 22 23 24 25 26 27 28 29 30 31 32 33 34 35 36 37 38 39 40 41
end
v 2459.99999999926 -866.264194293205 -12.746898422772
v 2319.2530345892 -809.887658567058 -12.746898422772
v 2283.7535081654 -838.810730897286 -12.746898422772
v 2170.8399686703 -793.58294090718 -12.746898422772
v 2206.3394950941 -764.659868576952 -12.746898422772
v 1867.59887660882 -628.976498606635 -12.746898422772
v 1832.09935018501 -657.899570936862 -12.746898422772
v 1719.18581068992 -612.671780946756 -12.746898422772
v 1754.68533711372 -583.748708616529 -12.746898422772
v 1528.85825812353 -493.293128636317 -12.746898422772
v 1368.99150815659 -429.258117190948 -12.746898422772
v 1296.28467685234 -16.7848311138289 -12.746898422772
v 1260.76831215502 -45.7216223482779 -12.746898422772
v 1245.45217947694 41.1683639486548 -12.746898422772
v 1280.96854417426 70.1051551831039 -12.746898422772
v 1235.02014614003 330.775114073902 -12.746898422772
v 1199.50378144271 301.838322839453 -12.746898422772
v 1184.18764876463 388.728309136386 -12.746898422772
v 1219.70401346195 417.665100370835 -12.746898422772
v 1189.0717481058 591.445072964701 -12.746898422772
v 1168.55678321663 707.828565819449 -12.746898422772
v 1482.72431793155 581.987414913773 -12.746898422772
v 1522.70532881111 609.1155350431 -12.746898422772
v 1636.76285240188 563.429305716005 -12.746898422772
v 1596.78184152232 536.301185586679 -12.746898422772
v 1938.95441229464 399.242497605394 -12.746898422772
v 1978.93542317419 426.370617734721 -12.746898422772
v 2092.99294676496 380.684388407626 -12.746898422772
v 2053.01193588541 353.556268278299 -12.746898422772
v 2281.12698306695 262.183809624109 -12.746898422772
v 2459.99999999926 190.535456979531 -12.746898422772
v 2459.99999999926 72.2600738777422 -12.746898422772
v 2499.99999999926 99.4010786022635 -12.746898422772
v 2499.99999999926 -17.7807790366255 -12.746898422772
v 2459.99999999926 -44.9217837611467 -12.746898422772
v 2459.99999999926 -396.467356677813 -12.746898422772
v 2499.99999999926 -369.326351953292 -12.746898422772
v 2499.99999999926 -486.508209592181 -12.746898422772
v 2459.99999999926 -513.649214316702 -12.746898422772
v 2459.99999999926 -748.01292959448 -12.746898422772
v 2459.99999999926 -866.264194293205 -12.746898422772
cstype bspline
deg 1
curv 0 41 5992 5993 5994 5995 5996 5997 5998 5999 6000 6001 6002 6003 6004 6005 6006 6007 6008 6009 6010 6011 6012 6013 6014 6015 6016 6017 6018 6019 6020 6021 6022 6023 6024 6025 6026 6027 6028 6029 6030 6031 6032
parm u 0 1 2 3 4 5 6 7 8 9 10 11 12 13 14 15 16 17 18 19 20 21 22 23 24 25 26 27 28 29 30 31 32 33 34 35 36 37 38 39 40 41
end
g element_70
v 2499.99999999926 113.554551981447 327.253101577228
v 2499.99999999926 113.554551981447 287.253101577228
v 2499.99999999926 -7.66723621299758 287.253101577228
v 2499.99999999926 -7.66723621299758 327.253101577228
v 2499.99999999926 113.554551981447 327.253101577228
cstype bspline
deg 1
curv 0 5 6033 6034 6035 6036 6037
parm u 0 1 2 3 4 5
end
v 2459.99999999926 86.4135472569255 327.253101577228
v 2459.99999999926 86.4135472569255 287.253101577228
v 2459.99999999926 -34.8082409375189 287.253101577228
v 2459.99999999926 -34.8082409375189 327.253101577228
v 2459.99999999926 86.4135472569255 327.253101577228
cstype bspline
deg 1
curv 0 5 6038 6039 6040 6041 6042
parm u 0 1 2 3 4 5
end
v 2499.99999999926 -371.332600796331 327.253101577228
v 2499.99999999926 -371.332600796331 287.253101577228
v 2499.99999999926 -492.554388990775 287.253101577228
v 2499.99999999926 -492.554388990775 327.253101577228
v 2499.99999999926 -371.332600796331 327.253101577228
cstype bspline
deg 1
curv 0 5 6043 6044 6045 6046 6047
parm u 0 1 2 3 4 5
end
v 2459.99999999926 -398.473605520852 327.253101577228
v 2459.99999999926 -398.473605520852 287.253101577228
v 2459.99999999926 -519.695393715297 287.253101577228
v 2459.99999999926 -519.695393715297 327.253101577228
v 2459.99999999926 -398.473605520852 327.253101577228
cstype bspline
deg 1
curv 0 5 6048 6049 6050 6051 6052
parm u 0 1 2 3 4 5
end
v 2499.99999999926 99.4010786022635 -12.746898422772
v 2499.99999999926 99.4010786022635 -52.746898422772
v 2499.99999999926 -17.7807790366255 -52.746898422772
v 2499.99999999926 -17.7807790366255 -12.746898422772
v 2499.99999999926 99.4010786022635 -12.746898422772
cstype bspline
deg 1
curv 0 5 6053 6054 6055 6056 6057
parm u 0 1 2 3 4 5
end
v 2459.99999999926 72.2600738777422 -12.746898422772
v 2459.99999999926 72.2600738777422 -52.746898422772
v 2459.99999999926 -44.9217837611467 -52.746898422772
v 2459.99999999926 -44.9217837611467 -12.746898422772
v 2459.99999999926 72.2600738777422 -12.746898422772
cstype bspline
deg 1
curv 0 5 6058 6059 6060 6061 6062
parm u 0 1 2 3 4 5
end
v 2499.99999999926 -369.326351953292 -12.746898422772
v 2499.99999999926 -369.326351953292 -52.746898422772
v 2499.99999999926 -486.508209592181 -52.746898422772
v 2499.99999999926 -486.508209592181 -12.746898422772
v 2499.99999999926 -369.326351953292 -12.746898422772
cstype bspline
deg 1
curv 0 5 6063 6064 6065 6066 6067
parm u 0 1 2 3 4 5
end
v 2459.99999999926 -396.467356677813 -12.746898422772
v 2459.99999999926 -396.467356677813 -52.746898422772
v 2459.99999999926 -513.649214316702 -52.746898422772
v 2459.99999999926 -513.649214316702 -12.746898422772
v 2459.99999999926 -396.467356677813 -12.746898422772
cstype bspline
deg 1
curv 0 5 6068 6069 6070 6071 6072
parm u 0 1 2 3 4 5
end
v 2499.99999999926 -903.65715842598 387.253101577228
v 2499.99999999926 -876.943573593424 -112.746898422772
v 2499.99999999926 169.162284591871 -112.746898422772
v 2499.99999999926 175.346900631449 2.83177289106249
v 2499.99999999926 217.617264108159 -13.4702551570037
v 2499.99999999926 223.717428850458 100.530182574056
v 2499.99999999926 179.948779296692 88.8321031092302
v 2499.99999999926 186.048944038991 202.83254084029
v 2499.99999999926 228.319307515701 186.530512792224
v 2499.99999999926 234.419472258 300.530950523283
v 2499.99999999926 190.650822704234 288.832871058458
v 2499.99999999926 195.917290378296 387.253101577228
v 2499.99999999926 -903.65715842598 387.253101577228
cstype bspline
deg 1
curv 0 13 6073 6074 6075 6076 6077 6078 6079 6080 6081 6082 6083 6084 6085
parm u 0 1 2 3 4 5 6 7 8 9 10 11 12 13
end
v 2459.99999999926 -887.635062159272 387.253101577228
v 2459.99999999926 -860.921477326716 -112.746898422772
v 2459.99999999926 185.184455822246 -112.746898422772
v 2459.99999999926 191.323326221511 1.97687417271399
v 2459.99999999926 233.593689698221 -14.3251538753522
v 2459.99999999926 239.69385444052 99.6752838557074
v 2459.99999999926 195.925204886754 87.9772043908817
v 2459.99999999926 202.025369629053 201.977642121941
v 2459.99999999926 244.295733105763 185.675614073875
v 2459.99999999926 250.395897848062 299.676051804935
v 2459.99999999926 206.627248294296 287.977972340109
v 2459.99999999926 211.93946160867 387.253101577228
v 2459.99999999926 -887.635062159272 387.253101577228
cstype bspline
deg 1
curv 0 13 6086 6087 6088 6089 6090 6091 6092 6093 6094 6095 6096 6097 6098
parm u 0 1 2 3 4 5 6 7 8 9 10 11 12 13
end
g element_71
v 2318.6547157213 309.97082040911 354.964095881542
v 2205.1592137027 355.172333367514 350.112737893594
v 2205.89802296535 352.737689556845 310.144318247043
v 2319.39352498395 307.536176598441 314.99567623499
v 2318.6547157213 309.97082040911 354.964095881542
cstype bspline
deg 1
curv 0 5 6099 6100 6101 6102 6103
parm u 0 1 2 3 4 5
end
v 2283.1538760875 281.213305419648 358.050563367395
v 2169.6583740689 326.414818378052 353.199205379448
v 2170.39718333155 323.980174567383 313.230785732896
v 2283.89268535015 278.778661608979 318.082143720843
v 2283.1538760875 281.213305419648 358.050563367395
cstype bspline
deg 1
curv 0 5 6104 6105 6106 6107 6108
parm u 0 1 2 3 4 5
end
v 1864.6727076469 490.776872242727 335.558663929753
v 1751.1772056283 535.978385201131 330.707305941805
v 1751.91601489096 533.543741390462 290.738886295254
v 1865.41151690955 488.342228432058 295.590244283201
v 1864.6727076469 490.776872242727 335.558663929753
cstype bspline
deg 1
curv 0 5 6109 6110 6111 6112 6113
parm u 0 1 2 3 4 5
end
v 1829.17186801311 462.019357253265 338.645131415606
v 1715.67636599451 507.220870211669 333.793773427659
v 1716.41517525716 504.786226401 293.825353781107
v 1829.91067727576 459.584713442596 298.676711769054
v 1829.17186801311 462.019357253265 338.645131415606
cstype bspline
deg 1
curv 0 5 6114 6115 6116 6117 6118
parm u 0 1 2 3 4 5
end
v 2318.09265857435 292.001265286774 14.9400707734782
v 2204.0350994086 337.42662705829 10.064687688659
v 2204.77390867126 334.991983247624 -29.903731957896
v 2318.831467837 289.566621476108 -25.0283488730768
v 2318.09265857435 292.001265286774 14.9400707734782
cstype bspline
deg 1
curv 0 5 6119 6120 6121 6122 6123
parm u 0 1 2 3 4 5
end
v 2282.59181894055 263.243750297312 18.0265382593316
v 2168.53425977481 308.669112068828 13.1511551745125
v 2169.27306903746 306.234468258162 -26.8172644720425
v 2283.33062820321 260.809106486646 -21.9418813872234
v 2282.59181894055 263.243750297312 18.0265382593316
cstype bspline
deg 1
curv 0 5 6124 6125 6126 6127 6128
parm u 0 1 2 3 4 5
end
v 1861.86242191137 473.702712372838 -4.56146156579846
v 1747.80486274562 519.128074144354 -9.43684465061761
v 1748.54367200828 516.693430333688 -49.4052642971726
v 1862.60123117402 471.268068562172 -44.5298812123535
v 1861.86242191137 473.702712372838 -4.56146156579846
cstype bspline
deg 1
curv 0 5 6129 6130 6131 6132 6133
parm u 0 1 2 3 4 5
end
v 1826.36158227757 444.945197383376 -1.47499407994498
v 1712.30402311182 490.370559154892 -6.35037716476413
v 1713.04283237448 487.935915344226 -46.3187968113191
v 1827.10039154023 442.51055357271 -41.4434137265
v 1826.36158227757 444.945197383376 -1.47499407994498
cstype bspline
deg 1
curv 0 5 6134 6135 6136 6137 6138
parm u 0 1 2 3 4 5
end
v 1527.20178458562 625.507864369121 327.253101577228
v 1526.46297533151 623.663397115619 287.253101577228
v 1639.95844195044 578.202302114625 287.253101577228
v 1640.69725120455 580.046769368127 327.253101577228
v 1527.20178458562 625.507864369121 327.253101577228
cstype bspline
deg 1
curv 0 5 6139 6140 6141 6142 6143
parm u 0 1 2 3 4 5
end
v 1487.22077370606 598.379744239794 327.253101577228
v 1486.48196445195 596.535276986292 287.253101577228
v 1599.97743107088 551.074181985298 287.253101577228
v 1600.71624032499 552.918649238801 327.253101577228
v 1487.22077370606 598.379744239794 327.253101577228
cstype bspline
deg 1
curv 0 5 6144 6145 6146 6147 6148
parm u 0 1 2 3 4 5
end
v 1981.18365106133 443.663484365146 327.253101577228
v 1980.44484180722 441.819017111644 287.253101577228
v 2093.94030842615 396.35792211065 287.253101577228
v 2094.67911768026 398.202389364152 327.253101577228
v 1981.18365106133 443.663484365146 327.253101577228
cstype bspline
deg 1
curv 0 5 6149 6150 6151 6152 6153
parm u 0 1 2 3 4 5
end
v 1941.20264018178 416.535364235819 327.253101577228
v 1940.46383092767 414.690896982317 287.253101577228
v 2053.9592975466 369.229801981324 287.253101577228
v 2054.69810680071 371.074269234826 327.253101577228
v 1941.20264018178 416.535364235819 327.253101577228
cstype bspline
deg 1
curv 0 5 6154 6155 6156 6157 6158
parm u 0 1 2 3 4 5
end
v 1522.70532881111 609.1155350431 -12.746898422772
v 1521.966519557 607.271067789598 -52.746898422772
v 1636.02404314777 561.584838462504 -52.746898422772
v 1636.76285240188 563.429305716005 -12.746898422772
v 1522.70532881111 609.1155350431 -12.746898422772
cstype bspline
deg 1
curv 0 5 6159 6160 6161 6162 6163
parm u 0 1 2 3 4 5
end
v 1482.72431793155 581.987414913773 -12.746898422772
v 1481.98550867744 580.142947660272 -52.746898422772
v 1596.04303226821 534.456718333177 -52.746898422772
v 1596.78184152232 536.301185586679 -12.746898422772
v 1482.72431793155 581.987414913773 -12.746898422772
cstype bspline
deg 1
curv 0 5 6164 6165 6166 6167 6168
parm u 0 1 2 3 4 5
end
v 1978.93542317419 426.370617734721 -12.746898422772
v 1978.19661392008 424.526150481219 -52.746898422772
v 2092.25413751085 378.839921154124 -52.746898422772
v 2092.99294676496 380.684388407626 -12.746898422772
v 1978.93542317419 426.370617734721 -12.746898422772
cstype bspline
deg 1
curv 0 5 6169 6170 6171 6172 6173
parm u 0 1 2 3 4 5
end
v 1938.95441229464 399.242497605394 -12.746898422772
v 1938.21560304053 397.398030351892 -52.746898422772
v 2052.2731266313 351.711801024798 -52.746898422772
v 2053.01193588541 353.556268278299 -12.746898422772
v 1938.95441229464 399.242497605394 -12.746898422772
cstype bspline
deg 1
curv 0 5 6174 6175 6176 6177 6178
parm u 0 1 2 3 4 5
end
v 2499.99999999926 239.059975564519 387.253101577228
v 2499.99999999926 234.419472258 300.530950523283
v 2459.99999999926 250.395897848062 299.676051804935
v 2459.99999999926 244.295733105763 185.675614073875
v 2499.99999999926 228.319307515701 186.530512792224
v 2499.99999999926 223.717428850458 100.530182574056
v 2459.99999999926 239.69385444052 99.6752838557074
v 2459.99999999926 233.593689698221 -14.3251538753522
v 2499.99999999926 217.617264108159 -13.4702551570037
v 2499.99999999926 212.304969778094 -112.746898422772
v 1160.90856394323 748.683776818536 -112.746898422772
v 1158.23710182438 776.508848192549 387.253101577228
v 2499.99999999926 239.059975564519 387.253101577228
cstype bspline
deg 1
curv 0 13 6179 6180 6181 6182 6183 6184 6185 6186 6187 6188 6189 6190 6191
parm u 0 1 2 3 4 5 6 7 8 9 10 11 12 13
end
v 2499.99999999926 195.917290378296 387.253101577228
v 2499.99999999926 190.650822704234 288.832871058458
v 2459.99999999926 206.627248294296 287.977972340109
v 2459.99999999926 202.025369629053 201.977642121941
v 2499.99999999926 186.048944038991 202.83254084029
v 2499.99999999926 179.948779296692 88.8321031092302
v 2459.99999999926 195.925204886754 87.9772043908817
v 2459.99999999926 191.323326221511 1.97687417271399
v 2499.99999999926 175.346900631449 2.83177289106249
v 2499.99999999926 169.162284591871 -112.746898422772
v 1169.09107564039 702.26355154466 -112.746898422772
v 1166.41961352154 730.088622918673 387.253101577228
v 2499.99999999926 195.917290378296 387.253101577228
cstype bspline
deg 1
curv 0 13 6192 6193 6194 6195 6196 6197 6198 6199 6200 6201 6202 6203 6204
parm u 0 1 2 3 4 5 6 7 8 9 10 11 12 13
end
g element_72
v 2459.99999999926 251.537257791962 321.005891032849
v 2319.39352498395 307.536176598441 314.99567623499
v 2283.89268535015 278.778661608979 318.082143720843
v 2170.39718333155 323.980174567383 313.230785732896
v 2205.89802296535 352.737689556845 310.144318247043
v 1865.41151690955 488.342228432058 295.590244283201
v 1829.91067727576 459.584713442596 298.676711769054
v 1716.41517525716 504.786226401 293.825353781107
v 1751.91601489096 533.543741390462 290.738886295254
v 1524.92501085376 623.94676730727 281.036170319359
v 1363.12752968841 688.385364533213 274.120147316504
v 1293.01397093212 1083.87187609578 231.673633440739
v 1257.49741942778 1055.1016336791 234.761466927455
v 1243.65538724572 1133.17978457781 226.381546958954
v 1279.17193875006 1161.95002699449 223.293713472238
v 1237.64584220388 1396.18447969063 198.153953566733
v 1202.12929069954 1367.41423727395 201.241787053449
v 1188.28725851748 1445.49238817266 192.861867084947
v 1223.80381002182 1474.26263058934 189.774033598231
v 1196.1197456577 1630.41893238676 173.014193661228
v 1177.44571847216 1735.7527080421 161.709000085154
v 1460.97420658824 1621.64297243218 173.956094067675
v 1500.96033239197 1648.49915340014 171.073691697957
v 1617.67286909313 1601.52667174998 176.115123038472
v 1577.6867432894 1574.67049078202 178.997525408191
v 1927.82435339288 1433.75304583152 194.121819429739
v 1967.81047919661 1460.60922679948 191.23941706002
v 2084.52301589777 1413.63674514932 196.280848400536
v 2044.53689009404 1386.78056418136 199.163250770255
v 2277.96196349636 1292.83560088103 209.246113451287
v 2459.99999999926 1219.57202036989 217.109298404087
v 2459.99999999926 1112.73075290999 228.576287060218
v 2499.99999999926 1139.59625230823 225.692884568198
v 2499.99999999926 1031.81449253001 237.260813759777
v 2459.99999999926 1004.94899313176 240.144216251798
v 2459.99999999926 681.603713797087 274.848003826538
v 2499.99999999926 708.469213195333 271.964601334517
v 2499.99999999926 600.687453417108 283.532530526097
v 2459.99999999926 573.821954018862 286.415933018118
v 2459.99999999926 358.258434462411 309.551791401278
v 2459.99999999926 251.537257791962 321.005891032849
cstype bspline
deg 1
curv 0 41 6205 6206 6207 6208 6209 6210 6211 6212 6213 6214 6215 6216 6217 6218 6219 6220 6221 6222 6223 6224 6225 6226 6227 6228 6229 6230 6231 6232 6233 6234 6235 6236 6237 6238 6239 6240 6241 6242 6243 6244 6245
parm u 0 1 2 3 4 5 6 7 8 9 10 11 12 13 14 15 16 17 18 19 20 21 22 23 24 25 26 27 28 29 30 31 32 33 34 35 36 37 38 39 40 41
end
v 2459.99999999926 253.67765825496 361.005891034165
v 2318.6547157213 309.97082040911 354.964095881542
v 2283.1538760875 281.213305419648 358.050563367395
v 2169.6583740689 326.414818378052 353.199205379448
v 2205.1592137027 355.172333367514 350.112737893594
v 1864.6727076469 490.776872242727 335.558663929753
v 1829.17186801311 462.019357253265 338.645131415606
v 1715.67636599451 507.220870211669 333.793773427659
v 1751.1772056283 535.978385201131 330.707305941805
v 1524.1862015911 626.381411117939 321.004589965911
v 1363.72302119733 690.288600380182 314.145601564351
v 1293.18481578499 1088.17039792772 271.442008023857
v 1257.66826428066 1059.40015551104 274.529841510573
v 1243.8262320986 1137.47830640975 266.149921542072
v 1279.34278360294 1166.24854882643 263.062088055356
v 1237.81668705676 1400.48300152257 237.922328149851
v 1202.30013555242 1371.71275910589 241.010161636567
v 1188.45810337036 1449.7909100046 232.630241668065
v 1223.9746548747 1478.56115242128 229.542408181349
v 1196.29059051058 1634.7174542187 212.782568244346
v 1177.26892954722 1742.01211265519 201.266918342341
v 1461.64568748786 1627.56097979787 213.550653582087
v 1501.63181329158 1654.41716076583 210.668251212368
v 1618.34434999274 1607.44467911566 215.709682552884
v 1578.35822418902 1580.5884981477 218.592084922603
v 1928.49583429249 1439.67105319721 233.716378944151
v 1968.48196009622 1466.52723416517 230.833976574432
v 2085.19449679738 1419.554752515 235.875407914948
v 2045.20837099365 1392.69857154704 238.757810284667
v 2278.63344439597 1298.75360824671 248.840672965699
v 2459.99999999926 1225.76027397584 256.674853109354
v 2459.99999999926 1116.99933154807 268.347875366577
v 2499.99999999926 1143.86483094632 265.464472874556
v 2499.99999999926 1036.08307116809 277.032402066136
v 2459.99999999926 1009.21757176985 279.915804558157
v 2459.99999999926 685.872292435173 314.619592132897
v 2499.99999999926 712.737791833419 311.736189640876
v 2499.99999999926 604.956032055193 323.304118832456
v 2459.99999999926 578.090532656948 326.187521324477
v 2459.99999999926 362.527013100497 349.323379707636
v 2459.99999999926 253.67765825496 361.005891034165
cstype bspline
deg 1
curv 0 41 6246 6247 6248 6249 6250 6251 6252 6253 6254 6255 6256 6257 6258 6259 6260 6261 6262 6263 6264 6265 6266 6267 6268 6269 6270 6271 6272 6273 6274 6275 6276 6277 6278 6279 6280 6281 6282 6283 6284 6285 6286
parm u 0 1 2 3 4 5 6 7 8 9 10 11 12 13 14 15 16 17 18 19 20 21 22 23 24 25 26 27 28 29 30 31 32 33 34 35 36 37 38 39 40 41
end
g element_73
v 2459.99999999926 233.343853856597 -18.9941089783544
v 2318.831467837 289.566621476108 -25.0283488730768
v 2283.33062820321 260.809106486646 -21.9418813872234
v 2169.27306903746 306.234468258162 -26.8172644720425
v 2204.77390867126 334.991983247624 -29.903731957896
v 1862.60123117402 471.268068562172 -44.5298812123535
v 1827.10039154023 442.51055357271 -41.4434137265
v 1713.04283237448 487.935915344226 -46.3187968113191
v 1748.54367200828 516.693430333688 -49.4052642971726
v 1520.42855367678 607.54415387672 -59.1560304668109
v 1358.06585186259 672.207859834103 -66.0962137902165
v 1289.27455872856 1060.23592501936 -107.742232482478
v 1253.75800722422 1031.46568260268 -104.654398995761
v 1240.57116416963 1105.84813659151 -112.637669658712
v 1276.08771567396 1134.61837900819 -115.725503145429
v 1236.52718651019 1357.76574097468 -139.675315134282
v 1201.01063500585 1328.995498558 -136.587481647566
v 1187.82379195126 1403.37795254683 -144.570752310517
v 1223.3403434556 1432.14819496351 -147.658585797233
v 1196.96665734642 1580.91310294118 -163.625127123135
v 1178.9484243342 1682.54776883073 -174.533305100925
v 1457.52951206796 1570.4291789901 -162.499915490244
v 1497.51563787168 1597.28535995806 -165.382317859963
v 1614.65867150286 1550.13961920723 -160.322291081662
v 1574.67254569913 1523.28343823927 -157.439888711943
v 1926.10164659266 1381.84621598677 -142.25980837704
v 1966.08777239639 1408.70239695473 -145.142210746759
v 2083.23080602756 1361.55665620389 -140.082183968458
v 2043.24468022383 1334.70047523593 -137.199781598739
v 2277.53074748618 1240.40899373427 -127.079728042137
v 2459.99999999926 1166.97186471928 -119.197916590679
v 2459.99999999926 1063.96035913064 -108.141966075311
v 2499.99999999926 1090.82585852889 -111.025368567332
v 2499.99999999926 986.866176935838 -99.8676528469526
v 2459.99999999926 960.000677537592 -96.9842503549318
v 2459.99999999926 648.121632758434 -63.5111031937947
v 2499.99999999926 674.98713215668 -66.3945056858154
v 2499.99999999926 571.027450563628 -55.2367899654364
v 2459.99999999926 544.161951165382 -52.3533874734156
v 2459.99999999926 336.242587979276 -30.0379560326575
v 2459.99999999926 233.343853856597 -18.9941089783544
cstype bspline
deg 1
curv 0 41 6287 6288 6289 6290 6291 6292 6293 6294 6295 6296 6297 6298 6299 6300 6301 6302 6303 6304 6305 6306 6307 6308 6309 6310 6311 6312 6313 6314 6315 6316 6317 6318 6319 6320 6321 6322 6323 6324 6325 6326 6327
parm u 0 1 2 3 4 5 6 7 8 9 10 11 12 13 14 15 16 17 18 19 20 21 22 23 24 25 26 27 28 29 30 31 32 33 34 35 36 37 38 39 40 41
end
v 2459.99999999926 235.48425431959 21.0058910229654
v 2318.09265857435 292.001265286774 14.9400707734782
v 2282.59181894055 263.243750297312 18.0265382593316
v 2168.53425977481 308.669112068828 13.1511551745125
v 2204.0350994086 337.42662705829 10.064687688659
v 1861.86242191137 473.702712372838 -4.56146156579846
v 1826.36158227757 444.945197383376 -1.47499407994498
v 1712.30402311182 490.370559154892 -6.35037716476413
v 1747.80486274562 519.128074144354 -9.43684465061761
v 1519.68974441413 609.978797687386 -19.1876108202559
v 1358.66134337151 674.111095681067 -26.0707595423654
v 1289.44540358143 1064.5344468513 -67.9738578993565
v 1253.9288520771 1035.76420443462 -64.8860244126403
v 1240.74200902251 1110.14665842345 -72.8692950755913
v 1276.25856052684 1138.91690084013 -75.9571285623076
v 1236.69803136307 1362.06426280662 -99.9069405511608
v 1201.18147985873 1333.29402038994 -96.8191070644446
v 1187.99463680414 1407.67647437877 -104.802377727396
v 1223.51118830848 1436.44671679545 -107.890211214112
v 1197.1375021993 1585.21162477312 -123.856752540014
v 1178.77163540926 1688.80717344383 -134.975386843737
v 1458.20099296757 1576.34718635579 -122.90535597583
v 1498.1871187713 1603.20336732375 -125.787758345549
v 1615.33015240248 1556.05762657292 -120.727731567248
v 1575.34402659875 1529.20144560496 -117.845329197529
v 1926.77312749227 1387.76422335246 -102.665248862626
v 1966.759253296 1414.62040432042 -105.547651232345
v 2083.90228692718 1367.47466356959 -100.487624454044
v 2043.91616112345 1340.61848260163 -97.6052220843251
v 2278.2022283858 1246.32700109996 -87.4851685277231
v 2459.99999999926 1173.16011832524 -79.6323618854104
v 2459.99999999926 1068.22893776873 -68.3703777689495
v 2499.99999999926 1095.09443716698 -71.2537802609702
v 2499.99999999926 991.134755573924 -60.0960645405912
v 2459.99999999926 964.269256175678 -57.2126620485704
v 2459.99999999926 652.39021139652 -23.7395148874333
v 2499.99999999926 679.255710794766 -26.6229173794541
v 2499.99999999926 575.296029201714 -15.465201659075
v 2459.99999999926 548.430529803468 -12.5817991670542
v 2459.99999999926 340.511166617363 9.73363227370388
v 2459.99999999926 235.48425431959 21.0058910229654
cstype bspline
deg 1
curv 0 41 6328 6329 6330 6331 6332 6333 6334 6335 6336 6337 6338 6339 6340 6341 6342 6343 6344 6345 6346 6347 6348 6349 6350 6351 6352 6353 6354 6355 6356 6357 6358 6359 6360 6361 6362 6363 6364 6365 6366 6367 6368
parm u 0 1 2 3 4 5 6 7 8 9 10 11 12 13 14 15 16 17 18 19 20 21 22 23 24 25 26 27 28 29 30 31 32 33 34 35 36 37 38 39 40 41
end
g element_74
v 2499.99999999926 1143.86483094632 265.464472874556
v 2499.99999999926 1139.59625230823 225.692884568198
v 2499.99999999926 1031.81449253001 237.260813759777
v 2499.99999999926 1036.08307116809 277.032402066136
v 2499.99999999926 1143.86483094632 265.464472874556
cstype bspline
deg 1
curv 0 5 6369 6370 6371 6372 6373
parm u 0 1 2 3 4 5
end
v 2459.99999999926 1116.99933154807 268.347875366577
v 2459.99999999926 1112.73075290999 228.576287060218
v 2459.99999999926 1004.94899313176 240.144216251798
v 2459.99999999926 1009.21757176985 279.915804558157
v 2459.99999999926 1116.99933154807 268.347875366577
cstype bspline
deg 1
curv 0 5 6374 6375 6376 6377 6378
parm u 0 1 2 3 4 5
end
v 2499.99999999926 712.737791833419 311.736189640876
v 2499.99999999926 708.469213195333 271.964601334517
v 2499.99999999926 600.687453417108 283.532530526097
v 2499.99999999926 604.956032055193 323.304118832456
v 2499.99999999926 712.737791833419 311.736189640876
cstype bspline
deg 1
curv 0 5 6379 6380 6381 6382 6383
parm u 0 1 2 3 4 5
end
v 2459.99999999926 685.872292435173 314.619592132897
v 2459.99999999926 681.603713797087 274.848003826538
v 2459.99999999926 573.821954018862 286.415933018118
v 2459.99999999926 578.090532656948 326.187521324477
v 2459.99999999926 685.872292435173 314.619592132897
cstype bspline
deg 1
curv 0 5 6384 6385 6386 6387 6388
parm u 0 1 2 3 4 5
end
v 2499.99999999926 1095.09443716698 -71.2537802609702
v 2499.99999999926 1090.82585852889 -111.025368567332
v 2499.99999999926 986.866176935838 -99.8676528469526
v 2499.99999999926 991.134755573924 -60.0960645405912
v 2499.99999999926 1095.09443716698 -71.2537802609702
cstype bspline
deg 1
curv 0 5 6389 6390 6391 6392 6393
parm u 0 1 2 3 4 5
end
v 2459.99999999926 1068.22893776873 -68.3703777689495
v 2459.99999999926 1063.96035913064 -108.141966075311
v 2459.99999999926 960.000677537592 -96.9842503549318
v 2459.99999999926 964.269256175678 -57.2126620485704
v 2459.99999999926 1068.22893776873 -68.3703777689495
cstype bspline
deg 1
curv 0 5 6394 6395 6396 6397 6398
parm u 0 1 2 3 4 5
end
v 2499.99999999926 679.255710794766 -26.6229173794541
v 2499.99999999926 674.98713215668 -66.3945056858154
v 2499.99999999926 571.027450563628 -55.2367899654364
v 2499.99999999926 575.296029201714 -15.465201659075
v 2499.99999999926 679.255710794766 -26.6229173794541
cstype bspline
deg 1
curv 0 5 6399 6400 6401 6402 6403
parm u 0 1 2 3 4 5
end
v 2459.99999999926 652.39021139652 -23.7395148874333
v 2459.99999999926 648.121632758434 -63.5111031937947
v 2459.99999999926 544.161951165382 -52.3533874734156
v 2459.99999999926 548.430529803468 -12.5817991670542
v 2459.99999999926 652.39021139652 -23.7395148874333
cstype bspline
deg 1
curv 0 5 6404 6405 6406 6407 6408
parm u 0 1 2 3 4 5
end
v 2499.99999999926 240.957579000198 422.715688482441
v 2499.99999999926 214.202573212911 -77.2843115340322
v 2499.99999999926 1141.59096294226 -176.81843722985
v 2499.99999999926 1159.44861056796 -62.6428104645886
v 2499.99999999926 1199.91004349929 -83.1578265620017
v 2499.99999999926 1217.54649472548 29.6035468770189
v 2499.99999999926 1172.75330184386 22.422787042041
v 2499.99999999926 1190.38975307005 135.184160481062
v 2499.99999999926 1230.85118600137 114.669144383649
v 2499.99999999926 1248.48763722756 227.430517822669
v 2499.99999999926 1203.69444434594 220.249757987691
v 2499.99999999926 1218.94413301669 317.750996585976
v 2499.99999999926 240.957579000198 422.715688482441
cstype bspline
deg 1
curv 0 13 6409 6410 6411 6412 6413 6414 6415 6416 6417 6418 6419 6420 6421
parm u 0 1 2 3 4 5 6 7 8 9 10 11 12 13
end
v 2459.99999999926 256.888258949417 421.005891036143
v 2459.99999999926 230.133253162145 -78.9941089803317
v 2459.99999999926 1157.68948431034 -178.546248648576
v 2459.99999999926 1175.42651027573 -65.141835088805
v 2459.99999999926 1215.88794320705 -85.6568511862181
v 2459.99999999926 1233.52439443324 27.1045222528025
v 2459.99999999926 1188.73120155163 19.9237624178246
v 2459.99999999926 1206.36765277781 132.685135856845
v 2459.99999999926 1246.82908570914 112.170119759432
v 2459.99999999926 1264.46553693532 224.931493198453
v 2459.99999999926 1219.67234405371 217.750733363475
v 2459.99999999926 1235.04265438478 316.02318516725
v 2459.99999999926 256.888258949417 421.005891036143
cstype bspline
deg 1
curv 0 13 6422 6423 6424 6425 6426 6427 6428 6429 6430 6431 6432 6433 6434
parm u 0 1 2 3 4 5 6 7 8 9 10 11 12 13
end
g element_75
v 2315.96655664614 1329.81932851448 265.931252476616
v 2199.23930637587 1376.27692837469 257.559348276976
v 2199.56137082221 1369.96127233116 218.021877390688
v 2316.28862109248 1323.50367247095 226.393781590329
v 2315.96655664614 1329.81932851448 265.931252476616
cstype bspline
deg 1
curv 0 5 6435 6436 6437 6438 6439
parm u 0 1 2 3 4 5
end
v 2280.43913130465 1301.63021882983 271.957134724652
v 2163.71188103438 1348.08781869004 263.585230525012
v 2164.03394548072 1341.77216264651 224.047759638724
v 2280.76119575099 1295.3145627863 232.419663838365
v 2280.43913130465 1301.63021882983 271.957134724652
cstype bspline
deg 1
curv 0 5 6440 6441 6442 6443 6444
parm u 0 1 2 3 4 5
end
v 1849.05755556507 1515.64972795531 232.443635678055
v 1732.3303052948 1562.10732781552 224.071731478415
v 1732.65236974114 1555.79167177199 184.534260592127
v 1849.37962001141 1509.33407191179 192.906164791768
v 1849.05755556507 1515.64972795531 232.443635678055
cstype bspline
deg 1
curv 0 5 6445 6446 6447 6448 6449
parm u 0 1 2 3 4 5
end
v 1813.53013022358 1487.46061827066 238.469517926091
v 1696.80287995331 1533.91821813087 230.097613726451
v 1697.12494439965 1527.60256208734 190.560142840164
v 1813.85219466992 1481.14496222713 198.932047039804
v 1813.53013022358 1487.46061827066 238.469517926091
cstype bspline
deg 1
curv 0 5 6450 6451 6452 6453 6454
parm u 0 1 2 3 4 5
end
v 2315.53547351915 1277.39737143835 -70.3645103961736
v 2198.37767204753 1324.02633124567 -78.7672945608815
v 2198.69973649387 1317.71067520215 -118.304765447165
v 2315.8575379655 1271.08171539483 -109.901981282457
v 2315.53547351915 1277.39737143835 -70.3645103961736
cstype bspline
deg 1
curv 0 5 6455 6456 6457 6458 6459
parm u 0 1 2 3 4 5
end
v 2280.00804817766 1249.2082617537 -64.3386281481373
v 2162.85024670604 1295.83722156101 -72.7414123128452
v 2163.17231115238 1289.52156551749 -112.278883199129
v 2280.33011262401 1242.89260571018 -103.876099034421
v 2280.00804817766 1249.2082617537 -64.3386281481373
cstype bspline
deg 1
curv 0 5 6460 6461 6462 6463 6464
parm u 0 1 2 3 4 5
end
v 1846.90426763264 1463.9132106676 -103.975647055005
v 1729.74646616101 1510.54217047492 -112.378431219713
v 1730.06853060736 1504.2265144314 -151.915902105997
v 1847.22633207898 1457.59755462408 -143.513117941289
v 1846.90426763264 1463.9132106676 -103.975647055005
cstype bspline
deg 1
curv 0 5 6465 6466 6467 6468 6469
parm u 0 1 2 3 4 5
end
v 1811.37684229115 1435.72410098295 -97.949764806969
v 1694.21904081952 1482.35306079027 -106.352548971677
v 1694.54110526587 1476.03740474675 -145.89001985796
v 1811.69890673749 1429.40844493943 -137.487235693253
v 1811.37684229115 1435.72410098295 -97.949764806969
cstype bspline
deg 1
curv 0 5 6470 6471 6472 6473 6474
parm u 0 1 2 3 4 5
end
v 1501.63181329158 1654.41716076583 210.668251212368
v 1500.96033239197 1648.49915340014 171.073691697957
v 1617.67286909313 1601.52667174998 176.115123038472
v 1618.34434999274 1607.44467911566 215.709682552884
v 1501.63181329158 1654.41716076583 210.668251212368
cstype bspline
deg 1
curv 0 5 6475 6476 6477 6478 6479
parm u 0 1 2 3 4 5
end
v 1461.64568748786 1627.56097979787 213.550653582087
v 1460.97420658824 1621.64297243218 173.956094067675
v 1577.6867432894 1574.67049078202 178.997525408191
v 1578.35822418902 1580.5884981477 218.592084922603
v 1461.64568748786 1627.56097979787 213.550653582087
cstype bspline
deg 1
curv 0 5 6480 6481 6482 6483 6484
parm u 0 1 2 3 4 5
end
v 1968.48196009622 1466.52723416517 230.833976574432
v 1967.81047919661 1460.60922679948 191.23941706002
v 2084.52301589777 1413.63674514932 196.280848400536
v 2085.19449679738 1419.554752515 235.875407914948
v 1968.48196009622 1466.52723416517 230.833976574432
cstype bspline
deg 1
curv 0 5 6485 6486 6487 6488 6489
parm u 0 1 2 3 4 5
end
v 1928.49583429249 1439.67105319721 233.716378944151
v 1927.82435339288 1433.75304583152 194.121819429739
v 2044.53689009404 1386.78056418136 199.163250770255
v 2045.20837099365 1392.69857154704 238.757810284667
v 1928.49583429249 1439.67105319721 233.716378944151
cstype bspline
deg 1
curv 0 5 6490 6491 6492 6493 6494
parm u 0 1 2 3 4 5
end
v 1498.1871187713 1603.20336732375 -125.787758345549
v 1497.51563787168 1597.28535995806 -165.382317859963
v 1614.65867150286 1550.13961920723 -160.322291081662
v 1615.33015240248 1556.05762657292 -120.727731567248
v 1498.1871187713 1603.20336732375 -125.787758345549
cstype bspline
deg 1
curv 0 5 6495 6496 6497 6498 6499
parm u 0 1 2 3 4 5
end
v 1458.20099296757 1576.34718635579 -122.90535597583
v 1457.52951206796 1570.4291789901 -162.499915490244
v 1574.67254569913 1523.28343823927 -157.439888711943
v 1575.34402659875 1529.20144560496 -117.845329197529
v 1458.20099296757 1576.34718635579 -122.90535597583
cstype bspline
deg 1
curv 0 5 6500 6501 6502 6503 6504
parm u 0 1 2 3 4 5
end
v 1966.759253296 1414.62040432042 -105.547651232345
v 1966.08777239639 1408.70239695473 -145.142210746759
v 2083.23080602756 1361.55665620389 -140.082183968458
v 2083.90228692718 1367.47466356959 -100.487624454044
v 1966.759253296 1414.62040432042 -105.547651232345
cstype bspline
deg 1
curv 0 5 6505 6506 6507 6508 6509
parm u 0 1 2 3 4 5
end
v 1926.77312749227 1387.76422335246 -102.665248862626
v 1926.10164659266 1381.84621598677 -142.25980837704
v 2043.24468022383 1334.70047523593 -137.199781598739
v 2043.91616112345 1340.61848260163 -97.6052220843251
v 1926.77312749227 1387.76422335246 -102.665248862626
cstype bspline
deg 1
curv 0 5 6510 6511 6512 6513 6514
parm u 0 1 2 3 4 5
end
v 2499.99999999926 1261.89325150161 313.141382097437
v 2499.99999999926 1248.48763722756 227.430517822669
v 2459.99999999926 1264.46553693532 224.931493198453
v 2459.99999999926 1246.82908570914 112.170119759432
v 2499.99999999926 1230.85118600137 114.669144383649
v 2499.99999999926 1217.54649472548 29.6035468770189
v 2459.99999999926 1233.52439443324 27.1045222528025
v 2459.99999999926 1215.88794320705 -85.6568511862181
v 2499.99999999926 1199.91004349929 -83.1578265620017
v 2499.99999999926 1184.54008142717 -181.428051718393
v 1171.01438454998 1719.40766463174 -238.833964760758
v 1168.80452298815 1797.65022229552 255.640013454062
v 2499.99999999926 1261.89325150161 313.141382097437
cstype bspline
deg 1
curv 0 13 6515 6516 6517 6518 6519 6520 6521 6522 6523 6524 6525 6526 6527
parm u 0 1 2 3 4 5 6 7 8 9 10 11 12 13
end
v 2499.99999999926 1218.9441330167 317.750996585978
v 2499.99999999926 1203.69444434594 220.249757987691
v 2459.99999999926 1219.67234405371 217.750733363475
v 2459.99999999926 1206.36765277781 132.685135856845
v 2499.99999999926 1190.38975307005 135.184160481062
v 2499.99999999926 1172.75330184386 22.422787042041
v 2459.99999999926 1188.73120155163 19.9237624178246
v 2459.99999999926 1175.42651027573 -65.141835088805
v 2499.99999999926 1159.44861056796 -62.6428104645886
v 2499.99999999926 1141.59096294226 -176.818437229851
v 1179.21360772163 1673.15866191106 -233.8701824867
v 1177.0037461598 1751.40121957484 260.603795728121
v 2499.99999999926 1218.9441330167 317.750996585978
cstype bspline
deg 1
curv 0 13 6528 6529 6530 6531 6532 6533 6534 6535 6536 6537 6538 6539 6540
parm u 0 1 2 3 4 5 6 7 8 9 10 11 12 13
end
g element_76
v 2459.99999999926 1266.30635375445 236.701039696898
v 2316.28862109248 1323.50367247095 226.393781590329
v 2280.76119575099 1295.3145627863 232.419663838365
v 2164.03394548072 1341.77216264651 224.047759638724
v 2199.56137082221 1369.96127233116 218.021877390688
v 1849.37962001141 1509.33407191179 192.906164791768
v 1813.85219466992 1481.14496222713 198.932047039804
v 1697.12494439965 1527.60256208734 190.560142840164
v 1732.65236974114 1555.79167177199 184.534260592127
v 1499.1978692006 1648.70687149241 167.790452192847
v 1334.66609797458 1714.19073386569 155.989915271844
v 1273.60951636945 2053.72133206451 87.7593118537554
v 1238.07605927533 2025.52743650711 93.7862171601974
v 1229.65943309975 2072.33159823844 84.3806548505045
v 1265.19289019388 2100.52549379584 78.3537495440625
v 1239.94301166716 2240.93797898982 50.1370626149839
v 1204.40955457303 2212.74408343242 56.1639679214259
v 1195.99292839746 2259.54824516375 46.758405611733
v 1231.52638549158 2287.74214072115 40.731500305291
v 1214.69313314044 2381.3504641838 21.9203756859053
v 1200.54986644452 2459.99999999971 6.1153044618689
v 1340.99167346327 2459.99999999971 4.86602639884944
v 1380.32804179924 2499.99999999971 -3.58609615204733
v 1520.18176750296 2499.99999999971 -4.830143029982
v 1480.84539916699 2459.99999999971 3.62197952091478
v 1900.40657627815 2459.99999999971 -0.110161112889216
v 1939.74294461412 2499.99999999971 -8.56228366378599
v 2079.59667031783 2499.99999999971 -9.80633054172065
v 2040.26030198187 2459.99999999971 -1.35420799082388
v 2319.9677533893 2459.99999999971 -3.84230174669321
v 2459.99999999926 2459.99999999971 -5.08793662934437
v 2459.99999999926 2323.14307911871 22.6331582320241
v 2499.99999999927 2363.81790670663 14.0384425442815
v 2499.99999999927 2231.60348491882 40.8191746024584
v 2459.99999999926 2190.9286573309 49.413890290201
v 2459.99999999926 1794.28539196744 129.756086464732
v 2499.99999999927 1834.96021955536 121.161370776989
v 2499.99999999927 1702.74579776754 147.942102835166
v 2459.99999999926 1662.07097017962 156.536818522909
v 2459.99999999926 1397.64212660399 210.098282639262
v 2459.99999999926 1266.30635375445 236.701039696898
cstype bspline
deg 1
curv 0 41 6541 6542 6543 6544 6545 6546 6547 6548 6549 6550 6551 6552 6553 6554 6555 6556 6557 6558 6559 6560 6561 6562 6563 6564 6565 6566 6567 6568 6569 6570 6571 6572 6573 6574 6575 6576 6577 6578 6579 6580 6581
parm u 0 1 2 3 4 5 6 7 8 9 10 11 12 13 14 15 16 17 18 19 20 21 22 23 24 25 26 27 28 29 30 31 32 33 34 35 36 37 38 39 40 41
end
v 2459.99999999926 1272.49382772273 276.261609668314
v 2315.96655664614 1329.81932851448 265.931252476616
v 2280.43913130465 1301.63021882983 271.957134724652
v 2163.71188103438 1348.08781869004 263.585230525012
v 2199.23930637587 1376.27692837469 257.559348276976
v 1849.05755556507 1515.64972795531 232.443635678055
v 1813.53013022358 1487.46061827066 238.469517926091
v 1696.80287995331 1533.91821813087 230.097613726451
v 1732.3303052948 1562.10732781552 224.071731478415
v 1498.87580475426 1655.02252753593 207.327923079134
v 1335.12229330099 1720.19664149121 195.583204454586
v 1273.72497090995 2061.62207100597 126.971823914352
v 1238.19151381582 2033.42817544858 132.998729220794
v 1229.77488764025 2080.2323371799 123.593166911101
v 1265.30834473438 2108.4262327373 117.566261604659
v 1240.05846620765 2248.83871793128 89.34957467558
v 1204.52500911353 2220.64482237389 95.3764799820221
v 1196.10838293796 2267.44898410521 85.9709176723292
v 1231.64184003208 2295.64287966261 79.9440123658872
v 1214.80858768093 2389.25120312526 61.1328877465014
v 1202.08608280878 2459.99999999971 46.9155149163196
v 1341.35469816627 2459.99999999971 45.6766727956826
v 1380.69106650224 2499.99999999971 37.2245502447858
v 1520.54479220596 2499.99999999971 35.9805033668511
v 1481.20842386999 2459.99999999971 44.4326259177479
v 1900.76960098114 2459.99999999971 40.7004852839439
v 1940.10596931711 2499.99999999971 32.2483627330471
v 2079.95969502083 2499.99999999971 31.0043158551125
v 2040.62332668486 2459.99999999971 39.4564384060093
v 2320.3307780923 2459.99999999971 36.9683446501399
v 2459.99999999926 2459.99999999971 35.725938996786
v 2459.99999999926 2331.08432730507 61.8384919380632
v 2499.99999999927 2371.75915489299 53.2437762503207
v 2499.99999999927 2239.54473310517 80.0245083084976
v 2459.99999999926 2198.86990551725 88.6192239962401
v 2459.99999999926 1802.2266401538 168.961420170771
v 2499.99999999927 1842.90146774172 160.366704483028
v 2499.99999999927 1710.6870459539 187.147436541205
v 2459.99999999926 1670.01221836598 195.742152228948
v 2459.99999999926 1405.58337479034 249.303616345302
v 2459.99999999926 1272.49382772273 276.261609668314
cstype bspline
deg 1
curv 0 41 6582 6583 6584 6585 6586 6587 6588 6589 6590 6591 6592 6593 6594 6595 6596 6597 6598 6599 6600 6601 6602 6603 6604 6605 6606 6607 6608 6609 6610 6611 6612 6613 6614 6615 6616 6617 6618 6619 6620 6621 6622
parm u 0 1 2 3 4 5 6 7 8 9 10 11 12 13 14 15 16 17 18 19 20 21 22 23 24 25 26 27 28 29 30 31 32 33 34 35 36 37 38 39 40 41
end
g element_77
v 2459.99999999926 1213.71282502412 -99.5638050600856
v 2315.8575379655 1271.08171539483 -109.901981282457
v 2280.33011262401 1242.89260571018 -103.876099034421
v 2163.17231115238 1289.52156551749 -112.278883199129
v 2198.69973649387 1317.71067520215 -118.304765447165
v 1847.22633207898 1457.59755462408 -143.513117941289
v 1811.69890673749 1429.40844493943 -137.487235693253
v 1694.54110526587 1476.03740474675 -145.89001985796
v 1730.06853060736 1504.2265144314 -151.915902105997
v 1495.7529276641 1597.48443404602 -168.721470435413
v 1330.78843770007 1663.14051904886 -180.553042781404
v 1269.17070264842 2005.79164513129 -249.410734013114
v 1233.6372455543 1977.5977495739 -243.383828706672
v 1224.14325934281 2030.39302131912 -253.993338623919
v 1259.67671643694 2058.58691687652 -260.020243930361
v 1231.19475780248 2216.97273211221 -291.8487736821
v 1195.66130070835 2188.77883655481 -285.821868375659
v 1186.16731449686 2241.57410830004 -296.431378292905
v 1221.70077159099 2269.76800385744 -302.458283599347
v 1202.71279916801 2375.3585473479 -323.67730343384
v 1187.49202734825 2459.99999999971 -340.686484400897
v 1329.38435520034 2459.99999999971 -341.948665344444
v 1368.7207235363 2499.99999999971 -350.400787895341
v 1510.02497007336 2499.99999999971 -351.657737653804
v 1470.68860173739 2459.99999999971 -343.205615102907
v 1894.60134134854 2459.99999999971 -346.976464378295
v 1933.93770968451 2499.99999999971 -355.428586929191
v 2075.24195622157 2499.99999999971 -356.685536687654
v 2035.9055878856 2459.99999999971 -348.233414136757
v 2318.5140809597 2459.99999999971 -350.747313653683
v 2459.99999999926 2459.99999999971 -352.005879451392
v 2459.99999999926 2317.29982901041 -323.101203303025
v 2499.99999999927 2357.97465659833 -331.695918990767
v 2499.99999999927 2219.91698470221 -303.731605645592
v 2459.99999999926 2179.24215711429 -295.136889957849
v 2459.99999999926 1765.06914142592 -211.243949922322
v 2499.99999999927 1805.74396901384 -219.838665610064
v 2499.99999999927 1667.68629711772 -191.874352264889
v 2459.99999999926 1627.0114695298 -183.279636577146
v 2459.99999999926 1350.89612573756 -127.351009886794
v 2459.99999999926 1213.71282502412 -99.5638050600856
cstype bspline
deg 1
curv 0 41 6623 6624 6625 6626 6627 6628 6629 6630 6631 6632 6633 6634 6635 6636 6637 6638 6639 6640 6641 6642 6643 6644 6645 6646 6647 6648 6649 6650 6651 6652 6653 6654 6655 6656 6657 6658 6659 6660 6661 6662 6663
parm u 0 1 2 3 4 5 6 7 8 9 10 11 12 13 14 15 16 17 18 19 20 21 22 23 24 25 26 27 28 29 30 31 32 33 34 35 36 37 38 39 40 41
end
v 2459.99999999926 1219.90029899239 -60.0032350886728
v 2315.53547351915 1277.39737143835 -70.3645103961736
v 2280.00804817766 1249.2082617537 -64.3386281481373
v 2162.85024670604 1295.83722156101 -72.7414123128452
v 2198.37767204753 1324.02633124567 -78.7672945608815
v 1846.90426763264 1463.9132106676 -103.975647055005
v 1811.37684229115 1435.72410098295 -97.949764806969
v 1694.21904081952 1482.35306079027 -106.352548971677
v 1729.74646616101 1510.54217047492 -112.378431219713
v 1495.43086321776 1603.80009008954 -129.183999549129
v 1331.24463302648 1669.14642667437 -140.959753598666
v 1269.28615718892 2013.69238407275 -210.198221952522
v 1233.7527000948 1985.49848851536 -204.17131664608
v 1224.25871388331 2038.29376026059 -214.780826563327
v 1259.79217097743 2066.48765581798 -220.807731869769
v 1231.31021234297 2224.87347105367 -252.636261621509
v 1195.77675524885 2196.67957549628 -246.609356315067
v 1186.28276903736 2249.4748472415 -257.218866232313
v 1221.81622613149 2277.6687427989 -263.245771538755
v 1202.82825370851 2383.25928628936 -284.464791373248
v 1189.02824371251 2459.99999999971 -299.886273946451
v 1329.74737990333 2459.99999999971 -301.138018947616
v 1369.0837482393 2499.99999999971 -309.590141498512
v 1510.38799477635 2499.99999999971 -310.847091256975
v 1471.05162644038 2459.99999999971 -302.394968706078
v 1894.96436605154 2459.99999999971 -306.165817981466
v 1934.30073438751 2499.99999999971 -314.617940532363
v 2075.60498092456 2499.99999999971 -315.874890290825
v 2036.26861258859 2459.99999999971 -307.422767739929
v 2318.8771056627 2459.99999999971 -309.936667256854
v 2459.99999999926 2459.99999999971 -311.192003825266
v 2459.99999999926 2325.24107719677 -283.89586959699
v 2499.99999999927 2365.91590478469 -292.490585284732
v 2499.99999999927 2227.85823288857 -264.526271939557
v 2459.99999999926 2187.18340530065 -255.931556251814
v 2459.99999999926 1773.01038961228 -172.038616216287
v 2499.99999999927 1813.6852172002 -180.633331904029
v 2499.99999999927 1675.62754530408 -152.669018558854
v 2459.99999999926 1634.95271771616 -144.074302871111
v 2459.99999999926 1358.83737392392 -88.1456761807596
v 2459.99999999926 1219.90029899239 -60.0032350886728
cstype bspline
deg 1
curv 0 41 6664 6665 6666 6667 6668 6669 6670 6671 6672 6673 6674 6675 6676 6677 6678 6679 6680 6681 6682 6683 6684 6685 6686 6687 6688 6689 6690 6691 6692 6693 6694 6695 6696 6697 6698 6699 6700 6701 6702 6703 6704
parm u 0 1 2 3 4 5 6 7 8 9 10 11 12 13 14 15 16 17 18 19 20 21 22 23 24 25 26 27 28 29 30 31 32 33 34 35 36 37 38 39 40 41
end
g element_78
v 2499.99999999927 2371.75915489299 53.2437762503207
v 2499.99999999927 2363.81790670663 14.0384425442815
v 2499.99999999927 2231.60348491882 40.8191746024584
v 2499.99999999927 2239.54473310517 80.0245083084976
v 2499.99999999927 2371.75915489299 53.2437762503207
cstype bspline
deg 1
curv 0 5 6705 6706 6707 6708 6709
parm u 0 1 2 3 4 5
end
v 2459.99999999926 2331.08432730507 61.8384919380632
v 2459.99999999926 2323.14307911871 22.6331582320241
v 2459.99999999926 2190.9286573309 49.413890290201
v 2459.99999999926 2198.86990551725 88.6192239962401
v 2459.99999999926 2331.08432730507 61.8384919380632
cstype bspline
deg 1
curv 0 5 6710 6711 6712 6713 6714
parm u 0 1 2 3 4 5
end
v 2499.99999999927 1842.90146774172 160.366704483028
v 2499.99999999927 1834.96021955536 121.161370776989
v 2499.99999999927 1702.74579776754 147.942102835166
v 2499.99999999927 1710.6870459539 187.147436541205
v 2499.99999999927 1842.90146774172 160.366704483028
cstype bspline
deg 1
curv 0 5 6715 6716 6717 6718 6719
parm u 0 1 2 3 4 5
end
v 2459.99999999926 1802.2266401538 168.961420170771
v 2459.99999999926 1794.28539196744 129.756086464732
v 2459.99999999926 1662.07097017962 156.536818522909
v 2459.99999999926 1670.01221836598 195.742152228948
v 2459.99999999926 1802.2266401538 168.961420170771
cstype bspline
deg 1
curv 0 5 6720 6721 6722 6723 6724
parm u 0 1 2 3 4 5
end
v 2499.99999999927 2365.91590478469 -292.490585284732
v 2499.99999999927 2357.97465659833 -331.695918990767
v 2499.99999999927 2219.91698470221 -303.731605645592
v 2499.99999999927 2227.85823288857 -264.526271939557
v 2499.99999999927 2365.91590478469 -292.490585284732
cstype bspline
deg 1
curv 0 5 6725 6726 6727 6728 6729
parm u 0 1 2 3 4 5
end
v 2459.99999999926 2325.24107719677 -283.89586959699
v 2459.99999999926 2317.29982901041 -323.101203303025
v 2459.99999999926 2179.24215711429 -295.136889957849
v 2459.99999999926 2187.18340530065 -255.931556251814
v 2459.99999999926 2325.24107719677 -283.89586959699
cstype bspline
deg 1
curv 0 5 6730 6731 6732 6733 6734
parm u 0 1 2 3 4 5
end
v 2499.99999999927 1813.6852172002 -180.633331904029
v 2499.99999999927 1805.74396901384 -219.838665610064
v 2499.99999999927 1667.68629711772 -191.874352264889
v 2499.99999999927 1675.62754530408 -152.669018558854
v 2499.99999999927 1813.6852172002 -180.633331904029
cstype bspline
deg 1
curv 0 5 6735 6736 6737 6738 6739
parm u 0 1 2 3 4 5
end
v 2459.99999999926 1773.01038961228 -172.038616216287
v 2459.99999999926 1765.06914142592 -211.243949922322
v 2459.99999999926 1627.0114695298 -183.279636577146
v 2459.99999999926 1634.95271771616 -144.074302871111
v 2459.99999999926 1773.01038961228 -172.038616216287
cstype bspline
deg 1
curv 0 5 6740 6741 6742 6743 6744
parm u 0 1 2 3 4 5
end
v 2499.99999999926 1265.85498581597 338.4713420059
v 2499.99999999926 1188.51156121252 -156.035782636716
v 2499.99999999926 2459.99999999971 -413.582506615705
v 2499.99999999926 2459.99999999971 -301.083945300465
v 2499.99999999926 2499.99999999971 -315.366761271021
v 2499.99999999926 2499.99999999971 -199.063831225066
v 2499.99999999926 2459.99999999971 -213.346647195622
v 2499.99999999926 2459.99999999971 -97.0437171496675
v 2499.99999999926 2499.99999999971 -111.326533120223
v 2499.99999999926 2499.99999999971 4.97639692573156
v 2499.99999999926 2459.99999999971 -9.30641904482431
v 2499.99999999926 2459.99999999971 96.5909387108259
v 2499.99999999926 1265.85498581597 338.4713420059
cstype bspline
deg 1
curv 0 13 6745 6746 6747 6748 6749 6750 6751 6752 6753 6754 6755 6756 6757
parm u 0 1 2 3 4 5 6 7 8 9 10 11 12 13
end
v 2459.99999999926 1281.77503867513 335.602464625422
v 2459.99999999926 1204.4316140717 -158.904660017194
v 2459.99999999926 2459.99999999971 -413.226692890566
v 2459.99999999926 2459.99999999971 -301.083945300465
v 2459.99999999926 2499.99999999971 -315.366761271021
v 2459.99999999926 2499.99999999971 -199.063831225066
v 2459.99999999926 2459.99999999971 -213.346647195622
v 2459.99999999926 2459.99999999971 -97.0437171496675
v 2459.99999999926 2499.99999999971 -111.326533120223
v 2459.99999999926 2499.99999999971 4.97639692573156
v 2459.99999999926 2459.99999999971 -9.30641904482431
v 2459.99999999926 2459.99999999971 96.9467524359627
v 2459.99999999926 1281.77503867513 335.602464625422
cstype bspline
deg 1
curv 0 13 6758 6759 6760 6761 6762 6763 6764 6765 6766 6767 6768 6769 6770
parm u 0 1 2 3 4 5 6 7 8 9 10 11 12 13
end
g element_79
v 1380.69106650224 2499.99999999971 37.2245502447858
v 1380.32804179924 2499.99999999971 -3.58609615204733
v 1520.18176750296 2499.99999999971 -4.830143029982
v 1520.54479220596 2499.99999999971 35.9805033668511
v 1380.69106650224 2499.99999999971 37.2245502447858
cstype bspline
deg 1
curv 0 5 6771 6772 6773 6774 6775
parm u 0 1 2 3 4 5
end
v 1341.35469816627 2459.99999999971 45.6766727956826
v 1340.99167346327 2459.99999999971 4.86602639884944
v 1480.84539916699 2459.99999999971 3.62197952091478
v 1481.20842386999 2459.99999999971 44.4326259177479
v 1341.35469816627 2459.99999999971 45.6766727956826
cstype bspline
deg 1
curv 0 5 6776 6777 6778 6779 6780
parm u 0 1 2 3 4 5
end
v 1940.10596931711 2499.99999999971 32.2483627330471
v 1939.74294461412 2499.99999999971 -8.56228366378599
v 2079.59667031783 2499.99999999971 -9.80633054172065
v 2079.95969502083 2499.99999999971 31.0043158551125
v 1940.10596931711 2499.99999999971 32.2483627330471
cstype bspline
deg 1
curv 0 5 6781 6782 6783 6784 6785
parm u 0 1 2 3 4 5
end
v 1900.76960098114 2459.99999999971 40.7004852839439
v 1900.40657627815 2459.99999999971 -0.110161112889216
v 2040.26030198187 2459.99999999971 -1.35420799082388
v 2040.62332668486 2459.99999999971 39.4564384060093
v 1900.76960098114 2459.99999999971 40.7004852839439
cstype bspline
deg 1
curv 0 5 6786 6787 6788 6789 6790
parm u 0 1 2 3 4 5
end
v 1369.0837482393 2499.99999999971 -309.590141498512
v 1368.7207235363 2499.99999999971 -350.400787895341
v 1510.02497007336 2499.99999999971 -351.657737653804
v 1510.38799477635 2499.99999999971 -310.847091256975
v 1369.0837482393 2499.99999999971 -309.590141498512
cstype bspline
deg 1
curv 0 5 6791 6792 6793 6794 6795
parm u 0 1 2 3 4 5
end
v 1329.74737990333 2459.99999999971 -301.138018947616
v 1329.38435520034 2459.99999999971 -341.948665344444
v 1470.68860173739 2459.99999999971 -343.205615102907
v 1471.05162644038 2459.99999999971 -302.394968706078
v 1329.74737990333 2459.99999999971 -301.138018947616
cstype bspline
deg 1
curv 0 5 6796 6797 6798 6799 6800
parm u 0 1 2 3 4 5
end
v 1934.30073438751 2499.99999999971 -314.617940532363
v 1933.93770968451 2499.99999999971 -355.428586929191
v 2075.24195622157 2499.99999999971 -356.685536687654
v 2075.60498092456 2499.99999999971 -315.874890290825
v 1934.30073438751 2499.99999999971 -314.617940532363
cstype bspline
deg 1
curv 0 5 6801 6802 6803 6804 6805
parm u 0 1 2 3 4 5
end
v 1894.96436605154 2459.99999999971 -306.165817981466
v 1894.60134134854 2459.99999999971 -346.976464378295
v 2035.9055878856 2459.99999999971 -348.233414136757
v 2036.26861258859 2459.99999999971 -307.422767739929
v 1894.96436605154 2459.99999999971 -306.165817981466
cstype bspline
deg 1
curv 0 5 6806 6807 6808 6809 6810
parm u 0 1 2 3 4 5
end
v 2499.99999999926 2499.99999999971 88.4887266537609
v 2499.99999999926 2499.99999999971 4.97639692573156
v 2459.99999999926 2499.99999999971 4.97639692573156
v 2459.99999999926 2499.99999999971 -111.326533120223
v 2499.99999999926 2499.99999999971 -111.326533120223
v 2499.99999999926 2499.99999999971 -199.063831225066
v 2459.99999999926 2499.99999999971 -199.063831225066
v 2459.99999999926 2499.99999999971 -315.366761271021
v 2499.99999999926 2499.99999999971 -315.366761271021
v 2499.99999999926 2499.99999999971 -421.68471867277
v 1177.99464486491 2499.99999999971 -409.925027421129
v 1197.19734941825 2499.99999999971 100.077603259405
v 2499.99999999926 2499.99999999971 88.4887266537609
cstype bspline
deg 1
curv 0 13 6811 6812 6813 6814 6815 6816 6817 6818 6819 6820 6821 6822 6823
parm u 0 1 2 3 4 5 6 7 8 9 10 11 12 13
end
v 2499.99999999926 2459.99999999971 96.590938710825
v 2499.99999999926 2459.99999999971 -9.30641904482431
v 2459.99999999926 2459.99999999971 -9.30641904482431
v 2459.99999999926 2459.99999999971 -97.0437171496675
v 2499.99999999926 2459.99999999971 -97.0437171496675
v 2499.99999999926 2459.99999999971 -213.346647195622
v 2459.99999999926 2459.99999999971 -213.346647195622
v 2459.99999999926 2459.99999999971 -301.083945300465
v 2499.99999999926 2459.99999999971 -301.083945300465
v 2499.99999999926 2459.99999999971 -413.582506615706
v 1185.18770280185 2459.99999999971 -401.886800082557
v 1204.39040735518 2459.99999999971 108.115830597977
v 2499.99999999926 2459.99999999971 96.590938710825
cstype bspline
deg 1
curv 0 13 6824 6825 6826 6827 6828 6829 6830 6831 6832 6833 6834 6835 6836
parm u 0 1 2 3 4 5 6 7 8 9 10 11 12 13
end
