# session joints after joint_create_geometry + orient
# count=87
joint 0 type=12 v0=0 v1=4 f0_0=4 f1_0=5 name=ss_e_ip_2 orient=1 div=1 shift=0.5 length=283.576 usd=20
  jv[0] pts=5 (-464.345,-431.124,0) (-459.601,-411.694,0) (-459.601,-411.694,20) (-464.345,-431.124,20) (-464.345,-431.124,0)
  jv[1] pts=5 (-444.915,-435.867,0) (-440.172,-416.438,0) (-440.172,-416.438,20) (-444.915,-435.867,20) (-444.915,-435.867,0)
  jv[2] pts=5 (-464.345,-431.124,0) (-459.601,-411.694,0) (-459.601,-411.694,20) (-464.345,-431.124,20) (-464.345,-431.124,0)
  jv[3] pts=5 (-444.915,-435.867,0) (-440.172,-416.438,0) (-440.172,-416.438,20) (-444.915,-435.867,20) (-444.915,-435.867,0)
  m[0][0] pts=4 (-449.991,-424.334,0) (-446.858,-435.393,0) (-462.402,-431.598,0) (-454.525,-423.227,0)
  m[0][1] pts=2 (-449.991,-424.334,0) (-454.525,-423.227,0)
  f[0][0] pts=4 (-449.991,-424.334,0) (-442.115,-415.964,0) (-457.658,-412.169,0) (-454.525,-423.227,0)
  f[0][1] pts=2 (-449.991,-424.334,0) (-454.525,-423.227,0)
  m[1][0] pts=4 (-449.991,-424.334,20) (-446.858,-435.393,20) (-462.402,-431.598,20) (-454.525,-423.227,20)
  m[1][1] pts=2 (-449.991,-424.334,20) (-454.525,-423.227,20)
  f[1][0] pts=4 (-449.991,-424.334,20) (-442.115,-415.964,20) (-457.658,-412.169,20) (-454.525,-423.227,20)
  f[1][1] pts=2 (-449.991,-424.334,20) (-454.525,-423.227,20)
joint 1 type=12 v0=0 v1=6 f0_0=5 f1_0=2 name=ss_e_ip_2 orient=1 div=1 shift=0.5 length=136.484 usd=20
  jv[0] pts=5 (-338.045,-511.619,0) (-318.616,-516.362,0) (-318.616,-516.362,20) (-338.045,-511.619,20) (-338.045,-511.619,0)
  jv[1] pts=5 (-342.788,-531.048,0) (-323.359,-535.792,0) (-323.359,-535.792,20) (-342.788,-531.048,20) (-342.788,-531.048,0)
  jv[2] pts=5 (-338.045,-511.619,0) (-318.616,-516.362,0) (-318.616,-516.362,20) (-338.045,-511.619,20) (-338.045,-511.619,0)
  jv[3] pts=5 (-342.788,-531.048,0) (-323.359,-535.792,0) (-323.359,-535.792,20) (-342.788,-531.048,20) (-342.788,-531.048,0)
  m[0][0] pts=4 (-331.255,-525.972,0) (-342.314,-529.105,0) (-338.519,-513.562,0) (-330.149,-521.438,0)
  m[0][1] pts=2 (-331.255,-525.972,0) (-330.149,-521.438,0)
  f[0][0] pts=4 (-331.255,-525.972,0) (-322.885,-533.849,0) (-319.09,-518.305,0) (-330.149,-521.438,0)
  f[0][1] pts=2 (-331.255,-525.972,0) (-330.149,-521.438,0)
  m[1][0] pts=4 (-331.255,-525.972,20) (-342.314,-529.105,20) (-338.519,-513.562,20) (-330.149,-521.438,20)
  m[1][1] pts=2 (-331.255,-525.972,20) (-330.149,-521.438,20)
  f[1][0] pts=4 (-331.255,-525.972,20) (-322.885,-533.849,20) (-319.09,-518.305,20) (-330.149,-521.438,20)
  f[1][1] pts=2 (-331.255,-525.972,20) (-330.149,-521.438,20)
joint 2 type=12 v0=1 v1=2 f0_0=4 f1_0=4 name=ss_e_ip_2 orient=1 div=1 shift=0.5 length=189.94 usd=20
  jv[0] pts=5 (-209.681,288.067,0) (-192.341,298.033,0) (-192.341,298.033,20) (-209.681,288.067,20) (-209.681,288.067,0)
  jv[1] pts=5 (-199.714,270.727,0) (-182.374,280.694,0) (-182.374,280.694,20) (-199.714,270.727,20) (-199.714,270.727,0)
  jv[2] pts=5 (-209.681,288.067,0) (-192.341,298.033,0) (-192.341,298.033,20) (-209.681,288.067,20) (-209.681,288.067,0)
  jv[3] pts=5 (-199.714,270.727,0) (-182.374,280.694,0) (-182.374,280.694,20) (-199.714,270.727,20) (-199.714,270.727,0)
  m[0][0] pts=4 (-194.865,282.357,0) (-200.711,272.461,0) (-208.684,286.333,0) (-197.19,286.403,0)
  m[0][1] pts=2 (-194.865,282.357,0) (-197.19,286.403,0)
  f[0][0] pts=4 (-194.865,282.357,0) (-183.371,282.428,0) (-191.344,296.3,0) (-197.19,286.403,0)
  f[0][1] pts=2 (-194.865,282.357,0) (-197.19,286.403,0)
  m[1][0] pts=4 (-194.865,282.357,20) (-200.711,272.461,20) (-208.684,286.333,20) (-197.19,286.403,20)
  m[1][1] pts=2 (-194.865,282.357,20) (-197.19,286.403,20)
  f[1][0] pts=4 (-194.865,282.357,20) (-183.371,282.428,20) (-191.344,296.3,20) (-197.19,286.403,20)
  f[1][1] pts=2 (-194.865,282.357,20) (-197.19,286.403,20)
joint 3 type=12 v0=1 v1=4 f0_0=7 f1_0=2 name=ss_e_ip_2 orient=1 div=2 shift=0.5 length=401.066 usd=20
  jv[0] pts=5 (-382.062,70.1117,0) (-386.263,50.5577,0) (-386.263,50.5577,20) (-382.062,70.1117,20) (-382.062,70.1117,0)
  jv[1] pts=5 (-401.616,74.312,0) (-405.817,54.758,0) (-405.817,54.758,20) (-401.616,74.312,20) (-401.616,74.312,0)
  jv[2] pts=5 (-382.062,70.1117,0) (-386.263,50.5577,0) (-386.263,50.5577,20) (-382.062,70.1117,20) (-382.062,70.1117,0)
  jv[3] pts=5 (-401.616,74.312,0) (-405.817,54.758,0) (-405.817,54.758,20) (-401.616,74.312,20) (-401.616,74.312,0)
  m[0][0] pts=8 (-494.251,83.9826,0) (-497.691,94.9497,0) (-482.048,91.5894,0) (-489.688,83.0025,0) (-298.191,41.8672,0) (-301.631,52.8343,0) (-285.988,49.474,0) (-293.628,40.8871,0)
  m[0][1] pts=2 (-494.251,83.9826,0) (-293.628,40.8871,0)
  f[0][0] pts=8 (-494.251,83.9826,0) (-501.892,75.3957,0) (-486.248,72.0354,0) (-489.688,83.0025,0) (-298.191,41.8672,0) (-305.831,33.2803,0) (-290.188,29.9201,0) (-293.628,40.8871,0)
  f[0][1] pts=2 (-494.251,83.9826,0) (-293.628,40.8871,0)
  m[1][0] pts=8 (-494.251,83.9826,20) (-497.691,94.9497,20) (-482.048,91.5894,20) (-489.688,83.0025,20) (-298.191,41.8672,20) (-301.631,52.8343,20) (-285.988,49.474,20) (-293.628,40.8871,20)
  m[1][1] pts=2 (-494.251,83.9826,20) (-293.628,40.8871,20)
  f[1][0] pts=8 (-494.251,83.9826,20) (-501.892,75.3957,20) (-486.248,72.0354,20) (-489.688,83.0025,20) (-298.191,41.8672,20) (-305.831,33.2803,20) (-290.188,29.9201,20) (-293.628,40.8871,20)
  f[1][1] pts=2 (-494.251,83.9826,20) (-293.628,40.8871,20)
joint 4 type=12 v0=1 v1=5 f0_0=3 f1_0=3 name=ss_e_ip_2 orient=1 div=2 shift=0.5 length=399.83 usd=20
  jv[0] pts=5 (-420.364,253.439,0) (-430.331,270.778,0) (-430.331,270.778,20) (-420.364,253.439,20) (-420.364,253.439,0)
  jv[1] pts=5 (-403.024,263.405,0) (-412.991,280.745,0) (-412.991,280.745,20) (-403.024,263.405,20) (-403.024,263.405,0)
  jv[2] pts=5 (-420.364,253.439,0) (-430.331,270.778,0) (-430.331,270.778,20) (-420.364,253.439,20) (-420.364,253.439,0)
  jv[3] pts=5 (-403.024,263.405,0) (-412.991,280.745,0) (-412.991,280.745,20) (-403.024,263.405,20) (-403.024,263.405,0)
  m[0][0] pts=8 (-327.993,318.067,0) (-318.097,312.222,0) (-331.969,304.248,0) (-332.039,315.742,0) (-501.316,218.442,0) (-491.42,212.596,0) (-505.291,204.622,0) (-505.362,216.116,0)
  m[0][1] pts=2 (-327.993,318.067,0) (-505.362,216.116,0)
  f[0][0] pts=8 (-327.993,318.067,0) (-328.064,329.561,0) (-341.936,321.588,0) (-332.039,315.742,0) (-501.316,218.442,0) (-501.386,229.935,0) (-515.258,221.962,0) (-505.362,216.116,0)
  f[0][1] pts=2 (-327.993,318.067,0) (-505.362,216.116,0)
  m[1][0] pts=8 (-327.993,318.067,20) (-318.097,312.222,20) (-331.969,304.248,20) (-332.039,315.742,20) (-501.316,218.442,20) (-491.42,212.596,20) (-505.291,204.622,20) (-505.362,216.116,20)
  m[1][1] pts=2 (-327.993,318.067,20) (-505.362,216.116,20)
  f[1][0] pts=8 (-327.993,318.067,20) (-328.064,329.561,20) (-341.936,321.588,20) (-332.039,315.742,20) (-501.316,218.442,20) (-501.386,229.935,20) (-515.258,221.962,20) (-505.362,216.116,20)
  f[1][1] pts=2 (-327.993,318.067,20) (-505.362,216.116,20)
joint 5 type=12 v0=1 v1=7 f0_0=6 f1_0=5 name=ss_e_ip_2 orient=1 div=1 shift=0.5 length=179.274 usd=20
  jv[0] pts=5 (-98.3642,9.17102,0) (-102.565,-10.3829,0) (-102.565,-10.3829,20) (-98.3642,9.17102,20) (-98.3642,9.17102,0)
  jv[1] pts=5 (-117.918,13.3714,0) (-122.119,-6.18259,0) (-122.119,-6.18259,20) (-117.918,13.3714,20) (-117.918,13.3714,0)
  jv[2] pts=5 (-98.3642,9.17102,0) (-102.565,-10.3829,0) (-102.565,-10.3829,20) (-98.3642,9.17102,20) (-98.3642,9.17102,0)
  jv[3] pts=5 (-117.918,13.3714,0) (-122.119,-6.18259,0) (-122.119,-6.18259,20) (-117.918,13.3714,20) (-117.918,13.3714,0)
  m[0][0] pts=4 (-112.523,1.98426,0) (-115.963,12.9513,0) (-100.32,9.59105,0) (-107.96,1.00417,0)
  m[0][1] pts=2 (-112.523,1.98426,0) (-107.96,1.00417,0)
  f[0][0] pts=4 (-112.523,1.98426,0) (-120.163,-6.60262,0) (-104.52,-9.9629,0) (-107.96,1.00417,0)
  f[0][1] pts=2 (-112.523,1.98426,0) (-107.96,1.00417,0)
  m[1][0] pts=4 (-112.523,1.98426,20) (-115.963,12.9513,20) (-100.32,9.59105,20) (-107.96,1.00417,20)
  m[1][1] pts=2 (-112.523,1.98426,20) (-107.96,1.00417,20)
  f[1][0] pts=4 (-112.523,1.98426,20) (-120.163,-6.60262,20) (-104.52,-9.9629,20) (-107.96,1.00417,20)
  f[1][1] pts=2 (-112.523,1.98426,20) (-107.96,1.00417,20)
joint 6 type=12 v0=1 v1=8 f0_0=5 f1_0=3 name=ss_e_ip_2 orient=1 div=1 shift=0.5 length=253.032 usd=20
  jv[0] pts=5 (-99.3051,96.0423,0) (-81.9655,106.009,0) (-81.9655,106.009,20) (-99.3051,96.0423,20) (-99.3051,96.0423,0)
  jv[1] pts=5 (-89.3382,78.7027,0) (-71.9986,88.6695,0) (-71.9986,88.6695,20) (-89.3382,78.7027,20) (-89.3382,78.7027,0)
  jv[2] pts=5 (-99.3051,96.0423,0) (-81.9655,106.009,0) (-81.9655,106.009,20) (-99.3051,96.0423,20) (-99.3051,96.0423,0)
  jv[3] pts=5 (-89.3382,78.7027,0) (-71.9986,88.6695,0) (-71.9986,88.6695,20) (-89.3382,78.7027,20) (-89.3382,78.7027,0)
  m[0][0] pts=4 (-84.4891,90.333,0) (-90.3349,80.4367,0) (-98.3084,94.3083,0) (-86.8146,94.3789,0)
  m[0][1] pts=2 (-84.4891,90.333,0) (-86.8146,94.3789,0)
  f[0][0] pts=4 (-84.4891,90.333,0) (-72.9953,90.4035,0) (-80.9688,104.275,0) (-86.8146,94.3789,0)
  f[0][1] pts=2 (-84.4891,90.333,0) (-86.8146,94.3789,0)
  m[1][0] pts=4 (-84.4891,90.333,20) (-90.3349,80.4367,20) (-98.3084,94.3083,20) (-86.8146,94.3789,20)
  m[1][1] pts=2 (-84.4891,90.333,20) (-86.8146,94.3789,20)
  f[1][0] pts=4 (-84.4891,90.333,20) (-72.9953,90.4035,20) (-80.9688,104.275,20) (-86.8146,94.3789,20)
  f[1][1] pts=2 (-84.4891,90.333,20) (-86.8146,94.3789,20)
joint 7 type=12 v0=2 v1=5 f0_0=5 f1_0=2 name=ss_e_ip_2 orient=1 div=1 shift=0.5 length=257.54 usd=20
  jv[0] pts=5 (-293.873,474.672,0) (-311.213,464.706,0) (-311.213,464.706,20) (-293.873,474.672,20) (-293.873,474.672,0)
  jv[1] pts=5 (-303.84,492.012,0) (-321.18,482.045,0) (-321.18,482.045,20) (-303.84,492.012,20) (-303.84,492.012,0)
  jv[2] pts=5 (-293.873,474.672,0) (-311.213,464.706,0) (-311.213,464.706,20) (-293.873,474.672,20) (-293.873,474.672,0)
  jv[3] pts=5 (-303.84,492.012,0) (-321.18,482.045,0) (-321.18,482.045,20) (-303.84,492.012,20) (-303.84,492.012,0)
  m[0][0] pts=4 (-308.689,480.382,0) (-302.844,490.278,0) (-294.87,476.406,0) (-306.364,476.336,0)
  m[0][1] pts=2 (-308.689,480.382,0) (-306.364,476.336,0)
  f[0][0] pts=4 (-308.689,480.382,0) (-320.183,480.311,0) (-312.21,466.44,0) (-306.364,476.336,0)
  f[0][1] pts=2 (-308.689,480.382,0) (-306.364,476.336,0)
  m[1][0] pts=4 (-308.689,480.382,20) (-302.844,490.278,20) (-294.87,476.406,20) (-306.364,476.336,20)
  m[1][1] pts=2 (-308.689,480.382,20) (-306.364,476.336,20)
  f[1][0] pts=4 (-308.689,480.382,20) (-320.183,480.311,20) (-312.21,466.44,20) (-306.364,476.336,20)
  f[1][1] pts=2 (-308.689,480.382,20) (-306.364,476.336,20)
joint 8 type=12 v0=2 v1=8 f0_0=3 f1_0=4 name=ss_e_ip_2 orient=1 div=3 shift=0.5 length=778.497 usd=20
  jv[0] pts=5 (192.457,409.675,0) (202.424,392.335,0) (202.424,392.335,20) (192.457,409.675,20) (192.457,409.675,0)
  jv[1] pts=5 (175.118,399.708,0) (185.085,382.368,0) (185.085,382.368,20) (175.118,399.708,20) (175.118,399.708,0)
  jv[2] pts=5 (192.457,409.675,0) (202.424,392.335,0) (202.424,392.335,20) (192.457,409.675,20) (192.457,409.675,0)
  jv[3] pts=5 (175.118,399.708,0) (185.085,382.368,0) (185.085,382.368,20) (175.118,399.708,20) (175.118,399.708,0)
  m[0][0] pts=12 (-38.2326,265.54,0) (-48.1289,271.385,0) (-34.2572,279.359,0) (-34.1867,267.865,0) (186.748,394.859,0) (176.852,400.705,0) (190.723,408.678,0) (190.794,397.184,0) (411.729,524.178,0) (401.832,530.024,0) (415.704,537.997,0) (415.775,526.503,0)
  m[0][1] pts=2 (-38.2326,265.54,0) (415.775,526.503,0)
  f[0][0] pts=12 (-38.2326,265.54,0) (-38.1621,254.046,0) (-24.2904,262.019,0) (-34.1867,267.865,0) (186.748,394.859,0) (186.819,383.365,0) (200.69,391.338,0) (190.794,397.184,0) (411.729,524.178,0) (411.799,512.684,0) (425.671,520.657,0) (415.775,526.503,0)
  f[0][1] pts=2 (-38.2326,265.54,0) (415.775,526.503,0)
  m[1][0] pts=12 (-38.2326,265.54,20) (-48.1289,271.385,20) (-34.2572,279.359,20) (-34.1867,267.865,20) (186.748,394.859,20) (176.852,400.705,20) (190.723,408.678,20) (190.794,397.184,20) (411.729,524.178,20) (401.832,530.024,20) (415.704,537.997,20) (415.775,526.503,20)
  m[1][1] pts=2 (-38.2326,265.54,20) (415.775,526.503,20)
  f[1][0] pts=12 (-38.2326,265.54,20) (-38.1621,254.046,20) (-24.2904,262.019,20) (-34.1867,267.865,20) (186.748,394.859,20) (186.819,383.365,20) (200.69,391.338,20) (190.794,397.184,20) (411.729,524.178,20) (411.799,512.684,20) (425.671,520.657,20) (415.775,526.503,20)
  f[1][1] pts=2 (-38.2326,265.54,20) (415.775,526.503,20)
joint 9 type=12 v0=3 v1=6 f0_0=2 f1_0=5 name=ss_e_ip_2 orient=1 div=1 shift=0.5 length=238.366 usd=20
  jv[0] pts=5 (-78.4147,-486.304,0) (-97.844,-481.56,0) (-97.844,-481.56,20) (-78.4147,-486.304,20) (-78.4147,-486.304,0)
  jv[1] pts=5 (-73.671,-466.875,0) (-93.1003,-462.131,0) (-93.1003,-462.131,20) (-73.671,-466.875,20) (-73.671,-466.875,0)
  jv[2] pts=5 (-78.4147,-486.304,0) (-97.844,-481.56,0) (-97.844,-481.56,20) (-78.4147,-486.304,20) (-78.4147,-486.304,0)
  jv[3] pts=5 (-73.671,-466.875,0) (-93.1003,-462.131,0) (-93.1003,-462.131,20) (-73.671,-466.875,20) (-73.671,-466.875,0)
  m[0][0] pts=4 (-85.2041,-471.951,0) (-74.1454,-468.818,0) (-77.9403,-484.361,0) (-86.3109,-476.484,0)
  m[0][1] pts=2 (-85.2041,-471.951,0) (-86.3109,-476.484,0)
  f[0][0] pts=4 (-85.2041,-471.951,0) (-93.5747,-464.074,0) (-97.3696,-479.618,0) (-86.3109,-476.484,0)
  f[0][1] pts=2 (-85.2041,-471.951,0) (-86.3109,-476.484,0)
  m[1][0] pts=4 (-85.2041,-471.951,20) (-74.1454,-468.818,20) (-77.9403,-484.361,20) (-86.3109,-476.484,20)
  m[1][1] pts=2 (-85.2041,-471.951,20) (-86.3109,-476.484,20)
  f[1][0] pts=4 (-85.2041,-471.951,20) (-93.5747,-464.074,20) (-97.3696,-479.618,20) (-86.3109,-476.484,20)
  f[1][1] pts=2 (-85.2041,-471.951,20) (-86.3109,-476.484,20)
joint 10 type=12 v0=3 v1=7 f0_0=3 f1_0=2 name=ss_e_ip_2 orient=1 div=3 shift=0.5 length=666.508 usd=20
  jv[0] pts=5 (254.169,-444.82,0) (258.912,-425.391,0) (258.912,-425.391,20) (254.169,-444.82,20) (254.169,-444.82,0)
  jv[1] pts=5 (273.598,-449.564,0) (278.342,-430.134,0) (278.342,-430.134,20) (273.598,-449.564,20) (273.598,-449.564,0)
  jv[2] pts=5 (254.169,-444.82,0) (258.912,-425.391,0) (258.912,-425.391,20) (254.169,-444.82,20) (254.169,-444.82,0)
  jv[3] pts=5 (273.598,-449.564,0) (278.342,-430.134,0) (278.342,-430.134,20) (273.598,-449.564,20) (273.598,-449.564,0)
  m[0][0] pts=12 (484.352,-490.725,0) (487.485,-501.784,0) (471.942,-497.989,0) (479.818,-489.618,0) (268.522,-438.031,0) (271.655,-449.089,0) (256.112,-445.294,0) (263.989,-436.924,0) (52.6923,-385.336,0) (55.8254,-396.395,0) (40.282,-392.6,0) (48.1587,-384.229,0)
  m[0][1] pts=2 (484.352,-490.725,0) (48.1587,-384.229,0)
  f[0][0] pts=12 (484.352,-490.725,0) (492.229,-482.355,0) (476.685,-478.56,0) (479.818,-489.618,0) (268.522,-438.031,0) (276.399,-429.66,0) (260.855,-425.865,0) (263.989,-436.924,0) (52.6923,-385.336,0) (60.569,-376.965,0) (45.0256,-373.171,0) (48.1587,-384.229,0)
  f[0][1] pts=2 (484.352,-490.725,0) (48.1587,-384.229,0)
  m[1][0] pts=12 (484.352,-490.725,20) (487.485,-501.784,20) (471.942,-497.989,20) (479.818,-489.618,20) (268.522,-438.031,20) (271.655,-449.089,20) (256.112,-445.294,20) (263.989,-436.924,20) (52.6923,-385.336,20) (55.8254,-396.395,20) (40.282,-392.6,20) (48.1587,-384.229,20)
  m[1][1] pts=2 (484.352,-490.725,20) (48.1587,-384.229,20)
  f[1][0] pts=12 (484.352,-490.725,20) (492.229,-482.355,20) (476.685,-478.56,20) (479.818,-489.618,20) (268.522,-438.031,20) (276.399,-429.66,20) (260.855,-425.865,20) (263.989,-436.924,20) (52.6923,-385.336,20) (60.569,-376.965,20) (45.0256,-373.171,20) (48.1587,-384.229,20)
  f[1][1] pts=2 (484.352,-490.725,20) (48.1587,-384.229,20)
joint 11 type=12 v0=4 v1=6 f0_0=4 f1_0=3 name=ss_e_ip_2 orient=1 div=1 shift=0.5 length=157.113 usd=20
  jv[0] pts=5 (-303.227,-369.009,0) (-283.798,-373.753,0) (-283.798,-373.753,20) (-303.227,-369.009,20) (-303.227,-369.009,0)
  jv[1] pts=5 (-307.97,-388.438,0) (-288.541,-393.182,0) (-288.541,-393.182,20) (-307.97,-388.438,20) (-307.97,-388.438,0)
  jv[2] pts=5 (-303.227,-369.009,0) (-283.798,-373.753,0) (-283.798,-373.753,20) (-303.227,-369.009,20) (-303.227,-369.009,0)
  jv[3] pts=5 (-307.97,-388.438,0) (-288.541,-393.182,0) (-288.541,-393.182,20) (-307.97,-388.438,20) (-307.97,-388.438,0)
  m[0][0] pts=4 (-296.437,-383.362,0) (-307.496,-386.495,0) (-303.701,-370.952,0) (-295.331,-378.829,0)
  m[0][1] pts=2 (-296.437,-383.362,0) (-295.331,-378.829,0)
  f[0][0] pts=4 (-296.437,-383.362,0) (-288.067,-391.239,0) (-284.272,-375.696,0) (-295.331,-378.829,0)
  f[0][1] pts=2 (-296.437,-383.362,0) (-295.331,-378.829,0)
  m[1][0] pts=4 (-296.437,-383.362,20) (-307.496,-386.495,20) (-303.701,-370.952,20) (-295.331,-378.829,20)
  m[1][1] pts=2 (-296.437,-383.362,20) (-295.331,-378.829,20)
  f[1][0] pts=4 (-296.437,-383.362,20) (-288.067,-391.239,20) (-284.272,-375.696,20) (-295.331,-378.829,20)
  f[1][1] pts=2 (-296.437,-383.362,20) (-295.331,-378.829,20)
joint 12 type=12 v0=4 v1=7 f0_0=3 f1_0=4 name=ss_e_ip_2 orient=1 div=2 shift=0.5 length=334.649 usd=20
  jv[0] pts=5 (-244.908,-130.144,0) (-225.479,-134.888,0) (-225.479,-134.888,20) (-244.908,-130.144,20) (-244.908,-130.144,0)
  jv[1] pts=5 (-249.652,-149.573,0) (-230.223,-154.317,0) (-230.223,-154.317,20) (-249.652,-149.573,20) (-249.652,-149.573,0)
  jv[2] pts=5 (-244.908,-130.144,0) (-225.479,-134.888,0) (-225.479,-134.888,20) (-244.908,-130.144,20) (-244.908,-130.144,0)
  jv[3] pts=5 (-249.652,-149.573,0) (-230.223,-154.317,0) (-230.223,-154.317,20) (-249.652,-149.573,20) (-249.652,-149.573,0)
  m[0][0] pts=8 (-257.962,-225.772,0) (-269.021,-228.905,0) (-265.226,-213.362,0) (-256.855,-221.239,0) (-218.276,-63.2223,0) (-229.334,-66.3554,0) (-225.539,-50.812,0) (-217.169,-58.6888,0)
  m[0][1] pts=2 (-257.962,-225.772,0) (-217.169,-58.6888,0)
  f[0][0] pts=8 (-257.962,-225.772,0) (-249.591,-233.649,0) (-245.797,-218.106,0) (-256.855,-221.239,0) (-218.276,-63.2223,0) (-209.905,-71.0991,0) (-206.11,-55.5556,0) (-217.169,-58.6888,0)
  f[0][1] pts=2 (-257.962,-225.772,0) (-217.169,-58.6888,0)
  m[1][0] pts=8 (-257.962,-225.772,20) (-269.021,-228.905,20) (-265.226,-213.362,20) (-256.855,-221.239,20) (-218.276,-63.2223,20) (-229.334,-66.3554,20) (-225.539,-50.812,20) (-217.169,-58.6888,20)
  m[1][1] pts=2 (-257.962,-225.772,20) (-217.169,-58.6888,20)
  f[1][0] pts=8 (-257.962,-225.772,20) (-249.591,-233.649,20) (-245.797,-218.106,20) (-256.855,-221.239,20) (-218.276,-63.2223,20) (-209.905,-71.0991,20) (-206.11,-55.5556,20) (-217.169,-58.6888,20)
  f[1][1] pts=2 (-257.962,-225.772,20) (-217.169,-58.6888,20)
joint 13 type=12 v0=6 v1=7 f0_0=4 f1_0=3 name=ss_e_ip_2 orient=1 div=1 shift=0.5 length=226.217 usd=20
  jv[0] pts=5 (-179.457,-338.951,0) (-174.713,-319.521,0) (-174.713,-319.521,20) (-179.457,-338.951,20) (-179.457,-338.951,0)
  jv[1] pts=5 (-160.028,-343.694,0) (-155.284,-324.265,0) (-155.284,-324.265,20) (-160.028,-343.694,20) (-160.028,-343.694,0)
  jv[2] pts=5 (-179.457,-338.951,0) (-174.713,-319.521,0) (-174.713,-319.521,20) (-179.457,-338.951,20) (-179.457,-338.951,0)
  jv[3] pts=5 (-160.028,-343.694,0) (-155.284,-324.265,0) (-155.284,-324.265,20) (-160.028,-343.694,20) (-160.028,-343.694,0)
  m[0][0] pts=4 (-165.104,-332.161,0) (-161.971,-343.22,0) (-177.514,-339.425,0) (-169.637,-331.055,0)
  m[0][1] pts=2 (-165.104,-332.161,0) (-169.637,-331.055,0)
  f[0][0] pts=4 (-165.104,-332.161,0) (-157.227,-323.791,0) (-172.771,-319.996,0) (-169.637,-331.055,0)
  f[0][1] pts=2 (-165.104,-332.161,0) (-169.637,-331.055,0)
  m[1][0] pts=4 (-165.104,-332.161,20) (-161.971,-343.22,20) (-177.514,-339.425,20) (-169.637,-331.055,20)
  m[1][1] pts=2 (-165.104,-332.161,20) (-169.637,-331.055,20)
  f[1][0] pts=4 (-165.104,-332.161,20) (-157.227,-323.791,20) (-172.771,-319.996,20) (-169.637,-331.055,20)
  f[1][1] pts=2 (-165.104,-332.161,20) (-169.637,-331.055,20)
joint 14 type=12 v0=7 v1=8 f0_0=6 f1_0=2 name=ss_e_ip_2 orient=1 div=3 shift=0.5 length=626.578 usd=20
  jv[0] pts=5 (271.821,-90.804,0) (276.021,-71.25,0) (276.021,-71.25,20) (271.821,-90.804,20) (271.821,-90.804,0)
  jv[1] pts=5 (291.375,-95.0043,0) (295.575,-75.4503,0) (295.575,-75.4503,20) (291.375,-95.0043,20) (291.375,-95.0043,0)
  jv[2] pts=5 (271.821,-90.804,0) (276.021,-71.25,0) (276.021,-71.25,20) (271.821,-90.804,20) (271.821,-90.804,0)
  jv[3] pts=5 (291.375,-95.0043,0) (295.575,-75.4503,0) (295.575,-75.4503,20) (291.375,-95.0043,20) (291.375,-95.0043,0)
  m[0][0] pts=12 (490.181,-127.481,0) (493.621,-138.448,0) (477.978,-135.088,0) (485.618,-126.501,0) (285.979,-83.6172,0) (289.42,-94.5843,0) (273.776,-91.224,0) (281.417,-82.6371,0) (81.7782,-39.7531,0) (85.2183,-50.7202,0) (69.5752,-47.3599,0) (77.2156,-38.773,0)
  m[0][1] pts=2 (490.181,-127.481,0) (77.2156,-38.773,0)
  f[0][0] pts=12 (490.181,-127.481,0) (497.821,-118.894,0) (482.178,-115.534,0) (485.618,-126.501,0) (285.979,-83.6172,0) (293.62,-75.0303,0) (277.977,-71.67,0) (281.417,-82.6371,0) (81.7782,-39.7531,0) (89.4187,-31.1663,0) (73.7755,-27.806,0) (77.2156,-38.773,0)
  f[0][1] pts=2 (490.181,-127.481,0) (77.2156,-38.773,0)
  m[1][0] pts=12 (490.181,-127.481,20) (493.621,-138.448,20) (477.978,-135.088,20) (485.618,-126.501,20) (285.979,-83.6172,20) (289.42,-94.5843,20) (273.776,-91.224,20) (281.417,-82.6371,20) (81.7782,-39.7531,20) (85.2183,-50.7202,20) (69.5752,-47.3599,20) (77.2156,-38.773,20)
  m[1][1] pts=2 (490.181,-127.481,20) (77.2156,-38.773,20)
  f[1][0] pts=12 (490.181,-127.481,20) (497.821,-118.894,20) (482.178,-115.534,20) (485.618,-126.501,20) (285.979,-83.6172,20) (293.62,-75.0303,20) (277.977,-71.67,20) (281.417,-82.6371,20) (81.7782,-39.7531,20) (89.4187,-31.1663,20) (73.7755,-27.806,20) (77.2156,-38.773,20)
  f[1][1] pts=2 (490.181,-127.481,20) (77.2156,-38.773,20)
joint 15 type=12 v0=9 v1=24 f0_0=4 f1_0=5 name=ss_e_ip_2 orient=1 div=1 shift=0.5 length=187.732 usd=20
  jv[0] pts=5 (1391.47,560.67,-74.3125) (1405.2,575.412,-73.0949) (1395.76,586.748,-59.3209) (1382.04,572.006,-60.5384) (1391.47,560.67,-74.3125)
  jv[1] pts=5 (1400.85,550.731,-59.7086) (1414.58,565.474,-58.4911) (1405.14,576.81,-44.7171) (1391.41,562.067,-45.9346) (1400.85,550.731,-59.7086)
  jv[2] pts=5 (1390.21,562.183,-72.4737) (1406.46,573.899,-74.9337) (1397.02,585.235,-61.1597) (1380.78,573.519,-58.6997) (1390.21,562.183,-72.4737)
  jv[3] pts=5 (1399.59,552.245,-57.8698) (1415.84,563.96,-60.3298) (1406.4,575.296,-46.5558) (1390.15,563.581,-44.0959) (1399.59,552.245,-57.8698)
  m[0][0] pts=4 (1404.12,561.912,-64.698) (1399.91,551.725,-61.169) (1392.41,559.676,-72.8521) (1401.93,564.231,-68.1055)
  m[0][1] pts=2 (1404.12,561.912,-64.698) (1401.93,564.231,-68.1055)
  f[0][0] pts=4 (1404.12,561.912,-64.698) (1414.9,564.954,-61.7902) (1407.4,572.905,-73.4733) (1401.93,564.231,-68.1055)
  f[0][1] pts=2 (1404.12,561.912,-64.698) (1401.93,564.231,-68.1055)
  m[1][0] pts=4 (1394.68,573.248,-50.924) (1390.48,563.061,-47.395) (1382.97,571.012,-59.0781) (1392.49,575.567,-54.3315)
  m[1][1] pts=2 (1394.68,573.248,-50.924) (1392.49,575.567,-54.3315)
  f[1][0] pts=4 (1394.68,573.248,-50.924) (1405.46,576.29,-48.0162) (1397.96,584.241,-59.6993) (1392.49,575.567,-54.3316)
  f[1][1] pts=2 (1394.68,573.248,-50.924) (1392.49,575.567,-54.3316)
joint 16 type=12 v0=9 v1=27 f0_0=5 f1_0=8 name=ss_e_ip_2 orient=1 div=1 shift=0.5 length=170.073 usd=20
  jv[0] pts=5 (1401.63,457.355,5.20505) (1414.6,451.918,19.6823) (1405.07,460.557,35.2342) (1392.1,465.994,20.7569) (1401.63,457.355,5.20505)
  jv[1] pts=5 (1391.25,440.526,8.18868) (1404.21,435.089,22.6659) (1394.68,443.728,38.2178) (1381.72,449.165,23.7406) (1391.25,440.526,8.18868)
  jv[2] pts=5 (1400.36,458.513,7.28956) (1415.88,450.76,17.5978) (1406.35,459.399,33.1497) (1390.83,467.152,22.8415) (1400.36,458.513,7.28956)
  jv[3] pts=5 (1389.97,441.684,10.2732) (1405.49,433.931,20.5815) (1395.96,442.57,36.1334) (1380.44,450.323,25.8251) (1389.97,441.684,10.2732)
  m[0][0] pts=4 (1401.71,444.258,14.2836) (1392.28,442.209,7.89032) (1400.59,455.672,5.50341) (1404.14,448.185,13.5874)
  m[0][1] pts=2 (1401.71,444.258,14.2836) (1404.14,448.185,13.5874)
  f[0][0] pts=4 (1401.71,444.258,14.2836) (1406.53,435.614,20.2831) (1414.84,449.077,17.8962) (1404.14,448.185,13.5874)
  f[0][1] pts=2 (1401.71,444.258,14.2836) (1404.14,448.185,13.5874)
  m[1][0] pts=4 (1392.18,452.898,29.8355) (1382.75,450.848,23.4422) (1391.06,464.311,21.0553) (1394.61,456.824,29.1393)
  m[1][1] pts=2 (1392.18,452.898,29.8355) (1394.61,456.824,29.1393)
  f[1][0] pts=4 (1392.18,452.898,29.8355) (1397,444.253,35.835) (1405.31,457.716,33.4481) (1394.61,456.824,29.1393)
  f[1][1] pts=2 (1392.18,452.898,29.8355) (1394.61,456.824,29.1393)
joint 17 type=12 v0=9 v1=32 f0_0=6 f1_0=2 name=ss_e_ip_2 orient=1 div=1 shift=0.5 length=154.507 usd=20
  jv[0] pts=5 (1316.34,393.516,-21.4641) (1307.95,375.95,-16.3246) (1295.71,383.283,-2.11767) (1304.1,400.849,-7.25724) (1316.34,393.516,-21.4641)
  jv[1] pts=5 (1302.08,396.315,-35.1998) (1293.68,378.749,-30.0602) (1281.44,386.082,-15.8533) (1289.84,403.648,-20.9929) (1302.08,396.315,-35.1998)
  jv[2] pts=5 (1302.68,401.698,-5.61122) (1297.13,382.434,-3.76366) (1309.37,375.101,-17.9706) (1314.93,394.365,-19.8181) (1302.68,401.698,-5.61122)
  jv[3] pts=5 (1288.42,404.497,-19.3468) (1282.86,385.232,-17.4993) (1295.1,377.9,-31.7062) (1300.66,397.164,-33.5538) (1288.42,404.497,-19.3468)
  m[0][0] pts=4 (1303.35,386.459,-27.3647) (1303.5,396.035,-33.8262) (1314.92,393.796,-22.8377) (1306.68,385.806,-24.1597)
  m[0][1] pts=2 (1303.35,386.459,-27.3647) (1306.68,385.806,-24.1597)
  f[0][0] pts=4 (1291.11,393.792,-13.1577) (1284.29,384.953,-16.1257) (1295.7,382.713,-5.13722) (1294.44,393.139,-9.95276)
  f[0][1] pts=2 (1291.11,393.792,-13.1577) (1294.44,393.139,-9.95276)
  m[1][0] pts=4 (1291.11,393.792,-13.1578) (1291.26,403.368,-19.6193) (1302.68,401.129,-8.6308) (1294.44,393.139,-9.95278)
  m[1][1] pts=2 (1291.11,393.792,-13.1578) (1294.44,393.139,-9.95278)
  f[1][0] pts=4 (1303.35,386.459,-27.3647) (1296.53,377.62,-30.3327) (1307.94,375.381,-19.3441) (1306.68,385.806,-24.1597)
  f[1][1] pts=2 (1303.35,386.459,-27.3647) (1306.68,385.806,-24.1597)
joint 18 type=12 v0=10 v1=21 f0_0=3 f1_0=2 name=ss_e_ip_2 orient=1 div=1 shift=0.5 length=160.622 usd=20
  jv[0] pts=5 (2380.38,511.904,-73.6926) (2393.58,497.07,-69.7727) (2404.88,506.523,-55.8885) (2391.68,521.358,-59.8084) (2380.38,511.904,-73.6926)
  jv[1] pts=5 (2368.37,505.036,-59.2462) (2381.58,490.201,-55.3263) (2392.88,499.654,-41.4421) (2379.67,514.489,-45.362) (2368.37,505.036,-59.2462)
  jv[2] pts=5 (2382.12,513.367,-71.5451) (2391.83,495.607,-71.9202) (2403.13,505.061,-58.036) (2393.42,522.82,-57.6609) (2382.12,513.367,-71.5451)
  jv[3] pts=5 (2370.12,506.498,-57.0987) (2379.83,488.739,-57.4737) (2391.13,498.192,-43.5895) (2381.42,515.951,-43.2145) (2370.12,506.498,-57.0987)
  m[0][0] pts=4 (2379.58,500.251,-62.824) (2369.57,505.723,-60.6908) (2379.18,511.218,-72.2479) (2382.38,501.854,-66.1948)
  m[0][1] pts=2 (2379.58,500.251,-62.824) (2382.38,501.854,-66.1948)
  f[0][0] pts=4 (2379.58,500.251,-62.824) (2381.03,489.426,-58.9184) (2390.63,494.921,-70.4755) (2382.38,501.854,-66.1948)
  f[0][1] pts=2 (2379.58,500.251,-62.824) (2382.38,501.854,-66.1948)
  m[1][0] pts=4 (2390.87,509.705,-48.9398) (2380.87,515.176,-46.8066) (2390.48,520.671,-58.3638) (2393.68,511.307,-52.3107)
  m[1][1] pts=2 (2390.87,509.705,-48.9398) (2393.68,511.307,-52.3107)
  f[1][0] pts=4 (2390.87,509.705,-48.9398) (2392.33,498.879,-45.0342) (2401.93,504.374,-56.5913) (2393.68,511.307,-52.3106)
  f[1][1] pts=2 (2390.87,509.705,-48.9398) (2393.68,511.307,-52.3106)
joint 19 type=12 v0=10 v1=26 f0_0=4 f1_0=8 name=ss_e_ip_2 orient=1 div=1 shift=0.5 length=134.643 usd=20
  jv[0] pts=5 (2283.1,499.186,5.3765) (2282.9,484.073,18.89) (2292.12,493.344,34.3828) (2292.32,508.457,20.8693) (2283.1,499.186,5.3765)
  jv[1] pts=5 (2265.37,505.49,12.158) (2265.17,490.377,25.6715) (2274.39,499.648,41.1644) (2274.6,514.76,27.6509) (2265.37,505.49,12.158)
  jv[2] pts=5 (2293.83,509.976,23.4087) (2290.61,491.825,31.8434) (2281.38,482.554,16.3506) (2284.61,500.705,7.91588) (2293.83,509.976,23.4087)
  jv[3] pts=5 (2276.11,516.28,30.1903) (2272.88,498.128,38.625) (2263.66,488.858,23.1321) (2266.88,507.009,14.6974) (2276.11,516.28,30.1903)
  m[0][0] pts=4 (2272.07,495.517,16.3152) (2267.14,504.859,11.4799) (2281.33,499.816,6.05465) (2276.2,494.046,14.7328)
  m[0][1] pts=2 (2272.07,495.517,16.3152) (2276.2,494.046,14.7328)
  f[0][0] pts=4 (2281.29,504.788,31.808) (2274.65,497.498,37.9468) (2288.83,492.455,32.5216) (2285.43,503.317,30.2257)
  f[0][1] pts=2 (2281.29,504.788,31.808) (2285.43,503.317,30.2257)
  m[1][0] pts=4 (2281.29,504.788,31.808) (2276.37,514.13,26.9727) (2290.55,509.087,21.5475) (2285.43,503.317,30.2257)
  m[1][1] pts=2 (2281.29,504.788,31.808) (2285.43,503.317,30.2257)
  f[1][0] pts=4 (2272.07,495.517,16.3152) (2265.43,488.227,22.454) (2279.61,483.184,17.0287) (2276.2,494.046,14.7328)
  f[1][1] pts=2 (2272.07,495.517,16.3152) (2276.2,494.046,14.7328)
joint 20 type=12 v0=10 v1=29 f0_0=5 f1_0=2 name=ss_e_ip_2 orient=1 div=1 shift=0.5 length=146.689 usd=20
  jv[0] pts=5 (2192.69,566.892,8.50399) (2177.61,563.882,21.6766) (2184.53,575.164,36.9948) (2199.61,578.174,23.8223) (2192.69,566.892,8.50399)
  jv[1] pts=5 (2183.07,582.803,1.13215) (2167.99,579.793,14.3047) (2174.91,591.074,29.623) (2189.99,594.084,16.4504) (2183.07,582.803,1.13215)
  jv[2] pts=5 (2200.68,579.921,26.195) (2183.46,573.416,34.6221) (2176.54,562.135,19.3038) (2193.76,568.639,10.8767) (2200.68,579.921,26.195)
  jv[3] pts=5 (2191.06,595.832,18.8231) (2173.84,589.327,27.2503) (2166.92,578.045,11.932) (2184.14,584.55,3.50487) (2191.06,595.832,18.8231)
  m[0][0] pts=4 (2179.22,575.199,10.5443) (2184.03,581.212,1.86934) (2191.72,568.483,7.76681) (2181.46,571.486,12.2644)
  m[0][1] pts=2 (2179.22,575.199,10.5443) (2181.46,571.486,12.2644)
  f[0][0] pts=4 (2186.14,586.48,25.8626) (2174.8,587.736,27.9875) (2182.5,575.007,33.8849) (2188.38,582.768,27.5827)
  f[0][1] pts=2 (2186.14,586.48,25.8626) (2188.38,582.768,27.5827)
  m[1][0] pts=4 (2186.14,586.48,25.8626) (2190.95,592.493,17.1876) (2198.65,579.765,23.0851) (2188.38,582.768,27.5827)
  m[1][1] pts=2 (2186.14,586.48,25.8626) (2188.38,582.768,27.5827)
  f[1][0] pts=4 (2179.22,575.199,10.5443) (2167.88,576.454,12.6692) (2175.58,563.726,18.5667) (2181.46,571.486,12.2644)
  f[1][1] pts=2 (2179.22,575.199,10.5443) (2181.46,571.486,12.2644)
joint 21 type=12 v0=10 v1=30 f0_0=6 f1_0=2 name=ss_e_ip_2 orient=1 div=1 shift=0.5 length=70.2922 usd=20
  jv[0] pts=5 (2158.54,643.166,-35.1734) (2140.87,652.194,-30.8449) (2147.07,665.505,-16.8177) (2164.73,656.477,-21.1462) (2158.54,643.166,-35.1734)
  jv[1] pts=5 (2161.93,656.691,-49.5094) (2144.27,665.719,-45.1809) (2150.47,679.03,-31.1537) (2168.13,670.002,-35.4822) (2161.93,656.691,-49.5094)
  jv[2] pts=5 (2165.81,658.781,-18.7179) (2145.99,663.201,-19.2459) (2139.8,649.89,-33.2731) (2159.61,645.47,-32.7451) (2165.81,658.781,-18.7179)
  jv[3] pts=5 (2169.21,672.306,-33.054) (2149.39,676.726,-33.582) (2143.19,663.415,-47.6092) (2163.01,658.995,-47.0812) (2169.21,672.306,-33.054)
  m[0][0] pts=4 (2151.8,656.021,-41.8497) (2161.59,655.339,-48.0758) (2158.88,644.519,-36.607) (2151.01,652.865,-38.5046)
  m[0][1] pts=2 (2151.8,656.021,-41.8497) (2151.01,652.865,-38.5046)
  f[0][0] pts=4 (2158,669.331,-27.8225) (2149.05,675.373,-32.1484) (2146.33,664.553,-20.6795) (2157.2,666.176,-24.4774)
  f[0][1] pts=2 (2158,669.331,-27.8225) (2157.2,666.176,-24.4774)
  m[1][0] pts=4 (2158,669.331,-27.8225) (2167.79,668.649,-34.0486) (2165.07,657.829,-22.5798) (2157.2,666.176,-24.4774)
  m[1][1] pts=2 (2158,669.331,-27.8225) (2157.2,666.176,-24.4774)
  f[1][0] pts=4 (2151.8,656.021,-41.8497) (2142.86,662.063,-46.1756) (2140.14,651.243,-34.7067) (2151.01,652.865,-38.5046)
  f[1][1] pts=2 (2151.8,656.021,-41.8497) (2151.01,652.865,-38.5046)
joint 22 type=12 v0=11 v1=16 f0_0=5 f1_0=6 name=ss_e_ip_2 orient=1 div=1 shift=0.5 length=132.54 usd=20
  jv[0] pts=5 (2441.51,-170.25,-1.90503) (2447.68,-151.789,4.43484) (2460.27,-156.462,19.8771) (2454.11,-174.923,13.5372) (2441.51,-170.25,-1.90503)
  jv[1] pts=5 (2456.88,-170.999,-14.6751) (2463.05,-152.538,-8.33528) (2475.65,-157.211,7.10694) (2469.48,-175.672,0.767074) (2456.88,-170.999,-14.6751)
  jv[2] pts=5 (2456.79,-175.919,16.8284) (2457.59,-155.466,16.5859) (2444.99,-150.793,1.14367) (2444.19,-171.246,1.38618) (2456.79,-175.919,16.8284)
  jv[3] pts=5 (2472.17,-176.668,4.05827) (2472.96,-156.215,3.81576) (2460.36,-151.542,-11.6264) (2459.57,-171.995,-11.3839) (2472.17,-176.668,4.05827)
  m[0][0] pts=4 (2454.07,-161.481,-6.61) (2455.35,-170.924,-13.3981) (2443.05,-170.325,-3.18204) (2450.49,-161.307,-3.63031)
  m[0][1] pts=2 (2454.07,-161.481,-6.61) (2450.49,-161.307,-3.63031)
  f[0][0] pts=4 (2466.67,-166.155,8.83223) (2471.43,-156.14,5.09277) (2459.13,-155.541,15.3089) (2463.08,-165.98,11.8119)
  f[0][1] pts=2 (2466.67,-166.155,8.83223) (2463.08,-165.98,11.8119)
  m[1][0] pts=4 (2466.67,-166.155,8.83222) (2467.94,-175.598,2.04409) (2455.65,-174.998,12.2602) (2463.08,-165.98,11.8119)
  m[1][1] pts=2 (2466.67,-166.155,8.83222) (2463.08,-165.98,11.8119)
  f[1][0] pts=4 (2454.07,-161.481,-6.60998) (2458.83,-151.467,-10.3494) (2446.53,-150.868,-0.13334) (2450.49,-161.307,-3.63028)
  f[1][1] pts=2 (2454.07,-161.481,-6.60998) (2450.49,-161.307,-3.63028)
joint 23 type=12 v0=11 v1=22 f0_0=3 f1_0=2 name=ss_e_ip_2 orient=1 div=2 shift=0.5 length=354.131 usd=20
  jv[0] pts=5 (2301.74,-384.284,-20.7197) (2285.25,-392.158,-12.3221) (2294.79,-401.597,2.65508) (2311.29,-393.723,-5.7426) (2301.74,-384.284,-20.7197)
  jv[1] pts=5 (2299.82,-368.017,-9.24332) (2283.33,-375.891,-0.84564) (2292.87,-385.33,14.1315) (2309.36,-377.456,5.73381) (2299.82,-368.017,-9.24332)
  jv[2] pts=5 (2312.29,-394.719,-4.16215) (2293.79,-400.601,1.07463) (2284.24,-391.162,-13.9025) (2302.75,-385.28,-19.1393) (2312.29,-394.719,-4.16215)
  jv[3] pts=5 (2310.37,-378.452,7.31426) (2291.86,-384.334,12.551) (2282.32,-374.895,-2.42609) (2300.83,-369.013,-7.66288) (2310.37,-378.452,7.31426)
  m[0][0] pts=8 (2283.8,-306.184,41.3582) (2291.5,-297.639,40.411) (2293.04,-310.652,31.2298) (2284.25,-309.98,38.6803) (2300.82,-450.195,-60.2457) (2308.52,-441.65,-61.1929) (2310.06,-454.663,-70.374) (2301.27,-453.991,-62.9235)
  m[0][1] pts=2 (2283.8,-306.184,41.3582) (2301.27,-453.991,-62.9235)
  f[0][0] pts=8 (2293.34,-315.623,56.3353) (2283.55,-313.955,62.2053) (2285.08,-326.968,53.0242) (2293.79,-319.419,53.6575) (2310.36,-459.634,-45.2686) (2300.57,-457.966,-39.3985) (2302.1,-470.979,-48.5796) (2310.81,-463.43,-47.9464)
  f[0][1] pts=2 (2293.34,-315.623,56.3353) (2310.81,-463.43,-47.9464)
  m[1][0] pts=8 (2293.34,-315.623,56.3353) (2301.05,-307.077,55.3881) (2302.58,-320.091,46.207) (2293.79,-319.419,53.6575) (2310.36,-459.634,-45.2686) (2318.07,-451.088,-46.2158) (2319.6,-464.102,-55.3969) (2310.81,-463.43,-47.9464)
  m[1][1] pts=2 (2293.34,-315.623,56.3353) (2310.81,-463.43,-47.9464)
  f[1][0] pts=8 (2283.8,-306.184,41.3581) (2274,-304.516,47.2282) (2275.54,-317.53,38.0471) (2284.25,-309.98,38.6803) (2300.82,-450.195,-60.2457) (2291.02,-448.527,-54.3757) (2292.56,-461.541,-63.5568) (2301.27,-453.991,-62.9235)
  f[1][1] pts=2 (2283.8,-306.184,41.3581) (2301.27,-453.991,-62.9235)
joint 24 type=12 v0=11 v1=34 f0_0=4 f1_0=2 name=ss_e_ip_2 orient=1 div=1 shift=0.5 length=159.364 usd=20
  jv[0] pts=5 (2332.88,-210.946,60.2339) (2328.64,-195.586,73.0108) (2339.06,-201.081,89.6916) (2343.3,-216.441,76.9148) (2332.88,-210.946,60.2339)
  jv[1] pts=5 (2348.86,-200.963,53.5329) (2344.62,-185.603,66.3098) (2355.05,-191.098,82.9907) (2359.28,-206.458,70.2138) (2348.86,-200.963,53.5329)
  jv[2] pts=5 (2345.42,-217.555,80.296) (2336.95,-199.967,86.3104) (2326.53,-194.473,69.6295) (2334.99,-212.06,63.6151) (2345.42,-217.555,80.296)
  jv[3] pts=5 (2361.4,-207.571,73.595) (2352.93,-189.984,79.6094) (2342.51,-184.489,62.9285) (2350.97,-202.077,56.9141) (2361.4,-207.571,73.595)
  m[0][0] pts=4 (2340.61,-197.11,62.4901) (2347.26,-201.962,54.203) (2334.47,-209.948,59.5638) (2336.88,-199.439,64.0536)
  m[0][1] pts=2 (2340.61,-197.11,62.4901) (2336.88,-199.439,64.0536)
  f[0][0] pts=4 (2351.04,-202.604,79.1709) (2351.34,-190.982,80.2795) (2338.55,-198.969,85.6403) (2347.31,-204.934,80.7345)
  f[0][1] pts=2 (2351.04,-202.604,79.1709) (2347.31,-204.934,80.7345)
  m[1][0] pts=4 (2351.04,-202.604,79.1709) (2357.69,-207.456,70.8839) (2344.9,-215.443,76.2447) (2347.31,-204.934,80.7345)
  m[1][1] pts=2 (2351.04,-202.604,79.1709) (2347.31,-204.934,80.7345)
  f[1][0] pts=4 (2340.61,-197.11,62.49) (2340.91,-185.488,63.5986) (2328.12,-193.474,68.9594) (2336.88,-199.439,64.0536)
  f[1][1] pts=2 (2340.61,-197.11,62.49) (2336.88,-199.439,64.0536)
joint 25 type=12 v0=12 v1=24 f0_0=2 f1_0=3 name=ss_e_ip_2 orient=1 div=1 shift=0.5 length=207.623 usd=20
  jv[0] pts=5 (1653.56,613.55,15.9323) (1635.79,620.382,9.05206) (1631.06,632.822,24.3135) (1648.84,625.99,31.1938) (1653.56,613.55,15.9323)
  jv[1] pts=5 (1662.94,628.553,6.60532) (1645.16,635.385,-0.274907) (1640.44,647.825,14.9866) (1658.22,640.993,21.8668) (1662.94,628.553,6.60532)
  jv[2] pts=5 (1648.1,627.93,33.5743) (1631.8,630.881,21.933) (1636.53,618.441,6.6715) (1652.83,615.491,18.3128) (1648.1,627.93,33.5743)
  jv[3] pts=5 (1657.48,642.934,24.2474) (1641.18,645.884,12.606) (1645.9,633.445,-2.65547) (1662.2,630.494,8.98588) (1657.48,642.934,24.2474)
  m[0][0] pts=4 (1650.46,626.218,6.74054) (1662,627.053,7.53801) (1654.5,615.051,14.9996) (1648.27,622.717,8.91683)
  m[0][1] pts=2 (1650.46,626.218,6.74054) (1648.27,622.717,8.91683)
  f[0][0] pts=4 (1645.73,638.658,22.002) (1640.24,644.384,13.5387) (1632.74,632.381,21.0003) (1643.55,635.157,24.1783)
  f[0][1] pts=2 (1645.73,638.658,22.002) (1643.55,635.157,24.1783)
  m[1][0] pts=4 (1645.73,638.658,22.002) (1657.28,639.493,22.7995) (1649.78,627.49,30.2611) (1643.55,635.157,24.1783)
  m[1][1] pts=2 (1645.73,638.658,22.002) (1643.55,635.157,24.1783)
  f[1][0] pts=4 (1650.46,626.218,6.74054) (1644.96,631.944,-1.72277) (1637.46,619.942,5.7388) (1648.27,622.717,8.91683)
  f[1][1] pts=2 (1650.46,626.218,6.74054) (1648.27,622.717,8.91683)
joint 26 type=12 v0=12 v1=27 f0_0=7 f1_0=3 name=ss_e_ip_2 orient=1 div=1 shift=0.5 length=101.475 usd=20
  jv[0] pts=5 (1640.86,511.972,85.146) (1623.63,502.333,89.7996) (1618.8,512.093,106.913) (1636.03,521.733,102.26) (1640.86,511.972,85.146)
  jv[1] pts=5 (1630.49,525.4,74.5569) (1613.26,515.761,79.2105) (1608.42,525.521,96.3242) (1625.66,535.161,91.6706) (1630.49,525.4,74.5569)
  jv[2] pts=5 (1635.22,523.366,105.124) (1619.6,510.459,104.049) (1624.44,500.699,86.9349) (1640.05,513.606,88.0107) (1635.22,523.366,105.124)
  jv[3] pts=5 (1624.85,536.795,94.5353) (1609.23,523.888,93.4595) (1614.07,514.127,76.3458) (1629.68,527.034,77.4216) (1624.85,536.795,94.5353)
  m[0][0] pts=4 (1625.85,515.433,80.9429) (1631.53,524.057,75.6158) (1639.83,513.315,84.0871) (1628.27,512.3,83.4137)
  m[0][1] pts=2 (1625.85,515.433,80.9429) (1628.27,512.3,83.4137)
  f[0][0] pts=4 (1621.02,525.194,98.0565) (1610.27,522.545,94.5184) (1618.57,511.802,102.99) (1623.44,522.06,100.527)
  f[0][1] pts=2 (1621.02,525.194,98.0565) (1623.44,522.06,100.527)
  m[1][0] pts=4 (1621.02,525.194,98.0565) (1626.69,533.818,92.7295) (1634.99,523.075,101.201) (1623.44,522.06,100.527)
  m[1][1] pts=2 (1621.02,525.194,98.0565) (1623.44,522.06,100.527)
  f[1][0] pts=4 (1625.85,515.433,80.9429) (1615.11,512.784,77.4047) (1623.4,502.042,85.876) (1628.27,512.3,83.4136)
  f[1][1] pts=2 (1625.85,515.433,80.9429) (1628.27,512.3,83.4136)
joint 27 type=12 v0=12 v1=29 f0_0=5 f1_0=6 name=ss_e_ip_2 orient=1 div=1 shift=0.5 length=137.733 usd=20
  jv[0] pts=5 (1911.69,552.901,88.9965) (1931.55,551.165,92.5777) (1932.73,562.265,109.477) (1912.87,564.002,105.896) (1911.69,552.901,88.9965)
  jv[1] pts=5 (1908.28,536.54,99.9815) (1928.14,534.804,103.563) (1929.32,545.904,120.462) (1909.46,547.641,116.881) (1908.28,536.54,99.9815)
  jv[2] pts=5 (1911.88,554.652,91.6619) (1931.36,549.414,89.9123) (1932.54,560.514,106.812) (1913.06,565.752,108.561) (1911.88,554.652,91.6619)
  jv[3] pts=5 (1908.47,538.291,102.647) (1927.95,533.053,100.897) (1929.13,544.153,117.797) (1909.65,549.391,119.547) (1908.47,538.291,102.647)
  m[0][0] pts=4 (1919.52,541.944,97.5612) (1908.62,538.176,98.883) (1911.35,551.265,90.095) (1920.31,545.761,94.998)
  m[0][1] pts=2 (1919.52,541.944,97.5612) (1920.31,545.761,94.998)
  f[0][0] pts=4 (1919.52,541.944,97.5612) (1928.29,534.689,99.7988) (1931.02,547.778,91.0108) (1920.31,545.761,94.998)
  f[0][1] pts=2 (1919.52,541.944,97.5612) (1920.31,545.761,94.998)
  m[1][0] pts=4 (1920.7,553.044,114.461) (1909.8,549.277,115.783) (1912.53,562.366,106.995) (1921.49,556.862,111.898)
  m[1][1] pts=2 (1920.7,553.044,114.461) (1921.49,556.862,111.898)
  f[1][0] pts=4 (1920.7,553.044,114.461) (1929.47,545.789,116.698) (1932.2,558.878,107.91) (1921.49,556.862,111.898)
  f[1][1] pts=2 (1920.7,553.044,114.461) (1921.49,556.862,111.898)
joint 28 type=12 v0=12 v1=30 f0_0=4 f1_0=4 name=ss_e_ip_2 orient=1 div=1 shift=0.5 length=183.669 usd=20
  jv[0] pts=5 (1862.21,656.451,10.9824) (1878.15,667.475,5.21048) (1878.57,680.487,20.6875) (1862.63,669.463,26.4594) (1862.21,656.451,10.9824)
  jv[1] pts=5 (1874.36,644.131,21.0123) (1890.3,655.155,15.2404) (1890.72,668.167,30.7174) (1874.78,657.143,36.4893) (1874.36,644.131,21.0123)
  jv[2] pts=5 (1862.27,658.384,13.2823) (1878.09,665.542,2.91064) (1878.51,678.554,18.3877) (1862.69,671.397,28.7593) (1862.27,658.384,13.2823)
  jv[3] pts=5 (1874.42,646.065,23.3121) (1890.24,653.222,12.9405) (1890.66,666.234,28.4175) (1874.84,659.077,38.7892) (1874.42,646.065,23.3121)
  m[0][0] pts=4 (1877.67,654.366,14.2815) (1873.14,645.363,20.0093) (1863.42,655.219,11.9854) (1874.84,657.24,11.9412)
  m[0][1] pts=2 (1877.67,654.366,14.2815) (1874.84,657.24,11.9412)
  f[0][0] pts=4 (1877.67,654.366,14.2815) (1889.02,654.454,11.9375) (1879.3,664.31,3.91363) (1874.84,657.24,11.9412)
  f[0][1] pts=2 (1877.67,654.366,14.2815) (1874.84,657.24,11.9412)
  m[1][0] pts=4 (1878.09,667.378,29.7586) (1873.56,658.375,35.4863) (1863.84,668.231,27.4624) (1875.26,670.253,27.4182)
  m[1][1] pts=2 (1878.09,667.378,29.7586) (1875.26,670.253,27.4182)
  f[1][0] pts=4 (1878.09,667.378,29.7586) (1889.44,667.466,27.4146) (1879.72,677.322,19.3907) (1875.26,670.253,27.4183)
  f[1][1] pts=2 (1878.09,667.378,29.7586) (1875.26,670.253,27.4183)
joint 29 type=12 v0=12 v1=37 f0_0=6 f1_0=7 name=ss_e_ip_2 orient=1 div=1 shift=0.5 length=259.145 usd=20
  jv[0] pts=5 (1791.1,492.727,116.492) (1790.53,476.181,127.945) (1788.51,485.667,145.587) (1789.08,502.213,134.134) (1791.1,492.727,116.492)
  jv[1] pts=5 (1771.2,492.08,114.566) (1770.63,475.534,126.019) (1768.61,485.02,143.661) (1769.18,501.566,132.208) (1771.2,492.08,114.566)
  jv[2] pts=5 (1788.85,503.295,136.146) (1788.74,484.585,143.574) (1790.76,475.098,125.933) (1790.87,493.809,118.505) (1788.85,503.295,136.146)
  jv[3] pts=5 (1768.95,502.648,134.22) (1768.84,483.938,141.648) (1770.86,474.451,124.007) (1770.97,493.162,116.579) (1768.95,502.648,134.22)
  m[0][0] pts=4 (1778.54,484.055,121.031) (1773.19,492.144,114.759) (1789.11,492.662,116.3) (1783.18,484.206,121.481)
  m[0][1] pts=2 (1778.54,484.055,121.031) (1783.18,484.206,121.481)
  f[0][0] pts=4 (1776.53,493.541,138.672) (1770.83,484.002,141.841) (1786.75,484.52,143.382) (1781.17,493.692,139.122)
  f[0][1] pts=2 (1776.53,493.541,138.672) (1781.17,493.692,139.122)
  m[1][0] pts=4 (1776.53,493.541,138.672) (1771.17,501.631,132.4) (1787.09,502.148,133.941) (1781.17,493.692,139.122)
  m[1][1] pts=2 (1776.53,493.541,138.672) (1781.17,493.692,139.122)
  f[1][0] pts=4 (1778.54,484.055,121.031) (1772.85,474.516,124.199) (1788.77,475.034,125.74) (1783.18,484.206,121.481)
  f[1][1] pts=2 (1778.54,484.055,121.031) (1783.18,484.206,121.481)
joint 30 type=12 v0=13 v1=17 f0_0=5 f1_0=2 name=ss_e_ip_2 orient=1 div=1 shift=0.5 length=163.223 usd=20
  jv[0] pts=5 (2019.25,-86.7183,210.207) (2016.41,-106.824,211.109) (2020.14,-110.128,230.812) (2022.98,-90.0227,229.911) (2019.25,-86.7183,210.207)
  jv[1] pts=5 (1999.9,-83.7979,214.363) (1997.06,-103.903,215.264) (2000.8,-107.208,234.968) (2003.64,-87.1023,234.067) (1999.9,-83.7979,214.363)
  jv[2] pts=5 (2023.65,-90.6113,233.421) (2019.47,-109.539,227.303) (2015.74,-106.235,207.599) (2019.91,-87.3069,213.717) (2023.65,-90.6113,233.421)
  jv[3] pts=5 (2004.3,-87.6909,237.577) (2000.13,-106.619,231.459) (1996.4,-103.315,211.755) (2000.57,-84.3865,217.873) (2004.3,-87.6909,237.577)
  m[0][0] pts=4 (2005.9,-94.97,213.221) (2001.84,-84.09,213.947) (2017.31,-86.4263,210.623) (2010.41,-95.6514,212.251)
  m[0][1] pts=2 (2005.9,-94.97,213.221) (2010.41,-95.6514,212.251)
  f[0][0] pts=4 (2009.63,-98.2744,232.925) (2002.06,-106.911,231.043) (2017.54,-109.247,227.718) (2014.15,-98.9558,231.955)
  f[0][1] pts=2 (2009.63,-98.2744,232.925) (2014.15,-98.9558,231.955)
  m[1][0] pts=4 (2009.63,-98.2744,232.925) (2005.57,-87.3943,233.651) (2021.05,-89.7307,230.327) (2014.15,-98.9558,231.955)
  m[1][1] pts=2 (2009.63,-98.2744,232.925) (2014.15,-98.9558,231.955)
  f[1][0] pts=4 (2005.9,-94.97,213.221) (1998.33,-103.607,211.339) (2013.81,-105.943,208.014) (2010.41,-95.6514,212.251)
  f[1][1] pts=2 (2005.9,-94.97,213.221) (2010.41,-95.6514,212.251)
joint 31 type=12 v0=13 v1=25 f0_0=7 f1_0=2 name=ss_e_ip_2 orient=1 div=1 shift=0.5 length=224.854 usd=20
  jv[0] pts=5 (1917.22,96.3503,229.751) (1898.77,103.711,233.649) (1900.19,105.115,253.79) (1918.63,97.7548,249.892) (1917.22,96.3503,229.751)
  jv[1] pts=5 (1924.27,114.979,227.957) (1905.83,122.339,231.855) (1907.24,123.744,251.995) (1925.69,116.383,248.098) (1924.27,114.979,227.957)
  jv[2] pts=5 (1918.85,97.97,252.978) (1899.97,104.9,250.704) (1898.56,103.496,230.564) (1917.44,96.5655,232.837) (1918.85,97.97,252.978)
  jv[3] pts=5 (1925.9,116.598,251.183) (1907.02,123.529,248.91) (1905.61,122.124,228.769) (1924.49,115.194,231.043) (1925.9,116.598,251.183)
  m[0][0] pts=4 (1912.35,111.518,230.594) (1923.57,113.116,228.136) (1917.92,98.2132,229.572) (1910.7,107.171,231.012)
  m[0][1] pts=2 (1912.35,111.518,230.594) (1910.7,107.171,231.012)
  f[0][0] pts=4 (1913.76,112.923,250.734) (1906.32,121.666,249.089) (1900.68,106.763,250.525) (1912.11,108.576,251.153)
  f[0][1] pts=2 (1913.76,112.923,250.734) (1912.11,108.576,251.153)
  m[1][0] pts=4 (1913.76,112.923,250.734) (1924.98,114.52,248.277) (1919.34,99.6177,249.712) (1912.11,108.576,251.153)
  m[1][1] pts=2 (1913.76,112.923,250.734) (1912.11,108.576,251.153)
  f[1][0] pts=4 (1912.35,111.518,230.594) (1904.91,120.261,228.949) (1899.26,105.359,230.384) (1910.7,107.171,231.012)
  f[1][1] pts=2 (1912.35,111.518,230.594) (1910.7,107.171,231.012)
joint 32 type=12 v0=13 v1=26 f0_0=3 f1_0=5 name=ss_e_ip_2 orient=1 div=1 shift=0.5 length=61.1024 usd=20
  jv[0] pts=5 (2178.9,195.387,171.573) (2191.44,211.212,168.627) (2198.18,214.633,187.585) (2185.63,198.809,190.531) (2178.9,195.387,171.573)
  jv[1] pts=5 (2194.09,182.762,168.455) (2206.64,198.586,165.509) (2213.37,202.007,184.467) (2200.83,186.183,187.413) (2194.09,182.762,168.455)
  jv[2] pts=5 (2180.24,196.067,175.34) (2190.1,210.532,164.859) (2196.84,213.953,183.817) (2186.97,199.489,194.298) (2180.24,196.067,175.34)
  jv[3] pts=5 (2195.43,183.442,172.222) (2205.3,197.906,161.742) (2212.03,201.327,180.7) (2202.16,186.863,191.18) (2195.43,183.442,172.222)
  m[0][0] pts=4 (2194.54,195.514,168.177) (2192.57,184.024,168.766) (2180.42,194.125,171.261) (2190.99,198.46,168.904)
  m[0][1] pts=2 (2194.54,195.514,168.177) (2190.99,198.46,168.904)
  f[0][0] pts=4 (2194.54,195.514,168.177) (2203.78,199.169,162.053) (2191.62,209.269,164.548) (2190.99,198.46,168.904)
  f[0][1] pts=2 (2194.54,195.514,168.177) (2190.99,198.46,168.904)
  m[1][0] pts=4 (2201.27,198.935,187.135) (2199.31,187.446,187.724) (2187.15,197.546,190.219) (2197.73,201.881,187.862)
  m[1][1] pts=2 (2201.27,198.935,187.135) (2197.73,201.881,187.862)
  f[1][0] pts=4 (2201.27,198.935,187.135) (2210.51,202.59,181.011) (2198.36,212.691,183.506) (2197.73,201.881,187.862)
  f[1][1] pts=2 (2201.27,198.935,187.135) (2197.73,201.881,187.862)
joint 33 type=12 v0=13 v1=31 f0_0=2 f1_0=6 name=ss_e_ip_2 orient=1 div=1 shift=0.5 length=226.214 usd=20
  jv[0] pts=5 (2050.71,204.629,199.255) (2050.37,224.813,199.043) (2054.56,227.834,218.558) (2054.9,207.65,218.77) (2050.71,204.629,199.255)
  jv[1] pts=5 (2070.25,204.914,195.011) (2069.91,225.097,194.799) (2074.1,228.118,214.314) (2074.44,207.935,214.526) (2070.25,204.914,195.011)
  jv[2] pts=5 (2051.28,205.04,201.909) (2049.8,224.402,196.39) (2053.99,227.423,215.904) (2055.47,208.061,221.423) (2051.28,205.04,201.909)
  jv[3] pts=5 (2070.82,205.325,197.665) (2069.34,224.686,192.146) (2073.53,227.708,211.66) (2075.01,208.346,217.179) (2070.82,205.325,197.665)
  m[0][0] pts=4 (2062.59,214.896,196.532) (2068.29,204.885,195.436) (2052.66,204.658,198.831) (2058.03,214.83,197.522)
  m[0][1] pts=2 (2062.59,214.896,196.532) (2058.03,214.83,197.522)
  f[0][0] pts=4 (2062.59,214.896,196.532) (2067.38,224.658,192.57) (2051.75,224.43,195.965) (2058.03,214.83,197.522)
  f[0][1] pts=2 (2062.59,214.896,196.532) (2058.03,214.83,197.522)
  m[1][0] pts=4 (2066.78,217.918,216.047) (2072.49,207.906,214.95) (2056.85,207.679,218.345) (2062.22,217.851,217.037)
  m[1][1] pts=2 (2066.78,217.918,216.047) (2062.22,217.851,217.037)
  f[1][0] pts=4 (2066.78,217.918,216.047) (2071.58,227.679,212.085) (2055.94,227.451,215.48) (2062.22,217.851,217.037)
  f[1][1] pts=2 (2066.78,217.918,216.047) (2062.22,217.851,217.037)
joint 34 type=12 v0=13 v1=33 f0_0=6 f1_0=5 name=ss_e_ip_2 orient=1 div=1 shift=0.5 length=108.266 usd=20
  jv[0] pts=5 (1915.07,-41.6125,232.171) (1898.46,-52.8449,235.935) (1899.4,-54.7982,256.226) (1916.01,-43.5658,252.462) (1915.07,-41.6125,232.171)
  jv[1] pts=5 (1904.26,-24.9173,234.28) (1887.65,-36.1497,238.044) (1888.59,-38.103,258.335) (1905.2,-26.8706,254.571) (1904.26,-24.9173,234.28)
  jv[2] pts=5 (1916.2,-43.9536,256.49) (1899.21,-54.4104,252.198) (1898.27,-52.4571,231.907) (1915.26,-42.0003,236.2) (1916.2,-43.9536,256.49)
  jv[3] pts=5 (1905.39,-27.2584,258.599) (1888.4,-37.7152,254.306) (1887.46,-35.7619,234.015) (1904.45,-25.3051,238.308) (1905.39,-27.2584,258.599)
  m[0][0] pts=4 (1900.1,-36.9334,235.354) (1905.34,-26.5869,234.069) (1913.99,-39.943,232.382) (1902.62,-40.8289,234.862)
  m[0][1] pts=2 (1900.1,-36.9334,235.354) (1902.62,-40.8289,234.862)
  f[0][0] pts=4 (1901.04,-38.8866,255.644) (1889.48,-39.3847,254.095) (1898.13,-52.7409,252.408) (1903.56,-42.7822,255.152)
  f[0][1] pts=2 (1901.04,-38.8866,255.644) (1903.56,-42.7822,255.152)
  m[1][0] pts=4 (1901.04,-38.8866,255.644) (1906.29,-28.5401,254.36) (1914.93,-41.8963,252.673) (1903.56,-42.7822,255.152)
  m[1][1] pts=2 (1901.04,-38.8866,255.644) (1903.56,-42.7822,255.152)
  f[1][0] pts=4 (1900.1,-36.9334,235.354) (1888.54,-37.4314,233.805) (1897.19,-50.7876,232.118) (1902.62,-40.8289,234.862)
  f[1][1] pts=2 (1900.1,-36.9334,235.354) (1902.62,-40.8289,234.862)
joint 35 type=12 v0=13 v1=34 f0_0=4 f1_0=5 name=ss_e_ip_2 orient=1 div=2 shift=0.5 length=318.057 usd=20
  jv[0] pts=5 (2146.01,49.0086,180.782) (2163.9,40.4916,177.019) (2170.49,39.6508,196.069) (2152.6,48.1678,199.832) (2146.01,49.0086,180.782)
  jv[1] pts=5 (2137.81,30.8804,182.818) (2155.71,22.3633,179.055) (2162.29,21.5226,198.105) (2144.4,30.0396,201.867) (2137.81,30.8804,182.818)
  jv[2] pts=5 (2146.87,48.8983,183.282) (2163.04,40.6019,174.52) (2169.63,39.7611,193.57) (2153.46,48.0575,202.331) (2146.87,48.8983,183.282)
  jv[3] pts=5 (2138.67,30.77,185.317) (2154.84,22.4737,176.556) (2161.43,21.6329,195.605) (2145.26,29.9293,204.367) (2138.67,30.77,185.317)
  m[0][0] pts=8 (2117.3,-38.5017,188.249) (2106.03,-39.3795,190.707) (2112.59,-24.8769,189.079) (2119.22,-34.2718,187.774) (2182.5,105.644,172.063) (2171.23,104.766,174.521) (2177.78,119.268,172.892) (2184.41,109.874,171.588)
  m[0][1] pts=2 (2117.3,-38.5017,188.249) (2184.41,109.874,171.588)
  f[0][0] pts=8 (2117.3,-38.5017,188.249) (2123.06,-47.7862,184.445) (2129.62,-33.2836,182.817) (2119.22,-34.2718,187.774) (2182.5,105.644,172.063) (2188.26,96.3592,168.259) (2194.82,110.862,166.63) (2184.41,109.874,171.588)
  f[0][1] pts=2 (2117.3,-38.5017,188.249) (2184.41,109.874,171.588)
  m[1][0] pts=8 (2123.89,-39.3425,207.299) (2112.62,-40.2203,209.757) (2119.18,-25.7177,208.129) (2125.8,-35.1126,206.824) (2189.09,104.803,191.112) (2177.81,103.925,193.571) (2184.37,118.428,191.942) (2191,109.033,190.637)
  m[1][1] pts=2 (2123.89,-39.3425,207.299) (2191,109.033,190.637)
  f[1][0] pts=8 (2123.89,-39.3425,207.299) (2129.65,-48.627,203.495) (2136.21,-34.1244,201.866) (2125.8,-35.1126,206.824) (2189.09,104.803,191.112) (2194.85,95.5184,187.308) (2201.41,110.021,185.68) (2191,109.033,190.637)
  f[1][1] pts=2 (2123.89,-39.3425,207.299) (2191,109.033,190.637)
joint 36 type=12 v0=14 v1=19 f0_0=2 f1_0=4 name=ss_e_ip_2 orient=1 div=1 shift=0.5 length=77.3678 usd=20
  jv[0] pts=5 (1250.91,-128.096,-12.565) (1252.65,-148.322,-11.967) (1239.27,-152.595,2.69939) (1237.53,-132.369,2.10136) (1250.91,-128.096,-12.565)
  jv[1] pts=5 (1236.43,-129.749,-26.2616) (1238.17,-149.975,-25.6635) (1224.79,-154.249,-10.9972) (1223.05,-134.022,-11.5952) (1236.43,-129.749,-26.2616)
  jv[2] pts=5 (1248.58,-128.84,-10.01) (1254.99,-147.578,-14.5221) (1241.6,-151.851,0.144323) (1235.19,-133.113,4.65644) (1248.58,-128.84,-10.01)
  jv[3] pts=5 (1234.1,-130.493,-23.7065) (1240.51,-149.231,-28.2186) (1227.12,-153.504,-13.5522) (1220.71,-134.766,-9.0401) (1234.1,-130.493,-23.7065)
  m[0][0] pts=4 (1242.85,-139.228,-20.7122) (1237.88,-129.583,-24.8919) (1249.46,-128.261,-13.9347) (1246.23,-138.843,-17.5164)
  m[0][1] pts=2 (1242.85,-139.228,-20.7122) (1246.23,-138.843,-17.5164)
  f[0][0] pts=4 (1242.85,-139.228,-20.7122) (1241.95,-149.066,-26.849) (1253.54,-147.743,-15.8917) (1246.23,-138.843,-17.5164)
  f[0][1] pts=2 (1242.85,-139.228,-20.7122) (1246.23,-138.843,-17.5164)
  m[1][0] pts=4 (1229.47,-143.502,-6.04583) (1224.49,-133.857,-10.2255) (1236.08,-132.534,0.731703) (1232.85,-143.116,-2.84997)
  m[1][1] pts=2 (1229.47,-143.502,-6.04583) (1232.85,-143.116,-2.84997)
  f[1][0] pts=4 (1229.47,-143.502,-6.04582) (1228.57,-153.339,-12.1826) (1240.15,-152.016,-1.22533) (1232.85,-143.116,-2.84996)
  f[1][1] pts=2 (1229.47,-143.502,-6.04582) (1232.85,-143.116,-2.84996)
joint 37 type=12 v0=14 v1=32 f0_0=4 f1_0=5 name=ss_e_ip_2 orient=1 div=1 shift=0.5 length=81.3367 usd=20
  jv[0] pts=5 (1230.28,161.198,-17.0711) (1230.99,181.335,-15.3615) (1217.41,183.559,-0.546862) (1216.7,163.423,-2.25645) (1230.28,161.198,-17.0711)
  jv[1] pts=5 (1244.84,159.525,-3.46659) (1245.56,179.662,-1.757) (1231.98,181.886,13.0577) (1231.26,161.75,11.3481) (1244.84,159.525,-3.46659)
  jv[2] pts=5 (1228.27,161.527,-14.8834) (1233,181.007,-17.5492) (1219.42,183.231,-2.73458) (1214.69,163.751,-0.0687017) (1228.27,161.527,-14.8834)
  jv[3] pts=5 (1242.84,159.854,-1.27884) (1247.56,179.334,-3.94472) (1233.98,181.558,10.8699) (1229.25,162.078,13.5358) (1242.84,159.854,-1.27884)
  m[0][0] pts=4 (1239.62,170.235,-7.82687) (1243.39,159.693,-4.82704) (1231.73,161.031,-15.7107) (1236.22,170.625,-11.0013)
  m[0][1] pts=2 (1239.62,170.235,-7.82687) (1236.22,170.625,-11.0013)
  f[0][0] pts=4 (1239.62,170.235,-7.82685) (1246.11,179.501,-5.30517) (1234.46,180.839,-16.1888) (1236.22,170.625,-11.0012)
  f[0][1] pts=2 (1239.62,170.235,-7.82685) (1236.22,170.625,-11.0012)
  m[1][0] pts=4 (1226.03,172.459,6.9878) (1229.8,161.917,9.98763) (1218.15,163.255,-0.895995) (1222.64,172.85,3.81341)
  m[1][1] pts=2 (1226.03,172.459,6.9878) (1222.64,172.85,3.81341)
  f[1][0] pts=4 (1226.03,172.459,6.98782) (1232.53,181.725,9.50949) (1220.87,183.063,-1.37413) (1222.64,172.85,3.81343)
  f[1][1] pts=2 (1226.03,172.459,6.98782) (1222.64,172.85,3.81343)
joint 38 type=12 v0=14 v1=35 f0_0=6 f1_0=3 name=ss_e_ip_2 orient=1 div=1 shift=0.5 length=190.413 usd=20
  jv[0] pts=5 (1305.34,-43.3935,42.9539) (1317.93,-54.4793,54.2188) (1306.03,-56.8111,70.389) (1293.44,-45.7253,59.1241) (1305.34,-43.3935,42.9539)
  jv[1] pts=5 (1297.76,-60.0981,34.9771) (1310.35,-71.184,46.242) (1298.46,-73.5158,62.4122) (1285.87,-62.43,51.1473) (1297.76,-60.0981,34.9771)
  jv[2] pts=5 (1303.64,-43.7263,45.2621) (1319.62,-54.1464,51.9107) (1307.73,-56.4783,68.0808) (1291.75,-46.0582,61.4323) (1303.64,-43.7263,45.2621)
  jv[3] pts=5 (1296.07,-60.431,37.2853) (1312.05,-70.8511,43.9338) (1300.16,-73.183,60.104) (1284.18,-62.7628,53.4554) (1296.07,-60.431,37.2853)
  m[0][0] pts=4 (1306.96,-59.2376,43.6673) (1298.52,-58.4277,35.7748) (1304.58,-45.0639,42.1562) (1308.73,-55.3398,45.5286)
  m[0][1] pts=2 (1306.96,-59.2376,43.6673) (1308.73,-55.3398,45.5286)
  f[0][0] pts=4 (1306.96,-59.2376,43.6673) (1312.81,-69.1807,44.7315) (1318.87,-55.8169,51.113) (1308.73,-55.3398,45.5286)
  f[0][1] pts=2 (1306.96,-59.2376,43.6673) (1308.73,-55.3398,45.5286)
  m[1][0] pts=4 (1295.07,-61.5694,59.8375) (1286.63,-60.7595,51.9449) (1292.69,-47.3958,58.3264) (1296.84,-57.6717,61.6988)
  m[1][1] pts=2 (1295.07,-61.5694,59.8375) (1296.84,-57.6717,61.6988)
  f[1][0] pts=4 (1295.07,-61.5694,59.8375) (1300.92,-71.5125,60.9017) (1306.97,-58.1488,67.2832) (1296.84,-57.6717,61.6988)
  f[1][1] pts=2 (1295.07,-61.5694,59.8375) (1296.84,-57.6717,61.6988)
joint 39 type=12 v0=14 v1=36 f0_0=5 f1_0=2 name=ss_e_ip_2 orient=1 div=1 shift=0.5 length=178.369 usd=20
  jv[0] pts=5 (1295.14,96.7541,40.5784) (1306.98,108.15,52.2976) (1294.89,108.943,68.4459) (1283.05,97.5469,56.7266) (1295.14,96.7541,40.5784)
  jv[1] pts=5 (1303.79,80.263,47.8665) (1315.63,91.6587,59.5857) (1303.55,92.4514,75.734) (1291.71,81.0558,64.0147) (1303.79,80.263,47.8665)
  jv[2] pts=5 (1293.5,96.8614,42.7638) (1308.61,108.042,50.1122) (1296.53,108.835,66.2605) (1281.41,97.6542,58.912) (1293.5,96.8614,42.7638)
  jv[3] pts=5 (1302.16,80.3703,50.0519) (1317.27,91.5514,57.4003) (1305.18,92.3441,73.5485) (1290.07,81.1631,66.2001) (1302.16,80.3703,50.0519)
  m[0][0] pts=4 (1306.39,92.2824,50.9323) (1302.93,81.9122,47.1377) (1296,95.105,41.3072) (1304.37,96.1304,49.2318)
  m[0][1] pts=2 (1306.39,92.2824,50.9323) (1304.37,96.1304,49.2318)
  f[0][0] pts=4 (1306.39,92.2824,50.9323) (1316.4,93.2005,56.6715) (1309.48,106.393,50.841) (1304.37,96.1304,49.2318)
  f[0][1] pts=2 (1306.39,92.2824,50.9323) (1304.37,96.1304,49.2318)
  m[1][0] pts=4 (1294.31,93.0752,67.0805) (1290.84,82.7049,63.2859) (1283.91,95.8978,57.4554) (1292.29,96.9231,65.38)
  m[1][1] pts=2 (1294.31,93.0752,67.0805) (1292.29,96.9231,65.38)
  f[1][0] pts=4 (1294.31,93.0752,67.0805) (1304.32,93.9932,72.8197) (1297.39,107.186,66.9893) (1292.29,96.9231,65.38)
  f[1][1] pts=2 (1294.31,93.0752,67.0805) (1292.29,96.9231,65.38)
joint 40 type=12 v0=15 v1=17 f0_0=3 f1_0=5 name=ss_e_ip_2 orient=1 div=1 shift=0.5 length=114.161 usd=20
  jv[0] pts=5 (1962.79,-422.422,98.8171) (1965.51,-406.939,111.718) (1968.18,-417.085,129.138) (1965.46,-432.568,116.238) (1962.79,-422.422,98.8171)
  jv[1] pts=5 (1982.49,-423.06,95.4228) (1985.21,-407.577,108.323) (1987.88,-417.723,125.744) (1985.16,-433.206,112.843) (1982.49,-423.06,95.4228)
  jv[2] pts=5 (1965.94,-434.406,119.393) (1967.7,-415.247,125.982) (1965.03,-405.101,108.562) (1963.27,-424.26,101.973) (1965.94,-434.406,119.393)
  jv[3] pts=5 (1985.64,-435.044,115.999) (1987.4,-415.885,122.588) (1984.73,-405.739,105.168) (1982.97,-424.898,98.5785) (1985.64,-435.044,115.999)
  m[0][0] pts=4 (1976.3,-415.074,103.174) (1980.52,-422.996,95.7622) (1964.76,-422.486,98.4777) (1971.7,-414.925,103.966)
  m[0][1] pts=2 (1976.3,-415.074,103.174) (1971.7,-414.925,103.966)
  f[0][0] pts=4 (1978.97,-425.22,120.595) (1985.43,-415.821,122.928) (1969.67,-415.311,125.643) (1974.37,-425.071,121.387)
  f[0][1] pts=2 (1978.97,-425.22,120.595) (1974.37,-425.071,121.387)
  m[1][0] pts=4 (1978.97,-425.22,120.595) (1983.19,-433.143,113.183) (1967.43,-432.632,115.898) (1974.37,-425.071,121.387)
  m[1][1] pts=2 (1978.97,-425.22,120.595) (1974.37,-425.071,121.387)
  f[1][0] pts=4 (1976.3,-415.074,103.174) (1982.76,-405.675,105.507) (1967,-405.164,108.222) (1971.7,-414.925,103.966)
  f[1][1] pts=2 (1976.3,-415.074,103.174) (1971.7,-414.925,103.966)
joint 41 type=12 v0=15 v1=20 f0_0=6 f1_0=4 name=ss_e_ip_2 orient=1 div=1 shift=0.5 length=64.7817 usd=20
  jv[0] pts=5 (1803.67,-585.293,-18.0371) (1783.55,-587.968,-17.4263) (1782.23,-601.383,-2.23663) (1802.35,-598.709,-2.84735) (1803.67,-585.293,-18.0371)
  jv[1] pts=5 (1802.07,-570.282,-4.91757) (1781.95,-572.957,-4.30685) (1780.64,-586.372,10.8829) (1800.76,-583.698,10.2721) (1802.07,-570.282,-4.91757)
  jv[2] pts=5 (1802.13,-601.038,-0.209986) (1782.46,-599.054,-4.87399) (1783.78,-585.638,-20.0637) (1803.44,-587.622,-15.3997) (1802.13,-601.038,-0.209986)
  jv[3] pts=5 (1800.53,-586.027,12.9095) (1780.86,-584.043,8.2455) (1782.18,-570.628,-6.94422) (1801.84,-572.611,-2.28021) (1800.53,-586.027,12.9095)
  m[0][0] pts=4 (1792.62,-577.374,-9.64135) (1802.23,-571.783,-6.22952) (1803.51,-583.792,-16.7251) (1793,-580.876,-12.7026)
  m[0][1] pts=2 (1792.62,-577.374,-9.64135) (1793,-580.876,-12.7026)
  f[0][0] pts=4 (1791.31,-590.789,5.54836) (1781.02,-585.544,6.93355) (1782.3,-597.553,-3.56204) (1791.68,-594.292,2.48715)
  f[0][1] pts=2 (1791.31,-590.789,5.54836) (1791.68,-594.292,2.48715)
  m[1][0] pts=4 (1791.31,-590.789,5.54837) (1800.92,-585.199,8.96019) (1802.2,-597.207,-1.5354) (1791.68,-594.292,2.48715)
  m[1][1] pts=2 (1791.31,-590.789,5.54837) (1791.68,-594.292,2.48715)
  f[1][0] pts=4 (1792.62,-577.374,-9.64135) (1782.34,-572.129,-8.25617) (1783.62,-584.137,-18.7518) (1793,-580.876,-12.7026)
  f[1][1] pts=2 (1792.62,-577.374,-9.64135) (1793,-580.876,-12.7026)
joint 42 type=12 v0=15 v1=22 f0_0=4 f1_0=4 name=ss_e_ip_2 orient=1 div=1 shift=0.5 length=244.311 usd=20
  jv[0] pts=5 (2065.44,-494.204,22.3516) (2083.8,-486.616,26.2131) (2088.81,-498.4,41.8907) (2070.44,-505.988,38.0292) (2065.44,-494.204,22.3516)
  jv[1] pts=5 (2073.56,-507.472,9.78479) (2091.93,-499.885,13.6463) (2096.93,-511.669,29.3239) (2078.57,-519.257,25.4624) (2073.56,-507.472,9.78479)
  jv[2] pts=5 (2066.21,-496.016,24.763) (2083.03,-484.804,23.8017) (2088.04,-496.588,39.4793) (2071.21,-507.8,40.4406) (2066.21,-496.016,24.763)
  jv[3] pts=5 (2074.33,-509.285,12.1962) (2091.16,-498.072,11.2349) (2096.16,-509.857,26.9125) (2079.34,-521.069,27.8738) (2074.33,-509.285,12.1962)
  m[0][0] pts=4 (2079.63,-498.592,16.5328) (2072.75,-506.146,11.0415) (2066.25,-495.531,21.0949) (2077.73,-495.496,19.4651)
  m[0][1] pts=2 (2079.63,-498.592,16.5328) (2077.73,-495.496,19.4651)
  f[0][0] pts=4 (2079.63,-498.592,16.5328) (2090.34,-496.746,12.4915) (2083.84,-486.131,22.545) (2077.73,-495.496,19.4651)
  f[0][1] pts=2 (2079.63,-498.592,16.5328) (2077.73,-495.496,19.4651)
  m[1][0] pts=4 (2084.63,-510.376,32.2105) (2077.75,-517.93,26.7191) (2071.25,-507.315,36.7726) (2082.74,-507.28,35.1427)
  m[1][1] pts=2 (2084.63,-510.376,32.2105) (2082.74,-507.28,35.1427)
  f[1][0] pts=4 (2084.63,-510.376,32.2104) (2095.35,-508.53,28.1692) (2088.85,-497.915,38.2226) (2082.74,-507.28,35.1427)
  f[1][1] pts=2 (2084.63,-510.376,32.2104) (2082.74,-507.28,35.1427)
joint 43 type=12 v0=15 v1=28 f0_0=2 f1_0=4 name=ss_e_ip_2 orient=1 div=1 shift=0.5 length=219.515 usd=20
  jv[0] pts=5 (1856.51,-494.445,52.3318) (1840.37,-486.505,61.4816) (1840.36,-498.382,77.804) (1856.51,-506.321,68.6542) (1856.51,-494.445,52.3318)
  jv[1] pts=5 (1868.32,-481.391,61.8343) (1852.17,-473.452,70.9842) (1852.16,-485.328,87.3065) (1868.31,-493.268,78.1567) (1868.32,-481.391,61.8343)
  jv[2] pts=5 (1856.51,-507.929,70.8639) (1840.36,-496.774,75.5943) (1840.37,-484.898,59.2719) (1856.51,-496.052,54.5416) (1856.51,-507.929,70.8639)
  jv[3] pts=5 (1868.31,-494.875,80.3664) (1852.16,-483.721,85.0968) (1852.17,-471.844,68.7744) (1868.32,-482.999,64.0441) (1868.31,-494.875,80.3664)
  m[0][0] pts=4 (1855.72,-482.425,62.7666) (1867.14,-482.697,60.8841) (1857.69,-493.139,53.2821) (1852.97,-485.471,60.5494)
  m[0][1] pts=2 (1855.72,-482.425,62.7666) (1852.97,-485.471,60.5494)
  f[0][0] pts=4 (1855.71,-494.302,79.089) (1850.98,-485.026,84.1465) (1841.54,-495.469,76.5445) (1852.96,-497.348,76.8717)
  f[0][1] pts=2 (1855.71,-494.302,79.089) (1852.96,-497.348,76.8717)
  m[1][0] pts=4 (1855.71,-494.302,79.089) (1867.13,-494.573,77.2064) (1857.69,-505.016,69.6044) (1852.96,-497.348,76.8717)
  m[1][1] pts=2 (1855.71,-494.302,79.089) (1852.96,-497.348,76.8717)
  f[1][0] pts=4 (1855.72,-482.425,62.7666) (1850.99,-473.15,67.8242) (1841.55,-483.592,60.2222) (1852.97,-485.471,60.5494)
  f[1][1] pts=2 (1855.72,-482.425,62.7666) (1852.97,-485.471,60.5494)
joint 44 type=12 v0=16 v1=21 f0_0=4 f1_0=4 name=ss_e_ip_2 orient=1 div=1 shift=0.5 length=145.291 usd=20
  jv[0] pts=5 (2456.82,220.876,24.902) (2459.29,240.991,23.2669) (2446.07,237.688,8.17037) (2443.61,217.573,9.80549) (2456.82,220.876,24.902)
  jv[1] pts=5 (2472.02,217.982,12.2314) (2474.49,238.097,10.5962) (2461.28,234.794,-4.50026) (2458.81,214.679,-2.86514) (2472.02,217.982,12.2314)
  jv[2] pts=5 (2445.98,218.167,12.5201) (2443.7,237.094,5.45573) (2456.91,240.397,20.5522) (2459.2,221.47,27.6166) (2445.98,218.167,12.5201)
  jv[3] pts=5 (2461.19,215.273,-0.150504) (2458.9,234.2,-7.2149) (2472.11,237.503,7.88161) (2474.4,218.576,14.946) (2461.19,215.273,-0.150504)
  m[0][0] pts=4 (2467.43,229.149,16.2709) (2470.5,218.272,13.4984) (2458.34,220.586,23.6349) (2463.88,229.824,19.2274)
  m[0][1] pts=2 (2467.43,229.149,16.2709) (2463.88,229.824,19.2274)
  f[0][0] pts=4 (2454.22,225.846,1.17437) (2457.38,234.49,-5.94783) (2445.22,236.804,4.18867) (2450.67,226.521,4.13085)
  f[0][1] pts=2 (2454.22,225.846,1.17437) (2450.67,226.521,4.13085)
  m[1][0] pts=4 (2454.22,225.846,1.17438) (2457.29,214.969,-1.59807) (2445.13,217.283,8.53843) (2450.67,226.521,4.13086)
  m[1][1] pts=2 (2454.22,225.846,1.17438) (2450.67,226.521,4.13086)
  f[1][0] pts=4 (2467.43,229.149,16.2709) (2470.59,237.793,9.14867) (2458.43,240.107,19.2852) (2463.88,229.824,19.2274)
  f[1][1] pts=2 (2467.43,229.149,16.2709) (2463.88,229.824,19.2274)
joint 45 type=12 v0=16 v1=26 f0_0=3 f1_0=3 name=ss_e_ip_2 orient=1 div=1 shift=0.5 length=123.474 usd=20
  jv[0] pts=5 (2366.17,193.432,99.5521) (2358.06,210.769,106.627) (2346.9,207.657,89.838) (2355,190.319,82.7634) (2366.17,193.432,99.5521)
  jv[1] pts=5 (2379.35,203.97,88.8266) (2371.25,221.307,95.9012) (2360.08,218.195,79.1125) (2368.19,200.858,72.0379) (2379.35,203.97,88.8266)
  jv[2] pts=5 (2368.37,194.047,102.87) (2355.86,210.154,103.309) (2344.69,207.042,86.5201) (2357.21,190.934,86.0814) (2368.37,194.047,102.87)
  jv[3] pts=5 (2381.56,204.585,92.1446) (2369.04,220.692,92.5832) (2357.88,217.58,75.7945) (2370.39,201.473,75.3559) (2381.56,204.585,92.1446)
  m[0][0] pts=4 (2370.25,208.599,96.4753) (2378.03,202.916,89.8991) (2367.48,194.486,98.4796) (2367.17,206.14,98.978)
  m[0][1] pts=2 (2370.25,208.599,96.4753) (2367.17,206.14,98.978)
  f[0][0] pts=4 (2370.25,208.599,96.4753) (2367.73,219.639,93.6558) (2357.18,211.208,102.236) (2367.17,206.14,98.978)
  f[0][1] pts=2 (2370.25,208.599,96.4753) (2367.17,206.14,98.978)
  m[1][0] pts=4 (2359.08,205.487,79.6867) (2366.87,199.804,73.1105) (2356.32,191.373,81.6909) (2356,203.028,82.1893)
  m[1][1] pts=2 (2359.08,205.487,79.6867) (2356,203.028,82.1893)
  f[1][0] pts=4 (2359.08,205.487,79.6867) (2356.56,216.526,76.8671) (2346.01,208.095,85.4475) (2356,203.028,82.1893)
  f[1][1] pts=2 (2359.08,205.487,79.6867) (2356,203.028,82.1893)
joint 46 type=12 v0=16 v1=34 f0_0=2 f1_0=7 name=ss_e_ip_2 orient=1 div=2 shift=0.5 length=353.812 usd=20
  jv[0] pts=5 (2380.26,-0.72913,83.8966) (2365.52,-7.28604,95.9899) (2354.61,-6.14626,79.0764) (2369.35,0.41065,66.9831) (2380.26,-0.72913,83.8966)
  jv[1] pts=5 (2375.44,18.1809,88.279) (2360.71,11.624,100.372) (2349.79,12.7638,83.4587) (2364.53,19.3207,71.3654) (2375.44,18.1809,88.279)
  jv[2] pts=5 (2381.64,-0.87267,86.0267) (2364.15,-7.1425,93.8599) (2353.24,-6.00272,76.9464) (2370.72,0.267109,69.1132) (2381.64,-0.87267,86.0267)
  jv[3] pts=5 (2376.82,18.0374,90.409) (2359.33,11.7676,98.2422) (2348.42,12.9073,81.3287) (2365.91,19.1772,73.4955) (2376.82,18.0374,90.409)
  m[0][0] pts=8 (2348.62,91.2863,112.027) (2354.62,99.9226,107.222) (2358.47,84.7945,103.716) (2349.74,86.8739,111.005) (2391.23,-75.979,73.2643) (2397.23,-67.3427,68.4593) (2401.08,-82.4708,64.9535) (2392.35,-80.3914,72.2418)
  m[0][1] pts=2 (2348.62,91.2863,112.027) (2392.35,-80.3914,72.2418)
  f[0][0] pts=8 (2348.62,91.2863,112.027) (2338.51,93.5092,117.185) (2342.36,78.3812,113.68) (2349.74,86.8739,111.005) (2391.23,-75.979,73.2643) (2381.12,-73.7561,78.4225) (2384.97,-88.8842,74.9167) (2392.35,-80.3914,72.2417)
  f[0][1] pts=2 (2348.62,91.2863,112.027) (2392.35,-80.3914,72.2417)
  m[1][0] pts=8 (2337.7,92.4261,95.1136) (2343.71,101.062,90.3086) (2347.56,85.9343,86.8028) (2338.83,88.0137,94.0911) (2380.31,-74.8393,56.3508) (2386.32,-66.203,51.5458) (2390.17,-81.331,48.0399) (2381.44,-79.2516,55.3282)
  m[1][1] pts=2 (2337.7,92.4261,95.1136) (2381.44,-79.2516,55.3282)
  f[1][0] pts=8 (2337.7,92.4261,95.1136) (2327.6,94.649,100.272) (2331.45,79.521,96.766) (2338.83,88.0137,94.0911) (2380.31,-74.8393,56.3508) (2370.21,-72.6163,61.509) (2374.06,-87.7444,58.0032) (2381.44,-79.2516,55.3282)
  f[1][1] pts=2 (2337.7,92.4261,95.1136) (2381.44,-79.2516,55.3282)
joint 47 type=12 v0=17 v1=22 f0_0=4 f1_0=5 name=ss_e_ip_2 orient=1 div=1 shift=0.5 length=244.033 usd=20
  jv[0] pts=5 (2112.88,-322.512,135.913) (2127.94,-334.332,129.254) (2122.5,-325.739,111.72) (2107.45,-313.918,118.379) (2112.88,-322.512,135.913)
  jv[1] pts=5 (2099.83,-337.323,132.698) (2114.89,-349.144,126.038) (2109.46,-340.55,108.505) (2094.4,-328.73,115.164) (2099.83,-337.323,132.698)
  jv[2] pts=5 (2108.33,-315.312,121.224) (2121.62,-324.344,108.875) (2127.06,-332.938,126.409) (2113.76,-323.906,138.758) (2108.33,-315.312,121.224)
  jv[3] pts=5 (2095.28,-330.124,118.009) (2108.57,-339.156,105.66) (2114.01,-347.75,123.193) (2100.71,-338.718,135.543) (2095.28,-330.124,118.009)
  m[0][0] pts=4 (2112.36,-337.556,130.601) (2101.14,-335.842,133.019) (2111.58,-323.993,135.591) (2115.41,-334.1,131.351)
  m[0][1] pts=2 (2112.36,-337.556,130.601) (2115.41,-334.1,131.351)
  f[0][0] pts=4 (2106.93,-328.962,113.067) (2109.88,-337.675,105.981) (2120.32,-325.825,108.553) (2109.97,-325.506,113.817)
  f[0][1] pts=2 (2106.93,-328.962,113.067) (2109.97,-325.506,113.817)
  m[1][0] pts=4 (2106.93,-328.962,113.067) (2095.7,-327.248,115.485) (2106.14,-315.399,118.058) (2109.97,-325.506,113.817)
  m[1][1] pts=2 (2106.93,-328.962,113.067) (2109.97,-325.506,113.817)
  f[1][0] pts=4 (2112.36,-337.556,130.601) (2115.31,-346.268,123.515) (2125.75,-334.419,126.087) (2115.41,-334.1,131.351)
  f[1][1] pts=2 (2112.36,-337.556,130.601) (2115.41,-334.1,131.351)
joint 48 type=12 v0=17 v1=28 f0_0=6 f1_0=3 name=ss_e_ip_2 orient=1 div=1 shift=0.5 length=166.403 usd=20
  jv[0] pts=5 (1882.17,-364.624,157.881) (1866.47,-377.291,155.861) (1866.06,-368.533,137.579) (1881.76,-355.866,139.599) (1882.17,-364.624,157.881)
  jv[1] pts=5 (1869.88,-350.506,164.92) (1854.18,-363.173,162.9) (1853.76,-354.416,144.618) (1869.47,-341.749,146.638) (1869.88,-350.506,164.92)
  jv[2] pts=5 (1882.24,-366.063,160.886) (1866.4,-375.852,152.857) (1865.99,-367.094,134.575) (1881.83,-357.306,142.604) (1882.24,-366.063,160.886)
  jv[3] pts=5 (1869.95,-351.945,167.924) (1854.11,-361.734,159.896) (1853.7,-352.976,141.613) (1869.53,-343.188,149.642) (1869.95,-351.945,167.924)
  m[0][0] pts=4 (1866.74,-362.251,161.212) (1871.11,-351.918,164.216) (1880.94,-363.212,158.585) (1869.61,-365.546,159.57)
  m[0][1] pts=2 (1866.74,-362.251,161.212) (1869.61,-365.546,159.57)
  f[0][0] pts=4 (1866.74,-362.251,161.212) (1855.34,-363.146,159.192) (1865.17,-374.44,153.561) (1869.61,-365.546,159.57)
  f[0][1] pts=2 (1866.74,-362.251,161.212) (1869.61,-365.546,159.57)
  m[1][0] pts=4 (1866.33,-353.494,142.93) (1870.7,-343.16,145.934) (1880.53,-354.455,140.303) (1869.2,-356.788,141.287)
  m[1][1] pts=2 (1866.33,-353.494,142.93) (1869.2,-356.788,141.287)
  f[1][0] pts=4 (1866.33,-353.494,142.93) (1854.93,-354.388,140.91) (1864.76,-365.682,135.279) (1869.2,-356.788,141.287)
  f[1][1] pts=2 (1866.33,-353.494,142.93) (1869.2,-356.788,141.287)
joint 49 type=12 v0=17 v1=33 f0_0=7 f1_0=6 name=ss_e_ip_2 orient=1 div=1 shift=0.5 length=251.163 usd=20
  jv[0] pts=5 (1878.43,-208.175,214.592) (1860.67,-200.318,220.264) (1860.38,-194.839,200.786) (1878.14,-202.696,195.114) (1878.43,-208.175,214.592)
  jv[1] pts=5 (1887.53,-190.996,219.291) (1869.76,-183.139,224.963) (1869.48,-177.659,205.485) (1887.24,-185.516,199.813) (1887.53,-190.996,219.291)
  jv[2] pts=5 (1878.47,-209.009,217.557) (1860.62,-199.484,217.298) (1860.34,-194.004,197.821) (1878.19,-203.53,198.079) (1878.47,-209.009,217.557)
  jv[3] pts=5 (1887.57,-191.83,222.256) (1869.72,-182.305,221.998) (1869.43,-176.825,202.52) (1887.29,-186.35,202.779) (1887.57,-191.83,222.256)
  m[0][0] pts=4 (1875.16,-193.653,220.326) (1886.62,-192.714,218.821) (1879.34,-206.457,215.061) (1873.04,-197.661,219.229)
  m[0][1] pts=2 (1875.16,-193.653,220.326) (1873.04,-197.661,219.229)
  f[0][0] pts=4 (1875.16,-193.653,220.326) (1868.81,-184.022,221.528) (1861.53,-197.766,217.768) (1873.04,-197.661,219.229)
  f[0][1] pts=2 (1875.16,-193.653,220.326) (1873.04,-197.661,219.229)
  m[1][0] pts=4 (1874.87,-188.173,200.848) (1886.33,-187.234,199.343) (1879.05,-200.978,195.584) (1872.75,-192.182,199.751)
  m[1][1] pts=2 (1874.87,-188.173,200.848) (1872.75,-192.182,199.751)
  f[1][0] pts=4 (1874.87,-188.173,200.848) (1868.53,-178.543,202.05) (1861.25,-192.286,198.291) (1872.75,-192.182,199.751)
  f[1][1] pts=2 (1874.87,-188.173,200.848) (1872.75,-192.182,199.751)
joint 50 type=12 v0=17 v1=34 f0_0=3 f1_0=4 name=ss_e_ip_2 orient=1 div=1 shift=0.5 length=178.714 usd=20
  jv[0] pts=5 (2128.98,-175.792,185.947) (2145.43,-163.91,187.565) (2139.36,-159.452,168.648) (2122.91,-171.334,167.03) (2128.98,-175.792,185.947)
  jv[1] pts=5 (2140.37,-190.596,178.806) (2156.82,-178.714,180.424) (2150.76,-174.256,161.508) (2134.31,-186.138,159.89) (2140.37,-190.596,178.806)
  jv[2] pts=5 (2124.05,-172.166,170.561) (2138.23,-158.62,165.117) (2144.3,-163.078,184.034) (2130.11,-176.624,189.478) (2124.05,-172.166,170.561)
  jv[3] pts=5 (2135.44,-186.97,163.421) (2149.63,-173.424,157.977) (2155.69,-177.882,176.893) (2141.5,-191.428,182.337) (2135.44,-186.97,163.421)
  m[0][0] pts=4 (2144.23,-178.98,182.352) (2139.23,-189.116,179.52) (2130.12,-177.272,185.233) (2141.57,-175.526,184.018)
  m[0][1] pts=2 (2144.23,-178.98,182.352) (2141.57,-175.526,184.018)
  f[0][0] pts=4 (2138.17,-174.522,163.436) (2148.49,-171.944,158.691) (2139.37,-160.1,164.403) (2135.51,-171.068,165.102)
  f[0][1] pts=2 (2138.17,-174.522,163.436) (2135.51,-171.068,165.102)
  m[1][0] pts=4 (2138.17,-174.522,163.436) (2133.17,-184.658,160.604) (2124.05,-172.814,166.316) (2135.51,-171.068,165.102)
  m[1][1] pts=2 (2138.17,-174.522,163.436) (2135.51,-171.068,165.102)
  f[1][0] pts=4 (2144.23,-178.98,182.352) (2154.55,-176.402,177.607) (2145.43,-164.558,183.32) (2141.57,-175.526,184.018)
  f[1][1] pts=2 (2144.23,-178.98,182.352) (2141.57,-175.526,184.018)
joint 51 type=12 v0=18 v1=25 f0_0=6 f1_0=4 name=ss_e_ip_2 orient=1 div=1 shift=0.5 length=249.36 usd=20
  jv[0] pts=5 (1664.47,160.797,203.44) (1683.31,164.872,209.34) (1679.38,166.896,229.004) (1660.54,162.821,223.105) (1664.47,160.797,203.44)
  jv[1] pts=5 (1667.85,141.269,206.126) (1686.69,145.344,212.026) (1682.76,147.368,231.69) (1663.92,143.293,225.791) (1667.85,141.269,206.126)
  jv[2] pts=5 (1663.98,161.047,205.873) (1683.79,164.622,206.907) (1679.86,166.646,226.571) (1660.06,163.071,225.537) (1663.98,161.047,205.873)
  jv[3] pts=5 (1667.37,141.52,208.559) (1687.18,145.094,209.593) (1683.25,147.118,229.257) (1663.44,143.544,228.223) (1667.37,141.52,208.559)
  m[0][0] pts=4 (1675.97,150.792,208.047) (1667.52,143.222,205.858) (1664.81,158.844,203.709) (1675.19,155.349,207.42)
  m[0][1] pts=2 (1675.97,150.792,208.047) (1675.19,155.349,207.42)
  f[0][0] pts=4 (1675.97,150.792,208.047) (1686.84,147.046,209.325) (1684.13,162.669,207.176) (1675.19,155.349,207.42)
  f[0][1] pts=2 (1675.97,150.792,208.047) (1675.19,155.349,207.42)
  m[1][0] pts=4 (1672.05,152.816,227.711) (1663.59,145.246,225.522) (1660.88,160.868,223.373) (1671.26,157.373,227.084)
  m[1][1] pts=2 (1672.05,152.816,227.711) (1671.26,157.373,227.084)
  f[1][0] pts=4 (1672.05,152.816,227.711) (1682.91,149.071,228.989) (1680.2,164.693,226.84) (1671.26,157.373,227.084)
  f[1][1] pts=2 (1672.05,152.816,227.711) (1671.26,157.373,227.084)
joint 52 type=12 v0=18 v1=27 f0_0=4 f1_0=5 name=ss_e_ip_2 orient=1 div=1 shift=0.5 length=140.286 usd=20
  jv[0] pts=5 (1554.09,263.206,158.734) (1549.29,282.645,155.585) (1542.25,287.33,174.008) (1547.05,267.89,177.156) (1554.09,263.206,158.734)
  jv[1] pts=5 (1572.49,268.664,164.376) (1567.69,288.104,161.228) (1560.65,292.788,179.65) (1565.45,273.348,182.798) (1572.49,268.664,164.376)
  jv[2] pts=5 (1545.91,268.652,180.154) (1543.4,286.567,171.009) (1550.44,281.883,152.587) (1552.95,263.968,161.732) (1545.91,268.652,180.154)
  jv[3] pts=5 (1564.3,274.111,185.797) (1561.79,292.026,176.652) (1568.83,287.341,158.229) (1571.34,269.426,167.375) (1564.3,274.111,185.797)
  m[0][0] pts=4 (1563.04,276.292,160.639) (1570.65,268.118,163.812) (1555.93,263.751,159.298) (1558.74,275.018,159.323)
  m[0][1] pts=2 (1563.04,276.292,160.639) (1558.74,275.018,159.323)
  f[0][0] pts=4 (1556,280.976,179.061) (1559.95,291.48,176.087) (1545.24,287.113,171.573) (1551.7,279.702,177.745)
  f[0][1] pts=2 (1556,280.976,179.061) (1551.7,279.702,177.745)
  m[1][0] pts=4 (1556,280.976,179.061) (1563.61,272.802,182.234) (1548.89,268.436,177.72) (1551.7,279.702,177.745)
  m[1][1] pts=2 (1556,280.976,179.061) (1551.7,279.702,177.745)
  f[1][0] pts=4 (1563.04,276.292,160.639) (1566.99,286.796,157.665) (1552.28,282.429,153.151) (1558.74,275.018,159.323)
  f[1][1] pts=2 (1563.04,276.292,160.639) (1558.74,275.018,159.323)
joint 53 type=12 v0=18 v1=33 f0_0=7 f1_0=3 name=ss_e_ip_2 orient=1 div=1 shift=0.5 length=166.343 usd=20
  jv[0] pts=5 (1633.54,-0.215524,206.142) (1644.11,-16.8519,210.971) (1639.64,-18.1435,230.722) (1629.07,-1.50708,225.893) (1633.54,-0.215524,206.142)
  jv[1] pts=5 (1617.66,-11.5656,201.803) (1628.23,-28.202,206.631) (1623.75,-29.4936,226.382) (1613.18,-12.8572,221.553) (1617.66,-11.5656,201.803)
  jv[2] pts=5 (1632.79,-0.433798,209.48) (1644.87,-16.6337,207.633) (1640.39,-17.9252,227.384) (1628.31,-1.72535,229.231) (1632.79,-0.433798,209.48)
  jv[3] pts=5 (1616.9,-11.7839,205.14) (1628.98,-27.9837,203.294) (1624.51,-29.2753,223.044) (1612.43,-13.0754,224.891) (1616.9,-11.7839,205.14)
  m[0][0] pts=4 (1629.03,-15.5329,205.881) (1619.25,-10.4306,202.237) (1631.95,-1.35053,205.709) (1632.74,-12.8846,206.893)
  m[0][1] pts=2 (1629.03,-15.5329,205.881) (1632.74,-12.8846,206.893)
  f[0][0] pts=4 (1629.03,-15.5329,205.881) (1630.57,-26.8487,203.727) (1643.28,-17.7687,207.199) (1632.74,-12.8846,206.893)
  f[0][1] pts=2 (1629.03,-15.5329,205.881) (1632.74,-12.8846,206.893)
  m[1][0] pts=4 (1624.56,-16.8245,225.631) (1614.77,-11.7222,221.987) (1627.48,-2.64209,225.459) (1628.26,-14.1761,226.644)
  m[1][1] pts=2 (1624.56,-16.8245,225.631) (1628.26,-14.1761,226.644)
  f[1][0] pts=4 (1624.56,-16.8245,225.631) (1626.1,-28.1403,223.478) (1638.8,-19.0602,226.95) (1628.26,-14.1761,226.644)
  f[1][1] pts=2 (1624.56,-16.8245,225.631) (1628.26,-14.1761,226.644)
joint 54 type=12 v0=18 v1=35 f0_0=2 f1_0=5 name=ss_e_ip_2 orient=1 div=1 shift=0.5 length=156.281 usd=20
  jv[0] pts=5 (1520.67,-13.8416,169.924) (1509.11,-30.3142,167.427) (1500.96,-31.4956,185.952) (1512.51,-15.023,188.449) (1520.67,-13.8416,169.924)
  jv[1] pts=5 (1505.47,-2.2813,163.972) (1493.92,-18.7539,161.476) (1485.76,-19.9353,180.001) (1497.32,-3.4627,182.497) (1505.47,-2.2813,163.972)
  jv[2] pts=5 (1511.17,-15.2167,191.487) (1502.3,-31.3019,182.914) (1510.45,-30.1205,164.389) (1519.33,-14.0353,172.962) (1511.17,-15.2167,191.487)
  jv[3] pts=5 (1495.98,-3.65644,185.535) (1487.1,-19.7416,176.963) (1495.25,-18.5602,158.438) (1504.13,-2.47504,167.01) (1495.98,-3.65644,185.535)
  m[0][0] pts=4 (1505.52,-14.9491,165.005) (1506.99,-3.43733,164.567) (1519.15,-12.6856,169.328) (1509.06,-17.6465,166.394)
  m[0][1] pts=2 (1505.52,-14.9491,165.005) (1509.06,-17.6465,166.394)
  f[0][0] pts=4 (1497.36,-16.1304,183.53) (1488.62,-20.8976,177.558) (1500.78,-30.1458,182.319) (1500.91,-18.8278,184.919)
  f[0][1] pts=2 (1497.36,-16.1304,183.53) (1500.91,-18.8278,184.919)
  m[1][0] pts=4 (1497.36,-16.1304,183.53) (1498.83,-4.61873,183.092) (1510.99,-13.867,187.854) (1500.91,-18.8278,184.919)
  m[1][1] pts=2 (1497.36,-16.1304,183.53) (1500.91,-18.8278,184.919)
  f[1][0] pts=4 (1505.52,-14.9491,165.005) (1496.77,-19.7162,159.033) (1508.93,-28.9644,163.794) (1509.06,-17.6465,166.394)
  f[1][1] pts=2 (1505.52,-14.9491,165.005) (1509.06,-17.6465,166.394)
joint 55 type=12 v0=18 v1=36 f0_0=3 f1_0=5 name=ss_e_ip_2 orient=1 div=1 shift=0.5 length=235.74 usd=20
  jv[0] pts=5 (1479.71,130.868,144.769) (1461.07,134.766,138.294) (1452.83,136.701,156.54) (1471.47,132.803,163.014) (1479.71,130.868,144.769)
  jv[1] pts=5 (1483.87,150.43,144.573) (1465.23,154.328,138.099) (1456.99,156.263,156.344) (1475.63,152.365,162.819) (1483.87,150.43,144.573)
  jv[2] pts=5 (1470.59,133.009,164.956) (1453.7,136.495,154.598) (1461.95,134.56,136.352) (1478.83,131.074,146.711) (1470.59,133.009,164.956)
  jv[3] pts=5 (1474.75,152.571,164.761) (1457.86,156.057,154.402) (1466.11,154.122,136.157) (1482.99,150.636,146.515) (1474.75,152.571,164.761)
  m[0][0] pts=4 (1472.96,144.88,141.411) (1483.45,148.474,144.593) (1480.13,132.824,144.749) (1471.98,140.316,141.457)
  m[0][1] pts=2 (1472.96,144.88,141.411) (1471.98,140.316,141.457)
  f[0][0] pts=4 (1464.71,146.815,159.656) (1457.45,154.101,154.421) (1454.12,138.451,154.578) (1463.74,142.251,159.702)
  f[0][1] pts=2 (1464.71,146.815,159.656) (1463.74,142.251,159.702)
  m[1][0] pts=4 (1464.71,146.815,159.656) (1475.21,150.409,162.838) (1471.88,134.759,162.995) (1463.74,142.251,159.702)
  m[1][1] pts=2 (1464.71,146.815,159.656) (1463.74,142.251,159.702)
  f[1][0] pts=4 (1472.96,144.88,141.411) (1465.69,152.166,136.176) (1462.36,136.516,136.333) (1471.98,140.316,141.457)
  f[1][1] pts=2 (1472.96,144.88,141.411) (1471.98,140.316,141.457)
joint 56 type=12 v0=18 v1=37 f0_0=5 f1_0=5 name=ss_e_ip_2 orient=1 div=1 shift=0.5 length=39.1615 usd=20
  jv[0] pts=5 (1626.05,281.139,181.079) (1636.99,298.125,183.334) (1632.71,302.71,202.676) (1621.76,285.724,200.42) (1626.05,281.139,181.079)
  jv[1] pts=5 (1641.7,270.25,187.126) (1652.64,287.236,189.381) (1648.36,291.821,208.722) (1637.41,274.835,206.467) (1641.7,270.25,187.126)
  jv[2] pts=5 (1625.27,281.966,184.569) (1637.77,297.297,179.844) (1633.48,301.882,199.185) (1620.99,286.551,203.91) (1625.27,281.966,184.569)
  jv[3] pts=5 (1640.92,271.077,190.616) (1653.42,286.409,185.891) (1649.13,290.994,205.232) (1636.64,275.663,209.957) (1640.92,271.077,190.616)
  m[0][0] pts=4 (1641.17,282.917,185.935) (1640.13,271.339,186.521) (1627.61,280.05,181.683) (1637.52,285.458,184.524)
  m[0][1] pts=2 (1641.17,282.917,185.935) (1637.52,285.458,184.524)
  f[0][0] pts=4 (1641.17,282.917,185.935) (1651.85,287.497,185.286) (1639.33,296.208,180.449) (1637.52,285.458,184.524)
  f[0][1] pts=2 (1641.17,282.917,185.935) (1637.52,285.458,184.524)
  m[1][0] pts=4 (1636.89,287.502,205.277) (1635.85,275.924,205.862) (1623.33,284.635,201.025) (1633.24,290.043,203.866)
  m[1][1] pts=2 (1636.89,287.502,205.277) (1633.24,290.043,203.866)
  f[1][0] pts=4 (1636.89,287.502,205.277) (1647.57,292.083,204.627) (1635.05,300.793,199.79) (1633.24,290.043,203.866)
  f[1][1] pts=2 (1636.89,287.502,205.277) (1633.24,290.043,203.866)
joint 57 type=12 v0=19 v1=23 f0_0=6 f1_0=3 name=ss_e_ip_2 orient=1 div=1 shift=0.5 length=81.2991 usd=20
  jv[0] pts=5 (1408.32,-301.686,37.3206) (1423.66,-302.248,50.5729) (1413.92,-309.878,66.6406) (1398.58,-309.316,53.3883) (1408.32,-301.686,37.3206)
  jv[1] pts=5 (1412.86,-320.203,31.2792) (1428.2,-320.765,44.5314) (1418.46,-328.395,60.5992) (1403.12,-327.833,47.3469) (1412.86,-320.203,31.2792)
  jv[2] pts=5 (1406.71,-302.945,39.9728) (1425.27,-300.988,47.9206) (1415.53,-308.619,63.9884) (1396.98,-310.576,56.0406) (1406.71,-302.945,39.9728)
  jv[3] pts=5 (1411.25,-321.462,33.9314) (1429.81,-319.505,41.8792) (1420.07,-327.136,57.947) (1401.52,-329.093,49.9992) (1411.25,-321.462,33.9314)
  m[0][0] pts=4 (1418.79,-313.386,40.2212) (1412.41,-318.351,31.8833) (1408.77,-303.538,36.7164) (1417.73,-309.065,41.6308)
  m[0][1] pts=2 (1418.79,-313.386,40.2212) (1417.73,-309.065,41.6308)
  f[0][0] pts=4 (1418.79,-313.386,40.2212) (1429.35,-317.654,42.4834) (1425.72,-302.84,47.3165) (1417.73,-309.065,41.6308)
  f[0][1] pts=2 (1418.79,-313.386,40.2212) (1417.73,-309.065,41.6308)
  m[1][0] pts=4 (1409.05,-321.016,56.289) (1402.67,-325.982,47.9511) (1399.04,-311.168,52.7842) (1407.99,-316.695,57.6986)
  m[1][1] pts=2 (1409.05,-321.016,56.289) (1407.99,-316.695,57.6986)
  f[1][0] pts=4 (1409.05,-321.016,56.289) (1419.62,-325.284,58.5512) (1415.98,-310.47,63.3843) (1407.99,-316.695,57.6986)
  f[1][1] pts=2 (1409.05,-321.016,56.289) (1407.99,-316.695,57.6986)
joint 58 type=12 v0=19 v1=35 f0_0=5 f1_0=2 name=ss_e_ip_2 orient=1 div=1 shift=0.5 length=201.826 usd=20
  jv[0] pts=5 (1329.77,-204.117,20.8761) (1337.7,-191.654,34.6529) (1326.54,-197.446,50.4628) (1318.61,-209.909,36.686) (1329.77,-204.117,20.8761)
  jv[1] pts=5 (1343.48,-217.934,25.4868) (1351.41,-205.471,39.2637) (1340.25,-211.263,55.0735) (1332.32,-223.726,41.2967) (1343.48,-217.934,25.4868)
  jv[2] pts=5 (1328.21,-204.928,23.0904) (1339.26,-190.843,32.4386) (1328.11,-196.635,48.2485) (1317.05,-210.72,38.9003) (1328.21,-204.928,23.0904)
  jv[3] pts=5 (1341.91,-218.745,27.7012) (1352.97,-204.66,37.0493) (1341.81,-210.452,52.8592) (1330.75,-224.537,43.511) (1341.91,-218.745,27.7012)
  m[0][0] pts=4 (1342.19,-206.406,30.6078) (1342.11,-216.552,25.0258) (1331.14,-205.499,21.3372) (1338.99,-203.182,29.532)
  m[0][1] pts=2 (1342.19,-206.406,30.6078) (1338.99,-203.182,29.532)
  f[0][0] pts=4 (1342.19,-206.406,30.6078) (1351.6,-203.278,36.5883) (1340.63,-192.224,32.8997) (1338.99,-203.182,29.532)
  f[0][1] pts=2 (1342.19,-206.406,30.6078) (1338.99,-203.182,29.532)
  m[1][0] pts=4 (1331.03,-212.198,46.4177) (1330.95,-222.344,40.8356) (1319.98,-211.291,37.147) (1327.83,-208.974,45.3418)
  m[1][1] pts=2 (1331.03,-212.198,46.4177) (1327.83,-208.974,45.3418)
  f[1][0] pts=4 (1331.03,-212.198,46.4177) (1340.44,-209.07,52.3981) (1329.48,-198.017,48.7095) (1327.83,-208.974,45.3418)
  f[1][1] pts=2 (1331.03,-212.198,46.4177) (1327.83,-208.974,45.3418)
joint 59 type=12 v0=19 v1=38 f0_0=2 f1_0=4 name=ss_e_ip_2 orient=1 div=1 shift=0.5 length=222.402 usd=20
  jv[0] pts=5 (1365.23,-380.219,-43.413) (1376.3,-397.02,-42.7501) (1365.3,-406.475,-28.7942) (1354.22,-389.674,-29.457) (1365.23,-380.219,-43.413)
  jv[1] pts=5 (1353.89,-388.257,-57.7971) (1364.97,-405.058,-57.1343) (1353.96,-414.513,-43.1783) (1342.89,-397.712,-43.8411) (1353.89,-388.257,-57.7971)
  jv[2] pts=5 (1363.97,-381.298,-41.8203) (1377.56,-395.941,-44.3428) (1366.55,-405.396,-30.3869) (1352.97,-390.753,-27.8643) (1363.97,-381.298,-41.8203)
  jv[3] pts=5 (1352.64,-389.336,-56.2044) (1366.22,-403.979,-58.727) (1355.22,-413.434,-44.771) (1341.63,-398.791,-42.2484) (1352.64,-389.336,-56.2044)
  m[0][0] pts=4 (1363.78,-393.576,-51.9518) (1355.03,-387.453,-56.3587) (1364.1,-381.023,-44.8514) (1366.42,-391.701,-48.5955)
  m[0][1] pts=2 (1363.78,-393.576,-51.9518) (1366.42,-391.701,-48.5955)
  f[0][0] pts=4 (1363.78,-393.576,-51.9518) (1367.36,-403.175,-57.2885) (1376.42,-396.745,-45.7812) (1366.42,-391.701,-48.5955)
  f[0][1] pts=2 (1363.78,-393.576,-51.9518) (1366.42,-391.701,-48.5955)
  m[1][0] pts=4 (1352.77,-403.031,-37.9958) (1344.02,-396.908,-42.4027) (1353.09,-390.478,-30.8954) (1355.42,-401.156,-34.6395)
  m[1][1] pts=2 (1352.77,-403.031,-37.9958) (1355.42,-401.156,-34.6395)
  f[1][0] pts=4 (1352.77,-403.031,-37.9958) (1356.35,-412.63,-43.3326) (1365.42,-406.2,-31.8253) (1355.42,-401.156,-34.6395)
  f[1][1] pts=2 (1352.77,-403.031,-37.9958) (1355.42,-401.156,-34.6395)
joint 60 type=12 v0=20 v1=23 f0_0=2 f1_0=7 name=ss_e_ip_2 orient=1 div=1 shift=0.5 length=69.7433 usd=20
  jv[0] pts=5 (1560.5,-452.67,55.1933) (1553.77,-437.454,66.8111) (1559.64,-426.963,50.4611) (1566.37,-442.179,38.8433) (1560.5,-452.67,55.1933)
  jv[1] pts=5 (1578.76,-450.607,63.0752) (1572.03,-435.391,74.693) (1577.9,-424.9,58.3431) (1584.63,-440.116,46.7253) (1578.76,-450.607,63.0752)
  jv[2] pts=5 (1559.5,-454.449,57.9657) (1554.76,-435.675,64.0386) (1560.63,-425.184,47.6887) (1565.37,-443.958,41.6158) (1559.5,-454.449,57.9657)
  jv[3] pts=5 (1577.77,-452.386,65.8477) (1573.03,-433.612,71.9206) (1578.9,-423.121,55.5707) (1583.64,-441.895,49.4977) (1577.77,-452.386,65.8477)
  m[0][0] pts=4 (1568.4,-443.79,65.8627) (1576.94,-450.813,62.287) (1562.32,-452.464,55.9815) (1564.13,-444.271,64.0236)
  m[0][1] pts=2 (1568.4,-443.79,65.8627) (1564.13,-444.271,64.0236)
  f[0][0] pts=4 (1568.4,-443.79,65.8627) (1571.2,-433.818,71.1324) (1556.59,-435.468,64.8268) (1564.13,-444.271,64.0236)
  f[0][1] pts=2 (1568.4,-443.79,65.8627) (1564.13,-444.271,64.0236)
  m[1][0] pts=4 (1574.27,-433.299,49.5128) (1582.81,-440.323,45.9371) (1568.2,-441.973,39.6315) (1570,-433.78,47.6736)
  m[1][1] pts=2 (1574.27,-433.299,49.5128) (1570,-433.78,47.6736)
  f[1][0] pts=4 (1574.27,-433.299,49.5128) (1577.07,-423.327,54.7825) (1562.46,-424.977,48.4769) (1570,-433.78,47.6736)
  f[1][1] pts=2 (1574.27,-433.299,49.5128) (1570,-433.78,47.6736)
joint 61 type=12 v0=20 v1=28 f0_0=3 f1_0=5 name=ss_e_ip_2 orient=1 div=1 shift=0.5 length=233.006 usd=20
  jv[0] pts=5 (1680.05,-504.183,47.6834) (1690.88,-493.553,60.9076) (1694.38,-481.683,45.0336) (1683.55,-492.313,31.8095) (1680.05,-504.183,47.6834)
  jv[1] pts=5 (1696.23,-515.027,43.1479) (1707.06,-504.397,56.3721) (1710.56,-492.527,40.4981) (1699.73,-503.157,27.2739) (1696.23,-515.027,43.1479)
  jv[2] pts=5 (1683.16,-493.654,33.6029) (1694.78,-480.342,43.2402) (1691.27,-492.212,59.1142) (1679.65,-505.524,49.4769) (1683.16,-493.654,33.6029)
  jv[3] pts=5 (1699.34,-504.498,29.0673) (1710.96,-491.186,38.7047) (1707.46,-503.056,54.5786) (1695.83,-516.368,44.9413) (1699.34,-504.498,29.0673)
  m[0][0] pts=4 (1695.44,-505.555,51.4986) (1694.61,-513.942,43.6014) (1681.67,-505.267,47.2299) (1691.67,-503.025,52.5569)
  m[0][1] pts=2 (1695.44,-505.555,51.4986) (1691.67,-503.025,52.5569)
  f[0][0] pts=4 (1698.95,-493.685,35.6246) (1709.34,-490.101,39.1582) (1696.4,-481.426,42.7867) (1695.17,-491.155,36.6829)
  f[0][1] pts=2 (1698.95,-493.685,35.6246) (1695.17,-491.155,36.6829)
  m[1][0] pts=4 (1698.95,-493.685,35.6246) (1698.12,-502.072,27.7275) (1685.17,-493.397,31.3559) (1695.17,-491.155,36.6829)
  m[1][1] pts=2 (1698.95,-493.685,35.6246) (1695.17,-491.155,36.6829)
  f[1][0] pts=4 (1695.44,-505.555,51.4986) (1705.84,-501.971,55.0322) (1692.89,-493.296,58.6606) (1691.67,-503.025,52.5569)
  f[1][1] pts=2 (1695.44,-505.555,51.4986) (1691.67,-503.025,52.5569)
joint 62 type=12 v0=20 v1=38 f0_0=6 f1_0=6 name=ss_e_ip_2 orient=1 div=1 shift=0.5 length=169.27 usd=20
  jv[0] pts=5 (1526.11,-517.467,-15.0155) (1506.86,-511.515,-15.9348) (1514.07,-499.212,-30.1962) (1533.32,-505.164,-29.2769) (1526.11,-517.467,-15.0155)
  jv[1] pts=5 (1529.76,-503.528,-1.14517) (1510.51,-497.576,-2.06446) (1517.72,-485.272,-16.3258) (1536.97,-491.225,-15.4065) (1529.76,-503.528,-1.14517)
  jv[2] pts=5 (1525.18,-519.054,-13.1758) (1507.79,-509.928,-17.7745) (1515,-497.624,-32.0359) (1532.39,-506.751,-27.4371) (1525.18,-519.054,-13.1758)
  jv[3] pts=5 (1528.83,-505.115,0.694558) (1511.44,-495.988,-3.90417) (1518.65,-483.685,-18.1655) (1536.04,-492.812,-13.5668) (1528.83,-505.115,0.694558)
  m[0][0] pts=4 (1518.73,-505.895,-6.92179) (1529.39,-504.922,-2.53221) (1526.47,-516.073,-13.6285) (1517.88,-509.148,-10.1582)
  m[0][1] pts=2 (1518.73,-505.895,-6.92179) (1517.88,-509.148,-10.1582)
  f[0][0] pts=4 (1518.73,-505.895,-6.92178) (1511.07,-497.382,-5.2912) (1508.16,-508.534,-16.3875) (1517.88,-509.148,-10.1582)
  f[0][1] pts=2 (1518.73,-505.895,-6.92178) (1517.88,-509.148,-10.1582)
  m[1][0] pts=4 (1525.95,-493.592,-21.1831) (1536.6,-492.619,-16.7935) (1533.69,-503.77,-27.8898) (1525.1,-496.844,-24.4195)
  m[1][1] pts=2 (1525.95,-493.592,-21.1831) (1525.1,-496.844,-24.4195)
  f[1][0] pts=4 (1525.95,-493.592,-21.1831) (1518.29,-485.079,-19.5525) (1515.37,-496.23,-30.6488) (1525.1,-496.844,-24.4195)
  f[1][1] pts=2 (1525.95,-493.592,-21.1831) (1525.1,-496.844,-24.4195)
joint 63 type=12 v0=21 v1=26 f0_0=5 f1_0=2 name=ss_e_ip_2 orient=1 div=1 shift=0.5 length=254.795 usd=20
  jv[0] pts=5 (2375.53,345.929,15.7758) (2360.93,345.176,29.6624) (2371.85,351.786,45.27) (2386.46,352.539,31.3834) (2375.53,345.929,15.7758)
  jv[1] pts=5 (2370.4,364.757,11.3972) (2355.79,364.003,25.2839) (2366.72,370.613,40.8915) (2381.32,371.366,27.0049) (2370.4,364.757,11.3972)
  jv[2] pts=5 (2387.86,353.387,33.3856) (2370.45,350.938,43.2678) (2359.53,344.328,27.6602) (2376.93,346.777,17.778) (2387.86,353.387,33.3856)
  jv[3] pts=5 (2382.73,372.214,29.0071) (2365.32,369.765,38.8893) (2354.39,363.155,23.2817) (2371.8,365.605,13.3995) (2382.73,372.214,29.0071)
  m[0][0] pts=4 (2365.06,357.163,20.019) (2370.91,362.874,11.8351) (2375.02,347.812,15.3379) (2366.26,352.77,21.0406)
  m[0][1] pts=2 (2365.06,357.163,20.019) (2366.26,352.77,21.0406)
  f[0][0] pts=4 (2375.99,363.773,35.6266) (2365.83,367.882,39.3272) (2369.94,352.821,42.83) (2377.19,359.38,36.6483)
  f[0][1] pts=2 (2375.99,363.773,35.6266) (2377.19,359.38,36.6483)
  m[1][0] pts=4 (2375.99,363.773,35.6266) (2381.84,369.484,27.4427) (2385.94,354.422,30.9455) (2377.19,359.38,36.6483)
  m[1][1] pts=2 (2375.99,363.773,35.6266) (2377.19,359.38,36.6483)
  f[1][0] pts=4 (2365.06,357.163,20.019) (2354.9,361.273,23.7195) (2359.01,346.211,27.2223) (2366.26,352.77,21.0407)
  f[1][1] pts=2 (2365.06,357.163,20.019) (2366.26,352.77,21.0407)
joint 64 type=12 v0=22 v1=34 f0_0=6 f1_0=3 name=ss_e_ip_2 orient=1 div=1 shift=0.5 length=99.5258 usd=20
  jv[0] pts=5 (2220.05,-246.726,111.038) (2224.49,-229.032,120.327) (2233.03,-235.313,137.841) (2228.59,-253.007,128.551) (2220.05,-246.726,111.038)
  jv[1] pts=5 (2238.03,-246.651,102.293) (2242.48,-228.957,111.583) (2251.02,-235.238,129.097) (2246.57,-252.932,119.807) (2238.03,-246.651,102.293)
  jv[2] pts=5 (2230.41,-254.348,132.291) (2231.21,-233.972,134.101) (2222.67,-227.691,116.587) (2221.87,-248.067,114.778) (2230.41,-254.348,132.291)
  jv[3] pts=5 (2248.4,-254.273,123.547) (2249.19,-233.897,125.356) (2240.65,-227.616,107.843) (2239.86,-247.993,106.033) (2248.4,-254.273,123.547)
  m[0][0] pts=4 (2233.36,-237.833,110.29) (2236.24,-246.659,103.168) (2221.85,-246.719,110.163) (2229.16,-237.85,112.331)
  m[0][1] pts=2 (2233.36,-237.833,110.29) (2229.16,-237.85,112.331)
  f[0][0] pts=4 (2241.9,-244.114,127.804) (2247.39,-233.904,126.231) (2233.01,-233.964,133.226) (2237.7,-244.131,129.844)
  f[0][1] pts=2 (2241.9,-244.114,127.804) (2237.7,-244.131,129.844)
  m[1][0] pts=4 (2241.9,-244.114,127.804) (2244.78,-252.94,120.681) (2230.39,-252.999,127.677) (2237.7,-244.131,129.844)
  m[1][1] pts=2 (2241.9,-244.114,127.804) (2237.7,-244.131,129.844)
  f[1][0] pts=4 (2233.36,-237.833,110.29) (2238.85,-227.623,108.717) (2224.46,-227.683,115.713) (2229.16,-237.85,112.331)
  f[1][1] pts=2 (2233.36,-237.833,110.29) (2229.16,-237.85,112.331)
joint 65 type=12 v0=23 v1=28 f0_0=6 f1_0=6 name=ss_e_ip_2 orient=1 div=1 shift=0.5 length=194.629 usd=20
  jv[0] pts=5 (1646.8,-358.704,131.746) (1662.65,-371.17,132.594) (1667.17,-362.167,115.099) (1651.31,-349.701,114.251) (1646.8,-358.704,131.746)
  jv[1] pts=5 (1636.37,-372.636,121.885) (1652.23,-385.102,122.733) (1656.75,-376.098,105.238) (1640.89,-363.632,104.39) (1636.37,-372.636,121.885)
  jv[2] pts=5 (1650.7,-350.926,116.631) (1667.78,-360.942,112.718) (1663.27,-369.945,130.214) (1646.18,-359.929,134.126) (1650.7,-350.926,116.631)
  jv[3] pts=5 (1640.27,-364.857,106.77) (1657.36,-374.873,102.857) (1652.84,-383.877,120.353) (1635.76,-373.861,124.265) (1640.27,-364.857,106.77)
  m[0][0] pts=4 (1648.3,-373.528,126.089) (1637.41,-371.243,122.871) (1645.75,-360.098,130.76) (1650.73,-370.278,128.39)
  m[0][1] pts=2 (1648.3,-373.528,126.089) (1650.73,-370.278,128.39)
  f[0][0] pts=4 (1652.81,-364.525,108.594) (1658.4,-373.48,103.844) (1666.74,-362.335,111.732) (1655.25,-361.274,110.895)
  f[0][1] pts=2 (1652.81,-364.525,108.594) (1655.25,-361.274,110.895)
  m[1][0] pts=4 (1652.81,-364.525,108.594) (1641.93,-362.239,105.376) (1650.27,-351.094,113.265) (1655.25,-361.274,110.895)
  m[1][1] pts=2 (1652.81,-364.525,108.594) (1655.25,-361.274,110.895)
  f[1][0] pts=4 (1648.3,-373.528,126.089) (1653.89,-382.483,121.339) (1662.22,-371.338,129.228) (1650.73,-370.278,128.39)
  f[1][1] pts=2 (1648.3,-373.528,126.089) (1650.73,-370.278,128.39)
joint 66 type=12 v0=23 v1=33 f0_0=5 f1_0=8 name=ss_e_ip_2 orient=1 div=1 shift=0.5 length=216.8 usd=20
  jv[0] pts=5 (1618.11,-216.684,180.441) (1632.22,-206.1,190.309) (1636.87,-200.312,171.513) (1622.76,-210.896,161.645) (1618.11,-216.684,180.441)
  jv[1] pts=5 (1630.78,-232.075,178.836) (1644.89,-221.491,188.704) (1649.54,-215.704,169.907) (1635.43,-226.288,160.039) (1630.78,-232.075,178.836)
  jv[2] pts=5 (1622.09,-211.727,164.344) (1637.53,-199.481,168.814) (1632.88,-205.269,187.61) (1617.44,-217.515,183.14) (1622.09,-211.727,164.344)
  jv[3] pts=5 (1634.76,-227.119,162.738) (1650.2,-214.873,167.208) (1645.55,-220.66,186.005) (1630.11,-232.906,181.535) (1634.76,-227.119,162.738)
  m[0][0] pts=4 (1632.98,-220.883,184.385) (1629.51,-230.536,178.996) (1619.38,-218.223,180.281) (1630.02,-217.292,184.76)
  m[0][1] pts=2 (1632.98,-220.883,184.385) (1630.02,-217.292,184.76)
  f[0][0] pts=4 (1637.63,-215.096,165.589) (1648.94,-213.334,167.369) (1638.8,-201.021,168.653) (1634.67,-211.504,165.963)
  f[0][1] pts=2 (1637.63,-215.096,165.589) (1634.67,-211.504,165.963)
  m[1][0] pts=4 (1637.63,-215.096,165.589) (1634.16,-224.749,160.2) (1624.03,-212.436,161.484) (1634.67,-211.504,165.963)
  m[1][1] pts=2 (1637.63,-215.096,165.589) (1634.67,-211.504,165.963)
  f[1][0] pts=4 (1632.98,-220.883,184.385) (1644.29,-219.121,186.166) (1634.15,-206.808,187.45) (1630.02,-217.292,184.76)
  f[1][1] pts=2 (1632.98,-220.883,184.385) (1630.02,-217.292,184.76)
joint 67 type=12 v0=23 v1=35 f0_0=4 f1_0=7 name=ss_e_ip_2 orient=1 div=1 shift=0.5 length=248.749 usd=20
  jv[0] pts=5 (1480.96,-221.039,125.939) (1467.16,-206.405,126.793) (1475.41,-200.768,109.316) (1489.21,-215.402,108.462) (1480.96,-221.039,125.939)
  jv[1] pts=5 (1493.9,-209.41,135.799) (1480.1,-194.776,136.653) (1488.35,-189.139,119.176) (1502.15,-203.774,118.322) (1493.9,-209.41,135.799)
  jv[2] pts=5 (1480.02,-221.683,127.934) (1468.1,-205.761,124.798) (1476.35,-200.125,107.321) (1488.27,-216.046,110.457) (1480.02,-221.683,127.934)
  jv[3] pts=5 (1492.96,-210.054,137.794) (1481.05,-194.133,134.658) (1489.3,-188.496,117.181) (1501.21,-204.417,120.317) (1492.96,-210.054,137.794)
  m[0][0] pts=4 (1482.04,-206.551,132.446) (1492.61,-210.573,134.813) (1482.25,-219.876,126.925) (1479.02,-209.264,130.146)
  m[0][1] pts=2 (1482.04,-206.551,132.446) (1479.02,-209.264,130.146)
  f[0][0] pts=4 (1482.04,-206.551,132.446) (1479.75,-195.295,133.672) (1469.4,-204.598,125.784) (1479.02,-209.264,130.146)
  f[0][1] pts=2 (1482.04,-206.551,132.446) (1479.02,-209.264,130.146)
  m[1][0] pts=4 (1490.29,-200.914,114.969) (1500.86,-204.936,117.336) (1490.5,-214.239,109.448) (1487.27,-203.627,112.668)
  m[1][1] pts=2 (1490.29,-200.914,114.969) (1487.27,-203.627,112.668)
  f[1][0] pts=4 (1490.29,-200.914,114.969) (1488,-189.659,116.195) (1477.65,-198.962,108.307) (1487.27,-203.627,112.668)
  f[1][1] pts=2 (1490.29,-200.914,114.969) (1487.27,-203.627,112.668)
joint 68 type=12 v0=23 v1=38 f0_0=2 f1_0=5 name=ss_e_ip_2 orient=1 div=1 shift=0.5 length=145.777 usd=20
  jv[0] pts=5 (1488.98,-401.333,53.2151) (1478.48,-415.462,43.2436) (1486.73,-406.033,27.3615) (1497.23,-391.903,37.333) (1488.98,-401.333,53.2151)
  jv[1] pts=5 (1473.24,-389.025,52.3447) (1462.74,-403.155,42.3732) (1470.99,-393.725,26.4911) (1481.49,-379.596,36.4626) (1473.24,-389.025,52.3447)
  jv[2] pts=5 (1487.74,-402.749,55.6004) (1479.72,-414.046,40.8583) (1487.97,-404.616,24.9762) (1495.99,-393.32,39.7183) (1487.74,-402.749,55.6004)
  jv[3] pts=5 (1472,-390.442,54.7299) (1463.98,-401.738,39.9879) (1472.23,-392.309,24.1058) (1480.25,-381.012,38.8478) (1472,-390.442,54.7299)
  m[0][0] pts=4 (1474.03,-400.808,47.6926) (1474.81,-390.256,52.4317) (1487.41,-400.102,53.1281) (1477.7,-403.68,47.8957)
  m[0][1] pts=2 (1474.03,-400.808,47.6926) (1477.7,-403.68,47.8957)
  f[0][0] pts=4 (1474.03,-400.808,47.6926) (1465.56,-402.969,40.075) (1478.15,-412.815,40.7713) (1477.7,-403.68,47.8957)
  f[0][1] pts=2 (1474.03,-400.808,47.6926) (1477.7,-403.68,47.8957)
  m[1][0] pts=4 (1482.28,-391.378,31.8105) (1483.06,-380.827,36.5496) (1495.66,-390.673,37.2459) (1485.95,-394.25,32.0136)
  m[1][1] pts=2 (1482.28,-391.378,31.8105) (1485.95,-394.25,32.0136)
  f[1][0] pts=4 (1482.28,-391.378,31.8105) (1473.81,-393.54,24.1928) (1486.4,-403.386,24.8892) (1485.95,-394.25,32.0136)
  f[1][1] pts=2 (1482.28,-391.378,31.8105) (1485.95,-394.25,32.0136)
joint 69 type=12 v0=24 v1=27 f0_0=4 f1_0=2 name=ss_e_ip_2 orient=1 div=1 shift=0.5 length=168.201 usd=20
  jv[0] pts=5 (1526.72,552.053,40.769) (1524.94,537.022,54.2319) (1532.49,526.507,38.6499) (1534.26,541.538,25.187) (1526.72,552.053,40.769)
  jv[1] pts=5 (1508.17,548.4,34.2475) (1506.39,533.369,47.7104) (1513.94,522.854,32.1284) (1515.71,537.886,18.6655) (1508.17,548.4,34.2475)
  jv[2] pts=5 (1525.52,553.721,43.2416) (1526.14,535.353,51.7593) (1533.69,524.838,36.1773) (1533.07,543.207,27.6596) (1525.52,553.721,43.2416)
  jv[3] pts=5 (1506.97,550.069,36.7201) (1507.59,531.701,45.2377) (1515.14,521.186,29.6558) (1514.52,539.554,21.1381) (1506.97,550.069,36.7201)
  m[0][0] pts=4 (1514.39,542.285,43.4788) (1510.02,548.766,34.8996) (1524.86,551.688,40.1168) (1518.72,543.137,45.0005)
  m[0][1] pts=2 (1514.39,542.285,43.4788) (1518.72,543.137,45.0005)
  f[0][0] pts=4 (1514.39,542.285,43.4788) (1509.44,532.066,45.8899) (1524.29,534.988,51.1071) (1518.72,543.137,45.0005)
  f[0][1] pts=2 (1514.39,542.285,43.4788) (1518.72,543.137,45.0005)
  m[1][0] pts=4 (1521.94,531.77,27.8969) (1517.57,538.251,19.3177) (1532.41,541.173,24.5349) (1526.27,532.622,29.4186)
  m[1][1] pts=2 (1521.94,531.77,27.8969) (1526.27,532.622,29.4186)
  f[1][0] pts=4 (1521.94,531.77,27.8969) (1516.99,521.551,30.3079) (1531.83,524.473,35.5251) (1526.27,532.622,29.4185)
  f[1][1] pts=2 (1521.94,531.77,27.8969) (1526.27,532.622,29.4185)
joint 70 type=12 v0=25 v1=31 f0_0=6 f1_0=2 name=ss_e_ip_2 orient=1 div=1 shift=0.5 length=109.374 usd=20
  jv[0] pts=5 (1909.09,261.914,211.61) (1926.35,272.52,211.578) (1927.64,276.687,231.365) (1910.38,266.081,231.397) (1909.09,261.914,211.61)
  jv[1] pts=5 (1919.45,245.052,214.485) (1936.71,255.658,214.453) (1938.01,259.825,234.24) (1920.74,249.219,234.272) (1919.45,245.052,214.485)
  jv[2] pts=5 (1909.29,262.582,214.783) (1926.14,271.852,208.404) (1927.43,276.019,228.191) (1910.58,266.749,234.57) (1909.29,262.582,214.783)
  jv[3] pts=5 (1919.66,245.72,217.658) (1936.51,254.99,211.28) (1937.8,259.157,231.067) (1920.95,249.887,237.445) (1919.66,245.72,217.658)
  m[0][0] pts=4 (1924.11,256.819,213.367) (1918.41,246.738,214.197) (1910.12,260.227,211.897) (1921.69,260.753,212.696)
  m[0][1] pts=2 (1924.11,256.819,213.367) (1921.69,260.753,212.696)
  f[0][0] pts=4 (1924.11,256.819,213.367) (1935.47,256.676,210.992) (1927.18,270.165,208.692) (1921.69,260.753,212.696)
  f[0][1] pts=2 (1924.11,256.819,213.367) (1921.69,260.753,212.696)
  m[1][0] pts=4 (1925.4,260.986,233.154) (1919.7,250.905,233.984) (1911.41,264.395,231.684) (1922.98,264.92,232.483)
  m[1][1] pts=2 (1925.4,260.986,233.154) (1922.98,264.92,232.483)
  f[1][0] pts=4 (1925.4,260.986,233.154) (1936.76,260.843,230.779) (1928.47,274.333,228.479) (1922.98,264.92,232.483)
  f[1][1] pts=2 (1925.4,260.986,233.154) (1922.98,264.92,232.483)
joint 71 type=12 v0=25 v1=33 f0_0=3 f1_0=4 name=ss_e_ip_2 orient=1 div=1 shift=0.5 length=180.677 usd=20
  jv[0] pts=5 (1796.11,27.6901,232.358) (1792.88,7.79875,234.595) (1790.87,6.99551,254.755) (1794.1,26.8868,252.518) (1796.11,27.6901,232.358)
  jv[1] pts=5 (1776.42,30.6805,230.515) (1773.19,10.7892,232.752) (1771.18,9.98595,252.912) (1774.41,29.8773,250.675) (1776.42,30.6805,230.515)
  jv[2] pts=5 (1793.77,26.7548,255.832) (1791.2,7.12754,251.442) (1793.21,7.93078,231.282) (1795.78,27.558,235.672) (1793.77,26.7548,255.832)
  jv[3] pts=5 (1774.08,29.7452,253.989) (1771.51,10.118,249.599) (1773.52,10.9212,229.439) (1776.09,30.5485,233.829) (1774.08,29.7452,253.989)
  m[0][0] pts=4 (1782.35,19.5885,232.34) (1778.39,30.3815,230.699) (1794.14,27.9891,232.174) (1786.94,18.8907,232.77)
  m[0][1] pts=2 (1782.35,19.5885,232.34) (1786.94,18.8907,232.77)
  f[0][0] pts=4 (1780.34,18.7853,252.5) (1773.48,9.81893,249.783) (1789.23,7.42658,251.257) (1784.93,18.0875,252.93)
  f[0][1] pts=2 (1780.34,18.7853,252.5) (1784.93,18.0875,252.93)
  m[1][0] pts=4 (1780.34,18.7853,252.5) (1776.38,29.5782,250.859) (1792.13,27.1859,252.334) (1784.93,18.0875,252.93)
  m[1][1] pts=2 (1780.34,18.7853,252.5) (1784.93,18.0875,252.93)
  f[1][0] pts=4 (1782.35,19.5885,232.34) (1775.49,10.6222,229.623) (1791.24,8.22982,231.097) (1786.94,18.8907,232.77)
  f[1][1] pts=2 (1782.35,19.5885,232.34) (1786.94,18.8907,232.77)
joint 72 type=12 v0=25 v1=37 f0_0=5 f1_0=4 name=ss_e_ip_2 orient=1 div=1 shift=0.5 length=245.088 usd=20
  jv[0] pts=5 (1766.05,277.709,198.959) (1763.66,297.554,196.307) (1761.88,302.543,215.763) (1764.27,282.699,218.414) (1766.05,277.709,198.959)
  jv[1] pts=5 (1785.85,280.251,200.121) (1783.46,300.096,197.47) (1781.68,305.086,216.925) (1784.07,285.241,219.576) (1785.85,280.251,200.121)
  jv[2] pts=5 (1765.82,278.343,201.433) (1763.89,296.919,193.834) (1762.1,301.909,213.289) (1764.04,283.333,220.888) (1765.82,278.343,201.433)
  jv[3] pts=5 (1785.63,280.886,202.595) (1783.69,299.462,194.996) (1781.91,304.451,214.451) (1783.85,285.875,222.05) (1785.63,280.886,202.595)
  m[0][0] pts=4 (1777.07,289.199,198.35) (1783.87,279.997,200.005) (1768.03,277.963,199.075) (1772.45,288.606,198.079)
  m[0][1] pts=2 (1777.07,289.199,198.35) (1772.45,288.606,198.079)
  f[0][0] pts=4 (1777.07,289.199,198.35) (1781.71,299.207,194.88) (1765.87,297.174,193.95) (1772.45,288.606,198.079)
  f[0][1] pts=2 (1777.07,289.199,198.35) (1772.45,288.606,198.079)
  m[1][0] pts=4 (1775.28,294.189,217.805) (1782.09,284.987,219.46) (1766.25,282.953,218.53) (1770.66,293.596,217.534)
  m[1][1] pts=2 (1775.28,294.189,217.805) (1770.66,293.596,217.534)
  f[1][0] pts=4 (1775.28,294.189,217.805) (1779.93,304.197,214.335) (1764.08,302.163,213.405) (1770.66,293.596,217.534)
  f[1][1] pts=2 (1775.28,294.189,217.805) (1770.66,293.596,217.534)
joint 73 type=12 v0=26 v1=29 f0_0=7 f1_0=3 name=ss_e_ip_2 orient=1 div=1 shift=0.5 length=161.897 usd=20
  jv[0] pts=5 (2176.36,461.514,102.01) (2162.47,476.114,103.721) (2155.85,467.64,86.5905) (2169.74,453.041,84.8791) (2176.36,461.514,102.01)
  jv[1] pts=5 (2188.01,473.842,91.4099) (2174.12,488.441,93.1212) (2167.49,479.968,75.9906) (2181.39,465.368,74.2792) (2188.01,473.842,91.4099)
  jv[2] pts=5 (2177.35,462.778,104.565) (2161.48,474.85,101.166) (2154.86,466.376,84.0351) (2170.73,454.305,87.4345) (2177.35,462.778,104.565)
  jv[3] pts=5 (2189,475.106,93.9652) (2173.13,487.177,90.5659) (2166.51,478.704,73.4352) (2182.38,466.632,76.8346) (2189,475.106,93.9652)
  m[0][0] pts=4 (2176.6,476.416,96.3288) (2186.84,472.609,92.4699) (2177.53,462.747,100.95) (2173.88,473.54,98.8022)
  m[0][1] pts=2 (2176.6,476.416,96.3288) (2173.88,473.54,98.8022)
  f[0][0] pts=4 (2176.6,476.416,96.3288) (2171.96,485.944,91.6258) (2162.64,476.083,100.106) (2173.88,473.54,98.8021)
  f[0][1] pts=2 (2176.6,476.416,96.3288) (2173.88,473.54,98.8021)
  m[1][0] pts=4 (2169.98,467.943,79.1982) (2180.22,464.136,75.3392) (2170.9,454.274,83.8191) (2167.26,465.066,81.6715)
  m[1][1] pts=2 (2169.98,467.943,79.1982) (2167.26,465.066,81.6715)
  f[1][0] pts=4 (2169.98,467.943,79.1982) (2165.34,477.471,74.4952) (2156.02,467.609,82.9751) (2167.26,465.066,81.6715)
  f[1][1] pts=2 (2169.98,467.943,79.1982) (2167.26,465.066,81.6715)
joint 74 type=12 v0=26 v1=31 f0_0=6 f1_0=5 name=ss_e_ip_2 orient=1 div=1 shift=0.5 length=214.615 usd=20
  jv[0] pts=5 (2163.11,313.869,163.916) (2145.53,312.13,173.626) (2139.08,306.057,155.511) (2156.67,307.795,145.801) (2163.11,313.869,163.916)
  jv[1] pts=5 (2158.63,332.774,159.175) (2141.04,331.035,168.884) (2134.59,324.962,150.769) (2152.18,326.7,141.059) (2158.63,332.774,159.175)
  jv[2] pts=5 (2163.94,314.644,166.229) (2144.7,311.355,171.313) (2138.26,305.281,153.198) (2157.49,308.571,148.114) (2163.94,314.644,166.229)
  jv[3] pts=5 (2159.45,333.549,161.487) (2140.22,330.26,166.571) (2133.77,324.186,148.456) (2153,327.475,143.372) (2159.45,333.549,161.487)
  m[0][0] pts=4 (2151.55,324.658,165.847) (2159.08,330.883,159.649) (2162.67,315.759,163.442) (2152.6,320.246,166.953)
  m[0][1] pts=2 (2151.55,324.658,165.847) (2152.6,320.246,166.953)
  f[0][0] pts=4 (2151.55,324.658,165.847) (2140.67,328.369,167.045) (2144.25,313.245,170.839) (2152.6,320.246,166.953)
  f[0][1] pts=2 (2151.55,324.658,165.847) (2152.6,320.246,166.953)
  m[1][0] pts=4 (2145.11,318.584,147.732) (2152.63,324.809,141.534) (2156.22,309.686,145.327) (2146.15,314.173,148.838)
  m[1][1] pts=2 (2145.11,318.584,147.732) (2146.15,314.173,148.838)
  f[1][0] pts=4 (2145.11,318.584,147.732) (2134.22,322.296,148.93) (2137.81,307.172,152.724) (2146.15,314.173,148.838)
  f[1][1] pts=2 (2145.11,318.584,147.732) (2146.15,314.173,148.838)
joint 75 type=12 v0=26 v1=34 f0_0=4 f1_0=6 name=ss_e_ip_2 orient=1 div=1 shift=0.5 length=115.082 usd=20
  jv[0] pts=5 (2283.42,186.642,149.398) (2285.35,167.268,155.635) (2276.25,164.987,137.468) (2274.33,184.361,131.231) (2283.42,186.642,149.398)
  jv[1] pts=5 (2265.51,187.707,158.23) (2267.43,168.333,164.467) (2258.34,166.052,146.299) (2256.42,185.426,140.062) (2265.51,187.707,158.23)
  jv[2] pts=5 (2285.31,187.114,153.163) (2283.46,166.795,151.871) (2274.37,164.514,133.703) (2276.21,184.833,134.995) (2285.31,187.114,153.163)
  jv[3] pts=5 (2267.39,188.18,161.994) (2265.55,167.86,160.702) (2256.46,165.579,142.534) (2258.3,185.898,143.827) (2267.39,188.18,161.994)
  m[0][0] pts=4 (2273.34,177.612,157.963) (2267.3,187.6,157.347) (2281.63,186.748,150.282) (2277.52,177.363,155.902)
  m[0][1] pts=2 (2273.34,177.612,157.963) (2277.52,177.363,155.902)
  f[0][0] pts=4 (2273.34,177.612,157.963) (2267.34,167.754,159.819) (2281.67,166.902,152.754) (2277.52,177.363,155.902)
  f[0][1] pts=2 (2273.34,177.612,157.963) (2277.52,177.363,155.902)
  m[1][0] pts=4 (2264.24,175.331,139.795) (2258.21,185.319,139.179) (2272.54,184.467,132.114) (2268.42,175.082,137.735)
  m[1][1] pts=2 (2264.24,175.331,139.795) (2268.42,175.082,137.735)
  f[1][0] pts=4 (2264.24,175.331,139.795) (2258.25,165.473,141.651) (2272.58,164.621,134.586) (2268.42,175.082,137.735)
  f[1][1] pts=2 (2264.24,175.331,139.795) (2268.42,175.082,137.735)
joint 76 type=12 v0=27 v1=32 f0_0=7 f1_0=3 name=ss_e_ip_2 orient=1 div=1 shift=0.5 length=71.3725 usd=20
  jv[0] pts=5 (1366.28,346.056,66.3944) (1347.84,339.411,61.2616) (1358.28,332.889,45.1607) (1376.73,339.534,50.2935) (1366.28,346.056,66.3944)
  jv[1] pts=5 (1362.66,363.355,57.0349) (1344.21,356.709,51.9021) (1354.65,350.187,35.8011) (1373.1,356.833,40.9339) (1362.66,363.355,57.0349)
  jv[2] pts=5 (1364.59,347.114,69.0062) (1349.53,338.353,58.6498) (1359.97,331.831,42.5488) (1375.03,340.592,52.9053) (1364.59,347.114,69.0062)
  jv[3] pts=5 (1360.96,364.413,59.6467) (1345.9,355.651,49.2902) (1356.34,349.129,33.1893) (1371.4,357.891,43.5457) (1360.96,364.413,59.6467)
  m[0][0] pts=4 (1354.82,353.401,58.0563) (1363.02,361.625,57.9708) (1365.92,347.786,65.4585) (1355.67,349.365,60.2402)
  m[0][1] pts=2 (1354.82,353.401,58.0563) (1355.67,349.365,60.2402)
  f[0][0] pts=4 (1354.82,353.401,58.0563) (1346.27,353.922,50.2262) (1349.17,340.083,57.7138) (1355.67,349.365,60.2402)
  f[0][1] pts=2 (1354.82,353.401,58.0563) (1355.67,349.365,60.2402)
  m[1][0] pts=4 (1365.27,346.879,41.9553) (1373.46,355.103,41.8699) (1376.36,341.264,49.3575) (1366.11,342.843,44.1392)
  m[1][1] pts=2 (1365.27,346.879,41.9553) (1366.11,342.843,44.1392)
  f[1][0] pts=4 (1365.27,346.879,41.9553) (1356.71,347.4,34.1252) (1359.61,333.561,41.6129) (1366.11,342.843,44.1392)
  f[1][1] pts=2 (1365.27,346.879,41.9553) (1366.11,342.843,44.1392)
joint 77 type=12 v0=27 v1=36 f0_0=6 f1_0=4 name=ss_e_ip_2 orient=1 div=1 shift=0.5 length=161.013 usd=20
  jv[0] pts=5 (1438.3,295.562,120.739) (1428.2,278.356,124.016) (1437.14,273.293,106.599) (1447.24,290.499,103.322) (1438.3,295.562,120.739)
  jv[1] pts=5 (1422.66,302.816,110.602) (1412.56,285.61,113.879) (1421.5,280.547,96.4627) (1431.6,297.753,93.1854) (1422.66,302.816,110.602)
  jv[2] pts=5 (1436.98,296.309,123.307) (1429.51,277.609,121.448) (1438.45,272.546,104.031) (1445.92,291.245,105.89) (1436.98,296.309,123.307)
  jv[3] pts=5 (1421.34,303.563,113.17) (1413.87,284.864,111.311) (1422.81,279.801,93.8946) (1430.28,298.5,95.7535) (1421.34,303.563,113.17)
  m[0][0] pts=4 (1423.6,291.433,116.126) (1424.22,302.091,111.616) (1436.74,296.287,119.725) (1427.25,289.74,118.492)
  m[0][1] pts=2 (1423.6,291.433,116.126) (1427.25,289.74,118.492)
  f[0][0] pts=4 (1423.6,291.433,116.126) (1415.44,284.138,112.325) (1427.95,278.335,120.434) (1427.25,289.74,118.492)
  f[0][1] pts=2 (1423.6,291.433,116.126) (1427.25,289.74,118.492)
  m[1][0] pts=4 (1432.54,286.369,98.7097) (1433.16,297.028,94.1991) (1445.68,291.224,102.308) (1436.19,284.677,101.075)
  m[1][1] pts=2 (1432.54,286.369,98.7097) (1436.19,284.677,101.075)
  f[1][0] pts=4 (1432.54,286.369,98.7097) (1424.38,279.075,94.9083) (1436.89,273.272,103.017) (1436.19,284.677,101.075)
  f[1][1] pts=2 (1432.54,286.369,98.7097) (1436.19,284.677,101.075)
joint 78 type=12 v0=27 v1=37 f0_0=4 f1_0=6 name=ss_e_ip_2 orient=1 div=1 shift=0.5 length=202.761 usd=20
  jv[0] pts=5 (1626.17,403.875,154.774) (1644.7,404.072,162.835) (1649.53,396.444,144.764) (1631.01,396.248,136.703) (1626.17,403.875,154.774)
  jv[1] pts=5 (1623.31,385.377,161.815) (1641.83,385.573,169.876) (1646.66,377.946,151.805) (1628.14,377.749,143.744) (1623.31,385.377,161.815)
  jv[2] pts=5 (1630.33,397.324,139.253) (1650.21,395.368,142.214) (1645.38,402.996,160.285) (1625.49,404.952,157.324) (1630.33,397.324,139.253)
  jv[3] pts=5 (1627.46,378.825,146.294) (1647.35,376.869,149.255) (1642.51,384.497,167.326) (1622.62,386.453,164.365) (1627.46,378.825,146.294)
  m[0][0] pts=4 (1633.67,392.566,163.146) (1623.59,387.227,161.111) (1625.89,402.026,155.478) (1634.34,396.883,161.504)
  m[0][1] pts=2 (1633.67,392.566,163.146) (1634.34,396.883,161.504)
  f[0][0] pts=4 (1638.5,384.938,145.075) (1647.63,378.719,148.55) (1649.93,393.518,142.918) (1639.17,389.255,143.432)
  f[0][1] pts=2 (1638.5,384.938,145.075) (1639.17,389.255,143.432)
  m[1][0] pts=4 (1638.5,384.938,145.075) (1628.43,379.599,143.04) (1630.72,394.398,137.407) (1639.17,389.255,143.432)
  m[1][1] pts=2 (1638.5,384.938,145.075) (1639.17,389.255,143.432)
  f[1][0] pts=4 (1633.67,392.566,163.146) (1642.8,386.347,166.622) (1645.09,401.146,160.989) (1634.34,396.883,161.504)
  f[1][1] pts=2 (1633.67,392.566,163.146) (1634.34,396.883,161.504)
joint 79 type=12 v0=28 v1=33 f0_0=2 f1_0=7 name=ss_e_ip_2 orient=1 div=1 shift=0.5 length=115.197 usd=20
  jv[0] pts=5 (1751.48,-305.071,157.678) (1750.37,-287.716,168.141) (1747.99,-295.128,186.885) (1749.1,-312.484,176.422) (1751.48,-305.071,157.678)
  jv[1] pts=5 (1771.33,-305.275,160.119) (1770.22,-287.919,170.582) (1767.84,-295.332,189.326) (1768.95,-312.688,178.863) (1771.33,-305.275,160.119)
  jv[2] pts=5 (1748.69,-313.745,179.612) (1748.4,-293.866,183.695) (1750.78,-286.454,164.952) (1751.07,-306.333,160.868) (1748.69,-313.745,179.612)
  jv[3] pts=5 (1768.54,-313.949,182.052) (1768.24,-294.07,186.136) (1770.63,-286.658,167.392) (1770.92,-306.537,163.309) (1768.54,-313.949,182.052)
  m[0][0] pts=4 (1763.17,-296.519,164.415) (1769.34,-305.255,159.875) (1753.46,-305.092,157.922) (1758.53,-296.472,163.846)
  m[0][1] pts=2 (1763.17,-296.519,164.415) (1758.53,-296.472,163.846)
  f[0][0] pts=4 (1760.78,-303.932,183.158) (1766.26,-294.05,185.892) (1750.38,-293.887,183.939) (1756.15,-303.884,182.589)
  f[0][1] pts=2 (1760.78,-303.932,183.158) (1756.15,-303.884,182.589)
  m[1][0] pts=4 (1760.78,-303.932,183.159) (1766.96,-312.667,178.618) (1751.08,-312.504,176.666) (1756.15,-303.884,182.589)
  m[1][1] pts=2 (1760.78,-303.932,183.159) (1756.15,-303.884,182.589)
  f[1][0] pts=4 (1763.17,-296.519,164.415) (1768.64,-286.637,167.148) (1752.76,-286.474,165.196) (1758.53,-296.472,163.846)
  f[1][1] pts=2 (1763.17,-296.519,164.415) (1758.53,-296.472,163.846)
joint 80 type=12 v0=29 v1=30 f0_0=7 f1_0=3 name=ss_e_ip_2 orient=1 div=1 shift=0.5 length=231.039 usd=20
  jv[0] pts=5 (2035.63,617.814,45.0152) (2029.99,634.882,35.9112) (2026.42,622.522,20.3999) (2032.07,605.454,29.5039) (2035.63,617.814,45.0152)
  jv[1] pts=5 (2054.36,620.548,38.5336) (2048.71,637.616,29.4296) (2045.15,625.257,13.9183) (2050.79,608.189,23.0224) (2054.36,620.548,38.5336)
  jv[2] pts=5 (2032.5,606.964,31.3991) (2025.99,621.012,18.5047) (2029.55,633.371,34.016) (2036.07,619.324,46.9103) (2032.5,606.964,31.3991)
  jv[3] pts=5 (2051.23,609.699,24.9175) (2044.71,623.747,12.0232) (2048.28,636.106,27.5344) (2054.79,622.058,40.4288) (2051.23,609.699,24.9175)
  m[0][0] pts=4 (2044.36,628.034,36.4662) (2052.48,620.275,39.1818) (2037.51,618.087,44.367) (2039.99,627.396,37.9786)
  m[0][1] pts=2 (2044.36,628.034,36.4662) (2039.99,627.396,37.9786)
  f[0][0] pts=4 (2040.79,615.675,20.955) (2042.84,623.473,12.6713) (2027.86,621.285,17.8566) (2036.42,615.036,22.4673)
  f[0][1] pts=2 (2040.79,615.675,20.955) (2036.42,615.036,22.4673)
  m[1][0] pts=4 (2040.79,615.675,20.955) (2048.92,607.915,23.6705) (2033.94,605.728,28.8558) (2036.42,615.036,22.4673)
  m[1][1] pts=2 (2040.79,615.675,20.955) (2036.42,615.036,22.4673)
  f[1][0] pts=4 (2044.36,628.034,36.4662) (2046.4,635.833,28.1826) (2031.43,633.645,33.3678) (2039.99,627.396,37.9786)
  f[1][1] pts=2 (2044.36,628.034,36.4662) (2039.99,627.396,37.9786)
joint 81 type=12 v0=29 v1=31 f0_0=4 f1_0=4 name=ss_e_ip_2 orient=1 div=1 shift=0.5 length=192.384 usd=20
  jv[0] pts=5 (2042.93,444.907,150.011) (2042.44,427.816,160.7) (2038.25,419.72,142.714) (2038.74,436.812,132.025) (2042.93,444.907,150.011)
  jv[1] pts=5 (2023.4,447.568,153.366) (2022.9,430.477,164.055) (2018.71,422.381,146.069) (2019.2,439.473,135.38) (2023.4,447.568,153.366)
  jv[2] pts=5 (2043.47,445.939,152.304) (2041.91,426.784,158.407) (2037.71,418.689,140.421) (2039.27,437.844,134.318) (2043.47,445.939,152.304)
  jv[3] pts=5 (2023.93,448.6,155.659) (2022.37,429.445,161.763) (2018.18,421.349,143.777) (2019.74,440.505,137.673) (2023.93,448.6,155.659)
  m[0][0] pts=4 (2030.64,438.002,157.425) (2025.35,447.302,153.031) (2040.98,445.173,150.347) (2035.2,437.382,156.642)
  m[0][1] pts=2 (2030.64,438.002,157.425) (2035.2,437.382,156.642)
  f[0][0] pts=4 (2030.64,438.002,157.425) (2024.32,429.179,161.427) (2039.95,427.05,158.743) (2035.2,437.382,156.642)
  f[0][1] pts=2 (2030.64,438.002,157.425) (2035.2,437.382,156.642)
  m[1][0] pts=4 (2026.45,429.907,139.439) (2021.16,439.206,135.045) (2036.79,437.078,132.36) (2031.01,429.286,138.656)
  m[1][1] pts=2 (2026.45,429.907,139.439) (2031.01,429.286,138.656)
  f[1][0] pts=4 (2026.45,429.907,139.439) (2020.13,421.083,143.441) (2035.76,418.955,140.757) (2031.01,429.286,138.656)
  f[1][1] pts=2 (2026.45,429.907,139.439) (2031.01,429.286,138.656)
joint 82 type=12 v0=29 v1=37 f0_0=5 f1_0=2 name=ss_e_ip_2 orient=1 div=1 shift=0.5 length=58.576 usd=20
  jv[0] pts=5 (1936.83,469.603,161.901) (1919.53,463.092,170.354) (1918.38,453.986,152.214) (1935.68,460.497,143.761) (1936.83,469.603,161.901)
  jv[1] pts=5 (1927.24,485.522,154.518) (1909.93,479.011,162.971) (1908.78,469.905,144.831) (1926.09,476.416,136.378) (1927.24,485.522,154.518)
  jv[2] pts=5 (1937.04,471.236,165.156) (1919.32,461.458,167.1) (1918.17,452.352,148.959) (1935.89,462.13,147.016) (1937.04,471.236,165.156)
  jv[3] pts=5 (1927.45,487.156,157.773) (1909.73,477.377,159.717) (1908.58,468.271,141.577) (1926.3,478.05,139.633) (1927.45,487.156,157.773)
  m[0][0] pts=4 (1922.26,476.164,161.575) (1928.2,483.93,155.257) (1935.88,471.195,161.163) (1924.5,472.45,163.297)
  m[0][1] pts=2 (1922.26,476.164,161.575) (1924.5,472.45,163.297)
  f[0][0] pts=4 (1922.26,476.164,161.575) (1910.69,475.785,160.455) (1918.36,463.05,166.361) (1924.5,472.45,163.297)
  f[0][1] pts=2 (1922.26,476.164,161.575) (1924.5,472.45,163.297)
  m[1][0] pts=4 (1921.11,467.058,143.435) (1927.05,474.824,137.117) (1934.73,462.089,143.023) (1923.35,463.344,145.157)
  m[1][1] pts=2 (1921.11,467.058,143.435) (1923.35,463.344,145.157)
  f[1][0] pts=4 (1921.11,467.058,143.435) (1909.54,466.679,142.315) (1917.21,453.944,148.221) (1923.35,463.344,145.157)
  f[1][1] pts=2 (1921.11,467.058,143.435) (1923.35,463.344,145.157)
joint 83 type=12 v0=31 v1=37 f0_0=3 f1_0=3 name=ss_e_ip_2 orient=1 div=1 shift=0.5 length=154.193 usd=20
  jv[0] pts=5 (1923.37,367.763,201.413) (1904.3,374.23,203.523) (1903.29,367.564,184.428) (1922.37,361.097,182.318) (1923.37,367.763,201.413)
  jv[1] pts=5 (1928.78,385.853,194.812) (1909.7,392.32,196.923) (1908.7,385.654,177.828) (1927.77,379.187,175.718) (1928.78,385.853,194.812)
  jv[2] pts=5 (1923.53,368.807,204.402) (1904.14,373.186,200.533) (1903.13,366.52,181.439) (1922.52,362.141,185.308) (1923.53,368.807,204.402)
  jv[3] pts=5 (1928.93,386.897,197.802) (1909.54,391.276,193.933) (1908.54,384.61,174.839) (1927.93,380.231,178.707) (1928.93,386.897,197.802)
  m[0][0] pts=4 (1917.17,382.152,198.398) (1928.23,384.044,195.473) (1923.91,369.572,200.753) (1915.91,377.931,199.938)
  m[0][1] pts=2 (1917.17,382.152,198.398) (1915.91,377.931,199.938)
  f[0][0] pts=4 (1917.17,382.152,198.398) (1909,389.467,194.593) (1904.68,374.995,199.873) (1915.91,377.931,199.938)
  f[0][1] pts=2 (1917.17,382.152,198.398) (1915.91,377.931,199.938)
  m[1][0] pts=4 (1916.16,375.486,179.303) (1927.23,377.378,176.378) (1922.91,362.906,181.658) (1914.9,371.265,180.843)
  m[1][1] pts=2 (1916.16,375.486,179.303) (1914.9,371.265,180.843)
  f[1][0] pts=4 (1916.16,375.486,179.303) (1908,382.801,175.499) (1903.68,368.329,180.779) (1914.9,371.265,180.843)
  f[1][1] pts=2 (1916.16,375.486,179.303) (1914.9,371.265,180.843)
joint 84 type=12 v0=32 v1=36 f0_0=4 f1_0=3 name=ss_e_ip_2 orient=1 div=1 shift=0.5 length=187.854 usd=20
  jv[0] pts=5 (1308.49,258.077,50.3745) (1318.87,246.953,63.5824) (1330.5,243.195,47.5672) (1320.12,254.319,34.3593) (1308.49,258.077,50.3745)
  jv[1] pts=5 (1297.18,242.201,45.8879) (1307.56,231.077,59.0958) (1319.19,227.319,43.0806) (1308.81,238.443,29.8728) (1297.18,242.201,45.8879)
  jv[2] pts=5 (1318.72,254.773,36.2924) (1331.9,242.741,45.6342) (1320.27,246.499,61.6493) (1307.08,258.531,52.3075) (1318.72,254.773,36.2924)
  jv[3] pts=5 (1307.41,238.897,31.8058) (1320.6,226.865,41.1476) (1308.97,230.624,57.1627) (1295.78,242.655,47.821) (1307.41,238.897,31.8058)
  m[0][0] pts=4 (1306.71,242.725,54.2117) (1298.31,243.789,46.3366) (1307.36,256.489,49.9258) (1309.34,246.429,55.2586)
  m[0][1] pts=2 (1306.71,242.725,54.2117) (1309.34,246.429,55.2586)
  f[0][0] pts=4 (1318.34,238.967,38.1965) (1321.73,228.453,41.5962) (1330.77,241.154,45.1855) (1320.98,242.671,39.2434)
  f[0][1] pts=2 (1318.34,238.967,38.1965) (1320.98,242.671,39.2434)
  m[1][0] pts=4 (1318.34,238.967,38.1965) (1309.95,240.031,30.3214) (1318.99,252.731,33.9107) (1320.98,242.671,39.2434)
  m[1][1] pts=2 (1318.34,238.967,38.1965) (1320.98,242.671,39.2434)
  f[1][0] pts=4 (1306.71,242.725,54.2117) (1310.1,232.211,57.6114) (1319.14,244.912,61.2007) (1309.34,246.429,55.2586)
  f[1][1] pts=2 (1306.71,242.725,54.2117) (1309.34,246.429,55.2586)
joint 85 type=12 v0=33 v1=35 f0_0=2 f1_0=6 name=ss_e_ip_2 orient=1 div=1 shift=0.5 length=72.2028 usd=20
  jv[0] pts=5 (1571.2,-109.137,199.821) (1551,-109.348,197.251) (1557.24,-105.279,178.297) (1577.45,-105.068,180.868) (1571.2,-109.137,199.821)
  jv[1] pts=5 (1570.49,-89.5486,203.793) (1550.29,-89.7594,201.222) (1556.53,-85.6903,182.269) (1576.74,-85.4794,184.84) (1570.49,-89.5486,203.793)
  jv[2] pts=5 (1570.03,-109.905,203.397) (1552.18,-108.581,193.675) (1558.42,-104.511,174.722) (1576.27,-105.836,184.444) (1570.03,-109.905,203.397)
  jv[3] pts=5 (1569.32,-90.3162,207.369) (1551.47,-88.9918,197.647) (1557.71,-84.9226,178.693) (1575.56,-86.2471,188.416) (1569.32,-90.3162,207.369)
  m[0][0] pts=4 (1560.66,-97.163,200.985) (1570.56,-91.5074,203.396) (1571.13,-107.178,200.219) (1560.83,-101.734,200.059)
  m[0][1] pts=2 (1560.66,-97.163,200.985) (1560.83,-101.734,200.059)
  f[0][0] pts=4 (1560.66,-97.163,200.985) (1551.54,-90.9506,197.249) (1552.11,-106.622,194.072) (1560.83,-101.734,200.059)
  f[0][1] pts=2 (1560.66,-97.163,200.985) (1560.83,-101.734,200.059)
  m[1][0] pts=4 (1566.91,-93.0939,182.032) (1576.81,-87.4383,184.443) (1577.38,-103.109,181.265) (1567.07,-97.6646,181.105)
  m[1][1] pts=2 (1566.91,-93.0939,182.032) (1567.07,-97.6646,181.105)
  f[1][0] pts=4 (1566.91,-93.0939,182.032) (1557.78,-86.8815,178.296) (1558.35,-102.553,175.119) (1567.07,-97.6646,181.105)
  f[1][1] pts=2 (1566.91,-93.0939,182.032) (1567.07,-97.6646,181.105)
joint 86 type=12 v0=35 v1=36 f0_0=4 f1_0=6 name=ss_e_ip_2 orient=1 div=1 shift=0.5 length=122.451 usd=20
  jv[0] pts=5 (1378.68,13.7793,123.584) (1375.74,33.6109,126.354) (1385.8,34.3857,108.809) (1388.75,14.5541,106.039) (1378.68,13.7793,123.584)
  jv[1] pts=5 (1395.98,14.9573,133.556) (1393.03,34.7889,136.326) (1403.1,35.5638,118.781) (1406.04,15.7321,116.011) (1395.98,14.9573,133.556)
  jv[2] pts=5 (1377.14,13.6603,126.277) (1377.28,33.7299,123.66) (1387.34,34.5047,106.116) (1387.2,14.4352,108.733) (1377.14,13.6603,126.277)
  jv[3] pts=5 (1394.44,14.8383,136.249) (1394.58,34.9079,133.632) (1404.64,35.6827,116.088) (1404.5,15.6132,118.705) (1394.44,14.8383,136.249)
  m[0][0] pts=4 (1387.88,24.4215,131.118) (1394.25,14.8395,132.559) (1380.41,13.8971,124.581) (1383.84,24.1467,128.791)
  m[0][1] pts=2 (1387.88,24.4215,131.118) (1383.84,24.1467,128.791)
  f[0][0] pts=4 (1387.88,24.4215,131.118) (1392.85,34.7901,132.635) (1379.01,33.8477,124.658) (1383.84,24.1467,128.791)
  f[0][1] pts=2 (1387.88,24.4215,131.118) (1383.84,24.1467,128.791)
  m[1][0] pts=4 (1397.94,25.1964,113.574) (1404.31,15.6143,115.014) (1390.48,14.6719,107.037) (1393.9,24.9215,111.247)
  m[1][1] pts=2 (1397.94,25.1964,113.574) (1393.9,24.9215,111.247)
  f[1][0] pts=4 (1397.94,25.1964,113.574) (1402.91,35.5649,115.091) (1389.07,34.6225,107.113) (1393.9,24.9215,111.247)
  f[1][1] pts=2 (1397.94,25.1964,113.574) (1393.9,24.9215,111.247)
