# session joints after joint_create_geometry + orient
# count=94
joint 0 type=11 v0=1 v1=0 f0_0=4 f1_0=2 name=ss_e_op_1 orient=1 div=1 shift=0.66
  jv[0] pts=5 (284.645,71.4199,232.673) (284.645,71.4199,214.673) (301.962,76.3315,214.673) (301.962,76.3315,232.673) (284.645,71.4199,232.673)
  jv[1] pts=5 (379.066,-261.481,232.673) (379.066,-261.481,214.673) (396.383,-256.57,214.673) (396.383,-256.57,232.673) (379.066,-261.481,232.673)
  m[0][0] pts=4 (316.119,-39.5471,232.673) (316.119,-39.5471,214.673) (352.628,-168.269,214.673) (352.628,-168.269,232.673)
  m[0][1] pts=2 (316.119,-39.5471,232.673) (352.628,-168.269,232.673)
  f[0][0] pts=4 (338.472,-52.3902,214.673) (316.119,-39.5471,214.673) (352.628,-168.269,214.673) (364.909,-145.603,214.673)
  f[0][1] pts=2 (338.472,-52.3902,214.673) (364.909,-145.603,214.673)
  m[1][0] pts=4 (338.472,-52.3902,232.673) (338.472,-52.3902,214.673) (364.909,-145.603,214.673) (364.909,-145.603,232.673)
  m[1][1] pts=2 (338.472,-52.3902,232.673) (364.909,-145.603,232.673)
  f[1][0] pts=4 (338.472,-52.3902,232.673) (316.119,-39.5471,232.673) (352.628,-168.269,232.673) (364.909,-145.603,232.673)
  f[1][1] pts=2 (338.472,-52.3902,232.673) (364.909,-145.603,232.673)
joint 1 type=11 v0=2 v1=0 f0_0=3 f1_0=5 name=ss_e_op_1 orient=1 div=1 shift=0.66
  jv[0] pts=5 (436.698,102.956,232.673) (436.698,102.956,214.673) (439.184,85.1284,214.673) (439.184,85.1284,232.673) (436.698,102.956,232.673)
  jv[1] pts=5 (292.061,82.7895,232.673) (292.061,82.7895,214.673) (294.547,64.9619,214.673) (294.547,64.9619,232.673) (292.061,82.7895,232.673)
  m[0][0] pts=4 (388.486,96.2338,232.673) (388.486,96.2338,214.673) (332.559,88.4361,214.673) (332.559,88.4361,232.673)
  m[0][1] pts=2 (388.486,96.2338,232.673) (332.559,88.4361,232.673)
  f[0][0] pts=4 (383.257,77.3307,214.673) (388.486,96.2338,214.673) (332.559,88.4361,214.673) (342.759,71.6841,214.673)
  f[0][1] pts=2 (383.257,77.3307,214.673) (342.759,71.6841,214.673)
  m[1][0] pts=4 (383.257,77.3307,232.673) (383.257,77.3307,214.673) (342.759,71.6841,214.673) (342.759,71.6841,232.673)
  m[1][1] pts=2 (383.257,77.3307,232.673) (342.759,71.6841,232.673)
  f[1][0] pts=4 (383.257,77.3307,232.673) (388.486,96.2338,232.673) (332.559,88.4361,232.673) (342.759,71.6841,232.673)
  f[1][1] pts=2 (383.257,77.3307,232.673) (342.759,71.6841,232.673)
joint 2 type=11 v0=3 v1=0 f0_0=4 f1_0=4 name=ss_e_op_1 orient=1 div=1 shift=0.66
  jv[0] pts=5 (446.941,-252.042,232.673) (446.941,-252.042,214.673) (428.941,-252.042,214.673) (428.941,-252.042,232.673) (446.941,-252.042,232.673)
  jv[1] pts=5 (446.941,94.0422,232.673) (446.941,94.0422,214.673) (428.941,94.0422,214.673) (428.941,94.0422,232.673) (446.941,94.0422,232.673)
  m[0][0] pts=4 (446.941,-136.68,232.673) (446.941,-136.68,214.673) (446.941,-2.86129,214.673) (446.941,-2.86129,232.673)
  m[0][1] pts=2 (446.941,-136.68,232.673) (446.941,-2.86129,232.673)
  f[0][0] pts=4 (428.941,-118.223,214.673) (446.941,-136.68,214.673) (446.941,-2.86129,214.673) (428.941,-21.3191,214.673)
  f[0][1] pts=2 (428.941,-118.223,214.673) (428.941,-21.3191,214.673)
  m[1][0] pts=4 (428.941,-118.223,232.673) (428.941,-118.223,214.673) (428.941,-21.3191,214.673) (428.941,-21.3191,232.673)
  m[1][1] pts=2 (428.941,-118.223,232.673) (428.941,-21.3191,232.673)
  f[1][0] pts=4 (428.941,-118.223,232.673) (446.941,-136.68,232.673) (446.941,-2.86129,232.673) (428.941,-21.3191,232.673)
  f[1][1] pts=2 (428.941,-118.223,232.673) (428.941,-21.3191,232.673)
joint 3 type=11 v0=2 v1=1 f0_0=2 f1_0=5 name=ss_e_op_1 orient=1 div=1 shift=0.66
  jv[0] pts=5 (281.825,81.3624,223.673) (299.824,83.8718,223.673) (304.782,66.3891,223.673) (286.784,63.8796,223.673) (281.825,81.3624,223.673)
  jv[1] pts=5 (281.825,81.3624,-48.7785) (299.824,83.8718,-48.7785) (304.782,66.3891,-48.7785) (286.784,63.8796,-48.7785) (281.825,81.3624,-48.7785)
  m[0][0] pts=4 (281.825,81.3624,132.856) (299.824,83.8718,132.856) (299.824,83.8718,27.508) (281.825,81.3624,27.508)
  m[0][1] pts=2 (281.825,81.3624,132.856) (281.825,81.3624,27.508)
  f[0][0] pts=4 (304.782,66.3891,118.325) (299.824,83.8718,132.856) (299.824,83.8718,27.508) (304.782,66.3891,42.0387)
  f[0][1] pts=2 (304.782,66.3891,118.325) (304.782,66.3891,42.0387)
  m[1][0] pts=4 (286.784,63.8796,118.325) (304.782,66.3891,118.325) (304.782,66.3891,42.0387) (286.784,63.8796,42.0387)
  m[1][1] pts=2 (286.784,63.8796,118.325) (286.784,63.8796,42.0387)
  f[1][0] pts=4 (286.784,63.8796,118.325) (281.825,81.3624,132.856) (281.825,81.3624,27.508) (286.784,63.8796,42.0387)
  f[1][1] pts=2 (286.784,63.8796,118.325) (286.784,63.8796,42.0387)
joint 4 type=40 v0=1 v1=7 f0_0=0 f1_0=0 name=tt_e_p_3 orient=0 div=1 shift=45
  jv[0] pts=5 (299.142,86.274,232.673) (396.041,-255.365,232.673) (361.407,-265.189,232.673) (264.509,76.4508,232.673) (299.142,86.274,232.673)
  jv[1] pts=5 (299.142,86.274,-225.05) (396.041,-255.365,-225.05) (361.407,-265.189,-225.05) (264.509,76.4508,-225.05) (299.142,86.274,-225.05)
  m[0][0] pts=2 (366.445,-216.985,187.673) (349.128,-221.896,187.673)
  m[0][1] pts=2 (366.445,-216.985,187.673) (349.128,-221.896,187.673)
  m[0][2] pts=2 (342.332,-131.966,187.673) (325.015,-136.878,187.673)
  m[0][3] pts=2 (342.332,-131.966,187.673) (325.015,-136.878,187.673)
  m[0][4] pts=2 (318.218,-46.9482,187.673) (300.901,-51.8598,187.673)
  m[0][5] pts=2 (318.218,-46.9482,187.673) (300.901,-51.8598,187.673)
  m[0][6] pts=2 (294.104,38.07,187.673) (276.787,33.1584,187.673)
  m[0][7] pts=2 (294.104,38.07,187.673) (276.787,33.1584,187.673)
  m[0][8] pts=2 (294.104,38.07,119.868) (276.787,33.1584,119.868)
  m[0][9] pts=2 (294.104,38.07,119.868) (276.787,33.1584,119.868)
  m[0][10] pts=2 (294.104,38.07,52.0637) (276.787,33.1584,52.0637)
  m[0][11] pts=2 (294.104,38.07,52.0637) (276.787,33.1584,52.0637)
  m[0][12] pts=2 (294.104,38.07,-15.741) (276.787,33.1584,-15.741)
  m[0][13] pts=2 (294.104,38.07,-15.741) (276.787,33.1584,-15.741)
  m[0][14] pts=2 (318.218,-46.9482,-60.9805) (300.901,-51.8598,-60.9805)
  m[0][15] pts=2 (318.218,-46.9482,-60.9805) (300.901,-51.8598,-60.9805)
  m[0][16] pts=2 (342.332,-131.966,-106.22) (325.015,-136.878,-106.22)
  m[0][17] pts=2 (342.332,-131.966,-106.22) (325.015,-136.878,-106.22)
  m[0][18] pts=2 (366.445,-216.985,-151.459) (349.128,-221.896,-151.459)
  m[0][19] pts=2 (366.445,-216.985,-151.459) (349.128,-221.896,-151.459)
  m[0][20] pts=2 (366.445,-216.985,-66.6762) (349.128,-221.896,-66.6762)
  m[0][21] pts=2 (366.445,-216.985,-66.6762) (349.128,-221.896,-66.6762)
  m[0][22] pts=2 (366.445,-216.985,18.1069) (349.128,-221.896,18.1069)
  m[0][23] pts=2 (366.445,-216.985,18.1069) (349.128,-221.896,18.1069)
  m[0][24] pts=2 (366.445,-216.985,102.89) (349.128,-221.896,102.89)
  m[0][25] pts=2 (366.445,-216.985,102.89) (349.128,-221.896,102.89)
  f[0][0] pts=2 (366.445,-216.985,187.673) (383.762,-212.073,187.673)
  f[0][1] pts=2 (366.445,-216.985,187.673) (383.762,-212.073,187.673)
  f[0][2] pts=2 (342.332,-131.966,187.673) (359.649,-127.055,187.673)
  f[0][3] pts=2 (342.332,-131.966,187.673) (359.649,-127.055,187.673)
  f[0][4] pts=2 (318.218,-46.9482,187.673) (335.535,-42.0366,187.673)
  f[0][5] pts=2 (318.218,-46.9482,187.673) (335.535,-42.0366,187.673)
  f[0][6] pts=2 (294.104,38.07,187.673) (311.421,42.9816,187.673)
  f[0][7] pts=2 (294.104,38.07,187.673) (311.421,42.9816,187.673)
  f[0][8] pts=2 (294.104,38.07,119.868) (311.421,42.9816,119.868)
  f[0][9] pts=2 (294.104,38.07,119.868) (311.421,42.9816,119.868)
  f[0][10] pts=2 (294.104,38.07,52.0637) (311.421,42.9816,52.0637)
  f[0][11] pts=2 (294.104,38.07,52.0637) (311.421,42.9816,52.0637)
  f[0][12] pts=2 (294.104,38.07,-15.741) (311.421,42.9816,-15.741)
  f[0][13] pts=2 (294.104,38.07,-15.741) (311.421,42.9816,-15.741)
  f[0][14] pts=2 (318.218,-46.9482,-60.9805) (335.535,-42.0366,-60.9805)
  f[0][15] pts=2 (318.218,-46.9482,-60.9805) (335.535,-42.0366,-60.9805)
  f[0][16] pts=2 (342.332,-131.966,-106.22) (359.649,-127.055,-106.22)
  f[0][17] pts=2 (342.332,-131.966,-106.22) (359.649,-127.055,-106.22)
  f[0][18] pts=2 (366.445,-216.985,-151.459) (383.762,-212.073,-151.459)
  f[0][19] pts=2 (366.445,-216.985,-151.459) (383.762,-212.073,-151.459)
  f[0][20] pts=2 (366.445,-216.985,-66.6762) (383.762,-212.073,-66.6762)
  f[0][21] pts=2 (366.445,-216.985,-66.6762) (383.762,-212.073,-66.6762)
  f[0][22] pts=2 (366.445,-216.985,18.1069) (383.762,-212.073,18.1069)
  f[0][23] pts=2 (366.445,-216.985,18.1069) (383.762,-212.073,18.1069)
  f[0][24] pts=2 (366.445,-216.985,102.89) (383.762,-212.073,102.89)
  f[0][25] pts=2 (366.445,-216.985,102.89) (383.762,-212.073,102.89)
  m[1][0] pts=2 (366.445,-216.985,187.673) (349.128,-221.896,187.673)
  m[1][1] pts=2 (366.445,-216.985,187.673) (349.128,-221.896,187.673)
  m[1][2] pts=2 (342.332,-131.966,187.673) (325.015,-136.878,187.673)
  m[1][3] pts=2 (342.332,-131.966,187.673) (325.015,-136.878,187.673)
  m[1][4] pts=2 (318.218,-46.9482,187.673) (300.901,-51.8598,187.673)
  m[1][5] pts=2 (318.218,-46.9482,187.673) (300.901,-51.8598,187.673)
  m[1][6] pts=2 (294.104,38.07,187.673) (276.787,33.1584,187.673)
  m[1][7] pts=2 (294.104,38.07,187.673) (276.787,33.1584,187.673)
  m[1][8] pts=2 (294.104,38.07,119.868) (276.787,33.1584,119.868)
  m[1][9] pts=2 (294.104,38.07,119.868) (276.787,33.1584,119.868)
  m[1][10] pts=2 (294.104,38.07,52.0637) (276.787,33.1584,52.0637)
  m[1][11] pts=2 (294.104,38.07,52.0637) (276.787,33.1584,52.0637)
  m[1][12] pts=2 (294.104,38.07,-15.741) (276.787,33.1584,-15.741)
  m[1][13] pts=2 (294.104,38.07,-15.741) (276.787,33.1584,-15.741)
  m[1][14] pts=2 (318.218,-46.9482,-60.9805) (300.901,-51.8598,-60.9805)
  m[1][15] pts=2 (318.218,-46.9482,-60.9805) (300.901,-51.8598,-60.9805)
  m[1][16] pts=2 (342.332,-131.966,-106.22) (325.015,-136.878,-106.22)
  m[1][17] pts=2 (342.332,-131.966,-106.22) (325.015,-136.878,-106.22)
  m[1][18] pts=2 (366.445,-216.985,-151.459) (349.128,-221.896,-151.459)
  m[1][19] pts=2 (366.445,-216.985,-151.459) (349.128,-221.896,-151.459)
  m[1][20] pts=2 (366.445,-216.985,-66.6762) (349.128,-221.896,-66.6762)
  m[1][21] pts=2 (366.445,-216.985,-66.6762) (349.128,-221.896,-66.6762)
  m[1][22] pts=2 (366.445,-216.985,18.1069) (349.128,-221.896,18.1069)
  m[1][23] pts=2 (366.445,-216.985,18.1069) (349.128,-221.896,18.1069)
  m[1][24] pts=2 (366.445,-216.985,102.89) (349.128,-221.896,102.89)
  m[1][25] pts=2 (366.445,-216.985,102.89) (349.128,-221.896,102.89)
  f[1][0] pts=2 (366.445,-216.985,187.673) (383.762,-212.073,187.673)
  f[1][1] pts=2 (366.445,-216.985,187.673) (383.762,-212.073,187.673)
  f[1][2] pts=2 (342.332,-131.966,187.673) (359.649,-127.055,187.673)
  f[1][3] pts=2 (342.332,-131.966,187.673) (359.649,-127.055,187.673)
  f[1][4] pts=2 (318.218,-46.9482,187.673) (335.535,-42.0366,187.673)
  f[1][5] pts=2 (318.218,-46.9482,187.673) (335.535,-42.0366,187.673)
  f[1][6] pts=2 (294.104,38.07,187.673) (311.421,42.9816,187.673)
  f[1][7] pts=2 (294.104,38.07,187.673) (311.421,42.9816,187.673)
  f[1][8] pts=2 (294.104,38.07,119.868) (311.421,42.9816,119.868)
  f[1][9] pts=2 (294.104,38.07,119.868) (311.421,42.9816,119.868)
  f[1][10] pts=2 (294.104,38.07,52.0637) (311.421,42.9816,52.0637)
  f[1][11] pts=2 (294.104,38.07,52.0637) (311.421,42.9816,52.0637)
  f[1][12] pts=2 (294.104,38.07,-15.741) (311.421,42.9816,-15.741)
  f[1][13] pts=2 (294.104,38.07,-15.741) (311.421,42.9816,-15.741)
  f[1][14] pts=2 (318.218,-46.9482,-60.9805) (335.535,-42.0366,-60.9805)
  f[1][15] pts=2 (318.218,-46.9482,-60.9805) (335.535,-42.0366,-60.9805)
  f[1][16] pts=2 (342.332,-131.966,-106.22) (359.649,-127.055,-106.22)
  f[1][17] pts=2 (342.332,-131.966,-106.22) (359.649,-127.055,-106.22)
  f[1][18] pts=2 (366.445,-216.985,-151.459) (383.762,-212.073,-151.459)
  f[1][19] pts=2 (366.445,-216.985,-151.459) (383.762,-212.073,-151.459)
  f[1][20] pts=2 (366.445,-216.985,-66.6762) (383.762,-212.073,-66.6762)
  f[1][21] pts=2 (366.445,-216.985,-66.6762) (383.762,-212.073,-66.6762)
  f[1][22] pts=2 (366.445,-216.985,18.1069) (383.762,-212.073,18.1069)
  f[1][23] pts=2 (366.445,-216.985,18.1069) (383.762,-212.073,18.1069)
  f[1][24] pts=2 (366.445,-216.985,102.89) (383.762,-212.073,102.89)
  f[1][25] pts=2 (366.445,-216.985,102.89) (383.762,-212.073,102.89)
joint 5 type=11 v0=3 v1=2 f0_0=3 f1_0=4 name=ss_e_op_1 orient=1 div=1 shift=0.66
  jv[0] pts=5 (446.941,104.384,223.673) (446.941,86.21,223.673) (428.941,83.7003,223.673) (428.941,101.874,223.673) (446.941,104.384,223.673)
  jv[1] pts=5 (446.941,104.384,-62.7425) (446.941,86.21,-62.7425) (428.941,83.7003,-62.7425) (428.941,101.874,-62.7425) (446.941,104.384,-62.7425)
  m[0][0] pts=4 (446.941,104.384,128.201) (446.941,86.21,128.201) (446.941,86.21,17.4538) (446.941,104.384,17.4538)
  m[0][1] pts=2 (446.941,104.384,128.201) (446.941,104.384,17.4538)
  f[0][0] pts=4 (428.941,83.7003,112.926) (446.941,86.21,128.201) (446.941,86.21,17.4538) (428.941,83.7003,32.7294)
  f[0][1] pts=2 (428.941,83.7003,112.926) (428.941,83.7003,32.7294)
  m[1][0] pts=4 (428.941,101.874,112.926) (428.941,83.7003,112.926) (428.941,83.7003,32.7294) (428.941,101.874,32.7294)
  m[1][1] pts=2 (428.941,101.874,112.926) (428.941,101.874,32.7294)
  f[1][0] pts=4 (428.941,101.874,112.926) (446.941,104.384,128.201) (446.941,104.384,17.4538) (428.941,101.874,32.7294)
  f[1][1] pts=2 (428.941,101.874,112.926) (428.941,101.874,32.7294)
joint 6 type=40 v0=2 v1=27 f0_0=0 f1_0=0 name=tt_e_p_3 orient=0 div=1 shift=45
  jv[0] pts=5 (449.427,86.5565,-59.1994) (449.427,86.5565,232.673) (444.455,122.212,232.673) (444.455,122.212,-59.1994) (449.427,86.5565,-59.1994)
  jv[1] pts=5 (284.311,63.5348,-59.1994) (284.311,63.5348,232.673) (279.34,99.1899,232.673) (279.34,99.1899,-59.1994) (284.311,63.5348,-59.1994)
  m[0][0] pts=2 (326.394,87.5765,-2.35593) (323.909,105.404,-2.35593)
  m[0][1] pts=2 (326.394,87.5765,-2.35593) (323.909,105.404,-2.35593)
  m[0][2] pts=2 (326.394,87.5765,92.6586) (323.909,105.404,92.6586)
  m[0][3] pts=2 (326.394,87.5765,92.6586) (323.909,105.404,92.6586)
  m[0][4] pts=2 (326.394,87.5765,187.673) (323.909,105.404,187.673)
  m[0][5] pts=2 (326.394,87.5765,187.673) (323.909,105.404,187.673)
  m[0][6] pts=2 (402.372,98.1699,187.673) (399.886,115.997,187.673)
  m[0][7] pts=2 (402.372,98.1699,187.673) (399.886,115.997,187.673)
  m[0][8] pts=2 (402.372,98.1699,88.991) (399.886,115.997,88.991)
  m[0][9] pts=2 (402.372,98.1699,88.991) (399.886,115.997,88.991)
  m[0][10] pts=2 (402.372,98.1699,-9.69123) (399.886,115.997,-9.69123)
  m[0][11] pts=2 (402.372,98.1699,-9.69123) (399.886,115.997,-9.69123)
  f[0][0] pts=2 (326.394,87.5765,-2.35593) (328.88,69.749,-2.35593)
  f[0][1] pts=2 (326.394,87.5765,-2.35593) (328.88,69.749,-2.35593)
  f[0][2] pts=2 (326.394,87.5765,92.6586) (328.88,69.749,92.6586)
  f[0][3] pts=2 (326.394,87.5765,92.6586) (328.88,69.749,92.6586)
  f[0][4] pts=2 (326.394,87.5765,187.673) (328.88,69.749,187.673)
  f[0][5] pts=2 (326.394,87.5765,187.673) (328.88,69.749,187.673)
  f[0][6] pts=2 (402.372,98.1699,187.673) (404.858,80.3424,187.673)
  f[0][7] pts=2 (402.372,98.1699,187.673) (404.858,80.3424,187.673)
  f[0][8] pts=2 (402.372,98.1699,88.991) (404.858,80.3424,88.991)
  f[0][9] pts=2 (402.372,98.1699,88.991) (404.858,80.3424,88.991)
  f[0][10] pts=2 (402.372,98.1699,-9.69123) (404.858,80.3424,-9.69123)
  f[0][11] pts=2 (402.372,98.1699,-9.69123) (404.858,80.3424,-9.69123)
  m[1][0] pts=2 (326.394,87.5765,-2.35593) (323.909,105.404,-2.35593)
  m[1][1] pts=2 (326.394,87.5765,-2.35593) (323.909,105.404,-2.35593)
  m[1][2] pts=2 (326.394,87.5765,92.6586) (323.909,105.404,92.6586)
  m[1][3] pts=2 (326.394,87.5765,92.6586) (323.909,105.404,92.6586)
  m[1][4] pts=2 (326.394,87.5765,187.673) (323.909,105.404,187.673)
  m[1][5] pts=2 (326.394,87.5765,187.673) (323.909,105.404,187.673)
  m[1][6] pts=2 (402.372,98.1699,187.673) (399.886,115.997,187.673)
  m[1][7] pts=2 (402.372,98.1699,187.673) (399.886,115.997,187.673)
  m[1][8] pts=2 (402.372,98.1699,88.991) (399.886,115.997,88.991)
  m[1][9] pts=2 (402.372,98.1699,88.991) (399.886,115.997,88.991)
  m[1][10] pts=2 (402.372,98.1699,-9.69123) (399.886,115.997,-9.69123)
  m[1][11] pts=2 (402.372,98.1699,-9.69123) (399.886,115.997,-9.69123)
  f[1][0] pts=2 (326.394,87.5765,-2.35593) (328.88,69.749,-2.35593)
  f[1][1] pts=2 (326.394,87.5765,-2.35593) (328.88,69.749,-2.35593)
  f[1][2] pts=2 (326.394,87.5765,92.6586) (328.88,69.749,92.6586)
  f[1][3] pts=2 (326.394,87.5765,92.6586) (328.88,69.749,92.6586)
  f[1][4] pts=2 (326.394,87.5765,187.673) (328.88,69.749,187.673)
  f[1][5] pts=2 (326.394,87.5765,187.673) (328.88,69.749,187.673)
  f[1][6] pts=2 (402.372,98.1699,187.673) (404.858,80.3424,187.673)
  f[1][7] pts=2 (402.372,98.1699,187.673) (404.858,80.3424,187.673)
  f[1][8] pts=2 (402.372,98.1699,88.991) (404.858,80.3424,88.991)
  f[1][9] pts=2 (402.372,98.1699,88.991) (404.858,80.3424,88.991)
  f[1][10] pts=2 (402.372,98.1699,-9.69123) (404.858,80.3424,-9.69123)
  f[1][11] pts=2 (402.372,98.1699,-9.69123) (404.858,80.3424,-9.69123)
joint 7 type=11 v0=5 v1=4 f0_0=4 f1_0=2 name=ss_e_op_1 orient=1 div=1 shift=0.66
  jv[0] pts=5 (171.226,10.7633,232.673) (171.226,10.7633,214.673) (187.071,19.3034,214.673) (187.071,19.3034,232.673) (171.226,10.7633,232.673)
  jv[1] pts=5 (328.796,-281.586,232.673) (328.796,-281.586,214.673) (344.641,-273.046,214.673) (344.641,-273.046,232.673) (328.796,-281.586,232.673)
  m[0][0] pts=4 (223.749,-86.6866,232.673) (223.749,-86.6866,214.673) (284.676,-199.728,214.673) (284.676,-199.728,232.673)
  m[0][1] pts=2 (223.749,-86.6866,232.673) (284.676,-199.728,232.673)
  f[0][0] pts=4 (247.998,-93.7385,214.673) (223.749,-86.6866,214.673) (284.676,-199.728,214.673) (292.118,-175.596,214.673)
  f[0][1] pts=2 (247.998,-93.7385,214.673) (292.118,-175.596,214.673)
  m[1][0] pts=4 (247.998,-93.7385,232.673) (247.998,-93.7385,214.673) (292.118,-175.596,214.673) (292.118,-175.596,232.673)
  m[1][1] pts=2 (247.998,-93.7385,232.673) (292.118,-175.596,232.673)
  f[1][0] pts=4 (247.998,-93.7385,232.673) (223.749,-86.6866,232.673) (284.676,-199.728,232.673) (292.118,-175.596,232.673)
  f[1][1] pts=2 (247.998,-93.7385,232.673) (292.118,-175.596,232.673)
joint 8 type=11 v0=6 v1=4 f0_0=3 f1_0=5 name=ss_e_op_1 orient=1 div=1 shift=0.66
  jv[0] pts=5 (271.93,75.9581,232.673) (271.93,75.9581,214.673) (280.557,60.1605,214.673) (280.557,60.1605,232.673) (271.93,75.9581,232.673)
  jv[1] pts=5 (174.835,22.9321,232.673) (174.835,22.9321,214.673) (183.463,7.13449,214.673) (183.463,7.13449,232.673) (174.835,22.9321,232.673)
  m[0][0] pts=4 (239.565,58.2828,232.673) (239.565,58.2828,214.673) (202.022,37.7794,214.673) (202.022,37.7794,232.673)
  m[0][1] pts=2 (239.565,58.2828,232.673) (202.022,37.7794,232.673)
  f[0][0] pts=4 (243.014,39.6571,214.673) (239.565,58.2828,214.673) (202.022,37.7794,214.673) (215.828,24.8098,214.673)
  f[0][1] pts=2 (243.014,39.6571,214.673) (215.828,24.8098,214.673)
  m[1][0] pts=4 (243.014,39.6571,232.673) (243.014,39.6571,214.673) (215.828,24.8098,214.673) (215.828,24.8098,232.673)
  m[1][1] pts=2 (243.014,39.6571,232.673) (215.828,24.8098,232.673)
  f[1][0] pts=4 (243.014,39.6571,232.673) (239.565,58.2828,232.673) (202.022,37.7794,232.673) (215.828,24.8098,232.673)
  f[1][1] pts=2 (243.014,39.6571,232.673) (215.828,24.8098,232.673)
joint 9 type=11 v0=7 v1=4 f0_0=4 f1_0=4 name=ss_e_op_1 orient=1 div=1 shift=0.66
  jv[0] pts=5 (378.993,-261.224,232.673) (378.993,-261.224,214.673) (361.676,-266.136,214.673) (361.676,-266.136,232.673) (378.993,-261.224,232.673)
  jv[1] pts=5 (284.902,70.5151,232.673) (284.902,70.5151,214.673) (267.585,65.6035,214.673) (267.585,65.6035,232.673) (284.902,70.5151,232.673)
  m[0][0] pts=4 (347.629,-150.645,232.673) (347.629,-150.645,214.673) (311.248,-22.372,214.673) (311.248,-22.372,232.673)
  m[0][1] pts=2 (347.629,-150.645,232.673) (311.248,-22.372,232.673)
  f[0][0] pts=4 (325.294,-137.863,214.673) (347.629,-150.645,214.673) (311.248,-22.372,214.673) (298.949,-44.9763,214.673)
  f[0][1] pts=2 (325.294,-137.863,214.673) (298.949,-44.9763,214.673)
  m[1][0] pts=4 (325.294,-137.863,232.673) (325.294,-137.863,214.673) (298.949,-44.9763,214.673) (298.949,-44.9763,232.673)
  m[1][1] pts=2 (325.294,-137.863,232.673) (298.949,-44.9763,232.673)
  f[1][0] pts=4 (325.294,-137.863,232.673) (347.629,-150.645,232.673) (311.248,-22.372,232.673) (298.949,-44.9763,232.673)
  f[1][1] pts=2 (325.294,-137.863,232.673) (298.949,-44.9763,232.673)
joint 10 type=11 v0=6 v1=5 f0_0=2 f1_0=5 name=ss_e_op_1 orient=1 div=1 shift=0.66
  jv[0] pts=5 (166.98,18.6422,223.673) (182.778,27.2698,223.673) (191.318,11.4245,223.673) (175.52,2.79683,223.673) (166.98,18.6422,223.673)
  jv[1] pts=5 (166.98,18.6422,-44.4232) (182.778,27.2698,-44.4232) (191.318,11.4245,-44.4232) (175.52,2.79683,-44.4232) (166.98,18.6422,-44.4232)
  m[0][0] pts=4 (166.98,18.6422,134.308) (182.778,27.2698,134.308) (182.778,27.2698,30.6438) (166.98,18.6422,30.6438)
  m[0][1] pts=2 (166.98,18.6422,134.308) (166.98,18.6422,30.6438)
  f[0][0] pts=4 (191.318,11.4245,120.009) (182.778,27.2698,134.308) (182.778,27.2698,30.6438) (191.318,11.4245,44.9422)
  f[0][1] pts=2 (191.318,11.4245,120.009) (191.318,11.4245,44.9422)
  m[1][0] pts=4 (175.52,2.79683,120.009) (191.318,11.4245,120.009) (191.318,11.4245,44.9422) (175.52,2.79683,44.9422)
  m[1][1] pts=2 (175.52,2.79683,120.009) (175.52,2.79683,44.9422)
  f[1][0] pts=4 (175.52,2.79683,120.009) (166.98,18.6422,134.308) (166.98,18.6422,30.6438) (175.52,2.79683,44.9422)
  f[1][1] pts=2 (175.52,2.79683,120.009) (175.52,2.79683,44.9422)
joint 11 type=40 v0=5 v1=11 f0_0=0 f1_0=0 name=tt_e_p_3 orient=0 div=1 shift=45
  jv[0] pts=5 (182.825,27.1823,232.673) (344.173,-272.179,232.673) (312.483,-289.26,232.673) (151.135,10.102,232.673) (182.825,27.1823,232.673)
  jv[1] pts=5 (182.825,27.1823,-217.748) (344.173,-272.179,-217.748) (312.483,-289.26,-217.748) (151.135,10.102,-217.748) (182.825,27.1823,-217.748)
  m[0][0] pts=2 (306.978,-241.107,187.673) (291.133,-249.647,187.673)
  m[0][1] pts=2 (306.978,-241.107,187.673) (291.133,-249.647,187.673)
  m[0][2] pts=2 (267.429,-167.728,187.673) (251.584,-176.268,187.673)
  m[0][3] pts=2 (267.429,-167.728,187.673) (251.584,-176.268,187.673)
  m[0][4] pts=2 (227.879,-94.3493,187.673) (212.034,-102.889,187.673)
  m[0][5] pts=2 (227.879,-94.3493,187.673) (212.034,-102.889,187.673)
  m[0][6] pts=2 (188.33,-20.9705,187.673) (172.485,-29.5107,187.673)
  m[0][7] pts=2 (188.33,-20.9705,187.673) (172.485,-29.5107,187.673)
  m[0][8] pts=2 (188.33,-20.9705,91.3155) (172.485,-29.5107,91.3155)
  m[0][9] pts=2 (188.33,-20.9705,91.3155) (172.485,-29.5107,91.3155)
  m[0][10] pts=2 (188.33,-20.9705,-5.04221) (172.485,-29.5107,-5.04221)
  m[0][11] pts=2 (188.33,-20.9705,-5.04221) (172.485,-29.5107,-5.04221)
  m[0][12] pts=2 (227.879,-94.3493,-50.6413) (212.034,-102.889,-50.6413)
  m[0][13] pts=2 (227.879,-94.3493,-50.6413) (212.034,-102.889,-50.6413)
  m[0][14] pts=2 (267.429,-167.728,-96.2403) (251.584,-176.268,-96.2403)
  m[0][15] pts=2 (267.429,-167.728,-96.2403) (251.584,-176.268,-96.2403)
  m[0][16] pts=2 (306.978,-241.107,-141.839) (291.133,-249.647,-141.839)
  m[0][17] pts=2 (306.978,-241.107,-141.839) (291.133,-249.647,-141.839)
  m[0][18] pts=2 (306.978,-241.107,-59.4613) (291.133,-249.647,-59.4613)
  m[0][19] pts=2 (306.978,-241.107,-59.4613) (291.133,-249.647,-59.4613)
  m[0][20] pts=2 (306.978,-241.107,22.9169) (291.133,-249.647,22.9169)
  m[0][21] pts=2 (306.978,-241.107,22.9169) (291.133,-249.647,22.9169)
  m[0][22] pts=2 (306.978,-241.107,105.295) (291.133,-249.647,105.295)
  m[0][23] pts=2 (306.978,-241.107,105.295) (291.133,-249.647,105.295)
  f[0][0] pts=2 (306.978,-241.107,187.673) (322.823,-232.567,187.673)
  f[0][1] pts=2 (306.978,-241.107,187.673) (322.823,-232.567,187.673)
  f[0][2] pts=2 (267.429,-167.728,187.673) (283.274,-159.188,187.673)
  f[0][3] pts=2 (267.429,-167.728,187.673) (283.274,-159.188,187.673)
  f[0][4] pts=2 (227.879,-94.3493,187.673) (243.725,-85.8092,187.673)
  f[0][5] pts=2 (227.879,-94.3493,187.673) (243.725,-85.8092,187.673)
  f[0][6] pts=2 (188.33,-20.9705,187.673) (204.175,-12.4304,187.673)
  f[0][7] pts=2 (188.33,-20.9705,187.673) (204.175,-12.4304,187.673)
  f[0][8] pts=2 (188.33,-20.9705,91.3155) (204.175,-12.4304,91.3155)
  f[0][9] pts=2 (188.33,-20.9705,91.3155) (204.175,-12.4304,91.3155)
  f[0][10] pts=2 (188.33,-20.9705,-5.04221) (204.175,-12.4304,-5.04221)
  f[0][11] pts=2 (188.33,-20.9705,-5.04221) (204.175,-12.4304,-5.04221)
  f[0][12] pts=2 (227.879,-94.3493,-50.6413) (243.725,-85.8092,-50.6413)
  f[0][13] pts=2 (227.879,-94.3493,-50.6413) (243.725,-85.8092,-50.6413)
  f[0][14] pts=2 (267.429,-167.728,-96.2403) (283.274,-159.188,-96.2403)
  f[0][15] pts=2 (267.429,-167.728,-96.2403) (283.274,-159.188,-96.2403)
  f[0][16] pts=2 (306.978,-241.107,-141.839) (322.823,-232.567,-141.839)
  f[0][17] pts=2 (306.978,-241.107,-141.839) (322.823,-232.567,-141.839)
  f[0][18] pts=2 (306.978,-241.107,-59.4613) (322.823,-232.567,-59.4613)
  f[0][19] pts=2 (306.978,-241.107,-59.4613) (322.823,-232.567,-59.4613)
  f[0][20] pts=2 (306.978,-241.107,22.9169) (322.823,-232.567,22.9169)
  f[0][21] pts=2 (306.978,-241.107,22.9169) (322.823,-232.567,22.9169)
  f[0][22] pts=2 (306.978,-241.107,105.295) (322.823,-232.567,105.295)
  f[0][23] pts=2 (306.978,-241.107,105.295) (322.823,-232.567,105.295)
  m[1][0] pts=2 (306.978,-241.107,187.673) (291.133,-249.647,187.673)
  m[1][1] pts=2 (306.978,-241.107,187.673) (291.133,-249.647,187.673)
  m[1][2] pts=2 (267.429,-167.728,187.673) (251.584,-176.268,187.673)
  m[1][3] pts=2 (267.429,-167.728,187.673) (251.584,-176.268,187.673)
  m[1][4] pts=2 (227.879,-94.3493,187.673) (212.034,-102.889,187.673)
  m[1][5] pts=2 (227.879,-94.3493,187.673) (212.034,-102.889,187.673)
  m[1][6] pts=2 (188.33,-20.9705,187.673) (172.485,-29.5107,187.673)
  m[1][7] pts=2 (188.33,-20.9705,187.673) (172.485,-29.5107,187.673)
  m[1][8] pts=2 (188.33,-20.9705,91.3155) (172.485,-29.5107,91.3155)
  m[1][9] pts=2 (188.33,-20.9705,91.3155) (172.485,-29.5107,91.3155)
  m[1][10] pts=2 (188.33,-20.9705,-5.04221) (172.485,-29.5107,-5.04221)
  m[1][11] pts=2 (188.33,-20.9705,-5.04221) (172.485,-29.5107,-5.04221)
  m[1][12] pts=2 (227.879,-94.3493,-50.6413) (212.034,-102.889,-50.6413)
  m[1][13] pts=2 (227.879,-94.3493,-50.6413) (212.034,-102.889,-50.6413)
  m[1][14] pts=2 (267.429,-167.728,-96.2403) (251.584,-176.268,-96.2403)
  m[1][15] pts=2 (267.429,-167.728,-96.2403) (251.584,-176.268,-96.2403)
  m[1][16] pts=2 (306.978,-241.107,-141.839) (291.133,-249.647,-141.839)
  m[1][17] pts=2 (306.978,-241.107,-141.839) (291.133,-249.647,-141.839)
  m[1][18] pts=2 (306.978,-241.107,-59.4613) (291.133,-249.647,-59.4613)
  m[1][19] pts=2 (306.978,-241.107,-59.4613) (291.133,-249.647,-59.4613)
  m[1][20] pts=2 (306.978,-241.107,22.9169) (291.133,-249.647,22.9169)
  m[1][21] pts=2 (306.978,-241.107,22.9169) (291.133,-249.647,22.9169)
  m[1][22] pts=2 (306.978,-241.107,105.295) (291.133,-249.647,105.295)
  m[1][23] pts=2 (306.978,-241.107,105.295) (291.133,-249.647,105.295)
  f[1][0] pts=2 (306.978,-241.107,187.673) (322.823,-232.567,187.673)
  f[1][1] pts=2 (306.978,-241.107,187.673) (322.823,-232.567,187.673)
  f[1][2] pts=2 (267.429,-167.728,187.673) (283.274,-159.188,187.673)
  f[1][3] pts=2 (267.429,-167.728,187.673) (283.274,-159.188,187.673)
  f[1][4] pts=2 (227.879,-94.3493,187.673) (243.725,-85.8092,187.673)
  f[1][5] pts=2 (227.879,-94.3493,187.673) (243.725,-85.8092,187.673)
  f[1][6] pts=2 (188.33,-20.9705,187.673) (204.175,-12.4304,187.673)
  f[1][7] pts=2 (188.33,-20.9705,187.673) (204.175,-12.4304,187.673)
  f[1][8] pts=2 (188.33,-20.9705,91.3155) (204.175,-12.4304,91.3155)
  f[1][9] pts=2 (188.33,-20.9705,91.3155) (204.175,-12.4304,91.3155)
  f[1][10] pts=2 (188.33,-20.9705,-5.04221) (204.175,-12.4304,-5.04221)
  f[1][11] pts=2 (188.33,-20.9705,-5.04221) (204.175,-12.4304,-5.04221)
  f[1][12] pts=2 (227.879,-94.3493,-50.6413) (243.725,-85.8092,-50.6413)
  f[1][13] pts=2 (227.879,-94.3493,-50.6413) (243.725,-85.8092,-50.6413)
  f[1][14] pts=2 (267.429,-167.728,-96.2403) (283.274,-159.188,-96.2403)
  f[1][15] pts=2 (267.429,-167.728,-96.2403) (283.274,-159.188,-96.2403)
  f[1][16] pts=2 (306.978,-241.107,-141.839) (322.823,-232.567,-141.839)
  f[1][17] pts=2 (306.978,-241.107,-141.839) (322.823,-232.567,-141.839)
  f[1][18] pts=2 (306.978,-241.107,-59.4613) (322.823,-232.567,-59.4613)
  f[1][19] pts=2 (306.978,-241.107,-59.4613) (322.823,-232.567,-59.4613)
  f[1][20] pts=2 (306.978,-241.107,22.9169) (322.823,-232.567,22.9169)
  f[1][21] pts=2 (306.978,-241.107,22.9169) (322.823,-232.567,22.9169)
  f[1][22] pts=2 (306.978,-241.107,105.295) (322.823,-232.567,105.295)
  f[1][23] pts=2 (306.978,-241.107,105.295) (322.823,-232.567,105.295)
joint 12 type=11 v0=7 v1=6 f0_0=3 f1_0=4 name=ss_e_op_1 orient=1 div=1 shift=0.66
  jv[0] pts=5 (281.825,81.3624,223.673) (286.862,63.6038,223.673) (270.662,54.7562,223.673) (265.625,72.5148,223.673) (281.825,81.3624,223.673)
  jv[1] pts=5 (281.825,81.3624,-52.681) (286.862,63.6038,-52.681) (270.662,54.7562,-52.681) (265.625,72.5148,-52.681) (281.825,81.3624,-52.681)
  m[0][0] pts=4 (281.825,81.3624,131.555) (286.862,63.6038,131.555) (286.862,63.6038,24.6982) (281.825,81.3624,24.6982)
  m[0][1] pts=2 (281.825,81.3624,131.555) (281.825,81.3624,24.6982)
  f[0][0] pts=4 (270.662,54.7562,116.816) (286.862,63.6038,131.555) (286.862,63.6038,24.6982) (270.662,54.7562,39.437)
  f[0][1] pts=2 (270.662,54.7562,116.816) (270.662,54.7562,39.437)
  m[1][0] pts=4 (265.625,72.5148,116.816) (270.662,54.7562,116.816) (270.662,54.7562,39.437) (265.625,72.5148,39.437)
  m[1][1] pts=2 (265.625,72.5148,116.816) (265.625,72.5148,39.437)
  f[1][0] pts=4 (265.625,72.5148,116.816) (281.825,81.3624,131.555) (281.825,81.3624,24.6982) (265.625,72.5148,39.437)
  f[1][1] pts=2 (265.625,72.5148,116.816) (265.625,72.5148,39.437)
joint 13 type=40 v0=6 v1=32 f0_0=0 f1_0=0 name=tt_e_p_3 orient=0 div=1 shift=45
  jv[0] pts=5 (290.453,65.5647,232.673) (175.607,2.8445,232.673) (158.352,34.4398,232.673) (273.198,97.16,232.673) (290.453,65.5647,232.673)
  jv[1] pts=5 (290.453,65.5647,-43.2583) (175.607,2.8445,-43.2583) (158.352,34.4398,-43.2583) (273.198,97.16,-43.2583) (290.453,65.5647,-43.2583)
  m[0][0] pts=2 (242.331,59.7936,187.673) (233.704,75.5912,187.673)
  m[0][1] pts=2 (242.331,59.7936,187.673) (233.704,75.5912,187.673)
  m[0][2] pts=2 (242.331,59.7936,95.4477) (233.704,75.5912,95.4477)
  m[0][3] pts=2 (242.331,59.7936,95.4477) (233.704,75.5912,95.4477)
  m[0][4] pts=2 (242.331,59.7936,3.22234) (233.704,75.5912,3.22234)
  m[0][5] pts=2 (242.331,59.7936,3.22234) (233.704,75.5912,3.22234)
  m[0][6] pts=2 (169.101,19.8004,5.92398) (160.473,35.5981,5.92398)
  m[0][7] pts=2 (169.101,19.8004,5.92398) (160.473,35.5981,5.92398)
  m[0][8] pts=2 (206.474,40.2109,2.7217) (197.846,56.0086,2.7217)
  m[0][9] pts=2 (206.474,40.2109,2.7217) (197.846,56.0086,2.7217)
  m[0][10] pts=2 (206.474,40.2109,95.1974) (197.846,56.0086,95.1974)
  m[0][11] pts=2 (206.474,40.2109,95.1974) (197.846,56.0086,95.1974)
  m[0][12] pts=2 (206.474,40.2109,187.673) (197.846,56.0086,187.673)
  m[0][13] pts=2 (206.474,40.2109,187.673) (197.846,56.0086,187.673)
  f[0][0] pts=2 (242.331,59.7936,187.673) (250.959,43.9959,187.673)
  f[0][1] pts=2 (242.331,59.7936,187.673) (250.959,43.9959,187.673)
  f[0][2] pts=2 (242.331,59.7936,95.4477) (250.959,43.9959,95.4477)
  f[0][3] pts=2 (242.331,59.7936,95.4477) (250.959,43.9959,95.4477)
  f[0][4] pts=2 (242.331,59.7936,3.22234) (250.959,43.9959,3.22234)
  f[0][5] pts=2 (242.331,59.7936,3.22234) (250.959,43.9959,3.22234)
  f[0][6] pts=2 (169.101,19.8004,5.92398) (177.728,4.00278,5.92398)
  f[0][7] pts=2 (169.101,19.8004,5.92398) (177.728,4.00278,5.92398)
  f[0][8] pts=2 (206.474,40.2109,2.7217) (215.102,24.4133,2.7217)
  f[0][9] pts=2 (206.474,40.2109,2.7217) (215.102,24.4133,2.7217)
  f[0][10] pts=2 (206.474,40.2109,95.1974) (215.102,24.4133,95.1974)
  f[0][11] pts=2 (206.474,40.2109,95.1974) (215.102,24.4133,95.1974)
  f[0][12] pts=2 (206.474,40.2109,187.673) (215.102,24.4133,187.673)
  f[0][13] pts=2 (206.474,40.2109,187.673) (215.102,24.4133,187.673)
  m[1][0] pts=2 (242.331,59.7936,187.673) (233.704,75.5912,187.673)
  m[1][1] pts=2 (242.331,59.7936,187.673) (233.704,75.5912,187.673)
  m[1][2] pts=2 (242.331,59.7936,95.4477) (233.704,75.5912,95.4477)
  m[1][3] pts=2 (242.331,59.7936,95.4477) (233.704,75.5912,95.4477)
  m[1][4] pts=2 (242.331,59.7936,3.22234) (233.704,75.5912,3.22234)
  m[1][5] pts=2 (242.331,59.7936,3.22234) (233.704,75.5912,3.22234)
  m[1][6] pts=2 (169.101,19.8004,5.92398) (160.473,35.5981,5.92398)
  m[1][7] pts=2 (169.101,19.8004,5.92398) (160.473,35.5981,5.92398)
  m[1][8] pts=2 (206.474,40.2109,2.7217) (197.846,56.0086,2.7217)
  m[1][9] pts=2 (206.474,40.2109,2.7217) (197.846,56.0086,2.7217)
  m[1][10] pts=2 (206.474,40.2109,95.1974) (197.846,56.0086,95.1974)
  m[1][11] pts=2 (206.474,40.2109,95.1974) (197.846,56.0086,95.1974)
  m[1][12] pts=2 (206.474,40.2109,187.673) (197.846,56.0086,187.673)
  m[1][13] pts=2 (206.474,40.2109,187.673) (197.846,56.0086,187.673)
  f[1][0] pts=2 (242.331,59.7936,187.673) (250.959,43.9959,187.673)
  f[1][1] pts=2 (242.331,59.7936,187.673) (250.959,43.9959,187.673)
  f[1][2] pts=2 (242.331,59.7936,95.4477) (250.959,43.9959,95.4477)
  f[1][3] pts=2 (242.331,59.7936,95.4477) (250.959,43.9959,95.4477)
  f[1][4] pts=2 (242.331,59.7936,3.22234) (250.959,43.9959,3.22234)
  f[1][5] pts=2 (242.331,59.7936,3.22234) (250.959,43.9959,3.22234)
  f[1][6] pts=2 (169.101,19.8004,5.92398) (177.728,4.00278,5.92398)
  f[1][7] pts=2 (169.101,19.8004,5.92398) (177.728,4.00278,5.92398)
  f[1][8] pts=2 (206.474,40.2109,2.7217) (215.102,24.4133,2.7217)
  f[1][9] pts=2 (206.474,40.2109,2.7217) (215.102,24.4133,2.7217)
  f[1][10] pts=2 (206.474,40.2109,95.1974) (215.102,24.4133,95.1974)
  f[1][11] pts=2 (206.474,40.2109,95.1974) (215.102,24.4133,95.1974)
  f[1][12] pts=2 (206.474,40.2109,187.673) (215.102,24.4133,187.673)
  f[1][13] pts=2 (206.474,40.2109,187.673) (215.102,24.4133,187.673)
joint 14 type=11 v0=9 v1=8 f0_0=4 f1_0=2 name=ss_e_op_1 orient=1 div=1 shift=0.66
  jv[0] pts=5 (70.841,-81.1428,232.673) (70.841,-81.1428,214.673) (84.2454,-69.1294,214.673) (84.2454,-69.1294,232.673) (70.841,-81.1428,232.673)
  jv[1] pts=5 (280.801,-315.414,232.673) (280.801,-315.414,214.673) (294.206,-303.4,214.673) (294.206,-303.4,232.673) (280.801,-315.414,232.673)
  m[0][0] pts=4 (140.828,-159.233,232.673) (140.828,-159.233,214.673) (222.012,-249.818,214.673) (222.012,-249.818,232.673)
  m[0][1] pts=2 (140.828,-159.233,232.673) (222.012,-249.818,232.673)
  f[0][0] pts=4 (165.43,-159.714,214.673) (140.828,-159.233,214.673) (222.012,-249.818,214.673) (224.219,-225.31,214.673)
  f[0][1] pts=2 (165.43,-159.714,214.673) (224.219,-225.31,214.673)
  m[1][0] pts=4 (165.43,-159.714,232.673) (165.43,-159.714,214.673) (224.219,-225.31,214.673) (224.219,-225.31,232.673)
  m[1][1] pts=2 (165.43,-159.714,232.673) (224.219,-225.31,232.673)
  f[1][0] pts=4 (165.43,-159.714,232.673) (140.828,-159.233,232.673) (222.012,-249.818,232.673) (224.219,-225.31,232.673)
  f[1][1] pts=2 (165.43,-159.714,232.673) (224.219,-225.31,232.673)
joint 15 type=11 v0=10 v1=8 f0_0=3 f1_0=5 name=ss_e_op_1 orient=1 div=1 shift=0.66
  jv[0] pts=5 (158.462,10.8711,232.673) (158.462,10.8711,214.673) (170.594,-2.42642,214.673) (170.594,-2.42642,232.673) (158.462,10.8711,232.673)
  jv[1] pts=5 (71.4773,-68.4874,232.673) (71.4773,-68.4874,214.673) (83.609,-81.7848,214.673) (83.609,-81.7848,232.673) (71.4773,-68.4874,232.673)
  m[0][0] pts=4 (129.467,-15.5817,232.673) (129.467,-15.5817,214.673) (95.833,-46.267,214.673) (95.833,-46.267,232.673)
  m[0][1] pts=2 (129.467,-15.5817,232.673) (95.833,-46.267,232.673)
  f[0][0] pts=4 (136.96,-33.1117,214.673) (129.467,-15.5817,214.673) (95.833,-46.267,214.673) (112.604,-55.332,214.673)
  f[0][1] pts=2 (136.96,-33.1117,214.673) (112.604,-55.332,214.673)
  m[1][0] pts=4 (136.96,-33.1117,232.673) (136.96,-33.1117,214.673) (112.604,-55.332,214.673) (112.604,-55.332,232.673)
  m[1][1] pts=2 (136.96,-33.1117,232.673) (112.604,-55.332,232.673)
  f[1][0] pts=4 (136.96,-33.1117,232.673) (129.467,-15.5817,232.673) (95.833,-46.267,232.673) (112.604,-55.332,232.673)
  f[1][1] pts=2 (136.96,-33.1117,232.673) (112.604,-55.332,232.673)
joint 16 type=11 v0=11 v1=8 f0_0=4 f1_0=4 name=ss_e_op_1 orient=1 div=1 shift=0.66
  jv[0] pts=5 (328.835,-281.66,232.673) (328.835,-281.66,214.673) (312.99,-290.2,214.673) (312.99,-290.2,232.673) (328.835,-281.66,232.673)
  jv[1] pts=5 (172.45,8.49237,232.673) (172.45,8.49237,214.673) (156.605,-0.0477352,214.673) (156.605,-0.0477352,232.673) (172.45,8.49237,232.673)
  m[0][0] pts=4 (276.707,-184.943,232.673) (276.707,-184.943,214.673) (216.238,-72.7504,214.673) (216.238,-72.7504,232.673)
  m[0][1] pts=2 (276.707,-184.943,232.673) (216.238,-72.7504,232.673)
  f[0][0] pts=4 (252.521,-178.008,214.673) (276.707,-184.943,214.673) (216.238,-72.7504,214.673) (208.734,-96.7653,214.673)
  f[0][1] pts=2 (252.521,-178.008,214.673) (208.734,-96.7653,214.673)
  m[1][0] pts=4 (252.521,-178.008,232.673) (252.521,-178.008,214.673) (208.734,-96.7653,214.673) (208.734,-96.7653,232.673)
  m[1][1] pts=2 (252.521,-178.008,232.673) (208.734,-96.7653,232.673)
  f[1][0] pts=4 (252.521,-178.008,232.673) (276.707,-184.943,232.673) (216.238,-72.7504,232.673) (208.734,-96.7653,232.673)
  f[1][1] pts=2 (252.521,-178.008,232.673) (208.734,-96.7653,232.673)
joint 17 type=11 v0=10 v1=9 f0_0=2 f1_0=5 name=ss_e_op_1 orient=1 div=1 shift=0.66
  jv[0] pts=5 (64.8872,-74.4997,223.673) (78.1852,-62.3676,223.673) (90.1991,-75.7725,223.673) (76.9011,-87.9046,223.673) (64.8872,-74.4997,223.673)
  jv[1] pts=5 (64.8872,-74.4997,-34.8794) (78.1852,-62.3676,-34.8794) (90.1991,-75.7725,-34.8794) (76.9011,-87.9046,-34.8794) (64.8872,-74.4997,-34.8794)
  m[0][0] pts=4 (64.8872,-74.4997,137.489) (78.1852,-62.3676,137.489) (78.1852,-62.3676,37.5153) (64.8872,-74.4997,37.5153)
  m[0][1] pts=2 (64.8872,-74.4997,137.489) (64.8872,-74.4997,37.5153)
  f[0][0] pts=4 (90.1991,-75.7725,123.699) (78.1852,-62.3676,137.489) (78.1852,-62.3676,37.5153) (90.1991,-75.7725,51.3048)
  f[0][1] pts=2 (90.1991,-75.7725,123.699) (90.1991,-75.7725,51.3048)
  m[1][0] pts=4 (76.9011,-87.9046,123.699) (90.1991,-75.7725,123.699) (90.1991,-75.7725,51.3048) (76.9011,-87.9046,51.3048)
  m[1][1] pts=2 (76.9011,-87.9046,123.699) (76.9011,-87.9046,51.3048)
  f[1][0] pts=4 (76.9011,-87.9046,123.699) (64.8872,-74.4997,137.489) (64.8872,-74.4997,37.5153) (76.9011,-87.9046,51.3048)
  f[1][1] pts=2 (76.9011,-87.9046,123.699) (76.9011,-87.9046,51.3048)
joint 18 type=40 v0=9 v1=15 f0_0=0 f1_0=0 name=tt_e_p_3 orient=0 div=1 shift=45
  jv[0] pts=5 (78.2916,-62.4863,232.673) (293.492,-302.604,232.673) (266.684,-326.631,232.673) (51.4828,-86.5131,232.673) (78.2916,-62.4863,232.673)
  jv[1] pts=5 (78.2916,-62.4863,-212.626) (293.492,-302.604,-212.626) (266.684,-326.631,-212.626) (51.4828,-86.5131,-212.626) (78.2916,-62.4863,-212.626)
  m[0][0] pts=2 (250.054,-281.107,187.673) (236.65,-293.12,187.673)
  m[0][1] pts=2 (250.054,-281.107,187.673) (236.65,-293.12,187.673)
  m[0][2] pts=2 (198.343,-223.408,187.673) (184.939,-235.422,187.673)
  m[0][3] pts=2 (198.343,-223.408,187.673) (184.939,-235.422,187.673)
  m[0][4] pts=2 (146.632,-165.709,187.673) (133.228,-177.723,187.673)
  m[0][5] pts=2 (146.632,-165.709,187.673) (133.228,-177.723,187.673)
  m[0][6] pts=2 (94.9207,-108.011,187.673) (81.5163,-120.024,187.673)
  m[0][7] pts=2 (94.9207,-108.011,187.673) (81.5163,-120.024,187.673)
  m[0][8] pts=2 (94.9207,-108.011,94.8096) (81.5163,-120.024,94.8096)
  m[0][9] pts=2 (94.9207,-108.011,94.8096) (81.5163,-120.024,94.8096)
  m[0][10] pts=2 (94.9207,-108.011,1.94598) (81.5163,-120.024,1.94598)
  m[0][11] pts=2 (94.9207,-108.011,1.94598) (81.5163,-120.024,1.94598)
  m[0][12] pts=2 (146.632,-165.709,-43.4147) (133.228,-177.723,-43.4147)
  m[0][13] pts=2 (146.632,-165.709,-43.4147) (133.228,-177.723,-43.4147)
  m[0][14] pts=2 (198.343,-223.408,-88.7754) (184.939,-235.422,-88.7754)
  m[0][15] pts=2 (198.343,-223.408,-88.7754) (184.939,-235.422,-88.7754)
  m[0][16] pts=2 (250.054,-281.107,-134.136) (236.65,-293.12,-134.136)
  m[0][17] pts=2 (250.054,-281.107,-134.136) (236.65,-293.12,-134.136)
  m[0][18] pts=2 (250.054,-281.107,-53.6838) (236.65,-293.12,-53.6838)
  m[0][19] pts=2 (250.054,-281.107,-53.6838) (236.65,-293.12,-53.6838)
  m[0][20] pts=2 (250.054,-281.107,26.7685) (236.65,-293.12,26.7685)
  m[0][21] pts=2 (250.054,-281.107,26.7685) (236.65,-293.12,26.7685)
  m[0][22] pts=2 (250.054,-281.107,107.221) (236.65,-293.12,107.221)
  m[0][23] pts=2 (250.054,-281.107,107.221) (236.65,-293.12,107.221)
  f[0][0] pts=2 (250.054,-281.107,187.673) (263.459,-269.093,187.673)
  f[0][1] pts=2 (250.054,-281.107,187.673) (263.459,-269.093,187.673)
  f[0][2] pts=2 (198.343,-223.408,187.673) (211.748,-211.395,187.673)
  f[0][3] pts=2 (198.343,-223.408,187.673) (211.748,-211.395,187.673)
  f[0][4] pts=2 (146.632,-165.709,187.673) (160.036,-153.696,187.673)
  f[0][5] pts=2 (146.632,-165.709,187.673) (160.036,-153.696,187.673)
  f[0][6] pts=2 (94.9207,-108.011,187.673) (108.325,-95.9973,187.673)
  f[0][7] pts=2 (94.9207,-108.011,187.673) (108.325,-95.9973,187.673)
  f[0][8] pts=2 (94.9207,-108.011,94.8096) (108.325,-95.9973,94.8096)
  f[0][9] pts=2 (94.9207,-108.011,94.8096) (108.325,-95.9973,94.8096)
  f[0][10] pts=2 (94.9207,-108.011,1.94598) (108.325,-95.9973,1.94598)
  f[0][11] pts=2 (94.9207,-108.011,1.94598) (108.325,-95.9973,1.94598)
  f[0][12] pts=2 (146.632,-165.709,-43.4147) (160.036,-153.696,-43.4147)
  f[0][13] pts=2 (146.632,-165.709,-43.4147) (160.036,-153.696,-43.4147)
  f[0][14] pts=2 (198.343,-223.408,-88.7754) (211.748,-211.395,-88.7754)
  f[0][15] pts=2 (198.343,-223.408,-88.7754) (211.748,-211.395,-88.7754)
  f[0][16] pts=2 (250.054,-281.107,-134.136) (263.459,-269.093,-134.136)
  f[0][17] pts=2 (250.054,-281.107,-134.136) (263.459,-269.093,-134.136)
  f[0][18] pts=2 (250.054,-281.107,-53.6838) (263.459,-269.093,-53.6838)
  f[0][19] pts=2 (250.054,-281.107,-53.6838) (263.459,-269.093,-53.6838)
  f[0][20] pts=2 (250.054,-281.107,26.7685) (263.459,-269.093,26.7685)
  f[0][21] pts=2 (250.054,-281.107,26.7685) (263.459,-269.093,26.7685)
  f[0][22] pts=2 (250.054,-281.107,107.221) (263.459,-269.093,107.221)
  f[0][23] pts=2 (250.054,-281.107,107.221) (263.459,-269.093,107.221)
  m[1][0] pts=2 (250.054,-281.107,187.673) (236.65,-293.12,187.673)
  m[1][1] pts=2 (250.054,-281.107,187.673) (236.65,-293.12,187.673)
  m[1][2] pts=2 (198.343,-223.408,187.673) (184.939,-235.422,187.673)
  m[1][3] pts=2 (198.343,-223.408,187.673) (184.939,-235.422,187.673)
  m[1][4] pts=2 (146.632,-165.709,187.673) (133.228,-177.723,187.673)
  m[1][5] pts=2 (146.632,-165.709,187.673) (133.228,-177.723,187.673)
  m[1][6] pts=2 (94.9207,-108.011,187.673) (81.5163,-120.024,187.673)
  m[1][7] pts=2 (94.9207,-108.011,187.673) (81.5163,-120.024,187.673)
  m[1][8] pts=2 (94.9207,-108.011,94.8096) (81.5163,-120.024,94.8096)
  m[1][9] pts=2 (94.9207,-108.011,94.8096) (81.5163,-120.024,94.8096)
  m[1][10] pts=2 (94.9207,-108.011,1.94598) (81.5163,-120.024,1.94598)
  m[1][11] pts=2 (94.9207,-108.011,1.94598) (81.5163,-120.024,1.94598)
  m[1][12] pts=2 (146.632,-165.709,-43.4147) (133.228,-177.723,-43.4147)
  m[1][13] pts=2 (146.632,-165.709,-43.4147) (133.228,-177.723,-43.4147)
  m[1][14] pts=2 (198.343,-223.408,-88.7754) (184.939,-235.422,-88.7754)
  m[1][15] pts=2 (198.343,-223.408,-88.7754) (184.939,-235.422,-88.7754)
  m[1][16] pts=2 (250.054,-281.107,-134.136) (236.65,-293.12,-134.136)
  m[1][17] pts=2 (250.054,-281.107,-134.136) (236.65,-293.12,-134.136)
  m[1][18] pts=2 (250.054,-281.107,-53.6838) (236.65,-293.12,-53.6838)
  m[1][19] pts=2 (250.054,-281.107,-53.6838) (236.65,-293.12,-53.6838)
  m[1][20] pts=2 (250.054,-281.107,26.7685) (236.65,-293.12,26.7685)
  m[1][21] pts=2 (250.054,-281.107,26.7685) (236.65,-293.12,26.7685)
  m[1][22] pts=2 (250.054,-281.107,107.221) (236.65,-293.12,107.221)
  m[1][23] pts=2 (250.054,-281.107,107.221) (236.65,-293.12,107.221)
  f[1][0] pts=2 (250.054,-281.107,187.673) (263.459,-269.093,187.673)
  f[1][1] pts=2 (250.054,-281.107,187.673) (263.459,-269.093,187.673)
  f[1][2] pts=2 (198.343,-223.408,187.673) (211.748,-211.395,187.673)
  f[1][3] pts=2 (198.343,-223.408,187.673) (211.748,-211.395,187.673)
  f[1][4] pts=2 (146.632,-165.709,187.673) (160.036,-153.696,187.673)
  f[1][5] pts=2 (146.632,-165.709,187.673) (160.036,-153.696,187.673)
  f[1][6] pts=2 (94.9207,-108.011,187.673) (108.325,-95.9973,187.673)
  f[1][7] pts=2 (94.9207,-108.011,187.673) (108.325,-95.9973,187.673)
  f[1][8] pts=2 (94.9207,-108.011,94.8096) (108.325,-95.9973,94.8096)
  f[1][9] pts=2 (94.9207,-108.011,94.8096) (108.325,-95.9973,94.8096)
  f[1][10] pts=2 (94.9207,-108.011,1.94598) (108.325,-95.9973,1.94598)
  f[1][11] pts=2 (94.9207,-108.011,1.94598) (108.325,-95.9973,1.94598)
  f[1][12] pts=2 (146.632,-165.709,-43.4147) (160.036,-153.696,-43.4147)
  f[1][13] pts=2 (146.632,-165.709,-43.4147) (160.036,-153.696,-43.4147)
  f[1][14] pts=2 (198.343,-223.408,-88.7754) (211.748,-211.395,-88.7754)
  f[1][15] pts=2 (198.343,-223.408,-88.7754) (211.748,-211.395,-88.7754)
  f[1][16] pts=2 (250.054,-281.107,-134.136) (263.459,-269.093,-134.136)
  f[1][17] pts=2 (250.054,-281.107,-134.136) (263.459,-269.093,-134.136)
  f[1][18] pts=2 (250.054,-281.107,-53.6838) (263.459,-269.093,-53.6838)
  f[1][19] pts=2 (250.054,-281.107,-53.6838) (263.459,-269.093,-53.6838)
  f[1][20] pts=2 (250.054,-281.107,26.7685) (263.459,-269.093,26.7685)
  f[1][21] pts=2 (250.054,-281.107,26.7685) (263.459,-269.093,26.7685)
  f[1][22] pts=2 (250.054,-281.107,107.221) (263.459,-269.093,107.221)
  f[1][23] pts=2 (250.054,-281.107,107.221) (263.459,-269.093,107.221)
joint 19 type=11 v0=11 v1=10 f0_0=3 f1_0=4 name=ss_e_op_1 orient=1 div=1 shift=0.66
  jv[0] pts=5 (166.98,18.6422,223.673) (175.783,2.30833,223.673) (162.076,-10.1975,223.673) (153.272,6.1363,223.673) (166.98,18.6422,223.673)
  jv[1] pts=5 (166.98,18.6422,-36.6541) (175.783,2.30833,-36.6541) (162.076,-10.1975,-36.6541) (153.272,6.1363,-36.6541) (166.98,18.6422,-36.6541)
  m[0][0] pts=4 (166.98,18.6422,136.897) (175.783,2.30833,136.897) (175.783,2.30833,36.2375) (166.98,18.6422,36.2375)
  m[0][1] pts=2 (166.98,18.6422,136.897) (166.98,18.6422,36.2375)
  f[0][0] pts=4 (162.076,-10.1975,123.013) (175.783,2.30833,136.897) (175.783,2.30833,36.2375) (162.076,-10.1975,50.1216)
  f[0][1] pts=2 (162.076,-10.1975,123.013) (162.076,-10.1975,50.1216)
  m[1][0] pts=4 (153.272,6.1363,123.013) (162.076,-10.1975,123.013) (162.076,-10.1975,50.1216) (153.272,6.1363,50.1216)
  m[1][1] pts=2 (153.272,6.1363,123.013) (153.272,6.1363,50.1216)
  f[1][0] pts=4 (153.272,6.1363,123.013) (166.98,18.6422,136.897) (166.98,18.6422,36.2375) (153.272,6.1363,50.1216)
  f[1][1] pts=2 (153.272,6.1363,123.013) (153.272,6.1363,50.1216)
joint 20 type=40 v0=10 v1=37 f0_0=0 f1_0=0 name=tt_e_p_3 orient=0 div=1 shift=45
  jv[0] pts=5 (179.112,5.34467,-31.7189) (179.112,5.34467,232.673) (154.848,31.9396,232.673) (154.848,31.9396,-31.7189) (179.112,5.34467,-31.7189)
  jv[1] pts=5 (77.0189,-87.7972,-31.7189) (77.0189,-87.7972,232.673) (52.7556,-61.2022,232.673) (52.7556,-61.2022,-31.7189) (77.0189,-87.7972,-31.7189)
  m[0][0] pts=2 (133.736,-11.687,187.673) (121.605,1.61051,187.673)
  m[0][1] pts=2 (133.736,-11.687,187.673) (121.605,1.61051,187.673)
  m[0][2] pts=2 (133.736,-11.687,100.819) (121.605,1.61051,100.819)
  m[0][3] pts=2 (133.736,-11.687,100.819) (121.605,1.61051,100.819)
  m[0][4] pts=2 (133.736,-11.687,13.9645) (121.605,1.61051,13.9645)
  m[0][5] pts=2 (133.736,-11.687,13.9645) (121.605,1.61051,13.9645)
  m[0][6] pts=2 (65.4537,-73.9829,15.3576) (53.322,-60.6854,15.3576)
  m[0][7] pts=2 (65.4537,-73.9829,15.3576) (53.322,-60.6854,15.3576)
  m[0][8] pts=2 (98.1309,-44.1706,14.5179) (85.9993,-30.8731,14.5179)
  m[0][9] pts=2 (98.1309,-44.1706,14.5179) (85.9993,-30.8731,14.5179)
  m[0][10] pts=2 (98.1309,-44.1706,101.095) (85.9993,-30.8731,101.095)
  m[0][11] pts=2 (98.1309,-44.1706,101.095) (85.9993,-30.8731,101.095)
  m[0][12] pts=2 (98.1309,-44.1706,187.673) (85.9993,-30.8731,187.673)
  m[0][13] pts=2 (98.1309,-44.1706,187.673) (85.9993,-30.8731,187.673)
  f[0][0] pts=2 (133.736,-11.687,187.673) (145.868,-24.9845,187.673)
  f[0][1] pts=2 (133.736,-11.687,187.673) (145.868,-24.9845,187.673)
  f[0][2] pts=2 (133.736,-11.687,100.819) (145.868,-24.9845,100.819)
  f[0][3] pts=2 (133.736,-11.687,100.819) (145.868,-24.9845,100.819)
  f[0][4] pts=2 (133.736,-11.687,13.9645) (145.868,-24.9845,13.9645)
  f[0][5] pts=2 (133.736,-11.687,13.9645) (145.868,-24.9845,13.9645)
  f[0][6] pts=2 (65.4537,-73.9829,15.3576) (77.5853,-87.2804,15.3576)
  f[0][7] pts=2 (65.4537,-73.9829,15.3576) (77.5853,-87.2804,15.3576)
  f[0][8] pts=2 (98.1309,-44.1706,14.5179) (110.263,-57.4681,14.5179)
  f[0][9] pts=2 (98.1309,-44.1706,14.5179) (110.263,-57.4681,14.5179)
  f[0][10] pts=2 (98.1309,-44.1706,101.095) (110.263,-57.4681,101.095)
  f[0][11] pts=2 (98.1309,-44.1706,101.095) (110.263,-57.4681,101.095)
  f[0][12] pts=2 (98.1309,-44.1706,187.673) (110.263,-57.4681,187.673)
  f[0][13] pts=2 (98.1309,-44.1706,187.673) (110.263,-57.4681,187.673)
  m[1][0] pts=2 (133.736,-11.687,187.673) (121.605,1.61051,187.673)
  m[1][1] pts=2 (133.736,-11.687,187.673) (121.605,1.61051,187.673)
  m[1][2] pts=2 (133.736,-11.687,100.819) (121.605,1.61051,100.819)
  m[1][3] pts=2 (133.736,-11.687,100.819) (121.605,1.61051,100.819)
  m[1][4] pts=2 (133.736,-11.687,13.9645) (121.605,1.61051,13.9645)
  m[1][5] pts=2 (133.736,-11.687,13.9645) (121.605,1.61051,13.9645)
  m[1][6] pts=2 (65.4537,-73.9829,15.3576) (53.322,-60.6854,15.3576)
  m[1][7] pts=2 (65.4537,-73.9829,15.3576) (53.322,-60.6854,15.3576)
  m[1][8] pts=2 (98.1309,-44.1706,14.5179) (85.9993,-30.8731,14.5179)
  m[1][9] pts=2 (98.1309,-44.1706,14.5179) (85.9993,-30.8731,14.5179)
  m[1][10] pts=2 (98.1309,-44.1706,101.095) (85.9993,-30.8731,101.095)
  m[1][11] pts=2 (98.1309,-44.1706,101.095) (85.9993,-30.8731,101.095)
  m[1][12] pts=2 (98.1309,-44.1706,187.673) (85.9993,-30.8731,187.673)
  m[1][13] pts=2 (98.1309,-44.1706,187.673) (85.9993,-30.8731,187.673)
  f[1][0] pts=2 (133.736,-11.687,187.673) (145.868,-24.9845,187.673)
  f[1][1] pts=2 (133.736,-11.687,187.673) (145.868,-24.9845,187.673)
  f[1][2] pts=2 (133.736,-11.687,100.819) (145.868,-24.9845,100.819)
  f[1][3] pts=2 (133.736,-11.687,100.819) (145.868,-24.9845,100.819)
  f[1][4] pts=2 (133.736,-11.687,13.9645) (145.868,-24.9845,13.9645)
  f[1][5] pts=2 (133.736,-11.687,13.9645) (145.868,-24.9845,13.9645)
  f[1][6] pts=2 (65.4537,-73.9829,15.3576) (77.5853,-87.2804,15.3576)
  f[1][7] pts=2 (65.4537,-73.9829,15.3576) (77.5853,-87.2804,15.3576)
  f[1][8] pts=2 (98.1309,-44.1706,14.5179) (110.263,-57.4681,14.5179)
  f[1][9] pts=2 (98.1309,-44.1706,14.5179) (110.263,-57.4681,14.5179)
  f[1][10] pts=2 (98.1309,-44.1706,101.095) (110.263,-57.4681,101.095)
  f[1][11] pts=2 (98.1309,-44.1706,101.095) (110.263,-57.4681,101.095)
  f[1][12] pts=2 (98.1309,-44.1706,187.673) (110.263,-57.4681,187.673)
  f[1][13] pts=2 (98.1309,-44.1706,187.673) (110.263,-57.4681,187.673)
joint 21 type=11 v0=13 v1=12 f0_0=4 f1_0=2 name=ss_e_op_1 orient=1 div=1 shift=0.66
  jv[0] pts=5 (-10.7982,-193.639,232.673) (-10.7982,-193.639,214.673) (-0.76862,-178.692,214.673) (-0.76862,-178.692,232.673) (-10.7982,-193.639,232.673)
  jv[1] pts=5 (240.282,-362.118,232.673) (240.282,-362.118,214.673) (250.311,-347.171,214.673) (250.311,-347.171,232.673) (240.282,-362.118,232.673)
  m[0][0] pts=4 (72.8951,-249.799,232.673) (72.8951,-249.799,214.673) (169.979,-314.944,214.673) (169.979,-314.944,232.673)
  m[0][1] pts=2 (72.8951,-249.799,232.673) (169.979,-314.944,232.673)
  f[0][0] pts=4 (96.3156,-243.837,214.673) (72.8951,-249.799,214.673) (169.979,-314.944,214.673) (166.618,-291.012,214.673)
  f[0][1] pts=2 (96.3156,-243.837,214.673) (166.618,-291.012,214.673)
  m[1][0] pts=4 (96.3156,-243.837,232.673) (96.3156,-243.837,214.673) (166.618,-291.012,214.673) (166.618,-291.012,232.673)
  m[1][1] pts=2 (96.3156,-243.837,232.673) (166.618,-291.012,232.673)
  f[1][0] pts=4 (96.3156,-243.837,232.673) (72.8951,-249.799,232.673) (169.979,-314.944,232.673) (166.618,-291.012,232.673)
  f[1][1] pts=2 (96.3156,-243.837,232.673) (166.618,-291.012,232.673)
joint 22 type=11 v0=14 v1=12 f0_0=3 f1_0=5 name=ss_e_op_1 orient=1 div=1 shift=0.66
  jv[0] pts=5 (58.3298,-83.4482,232.673) (58.3298,-83.4482,214.673) (72.8488,-94.0877,214.673) (72.8488,-94.0877,232.673) (58.3298,-83.4482,232.673)
  jv[1] pts=5 (-13.0429,-180.846,232.673) (-13.0429,-180.846,214.673) (1.47609,-191.485,214.673) (1.47609,-191.485,232.673) (-13.0429,-180.846,232.673)
  m[0][0] pts=4 (34.5389,-115.914,232.673) (34.5389,-115.914,214.673) (6.94143,-153.575,214.673) (6.94143,-153.575,232.673)
  m[0][1] pts=2 (34.5389,-115.914,232.673) (6.94143,-153.575,232.673)
  f[0][0] pts=4 (45.2513,-131.748,214.673) (34.5389,-115.914,214.673) (6.94143,-153.575,214.673) (25.267,-159.019,214.673)
  f[0][1] pts=2 (45.2513,-131.748,214.673) (25.267,-159.019,214.673)
  m[1][0] pts=4 (45.2513,-131.748,232.673) (45.2513,-131.748,214.673) (25.267,-159.019,214.673) (25.267,-159.019,232.673)
  m[1][1] pts=2 (45.2513,-131.748,232.673) (25.267,-159.019,232.673)
  f[1][0] pts=4 (45.2513,-131.748,232.673) (34.5389,-115.914,232.673) (6.94143,-153.575,232.673) (25.267,-159.019,232.673)
  f[1][1] pts=2 (45.2513,-131.748,232.673) (25.267,-159.019,232.673)
joint 23 type=11 v0=15 v1=12 f0_0=4 f1_0=4 name=ss_e_op_1 orient=1 div=1 shift=0.66
  jv[0] pts=5 (280.84,-315.457,232.673) (280.84,-315.457,214.673) (267.436,-327.47,214.673) (267.436,-327.47,232.673) (280.84,-315.457,232.673)
  jv[1] pts=5 (72.2915,-82.7613,232.673) (72.2915,-82.7613,214.673) (58.8871,-94.7747,214.673) (58.8871,-94.7747,232.673) (72.2915,-82.7613,232.673)
  m[0][0] pts=4 (211.324,-237.892,232.673) (211.324,-237.892,214.673) (130.685,-147.916,214.673) (130.685,-147.916,232.673)
  m[0][1] pts=2 (211.324,-237.892,232.673) (130.685,-147.916,232.673)
  f[0][0] pts=4 (186.797,-237.495,214.673) (211.324,-237.892,214.673) (130.685,-147.916,214.673) (128.403,-172.34,214.673)
  f[0][1] pts=2 (186.797,-237.495,214.673) (128.403,-172.34,214.673)
  m[1][0] pts=4 (186.797,-237.495,232.673) (186.797,-237.495,214.673) (128.403,-172.34,214.673) (128.403,-172.34,232.673)
  m[1][1] pts=2 (186.797,-237.495,232.673) (128.403,-172.34,232.673)
  f[1][0] pts=4 (186.797,-237.495,232.673) (211.324,-237.892,232.673) (130.685,-147.916,232.673) (128.403,-172.34,232.673)
  f[1][1] pts=2 (186.797,-237.495,232.673) (128.403,-172.34,232.673)
joint 24 type=11 v0=14 v1=13 f0_0=2 f1_0=5 name=ss_e_op_1 orient=1 div=1 shift=0.66
  jv[0] pts=5 (-18.5875,-188.412,223.673) (-7.93893,-173.881,223.673) (7.0207,-183.919,223.673) (-3.62789,-198.45,223.673) (-18.5875,-188.412,223.673)
  jv[1] pts=5 (-18.5875,-188.412,-36.9621) (-7.93893,-173.881,-36.9621) (7.0207,-183.919,-36.9621) (-3.62789,-198.45,-36.9621) (-18.5875,-188.412,-36.9621)
  m[0][0] pts=4 (-18.5875,-188.412,136.795) (-7.93893,-173.881,136.795) (-7.93893,-173.881,36.0158) (-18.5875,-188.412,36.0158)
  m[0][1] pts=2 (-18.5875,-188.412,136.795) (-18.5875,-188.412,36.0158)
  f[0][0] pts=4 (7.0207,-183.919,122.894) (-7.93893,-173.881,136.795) (-7.93893,-173.881,36.0158) (7.0207,-183.919,49.9163)
  f[0][1] pts=2 (7.0207,-183.919,122.894) (7.0207,-183.919,49.9163)
  m[1][0] pts=4 (-3.62789,-198.45,122.894) (7.0207,-183.919,122.894) (7.0207,-183.919,49.9163) (-3.62789,-198.45,49.9163)
  m[1][1] pts=2 (-3.62789,-198.45,122.894) (-3.62789,-198.45,49.9163)
  f[1][0] pts=4 (-3.62789,-198.45,122.894) (-18.5875,-188.412,136.795) (-18.5875,-188.412,36.0158) (-3.62789,-198.45,49.9163)
  f[1][1] pts=2 (-3.62789,-198.45,122.894) (-3.62789,-198.45,49.9163)
joint 25 type=40 v0=13 v1=19 f0_0=0 f1_0=0 name=tt_e_p_3 orient=0 div=1 shift=45
  jv[0] pts=5 (-8.55794,-173.465,-213.284) (-8.55794,-173.465,232.673) (-28.6171,-203.359,232.673) (-28.6171,-203.359,-213.284) (-8.55794,-173.465,-213.284)
  jv[1] pts=5 (249.376,-346.544,-213.284) (249.376,-346.544,232.673) (229.317,-376.437,232.673) (229.317,-376.437,-213.284) (249.376,-346.544,-213.284)
  m[0][0] pts=2 (18.7795,-213.486,187.673) (8.74994,-228.433,187.673)
  m[0][1] pts=2 (18.7795,-213.486,187.673) (8.74994,-228.433,187.673)
  m[0][2] pts=2 (18.7795,-213.486,95.3117) (8.74994,-228.433,95.3117)
  m[0][3] pts=2 (18.7795,-213.486,95.3117) (8.74994,-228.433,95.3117)
  m[0][4] pts=2 (18.7795,-213.486,2.95022) (8.74994,-228.433,2.95022)
  m[0][5] pts=2 (18.7795,-213.486,2.95022) (8.74994,-228.433,2.95022)
  m[0][6] pts=2 (78.7188,-253.707,-41.4542) (68.6893,-268.653,-41.4542)
  m[0][7] pts=2 (78.7188,-253.707,-41.4542) (68.6893,-268.653,-41.4542)
  m[0][8] pts=2 (138.658,-293.927,-85.8587) (128.629,-308.874,-85.8587)
  m[0][9] pts=2 (138.658,-293.927,-85.8587) (128.629,-308.874,-85.8587)
  m[0][10] pts=2 (198.597,-334.147,-130.263) (188.568,-349.094,-130.263)
  m[0][11] pts=2 (198.597,-334.147,-130.263) (188.568,-349.094,-130.263)
  m[0][12] pts=2 (258.537,-374.368,-174.668) (248.507,-389.314,-174.668)
  m[0][13] pts=2 (258.537,-374.368,-174.668) (248.507,-389.314,-174.668)
  m[0][14] pts=2 (201.979,-336.416,-135.025) (191.95,-351.363,-135.025)
  m[0][15] pts=2 (201.979,-336.416,-135.025) (191.95,-351.363,-135.025)
  m[0][16] pts=2 (201.979,-336.416,-54.3503) (191.95,-351.363,-54.3503)
  m[0][17] pts=2 (201.979,-336.416,-54.3503) (191.95,-351.363,-54.3503)
  m[0][18] pts=2 (201.979,-336.416,26.3242) (191.95,-351.363,26.3242)
  m[0][19] pts=2 (201.979,-336.416,26.3242) (191.95,-351.363,26.3242)
  m[0][20] pts=2 (201.979,-336.416,106.999) (191.95,-351.363,106.999)
  m[0][21] pts=2 (201.979,-336.416,106.999) (191.95,-351.363,106.999)
  m[0][22] pts=2 (201.979,-336.416,187.673) (191.95,-351.363,187.673)
  m[0][23] pts=2 (201.979,-336.416,187.673) (191.95,-351.363,187.673)
  m[0][24] pts=2 (140.913,-295.44,187.673) (130.883,-310.387,187.673)
  m[0][25] pts=2 (140.913,-295.44,187.673) (130.883,-310.387,187.673)
  m[0][26] pts=2 (79.8461,-254.463,187.673) (69.8165,-269.41,187.673)
  m[0][27] pts=2 (79.8461,-254.463,187.673) (69.8165,-269.41,187.673)
  f[0][0] pts=2 (18.7795,-213.486,187.673) (28.8091,-198.539,187.673)
  f[0][1] pts=2 (18.7795,-213.486,187.673) (28.8091,-198.539,187.673)
  f[0][2] pts=2 (18.7795,-213.486,95.3117) (28.8091,-198.539,95.3117)
  f[0][3] pts=2 (18.7795,-213.486,95.3117) (28.8091,-198.539,95.3117)
  f[0][4] pts=2 (18.7795,-213.486,2.95022) (28.8091,-198.539,2.95022)
  f[0][5] pts=2 (18.7795,-213.486,2.95022) (28.8091,-198.539,2.95022)
  f[0][6] pts=2 (78.7188,-253.707,-41.4542) (88.7484,-238.76,-41.4542)
  f[0][7] pts=2 (78.7188,-253.707,-41.4542) (88.7484,-238.76,-41.4542)
  f[0][8] pts=2 (138.658,-293.927,-85.8587) (148.688,-278.98,-85.8587)
  f[0][9] pts=2 (138.658,-293.927,-85.8587) (148.688,-278.98,-85.8587)
  f[0][10] pts=2 (198.597,-334.147,-130.263) (208.627,-319.2,-130.263)
  f[0][11] pts=2 (198.597,-334.147,-130.263) (208.627,-319.2,-130.263)
  f[0][12] pts=2 (258.537,-374.368,-174.668) (268.566,-359.421,-174.668)
  f[0][13] pts=2 (258.537,-374.368,-174.668) (268.566,-359.421,-174.668)
  f[0][14] pts=2 (201.979,-336.416,-135.025) (212.009,-321.47,-135.025)
  f[0][15] pts=2 (201.979,-336.416,-135.025) (212.009,-321.47,-135.025)
  f[0][16] pts=2 (201.979,-336.416,-54.3503) (212.009,-321.47,-54.3503)
  f[0][17] pts=2 (201.979,-336.416,-54.3503) (212.009,-321.47,-54.3503)
  f[0][18] pts=2 (201.979,-336.416,26.3242) (212.009,-321.47,26.3242)
  f[0][19] pts=2 (201.979,-336.416,26.3242) (212.009,-321.47,26.3242)
  f[0][20] pts=2 (201.979,-336.416,106.999) (212.009,-321.47,106.999)
  f[0][21] pts=2 (201.979,-336.416,106.999) (212.009,-321.47,106.999)
  f[0][22] pts=2 (201.979,-336.416,187.673) (212.009,-321.47,187.673)
  f[0][23] pts=2 (201.979,-336.416,187.673) (212.009,-321.47,187.673)
  f[0][24] pts=2 (140.913,-295.44,187.673) (150.942,-280.493,187.673)
  f[0][25] pts=2 (140.913,-295.44,187.673) (150.942,-280.493,187.673)
  f[0][26] pts=2 (79.8461,-254.463,187.673) (89.8756,-239.516,187.673)
  f[0][27] pts=2 (79.8461,-254.463,187.673) (89.8756,-239.516,187.673)
  m[1][0] pts=2 (18.7795,-213.486,187.673) (8.74994,-228.433,187.673)
  m[1][1] pts=2 (18.7795,-213.486,187.673) (8.74994,-228.433,187.673)
  m[1][2] pts=2 (18.7795,-213.486,95.3117) (8.74994,-228.433,95.3117)
  m[1][3] pts=2 (18.7795,-213.486,95.3117) (8.74994,-228.433,95.3117)
  m[1][4] pts=2 (18.7795,-213.486,2.95022) (8.74994,-228.433,2.95022)
  m[1][5] pts=2 (18.7795,-213.486,2.95022) (8.74994,-228.433,2.95022)
  m[1][6] pts=2 (78.7188,-253.707,-41.4542) (68.6893,-268.653,-41.4542)
  m[1][7] pts=2 (78.7188,-253.707,-41.4542) (68.6893,-268.653,-41.4542)
  m[1][8] pts=2 (138.658,-293.927,-85.8587) (128.629,-308.874,-85.8587)
  m[1][9] pts=2 (138.658,-293.927,-85.8587) (128.629,-308.874,-85.8587)
  m[1][10] pts=2 (198.597,-334.147,-130.263) (188.568,-349.094,-130.263)
  m[1][11] pts=2 (198.597,-334.147,-130.263) (188.568,-349.094,-130.263)
  m[1][12] pts=2 (258.537,-374.368,-174.668) (248.507,-389.314,-174.668)
  m[1][13] pts=2 (258.537,-374.368,-174.668) (248.507,-389.314,-174.668)
  m[1][14] pts=2 (201.979,-336.416,-135.025) (191.95,-351.363,-135.025)
  m[1][15] pts=2 (201.979,-336.416,-135.025) (191.95,-351.363,-135.025)
  m[1][16] pts=2 (201.979,-336.416,-54.3503) (191.95,-351.363,-54.3503)
  m[1][17] pts=2 (201.979,-336.416,-54.3503) (191.95,-351.363,-54.3503)
  m[1][18] pts=2 (201.979,-336.416,26.3242) (191.95,-351.363,26.3242)
  m[1][19] pts=2 (201.979,-336.416,26.3242) (191.95,-351.363,26.3242)
  m[1][20] pts=2 (201.979,-336.416,106.999) (191.95,-351.363,106.999)
  m[1][21] pts=2 (201.979,-336.416,106.999) (191.95,-351.363,106.999)
  m[1][22] pts=2 (201.979,-336.416,187.673) (191.95,-351.363,187.673)
  m[1][23] pts=2 (201.979,-336.416,187.673) (191.95,-351.363,187.673)
  m[1][24] pts=2 (140.913,-295.44,187.673) (130.883,-310.387,187.673)
  m[1][25] pts=2 (140.913,-295.44,187.673) (130.883,-310.387,187.673)
  m[1][26] pts=2 (79.8461,-254.463,187.673) (69.8165,-269.41,187.673)
  m[1][27] pts=2 (79.8461,-254.463,187.673) (69.8165,-269.41,187.673)
  f[1][0] pts=2 (18.7795,-213.486,187.673) (28.8091,-198.539,187.673)
  f[1][1] pts=2 (18.7795,-213.486,187.673) (28.8091,-198.539,187.673)
  f[1][2] pts=2 (18.7795,-213.486,95.3117) (28.8091,-198.539,95.3117)
  f[1][3] pts=2 (18.7795,-213.486,95.3117) (28.8091,-198.539,95.3117)
  f[1][4] pts=2 (18.7795,-213.486,2.95022) (28.8091,-198.539,2.95022)
  f[1][5] pts=2 (18.7795,-213.486,2.95022) (28.8091,-198.539,2.95022)
  f[1][6] pts=2 (78.7188,-253.707,-41.4542) (88.7484,-238.76,-41.4542)
  f[1][7] pts=2 (78.7188,-253.707,-41.4542) (88.7484,-238.76,-41.4542)
  f[1][8] pts=2 (138.658,-293.927,-85.8587) (148.688,-278.98,-85.8587)
  f[1][9] pts=2 (138.658,-293.927,-85.8587) (148.688,-278.98,-85.8587)
  f[1][10] pts=2 (198.597,-334.147,-130.263) (208.627,-319.2,-130.263)
  f[1][11] pts=2 (198.597,-334.147,-130.263) (208.627,-319.2,-130.263)
  f[1][12] pts=2 (258.537,-374.368,-174.668) (268.566,-359.421,-174.668)
  f[1][13] pts=2 (258.537,-374.368,-174.668) (268.566,-359.421,-174.668)
  f[1][14] pts=2 (201.979,-336.416,-135.025) (212.009,-321.47,-135.025)
  f[1][15] pts=2 (201.979,-336.416,-135.025) (212.009,-321.47,-135.025)
  f[1][16] pts=2 (201.979,-336.416,-54.3503) (212.009,-321.47,-54.3503)
  f[1][17] pts=2 (201.979,-336.416,-54.3503) (212.009,-321.47,-54.3503)
  f[1][18] pts=2 (201.979,-336.416,26.3242) (212.009,-321.47,26.3242)
  f[1][19] pts=2 (201.979,-336.416,26.3242) (212.009,-321.47,26.3242)
  f[1][20] pts=2 (201.979,-336.416,106.999) (212.009,-321.47,106.999)
  f[1][21] pts=2 (201.979,-336.416,106.999) (212.009,-321.47,106.999)
  f[1][22] pts=2 (201.979,-336.416,187.673) (212.009,-321.47,187.673)
  f[1][23] pts=2 (201.979,-336.416,187.673) (212.009,-321.47,187.673)
  f[1][24] pts=2 (140.913,-295.44,187.673) (150.942,-280.493,187.673)
  f[1][25] pts=2 (140.913,-295.44,187.673) (150.942,-280.493,187.673)
  f[1][26] pts=2 (79.8461,-254.463,187.673) (89.8756,-239.516,187.673)
  f[1][27] pts=2 (79.8461,-254.463,187.673) (89.8756,-239.516,187.673)
joint 26 type=11 v0=15 v1=14 f0_0=3 f1_0=4 name=ss_e_op_1 orient=1 div=1 shift=0.66
  jv[0] pts=5 (64.8872,-74.4997,223.673) (77.1644,-88.1984,223.673) (66.2913,-103.036,223.673) (54.0141,-89.3375,223.673) (64.8872,-74.4997,223.673)
  jv[1] pts=5 (64.8872,-74.4997,-29.785) (77.1644,-88.1984,-29.785) (66.2913,-103.036,-29.785) (54.0141,-89.3375,-29.785) (64.8872,-74.4997,-29.785)
  m[0][0] pts=4 (64.8872,-74.4997,139.187) (77.1644,-88.1984,139.187) (77.1644,-88.1984,41.1833) (64.8872,-74.4997,41.1833)
  m[0][1] pts=2 (64.8872,-74.4997,139.187) (64.8872,-74.4997,41.1833)
  f[0][0] pts=4 (66.2913,-103.036,125.669) (77.1644,-88.1984,139.187) (77.1644,-88.1984,41.1833) (66.2913,-103.036,54.7011)
  f[0][1] pts=2 (66.2913,-103.036,125.669) (66.2913,-103.036,54.7011)
  m[1][0] pts=4 (54.0141,-89.3375,125.669) (66.2913,-103.036,125.669) (66.2913,-103.036,54.7011) (54.0141,-89.3375,54.7011)
  m[1][1] pts=2 (54.0141,-89.3375,125.669) (54.0141,-89.3375,54.7011)
  f[1][0] pts=4 (54.0141,-89.3375,125.669) (64.8872,-74.4997,139.187) (64.8872,-74.4997,41.1833) (54.0141,-89.3375,54.7011)
  f[1][1] pts=2 (54.0141,-89.3375,125.669) (54.0141,-89.3375,54.7011)
joint 27 type=40 v0=14 v1=42 f0_0=0 f1_0=0 name=tt_e_p_3 orient=0 div=1 shift=45
  jv[0] pts=5 (79.4062,-85.1392,232.673) (-4.06852,-199.052,232.673) (-33.1065,-177.773,232.673) (50.3682,-63.8602,232.673) (79.4062,-85.1392,232.673)
  jv[1] pts=5 (79.4062,-85.1392,-32.2476) (-4.06852,-199.052,-32.2476) (-33.1065,-177.773,-32.2476) (50.3682,-63.8602,-32.2476) (79.4062,-85.1392,-32.2476)
  m[0][0] pts=2 (8.01116,-152.115,187.673) (-6.50784,-141.475,187.673)
  m[0][1] pts=2 (8.01116,-152.115,187.673) (-6.50784,-141.475,187.673)
  m[0][2] pts=2 (38.2885,-110.797,187.673) (23.7695,-100.158,187.673)
  m[0][3] pts=2 (38.2885,-110.797,187.673) (23.7695,-100.158,187.673)
  m[0][4] pts=2 (38.2885,-110.797,103.112) (23.7695,-100.158,103.112)
  m[0][5] pts=2 (38.2885,-110.797,103.112) (23.7695,-100.158,103.112)
  m[0][6] pts=2 (38.2885,-110.797,18.5512) (23.7695,-100.158,18.5512)
  m[0][7] pts=2 (38.2885,-110.797,18.5512) (23.7695,-100.158,18.5512)
  m[0][8] pts=2 (-19.6164,-189.816,12.7283) (-34.1354,-179.177,12.7283)
  m[0][9] pts=2 (-19.6164,-189.816,12.7283) (-34.1354,-179.177,12.7283)
  m[0][10] pts=2 (8.01116,-152.115,13.57) (-6.50784,-141.475,13.57)
  m[0][11] pts=2 (8.01116,-152.115,13.57) (-6.50784,-141.475,13.57)
  m[0][12] pts=2 (8.01116,-152.115,100.622) (-6.50784,-141.475,100.622)
  m[0][13] pts=2 (8.01116,-152.115,100.622) (-6.50784,-141.475,100.622)
  f[0][0] pts=2 (8.01116,-152.115,187.673) (22.5302,-162.754,187.673)
  f[0][1] pts=2 (8.01116,-152.115,187.673) (22.5302,-162.754,187.673)
  f[0][2] pts=2 (38.2885,-110.797,187.673) (52.8075,-121.437,187.673)
  f[0][3] pts=2 (38.2885,-110.797,187.673) (52.8075,-121.437,187.673)
  f[0][4] pts=2 (38.2885,-110.797,103.112) (52.8075,-121.437,103.112)
  f[0][5] pts=2 (38.2885,-110.797,103.112) (52.8075,-121.437,103.112)
  f[0][6] pts=2 (38.2885,-110.797,18.5512) (52.8075,-121.437,18.5512)
  f[0][7] pts=2 (38.2885,-110.797,18.5512) (52.8075,-121.437,18.5512)
  f[0][8] pts=2 (-19.6164,-189.816,12.7283) (-5.09742,-200.456,12.7283)
  f[0][9] pts=2 (-19.6164,-189.816,12.7283) (-5.09742,-200.456,12.7283)
  f[0][10] pts=2 (8.01116,-152.115,13.57) (22.5302,-162.754,13.57)
  f[0][11] pts=2 (8.01116,-152.115,13.57) (22.5302,-162.754,13.57)
  f[0][12] pts=2 (8.01116,-152.115,100.622) (22.5302,-162.754,100.622)
  f[0][13] pts=2 (8.01116,-152.115,100.622) (22.5302,-162.754,100.622)
  m[1][0] pts=2 (8.01116,-152.115,187.673) (-6.50784,-141.475,187.673)
  m[1][1] pts=2 (8.01116,-152.115,187.673) (-6.50784,-141.475,187.673)
  m[1][2] pts=2 (38.2885,-110.797,187.673) (23.7695,-100.158,187.673)
  m[1][3] pts=2 (38.2885,-110.797,187.673) (23.7695,-100.158,187.673)
  m[1][4] pts=2 (38.2885,-110.797,103.112) (23.7695,-100.158,103.112)
  m[1][5] pts=2 (38.2885,-110.797,103.112) (23.7695,-100.158,103.112)
  m[1][6] pts=2 (38.2885,-110.797,18.5512) (23.7695,-100.158,18.5512)
  m[1][7] pts=2 (38.2885,-110.797,18.5512) (23.7695,-100.158,18.5512)
  m[1][8] pts=2 (-19.6164,-189.816,12.7283) (-34.1354,-179.177,12.7283)
  m[1][9] pts=2 (-19.6164,-189.816,12.7283) (-34.1354,-179.177,12.7283)
  m[1][10] pts=2 (8.01116,-152.115,13.57) (-6.50784,-141.475,13.57)
  m[1][11] pts=2 (8.01116,-152.115,13.57) (-6.50784,-141.475,13.57)
  m[1][12] pts=2 (8.01116,-152.115,100.622) (-6.50784,-141.475,100.622)
  m[1][13] pts=2 (8.01116,-152.115,100.622) (-6.50784,-141.475,100.622)
  f[1][0] pts=2 (8.01116,-152.115,187.673) (22.5302,-162.754,187.673)
  f[1][1] pts=2 (8.01116,-152.115,187.673) (22.5302,-162.754,187.673)
  f[1][2] pts=2 (38.2885,-110.797,187.673) (52.8075,-121.437,187.673)
  f[1][3] pts=2 (38.2885,-110.797,187.673) (52.8075,-121.437,187.673)
  f[1][4] pts=2 (38.2885,-110.797,103.112) (52.8075,-121.437,103.112)
  f[1][5] pts=2 (38.2885,-110.797,103.112) (52.8075,-121.437,103.112)
  f[1][6] pts=2 (38.2885,-110.797,18.5512) (52.8075,-121.437,18.5512)
  f[1][7] pts=2 (38.2885,-110.797,18.5512) (52.8075,-121.437,18.5512)
  f[1][8] pts=2 (-19.6164,-189.816,12.7283) (-5.09742,-200.456,12.7283)
  f[1][9] pts=2 (-19.6164,-189.816,12.7283) (-5.09742,-200.456,12.7283)
  f[1][10] pts=2 (8.01116,-152.115,13.57) (22.5302,-162.754,13.57)
  f[1][11] pts=2 (8.01116,-152.115,13.57) (22.5302,-162.754,13.57)
  f[1][12] pts=2 (8.01116,-152.115,100.622) (22.5302,-162.754,100.622)
  f[1][13] pts=2 (8.01116,-152.115,100.622) (22.5302,-162.754,100.622)
joint 28 type=11 v0=17 v1=16 f0_0=4 f1_0=2 name=ss_e_op_1 orient=1 div=1 shift=0.66
  jv[0] pts=5 (-50.9412,-316.632,232.673) (-50.9412,-316.632,214.673) (-44.6968,-299.75,214.673) (-44.6968,-299.75,232.673) (-50.9412,-316.632,232.673)
  jv[1] pts=5 (213.47,-414.433,232.673) (213.47,-414.433,214.673) (219.715,-397.551,214.673) (219.715,-397.551,232.673) (213.47,-414.433,232.673)
  m[0][0] pts=4 (37.196,-349.232,232.673) (37.196,-349.232,214.673) (139.435,-387.049,214.673) (139.435,-387.049,232.673)
  m[0][1] pts=2 (37.196,-349.232,232.673) (139.435,-387.049,232.673)
  f[0][0] pts=4 (57.5424,-337.566,214.673) (37.196,-349.232,214.673) (139.435,-387.049,214.673) (131.578,-364.951,214.673)
  f[0][1] pts=2 (57.5424,-337.566,214.673) (131.578,-364.951,214.673)
  m[1][0] pts=4 (57.5424,-337.566,232.673) (57.5424,-337.566,214.673) (131.578,-364.951,214.673) (131.578,-364.951,232.673)
  m[1][1] pts=2 (57.5424,-337.566,232.673) (131.578,-364.951,232.673)
  f[1][0] pts=4 (57.5424,-337.566,232.673) (37.196,-349.232,232.673) (139.435,-387.049,232.673) (131.578,-364.951,232.673)
  f[1][1] pts=2 (57.5424,-337.566,232.673) (131.578,-364.951,232.673)
joint 29 type=11 v0=18 v1=16 f0_0=3 f1_0=5 name=ss_e_op_1 orient=1 div=1 shift=0.66
  jv[0] pts=5 (-22.256,-199.77,232.673) (-22.256,-199.77,214.673) (-5.12739,-205.302,214.673) (-5.12739,-205.302,232.673) (-22.256,-199.77,232.673)
  jv[1] pts=5 (-56.3833,-305.424,232.673) (-56.3833,-305.424,214.673) (-39.2547,-310.957,214.673) (-39.2547,-310.957,232.673) (-56.3833,-305.424,232.673)
  m[0][0] pts=4 (-33.6318,-234.988,232.673) (-33.6318,-234.988,214.673) (-46.8277,-275.841,214.673) (-46.8277,-275.841,232.673)
  m[0][1] pts=2 (-33.6318,-234.988,232.673) (-46.8277,-275.841,232.673)
  f[0][0] pts=4 (-18.3233,-246.155,214.673) (-33.6318,-234.988,214.673) (-46.8277,-275.841,214.673) (-27.8789,-275.739,214.673)
  f[0][1] pts=2 (-18.3233,-246.155,214.673) (-27.8789,-275.739,214.673)
  m[1][0] pts=4 (-18.3233,-246.155,232.673) (-18.3233,-246.155,214.673) (-27.8789,-275.739,214.673) (-27.8789,-275.739,232.673)
  m[1][1] pts=2 (-18.3233,-246.155,232.673) (-27.8789,-275.739,232.673)
  f[1][0] pts=4 (-18.3233,-246.155,232.673) (-33.6318,-234.988,232.673) (-46.8277,-275.841,232.673) (-27.8789,-275.739,232.673)
  f[1][1] pts=2 (-18.3233,-246.155,232.673) (-27.8789,-275.739,232.673)
joint 30 type=11 v0=19 v1=16 f0_0=4 f1_0=4 name=ss_e_op_1 orient=1 div=1 shift=0.66
  jv[0] pts=5 (240.235,-362.087,232.673) (240.235,-362.087,214.673) (230.205,-377.034,214.673) (230.205,-377.034,232.673) (240.235,-362.087,232.673)
  jv[1] pts=5 (-8.67691,-195.062,232.673) (-8.67691,-195.062,214.673) (-18.7065,-210.009,214.673) (-18.7065,-210.009,232.673) (-8.67691,-195.062,232.673)
  m[0][0] pts=4 (157.264,-306.412,232.673) (157.264,-306.412,214.673) (61.0184,-241.829,214.673) (61.0184,-241.829,232.673)
  m[0][1] pts=2 (157.264,-306.412,232.673) (61.0184,-241.829,232.673)
  f[0][0] pts=4 (133.959,-312.451,214.673) (157.264,-306.412,214.673) (61.0184,-241.829,214.673) (64.2641,-265.684,214.673)
  f[0][1] pts=2 (133.959,-312.451,214.673) (64.2641,-265.684,214.673)
  m[1][0] pts=4 (133.959,-312.451,232.673) (133.959,-312.451,214.673) (64.2641,-265.684,214.673) (64.2641,-265.684,232.673)
  m[1][1] pts=2 (133.959,-312.451,232.673) (64.2641,-265.684,232.673)
  f[1][0] pts=4 (133.959,-312.451,232.673) (157.264,-306.412,232.673) (61.0184,-241.829,232.673) (64.2641,-265.684,232.673)
  f[1][1] pts=2 (133.959,-312.451,232.673) (64.2641,-265.684,232.673)
joint 31 type=11 v0=18 v1=17 f0_0=2 f1_0=5 name=ss_e_op_1 orient=1 div=1 shift=0.66
  jv[0] pts=5 (-59.0363,-313.638,223.673) (-53.4987,-296.494,223.673) (-36.6018,-302.744,223.673) (-42.1393,-319.888,223.673) (-59.0363,-313.638,223.673)
  jv[1] pts=5 (-59.0363,-313.638,-50.605) (-53.4987,-296.494,-50.605) (-36.6018,-302.744,-50.605) (-42.1393,-319.888,-50.605) (-59.0363,-313.638,-50.605)
  m[0][0] pts=4 (-59.0363,-313.638,132.247) (-53.4987,-296.494,132.247) (-53.4987,-296.494,26.1929) (-59.0363,-313.638,26.1929)
  m[0][1] pts=2 (-59.0363,-313.638,132.247) (-59.0363,-313.638,26.1929)
  f[0][0] pts=4 (-36.6018,-302.744,117.619) (-53.4987,-296.494,132.247) (-53.4987,-296.494,26.1929) (-36.6018,-302.744,40.821)
  f[0][1] pts=2 (-36.6018,-302.744,117.619) (-36.6018,-302.744,40.821)
  m[1][0] pts=4 (-42.1393,-319.888,117.619) (-36.6018,-302.744,117.619) (-36.6018,-302.744,40.821) (-42.1393,-319.888,40.821)
  m[1][1] pts=2 (-42.1393,-319.888,117.619) (-42.1393,-319.888,40.821)
  f[1][0] pts=4 (-42.1393,-319.888,117.619) (-59.0363,-313.638,132.247) (-59.0363,-313.638,26.1929) (-42.1393,-319.888,40.821)
  f[1][1] pts=2 (-42.1393,-319.888,117.619) (-42.1393,-319.888,40.821)
joint 32 type=40 v0=17 v1=23 f0_0=0 f1_0=0 name=tt_e_p_3 orient=0 div=1 shift=45
  jv[0] pts=5 (-52.7918,-296.755,-218.728) (-52.7918,-296.755,232.673) (-65.2807,-330.52,232.673) (-65.2807,-330.52,-218.728) (-52.7918,-296.755,-218.728)
  jv[1] pts=5 (218.711,-397.18,-218.728) (218.711,-397.18,232.673) (206.222,-430.944,232.673) (206.222,-430.944,-218.728) (218.711,-397.18,-218.728)
  m[0][0] pts=2 (-16.8309,-329.249,187.673) (-23.0753,-346.131,187.673)
  m[0][1] pts=2 (-16.8309,-329.249,187.673) (-23.0753,-346.131,187.673)
  m[0][2] pts=2 (-16.8309,-329.249,88.4542) (-23.0753,-346.131,88.4542)
  m[0][3] pts=2 (-16.8309,-329.249,88.4542) (-23.0753,-346.131,88.4542)
  m[0][4] pts=2 (-16.8309,-329.249,-10.7647) (-23.0753,-346.131,-10.7647)
  m[0][5] pts=2 (-16.8309,-329.249,-10.7647) (-23.0753,-346.131,-10.7647)
  m[0][6] pts=2 (45.5331,-352.316,-52.8425) (39.2887,-369.198,-52.8425)
  m[0][7] pts=2 (45.5331,-352.316,-52.8425) (39.2887,-369.198,-52.8425)
  m[0][8] pts=2 (107.897,-375.383,-94.9203) (101.653,-392.266,-94.9203)
  m[0][9] pts=2 (107.897,-375.383,-94.9203) (101.653,-392.266,-94.9203)
  m[0][10] pts=2 (170.261,-398.451,-136.998) (164.017,-415.333,-136.998)
  m[0][11] pts=2 (170.261,-398.451,-136.998) (164.017,-415.333,-136.998)
  m[0][12] pts=2 (170.261,-398.451,-55.8303) (164.017,-415.333,-55.8303)
  m[0][13] pts=2 (170.261,-398.451,-55.8303) (164.017,-415.333,-55.8303)
  m[0][14] pts=2 (170.261,-398.451,25.3375) (164.017,-415.333,25.3375)
  m[0][15] pts=2 (170.261,-398.451,25.3375) (164.017,-415.333,25.3375)
  m[0][16] pts=2 (170.261,-398.451,106.505) (164.017,-415.333,106.505)
  m[0][17] pts=2 (170.261,-398.451,106.505) (164.017,-415.333,106.505)
  m[0][18] pts=2 (170.261,-398.451,187.673) (164.017,-415.333,187.673)
  m[0][19] pts=2 (170.261,-398.451,187.673) (164.017,-415.333,187.673)
  m[0][20] pts=2 (76.7151,-363.85,187.673) (70.4707,-380.732,187.673)
  m[0][21] pts=2 (76.7151,-363.85,187.673) (70.4707,-380.732,187.673)
  f[0][0] pts=2 (-16.8309,-329.249,187.673) (-10.5864,-312.367,187.673)
  f[0][1] pts=2 (-16.8309,-329.249,187.673) (-10.5864,-312.367,187.673)
  f[0][2] pts=2 (-16.8309,-329.249,88.4542) (-10.5864,-312.367,88.4542)
  f[0][3] pts=2 (-16.8309,-329.249,88.4542) (-10.5864,-312.367,88.4542)
  f[0][4] pts=2 (-16.8309,-329.249,-10.7647) (-10.5864,-312.367,-10.7647)
  f[0][5] pts=2 (-16.8309,-329.249,-10.7647) (-10.5864,-312.367,-10.7647)
  f[0][6] pts=2 (45.5331,-352.316,-52.8425) (51.7776,-335.434,-52.8425)
  f[0][7] pts=2 (45.5331,-352.316,-52.8425) (51.7776,-335.434,-52.8425)
  f[0][8] pts=2 (107.897,-375.383,-94.9203) (114.142,-358.501,-94.9203)
  f[0][9] pts=2 (107.897,-375.383,-94.9203) (114.142,-358.501,-94.9203)
  f[0][10] pts=2 (170.261,-398.451,-136.998) (176.506,-381.569,-136.998)
  f[0][11] pts=2 (170.261,-398.451,-136.998) (176.506,-381.569,-136.998)
  f[0][12] pts=2 (170.261,-398.451,-55.8303) (176.506,-381.569,-55.8303)
  f[0][13] pts=2 (170.261,-398.451,-55.8303) (176.506,-381.569,-55.8303)
  f[0][14] pts=2 (170.261,-398.451,25.3375) (176.506,-381.569,25.3375)
  f[0][15] pts=2 (170.261,-398.451,25.3375) (176.506,-381.569,25.3375)
  f[0][16] pts=2 (170.261,-398.451,106.505) (176.506,-381.569,106.505)
  f[0][17] pts=2 (170.261,-398.451,106.505) (176.506,-381.569,106.505)
  f[0][18] pts=2 (170.261,-398.451,187.673) (176.506,-381.569,187.673)
  f[0][19] pts=2 (170.261,-398.451,187.673) (176.506,-381.569,187.673)
  f[0][20] pts=2 (76.7151,-363.85,187.673) (82.9596,-346.968,187.673)
  f[0][21] pts=2 (76.7151,-363.85,187.673) (82.9596,-346.968,187.673)
  m[1][0] pts=2 (-16.8309,-329.249,187.673) (-23.0753,-346.131,187.673)
  m[1][1] pts=2 (-16.8309,-329.249,187.673) (-23.0753,-346.131,187.673)
  m[1][2] pts=2 (-16.8309,-329.249,88.4542) (-23.0753,-346.131,88.4542)
  m[1][3] pts=2 (-16.8309,-329.249,88.4542) (-23.0753,-346.131,88.4542)
  m[1][4] pts=2 (-16.8309,-329.249,-10.7647) (-23.0753,-346.131,-10.7647)
  m[1][5] pts=2 (-16.8309,-329.249,-10.7647) (-23.0753,-346.131,-10.7647)
  m[1][6] pts=2 (45.5331,-352.316,-52.8425) (39.2887,-369.198,-52.8425)
  m[1][7] pts=2 (45.5331,-352.316,-52.8425) (39.2887,-369.198,-52.8425)
  m[1][8] pts=2 (107.897,-375.383,-94.9203) (101.653,-392.266,-94.9203)
  m[1][9] pts=2 (107.897,-375.383,-94.9203) (101.653,-392.266,-94.9203)
  m[1][10] pts=2 (170.261,-398.451,-136.998) (164.017,-415.333,-136.998)
  m[1][11] pts=2 (170.261,-398.451,-136.998) (164.017,-415.333,-136.998)
  m[1][12] pts=2 (170.261,-398.451,-55.8303) (164.017,-415.333,-55.8303)
  m[1][13] pts=2 (170.261,-398.451,-55.8303) (164.017,-415.333,-55.8303)
  m[1][14] pts=2 (170.261,-398.451,25.3375) (164.017,-415.333,25.3375)
  m[1][15] pts=2 (170.261,-398.451,25.3375) (164.017,-415.333,25.3375)
  m[1][16] pts=2 (170.261,-398.451,106.505) (164.017,-415.333,106.505)
  m[1][17] pts=2 (170.261,-398.451,106.505) (164.017,-415.333,106.505)
  m[1][18] pts=2 (170.261,-398.451,187.673) (164.017,-415.333,187.673)
  m[1][19] pts=2 (170.261,-398.451,187.673) (164.017,-415.333,187.673)
  m[1][20] pts=2 (76.7151,-363.85,187.673) (70.4707,-380.732,187.673)
  m[1][21] pts=2 (76.7151,-363.85,187.673) (70.4707,-380.732,187.673)
  f[1][0] pts=2 (-16.8309,-329.249,187.673) (-10.5864,-312.367,187.673)
  f[1][1] pts=2 (-16.8309,-329.249,187.673) (-10.5864,-312.367,187.673)
  f[1][2] pts=2 (-16.8309,-329.249,88.4542) (-10.5864,-312.367,88.4542)
  f[1][3] pts=2 (-16.8309,-329.249,88.4542) (-10.5864,-312.367,88.4542)
  f[1][4] pts=2 (-16.8309,-329.249,-10.7647) (-10.5864,-312.367,-10.7647)
  f[1][5] pts=2 (-16.8309,-329.249,-10.7647) (-10.5864,-312.367,-10.7647)
  f[1][6] pts=2 (45.5331,-352.316,-52.8425) (51.7776,-335.434,-52.8425)
  f[1][7] pts=2 (45.5331,-352.316,-52.8425) (51.7776,-335.434,-52.8425)
  f[1][8] pts=2 (107.897,-375.383,-94.9203) (114.142,-358.501,-94.9203)
  f[1][9] pts=2 (107.897,-375.383,-94.9203) (114.142,-358.501,-94.9203)
  f[1][10] pts=2 (170.261,-398.451,-136.998) (176.506,-381.569,-136.998)
  f[1][11] pts=2 (170.261,-398.451,-136.998) (176.506,-381.569,-136.998)
  f[1][12] pts=2 (170.261,-398.451,-55.8303) (176.506,-381.569,-55.8303)
  f[1][13] pts=2 (170.261,-398.451,-55.8303) (176.506,-381.569,-55.8303)
  f[1][14] pts=2 (170.261,-398.451,25.3375) (176.506,-381.569,25.3375)
  f[1][15] pts=2 (170.261,-398.451,25.3375) (176.506,-381.569,25.3375)
  f[1][16] pts=2 (170.261,-398.451,106.505) (176.506,-381.569,106.505)
  f[1][17] pts=2 (170.261,-398.451,106.505) (176.506,-381.569,106.505)
  f[1][18] pts=2 (170.261,-398.451,187.673) (176.506,-381.569,187.673)
  f[1][19] pts=2 (170.261,-398.451,187.673) (176.506,-381.569,187.673)
  f[1][20] pts=2 (76.7151,-363.85,187.673) (82.9596,-346.968,187.673)
  f[1][21] pts=2 (76.7151,-363.85,187.673) (82.9596,-346.968,187.673)
joint 33 type=11 v0=19 v1=18 f0_0=3 f1_0=4 name=ss_e_op_1 orient=1 div=1 shift=0.66
  jv[0] pts=5 (-18.5875,-188.412,223.673) (-3.04135,-198.844,223.673) (-8.79588,-216.66,223.673) (-24.3421,-206.228,223.673) (-18.5875,-188.412,223.673)
  jv[1] pts=5 (-18.5875,-188.412,-29.7196) (-3.04135,-198.844,-29.7196) (-8.79588,-216.66,-29.7196) (-24.3421,-206.228,-29.7196) (-18.5875,-188.412,-29.7196)
  m[0][0] pts=4 (-18.5875,-188.412,139.209) (-3.04135,-198.844,139.209) (-3.04135,-198.844,41.2304) (-18.5875,-188.412,41.2304)
  m[0][1] pts=2 (-18.5875,-188.412,139.209) (-18.5875,-188.412,41.2304)
  f[0][0] pts=4 (-8.79588,-216.66,125.695) (-3.04135,-198.844,139.209) (-3.04135,-198.844,41.2304) (-8.79588,-216.66,54.7446)
  f[0][1] pts=2 (-8.79588,-216.66,125.695) (-8.79588,-216.66,54.7446)
  m[1][0] pts=4 (-24.3421,-206.228,125.695) (-8.79588,-216.66,125.695) (-8.79588,-216.66,54.7446) (-24.3421,-206.228,54.7446)
  m[1][1] pts=2 (-24.3421,-206.228,125.695) (-24.3421,-206.228,54.7446)
  f[1][0] pts=4 (-24.3421,-206.228,125.695) (-18.5875,-188.412,139.209) (-18.5875,-188.412,41.2304) (-24.3421,-206.228,54.7446)
  f[1][1] pts=2 (-24.3421,-206.228,125.695) (-24.3421,-206.228,54.7446)
joint 34 type=40 v0=18 v1=47 f0_0=0 f1_0=0 name=tt_e_p_3 orient=0 div=1 shift=45
  jv[0] pts=5 (-41.9076,-319.17,-46.9543) (-1.45891,-193.945,-46.9543) (-35.7161,-182.88,-46.9543) (-76.1649,-308.105,-46.9543) (-41.9076,-319.17,-46.9543)
  jv[1] pts=5 (-41.9076,-319.17,232.673) (-1.45891,-193.945,232.673) (-35.7161,-182.88,232.673) (-76.1649,-308.105,232.673) (-41.9076,-319.17,232.673)
  m[0][0] pts=2 (-45.2046,-270.816,7.29971) (-62.3332,-265.283,7.29971)
  m[0][1] pts=2 (-45.2046,-270.816,7.29971) (-62.3332,-265.283,7.29971)
  m[0][2] pts=2 (-45.2046,-270.816,97.4864) (-62.3332,-265.283,97.4864)
  m[0][3] pts=2 (-45.2046,-270.816,97.4864) (-62.3332,-265.283,97.4864)
  m[0][4] pts=2 (-45.2046,-270.816,187.673) (-62.3332,-265.283,187.673)
  m[0][5] pts=2 (-45.2046,-270.816,187.673) (-62.3332,-265.283,187.673)
  m[0][6] pts=2 (-32.4192,-231.234,187.673) (-49.5478,-225.701,187.673)
  m[0][7] pts=2 (-32.4192,-231.234,187.673) (-49.5478,-225.701,187.673)
  m[0][8] pts=2 (-32.4192,-231.234,101.399) (-49.5478,-225.701,101.399)
  m[0][9] pts=2 (-32.4192,-231.234,101.399) (-49.5478,-225.701,101.399)
  m[0][10] pts=2 (-32.4192,-231.234,15.1242) (-49.5478,-225.701,15.1242)
  m[0][11] pts=2 (-32.4192,-231.234,15.1242) (-49.5478,-225.701,15.1242)
  f[0][0] pts=2 (-45.2046,-270.816,7.29971) (-28.076,-276.349,7.29971)
  f[0][1] pts=2 (-45.2046,-270.816,7.29971) (-28.076,-276.349,7.29971)
  f[0][2] pts=2 (-45.2046,-270.816,97.4864) (-28.076,-276.349,97.4864)
  f[0][3] pts=2 (-45.2046,-270.816,97.4864) (-28.076,-276.349,97.4864)
  f[0][4] pts=2 (-45.2046,-270.816,187.673) (-28.076,-276.349,187.673)
  f[0][5] pts=2 (-45.2046,-270.816,187.673) (-28.076,-276.349,187.673)
  f[0][6] pts=2 (-32.4192,-231.234,187.673) (-15.2906,-236.767,187.673)
  f[0][7] pts=2 (-32.4192,-231.234,187.673) (-15.2906,-236.767,187.673)
  f[0][8] pts=2 (-32.4192,-231.234,101.399) (-15.2906,-236.767,101.399)
  f[0][9] pts=2 (-32.4192,-231.234,101.399) (-15.2906,-236.767,101.399)
  f[0][10] pts=2 (-32.4192,-231.234,15.1242) (-15.2906,-236.767,15.1242)
  f[0][11] pts=2 (-32.4192,-231.234,15.1242) (-15.2906,-236.767,15.1242)
  m[1][0] pts=2 (-45.2046,-270.816,7.29971) (-62.3332,-265.283,7.29971)
  m[1][1] pts=2 (-45.2046,-270.816,7.29971) (-62.3332,-265.283,7.29971)
  m[1][2] pts=2 (-45.2046,-270.816,97.4864) (-62.3332,-265.283,97.4864)
  m[1][3] pts=2 (-45.2046,-270.816,97.4864) (-62.3332,-265.283,97.4864)
  m[1][4] pts=2 (-45.2046,-270.816,187.673) (-62.3332,-265.283,187.673)
  m[1][5] pts=2 (-45.2046,-270.816,187.673) (-62.3332,-265.283,187.673)
  m[1][6] pts=2 (-32.4192,-231.234,187.673) (-49.5478,-225.701,187.673)
  m[1][7] pts=2 (-32.4192,-231.234,187.673) (-49.5478,-225.701,187.673)
  m[1][8] pts=2 (-32.4192,-231.234,101.399) (-49.5478,-225.701,101.399)
  m[1][9] pts=2 (-32.4192,-231.234,101.399) (-49.5478,-225.701,101.399)
  m[1][10] pts=2 (-32.4192,-231.234,15.1242) (-49.5478,-225.701,15.1242)
  m[1][11] pts=2 (-32.4192,-231.234,15.1242) (-49.5478,-225.701,15.1242)
  f[1][0] pts=2 (-45.2046,-270.816,7.29971) (-28.076,-276.349,7.29971)
  f[1][1] pts=2 (-45.2046,-270.816,7.29971) (-28.076,-276.349,7.29971)
  f[1][2] pts=2 (-45.2046,-270.816,97.4864) (-28.076,-276.349,97.4864)
  f[1][3] pts=2 (-45.2046,-270.816,97.4864) (-28.076,-276.349,97.4864)
  f[1][4] pts=2 (-45.2046,-270.816,187.673) (-28.076,-276.349,187.673)
  f[1][5] pts=2 (-45.2046,-270.816,187.673) (-28.076,-276.349,187.673)
  f[1][6] pts=2 (-32.4192,-231.234,187.673) (-15.2906,-236.767,187.673)
  f[1][7] pts=2 (-32.4192,-231.234,187.673) (-15.2906,-236.767,187.673)
  f[1][8] pts=2 (-32.4192,-231.234,101.399) (-15.2906,-236.767,101.399)
  f[1][9] pts=2 (-32.4192,-231.234,101.399) (-15.2906,-236.767,101.399)
  f[1][10] pts=2 (-32.4192,-231.234,15.1242) (-15.2906,-236.767,15.1242)
  f[1][11] pts=2 (-32.4192,-231.234,15.1242) (-15.2906,-236.767,15.1242)
joint 35 type=11 v0=21 v1=20 f0_0=4 f1_0=2 name=ss_e_op_1 orient=1 div=1 shift=0.66
  jv[0] pts=5 (-83.1711,-500.79,232.673) (-83.1711,-500.79,214.673) (-83.1711,-482.79,214.673) (-83.1711,-482.79,232.673) (-83.1711,-500.79,232.673)
  jv[1] pts=5 (198.552,-500.79,232.673) (198.552,-500.79,214.673) (198.552,-482.79,214.673) (198.552,-482.79,232.673) (198.552,-500.79,232.673)
  m[0][0] pts=4 (10.7366,-500.79,232.673) (10.7366,-500.79,214.673) (119.67,-500.79,214.673) (119.67,-500.79,232.673)
  m[0][1] pts=2 (10.7366,-500.79,232.673) (119.67,-500.79,232.673)
  f[0][0] pts=4 (25.7619,-482.79,214.673) (10.7366,-500.79,214.673) (119.67,-500.79,214.673) (104.644,-482.79,214.673)
  f[0][1] pts=2 (25.7619,-482.79,214.673) (104.644,-482.79,214.673)
  m[1][0] pts=4 (25.7619,-482.79,232.673) (25.7619,-482.79,214.673) (104.644,-482.79,214.673) (104.644,-482.79,232.673)
  m[1][1] pts=2 (25.7619,-482.79,232.673) (104.644,-482.79,232.673)
  f[1][0] pts=4 (25.7619,-482.79,232.673) (10.7366,-500.79,232.673) (119.67,-500.79,232.673) (104.644,-482.79,232.673)
  f[1][1] pts=2 (25.7619,-482.79,232.673) (104.644,-482.79,232.673)
joint 36 type=11 v0=22 v1=20 f0_0=3 f1_0=5 name=ss_e_op_1 orient=1 div=1 shift=0.66
  jv[0] pts=5 (-60.9965,-324.128,232.673) (-60.9965,-324.128,214.673) (-43.3028,-327.434,214.673) (-43.3028,-327.434,232.673) (-60.9965,-324.128,232.673)
  jv[1] pts=5 (-92.0179,-490.137,232.673) (-92.0179,-490.137,214.673) (-74.3242,-493.443,214.673) (-74.3242,-493.443,232.673) (-92.0179,-490.137,232.673)
  m[0][0] pts=4 (-71.337,-379.464,232.673) (-71.337,-379.464,214.673) (-83.3319,-443.654,214.673) (-83.3319,-443.654,232.673)
  m[0][1] pts=2 (-71.337,-379.464,232.673) (-83.3319,-443.654,232.673)
  f[0][0] pts=4 (-55.2977,-391.624,214.673) (-71.337,-379.464,214.673) (-83.3319,-443.654,214.673) (-63.9837,-438.107,214.673)
  f[0][1] pts=2 (-55.2977,-391.624,214.673) (-63.9837,-438.107,214.673)
  m[1][0] pts=4 (-55.2977,-391.624,232.673) (-55.2977,-391.624,214.673) (-63.9837,-438.107,214.673) (-63.9837,-438.107,232.673)
  m[1][1] pts=2 (-55.2977,-391.624,232.673) (-63.9837,-438.107,232.673)
  f[1][0] pts=4 (-55.2977,-391.624,232.673) (-71.337,-379.464,232.673) (-83.3319,-443.654,232.673) (-63.9837,-438.107,232.673)
  f[1][1] pts=2 (-55.2977,-391.624,232.673) (-63.9837,-438.107,232.673)
joint 37 type=11 v0=23 v1=20 f0_0=4 f1_0=4 name=ss_e_op_1 orient=1 div=1 shift=0.66
  jv[0] pts=5 (213.978,-414.621,232.673) (213.978,-414.621,214.673) (207.733,-431.503,214.673) (207.733,-431.503,232.673) (213.978,-414.621,232.673)
  jv[1] pts=5 (-49.0274,-317.34,232.673) (-49.0274,-317.34,214.673) (-55.2718,-334.222,214.673) (-55.2718,-334.222,232.673) (-49.0274,-317.34,232.673)
  m[0][0] pts=4 (126.309,-382.194,232.673) (126.309,-382.194,214.673) (24.614,-344.578,214.673) (24.614,-344.578,232.673)
  m[0][1] pts=2 (126.309,-382.194,232.673) (24.614,-344.578,232.673)
  f[0][0] pts=4 (106.038,-393.888,214.673) (126.309,-382.194,214.673) (24.614,-344.578,214.673) (32.3965,-366.649,214.673)
  f[0][1] pts=2 (106.038,-393.888,214.673) (32.3965,-366.649,214.673)
  m[1][0] pts=4 (106.038,-393.888,232.673) (106.038,-393.888,214.673) (32.3965,-366.649,214.673) (32.3965,-366.649,232.673)
  m[1][1] pts=2 (106.038,-393.888,232.673) (32.3965,-366.649,232.673)
  f[1][0] pts=4 (106.038,-393.888,232.673) (126.309,-382.194,232.673) (24.614,-344.578,232.673) (32.3965,-366.649,232.673)
  f[1][1] pts=2 (106.038,-393.888,232.673) (32.3965,-366.649,232.673)
joint 38 type=11 v0=22 v1=21 f0_0=2 f1_0=5 name=ss_e_op_1 orient=1 div=1 shift=0.66
  jv[0] pts=5 (-94.0087,-500.79,223.673) (-90.6451,-482.79,223.673) (-72.3335,-482.79,223.673) (-75.6971,-500.79,223.673) (-94.0087,-500.79,223.673)
  jv[1] pts=5 (-94.0087,-500.79,-68.663) (-90.6451,-482.79,-68.663) (-72.3335,-482.79,-68.663) (-75.6971,-500.79,-68.663) (-94.0087,-500.79,-68.663)
  m[0][0] pts=4 (-94.0087,-500.79,126.228) (-90.6451,-482.79,126.228) (-90.6451,-482.79,13.1911) (-94.0087,-500.79,13.1911)
  m[0][1] pts=2 (-94.0087,-500.79,126.228) (-94.0087,-500.79,13.1911)
  f[0][0] pts=4 (-72.3335,-482.79,110.637) (-90.6451,-482.79,126.228) (-90.6451,-482.79,13.1911) (-72.3335,-482.79,28.7824)
  f[0][1] pts=2 (-72.3335,-482.79,110.637) (-72.3335,-482.79,28.7824)
  m[1][0] pts=4 (-75.6971,-500.79,110.637) (-72.3335,-482.79,110.637) (-72.3335,-482.79,28.7824) (-75.6971,-500.79,28.7824)
  m[1][1] pts=2 (-75.6971,-500.79,110.637) (-75.6971,-500.79,28.7824)
  f[1][0] pts=4 (-75.6971,-500.79,110.637) (-94.0087,-500.79,126.228) (-94.0087,-500.79,13.1911) (-75.6971,-500.79,28.7824)
  f[1][1] pts=2 (-75.6971,-500.79,110.637) (-75.6971,-500.79,28.7824)
joint 39 type=11 v0=23 v1=22 f0_0=3 f1_0=4 name=ss_e_op_1 orient=1 div=1 shift=0.66
  jv[0] pts=5 (-59.0363,-313.638,223.673) (-41.9085,-319.973,223.673) (-45.263,-337.924,223.673) (-62.3907,-331.589,223.673) (-59.0363,-313.638,223.673)
  jv[1] pts=5 (-59.0363,-313.638,-42.7221) (-41.9085,-319.973,-42.7221) (-45.263,-337.924,-42.7221) (-62.3907,-331.589,-42.7221) (-59.0363,-313.638,-42.7221)
  m[0][0] pts=4 (-59.0363,-313.638,134.875) (-41.9085,-319.973,134.875) (-41.9085,-319.973,31.8685) (-59.0363,-313.638,31.8685)
  m[0][1] pts=2 (-59.0363,-313.638,134.875) (-59.0363,-313.638,31.8685)
  f[0][0] pts=4 (-45.263,-337.924,120.667) (-41.9085,-319.973,134.875) (-41.9085,-319.973,31.8685) (-45.263,-337.924,46.0763)
  f[0][1] pts=2 (-45.263,-337.924,120.667) (-45.263,-337.924,46.0763)
  m[1][0] pts=4 (-62.3907,-331.589,120.667) (-45.263,-337.924,120.667) (-45.263,-337.924,46.0763) (-62.3907,-331.589,46.0763)
  m[1][1] pts=2 (-62.3907,-331.589,120.667) (-62.3907,-331.589,46.0763)
  f[1][0] pts=4 (-62.3907,-331.589,120.667) (-59.0363,-313.638,134.875) (-59.0363,-313.638,31.8685) (-62.3907,-331.589,46.0763)
  f[1][1] pts=2 (-62.3907,-331.589,120.667) (-62.3907,-331.589,46.0763)
joint 40 type=40 v0=22 v1=52 f0_0=0 f1_0=0 name=tt_e_p_3 orient=0 div=1 shift=45
  jv[0] pts=5 (-76.3149,-504.096,-64.7862) (-41.3425,-316.944,-64.7862) (-76.73,-310.331,-64.7862) (-111.702,-497.484,-64.7862) (-76.3149,-504.096,-64.7862)
  jv[1] pts=5 (-76.3149,-504.096,232.673) (-41.3425,-316.944,232.673) (-76.73,-310.331,232.673) (-111.702,-497.484,232.673) (-76.3149,-504.096,232.673)
  m[0][0] pts=2 (-85.7428,-456.556,187.673) (-103.437,-453.249,187.673)
  m[0][1] pts=2 (-85.7428,-456.556,187.673) (-103.437,-453.249,187.673)
  m[0][2] pts=2 (-76.5225,-407.214,187.673) (-94.2162,-403.907,187.673)
  m[0][3] pts=2 (-76.5225,-407.214,187.673) (-94.2162,-403.907,187.673)
  m[0][4] pts=2 (-67.3021,-357.872,187.673) (-84.9959,-354.566,187.673)
  m[0][5] pts=2 (-67.3021,-357.872,187.673) (-84.9959,-354.566,187.673)
  m[0][6] pts=2 (-67.3021,-357.872,95.3737) (-84.9959,-354.566,95.3737)
  m[0][7] pts=2 (-67.3021,-357.872,95.3737) (-84.9959,-354.566,95.3737)
  m[0][8] pts=2 (-67.3021,-357.872,3.0742) (-84.9959,-354.566,3.0742)
  m[0][9] pts=2 (-67.3021,-357.872,3.0742) (-84.9959,-354.566,3.0742)
  m[0][10] pts=2 (-81.1599,-432.031,-8.514) (-98.8537,-428.725,-8.514)
  m[0][11] pts=2 (-81.1599,-432.031,-8.514) (-98.8537,-428.725,-8.514)
  m[0][12] pts=2 (-95.0177,-506.19,-20.1022) (-112.711,-502.883,-20.1022)
  m[0][13] pts=2 (-95.0177,-506.19,-20.1022) (-112.711,-502.883,-20.1022)
  m[0][14] pts=2 (-85.7428,-456.556,-15.4316) (-103.437,-453.249,-15.4316)
  m[0][15] pts=2 (-85.7428,-456.556,-15.4316) (-103.437,-453.249,-15.4316)
  m[0][16] pts=2 (-85.7428,-456.556,52.27) (-103.437,-453.249,52.27)
  m[0][17] pts=2 (-85.7428,-456.556,52.27) (-103.437,-453.249,52.27)
  m[0][18] pts=2 (-85.7428,-456.556,119.972) (-103.437,-453.249,119.972)
  m[0][19] pts=2 (-85.7428,-456.556,119.972) (-103.437,-453.249,119.972)
  f[0][0] pts=2 (-85.7428,-456.556,187.673) (-68.049,-459.862,187.673)
  f[0][1] pts=2 (-85.7428,-456.556,187.673) (-68.049,-459.862,187.673)
  f[0][2] pts=2 (-76.5225,-407.214,187.673) (-58.8287,-410.52,187.673)
  f[0][3] pts=2 (-76.5225,-407.214,187.673) (-58.8287,-410.52,187.673)
  f[0][4] pts=2 (-67.3021,-357.872,187.673) (-49.6084,-361.178,187.673)
  f[0][5] pts=2 (-67.3021,-357.872,187.673) (-49.6084,-361.178,187.673)
  f[0][6] pts=2 (-67.3021,-357.872,95.3737) (-49.6084,-361.178,95.3737)
  f[0][7] pts=2 (-67.3021,-357.872,95.3737) (-49.6084,-361.178,95.3737)
  f[0][8] pts=2 (-67.3021,-357.872,3.0742) (-49.6084,-361.178,3.0742)
  f[0][9] pts=2 (-67.3021,-357.872,3.0742) (-49.6084,-361.178,3.0742)
  f[0][10] pts=2 (-81.1599,-432.031,-8.514) (-63.4662,-435.337,-8.514)
  f[0][11] pts=2 (-81.1599,-432.031,-8.514) (-63.4662,-435.337,-8.514)
  f[0][12] pts=2 (-95.0177,-506.19,-20.1022) (-77.324,-509.496,-20.1022)
  f[0][13] pts=2 (-95.0177,-506.19,-20.1022) (-77.324,-509.496,-20.1022)
  f[0][14] pts=2 (-85.7428,-456.556,-15.4316) (-68.049,-459.862,-15.4316)
  f[0][15] pts=2 (-85.7428,-456.556,-15.4316) (-68.049,-459.862,-15.4316)
  f[0][16] pts=2 (-85.7428,-456.556,52.27) (-68.049,-459.862,52.27)
  f[0][17] pts=2 (-85.7428,-456.556,52.27) (-68.049,-459.862,52.27)
  f[0][18] pts=2 (-85.7428,-456.556,119.972) (-68.049,-459.862,119.972)
  f[0][19] pts=2 (-85.7428,-456.556,119.972) (-68.049,-459.862,119.972)
  m[1][0] pts=2 (-85.7428,-456.556,187.673) (-103.437,-453.249,187.673)
  m[1][1] pts=2 (-85.7428,-456.556,187.673) (-103.437,-453.249,187.673)
  m[1][2] pts=2 (-76.5225,-407.214,187.673) (-94.2162,-403.907,187.673)
  m[1][3] pts=2 (-76.5225,-407.214,187.673) (-94.2162,-403.907,187.673)
  m[1][4] pts=2 (-67.3021,-357.872,187.673) (-84.9959,-354.566,187.673)
  m[1][5] pts=2 (-67.3021,-357.872,187.673) (-84.9959,-354.566,187.673)
  m[1][6] pts=2 (-67.3021,-357.872,95.3737) (-84.9959,-354.566,95.3737)
  m[1][7] pts=2 (-67.3021,-357.872,95.3737) (-84.9959,-354.566,95.3737)
  m[1][8] pts=2 (-67.3021,-357.872,3.0742) (-84.9959,-354.566,3.0742)
  m[1][9] pts=2 (-67.3021,-357.872,3.0742) (-84.9959,-354.566,3.0742)
  m[1][10] pts=2 (-81.1599,-432.031,-8.514) (-98.8537,-428.725,-8.514)
  m[1][11] pts=2 (-81.1599,-432.031,-8.514) (-98.8537,-428.725,-8.514)
  m[1][12] pts=2 (-95.0177,-506.19,-20.1022) (-112.711,-502.883,-20.1022)
  m[1][13] pts=2 (-95.0177,-506.19,-20.1022) (-112.711,-502.883,-20.1022)
  m[1][14] pts=2 (-85.7428,-456.556,-15.4316) (-103.437,-453.249,-15.4316)
  m[1][15] pts=2 (-85.7428,-456.556,-15.4316) (-103.437,-453.249,-15.4316)
  m[1][16] pts=2 (-85.7428,-456.556,52.27) (-103.437,-453.249,52.27)
  m[1][17] pts=2 (-85.7428,-456.556,52.27) (-103.437,-453.249,52.27)
  m[1][18] pts=2 (-85.7428,-456.556,119.972) (-103.437,-453.249,119.972)
  m[1][19] pts=2 (-85.7428,-456.556,119.972) (-103.437,-453.249,119.972)
  f[1][0] pts=2 (-85.7428,-456.556,187.673) (-68.049,-459.862,187.673)
  f[1][1] pts=2 (-85.7428,-456.556,187.673) (-68.049,-459.862,187.673)
  f[1][2] pts=2 (-76.5225,-407.214,187.673) (-58.8287,-410.52,187.673)
  f[1][3] pts=2 (-76.5225,-407.214,187.673) (-58.8287,-410.52,187.673)
  f[1][4] pts=2 (-67.3021,-357.872,187.673) (-49.6084,-361.178,187.673)
  f[1][5] pts=2 (-67.3021,-357.872,187.673) (-49.6084,-361.178,187.673)
  f[1][6] pts=2 (-67.3021,-357.872,95.3737) (-49.6084,-361.178,95.3737)
  f[1][7] pts=2 (-67.3021,-357.872,95.3737) (-49.6084,-361.178,95.3737)
  f[1][8] pts=2 (-67.3021,-357.872,3.0742) (-49.6084,-361.178,3.0742)
  f[1][9] pts=2 (-67.3021,-357.872,3.0742) (-49.6084,-361.178,3.0742)
  f[1][10] pts=2 (-81.1599,-432.031,-8.514) (-63.4662,-435.337,-8.514)
  f[1][11] pts=2 (-81.1599,-432.031,-8.514) (-63.4662,-435.337,-8.514)
  f[1][12] pts=2 (-95.0177,-506.19,-20.1022) (-77.324,-509.496,-20.1022)
  f[1][13] pts=2 (-95.0177,-506.19,-20.1022) (-77.324,-509.496,-20.1022)
  f[1][14] pts=2 (-85.7428,-456.556,-15.4316) (-68.049,-459.862,-15.4316)
  f[1][15] pts=2 (-85.7428,-456.556,-15.4316) (-68.049,-459.862,-15.4316)
  f[1][16] pts=2 (-85.7428,-456.556,52.27) (-68.049,-459.862,52.27)
  f[1][17] pts=2 (-85.7428,-456.556,52.27) (-68.049,-459.862,52.27)
  f[1][18] pts=2 (-85.7428,-456.556,119.972) (-68.049,-459.862,119.972)
  f[1][19] pts=2 (-85.7428,-456.556,119.972) (-68.049,-459.862,119.972)
joint 41 type=11 v0=25 v1=24 f0_0=4 f1_0=2 name=ss_e_op_1 orient=1 div=1 shift=0.66
  jv[0] pts=5 (165.446,464.539,232.673) (165.446,464.539,214.673) (182.669,469.77,214.673) (182.669,469.77,232.673) (165.446,464.539,232.673)
  jv[1] pts=5 (279.59,88.7229,232.673) (279.59,88.7229,214.673) (296.813,93.954,214.673) (296.813,93.954,232.673) (279.59,88.7229,232.673)
  m[0][0] pts=4 (203.494,339.267,232.673) (203.494,339.267,214.673) (247.629,193.951,214.673) (247.629,193.951,232.673)
  m[0][1] pts=2 (203.494,339.267,232.673) (247.629,193.951,232.673)
  f[0][0] pts=4 (226.805,324.454,214.673) (203.494,339.267,214.673) (247.629,193.951,214.673) (258.765,219.226,214.673)
  f[0][1] pts=2 (226.805,324.454,214.673) (258.765,219.226,214.673)
  m[1][0] pts=4 (226.805,324.454,232.673) (226.805,324.454,214.673) (258.765,219.226,214.673) (258.765,219.226,232.673)
  m[1][1] pts=2 (226.805,324.454,232.673) (258.765,219.226,232.673)
  f[1][0] pts=4 (226.805,324.454,232.673) (203.494,339.267,232.673) (247.629,193.951,232.673) (258.765,219.226,232.673)
  f[1][1] pts=2 (226.805,324.454,232.673) (258.765,219.226,232.673)
joint 42 type=11 v0=26 v1=24 f0_0=3 f1_0=5 name=ss_e_op_1 orient=1 div=1 shift=0.66
  jv[0] pts=5 (437.133,499.906,232.673) (437.133,499.906,214.673) (438.749,481.979,214.673) (438.749,481.979,232.673) (437.133,499.906,232.673)
  jv[1] pts=5 (173.249,476.118,232.673) (173.249,476.118,214.673) (174.865,458.191,214.673) (174.865,458.191,232.673) (173.249,476.118,232.673)
  m[0][0] pts=4 (349.172,491.977,232.673) (349.172,491.977,214.673) (247.137,482.779,214.673) (247.137,482.779,232.673)
  m[0][1] pts=2 (349.172,491.977,232.673) (247.137,482.779,232.673)
  f[0][0] pts=4 (336.714,472.781,214.673) (349.172,491.977,214.673) (247.137,482.779,214.673) (262.826,466.12,214.673)
  f[0][1] pts=2 (336.714,472.781,214.673) (262.826,466.12,214.673)
  m[1][0] pts=4 (336.714,472.781,232.673) (336.714,472.781,214.673) (262.826,466.12,214.673) (262.826,466.12,232.673)
  m[1][1] pts=2 (336.714,472.781,232.673) (262.826,466.12,232.673)
  f[1][0] pts=4 (336.714,472.781,232.673) (349.172,491.977,232.673) (247.137,482.779,232.673) (262.826,466.12,232.673)
  f[1][1] pts=2 (336.714,472.781,232.673) (262.826,466.12,232.673)
joint 43 type=11 v0=27 v1=24 f0_0=4 f1_0=3 name=ss_e_op_1 orient=1 div=1 shift=0.66
  jv[0] pts=5 (289.444,82.4246,232.673) (289.444,82.4246,214.673) (286.959,100.252,214.673) (286.959,100.252,232.673) (289.444,82.4246,232.673)
  jv[1] pts=5 (439.184,103.303,232.673) (439.184,103.303,214.673) (436.698,121.13,214.673) (436.698,121.13,232.673) (439.184,103.303,232.673)
  m[0][0] pts=4 (339.357,89.3839,232.673) (339.357,89.3839,214.673) (397.257,97.4567,214.673) (397.257,97.4567,232.673)
  m[0][1] pts=2 (339.357,89.3839,232.673) (397.257,97.4567,232.673)
  f[0][0] pts=4 (344.858,108.325,214.673) (339.357,89.3839,214.673) (397.257,97.4567,214.673) (386.785,114.171,214.673)
  f[0][1] pts=2 (344.858,108.325,214.673) (386.785,114.171,214.673)
  m[1][0] pts=4 (344.858,108.325,232.673) (344.858,108.325,214.673) (386.785,114.171,214.673) (386.785,114.171,232.673)
  m[1][1] pts=2 (344.858,108.325,232.673) (386.785,114.171,232.673)
  f[1][0] pts=4 (344.858,108.325,232.673) (339.357,89.3839,232.673) (397.257,97.4567,232.673) (386.785,114.171,232.673)
  f[1][1] pts=2 (344.858,108.325,232.673) (386.785,114.171,232.673)
joint 44 type=11 v0=28 v1=24 f0_0=4 f1_0=4 name=ss_e_op_1 orient=1 div=1 shift=0.66
  jv[0] pts=5 (446.941,112.216,232.673) (446.941,112.216,214.673) (428.941,112.216,214.673) (428.941,112.216,232.673) (446.941,112.216,232.673)
  jv[1] pts=5 (446.941,490.942,232.673) (446.941,490.942,214.673) (428.941,490.942,214.673) (428.941,490.942,232.673) (446.941,490.942,232.673)
  m[0][0] pts=4 (446.941,238.458,232.673) (446.941,238.458,214.673) (446.941,384.899,214.673) (446.941,384.899,232.673)
  m[0][1] pts=2 (446.941,238.458,232.673) (446.941,384.899,232.673)
  f[0][0] pts=4 (428.941,258.657,214.673) (446.941,238.458,214.673) (446.941,384.899,214.673) (428.941,364.7,214.673)
  f[0][1] pts=2 (428.941,258.657,214.673) (428.941,364.7,214.673)
  m[1][0] pts=4 (428.941,258.657,232.673) (428.941,258.657,214.673) (428.941,364.7,214.673) (428.941,364.7,232.673)
  m[1][1] pts=2 (428.941,258.657,232.673) (428.941,364.7,232.673)
  f[1][0] pts=4 (428.941,258.657,232.673) (446.941,238.458,232.673) (446.941,384.899,232.673) (428.941,364.7,232.673)
  f[1][1] pts=2 (428.941,258.657,232.673) (428.941,364.7,232.673)
joint 45 type=11 v0=26 v1=25 f0_0=2 f1_0=5 name=ss_e_op_1 orient=1 div=1 shift=0.66
  jv[0] pts=5 (162.23,475.125,223.673) (180.541,476.775,223.673) (185.884,459.184,223.673) (167.573,457.533,223.673) (162.23,475.125,223.673)
  jv[1] pts=5 (162.23,475.125,41.0687) (180.541,476.775,41.0687) (185.884,459.184,41.0687) (167.573,457.533,41.0687) (162.23,475.125,41.0687)
  m[0][0] pts=4 (162.23,475.125,162.805) (180.541,476.775,162.805) (180.541,476.775,92.1979) (162.23,475.125,92.1979)
  m[0][1] pts=2 (162.23,475.125,162.805) (162.23,475.125,92.1979)
  f[0][0] pts=4 (185.884,459.184,153.066) (180.541,476.775,162.805) (180.541,476.775,92.1979) (185.884,459.184,101.937)
  f[0][1] pts=2 (185.884,459.184,153.066) (185.884,459.184,101.937)
  m[1][0] pts=4 (167.573,457.533,153.066) (185.884,459.184,153.066) (185.884,459.184,101.937) (167.573,457.533,101.937)
  m[1][1] pts=2 (167.573,457.533,153.066) (167.573,457.533,101.937)
  f[1][0] pts=4 (167.573,457.533,153.066) (162.23,475.125,162.805) (162.23,475.125,92.1979) (167.573,457.533,101.937)
  f[1][1] pts=2 (167.573,457.533,153.066) (167.573,457.533,101.937)
joint 46 type=11 v0=27 v1=25 f0_0=5 f1_0=3 name=ss_e_op_1 orient=1 div=1 shift=0.66
  jv[0] pts=5 (281.825,81.3624,-42.4629) (299.873,83.8787,-42.4629) (294.577,101.314,-42.4629) (276.53,98.7981,-42.4629) (281.825,81.3624,-42.4629)
  jv[1] pts=5 (281.825,81.3624,223.673) (299.873,83.8787,223.673) (294.577,101.314,223.673) (276.53,98.7981,223.673) (281.825,81.3624,223.673)
  m[0][0] pts=4 (281.825,81.3624,46.2491) (299.873,83.8787,46.2491) (299.873,83.8787,149.155) (281.825,81.3624,149.155)
  m[0][1] pts=2 (281.825,81.3624,46.2491) (281.825,81.3624,149.155)
  f[0][0] pts=4 (294.577,101.314,60.4431) (299.873,83.8787,46.2491) (299.873,83.8787,149.155) (294.577,101.314,134.961)
  f[0][1] pts=2 (294.577,101.314,60.4431) (294.577,101.314,134.961)
  m[1][0] pts=4 (276.53,98.7981,60.4431) (294.577,101.314,60.4431) (294.577,101.314,134.961) (276.53,98.7981,134.961)
  m[1][1] pts=2 (276.53,98.7981,60.4431) (276.53,98.7981,134.961)
  f[1][0] pts=4 (276.53,98.7981,60.4431) (281.825,81.3624,46.2491) (281.825,81.3624,149.155) (276.53,98.7981,134.961)
  f[1][1] pts=2 (276.53,98.7981,60.4431) (276.53,98.7981,134.961)
joint 47 type=40 v0=25 v1=33 f0_0=0 f1_0=0 name=tt_e_p_3 orient=0 div=1 shift=45
  jv[0] pts=5 (179.454,480.356,232.673) (299.049,86.5934,232.673) (264.602,76.1313,232.673) (145.007,469.894,232.673) (179.454,480.356,232.673)
  jv[1] pts=5 (179.454,480.356,-43.2583) (299.049,86.5934,-43.2583) (264.602,76.1313,-43.2583) (145.007,469.894,-43.2583) (179.454,480.356,-43.2583)
  m[0][0] pts=2 (268.748,124.42,187.673) (251.525,119.189,187.673)
  m[0][1] pts=2 (268.748,124.42,187.673) (251.525,119.189,187.673)
  m[0][2] pts=2 (245.388,201.332,187.673) (228.165,196.101,187.673)
  m[0][3] pts=2 (245.388,201.332,187.673) (228.165,196.101,187.673)
  m[0][4] pts=2 (222.028,278.244,187.673) (204.805,273.013,187.673)
  m[0][5] pts=2 (222.028,278.244,187.673) (204.805,273.013,187.673)
  m[0][6] pts=2 (198.668,355.155,187.673) (181.445,349.924,187.673)
  m[0][7] pts=2 (198.668,355.155,187.673) (181.445,349.924,187.673)
  m[0][8] pts=2 (175.308,432.067,187.673) (158.085,426.836,187.673)
  m[0][9] pts=2 (175.308,432.067,187.673) (158.085,426.836,187.673)
  m[0][10] pts=2 (175.308,432.067,134.186) (158.085,426.836,134.186)
  m[0][11] pts=2 (175.308,432.067,134.186) (158.085,426.836,134.186)
  m[0][12] pts=2 (175.308,432.067,80.6983) (158.085,426.836,80.6983)
  m[0][13] pts=2 (175.308,432.067,80.6983) (158.085,426.836,80.6983)
  m[0][14] pts=2 (198.52,355.643,63.7116) (181.297,350.412,63.7116)
  m[0][15] pts=2 (198.52,355.643,63.7116) (181.297,350.412,63.7116)
  m[0][16] pts=2 (221.732,279.218,46.725) (204.509,273.987,46.725)
  m[0][17] pts=2 (221.732,279.218,46.725) (204.509,273.987,46.725)
  m[0][18] pts=2 (244.944,202.794,29.7384) (227.721,197.563,29.7384)
  m[0][19] pts=2 (244.944,202.794,29.7384) (227.721,197.563,29.7384)
  m[0][20] pts=2 (268.748,124.42,12.3185) (251.525,119.189,12.3185)
  m[0][21] pts=2 (268.748,124.42,12.3185) (251.525,119.189,12.3185)
  m[0][22] pts=2 (268.748,124.42,99.9958) (251.525,119.189,99.9958)
  m[0][23] pts=2 (268.748,124.42,99.9958) (251.525,119.189,99.9958)
  f[0][0] pts=2 (268.748,124.42,187.673) (285.971,129.651,187.673)
  f[0][1] pts=2 (268.748,124.42,187.673) (285.971,129.651,187.673)
  f[0][2] pts=2 (245.388,201.332,187.673) (262.611,206.563,187.673)
  f[0][3] pts=2 (245.388,201.332,187.673) (262.611,206.563,187.673)
  f[0][4] pts=2 (222.028,278.244,187.673) (239.251,283.475,187.673)
  f[0][5] pts=2 (222.028,278.244,187.673) (239.251,283.475,187.673)
  f[0][6] pts=2 (198.668,355.155,187.673) (215.891,360.386,187.673)
  f[0][7] pts=2 (198.668,355.155,187.673) (215.891,360.386,187.673)
  f[0][8] pts=2 (175.308,432.067,187.673) (192.531,437.298,187.673)
  f[0][9] pts=2 (175.308,432.067,187.673) (192.531,437.298,187.673)
  f[0][10] pts=2 (175.308,432.067,134.186) (192.531,437.298,134.186)
  f[0][11] pts=2 (175.308,432.067,134.186) (192.531,437.298,134.186)
  f[0][12] pts=2 (175.308,432.067,80.6983) (192.531,437.298,80.6983)
  f[0][13] pts=2 (175.308,432.067,80.6983) (192.531,437.298,80.6983)
  f[0][14] pts=2 (198.52,355.643,63.7116) (215.743,360.874,63.7116)
  f[0][15] pts=2 (198.52,355.643,63.7116) (215.743,360.874,63.7116)
  f[0][16] pts=2 (221.732,279.218,46.725) (238.955,284.449,46.725)
  f[0][17] pts=2 (221.732,279.218,46.725) (238.955,284.449,46.725)
  f[0][18] pts=2 (244.944,202.794,29.7384) (262.167,208.025,29.7384)
  f[0][19] pts=2 (244.944,202.794,29.7384) (262.167,208.025,29.7384)
  f[0][20] pts=2 (268.748,124.42,12.3185) (285.971,129.651,12.3185)
  f[0][21] pts=2 (268.748,124.42,12.3185) (285.971,129.651,12.3185)
  f[0][22] pts=2 (268.748,124.42,99.9958) (285.971,129.651,99.9958)
  f[0][23] pts=2 (268.748,124.42,99.9958) (285.971,129.651,99.9958)
  m[1][0] pts=2 (268.748,124.42,187.673) (251.525,119.189,187.673)
  m[1][1] pts=2 (268.748,124.42,187.673) (251.525,119.189,187.673)
  m[1][2] pts=2 (245.388,201.332,187.673) (228.165,196.101,187.673)
  m[1][3] pts=2 (245.388,201.332,187.673) (228.165,196.101,187.673)
  m[1][4] pts=2 (222.028,278.244,187.673) (204.805,273.013,187.673)
  m[1][5] pts=2 (222.028,278.244,187.673) (204.805,273.013,187.673)
  m[1][6] pts=2 (198.668,355.155,187.673) (181.445,349.924,187.673)
  m[1][7] pts=2 (198.668,355.155,187.673) (181.445,349.924,187.673)
  m[1][8] pts=2 (175.308,432.067,187.673) (158.085,426.836,187.673)
  m[1][9] pts=2 (175.308,432.067,187.673) (158.085,426.836,187.673)
  m[1][10] pts=2 (175.308,432.067,134.186) (158.085,426.836,134.186)
  m[1][11] pts=2 (175.308,432.067,134.186) (158.085,426.836,134.186)
  m[1][12] pts=2 (175.308,432.067,80.6983) (158.085,426.836,80.6983)
  m[1][13] pts=2 (175.308,432.067,80.6983) (158.085,426.836,80.6983)
  m[1][14] pts=2 (198.52,355.643,63.7116) (181.297,350.412,63.7116)
  m[1][15] pts=2 (198.52,355.643,63.7116) (181.297,350.412,63.7116)
  m[1][16] pts=2 (221.732,279.218,46.725) (204.509,273.987,46.725)
  m[1][17] pts=2 (221.732,279.218,46.725) (204.509,273.987,46.725)
  m[1][18] pts=2 (244.944,202.794,29.7384) (227.721,197.563,29.7384)
  m[1][19] pts=2 (244.944,202.794,29.7384) (227.721,197.563,29.7384)
  m[1][20] pts=2 (268.748,124.42,12.3185) (251.525,119.189,12.3185)
  m[1][21] pts=2 (268.748,124.42,12.3185) (251.525,119.189,12.3185)
  m[1][22] pts=2 (268.748,124.42,99.9958) (251.525,119.189,99.9958)
  m[1][23] pts=2 (268.748,124.42,99.9958) (251.525,119.189,99.9958)
  f[1][0] pts=2 (268.748,124.42,187.673) (285.971,129.651,187.673)
  f[1][1] pts=2 (268.748,124.42,187.673) (285.971,129.651,187.673)
  f[1][2] pts=2 (245.388,201.332,187.673) (262.611,206.563,187.673)
  f[1][3] pts=2 (245.388,201.332,187.673) (262.611,206.563,187.673)
  f[1][4] pts=2 (222.028,278.244,187.673) (239.251,283.475,187.673)
  f[1][5] pts=2 (222.028,278.244,187.673) (239.251,283.475,187.673)
  f[1][6] pts=2 (198.668,355.155,187.673) (215.891,360.386,187.673)
  f[1][7] pts=2 (198.668,355.155,187.673) (215.891,360.386,187.673)
  f[1][8] pts=2 (175.308,432.067,187.673) (192.531,437.298,187.673)
  f[1][9] pts=2 (175.308,432.067,187.673) (192.531,437.298,187.673)
  f[1][10] pts=2 (175.308,432.067,134.186) (192.531,437.298,134.186)
  f[1][11] pts=2 (175.308,432.067,134.186) (192.531,437.298,134.186)
  f[1][12] pts=2 (175.308,432.067,80.6983) (192.531,437.298,80.6983)
  f[1][13] pts=2 (175.308,432.067,80.6983) (192.531,437.298,80.6983)
  f[1][14] pts=2 (198.52,355.643,63.7116) (215.743,360.874,63.7116)
  f[1][15] pts=2 (198.52,355.643,63.7116) (215.743,360.874,63.7116)
  f[1][16] pts=2 (221.732,279.218,46.725) (238.955,284.449,46.725)
  f[1][17] pts=2 (221.732,279.218,46.725) (238.955,284.449,46.725)
  f[1][18] pts=2 (244.944,202.794,29.7384) (262.167,208.025,29.7384)
  f[1][19] pts=2 (244.944,202.794,29.7384) (262.167,208.025,29.7384)
  f[1][20] pts=2 (268.748,124.42,12.3185) (285.971,129.651,12.3185)
  f[1][21] pts=2 (268.748,124.42,12.3185) (285.971,129.651,12.3185)
  f[1][22] pts=2 (268.748,124.42,99.9958) (285.971,129.651,99.9958)
  f[1][23] pts=2 (268.748,124.42,99.9958) (285.971,129.651,99.9958)
joint 48 type=11 v0=28 v1=26 f0_0=3 f1_0=4 name=ss_e_op_1 orient=1 div=1 shift=0.66
  jv[0] pts=5 (446.941,500.79,223.673) (446.941,482.717,223.673) (428.941,481.094,223.673) (428.941,499.167,223.673) (446.941,500.79,223.673)
  jv[1] pts=5 (446.941,500.79,5.37098) (446.941,482.717,5.37098) (428.941,481.094,5.37098) (428.941,499.167,5.37098) (446.941,500.79,5.37098)
  m[0][0] pts=4 (446.941,500.79,150.906) (446.941,482.717,150.906) (446.941,482.717,66.4956) (446.941,500.79,66.4956)
  m[0][1] pts=2 (446.941,500.79,150.906) (446.941,500.79,66.4956)
  f[0][0] pts=4 (428.941,481.094,139.263) (446.941,482.717,150.906) (446.941,482.717,66.4956) (428.941,481.094,78.1384)
  f[0][1] pts=2 (428.941,481.094,139.263) (428.941,481.094,78.1384)
  m[1][0] pts=4 (428.941,499.167,139.263) (428.941,481.094,139.263) (428.941,481.094,78.1384) (428.941,499.167,78.1384)
  m[1][1] pts=2 (428.941,499.167,139.263) (428.941,499.167,78.1384)
  f[1][0] pts=4 (428.941,499.167,139.263) (446.941,500.79,150.906) (446.941,500.79,66.4956) (428.941,499.167,78.1384)
  f[1][1] pts=2 (428.941,499.167,139.263) (428.941,499.167,78.1384)
joint 49 type=11 v0=28 v1=27 f0_0=5 f1_0=3 name=ss_e_op_1 orient=1 div=1 shift=0.66
  jv[0] pts=5 (446.941,104.384,-61.4179) (446.941,122.558,-61.4179) (428.941,120.049,-61.4179) (428.941,101.874,-61.4179) (446.941,104.384,-61.4179)
  jv[1] pts=5 (446.941,104.384,223.673) (446.941,122.558,223.673) (428.941,120.049,223.673) (428.941,101.874,223.673) (446.941,104.384,223.673)
  m[0][0] pts=4 (446.941,104.384,33.6124) (446.941,122.558,33.6124) (446.941,122.558,143.848) (446.941,104.384,143.848)
  m[0][1] pts=2 (446.941,104.384,33.6124) (446.941,104.384,143.848)
  f[0][0] pts=4 (428.941,120.049,48.8173) (446.941,122.558,33.6124) (446.941,122.558,143.848) (428.941,120.049,128.643)
  f[0][1] pts=2 (428.941,120.049,48.8173) (428.941,120.049,128.643)
  m[1][0] pts=4 (428.941,101.874,48.8173) (428.941,120.049,48.8173) (428.941,120.049,128.643) (428.941,101.874,128.643)
  m[1][1] pts=2 (428.941,101.874,48.8173) (428.941,101.874,128.643)
  f[1][0] pts=4 (428.941,101.874,48.8173) (446.941,104.384,33.6124) (446.941,104.384,143.848) (428.941,101.874,128.643)
  f[1][1] pts=2 (428.941,101.874,48.8173) (428.941,101.874,128.643)
joint 50 type=11 v0=30 v1=29 f0_0=4 f1_0=2 name=ss_e_op_1 orient=1 div=1 shift=0.66
  jv[0] pts=5 (-65.0617,411.449,232.673) (-65.0617,411.449,214.673) (-49.5638,420.604,214.673) (-49.5638,420.604,232.673) (-65.0617,411.449,232.673)
  jv[1] pts=5 (162.554,26.1342,232.673) (162.554,26.1342,214.673) (178.052,35.2892,214.673) (178.052,35.2892,232.673) (162.554,26.1342,232.673)
  m[0][0] pts=4 (10.8102,283.01,232.673) (10.8102,283.01,214.673) (98.8217,134.022,214.673) (98.8217,134.022,232.673)
  m[0][1] pts=2 (10.8102,283.01,232.673) (98.8217,134.022,232.673)
  f[0][0] pts=4 (38.4476,271.615,214.673) (10.8102,283.01,214.673) (98.8217,134.022,214.673) (102.18,163.727,214.673)
  f[0][1] pts=2 (38.4476,271.615,214.673) (102.18,163.727,214.673)
  m[1][0] pts=4 (38.4476,271.615,232.673) (38.4476,271.615,214.673) (102.18,163.727,214.673) (102.18,163.727,232.673)
  m[1][1] pts=2 (38.4476,271.615,232.673) (102.18,163.727,232.673)
  f[1][0] pts=4 (38.4476,271.615,232.673) (10.8102,283.01,232.673) (98.8217,134.022,232.673) (102.18,163.727,232.673)
  f[1][1] pts=2 (38.4476,271.615,232.673) (102.18,163.727,232.673)
joint 51 type=11 v0=31 v1=29 f0_0=3 f1_0=5 name=ss_e_op_1 orient=1 div=1 shift=0.66
  jv[0] pts=5 (154.06,473.269,232.673) (154.06,473.269,214.673) (158.047,455.716,214.673) (158.047,455.716,232.673) (154.06,473.269,232.673)
  jv[1] pts=5 (-59.3063,424.803,232.673) (-59.3063,424.803,214.673) (-55.3192,407.25,214.673) (-55.3192,407.25,232.673) (-59.3063,424.803,232.673)
  m[0][0] pts=4 (82.938,457.113,232.673) (82.938,457.113,214.673) (0.436301,438.373,214.673) (0.436301,438.373,232.673)
  m[0][1] pts=2 (82.938,457.113,232.673) (0.436301,438.373,232.673)
  f[0][0] pts=4 (75.5456,436.976,214.673) (82.938,457.113,214.673) (0.436301,438.373,214.673) (15.803,423.405,214.673)
  f[0][1] pts=2 (75.5456,436.976,214.673) (15.803,423.405,214.673)
  m[1][0] pts=4 (75.5456,436.976,232.673) (75.5456,436.976,214.673) (15.803,423.405,214.673) (15.803,423.405,232.673)
  m[1][1] pts=2 (75.5456,436.976,232.673) (15.803,423.405,232.673)
  f[1][0] pts=4 (75.5456,436.976,232.673) (82.938,457.113,232.673) (0.436301,438.373,232.673) (15.803,423.405,232.673)
  f[1][1] pts=2 (75.5456,436.976,232.673) (15.803,423.405,232.673)
joint 52 type=11 v0=32 v1=29 f0_0=4 f1_0=3 name=ss_e_op_1 orient=1 div=1 shift=0.66
  jv[0] pts=5 (174.617,22.8129,232.673) (174.617,22.8129,214.673) (165.989,38.6105,214.673) (165.989,38.6105,232.673) (174.617,22.8129,232.673)
  jv[1] pts=5 (275.4,77.8533,232.673) (275.4,77.8533,214.673) (266.772,93.6509,214.673) (266.772,93.6509,232.673) (275.4,77.8533,232.673)
  m[0][0] pts=4 (208.211,41.1597,232.673) (208.211,41.1597,214.673) (247.181,62.442,214.673) (247.181,62.442,232.673)
  m[0][1] pts=2 (208.211,41.1597,232.673) (247.181,62.442,232.673)
  f[0][0] pts=4 (204.959,59.8928,214.673) (208.211,41.1597,214.673) (247.181,62.442,214.673) (233.178,75.3041,214.673)
  f[0][1] pts=2 (204.959,59.8928,214.673) (233.178,75.3041,214.673)
  m[1][0] pts=4 (204.959,59.8928,232.673) (204.959,59.8928,214.673) (233.178,75.3041,214.673) (233.178,75.3041,232.673)
  m[1][1] pts=2 (204.959,59.8928,232.673) (233.178,75.3041,232.673)
  f[1][0] pts=4 (204.959,59.8928,232.673) (208.211,41.1597,232.673) (247.181,62.442,232.673) (233.178,75.3041,232.673)
  f[1][1] pts=2 (204.959,59.8928,232.673) (233.178,75.3041,232.673)
joint 53 type=11 v0=33 v1=29 f0_0=4 f1_0=4 name=ss_e_op_1 orient=1 div=1 shift=0.66
  jv[0] pts=5 (279.698,88.3676,232.673) (279.698,88.3676,214.673) (262.475,83.1365,214.673) (262.475,83.1365,232.673) (279.698,88.3676,232.673)
  jv[1] pts=5 (164.665,467.108,232.673) (164.665,467.108,214.673) (147.442,461.877,214.673) (147.442,461.877,232.673) (164.665,467.108,232.673)
  m[0][0] pts=4 (241.354,214.614,232.673) (241.354,214.614,214.673) (196.874,361.061,214.673) (196.874,361.061,232.673)
  m[0][1] pts=2 (241.354,214.614,232.673) (196.874,361.061,232.673)
  f[0][0] pts=4 (217.995,229.583,214.673) (241.354,214.614,214.673) (196.874,361.061,214.673) (185.786,335.63,214.673)
  f[0][1] pts=2 (217.995,229.583,214.673) (185.786,335.63,214.673)
  m[1][0] pts=4 (217.995,229.583,232.673) (217.995,229.583,214.673) (185.786,335.63,214.673) (185.786,335.63,232.673)
  m[1][1] pts=2 (217.995,229.583,232.673) (185.786,335.63,232.673)
  f[1][0] pts=4 (217.995,229.583,232.673) (241.354,214.614,232.673) (196.874,361.061,232.673) (185.786,335.63,232.673)
  f[1][1] pts=2 (217.995,229.583,232.673) (185.786,335.63,232.673)
joint 54 type=11 v0=31 v1=30 f0_0=2 f1_0=5 name=ss_e_op_1 orient=1 div=1 shift=0.66
  jv[0] pts=5 (-71.3361,422.07,223.673) (-52.9034,426.257,223.673) (-43.2895,409.982,223.673) (-61.7221,405.795,223.673) (-71.3361,422.07,223.673)
  jv[1] pts=5 (-71.3361,422.07,63.3684) (-52.9034,426.257,63.3684) (-43.2895,409.982,63.3684) (-61.7221,405.795,63.3684) (-71.3361,422.07,63.3684)
  m[0][0] pts=4 (-71.3361,422.07,170.238) (-52.9034,426.257,170.238) (-52.9034,426.257,108.254) (-71.3361,422.07,108.254)
  m[0][1] pts=2 (-71.3361,422.07,170.238) (-71.3361,422.07,108.254)
  f[0][0] pts=4 (-43.2895,409.982,161.689) (-52.9034,426.257,170.238) (-52.9034,426.257,108.254) (-43.2895,409.982,116.803)
  f[0][1] pts=2 (-43.2895,409.982,161.689) (-43.2895,409.982,116.803)
  m[1][0] pts=4 (-61.7221,405.795,161.689) (-43.2895,409.982,161.689) (-43.2895,409.982,116.803) (-61.7221,405.795,116.803)
  m[1][1] pts=2 (-61.7221,405.795,161.689) (-61.7221,405.795,116.803)
  f[1][0] pts=4 (-61.7221,405.795,161.689) (-71.3361,422.07,170.238) (-71.3361,422.07,108.254) (-61.7221,405.795,116.803)
  f[1][1] pts=2 (-61.7221,405.795,161.689) (-61.7221,405.795,116.803)
joint 55 type=11 v0=32 v1=30 f0_0=5 f1_0=3 name=ss_e_op_1 orient=1 div=1 shift=0.66
  jv[0] pts=5 (166.98,18.6422,-37.2875) (182.786,27.2746,-37.2875) (173.626,42.7813,-37.2875) (157.82,34.1489,-37.2875) (166.98,18.6422,-37.2875)
  jv[1] pts=5 (166.98,18.6422,223.673) (182.786,27.2746,223.673) (173.626,42.7813,223.673) (157.82,34.1489,223.673) (166.98,18.6422,223.673)
  m[0][0] pts=4 (166.98,18.6422,49.6994) (182.786,27.2746,49.6994) (182.786,27.2746,150.604) (166.98,18.6422,150.604)
  m[0][1] pts=2 (166.98,18.6422,49.6994) (166.98,18.6422,150.604)
  f[0][0] pts=4 (173.626,42.7813,63.6173) (182.786,27.2746,49.6994) (182.786,27.2746,150.604) (173.626,42.7813,136.686)
  f[0][1] pts=2 (173.626,42.7813,63.6173) (173.626,42.7813,136.686)
  m[1][0] pts=4 (157.82,34.1489,63.6173) (173.626,42.7813,63.6173) (173.626,42.7813,136.686) (157.82,34.1489,136.686)
  m[1][1] pts=2 (157.82,34.1489,63.6173) (157.82,34.1489,136.686)
  f[1][0] pts=4 (157.82,34.1489,63.6173) (166.98,18.6422,49.6994) (166.98,18.6422,150.604) (157.82,34.1489,136.686)
  f[1][1] pts=2 (157.82,34.1489,63.6173) (157.82,34.1489,136.686)
joint 56 type=40 v0=30 v1=38 f0_0=0 f1_0=0 name=tt_e_p_3 orient=0 div=1 shift=45
  jv[0] pts=5 (-55.8382,431.225,232.673) (182.478,27.7972,232.673) (151.482,9.48711,232.673) (-86.834,412.915,232.673) (-55.8382,431.225,232.673)
  jv[1] pts=5 (-55.8382,431.225,-32.2441) (182.478,27.7972,-32.2441) (151.482,9.48711,-32.2441) (-86.834,412.915,-32.2441) (-55.8382,431.225,-32.2441)
  m[0][0] pts=2 (144.092,57.3869,187.673) (128.594,48.2319,187.673)
  m[0][1] pts=2 (144.092,57.3869,187.673) (128.594,48.2319,187.673)
  m[0][2] pts=2 (95.9571,138.872,187.673) (80.4592,129.716,187.673)
  m[0][3] pts=2 (95.9571,138.872,187.673) (80.4592,129.716,187.673)
  m[0][4] pts=2 (47.8219,220.356,187.673) (32.324,211.201,187.673)
  m[0][5] pts=2 (47.8219,220.356,187.673) (32.324,211.201,187.673)
  m[0][6] pts=2 (-0.313279,301.841,187.673) (-15.8112,292.686,187.673)
  m[0][7] pts=2 (-0.313279,301.841,187.673) (-15.8112,292.686,187.673)
  m[0][8] pts=2 (-48.4485,383.325,187.673) (-63.9464,374.17,187.673)
  m[0][9] pts=2 (-48.4485,383.325,187.673) (-63.9464,374.17,187.673)
  m[0][10] pts=2 (-48.4485,383.325,102.32) (-63.9464,374.17,102.32)
  m[0][11] pts=2 (-48.4485,383.325,102.32) (-63.9464,374.17,102.32)
  m[0][12] pts=2 (-66.453,413.804,110.332) (-81.9509,404.649,110.332)
  m[0][13] pts=2 (-66.453,413.804,110.332) (-81.9509,404.649,110.332)
  m[0][14] pts=2 (-24.3439,342.52,92.9077) (-39.8418,333.365,92.9077)
  m[0][15] pts=2 (-24.3439,342.52,92.9077) (-39.8418,333.365,92.9077)
  m[0][16] pts=2 (17.7651,271.237,75.4838) (2.26722,262.082,75.4838)
  m[0][17] pts=2 (17.7651,271.237,75.4838) (2.26722,262.082,75.4838)
  m[0][18] pts=2 (59.8742,199.954,58.0599) (44.3763,190.799,58.0599)
  m[0][19] pts=2 (59.8742,199.954,58.0599) (44.3763,190.799,58.0599)
  m[0][20] pts=2 (101.983,128.67,40.636) (86.4853,119.515,40.636)
  m[0][21] pts=2 (101.983,128.67,40.636) (86.4853,119.515,40.636)
  m[0][22] pts=2 (144.092,57.3869,23.2121) (128.594,48.2319,23.2121)
  m[0][23] pts=2 (144.092,57.3869,23.2121) (128.594,48.2319,23.2121)
  m[0][24] pts=2 (144.092,57.3869,105.443) (128.594,48.2319,105.443)
  m[0][25] pts=2 (144.092,57.3869,105.443) (128.594,48.2319,105.443)
  f[0][0] pts=2 (144.092,57.3869,187.673) (159.59,66.542,187.673)
  f[0][1] pts=2 (144.092,57.3869,187.673) (159.59,66.542,187.673)
  f[0][2] pts=2 (95.9571,138.872,187.673) (111.455,148.027,187.673)
  f[0][3] pts=2 (95.9571,138.872,187.673) (111.455,148.027,187.673)
  f[0][4] pts=2 (47.8219,220.356,187.673) (63.3198,229.511,187.673)
  f[0][5] pts=2 (47.8219,220.356,187.673) (63.3198,229.511,187.673)
  f[0][6] pts=2 (-0.313279,301.841,187.673) (15.1846,310.996,187.673)
  f[0][7] pts=2 (-0.313279,301.841,187.673) (15.1846,310.996,187.673)
  f[0][8] pts=2 (-48.4485,383.325,187.673) (-32.9505,392.48,187.673)
  f[0][9] pts=2 (-48.4485,383.325,187.673) (-32.9505,392.48,187.673)
  f[0][10] pts=2 (-48.4485,383.325,102.32) (-32.9505,392.48,102.32)
  f[0][11] pts=2 (-48.4485,383.325,102.32) (-32.9505,392.48,102.32)
  f[0][12] pts=2 (-66.453,413.804,110.332) (-50.955,422.959,110.332)
  f[0][13] pts=2 (-66.453,413.804,110.332) (-50.955,422.959,110.332)
  f[0][14] pts=2 (-24.3439,342.52,92.9077) (-8.846,351.675,92.9077)
  f[0][15] pts=2 (-24.3439,342.52,92.9077) (-8.846,351.675,92.9077)
  f[0][16] pts=2 (17.7651,271.237,75.4838) (33.263,280.392,75.4838)
  f[0][17] pts=2 (17.7651,271.237,75.4838) (33.263,280.392,75.4838)
  f[0][18] pts=2 (59.8742,199.954,58.0599) (75.3721,209.109,58.0599)
  f[0][19] pts=2 (59.8742,199.954,58.0599) (75.3721,209.109,58.0599)
  f[0][20] pts=2 (101.983,128.67,40.636) (117.481,137.825,40.636)
  f[0][21] pts=2 (101.983,128.67,40.636) (117.481,137.825,40.636)
  f[0][22] pts=2 (144.092,57.3869,23.2121) (159.59,66.542,23.2121)
  f[0][23] pts=2 (144.092,57.3869,23.2121) (159.59,66.542,23.2121)
  f[0][24] pts=2 (144.092,57.3869,105.443) (159.59,66.542,105.443)
  f[0][25] pts=2 (144.092,57.3869,105.443) (159.59,66.542,105.443)
  m[1][0] pts=2 (144.092,57.3869,187.673) (128.594,48.2319,187.673)
  m[1][1] pts=2 (144.092,57.3869,187.673) (128.594,48.2319,187.673)
  m[1][2] pts=2 (95.9571,138.872,187.673) (80.4592,129.716,187.673)
  m[1][3] pts=2 (95.9571,138.872,187.673) (80.4592,129.716,187.673)
  m[1][4] pts=2 (47.8219,220.356,187.673) (32.324,211.201,187.673)
  m[1][5] pts=2 (47.8219,220.356,187.673) (32.324,211.201,187.673)
  m[1][6] pts=2 (-0.313279,301.841,187.673) (-15.8112,292.686,187.673)
  m[1][7] pts=2 (-0.313279,301.841,187.673) (-15.8112,292.686,187.673)
  m[1][8] pts=2 (-48.4485,383.325,187.673) (-63.9464,374.17,187.673)
  m[1][9] pts=2 (-48.4485,383.325,187.673) (-63.9464,374.17,187.673)
  m[1][10] pts=2 (-48.4485,383.325,102.32) (-63.9464,374.17,102.32)
  m[1][11] pts=2 (-48.4485,383.325,102.32) (-63.9464,374.17,102.32)
  m[1][12] pts=2 (-66.453,413.804,110.332) (-81.9509,404.649,110.332)
  m[1][13] pts=2 (-66.453,413.804,110.332) (-81.9509,404.649,110.332)
  m[1][14] pts=2 (-24.3439,342.52,92.9077) (-39.8418,333.365,92.9077)
  m[1][15] pts=2 (-24.3439,342.52,92.9077) (-39.8418,333.365,92.9077)
  m[1][16] pts=2 (17.7651,271.237,75.4838) (2.26722,262.082,75.4838)
  m[1][17] pts=2 (17.7651,271.237,75.4838) (2.26722,262.082,75.4838)
  m[1][18] pts=2 (59.8742,199.954,58.0599) (44.3763,190.799,58.0599)
  m[1][19] pts=2 (59.8742,199.954,58.0599) (44.3763,190.799,58.0599)
  m[1][20] pts=2 (101.983,128.67,40.636) (86.4853,119.515,40.636)
  m[1][21] pts=2 (101.983,128.67,40.636) (86.4853,119.515,40.636)
  m[1][22] pts=2 (144.092,57.3869,23.2121) (128.594,48.2319,23.2121)
  m[1][23] pts=2 (144.092,57.3869,23.2121) (128.594,48.2319,23.2121)
  m[1][24] pts=2 (144.092,57.3869,105.443) (128.594,48.2319,105.443)
  m[1][25] pts=2 (144.092,57.3869,105.443) (128.594,48.2319,105.443)
  f[1][0] pts=2 (144.092,57.3869,187.673) (159.59,66.542,187.673)
  f[1][1] pts=2 (144.092,57.3869,187.673) (159.59,66.542,187.673)
  f[1][2] pts=2 (95.9571,138.872,187.673) (111.455,148.027,187.673)
  f[1][3] pts=2 (95.9571,138.872,187.673) (111.455,148.027,187.673)
  f[1][4] pts=2 (47.8219,220.356,187.673) (63.3198,229.511,187.673)
  f[1][5] pts=2 (47.8219,220.356,187.673) (63.3198,229.511,187.673)
  f[1][6] pts=2 (-0.313279,301.841,187.673) (15.1846,310.996,187.673)
  f[1][7] pts=2 (-0.313279,301.841,187.673) (15.1846,310.996,187.673)
  f[1][8] pts=2 (-48.4485,383.325,187.673) (-32.9505,392.48,187.673)
  f[1][9] pts=2 (-48.4485,383.325,187.673) (-32.9505,392.48,187.673)
  f[1][10] pts=2 (-48.4485,383.325,102.32) (-32.9505,392.48,102.32)
  f[1][11] pts=2 (-48.4485,383.325,102.32) (-32.9505,392.48,102.32)
  f[1][12] pts=2 (-66.453,413.804,110.332) (-50.955,422.959,110.332)
  f[1][13] pts=2 (-66.453,413.804,110.332) (-50.955,422.959,110.332)
  f[1][14] pts=2 (-24.3439,342.52,92.9077) (-8.846,351.675,92.9077)
  f[1][15] pts=2 (-24.3439,342.52,92.9077) (-8.846,351.675,92.9077)
  f[1][16] pts=2 (17.7651,271.237,75.4838) (33.263,280.392,75.4838)
  f[1][17] pts=2 (17.7651,271.237,75.4838) (33.263,280.392,75.4838)
  f[1][18] pts=2 (59.8742,199.954,58.0599) (75.3721,209.109,58.0599)
  f[1][19] pts=2 (59.8742,199.954,58.0599) (75.3721,209.109,58.0599)
  f[1][20] pts=2 (101.983,128.67,40.636) (117.481,137.825,40.636)
  f[1][21] pts=2 (101.983,128.67,40.636) (117.481,137.825,40.636)
  f[1][22] pts=2 (144.092,57.3869,23.2121) (159.59,66.542,23.2121)
  f[1][23] pts=2 (144.092,57.3869,23.2121) (159.59,66.542,23.2121)
  f[1][24] pts=2 (144.092,57.3869,105.443) (159.59,66.542,105.443)
  f[1][25] pts=2 (144.092,57.3869,105.443) (159.59,66.542,105.443)
joint 57 type=11 v0=33 v1=31 f0_0=3 f1_0=4 name=ss_e_op_1 orient=1 div=1 shift=0.66
  jv[0] pts=5 (162.23,475.125,223.673) (167.475,457.858,223.673) (149.877,453.86,223.673) (144.633,471.127,223.673) (162.23,475.125,223.673)
  jv[1] pts=5 (162.23,475.125,43.1759) (167.475,457.858,43.1759) (149.877,453.86,43.1759) (144.633,471.127,43.1759) (162.23,475.125,43.1759)
  m[0][0] pts=4 (162.23,475.125,163.507) (167.475,457.858,163.507) (167.475,457.858,93.7151) (162.23,475.125,93.7151)
  m[0][1] pts=2 (162.23,475.125,163.507) (162.23,475.125,93.7151)
  f[0][0] pts=4 (149.877,453.86,153.881) (167.475,457.858,163.507) (167.475,457.858,93.7151) (149.877,453.86,103.342)
  f[0][1] pts=2 (149.877,453.86,153.881) (149.877,453.86,103.342)
  m[1][0] pts=4 (144.633,471.127,153.881) (149.877,453.86,153.881) (149.877,453.86,103.342) (144.633,471.127,103.342)
  m[1][1] pts=2 (144.633,471.127,153.881) (144.633,471.127,103.342)
  f[1][0] pts=4 (144.633,471.127,153.881) (162.23,475.125,163.507) (162.23,475.125,93.7151) (144.633,471.127,103.342)
  f[1][1] pts=2 (144.633,471.127,153.881) (144.633,471.127,103.342)
joint 58 type=11 v0=33 v1=32 f0_0=5 f1_0=3 name=ss_e_op_1 orient=1 div=1 shift=0.66
  jv[0] pts=5 (281.825,81.3624,-41.0056) (276.482,98.9538,-41.0056) (260.347,90.1418,-41.0056) (265.69,72.5503,-41.0056) (281.825,81.3624,-41.0056)
  jv[1] pts=5 (281.825,81.3624,223.673) (276.482,98.9538,223.673) (260.347,90.1418,223.673) (265.69,72.5503,223.673) (281.825,81.3624,223.673)
  m[0][0] pts=4 (281.825,81.3624,47.2206) (276.482,98.9538,47.2206) (276.482,98.9538,149.563) (281.825,81.3624,149.563)
  m[0][1] pts=2 (281.825,81.3624,47.2206) (281.825,81.3624,149.563)
  f[0][0] pts=4 (260.347,90.1418,61.3368) (276.482,98.9538,47.2206) (276.482,98.9538,149.563) (260.347,90.1418,135.447)
  f[0][1] pts=2 (260.347,90.1418,61.3368) (260.347,90.1418,135.447)
  m[1][0] pts=4 (265.69,72.5503,61.3368) (260.347,90.1418,61.3368) (260.347,90.1418,135.447) (265.69,72.5503,135.447)
  m[1][1] pts=2 (265.69,72.5503,61.3368) (265.69,72.5503,135.447)
  f[1][0] pts=4 (265.69,72.5503,61.3368) (281.825,81.3624,47.2206) (281.825,81.3624,149.563) (265.69,72.5503,135.447)
  f[1][1] pts=2 (265.69,72.5503,61.3368) (265.69,72.5503,135.447)
joint 59 type=11 v0=35 v1=34 f0_0=4 f1_0=2 name=ss_e_op_1 orient=1 div=1 shift=0.66
  jv[0] pts=5 (-234.806,259.896,232.673) (-234.806,259.896,214.673) (-221.402,271.909,214.673) (-221.402,271.909,232.673) (-234.806,259.896,232.673)
  jv[1] pts=5 (58.8271,-67.7378,232.673) (58.8271,-67.7378,214.673) (72.2315,-55.7245,214.673) (72.2315,-55.7245,232.673) (58.8271,-67.7378,232.673)
  m[0][0] pts=4 (-136.928,150.685,232.673) (-136.928,150.685,214.673) (-23.3902,23.9996,214.673) (-23.3902,23.9996,232.673)
  m[0][1] pts=2 (-136.928,150.685,232.673) (-23.3902,23.9996,232.673)
  f[0][0] pts=4 (-107.864,145.224,214.673) (-136.928,150.685,214.673) (-23.3902,23.9996,214.673) (-25.6462,53.4868,214.673)
  f[0][1] pts=2 (-107.864,145.224,214.673) (-25.6462,53.4868,214.673)
  m[1][0] pts=4 (-107.864,145.224,232.673) (-107.864,145.224,214.673) (-25.6462,53.4868,214.673) (-25.6462,53.4868,232.673)
  m[1][1] pts=2 (-107.864,145.224,232.673) (-25.6462,53.4868,232.673)
  f[1][0] pts=4 (-107.864,145.224,232.673) (-136.928,150.685,232.673) (-23.3902,23.9996,232.673) (-25.6462,53.4868,232.673)
  f[1][1] pts=2 (-107.864,145.224,232.673) (-25.6462,53.4868,232.673)
joint 60 type=11 v0=36 v1=34 f0_0=3 f1_0=5 name=ss_e_op_1 orient=1 div=1 shift=0.66
  jv[0] pts=5 (-79.5207,414.555,232.673) (-79.5207,414.555,214.673) (-67.3464,401.296,214.673) (-67.3464,401.296,232.673) (-79.5207,414.555,232.673)
  jv[1] pts=5 (-234.191,272.532,232.673) (-234.191,272.532,214.673) (-222.017,259.273,214.673) (-222.017,259.273,232.673) (-234.191,272.532,232.673)
  m[0][0] pts=4 (-131.077,367.214,232.673) (-131.077,367.214,214.673) (-190.883,312.298,214.673) (-190.883,312.298,232.673)
  m[0][1] pts=2 (-131.077,367.214,232.673) (-190.883,312.298,232.673)
  f[0][0] pts=4 (-127.152,346.381,214.673) (-131.077,367.214,214.673) (-190.883,312.298,214.673) (-170.46,306.614,214.673)
  f[0][1] pts=2 (-127.152,346.381,214.673) (-170.46,306.614,214.673)
  m[1][0] pts=4 (-127.152,346.381,232.673) (-127.152,346.381,214.673) (-170.46,306.614,214.673) (-170.46,306.614,232.673)
  m[1][1] pts=2 (-127.152,346.381,232.673) (-170.46,306.614,232.673)
  f[1][0] pts=4 (-127.152,346.381,232.673) (-131.077,367.214,232.673) (-190.883,312.298,232.673) (-170.46,306.614,232.673)
  f[1][1] pts=2 (-127.152,346.381,232.673) (-170.46,306.614,232.673)
joint 61 type=11 v0=37 v1=34 f0_0=4 f1_0=3 name=ss_e_op_1 orient=1 div=1 shift=0.66
  jv[0] pts=5 (71.5951,-68.3799,232.673) (71.5951,-68.3799,214.673) (59.4635,-55.0824,214.673) (59.4635,-55.0824,232.673) (71.5951,-68.3799,232.673)
  jv[1] pts=5 (161.577,13.7129,232.673) (161.577,13.7129,214.673) (149.445,27.0104,214.673) (149.445,27.0104,232.673) (161.577,13.7129,232.673)
  m[0][0] pts=4 (101.589,-41.0156,232.673) (101.589,-41.0156,214.673) (136.382,-9.27308,214.673) (136.382,-9.27308,232.673)
  m[0][1] pts=2 (101.589,-41.0156,232.673) (136.382,-9.27308,232.673)
  f[0][0] pts=4 (94.2564,-23.3399,214.673) (101.589,-41.0156,214.673) (136.382,-9.27308,214.673) (119.451,-0.353881,214.673)
  f[0][1] pts=2 (94.2564,-23.3399,214.673) (119.451,-0.353881,214.673)
  m[1][0] pts=4 (94.2564,-23.3399,232.673) (94.2564,-23.3399,214.673) (119.451,-0.353881,214.673) (119.451,-0.353881,232.673)
  m[1][1] pts=2 (94.2564,-23.3399,232.673) (119.451,-0.353881,232.673)
  f[1][0] pts=4 (94.2564,-23.3399,232.673) (101.589,-41.0156,232.673) (136.382,-9.27308,232.673) (119.451,-0.353881,232.673)
  f[1][1] pts=2 (94.2564,-23.3399,232.673) (119.451,-0.353881,232.673)
joint 62 type=11 v0=38 v1=34 f0_0=4 f1_0=4 name=ss_e_op_1 orient=1 div=1 shift=0.66
  jv[0] pts=5 (163.26,24.9392,232.673) (163.26,24.9392,214.673) (147.762,15.7841,214.673) (147.762,15.7841,232.673) (163.26,24.9392,232.673)
  jv[1] pts=5 (-65.6846,412.503,232.673) (-65.6846,412.503,214.673) (-81.1825,403.348,214.673) (-81.1825,403.348,232.673) (-65.6846,412.503,232.673)
  m[0][0] pts=4 (86.9452,154.127,232.673) (86.9452,154.127,214.673) (-1.58007,303.985,214.673) (-1.58007,303.985,232.673)
  m[0][1] pts=2 (86.9452,154.127,232.673) (-1.58007,303.985,232.673)
  f[0][0] pts=4 (59.2369,165.642,214.673) (86.9452,154.127,214.673) (-1.58007,303.985,214.673) (-4.8676,274.16,214.673)
  f[0][1] pts=2 (59.2369,165.642,214.673) (-4.8676,274.16,214.673)
  m[1][0] pts=4 (59.2369,165.642,232.673) (59.2369,165.642,214.673) (-4.8676,274.16,214.673) (-4.8676,274.16,232.673)
  m[1][1] pts=2 (59.2369,165.642,232.673) (-4.8676,274.16,232.673)
  f[1][0] pts=4 (59.2369,165.642,232.673) (86.9452,154.127,232.673) (-1.58007,303.985,232.673) (-4.8676,274.16,232.673)
  f[1][1] pts=2 (59.2369,165.642,232.673) (-4.8676,274.16,232.673)
joint 63 type=11 v0=36 v1=35 f0_0=2 f1_0=5 name=ss_e_op_1 orient=1 div=1 shift=0.66
  jv[0] pts=5 (-240.741,266.518,223.673) (-227.481,278.693,223.673) (-215.467,265.288,223.673) (-228.727,253.112,223.673) (-240.741,266.518,223.673)
  jv[1] pts=5 (-240.741,266.518,68.4126) (-227.481,278.693,68.4126) (-215.467,265.288,68.4126) (-228.727,253.112,68.4126) (-240.741,266.518,68.4126)
  m[0][0] pts=4 (-240.741,266.518,171.92) (-227.481,278.693,171.92) (-227.481,278.693,111.886) (-240.741,266.518,111.886)
  m[0][1] pts=2 (-240.741,266.518,171.92) (-240.741,266.518,111.886)
  f[0][0] pts=4 (-215.467,265.288,163.639) (-227.481,278.693,171.92) (-227.481,278.693,111.886) (-215.467,265.288,120.166)
  f[0][1] pts=2 (-215.467,265.288,163.639) (-215.467,265.288,120.166)
  m[1][0] pts=4 (-228.727,253.112,163.639) (-215.467,265.288,163.639) (-215.467,265.288,120.166) (-228.727,253.112,120.166)
  m[1][1] pts=2 (-228.727,253.112,163.639) (-228.727,253.112,120.166)
  f[1][0] pts=4 (-228.727,253.112,163.639) (-240.741,266.518,171.92) (-240.741,266.518,111.886) (-228.727,253.112,120.166)
  f[1][1] pts=2 (-228.727,253.112,163.639) (-228.727,253.112,120.166)
joint 64 type=11 v0=37 v1=35 f0_0=5 f1_0=3 name=ss_e_op_1 orient=1 div=1 shift=0.66
  jv[0] pts=5 (64.8872,-74.4997,-27.8368) (78.1852,-62.3676,-27.8368) (66.1714,-48.9626,-27.8368) (52.8734,-61.0947,-27.8368) (64.8872,-74.4997,-27.8368)
  jv[1] pts=5 (64.8872,-74.4997,223.673) (78.1852,-62.3676,223.673) (66.1714,-48.9626,223.673) (52.8734,-61.0947,223.673) (64.8872,-74.4997,223.673)
  m[0][0] pts=4 (64.8872,-74.4997,55.9999) (78.1852,-62.3676,55.9999) (78.1852,-62.3676,153.25) (64.8872,-74.4997,153.25)
  m[0][1] pts=2 (64.8872,-74.4997,55.9999) (64.8872,-74.4997,153.25)
  f[0][0] pts=4 (66.1714,-48.9626,69.4137) (78.1852,-62.3676,55.9999) (78.1852,-62.3676,153.25) (66.1714,-48.9626,139.837)
  f[0][1] pts=2 (66.1714,-48.9626,69.4137) (66.1714,-48.9626,139.837)
  m[1][0] pts=4 (52.8734,-61.0947,69.4137) (66.1714,-48.9626,69.4137) (66.1714,-48.9626,139.837) (52.8734,-61.0947,139.837)
  m[1][1] pts=2 (52.8734,-61.0947,69.4137) (52.8734,-61.0947,139.837)
  f[1][0] pts=4 (52.8734,-61.0947,69.4137) (64.8872,-74.4997,55.9999) (64.8872,-74.4997,153.25) (52.8734,-61.0947,139.837)
  f[1][1] pts=2 (52.8734,-61.0947,69.4137) (52.8734,-61.0947,139.837)
joint 65 type=40 v0=35 v1=43 f0_0=0 f1_0=0 name=tt_e_p_3 orient=0 div=1 shift=45
  jv[0] pts=5 (-227.336,278.531,232.673) (78.2916,-62.4863,232.673) (51.4828,-86.5131,232.673) (-254.145,254.504,232.673) (-227.336,278.531,232.673)
  jv[1] pts=5 (-227.336,278.531,-29.6359) (78.2916,-62.4863,-29.6359) (51.4828,-86.5131,-29.6359) (-254.145,254.504,-29.6359) (-227.336,278.531,-29.6359)
  m[0][0] pts=2 (34.8538,-40.9886,187.673) (21.4493,-53.002,187.673)
  m[0][1] pts=2 (34.8538,-40.9886,187.673) (21.4493,-53.002,187.673)
  m[0][2] pts=2 (-26.5365,27.5102,187.673) (-39.9409,15.4968,187.673)
  m[0][3] pts=2 (-26.5365,27.5102,187.673) (-39.9409,15.4968,187.673)
  m[0][4] pts=2 (-87.9268,96.009,187.673) (-101.331,83.9957,187.673)
  m[0][5] pts=2 (-87.9268,96.009,187.673) (-101.331,83.9957,187.673)
  m[0][6] pts=2 (-149.317,164.508,187.673) (-162.722,152.494,187.673)
  m[0][7] pts=2 (-149.317,164.508,187.673) (-162.722,152.494,187.673)
  m[0][8] pts=2 (-210.707,233.007,187.673) (-224.112,220.993,187.673)
  m[0][9] pts=2 (-210.707,233.007,187.673) (-224.112,220.993,187.673)
  m[0][10] pts=2 (-210.707,233.007,106.765) (-224.112,220.993,106.765)
  m[0][11] pts=2 (-210.707,233.007,106.765) (-224.112,220.993,106.765)
  m[0][12] pts=2 (-177.829,196.322,95.9879) (-191.234,184.308,95.9879)
  m[0][13] pts=2 (-177.829,196.322,95.9879) (-191.234,184.308,95.9879)
  m[0][14] pts=2 (-144.951,159.637,85.2108) (-158.356,147.623,85.2108)
  m[0][15] pts=2 (-144.951,159.637,85.2108) (-158.356,147.623,85.2108)
  m[0][16] pts=2 (-85.0163,92.7615,65.5649) (-98.4207,80.7481,65.5649)
  m[0][17] pts=2 (-85.0163,92.7615,65.5649) (-98.4207,80.7481,65.5649)
  m[0][18] pts=2 (-25.0812,25.8864,45.9189) (-38.4857,13.8731,45.9189)
  m[0][19] pts=2 (-25.0812,25.8864,45.9189) (-38.4857,13.8731,45.9189)
  m[0][20] pts=2 (34.8538,-40.9886,26.273) (21.4493,-53.002,26.273)
  m[0][21] pts=2 (34.8538,-40.9886,26.273) (21.4493,-53.002,26.273)
  m[0][22] pts=2 (34.8538,-40.9886,106.973) (21.4493,-53.002,106.973)
  m[0][23] pts=2 (34.8538,-40.9886,106.973) (21.4493,-53.002,106.973)
  f[0][0] pts=2 (34.8538,-40.9886,187.673) (48.2582,-28.9752,187.673)
  f[0][1] pts=2 (34.8538,-40.9886,187.673) (48.2582,-28.9752,187.673)
  f[0][2] pts=2 (-26.5365,27.5102,187.673) (-13.1321,39.5236,187.673)
  f[0][3] pts=2 (-26.5365,27.5102,187.673) (-13.1321,39.5236,187.673)
  f[0][4] pts=2 (-87.9268,96.009,187.673) (-74.5224,108.022,187.673)
  f[0][5] pts=2 (-87.9268,96.009,187.673) (-74.5224,108.022,187.673)
  f[0][6] pts=2 (-149.317,164.508,187.673) (-135.913,176.521,187.673)
  f[0][7] pts=2 (-149.317,164.508,187.673) (-135.913,176.521,187.673)
  f[0][8] pts=2 (-210.707,233.007,187.673) (-197.303,245.02,187.673)
  f[0][9] pts=2 (-210.707,233.007,187.673) (-197.303,245.02,187.673)
  f[0][10] pts=2 (-210.707,233.007,106.765) (-197.303,245.02,106.765)
  f[0][11] pts=2 (-210.707,233.007,106.765) (-197.303,245.02,106.765)
  f[0][12] pts=2 (-177.829,196.322,95.9879) (-164.425,208.335,95.9879)
  f[0][13] pts=2 (-177.829,196.322,95.9879) (-164.425,208.335,95.9879)
  f[0][14] pts=2 (-144.951,159.637,85.2108) (-131.547,171.65,85.2108)
  f[0][15] pts=2 (-144.951,159.637,85.2108) (-131.547,171.65,85.2108)
  f[0][16] pts=2 (-85.0163,92.7615,65.5649) (-71.6118,104.775,65.5649)
  f[0][17] pts=2 (-85.0163,92.7615,65.5649) (-71.6118,104.775,65.5649)
  f[0][18] pts=2 (-25.0812,25.8864,45.9189) (-11.6768,37.8998,45.9189)
  f[0][19] pts=2 (-25.0812,25.8864,45.9189) (-11.6768,37.8998,45.9189)
  f[0][20] pts=2 (34.8538,-40.9886,26.273) (48.2582,-28.9752,26.273)
  f[0][21] pts=2 (34.8538,-40.9886,26.273) (48.2582,-28.9752,26.273)
  f[0][22] pts=2 (34.8538,-40.9886,106.973) (48.2582,-28.9752,106.973)
  f[0][23] pts=2 (34.8538,-40.9886,106.973) (48.2582,-28.9752,106.973)
  m[1][0] pts=2 (34.8538,-40.9886,187.673) (21.4493,-53.002,187.673)
  m[1][1] pts=2 (34.8538,-40.9886,187.673) (21.4493,-53.002,187.673)
  m[1][2] pts=2 (-26.5365,27.5102,187.673) (-39.9409,15.4968,187.673)
  m[1][3] pts=2 (-26.5365,27.5102,187.673) (-39.9409,15.4968,187.673)
  m[1][4] pts=2 (-87.9268,96.009,187.673) (-101.331,83.9957,187.673)
  m[1][5] pts=2 (-87.9268,96.009,187.673) (-101.331,83.9957,187.673)
  m[1][6] pts=2 (-149.317,164.508,187.673) (-162.722,152.494,187.673)
  m[1][7] pts=2 (-149.317,164.508,187.673) (-162.722,152.494,187.673)
  m[1][8] pts=2 (-210.707,233.007,187.673) (-224.112,220.993,187.673)
  m[1][9] pts=2 (-210.707,233.007,187.673) (-224.112,220.993,187.673)
  m[1][10] pts=2 (-210.707,233.007,106.765) (-224.112,220.993,106.765)
  m[1][11] pts=2 (-210.707,233.007,106.765) (-224.112,220.993,106.765)
  m[1][12] pts=2 (-177.829,196.322,95.9879) (-191.234,184.308,95.9879)
  m[1][13] pts=2 (-177.829,196.322,95.9879) (-191.234,184.308,95.9879)
  m[1][14] pts=2 (-144.951,159.637,85.2108) (-158.356,147.623,85.2108)
  m[1][15] pts=2 (-144.951,159.637,85.2108) (-158.356,147.623,85.2108)
  m[1][16] pts=2 (-85.0163,92.7615,65.5649) (-98.4207,80.7481,65.5649)
  m[1][17] pts=2 (-85.0163,92.7615,65.5649) (-98.4207,80.7481,65.5649)
  m[1][18] pts=2 (-25.0812,25.8864,45.9189) (-38.4857,13.8731,45.9189)
  m[1][19] pts=2 (-25.0812,25.8864,45.9189) (-38.4857,13.8731,45.9189)
  m[1][20] pts=2 (34.8538,-40.9886,26.273) (21.4493,-53.002,26.273)
  m[1][21] pts=2 (34.8538,-40.9886,26.273) (21.4493,-53.002,26.273)
  m[1][22] pts=2 (34.8538,-40.9886,106.973) (21.4493,-53.002,106.973)
  m[1][23] pts=2 (34.8538,-40.9886,106.973) (21.4493,-53.002,106.973)
  f[1][0] pts=2 (34.8538,-40.9886,187.673) (48.2582,-28.9752,187.673)
  f[1][1] pts=2 (34.8538,-40.9886,187.673) (48.2582,-28.9752,187.673)
  f[1][2] pts=2 (-26.5365,27.5102,187.673) (-13.1321,39.5236,187.673)
  f[1][3] pts=2 (-26.5365,27.5102,187.673) (-13.1321,39.5236,187.673)
  f[1][4] pts=2 (-87.9268,96.009,187.673) (-74.5224,108.022,187.673)
  f[1][5] pts=2 (-87.9268,96.009,187.673) (-74.5224,108.022,187.673)
  f[1][6] pts=2 (-149.317,164.508,187.673) (-135.913,176.521,187.673)
  f[1][7] pts=2 (-149.317,164.508,187.673) (-135.913,176.521,187.673)
  f[1][8] pts=2 (-210.707,233.007,187.673) (-197.303,245.02,187.673)
  f[1][9] pts=2 (-210.707,233.007,187.673) (-197.303,245.02,187.673)
  f[1][10] pts=2 (-210.707,233.007,106.765) (-197.303,245.02,106.765)
  f[1][11] pts=2 (-210.707,233.007,106.765) (-197.303,245.02,106.765)
  f[1][12] pts=2 (-177.829,196.322,95.9879) (-164.425,208.335,95.9879)
  f[1][13] pts=2 (-177.829,196.322,95.9879) (-164.425,208.335,95.9879)
  f[1][14] pts=2 (-144.951,159.637,85.2108) (-131.547,171.65,85.2108)
  f[1][15] pts=2 (-144.951,159.637,85.2108) (-131.547,171.65,85.2108)
  f[1][16] pts=2 (-85.0163,92.7615,65.5649) (-71.6118,104.775,65.5649)
  f[1][17] pts=2 (-85.0163,92.7615,65.5649) (-71.6118,104.775,65.5649)
  f[1][18] pts=2 (-25.0812,25.8864,45.9189) (-11.6768,37.8998,45.9189)
  f[1][19] pts=2 (-25.0812,25.8864,45.9189) (-11.6768,37.8998,45.9189)
  f[1][20] pts=2 (34.8538,-40.9886,26.273) (48.2582,-28.9752,26.273)
  f[1][21] pts=2 (34.8538,-40.9886,26.273) (48.2582,-28.9752,26.273)
  f[1][22] pts=2 (34.8538,-40.9886,106.973) (48.2582,-28.9752,106.973)
  f[1][23] pts=2 (34.8538,-40.9886,106.973) (48.2582,-28.9752,106.973)
joint 66 type=11 v0=38 v1=36 f0_0=3 f1_0=4 name=ss_e_op_1 orient=1 div=1 shift=0.66
  jv[0] pts=5 (-71.3361,422.07,223.673) (-61.9769,406.227,223.673) (-75.531,393.781,223.673) (-84.8901,409.624,223.673) (-71.3361,422.07,223.673)
  jv[1] pts=5 (-71.3361,422.07,64.5972) (-61.9769,406.227,64.5972) (-75.531,393.781,64.5972) (-84.8901,409.624,64.5972) (-71.3361,422.07,64.5972)
  m[0][0] pts=4 (-71.3361,422.07,170.648) (-61.9769,406.227,170.648) (-61.9769,406.227,109.138) (-71.3361,422.07,109.138)
  m[0][1] pts=2 (-71.3361,422.07,170.648) (-71.3361,422.07,109.138)
  f[0][0] pts=4 (-75.531,393.781,162.164) (-61.9769,406.227,170.648) (-61.9769,406.227,109.138) (-75.531,393.781,117.623)
  f[0][1] pts=2 (-75.531,393.781,162.164) (-75.531,393.781,117.623)
  m[1][0] pts=4 (-84.8901,409.624,162.164) (-75.531,393.781,162.164) (-75.531,393.781,117.623) (-84.8901,409.624,117.623)
  m[1][1] pts=2 (-84.8901,409.624,162.164) (-84.8901,409.624,117.623)
  f[1][0] pts=4 (-84.8901,409.624,162.164) (-71.3361,422.07,170.648) (-71.3361,422.07,109.138) (-84.8901,409.624,117.623)
  f[1][1] pts=2 (-84.8901,409.624,162.164) (-84.8901,409.624,117.623)
joint 67 type=11 v0=38 v1=37 f0_0=5 f1_0=3 name=ss_e_op_1 orient=1 div=1 shift=0.66
  jv[0] pts=5 (166.98,18.6422,-30.1356) (157.627,34.4748,-30.1356) (144.042,22.0811,-30.1356) (153.395,6.24844,-30.1356) (166.98,18.6422,-30.1356)
  jv[1] pts=5 (166.98,18.6422,223.673) (157.627,34.4748,223.673) (144.042,22.0811,223.673) (153.395,6.24844,223.673) (166.98,18.6422,223.673)
  m[0][0] pts=4 (166.98,18.6422,54.4673) (157.627,34.4748,54.4673) (157.627,34.4748,152.607) (166.98,18.6422,152.607)
  m[0][1] pts=2 (166.98,18.6422,54.4673) (166.98,18.6422,152.607)
  f[0][0] pts=4 (144.042,22.0811,68.0038) (157.627,34.4748,54.4673) (157.627,34.4748,152.607) (144.042,22.0811,139.07)
  f[0][1] pts=2 (144.042,22.0811,68.0038) (144.042,22.0811,139.07)
  m[1][0] pts=4 (153.395,6.24844,68.0038) (144.042,22.0811,68.0038) (144.042,22.0811,139.07) (153.395,6.24844,139.07)
  m[1][1] pts=2 (153.395,6.24844,68.0038) (153.395,6.24844,139.07)
  f[1][0] pts=4 (153.395,6.24844,68.0038) (166.98,18.6422,54.4673) (166.98,18.6422,152.607) (153.395,6.24844,139.07)
  f[1][1] pts=2 (153.395,6.24844,68.0038) (153.395,6.24844,139.07)
joint 68 type=11 v0=40 v1=39 f0_0=4 f1_0=2 name=ss_e_op_1 orient=1 div=1 shift=0.66
  jv[0] pts=5 (-372.892,72.1581,232.673) (-372.892,72.1581,214.673) (-362.227,86.6588,214.673) (-362.227,86.6588,232.673) (-372.892,72.1581,232.673)
  jv[1] pts=5 (-25.8503,-183.071,232.673) (-25.8503,-183.071,214.673) (-15.1859,-168.57,214.673) (-15.1859,-168.57,232.673) (-25.8503,-183.071,232.673)
  m[0][0] pts=4 (-257.211,-12.9182,232.673) (-257.211,-12.9182,214.673) (-123.022,-111.607,214.673) (-123.022,-111.607,232.673)
  m[0][1] pts=2 (-257.211,-12.9182,232.673) (-123.022,-111.607,232.673)
  f[0][0] pts=4 (-228.038,-12.0297,214.673) (-257.211,-12.9182,214.673) (-123.022,-111.607,214.673) (-130.866,-83.4939,214.673)
  f[0][1] pts=2 (-228.038,-12.0297,214.673) (-130.866,-83.4939,214.673)
  m[1][0] pts=4 (-228.038,-12.0297,232.673) (-228.038,-12.0297,214.673) (-130.866,-83.4939,214.673) (-130.866,-83.4939,232.673)
  m[1][1] pts=2 (-228.038,-12.0297,232.673) (-130.866,-83.4939,232.673)
  f[1][0] pts=4 (-228.038,-12.0297,232.673) (-257.211,-12.9182,232.673) (-123.022,-111.607,232.673) (-130.866,-83.4939,232.673)
  f[1][1] pts=2 (-228.038,-12.0297,232.673) (-130.866,-83.4939,232.673)
joint 69 type=11 v0=41 v1=39 f0_0=3 f1_0=5 name=ss_e_op_1 orient=1 div=1 shift=0.66
  jv[0] pts=5 (-247.305,257.618,232.673) (-247.305,257.618,214.673) (-232.819,246.933,214.673) (-232.819,246.933,232.673) (-247.305,257.618,232.673)
  jv[1] pts=5 (-374.802,84.7506,232.673) (-374.802,84.7506,214.673) (-360.316,74.0664,214.673) (-360.316,74.0664,232.673) (-374.802,84.7506,232.673)
  m[0][0] pts=4 (-289.804,199.995,232.673) (-289.804,199.995,214.673) (-339.103,133.153,214.673) (-339.103,133.153,232.673)
  m[0][1] pts=2 (-289.804,199.995,232.673) (-339.103,133.153,232.673)
  f[0][0] pts=4 (-282.118,180.091,214.673) (-289.804,199.995,214.673) (-339.103,133.153,214.673) (-317.817,131.689,214.673)
  f[0][1] pts=2 (-282.118,180.091,214.673) (-317.817,131.689,214.673)
  m[1][0] pts=4 (-282.118,180.091,232.673) (-282.118,180.091,214.673) (-317.817,131.689,214.673) (-317.817,131.689,232.673)
  m[1][1] pts=2 (-282.118,180.091,232.673) (-317.817,131.689,232.673)
  f[1][0] pts=4 (-282.118,180.091,232.673) (-289.804,199.995,232.673) (-339.103,133.153,232.673) (-317.817,131.689,232.673)
  f[1][1] pts=2 (-282.118,180.091,232.673) (-317.817,131.689,232.673)
joint 70 type=11 v0=42 v1=39 f0_0=4 f1_0=3 name=ss_e_op_1 orient=1 div=1 shift=0.66
  jv[0] pts=5 (-13.2586,-181.14,232.673) (-13.2586,-181.14,214.673) (-27.7776,-170.501,214.673) (-27.7776,-170.501,232.673) (-13.2586,-181.14,232.673)
  jv[1] pts=5 (60.5716,-80.389,232.673) (60.5716,-80.389,214.673) (46.0526,-69.7495,214.673) (46.0526,-69.7495,232.673) (60.5716,-80.389,232.673)
  m[0][0] pts=4 (11.3514,-147.557,232.673) (11.3514,-147.557,214.673) (39.8991,-108.599,214.673) (39.8991,-108.599,232.673)
  m[0][1] pts=2 (11.3514,-147.557,232.673) (39.8991,-108.599,232.673)
  f[0][0] pts=4 (0.770044,-131.544,214.673) (11.3514,-147.557,214.673) (39.8991,-108.599,214.673) (21.4425,-103.333,214.673)
  f[0][1] pts=2 (0.770044,-131.544,214.673) (21.4425,-103.333,214.673)
  m[1][0] pts=4 (0.770044,-131.544,232.673) (0.770044,-131.544,214.673) (21.4425,-103.333,214.673) (21.4425,-103.333,232.673)
  m[1][1] pts=2 (0.770044,-131.544,232.673) (21.4425,-103.333,232.673)
  f[1][0] pts=4 (0.770044,-131.544,232.673) (11.3514,-147.557,232.673) (39.8991,-108.599,232.673) (21.4425,-103.333,232.673)
  f[1][1] pts=2 (0.770044,-131.544,232.673) (21.4425,-103.333,232.673)
joint 71 type=11 v0=43 v1=39 f0_0=4 f1_0=4 name=ss_e_op_1 orient=1 div=1 shift=0.66
  jv[0] pts=5 (60.0143,-69.0625,232.673) (60.0143,-69.0625,214.673) (46.6099,-81.0759,214.673) (46.6099,-81.0759,232.673) (60.0143,-69.0625,232.673)
  jv[1] pts=5 (-233.36,258.282,232.673) (-233.36,258.282,214.673) (-246.764,246.269,214.673) (-246.764,246.269,232.673) (-233.36,258.282,232.673)
  m[0][0] pts=4 (-37.7771,40.0524,232.673) (-37.7771,40.0524,214.673) (-151.215,166.626,214.673) (-151.215,166.626,232.673)
  m[0][1] pts=2 (-37.7771,40.0524,232.673) (-151.215,166.626,232.673)
  f[0][0] pts=4 (-66.8281,45.4974,214.673) (-37.7771,40.0524,214.673) (-151.215,166.626,214.673) (-148.973,137.154,214.673)
  f[0][1] pts=2 (-66.8281,45.4974,214.673) (-148.973,137.154,214.673)
  m[1][0] pts=4 (-66.8281,45.4974,232.673) (-66.8281,45.4974,214.673) (-148.973,137.154,214.673) (-148.973,137.154,232.673)
  m[1][1] pts=2 (-66.8281,45.4974,232.673) (-148.973,137.154,232.673)
  f[1][0] pts=4 (-66.8281,45.4974,232.673) (-37.7771,40.0524,232.673) (-151.215,166.626,232.673) (-148.973,137.154,232.673)
  f[1][1] pts=2 (-66.8281,45.4974,232.673) (-148.973,137.154,232.673)
joint 72 type=11 v0=41 v1=40 f0_0=2 f1_0=5 name=ss_e_op_1 orient=1 div=1 shift=0.66
  jv[0] pts=5 (-380.152,77.4976,223.673) (-369.468,91.9838,223.673) (-354.967,81.3193,223.673) (-365.651,66.8332,223.673) (-380.152,77.4976,223.673)
  jv[1] pts=5 (-380.152,77.4976,64.5437) (-369.468,91.9838,64.5437) (-354.967,81.3193,64.5437) (-365.651,66.8332,64.5437) (-380.152,77.4976,64.5437)
  m[0][0] pts=4 (-380.152,77.4976,170.63) (-369.468,91.9838,170.63) (-369.468,91.9838,109.1) (-380.152,77.4976,109.1)
  m[0][1] pts=2 (-380.152,77.4976,170.63) (-380.152,77.4976,109.1)
  f[0][0] pts=4 (-354.967,81.3193,162.143) (-369.468,91.9838,170.63) (-369.468,91.9838,109.1) (-354.967,81.3193,117.587)
  f[0][1] pts=2 (-354.967,81.3193,162.143) (-354.967,81.3193,117.587)
  m[1][0] pts=4 (-365.651,66.8332,162.143) (-354.967,81.3193,162.143) (-354.967,81.3193,117.587) (-365.651,66.8332,117.587)
  m[1][1] pts=2 (-365.651,66.8332,162.143) (-365.651,66.8332,117.587)
  f[1][0] pts=4 (-365.651,66.8332,162.143) (-380.152,77.4976,170.63) (-380.152,77.4976,109.1) (-365.651,66.8332,117.587)
  f[1][1] pts=2 (-365.651,66.8332,162.143) (-365.651,66.8332,117.587)
joint 73 type=11 v0=42 v1=40 f0_0=5 f1_0=3 name=ss_e_op_1 orient=1 div=1 shift=0.66
  jv[0] pts=5 (-18.5875,-188.412,-30.1038) (-7.94803,-173.893,-30.1038) (-22.4487,-163.229,-30.1038) (-33.0882,-177.748,-30.1038) (-18.5875,-188.412,-30.1038)
  jv[1] pts=5 (-18.5875,-188.412,223.673) (-7.94803,-173.893,223.673) (-22.4487,-163.229,223.673) (-33.0882,-177.748,223.673) (-18.5875,-188.412,223.673)
  m[0][0] pts=4 (-18.5875,-188.412,54.4885) (-7.94803,-173.893,54.4885) (-7.94803,-173.893,152.616) (-18.5875,-188.412,152.616)
  m[0][1] pts=2 (-18.5875,-188.412,54.4885) (-18.5875,-188.412,152.616)
  f[0][0] pts=4 (-22.4487,-163.229,68.0233) (-7.94803,-173.893,54.4885) (-7.94803,-173.893,152.616) (-22.4487,-163.229,139.081)
  f[0][1] pts=2 (-22.4487,-163.229,68.0233) (-22.4487,-163.229,139.081)
  m[1][0] pts=4 (-33.0882,-177.748,68.0233) (-22.4487,-163.229,68.0233) (-22.4487,-163.229,139.081) (-33.0882,-177.748,139.081)
  m[1][1] pts=2 (-33.0882,-177.748,68.0233) (-33.0882,-177.748,139.081)
  f[1][0] pts=4 (-33.0882,-177.748,68.0233) (-18.5875,-188.412,54.4885) (-18.5875,-188.412,152.616) (-33.0882,-177.748,139.081)
  f[1][1] pts=2 (-33.0882,-177.748,68.0233) (-33.0882,-177.748,139.081)
joint 74 type=40 v0=40 v1=48 f0_0=0 f1_0=0 name=tt_e_p_3 orient=0 div=1 shift=45
  jv[0] pts=5 (-369.487,91.9983,-32.2476) (-369.487,91.9983,232.673) (-390.816,62.9969,232.673) (-390.816,62.9969,-32.2476) (-369.487,91.9983,-32.2476)
  jv[1] pts=5 (-7.9231,-173.912,-32.2476) (-7.9231,-173.912,232.673) (-29.252,-202.913,232.673) (-29.252,-202.913,-32.2476) (-7.9231,-173.912,-32.2476)
  m[0][0] pts=2 (-343.9,50.8365,187.673) (-354.565,36.3359,187.673)
  m[0][1] pts=2 (-343.9,50.8365,187.673) (-354.565,36.3359,187.673)
  m[0][2] pts=2 (-343.9,50.8365,101.993) (-354.565,36.3359,101.993)
  m[0][3] pts=2 (-343.9,50.8365,101.993) (-354.565,36.3359,101.993)
  m[0][4] pts=2 (-372.106,71.5805,110.24) (-382.77,57.0798,110.24)
  m[0][5] pts=2 (-372.106,71.5805,110.24) (-382.77,57.0798,110.24)
  m[0][6] pts=2 (-308.653,24.9141,92.9343) (-319.317,10.4134,92.9343)
  m[0][7] pts=2 (-308.653,24.9141,92.9343) (-319.317,10.4134,92.9343)
  m[0][8] pts=2 (-245.199,-21.7522,75.6288) (-255.864,-36.2529,75.6288)
  m[0][9] pts=2 (-245.199,-21.7522,75.6288) (-255.864,-36.2529,75.6288)
  m[0][10] pts=2 (-181.746,-68.4186,58.3234) (-192.41,-82.9192,58.3234)
  m[0][11] pts=2 (-181.746,-68.4186,58.3234) (-192.41,-82.9192,58.3234)
  m[0][12] pts=2 (-118.293,-115.085,41.0179) (-128.957,-129.586,41.0179)
  m[0][13] pts=2 (-118.293,-115.085,41.0179) (-128.957,-129.586,41.0179)
  m[0][14] pts=2 (-54.8392,-161.751,23.7125) (-65.5037,-176.252,23.7125)
  m[0][15] pts=2 (-54.8392,-161.751,23.7125) (-65.5037,-176.252,23.7125)
  m[0][16] pts=2 (-54.8392,-161.751,105.693) (-65.5037,-176.252,105.693)
  m[0][17] pts=2 (-54.8392,-161.751,105.693) (-65.5037,-176.252,105.693)
  m[0][18] pts=2 (-54.8392,-161.751,187.673) (-65.5037,-176.252,187.673)
  m[0][19] pts=2 (-54.8392,-161.751,187.673) (-65.5037,-176.252,187.673)
  m[0][20] pts=2 (-127.104,-108.604,187.673) (-137.769,-123.105,187.673)
  m[0][21] pts=2 (-127.104,-108.604,187.673) (-137.769,-123.105,187.673)
  m[0][22] pts=2 (-199.37,-55.4573,187.673) (-210.034,-69.958,187.673)
  m[0][23] pts=2 (-199.37,-55.4573,187.673) (-210.034,-69.958,187.673)
  m[0][24] pts=2 (-271.635,-2.3104,187.673) (-282.299,-16.8111,187.673)
  m[0][25] pts=2 (-271.635,-2.3104,187.673) (-282.299,-16.8111,187.673)
  f[0][0] pts=2 (-343.9,50.8365,187.673) (-333.236,65.3372,187.673)
  f[0][1] pts=2 (-343.9,50.8365,187.673) (-333.236,65.3372,187.673)
  f[0][2] pts=2 (-343.9,50.8365,101.993) (-333.236,65.3372,101.993)
  f[0][3] pts=2 (-343.9,50.8365,101.993) (-333.236,65.3372,101.993)
  f[0][4] pts=2 (-372.106,71.5805,110.24) (-361.442,86.0811,110.24)
  f[0][5] pts=2 (-372.106,71.5805,110.24) (-361.442,86.0811,110.24)
  f[0][6] pts=2 (-308.653,24.9141,92.9343) (-297.988,39.4148,92.9343)
  f[0][7] pts=2 (-308.653,24.9141,92.9343) (-297.988,39.4148,92.9343)
  f[0][8] pts=2 (-245.199,-21.7522,75.6288) (-234.535,-7.25153,75.6288)
  f[0][9] pts=2 (-245.199,-21.7522,75.6288) (-234.535,-7.25153,75.6288)
  f[0][10] pts=2 (-181.746,-68.4186,58.3234) (-171.082,-53.9179,58.3234)
  f[0][11] pts=2 (-181.746,-68.4186,58.3234) (-171.082,-53.9179,58.3234)
  f[0][12] pts=2 (-118.293,-115.085,41.0179) (-107.628,-100.584,41.0179)
  f[0][13] pts=2 (-118.293,-115.085,41.0179) (-107.628,-100.584,41.0179)
  f[0][14] pts=2 (-54.8392,-161.751,23.7125) (-44.1748,-147.251,23.7125)
  f[0][15] pts=2 (-54.8392,-161.751,23.7125) (-44.1748,-147.251,23.7125)
  f[0][16] pts=2 (-54.8392,-161.751,105.693) (-44.1748,-147.251,105.693)
  f[0][17] pts=2 (-54.8392,-161.751,105.693) (-44.1748,-147.251,105.693)
  f[0][18] pts=2 (-54.8392,-161.751,187.673) (-44.1748,-147.251,187.673)
  f[0][19] pts=2 (-54.8392,-161.751,187.673) (-44.1748,-147.251,187.673)
  f[0][20] pts=2 (-127.104,-108.604,187.673) (-116.44,-94.1036,187.673)
  f[0][21] pts=2 (-127.104,-108.604,187.673) (-116.44,-94.1036,187.673)
  f[0][22] pts=2 (-199.37,-55.4573,187.673) (-188.705,-40.9566,187.673)
  f[0][23] pts=2 (-199.37,-55.4573,187.673) (-188.705,-40.9566,187.673)
  f[0][24] pts=2 (-271.635,-2.3104,187.673) (-260.97,12.1903,187.673)
  f[0][25] pts=2 (-271.635,-2.3104,187.673) (-260.97,12.1903,187.673)
  m[1][0] pts=2 (-343.9,50.8365,187.673) (-354.565,36.3359,187.673)
  m[1][1] pts=2 (-343.9,50.8365,187.673) (-354.565,36.3359,187.673)
  m[1][2] pts=2 (-343.9,50.8365,101.993) (-354.565,36.3359,101.993)
  m[1][3] pts=2 (-343.9,50.8365,101.993) (-354.565,36.3359,101.993)
  m[1][4] pts=2 (-372.106,71.5805,110.24) (-382.77,57.0798,110.24)
  m[1][5] pts=2 (-372.106,71.5805,110.24) (-382.77,57.0798,110.24)
  m[1][6] pts=2 (-308.653,24.9141,92.9343) (-319.317,10.4134,92.9343)
  m[1][7] pts=2 (-308.653,24.9141,92.9343) (-319.317,10.4134,92.9343)
  m[1][8] pts=2 (-245.199,-21.7522,75.6288) (-255.864,-36.2529,75.6288)
  m[1][9] pts=2 (-245.199,-21.7522,75.6288) (-255.864,-36.2529,75.6288)
  m[1][10] pts=2 (-181.746,-68.4186,58.3234) (-192.41,-82.9192,58.3234)
  m[1][11] pts=2 (-181.746,-68.4186,58.3234) (-192.41,-82.9192,58.3234)
  m[1][12] pts=2 (-118.293,-115.085,41.0179) (-128.957,-129.586,41.0179)
  m[1][13] pts=2 (-118.293,-115.085,41.0179) (-128.957,-129.586,41.0179)
  m[1][14] pts=2 (-54.8392,-161.751,23.7125) (-65.5037,-176.252,23.7125)
  m[1][15] pts=2 (-54.8392,-161.751,23.7125) (-65.5037,-176.252,23.7125)
  m[1][16] pts=2 (-54.8392,-161.751,105.693) (-65.5037,-176.252,105.693)
  m[1][17] pts=2 (-54.8392,-161.751,105.693) (-65.5037,-176.252,105.693)
  m[1][18] pts=2 (-54.8392,-161.751,187.673) (-65.5037,-176.252,187.673)
  m[1][19] pts=2 (-54.8392,-161.751,187.673) (-65.5037,-176.252,187.673)
  m[1][20] pts=2 (-127.104,-108.604,187.673) (-137.769,-123.105,187.673)
  m[1][21] pts=2 (-127.104,-108.604,187.673) (-137.769,-123.105,187.673)
  m[1][22] pts=2 (-199.37,-55.4573,187.673) (-210.034,-69.958,187.673)
  m[1][23] pts=2 (-199.37,-55.4573,187.673) (-210.034,-69.958,187.673)
  m[1][24] pts=2 (-271.635,-2.3104,187.673) (-282.299,-16.8111,187.673)
  m[1][25] pts=2 (-271.635,-2.3104,187.673) (-282.299,-16.8111,187.673)
  f[1][0] pts=2 (-343.9,50.8365,187.673) (-333.236,65.3372,187.673)
  f[1][1] pts=2 (-343.9,50.8365,187.673) (-333.236,65.3372,187.673)
  f[1][2] pts=2 (-343.9,50.8365,101.993) (-333.236,65.3372,101.993)
  f[1][3] pts=2 (-343.9,50.8365,101.993) (-333.236,65.3372,101.993)
  f[1][4] pts=2 (-372.106,71.5805,110.24) (-361.442,86.0811,110.24)
  f[1][5] pts=2 (-372.106,71.5805,110.24) (-361.442,86.0811,110.24)
  f[1][6] pts=2 (-308.653,24.9141,92.9343) (-297.988,39.4148,92.9343)
  f[1][7] pts=2 (-308.653,24.9141,92.9343) (-297.988,39.4148,92.9343)
  f[1][8] pts=2 (-245.199,-21.7522,75.6288) (-234.535,-7.25153,75.6288)
  f[1][9] pts=2 (-245.199,-21.7522,75.6288) (-234.535,-7.25153,75.6288)
  f[1][10] pts=2 (-181.746,-68.4186,58.3234) (-171.082,-53.9179,58.3234)
  f[1][11] pts=2 (-181.746,-68.4186,58.3234) (-171.082,-53.9179,58.3234)
  f[1][12] pts=2 (-118.293,-115.085,41.0179) (-107.628,-100.584,41.0179)
  f[1][13] pts=2 (-118.293,-115.085,41.0179) (-107.628,-100.584,41.0179)
  f[1][14] pts=2 (-54.8392,-161.751,23.7125) (-44.1748,-147.251,23.7125)
  f[1][15] pts=2 (-54.8392,-161.751,23.7125) (-44.1748,-147.251,23.7125)
  f[1][16] pts=2 (-54.8392,-161.751,105.693) (-44.1748,-147.251,105.693)
  f[1][17] pts=2 (-54.8392,-161.751,105.693) (-44.1748,-147.251,105.693)
  f[1][18] pts=2 (-54.8392,-161.751,187.673) (-44.1748,-147.251,187.673)
  f[1][19] pts=2 (-54.8392,-161.751,187.673) (-44.1748,-147.251,187.673)
  f[1][20] pts=2 (-127.104,-108.604,187.673) (-116.44,-94.1036,187.673)
  f[1][21] pts=2 (-127.104,-108.604,187.673) (-116.44,-94.1036,187.673)
  f[1][22] pts=2 (-199.37,-55.4573,187.673) (-188.705,-40.9566,187.673)
  f[1][23] pts=2 (-199.37,-55.4573,187.673) (-188.705,-40.9566,187.673)
  f[1][24] pts=2 (-271.635,-2.3104,187.673) (-260.97,12.1903,187.673)
  f[1][25] pts=2 (-271.635,-2.3104,187.673) (-260.97,12.1903,187.673)
joint 75 type=11 v0=43 v1=41 f0_0=3 f1_0=4 name=ss_e_op_1 orient=1 div=1 shift=0.66
  jv[0] pts=5 (-240.741,266.518,223.673) (-228.472,252.828,223.673) (-239.383,238.033,223.673) (-251.653,251.723,223.673) (-240.741,266.518,223.673)
  jv[1] pts=5 (-240.741,266.518,68.3706) (-228.472,252.828,68.3706) (-239.383,238.033,68.3706) (-251.653,251.723,68.3706) (-240.741,266.518,68.3706)
  m[0][0] pts=4 (-240.741,266.518,171.906) (-228.472,252.828,171.906) (-228.472,252.828,111.855) (-240.741,266.518,111.855)
  m[0][1] pts=2 (-240.741,266.518,171.906) (-240.741,266.518,111.855)
  f[0][0] pts=4 (-239.383,238.033,163.623) (-228.472,252.828,171.906) (-228.472,252.828,111.855) (-239.383,238.033,120.138)
  f[0][1] pts=2 (-239.383,238.033,163.623) (-239.383,238.033,120.138)
  m[1][0] pts=4 (-251.653,251.723,163.623) (-239.383,238.033,163.623) (-239.383,238.033,120.138) (-251.653,251.723,120.138)
  m[1][1] pts=2 (-251.653,251.723,163.623) (-251.653,251.723,120.138)
  f[1][0] pts=4 (-251.653,251.723,163.623) (-240.741,266.518,171.906) (-240.741,266.518,111.855) (-251.653,251.723,120.138)
  f[1][1] pts=2 (-251.653,251.723,163.623) (-251.653,251.723,120.138)
joint 76 type=11 v0=43 v1=42 f0_0=5 f1_0=3 name=ss_e_op_1 orient=1 div=1 shift=0.66
  jv[0] pts=5 (64.8872,-74.4997,-27.7938) (52.61,-60.8009,-27.7938) (41.7369,-75.6387,-27.7938) (54.0141,-89.3375,-27.7938) (64.8872,-74.4997,-27.7938)
  jv[1] pts=5 (64.8872,-74.4997,223.673) (52.61,-60.8009,223.673) (41.7369,-75.6387,223.673) (54.0141,-89.3375,223.673) (64.8872,-74.4997,223.673)
  m[0][0] pts=4 (64.8872,-74.4997,56.0285) (52.61,-60.8009,56.0285) (52.61,-60.8009,153.262) (64.8872,-74.4997,153.262)
  m[0][1] pts=2 (64.8872,-74.4997,56.0285) (64.8872,-74.4997,153.262)
  f[0][0] pts=4 (41.7369,-75.6387,69.4401) (52.61,-60.8009,56.0285) (52.61,-60.8009,153.262) (41.7369,-75.6387,139.851)
  f[0][1] pts=2 (41.7369,-75.6387,69.4401) (41.7369,-75.6387,139.851)
  m[1][0] pts=4 (54.0141,-89.3375,69.4401) (41.7369,-75.6387,69.4401) (41.7369,-75.6387,139.851) (54.0141,-89.3375,139.851)
  m[1][1] pts=2 (54.0141,-89.3375,69.4401) (54.0141,-89.3375,139.851)
  f[1][0] pts=4 (54.0141,-89.3375,69.4401) (64.8872,-74.4997,56.0285) (64.8872,-74.4997,153.262) (54.0141,-89.3375,139.851)
  f[1][1] pts=2 (54.0141,-89.3375,69.4401) (54.0141,-89.3375,139.851)
joint 77 type=11 v0=45 v1=44 f0_0=4 f1_0=2 name=ss_e_op_1 orient=1 div=1 shift=0.66
  jv[0] pts=5 (-420.474,-185.671,232.673) (-420.474,-185.671,214.673) (-414.466,-168.703,214.673) (-414.466,-168.703,232.673) (-420.474,-185.671,232.673)
  jv[1] pts=5 (-67.7598,-310.549,232.673) (-67.7598,-310.549,214.673) (-61.7524,-293.581,214.673) (-61.7524,-293.581,232.673) (-67.7598,-310.549,232.673)
  m[0][0] pts=4 (-302.902,-227.297,232.673) (-302.902,-227.297,214.673) (-166.52,-275.583,214.673) (-166.52,-275.583,232.673)
  m[0][1] pts=2 (-302.902,-227.297,232.673) (-166.52,-275.583,232.673)
  f[0][0] pts=4 (-278.084,-216.989,214.673) (-302.902,-227.297,214.673) (-166.52,-275.583,214.673) (-179.324,-251.955,214.673)
  f[0][1] pts=2 (-278.084,-216.989,214.673) (-179.324,-251.955,214.673)
  m[1][0] pts=4 (-278.084,-216.989,232.673) (-278.084,-216.989,214.673) (-179.324,-251.955,214.673) (-179.324,-251.955,232.673)
  m[1][1] pts=2 (-278.084,-216.989,232.673) (-179.324,-251.955,232.673)
  f[1][0] pts=4 (-278.084,-216.989,232.673) (-302.902,-227.297,232.673) (-166.52,-275.583,232.673) (-179.324,-251.955,232.673)
  f[1][1] pts=2 (-278.084,-216.989,232.673) (-179.324,-251.955,232.673)
joint 78 type=11 v0=46 v1=44 f0_0=3 f1_0=5 name=ss_e_op_1 orient=1 div=1 shift=0.66
  jv[0] pts=5 (-382.737,63.3305,232.673) (-382.737,63.3305,214.673) (-365.029,60.0998,214.673) (-365.029,60.0998,232.673) (-382.737,63.3305,232.673)
  jv[1] pts=5 (-426.324,-175.572,232.673) (-426.324,-175.572,214.673) (-408.616,-178.803,214.673) (-408.616,-178.803,232.673) (-426.324,-175.572,232.673)
  m[0][0] pts=4 (-397.266,-16.3036,232.673) (-397.266,-16.3036,214.673) (-414.119,-108.679,214.673) (-414.119,-108.679,232.673)
  m[0][1] pts=2 (-397.266,-16.3036,232.673) (-414.119,-108.679,232.673)
  f[0][0] pts=4 (-381.883,-32.2758,214.673) (-397.266,-16.3036,214.673) (-414.119,-108.679,214.673) (-394.087,-99.1685,214.673)
  f[0][1] pts=2 (-381.883,-32.2758,214.673) (-394.087,-99.1685,214.673)
  m[1][0] pts=4 (-381.883,-32.2758,232.673) (-381.883,-32.2758,214.673) (-394.087,-99.1685,214.673) (-394.087,-99.1685,232.673)
  m[1][1] pts=2 (-381.883,-32.2758,232.673) (-394.087,-99.1685,232.673)
  f[1][0] pts=4 (-381.883,-32.2758,232.673) (-397.266,-16.3036,232.673) (-414.119,-108.679,232.673) (-394.087,-99.1685,232.673)
  f[1][1] pts=2 (-381.883,-32.2758,232.673) (-394.087,-99.1685,232.673)
joint 79 type=11 v0=47 v1=44 f0_0=4 f1_0=3 name=ss_e_op_1 orient=1 div=1 shift=0.66
  jv[0] pts=5 (-56.1918,-304.831,232.673) (-56.1918,-304.831,214.673) (-73.3204,-299.299,214.673) (-73.3204,-299.299,232.673) (-56.1918,-304.831,232.673)
  jv[1] pts=5 (-20.5815,-194.585,232.673) (-20.5815,-194.585,214.673) (-37.7101,-189.053,214.673) (-37.7101,-189.053,232.673) (-20.5815,-194.585,232.673)
  m[0][0] pts=4 (-44.3217,-268.083,232.673) (-44.3217,-268.083,214.673) (-30.5524,-225.454,214.673) (-30.5524,-225.454,232.673)
  m[0][1] pts=2 (-44.3217,-268.083,232.673) (-30.5524,-225.454,232.673)
  f[0][0] pts=4 (-59.5511,-256.67,214.673) (-44.3217,-268.083,214.673) (-30.5524,-225.454,214.673) (-49.5802,-225.801,214.673)
  f[0][1] pts=2 (-59.5511,-256.67,214.673) (-49.5802,-225.801,214.673)
  m[1][0] pts=4 (-59.5511,-256.67,232.673) (-59.5511,-256.67,214.673) (-49.5802,-225.801,214.673) (-49.5802,-225.801,232.673)
  m[1][1] pts=2 (-59.5511,-256.67,232.673) (-49.5802,-225.801,232.673)
  f[1][0] pts=4 (-59.5511,-256.67,232.673) (-44.3217,-268.083,232.673) (-30.5524,-225.454,232.673) (-49.5802,-225.801,232.673)
  f[1][1] pts=2 (-59.5511,-256.67,232.673) (-49.5802,-225.801,232.673)
joint 80 type=11 v0=48 v1=44 f0_0=4 f1_0=4 name=ss_e_op_1 orient=1 div=1 shift=0.66
  jv[0] pts=5 (-23.8136,-184.569,232.673) (-23.8136,-184.569,214.673) (-34.478,-199.069,214.673) (-34.478,-199.069,232.673) (-23.8136,-184.569,232.673)
  jv[1] pts=5 (-368.55,68.9655,232.673) (-368.55,68.9655,214.673) (-379.215,54.4648,214.673) (-379.215,54.4648,232.673) (-368.55,68.9655,232.673)
  m[0][0] pts=4 (-138.726,-100.057,232.673) (-138.726,-100.057,214.673) (-272.024,-2.02409,214.673) (-272.024,-2.02409,232.673)
  m[0][1] pts=2 (-138.726,-100.057,232.673) (-272.024,-2.02409,232.673)
  f[0][0] pts=4 (-167.776,-101.036,214.673) (-138.726,-100.057,214.673) (-272.024,-2.02409,214.673) (-264.303,-30.0466,214.673)
  f[0][1] pts=2 (-167.776,-101.036,214.673) (-264.303,-30.0466,214.673)
  m[1][0] pts=4 (-167.776,-101.036,232.673) (-167.776,-101.036,214.673) (-264.303,-30.0466,214.673) (-264.303,-30.0466,232.673)
  m[1][1] pts=2 (-167.776,-101.036,232.673) (-264.303,-30.0466,232.673)
  f[1][0] pts=4 (-167.776,-101.036,232.673) (-138.726,-100.057,232.673) (-272.024,-2.02409,232.673) (-264.303,-30.0466,232.673)
  f[1][1] pts=2 (-167.776,-101.036,232.673) (-264.303,-30.0466,232.673)
joint 81 type=11 v0=46 v1=45 f0_0=2 f1_0=5 name=ss_e_op_1 orient=1 div=1 shift=0.66
  jv[0] pts=5 (-427.7,-183.113,223.673) (-424.427,-165.177,223.673) (-407.24,-171.262,223.673) (-410.513,-189.198,223.673) (-427.7,-183.113,223.673)
  jv[1] pts=5 (-427.7,-183.113,42.2222) (-424.427,-165.177,42.2222) (-407.24,-171.262,42.2222) (-410.513,-189.198,42.2222) (-427.7,-183.113,42.2222)
  m[0][0] pts=4 (-427.7,-183.113,163.189) (-424.427,-165.177,163.189) (-424.427,-165.177,93.0285) (-427.7,-183.113,93.0285)
  m[0][1] pts=2 (-427.7,-183.113,163.189) (-427.7,-183.113,93.0285)
  f[0][0] pts=4 (-407.24,-171.262,153.512) (-424.427,-165.177,163.189) (-424.427,-165.177,93.0285) (-407.24,-171.262,102.706)
  f[0][1] pts=2 (-407.24,-171.262,153.512) (-407.24,-171.262,102.706)
  m[1][0] pts=4 (-410.513,-189.198,153.512) (-407.24,-171.262,153.512) (-407.24,-171.262,102.706) (-410.513,-189.198,102.706)
  m[1][1] pts=2 (-410.513,-189.198,153.512) (-410.513,-189.198,102.706)
  f[1][0] pts=4 (-410.513,-189.198,153.512) (-427.7,-183.113,163.189) (-427.7,-183.113,93.0285) (-410.513,-189.198,102.706)
  f[1][1] pts=2 (-410.513,-189.198,153.512) (-410.513,-189.198,102.706)
joint 82 type=11 v0=47 v1=45 f0_0=5 f1_0=3 name=ss_e_op_1 orient=1 div=1 shift=0.66
  jv[0] pts=5 (-59.0363,-313.638,-44.3634) (-53.5014,-296.502,-44.3634) (-70.4759,-290.493,-44.3634) (-76.0108,-307.628,-44.3634) (-59.0363,-313.638,-44.3634)
  jv[1] pts=5 (-59.0363,-313.638,223.673) (-53.5014,-296.502,223.673) (-70.4759,-290.493,223.673) (-76.0108,-307.628,223.673) (-59.0363,-313.638,223.673)
  m[0][0] pts=4 (-59.0363,-313.638,44.9821) (-53.5014,-296.502,44.9821) (-53.5014,-296.502,148.623) (-59.0363,-313.638,148.623)
  m[0][1] pts=2 (-59.0363,-313.638,44.9821) (-59.0363,-313.638,148.623)
  f[0][0] pts=4 (-70.4759,-290.493,59.2774) (-53.5014,-296.502,44.9821) (-53.5014,-296.502,148.623) (-70.4759,-290.493,134.328)
  f[0][1] pts=2 (-70.4759,-290.493,59.2774) (-70.4759,-290.493,134.328)
  m[1][0] pts=4 (-76.0108,-307.628,59.2774) (-70.4759,-290.493,59.2774) (-70.4759,-290.493,134.328) (-76.0108,-307.628,134.328)
  m[1][1] pts=2 (-76.0108,-307.628,59.2774) (-76.0108,-307.628,134.328)
  f[1][0] pts=4 (-76.0108,-307.628,59.2774) (-59.0363,-313.638,44.9821) (-59.0363,-313.638,148.623) (-76.0108,-307.628,134.328)
  f[1][1] pts=2 (-76.0108,-307.628,59.2774) (-76.0108,-307.628,134.328)
joint 83 type=40 v0=45 v1=53 f0_0=0 f1_0=0 name=tt_e_p_3 orient=0 div=1 shift=45
  jv[0] pts=5 (-421.692,-166.145,232.673) (-53.0288,-296.67,232.673) (-65.0437,-330.606,232.673) (-433.707,-200.081,232.673) (-421.692,-166.145,232.673)
  jv[1] pts=5 (-421.692,-166.145,-46.9543) (-53.0288,-296.67,-46.9543) (-65.0437,-330.606,-46.9543) (-433.707,-200.081,-46.9543) (-421.692,-166.145,-46.9543)
  m[0][0] pts=2 (-385.28,-198.132,187.673) (-391.287,-215.1,187.673)
  m[0][1] pts=2 (-385.28,-198.132,187.673) (-391.287,-215.1,187.673)
  m[0][2] pts=2 (-385.28,-198.132,133.498) (-391.287,-215.1,133.498)
  m[0][3] pts=2 (-385.28,-198.132,133.498) (-391.287,-215.1,133.498)
  m[0][4] pts=2 (-385.28,-198.132,79.3224) (-391.287,-215.1,79.3224)
  m[0][5] pts=2 (-385.28,-198.132,79.3224) (-391.287,-215.1,79.3224)
  m[0][6] pts=2 (-341.808,-213.523,68.6507) (-347.815,-230.491,68.6507)
  m[0][7] pts=2 (-341.808,-213.523,68.6507) (-347.815,-230.491,68.6507)
  m[0][8] pts=2 (-261.69,-241.888,48.9832) (-267.698,-258.856,48.9832)
  m[0][9] pts=2 (-261.69,-241.888,48.9832) (-267.698,-258.856,48.9832)
  m[0][10] pts=2 (-181.573,-270.254,29.3157) (-187.581,-287.222,29.3157)
  m[0][11] pts=2 (-181.573,-270.254,29.3157) (-187.581,-287.222,29.3157)
  m[0][12] pts=2 (-101.456,-298.619,9.64825) (-107.464,-315.587,9.64825)
  m[0][13] pts=2 (-101.456,-298.619,9.64825) (-107.464,-315.587,9.64825)
  m[0][14] pts=2 (-101.456,-298.619,98.6607) (-107.464,-315.587,98.6607)
  m[0][15] pts=2 (-101.456,-298.619,98.6607) (-107.464,-315.587,98.6607)
  m[0][16] pts=2 (-101.456,-298.619,187.673) (-107.464,-315.587,187.673)
  m[0][17] pts=2 (-101.456,-298.619,187.673) (-107.464,-315.587,187.673)
  m[0][18] pts=2 (-172.412,-273.497,187.673) (-178.419,-290.465,187.673)
  m[0][19] pts=2 (-172.412,-273.497,187.673) (-178.419,-290.465,187.673)
  m[0][20] pts=2 (-243.368,-248.375,187.673) (-249.375,-265.343,187.673)
  m[0][21] pts=2 (-243.368,-248.375,187.673) (-249.375,-265.343,187.673)
  m[0][22] pts=2 (-314.324,-223.253,187.673) (-320.331,-240.221,187.673)
  m[0][23] pts=2 (-314.324,-223.253,187.673) (-320.331,-240.221,187.673)
  f[0][0] pts=2 (-385.28,-198.132,187.673) (-379.272,-181.164,187.673)
  f[0][1] pts=2 (-385.28,-198.132,187.673) (-379.272,-181.164,187.673)
  f[0][2] pts=2 (-385.28,-198.132,133.498) (-379.272,-181.164,133.498)
  f[0][3] pts=2 (-385.28,-198.132,133.498) (-379.272,-181.164,133.498)
  f[0][4] pts=2 (-385.28,-198.132,79.3224) (-379.272,-181.164,79.3224)
  f[0][5] pts=2 (-385.28,-198.132,79.3224) (-379.272,-181.164,79.3224)
  f[0][6] pts=2 (-341.808,-213.523,68.6507) (-335.8,-196.555,68.6507)
  f[0][7] pts=2 (-341.808,-213.523,68.6507) (-335.8,-196.555,68.6507)
  f[0][8] pts=2 (-261.69,-241.888,48.9832) (-255.683,-224.92,48.9832)
  f[0][9] pts=2 (-261.69,-241.888,48.9832) (-255.683,-224.92,48.9832)
  f[0][10] pts=2 (-181.573,-270.254,29.3157) (-175.566,-253.286,29.3157)
  f[0][11] pts=2 (-181.573,-270.254,29.3157) (-175.566,-253.286,29.3157)
  f[0][12] pts=2 (-101.456,-298.619,9.64825) (-95.4486,-281.651,9.64825)
  f[0][13] pts=2 (-101.456,-298.619,9.64825) (-95.4486,-281.651,9.64825)
  f[0][14] pts=2 (-101.456,-298.619,98.6607) (-95.4486,-281.651,98.6607)
  f[0][15] pts=2 (-101.456,-298.619,98.6607) (-95.4486,-281.651,98.6607)
  f[0][16] pts=2 (-101.456,-298.619,187.673) (-95.4486,-281.651,187.673)
  f[0][17] pts=2 (-101.456,-298.619,187.673) (-95.4486,-281.651,187.673)
  f[0][18] pts=2 (-172.412,-273.497,187.673) (-166.405,-256.529,187.673)
  f[0][19] pts=2 (-172.412,-273.497,187.673) (-166.405,-256.529,187.673)
  f[0][20] pts=2 (-243.368,-248.375,187.673) (-237.36,-231.407,187.673)
  f[0][21] pts=2 (-243.368,-248.375,187.673) (-237.36,-231.407,187.673)
  f[0][22] pts=2 (-314.324,-223.253,187.673) (-308.316,-206.286,187.673)
  f[0][23] pts=2 (-314.324,-223.253,187.673) (-308.316,-206.286,187.673)
  m[1][0] pts=2 (-385.28,-198.132,187.673) (-391.287,-215.1,187.673)
  m[1][1] pts=2 (-385.28,-198.132,187.673) (-391.287,-215.1,187.673)
  m[1][2] pts=2 (-385.28,-198.132,133.498) (-391.287,-215.1,133.498)
  m[1][3] pts=2 (-385.28,-198.132,133.498) (-391.287,-215.1,133.498)
  m[1][4] pts=2 (-385.28,-198.132,79.3224) (-391.287,-215.1,79.3224)
  m[1][5] pts=2 (-385.28,-198.132,79.3224) (-391.287,-215.1,79.3224)
  m[1][6] pts=2 (-341.808,-213.523,68.6507) (-347.815,-230.491,68.6507)
  m[1][7] pts=2 (-341.808,-213.523,68.6507) (-347.815,-230.491,68.6507)
  m[1][8] pts=2 (-261.69,-241.888,48.9832) (-267.698,-258.856,48.9832)
  m[1][9] pts=2 (-261.69,-241.888,48.9832) (-267.698,-258.856,48.9832)
  m[1][10] pts=2 (-181.573,-270.254,29.3157) (-187.581,-287.222,29.3157)
  m[1][11] pts=2 (-181.573,-270.254,29.3157) (-187.581,-287.222,29.3157)
  m[1][12] pts=2 (-101.456,-298.619,9.64825) (-107.464,-315.587,9.64825)
  m[1][13] pts=2 (-101.456,-298.619,9.64825) (-107.464,-315.587,9.64825)
  m[1][14] pts=2 (-101.456,-298.619,98.6607) (-107.464,-315.587,98.6607)
  m[1][15] pts=2 (-101.456,-298.619,98.6607) (-107.464,-315.587,98.6607)
  m[1][16] pts=2 (-101.456,-298.619,187.673) (-107.464,-315.587,187.673)
  m[1][17] pts=2 (-101.456,-298.619,187.673) (-107.464,-315.587,187.673)
  m[1][18] pts=2 (-172.412,-273.497,187.673) (-178.419,-290.465,187.673)
  m[1][19] pts=2 (-172.412,-273.497,187.673) (-178.419,-290.465,187.673)
  m[1][20] pts=2 (-243.368,-248.375,187.673) (-249.375,-265.343,187.673)
  m[1][21] pts=2 (-243.368,-248.375,187.673) (-249.375,-265.343,187.673)
  m[1][22] pts=2 (-314.324,-223.253,187.673) (-320.331,-240.221,187.673)
  m[1][23] pts=2 (-314.324,-223.253,187.673) (-320.331,-240.221,187.673)
  f[1][0] pts=2 (-385.28,-198.132,187.673) (-379.272,-181.164,187.673)
  f[1][1] pts=2 (-385.28,-198.132,187.673) (-379.272,-181.164,187.673)
  f[1][2] pts=2 (-385.28,-198.132,133.498) (-379.272,-181.164,133.498)
  f[1][3] pts=2 (-385.28,-198.132,133.498) (-379.272,-181.164,133.498)
  f[1][4] pts=2 (-385.28,-198.132,79.3224) (-379.272,-181.164,79.3224)
  f[1][5] pts=2 (-385.28,-198.132,79.3224) (-379.272,-181.164,79.3224)
  f[1][6] pts=2 (-341.808,-213.523,68.6507) (-335.8,-196.555,68.6507)
  f[1][7] pts=2 (-341.808,-213.523,68.6507) (-335.8,-196.555,68.6507)
  f[1][8] pts=2 (-261.69,-241.888,48.9832) (-255.683,-224.92,48.9832)
  f[1][9] pts=2 (-261.69,-241.888,48.9832) (-255.683,-224.92,48.9832)
  f[1][10] pts=2 (-181.573,-270.254,29.3157) (-175.566,-253.286,29.3157)
  f[1][11] pts=2 (-181.573,-270.254,29.3157) (-175.566,-253.286,29.3157)
  f[1][12] pts=2 (-101.456,-298.619,9.64825) (-95.4486,-281.651,9.64825)
  f[1][13] pts=2 (-101.456,-298.619,9.64825) (-95.4486,-281.651,9.64825)
  f[1][14] pts=2 (-101.456,-298.619,98.6607) (-95.4486,-281.651,98.6607)
  f[1][15] pts=2 (-101.456,-298.619,98.6607) (-95.4486,-281.651,98.6607)
  f[1][16] pts=2 (-101.456,-298.619,187.673) (-95.4486,-281.651,187.673)
  f[1][17] pts=2 (-101.456,-298.619,187.673) (-95.4486,-281.651,187.673)
  f[1][18] pts=2 (-172.412,-273.497,187.673) (-166.405,-256.529,187.673)
  f[1][19] pts=2 (-172.412,-273.497,187.673) (-166.405,-256.529,187.673)
  f[1][20] pts=2 (-243.368,-248.375,187.673) (-237.36,-231.407,187.673)
  f[1][21] pts=2 (-243.368,-248.375,187.673) (-237.36,-231.407,187.673)
  f[1][22] pts=2 (-314.324,-223.253,187.673) (-308.316,-206.286,187.673)
  f[1][23] pts=2 (-314.324,-223.253,187.673) (-308.316,-206.286,187.673)
joint 84 type=11 v0=48 v1=46 f0_0=3 f1_0=4 name=ss_e_op_1 orient=1 div=1 shift=0.66
  jv[0] pts=5 (-380.152,77.4976,223.673) (-364.019,65.6331,223.673) (-367.614,45.9327,223.673) (-383.746,57.7972,223.673) (-380.152,77.4976,223.673)
  jv[1] pts=5 (-380.152,77.4976,63.1359) (-364.019,65.6331,63.1359) (-367.614,45.9327,63.1359) (-383.746,57.7972,63.1359) (-380.152,77.4976,63.1359)
  m[0][0] pts=4 (-380.152,77.4976,170.161) (-364.019,65.6331,170.161) (-364.019,65.6331,108.086) (-380.152,77.4976,108.086)
  m[0][1] pts=2 (-380.152,77.4976,170.161) (-380.152,77.4976,108.086)
  f[0][0] pts=4 (-367.614,45.9327,161.599) (-364.019,65.6331,170.161) (-364.019,65.6331,108.086) (-367.614,45.9327,116.648)
  f[0][1] pts=2 (-367.614,45.9327,161.599) (-367.614,45.9327,116.648)
  m[1][0] pts=4 (-383.746,57.7972,161.599) (-367.614,45.9327,161.599) (-367.614,45.9327,116.648) (-383.746,57.7972,116.648)
  m[1][1] pts=2 (-383.746,57.7972,161.599) (-383.746,57.7972,116.648)
  f[1][0] pts=4 (-383.746,57.7972,161.599) (-380.152,77.4976,170.161) (-380.152,77.4976,108.086) (-383.746,57.7972,116.648)
  f[1][1] pts=2 (-383.746,57.7972,161.599) (-383.746,57.7972,116.648)
joint 85 type=11 v0=48 v1=47 f0_0=5 f1_0=3 name=ss_e_op_1 orient=1 div=1 shift=0.66
  jv[0] pts=5 (-18.5875,-188.412,-37.8345) (-33.8723,-177.171,-37.8345) (-39.7041,-195.226,-37.8345) (-24.4194,-206.467,-37.8345) (-18.5875,-188.412,-37.8345)
  jv[1] pts=5 (-18.5875,-188.412,223.673) (-33.8723,-177.171,223.673) (-39.7041,-195.226,223.673) (-24.4194,-206.467,223.673) (-18.5875,-188.412,223.673)
  m[0][0] pts=4 (-18.5875,-188.412,49.3347) (-33.8723,-177.171,49.3347) (-33.8723,-177.171,150.451) (-18.5875,-188.412,150.451)
  m[0][1] pts=2 (-18.5875,-188.412,49.3347) (-18.5875,-188.412,150.451)
  f[0][0] pts=4 (-39.7041,-195.226,63.2818) (-33.8723,-177.171,49.3347) (-33.8723,-177.171,150.451) (-39.7041,-195.226,136.504)
  f[0][1] pts=2 (-39.7041,-195.226,63.2818) (-39.7041,-195.226,136.504)
  m[1][0] pts=4 (-24.4194,-206.467,63.2818) (-39.7041,-195.226,63.2818) (-39.7041,-195.226,136.504) (-24.4194,-206.467,136.504)
  m[1][1] pts=2 (-24.4194,-206.467,63.2818) (-24.4194,-206.467,136.504)
  f[1][0] pts=4 (-24.4194,-206.467,63.2818) (-18.5875,-188.412,49.3347) (-18.5875,-188.412,150.451) (-24.4194,-206.467,136.504)
  f[1][1] pts=2 (-24.4194,-206.467,63.2818) (-24.4194,-206.467,136.504)
joint 86 type=11 v0=50 v1=49 f0_0=4 f1_0=2 name=ss_e_op_1 orient=1 div=1 shift=0.66
  jv[0] pts=5 (-437.379,-500.79,232.673) (-437.379,-500.79,214.673) (-437.379,-482.79,214.673) (-437.379,-482.79,232.673) (-437.379,-500.79,232.673)
  jv[1] pts=5 (-101.483,-500.79,232.673) (-101.483,-500.79,214.673) (-101.483,-482.79,214.673) (-101.483,-482.79,232.673) (-101.483,-500.79,232.673)
  m[0][0] pts=4 (-325.414,-500.79,232.673) (-325.414,-500.79,214.673) (-195.534,-500.79,214.673) (-195.534,-500.79,232.673)
  m[0][1] pts=2 (-325.414,-500.79,232.673) (-195.534,-500.79,232.673)
  f[0][0] pts=4 (-307.499,-482.79,214.673) (-325.414,-500.79,214.673) (-195.534,-500.79,214.673) (-213.448,-482.79,214.673)
  f[0][1] pts=2 (-307.499,-482.79,214.673) (-213.448,-482.79,214.673)
  m[1][0] pts=4 (-307.499,-482.79,232.673) (-307.499,-482.79,214.673) (-213.448,-482.79,214.673) (-213.448,-482.79,232.673)
  m[1][1] pts=2 (-307.499,-482.79,232.673) (-213.448,-482.79,232.673)
  f[1][0] pts=4 (-307.499,-482.79,232.673) (-325.414,-500.79,232.673) (-195.534,-500.79,232.673) (-213.448,-482.79,232.673)
  f[1][1] pts=2 (-307.499,-482.79,232.673) (-213.448,-482.79,232.673)
joint 87 type=11 v0=51 v1=49 f0_0=3 f1_0=5 name=ss_e_op_1 orient=1 div=1 shift=0.66
  jv[0] pts=5 (-428.422,-195.041,232.673) (-428.422,-195.041,214.673) (-410.455,-196.129,214.673) (-410.455,-196.129,232.673) (-428.422,-195.041,232.673)
  jv[1] pts=5 (-446.363,-491.246,232.673) (-446.363,-491.246,214.673) (-428.396,-492.334,214.673) (-428.396,-492.334,232.673) (-446.363,-491.246,232.673)
  m[0][0] pts=4 (-434.402,-293.776,232.673) (-434.402,-293.776,214.673) (-441.339,-408.309,214.673) (-441.339,-408.309,232.673)
  m[0][1] pts=2 (-434.402,-293.776,232.673) (-441.339,-408.309,232.673)
  f[0][0] pts=4 (-417.392,-310.662,214.673) (-434.402,-293.776,214.673) (-441.339,-408.309,214.673) (-422.416,-393.599,214.673)
  f[0][1] pts=2 (-417.392,-310.662,214.673) (-422.416,-393.599,214.673)
  m[1][0] pts=4 (-417.392,-310.662,232.673) (-417.392,-310.662,214.673) (-422.416,-393.599,214.673) (-422.416,-393.599,232.673)
  m[1][1] pts=2 (-417.392,-310.662,232.673) (-422.416,-393.599,232.673)
  f[1][0] pts=4 (-417.392,-310.662,232.673) (-434.402,-293.776,232.673) (-441.339,-408.309,232.673) (-422.416,-393.599,232.673)
  f[1][1] pts=2 (-417.392,-310.662,232.673) (-422.416,-393.599,232.673)
joint 88 type=11 v0=52 v1=49 f0_0=4 f1_0=3 name=ss_e_op_1 orient=1 div=1 shift=0.66
  jv[0] pts=5 (-92.6358,-493.443,232.673) (-92.6358,-493.443,214.673) (-110.33,-490.137,214.673) (-110.33,-490.137,232.673) (-92.6358,-493.443,232.673)
  jv[1] pts=5 (-60.4504,-321.205,232.673) (-60.4504,-321.205,214.673) (-78.1441,-317.899,214.673) (-78.1441,-317.899,232.673) (-60.4504,-321.205,232.673)
  m[0][0] pts=4 (-81.9073,-436.031,232.673) (-81.9073,-436.031,214.673) (-69.4623,-369.432,214.673) (-69.4623,-369.432,232.673)
  m[0][1] pts=2 (-81.9073,-436.031,232.673) (-69.4623,-369.432,232.673)
  f[0][0] pts=4 (-97.8845,-423.538,214.673) (-81.9073,-436.031,214.673) (-69.4623,-369.432,214.673) (-88.8726,-375.312,214.673)
  f[0][1] pts=2 (-97.8845,-423.538,214.673) (-88.8726,-375.312,214.673)
  m[1][0] pts=4 (-97.8845,-423.538,232.673) (-97.8845,-423.538,214.673) (-88.8726,-375.312,214.673) (-88.8726,-375.312,232.673)
  m[1][1] pts=2 (-97.8845,-423.538,232.673) (-88.8726,-375.312,232.673)
  f[1][0] pts=4 (-97.8845,-423.538,232.673) (-81.9073,-436.031,232.673) (-69.4623,-369.432,232.673) (-88.8726,-375.312,232.673)
  f[1][1] pts=2 (-97.8845,-423.538,232.673) (-88.8726,-375.312,232.673)
joint 89 type=11 v0=53 v1=49 f0_0=4 f1_0=4 name=ss_e_op_1 orient=1 div=1 shift=0.66
  jv[0] pts=5 (-66.2935,-311.068,232.673) (-66.2935,-311.068,214.673) (-72.301,-328.036,214.673) (-72.301,-328.036,232.673) (-66.2935,-311.068,232.673)
  jv[1] pts=5 (-416.435,-187.101,232.673) (-416.435,-187.101,214.673) (-422.442,-204.069,214.673) (-422.442,-204.069,232.673) (-416.435,-187.101,232.673)
  m[0][0] pts=4 (-183.007,-269.746,232.673) (-183.007,-269.746,214.673) (-318.395,-221.812,214.673) (-318.395,-221.812,232.673)
  m[0][1] pts=2 (-183.007,-269.746,232.673) (-318.395,-221.812,232.673)
  f[0][0] pts=4 (-207.689,-280.102,214.673) (-183.007,-269.746,214.673) (-318.395,-221.812,214.673) (-305.729,-245.391,214.673)
  f[0][1] pts=2 (-207.689,-280.102,214.673) (-305.729,-245.391,214.673)
  m[1][0] pts=4 (-207.689,-280.102,232.673) (-207.689,-280.102,214.673) (-305.729,-245.391,214.673) (-305.729,-245.391,232.673)
  m[1][1] pts=2 (-207.689,-280.102,232.673) (-305.729,-245.391,232.673)
  f[1][0] pts=4 (-207.689,-280.102,232.673) (-183.007,-269.746,232.673) (-318.395,-221.812,232.673) (-305.729,-245.391,232.673)
  f[1][1] pts=2 (-207.689,-280.102,232.673) (-305.729,-245.391,232.673)
joint 90 type=11 v0=51 v1=50 f0_0=2 f1_0=5 name=ss_e_op_1 orient=1 div=1 shift=0.66
  jv[0] pts=5 (-446.941,-500.79,223.673) (-445.851,-482.79,223.673) (-427.818,-482.79,223.673) (-428.908,-500.79,223.673) (-446.941,-500.79,223.673)
  jv[1] pts=5 (-446.941,-500.79,4.60231) (-445.851,-482.79,4.60231) (-427.818,-482.79,4.60231) (-428.908,-500.79,4.60231) (-446.941,-500.79,4.60231)
  m[0][0] pts=4 (-446.941,-500.79,150.65) (-445.851,-482.79,150.65) (-445.851,-482.79,65.9421) (-446.941,-500.79,65.9421)
  m[0][1] pts=2 (-446.941,-500.79,150.65) (-446.941,-500.79,65.9421)
  f[0][0] pts=4 (-427.818,-482.79,138.966) (-445.851,-482.79,150.65) (-445.851,-482.79,65.9421) (-427.818,-482.79,77.6259)
  f[0][1] pts=2 (-427.818,-482.79,138.966) (-427.818,-482.79,77.6259)
  m[1][0] pts=4 (-428.908,-500.79,138.966) (-427.818,-482.79,138.966) (-427.818,-482.79,77.6259) (-428.908,-500.79,77.6259)
  m[1][1] pts=2 (-428.908,-500.79,138.966) (-428.908,-500.79,77.6259)
  f[1][0] pts=4 (-428.908,-500.79,138.966) (-446.941,-500.79,150.65) (-446.941,-500.79,65.9421) (-428.908,-500.79,77.6259)
  f[1][1] pts=2 (-428.908,-500.79,138.966) (-428.908,-500.79,77.6259)
joint 91 type=11 v0=52 v1=50 f0_0=5 f1_0=3 name=ss_e_op_1 orient=1 div=1 shift=0.66
  jv[0] pts=5 (-94.0087,-500.79,-62.1102) (-90.6451,-482.79,-62.1102) (-108.957,-482.79,-62.1102) (-112.32,-500.79,-62.1102) (-94.0087,-500.79,-62.1102)
  jv[1] pts=5 (-94.0087,-500.79,223.673) (-90.6451,-482.79,223.673) (-108.957,-482.79,223.673) (-112.32,-500.79,223.673) (-94.0087,-500.79,223.673)
  m[0][0] pts=4 (-94.0087,-500.79,33.1509) (-90.6451,-482.79,33.1509) (-90.6451,-482.79,143.654) (-94.0087,-500.79,143.654)
  m[0][1] pts=2 (-94.0087,-500.79,33.1509) (-94.0087,-500.79,143.654)
  f[0][0] pts=4 (-108.957,-482.79,48.3927) (-90.6451,-482.79,33.1509) (-90.6451,-482.79,143.654) (-108.957,-482.79,128.412)
  f[0][1] pts=2 (-108.957,-482.79,48.3927) (-108.957,-482.79,128.412)
  m[1][0] pts=4 (-112.32,-500.79,48.3927) (-108.957,-482.79,48.3927) (-108.957,-482.79,128.412) (-112.32,-500.79,128.412)
  m[1][1] pts=2 (-112.32,-500.79,48.3927) (-112.32,-500.79,128.412)
  f[1][0] pts=4 (-112.32,-500.79,48.3927) (-94.0087,-500.79,33.1509) (-94.0087,-500.79,143.654) (-112.32,-500.79,128.412)
  f[1][1] pts=2 (-112.32,-500.79,48.3927) (-112.32,-500.79,128.412)
joint 92 type=11 v0=53 v1=51 f0_0=3 f1_0=4 name=ss_e_op_1 orient=1 div=1 shift=0.66
  jv[0] pts=5 (-427.7,-183.113,223.673) (-410.045,-189.363,223.673) (-411.178,-208.057,223.673) (-428.832,-201.807,223.673) (-427.7,-183.113,223.673)
  jv[1] pts=5 (-427.7,-183.113,40.2547) (-410.045,-189.363,40.2547) (-411.178,-208.057,40.2547) (-428.832,-201.807,40.2547) (-427.7,-183.113,40.2547)
  m[0][0] pts=4 (-427.7,-183.113,162.534) (-410.045,-189.363,162.534) (-410.045,-189.363,91.6119) (-427.7,-183.113,91.6119)
  m[0][1] pts=2 (-427.7,-183.113,162.534) (-427.7,-183.113,91.6119)
  f[0][0] pts=4 (-411.178,-208.057,152.751) (-410.045,-189.363,162.534) (-410.045,-189.363,91.6119) (-411.178,-208.057,101.394)
  f[0][1] pts=2 (-411.178,-208.057,152.751) (-411.178,-208.057,101.394)
  m[1][0] pts=4 (-428.832,-201.807,152.751) (-411.178,-208.057,152.751) (-411.178,-208.057,101.394) (-428.832,-201.807,101.394)
  m[1][1] pts=2 (-428.832,-201.807,152.751) (-428.832,-201.807,101.394)
  f[1][0] pts=4 (-428.832,-201.807,152.751) (-427.7,-183.113,162.534) (-427.7,-183.113,91.6119) (-428.832,-201.807,101.394)
  f[1][1] pts=2 (-428.832,-201.807,152.751) (-428.832,-201.807,101.394)
joint 93 type=11 v0=53 v1=52 f0_0=5 f1_0=3 name=ss_e_op_1 orient=1 div=1 shift=0.66
  jv[0] pts=5 (-59.0363,-313.638,-45.6994) (-76.2115,-307.557,-45.6994) (-79.5583,-325.467,-45.6994) (-62.383,-331.548,-45.6994) (-59.0363,-313.638,-45.6994)
  jv[1] pts=5 (-59.0363,-313.638,223.673) (-76.2115,-307.557,223.673) (-79.5583,-325.467,223.673) (-62.383,-331.548,223.673) (-59.0363,-313.638,223.673)
  m[0][0] pts=4 (-59.0363,-313.638,44.0915) (-76.2115,-307.557,44.0915) (-76.2115,-307.557,148.249) (-59.0363,-313.638,148.249)
  m[0][1] pts=2 (-59.0363,-313.638,44.0915) (-59.0363,-313.638,148.249)
  f[0][0] pts=4 (-79.5583,-325.467,58.458) (-76.2115,-307.557,44.0915) (-76.2115,-307.557,148.249) (-79.5583,-325.467,133.882)
  f[0][1] pts=2 (-79.5583,-325.467,58.458) (-79.5583,-325.467,133.882)
  m[1][0] pts=4 (-62.383,-331.548,58.458) (-79.5583,-325.467,58.458) (-79.5583,-325.467,133.882) (-62.383,-331.548,133.882)
  m[1][1] pts=2 (-62.383,-331.548,58.458) (-62.383,-331.548,133.882)
  f[1][0] pts=4 (-62.383,-331.548,58.458) (-59.0363,-313.638,44.0915) (-59.0363,-313.638,148.249) (-62.383,-331.548,133.882)
  f[1][1] pts=2 (-62.383,-331.548,58.458) (-62.383,-331.548,133.882)
