# session joints after joint_create_geometry + orient
# count=50
joint 0 type=12 v0=0 v1=3 f0_0=3 f1_0=7 name=ss_e_ip_1 orient=1 div=5 shift=0.5
  jv[0] pts=5 (-440.999,-628.259,-117.71) (-434.235,-626.999,-110.818) (-410.178,-599.28,-144.388) (-416.942,-600.541,-151.28) (-440.999,-628.259,-117.71)
  jv[1] pts=5 (-524.904,-487.002,-61.202) (-518.14,-485.741,-54.3098) (-494.083,-458.023,-87.8794) (-500.847,-459.283,-94.7716) (-524.904,-487.002,-61.202)
  jv[2] pts=5 (-441.883,-629.063,-117.013) (-433.351,-626.195,-111.515) (-409.294,-598.476,-145.084) (-417.826,-601.345,-150.583) (-441.883,-629.063,-117.013)
  jv[3] pts=5 (-525.788,-487.806,-60.5053) (-517.256,-484.937,-55.0065) (-493.199,-457.219,-88.5761) (-501.731,-460.087,-94.0749) (-525.788,-487.806,-60.5053)
  m[0][0] pts=12 (-509.535,-506.551,-65.8285) (-512.917,-507.181,-69.2746) (-500.931,-527.361,-77.3472) (-494.167,-526.1,-70.455) (-482.18,-546.28,-78.5276) (-488.945,-547.541,-85.4198) (-476.958,-567.72,-93.4924) (-470.194,-566.46,-86.6002) (-458.208,-586.639,-94.6728) (-464.972,-587.9,-101.565) (-452.985,-608.08,-109.638) (-449.603,-607.449,-106.191)
  m[0][1] pts=2 (-509.535,-506.551,-65.8285) (-449.603,-607.449,-106.191)
  f[0][0] pts=12 (-509.535,-506.551,-65.8285) (-513.802,-507.985,-68.5779) (-501.815,-528.165,-76.6505) (-493.283,-525.297,-71.1517) (-481.296,-545.476,-79.2243) (-489.829,-548.345,-84.7231) (-477.842,-568.524,-92.7957) (-469.31,-565.656,-87.2969) (-457.323,-585.835,-95.3695) (-465.856,-588.704,-100.868) (-453.869,-608.883,-108.941) (-449.603,-607.449,-106.191)
  f[0][1] pts=2 (-509.535,-506.551,-65.8285) (-449.603,-607.449,-106.191)
  m[1][0] pts=12 (-485.479,-478.833,-99.3981) (-488.861,-479.463,-102.844) (-476.874,-499.643,-110.917) (-470.11,-498.382,-104.025) (-458.124,-518.562,-112.097) (-464.888,-519.822,-118.989) (-452.901,-540.002,-127.062) (-446.137,-538.741,-120.17) (-434.151,-558.921,-128.242) (-440.915,-560.182,-135.135) (-428.929,-580.361,-143.207) (-425.547,-579.731,-139.761)
  m[1][1] pts=2 (-485.479,-478.833,-99.3981) (-425.547,-579.731,-139.761)
  f[1][0] pts=12 (-485.479,-478.833,-99.3981) (-489.745,-480.267,-102.148) (-477.758,-500.447,-110.22) (-469.226,-497.578,-104.721) (-457.24,-517.758,-112.794) (-465.772,-520.626,-118.293) (-453.786,-540.806,-126.365) (-445.253,-537.937,-120.866) (-433.267,-558.117,-128.939) (-441.799,-560.985,-134.438) (-429.813,-581.165,-142.51) (-425.547,-579.731,-139.761)
  f[1][1] pts=2 (-485.479,-478.833,-99.3981) (-425.547,-579.731,-139.761)
joint 1 type=12 v0=0 v1=5 f0_0=4 f1_0=5 name=ss_e_ip_1 orient=1 div=3 shift=0.5
  jv[0] pts=5 (-534.076,-480.739,-63.3325) (-538.015,-472.606,-59.3206) (-509.494,-448.695,-92.5404) (-505.555,-456.828,-96.5523) (-534.076,-480.739,-63.3325)
  jv[1] pts=5 (-609.358,-484.117,-130.398) (-613.297,-475.984,-126.386) (-584.776,-452.073,-159.606) (-580.837,-460.206,-163.618) (-609.358,-484.117,-130.398)
  jv[2] pts=5 (-534.778,-481.485,-62.5074) (-537.314,-471.86,-60.1458) (-508.792,-447.949,-93.3656) (-506.257,-457.574,-95.7271) (-534.778,-481.485,-62.5074)
  jv[3] pts=5 (-610.06,-484.863,-129.573) (-612.595,-475.238,-127.212) (-584.074,-451.327,-160.431) (-581.538,-460.952,-162.793) (-610.06,-484.863,-129.573)
  m[0][0] pts=8 (-596.271,-479.375,-114.979) (-594.302,-483.441,-116.985) (-579.245,-482.766,-103.572) (-583.184,-474.633,-99.5601) (-568.128,-473.957,-86.147) (-564.189,-482.09,-90.1589) (-549.133,-481.414,-76.7457) (-551.102,-477.348,-74.7398)
  m[0][1] pts=2 (-596.271,-479.375,-114.979) (-551.102,-477.348,-74.7398)
  f[0][0] pts=8 (-596.271,-479.375,-114.979) (-595.003,-484.187,-116.16) (-579.947,-483.512,-102.747) (-582.483,-473.887,-100.385) (-567.426,-473.211,-86.9721) (-564.891,-482.836,-89.3337) (-549.834,-482.16,-75.9205) (-551.102,-477.348,-74.7398)
  f[0][1] pts=2 (-596.271,-479.375,-114.979) (-551.102,-477.348,-74.7398)
  m[1][0] pts=8 (-567.75,-455.464,-148.199) (-565.78,-459.531,-150.205) (-550.724,-458.855,-136.792) (-554.663,-450.722,-132.78) (-539.607,-450.046,-119.367) (-535.668,-458.179,-123.379) (-520.611,-457.504,-109.965) (-522.581,-453.437,-107.959)
  m[1][1] pts=2 (-567.75,-455.464,-148.199) (-522.581,-453.437,-107.959)
  f[1][0] pts=8 (-567.75,-455.464,-148.199) (-566.482,-460.276,-149.38) (-551.426,-459.601,-135.967) (-553.961,-449.976,-133.605) (-538.905,-449.3,-120.192) (-536.369,-458.925,-122.553) (-521.313,-458.249,-109.14) (-522.581,-453.437,-107.959)
  f[1][1] pts=2 (-567.75,-455.464,-148.199) (-522.581,-453.437,-107.959)
joint 2 type=12 v0=1 v1=3 f0_0=5 f1_0=3 name=ss_e_ip_1 orient=1 div=5 shift=0.5
  jv[0] pts=5 (-127,-575.614,49.3238) (-135.556,-572.187,52.7143) (-127.155,-541.173,14.6401) (-118.599,-544.6,11.2497) (-127,-575.614,49.3238)
  jv[1] pts=5 (-213.251,-684.438,-58.3526) (-221.807,-681.011,-54.9622) (-213.405,-649.997,-93.0363) (-204.849,-653.424,-96.4267) (-213.251,-684.438,-58.3526)
  jv[2] pts=5 (-127.308,-576.828,50.7969) (-135.249,-570.973,51.2413) (-126.847,-539.959,13.1671) (-118.906,-545.814,12.7227) (-127.308,-576.828,50.7969)
  jv[3] pts=5 (-213.558,-685.651,-56.8796) (-221.5,-679.797,-56.4352) (-213.098,-648.783,-94.5093) (-205.157,-654.638,-94.9537) (-213.558,-685.651,-56.8796)
  m[0][0] pts=12 (-205.207,-667.178,-41.275) (-200.929,-668.891,-42.9703) (-188.608,-653.345,-27.5879) (-197.164,-649.918,-24.1975) (-184.842,-634.372,-8.81511) (-176.286,-637.799,-12.2056) (-163.965,-622.252,3.1768) (-172.521,-618.826,6.56724) (-160.199,-603.28,21.9496) (-151.643,-606.706,18.5591) (-139.322,-591.16,33.9415) (-143.6,-589.447,35.6367)
  m[0][1] pts=2 (-205.207,-667.178,-41.275) (-143.6,-589.447,35.6367)
  f[0][0] pts=12 (-205.207,-667.178,-41.275) (-201.237,-670.105,-41.4972) (-188.915,-654.559,-26.1149) (-196.857,-648.704,-25.6705) (-184.535,-633.158,-10.2881) (-176.594,-639.013,-10.7325) (-164.272,-623.466,4.64983) (-172.214,-617.612,5.09421) (-159.892,-602.066,20.4766) (-151.951,-607.92,20.0322) (-139.629,-592.374,35.4145) (-143.6,-589.447,35.6367)
  f[0][1] pts=2 (-205.207,-667.178,-41.275) (-143.6,-589.447,35.6367)
  m[1][0] pts=12 (-196.806,-636.164,-79.3492) (-192.528,-637.877,-81.0444) (-180.206,-622.331,-65.662) (-188.762,-618.905,-62.2716) (-176.441,-603.358,-46.8893) (-167.885,-606.785,-50.2797) (-155.563,-591.239,-34.8974) (-164.119,-587.812,-31.5069) (-151.798,-572.266,-16.1246) (-143.242,-575.692,-19.515) (-130.92,-560.146,-4.13265) (-135.198,-558.433,-2.43743)
  m[1][1] pts=2 (-196.806,-636.164,-79.3492) (-135.198,-558.433,-2.43743)
  f[1][0] pts=12 (-196.806,-636.164,-79.3492) (-192.835,-639.091,-79.5714) (-180.514,-623.545,-64.189) (-188.455,-617.691,-63.7446) (-176.133,-602.144,-48.3623) (-168.192,-607.999,-48.8067) (-155.871,-592.453,-33.4243) (-163.812,-586.598,-32.9799) (-151.49,-571.052,-17.5976) (-143.549,-576.906,-18.042) (-131.228,-561.36,-2.65962) (-135.198,-558.433,-2.43743)
  f[1][1] pts=2 (-196.806,-636.164,-79.3492) (-135.198,-558.433,-2.43743)
joint 3 type=12 v0=1 v1=4 f0_0=3 f1_0=7 name=ss_e_ip_1 orient=1 div=5 shift=0.5
  jv[0] pts=5 (202.592,-684.783,-58.6939) (211.344,-681.688,-55.6322) (202.926,-650.286,-93.322) (194.175,-653.38,-96.3837) (202.592,-684.783,-58.6939)
  jv[1] pts=5 (126.339,-575.813,49.1265) (135.091,-572.719,52.1882) (126.673,-541.317,14.4984) (117.922,-544.411,11.4367) (126.339,-575.813,49.1265)
  jv[2] pts=5 (202.893,-685.973,-57.2783) (211.043,-680.498,-57.0479) (202.626,-649.096,-94.7376) (194.476,-654.571,-94.9681) (202.893,-685.973,-57.2783)
  jv[3] pts=5 (126.64,-577.004,50.5421) (134.79,-571.528,50.7725) (126.373,-540.126,13.0828) (118.223,-545.601,12.8523) (126.64,-577.004,50.5421)
  m[0][0] pts=12 (141.608,-589.833,35.2544) (137.233,-591.38,33.7235) (148.126,-606.947,18.3206) (156.877,-603.853,21.3824) (167.771,-619.42,5.97947) (159.019,-622.514,2.91771) (169.912,-638.081,-12.4852) (178.664,-634.987,-9.42345) (189.557,-650.554,-24.8264) (180.806,-653.648,-27.8881) (191.699,-669.215,-43.291) (196.075,-667.668,-41.7602)
  m[0][1] pts=2 (141.608,-589.833,35.2544) (196.075,-667.668,-41.7602)
  f[0][0] pts=12 (141.608,-589.833,35.2544) (137.533,-592.571,35.1392) (148.427,-608.138,19.7363) (156.577,-602.663,19.9667) (167.47,-618.23,4.5638) (159.32,-623.705,4.33338) (170.213,-639.272,-11.0695) (178.363,-633.797,-10.8391) (189.256,-649.364,-26.242) (181.106,-654.839,-26.4725) (192,-670.406,-41.8754) (196.075,-667.668,-41.7602)
  f[0][1] pts=2 (141.608,-589.833,35.2544) (196.075,-667.668,-41.7602)
  m[1][0] pts=12 (133.191,-558.431,-2.43537) (128.815,-559.978,-3.96624) (139.709,-575.545,-19.3692) (148.46,-572.451,-16.3074) (159.353,-588.018,-31.7103) (150.602,-591.112,-34.7721) (161.495,-606.679,-50.175) (170.246,-603.585,-47.1132) (181.14,-619.152,-62.5161) (172.388,-622.246,-65.5779) (183.282,-637.813,-80.9808) (187.657,-636.266,-79.4499)
  m[1][1] pts=2 (133.191,-558.431,-2.43537) (187.657,-636.266,-79.4499)
  f[1][0] pts=12 (133.191,-558.431,-2.43537) (129.116,-561.168,-2.55058) (140.009,-576.735,-17.9535) (148.159,-571.26,-17.7231) (159.053,-586.827,-33.126) (150.903,-592.302,-33.3564) (161.796,-607.869,-48.7593) (169.946,-602.394,-48.5289) (180.839,-617.961,-63.9318) (172.689,-623.437,-64.1622) (183.582,-639.004,-79.5652) (187.657,-636.266,-79.4499)
  f[1][1] pts=2 (133.191,-558.431,-2.43537) (187.657,-636.266,-79.4499)
joint 4 type=12 v0=1 v1=6 f0_0=4 f1_0=2 name=ss_e_ip_1 orient=1 div=6 shift=0.5
  jv[0] pts=5 (112.053,-569.777,55.0988) (112.053,-562.941,61.8625) (112.053,-534.623,21.1209) (112.053,-541.459,14.3573) (112.053,-569.777,55.0988)
  jv[1] pts=5 (-112.169,-569.777,55.0988) (-112.169,-562.941,61.8625) (-112.169,-534.623,21.1209) (-112.169,-541.459,14.3573) (-112.169,-569.777,55.0988)
  jv[2] pts=5 (112.053,-570.95,56.5469) (112.053,-561.768,60.4144) (112.053,-533.451,19.6728) (112.053,-542.632,15.8054) (112.053,-570.95,56.5469)
  jv[3] pts=5 (-112.169,-570.95,56.5469) (-112.169,-561.768,60.4144) (-112.169,-533.451,19.6728) (-112.169,-542.632,15.8054) (-112.169,-570.95,56.5469)
  m[0][0] pts=12 (-80.1373,-566.359,58.4806) (-80.1373,-569.777,55.0988) (-48.1057,-569.777,55.0988) (-48.1057,-562.941,61.8625) (-16.074,-562.941,61.8625) (-16.074,-569.777,55.0988) (15.9577,-569.777,55.0988) (15.9577,-562.941,61.8625) (47.9894,-562.941,61.8625) (47.9894,-569.777,55.0988) (80.0211,-569.777,55.0988) (80.0211,-566.359,58.4806)
  m[0][1] pts=2 (-80.1373,-566.359,58.4806) (80.0211,-566.359,58.4806)
  f[0][0] pts=12 (-80.1373,-566.359,58.4806) (-80.1373,-570.95,56.5469) (-48.1057,-570.95,56.5469) (-48.1057,-561.768,60.4144) (-16.074,-561.768,60.4144) (-16.074,-570.95,56.5469) (15.9577,-570.95,56.5469) (15.9577,-561.768,60.4144) (47.9894,-561.768,60.4144) (47.9894,-570.95,56.5469) (80.0211,-570.95,56.5469) (80.0211,-566.359,58.4806)
  f[0][1] pts=2 (-80.1373,-566.359,58.4806) (80.0211,-566.359,58.4806)
  m[1][0] pts=12 (-80.1373,-538.041,17.7391) (-80.1373,-541.459,14.3573) (-48.1057,-541.459,14.3573) (-48.1057,-534.623,21.1209) (-16.074,-534.623,21.1209) (-16.074,-541.459,14.3573) (15.9577,-541.459,14.3573) (15.9577,-534.623,21.1209) (47.9894,-534.623,21.1209) (47.9894,-541.459,14.3573) (80.0211,-541.459,14.3573) (80.0211,-538.041,17.7391)
  m[1][1] pts=2 (-80.1373,-538.041,17.7391) (80.0211,-538.041,17.7391)
  f[1][0] pts=12 (-80.1373,-538.041,17.7391) (-80.1373,-542.632,15.8054) (-48.1057,-542.632,15.8054) (-48.1057,-533.451,19.6728) (-16.074,-533.451,19.6728) (-16.074,-542.632,15.8054) (15.9577,-542.632,15.8054) (15.9577,-533.451,19.6728) (47.9894,-533.451,19.6728) (47.9894,-542.632,15.8054) (80.0211,-542.632,15.8054) (80.0211,-538.041,17.7391)
  f[1][1] pts=2 (-80.1373,-538.041,17.7391) (80.0211,-538.041,17.7391)
joint 5 type=12 v0=2 v1=4 f0_0=5 f1_0=3 name=ss_e_ip_1 orient=1 div=5 shift=0.5
  jv[0] pts=5 (522.498,-476.624,-53.4519) (515.046,-476.722,-47.2297) (490.486,-449.537,-80.8263) (497.938,-449.439,-87.0485) (522.498,-476.624,-53.4519)
  jv[1] pts=5 (464.35,-617.966,-125.312) (456.898,-618.064,-119.09) (432.338,-590.879,-152.687) (439.79,-590.781,-158.909) (464.35,-617.966,-125.312)
  jv[2] pts=5 (523.379,-477.326,-52.7838) (514.165,-476.019,-47.8978) (489.604,-448.835,-81.4944) (498.819,-450.141,-86.3804) (523.379,-477.326,-52.7838)
  jv[3] pts=5 (465.231,-618.668,-124.644) (456.017,-617.362,-119.758) (431.457,-590.177,-153.355) (440.671,-591.484,-158.241) (465.231,-618.668,-124.644)
  m[0][0] pts=12 (468.931,-597.823,-111.936) (472.657,-597.774,-115.047) (480.964,-577.583,-104.781) (473.512,-577.68,-98.5587) (481.819,-557.489,-88.2929) (489.27,-557.391,-94.515) (497.577,-537.199,-84.2492) (490.125,-537.297,-78.0271) (498.432,-517.105,-67.7613) (505.884,-517.007,-73.9835) (514.191,-496.816,-63.7177) (510.465,-496.864,-60.6066)
  m[0][1] pts=2 (468.931,-597.823,-111.936) (510.465,-496.864,-60.6066)
  f[0][0] pts=12 (468.931,-597.823,-111.936) (473.538,-598.477,-114.379) (481.845,-578.285,-104.113) (472.631,-576.978,-99.2267) (480.937,-556.787,-88.961) (490.152,-558.093,-93.847) (498.458,-537.901,-83.5812) (489.244,-536.595,-78.6952) (497.551,-516.403,-68.4294) (506.765,-517.71,-73.3154) (515.072,-497.518,-63.0496) (510.465,-496.864,-60.6066)
  f[0][1] pts=2 (468.931,-597.823,-111.936) (510.465,-496.864,-60.6066)
  m[1][0] pts=12 (444.371,-570.639,-145.532) (448.097,-570.59,-148.643) (456.404,-550.398,-138.377) (448.952,-550.496,-132.155) (457.259,-530.304,-121.889) (464.71,-530.206,-128.112) (473.017,-510.014,-117.846) (465.565,-510.112,-111.624) (473.872,-489.92,-101.358) (481.324,-489.823,-107.58) (489.631,-469.631,-97.3143) (485.905,-469.68,-94.2032)
  m[1][1] pts=2 (444.371,-570.639,-145.532) (485.905,-469.68,-94.2032)
  f[1][0] pts=12 (444.371,-570.639,-145.532) (448.978,-571.292,-147.975) (457.285,-551.1,-137.709) (448.071,-549.793,-132.823) (456.377,-529.602,-122.558) (465.592,-530.908,-127.444) (473.898,-510.716,-117.178) (464.684,-509.41,-112.292) (472.991,-489.218,-102.026) (482.205,-490.525,-106.912) (490.512,-470.333,-96.6462) (485.905,-469.68,-94.2032)
  f[1][1] pts=2 (444.371,-570.639,-145.532) (485.905,-469.68,-94.2032)
joint 6 type=12 v0=2 v1=7 f0_0=4 f1_0=3 name=ss_e_ip_1 orient=1 div=3 shift=0.5
  jv[0] pts=5 (611.51,-476.004,-128.243) (615.382,-467.8,-124.493) (586.813,-444.333,-157.882) (582.941,-452.537,-161.633) (611.51,-476.004,-128.243)
  jv[1] pts=5 (529.713,-471.001,-54.7416) (533.585,-462.797,-50.991) (505.017,-439.33,-84.3807) (501.145,-447.534,-88.1312) (529.713,-471.001,-54.7416)
  jv[2] pts=5 (612.138,-476.679,-127.498) (614.753,-467.124,-125.238) (586.185,-443.658,-158.628) (583.57,-453.213,-160.888) (612.138,-476.679,-127.498)
  jv[3] pts=5 (530.342,-471.676,-53.9961) (532.957,-462.121,-51.7365) (504.388,-438.655,-85.1261) (501.773,-448.21,-87.3857) (530.342,-471.676,-53.9961)
  m[0][0] pts=8 (548.009,-467.899,-67.5667) (546.073,-472.002,-69.4419) (562.432,-473.002,-84.1423) (566.304,-464.798,-80.3917) (582.663,-465.799,-95.0921) (578.791,-474.003,-98.8427) (595.15,-475.003,-113.543) (597.086,-470.901,-111.668)
  m[0][1] pts=2 (548.009,-467.899,-67.5667) (597.086,-470.901,-111.668)
  f[0][0] pts=8 (548.009,-467.899,-67.5667) (546.701,-472.677,-68.6965) (563.06,-473.678,-83.3968) (565.675,-464.123,-81.1372) (582.035,-465.123,-95.8376) (579.42,-474.678,-98.0972) (595.779,-475.679,-112.798) (597.086,-470.901,-111.668)
  f[0][1] pts=2 (548.009,-467.899,-67.5667) (597.086,-470.901,-111.668)
  m[1][0] pts=8 (519.44,-444.433,-100.956) (517.504,-448.535,-102.832) (533.863,-449.536,-117.532) (537.735,-441.332,-113.781) (554.095,-442.332,-128.482) (550.223,-450.536,-132.232) (566.582,-451.537,-146.933) (568.518,-447.435,-145.057)
  m[1][1] pts=2 (519.44,-444.433,-100.956) (568.518,-447.435,-145.057)
  f[1][0] pts=8 (519.44,-444.433,-100.956) (518.133,-449.21,-102.086) (534.492,-450.211,-116.786) (537.107,-440.656,-114.527) (553.466,-441.657,-129.227) (550.851,-451.212,-131.487) (567.211,-452.212,-146.187) (568.518,-447.435,-145.057)
  f[1][1] pts=2 (519.44,-444.433,-100.956) (568.518,-447.435,-145.057)
joint 7 type=12 v0=3 v1=5 f0_0=6 f1_0=6 name=ss_e_ip_1 orient=1 div=4 shift=0.5
  jv[0] pts=5 (-481.093,-373.521,33.0696) (-489.865,-369.238,32.1354) (-464.683,-348.402,-5.44702) (-455.911,-352.685,-4.51289) (-481.093,-373.521,33.0696)
  jv[1] pts=5 (-519.572,-469.565,-45.9599) (-528.344,-465.281,-46.8941) (-503.162,-444.446,-84.4765) (-494.39,-448.729,-83.5424) (-519.572,-469.565,-45.9599)
  jv[2] pts=5 (-456.892,-353.277,-3.31599) (-463.702,-347.81,-6.64392) (-488.884,-368.646,30.9385) (-482.074,-374.112,34.2664) (-456.892,-353.277,-3.31599)
  jv[3] pts=5 (-495.371,-449.321,-82.3455) (-502.181,-443.854,-85.6734) (-527.363,-464.69,-48.091) (-520.553,-470.156,-44.763) (-495.371,-449.321,-82.3455)
  m[0][0] pts=8 (-516.262,-448.214,-30.6211) (-511.876,-450.356,-30.154) (-504.18,-431.147,-14.3481) (-512.953,-426.864,-15.2823) (-505.257,-407.655,0.523624) (-496.485,-411.938,1.45775) (-488.789,-392.729,17.2637) (-493.175,-390.588,16.7966)
  m[0][1] pts=2 (-516.262,-448.214,-30.6211) (-493.175,-390.588,16.7966)
  f[0][0] pts=8 (-491.08,-427.379,-68.2035) (-487.675,-430.112,-66.5396) (-479.98,-410.903,-50.7337) (-486.789,-405.436,-54.0616) (-479.094,-386.228,-38.2557) (-472.284,-391.694,-34.9278) (-464.588,-372.486,-19.1219) (-467.993,-369.752,-20.7859)
  f[0][1] pts=2 (-491.08,-427.379,-68.2035) (-467.993,-369.752,-20.7859)
  m[1][0] pts=8 (-491.08,-427.379,-68.2035) (-486.694,-429.52,-67.7365) (-478.998,-410.311,-51.9306) (-487.771,-406.028,-52.8647) (-480.075,-386.819,-37.0588) (-471.302,-391.103,-36.1247) (-463.607,-371.894,-20.3188) (-467.993,-369.752,-20.7859)
  m[1][1] pts=2 (-491.08,-427.379,-68.2035) (-467.993,-369.752,-20.7859)
  f[1][0] pts=8 (-516.262,-448.214,-30.6211) (-512.857,-450.948,-28.9571) (-505.162,-431.739,-13.1512) (-511.971,-426.272,-16.4792) (-504.276,-407.063,-0.673275) (-497.466,-412.53,2.65465) (-489.77,-393.321,18.4606) (-493.175,-390.588,16.7966)
  f[1][1] pts=2 (-516.262,-448.214,-30.6211) (-493.175,-390.588,16.7966)
joint 8 type=12 v0=3 v1=6 f0_0=4 f1_0=7 name=ss_e_ip_1 orient=1 div=6 shift=0.5
  jv[0] pts=5 (-135.193,-556.632,60.6237) (-127.237,-554.353,65.4923) (-118.111,-531.293,22.536) (-126.066,-533.572,17.6674) (-135.193,-556.632,60.6237)
  jv[1] pts=5 (-232.623,-377.584,136.041) (-224.668,-375.306,140.91) (-215.542,-352.246,97.9536) (-223.497,-354.524,93.085) (-232.623,-377.584,136.041)
  jv[2] pts=5 (-135.636,-557.536,62.1973) (-126.794,-553.449,63.9187) (-117.667,-530.389,20.9624) (-126.51,-534.476,19.241) (-135.636,-557.536,62.1973)
  jv[3] pts=5 (-233.067,-378.489,137.615) (-224.224,-374.402,139.336) (-215.098,-351.342,96.38) (-223.941,-355.429,94.6586) (-233.067,-378.489,137.615)
  m[0][0] pts=12 (-214.727,-402.023,127.702) (-218.705,-403.163,125.267) (-204.786,-428.741,114.493) (-196.83,-426.462,119.362) (-182.912,-452.041,108.588) (-190.867,-454.319,103.719) (-176.949,-479.897,92.9455) (-168.993,-477.619,97.8141) (-155.074,-503.197,87.0401) (-163.03,-505.475,82.1715) (-149.111,-531.053,71.3976) (-145.134,-529.914,73.8319)
  m[0][1] pts=2 (-214.727,-402.023,127.702) (-145.134,-529.914,73.8319)
  f[0][0] pts=12 (-214.727,-402.023,127.702) (-219.148,-404.067,126.841) (-205.23,-429.645,116.067) (-196.387,-425.558,117.788) (-182.468,-451.136,107.014) (-191.311,-455.223,105.293) (-177.392,-480.801,94.5191) (-168.55,-476.715,96.2405) (-154.631,-502.293,85.4665) (-163.474,-506.379,83.7451) (-149.555,-531.958,72.9712) (-145.134,-529.914,73.8319)
  f[0][1] pts=2 (-214.727,-402.023,127.702) (-145.134,-529.914,73.8319)
  m[1][0] pts=12 (-205.601,-378.963,84.7453) (-209.578,-380.103,82.311) (-195.66,-405.681,71.5371) (-187.704,-403.402,76.4057) (-173.786,-428.981,65.6318) (-181.741,-431.259,60.7631) (-167.822,-456.837,49.9892) (-159.867,-454.559,54.8578) (-145.948,-480.137,44.0839) (-153.904,-482.415,39.2153) (-139.985,-507.993,28.4413) (-136.007,-506.854,30.8756)
  m[1][1] pts=2 (-205.601,-378.963,84.7453) (-136.007,-506.854,30.8756)
  f[1][0] pts=12 (-205.601,-378.963,84.7453) (-210.022,-381.007,83.8846) (-196.103,-406.585,73.1107) (-187.261,-402.498,74.8321) (-173.342,-428.076,64.0581) (-182.185,-432.163,62.3368) (-168.266,-457.741,51.5628) (-159.423,-453.655,53.2842) (-145.505,-479.233,42.5103) (-154.347,-483.319,40.7889) (-140.429,-508.898,30.015) (-136.007,-506.854,30.8756)
  f[1][1] pts=2 (-205.601,-378.963,84.7453) (-136.007,-506.854,30.8756)
joint 9 type=12 v0=3 v1=8 f0_0=5 f1_0=2 name=ss_e_ip_1 orient=1 div=7 shift=0.5
  jv[0] pts=5 (-245.85,-369.731,135.543) (-247.64,-361.599,140.089) (-229.741,-343.387,97.6986) (-227.951,-351.519,93.1527) (-245.85,-369.731,135.543)
  jv[1] pts=5 (-468.757,-366.875,42.6501) (-470.547,-358.742,47.196) (-452.648,-340.53,4.80544) (-450.858,-348.663,0.259533) (-468.757,-366.875,42.6501)
  jv[2] pts=5 (-246.454,-370.457,136.972) (-247.035,-360.873,138.66) (-229.136,-342.661,96.2697) (-228.555,-352.245,94.5816) (-246.454,-370.457,136.972)
  jv[3] pts=5 (-469.362,-367.6,44.079) (-469.943,-358.017,45.7671) (-452.044,-339.805,3.37655) (-451.463,-349.388,1.68843) (-469.362,-367.6,44.079)
  m[0][0] pts=16 (-444.885,-363.126,55.2445) (-443.99,-367.192,52.9716) (-419.222,-367.51,63.293) (-421.012,-359.377,67.8389) (-396.245,-359.694,78.1604) (-394.455,-367.827,73.6145) (-369.687,-368.144,83.936) (-371.477,-360.012,88.4819) (-346.71,-360.329,98.8033) (-344.92,-368.462,94.2574) (-320.152,-368.779,104.579) (-321.942,-360.646,109.125) (-297.175,-360.964,119.446) (-295.385,-369.097,114.9) (-270.617,-369.414,125.222) (-271.512,-365.348,127.495)
  m[0][1] pts=2 (-444.885,-363.126,55.2445) (-271.512,-365.348,127.495)
  f[0][0] pts=16 (-444.885,-363.126,55.2445) (-444.594,-367.918,54.4005) (-419.827,-368.235,64.7219) (-420.408,-358.652,66.41) (-395.64,-358.969,76.7315) (-395.059,-368.553,75.0434) (-370.292,-368.87,85.3648) (-370.873,-359.286,87.053) (-346.105,-359.604,97.3744) (-345.524,-369.187,95.6863) (-320.757,-369.505,106.008) (-321.337,-359.921,107.696) (-296.57,-360.238,118.017) (-295.989,-369.822,116.329) (-271.222,-370.139,126.651) (-271.512,-365.348,127.495)
  f[0][1] pts=2 (-444.885,-363.126,55.2445) (-271.512,-365.348,127.495)
  m[1][0] pts=16 (-426.986,-344.914,12.854) (-426.091,-348.98,10.581) (-401.323,-349.298,20.9025) (-403.113,-341.165,25.4484) (-378.346,-341.482,35.7698) (-376.556,-349.615,31.2239) (-351.788,-349.933,41.5454) (-353.578,-341.8,46.0913) (-328.811,-342.117,56.4128) (-327.021,-350.25,51.8669) (-302.253,-350.567,62.1883) (-304.043,-342.435,66.7342) (-279.276,-342.752,77.0557) (-277.486,-350.885,72.5098) (-252.718,-351.202,82.8312) (-253.613,-347.136,85.1042)
  m[1][1] pts=2 (-426.986,-344.914,12.854) (-253.613,-347.136,85.1042)
  f[1][0] pts=16 (-426.986,-344.914,12.854) (-426.695,-349.706,12.0099) (-401.928,-350.023,22.3314) (-402.509,-340.44,24.0195) (-377.741,-340.757,34.3409) (-377.16,-350.341,32.6528) (-352.393,-350.658,42.9743) (-352.974,-341.074,44.6624) (-328.206,-341.392,54.9839) (-327.625,-350.975,53.2957) (-302.858,-351.293,63.6172) (-303.439,-341.709,65.3053) (-278.671,-342.026,75.6268) (-278.09,-351.61,73.9387) (-253.323,-351.928,84.2601) (-253.613,-347.136,85.1042)
  f[1][1] pts=2 (-426.986,-344.914,12.854) (-253.613,-347.136,85.1042)
joint 10 type=12 v0=4 v1=6 f0_0=6 f1_0=3 name=ss_e_ip_1 orient=1 div=6 shift=0.5
  jv[0] pts=5 (236.353,-392.577,129.657) (228.591,-389.985,134.796) (219.443,-366.382,92.0689) (227.205,-368.973,86.9294) (236.353,-392.577,129.657)
  jv[1] pts=5 (135.425,-557.273,60.2838) (127.663,-554.682,65.4234) (118.515,-531.078,22.696) (126.277,-533.67,17.5565) (135.425,-557.273,60.2838)
  jv[2] pts=5 (236.81,-393.539,131.276) (228.135,-389.023,133.177) (218.987,-365.42,90.4501) (227.662,-369.935,88.5482) (236.81,-393.539,131.276)
  jv[3] pts=5 (135.882,-558.235,61.9027) (127.207,-553.72,63.8045) (118.059,-530.116,21.0772) (126.734,-534.632,19.1753) (135.882,-558.235,61.9027)
  m[0][0] pts=12 (145.963,-532.449,72.764) (149.844,-533.745,70.1942) (164.262,-510.217,80.1046) (156.5,-507.626,85.2442) (170.918,-484.097,95.1546) (178.68,-486.689,90.0151) (193.098,-463.161,99.9255) (185.337,-460.569,105.065) (199.755,-437.041,114.975) (207.517,-439.633,109.836) (221.935,-416.105,119.746) (218.054,-414.809,122.316)
  m[0][1] pts=2 (145.963,-532.449,72.764) (218.054,-414.809,122.316)
  f[0][0] pts=12 (145.963,-532.449,72.764) (150.3,-534.707,71.8131) (164.719,-511.179,81.7235) (156.043,-506.664,83.6254) (170.462,-483.136,93.5358) (179.137,-487.651,91.6339) (193.555,-464.123,101.544) (184.88,-459.608,103.446) (199.298,-436.08,113.357) (207.973,-440.595,111.455) (222.392,-417.067,121.365) (218.054,-414.809,122.316)
  f[0][1] pts=2 (145.963,-532.449,72.764) (218.054,-414.809,122.316)
  m[1][0] pts=12 (136.815,-508.846,30.0367) (140.695,-510.142,27.4669) (155.114,-486.614,37.3773) (147.352,-484.022,42.5169) (161.77,-460.494,52.4273) (169.532,-463.086,47.2877) (183.95,-439.558,57.1981) (176.188,-436.966,62.3377) (190.607,-413.438,72.2481) (198.369,-416.03,67.1086) (212.787,-392.501,77.019) (208.906,-391.206,79.5887)
  m[1][1] pts=2 (136.815,-508.846,30.0367) (208.906,-391.206,79.5887)
  f[1][0] pts=12 (136.815,-508.846,30.0367) (141.152,-511.104,29.0857) (155.57,-487.575,38.9961) (146.895,-483.06,40.898) (161.313,-459.532,50.8084) (169.989,-464.047,48.9066) (184.407,-440.519,58.817) (175.732,-436.004,60.7189) (190.15,-412.476,70.6293) (198.825,-416.991,68.7274) (213.244,-393.463,78.6378) (208.906,-391.206,79.5887)
  f[1][1] pts=2 (136.815,-508.846,30.0367) (208.906,-391.206,79.5887)
joint 11 type=12 v0=4 v1=7 f0_0=4 f1_0=2 name=ss_e_ip_1 orient=1 div=3 shift=0.5
  jv[0] pts=5 (514.798,-460.694,-37.6511) (523.439,-456.02,-38.1835) (498.271,-434.725,-75.5601) (489.63,-439.399,-75.0278) (514.798,-460.694,-37.6511)
  jv[1] pts=5 (478.292,-385.523,29.7595) (486.933,-380.849,29.2272) (461.765,-359.553,-8.14948) (453.124,-364.227,-7.61713) (478.292,-385.523,29.7595)
  jv[2] pts=5 (490.623,-440.016,-73.802) (497.278,-434.108,-76.786) (522.446,-455.404,-39.4093) (515.791,-461.311,-36.4253) (490.623,-440.016,-73.802)
  jv[3] pts=5 (454.117,-364.844,-6.39129) (460.772,-358.936,-9.37532) (485.94,-380.232,28.0013) (479.285,-386.14,30.9854) (454.117,-364.844,-6.39129)
  m[0][0] pts=8 (489.914,-398.22,16.0112) (485.593,-400.557,16.2774) (492.894,-415.591,2.79526) (501.536,-410.917,2.26291) (508.837,-425.952,-11.2192) (500.195,-430.626,-10.6869) (507.497,-445.66,-24.169) (511.817,-443.323,-24.4352)
  m[0][1] pts=2 (489.914,-398.22,16.0112) (511.817,-443.323,-24.4352)
  f[0][0] pts=8 (464.746,-376.925,-21.3654) (461.418,-379.879,-19.8734) (468.719,-394.913,-33.3556) (475.375,-389.005,-36.3396) (482.676,-404.039,-49.8217) (476.021,-409.947,-46.8377) (483.322,-424.982,-60.3198) (486.649,-422.028,-61.8118)
  f[0][1] pts=2 (464.746,-376.925,-21.3654) (486.649,-422.028,-61.8118)
  m[1][0] pts=8 (464.746,-376.925,-21.3654) (460.425,-379.262,-21.0993) (467.726,-394.296,-34.5814) (476.368,-389.622,-35.1137) (483.669,-404.656,-48.5959) (475.027,-409.33,-48.0635) (482.329,-424.365,-61.5457) (486.649,-422.028,-61.8118)
  m[1][1] pts=2 (464.746,-376.925,-21.3654) (486.649,-422.028,-61.8118)
  f[1][0] pts=8 (489.914,-398.22,16.0112) (486.586,-401.174,17.5032) (493.887,-416.208,4.0211) (500.543,-410.3,1.03707) (507.844,-425.335,-12.4451) (501.189,-431.243,-9.46103) (508.49,-446.277,-22.9432) (511.817,-443.323,-24.4352)
  f[1][1] pts=2 (489.914,-398.22,16.0112) (511.817,-443.323,-24.4352)
joint 12 type=12 v0=4 v1=9 f0_0=5 f1_0=2 name=ss_e_ip_1 orient=1 div=6 shift=0.5
  jv[0] pts=5 (465.5,-379.259,39.5976) (467.28,-371.177,44.375) (449.294,-352.281,2.242) (447.513,-360.363,-2.53536) (465.5,-379.259,39.5976)
  jv[1] pts=5 (250.151,-384.71,129.084) (251.931,-376.628,133.862) (233.945,-357.732,91.7288) (232.164,-365.814,86.9514) (250.151,-384.71,129.084)
  jv[2] pts=5 (466.135,-380.039,41.0799) (466.644,-370.397,42.8927) (448.658,-351.501,0.759711) (448.149,-361.143,-1.05307) (466.135,-380.039,41.0799)
  jv[3] pts=5 (250.786,-385.49,130.567) (251.295,-375.848,132.379) (233.309,-356.952,90.2465) (232.8,-366.594,88.4337) (250.786,-385.49,130.567)
  m[0][0] pts=12 (281.805,-379.89,118.689) (280.915,-383.931,116.301) (311.679,-383.152,103.517) (313.459,-375.071,108.294) (344.224,-374.292,95.5103) (342.443,-382.374,90.7329) (373.207,-381.595,77.9491) (374.988,-373.513,82.7265) (405.752,-372.735,69.9426) (403.971,-380.816,65.1653) (434.735,-380.038,52.3815) (435.626,-375.997,54.7701)
  m[0][1] pts=2 (281.805,-379.89,118.689) (435.626,-375.997,54.7701)
  f[0][0] pts=12 (281.805,-379.89,118.689) (281.55,-384.711,117.783) (312.315,-383.933,104.999) (312.824,-374.291,106.812) (343.588,-373.512,94.028) (343.079,-383.154,92.2152) (373.843,-382.375,79.4314) (374.352,-372.733,81.2442) (405.116,-371.954,68.4604) (404.607,-381.597,66.6476) (435.371,-380.818,53.8637) (435.626,-375.997,54.7701)
  f[0][1] pts=2 (281.805,-379.89,118.689) (435.626,-375.997,54.7701)
  m[1][0] pts=12 (263.819,-360.994,76.5563) (262.928,-365.035,74.1676) (293.692,-364.257,61.3838) (295.473,-356.175,66.1611) (326.237,-355.396,53.3773) (324.457,-363.478,48.6) (355.221,-362.699,35.8161) (357.001,-354.618,40.5935) (387.766,-353.839,27.8097) (385.985,-361.921,23.0323) (416.749,-361.142,10.2485) (417.639,-357.101,12.6371)
  m[1][1] pts=2 (263.819,-360.994,76.5563) (417.639,-357.101,12.6371)
  f[1][0] pts=12 (263.819,-360.994,76.5563) (263.564,-365.816,75.6499) (294.328,-365.037,62.8661) (294.837,-355.395,64.6788) (325.602,-354.616,51.895) (325.092,-364.258,50.0822) (355.856,-363.479,37.2984) (356.366,-353.837,39.1112) (387.13,-353.059,26.3274) (386.621,-362.701,24.5146) (417.385,-361.922,11.7308) (417.639,-357.101,12.6371)
  f[1][1] pts=2 (263.819,-360.994,76.5563) (417.639,-357.101,12.6371)
joint 13 type=12 v0=5 v1=8 f0_0=2 f1_0=7 name=ss_e_ip_1 orient=1 div=5 shift=0.5
  jv[0] pts=5 (-464.691,-339.946,-3.7733) (-458.945,-336.105,3.04624) (-485.53,-350.136,42.6372) (-491.276,-353.978,35.8177) (-464.691,-339.946,-3.7733)
  jv[1] pts=5 (-565.394,-173.803,-12.5128) (-559.647,-169.962,-5.69324) (-586.233,-183.993,33.8978) (-591.979,-187.834,27.0782) (-565.394,-173.803,-12.5128)
  jv[2] pts=5 (-492.404,-354.597,37.0382) (-484.403,-349.517,41.4168) (-457.818,-335.486,1.82576) (-465.819,-340.565,-2.55283) (-492.404,-354.597,37.0382)
  jv[3] pts=5 (-593.106,-188.453,28.2987) (-585.105,-183.374,32.6773) (-558.52,-169.343,-6.91372) (-566.521,-174.422,-11.2923) (-593.106,-188.453,28.2987)
  m[0][0] pts=12 (-548.135,-195.617,-7.85451) (-551.008,-197.538,-11.2643) (-536.622,-221.273,-10.0158) (-530.875,-217.431,-3.19625) (-516.489,-241.166,-1.94775) (-522.236,-245.008,-8.76729) (-507.85,-268.742,-7.51879) (-502.103,-264.901,-0.699252) (-487.717,-288.635,0.549245) (-493.463,-292.477,-6.2703) (-479.077,-316.212,-5.0218) (-476.204,-314.291,-1.61203)
  m[0][1] pts=2 (-548.135,-195.617,-7.85451) (-476.204,-314.291,-1.61203)
  f[0][0] pts=12 (-574.72,-209.648,31.7365) (-578.72,-212.188,29.5472) (-564.334,-235.923,30.7957) (-556.333,-230.843,35.1743) (-541.947,-254.578,36.4228) (-549.948,-259.658,32.0442) (-535.562,-283.392,33.2927) (-527.561,-278.313,37.6713) (-513.175,-302.047,38.9198) (-521.176,-307.127,34.5412) (-506.79,-330.862,35.7897) (-502.789,-328.322,37.979)
  f[0][1] pts=2 (-574.72,-209.648,31.7365) (-502.789,-328.322,37.979)
  m[1][0] pts=12 (-574.72,-209.648,31.7365) (-577.593,-211.569,28.3267) (-563.207,-235.304,29.5752) (-557.46,-231.462,36.3948) (-543.074,-255.197,37.6433) (-548.821,-259.039,30.8237) (-534.435,-282.773,32.0722) (-528.688,-278.932,38.8918) (-514.302,-302.666,40.1402) (-520.049,-306.508,33.3207) (-505.662,-330.243,34.5692) (-502.789,-328.322,37.979)
  m[1][1] pts=2 (-574.72,-209.648,31.7365) (-502.789,-328.322,37.979)
  f[1][0] pts=12 (-548.135,-195.617,-7.85451) (-552.135,-198.157,-10.0438) (-537.749,-221.892,-8.79531) (-529.748,-216.812,-4.41672) (-515.362,-240.547,-3.16822) (-523.363,-245.627,-7.54681) (-508.977,-269.361,-6.29832) (-500.976,-264.282,-1.91973) (-486.59,-288.016,-0.67123) (-494.591,-293.096,-5.04982) (-480.205,-316.831,-3.80132) (-476.204,-314.291,-1.61203)
  f[1][1] pts=2 (-548.135,-195.617,-7.85451) (-476.204,-314.291,-1.61203)
joint 14 type=12 v0=5 v1=10 f0_0=3 f1_0=5 name=ss_e_ip_1 orient=1 div=3 shift=0.5
  jv[0] pts=5 (-571.437,-170.553,-16.2259) (-573.516,-161.144,-13.5696) (-605.712,-169.828,23.6793) (-603.633,-179.237,21.023) (-571.437,-170.553,-16.2259)
  jv[1] pts=5 (-655.874,-168.723,-88.7816) (-657.953,-159.315,-86.1253) (-690.149,-167.999,-48.8764) (-688.07,-177.407,-51.5327) (-655.874,-168.723,-88.7816)
  jv[2] pts=5 (-572.539,-170.869,-14.9516) (-572.414,-160.829,-14.844) (-604.61,-169.513,22.4049) (-604.735,-179.553,22.2974) (-572.539,-170.869,-14.9516)
  jv[3] pts=5 (-656.976,-169.039,-87.5073) (-656.851,-158.999,-87.3997) (-689.047,-167.683,-50.1508) (-689.172,-177.723,-50.2583) (-656.976,-169.039,-87.5073)
  m[0][0] pts=8 (-640.026,-164.385,-72.9423) (-638.987,-169.089,-74.2705) (-622.099,-169.455,-59.7594) (-624.178,-160.047,-57.103) (-607.291,-160.413,-42.5919) (-605.212,-169.821,-45.2482) (-588.325,-170.187,-30.7371) (-589.364,-165.483,-29.4089)
  m[0][1] pts=2 (-640.026,-164.385,-72.9423) (-589.364,-165.483,-29.4089)
  f[0][0] pts=8 (-640.026,-164.385,-72.9423) (-640.089,-169.405,-72.9961) (-623.201,-169.771,-58.485) (-623.076,-159.731,-58.3774) (-606.189,-160.097,-43.8663) (-606.314,-170.137,-43.9738) (-589.427,-170.503,-29.4627) (-589.364,-165.483,-29.4089)
  f[0][1] pts=2 (-640.026,-164.385,-72.9423) (-589.364,-165.483,-29.4089)
  m[1][0] pts=8 (-672.222,-173.069,-35.6934) (-671.183,-177.773,-37.0216) (-654.295,-178.139,-22.5104) (-656.374,-168.731,-19.8541) (-639.487,-169.097,-5.34298) (-637.408,-178.505,-7.99931) (-620.521,-178.871,6.51183) (-621.56,-174.167,7.84)
  m[1][1] pts=2 (-672.222,-173.069,-35.6934) (-621.56,-174.167,7.84)
  f[1][0] pts=8 (-672.222,-173.069,-35.6934) (-672.285,-178.089,-35.7472) (-655.397,-178.455,-21.236) (-655.272,-168.415,-21.1285) (-638.385,-168.781,-6.61738) (-638.51,-178.821,-6.72491) (-621.623,-179.187,7.78623) (-621.56,-174.167,7.84)
  f[1][1] pts=2 (-672.222,-173.069,-35.6934) (-621.56,-174.167,7.84)
joint 15 type=12 v0=6 v1=8 f0_0=6 f1_0=3 name=ss_e_ip_1 orient=1 div=5 shift=0.5
  jv[0] pts=5 (-150.801,-216.503,205.846) (-159.563,-212.605,207.488) (-149.823,-198.096,160.93) (-141.062,-201.994,159.288) (-150.801,-216.503,205.846)
  jv[1] pts=5 (-224.707,-357.582,146.421) (-233.469,-353.683,148.063) (-223.729,-339.175,101.505) (-214.967,-343.073,99.863) (-224.707,-357.582,146.421)
  jv[2] pts=5 (-141.483,-202.602,161.254) (-149.402,-197.489,158.964) (-159.142,-211.997,205.522) (-151.223,-217.111,207.812) (-141.483,-202.602,161.254)
  jv[3] pts=5 (-215.388,-343.68,101.829) (-223.307,-338.567,99.539) (-233.047,-353.076,146.097) (-225.128,-358.189,148.387) (-215.388,-343.68,101.829)
  m[0][0] pts=12 (-218.53,-335.478,155.731) (-214.149,-337.428,154.91) (-203.591,-317.274,163.4) (-212.353,-313.375,165.042) (-201.795,-293.221,173.531) (-193.033,-297.119,171.889) (-182.475,-276.965,180.378) (-191.237,-273.067,182.02) (-180.679,-252.913,190.509) (-171.917,-256.811,188.867) (-161.359,-236.657,197.357) (-165.74,-234.708,198.178)
  m[0][1] pts=2 (-218.53,-335.478,155.731) (-165.74,-234.708,198.178)
  f[0][0] pts=12 (-208.79,-320.97,109.173) (-204.83,-323.526,110.318) (-194.272,-303.372,118.808) (-202.191,-298.259,116.517) (-191.634,-278.105,125.007) (-183.714,-283.218,127.297) (-173.157,-263.064,135.786) (-181.076,-257.951,133.496) (-170.518,-237.797,141.985) (-162.599,-242.91,144.275) (-152.041,-222.756,152.764) (-156,-220.199,151.619)
  f[0][1] pts=2 (-208.79,-320.97,109.173) (-156,-220.199,151.619)
  m[1][0] pts=12 (-208.79,-320.97,109.173) (-204.409,-322.919,108.352) (-193.851,-302.765,116.841) (-202.613,-298.866,118.484) (-192.055,-278.712,126.973) (-183.293,-282.611,125.331) (-172.735,-262.457,133.82) (-181.497,-258.558,135.462) (-170.939,-238.404,143.951) (-162.177,-242.303,142.309) (-151.619,-222.149,150.798) (-156,-220.199,151.619)
  m[1][1] pts=2 (-208.79,-320.97,109.173) (-156,-220.199,151.619)
  f[1][0] pts=12 (-218.53,-335.478,155.731) (-214.57,-338.035,156.876) (-204.012,-317.881,165.366) (-211.931,-312.768,163.076) (-201.373,-292.614,171.565) (-193.454,-297.727,173.855) (-182.896,-277.573,182.344) (-190.816,-272.46,180.054) (-180.258,-252.306,188.543) (-172.339,-257.419,190.833) (-161.781,-237.265,199.323) (-165.74,-234.708,198.178)
  f[1][1] pts=2 (-218.53,-335.478,155.731) (-165.74,-234.708,198.178)
joint 16 type=12 v0=6 v1=9 f0_0=4 f1_0=7 name=ss_e_ip_1 orient=1 div=5 shift=0.5
  jv[0] pts=5 (229.089,-372.311,140.217) (237.908,-368.556,141.799) (228.154,-353.867,95.3165) (219.336,-357.621,93.735) (229.089,-372.311,140.217)
  jv[1] pts=5 (151.025,-216.589,205.81) (159.843,-212.834,207.391) (150.089,-198.145,160.909) (141.271,-201.899,159.328) (151.025,-216.589,205.81)
  jv[2] pts=5 (219.755,-358.231,95.6821) (227.735,-353.257,93.3694) (237.489,-367.946,139.852) (229.509,-372.921,142.164) (219.755,-358.231,95.6821)
  jv[3] pts=5 (141.69,-202.509,161.275) (149.67,-197.535,158.962) (159.424,-212.224,205.444) (151.444,-217.199,207.757) (141.69,-202.509,161.275)
  m[0][0] pts=12 (166.586,-236.957,197.23) (162.177,-238.835,196.439) (173.329,-261.081,187.069) (182.147,-257.326,188.651) (193.299,-279.572,179.28) (184.481,-283.327,177.699) (195.633,-305.573,168.328) (204.452,-301.818,169.91) (215.604,-324.064,160.539) (206.785,-327.819,158.958) (217.937,-350.065,149.588) (222.347,-348.187,150.378)
  m[0][1] pts=2 (166.586,-236.957,197.23) (222.347,-348.187,150.378)
  f[0][0] pts=12 (156.832,-222.268,150.748) (152.842,-224.755,151.904) (163.994,-247.001,142.534) (171.974,-242.027,140.221) (183.126,-264.273,130.851) (175.146,-269.247,133.164) (186.299,-291.493,123.793) (194.279,-286.519,121.481) (205.431,-308.765,112.11) (197.451,-313.739,114.423) (208.603,-335.985,105.052) (212.593,-333.498,103.896)
  f[0][1] pts=2 (156.832,-222.268,150.748) (212.593,-333.498,103.896)
  m[1][0] pts=12 (156.832,-222.268,150.748) (152.423,-224.145,149.957) (163.575,-246.391,140.587) (172.394,-242.637,142.168) (183.546,-264.883,132.798) (174.727,-268.637,131.217) (185.879,-290.883,121.846) (194.698,-287.129,123.428) (205.85,-309.375,114.057) (197.031,-313.129,112.476) (208.183,-335.375,103.105) (212.593,-333.498,103.896)
  m[1][1] pts=2 (156.832,-222.268,150.748) (212.593,-333.498,103.896)
  f[1][0] pts=12 (166.586,-236.957,197.23) (162.596,-239.445,198.387) (173.748,-261.691,189.016) (181.728,-256.716,186.703) (192.88,-278.962,177.333) (184.9,-283.937,179.646) (196.052,-306.183,170.275) (204.032,-301.208,167.963) (215.184,-323.454,158.592) (207.204,-328.429,160.905) (218.357,-350.675,151.535) (222.347,-348.187,150.378)
  f[1][1] pts=2 (166.586,-236.957,197.23) (222.347,-348.187,150.378)
joint 17 type=12 v0=6 v1=11 f0_0=5 f1_0=2 name=ss_e_ip_1 orient=1 div=7 shift=0.5
  jv[0] pts=5 (136.363,-208.451,209.238) (136.363,-199.755,212.9) (136.363,-189.55,164.529) (136.363,-198.246,160.867) (136.363,-208.451,209.238)
  jv[1] pts=5 (-135.965,-208.451,209.238) (-135.965,-199.755,212.9) (-135.965,-189.55,164.529) (-135.965,-198.246,160.867) (-135.965,-208.451,209.238)
  jv[2] pts=5 (136.363,-208.907,211.069) (136.363,-199.299,211.069) (136.363,-189.094,162.698) (136.363,-198.702,162.698) (136.363,-208.907,211.069)
  jv[3] pts=5 (-135.965,-208.907,211.069) (-135.965,-199.299,211.069) (-135.965,-189.094,162.698) (-135.965,-198.702,162.698) (-135.965,-208.907,211.069)
  m[0][0] pts=16 (-105.706,-204.103,211.069) (-105.706,-208.451,209.238) (-75.4475,-208.451,209.238) (-75.4475,-199.755,212.9) (-45.1889,-199.755,212.9) (-45.1889,-208.451,209.238) (-14.9302,-208.451,209.238) (-14.9302,-199.755,212.9) (15.3284,-199.755,212.9) (15.3284,-208.451,209.238) (45.587,-208.451,209.238) (45.587,-199.755,212.9) (75.8457,-199.755,212.9) (75.8457,-208.451,209.238) (106.104,-208.451,209.238) (106.104,-204.103,211.069)
  m[0][1] pts=2 (-105.706,-204.103,211.069) (106.104,-204.103,211.069)
  f[0][0] pts=16 (-105.706,-204.103,211.069) (-105.706,-208.907,211.069) (-75.4475,-208.907,211.069) (-75.4475,-199.299,211.069) (-45.1889,-199.299,211.069) (-45.1889,-208.907,211.069) (-14.9302,-208.907,211.069) (-14.9302,-199.299,211.069) (15.3284,-199.299,211.069) (15.3284,-208.907,211.069) (45.587,-208.907,211.069) (45.587,-199.299,211.069) (75.8457,-199.299,211.069) (75.8457,-208.907,211.069) (106.104,-208.907,211.069) (106.104,-204.103,211.069)
  f[0][1] pts=2 (-105.706,-204.103,211.069) (106.104,-204.103,211.069)
  m[1][0] pts=16 (-105.706,-193.898,162.698) (-105.706,-198.246,160.867) (-75.4475,-198.246,160.867) (-75.4475,-189.55,164.529) (-45.1889,-189.55,164.529) (-45.1889,-198.246,160.867) (-14.9302,-198.246,160.867) (-14.9302,-189.55,164.529) (15.3284,-189.55,164.529) (15.3284,-198.246,160.867) (45.587,-198.246,160.867) (45.587,-189.55,164.529) (75.8457,-189.55,164.529) (75.8457,-198.246,160.867) (106.104,-198.246,160.867) (106.104,-193.898,162.698)
  m[1][1] pts=2 (-105.706,-193.898,162.698) (106.104,-193.898,162.698)
  f[1][0] pts=16 (-105.706,-193.898,162.698) (-105.706,-198.702,162.698) (-75.4475,-198.702,162.698) (-75.4475,-189.094,162.698) (-45.1889,-189.094,162.698) (-45.1889,-198.702,162.698) (-14.9302,-198.702,162.698) (-14.9302,-189.094,162.698) (15.3284,-189.094,162.698) (15.3284,-198.702,162.698) (45.587,-198.702,162.698) (45.587,-189.094,162.698) (75.8457,-189.094,162.698) (75.8457,-198.702,162.698) (106.104,-198.702,162.698) (106.104,-193.898,162.698)
  f[1][1] pts=2 (-105.706,-193.898,162.698) (106.104,-193.898,162.698)
joint 18 type=12 v0=7 v1=9 f0_0=6 f1_0=3 name=ss_e_ip_1 orient=1 div=6 shift=0.5
  jv[0] pts=5 (566.105,-173.704,-13.084) (560.281,-170.018,-6.27123) (586.895,-184.206,33.2206) (592.719,-187.891,26.4078) (566.105,-173.704,-13.084)
  jv[1] pts=5 (461.305,-351.673,-6.39261) (455.481,-347.988,0.420192) (482.095,-362.175,39.9121) (487.919,-365.86,33.0993) (461.305,-351.673,-6.39261)
  jv[2] pts=5 (593.835,-188.503,27.6031) (585.779,-183.594,32.0254) (559.165,-169.406,-7.46647) (567.221,-174.316,-11.8888) (593.835,-188.503,27.6031)
  jv[3] pts=5 (489.035,-366.473,34.2945) (480.98,-361.563,38.7168) (454.366,-347.376,-0.775041) (462.421,-352.285,-5.19738) (489.035,-366.473,34.2945)
  m[0][0] pts=12 (473.365,-324.406,-3.94213) (476.276,-326.249,-7.34853) (491.248,-300.825,-8.30445) (485.424,-297.139,-1.49164) (500.396,-271.715,-2.44756) (506.219,-275.401,-9.26037) (521.191,-249.977,-10.2163) (515.367,-246.291,-3.40348) (530.338,-220.867,-4.3594) (536.162,-224.552,-11.1722) (551.134,-199.128,-12.1281) (548.222,-197.285,-8.72172)
  m[0][1] pts=2 (473.365,-324.406,-3.94213) (548.222,-197.285,-8.72172)
  f[0][0] pts=12 (499.979,-338.594,35.5498) (504.006,-341.048,33.3386) (518.978,-315.624,32.3827) (510.922,-310.714,36.805) (525.894,-285.29,35.8491) (533.949,-290.2,31.4267) (548.92,-264.776,30.4708) (540.865,-259.866,34.8932) (555.837,-234.442,33.9373) (563.892,-239.352,29.5149) (578.863,-213.927,28.559) (574.836,-211.473,30.7702)
  f[0][1] pts=2 (499.979,-338.594,35.5498) (574.836,-211.473,30.7702)
  m[1][0] pts=12 (499.979,-338.594,35.5498) (502.89,-340.436,32.1434) (517.862,-315.012,31.1874) (512.038,-311.327,38.0002) (527.009,-285.902,37.0443) (532.833,-289.588,30.2315) (547.805,-264.164,29.2756) (541.981,-260.478,36.0884) (556.952,-235.054,35.1325) (562.776,-238.74,28.3197) (577.747,-213.315,27.3638) (574.836,-211.473,30.7702)
  m[1][1] pts=2 (499.979,-338.594,35.5498) (574.836,-211.473,30.7702)
  f[1][0] pts=12 (473.365,-324.406,-3.94213) (477.392,-326.861,-6.1533) (492.364,-301.437,-7.10922) (484.308,-296.527,-2.68688) (499.28,-271.103,-3.6428) (507.335,-276.013,-8.06514) (522.306,-250.589,-9.02105) (514.251,-245.679,-4.59871) (529.223,-220.255,-5.55463) (537.278,-225.164,-9.97697) (552.249,-199.74,-10.9329) (548.222,-197.285,-8.72172)
  f[1][1] pts=2 (473.365,-324.406,-3.94213) (548.222,-197.285,-8.72172)
joint 19 type=12 v0=7 v1=12 f0_0=5 f1_0=3 name=ss_e_ip_1 orient=1 div=3 shift=0.5
  jv[0] pts=5 (655.874,-168.723,-88.7816) (657.953,-159.315,-86.1253) (690.149,-167.999,-48.8764) (688.07,-177.407,-51.5327) (655.874,-168.723,-88.7816)
  jv[1] pts=5 (572.018,-170.54,-16.7246) (574.096,-161.132,-14.0682) (606.292,-169.816,23.1807) (604.214,-179.224,20.5244) (572.018,-170.54,-16.7246)
  jv[2] pts=5 (656.976,-169.039,-87.5073) (656.851,-158.999,-87.3997) (689.047,-167.683,-50.1508) (689.172,-177.723,-50.2583) (656.976,-169.039,-87.5073)
  jv[3] pts=5 (573.12,-170.856,-15.4502) (572.995,-160.816,-15.3426) (605.19,-169.5,21.9063) (605.316,-179.54,21.7988) (573.12,-170.856,-15.4502)
  m[0][0] pts=8 (589.828,-165.473,-29.8078) (588.789,-170.177,-31.136) (605.56,-169.813,-45.5474) (607.639,-160.405,-42.8911) (624.41,-160.042,-57.3025) (622.332,-169.45,-59.9588) (639.103,-169.087,-74.3702) (640.142,-164.382,-73.0421)
  m[0][1] pts=2 (589.828,-165.473,-29.8078) (640.142,-164.382,-73.0421)
  f[0][0] pts=8 (589.828,-165.473,-29.8078) (589.891,-170.493,-29.8616) (606.662,-170.129,-44.273) (606.537,-160.089,-44.1655) (623.308,-159.726,-58.5769) (623.433,-169.766,-58.6844) (640.205,-169.402,-73.0958) (640.142,-164.382,-73.0421)
  f[0][1] pts=2 (589.828,-165.473,-29.8078) (640.142,-164.382,-73.0421)
  m[1][0] pts=8 (622.024,-174.157,7.4411) (620.985,-178.861,6.11294) (637.756,-178.497,-8.29848) (639.835,-169.089,-5.64215) (656.606,-168.726,-20.0536) (654.527,-178.134,-22.7099) (671.299,-177.771,-37.1213) (672.338,-173.066,-35.7931)
  m[1][1] pts=2 (622.024,-174.157,7.4411) (672.338,-173.066,-35.7931)
  f[1][0] pts=8 (622.024,-174.157,7.4411) (622.087,-179.177,7.38734) (638.858,-178.813,-7.02408) (638.733,-168.773,-6.91655) (655.504,-168.41,-21.328) (655.629,-178.45,-21.4355) (672.401,-178.086,-35.8469) (672.338,-173.066,-35.7931)
  f[1][1] pts=2 (622.024,-174.157,7.4411) (672.338,-173.066,-35.7931)
joint 20 type=12 v0=8 v1=10 f0_0=6 f1_0=6 name=ss_e_ip_1 orient=1 div=5 shift=0.5
  jv[0] pts=5 (-489.054,-9.07957,54.5164) (-497.217,-4.36679,52.0435) (-524.692,-8.04002,93.349) (-516.529,-12.7528,95.8218) (-489.054,-9.07957,54.5164)
  jv[1] pts=5 (-559.251,-162.315,-5.80368) (-567.414,-157.602,-8.27656) (-594.889,-161.275,33.0289) (-586.726,-165.988,35.5018) (-559.251,-162.315,-5.80368)
  jv[2] pts=5 (-490.191,-9.068,55.8101) (-496.08,-4.37837,50.7498) (-523.555,-8.0516,92.0553) (-517.666,-12.7412,97.1155) (-490.191,-9.068,55.8101)
  jv[3] pts=5 (-560.388,-162.303,-4.50999) (-566.277,-157.614,-9.57025) (-593.752,-161.287,31.7352) (-587.863,-165.977,36.7955) (-560.388,-162.303,-4.50999)
  m[0][0] pts=12 (-553.304,-138.068,1.57703) (-549.223,-140.424,2.81347) (-539.195,-118.533,11.4306) (-547.357,-113.821,8.95774) (-537.329,-91.9298,17.5749) (-529.167,-96.6426,20.0478) (-519.138,-74.7519,28.6649) (-527.301,-70.0391,26.192) (-517.273,-48.1483,34.8092) (-509.11,-52.8611,37.2821) (-499.082,-30.9703,45.8992) (-503.163,-28.6139,44.6628)
  m[0][1] pts=2 (-553.304,-138.068,1.57703) (-503.163,-28.6139,44.6628)
  f[0][0] pts=12 (-553.304,-138.068,1.57703) (-550.36,-140.413,4.10716) (-540.332,-118.522,12.7243) (-546.221,-113.832,7.66406) (-536.192,-91.9414,16.2812) (-530.303,-96.631,21.3415) (-520.275,-74.7403,29.9586) (-526.164,-70.0507,24.8984) (-516.136,-48.1599,33.5155) (-510.247,-52.8495,38.5758) (-500.219,-30.9588,47.1929) (-503.163,-28.6139,44.6628)
  f[0][1] pts=2 (-553.304,-138.068,1.57703) (-503.163,-28.6139,44.6628)
  m[1][0] pts=12 (-580.779,-141.741,42.8825) (-576.698,-144.097,44.1189) (-566.67,-122.207,52.7361) (-574.833,-117.494,50.2632) (-564.804,-95.6031,58.8804) (-556.642,-100.316,61.3532) (-546.613,-78.4251,69.9704) (-554.776,-73.7123,67.4975) (-544.748,-51.8215,76.1147) (-536.585,-56.5343,78.5875) (-526.557,-34.6436,87.2047) (-530.638,-32.2872,85.9682)
  m[1][1] pts=2 (-580.779,-141.741,42.8825) (-530.638,-32.2872,85.9682)
  f[1][0] pts=12 (-580.779,-141.741,42.8825) (-577.835,-144.086,45.4126) (-567.807,-122.195,54.0298) (-573.696,-117.505,48.9695) (-563.667,-95.6146,57.5867) (-557.779,-100.304,62.6469) (-547.75,-78.4135,71.2641) (-553.639,-73.7239,66.2038) (-543.611,-51.8331,74.821) (-537.722,-56.5228,79.8812) (-527.694,-34.632,88.4984) (-530.638,-32.2872,85.9682)
  f[1][1] pts=2 (-580.779,-141.741,42.8825) (-530.638,-32.2872,85.9682)
joint 21 type=12 v0=8 v1=11 f0_0=4 f1_0=7 name=ss_e_ip_1 orient=1 div=6 shift=0.5
  jv[0] pts=5 (-149.205,-189.462,160.664) (-141.324,-185.675,164.732) (-151.389,-190.513,213.103) (-159.27,-194.301,209.035) (-149.205,-189.462,160.664)
  jv[1] pts=5 (-236.194,-8.48778,160.664) (-228.314,-4.69993,164.732) (-238.379,-9.53796,213.103) (-246.259,-13.3258,209.035) (-236.194,-8.48778,160.664)
  jv[2] pts=5 (-159.766,-194.539,211.069) (-150.893,-190.274,211.069) (-140.828,-185.436,162.698) (-149.701,-189.701,162.698) (-159.766,-194.539,211.069)
  jv[3] pts=5 (-246.756,-13.5645,211.069) (-237.882,-9.29931,211.069) (-227.817,-4.46127,162.698) (-236.69,-8.72643,162.698) (-246.756,-13.5645,211.069)
  m[0][0] pts=12 (-219.827,-32.4474,162.698) (-223.767,-34.3413,160.664) (-211.34,-60.1948,160.664) (-203.459,-56.407,164.732) (-191.032,-82.2605,164.732) (-198.913,-86.0484,160.664) (-186.486,-111.902,160.664) (-178.605,-108.114,164.732) (-166.178,-133.968,164.732) (-174.059,-137.755,160.664) (-161.632,-163.609,160.664) (-157.691,-161.715,162.698)
  m[0][1] pts=2 (-219.827,-32.4474,162.698) (-157.691,-161.715,162.698)
  f[0][0] pts=12 (-229.892,-37.2854,211.069) (-234.329,-39.418,211.069) (-221.902,-65.2715,211.069) (-213.028,-61.0064,211.069) (-200.601,-86.8599,211.069) (-209.474,-91.1251,211.069) (-197.047,-116.979,211.069) (-188.174,-112.713,211.069) (-175.747,-138.567,211.069) (-184.62,-142.832,211.069) (-172.193,-168.686,211.069) (-167.757,-166.553,211.069)
  f[0][1] pts=2 (-229.892,-37.2854,211.069) (-167.757,-166.553,211.069)
  m[1][0] pts=12 (-229.892,-37.2854,211.069) (-233.832,-39.1793,209.035) (-221.405,-65.0329,209.035) (-213.525,-61.245,213.103) (-201.098,-87.0985,213.103) (-208.978,-90.8864,209.035) (-196.551,-116.74,209.035) (-188.671,-112.952,213.103) (-176.244,-138.806,213.103) (-184.124,-142.593,209.035) (-171.697,-168.447,209.035) (-167.757,-166.553,211.069)
  m[1][1] pts=2 (-229.892,-37.2854,211.069) (-167.757,-166.553,211.069)
  f[1][0] pts=12 (-219.827,-32.4474,162.698) (-224.263,-34.58,162.698) (-211.836,-60.4335,162.698) (-202.963,-56.1683,162.698) (-190.536,-82.0219,162.698) (-199.409,-86.287,162.698) (-186.982,-112.141,162.698) (-178.109,-107.875,162.698) (-165.682,-133.729,162.698) (-174.555,-137.994,162.698) (-162.128,-163.848,162.698) (-157.691,-161.715,162.698)
  f[1][1] pts=2 (-219.827,-32.4474,162.698) (-157.691,-161.715,162.698)
joint 22 type=12 v0=8 v1=13 f0_0=5 f1_0=2 name=ss_e_ip_1 orient=1 div=7 shift=0.5
  jv[0] pts=5 (-240.957,-4.6206,159.446) (-241.621,4.6206,161.03) (-260.724,4.6206,206.587) (-260.06,-4.6206,205.003) (-240.957,-4.6206,159.446)
  jv[1] pts=5 (-483.846,-4.6206,57.5988) (-484.51,4.6206,59.1829) (-503.613,4.6206,104.739) (-502.949,-4.6206,103.155) (-483.846,-4.6206,57.5988)
  jv[2] pts=5 (-241.621,-4.6206,161.03) (-240.957,4.6206,159.446) (-260.06,4.6206,205.003) (-260.724,-4.6206,206.587) (-241.621,-4.6206,161.03)
  jv[3] pts=5 (-484.51,-4.6206,59.1829) (-483.846,4.6206,57.5988) (-502.949,4.6206,103.155) (-503.613,-4.6206,104.739) (-484.51,-4.6206,59.1829)
  m[0][0] pts=16 (-457.19,-2.9829e-12,69.7072) (-456.858,-4.6206,68.9152) (-429.871,-4.6206,80.2316) (-430.535,4.6206,81.8157) (-403.547,4.6206,93.132) (-402.883,-4.6206,91.548) (-375.895,-4.6206,102.864) (-376.56,4.6206,104.448) (-349.572,4.6206,115.765) (-348.908,-4.6206,114.181) (-321.92,-4.6206,125.497) (-322.584,4.6206,127.081) (-295.597,4.6206,138.398) (-294.932,-4.6206,136.813) (-267.945,-4.6206,148.13) (-268.277,6.45212e-13,148.922)
  m[0][1] pts=2 (-457.19,-2.9829e-12,69.7072) (-268.277,6.45212e-13,148.922)
  f[0][0] pts=16 (-457.19,-2.97974e-12,69.7072) (-457.523,-4.6206,70.4993) (-430.535,-4.6206,81.8157) (-429.871,4.6206,80.2316) (-402.883,4.6206,91.548) (-403.547,-4.6206,93.132) (-376.56,-4.6206,104.448) (-375.895,4.6206,102.864) (-348.908,4.6206,114.181) (-349.572,-4.6206,115.765) (-322.584,-4.6206,127.081) (-321.92,4.6206,125.497) (-294.932,4.6206,136.813) (-295.597,-4.6206,138.398) (-268.609,-4.6206,149.714) (-268.277,6.45607e-13,148.922)
  f[0][1] pts=2 (-457.19,-2.97974e-12,69.7072) (-268.277,6.45607e-13,148.922)
  m[1][0] pts=16 (-476.293,-4.67044e-12,115.264) (-475.961,-4.6206,114.472) (-448.973,-4.6206,125.788) (-449.638,4.6206,127.372) (-422.65,4.6206,138.689) (-421.986,-4.6206,137.104) (-394.998,-4.6206,148.421) (-395.662,4.6206,150.005) (-368.675,4.6206,161.321) (-368.01,-4.6206,159.737) (-341.023,-4.6206,171.054) (-341.687,4.6206,172.638) (-314.699,4.6206,183.954) (-314.035,-4.6206,182.37) (-287.047,-4.6206,193.686) (-287.38,-1.04233e-12,194.478)
  m[1][1] pts=2 (-476.293,-4.67044e-12,115.264) (-287.38,-1.04233e-12,194.478)
  f[1][0] pts=16 (-476.293,-4.66728e-12,115.264) (-476.625,-4.6206,116.056) (-449.638,-4.6206,127.372) (-448.973,4.6206,125.788) (-421.986,4.6206,137.104) (-422.65,-4.6206,138.689) (-395.662,-4.6206,150.005) (-394.998,4.6206,148.421) (-368.01,4.6206,159.737) (-368.675,-4.6206,161.321) (-341.687,-4.6206,172.638) (-341.023,4.6206,171.054) (-314.035,4.6206,182.37) (-314.699,-4.6206,183.954) (-287.712,-4.6206,195.27) (-287.38,-1.04193e-12,194.478)
  f[1][1] pts=2 (-476.293,-4.66728e-12,115.264) (-287.38,-1.04193e-12,194.478)
joint 23 type=12 v0=9 v1=11 f0_0=6 f1_0=3 name=ss_e_ip_1 orient=1 div=6 shift=0.5
  jv[0] pts=5 (250.257,-13.4199,209.011) (242.431,-9.51061,213.127) (232.344,-4.47206,164.756) (240.17,-8.38131,160.64) (250.257,-13.4199,209.011)
  jv[1] pts=5 (159.788,-194.528,209.011) (151.962,-190.619,213.127) (141.875,-185.581,164.756) (149.701,-189.49,160.64) (159.788,-194.528,209.011)
  jv[2] pts=5 (250.759,-13.6708,211.069) (241.928,-9.25968,211.069) (231.842,-4.22113,162.698) (240.672,-8.63225,162.698) (250.759,-13.6708,211.069)
  jv[3] pts=5 (160.29,-194.779,211.069) (151.46,-190.368,211.069) (141.373,-185.33,162.698) (150.204,-189.741,162.698) (160.29,-194.779,211.069)
  m[0][0] pts=12 (168.799,-166.701,211.069) (172.712,-168.656,209.011) (185.636,-142.783,209.011) (177.81,-138.874,213.127) (190.734,-113.001,213.127) (198.56,-116.91,209.011) (211.484,-91.0378,209.011) (203.658,-87.1285,213.127) (216.583,-61.2559,213.127) (224.408,-65.1651,209.011) (237.333,-39.2925,209.011) (233.42,-37.3379,211.069)
  m[0][1] pts=2 (168.799,-166.701,211.069) (233.42,-37.3379,211.069)
  f[0][0] pts=12 (168.799,-166.701,211.069) (173.214,-168.907,211.069) (186.139,-143.034,211.069) (177.308,-138.623,211.069) (190.232,-112.75,211.069) (199.063,-117.161,211.069) (211.987,-91.2887,211.069) (203.156,-86.8776,211.069) (216.08,-61.005,211.069) (224.911,-65.4161,211.069) (237.835,-39.5434,211.069) (233.42,-37.3379,211.069)
  f[0][1] pts=2 (168.799,-166.701,211.069) (233.42,-37.3379,211.069)
  m[1][0] pts=12 (158.713,-161.663,162.698) (162.625,-163.617,160.64) (175.55,-137.745,160.64) (167.724,-133.835,164.756) (180.648,-107.963,164.756) (188.474,-111.872,160.64) (201.398,-85.9992,160.64) (193.572,-82.09,164.756) (206.496,-56.2174,164.756) (214.322,-60.1266,160.64) (227.246,-34.254,160.64) (223.333,-32.2993,162.698)
  m[1][1] pts=2 (158.713,-161.663,162.698) (223.333,-32.2993,162.698)
  f[1][0] pts=12 (158.713,-161.663,162.698) (163.128,-163.868,162.698) (176.052,-137.995,162.698) (167.221,-133.584,162.698) (180.145,-107.712,162.698) (188.976,-112.123,162.698) (201.9,-86.2502,162.698) (193.07,-81.8391,162.698) (205.994,-55.9664,162.698) (214.824,-60.3775,162.698) (227.748,-34.5049,162.698) (223.333,-32.2993,162.698)
  f[1][1] pts=2 (158.713,-161.663,162.698) (223.333,-32.2993,162.698)
joint 24 type=12 v0=9 v1=12 f0_0=4 f1_0=2 name=ss_e_ip_1 orient=1 div=5 shift=0.5
  jv[0] pts=5 (587.203,-166.247,35.0729) (595.312,-161.375,32.6846) (567.834,-157.532,-8.61843) (559.725,-162.405,-6.23008) (587.203,-166.247,35.0729)
  jv[1] pts=5 (513.627,-12.8099,98.2961) (521.736,-7.9375,95.9078) (494.258,-4.09492,54.6047) (486.149,-8.9673,56.9931) (513.627,-12.8099,98.2961)
  jv[2] pts=5 (560.868,-162.396,-4.92214) (566.691,-157.541,-9.92637) (594.169,-161.384,31.3766) (588.346,-166.239,36.3809) (560.868,-162.396,-4.92214)
  jv[3] pts=5 (487.292,-8.95837,58.301) (493.116,-4.10385,53.2968) (520.593,-7.94642,94.5998) (514.77,-12.8009,99.6041) (487.292,-8.95837,58.301)
  m[0][0] pts=12 (528.192,-32.2933,88.0701) (524.138,-34.7295,89.2642) (534.649,-56.6492,80.2323) (542.758,-51.7768,77.844) (553.269,-73.6965,68.8121) (545.16,-78.5688,71.2005) (555.671,-100.488,62.1686) (563.779,-95.6161,59.7802) (574.29,-117.536,50.7484) (566.181,-122.408,53.1367) (576.692,-144.328,44.1048) (580.747,-141.892,42.9106)
  m[0][1] pts=2 (528.192,-32.2933,88.0701) (580.747,-141.892,42.9106)
  f[0][0] pts=12 (500.715,-28.4508,46.767) (497.803,-30.878,49.2692) (508.314,-52.7977,40.2373) (514.137,-47.9432,35.233) (524.648,-69.8628,26.2012) (518.824,-74.7173,31.2054) (529.335,-96.637,22.1735) (535.159,-91.7825,17.1693) (545.67,-113.702,8.13739) (539.846,-118.557,13.1416) (550.357,-140.476,4.10975) (553.269,-138.049,1.60763)
  f[0][1] pts=2 (500.715,-28.4508,46.767) (553.269,-138.049,1.60763)
  m[1][0] pts=12 (500.715,-28.4508,46.767) (496.66,-30.887,47.9612) (507.171,-52.8066,38.9293) (515.28,-47.9342,36.541) (525.791,-69.8539,27.5091) (517.682,-74.7263,29.8974) (528.193,-96.6459,20.8656) (536.301,-91.7735,18.4772) (546.812,-113.693,9.44534) (538.703,-118.566,11.8337) (549.214,-140.485,2.8018) (553.269,-138.049,1.60763)
  m[1][1] pts=2 (500.715,-28.4508,46.767) (553.269,-138.049,1.60763)
  f[1][0] pts=12 (528.192,-32.2933,88.0701) (525.281,-34.7206,90.5722) (535.791,-56.6402,81.5403) (541.615,-51.7857,76.5361) (552.126,-73.7054,67.5042) (546.302,-78.5599,72.5084) (556.813,-100.48,63.4765) (562.637,-95.625,58.4723) (573.148,-117.545,49.4404) (567.324,-122.399,54.4446) (577.835,-144.319,45.4128) (580.747,-141.892,42.9106)
  f[1][1] pts=2 (528.192,-32.2933,88.0701) (580.747,-141.892,42.9106)
joint 25 type=12 v0=9 v1=14 f0_0=5 f1_0=2 name=ss_e_ip_1 orient=1 div=7 shift=0.5
  jv[0] pts=5 (499.919,-4.64972,105.781) (500.618,4.64972,107.442) (481.427,4.64972,61.8434) (480.728,-4.64972,60.1826) (499.919,-4.64972,105.781)
  jv[1] pts=5 (264.232,-4.64972,204.973) (264.931,4.64972,206.634) (245.74,4.64972,161.035) (245.041,-4.64972,159.375) (264.232,-4.64972,204.973)
  jv[2] pts=5 (500.618,-4.64972,107.442) (499.919,4.64972,105.781) (480.728,4.64972,60.1826) (481.427,-4.64972,61.8434) (500.618,-4.64972,107.442)
  jv[3] pts=5 (264.931,-4.64972,206.634) (264.232,4.64972,204.973) (245.041,4.64972,159.375) (245.74,-4.64972,161.035) (264.931,-4.64972,206.634)
  m[0][0] pts=16 (290.769,2.66454e-14,194.782) (290.419,-4.64972,193.952) (316.607,-4.64972,182.931) (317.306,4.64972,184.591) (343.493,4.64972,173.57) (342.794,-4.64972,171.909) (368.982,-4.64972,160.888) (369.681,4.64972,162.549) (395.868,4.64972,151.527) (395.169,-4.64972,149.867) (421.356,-4.64972,138.845) (422.055,4.64972,140.506) (448.243,4.64972,129.485) (447.544,-4.64972,127.824) (473.731,-4.64972,116.802) (474.081,2.66454e-14,117.633)
  m[0][1] pts=2 (290.769,2.66454e-14,194.782) (474.081,2.66454e-14,117.633)
  f[0][0] pts=16 (290.769,2.66454e-14,194.782) (291.118,-4.64972,195.613) (317.306,-4.64972,184.591) (316.607,4.64972,182.931) (342.794,4.64972,171.909) (343.493,-4.64972,173.57) (369.681,-4.64972,162.549) (368.982,4.64972,160.888) (395.169,4.64972,149.867) (395.868,-4.64972,151.527) (422.055,-4.64972,140.506) (421.356,4.64972,138.845) (447.544,4.64972,127.824) (448.243,-4.64972,129.485) (474.43,-4.64972,118.463) (474.081,2.66454e-14,117.633)
  f[0][1] pts=2 (290.769,2.66454e-14,194.782) (474.081,2.66454e-14,117.633)
  m[1][0] pts=16 (271.578,-9.07185e-12,149.184) (271.229,-4.64972,148.353) (297.416,-4.64972,137.332) (298.115,4.64972,138.993) (324.302,4.64972,127.971) (323.603,-4.64972,126.311) (349.791,-4.64972,115.289) (350.49,4.64972,116.95) (376.677,4.64972,105.929) (375.978,-4.64972,104.268) (402.166,-4.64972,93.2466) (402.865,4.64972,94.9074) (429.052,4.64972,83.8861) (428.353,-4.64972,82.2252) (454.54,-4.64972,71.2039) (454.89,-9.07185e-12,72.0343)
  m[1][1] pts=2 (271.578,-9.07185e-12,149.184) (454.89,-9.07185e-12,72.0343)
  f[1][0] pts=16 (271.578,-9.0612e-12,149.184) (271.928,-4.64972,150.014) (298.115,-4.64972,138.993) (297.416,4.64972,137.332) (323.603,4.64972,126.311) (324.302,-4.64972,127.971) (350.49,-4.64972,116.95) (349.791,4.64972,115.289) (375.978,4.64972,104.268) (376.677,-4.64972,105.929) (402.865,-4.64972,94.9074) (402.166,4.64972,93.2466) (428.353,4.64972,82.2252) (429.052,-4.64972,83.8861) (455.239,-4.64972,72.8648) (454.89,-9.0612e-12,72.0343)
  f[1][1] pts=2 (271.578,-9.0612e-12,149.184) (454.89,-9.0612e-12,72.0343)
joint 26 type=12 v0=10 v1=13 f0_0=2 f1_0=7 name=ss_e_ip_1 orient=1 div=5 shift=0.5
  jv[0] pts=5 (-496.298,4.20419,50.5619) (-489.972,9.24218,55.998) (-517.447,12.9154,97.3035) (-523.773,7.87742,91.8673) (-496.298,4.20419,50.5619)
  jv[1] pts=5 (-566.496,157.44,-9.75819) (-560.169,162.478,-4.32205) (-587.644,166.151,36.9834) (-593.971,161.113,31.5473) (-566.496,157.44,-9.75819)
  jv[2] pts=5 (-524.978,7.87485,93.2623) (-516.243,12.918,95.9085) (-488.768,9.24475,54.603) (-497.503,4.20162,51.9568) (-524.978,7.87485,93.2623)
  jv[3] pts=5 (-595.175,161.11,32.9422) (-586.44,166.153,35.5885) (-558.965,162.48,-5.71701) (-567.7,157.437,-8.36323) (-595.175,161.11,32.9422)
  m[0][0] pts=12 (-553.304,138.068,1.57703) (-556.467,135.549,-1.14104) (-546.439,113.658,7.47611) (-540.113,118.696,12.9123) (-530.085,96.8052,21.5294) (-536.411,91.7672,16.0933) (-526.383,69.8765,24.7104) (-520.057,74.9145,30.1466) (-510.028,53.0237,38.7637) (-516.355,47.9857,33.3276) (-506.327,26.0949,41.9447) (-503.163,28.6139,44.6628)
  m[0][1] pts=2 (-553.304,138.068,1.57703) (-503.163,28.6139,44.6628)
  f[0][0] pts=12 (-580.779,141.741,42.8825) (-585.147,139.219,41.5594) (-575.119,117.329,50.1765) (-566.384,122.372,52.8228) (-556.356,100.481,61.4399) (-565.09,95.4379,58.7937) (-555.062,73.5471,67.4108) (-546.327,78.5903,70.0571) (-536.299,56.6995,78.6742) (-545.034,51.6564,76.028) (-535.006,29.7656,84.6451) (-530.638,32.2872,85.9682)
  f[0][1] pts=2 (-580.779,141.741,42.8825) (-530.638,32.2872,85.9682)
  m[1][0] pts=12 (-580.779,141.741,42.8825) (-583.943,139.222,40.1644) (-573.914,117.331,48.7816) (-567.588,122.369,54.2177) (-557.56,100.478,62.8349) (-563.886,95.4405,57.3987) (-553.858,73.5497,66.0159) (-547.532,78.5877,71.452) (-537.503,56.6969,80.0692) (-543.83,51.6589,74.633) (-533.802,29.7682,83.2502) (-530.638,32.2872,85.9682)
  m[1][1] pts=2 (-580.779,141.741,42.8825) (-530.638,32.2872,85.9682)
  f[1][0] pts=12 (-553.304,138.068,1.57703) (-557.672,135.546,0.253919) (-547.644,113.655,8.87107) (-538.909,118.699,11.5173) (-528.88,96.8078,20.1344) (-537.615,91.7647,17.4882) (-527.587,69.8739,26.1054) (-518.852,74.917,28.7516) (-508.824,53.0263,37.3687) (-517.559,47.9831,34.7225) (-507.531,26.0924,43.3397) (-503.163,28.6139,44.6628)
  f[1][1] pts=2 (-553.304,138.068,1.57703) (-503.163,28.6139,44.6628)
joint 27 type=12 v0=10 v1=15 f0_0=3 f1_0=5 name=ss_e_ip_1 orient=1 div=3 shift=0.5
  jv[0] pts=5 (-572.415,160.852,-14.8443) (-572.539,170.845,-14.9513) (-604.735,179.529,22.2976) (-604.61,169.536,22.4047) (-572.415,160.852,-14.8443)
  jv[1] pts=5 (-656.851,159.022,-87.4) (-656.976,169.016,-87.507) (-689.172,177.7,-50.2581) (-689.047,167.706,-50.151) (-656.851,159.022,-87.4)
  jv[2] pts=5 (-573.511,161.166,-13.5758) (-571.442,170.531,-16.2198) (-603.638,179.215,21.0292) (-605.707,169.85,23.6731) (-573.511,161.166,-13.5758)
  jv[3] pts=5 (-657.948,159.337,-86.1315) (-655.879,168.701,-88.7755) (-688.075,177.385,-51.5265) (-690.144,168.021,-48.8826) (-657.948,159.337,-86.1315)
  m[0][0] pts=8 (-640.026,164.385,-72.9423) (-639.964,159.388,-72.8888) (-623.076,159.754,-58.3777) (-623.201,169.747,-58.4847) (-606.314,170.113,-43.9736) (-606.189,160.12,-43.8665) (-589.302,160.486,-29.3554) (-589.364,165.483,-29.4089)
  m[0][1] pts=2 (-640.026,164.385,-72.9423) (-589.364,165.483,-29.4089)
  f[0][0] pts=8 (-640.026,164.385,-72.9423) (-641.061,159.703,-71.6204) (-624.173,160.069,-57.1092) (-622.104,169.433,-59.7532) (-605.217,169.799,-45.242) (-607.286,160.434,-42.5981) (-590.399,160.8,-28.0869) (-589.364,165.483,-29.4089)
  f[0][1] pts=2 (-640.026,164.385,-72.9423) (-589.364,165.483,-29.4089)
  m[1][0] pts=8 (-672.222,173.069,-35.6934) (-672.16,168.072,-35.6399) (-655.272,168.438,-21.1288) (-655.397,178.432,-21.2358) (-638.51,178.798,-6.72466) (-638.385,168.804,-6.61762) (-621.498,169.17,7.89352) (-621.56,174.167,7.84)
  m[1][1] pts=2 (-672.222,173.069,-35.6934) (-621.56,174.167,7.84)
  f[1][0] pts=8 (-672.222,173.069,-35.6934) (-673.256,168.387,-34.3714) (-656.369,168.753,-19.8603) (-654.3,178.117,-22.5043) (-637.413,178.483,-7.99312) (-639.482,169.119,-5.34916) (-622.595,169.484,9.16198) (-621.56,174.167,7.84)
  f[1][1] pts=2 (-672.222,173.069,-35.6934) (-621.56,174.167,7.84)
joint 28 type=12 v0=11 v1=13 f0_0=6 f1_0=3 name=ss_e_ip_1 orient=1 div=6 shift=0.5
  jv[0] pts=5 (-150.984,190.318,211.069) (-159.675,194.495,211.069) (-149.61,189.657,162.698) (-140.919,185.48,162.698) (-150.984,190.318,211.069)
  jv[1] pts=5 (-237.973,9.34302,211.069) (-246.665,13.5208,211.069) (-236.599,8.68272,162.698) (-227.908,4.50499,162.698) (-237.973,9.34302,211.069)
  jv[2] pts=5 (-141.406,185.714,164.689) (-149.122,189.423,160.706) (-159.188,194.261,209.077) (-151.472,190.552,213.06) (-141.406,185.714,164.689)
  jv[3] pts=5 (-228.396,4.7394,164.689) (-236.112,8.4483,160.706) (-246.177,13.2863,209.077) (-238.461,9.57744,213.06) (-228.396,4.7394,164.689)
  m[0][0] pts=12 (-229.892,37.2854,211.069) (-225.546,35.1965,211.069) (-213.119,61.0501,211.069) (-221.811,65.2278,211.069) (-209.384,91.0813,211.069) (-200.692,86.9036,211.069) (-188.265,112.757,211.069) (-196.956,116.935,211.069) (-184.529,142.788,211.069) (-175.838,138.611,211.069) (-163.411,164.464,211.069) (-167.757,166.553,211.069)
  m[0][1] pts=2 (-229.892,37.2854,211.069) (-167.757,166.553,211.069)
  f[0][0] pts=12 (-219.827,32.4474,162.698) (-215.969,30.5929,164.689) (-203.542,56.4465,164.689) (-211.258,60.1554,160.706) (-198.831,86.0089,160.706) (-191.115,82.3,164.689) (-178.688,108.154,164.689) (-186.404,111.862,160.706) (-173.977,137.716,160.706) (-166.26,134.007,164.689) (-153.833,159.861,164.689) (-157.691,161.715,162.698)
  f[0][1] pts=2 (-219.827,32.4474,162.698) (-157.691,161.715,162.698)
  m[1][0] pts=12 (-219.827,32.4474,162.698) (-215.481,30.3585,162.698) (-203.054,56.212,162.698) (-211.745,60.3898,162.698) (-199.318,86.2433,162.698) (-190.627,82.0656,162.698) (-178.2,107.919,162.698) (-186.891,112.097,162.698) (-174.464,137.95,162.698) (-165.773,133.773,162.698) (-153.346,159.626,162.698) (-157.691,161.715,162.698)
  m[1][1] pts=2 (-219.827,32.4474,162.698) (-157.691,161.715,162.698)
  f[1][0] pts=12 (-229.892,37.2854,211.069) (-226.034,35.431,213.06) (-213.607,61.2845,213.06) (-221.323,64.9934,209.077) (-208.896,90.8469,209.077) (-201.18,87.138,213.06) (-188.753,112.992,213.06) (-196.469,116.7,209.077) (-184.042,142.554,209.077) (-176.326,138.845,213.06) (-163.899,164.699,213.06) (-167.757,166.553,211.069)
  f[1][1] pts=2 (-229.892,37.2854,211.069) (-167.757,166.553,211.069)
joint 29 type=12 v0=11 v1=14 f0_0=4 f1_0=7 name=ss_e_ip_1 orient=1 div=6 shift=0.5
  jv[0] pts=5 (242.019,9.30511,211.069) (250.668,13.6254,211.069) (240.581,8.58681,162.698) (231.933,4.26656,162.698) (242.019,9.30511,211.069)
  jv[1] pts=5 (151.551,190.414,211.069) (160.199,194.734,211.069) (150.113,189.695,162.698) (141.464,185.375,162.698) (151.551,190.414,211.069)
  jv[2] pts=5 (232.426,4.51301,164.713) (240.088,8.34037,160.683) (250.175,13.3789,209.054) (242.513,9.55156,213.084) (232.426,4.51301,164.713)
  jv[3] pts=5 (141.957,185.622,164.713) (149.619,189.449,160.683) (159.706,194.487,209.054) (152.044,190.66,213.084) (141.957,185.622,164.713)
  m[0][0] pts=12 (168.799,166.701,211.069) (164.475,164.541,211.069) (177.399,138.668,211.069) (186.048,142.989,211.069) (198.972,117.116,211.069) (190.323,112.796,211.069) (203.247,86.923,211.069) (211.896,91.2433,211.069) (224.82,65.3706,211.069) (216.171,61.0504,211.069) (229.095,35.1778,211.069) (233.42,37.3379,211.069)
  m[0][1] pts=2 (168.799,166.701,211.069) (233.42,37.3379,211.069)
  f[0][0] pts=12 (158.713,161.663,162.698) (154.882,159.749,164.713) (167.806,133.876,164.713) (175.468,137.704,160.683) (188.392,111.831,160.683) (180.73,108.004,164.713) (193.654,82.1309,164.713) (201.316,85.9583,160.683) (214.24,60.0857,160.683) (206.578,56.2583,164.713) (219.502,30.3857,164.713) (223.333,32.2993,162.698)
  f[0][1] pts=2 (158.713,161.663,162.698) (223.333,32.2993,162.698)
  m[1][0] pts=12 (158.713,161.663,162.698) (154.388,159.502,162.698) (167.312,133.63,162.698) (175.961,137.95,162.698) (188.885,112.077,162.698) (180.236,107.757,162.698) (193.16,81.8845,162.698) (201.809,86.2047,162.698) (214.733,60.3321,162.698) (206.085,56.0119,162.698) (219.009,30.1392,162.698) (223.333,32.2993,162.698)
  m[1][1] pts=2 (158.713,161.663,162.698) (223.333,32.2993,162.698)
  f[1][0] pts=12 (168.799,166.701,211.069) (164.968,164.787,213.084) (177.892,138.915,213.084) (185.554,142.742,209.054) (198.478,116.869,209.054) (190.816,113.042,213.084) (203.74,87.1695,213.084) (211.402,90.9968,209.054) (224.327,65.1242,209.054) (216.665,61.2968,213.084) (229.589,35.4242,213.084) (233.42,37.3379,211.069)
  f[1][1] pts=2 (168.799,166.701,211.069) (233.42,37.3379,211.069)
joint 30 type=12 v0=11 v1=16 f0_0=5 f1_0=2 name=ss_e_ip_1 orient=1 div=7 shift=0.5
  jv[0] pts=5 (136.363,199.385,211.069) (136.363,208.821,211.069) (136.363,198.616,162.698) (136.363,189.18,162.698) (136.363,199.385,211.069)
  jv[1] pts=5 (-135.965,199.385,211.069) (-135.965,208.821,211.069) (-135.965,198.616,162.698) (-135.965,189.18,162.698) (-135.965,199.385,211.069)
  jv[2] pts=5 (136.363,189.629,164.496) (136.363,198.167,160.9) (136.363,208.372,209.271) (136.363,199.834,212.867) (136.363,189.629,164.496)
  jv[3] pts=5 (-135.965,189.629,164.496) (-135.965,198.167,160.9) (-135.965,208.372,209.271) (-135.965,199.834,212.867) (-135.965,189.629,164.496)
  m[0][0] pts=16 (-105.706,204.103,211.069) (-105.706,199.385,211.069) (-75.4475,199.385,211.069) (-75.4475,208.821,211.069) (-45.1889,208.821,211.069) (-45.1889,199.385,211.069) (-14.9302,199.385,211.069) (-14.9302,208.821,211.069) (15.3284,208.821,211.069) (15.3284,199.385,211.069) (45.587,199.385,211.069) (45.587,208.821,211.069) (75.8457,208.821,211.069) (75.8457,199.385,211.069) (106.104,199.385,211.069) (106.104,204.103,211.069)
  m[0][1] pts=2 (-105.706,204.103,211.069) (106.104,204.103,211.069)
  f[0][0] pts=16 (-105.706,193.898,162.698) (-105.706,189.629,164.496) (-75.4475,189.629,164.496) (-75.4475,198.167,160.9) (-45.1889,198.167,160.9) (-45.1889,189.629,164.496) (-14.9302,189.629,164.496) (-14.9302,198.167,160.9) (15.3284,198.167,160.9) (15.3284,189.629,164.496) (45.587,189.629,164.496) (45.587,198.167,160.9) (75.8457,198.167,160.9) (75.8457,189.629,164.496) (106.104,189.629,164.496) (106.104,193.898,162.698)
  f[0][1] pts=2 (-105.706,193.898,162.698) (106.104,193.898,162.698)
  m[1][0] pts=16 (-105.706,193.898,162.698) (-105.706,189.18,162.698) (-75.4475,189.18,162.698) (-75.4475,198.616,162.698) (-45.1889,198.616,162.698) (-45.1889,189.18,162.698) (-14.9302,189.18,162.698) (-14.9302,198.616,162.698) (15.3284,198.616,162.698) (15.3284,189.18,162.698) (45.587,189.18,162.698) (45.587,198.616,162.698) (75.8457,198.616,162.698) (75.8457,189.18,162.698) (106.104,189.18,162.698) (106.104,193.898,162.698)
  m[1][1] pts=2 (-105.706,193.898,162.698) (106.104,193.898,162.698)
  f[1][0] pts=16 (-105.706,204.103,211.069) (-105.706,199.834,212.867) (-75.4475,199.834,212.867) (-75.4475,208.372,209.271) (-45.1889,208.372,209.271) (-45.1889,199.834,212.867) (-14.9302,199.834,212.867) (-14.9302,208.372,209.271) (15.3284,208.372,209.271) (15.3284,199.834,212.867) (45.587,199.834,212.867) (45.587,208.372,209.271) (75.8457,208.372,209.271) (75.8457,199.834,212.867) (106.104,199.834,212.867) (106.104,204.103,211.069)
  f[1][1] pts=2 (-105.706,204.103,211.069) (106.104,204.103,211.069)
joint 31 type=12 v0=12 v1=14 f0_0=6 f1_0=3 name=ss_e_ip_1 orient=1 div=5 shift=0.5
  jv[0] pts=5 (566.907,157.362,-10.1116) (560.652,162.576,-4.73689) (588.13,166.418,36.5661) (594.385,161.204,31.1914) (566.907,157.362,-10.1116)
  jv[1] pts=5 (493.331,3.92415,53.1116) (487.076,9.13807,58.4863) (514.554,12.9806,99.7893) (520.809,7.76672,94.4146) (493.331,3.92415,53.1116)
  jv[2] pts=5 (595.595,161.205,32.6011) (586.92,166.418,35.1564) (559.442,162.575,-6.14664) (568.117,157.362,-8.70187) (595.595,161.205,32.6011)
  jv[3] pts=5 (522.019,7.76726,95.8243) (513.344,12.9801,98.3795) (485.866,9.13753,57.0765) (494.541,3.92469,54.5213) (522.019,7.76726,95.8243)
  m[0][0] pts=12 (500.715,28.4508,46.767) (503.842,25.8438,44.0797) (514.353,47.7635,35.0478) (508.098,52.9774,40.4225) (518.609,74.897,31.3906) (524.864,69.6831,26.0159) (535.374,91.6028,16.984) (529.12,96.8167,22.3588) (539.63,118.736,13.3269) (545.885,113.522,7.95214) (556.396,135.442,-1.07974) (553.269,138.049,1.60763)
  m[0][1] pts=2 (500.715,28.4508,46.767) (553.269,138.049,1.60763)
  f[0][0] pts=12 (528.192,32.2933,88.0701) (532.53,29.6869,86.7924) (543.041,51.6066,77.7606) (534.366,56.8194,80.3158) (544.876,78.7391,71.2839) (553.552,73.5262,68.7287) (564.063,95.4459,59.6968) (555.387,100.659,62.252) (565.898,122.578,53.2201) (574.573,117.366,50.6649) (585.084,139.285,41.633) (580.747,141.892,42.9106)
  f[0][1] pts=2 (528.192,32.2933,88.0701) (580.747,141.892,42.9106)
  m[1][0] pts=12 (528.192,32.2933,88.0701) (531.32,29.6864,85.3827) (541.831,51.606,76.3508) (535.576,56.82,81.7255) (546.087,78.7396,72.6937) (552.342,73.5257,67.3189) (562.852,95.4453,58.287) (556.598,100.659,63.6618) (567.108,122.579,54.6299) (573.363,117.365,49.2552) (583.874,139.285,40.2233) (580.747,141.892,42.9106)
  m[1][1] pts=2 (528.192,32.2933,88.0701) (580.747,141.892,42.9106)
  f[1][0] pts=12 (500.715,28.4508,46.767) (505.052,25.8443,45.4894) (515.563,47.764,36.4575) (506.888,52.9768,39.0128) (517.399,74.8965,29.9809) (526.074,69.6836,27.4257) (536.585,91.6033,18.3938) (527.909,96.8161,20.949) (538.42,118.736,11.9171) (547.096,113.523,9.36189) (557.606,135.443,0.330011) (553.269,138.049,1.60763)
  f[1][1] pts=2 (500.715,28.4508,46.767) (553.269,138.049,1.60763)
joint 32 type=12 v0=12 v1=17 f0_0=5 f1_0=3 name=ss_e_ip_1 orient=1 div=3 shift=0.5
  jv[0] pts=5 (656.851,159.022,-87.4) (656.976,169.016,-87.507) (689.172,177.7,-50.2581) (689.047,167.706,-50.151) (656.851,159.022,-87.4)
  jv[1] pts=5 (572.995,160.839,-15.3429) (573.119,170.833,-15.4499) (605.315,179.517,21.799) (605.191,169.523,21.906) (572.995,160.839,-15.3429)
  jv[2] pts=5 (657.948,159.337,-86.1315) (655.879,168.701,-88.7755) (688.075,177.385,-51.5265) (690.144,168.021,-48.8826) (657.948,159.337,-86.1315)
  jv[3] pts=5 (574.092,161.154,-14.0744) (572.023,170.518,-16.7184) (604.218,179.202,20.5305) (606.288,169.838,23.1745) (574.092,161.154,-14.0744)
  m[0][0] pts=8 (589.828,165.473,-29.8078) (589.766,160.476,-29.7543) (606.537,160.112,-44.1657) (606.662,170.106,-44.2728) (623.433,169.742,-58.6842) (623.309,159.749,-58.5771) (640.08,159.386,-72.9886) (640.142,164.382,-73.0421)
  m[0][1] pts=2 (589.828,165.473,-29.8078) (640.142,164.382,-73.0421)
  f[0][0] pts=8 (589.828,165.473,-29.8078) (590.863,160.79,-28.4858) (607.634,160.427,-42.8973) (605.565,169.791,-45.5412) (622.336,169.428,-59.9526) (624.405,160.063,-57.3087) (641.177,159.7,-71.7201) (640.142,164.382,-73.0421)
  f[0][1] pts=2 (589.828,165.473,-29.8078) (640.142,164.382,-73.0421)
  m[1][0] pts=8 (622.024,174.157,7.4411) (621.962,169.16,7.49462) (638.733,168.797,-6.9168) (638.858,178.79,-7.02383) (655.629,178.427,-21.4352) (655.504,168.433,-21.3282) (672.276,168.07,-35.7396) (672.338,173.066,-35.7931)
  m[1][1] pts=2 (622.024,174.157,7.4411) (672.338,173.066,-35.7931)
  f[1][0] pts=8 (622.024,174.157,7.4411) (623.059,169.474,8.76309) (639.83,169.111,-5.64833) (637.761,178.476,-8.2923) (654.532,178.112,-22.7037) (656.601,168.748,-20.0597) (673.373,168.384,-34.4712) (672.338,173.066,-35.7931)
  f[1][1] pts=2 (622.024,174.157,7.4411) (672.338,173.066,-35.7931)
joint 33 type=12 v0=13 v1=15 f0_0=6 f1_0=6 name=ss_e_ip_1 orient=1 div=5 shift=0.5
  jv[0] pts=5 (-458.097,335.663,1.67278) (-465.539,340.388,-2.39984) (-492.124,354.419,37.1912) (-484.683,349.694,41.2638) (-458.097,335.663,1.67278)
  jv[1] pts=5 (-558.8,169.52,-7.0667) (-566.241,174.245,-11.1393) (-592.826,188.276,28.4517) (-585.385,183.551,32.5243) (-558.8,169.52,-7.0667)
  jv[2] pts=5 (-459.158,336.247,2.79377) (-464.479,339.804,-3.52083) (-491.064,353.835,36.0702) (-485.743,350.278,42.3848) (-459.158,336.247,2.79377)
  jv[3] pts=5 (-559.86,170.104,-5.94571) (-565.181,173.661,-12.2603) (-591.766,187.692,27.3307) (-586.445,184.135,33.6453) (-559.86,170.104,-5.94571)
  m[0][0] pts=12 (-548.135,195.617,-7.85451) (-544.414,193.255,-5.81821) (-530.028,216.99,-4.56971) (-537.469,221.714,-8.64232) (-523.083,245.449,-7.39383) (-515.642,240.724,-3.32121) (-501.256,264.459,-2.07272) (-508.697,269.184,-6.14533) (-494.311,292.919,-4.89683) (-486.87,288.194,-0.824219) (-472.484,311.929,0.424278) (-476.204,314.291,-1.61203)
  m[0][1] pts=2 (-548.135,195.617,-7.85451) (-476.204,314.291,-1.61203)
  f[0][0] pts=12 (-548.135,195.617,-7.85451) (-545.474,193.839,-4.69722) (-531.088,217.573,-3.44872) (-536.409,221.131,-9.76331) (-522.023,244.865,-8.51482) (-516.702,241.308,-2.20022) (-502.316,265.043,-0.951725) (-507.637,268.6,-7.26632) (-493.251,292.335,-6.01782) (-487.93,288.778,0.296772) (-473.544,312.512,1.54527) (-476.204,314.291,-1.61203)
  f[0][1] pts=2 (-548.135,195.617,-7.85451) (-476.204,314.291,-1.61203)
  m[1][0] pts=12 (-574.72,209.648,31.7365) (-570.999,207.286,33.7728) (-556.613,231.021,35.0213) (-564.054,235.745,30.9487) (-549.668,259.48,32.1972) (-542.227,254.755,36.2698) (-527.841,278.49,37.5183) (-535.282,283.215,33.4457) (-520.896,306.95,34.6942) (-513.455,302.225,38.7668) (-499.069,325.96,40.0153) (-502.789,328.322,37.979)
  m[1][1] pts=2 (-574.72,209.648,31.7365) (-502.789,328.322,37.979)
  f[1][0] pts=12 (-574.72,209.648,31.7365) (-572.059,207.87,34.8938) (-557.673,231.604,36.1423) (-562.994,235.162,29.8277) (-548.608,258.896,31.0762) (-543.287,255.339,37.3908) (-528.901,279.074,38.6393) (-534.222,282.631,32.3247) (-519.836,306.366,33.5732) (-514.515,302.809,39.8878) (-500.129,326.543,41.1363) (-502.789,328.322,37.979)
  f[1][1] pts=2 (-574.72,209.648,31.7365) (-502.789,328.322,37.979)
joint 34 type=12 v0=13 v1=16 f0_0=4 f1_0=7 name=ss_e_ip_1 orient=1 div=5 shift=0.5
  jv[0] pts=5 (-149.414,197.481,158.96) (-141.471,202.61,161.257) (-151.211,217.118,207.815) (-159.154,211.99,205.518) (-149.414,197.481,158.96)
  jv[1] pts=5 (-223.319,338.559,99.5356) (-215.376,343.688,101.833) (-225.116,358.197,148.391) (-233.059,353.068,146.094) (-223.319,338.559,99.5356)
  jv[2] pts=5 (-149.837,198.09,160.932) (-141.048,202,159.285) (-150.788,216.509,205.843) (-159.576,212.599,207.49) (-149.837,198.09,160.932)
  jv[3] pts=5 (-223.742,339.169,101.508) (-214.954,343.079,99.8606) (-224.693,357.587,146.419) (-233.482,353.677,148.066) (-223.742,339.169,101.508)
  m[0][0] pts=12 (-208.79,320.97,109.173) (-212.761,318.405,108.025) (-202.203,298.251,116.514) (-194.26,303.38,118.811) (-183.703,283.226,127.3) (-191.645,278.097,125.003) (-181.088,257.943,133.492) (-173.145,263.072,135.789) (-162.587,242.918,144.279) (-170.53,237.789,141.982) (-159.972,217.635,150.471) (-156,220.199,151.619)
  m[0][1] pts=2 (-208.79,320.97,109.173) (-156,220.199,151.619)
  f[0][0] pts=12 (-208.79,320.97,109.173) (-213.184,319.015,109.997) (-202.626,298.861,118.486) (-193.838,302.771,116.839) (-183.28,282.617,125.328) (-192.068,278.707,126.975) (-181.51,258.552,135.464) (-172.722,262.462,133.817) (-162.164,242.308,142.307) (-170.952,238.398,143.954) (-160.394,218.244,152.443) (-156,220.199,151.619)
  f[0][1] pts=2 (-208.79,320.97,109.173) (-156,220.199,151.619)
  m[1][0] pts=12 (-218.53,335.478,155.731) (-222.501,332.914,154.583) (-211.943,312.76,163.072) (-204,317.889,165.369) (-193.442,297.735,173.858) (-201.385,292.606,171.561) (-190.827,272.452,180.051) (-182.885,277.58,182.348) (-172.327,257.426,190.837) (-180.27,252.298,188.54) (-169.712,232.144,197.029) (-165.74,234.708,198.178)
  m[1][1] pts=2 (-218.53,335.478,155.731) (-165.74,234.708,198.178)
  f[1][0] pts=12 (-218.53,335.478,155.731) (-222.924,333.523,156.555) (-212.366,313.369,165.044) (-203.578,317.279,163.397) (-193.02,297.125,171.886) (-201.808,293.215,173.533) (-191.25,273.061,182.023) (-182.462,276.971,180.376) (-171.904,256.817,188.865) (-180.692,252.907,190.512) (-170.134,232.753,199.001) (-165.74,234.708,198.178)
  f[1][1] pts=2 (-218.53,335.478,155.731) (-165.74,234.708,198.178)
joint 35 type=12 v0=13 v1=18 f0_0=5 f1_0=2 name=ss_e_ip_1 orient=1 div=7 shift=0.5
  jv[0] pts=5 (-229.128,342.79,96.2471) (-228.563,352.117,94.6042) (-246.462,370.329,136.995) (-247.027,361.002,138.638) (-229.128,342.79,96.2471)
  jv[1] pts=5 (-452.036,339.933,3.35395) (-451.471,349.26,1.71103) (-469.37,367.472,44.1016) (-469.935,358.145,45.7445) (-452.036,339.933,3.35395)
  jv[2] pts=5 (-229.716,343.498,97.6364) (-227.975,351.408,93.2149) (-245.874,369.62,135.605) (-247.615,361.71,140.027) (-229.716,343.498,97.6364)
  jv[3] pts=5 (-452.624,340.642,4.74323) (-450.883,348.552,0.321745) (-468.782,366.764,42.7123) (-470.523,358.854,47.1338) (-452.624,340.642,4.74323)
  m[0][0] pts=16 (-426.986,344.914,12.854) (-427.268,340.251,13.6754) (-402.501,340.568,23.9969) (-401.936,349.895,22.354) (-377.168,350.212,32.6754) (-377.733,340.885,34.3183) (-352.966,341.203,44.6398) (-352.401,350.53,42.9969) (-327.633,350.847,53.3183) (-328.198,341.52,54.9613) (-303.431,341.837,65.2827) (-302.866,351.164,63.6398) (-278.098,351.482,73.9613) (-278.663,342.155,75.6042) (-253.896,342.472,85.9257) (-253.613,347.136,85.1042)
  m[0][1] pts=2 (-426.986,344.914,12.854) (-253.613,347.136,85.1042)
  f[0][0] pts=16 (-426.986,344.914,12.854) (-427.856,340.959,15.0647) (-403.089,341.276,25.3862) (-401.348,349.186,20.9647) (-376.58,349.504,31.2861) (-378.321,341.594,35.7076) (-353.554,341.911,46.0291) (-351.813,349.821,41.6076) (-327.045,350.139,51.9291) (-328.786,342.228,56.3506) (-304.019,342.546,66.672) (-302.278,350.456,62.2505) (-277.51,350.773,72.572) (-279.251,342.863,76.9935) (-254.484,343.181,87.3149) (-253.613,347.136,85.1042)
  f[0][1] pts=2 (-426.986,344.914,12.854) (-253.613,347.136,85.1042)
  m[1][0] pts=16 (-444.885,363.126,55.2445) (-445.167,358.462,56.066) (-420.4,358.78,66.3874) (-419.835,368.107,64.7445) (-395.067,368.424,75.066) (-395.632,359.097,76.7089) (-370.865,359.415,87.0304) (-370.3,368.742,85.3875) (-345.532,369.059,95.7089) (-346.097,359.732,97.3518) (-321.33,360.049,107.673) (-320.765,369.376,106.03) (-295.997,369.694,116.352) (-296.562,360.367,117.995) (-271.795,360.684,128.316) (-271.512,365.348,127.495)
  m[1][1] pts=2 (-444.885,363.126,55.2445) (-271.512,365.348,127.495)
  f[1][0] pts=16 (-444.885,363.126,55.2445) (-445.755,359.171,57.4553) (-420.988,359.488,67.7767) (-419.247,367.398,63.3552) (-394.479,367.716,73.6767) (-396.22,359.806,78.0982) (-371.453,360.123,88.4197) (-369.712,368.033,83.9982) (-344.944,368.351,94.3196) (-346.685,360.44,98.7411) (-321.918,360.758,109.063) (-320.177,368.668,104.641) (-295.409,368.985,114.963) (-297.15,361.075,119.384) (-272.383,361.393,129.706) (-271.512,365.348,127.495)
  f[1][1] pts=2 (-444.885,363.126,55.2445) (-271.512,365.348,127.495)
joint 36 type=12 v0=14 v1=16 f0_0=6 f1_0=3 name=ss_e_ip_1 orient=1 div=5 shift=0.5
  jv[0] pts=5 (237.501,367.938,139.848) (229.496,372.928,142.168) (219.742,358.239,95.6857) (227.747,353.249,93.3658) (237.501,367.938,139.848)
  jv[1] pts=5 (159.436,212.216,205.441) (151.431,217.206,207.761) (141.678,202.517,161.278) (149.683,197.527,158.958) (159.436,212.216,205.441)
  jv[2] pts=5 (237.922,368.55,141.801) (229.076,372.317,140.215) (219.322,357.627,93.7325) (228.168,353.861,95.319) (237.922,368.55,141.801)
  jv[3] pts=5 (159.857,212.828,207.394) (151.011,216.594,205.807) (141.257,201.905,159.325) (150.103,198.139,160.912) (159.857,212.828,207.394)
  m[0][0] pts=12 (166.586,236.957,197.23) (170.589,234.462,196.07) (181.741,256.708,186.7) (173.736,261.698,189.02) (184.888,283.944,179.649) (192.893,278.954,177.329) (204.045,301.2,167.959) (196.04,306.19,170.279) (207.192,328.436,160.909) (215.197,323.446,158.589) (226.349,345.692,149.218) (222.347,348.187,150.378)
  m[0][1] pts=2 (166.586,236.957,197.23) (222.347,348.187,150.378)
  f[0][0] pts=12 (166.586,236.957,197.23) (171.009,235.074,198.023) (182.161,257.32,188.653) (173.315,261.086,187.067) (184.467,283.332,177.696) (193.313,279.566,179.283) (204.465,301.812,169.912) (195.619,305.578,168.326) (206.771,327.825,158.955) (215.618,324.058,160.542) (226.77,346.304,151.172) (222.347,348.187,150.378)
  f[0][1] pts=2 (166.586,236.957,197.23) (222.347,348.187,150.378)
  m[1][0] pts=12 (156.832,222.268,150.748) (160.835,219.773,149.588) (171.987,242.019,140.218) (163.982,247.009,142.538) (175.134,269.255,133.167) (183.139,264.265,130.847) (194.291,286.511,121.477) (186.286,291.501,123.797) (197.438,313.747,114.426) (205.443,308.757,112.107) (216.595,331.003,102.736) (212.593,333.498,103.896)
  m[1][1] pts=2 (156.832,222.268,150.748) (212.593,333.498,103.896)
  f[1][0] pts=12 (156.832,222.268,150.748) (161.255,220.385,151.541) (172.407,242.631,142.171) (163.561,246.397,140.584) (174.713,268.643,131.214) (183.56,264.877,132.801) (194.712,287.123,123.43) (185.865,290.889,121.844) (197.018,313.135,112.473) (205.864,309.369,114.06) (217.016,331.615,104.689) (212.593,333.498,103.896)
  f[1][1] pts=2 (156.832,222.268,150.748) (212.593,333.498,103.896)
joint 37 type=12 v0=14 v1=17 f0_0=4 f1_0=2 name=ss_e_ip_1 orient=1 div=6 shift=0.5
  jv[0] pts=5 (586.061,183.765,31.871) (593.553,188.332,27.7575) (566.939,174.145,-11.7343) (559.447,169.578,-7.62093) (586.061,183.765,31.871)
  jv[1] pts=5 (481.261,361.734,38.5624) (488.753,366.301,34.449) (462.139,352.114,-5.04292) (454.647,347.547,-0.929501) (481.261,361.734,38.5624)
  jv[2] pts=5 (560.497,170.155,-6.52336) (565.889,173.568,-12.8319) (592.503,187.755,26.66) (587.111,184.342,32.9685) (560.497,170.155,-6.52336)
  jv[3] pts=5 (455.697,348.124,0.168062) (461.09,351.537,-6.14048) (487.703,365.724,33.3514) (482.311,362.311,39.6599) (455.697,348.124,0.168062)
  m[0][0] pts=12 (499.979,338.594,35.5498) (496.232,336.31,37.6065) (511.204,310.886,36.6505) (518.696,315.453,32.5371) (533.668,290.029,31.5812) (526.175,285.462,35.6946) (541.146,260.038,34.7387) (548.639,264.604,30.6253) (563.61,239.18,29.6694) (556.118,234.613,33.7828) (571.089,209.189,32.8269) (574.836,211.473,30.7702)
  m[0][1] pts=2 (499.979,338.594,35.5498) (574.836,211.473,30.7702)
  f[0][0] pts=12 (473.365,324.406,-3.94213) (470.668,322.7,-0.787856) (485.64,297.276,-1.74377) (491.032,300.689,-8.05232) (506.004,275.264,-9.00824) (500.611,271.852,-2.69969) (515.582,246.427,-3.65561) (520.975,249.84,-9.96416) (535.947,224.416,-10.9201) (530.554,221.003,-4.61153) (545.525,195.579,-5.56745) (548.222,197.285,-8.72172)
  f[0][1] pts=2 (473.365,324.406,-3.94213) (548.222,197.285,-8.72172)
  m[1][0] pts=12 (473.365,324.406,-3.94213) (469.618,322.123,-1.88542) (484.59,296.699,-2.84134) (492.082,301.266,-6.95476) (507.054,275.841,-7.91067) (499.561,271.275,-3.79726) (514.533,245.85,-4.75317) (522.025,250.417,-8.86659) (536.996,224.993,-9.82251) (529.504,220.426,-5.70909) (544.475,195.002,-6.66501) (548.222,197.285,-8.72172)
  m[1][1] pts=2 (473.365,324.406,-3.94213) (548.222,197.285,-8.72172)
  f[1][0] pts=12 (499.979,338.594,35.5498) (497.282,336.887,38.704) (512.254,311.463,37.7481) (517.646,314.876,31.4396) (532.618,289.452,30.4836) (527.225,286.039,36.7922) (542.196,260.615,35.8363) (547.589,264.027,29.5277) (562.56,238.603,28.5718) (557.168,235.19,34.8804) (572.139,209.766,33.9244) (574.836,211.473,30.7702)
  f[1][1] pts=2 (499.979,338.594,35.5498) (574.836,211.473,30.7702)
joint 38 type=12 v0=14 v1=19 f0_0=5 f1_0=2 name=ss_e_ip_1 orient=1 div=6 shift=0.5
  jv[0] pts=5 (466.637,370.529,42.8679) (466.142,379.907,41.1047) (448.156,361.012,-1.02828) (448.651,351.633,0.734917) (466.637,370.529,42.8679)
  jv[1] pts=5 (251.289,375.98,132.355) (250.793,385.358,130.591) (232.807,366.462,88.4585) (233.302,357.084,90.2217) (251.289,375.98,132.355)
  jv[2] pts=5 (449.269,352.394,2.17518) (447.538,360.25,-2.46854) (465.524,379.146,39.6644) (467.255,371.29,44.3082) (449.269,352.394,2.17518)
  jv[3] pts=5 (233.92,357.845,91.662) (232.189,365.701,87.0183) (250.175,384.597,129.151) (251.906,376.741,133.795) (233.92,357.845,91.662)
  m[0][0] pts=12 (281.805,379.89,118.689) (282.053,375.201,119.571) (312.817,374.422,106.787) (312.322,383.801,105.024) (343.086,383.022,92.24) (343.581,373.644,94.0032) (374.345,372.865,81.2194) (373.85,382.243,79.4562) (404.614,381.465,66.6724) (405.109,372.086,68.4356) (435.873,371.308,55.6517) (435.626,375.997,54.7701)
  m[0][1] pts=2 (281.805,379.89,118.689) (435.626,375.997,54.7701)
  f[0][0] pts=12 (263.819,360.994,76.5563) (264.684,357.067,78.8781) (295.448,356.288,66.0943) (293.717,364.144,61.4506) (324.482,363.365,48.6668) (326.212,355.509,53.3105) (356.976,354.731,40.5267) (355.246,362.586,35.8829) (386.01,361.808,23.0991) (387.741,353.952,27.7428) (418.505,353.173,14.959) (417.639,357.101,12.6371)
  f[0][1] pts=2 (263.819,360.994,76.5563) (417.639,357.101,12.6371)
  m[1][0] pts=12 (263.819,360.994,76.5563) (264.066,356.305,77.4379) (294.83,355.527,64.6541) (294.335,364.905,62.8909) (325.099,364.126,50.107) (325.595,354.748,51.8702) (356.359,353.969,39.0864) (355.863,363.348,37.3232) (386.628,362.569,24.5394) (387.123,353.191,26.3026) (417.887,352.412,13.5187) (417.639,357.101,12.6371)
  m[1][1] pts=2 (263.819,360.994,76.5563) (417.639,357.101,12.6371)
  f[1][0] pts=12 (281.805,379.89,118.689) (282.67,375.962,121.011) (313.435,375.184,108.227) (311.704,383.039,103.584) (342.468,382.261,90.7998) (344.199,374.405,95.4435) (374.963,373.626,82.6596) (373.232,381.482,78.0159) (403.996,380.703,65.2321) (405.727,372.848,69.8758) (436.491,372.069,57.092) (435.626,375.997,54.7701)
  f[1][1] pts=2 (281.805,379.89,118.689) (435.626,375.997,54.7701)
joint 39 type=12 v0=15 v1=18 f0_0=2 f1_0=7 name=ss_e_ip_1 orient=1 div=3 shift=0.5
  jv[0] pts=5 (-463.87,347.675,-6.72608) (-456.724,353.412,-3.23383) (-481.906,374.247,34.3486) (-489.052,368.511,30.8564) (-463.87,347.675,-6.72608)
  jv[1] pts=5 (-498.487,434.08,-77.8244) (-491.341,439.817,-74.3322) (-516.523,460.653,-36.7497) (-523.67,454.916,-40.242) (-498.487,434.08,-77.8244)
  jv[2] pts=5 (-490.074,369.136,32.1132) (-480.885,373.622,33.0917) (-455.703,352.787,-4.49071) (-464.891,348.3,-5.4692) (-490.074,369.136,32.1132)
  jv[3] pts=5 (-524.691,455.541,-38.9851) (-515.502,460.028,-38.0066) (-490.32,439.192,-75.589) (-499.509,434.705,-76.5675) (-524.691,455.541,-38.9851)
  m[0][0] pts=8 (-487.991,419.668,-61.8586) (-491.564,416.799,-63.6047) (-484.64,399.518,-49.3851) (-477.494,405.255,-45.8928) (-470.571,387.974,-31.6732) (-477.717,382.237,-35.1654) (-470.794,364.956,-20.9457) (-467.22,367.824,-19.1996)
  m[0][1] pts=2 (-487.991,419.668,-61.8586) (-467.22,367.824,-19.1996)
  f[0][0] pts=8 (-513.173,440.503,-24.2762) (-517.768,438.26,-24.7654) (-510.844,420.979,-10.5458) (-501.655,425.466,-9.56727) (-494.732,408.184,4.6524) (-503.921,403.698,3.6739) (-496.997,386.417,17.8936) (-492.403,388.66,18.3828)
  f[0][1] pts=2 (-513.173,440.503,-24.2762) (-492.403,388.66,18.3828)
  m[1][0] pts=8 (-513.173,440.503,-24.2762) (-516.746,437.635,-26.0223) (-509.823,420.354,-11.8026) (-502.677,426.091,-8.31039) (-495.753,408.809,5.90927) (-502.899,403.073,2.41703) (-495.976,385.792,16.6367) (-492.403,388.66,18.3828)
  m[1][1] pts=2 (-513.173,440.503,-24.2762) (-492.403,388.66,18.3828)
  f[1][0] pts=8 (-487.991,419.668,-61.8586) (-492.585,417.424,-62.3479) (-485.662,400.143,-48.1282) (-476.473,404.63,-47.1497) (-469.55,387.349,-32.93) (-478.738,382.862,-33.9085) (-471.815,365.581,-19.6889) (-467.22,367.824,-19.1996)
  f[1][1] pts=2 (-487.991,419.668,-61.8586) (-467.22,367.824,-19.1996)
joint 40 type=12 v0=15 v1=20 f0_0=3 f1_0=2 name=ss_e_ip_1 orient=1 div=3 shift=0.5
  jv[0] pts=5 (-504.87,438.849,-85.6374) (-502.344,448.08,-87.8205) (-530.912,471.547,-54.4308) (-533.439,462.315,-52.2478) (-504.87,438.849,-85.6374)
  jv[1] pts=5 (-586.14,443.82,-158.666) (-583.614,453.051,-160.849) (-612.183,476.518,-127.46) (-614.709,467.286,-125.277) (-586.14,443.82,-158.666)
  jv[2] pts=5 (-505.476,439.505,-84.9189) (-501.739,447.424,-88.5389) (-530.307,470.89,-55.1493) (-534.044,462.972,-51.5293) (-505.476,439.505,-84.9189)
  jv[3] pts=5 (-586.746,444.476,-157.948) (-583.009,452.395,-161.568) (-611.577,475.861,-128.178) (-615.314,467.943,-124.558) (-586.746,444.476,-157.948)
  m[0][0] pts=8 (-568.623,447.441,-145.152) (-569.886,442.826,-144.06) (-553.632,441.831,-129.455) (-551.106,451.063,-131.638) (-534.852,450.069,-117.032) (-537.378,440.837,-114.849) (-521.124,439.843,-100.243) (-519.861,444.459,-101.335)
  m[0][1] pts=2 (-568.623,447.441,-145.152) (-519.861,444.459,-101.335)
  f[0][0] pts=8 (-568.623,447.441,-145.152) (-570.492,443.482,-143.342) (-554.238,442.488,-128.736) (-550.501,450.406,-132.356) (-534.247,449.412,-117.75) (-537.984,441.494,-114.13) (-521.73,440.5,-99.5247) (-519.861,444.459,-101.335)
  f[0][1] pts=2 (-568.623,447.441,-145.152) (-519.861,444.459,-101.335)
  m[1][0] pts=8 (-597.192,470.908,-111.762) (-598.455,466.292,-110.671) (-582.201,465.298,-96.065) (-579.675,474.529,-98.2481) (-563.42,473.535,-83.6424) (-565.947,464.304,-81.4593) (-549.693,463.31,-66.8535) (-548.43,467.925,-67.9451)
  m[1][1] pts=2 (-597.192,470.908,-111.762) (-548.43,467.925,-67.9451)
  f[1][0] pts=8 (-597.192,470.908,-111.762) (-599.06,466.948,-109.952) (-582.806,465.954,-95.3466) (-579.069,473.873,-98.9666) (-562.815,472.879,-84.3608) (-566.552,464.96,-80.7408) (-550.298,463.966,-66.1351) (-548.43,467.925,-67.9451)
  f[1][1] pts=2 (-597.192,470.908,-111.762) (-548.43,467.925,-67.9451)
joint 41 type=12 v0=16 v1=18 f0_0=6 f1_0=3 name=ss_e_ip_1 orient=1 div=6 shift=0.5
  jv[0] pts=5 (-126.924,553.509,63.8934) (-135.506,557.476,62.2226) (-126.38,534.416,19.2663) (-117.797,530.449,20.9371) (-126.924,553.509,63.8934)
  jv[1] pts=5 (-224.354,374.462,139.311) (-232.937,378.429,137.64) (-223.811,355.369,94.6839) (-215.228,351.402,96.3547) (-224.354,374.462,139.311)
  jv[2] pts=5 (-118.231,531.327,22.4627) (-125.947,533.537,17.7407) (-135.073,556.597,60.6969) (-127.357,554.387,65.419) (-118.231,531.327,22.4627)
  jv[3] pts=5 (-215.661,352.28,97.8803) (-223.377,354.49,93.1583) (-232.504,377.55,136.115) (-224.788,375.34,140.837) (-215.661,352.28,97.8803)
  m[0][0] pts=12 (-214.727,402.023,127.702) (-210.436,400.04,128.537) (-196.517,425.618,117.763) (-205.1,429.585,116.092) (-191.181,455.163,105.318) (-182.598,451.196,106.989) (-168.68,476.775,96.2152) (-177.262,480.741,94.5444) (-163.344,506.319,83.7704) (-154.761,502.353,85.4412) (-140.842,527.931,74.6673) (-145.134,529.914,73.8319)
  m[0][1] pts=2 (-214.727,402.023,127.702) (-145.134,529.914,73.8319)
  f[0][0] pts=12 (-205.601,378.963,84.7453) (-201.743,377.859,87.1063) (-187.824,403.437,76.3324) (-195.54,405.646,71.6104) (-181.621,431.225,60.8364) (-173.905,429.015,65.5585) (-159.987,454.593,54.7845) (-167.703,456.803,50.0625) (-153.784,482.381,39.2886) (-146.068,480.171,44.0106) (-132.149,505.749,33.2367) (-136.007,506.854,30.8756)
  f[0][1] pts=2 (-205.601,378.963,84.7453) (-136.007,506.854,30.8756)
  m[1][0] pts=12 (-205.601,378.963,84.7453) (-201.309,376.98,85.5807) (-187.391,402.558,74.8068) (-195.973,406.525,73.136) (-182.055,432.103,62.3621) (-173.472,428.136,64.0328) (-159.553,453.715,53.2589) (-168.136,457.681,51.5881) (-154.217,483.259,40.8142) (-145.635,479.293,42.485) (-131.716,504.871,31.711) (-136.007,506.854,30.8756)
  m[1][1] pts=2 (-205.601,378.963,84.7453) (-136.007,506.854,30.8756)
  f[1][0] pts=12 (-214.727,402.023,127.702) (-210.869,400.919,130.063) (-196.95,426.497,119.289) (-204.666,428.707,114.567) (-190.748,454.285,103.793) (-183.032,452.075,108.515) (-169.113,477.653,97.7408) (-176.829,479.863,93.0188) (-162.91,505.441,82.2448) (-155.194,503.231,86.9669) (-141.276,528.809,76.1929) (-145.134,529.914,73.8319)
  f[1][1] pts=2 (-214.727,402.023,127.702) (-145.134,529.914,73.8319)
joint 42 type=12 v0=16 v1=19 f0_0=4 f1_0=7 name=ss_e_ip_1 orient=1 div=6 shift=0.5
  jv[0] pts=5 (228.265,389.091,133.149) (236.679,393.471,131.304) (227.531,369.867,88.5768) (219.117,365.488,90.4215) (228.265,389.091,133.149)
  jv[1] pts=5 (127.337,553.788,63.7759) (135.751,558.167,61.9313) (126.603,534.564,19.204) (118.189,530.184,21.0486) (127.337,553.788,63.7759)
  jv[2] pts=5 (219.563,366.422,91.9896) (227.085,368.933,87.0087) (236.234,392.537,129.736) (228.711,390.025,134.717) (219.563,366.422,91.9896)
  jv[3] pts=5 (118.635,531.118,22.6168) (126.157,533.63,17.6358) (135.306,557.233,60.3631) (127.783,554.722,65.3441) (118.635,531.118,22.6168)
  m[0][0] pts=12 (145.963,532.449,72.764) (141.756,530.26,73.6863) (156.174,506.732,83.5967) (164.588,511.111,81.7521) (179.006,487.583,91.6625) (170.592,483.204,93.5071) (185.01,459.676,103.418) (193.425,464.055,101.573) (207.843,440.527,111.483) (199.429,436.148,113.328) (213.847,412.619,123.238) (218.054,414.809,122.316)
  m[0][1] pts=2 (145.963,532.449,72.764) (218.054,414.809,122.316)
  f[0][0] pts=12 (136.815,508.846,30.0367) (133.053,507.59,32.5272) (147.472,484.062,42.4376) (154.994,486.574,37.4566) (169.412,463.046,47.367) (161.89,460.534,52.348) (176.308,437.006,62.2584) (183.831,439.518,57.2774) (198.249,415.99,67.1878) (190.726,413.478,72.1688) (205.145,389.95,82.0792) (208.906,391.206,79.5887)
  f[0][1] pts=2 (136.815,508.846,30.0367) (208.906,391.206,79.5887)
  m[1][0] pts=12 (136.815,508.846,30.0367) (132.607,506.656,30.959) (147.026,483.128,40.8694) (155.44,487.508,39.0248) (169.858,463.979,48.9352) (161.444,459.6,50.7798) (175.862,436.072,60.6902) (184.276,440.451,58.8456) (198.695,416.923,68.756) (190.281,412.544,70.6006) (204.699,389.016,80.511) (208.906,391.206,79.5887)
  m[1][1] pts=2 (136.815,508.846,30.0367) (208.906,391.206,79.5887)
  f[1][0] pts=12 (145.963,532.449,72.764) (142.201,531.194,75.2545) (156.62,507.666,85.1649) (164.142,510.177,80.1839) (178.56,486.649,90.0943) (171.038,484.137,95.0753) (185.456,460.609,104.986) (192.979,463.121,100.005) (207.397,439.593,109.915) (199.875,437.081,114.896) (214.293,413.553,124.807) (218.054,414.809,122.316)
  f[1][1] pts=2 (145.963,532.449,72.764) (218.054,414.809,122.316)
joint 43 type=12 v0=16 v1=21 f0_0=5 f1_0=2 name=ss_e_ip_1 orient=1 div=6 shift=0.5
  jv[0] pts=5 (112.053,561.928,60.3471) (112.053,570.79,56.6142) (112.053,542.472,15.8726) (112.053,533.61,19.6056) (112.053,561.928,60.3471)
  jv[1] pts=5 (-112.169,561.928,60.3471) (-112.169,570.79,56.6142) (-112.169,542.472,15.8726) (-112.169,533.61,19.6056) (-112.169,561.928,60.3471)
  jv[2] pts=5 (112.053,534.746,20.9999) (112.053,541.337,14.4783) (112.053,569.655,55.2199) (112.053,563.064,61.7414) (112.053,534.746,20.9999)
  jv[3] pts=5 (-112.169,534.746,20.9999) (-112.169,541.337,14.4783) (-112.169,569.655,55.2199) (-112.169,563.064,61.7414) (-112.169,534.746,20.9999)
  m[0][0] pts=12 (-80.1373,566.359,58.4806) (-80.1373,561.928,60.3471) (-48.1057,561.928,60.3471) (-48.1057,570.79,56.6142) (-16.074,570.79,56.6142) (-16.074,561.928,60.3471) (15.9577,561.928,60.3471) (15.9577,570.79,56.6142) (47.9894,570.79,56.6142) (47.9894,561.928,60.3471) (80.0211,561.928,60.3471) (80.0211,566.359,58.4806)
  m[0][1] pts=2 (-80.1373,566.359,58.4806) (80.0211,566.359,58.4806)
  f[0][0] pts=12 (-80.1373,538.041,17.7391) (-80.1373,534.746,20.9999) (-48.1057,534.746,20.9999) (-48.1057,541.337,14.4783) (-16.074,541.337,14.4783) (-16.074,534.746,20.9999) (15.9577,534.746,20.9999) (15.9577,541.337,14.4783) (47.9894,541.337,14.4783) (47.9894,534.746,20.9999) (80.0211,534.746,20.9999) (80.0211,538.041,17.7391)
  f[0][1] pts=2 (-80.1373,538.041,17.7391) (80.0211,538.041,17.7391)
  m[1][0] pts=12 (-80.1373,538.041,17.7391) (-80.1373,533.61,19.6056) (-48.1057,533.61,19.6056) (-48.1057,542.472,15.8726) (-16.074,542.472,15.8726) (-16.074,533.61,19.6056) (15.9577,533.61,19.6056) (15.9577,542.472,15.8726) (47.9894,542.472,15.8726) (47.9894,533.61,19.6056) (80.0211,533.61,19.6056) (80.0211,538.041,17.7391)
  m[1][1] pts=2 (-80.1373,538.041,17.7391) (80.0211,538.041,17.7391)
  f[1][0] pts=12 (-80.1373,566.359,58.4806) (-80.1373,563.064,61.7414) (-48.1057,563.064,61.7414) (-48.1057,569.655,55.2199) (-16.074,569.655,55.2199) (-16.074,563.064,61.7414) (15.9577,563.064,61.7414) (15.9577,569.655,55.2199) (47.9894,569.655,55.2199) (47.9894,563.064,61.7414) (80.0211,563.064,61.7414) (80.0211,566.359,58.4806)
  f[1][1] pts=2 (-80.1373,566.359,58.4806) (80.0211,566.359,58.4806)
joint 44 type=12 v0=17 v1=19 f0_0=6 f1_0=3 name=ss_e_ip_1 orient=1 div=4 shift=0.5
  jv[0] pts=5 (502.142,443.651,-85.5431) (495.166,449.844,-82.415) (520.334,471.139,-45.0384) (527.31,464.946,-48.1664) (502.142,443.651,-85.5431)
  jv[1] pts=5 (460.933,358.794,-9.44734) (453.957,364.987,-6.31927) (479.125,386.282,31.0574) (486.101,380.089,27.9293) (460.933,358.794,-9.44734)
  jv[2] pts=5 (528.343,465.597,-46.8809) (519.3,470.488,-46.3238) (494.132,449.193,-83.7005) (503.175,444.302,-84.2576) (528.343,465.597,-46.8809)
  jv[3] pts=5 (487.134,380.74,29.2148) (478.091,385.631,29.7719) (452.923,364.336,-7.60477) (461.966,359.445,-8.16184) (487.134,380.74,29.2148)
  m[0][0] pts=8 (465.687,378.862,-23.1025) (469.175,375.765,-24.6665) (477.417,392.737,-39.8856) (470.44,398.93,-36.7576) (478.682,415.901,-51.9767) (485.658,409.708,-55.1048) (493.9,426.679,-70.3239) (490.412,429.776,-68.7599)
  m[0][1] pts=2 (465.687,378.862,-23.1025) (490.412,429.776,-68.7599)
  f[0][0] pts=8 (490.855,400.157,14.2742) (495.376,397.711,13.9957) (503.618,414.683,-1.22349) (494.575,419.574,-0.666407) (502.817,436.545,-15.8856) (511.86,431.654,-16.4426) (520.102,448.625,-31.6618) (515.58,451.071,-31.3832)
  f[0][1] pts=2 (490.855,400.157,14.2742) (515.58,451.071,-31.3832)
  m[1][0] pts=8 (490.855,400.157,14.2742) (494.343,397.06,12.7102) (502.585,414.032,-2.50898) (495.608,420.225,0.619084) (503.85,437.196,-14.6001) (510.826,431.003,-17.7281) (519.068,447.975,-32.9473) (515.58,451.071,-31.3832)
  m[1][1] pts=2 (490.855,400.157,14.2742) (515.58,451.071,-31.3832)
  f[1][0] pts=8 (465.687,378.862,-23.1025) (470.208,376.416,-23.381) (478.45,393.387,-38.6001) (469.407,398.279,-38.0431) (477.649,415.25,-53.2622) (486.692,410.359,-53.8193) (494.934,427.33,-69.0384) (490.412,429.776,-68.7599)
  f[1][1] pts=2 (465.687,378.862,-23.1025) (490.412,429.776,-68.7599)
joint 45 type=12 v0=17 v1=22 f0_0=5 f1_0=2 name=ss_e_ip_1 orient=1 div=3 shift=0.5
  jv[0] pts=5 (584.032,451.488,-160.471) (581.581,460.791,-162.753) (610.102,484.702,-129.534) (612.553,475.399,-127.251) (584.032,451.488,-160.471)
  jv[1] pts=5 (509.065,448.124,-93.686) (506.614,457.427,-95.9685) (535.136,481.338,-62.7488) (537.587,472.035,-60.4662) (509.065,448.124,-93.686)
  jv[2] pts=5 (584.708,452.213,-159.675) (580.904,460.066,-163.549) (609.426,483.977,-130.329) (613.229,476.124,-126.455) (584.708,452.213,-159.675)
  jv[3] pts=5 (509.742,448.849,-92.8902) (505.938,456.702,-96.7643) (534.459,480.613,-63.5445) (538.263,472.76,-59.6705) (509.742,448.849,-92.8902)
  m[0][0] pts=8 (522.833,453.448,-108.184) (524.059,448.797,-107.043) (539.052,449.47,-120.4) (536.601,458.773,-122.683) (551.594,459.445,-136.039) (554.045,450.143,-133.757) (569.038,450.815,-147.114) (567.813,455.467,-148.255)
  m[0][1] pts=2 (522.833,453.448,-108.184) (567.813,455.467,-148.255)
  f[0][0] pts=8 (522.833,453.448,-108.184) (524.735,449.522,-106.247) (539.728,450.194,-119.604) (535.925,458.048,-123.478) (550.918,458.721,-136.835) (554.722,450.867,-132.961) (569.715,451.54,-146.318) (567.813,455.467,-148.255)
  f[0][1] pts=2 (522.833,453.448,-108.184) (567.813,455.467,-148.255)
  m[1][0] pts=8 (551.354,477.359,-74.9645) (552.58,472.708,-73.8232) (567.573,473.381,-87.1802) (565.122,482.683,-89.4628) (580.116,483.356,-102.82) (582.567,474.053,-100.537) (597.56,474.726,-113.894) (596.334,479.378,-115.035)
  m[1][1] pts=2 (551.354,477.359,-74.9645) (596.334,479.378,-115.035)
  f[1][0] pts=8 (551.354,477.359,-74.9645) (553.256,473.432,-73.0275) (568.25,474.105,-86.3845) (564.446,481.959,-90.2585) (579.439,482.632,-103.615) (583.243,474.778,-99.7414) (598.236,475.451,-113.098) (596.334,479.378,-115.035)
  f[1][1] pts=2 (551.354,477.359,-74.9645) (596.334,479.378,-115.035)
joint 46 type=12 v0=18 v1=20 f0_0=6 f1_0=3 name=ss_e_ip_1 orient=1 div=5 shift=0.5
  jv[0] pts=5 (-418.509,596.39,-147.64) (-426.786,598.278,-152.391) (-451.196,625.247,-118.482) (-442.919,623.359,-113.732) (-418.509,596.39,-147.64)
  jv[1] pts=5 (-490.072,448.665,-81.6654) (-498.349,450.553,-86.4161) (-522.759,477.522,-52.5076) (-514.482,475.634,-47.7568) (-490.072,448.665,-81.6654)
  jv[2] pts=5 (-419.354,597.08,-147.011) (-425.941,597.588,-153.02) (-450.351,624.557,-119.111) (-443.764,624.049,-113.103) (-419.354,597.08,-147.011)
  jv[3] pts=5 (-490.917,449.356,-81.0365) (-497.504,449.863,-87.045) (-521.914,476.832,-53.1365) (-515.327,476.324,-47.1279) (-490.917,449.356,-81.0365)
  m[0][0] pts=12 (-483.987,470.713,-93.4657) (-479.849,469.769,-91.0903) (-469.625,490.872,-100.515) (-477.903,492.76,-105.266) (-467.679,513.864,-114.691) (-459.402,511.976,-109.94) (-449.179,533.079,-119.365) (-457.456,534.968,-124.116) (-447.233,556.071,-133.541) (-438.955,554.183,-128.79) (-428.732,575.287,-138.215) (-432.871,576.231,-140.591)
  m[0][1] pts=2 (-483.987,470.713,-93.4657) (-432.871,576.231,-140.591)
  f[0][0] pts=12 (-483.987,470.713,-93.4657) (-480.694,470.459,-90.4614) (-470.471,491.563,-99.8864) (-477.058,492.07,-105.895) (-466.834,513.174,-115.32) (-460.247,512.666,-109.311) (-450.024,533.77,-118.736) (-456.611,534.277,-124.745) (-446.388,555.381,-134.17) (-439.801,554.873,-128.161) (-429.577,575.977,-137.586) (-432.871,576.231,-140.591)
  f[0][1] pts=2 (-483.987,470.713,-93.4657) (-432.871,576.231,-140.591)
  m[1][0] pts=12 (-508.397,497.682,-59.5572) (-504.259,496.738,-57.1818) (-494.035,517.841,-66.6068) (-502.313,519.729,-71.3575) (-492.09,540.833,-80.7825) (-483.812,538.945,-76.0317) (-473.589,560.048,-85.4567) (-481.866,561.936,-90.2075) (-471.643,583.04,-99.6325) (-463.365,581.152,-94.8817) (-453.142,602.255,-104.307) (-457.281,603.199,-106.682)
  m[1][1] pts=2 (-508.397,497.682,-59.5572) (-457.281,603.199,-106.682)
  f[1][0] pts=12 (-508.397,497.682,-59.5572) (-505.104,497.428,-56.5529) (-494.881,518.532,-65.9779) (-501.468,519.039,-71.9864) (-491.244,540.143,-81.4114) (-484.657,539.635,-75.4028) (-474.434,560.739,-84.8278) (-481.021,561.246,-90.8364) (-470.798,582.35,-100.261) (-464.211,581.842,-94.2528) (-453.987,602.946,-103.678) (-457.281,603.199,-106.682)
  f[1][1] pts=2 (-508.397,497.682,-59.5572) (-457.281,603.199,-106.682)
joint 47 type=12 v0=18 v1=21 f0_0=4 f1_0=5 name=ss_e_ip_1 orient=1 div=5 shift=0.5
  jv[0] pts=5 (-126.825,539.976,13.1659) (-118.928,545.797,12.724) (-127.33,576.811,50.7981) (-135.227,570.99,51.24) (-126.825,539.976,13.1659)
  jv[1] pts=5 (-213.076,648.8,-94.5106) (-205.179,654.621,-94.9525) (-213.581,685.635,-56.8783) (-221.477,679.814,-56.4364) (-213.076,648.8,-94.5106)
  jv[2] pts=5 (-127.131,541.183,14.6305) (-118.623,544.59,11.2593) (-127.025,575.604,49.3334) (-135.532,572.197,52.7047) (-127.131,541.183,14.6305)
  jv[3] pts=5 (-213.381,650.007,-93.0459) (-204.873,653.414,-96.4172) (-213.275,684.428,-58.343) (-221.783,681.021,-54.9717) (-213.381,650.007,-93.0459)
  m[0][0] pts=12 (-196.806,636.164,-79.3492) (-200.754,633.253,-79.1282) (-188.433,617.707,-63.7459) (-180.536,623.529,-64.1878) (-168.214,607.982,-48.8054) (-176.111,602.161,-48.3635) (-163.79,586.615,-32.9812) (-155.893,592.436,-33.4231) (-143.571,576.89,-18.0407) (-151.468,571.068,-17.5988) (-139.147,555.522,-2.21649) (-135.198,558.433,-2.43743)
  m[0][1] pts=2 (-196.806,636.164,-79.3492) (-135.198,558.433,-2.43743)
  f[0][0] pts=12 (-196.806,636.164,-79.3492) (-201.06,634.461,-77.6635) (-188.738,618.914,-62.2812) (-180.23,622.322,-65.6525) (-167.909,606.775,-50.2701) (-176.417,603.368,-46.8988) (-164.095,587.822,-31.5165) (-155.587,591.229,-34.8878) (-143.266,575.683,-19.5054) (-151.774,572.276,-16.1341) (-139.452,556.729,-0.7518) (-135.198,558.433,-2.43743)
  f[0][1] pts=2 (-196.806,636.164,-79.3492) (-135.198,558.433,-2.43743)
  m[1][0] pts=12 (-205.207,667.178,-41.275) (-209.156,664.267,-41.0541) (-196.834,648.721,-25.6717) (-188.938,654.542,-26.1136) (-176.616,638.996,-10.7313) (-184.513,633.175,-10.2894) (-172.191,617.628,5.09296) (-164.295,623.45,4.65108) (-151.973,607.904,20.0334) (-159.87,602.082,20.4753) (-147.548,586.536,35.8577) (-143.6,589.447,35.6367)
  m[1][1] pts=2 (-205.207,667.178,-41.275) (-143.6,589.447,35.6367)
  f[1][0] pts=12 (-205.207,667.178,-41.275) (-209.461,665.474,-39.5894) (-197.14,649.928,-24.207) (-188.632,653.335,-27.5783) (-176.311,637.789,-12.196) (-184.818,634.382,-8.8247) (-172.497,618.836,6.55765) (-163.989,622.243,3.18639) (-151.668,606.697,18.5687) (-160.175,603.289,21.94) (-147.854,587.743,37.3223) (-143.6,589.447,35.6367)
  f[1][1] pts=2 (-205.207,667.178,-41.275) (-143.6,589.447,35.6367)
joint 48 type=12 v0=19 v1=21 f0_0=6 f1_0=3 name=ss_e_ip_1 orient=1 div=5 shift=0.5
  jv[0] pts=5 (211.023,680.511,-57.0484) (202.912,685.96,-57.2777) (194.495,654.558,-94.9675) (202.606,649.109,-94.7382) (211.023,680.511,-57.0484)
  jv[1] pts=5 (134.771,571.541,50.772) (126.66,576.99,50.5427) (118.242,545.588,12.8529) (126.353,540.139,13.0822) (134.771,571.541,50.772)
  jv[2] pts=5 (202.905,650.293,-93.3293) (194.196,653.373,-96.3764) (202.613,684.775,-58.6866) (211.323,681.696,-55.6395) (202.905,650.293,-93.3293)
  jv[3] pts=5 (126.653,541.324,14.4911) (117.943,544.404,11.444) (126.36,575.806,49.1338) (135.07,572.726,52.1809) (126.653,541.324,14.4911)
  m[0][0] pts=12 (141.608,589.833,35.2544) (145.664,587.109,35.3691) (156.557,602.676,19.9662) (148.446,608.125,19.7368) (159.339,623.692,4.33393) (167.45,618.243,4.56325) (178.344,633.81,-10.8397) (170.233,639.259,-11.069) (181.126,654.826,-26.4719) (189.237,649.377,-26.2426) (200.13,664.944,-41.6455) (196.075,667.668,-41.7602)
  m[0][1] pts=2 (141.608,589.833,35.2544) (196.075,667.668,-41.7602)
  f[0][0] pts=12 (133.191,558.431,-2.43537) (137.546,556.891,-0.911811) (148.439,572.458,-16.3147) (139.73,575.538,-19.3618) (150.623,591.105,-34.7647) (159.332,588.025,-31.7176) (170.225,603.592,-47.1206) (161.516,606.672,-50.1677) (172.409,622.239,-65.5706) (181.119,619.159,-62.5235) (192.012,634.726,-77.9264) (187.657,636.266,-79.4499)
  f[0][1] pts=2 (133.191,558.431,-2.43537) (187.657,636.266,-79.4499)
  m[1][0] pts=12 (133.191,558.431,-2.43537) (137.247,555.706,-2.3207) (148.14,571.273,-17.7236) (140.029,576.722,-17.9529) (150.922,592.289,-33.3559) (159.033,586.84,-33.1265) (169.926,602.407,-48.5294) (161.815,607.856,-48.7588) (172.708,623.423,-64.1617) (180.82,617.974,-63.9324) (191.713,633.542,-79.3353) (187.657,636.266,-79.4499)
  m[1][1] pts=2 (133.191,558.431,-2.43537) (187.657,636.266,-79.4499)
  f[1][0] pts=12 (141.608,589.833,35.2544) (145.963,588.293,36.778) (156.856,603.86,21.3751) (148.147,606.94,18.3279) (159.04,622.507,2.92503) (167.75,619.427,5.97214) (178.643,634.994,-9.43077) (169.933,638.074,-12.4779) (180.827,653.641,-27.8808) (189.536,650.561,-24.8337) (200.429,666.128,-40.2366) (196.075,667.668,-41.7602)
  f[1][1] pts=2 (141.608,589.833,35.2544) (196.075,667.668,-41.7602)
joint 49 type=12 v0=19 v1=22 f0_0=4 f1_0=5 name=ss_e_ip_1 orient=1 div=5 shift=0.5
  jv[0] pts=5 (518.382,485.574,-56.2835) (526.523,487.583,-61.1868) (502.3,459.627,-94.3995) (494.16,457.618,-89.4962) (518.382,485.574,-56.2835)
  jv[1] pts=5 (447.948,620.067,-118.122) (456.088,622.076,-123.026) (431.865,594.12,-156.238) (423.725,592.111,-151.335) (447.948,620.067,-118.122)
  jv[2] pts=5 (494.978,458.317,-88.9068) (501.482,458.927,-94.9889) (525.705,486.884,-61.7762) (519.201,486.274,-55.694) (494.978,458.317,-88.9068)
  jv[3] pts=5 (424.543,592.81,-150.746) (431.047,593.42,-156.828) (455.27,621.377,-123.615) (448.766,620.767,-117.533) (424.543,592.81,-150.746)
  m[0][0] pts=12 (462.08,601.858,-111.74) (458.01,600.854,-109.288) (468.072,581.641,-100.454) (476.213,583.65,-105.357) (486.275,564.436,-96.5233) (478.134,562.428,-91.62) (488.196,543.214,-82.7858) (496.337,545.223,-87.6891) (506.399,526.01,-78.855) (498.258,524.001,-73.9517) (508.32,504.788,-65.1176) (512.391,505.792,-67.5692)
  m[0][1] pts=2 (462.08,601.858,-111.74) (512.391,505.792,-67.5692)
  f[0][0] pts=12 (437.857,573.902,-144.953) (434.605,573.597,-141.911) (444.667,554.384,-133.077) (451.171,554.993,-139.16) (461.234,535.78,-130.325) (454.729,535.17,-124.243) (464.791,515.957,-115.409) (471.296,516.567,-121.491) (481.358,497.354,-112.657) (474.854,496.744,-106.575) (484.916,477.531,-97.7409) (488.168,477.835,-100.782)
  f[0][1] pts=2 (437.857,573.902,-144.953) (488.168,477.835,-100.782)
  m[1][0] pts=12 (437.857,573.902,-144.953) (433.787,572.897,-142.501) (443.849,553.684,-133.667) (451.99,555.693,-138.57) (462.052,536.48,-129.736) (453.911,534.471,-124.833) (463.973,515.258,-115.999) (472.114,517.266,-120.902) (482.176,498.053,-112.068) (474.035,496.044,-107.164) (484.097,476.831,-98.3303) (488.168,477.835,-100.782)
  m[1][1] pts=2 (437.857,573.902,-144.953) (488.168,477.835,-100.782)
  f[1][0] pts=12 (462.08,601.858,-111.74) (458.828,601.554,-108.699) (468.89,582.34,-99.8647) (475.394,582.95,-105.947) (485.456,563.737,-97.1127) (478.952,563.127,-91.0305) (489.014,543.914,-82.1964) (495.519,544.524,-88.2786) (505.581,525.31,-79.4444) (499.076,524.7,-73.3623) (509.139,505.487,-64.5282) (512.391,505.792,-67.5692)
  f[1][1] pts=2 (462.08,601.858,-111.74) (512.391,505.792,-67.5692)
