# session joints after joint_create_geometry + orient
# count=57
joint 0 type=40 v0=0 v1=8 f0_0=0 f1_0=0 name=tt_e_p_3 orient=0 div=1 shift=150
  jv[0] pts=5 (183.839,-444.146,1052.31) (298.554,-232.387,1054.4) (330.219,-248.616,960.949) (215.505,-460.374,958.852) (183.839,-444.146,1052.31)
  jv[1] pts=5 (-245.242,-209.86,866.241) (-130.528,1.89807,868.338) (-98.8628,-14.3304,774.882) (-213.577,-226.089,772.786) (-245.242,-209.86,866.241)
  m[0][0] pts=2 (-51.8527,-211.426,878.537) (-36.02,-219.54,831.809)
  m[0][1] pts=2 (-51.8527,-211.426,878.537) (-36.02,-219.54,831.809)
  m[0][2] pts=2 (-11.7686,-233.312,895.919) (4.06408,-241.426,849.191)
  m[0][3] pts=2 (-11.7686,-233.312,895.919) (4.06408,-241.426,849.191)
  m[0][4] pts=2 (50.6252,-267.38,922.976) (66.4579,-275.494,876.248)
  m[0][5] pts=2 (50.6252,-267.38,922.976) (66.4579,-275.494,876.248)
  m[0][6] pts=2 (113.019,-301.448,950.032) (128.852,-309.562,903.304)
  m[0][7] pts=2 (113.019,-301.448,950.032) (128.852,-309.562,903.304)
  m[0][8] pts=2 (145.393,-228.06,948.258) (161.226,-236.174,901.53)
  m[0][9] pts=2 (145.393,-228.06,948.258) (161.226,-236.174,901.53)
  m[0][10] pts=2 (137.768,-245.327,948.673) (153.601,-253.442,901.945)
  m[0][11] pts=2 (137.768,-245.327,948.673) (153.601,-253.442,901.945)
  m[0][12] pts=2 (72.7453,-208.739,920.288) (88.578,-216.853,873.56)
  m[0][13] pts=2 (72.7453,-208.739,920.288) (88.578,-216.853,873.56)
  m[0][14] pts=2 (7.72208,-172.151,891.903) (23.5548,-180.265,845.175)
  m[0][15] pts=2 (7.72208,-172.151,891.903) (23.5548,-180.265,845.175)
  m[0][16] pts=2 (-57.3011,-135.563,863.518) (-41.4684,-143.677,816.79)
  m[0][17] pts=2 (-57.3011,-135.563,863.518) (-41.4684,-143.677,816.79)
  m[0][18] pts=2 (-26.1485,-153.092,877.117) (-10.3158,-161.206,830.389)
  m[0][19] pts=2 (-26.1485,-153.092,877.117) (-10.3158,-161.206,830.389)
  m[0][20] pts=2 (-11.3852,-119.533,876.292) (4.4475,-127.648,829.564)
  m[0][21] pts=2 (-11.3852,-119.533,876.292) (4.4475,-127.648,829.564)
  m[0][22] pts=2 (-31.619,-165.48,877.415) (-15.7863,-173.594,830.686)
  m[0][23] pts=2 (-31.619,-165.48,877.415) (-15.7863,-173.594,830.686)
  f[0][0] pts=2 (-51.8527,-211.426,878.537) (-67.6852,-203.312,925.265)
  f[0][1] pts=2 (-51.8527,-211.426,878.537) (-67.6852,-203.312,925.265)
  f[0][2] pts=2 (-11.7686,-233.312,895.919) (-27.6011,-225.198,942.647)
  f[0][3] pts=2 (-11.7686,-233.312,895.919) (-27.6011,-225.198,942.647)
  f[0][4] pts=2 (50.6252,-267.38,922.976) (34.7927,-259.266,969.703)
  f[0][5] pts=2 (50.6252,-267.38,922.976) (34.7927,-259.266,969.703)
  f[0][6] pts=2 (113.019,-301.448,950.032) (97.1866,-293.334,996.76)
  f[0][7] pts=2 (113.019,-301.448,950.032) (97.1866,-293.334,996.76)
  f[0][8] pts=2 (145.393,-228.06,948.258) (129.561,-219.946,994.985)
  f[0][9] pts=2 (145.393,-228.06,948.258) (129.561,-219.946,994.985)
  f[0][10] pts=2 (137.768,-245.327,948.673) (121.936,-237.213,995.4)
  f[0][11] pts=2 (137.768,-245.327,948.673) (121.936,-237.213,995.4)
  f[0][12] pts=2 (72.7453,-208.739,920.288) (56.9128,-200.625,967.015)
  f[0][13] pts=2 (72.7453,-208.739,920.288) (56.9128,-200.625,967.015)
  f[0][14] pts=2 (7.72208,-172.151,891.903) (-8.11042,-164.037,938.63)
  f[0][15] pts=2 (7.72208,-172.151,891.903) (-8.11042,-164.037,938.63)
  f[0][16] pts=2 (-57.3011,-135.563,863.518) (-73.1336,-127.448,910.245)
  f[0][17] pts=2 (-57.3011,-135.563,863.518) (-73.1336,-127.448,910.245)
  f[0][18] pts=2 (-26.1485,-153.092,877.117) (-41.981,-144.978,923.845)
  f[0][19] pts=2 (-26.1485,-153.092,877.117) (-41.981,-144.978,923.845)
  f[0][20] pts=2 (-11.3852,-119.533,876.292) (-27.2177,-111.419,923.019)
  f[0][21] pts=2 (-11.3852,-119.533,876.292) (-27.2177,-111.419,923.019)
  f[0][22] pts=2 (-31.619,-165.48,877.415) (-47.4515,-157.365,924.142)
  f[0][23] pts=2 (-31.619,-165.48,877.415) (-47.4515,-157.365,924.142)
  m[1][0] pts=2 (-51.8527,-211.426,878.537) (-36.02,-219.54,831.809)
  m[1][1] pts=2 (-51.8527,-211.426,878.537) (-36.02,-219.54,831.809)
  m[1][2] pts=2 (-11.7686,-233.312,895.919) (4.06408,-241.426,849.191)
  m[1][3] pts=2 (-11.7686,-233.312,895.919) (4.06408,-241.426,849.191)
  m[1][4] pts=2 (50.6252,-267.38,922.976) (66.4579,-275.494,876.248)
  m[1][5] pts=2 (50.6252,-267.38,922.976) (66.4579,-275.494,876.248)
  m[1][6] pts=2 (113.019,-301.448,950.032) (128.852,-309.562,903.304)
  m[1][7] pts=2 (113.019,-301.448,950.032) (128.852,-309.562,903.304)
  m[1][8] pts=2 (145.393,-228.06,948.258) (161.226,-236.174,901.53)
  m[1][9] pts=2 (145.393,-228.06,948.258) (161.226,-236.174,901.53)
  m[1][10] pts=2 (137.768,-245.327,948.673) (153.601,-253.442,901.945)
  m[1][11] pts=2 (137.768,-245.327,948.673) (153.601,-253.442,901.945)
  m[1][12] pts=2 (72.7453,-208.739,920.288) (88.578,-216.853,873.56)
  m[1][13] pts=2 (72.7453,-208.739,920.288) (88.578,-216.853,873.56)
  m[1][14] pts=2 (7.72208,-172.151,891.903) (23.5548,-180.265,845.175)
  m[1][15] pts=2 (7.72208,-172.151,891.903) (23.5548,-180.265,845.175)
  m[1][16] pts=2 (-57.3011,-135.563,863.518) (-41.4684,-143.677,816.79)
  m[1][17] pts=2 (-57.3011,-135.563,863.518) (-41.4684,-143.677,816.79)
  m[1][18] pts=2 (-26.1485,-153.092,877.117) (-10.3158,-161.206,830.389)
  m[1][19] pts=2 (-26.1485,-153.092,877.117) (-10.3158,-161.206,830.389)
  m[1][20] pts=2 (-11.3852,-119.533,876.292) (4.4475,-127.648,829.564)
  m[1][21] pts=2 (-11.3852,-119.533,876.292) (4.4475,-127.648,829.564)
  m[1][22] pts=2 (-31.619,-165.48,877.415) (-15.7863,-173.594,830.686)
  m[1][23] pts=2 (-31.619,-165.48,877.415) (-15.7863,-173.594,830.686)
  f[1][0] pts=2 (-51.8527,-211.426,878.537) (-67.6852,-203.312,925.265)
  f[1][1] pts=2 (-51.8527,-211.426,878.537) (-67.6852,-203.312,925.265)
  f[1][2] pts=2 (-11.7686,-233.312,895.919) (-27.6011,-225.198,942.647)
  f[1][3] pts=2 (-11.7686,-233.312,895.919) (-27.6011,-225.198,942.647)
  f[1][4] pts=2 (50.6252,-267.38,922.976) (34.7927,-259.266,969.703)
  f[1][5] pts=2 (50.6252,-267.38,922.976) (34.7927,-259.266,969.703)
  f[1][6] pts=2 (113.019,-301.448,950.032) (97.1866,-293.334,996.76)
  f[1][7] pts=2 (113.019,-301.448,950.032) (97.1866,-293.334,996.76)
  f[1][8] pts=2 (145.393,-228.06,948.258) (129.561,-219.946,994.985)
  f[1][9] pts=2 (145.393,-228.06,948.258) (129.561,-219.946,994.985)
  f[1][10] pts=2 (137.768,-245.327,948.673) (121.936,-237.213,995.4)
  f[1][11] pts=2 (137.768,-245.327,948.673) (121.936,-237.213,995.4)
  f[1][12] pts=2 (72.7453,-208.739,920.288) (56.9128,-200.625,967.015)
  f[1][13] pts=2 (72.7453,-208.739,920.288) (56.9128,-200.625,967.015)
  f[1][14] pts=2 (7.72208,-172.151,891.903) (-8.11042,-164.037,938.63)
  f[1][15] pts=2 (7.72208,-172.151,891.903) (-8.11042,-164.037,938.63)
  f[1][16] pts=2 (-57.3011,-135.563,863.518) (-73.1336,-127.448,910.245)
  f[1][17] pts=2 (-57.3011,-135.563,863.518) (-73.1336,-127.448,910.245)
  f[1][18] pts=2 (-26.1485,-153.092,877.117) (-41.981,-144.978,923.845)
  f[1][19] pts=2 (-26.1485,-153.092,877.117) (-41.981,-144.978,923.845)
  f[1][20] pts=2 (-11.3852,-119.533,876.292) (-27.2177,-111.419,923.019)
  f[1][21] pts=2 (-11.3852,-119.533,876.292) (-27.2177,-111.419,923.019)
  f[1][22] pts=2 (-31.619,-165.48,877.415) (-47.4515,-157.365,924.142)
  f[1][23] pts=2 (-31.619,-165.48,877.415) (-47.4515,-157.365,924.142)
joint 1 type=11 v0=12 v1=0 f0_0=3 f1_0=5 name=ss_e_op_1 orient=1 div=3 shift=0.5
  jv[0] pts=5 (153.582,-426.326,985.46) (136.5,-420.458,1032.15) (160.835,-376.709,1032.8) (177.916,-382.577,986.108) (153.582,-426.326,985.46)
  jv[1] pts=5 (-174.355,-241.796,842.303) (-191.437,-235.928,888.998) (-167.103,-192.179,889.646) (-150.021,-198.047,842.952) (-174.355,-241.796,842.303)
  m[0][0] pts=8 (87.9942,-389.42,956.829) (70.9123,-383.552,1003.52) (5.3249,-346.646,974.892) (22.4068,-352.514,928.197) (-43.1806,-315.608,899.566) (-60.2625,-309.74,946.26) (-125.85,-272.834,917.629) (-108.768,-278.702,870.935)
  m[0][1] pts=2 (87.9942,-389.42,956.829) (-108.768,-278.702,870.935)
  f[0][0] pts=8 (95.2471,-339.803,1004.17) (70.9123,-383.552,1003.52) (5.3249,-346.646,974.892) (29.6597,-302.897,975.54) (-35.9278,-265.991,946.909) (-60.2625,-309.74,946.26) (-125.85,-272.834,917.629) (-101.515,-229.085,918.277)
  f[0][1] pts=2 (95.2471,-339.803,1004.17) (-101.515,-229.085,918.277)
  m[1][0] pts=8 (112.329,-345.671,957.477) (95.2471,-339.803,1004.17) (29.6597,-302.897,975.54) (46.7415,-308.765,928.846) (-18.8459,-271.859,900.214) (-35.9278,-265.991,946.909) (-101.515,-229.085,918.277) (-84.4333,-234.953,871.583)
  m[1][1] pts=2 (112.329,-345.671,957.477) (-84.4333,-234.953,871.583)
  f[1][0] pts=8 (112.329,-345.671,957.477) (87.9942,-389.42,956.829) (22.4068,-352.514,928.197) (46.7415,-308.765,928.846) (-18.8459,-271.859,900.214) (-43.1806,-315.608,899.566) (-108.768,-278.702,870.935) (-84.4333,-234.953,871.583)
  f[1][1] pts=2 (112.329,-345.671,957.477) (-84.4333,-234.953,871.583)
joint 2 type=11 v0=13 v1=0 f0_0=5 f1_0=3 name=ss_e_op_1 orient=1 div=3 shift=0.5
  jv[0] pts=5 (-75.5737,-27.5791,838.575) (-89.5802,-16.094,885.336) (-113.465,-60.1853,884.899) (-99.4583,-71.6703,838.138) (-75.5737,-27.5791,838.575)
  jv[1] pts=5 (254.389,-207.739,981.659) (240.382,-196.254,1028.42) (216.497,-240.345,1027.98) (230.504,-251.83,981.222) (254.389,-207.739,981.659)
  m[0][0] pts=8 (-9.58122,-63.6111,867.191) (-23.5878,-52.126,913.952) (42.4047,-88.1581,942.569) (56.4112,-99.6431,895.808) (122.404,-135.675,924.425) (108.397,-124.19,971.186) (174.39,-160.222,999.803) (188.396,-171.707,953.042)
  m[0][1] pts=2 (-9.58122,-63.6111,867.191) (188.396,-171.707,953.042)
  f[0][0] pts=8 (-47.4724,-96.2173,913.516) (-23.5878,-52.126,913.952) (42.4047,-88.1581,942.569) (18.52,-132.249,942.133) (84.5125,-168.281,970.75) (108.397,-124.19,971.186) (174.39,-160.222,999.803) (150.505,-204.313,999.366)
  f[0][1] pts=2 (-47.4724,-96.2173,913.516) (150.505,-204.313,999.366)
  m[1][0] pts=8 (-33.4659,-107.702,866.755) (-47.4724,-96.2173,913.516) (18.52,-132.249,942.133) (32.5266,-143.734,895.372) (98.519,-179.766,923.989) (84.5125,-168.281,970.75) (150.505,-204.313,999.366) (164.511,-215.798,952.606)
  m[1][1] pts=2 (-33.4659,-107.702,866.755) (164.511,-215.798,952.606)
  f[1][0] pts=8 (-33.4659,-107.702,866.755) (-9.58122,-63.6111,867.191) (56.4112,-99.6431,895.808) (32.5266,-143.734,895.372) (98.519,-179.766,923.989) (122.404,-135.675,924.425) (188.396,-171.707,953.042) (164.511,-215.798,952.606)
  f[1][1] pts=2 (-33.4659,-107.702,866.755) (164.511,-215.798,952.606)
joint 3 type=20 v0=24 v1=0 f0_0=3 f1_0=1 name=ts_e_p_2 orient=1 div=1 shift=0.5
  jv[0] pts=5 (-71.8967,-80.3499,902.486) (-115.471,-61.6236,884.47) (-92.2508,-72.9127,840.797) (-48.6764,-91.639,858.813) (-71.8967,-80.3499,902.486)
  jv[1] pts=5 (-129.2,-210.611,905.687) (-172.774,-191.884,887.671) (-149.554,-203.174,843.998) (-105.98,-221.9,862.014) (-129.2,-210.611,905.687)
  m[0][0] pts=4 (-134.572,-105.044,885.537) (-111.352,-116.333,841.864) (-130.453,-159.753,842.931) (-153.673,-148.464,886.604)
  m[0][1] pts=2 (-134.572,-105.044,885.537) (-153.673,-148.464,886.604)
  f[0][0] pts=5 (-134.572,-105.044,885.537) (-153.673,-148.464,886.604) (-110.099,-167.19,904.62) (-90.9977,-123.77,903.553) (-134.572,-105.044,885.537)
  f[0][1] pts=5 (-134.572,-105.044,885.537) (-90.9977,-123.77,903.553) (-90.9977,-123.77,903.553) (-134.572,-105.044,885.537) (-134.572,-105.044,885.537)
  m[1][0] pts=4 (-90.9977,-123.77,903.553) (-67.7775,-135.059,859.88) (-86.8785,-178.48,860.947) (-110.099,-167.19,904.62)
  m[1][1] pts=2 (-90.9977,-123.77,903.553) (-110.099,-167.19,904.62)
  f[1][0] pts=5 (-111.352,-116.333,841.864) (-130.453,-159.753,842.931) (-86.8785,-178.48,860.947) (-67.7775,-135.059,859.88) (-111.352,-116.333,841.864)
  f[1][1] pts=5 (-111.352,-116.333,841.864) (-67.7775,-135.059,859.88) (-67.7775,-135.059,859.88) (-111.352,-116.333,841.864) (-111.352,-116.333,841.864)
joint 4 type=20 v0=25 v1=0 f0_0=3 f1_0=1 name=ts_e_p_2 orient=1 div=1 shift=0.5
  jv[0] pts=5 (214.752,-236.892,1026.79) (171.204,-218.117,1008.78) (194.395,-229.403,965.094) (237.942,-248.178,983.11) (214.752,-236.892,1026.79)
  jv[1] pts=5 (155.63,-370.915,1030.03) (112.082,-352.14,1012.02) (135.273,-363.426,968.333) (178.821,-382.201,986.349) (155.63,-370.915,1030.03)
  m[0][0] pts=4 (151.497,-262.791,1009.86) (174.687,-274.078,966.174) (154.98,-318.752,967.254) (131.789,-307.465,1010.94)
  m[0][1] pts=2 (151.497,-262.791,1009.86) (131.789,-307.465,1010.94)
  f[0][0] pts=5 (151.497,-262.791,1009.86) (131.789,-307.465,1010.94) (175.337,-326.241,1028.95) (195.044,-281.566,1027.87) (151.497,-262.791,1009.86)
  f[0][1] pts=5 (151.497,-262.791,1009.86) (195.044,-281.566,1027.87) (195.044,-281.566,1027.87) (151.497,-262.791,1009.86) (151.497,-262.791,1009.86)
  m[1][0] pts=4 (195.044,-281.566,1027.87) (218.235,-292.853,984.19) (198.528,-337.527,985.269) (175.337,-326.241,1028.95)
  m[1][1] pts=2 (195.044,-281.566,1027.87) (175.337,-326.241,1028.95)
  f[1][0] pts=5 (174.687,-274.078,966.174) (154.98,-318.752,967.254) (198.528,-337.527,985.269) (218.235,-292.853,984.19) (174.687,-274.078,966.174)
  f[1][1] pts=5 (174.687,-274.078,966.174) (218.235,-292.853,984.19) (218.235,-292.853,984.19) (174.687,-274.078,966.174) (174.687,-274.078,966.174)
joint 5 type=20 v0=1 v1=2 f0_0=6 f1_0=1 name=ts_e_p_2 orient=1 div=4 shift=0.5
  jv[0] pts=5 (-133.835,61.3726,803.047) (-175.529,84.082,785.598) (-191.778,36.1982,784.298) (-150.084,13.4888,801.748) (-133.835,61.3726,803.047)
  jv[1] pts=5 (447.326,-92.7175,-786.125) (405.632,-70.0082,-803.575) (389.383,-117.892,-804.874) (431.077,-140.601,-787.424) (447.326,-92.7175,-786.125)
  m[0][0] pts=8 (-59.2969,53.2639,467.763) (-75.5461,5.38017,466.464) (40.6862,-25.4378,148.629) (56.9354,22.4459,149.929) (173.168,-8.37212,-167.906) (156.918,-56.2559,-169.205) (273.151,-87.0739,-487.04) (289.4,-39.1901,-485.74)
  m[0][1] pts=2 (-59.2969,53.2639,467.763) (289.4,-39.1901,-485.74)
  f[0][0] pts=5 (-59.2969,53.2639,467.763) (56.9354,22.4459,149.929) (98.6295,-0.263469,167.378) (-17.6028,30.5546,485.213) (-59.2969,53.2639,467.763)
  f[0][1] pts=5 (173.168,-8.37212,-167.906) (289.4,-39.1901,-485.74) (331.094,-61.8995,-468.291) (214.862,-31.0815,-150.456) (173.168,-8.37212,-167.906)
  f[0][2] pts=5 (-59.2969,53.2639,467.763) (-17.6028,30.5546,485.213) (214.862,-31.0815,-150.456) (173.168,-8.37212,-167.906) (-59.2969,53.2639,467.763)
  m[1][0] pts=8 (-17.6028,30.5546,485.213) (-33.8521,-17.3292,483.913) (82.3802,-48.1472,166.079) (98.6295,-0.263469,167.378) (214.862,-31.0815,-150.456) (198.613,-78.9652,-151.756) (314.845,-109.783,-469.59) (331.094,-61.8995,-468.291)
  m[1][1] pts=2 (-17.6028,30.5546,485.213) (331.094,-61.8995,-468.291)
  f[1][0] pts=5 (-75.5461,5.38017,466.464) (40.6862,-25.4378,148.629) (82.3802,-48.1472,166.079) (-33.8521,-17.3292,483.913) (-75.5461,5.38017,466.464)
  f[1][1] pts=5 (156.918,-56.2559,-169.205) (273.151,-87.0739,-487.04) (314.845,-109.783,-469.59) (198.613,-78.9652,-151.756) (156.918,-56.2559,-169.205)
  f[1][2] pts=5 (-75.5461,5.38017,466.464) (-33.8521,-17.3292,483.913) (198.613,-78.9652,-151.756) (156.918,-56.2559,-169.205) (-75.5461,5.38017,466.464)
joint 6 type=20 v0=1 v1=3 f0_0=2 f1_0=1 name=ts_e_p_2 orient=1 div=4 shift=0.5
  jv[0] pts=5 (498.522,44.3309,-794.138) (456.495,65.2812,-812.296) (474.618,112.052,-816.659) (516.645,91.1013,-798.501) (498.522,44.3309,-794.138)
  jv[1] pts=5 (-12.5489,389.914,787.451) (-54.5757,410.865,769.293) (-36.4531,457.635,764.93) (5.57369,436.685,783.088) (-12.5489,389.914,787.451)
  m[0][0] pts=8 (354.281,134.398,-495.978) (372.404,181.168,-500.342) (270.189,250.285,-184.024) (252.067,203.515,-179.66) (149.853,272.631,136.657) (167.975,319.402,132.294) (65.7611,388.519,448.612) (47.6385,341.748,452.975)
  m[0][1] pts=2 (354.281,134.398,-495.978) (47.6385,341.748,452.975)
  f[0][0] pts=5 (354.281,134.398,-495.978) (252.067,203.515,-179.66) (294.094,182.564,-161.502) (396.308,113.448,-477.82) (354.281,134.398,-495.978)
  f[0][1] pts=5 (149.853,272.631,136.657) (47.6385,341.748,452.975) (89.6653,320.798,471.133) (191.88,251.681,154.816) (149.853,272.631,136.657)
  f[0][2] pts=5 (354.281,134.398,-495.978) (396.308,113.448,-477.82) (191.88,251.681,154.816) (149.853,272.631,136.657) (354.281,134.398,-495.978)
  m[1][0] pts=8 (396.308,113.448,-477.82) (414.43,160.218,-482.183) (312.216,229.335,-165.866) (294.094,182.564,-161.502) (191.88,251.681,154.816) (210.002,298.451,150.452) (107.788,367.568,466.77) (89.6653,320.798,471.133)
  m[1][1] pts=2 (396.308,113.448,-477.82) (89.6653,320.798,471.133)
  f[1][0] pts=5 (372.404,181.168,-500.342) (270.189,250.285,-184.024) (312.216,229.335,-165.866) (414.43,160.218,-482.183) (372.404,181.168,-500.342)
  f[1][1] pts=5 (167.975,319.402,132.294) (65.7611,388.519,448.612) (107.788,367.568,466.77) (210.002,298.451,150.452) (167.975,319.402,132.294)
  f[1][2] pts=5 (372.404,181.168,-500.342) (414.43,160.218,-482.183) (210.002,298.451,150.452) (167.975,319.402,132.294) (372.404,181.168,-500.342)
joint 7 type=20 v0=1 v1=4 f0_0=7 f1_0=1 name=ts_e_p_2 orient=1 div=1 shift=0.5
  jv[0] pts=5 (449.83,-89.8058,-789.838) (403.128,-72.9197,-799.86) (418.943,-81.7535,-847.172) (465.645,-98.6395,-837.15) (449.83,-89.8058,-789.838)
  jv[1] pts=5 (500.86,46.3615,-798.208) (454.158,63.2475,-808.23) (469.973,54.4137,-855.542) (516.675,37.5277,-845.52) (500.86,46.3615,-798.208)
  m[0][0] pts=4 (420.138,-27.5306,-802.65) (435.953,-36.3644,-849.962) (452.963,9.02466,-852.752) (437.148,17.8584,-805.44)
  m[0][1] pts=2 (420.138,-27.5306,-802.65) (437.148,17.8584,-805.44)
  f[0][0] pts=5 (420.138,-27.5306,-802.65) (437.148,17.8584,-805.44) (483.85,0.972403,-795.418) (466.84,-44.4167,-792.628) (420.138,-27.5306,-802.65)
  f[0][1] pts=5 (420.138,-27.5306,-802.65) (466.84,-44.4167,-792.628) (466.84,-44.4167,-792.628) (420.138,-27.5306,-802.65) (420.138,-27.5306,-802.65)
  m[1][0] pts=4 (466.84,-44.4167,-792.628) (482.655,-53.2505,-839.94) (499.665,-7.86138,-842.73) (483.85,0.972403,-795.418)
  m[1][1] pts=2 (466.84,-44.4167,-792.628) (483.85,0.972403,-795.418)
  f[1][0] pts=5 (435.953,-36.3644,-849.962) (452.963,9.02466,-852.752) (499.665,-7.86138,-842.73) (482.655,-53.2505,-839.94) (435.953,-36.3644,-849.962)
  f[1][1] pts=5 (435.953,-36.3644,-849.962) (482.655,-53.2505,-839.94) (482.655,-53.2505,-839.94) (435.953,-36.3644,-849.962) (435.953,-36.3644,-849.962)
joint 8 type=20 v0=1 v1=15 f0_0=5 f1_0=1 name=ts_e_p_2 orient=1 div=4 shift=0.5
  jv[0] pts=5 (-624.993,459.567,2380.91) (-666.316,482.084,2362.36) (-685.018,435.464,2368.31) (-643.695,412.947,2386.85) (-624.993,459.567,2380.91)
  jv[1] pts=5 (-134.021,61.4686,803.596) (-175.344,83.9856,785.05) (-194.046,37.365,790.995) (-152.723,14.848,809.541) (-134.021,61.4686,803.596)
  m[0][0] pts=8 (-568.122,402.465,2046.9) (-586.824,355.844,2052.85) (-488.629,276.224,1737.38) (-469.927,322.845,1731.44) (-371.733,243.225,1415.98) (-390.435,196.605,1421.92) (-292.241,116.985,1106.46) (-273.538,163.605,1100.51)
  m[0][1] pts=2 (-568.122,402.465,2046.9) (-273.538,163.605,1100.51)
  f[0][0] pts=5 (-568.122,402.465,2046.9) (-469.927,322.845,1731.44) (-428.604,300.328,1749.98) (-526.798,379.948,2065.45) (-568.122,402.465,2046.9)
  f[0][1] pts=5 (-371.733,243.225,1415.98) (-273.538,163.605,1100.51) (-232.215,141.088,1119.06) (-330.409,220.708,1434.52) (-371.733,243.225,1415.98)
  f[0][2] pts=5 (-568.122,402.465,2046.9) (-526.798,379.948,2065.45) (-330.409,220.708,1434.52) (-371.733,243.225,1415.98) (-568.122,402.465,2046.9)
  m[1][0] pts=8 (-526.798,379.948,2065.45) (-545.5,333.327,2071.39) (-447.306,253.707,1755.93) (-428.604,300.328,1749.98) (-330.409,220.708,1434.52) (-349.112,174.088,1440.47) (-250.917,94.4678,1125) (-232.215,141.088,1119.06)
  m[1][1] pts=2 (-526.798,379.948,2065.45) (-232.215,141.088,1119.06)
  f[1][0] pts=5 (-586.824,355.844,2052.85) (-488.629,276.224,1737.38) (-447.306,253.707,1755.93) (-545.5,333.327,2071.39) (-586.824,355.844,2052.85)
  f[1][1] pts=5 (-390.435,196.605,1421.92) (-292.241,116.985,1106.46) (-250.917,94.4678,1125) (-349.112,174.088,1440.47) (-390.435,196.605,1421.92)
  f[1][2] pts=5 (-586.824,355.844,2052.85) (-545.5,333.327,2071.39) (-349.112,174.088,1440.47) (-390.435,196.605,1421.92) (-586.824,355.844,2052.85)
joint 9 type=20 v0=1 v1=16 f0_0=4 f1_0=1 name=ts_e_p_2 orient=1 div=1 shift=0.5
  jv[0] pts=5 (-575.039,600.409,2379.33) (-616.576,614.642,2354.06) (-632.831,622.283,2401.43) (-591.294,608.05,2426.7) (-575.039,600.409,2379.33)
  jv[1] pts=5 (-624.886,463.709,2384.27) (-666.423,477.942,2359) (-682.678,485.583,2406.37) (-641.141,471.35,2431.64) (-624.886,463.709,2384.27)
  m[0][0] pts=4 (-633.192,569.075,2355.71) (-649.447,576.716,2403.07) (-666.063,531.15,2404.72) (-649.807,523.508,2357.35)
  m[0][1] pts=2 (-633.192,569.075,2355.71) (-649.807,523.508,2357.35)
  f[0][0] pts=5 (-633.192,569.075,2355.71) (-649.807,523.508,2357.35) (-608.27,509.276,2382.62) (-591.654,554.843,2380.98) (-633.192,569.075,2355.71)
  f[0][1] pts=5 (-633.192,569.075,2355.71) (-591.654,554.843,2380.98) (-591.654,554.843,2380.98) (-633.192,569.075,2355.71) (-633.192,569.075,2355.71)
  m[1][0] pts=4 (-591.654,554.843,2380.98) (-607.91,562.484,2428.34) (-624.526,516.917,2429.99) (-608.27,509.276,2382.62)
  m[1][1] pts=2 (-591.654,554.843,2380.98) (-608.27,509.276,2382.62)
  f[1][0] pts=5 (-649.447,576.716,2403.07) (-666.063,531.15,2404.72) (-624.526,516.917,2429.99) (-607.91,562.484,2428.34) (-649.447,576.716,2403.07)
  f[1][1] pts=5 (-649.447,576.716,2403.07) (-607.91,562.484,2428.34) (-607.91,562.484,2428.34) (-649.447,576.716,2403.07) (-649.447,576.716,2403.07)
joint 10 type=20 v0=1 v1=17 f0_0=3 f1_0=1 name=ts_e_p_2 orient=1 div=4 shift=0.5
  jv[0] pts=5 (-12.4678,389.873,787.212) (-54.6574,410.907,769.534) (-37.9215,458.391,769.266) (4.26814,437.357,786.943) (-12.4678,389.873,787.212)
  jv[1] pts=5 (-574.712,597.008,2375.53) (-616.902,618.042,2357.85) (-600.166,665.527,2357.59) (-557.976,644.493,2375.26) (-574.712,597.008,2375.53)
  m[0][0] pts=8 (-167.106,452.334,1087.2) (-150.37,499.818,1086.93) (-262.819,541.245,1404.59) (-279.555,493.761,1404.86) (-392.004,535.188,1722.53) (-375.268,582.672,1722.26) (-487.717,624.1,2039.92) (-504.453,576.615,2040.19)
  m[0][1] pts=2 (-167.106,452.334,1087.2) (-504.453,576.615,2040.19)
  f[0][0] pts=5 (-167.106,452.334,1087.2) (-279.555,493.761,1404.86) (-237.366,472.727,1422.54) (-124.917,431.3,1104.88) (-167.106,452.334,1087.2)
  f[0][1] pts=5 (-392.004,535.188,1722.53) (-504.453,576.615,2040.19) (-462.263,555.581,2057.87) (-349.814,514.154,1740.2) (-392.004,535.188,1722.53)
  f[0][2] pts=5 (-167.106,452.334,1087.2) (-124.917,431.3,1104.88) (-349.814,514.154,1740.2) (-392.004,535.188,1722.53) (-167.106,452.334,1087.2)
  m[1][0] pts=8 (-124.917,431.3,1104.88) (-108.181,478.784,1104.61) (-220.63,520.211,1422.27) (-237.366,472.727,1422.54) (-349.814,514.154,1740.2) (-333.079,561.638,1739.94) (-445.527,603.066,2057.6) (-462.263,555.581,2057.87)
  m[1][1] pts=2 (-124.917,431.3,1104.88) (-462.263,555.581,2057.87)
  f[1][0] pts=5 (-150.37,499.818,1086.93) (-262.819,541.245,1404.59) (-220.63,520.211,1422.27) (-108.181,478.784,1104.61) (-150.37,499.818,1086.93)
  f[1][1] pts=5 (-375.268,582.672,1722.26) (-487.717,624.1,2039.92) (-445.527,603.066,2057.6) (-333.079,561.638,1739.94) (-375.268,582.672,1722.26)
  f[1][2] pts=5 (-150.37,499.818,1086.93) (-108.181,478.784,1104.61) (-333.079,561.638,1739.94) (-375.268,582.672,1722.26) (-150.37,499.818,1086.93)
joint 11 type=11 v0=4 v1=2 f0_0=3 f1_0=5 name=ss_e_op_1 orient=1 div=3 shift=0.5
  jv[0] pts=5 (396.743,-117.945,-846.414) (420.516,-73.6309,-847.923) (409.588,-72.4371,-798.828) (385.816,-116.751,-797.319) (396.743,-117.945,-846.414)
  jv[1] pts=5 (745.22,-302.094,-764.373) (768.993,-257.78,-765.882) (758.065,-256.586,-716.788) (734.293,-300.9,-715.279) (745.22,-302.094,-764.373)
  m[0][0] pts=8 (466.438,-154.775,-830.006) (490.211,-110.461,-831.515) (559.906,-147.291,-815.107) (536.134,-191.605,-813.598) (605.829,-228.435,-797.19) (629.602,-184.12,-798.699) (699.297,-220.95,-782.29) (675.525,-265.264,-780.782)
  m[0][1] pts=2 (466.438,-154.775,-830.006) (675.525,-265.264,-780.782)
  f[0][0] pts=8 (479.284,-109.267,-782.42) (490.211,-110.461,-831.515) (559.906,-147.291,-815.107) (548.979,-146.097,-766.012) (618.675,-182.927,-749.604) (629.602,-184.12,-798.699) (699.297,-220.95,-782.29) (688.37,-219.756,-733.196)
  f[0][1] pts=2 (479.284,-109.267,-782.42) (688.37,-219.756,-733.196)
  m[1][0] pts=8 (455.511,-153.581,-780.911) (479.284,-109.267,-782.42) (548.979,-146.097,-766.012) (525.207,-190.411,-764.503) (594.902,-227.241,-748.095) (618.675,-182.927,-749.604) (688.37,-219.756,-733.196) (664.597,-264.071,-731.687)
  m[1][1] pts=2 (455.511,-153.581,-780.911) (664.597,-264.071,-731.687)
  f[1][0] pts=8 (455.511,-153.581,-780.911) (466.438,-154.775,-830.006) (536.134,-191.605,-813.598) (525.207,-190.411,-764.503) (594.902,-227.241,-748.095) (605.829,-228.435,-797.19) (675.525,-265.264,-780.782) (664.597,-264.071,-731.687)
  f[1][1] pts=2 (455.511,-153.581,-780.911) (664.597,-264.071,-731.687)
joint 12 type=20 v0=14 v1=2 f0_0=6 f1_0=1 name=ts_e_p_2 orient=1 div=4 shift=0.5
  jv[0] pts=5 (749.65,-252.478,-714.947) (707.979,-229.78,-732.4) (691.6,-277.594,-733.752) (733.271,-300.292,-716.299) (749.65,-252.478,-714.947)
  jv[1] pts=5 (149.243,-93.1914,925.79) (107.572,-70.4933,908.338) (91.1927,-118.307,906.986) (132.864,-141.005,924.439) (149.243,-93.1914,925.79)
  m[0][0] pts=8 (587.898,-197.923,-404.252) (571.519,-245.736,-405.604) (451.437,-213.879,-77.4566) (467.816,-166.065,-76.1048) (347.735,-134.208,252.043) (331.356,-182.021,250.691) (211.274,-150.164,578.839) (227.653,-102.351,580.19)
  m[0][1] pts=2 (587.898,-197.923,-404.252) (227.653,-102.351,580.19)
  f[0][0] pts=5 (587.898,-197.923,-404.252) (467.816,-166.065,-76.1048) (509.487,-188.764,-58.6523) (629.569,-220.621,-386.8) (587.898,-197.923,-404.252)
  f[0][1] pts=5 (347.735,-134.208,252.043) (227.653,-102.351,580.19) (269.324,-125.049,597.643) (389.406,-156.906,269.495) (347.735,-134.208,252.043)
  f[0][2] pts=5 (587.898,-197.923,-404.252) (629.569,-220.621,-386.8) (389.406,-156.906,269.495) (347.735,-134.208,252.043) (587.898,-197.923,-404.252)
  m[1][0] pts=8 (629.569,-220.621,-386.8) (613.19,-268.434,-388.152) (493.108,-236.577,-60.0041) (509.487,-188.764,-58.6523) (389.406,-156.906,269.495) (373.027,-204.719,268.143) (252.945,-172.862,596.291) (269.324,-125.049,597.643)
  m[1][1] pts=2 (629.569,-220.621,-386.8) (269.324,-125.049,597.643)
  f[1][0] pts=5 (571.519,-245.736,-405.604) (451.437,-213.879,-77.4566) (493.108,-236.577,-60.0041) (613.19,-268.434,-388.152) (571.519,-245.736,-405.604)
  f[1][1] pts=5 (331.356,-182.021,250.691) (211.274,-150.164,578.839) (252.945,-172.862,596.291) (373.027,-204.719,268.143) (331.356,-182.021,250.691)
  f[1][2] pts=5 (571.519,-245.736,-405.604) (613.19,-268.434,-388.152) (373.027,-204.719,268.143) (331.356,-182.021,250.691) (571.519,-245.736,-405.604)
joint 13 type=12 v0=2 v1=15 f0_0=3 f1_0=5 name=ss_e_ip_1 orient=1 div=3 shift=0.5
  jv[0] pts=5 (137.617,-141.591,903.845) (119.994,-136.786,950.543) (143.888,-92.7033,950.946) (161.512,-97.5085,904.248) (137.617,-141.591,903.845)
  jv[1] pts=5 (-187.836,36.1085,762.736) (-205.459,40.9137,809.434) (-181.564,84.9963,809.837) (-163.941,80.1911,763.139) (-187.836,36.1085,762.736)
  jv[2] pts=5 (159.702,-100.847,904.217) (145.698,-89.364,950.977) (121.803,-133.447,950.574) (135.807,-144.93,903.815) (159.702,-100.847,904.217)
  jv[3] pts=5 (-165.75,76.8523,763.108) (-179.754,88.3357,809.867) (-203.649,44.2528,809.465) (-189.645,32.7695,762.705) (-165.75,76.8523,763.108)
  m[0][0] pts=8 (-131.557,2.97118,814.307) (-122.745,0.568599,790.958) (-57.6544,-34.9713,819.18) (-75.2781,-30.1662,865.878) (-10.1875,-65.7061,894.1) (7.43613,-70.5112,847.402) (72.5267,-106.051,875.623) (63.7148,-103.649,898.972)
  m[0][1] pts=2 (-131.557,2.97118,814.307) (63.7148,-103.649,898.972)
  f[0][0] pts=8 (-107.662,47.0541,814.71) (-100.66,41.3124,791.33) (-35.5694,5.77245,819.552) (-49.5732,17.2558,866.311) (15.5174,-18.2842,894.533) (29.5211,-29.7675,847.774) (94.6117,-65.3074,875.996) (87.6098,-59.5658,899.375)
  f[0][1] pts=2 (-107.662,47.0541,814.71) (87.6098,-59.5658,899.375)
  m[1][0] pts=8 (-107.662,47.0538,814.71) (-98.8501,44.6512,791.36) (-33.7596,9.11128,819.582) (-51.3833,13.9164,866.28) (13.7073,-21.6235,894.502) (31.331,-26.4286,847.804) (96.4215,-61.9686,876.026) (87.6097,-59.566,899.375)
  m[1][1] pts=2 (-107.662,47.0538,814.71) (87.6097,-59.566,899.375)
  f[1][0] pts=8 (-131.557,2.97121,814.307) (-124.555,-2.77045,790.927) (-59.4644,-38.3104,819.149) (-73.4681,-26.8271,865.908) (-8.37761,-62.367,894.13) (5.62619,-73.8503,847.371) (70.7167,-109.39,875.593) (63.7148,-103.649,898.972)
  f[1][1] pts=2 (-131.557,2.97121,814.307) (63.7148,-103.649,898.972)
joint 14 type=40 v0=2 v1=19 f0_0=0 f1_0=0 name=tt_e_p_3 orient=0 div=1 shift=150
  jv[0] pts=5 (311.332,-180.05,977.535) (701.627,-222.69,-776.007) (656.507,-311.584,-783.888) (266.212,-268.944,969.654) (311.332,-180.05,977.535)
  jv[1] pts=5 (-117.914,46.781,876.48) (272.381,4.14073,-877.062) (227.261,-84.7531,-884.943) (-163.034,-42.1128,868.599) (-117.914,46.781,876.48)
  m[0][0] pts=2 (48.4614,-80.9092,729.808) (25.9014,-125.356,725.868)
  m[0][1] pts=2 (48.4614,-80.9092,729.808) (25.9014,-125.356,725.868)
  m[0][2] pts=2 (41.0248,-76.8488,726.583) (18.4648,-121.296,722.643)
  m[0][3] pts=2 (41.0248,-76.8488,726.583) (18.4648,-121.296,722.643)
  m[0][4] pts=2 (59.9153,-78.3056,634.865) (37.3553,-122.753,630.925)
  m[0][5] pts=2 (59.9153,-78.3056,634.865) (37.3553,-122.753,630.925)
  m[0][6] pts=2 (78.8057,-79.7625,543.147) (56.2457,-124.21,539.206)
  m[0][7] pts=2 (78.8057,-79.7625,543.147) (56.2457,-124.21,539.206)
  m[0][8] pts=2 (97.6962,-81.2194,451.429) (75.1362,-125.667,447.488)
  m[0][9] pts=2 (97.6962,-81.2194,451.429) (75.1362,-125.667,447.488)
  m[0][10] pts=2 (116.587,-82.6763,359.71) (94.0267,-127.123,355.77)
  m[0][11] pts=2 (116.587,-82.6763,359.71) (94.0267,-127.123,355.77)
  m[0][12] pts=2 (135.477,-84.1332,267.992) (112.917,-128.58,264.052)
  m[0][13] pts=2 (135.477,-84.1332,267.992) (112.917,-128.58,264.052)
  m[0][14] pts=2 (154.368,-85.59,176.274) (131.808,-130.037,172.333)
  m[0][15] pts=2 (154.368,-85.59,176.274) (131.808,-130.037,172.333)
  m[0][16] pts=2 (173.258,-87.0469,84.5555) (150.698,-131.494,80.615)
  m[0][17] pts=2 (173.258,-87.0469,84.5555) (150.698,-131.494,80.615)
  m[0][18] pts=2 (192.149,-88.5038,-7.16276) (169.589,-132.951,-11.1033)
  m[0][19] pts=2 (192.149,-88.5038,-7.16276) (169.589,-132.951,-11.1033)
  m[0][20] pts=2 (223.015,-96.6879,-91.5674) (200.455,-141.135,-95.5079)
  m[0][21] pts=2 (223.015,-96.6879,-91.5674) (200.455,-141.135,-95.5079)
  m[0][22] pts=2 (253.882,-104.872,-175.972) (231.322,-149.319,-179.913)
  m[0][23] pts=2 (253.882,-104.872,-175.972) (231.322,-149.319,-179.913)
  m[0][24] pts=2 (284.749,-113.056,-260.377) (262.189,-157.503,-264.317)
  m[0][25] pts=2 (284.749,-113.056,-260.377) (262.189,-157.503,-264.317)
  m[0][26] pts=2 (315.616,-121.24,-344.781) (293.056,-165.687,-348.722)
  m[0][27] pts=2 (315.616,-121.24,-344.781) (293.056,-165.687,-348.722)
  m[0][28] pts=2 (346.483,-129.424,-429.186) (323.923,-173.871,-433.127)
  m[0][29] pts=2 (346.483,-129.424,-429.186) (323.923,-173.871,-433.127)
  m[0][30] pts=2 (377.349,-137.608,-513.591) (354.789,-182.055,-517.531)
  m[0][31] pts=2 (377.349,-137.608,-513.591) (354.789,-182.055,-517.531)
  m[0][32] pts=2 (408.216,-145.792,-597.995) (385.656,-190.239,-601.936)
  m[0][33] pts=2 (408.216,-145.792,-597.995) (385.656,-190.239,-601.936)
  m[0][34] pts=2 (439.083,-153.976,-682.4) (416.523,-198.424,-686.341)
  m[0][35] pts=2 (439.083,-153.976,-682.4) (416.523,-198.424,-686.341)
  m[0][36] pts=2 (411.557,-139.431,-688.88) (388.997,-183.878,-692.821)
  m[0][37] pts=2 (411.557,-139.431,-688.88) (388.997,-183.878,-692.821)
  m[0][38] pts=2 (458.531,-164.255,-677.802) (435.971,-208.703,-681.743)
  m[0][39] pts=2 (458.531,-164.255,-677.802) (435.971,-208.703,-681.743)
  m[0][40] pts=2 (505.505,-189.08,-666.724) (482.945,-233.527,-670.664)
  m[0][41] pts=2 (505.505,-189.08,-666.724) (482.945,-233.527,-670.664)
  m[0][42] pts=2 (486.851,-187.617,-576.429) (464.291,-232.064,-580.369)
  m[0][43] pts=2 (486.851,-187.617,-576.429) (464.291,-232.064,-580.369)
  m[0][44] pts=2 (468.197,-186.154,-486.134) (445.637,-230.601,-490.074)
  m[0][45] pts=2 (468.197,-186.154,-486.134) (445.637,-230.601,-490.074)
  m[0][46] pts=2 (449.543,-184.691,-395.839) (426.983,-229.138,-399.779)
  m[0][47] pts=2 (449.543,-184.691,-395.839) (426.983,-229.138,-399.779)
  m[0][48] pts=2 (430.888,-183.227,-305.544) (408.328,-227.675,-309.485)
  m[0][49] pts=2 (430.888,-183.227,-305.544) (408.328,-227.675,-309.485)
  m[0][50] pts=2 (412.234,-181.764,-215.249) (389.674,-226.211,-219.19)
  m[0][51] pts=2 (412.234,-181.764,-215.249) (389.674,-226.211,-219.19)
  m[0][52] pts=2 (393.58,-180.301,-124.954) (371.02,-224.748,-128.895)
  m[0][53] pts=2 (393.58,-180.301,-124.954) (371.02,-224.748,-128.895)
  m[0][54] pts=2 (374.926,-178.838,-34.6591) (352.366,-223.285,-38.5996)
  m[0][55] pts=2 (374.926,-178.838,-34.6591) (352.366,-223.285,-38.5996)
  m[0][56] pts=2 (356.271,-177.375,55.6358) (333.711,-221.822,51.6954)
  m[0][57] pts=2 (356.271,-177.375,55.6358) (333.711,-221.822,51.6954)
  m[0][58] pts=2 (324.387,-168.916,142.766) (301.827,-213.363,138.825)
  m[0][59] pts=2 (324.387,-168.916,142.766) (301.827,-213.363,138.825)
  m[0][60] pts=2 (292.503,-160.457,229.895) (269.943,-204.904,225.955)
  m[0][61] pts=2 (292.503,-160.457,229.895) (269.943,-204.904,225.955)
  m[0][62] pts=2 (260.619,-151.998,317.025) (238.059,-196.446,313.085)
  m[0][63] pts=2 (260.619,-151.998,317.025) (238.059,-196.446,313.085)
  m[0][64] pts=2 (228.735,-143.54,404.155) (206.175,-187.987,400.214)
  m[0][65] pts=2 (228.735,-143.54,404.155) (206.175,-187.987,400.214)
  m[0][66] pts=2 (196.851,-135.081,491.285) (174.291,-179.528,487.344)
  m[0][67] pts=2 (196.851,-135.081,491.285) (174.291,-179.528,487.344)
  m[0][68] pts=2 (164.967,-126.622,578.414) (142.407,-171.069,574.474)
  m[0][69] pts=2 (164.967,-126.622,578.414) (142.407,-171.069,574.474)
  m[0][70] pts=2 (133.083,-118.163,665.544) (110.523,-162.61,661.604)
  m[0][71] pts=2 (133.083,-118.163,665.544) (110.523,-162.61,661.604)
  m[0][72] pts=2 (101.199,-109.704,752.674) (78.6388,-154.151,748.734)
  m[0][73] pts=2 (101.199,-109.704,752.674) (78.6388,-154.151,748.734)
  f[0][0] pts=2 (48.4614,-80.9092,729.808) (71.0211,-36.4626,733.749)
  f[0][1] pts=2 (48.4614,-80.9092,729.808) (71.0211,-36.4626,733.749)
  f[0][2] pts=2 (41.0248,-76.8488,726.583) (63.5845,-32.4021,730.524)
  f[0][3] pts=2 (41.0248,-76.8488,726.583) (63.5845,-32.4021,730.524)
  f[0][4] pts=2 (59.9153,-78.3056,634.865) (82.475,-33.859,638.806)
  f[0][5] pts=2 (59.9153,-78.3056,634.865) (82.475,-33.859,638.806)
  f[0][6] pts=2 (78.8057,-79.7625,543.147) (101.365,-35.3159,547.087)
  f[0][7] pts=2 (78.8057,-79.7625,543.147) (101.365,-35.3159,547.087)
  f[0][8] pts=2 (97.6962,-81.2194,451.429) (120.256,-36.7728,455.369)
  f[0][9] pts=2 (97.6962,-81.2194,451.429) (120.256,-36.7728,455.369)
  f[0][10] pts=2 (116.587,-82.6763,359.71) (139.146,-38.2296,363.651)
  f[0][11] pts=2 (116.587,-82.6763,359.71) (139.146,-38.2296,363.651)
  f[0][12] pts=2 (135.477,-84.1332,267.992) (158.037,-39.6865,271.932)
  f[0][13] pts=2 (135.477,-84.1332,267.992) (158.037,-39.6865,271.932)
  f[0][14] pts=2 (154.368,-85.59,176.274) (176.927,-41.1434,180.214)
  f[0][15] pts=2 (154.368,-85.59,176.274) (176.927,-41.1434,180.214)
  f[0][16] pts=2 (173.258,-87.0469,84.5555) (195.818,-42.6003,88.4959)
  f[0][17] pts=2 (173.258,-87.0469,84.5555) (195.818,-42.6003,88.4959)
  f[0][18] pts=2 (192.149,-88.5038,-7.16276) (214.708,-44.0572,-3.22232)
  f[0][19] pts=2 (192.149,-88.5038,-7.16276) (214.708,-44.0572,-3.22232)
  f[0][20] pts=2 (223.015,-96.6879,-91.5674) (245.575,-52.2412,-87.627)
  f[0][21] pts=2 (223.015,-96.6879,-91.5674) (245.575,-52.2412,-87.627)
  f[0][22] pts=2 (253.882,-104.872,-175.972) (276.442,-60.4253,-172.032)
  f[0][23] pts=2 (253.882,-104.872,-175.972) (276.442,-60.4253,-172.032)
  f[0][24] pts=2 (284.749,-113.056,-260.377) (307.309,-68.6094,-256.436)
  f[0][25] pts=2 (284.749,-113.056,-260.377) (307.309,-68.6094,-256.436)
  f[0][26] pts=2 (315.616,-121.24,-344.781) (338.175,-76.7934,-340.841)
  f[0][27] pts=2 (315.616,-121.24,-344.781) (338.175,-76.7934,-340.841)
  f[0][28] pts=2 (346.483,-129.424,-429.186) (369.042,-84.9775,-425.246)
  f[0][29] pts=2 (346.483,-129.424,-429.186) (369.042,-84.9775,-425.246)
  f[0][30] pts=2 (377.349,-137.608,-513.591) (399.909,-93.1616,-509.65)
  f[0][31] pts=2 (377.349,-137.608,-513.591) (399.909,-93.1616,-509.65)
  f[0][32] pts=2 (408.216,-145.792,-597.995) (430.776,-101.346,-594.055)
  f[0][33] pts=2 (408.216,-145.792,-597.995) (430.776,-101.346,-594.055)
  f[0][34] pts=2 (439.083,-153.976,-682.4) (461.643,-109.53,-678.46)
  f[0][35] pts=2 (439.083,-153.976,-682.4) (461.643,-109.53,-678.46)
  f[0][36] pts=2 (411.557,-139.431,-688.88) (434.117,-94.984,-684.94)
  f[0][37] pts=2 (411.557,-139.431,-688.88) (434.117,-94.984,-684.94)
  f[0][38] pts=2 (458.531,-164.255,-677.802) (481.091,-119.809,-673.862)
  f[0][39] pts=2 (458.531,-164.255,-677.802) (481.091,-119.809,-673.862)
  f[0][40] pts=2 (505.505,-189.08,-666.724) (528.065,-144.633,-662.783)
  f[0][41] pts=2 (505.505,-189.08,-666.724) (528.065,-144.633,-662.783)
  f[0][42] pts=2 (486.851,-187.617,-576.429) (509.411,-143.17,-572.488)
  f[0][43] pts=2 (486.851,-187.617,-576.429) (509.411,-143.17,-572.488)
  f[0][44] pts=2 (468.197,-186.154,-486.134) (490.757,-141.707,-482.194)
  f[0][45] pts=2 (468.197,-186.154,-486.134) (490.757,-141.707,-482.194)
  f[0][46] pts=2 (449.543,-184.691,-395.839) (472.102,-140.244,-391.899)
  f[0][47] pts=2 (449.543,-184.691,-395.839) (472.102,-140.244,-391.899)
  f[0][48] pts=2 (430.888,-183.227,-305.544) (453.448,-138.781,-301.604)
  f[0][49] pts=2 (430.888,-183.227,-305.544) (453.448,-138.781,-301.604)
  f[0][50] pts=2 (412.234,-181.764,-215.249) (434.794,-137.318,-211.309)
  f[0][51] pts=2 (412.234,-181.764,-215.249) (434.794,-137.318,-211.309)
  f[0][52] pts=2 (393.58,-180.301,-124.954) (416.14,-135.854,-121.014)
  f[0][53] pts=2 (393.58,-180.301,-124.954) (416.14,-135.854,-121.014)
  f[0][54] pts=2 (374.926,-178.838,-34.6591) (397.485,-134.391,-30.7187)
  f[0][55] pts=2 (374.926,-178.838,-34.6591) (397.485,-134.391,-30.7187)
  f[0][56] pts=2 (356.271,-177.375,55.6358) (378.831,-132.928,59.5763)
  f[0][57] pts=2 (356.271,-177.375,55.6358) (378.831,-132.928,59.5763)
  f[0][58] pts=2 (324.387,-168.916,142.766) (346.947,-124.469,146.706)
  f[0][59] pts=2 (324.387,-168.916,142.766) (346.947,-124.469,146.706)
  f[0][60] pts=2 (292.503,-160.457,229.895) (315.063,-116.011,233.836)
  f[0][61] pts=2 (292.503,-160.457,229.895) (315.063,-116.011,233.836)
  f[0][62] pts=2 (260.619,-151.998,317.025) (283.179,-107.552,320.966)
  f[0][63] pts=2 (260.619,-151.998,317.025) (283.179,-107.552,320.966)
  f[0][64] pts=2 (228.735,-143.54,404.155) (251.295,-99.0929,408.095)
  f[0][65] pts=2 (228.735,-143.54,404.155) (251.295,-99.0929,408.095)
  f[0][66] pts=2 (196.851,-135.081,491.285) (219.411,-90.6341,495.225)
  f[0][67] pts=2 (196.851,-135.081,491.285) (219.411,-90.6341,495.225)
  f[0][68] pts=2 (164.967,-126.622,578.414) (187.527,-82.1753,582.355)
  f[0][69] pts=2 (164.967,-126.622,578.414) (187.527,-82.1753,582.355)
  f[0][70] pts=2 (133.083,-118.163,665.544) (155.643,-73.7165,669.485)
  f[0][71] pts=2 (133.083,-118.163,665.544) (155.643,-73.7165,669.485)
  f[0][72] pts=2 (101.199,-109.704,752.674) (123.759,-65.2576,756.614)
  f[0][73] pts=2 (101.199,-109.704,752.674) (123.759,-65.2576,756.614)
  m[1][0] pts=2 (48.4614,-80.9092,729.808) (25.9014,-125.356,725.868)
  m[1][1] pts=2 (48.4614,-80.9092,729.808) (25.9014,-125.356,725.868)
  m[1][2] pts=2 (41.0248,-76.8488,726.583) (18.4648,-121.296,722.643)
  m[1][3] pts=2 (41.0248,-76.8488,726.583) (18.4648,-121.296,722.643)
  m[1][4] pts=2 (59.9153,-78.3056,634.865) (37.3553,-122.753,630.925)
  m[1][5] pts=2 (59.9153,-78.3056,634.865) (37.3553,-122.753,630.925)
  m[1][6] pts=2 (78.8057,-79.7625,543.147) (56.2457,-124.21,539.206)
  m[1][7] pts=2 (78.8057,-79.7625,543.147) (56.2457,-124.21,539.206)
  m[1][8] pts=2 (97.6962,-81.2194,451.429) (75.1362,-125.667,447.488)
  m[1][9] pts=2 (97.6962,-81.2194,451.429) (75.1362,-125.667,447.488)
  m[1][10] pts=2 (116.587,-82.6763,359.71) (94.0267,-127.123,355.77)
  m[1][11] pts=2 (116.587,-82.6763,359.71) (94.0267,-127.123,355.77)
  m[1][12] pts=2 (135.477,-84.1332,267.992) (112.917,-128.58,264.052)
  m[1][13] pts=2 (135.477,-84.1332,267.992) (112.917,-128.58,264.052)
  m[1][14] pts=2 (154.368,-85.59,176.274) (131.808,-130.037,172.333)
  m[1][15] pts=2 (154.368,-85.59,176.274) (131.808,-130.037,172.333)
  m[1][16] pts=2 (173.258,-87.0469,84.5555) (150.698,-131.494,80.615)
  m[1][17] pts=2 (173.258,-87.0469,84.5555) (150.698,-131.494,80.615)
  m[1][18] pts=2 (192.149,-88.5038,-7.16276) (169.589,-132.951,-11.1033)
  m[1][19] pts=2 (192.149,-88.5038,-7.16276) (169.589,-132.951,-11.1033)
  m[1][20] pts=2 (223.015,-96.6879,-91.5674) (200.455,-141.135,-95.5079)
  m[1][21] pts=2 (223.015,-96.6879,-91.5674) (200.455,-141.135,-95.5079)
  m[1][22] pts=2 (253.882,-104.872,-175.972) (231.322,-149.319,-179.913)
  m[1][23] pts=2 (253.882,-104.872,-175.972) (231.322,-149.319,-179.913)
  m[1][24] pts=2 (284.749,-113.056,-260.377) (262.189,-157.503,-264.317)
  m[1][25] pts=2 (284.749,-113.056,-260.377) (262.189,-157.503,-264.317)
  m[1][26] pts=2 (315.616,-121.24,-344.781) (293.056,-165.687,-348.722)
  m[1][27] pts=2 (315.616,-121.24,-344.781) (293.056,-165.687,-348.722)
  m[1][28] pts=2 (346.483,-129.424,-429.186) (323.923,-173.871,-433.127)
  m[1][29] pts=2 (346.483,-129.424,-429.186) (323.923,-173.871,-433.127)
  m[1][30] pts=2 (377.349,-137.608,-513.591) (354.789,-182.055,-517.531)
  m[1][31] pts=2 (377.349,-137.608,-513.591) (354.789,-182.055,-517.531)
  m[1][32] pts=2 (408.216,-145.792,-597.995) (385.656,-190.239,-601.936)
  m[1][33] pts=2 (408.216,-145.792,-597.995) (385.656,-190.239,-601.936)
  m[1][34] pts=2 (439.083,-153.976,-682.4) (416.523,-198.424,-686.341)
  m[1][35] pts=2 (439.083,-153.976,-682.4) (416.523,-198.424,-686.341)
  m[1][36] pts=2 (411.557,-139.431,-688.88) (388.997,-183.878,-692.821)
  m[1][37] pts=2 (411.557,-139.431,-688.88) (388.997,-183.878,-692.821)
  m[1][38] pts=2 (458.531,-164.255,-677.802) (435.971,-208.703,-681.743)
  m[1][39] pts=2 (458.531,-164.255,-677.802) (435.971,-208.703,-681.743)
  m[1][40] pts=2 (505.505,-189.08,-666.724) (482.945,-233.527,-670.664)
  m[1][41] pts=2 (505.505,-189.08,-666.724) (482.945,-233.527,-670.664)
  m[1][42] pts=2 (486.851,-187.617,-576.429) (464.291,-232.064,-580.369)
  m[1][43] pts=2 (486.851,-187.617,-576.429) (464.291,-232.064,-580.369)
  m[1][44] pts=2 (468.197,-186.154,-486.134) (445.637,-230.601,-490.074)
  m[1][45] pts=2 (468.197,-186.154,-486.134) (445.637,-230.601,-490.074)
  m[1][46] pts=2 (449.543,-184.691,-395.839) (426.983,-229.138,-399.779)
  m[1][47] pts=2 (449.543,-184.691,-395.839) (426.983,-229.138,-399.779)
  m[1][48] pts=2 (430.888,-183.227,-305.544) (408.328,-227.675,-309.485)
  m[1][49] pts=2 (430.888,-183.227,-305.544) (408.328,-227.675,-309.485)
  m[1][50] pts=2 (412.234,-181.764,-215.249) (389.674,-226.211,-219.19)
  m[1][51] pts=2 (412.234,-181.764,-215.249) (389.674,-226.211,-219.19)
  m[1][52] pts=2 (393.58,-180.301,-124.954) (371.02,-224.748,-128.895)
  m[1][53] pts=2 (393.58,-180.301,-124.954) (371.02,-224.748,-128.895)
  m[1][54] pts=2 (374.926,-178.838,-34.6591) (352.366,-223.285,-38.5996)
  m[1][55] pts=2 (374.926,-178.838,-34.6591) (352.366,-223.285,-38.5996)
  m[1][56] pts=2 (356.271,-177.375,55.6358) (333.711,-221.822,51.6954)
  m[1][57] pts=2 (356.271,-177.375,55.6358) (333.711,-221.822,51.6954)
  m[1][58] pts=2 (324.387,-168.916,142.766) (301.827,-213.363,138.825)
  m[1][59] pts=2 (324.387,-168.916,142.766) (301.827,-213.363,138.825)
  m[1][60] pts=2 (292.503,-160.457,229.895) (269.943,-204.904,225.955)
  m[1][61] pts=2 (292.503,-160.457,229.895) (269.943,-204.904,225.955)
  m[1][62] pts=2 (260.619,-151.998,317.025) (238.059,-196.446,313.085)
  m[1][63] pts=2 (260.619,-151.998,317.025) (238.059,-196.446,313.085)
  m[1][64] pts=2 (228.735,-143.54,404.155) (206.175,-187.987,400.214)
  m[1][65] pts=2 (228.735,-143.54,404.155) (206.175,-187.987,400.214)
  m[1][66] pts=2 (196.851,-135.081,491.285) (174.291,-179.528,487.344)
  m[1][67] pts=2 (196.851,-135.081,491.285) (174.291,-179.528,487.344)
  m[1][68] pts=2 (164.967,-126.622,578.414) (142.407,-171.069,574.474)
  m[1][69] pts=2 (164.967,-126.622,578.414) (142.407,-171.069,574.474)
  m[1][70] pts=2 (133.083,-118.163,665.544) (110.523,-162.61,661.604)
  m[1][71] pts=2 (133.083,-118.163,665.544) (110.523,-162.61,661.604)
  m[1][72] pts=2 (101.199,-109.704,752.674) (78.6388,-154.151,748.734)
  m[1][73] pts=2 (101.199,-109.704,752.674) (78.6388,-154.151,748.734)
  f[1][0] pts=2 (48.4614,-80.9092,729.808) (71.0211,-36.4626,733.749)
  f[1][1] pts=2 (48.4614,-80.9092,729.808) (71.0211,-36.4626,733.749)
  f[1][2] pts=2 (41.0248,-76.8488,726.583) (63.5845,-32.4021,730.524)
  f[1][3] pts=2 (41.0248,-76.8488,726.583) (63.5845,-32.4021,730.524)
  f[1][4] pts=2 (59.9153,-78.3056,634.865) (82.475,-33.859,638.806)
  f[1][5] pts=2 (59.9153,-78.3056,634.865) (82.475,-33.859,638.806)
  f[1][6] pts=2 (78.8057,-79.7625,543.147) (101.365,-35.3159,547.087)
  f[1][7] pts=2 (78.8057,-79.7625,543.147) (101.365,-35.3159,547.087)
  f[1][8] pts=2 (97.6962,-81.2194,451.429) (120.256,-36.7728,455.369)
  f[1][9] pts=2 (97.6962,-81.2194,451.429) (120.256,-36.7728,455.369)
  f[1][10] pts=2 (116.587,-82.6763,359.71) (139.146,-38.2296,363.651)
  f[1][11] pts=2 (116.587,-82.6763,359.71) (139.146,-38.2296,363.651)
  f[1][12] pts=2 (135.477,-84.1332,267.992) (158.037,-39.6865,271.932)
  f[1][13] pts=2 (135.477,-84.1332,267.992) (158.037,-39.6865,271.932)
  f[1][14] pts=2 (154.368,-85.59,176.274) (176.927,-41.1434,180.214)
  f[1][15] pts=2 (154.368,-85.59,176.274) (176.927,-41.1434,180.214)
  f[1][16] pts=2 (173.258,-87.0469,84.5555) (195.818,-42.6003,88.4959)
  f[1][17] pts=2 (173.258,-87.0469,84.5555) (195.818,-42.6003,88.4959)
  f[1][18] pts=2 (192.149,-88.5038,-7.16276) (214.708,-44.0572,-3.22232)
  f[1][19] pts=2 (192.149,-88.5038,-7.16276) (214.708,-44.0572,-3.22232)
  f[1][20] pts=2 (223.015,-96.6879,-91.5674) (245.575,-52.2412,-87.627)
  f[1][21] pts=2 (223.015,-96.6879,-91.5674) (245.575,-52.2412,-87.627)
  f[1][22] pts=2 (253.882,-104.872,-175.972) (276.442,-60.4253,-172.032)
  f[1][23] pts=2 (253.882,-104.872,-175.972) (276.442,-60.4253,-172.032)
  f[1][24] pts=2 (284.749,-113.056,-260.377) (307.309,-68.6094,-256.436)
  f[1][25] pts=2 (284.749,-113.056,-260.377) (307.309,-68.6094,-256.436)
  f[1][26] pts=2 (315.616,-121.24,-344.781) (338.175,-76.7934,-340.841)
  f[1][27] pts=2 (315.616,-121.24,-344.781) (338.175,-76.7934,-340.841)
  f[1][28] pts=2 (346.483,-129.424,-429.186) (369.042,-84.9775,-425.246)
  f[1][29] pts=2 (346.483,-129.424,-429.186) (369.042,-84.9775,-425.246)
  f[1][30] pts=2 (377.349,-137.608,-513.591) (399.909,-93.1616,-509.65)
  f[1][31] pts=2 (377.349,-137.608,-513.591) (399.909,-93.1616,-509.65)
  f[1][32] pts=2 (408.216,-145.792,-597.995) (430.776,-101.346,-594.055)
  f[1][33] pts=2 (408.216,-145.792,-597.995) (430.776,-101.346,-594.055)
  f[1][34] pts=2 (439.083,-153.976,-682.4) (461.643,-109.53,-678.46)
  f[1][35] pts=2 (439.083,-153.976,-682.4) (461.643,-109.53,-678.46)
  f[1][36] pts=2 (411.557,-139.431,-688.88) (434.117,-94.984,-684.94)
  f[1][37] pts=2 (411.557,-139.431,-688.88) (434.117,-94.984,-684.94)
  f[1][38] pts=2 (458.531,-164.255,-677.802) (481.091,-119.809,-673.862)
  f[1][39] pts=2 (458.531,-164.255,-677.802) (481.091,-119.809,-673.862)
  f[1][40] pts=2 (505.505,-189.08,-666.724) (528.065,-144.633,-662.783)
  f[1][41] pts=2 (505.505,-189.08,-666.724) (528.065,-144.633,-662.783)
  f[1][42] pts=2 (486.851,-187.617,-576.429) (509.411,-143.17,-572.488)
  f[1][43] pts=2 (486.851,-187.617,-576.429) (509.411,-143.17,-572.488)
  f[1][44] pts=2 (468.197,-186.154,-486.134) (490.757,-141.707,-482.194)
  f[1][45] pts=2 (468.197,-186.154,-486.134) (490.757,-141.707,-482.194)
  f[1][46] pts=2 (449.543,-184.691,-395.839) (472.102,-140.244,-391.899)
  f[1][47] pts=2 (449.543,-184.691,-395.839) (472.102,-140.244,-391.899)
  f[1][48] pts=2 (430.888,-183.227,-305.544) (453.448,-138.781,-301.604)
  f[1][49] pts=2 (430.888,-183.227,-305.544) (453.448,-138.781,-301.604)
  f[1][50] pts=2 (412.234,-181.764,-215.249) (434.794,-137.318,-211.309)
  f[1][51] pts=2 (412.234,-181.764,-215.249) (434.794,-137.318,-211.309)
  f[1][52] pts=2 (393.58,-180.301,-124.954) (416.14,-135.854,-121.014)
  f[1][53] pts=2 (393.58,-180.301,-124.954) (416.14,-135.854,-121.014)
  f[1][54] pts=2 (374.926,-178.838,-34.6591) (397.485,-134.391,-30.7187)
  f[1][55] pts=2 (374.926,-178.838,-34.6591) (397.485,-134.391,-30.7187)
  f[1][56] pts=2 (356.271,-177.375,55.6358) (378.831,-132.928,59.5763)
  f[1][57] pts=2 (356.271,-177.375,55.6358) (378.831,-132.928,59.5763)
  f[1][58] pts=2 (324.387,-168.916,142.766) (346.947,-124.469,146.706)
  f[1][59] pts=2 (324.387,-168.916,142.766) (346.947,-124.469,146.706)
  f[1][60] pts=2 (292.503,-160.457,229.895) (315.063,-116.011,233.836)
  f[1][61] pts=2 (292.503,-160.457,229.895) (315.063,-116.011,233.836)
  f[1][62] pts=2 (260.619,-151.998,317.025) (283.179,-107.552,320.966)
  f[1][63] pts=2 (260.619,-151.998,317.025) (283.179,-107.552,320.966)
  f[1][64] pts=2 (228.735,-143.54,404.155) (251.295,-99.0929,408.095)
  f[1][65] pts=2 (228.735,-143.54,404.155) (251.295,-99.0929,408.095)
  f[1][66] pts=2 (196.851,-135.081,491.285) (219.411,-90.6341,495.225)
  f[1][67] pts=2 (196.851,-135.081,491.285) (219.411,-90.6341,495.225)
  f[1][68] pts=2 (164.967,-126.622,578.414) (187.527,-82.1753,582.355)
  f[1][69] pts=2 (164.967,-126.622,578.414) (187.527,-82.1753,582.355)
  f[1][70] pts=2 (133.083,-118.163,665.544) (155.643,-73.7165,669.485)
  f[1][71] pts=2 (133.083,-118.163,665.544) (155.643,-73.7165,669.485)
  f[1][72] pts=2 (101.199,-109.704,752.674) (123.759,-65.2576,756.614)
  f[1][73] pts=2 (101.199,-109.704,752.674) (123.759,-65.2576,756.614)
joint 15 type=11 v0=4 v1=3 f0_0=5 f1_0=3 name=ss_e_op_1 orient=1 div=3 shift=0.5
  jv[0] pts=5 (837.311,-74.6548,-777.187) (814.351,-119.045,-775.531) (806.333,-112.409,-726.623) (829.293,-68.019,-728.279) (837.311,-74.6548,-777.187)
  jv[1] pts=5 (486.275,103.854,-858.956) (463.316,59.4635,-857.3) (455.298,66.0993,-808.392) (478.257,110.49,-810.049) (486.275,103.854,-858.956)
  m[0][0] pts=8 (767.104,-38.953,-793.541) (744.144,-83.3435,-791.884) (673.937,-47.6417,-808.238) (696.897,-3.25129,-809.895) (626.69,32.4505,-826.248) (603.73,-11.94,-824.592) (533.523,23.7618,-840.946) (556.482,68.1522,-842.602)
  m[0][1] pts=2 (767.104,-38.953,-793.541) (556.482,68.1522,-842.602)
  f[0][0] pts=8 (736.126,-76.7077,-742.977) (744.144,-83.3435,-791.884) (673.937,-47.6417,-808.238) (665.919,-41.0059,-759.331) (595.712,-5.30417,-775.685) (603.73,-11.94,-824.592) (533.523,23.7618,-840.946) (525.505,30.3976,-792.038)
  f[0][1] pts=2 (736.126,-76.7077,-742.977) (525.505,30.3976,-792.038)
  m[1][0] pts=8 (759.086,-32.3172,-744.633) (736.126,-76.7077,-742.977) (665.919,-41.0059,-759.331) (688.879,3.38453,-760.987) (618.672,39.0863,-777.341) (595.712,-5.30417,-775.685) (525.505,30.3976,-792.038) (548.465,74.788,-793.695)
  m[1][1] pts=2 (759.086,-32.3172,-744.633) (548.465,74.788,-793.695)
  f[1][0] pts=8 (759.086,-32.3172,-744.633) (767.104,-38.953,-793.541) (696.897,-3.25129,-809.895) (688.879,3.38453,-760.987) (618.672,39.0863,-777.341) (626.69,32.4505,-826.248) (556.482,68.1522,-842.602) (548.465,74.788,-793.695)
  f[1][1] pts=2 (759.086,-32.3172,-744.633) (548.465,74.788,-793.695)
joint 16 type=20 v0=14 v1=3 f0_0=2 f1_0=1 name=ts_e_p_2 orient=1 div=4 shift=0.5
  jv[0] pts=5 (275.63,246.166,910.063) (233.615,267.109,891.918) (251.868,313.815,887.611) (293.882,292.872,905.756) (275.63,246.166,910.063)
  jv[1] pts=5 (803.16,-110.584,-723.183) (761.146,-89.6409,-741.328) (779.398,-42.935,-745.634) (821.412,-63.8784,-727.489) (803.16,-110.584,-723.183)
  m[0][0] pts=8 (339.121,195.759,565.269) (357.374,242.465,560.962) (462.88,171.115,234.313) (444.627,124.409,238.62) (550.134,53.0592,-88.0295) (568.386,99.765,-92.3361) (673.892,28.415,-418.985) (655.64,-18.2908,-414.679)
  m[0][1] pts=2 (339.121,195.759,565.269) (655.64,-18.2908,-414.679)
  f[0][0] pts=5 (339.121,195.759,565.269) (444.627,124.409,238.62) (486.642,103.466,256.765) (381.136,174.816,583.414) (339.121,195.759,565.269)
  f[0][1] pts=5 (550.134,53.0592,-88.0295) (655.64,-18.2908,-414.679) (697.654,-39.2341,-396.533) (592.148,32.1159,-69.8843) (550.134,53.0592,-88.0295)
  f[0][2] pts=5 (339.121,195.759,565.269) (381.136,174.816,583.414) (592.148,32.1159,-69.8843) (550.134,53.0592,-88.0295) (339.121,195.759,565.269)
  m[1][0] pts=8 (381.136,174.816,583.414) (399.388,221.522,579.107) (504.894,150.172,252.458) (486.642,103.466,256.765) (592.148,32.1159,-69.8843) (610.4,78.8217,-74.1909) (715.906,7.47167,-400.84) (697.654,-39.2341,-396.533)
  m[1][1] pts=2 (381.136,174.816,583.414) (697.654,-39.2341,-396.533)
  f[1][0] pts=5 (357.374,242.465,560.962) (462.88,171.115,234.313) (504.894,150.172,252.458) (399.388,221.522,579.107) (357.374,242.465,560.962)
  f[1][1] pts=5 (568.386,99.765,-92.3361) (673.892,28.415,-418.985) (715.906,7.47167,-400.84) (610.4,78.8217,-74.1909) (568.386,99.765,-92.3361)
  f[1][2] pts=5 (357.374,242.465,560.962) (399.388,221.522,579.107) (610.4,78.8217,-74.1909) (568.386,99.765,-92.3361) (357.374,242.465,560.962)
joint 17 type=12 v0=3 v1=17 f0_0=5 f1_0=3 name=ss_e_ip_1 orient=1 div=3 shift=0.5
  jv[0] pts=5 (-27.5443,451.979,744.664) (-42.3942,462.059,791.383) (-64.8065,417.311,791.597) (-49.9565,407.231,744.879) (-27.5443,451.979,744.664)
  jv[1] pts=5 (303.371,286.912,885.465) (288.521,296.992,932.183) (266.109,252.244,932.397) (280.959,242.164,885.679) (303.371,286.912,885.465)
  jv[2] pts=5 (-48.9879,409.165,744.87) (-65.775,415.377,791.606) (-43.3628,460.125,791.392) (-26.5757,453.913,744.655) (-48.9879,409.165,744.87)
  jv[3] pts=5 (281.928,244.098,885.67) (265.141,250.31,932.407) (287.553,295.058,932.192) (304.34,288.846,885.456) (281.928,244.098,885.67)
  m[0][0] pts=8 (229.763,324.965,880.664) (237.188,319.925,857.305) (171.005,352.939,829.145) (156.155,363.019,875.863) (89.972,396.032,847.703) (104.822,385.952,800.985) (38.6388,418.965,772.824) (31.2139,424.005,796.184)
  m[0][1] pts=2 (229.763,324.965,880.664) (31.2139,424.005,796.184)
  f[0][0] pts=8 (207.351,280.217,880.878) (215.745,277.111,857.51) (149.562,310.125,829.35) (132.774,316.337,876.086) (66.5912,349.35,847.926) (83.3784,343.138,801.19) (17.1953,376.152,773.03) (8.80167,379.258,796.398)
  f[0][1] pts=2 (207.351,280.217,880.878) (8.80167,379.258,796.398)
  m[1][0] pts=8 (207.351,280.217,880.878) (214.776,275.178,857.519) (148.593,308.191,829.359) (133.743,318.271,876.077) (67.5598,351.284,847.917) (82.4098,341.204,801.199) (16.2266,374.218,773.039) (8.80166,379.258,796.398)
  m[1][1] pts=2 (207.351,280.217,880.878) (8.80166,379.258,796.398)
  f[1][0] pts=8 (229.763,324.965,880.664) (238.157,321.859,857.295) (171.974,354.873,829.135) (155.187,361.085,875.872) (89.0034,394.098,847.712) (105.791,387.886,800.975) (39.6075,420.899,772.815) (31.2139,424.005,796.184)
  f[1][1] pts=2 (229.763,324.965,880.664) (31.2139,424.005,796.184)
joint 18 type=20 v0=14 v1=4 f0_0=7 f1_0=1 name=ts_e_p_2 orient=1 div=1 shift=0.5
  jv[0] pts=5 (805.476,-108.629,-727.239) (758.83,-91.596,-737.271) (774.634,-100.453,-784.582) (821.28,-117.486,-774.55) (805.476,-108.629,-727.239)
  jv[1] pts=5 (752.138,-249.646,-718.658) (705.492,-232.613,-728.689) (721.296,-241.469,-776) (767.942,-258.502,-765.969) (752.138,-249.646,-718.658)
  m[0][0] pts=4 (741.05,-138.602,-734.41) (756.854,-147.458,-781.721) (739.075,-194.464,-778.861) (723.271,-185.607,-731.55)
  m[0][1] pts=2 (741.05,-138.602,-734.41) (723.271,-185.607,-731.55)
  f[0][0] pts=5 (741.05,-138.602,-734.41) (723.271,-185.607,-731.55) (769.917,-202.64,-721.518) (787.697,-155.635,-724.379) (741.05,-138.602,-734.41)
  f[0][1] pts=5 (741.05,-138.602,-734.41) (787.697,-155.635,-724.379) (787.697,-155.635,-724.379) (741.05,-138.602,-734.41) (741.05,-138.602,-734.41)
  m[1][0] pts=4 (787.697,-155.635,-724.379) (803.501,-164.491,-771.69) (785.721,-211.497,-768.829) (769.917,-202.64,-721.518)
  m[1][1] pts=2 (787.697,-155.635,-724.379) (769.917,-202.64,-721.518)
  f[1][0] pts=5 (756.854,-147.458,-781.721) (739.075,-194.464,-778.861) (785.721,-211.497,-768.829) (803.501,-164.491,-771.69) (756.854,-147.458,-781.721)
  f[1][1] pts=5 (756.854,-147.458,-781.721) (803.501,-164.491,-771.69) (803.501,-164.491,-771.69) (756.854,-147.458,-781.721) (756.854,-147.458,-781.721)
joint 19 type=40 v0=4 v1=20 f0_0=0 f1_0=0 name=tt_e_p_3 orient=0 div=1 shift=150
  jv[0] pts=5 (776.114,-316.687,-706.222) (888.748,-98.9146,-714.347) (905.326,-111.14,-812.201) (792.691,-328.912,-804.076) (776.114,-316.687,-706.222)
  jv[1] pts=5 (322.68,-86.1063,-811.843) (435.315,131.666,-819.969) (451.892,119.441,-917.823) (339.257,-98.3313,-909.697) (322.68,-86.1063,-811.843)
  m[0][0] pts=2 (595.759,-120.005,-812.442) (604.047,-126.117,-861.369)
  m[0][1] pts=2 (595.759,-120.005,-812.442) (604.047,-126.117,-861.369)
  m[0][2] pts=2 (642.682,-143.866,-801.511) (650.971,-149.979,-850.438)
  m[0][3] pts=2 (642.682,-143.866,-801.511) (650.971,-149.979,-850.438)
  m[0][4] pts=2 (689.606,-167.728,-790.581) (697.895,-173.841,-839.508)
  m[0][5] pts=2 (689.606,-167.728,-790.581) (697.895,-173.841,-839.508)
  m[0][6] pts=2 (711.581,-114.742,-793.478) (719.87,-120.854,-842.405)
  m[0][7] pts=2 (711.581,-114.742,-793.478) (719.87,-120.854,-842.405)
  m[0][8] pts=2 (662.548,-88.831,-805.022) (670.837,-94.9435,-853.949)
  m[0][9] pts=2 (662.548,-88.831,-805.022) (670.837,-94.9435,-853.949)
  m[0][10] pts=2 (603.17,-57.4505,-819.001) (611.459,-63.563,-867.928)
  m[0][11] pts=2 (603.17,-57.4505,-819.001) (611.459,-63.563,-867.928)
  m[0][12] pts=2 (543.792,-26.07,-832.981) (552.081,-32.1825,-881.907)
  m[0][13] pts=2 (543.792,-26.07,-832.981) (552.081,-32.1825,-881.907)
  m[0][14] pts=2 (522.542,-82.7749,-829.496) (530.83,-88.8874,-878.423)
  m[0][15] pts=2 (522.542,-82.7749,-829.496) (530.83,-88.8874,-878.423)
  f[0][0] pts=2 (595.759,-120.005,-812.442) (587.47,-113.892,-763.515)
  f[0][1] pts=2 (595.759,-120.005,-812.442) (587.47,-113.892,-763.515)
  f[0][2] pts=2 (642.682,-143.866,-801.511) (634.394,-137.754,-752.584)
  f[0][3] pts=2 (642.682,-143.866,-801.511) (634.394,-137.754,-752.584)
  f[0][4] pts=2 (689.606,-167.728,-790.581) (681.317,-161.616,-741.654)
  f[0][5] pts=2 (689.606,-167.728,-790.581) (681.317,-161.616,-741.654)
  f[0][6] pts=2 (711.581,-114.742,-793.478) (703.292,-108.629,-744.551)
  f[0][7] pts=2 (711.581,-114.742,-793.478) (703.292,-108.629,-744.551)
  f[0][8] pts=2 (662.548,-88.831,-805.022) (654.26,-82.7185,-756.095)
  f[0][9] pts=2 (662.548,-88.831,-805.022) (654.26,-82.7185,-756.095)
  f[0][10] pts=2 (603.17,-57.4505,-819.001) (594.882,-51.338,-770.074)
  f[0][11] pts=2 (603.17,-57.4505,-819.001) (594.882,-51.338,-770.074)
  f[0][12] pts=2 (543.792,-26.07,-832.981) (535.504,-19.9575,-784.054)
  f[0][13] pts=2 (543.792,-26.07,-832.981) (535.504,-19.9575,-784.054)
  f[0][14] pts=2 (522.542,-82.7749,-829.496) (514.253,-76.6624,-780.569)
  f[0][15] pts=2 (522.542,-82.7749,-829.496) (514.253,-76.6624,-780.569)
  m[1][0] pts=2 (595.759,-120.005,-812.442) (604.047,-126.117,-861.369)
  m[1][1] pts=2 (595.759,-120.005,-812.442) (604.047,-126.117,-861.369)
  m[1][2] pts=2 (642.682,-143.866,-801.511) (650.971,-149.979,-850.438)
  m[1][3] pts=2 (642.682,-143.866,-801.511) (650.971,-149.979,-850.438)
  m[1][4] pts=2 (689.606,-167.728,-790.581) (697.895,-173.841,-839.508)
  m[1][5] pts=2 (689.606,-167.728,-790.581) (697.895,-173.841,-839.508)
  m[1][6] pts=2 (711.581,-114.742,-793.478) (719.87,-120.854,-842.405)
  m[1][7] pts=2 (711.581,-114.742,-793.478) (719.87,-120.854,-842.405)
  m[1][8] pts=2 (662.548,-88.831,-805.022) (670.837,-94.9435,-853.949)
  m[1][9] pts=2 (662.548,-88.831,-805.022) (670.837,-94.9435,-853.949)
  m[1][10] pts=2 (603.17,-57.4505,-819.001) (611.459,-63.563,-867.928)
  m[1][11] pts=2 (603.17,-57.4505,-819.001) (611.459,-63.563,-867.928)
  m[1][12] pts=2 (543.792,-26.07,-832.981) (552.081,-32.1825,-881.907)
  m[1][13] pts=2 (543.792,-26.07,-832.981) (552.081,-32.1825,-881.907)
  m[1][14] pts=2 (522.542,-82.7749,-829.496) (530.83,-88.8874,-878.423)
  m[1][15] pts=2 (522.542,-82.7749,-829.496) (530.83,-88.8874,-878.423)
  f[1][0] pts=2 (595.759,-120.005,-812.442) (587.47,-113.892,-763.515)
  f[1][1] pts=2 (595.759,-120.005,-812.442) (587.47,-113.892,-763.515)
  f[1][2] pts=2 (642.682,-143.866,-801.511) (634.394,-137.754,-752.584)
  f[1][3] pts=2 (642.682,-143.866,-801.511) (634.394,-137.754,-752.584)
  f[1][4] pts=2 (689.606,-167.728,-790.581) (681.317,-161.616,-741.654)
  f[1][5] pts=2 (689.606,-167.728,-790.581) (681.317,-161.616,-741.654)
  f[1][6] pts=2 (711.581,-114.742,-793.478) (703.292,-108.629,-744.551)
  f[1][7] pts=2 (711.581,-114.742,-793.478) (703.292,-108.629,-744.551)
  f[1][8] pts=2 (662.548,-88.831,-805.022) (654.26,-82.7185,-756.095)
  f[1][9] pts=2 (662.548,-88.831,-805.022) (654.26,-82.7185,-756.095)
  f[1][10] pts=2 (603.17,-57.4505,-819.001) (594.882,-51.338,-770.074)
  f[1][11] pts=2 (603.17,-57.4505,-819.001) (594.882,-51.338,-770.074)
  f[1][12] pts=2 (543.792,-26.07,-832.981) (535.504,-19.9575,-784.054)
  f[1][13] pts=2 (543.792,-26.07,-832.981) (535.504,-19.9575,-784.054)
  f[1][14] pts=2 (522.542,-82.7749,-829.496) (514.253,-76.6624,-780.569)
  f[1][15] pts=2 (522.542,-82.7749,-829.496) (514.253,-76.6624,-780.569)
joint 20 type=20 v0=5 v1=7 f0_0=6 f1_0=1 name=ts_e_p_2 orient=1 div=4 shift=0.5
  jv[0] pts=5 (453.558,-617.077,-779.505) (410.612,-592.604,-788.692) (391.291,-638.846,-792.721) (434.238,-663.319,-783.534) (453.558,-617.077,-779.505)
  jv[1] pts=5 (822.407,-620.22,-2512.22) (779.46,-595.747,-2521.41) (760.139,-641.988,-2525.44) (803.086,-666.461,-2516.25) (822.407,-620.22,-2512.22)
  m[0][0] pts=8 (484.381,-593.233,-1135.24) (465.061,-639.474,-1139.26) (538.83,-640.103,-1485.81) (558.151,-593.861,-1481.78) (631.921,-594.49,-1828.32) (612.6,-640.731,-1832.35) (686.37,-641.36,-2178.9) (705.69,-595.118,-2174.87)
  m[0][1] pts=2 (484.381,-593.233,-1135.24) (705.69,-595.118,-2174.87)
  f[0][0] pts=5 (484.381,-593.233,-1135.24) (558.151,-593.861,-1481.78) (601.098,-618.334,-1472.59) (527.328,-617.706,-1126.05) (484.381,-593.233,-1135.24)
  f[0][1] pts=5 (631.921,-594.49,-1828.32) (705.69,-595.118,-2174.87) (748.637,-619.591,-2165.68) (674.867,-618.963,-1819.14) (631.921,-594.49,-1828.32)
  f[0][2] pts=5 (484.381,-593.233,-1135.24) (527.328,-617.706,-1126.05) (674.867,-618.963,-1819.14) (631.921,-594.49,-1828.32) (484.381,-593.233,-1135.24)
  m[1][0] pts=8 (527.328,-617.706,-1126.05) (508.007,-663.947,-1130.08) (581.777,-664.576,-1476.62) (601.098,-618.334,-1472.59) (674.867,-618.963,-1819.14) (655.547,-665.204,-1823.16) (729.316,-665.833,-2169.71) (748.637,-619.591,-2165.68)
  m[1][1] pts=2 (527.328,-617.706,-1126.05) (748.637,-619.591,-2165.68)
  f[1][0] pts=5 (465.061,-639.474,-1139.26) (538.83,-640.103,-1485.81) (581.777,-664.576,-1476.62) (508.007,-663.947,-1130.08) (465.061,-639.474,-1139.26)
  f[1][1] pts=5 (612.6,-640.731,-1832.35) (686.37,-641.36,-2178.9) (729.316,-665.833,-2169.71) (655.547,-665.204,-1823.16) (612.6,-640.731,-1832.35)
  f[1][2] pts=5 (465.061,-639.474,-1139.26) (508.007,-663.947,-1130.08) (655.547,-665.204,-1823.16) (612.6,-640.731,-1832.35) (465.061,-639.474,-1139.26)
joint 21 type=20 v0=5 v1=8 f0_0=4 f1_0=1 name=ts_e_p_2 orient=1 div=1 shift=0.5
  jv[0] pts=5 (246.395,-253.196,933.346) (202.856,-234.403,915.33) (194.377,-229.463,965.101) (237.916,-248.256,983.117) (246.395,-253.196,933.346)
  jv[1] pts=5 (187.225,-387.194,936.564) (143.686,-368.401,918.548) (135.208,-363.461,968.319) (178.747,-382.254,986.335) (187.225,-387.194,936.564)
  m[0][0] pts=4 (183.132,-279.069,916.403) (174.654,-274.129,966.174) (154.931,-318.795,967.247) (163.409,-323.735,917.475)
  m[0][1] pts=2 (183.132,-279.069,916.403) (163.409,-323.735,917.475)
  f[0][0] pts=5 (183.132,-279.069,916.403) (163.409,-323.735,917.475) (206.948,-342.528,935.491) (226.672,-297.862,934.418) (183.132,-279.069,916.403)
  f[0][1] pts=5 (183.132,-279.069,916.403) (226.672,-297.862,934.418) (226.672,-297.862,934.418) (183.132,-279.069,916.403) (183.132,-279.069,916.403)
  m[1][0] pts=4 (226.672,-297.862,934.418) (218.193,-292.922,984.19) (198.47,-337.588,985.262) (206.948,-342.528,935.491)
  m[1][1] pts=2 (226.672,-297.862,934.418) (206.948,-342.528,935.491)
  f[1][0] pts=5 (174.654,-274.129,966.174) (154.931,-318.795,967.247) (198.47,-337.588,985.262) (218.193,-292.922,984.19) (174.654,-274.129,966.174)
  f[1][1] pts=5 (174.654,-274.129,966.174) (218.193,-292.922,984.19) (218.193,-292.922,984.19) (174.654,-274.129,966.174) (174.654,-274.129,966.174)
joint 22 type=20 v0=5 v1=9 f0_0=2 f1_0=1 name=ts_e_p_2 orient=1 div=4 shift=0.5
  jv[0] pts=5 (887.133,-474.497,-2517.5) (843.656,-451.508,-2527.23) (864.006,-405.721,-2528.95) (907.484,-428.71,-2519.22) (887.133,-474.497,-2517.5)
  jv[1] pts=5 (602.408,-283.221,-794.213) (558.931,-260.231,-803.948) (579.282,-214.444,-805.667) (622.759,-237.434,-795.932) (602.408,-283.221,-794.213)
  m[0][0] pts=8 (786.711,-413.252,-2182.58) (807.062,-367.465,-2184.3) (750.117,-329.21,-1839.64) (729.766,-374.997,-1837.92) (672.821,-336.742,-1493.26) (693.172,-290.955,-1494.98) (636.227,-252.7,-1150.32) (615.876,-298.487,-1148.6)
  m[0][1] pts=2 (786.711,-413.252,-2182.58) (615.876,-298.487,-1148.6)
  f[0][0] pts=5 (786.711,-413.252,-2182.58) (729.766,-374.997,-1837.92) (773.243,-397.987,-1828.18) (830.188,-436.242,-2172.84) (786.711,-413.252,-2182.58)
  f[0][1] pts=5 (672.821,-336.742,-1493.26) (615.876,-298.487,-1148.6) (659.353,-321.476,-1138.87) (716.298,-359.731,-1483.53) (672.821,-336.742,-1493.26)
  f[0][2] pts=5 (786.711,-413.252,-2182.58) (830.188,-436.242,-2172.84) (716.298,-359.731,-1483.53) (672.821,-336.742,-1493.26) (786.711,-413.252,-2182.58)
  m[1][0] pts=8 (830.188,-436.242,-2172.84) (850.539,-390.455,-2174.56) (793.594,-352.2,-1829.9) (773.243,-397.987,-1828.18) (716.298,-359.731,-1483.53) (736.649,-313.944,-1485.25) (679.704,-275.689,-1140.59) (659.353,-321.476,-1138.87)
  m[1][1] pts=2 (830.188,-436.242,-2172.84) (659.353,-321.476,-1138.87)
  f[1][0] pts=5 (807.062,-367.465,-2184.3) (750.117,-329.21,-1839.64) (793.594,-352.2,-1829.9) (850.539,-390.455,-2174.56) (807.062,-367.465,-2184.3)
  f[1][1] pts=5 (693.172,-290.955,-1494.98) (636.227,-252.7,-1150.32) (679.704,-275.689,-1140.59) (736.649,-313.944,-1485.25) (693.172,-290.955,-1494.98)
  f[1][2] pts=5 (807.062,-367.465,-2184.3) (850.539,-390.455,-2174.56) (736.649,-313.944,-1485.25) (693.172,-290.955,-1494.98) (807.062,-367.465,-2184.3)
joint 23 type=20 v0=5 v1=10 f0_0=7 f1_0=1 name=ts_e_p_2 orient=1 div=1 shift=0.5
  jv[0] pts=5 (824.025,-618.207,-2515.69) (777.841,-597.759,-2517.94) (786.02,-603.294,-2567.53) (832.204,-623.742,-2565.27) (824.025,-618.207,-2515.69)
  jv[1] pts=5 (888.486,-473.227,-2521.24) (842.302,-452.779,-2523.49) (850.481,-458.314,-2573.08) (896.665,-478.762,-2570.82) (888.486,-473.227,-2521.24)
  m[0][0] pts=4 (799.328,-549.432,-2519.79) (807.507,-554.967,-2569.38) (828.994,-506.641,-2571.23) (820.815,-501.106,-2521.64)
  m[0][1] pts=2 (799.328,-549.432,-2519.79) (820.815,-501.106,-2521.64)
  f[0][0] pts=5 (799.328,-549.432,-2519.79) (820.815,-501.106,-2521.64) (866.999,-521.554,-2519.39) (845.512,-569.88,-2517.54) (799.328,-549.432,-2519.79)
  f[0][1] pts=5 (799.328,-549.432,-2519.79) (845.512,-569.88,-2517.54) (845.512,-569.88,-2517.54) (799.328,-549.432,-2519.79) (799.328,-549.432,-2519.79)
  m[1][0] pts=4 (845.512,-569.88,-2517.54) (853.691,-575.415,-2567.12) (875.178,-527.088,-2568.97) (866.999,-521.554,-2519.39)
  m[1][1] pts=2 (845.512,-569.88,-2517.54) (866.999,-521.554,-2519.39)
  f[1][0] pts=5 (807.507,-554.967,-2569.38) (828.994,-506.641,-2571.23) (875.178,-527.088,-2568.97) (853.691,-575.415,-2567.12) (807.507,-554.967,-2569.38)
  f[1][1] pts=5 (807.507,-554.967,-2569.38) (853.691,-575.415,-2567.12) (853.691,-575.415,-2567.12) (807.507,-554.967,-2569.38) (807.507,-554.967,-2569.38)
joint 24 type=20 v0=5 v1=18 f0_0=5 f1_0=1 name=ts_e_p_2 orient=1 div=4 shift=0.5
  jv[0] pts=5 (186.856,-390.024,932.511) (144.056,-365.57,922.6) (123.463,-411.351,925.465) (166.263,-435.805,935.376) (186.856,-390.024,932.511)
  jv[1] pts=5 (453.485,-617.068,-779.143) (410.684,-592.614,-789.054) (390.092,-638.395,-786.189) (432.892,-662.848,-776.278) (453.485,-617.068,-779.143)
  m[0][0] pts=8 (197.381,-410.979,580.27) (176.789,-456.76,583.135) (230.115,-502.169,240.804) (250.707,-456.388,237.939) (304.033,-501.797,-104.392) (283.44,-547.577,-101.527) (336.766,-592.986,-443.858) (357.359,-547.205,-446.723)
  m[0][1] pts=2 (197.381,-410.979,580.27) (357.359,-547.205,-446.723)
  f[0][0] pts=5 (197.381,-410.979,580.27) (250.707,-456.388,237.939) (293.508,-480.841,247.85) (240.182,-435.433,590.18) (197.381,-410.979,580.27)
  f[0][1] pts=5 (304.033,-501.797,-104.392) (357.359,-547.205,-446.723) (400.159,-571.659,-436.812) (346.833,-526.25,-94.4811) (304.033,-501.797,-104.392)
  f[0][2] pts=5 (197.381,-410.979,580.27) (240.182,-435.433,590.18) (346.833,-526.25,-94.4811) (304.033,-501.797,-104.392) (197.381,-410.979,580.27)
  m[1][0] pts=8 (240.182,-435.433,590.18) (219.589,-481.213,593.045) (272.915,-526.622,250.715) (293.508,-480.841,247.85) (346.833,-526.25,-94.4811) (326.241,-572.031,-91.6163) (379.567,-617.44,-433.947) (400.159,-571.659,-436.812)
  m[1][1] pts=2 (240.182,-435.433,590.18) (400.159,-571.659,-436.812)
  f[1][0] pts=5 (176.789,-456.76,583.135) (230.115,-502.169,240.804) (272.915,-526.622,250.715) (219.589,-481.213,593.045) (176.789,-456.76,583.135)
  f[1][1] pts=5 (283.44,-547.577,-101.527) (336.766,-592.986,-443.858) (379.567,-617.44,-433.947) (326.241,-572.031,-91.6163) (283.44,-547.577,-101.527)
  f[1][2] pts=5 (176.789,-456.76,583.135) (219.589,-481.213,593.045) (326.241,-572.031,-91.6163) (283.44,-547.577,-101.527) (176.789,-456.76,583.135)
joint 25 type=20 v0=5 v1=19 f0_0=3 f1_0=1 name=ts_e_p_2 orient=1 div=4 shift=0.5
  jv[0] pts=5 (602.456,-283.2,-794.392) (558.883,-260.253,-803.766) (578.305,-214.154,-800.501) (621.878,-237.1,-791.127) (602.456,-283.2,-794.392)
  jv[1] pts=5 (246.413,-255.272,929.021) (202.84,-232.326,919.647) (222.262,-186.226,922.913) (265.835,-209.173,932.286) (246.413,-255.272,929.021)
  m[0][0] pts=8 (487.674,-254.668,-459.083) (507.096,-208.568,-455.818) (435.888,-202.983,-111.135) (416.466,-249.082,-114.401) (345.257,-243.497,230.282) (364.679,-197.397,233.547) (293.47,-191.812,578.23) (274.048,-237.911,574.964)
  m[0][1] pts=2 (487.674,-254.668,-459.083) (274.048,-237.911,574.964)
  f[0][0] pts=5 (487.674,-254.668,-459.083) (416.466,-249.082,-114.401) (460.039,-272.029,-105.027) (531.247,-277.614,-449.71) (487.674,-254.668,-459.083)
  f[0][1] pts=5 (345.257,-243.497,230.282) (274.048,-237.911,574.964) (317.621,-260.858,584.338) (388.83,-266.443,239.656) (345.257,-243.497,230.282)
  f[0][2] pts=5 (487.674,-254.668,-459.083) (531.247,-277.614,-449.71) (388.83,-266.443,239.656) (345.257,-243.497,230.282) (487.674,-254.668,-459.083)
  m[1][0] pts=8 (531.247,-277.614,-449.71) (550.669,-231.515,-446.444) (479.461,-225.929,-101.762) (460.039,-272.029,-105.027) (388.83,-266.443,239.656) (408.252,-220.344,242.921) (337.043,-214.758,587.604) (317.621,-260.858,584.338)
  m[1][1] pts=2 (531.247,-277.614,-449.71) (317.621,-260.858,584.338)
  f[1][0] pts=5 (507.096,-208.568,-455.818) (435.888,-202.983,-111.135) (479.461,-225.929,-101.762) (550.669,-231.515,-446.444) (507.096,-208.568,-455.818)
  f[1][1] pts=5 (364.679,-197.397,233.547) (293.47,-191.812,578.23) (337.043,-214.758,587.604) (408.252,-220.344,242.921) (364.679,-197.397,233.547)
  f[1][2] pts=5 (507.096,-208.568,-455.818) (550.669,-231.515,-446.444) (408.252,-220.344,242.921) (364.679,-197.397,233.547) (507.096,-208.568,-455.818)
joint 26 type=20 v0=6 v1=7 f0_0=6 f1_0=1 name=ts_e_p_2 orient=1 div=4 shift=0.5
  jv[0] pts=5 (158.997,-448.742,-846.761) (116.038,-424.267,-855.915) (96.7607,-470.532,-859.938) (139.719,-495.008,-850.785) (158.997,-448.742,-846.761)
  jv[1] pts=5 (516.008,-451.208,-2528.9) (473.05,-426.733,-2538.05) (453.772,-472.999,-2542.08) (496.731,-497.474,-2532.92) (516.008,-451.208,-2528.9)
  m[0][0] pts=8 (187.44,-424.76,-1192.34) (168.163,-471.026,-1196.37) (239.565,-471.519,-1532.79) (258.843,-425.253,-1528.77) (330.245,-425.747,-1865.2) (310.968,-472.012,-1869.22) (382.37,-472.505,-2205.65) (401.647,-426.24,-2201.63)
  m[0][1] pts=2 (187.44,-424.76,-1192.34) (401.647,-426.24,-2201.63)
  f[0][0] pts=5 (187.44,-424.76,-1192.34) (258.843,-425.253,-1528.77) (301.801,-449.729,-1519.62) (230.399,-449.235,-1183.19) (187.44,-424.76,-1192.34)
  f[0][1] pts=5 (330.245,-425.747,-1865.2) (401.647,-426.24,-2201.63) (444.606,-450.715,-2192.47) (373.204,-450.222,-1856.04) (330.245,-425.747,-1865.2)
  f[0][2] pts=5 (187.44,-424.76,-1192.34) (230.399,-449.235,-1183.19) (373.204,-450.222,-1856.04) (330.245,-425.747,-1865.2) (187.44,-424.76,-1192.34)
  m[1][0] pts=8 (230.399,-449.235,-1183.19) (211.122,-495.501,-1187.21) (282.524,-495.994,-1523.64) (301.801,-449.729,-1519.62) (373.204,-450.222,-1856.04) (353.926,-496.487,-1860.07) (425.329,-496.981,-2196.5) (444.606,-450.715,-2192.47)
  m[1][1] pts=2 (230.399,-449.235,-1183.19) (444.606,-450.715,-2192.47)
  f[1][0] pts=5 (168.163,-471.026,-1196.37) (239.565,-471.519,-1532.79) (282.524,-495.994,-1523.64) (211.122,-495.501,-1187.21) (168.163,-471.026,-1196.37)
  f[1][1] pts=5 (310.968,-472.012,-1869.22) (382.37,-472.505,-2205.65) (425.329,-496.981,-2196.5) (353.926,-496.487,-1860.07) (310.968,-472.012,-1869.22)
  f[1][2] pts=5 (168.163,-471.026,-1196.37) (211.122,-495.501,-1187.21) (353.926,-496.487,-1860.07) (310.968,-472.012,-1869.22) (168.163,-471.026,-1196.37)
joint 27 type=20 v0=6 v1=8 f0_0=4 f1_0=1 name=ts_e_p_2 orient=1 div=1 shift=0.5
  jv[0] pts=5 (-40.2557,-96.6502,809.033) (-83.8212,-77.9049,791.016) (-92.2699,-72.9678,840.798) (-48.7045,-91.713,858.815) (-40.2557,-96.6502,809.033)
  jv[1] pts=5 (-97.61,-226.887,812.216) (-141.175,-208.141,794.199) (-149.624,-203.204,843.981) (-106.059,-221.949,861.998) (-97.61,-226.887,812.216)
  m[0][0] pts=4 (-102.939,-121.317,792.077) (-111.388,-116.38,841.859) (-130.506,-159.792,842.92) (-122.057,-164.729,793.138)
  m[0][1] pts=2 (-102.939,-121.317,792.077) (-122.057,-164.729,793.138)
  f[0][0] pts=5 (-102.939,-121.317,792.077) (-122.057,-164.729,793.138) (-78.4919,-183.474,811.155) (-59.3738,-140.062,810.094) (-102.939,-121.317,792.077)
  f[0][1] pts=5 (-102.939,-121.317,792.077) (-59.3738,-140.062,810.094) (-59.3738,-140.062,810.094) (-102.939,-121.317,792.077) (-102.939,-121.317,792.077)
  m[1][0] pts=4 (-59.3738,-140.062,810.094) (-67.8226,-135.125,859.876) (-86.9407,-178.537,860.937) (-78.4919,-183.474,811.155)
  m[1][1] pts=2 (-59.3738,-140.062,810.094) (-78.4919,-183.474,811.155)
  f[1][0] pts=5 (-111.388,-116.38,841.859) (-130.506,-159.792,842.92) (-86.9407,-178.537,860.937) (-67.8226,-135.125,859.876) (-111.388,-116.38,841.859)
  f[1][1] pts=5 (-111.388,-116.38,841.859) (-67.8226,-135.125,859.876) (-67.8226,-135.125,859.876) (-111.388,-116.38,841.859) (-111.388,-116.38,841.859)
joint 28 type=20 v0=6 v1=9 f0_0=2 f1_0=1 name=ts_e_p_2 orient=1 div=4 shift=0.5
  jv[0] pts=5 (578.499,-310.108,-2534) (535.013,-287.114,-2543.71) (555.318,-241.302,-2545.44) (598.803,-264.296,-2535.73) (578.499,-310.108,-2534)
  jv[1] pts=5 (303.575,-125.294,-864.703) (260.09,-102.3,-874.41) (280.394,-56.4889,-876.138) (323.879,-79.4829,-866.431) (303.575,-125.294,-864.703)
  m[0][0] pts=8 (480.029,-250.151,-2209.85) (500.333,-204.34,-2211.58) (445.348,-167.377,-1877.72) (425.044,-213.189,-1875.99) (370.059,-176.226,-1542.13) (390.363,-130.414,-1543.86) (335.379,-93.4516,-1210) (315.074,-139.263,-1208.27)
  m[0][1] pts=2 (480.029,-250.151,-2209.85) (315.074,-139.263,-1208.27)
  f[0][0] pts=5 (480.029,-250.151,-2209.85) (425.044,-213.189,-1875.99) (468.529,-236.183,-1866.28) (523.514,-273.145,-2200.14) (480.029,-250.151,-2209.85)
  f[0][1] pts=5 (370.059,-176.226,-1542.13) (315.074,-139.263,-1208.27) (358.56,-162.257,-1198.56) (413.544,-199.22,-1532.42) (370.059,-176.226,-1542.13)
  f[0][2] pts=5 (480.029,-250.151,-2209.85) (523.514,-273.145,-2200.14) (413.544,-199.22,-1532.42) (370.059,-176.226,-1542.13) (480.029,-250.151,-2209.85)
  m[1][0] pts=8 (523.514,-273.145,-2200.14) (543.818,-227.334,-2201.87) (488.833,-190.371,-1868.01) (468.529,-236.183,-1866.28) (413.544,-199.22,-1532.42) (433.849,-153.408,-1534.15) (378.864,-116.446,-1200.29) (358.56,-162.257,-1198.56)
  m[1][1] pts=2 (523.514,-273.145,-2200.14) (358.56,-162.257,-1198.56)
  f[1][0] pts=5 (500.333,-204.34,-2211.58) (445.348,-167.377,-1877.72) (488.833,-190.371,-1868.01) (543.818,-227.334,-2201.87) (500.333,-204.34,-2211.58)
  f[1][1] pts=5 (390.363,-130.414,-1543.86) (335.379,-93.4516,-1210) (378.864,-116.446,-1200.29) (433.849,-153.408,-1534.15) (390.363,-130.414,-1543.86)
  f[1][2] pts=5 (500.333,-204.34,-2211.58) (543.818,-227.334,-2201.87) (433.849,-153.408,-1534.15) (390.363,-130.414,-1543.86) (500.333,-204.34,-2211.58)
joint 29 type=20 v0=6 v1=10 f0_0=7 f1_0=1 name=ts_e_p_2 orient=1 div=1 shift=0.5
  jv[0] pts=5 (517.63,-449.169,-2532.35) (471.428,-428.773,-2534.61) (479.584,-434.288,-2584.19) (525.785,-454.684,-2581.93) (517.63,-449.169,-2532.35)
  jv[1] pts=5 (579.856,-308.81,-2537.73) (533.655,-288.413,-2539.98) (541.81,-293.929,-2589.57) (588.012,-314.325,-2587.31) (579.856,-308.81,-2537.73)
  m[0][0] pts=4 (492.171,-381.986,-2536.4) (500.326,-387.502,-2585.98) (521.068,-340.715,-2587.78) (512.913,-335.2,-2538.19)
  m[0][1] pts=2 (492.171,-381.986,-2536.4) (512.913,-335.2,-2538.19)
  f[0][0] pts=5 (492.171,-381.986,-2536.4) (512.913,-335.2,-2538.19) (559.114,-355.596,-2535.93) (538.372,-402.383,-2534.14) (492.171,-381.986,-2536.4)
  f[0][1] pts=5 (492.171,-381.986,-2536.4) (538.372,-402.383,-2534.14) (538.372,-402.383,-2534.14) (492.171,-381.986,-2536.4) (492.171,-381.986,-2536.4)
  m[1][0] pts=4 (538.372,-402.383,-2534.14) (546.527,-407.898,-2583.73) (567.269,-361.112,-2585.52) (559.114,-355.596,-2535.93)
  m[1][1] pts=2 (538.372,-402.383,-2534.14) (559.114,-355.596,-2535.93)
  f[1][0] pts=5 (500.326,-387.502,-2585.98) (521.068,-340.715,-2587.78) (567.269,-361.112,-2585.52) (546.527,-407.898,-2583.73) (500.326,-387.502,-2585.98)
  f[1][1] pts=5 (500.326,-387.502,-2585.98) (546.527,-407.898,-2583.73) (546.527,-407.898,-2583.73) (500.326,-387.502,-2585.98) (500.326,-387.502,-2585.98)
joint 30 type=20 v0=6 v1=18 f0_0=5 f1_0=1 name=ts_e_p_2 orient=1 div=4 shift=0.5
  jv[0] pts=5 (-97.9881,-229.744,808.15) (-140.797,-205.284,798.265) (-161.344,-251.091,801.138) (-118.534,-275.552,811.022) (-97.9881,-229.744,808.15)
  jv[1] pts=5 (158.922,-448.735,-846.395) (116.113,-424.274,-856.279) (95.5666,-470.081,-853.407) (138.376,-494.542,-843.522) (158.922,-448.735,-846.395)
  m[0][0] pts=8 (-89.4154,-249.082,467.356) (-109.961,-294.889,470.229) (-58.5795,-338.687,139.32) (-38.0334,-292.88,136.447) (13.3486,-336.678,-194.462) (-7.19747,-382.485,-191.589) (44.1845,-426.283,-522.498) (64.7306,-380.476,-525.371)
  m[0][1] pts=2 (-89.4154,-249.082,467.356) (64.7306,-380.476,-525.371)
  f[0][0] pts=5 (-89.4154,-249.082,467.356) (-38.0334,-292.88,136.447) (4.77595,-317.34,146.332) (-46.6061,-273.542,477.241) (-89.4154,-249.082,467.356)
  f[0][1] pts=5 (13.3486,-336.678,-194.462) (64.7306,-380.476,-525.371) (107.54,-404.937,-515.486) (56.158,-361.138,-184.577) (13.3486,-336.678,-194.462)
  f[0][2] pts=5 (-89.4154,-249.082,467.356) (-46.6061,-273.542,477.241) (56.158,-361.138,-184.577) (13.3486,-336.678,-194.462) (-89.4154,-249.082,467.356)
  m[1][0] pts=8 (-46.6061,-273.542,477.241) (-67.1521,-319.35,480.113) (-15.7701,-363.148,149.205) (4.77595,-317.34,146.332) (56.158,-361.138,-184.577) (35.6119,-406.946,-181.704) (86.9939,-450.744,-512.613) (107.54,-404.937,-515.486)
  m[1][1] pts=2 (-46.6061,-273.542,477.241) (107.54,-404.937,-515.486)
  f[1][0] pts=5 (-109.961,-294.889,470.229) (-58.5795,-338.687,139.32) (-15.7701,-363.148,149.205) (-67.1521,-319.35,480.113) (-109.961,-294.889,470.229)
  f[1][1] pts=5 (-7.19747,-382.485,-191.589) (44.1845,-426.283,-522.498) (86.9939,-450.744,-512.613) (35.6119,-406.946,-181.704) (-7.19747,-382.485,-191.589)
  f[1][2] pts=5 (-109.961,-294.889,470.229) (-67.1521,-319.35,480.113) (35.6119,-406.946,-181.704) (-7.19747,-382.485,-191.589) (-109.961,-294.889,470.229)
joint 31 type=20 v0=6 v1=19 f0_0=3 f1_0=1 name=ts_e_p_2 orient=1 div=4 shift=0.5
  jv[0] pts=5 (303.623,-125.272,-864.886) (260.041,-102.323,-874.227) (279.419,-56.2001,-870.968) (323.002,-79.1495,-861.627) (303.623,-125.272,-864.886)
  jv[1] pts=5 (-40.2469,-98.752,804.695) (-83.8296,-75.8025,795.354) (-64.4515,-29.6798,798.612) (-20.8688,-52.6293,807.953) (-40.2469,-98.752,804.695)
  m[0][0] pts=8 (191.267,-97.0187,-540.311) (210.645,-50.896,-537.052) (141.871,-45.592,-203.136) (122.493,-91.7146,-206.394) (53.7186,-86.4106,127.522) (73.0967,-40.2879,130.78) (4.32262,-34.9839,464.696) (-15.0555,-81.1066,461.438)
  m[0][1] pts=2 (191.267,-97.0187,-540.311) (-15.0555,-81.1066,461.438)
  f[0][0] pts=5 (191.267,-97.0187,-540.311) (122.493,-91.7146,-206.394) (166.075,-114.664,-197.054) (234.849,-119.968,-530.97) (191.267,-97.0187,-540.311)
  f[0][1] pts=5 (53.7186,-86.4106,127.522) (-15.0555,-81.1066,461.438) (28.5272,-104.056,470.779) (97.3012,-109.36,136.862) (53.7186,-86.4106,127.522)
  f[0][2] pts=5 (191.267,-97.0187,-540.311) (234.849,-119.968,-530.97) (97.3012,-109.36,136.862) (53.7186,-86.4106,127.522) (191.267,-97.0187,-540.311)
  m[1][0] pts=8 (234.849,-119.968,-530.97) (254.228,-73.8455,-527.711) (185.453,-68.5414,-193.795) (166.075,-114.664,-197.054) (97.3012,-109.36,136.862) (116.679,-63.2374,140.121) (47.9053,-57.9333,474.037) (28.5272,-104.056,470.779)
  m[1][1] pts=2 (234.849,-119.968,-530.97) (28.5272,-104.056,470.779)
  f[1][0] pts=5 (210.645,-50.896,-537.052) (141.871,-45.592,-203.136) (185.453,-68.5414,-193.795) (254.228,-73.8455,-527.711) (210.645,-50.896,-537.052)
  f[1][1] pts=5 (73.0967,-40.2879,130.78) (4.32262,-34.9839,464.696) (47.9053,-57.9333,474.037) (116.679,-63.2374,140.121) (73.0967,-40.2879,130.78)
  f[1][2] pts=5 (210.645,-50.896,-537.052) (254.228,-73.8455,-527.711) (116.679,-63.2374,140.121) (73.0967,-40.2879,130.78) (210.645,-50.896,-537.052)
joint 32 type=11 v0=10 v1=7 f0_0=3 f1_0=5 name=ss_e_op_1 orient=1 div=3 shift=0.5
  jv[0] pts=5 (456.764,-469.952,-2583.01) (481.176,-425.849,-2584.57) (476.652,-429.11,-2534.45) (452.24,-473.213,-2532.89) (456.764,-469.952,-2583.01)
  jv[1] pts=5 (808.863,-664.17,-2563.87) (833.275,-620.066,-2565.43) (828.751,-623.327,-2515.3) (804.339,-667.43,-2513.74) (808.863,-664.17,-2563.87)
  m[0][0] pts=8 (527.184,-508.796,-2579.18) (551.596,-464.692,-2580.74) (622.016,-503.536,-2576.91) (597.604,-547.639,-2575.35) (668.023,-586.483,-2571.52) (692.436,-542.379,-2573.08) (762.855,-581.223,-2569.26) (738.443,-625.326,-2567.7)
  m[0][1] pts=2 (527.184,-508.796,-2579.18) (738.443,-625.326,-2567.7)
  f[0][0] pts=8 (547.072,-467.953,-2530.62) (551.596,-464.692,-2580.74) (622.016,-503.536,-2576.91) (617.491,-506.797,-2526.79) (687.911,-545.64,-2522.96) (692.436,-542.379,-2573.08) (762.855,-581.223,-2569.26) (758.331,-584.483,-2519.13)
  f[0][1] pts=2 (547.072,-467.953,-2530.62) (758.331,-584.483,-2519.13)
  m[1][0] pts=8 (522.659,-512.056,-2529.06) (547.072,-467.953,-2530.62) (617.491,-506.797,-2526.79) (593.079,-550.9,-2525.23) (663.499,-589.743,-2521.4) (687.911,-545.64,-2522.96) (758.331,-584.483,-2519.13) (733.919,-628.587,-2517.57)
  m[1][1] pts=2 (522.659,-512.056,-2529.06) (733.919,-628.587,-2517.57)
  f[1][0] pts=8 (522.659,-512.056,-2529.06) (527.184,-508.796,-2579.18) (597.604,-547.639,-2575.35) (593.079,-550.9,-2525.23) (663.499,-589.743,-2521.4) (668.023,-586.483,-2571.52) (738.443,-625.326,-2567.7) (733.919,-628.587,-2517.57)
  f[1][1] pts=2 (522.659,-512.056,-2529.06) (733.919,-628.587,-2517.57)
joint 33 type=12 v0=7 v1=18 f0_0=3 f1_0=5 name=ss_e_ip_1 orient=1 div=3 shift=0.5
  jv[0] pts=5 (436.887,-662.346,-804.687) (425.94,-661.965,-755.777) (450.521,-618.314,-754.183) (461.469,-618.695,-803.093) (436.887,-662.346,-804.687)
  jv[1] pts=5 (99.0369,-469.274,-881.809) (88.0897,-468.893,-832.899) (112.671,-425.242,-831.305) (123.618,-425.623,-880.215) (99.0369,-469.274,-881.809)
  jv[2] pts=5 (435.18,-665.378,-804.798) (427.648,-658.932,-755.666) (452.229,-615.281,-754.072) (459.761,-621.728,-803.203) (435.18,-665.378,-804.798)
  jv[3] pts=5 (97.329,-472.307,-881.92) (89.7975,-465.86,-832.789) (114.379,-422.21,-831.194) (121.91,-428.656,-880.326) (97.329,-472.307,-881.92)
  m[0][0] pts=8 (161.133,-507.698,-841.93) (166.607,-507.888,-866.385) (234.177,-546.503,-850.96) (223.23,-546.122,-802.05) (290.8,-584.736,-786.626) (301.747,-585.117,-835.536) (369.317,-623.731,-820.111) (363.844,-623.541,-795.656)
  m[0][1] pts=2 (161.133,-507.698,-841.93) (363.844,-623.541,-795.656)
  f[0][0] pts=8 (161.133,-507.698,-841.93) (164.899,-510.921,-866.495) (232.469,-549.535,-851.071) (224.938,-543.089,-801.94) (292.508,-581.703,-786.515) (300.039,-588.15,-835.647) (367.61,-626.764,-820.222) (363.844,-623.541,-795.656)
  f[0][1] pts=2 (161.133,-507.698,-841.93) (363.844,-623.541,-795.656)
  m[1][0] pts=8 (185.715,-464.047,-840.336) (191.188,-464.238,-864.79) (258.758,-502.852,-849.366) (247.811,-502.471,-800.456) (315.381,-541.085,-785.032) (326.328,-541.466,-833.942) (393.899,-580.081,-818.517) (388.425,-579.89,-794.062)
  m[1][1] pts=2 (185.715,-464.047,-840.336) (388.425,-579.89,-794.062)
  f[1][0] pts=8 (185.715,-464.047,-840.336) (189.48,-467.27,-864.901) (257.051,-505.884,-849.477) (249.519,-499.438,-800.346) (317.089,-538.053,-784.921) (324.621,-544.499,-834.052) (392.191,-583.113,-818.628) (388.425,-579.89,-794.062)
  f[1][1] pts=2 (185.715,-464.047,-840.336) (388.425,-579.89,-794.062)
joint 34 type=11 v0=18 v1=8 f0_0=3 f1_0=5 name=ss_e_op_1 orient=1 div=3 shift=0.5
  jv[0] pts=5 (-174.401,-241.771,842.284) (-159.853,-252.194,795.521) (-135.516,-208.441,796.169) (-150.064,-198.018,842.932) (-174.401,-241.771,842.284)
  jv[1] pts=5 (153.535,-426.299,985.44) (168.083,-436.723,938.677) (192.42,-392.97,939.325) (177.872,-382.546,986.088) (153.535,-426.299,985.44)
  m[0][0] pts=8 (-108.814,-278.676,870.915) (-94.2656,-289.1,824.152) (-28.6784,-326.006,852.783) (-43.2264,-315.582,899.546) (22.3608,-352.488,928.177) (36.9089,-362.912,881.415) (102.496,-399.817,910.046) (87.948,-389.394,956.808)
  m[0][1] pts=2 (-108.814,-278.676,870.915) (87.948,-389.394,956.808)
  f[0][0] pts=8 (-69.9288,-245.347,824.801) (-94.2656,-289.1,824.152) (-28.6784,-326.006,852.783) (-4.3416,-282.253,853.432) (61.2456,-319.159,882.063) (36.9089,-362.912,881.415) (102.496,-399.817,910.046) (126.833,-356.064,910.694)
  f[0][1] pts=2 (-69.9288,-245.347,824.801) (126.833,-356.064,910.694)
  m[1][0] pts=8 (-84.4769,-234.923,871.563) (-69.9288,-245.347,824.801) (-4.3416,-282.253,853.432) (-18.8897,-271.829,900.194) (46.6976,-308.735,928.825) (61.2456,-319.159,882.063) (126.833,-356.064,910.694) (112.285,-345.641,957.457)
  m[1][1] pts=2 (-84.4769,-234.923,871.563) (112.285,-345.641,957.457)
  f[1][0] pts=8 (-84.4769,-234.923,871.563) (-108.814,-278.676,870.915) (-43.2264,-315.582,899.546) (-18.8897,-271.829,900.194) (46.6976,-308.735,928.825) (22.3608,-352.488,928.177) (87.948,-389.394,956.808) (112.285,-345.641,957.457)
  f[1][1] pts=2 (-84.4769,-234.923,871.563) (112.285,-345.641,957.457)
joint 35 type=11 v0=19 v1=8 f0_0=5 f1_0=3 name=ss_e_op_1 orient=1 div=3 shift=0.5
  jv[0] pts=5 (254.403,-207.749,981.665) (272.028,-212.555,934.969) (248.145,-256.642,934.533) (230.52,-251.836,981.228) (254.403,-207.749,981.665)
  jv[1] pts=5 (-75.5552,-27.5877,838.582) (-57.9303,-32.3938,791.887) (-81.813,-76.4803,791.45) (-99.4379,-71.6742,838.146) (-75.5552,-27.5877,838.582)
  m[0][0] pts=8 (188.411,-171.717,953.048) (206.036,-176.523,906.353) (140.045,-140.491,877.736) (122.42,-135.685,924.432) (56.428,-99.6523,895.815) (74.0529,-104.458,849.12) (8.06134,-68.4261,820.503) (-9.56361,-63.62,867.199)
  m[0][1] pts=2 (188.411,-171.717,953.048) (-9.56361,-63.62,867.199)
  f[0][0] pts=8 (182.153,-220.609,905.916) (206.036,-176.523,906.353) (140.045,-140.491,877.736) (116.162,-184.577,877.3) (50.1702,-148.545,848.683) (74.0529,-104.458,849.12) (8.06134,-68.4261,820.503) (-15.8214,-112.513,820.067)
  f[0][1] pts=2 (182.153,-220.609,905.916) (-15.8214,-112.513,820.067)
  m[1][0] pts=8 (164.529,-215.803,952.612) (182.153,-220.609,905.916) (116.162,-184.577,877.3) (98.5369,-179.771,923.995) (32.5453,-143.739,895.379) (50.1702,-148.545,848.683) (-15.8214,-112.513,820.067) (-33.4463,-107.707,866.762)
  m[1][1] pts=2 (164.529,-215.803,952.612) (-33.4463,-107.707,866.762)
  f[1][0] pts=8 (164.529,-215.803,952.612) (188.411,-171.717,953.048) (122.42,-135.685,924.432) (98.5369,-179.771,923.995) (32.5453,-143.739,895.379) (56.428,-99.6523,895.815) (-9.56361,-63.62,867.199) (-33.4463,-107.707,866.762)
  f[1][1] pts=2 (164.529,-215.803,952.612) (-33.4463,-107.707,866.762)
joint 36 type=11 v0=10 v1=9 f0_0=5 f1_0=3 name=ss_e_op_1 orient=1 div=3 shift=0.5
  jv[0] pts=5 (915.207,-434.05,-2572.57) (891.646,-478.126,-2570.99) (890.041,-476.131,-2521.05) (913.602,-432.055,-2522.63) (915.207,-434.05,-2572.57)
  jv[1] pts=5 (560.622,-245.186,-2591.51) (537.06,-289.262,-2589.93) (535.455,-287.267,-2540) (559.016,-243.19,-2541.58) (560.622,-245.186,-2591.51)
  m[0][0] pts=8 (844.29,-396.277,-2576.36) (820.729,-440.353,-2574.78) (749.812,-402.58,-2578.56) (773.373,-358.504,-2580.15) (702.456,-320.731,-2583.94) (678.895,-364.808,-2582.35) (607.978,-327.035,-2586.14) (631.539,-282.958,-2587.72)
  m[0][1] pts=2 (844.29,-396.277,-2576.36) (631.539,-282.958,-2587.72)
  f[0][0] pts=8 (819.124,-438.358,-2524.84) (820.729,-440.353,-2574.78) (749.812,-402.58,-2578.56) (748.207,-400.585,-2528.63) (677.289,-362.812,-2532.42) (678.895,-364.808,-2582.35) (607.978,-327.035,-2586.14) (606.372,-325.04,-2536.21)
  f[0][1] pts=2 (819.124,-438.358,-2524.84) (606.372,-325.04,-2536.21)
  m[1][0] pts=8 (842.685,-394.282,-2526.42) (819.124,-438.358,-2524.84) (748.207,-400.585,-2528.63) (771.768,-356.509,-2530.21) (700.85,-318.736,-2534) (677.289,-362.812,-2532.42) (606.372,-325.04,-2536.21) (629.933,-280.963,-2537.79)
  m[1][1] pts=2 (842.685,-394.282,-2526.42) (629.933,-280.963,-2537.79)
  f[1][0] pts=8 (842.685,-394.282,-2526.42) (844.29,-396.277,-2576.36) (773.373,-358.504,-2580.15) (771.768,-356.509,-2530.21) (700.85,-318.736,-2534) (702.456,-320.731,-2583.94) (631.539,-282.958,-2587.72) (629.933,-280.963,-2537.79)
  f[1][1] pts=2 (842.685,-394.282,-2526.42) (629.933,-280.963,-2537.79)
joint 37 type=40 v0=9 v1=11 f0_0=0 f1_0=0 name=tt_e_p_3 orient=0 div=1 shift=150
  jv[0] pts=5 (642.633,-304.415,-781.984) (212.248,-76.8436,-878.062) (259.333,11.355,-880.072) (689.718,-216.217,-783.994) (642.633,-304.415,-781.984)
  jv[1] pts=5 (933.723,-500.097,-2549.44) (503.337,-272.526,-2645.51) (550.422,-184.327,-2647.52) (980.807,-411.899,-2551.45) (933.723,-500.097,-2549.44)
  m[0][0] pts=2 (680.647,-288.71,-1689.85) (704.189,-244.611,-1690.85)
  m[0][1] pts=2 (680.647,-288.71,-1689.85) (704.189,-244.611,-1690.85)
  m[0][2] pts=2 (683.503,-292.354,-1782.84) (707.045,-248.255,-1783.85)
  m[0][3] pts=2 (683.503,-292.354,-1782.84) (707.045,-248.255,-1783.85)
  m[0][4] pts=2 (686.358,-295.999,-1875.84) (709.901,-251.899,-1876.84)
  m[0][5] pts=2 (686.358,-295.999,-1875.84) (709.901,-251.899,-1876.84)
  m[0][6] pts=2 (689.214,-299.643,-1968.83) (712.757,-255.543,-1969.84)
  m[0][7] pts=2 (689.214,-299.643,-1968.83) (712.757,-255.543,-1969.84)
  m[0][8] pts=2 (692.07,-303.287,-2061.83) (715.613,-259.188,-2062.83)
  m[0][9] pts=2 (692.07,-303.287,-2061.83) (715.613,-259.188,-2062.83)
  m[0][10] pts=2 (694.926,-306.931,-2154.82) (718.468,-262.832,-2155.83)
  m[0][11] pts=2 (694.926,-306.931,-2154.82) (718.468,-262.832,-2155.83)
  m[0][12] pts=2 (697.782,-310.575,-2247.82) (721.324,-266.476,-2248.83)
  m[0][13] pts=2 (697.782,-310.575,-2247.82) (721.324,-266.476,-2248.83)
  m[0][14] pts=2 (700.638,-314.219,-2340.82) (724.18,-270.12,-2341.82)
  m[0][15] pts=2 (700.638,-314.219,-2340.82) (724.18,-270.12,-2341.82)
  m[0][16] pts=2 (703.493,-317.863,-2433.81) (727.036,-273.764,-2434.82)
  m[0][17] pts=2 (703.493,-317.863,-2433.81) (727.036,-273.764,-2434.82)
  m[0][18] pts=2 (638.45,-283.219,-2437.29) (661.992,-239.12,-2438.3)
  m[0][19] pts=2 (638.45,-283.219,-2437.29) (661.992,-239.12,-2438.3)
  m[0][20] pts=2 (627.397,-277.332,-2437.89) (650.939,-233.233,-2438.89)
  m[0][21] pts=2 (627.397,-277.332,-2437.89) (650.939,-233.233,-2438.89)
  m[0][22] pts=2 (612.465,-267.294,-2347.22) (636.008,-223.195,-2348.23)
  m[0][23] pts=2 (612.465,-267.294,-2347.22) (636.008,-223.195,-2348.23)
  m[0][24] pts=2 (597.533,-257.257,-2256.56) (621.076,-213.157,-2257.56)
  m[0][25] pts=2 (597.533,-257.257,-2256.56) (621.076,-213.157,-2257.56)
  m[0][26] pts=2 (582.602,-247.219,-2165.89) (606.144,-203.12,-2166.9)
  m[0][27] pts=2 (582.602,-247.219,-2165.89) (606.144,-203.12,-2166.9)
  m[0][28] pts=2 (567.67,-237.181,-2075.23) (591.212,-193.082,-2076.23)
  m[0][29] pts=2 (567.67,-237.181,-2075.23) (591.212,-193.082,-2076.23)
  m[0][30] pts=2 (552.738,-227.143,-1984.57) (576.28,-183.044,-1985.57)
  m[0][31] pts=2 (552.738,-227.143,-1984.57) (576.28,-183.044,-1985.57)
  m[0][32] pts=2 (537.806,-217.105,-1893.9) (561.348,-173.006,-1894.91)
  m[0][33] pts=2 (537.806,-217.105,-1893.9) (561.348,-173.006,-1894.91)
  m[0][34] pts=2 (522.874,-207.068,-1803.24) (546.417,-162.968,-1804.24)
  m[0][35] pts=2 (522.874,-207.068,-1803.24) (546.417,-162.968,-1804.24)
  m[0][36] pts=2 (507.942,-197.03,-1712.57) (531.485,-152.931,-1713.58)
  m[0][37] pts=2 (507.942,-197.03,-1712.57) (531.485,-152.931,-1713.58)
  m[0][38] pts=2 (505.19,-193.468,-1620.78) (528.732,-149.369,-1621.79)
  m[0][39] pts=2 (505.19,-193.468,-1620.78) (528.732,-149.369,-1621.79)
  m[0][40] pts=2 (502.437,-189.907,-1528.99) (525.98,-145.808,-1530)
  m[0][41] pts=2 (502.437,-189.907,-1528.99) (525.98,-145.808,-1530)
  m[0][42] pts=2 (499.685,-186.346,-1437.2) (523.227,-142.246,-1438.21)
  m[0][43] pts=2 (499.685,-186.346,-1437.2) (523.227,-142.246,-1438.21)
  m[0][44] pts=2 (496.933,-182.784,-1345.42) (520.475,-138.685,-1346.42)
  m[0][45] pts=2 (496.933,-182.784,-1345.42) (520.475,-138.685,-1346.42)
  m[0][46] pts=2 (494.18,-179.223,-1253.63) (517.723,-135.123,-1254.63)
  m[0][47] pts=2 (494.18,-179.223,-1253.63) (517.723,-135.123,-1254.63)
  m[0][48] pts=2 (491.428,-175.661,-1161.84) (514.97,-131.562,-1162.84)
  m[0][49] pts=2 (491.428,-175.661,-1161.84) (514.97,-131.562,-1162.84)
  m[0][50] pts=2 (488.675,-172.1,-1070.05) (512.218,-128,-1071.05)
  m[0][51] pts=2 (488.675,-172.1,-1070.05) (512.218,-128,-1071.05)
  m[0][52] pts=2 (485.923,-168.538,-978.256) (509.465,-124.439,-979.261)
  m[0][53] pts=2 (485.923,-168.538,-978.256) (509.465,-124.439,-979.261)
  m[0][54] pts=2 (467.251,-158.67,-982.66) (490.793,-114.571,-983.665)
  m[0][55] pts=2 (467.251,-158.67,-982.66) (490.793,-114.571,-983.665)
  m[0][56] pts=2 (513.72,-183.229,-971.72) (537.262,-139.129,-972.725)
  m[0][57] pts=2 (513.72,-183.229,-971.72) (537.262,-139.129,-972.725)
  m[0][58] pts=2 (560.189,-207.787,-960.78) (583.731,-163.688,-961.785)
  m[0][59] pts=2 (560.189,-207.787,-960.78) (583.731,-163.688,-961.785)
  m[0][60] pts=2 (575.246,-217.902,-1051.91) (598.788,-173.803,-1052.92)
  m[0][61] pts=2 (575.246,-217.902,-1051.91) (598.788,-173.803,-1052.92)
  m[0][62] pts=2 (590.303,-228.018,-1143.05) (613.846,-183.918,-1144.05)
  m[0][63] pts=2 (590.303,-228.018,-1143.05) (613.846,-183.918,-1144.05)
  m[0][64] pts=2 (605.361,-238.133,-1234.18) (628.903,-194.034,-1235.19)
  m[0][65] pts=2 (605.361,-238.133,-1234.18) (628.903,-194.034,-1235.19)
  m[0][66] pts=2 (620.418,-248.249,-1325.31) (643.96,-204.149,-1326.32)
  m[0][67] pts=2 (620.418,-248.249,-1325.31) (643.96,-204.149,-1326.32)
  m[0][68] pts=2 (635.475,-258.364,-1416.45) (659.017,-214.265,-1417.45)
  m[0][69] pts=2 (635.475,-258.364,-1416.45) (659.017,-214.265,-1417.45)
  m[0][70] pts=2 (650.532,-268.479,-1507.58) (674.075,-224.38,-1508.59)
  m[0][71] pts=2 (650.532,-268.479,-1507.58) (674.075,-224.38,-1508.59)
  m[0][72] pts=2 (665.59,-278.595,-1598.71) (689.132,-234.496,-1599.72)
  m[0][73] pts=2 (665.59,-278.595,-1598.71) (689.132,-234.496,-1599.72)
  f[0][0] pts=2 (680.647,-288.71,-1689.85) (657.104,-332.81,-1688.84)
  f[0][1] pts=2 (680.647,-288.71,-1689.85) (657.104,-332.81,-1688.84)
  f[0][2] pts=2 (683.503,-292.354,-1782.84) (659.96,-336.454,-1781.84)
  f[0][3] pts=2 (683.503,-292.354,-1782.84) (659.96,-336.454,-1781.84)
  f[0][4] pts=2 (686.358,-295.999,-1875.84) (662.816,-340.098,-1874.83)
  f[0][5] pts=2 (686.358,-295.999,-1875.84) (662.816,-340.098,-1874.83)
  f[0][6] pts=2 (689.214,-299.643,-1968.83) (665.672,-343.742,-1967.83)
  f[0][7] pts=2 (689.214,-299.643,-1968.83) (665.672,-343.742,-1967.83)
  f[0][8] pts=2 (692.07,-303.287,-2061.83) (668.528,-347.386,-2060.82)
  f[0][9] pts=2 (692.07,-303.287,-2061.83) (668.528,-347.386,-2060.82)
  f[0][10] pts=2 (694.926,-306.931,-2154.82) (671.383,-351.03,-2153.82)
  f[0][11] pts=2 (694.926,-306.931,-2154.82) (671.383,-351.03,-2153.82)
  f[0][12] pts=2 (697.782,-310.575,-2247.82) (674.239,-354.674,-2246.82)
  f[0][13] pts=2 (697.782,-310.575,-2247.82) (674.239,-354.674,-2246.82)
  f[0][14] pts=2 (700.638,-314.219,-2340.82) (677.095,-358.319,-2339.81)
  f[0][15] pts=2 (700.638,-314.219,-2340.82) (677.095,-358.319,-2339.81)
  f[0][16] pts=2 (703.493,-317.863,-2433.81) (679.951,-361.963,-2432.81)
  f[0][17] pts=2 (703.493,-317.863,-2433.81) (679.951,-361.963,-2432.81)
  f[0][18] pts=2 (638.45,-283.219,-2437.29) (614.907,-327.318,-2436.29)
  f[0][19] pts=2 (638.45,-283.219,-2437.29) (614.907,-327.318,-2436.29)
  f[0][20] pts=2 (627.397,-277.332,-2437.89) (603.855,-321.432,-2436.88)
  f[0][21] pts=2 (627.397,-277.332,-2437.89) (603.855,-321.432,-2436.88)
  f[0][22] pts=2 (612.465,-267.294,-2347.22) (588.923,-311.394,-2346.22)
  f[0][23] pts=2 (612.465,-267.294,-2347.22) (588.923,-311.394,-2346.22)
  f[0][24] pts=2 (597.533,-257.257,-2256.56) (573.991,-301.356,-2255.55)
  f[0][25] pts=2 (597.533,-257.257,-2256.56) (573.991,-301.356,-2255.55)
  f[0][26] pts=2 (582.602,-247.219,-2165.89) (559.059,-291.318,-2164.89)
  f[0][27] pts=2 (582.602,-247.219,-2165.89) (559.059,-291.318,-2164.89)
  f[0][28] pts=2 (567.67,-237.181,-2075.23) (544.127,-281.28,-2074.22)
  f[0][29] pts=2 (567.67,-237.181,-2075.23) (544.127,-281.28,-2074.22)
  f[0][30] pts=2 (552.738,-227.143,-1984.57) (529.195,-271.243,-1983.56)
  f[0][31] pts=2 (552.738,-227.143,-1984.57) (529.195,-271.243,-1983.56)
  f[0][32] pts=2 (537.806,-217.105,-1893.9) (514.264,-261.205,-1892.9)
  f[0][33] pts=2 (537.806,-217.105,-1893.9) (514.264,-261.205,-1892.9)
  f[0][34] pts=2 (522.874,-207.068,-1803.24) (499.332,-251.167,-1802.23)
  f[0][35] pts=2 (522.874,-207.068,-1803.24) (499.332,-251.167,-1802.23)
  f[0][36] pts=2 (507.942,-197.03,-1712.57) (484.4,-241.129,-1711.57)
  f[0][37] pts=2 (507.942,-197.03,-1712.57) (484.4,-241.129,-1711.57)
  f[0][38] pts=2 (505.19,-193.468,-1620.78) (481.647,-237.568,-1619.78)
  f[0][39] pts=2 (505.19,-193.468,-1620.78) (481.647,-237.568,-1619.78)
  f[0][40] pts=2 (502.437,-189.907,-1528.99) (478.895,-234.006,-1527.99)
  f[0][41] pts=2 (502.437,-189.907,-1528.99) (478.895,-234.006,-1527.99)
  f[0][42] pts=2 (499.685,-186.346,-1437.2) (476.143,-230.445,-1436.2)
  f[0][43] pts=2 (499.685,-186.346,-1437.2) (476.143,-230.445,-1436.2)
  f[0][44] pts=2 (496.933,-182.784,-1345.42) (473.39,-226.883,-1344.41)
  f[0][45] pts=2 (496.933,-182.784,-1345.42) (473.39,-226.883,-1344.41)
  f[0][46] pts=2 (494.18,-179.223,-1253.63) (470.638,-223.322,-1252.62)
  f[0][47] pts=2 (494.18,-179.223,-1253.63) (470.638,-223.322,-1252.62)
  f[0][48] pts=2 (491.428,-175.661,-1161.84) (467.885,-219.76,-1160.83)
  f[0][49] pts=2 (491.428,-175.661,-1161.84) (467.885,-219.76,-1160.83)
  f[0][50] pts=2 (488.675,-172.1,-1070.05) (465.133,-216.199,-1069.04)
  f[0][51] pts=2 (488.675,-172.1,-1070.05) (465.133,-216.199,-1069.04)
  f[0][52] pts=2 (485.923,-168.538,-978.256) (462.38,-212.638,-977.251)
  f[0][53] pts=2 (485.923,-168.538,-978.256) (462.38,-212.638,-977.251)
  f[0][54] pts=2 (467.251,-158.67,-982.66) (443.708,-202.77,-981.655)
  f[0][55] pts=2 (467.251,-158.67,-982.66) (443.708,-202.77,-981.655)
  f[0][56] pts=2 (513.72,-183.229,-971.72) (490.177,-227.328,-970.715)
  f[0][57] pts=2 (513.72,-183.229,-971.72) (490.177,-227.328,-970.715)
  f[0][58] pts=2 (560.189,-207.787,-960.78) (536.646,-251.886,-959.775)
  f[0][59] pts=2 (560.189,-207.787,-960.78) (536.646,-251.886,-959.775)
  f[0][60] pts=2 (575.246,-217.902,-1051.91) (551.704,-262.002,-1050.91)
  f[0][61] pts=2 (575.246,-217.902,-1051.91) (551.704,-262.002,-1050.91)
  f[0][62] pts=2 (590.303,-228.018,-1143.05) (566.761,-272.117,-1142.04)
  f[0][63] pts=2 (590.303,-228.018,-1143.05) (566.761,-272.117,-1142.04)
  f[0][64] pts=2 (605.361,-238.133,-1234.18) (581.818,-282.232,-1233.18)
  f[0][65] pts=2 (605.361,-238.133,-1234.18) (581.818,-282.232,-1233.18)
  f[0][66] pts=2 (620.418,-248.249,-1325.31) (596.875,-292.348,-1324.31)
  f[0][67] pts=2 (620.418,-248.249,-1325.31) (596.875,-292.348,-1324.31)
  f[0][68] pts=2 (635.475,-258.364,-1416.45) (611.933,-302.463,-1415.44)
  f[0][69] pts=2 (635.475,-258.364,-1416.45) (611.933,-302.463,-1415.44)
  f[0][70] pts=2 (650.532,-268.479,-1507.58) (626.99,-312.579,-1506.58)
  f[0][71] pts=2 (650.532,-268.479,-1507.58) (626.99,-312.579,-1506.58)
  f[0][72] pts=2 (665.59,-278.595,-1598.71) (642.047,-322.694,-1597.71)
  f[0][73] pts=2 (665.59,-278.595,-1598.71) (642.047,-322.694,-1597.71)
  m[1][0] pts=2 (680.647,-288.71,-1689.85) (704.189,-244.611,-1690.85)
  m[1][1] pts=2 (680.647,-288.71,-1689.85) (704.189,-244.611,-1690.85)
  m[1][2] pts=2 (683.503,-292.354,-1782.84) (707.045,-248.255,-1783.85)
  m[1][3] pts=2 (683.503,-292.354,-1782.84) (707.045,-248.255,-1783.85)
  m[1][4] pts=2 (686.358,-295.999,-1875.84) (709.901,-251.899,-1876.84)
  m[1][5] pts=2 (686.358,-295.999,-1875.84) (709.901,-251.899,-1876.84)
  m[1][6] pts=2 (689.214,-299.643,-1968.83) (712.757,-255.543,-1969.84)
  m[1][7] pts=2 (689.214,-299.643,-1968.83) (712.757,-255.543,-1969.84)
  m[1][8] pts=2 (692.07,-303.287,-2061.83) (715.613,-259.188,-2062.83)
  m[1][9] pts=2 (692.07,-303.287,-2061.83) (715.613,-259.188,-2062.83)
  m[1][10] pts=2 (694.926,-306.931,-2154.82) (718.468,-262.832,-2155.83)
  m[1][11] pts=2 (694.926,-306.931,-2154.82) (718.468,-262.832,-2155.83)
  m[1][12] pts=2 (697.782,-310.575,-2247.82) (721.324,-266.476,-2248.83)
  m[1][13] pts=2 (697.782,-310.575,-2247.82) (721.324,-266.476,-2248.83)
  m[1][14] pts=2 (700.638,-314.219,-2340.82) (724.18,-270.12,-2341.82)
  m[1][15] pts=2 (700.638,-314.219,-2340.82) (724.18,-270.12,-2341.82)
  m[1][16] pts=2 (703.493,-317.863,-2433.81) (727.036,-273.764,-2434.82)
  m[1][17] pts=2 (703.493,-317.863,-2433.81) (727.036,-273.764,-2434.82)
  m[1][18] pts=2 (638.45,-283.219,-2437.29) (661.992,-239.12,-2438.3)
  m[1][19] pts=2 (638.45,-283.219,-2437.29) (661.992,-239.12,-2438.3)
  m[1][20] pts=2 (627.397,-277.332,-2437.89) (650.939,-233.233,-2438.89)
  m[1][21] pts=2 (627.397,-277.332,-2437.89) (650.939,-233.233,-2438.89)
  m[1][22] pts=2 (612.465,-267.294,-2347.22) (636.008,-223.195,-2348.23)
  m[1][23] pts=2 (612.465,-267.294,-2347.22) (636.008,-223.195,-2348.23)
  m[1][24] pts=2 (597.533,-257.257,-2256.56) (621.076,-213.157,-2257.56)
  m[1][25] pts=2 (597.533,-257.257,-2256.56) (621.076,-213.157,-2257.56)
  m[1][26] pts=2 (582.602,-247.219,-2165.89) (606.144,-203.12,-2166.9)
  m[1][27] pts=2 (582.602,-247.219,-2165.89) (606.144,-203.12,-2166.9)
  m[1][28] pts=2 (567.67,-237.181,-2075.23) (591.212,-193.082,-2076.23)
  m[1][29] pts=2 (567.67,-237.181,-2075.23) (591.212,-193.082,-2076.23)
  m[1][30] pts=2 (552.738,-227.143,-1984.57) (576.28,-183.044,-1985.57)
  m[1][31] pts=2 (552.738,-227.143,-1984.57) (576.28,-183.044,-1985.57)
  m[1][32] pts=2 (537.806,-217.105,-1893.9) (561.348,-173.006,-1894.91)
  m[1][33] pts=2 (537.806,-217.105,-1893.9) (561.348,-173.006,-1894.91)
  m[1][34] pts=2 (522.874,-207.068,-1803.24) (546.417,-162.968,-1804.24)
  m[1][35] pts=2 (522.874,-207.068,-1803.24) (546.417,-162.968,-1804.24)
  m[1][36] pts=2 (507.942,-197.03,-1712.57) (531.485,-152.931,-1713.58)
  m[1][37] pts=2 (507.942,-197.03,-1712.57) (531.485,-152.931,-1713.58)
  m[1][38] pts=2 (505.19,-193.468,-1620.78) (528.732,-149.369,-1621.79)
  m[1][39] pts=2 (505.19,-193.468,-1620.78) (528.732,-149.369,-1621.79)
  m[1][40] pts=2 (502.437,-189.907,-1528.99) (525.98,-145.808,-1530)
  m[1][41] pts=2 (502.437,-189.907,-1528.99) (525.98,-145.808,-1530)
  m[1][42] pts=2 (499.685,-186.346,-1437.2) (523.227,-142.246,-1438.21)
  m[1][43] pts=2 (499.685,-186.346,-1437.2) (523.227,-142.246,-1438.21)
  m[1][44] pts=2 (496.933,-182.784,-1345.42) (520.475,-138.685,-1346.42)
  m[1][45] pts=2 (496.933,-182.784,-1345.42) (520.475,-138.685,-1346.42)
  m[1][46] pts=2 (494.18,-179.223,-1253.63) (517.723,-135.123,-1254.63)
  m[1][47] pts=2 (494.18,-179.223,-1253.63) (517.723,-135.123,-1254.63)
  m[1][48] pts=2 (491.428,-175.661,-1161.84) (514.97,-131.562,-1162.84)
  m[1][49] pts=2 (491.428,-175.661,-1161.84) (514.97,-131.562,-1162.84)
  m[1][50] pts=2 (488.675,-172.1,-1070.05) (512.218,-128,-1071.05)
  m[1][51] pts=2 (488.675,-172.1,-1070.05) (512.218,-128,-1071.05)
  m[1][52] pts=2 (485.923,-168.538,-978.256) (509.465,-124.439,-979.261)
  m[1][53] pts=2 (485.923,-168.538,-978.256) (509.465,-124.439,-979.261)
  m[1][54] pts=2 (467.251,-158.67,-982.66) (490.793,-114.571,-983.665)
  m[1][55] pts=2 (467.251,-158.67,-982.66) (490.793,-114.571,-983.665)
  m[1][56] pts=2 (513.72,-183.229,-971.72) (537.262,-139.129,-972.725)
  m[1][57] pts=2 (513.72,-183.229,-971.72) (537.262,-139.129,-972.725)
  m[1][58] pts=2 (560.189,-207.787,-960.78) (583.731,-163.688,-961.785)
  m[1][59] pts=2 (560.189,-207.787,-960.78) (583.731,-163.688,-961.785)
  m[1][60] pts=2 (575.246,-217.902,-1051.91) (598.788,-173.803,-1052.92)
  m[1][61] pts=2 (575.246,-217.902,-1051.91) (598.788,-173.803,-1052.92)
  m[1][62] pts=2 (590.303,-228.018,-1143.05) (613.846,-183.918,-1144.05)
  m[1][63] pts=2 (590.303,-228.018,-1143.05) (613.846,-183.918,-1144.05)
  m[1][64] pts=2 (605.361,-238.133,-1234.18) (628.903,-194.034,-1235.19)
  m[1][65] pts=2 (605.361,-238.133,-1234.18) (628.903,-194.034,-1235.19)
  m[1][66] pts=2 (620.418,-248.249,-1325.31) (643.96,-204.149,-1326.32)
  m[1][67] pts=2 (620.418,-248.249,-1325.31) (643.96,-204.149,-1326.32)
  m[1][68] pts=2 (635.475,-258.364,-1416.45) (659.017,-214.265,-1417.45)
  m[1][69] pts=2 (635.475,-258.364,-1416.45) (659.017,-214.265,-1417.45)
  m[1][70] pts=2 (650.532,-268.479,-1507.58) (674.075,-224.38,-1508.59)
  m[1][71] pts=2 (650.532,-268.479,-1507.58) (674.075,-224.38,-1508.59)
  m[1][72] pts=2 (665.59,-278.595,-1598.71) (689.132,-234.496,-1599.72)
  m[1][73] pts=2 (665.59,-278.595,-1598.71) (689.132,-234.496,-1599.72)
  f[1][0] pts=2 (680.647,-288.71,-1689.85) (657.104,-332.81,-1688.84)
  f[1][1] pts=2 (680.647,-288.71,-1689.85) (657.104,-332.81,-1688.84)
  f[1][2] pts=2 (683.503,-292.354,-1782.84) (659.96,-336.454,-1781.84)
  f[1][3] pts=2 (683.503,-292.354,-1782.84) (659.96,-336.454,-1781.84)
  f[1][4] pts=2 (686.358,-295.999,-1875.84) (662.816,-340.098,-1874.83)
  f[1][5] pts=2 (686.358,-295.999,-1875.84) (662.816,-340.098,-1874.83)
  f[1][6] pts=2 (689.214,-299.643,-1968.83) (665.672,-343.742,-1967.83)
  f[1][7] pts=2 (689.214,-299.643,-1968.83) (665.672,-343.742,-1967.83)
  f[1][8] pts=2 (692.07,-303.287,-2061.83) (668.528,-347.386,-2060.82)
  f[1][9] pts=2 (692.07,-303.287,-2061.83) (668.528,-347.386,-2060.82)
  f[1][10] pts=2 (694.926,-306.931,-2154.82) (671.383,-351.03,-2153.82)
  f[1][11] pts=2 (694.926,-306.931,-2154.82) (671.383,-351.03,-2153.82)
  f[1][12] pts=2 (697.782,-310.575,-2247.82) (674.239,-354.674,-2246.82)
  f[1][13] pts=2 (697.782,-310.575,-2247.82) (674.239,-354.674,-2246.82)
  f[1][14] pts=2 (700.638,-314.219,-2340.82) (677.095,-358.319,-2339.81)
  f[1][15] pts=2 (700.638,-314.219,-2340.82) (677.095,-358.319,-2339.81)
  f[1][16] pts=2 (703.493,-317.863,-2433.81) (679.951,-361.963,-2432.81)
  f[1][17] pts=2 (703.493,-317.863,-2433.81) (679.951,-361.963,-2432.81)
  f[1][18] pts=2 (638.45,-283.219,-2437.29) (614.907,-327.318,-2436.29)
  f[1][19] pts=2 (638.45,-283.219,-2437.29) (614.907,-327.318,-2436.29)
  f[1][20] pts=2 (627.397,-277.332,-2437.89) (603.855,-321.432,-2436.88)
  f[1][21] pts=2 (627.397,-277.332,-2437.89) (603.855,-321.432,-2436.88)
  f[1][22] pts=2 (612.465,-267.294,-2347.22) (588.923,-311.394,-2346.22)
  f[1][23] pts=2 (612.465,-267.294,-2347.22) (588.923,-311.394,-2346.22)
  f[1][24] pts=2 (597.533,-257.257,-2256.56) (573.991,-301.356,-2255.55)
  f[1][25] pts=2 (597.533,-257.257,-2256.56) (573.991,-301.356,-2255.55)
  f[1][26] pts=2 (582.602,-247.219,-2165.89) (559.059,-291.318,-2164.89)
  f[1][27] pts=2 (582.602,-247.219,-2165.89) (559.059,-291.318,-2164.89)
  f[1][28] pts=2 (567.67,-237.181,-2075.23) (544.127,-281.28,-2074.22)
  f[1][29] pts=2 (567.67,-237.181,-2075.23) (544.127,-281.28,-2074.22)
  f[1][30] pts=2 (552.738,-227.143,-1984.57) (529.195,-271.243,-1983.56)
  f[1][31] pts=2 (552.738,-227.143,-1984.57) (529.195,-271.243,-1983.56)
  f[1][32] pts=2 (537.806,-217.105,-1893.9) (514.264,-261.205,-1892.9)
  f[1][33] pts=2 (537.806,-217.105,-1893.9) (514.264,-261.205,-1892.9)
  f[1][34] pts=2 (522.874,-207.068,-1803.24) (499.332,-251.167,-1802.23)
  f[1][35] pts=2 (522.874,-207.068,-1803.24) (499.332,-251.167,-1802.23)
  f[1][36] pts=2 (507.942,-197.03,-1712.57) (484.4,-241.129,-1711.57)
  f[1][37] pts=2 (507.942,-197.03,-1712.57) (484.4,-241.129,-1711.57)
  f[1][38] pts=2 (505.19,-193.468,-1620.78) (481.647,-237.568,-1619.78)
  f[1][39] pts=2 (505.19,-193.468,-1620.78) (481.647,-237.568,-1619.78)
  f[1][40] pts=2 (502.437,-189.907,-1528.99) (478.895,-234.006,-1527.99)
  f[1][41] pts=2 (502.437,-189.907,-1528.99) (478.895,-234.006,-1527.99)
  f[1][42] pts=2 (499.685,-186.346,-1437.2) (476.143,-230.445,-1436.2)
  f[1][43] pts=2 (499.685,-186.346,-1437.2) (476.143,-230.445,-1436.2)
  f[1][44] pts=2 (496.933,-182.784,-1345.42) (473.39,-226.883,-1344.41)
  f[1][45] pts=2 (496.933,-182.784,-1345.42) (473.39,-226.883,-1344.41)
  f[1][46] pts=2 (494.18,-179.223,-1253.63) (470.638,-223.322,-1252.62)
  f[1][47] pts=2 (494.18,-179.223,-1253.63) (470.638,-223.322,-1252.62)
  f[1][48] pts=2 (491.428,-175.661,-1161.84) (467.885,-219.76,-1160.83)
  f[1][49] pts=2 (491.428,-175.661,-1161.84) (467.885,-219.76,-1160.83)
  f[1][50] pts=2 (488.675,-172.1,-1070.05) (465.133,-216.199,-1069.04)
  f[1][51] pts=2 (488.675,-172.1,-1070.05) (465.133,-216.199,-1069.04)
  f[1][52] pts=2 (485.923,-168.538,-978.256) (462.38,-212.638,-977.251)
  f[1][53] pts=2 (485.923,-168.538,-978.256) (462.38,-212.638,-977.251)
  f[1][54] pts=2 (467.251,-158.67,-982.66) (443.708,-202.77,-981.655)
  f[1][55] pts=2 (467.251,-158.67,-982.66) (443.708,-202.77,-981.655)
  f[1][56] pts=2 (513.72,-183.229,-971.72) (490.177,-227.328,-970.715)
  f[1][57] pts=2 (513.72,-183.229,-971.72) (490.177,-227.328,-970.715)
  f[1][58] pts=2 (560.189,-207.787,-960.78) (536.646,-251.886,-959.775)
  f[1][59] pts=2 (560.189,-207.787,-960.78) (536.646,-251.886,-959.775)
  f[1][60] pts=2 (575.246,-217.902,-1051.91) (551.704,-262.002,-1050.91)
  f[1][61] pts=2 (575.246,-217.902,-1051.91) (551.704,-262.002,-1050.91)
  f[1][62] pts=2 (590.303,-228.018,-1143.05) (566.761,-272.117,-1142.04)
  f[1][63] pts=2 (590.303,-228.018,-1143.05) (566.761,-272.117,-1142.04)
  f[1][64] pts=2 (605.361,-238.133,-1234.18) (581.818,-282.232,-1233.18)
  f[1][65] pts=2 (605.361,-238.133,-1234.18) (581.818,-282.232,-1233.18)
  f[1][66] pts=2 (620.418,-248.249,-1325.31) (596.875,-292.348,-1324.31)
  f[1][67] pts=2 (620.418,-248.249,-1325.31) (596.875,-292.348,-1324.31)
  f[1][68] pts=2 (635.475,-258.364,-1416.45) (611.933,-302.463,-1415.44)
  f[1][69] pts=2 (635.475,-258.364,-1416.45) (611.933,-302.463,-1415.44)
  f[1][70] pts=2 (650.532,-268.479,-1507.58) (626.99,-312.579,-1506.58)
  f[1][71] pts=2 (650.532,-268.479,-1507.58) (626.99,-312.579,-1506.58)
  f[1][72] pts=2 (665.59,-278.595,-1598.71) (642.047,-322.694,-1597.71)
  f[1][73] pts=2 (665.59,-278.595,-1598.71) (642.047,-322.694,-1597.71)
joint 38 type=12 v0=9 v1=19 f0_0=5 f1_0=3 name=ss_e_ip_1 orient=1 div=3 shift=0.5
  jv[0] pts=5 (285.792,-59.8715,-898.109) (277.239,-54.1888,-849.109) (254.129,-98.5755,-850.582) (262.682,-104.258,-899.582) (285.792,-59.8715,-898.109)
  jv[1] pts=5 (628.291,-240.874,-817.335) (619.739,-235.191,-768.335) (596.629,-279.578,-769.808) (605.182,-285.261,-818.808) (628.291,-240.874,-817.335)
  jv[2] pts=5 (286.96,-57.6279,-898.034) (276.071,-56.432,-849.183) (252.961,-100.819,-850.656) (263.85,-102.015,-899.507) (286.96,-57.6279,-898.034)
  jv[3] pts=5 (629.459,-238.631,-817.26) (618.571,-237.435,-768.409) (595.461,-281.822,-769.883) (606.349,-283.018,-818.733) (629.459,-238.631,-817.26)
  m[0][0] pts=8 (555.515,-201.832,-808.99) (559.792,-204.674,-833.489) (491.292,-168.473,-849.644) (482.739,-162.79,-800.644) (414.239,-126.59,-816.799) (422.792,-132.273,-865.799) (354.292,-96.072,-881.954) (350.015,-93.2307,-857.454)
  m[0][1] pts=2 (555.515,-201.832,-808.99) (350.015,-93.2307,-857.454)
  f[0][0] pts=8 (555.515,-201.832,-808.99) (560.959,-202.43,-833.415) (492.46,-166.23,-849.57) (481.571,-165.034,-800.719) (413.071,-128.833,-816.874) (423.96,-130.029,-865.725) (355.46,-93.8285,-881.879) (350.015,-93.2305,-857.454)
  f[0][1] pts=2 (555.515,-201.832,-808.99) (350.015,-93.2305,-857.454)
  m[1][0] pts=8 (532.405,-246.219,-810.463) (536.682,-249.06,-834.963) (468.182,-212.86,-851.117) (459.629,-207.177,-802.118) (391.129,-170.977,-818.272) (399.682,-176.659,-867.272) (331.182,-140.459,-883.427) (326.905,-137.617,-858.927)
  m[1][1] pts=2 (532.405,-246.219,-810.463) (326.905,-137.617,-858.927)
  f[1][0] pts=8 (532.405,-246.219,-810.463) (537.85,-246.817,-834.888) (469.35,-210.617,-851.043) (458.461,-209.421,-802.192) (389.961,-173.22,-818.347) (400.85,-174.416,-867.198) (332.35,-138.215,-883.353) (326.906,-137.617,-858.927)
  f[1][1] pts=2 (532.405,-246.219,-810.463) (326.906,-137.617,-858.927)
joint 39 type=11 v0=20 v1=11 f0_0=5 f1_0=3 name=ss_e_op_1 orient=1 div=3 shift=0.5
  jv[0] pts=5 (735.434,-296.93,-766.677) (759.063,-252.888,-768.177) (767.59,-258.556,-817.119) (743.961,-302.597,-815.62) (735.434,-296.93,-766.677)
  jv[1] pts=5 (387.387,-112.991,-848.617) (411.015,-68.9492,-850.116) (419.542,-74.6168,-899.058) (395.914,-118.659,-897.559) (387.387,-112.991,-848.617)
  m[0][0] pts=8 (665.825,-260.142,-783.065) (689.453,-216.1,-784.565) (619.844,-179.312,-800.953) (596.215,-223.354,-799.453) (526.606,-186.567,-815.841) (550.234,-142.525,-817.341) (480.625,-105.737,-833.728) (456.996,-149.779,-832.229)
  m[0][1] pts=2 (665.825,-260.142,-783.065) (456.996,-149.779,-832.229)
  f[0][0] pts=8 (697.98,-221.768,-833.507) (689.453,-216.1,-784.565) (619.844,-179.312,-800.953) (628.371,-184.98,-849.895) (558.761,-148.192,-866.283) (550.234,-142.525,-817.341) (480.625,-105.737,-833.728) (489.152,-111.405,-882.67)
  f[0][1] pts=2 (697.98,-221.768,-833.507) (489.152,-111.405,-882.67)
  m[1][0] pts=8 (674.352,-265.81,-832.007) (697.98,-221.768,-833.507) (628.371,-184.98,-849.895) (604.742,-229.022,-848.395) (535.133,-192.234,-864.783) (558.761,-148.192,-866.283) (489.152,-111.405,-882.67) (465.523,-155.446,-881.171)
  m[1][1] pts=2 (674.352,-265.81,-832.007) (465.523,-155.446,-881.171)
  f[1][0] pts=8 (674.352,-265.81,-832.007) (665.825,-260.142,-783.065) (596.215,-223.354,-799.453) (604.742,-229.022,-848.395) (535.133,-192.234,-864.783) (526.606,-186.567,-815.841) (456.996,-149.779,-832.229) (465.523,-155.446,-881.171)
  f[1][1] pts=2 (674.352,-265.81,-832.007) (465.523,-155.446,-881.171)
joint 40 type=20 v0=22 v1=11 f0_0=3 f1_0=1 name=ts_e_p_2 orient=1 div=4 shift=0.5
  jv[0] pts=5 (509.193,-160.68,-2575.26) (464.888,-137.079,-2577.5) (445.752,-183.525,-2576.27) (490.057,-207.126,-2574.03) (509.193,-160.68,-2575.26)
  jv[1] pts=5 (458.776,-95.4452,-893.916) (414.471,-71.8442,-896.161) (395.335,-118.291,-894.932) (439.64,-141.892,-892.688) (458.776,-95.4452,-893.916)
  m[0][0] pts=8 (454.804,-124.032,-2241.23) (435.668,-170.478,-2240) (425.585,-157.431,-1903.74) (444.721,-110.985,-1904.96) (434.638,-97.938,-1568.7) (415.501,-144.384,-1567.47) (405.418,-131.338,-1231.2) (424.554,-84.8911,-1232.43)
  m[0][1] pts=2 (454.804,-124.032,-2241.23) (424.554,-84.8911,-1232.43)
  f[0][0] pts=5 (454.804,-124.032,-2241.23) (444.721,-110.985,-1904.96) (489.026,-134.586,-1902.72) (499.11,-147.633,-2238.99) (454.804,-124.032,-2241.23)
  f[0][1] pts=5 (434.638,-97.938,-1568.7) (424.554,-84.8911,-1232.43) (468.859,-108.492,-1230.18) (478.943,-121.539,-1566.45) (434.638,-97.938,-1568.7)
  f[0][2] pts=5 (454.804,-124.032,-2241.23) (499.11,-147.633,-2238.99) (478.943,-121.539,-1566.45) (434.638,-97.938,-1568.7) (454.804,-124.032,-2241.23)
  m[1][0] pts=8 (499.11,-147.633,-2238.99) (479.974,-194.079,-2237.76) (469.89,-181.032,-1901.49) (489.026,-134.586,-1902.72) (478.943,-121.539,-1566.45) (459.807,-167.985,-1565.22) (449.723,-154.939,-1228.96) (468.859,-108.492,-1230.18)
  m[1][1] pts=2 (499.11,-147.633,-2238.99) (468.859,-108.492,-1230.18)
  f[1][0] pts=5 (435.668,-170.478,-2240) (425.585,-157.431,-1903.74) (469.89,-181.032,-1901.49) (479.974,-194.079,-2237.76) (435.668,-170.478,-2240)
  f[1][1] pts=5 (415.501,-144.384,-1567.47) (405.418,-131.338,-1231.2) (449.723,-154.939,-1228.96) (459.807,-167.985,-1565.22) (415.501,-144.384,-1567.47)
  f[1][2] pts=5 (435.668,-170.478,-2240) (479.974,-194.079,-2237.76) (459.807,-167.985,-1565.22) (415.501,-144.384,-1567.47) (435.668,-170.478,-2240)
joint 41 type=20 v0=23 v1=11 f0_0=4 f1_0=1 name=ts_e_p_2 orient=1 div=4 shift=0.5
  jv[0] pts=5 (814.502,-323.241,-2556.48) (770.203,-299.644,-2558.76) (751.014,-346.062,-2557.53) (795.312,-369.659,-2555.25) (814.502,-323.241,-2556.48)
  jv[1] pts=5 (761.257,-255.302,-822.681) (716.958,-231.705,-824.966) (697.768,-278.123,-823.737) (742.067,-301.72,-821.451) (761.257,-255.302,-822.681)
  m[0][0] pts=8 (759.554,-286.056,-2212) (740.365,-332.474,-2210.77) (729.716,-318.886,-1864.01) (748.905,-272.468,-1865.24) (738.256,-258.88,-1518.49) (719.067,-305.299,-1517.26) (708.418,-291.711,-1170.5) (727.607,-245.292,-1171.73)
  m[0][1] pts=2 (759.554,-286.056,-2212) (727.607,-245.292,-1171.73)
  f[0][0] pts=5 (759.554,-286.056,-2212) (748.905,-272.468,-1865.24) (793.204,-296.065,-1862.96) (803.853,-309.653,-2209.72) (759.554,-286.056,-2212)
  f[0][1] pts=5 (738.256,-258.88,-1518.49) (727.607,-245.292,-1171.73) (771.906,-268.889,-1169.44) (782.555,-282.477,-1516.2) (738.256,-258.88,-1518.49)
  f[0][2] pts=5 (759.554,-286.056,-2212) (803.853,-309.653,-2209.72) (782.555,-282.477,-1516.2) (738.256,-258.88,-1518.49) (759.554,-286.056,-2212)
  m[1][0] pts=8 (803.853,-309.653,-2209.72) (784.663,-356.071,-2208.49) (774.014,-342.483,-1861.73) (793.204,-296.065,-1862.96) (782.555,-282.477,-1516.2) (763.365,-328.896,-1514.97) (752.716,-315.308,-1168.21) (771.906,-268.889,-1169.44)
  m[1][1] pts=2 (803.853,-309.653,-2209.72) (771.906,-268.889,-1169.44)
  f[1][0] pts=5 (740.365,-332.474,-2210.77) (729.716,-318.886,-1864.01) (774.014,-342.483,-1861.73) (784.663,-356.071,-2208.49) (740.365,-332.474,-2210.77)
  f[1][1] pts=5 (719.067,-305.299,-1517.26) (708.418,-291.711,-1170.5) (752.716,-315.308,-1168.21) (763.365,-328.896,-1514.97) (719.067,-305.299,-1517.26)
  f[1][2] pts=5 (740.365,-332.474,-2210.77) (784.663,-356.071,-2208.49) (763.365,-328.896,-1514.97) (719.067,-305.299,-1517.26) (740.365,-332.474,-2210.77)
joint 42 type=20 v0=24 v1=12 f0_0=2 f1_0=1 name=ts_e_p_2 orient=1 div=4 shift=0.5
  jv[0] pts=5 (-132.205,-212.126,909.371) (-169.769,-190.369,883.987) (-189.22,-236.74,883.649) (-151.657,-258.498,909.033) (-132.205,-212.126,909.371)
  jv[1] pts=5 (-926.111,110.307,2360.54) (-963.675,132.065,2335.16) (-983.126,85.6934,2334.82) (-945.563,63.936,2360.2) (-926.111,110.307,2360.54)
  m[0][0] pts=8 (-328.55,-125.882,1174.22) (-348.001,-172.254,1173.88) (-506.783,-107.767,1464.12) (-487.331,-61.3955,1464.45) (-646.112,3.09122,1754.69) (-665.564,-43.2801,1754.35) (-824.345,21.2066,2044.58) (-804.894,67.578,2044.92)
  m[0][1] pts=2 (-328.55,-125.882,1174.22) (-804.894,67.578,2044.92)
  f[0][0] pts=5 (-328.55,-125.882,1174.22) (-487.331,-61.3955,1464.45) (-449.768,-83.1529,1489.84) (-290.987,-147.64,1199.61) (-328.55,-125.882,1174.22)
  f[0][1] pts=5 (-646.112,3.09122,1754.69) (-804.894,67.578,2044.92) (-767.33,45.8206,2070.31) (-608.549,-18.6661,1780.07) (-646.112,3.09122,1754.69)
  f[0][2] pts=5 (-328.55,-125.882,1174.22) (-290.987,-147.64,1199.61) (-608.549,-18.6661,1780.07) (-646.112,3.09122,1754.69) (-328.55,-125.882,1174.22)
  m[1][0] pts=8 (-290.987,-147.64,1199.61) (-310.438,-194.011,1199.27) (-469.219,-129.524,1489.5) (-449.768,-83.1529,1489.84) (-608.549,-18.6661,1780.07) (-628,-65.0375,1779.73) (-786.782,-0.550729,2069.97) (-767.33,45.8206,2070.31)
  m[1][1] pts=2 (-290.987,-147.64,1199.61) (-767.33,45.8206,2070.31)
  f[1][0] pts=5 (-348.001,-172.254,1173.88) (-506.783,-107.767,1464.12) (-469.219,-129.524,1489.5) (-310.438,-194.011,1199.27) (-348.001,-172.254,1173.88)
  f[1][1] pts=5 (-665.564,-43.2801,1754.35) (-824.345,21.2066,2044.58) (-786.782,-0.550729,2069.97) (-628,-65.0375,1779.73) (-665.564,-43.2801,1754.35)
  f[1][2] pts=5 (-348.001,-172.254,1173.88) (-310.438,-194.011,1199.27) (-628,-65.0375,1779.73) (-665.564,-43.2801,1754.35) (-348.001,-172.254,1173.88)
joint 43 type=20 v0=25 v1=12 f0_0=2 f1_0=1 name=ts_e_p_2 orient=1 div=4 shift=0.5
  jv[0] pts=5 (152.642,-372.408,1033.7) (115.07,-350.647,1008.35) (95.5785,-396.995,1007.98) (133.151,-418.755,1033.34) (152.642,-372.408,1033.7)
  jv[1] pts=5 (-662.14,-41.6194,2524.81) (-699.712,-19.8589,2499.46) (-719.204,-66.2069,2499.09) (-681.632,-87.9673,2524.45) (-662.14,-41.6194,2524.81)
  m[0][0] pts=8 (-47.8866,-284.489,1306.57) (-67.378,-330.837,1306.2) (-230.334,-264.68,1604.42) (-210.843,-218.332,1604.79) (-373.8,-152.174,1903.01) (-393.291,-198.522,1902.64) (-556.247,-132.365,2200.87) (-536.756,-86.0166,2201.23)
  m[0][1] pts=2 (-47.8866,-284.489,1306.57) (-536.756,-86.0166,2201.23)
  f[0][0] pts=5 (-47.8866,-284.489,1306.57) (-210.843,-218.332,1604.79) (-173.271,-240.092,1630.15) (-10.3145,-306.25,1331.93) (-47.8866,-284.489,1306.57)
  f[0][1] pts=5 (-373.8,-152.174,1903.01) (-536.756,-86.0166,2201.23) (-499.184,-107.777,2226.59) (-336.227,-173.935,1928.37) (-373.8,-152.174,1903.01)
  f[0][2] pts=5 (-47.8866,-284.489,1306.57) (-10.3145,-306.25,1331.93) (-336.227,-173.935,1928.37) (-373.8,-152.174,1903.01) (-47.8866,-284.489,1306.57)
  m[1][0] pts=8 (-10.3145,-306.25,1331.93) (-29.8059,-352.598,1331.56) (-192.762,-286.44,1629.78) (-173.271,-240.092,1630.15) (-336.227,-173.935,1928.37) (-355.719,-220.283,1928) (-518.675,-154.125,2226.22) (-499.184,-107.777,2226.59)
  m[1][1] pts=2 (-10.3145,-306.25,1331.93) (-499.184,-107.777,2226.59)
  f[1][0] pts=5 (-67.378,-330.837,1306.2) (-230.334,-264.68,1604.42) (-192.762,-286.44,1629.78) (-29.8059,-352.598,1331.56) (-67.378,-330.837,1306.2)
  f[1][1] pts=5 (-393.291,-198.522,1902.64) (-556.247,-132.365,2200.87) (-518.675,-154.125,2226.22) (-355.719,-220.283,1928) (-393.291,-198.522,1902.64)
  f[1][2] pts=5 (-67.378,-330.837,1306.2) (-29.8059,-352.598,1331.56) (-355.719,-220.283,1928) (-393.291,-198.522,1902.64) (-67.378,-330.837,1306.2)
joint 44 type=40 v0=13 v1=15 f0_0=0 f1_0=1 name=tt_e_p_3 orient=0 div=1 shift=150
  jv[0] pts=5 (247.651,-258.918,1019.97) (-461.163,260.139,2530.6) (-411.252,346.565,2524.32) (297.562,-172.492,1013.69) (247.651,-258.918,1019.97)
  jv[1] pts=5 (-132.119,-57.5695,772.591) (-840.933,461.487,2283.22) (-791.021,547.914,2276.94) (-82.2081,28.8569,766.314) (-132.119,-57.5695,772.591)
  m[0][0] pts=2 (-227.807,127.498,1763.29) (-202.851,170.711,1760.15)
  m[0][1] pts=2 (-227.807,127.498,1763.29) (-202.851,170.711,1760.15)
  m[0][2] pts=2 (-199.417,104.474,1672.01) (-174.462,147.687,1668.87)
  m[0][3] pts=2 (-199.417,104.474,1672.01) (-174.462,147.687,1668.87)
  m[0][4] pts=2 (-171.028,81.4499,1580.74) (-146.073,124.663,1577.6)
  m[0][5] pts=2 (-171.028,81.4499,1580.74) (-146.073,124.663,1577.6)
  m[0][6] pts=2 (-142.639,58.4257,1489.46) (-117.683,101.639,1486.32)
  m[0][7] pts=2 (-142.639,58.4257,1489.46) (-117.683,101.639,1486.32)
  m[0][8] pts=2 (-114.25,35.4015,1398.18) (-89.2942,78.6147,1395.05)
  m[0][9] pts=2 (-114.25,35.4015,1398.18) (-89.2942,78.6147,1395.05)
  m[0][10] pts=2 (-85.8605,12.3773,1306.91) (-60.905,55.5905,1303.77)
  m[0][11] pts=2 (-85.8605,12.3773,1306.91) (-60.905,55.5905,1303.77)
  m[0][12] pts=2 (-57.4712,-10.6469,1215.63) (-32.5157,32.5663,1212.49)
  m[0][13] pts=2 (-57.4712,-10.6469,1215.63) (-32.5157,32.5663,1212.49)
  m[0][14] pts=2 (-29.082,-33.6711,1124.36) (-4.12648,9.5421,1121.22)
  m[0][15] pts=2 (-29.082,-33.6711,1124.36) (-4.12648,9.5421,1121.22)
  m[0][16] pts=2 (-0.692754,-56.6953,1033.08) (24.2628,-13.4821,1029.94)
  m[0][17] pts=2 (-0.692754,-56.6953,1033.08) (24.2628,-13.4821,1029.94)
  m[0][18] pts=2 (-55.2487,-26.9073,1009.43) (-30.2932,16.3058,1006.29)
  m[0][19] pts=2 (-55.2487,-26.9073,1009.43) (-30.2932,16.3058,1006.29)
  m[0][20] pts=2 (-96.7747,3.2241,1094.11) (-71.8191,46.4373,1090.97)
  m[0][21] pts=2 (-96.7747,3.2241,1094.11) (-71.8191,46.4373,1090.97)
  m[0][22] pts=2 (-138.301,33.3555,1178.78) (-113.345,76.5687,1175.65)
  m[0][23] pts=2 (-138.301,33.3555,1178.78) (-113.345,76.5687,1175.65)
  m[0][24] pts=2 (-179.826,63.487,1263.46) (-154.871,106.7,1260.32)
  m[0][25] pts=2 (-179.826,63.487,1263.46) (-154.871,106.7,1260.32)
  m[0][26] pts=2 (-221.352,93.6184,1348.14) (-196.397,136.832,1345)
  m[0][27] pts=2 (-221.352,93.6184,1348.14) (-196.397,136.832,1345)
  m[0][28] pts=2 (-262.878,123.75,1432.82) (-237.923,166.963,1429.68)
  m[0][29] pts=2 (-262.878,123.75,1432.82) (-237.923,166.963,1429.68)
  m[0][30] pts=2 (-304.404,153.881,1517.5) (-279.449,197.094,1514.36)
  m[0][31] pts=2 (-304.404,153.881,1517.5) (-279.449,197.094,1514.36)
  m[0][32] pts=2 (-345.93,184.013,1602.18) (-320.975,227.226,1599.04)
  m[0][33] pts=2 (-345.93,184.013,1602.18) (-320.975,227.226,1599.04)
  m[0][34] pts=2 (-387.456,214.144,1686.86) (-362.501,257.357,1683.72)
  m[0][35] pts=2 (-387.456,214.144,1686.86) (-362.501,257.357,1683.72)
  m[0][36] pts=2 (-413.449,235.22,1770.36) (-388.493,278.433,1767.22)
  m[0][37] pts=2 (-413.449,235.22,1770.36) (-388.493,278.433,1767.22)
  m[0][38] pts=2 (-439.442,256.296,1853.87) (-414.486,299.509,1850.73)
  m[0][39] pts=2 (-439.442,256.296,1853.87) (-414.486,299.509,1850.73)
  m[0][40] pts=2 (-465.435,277.372,1937.37) (-440.479,320.585,1934.23)
  m[0][41] pts=2 (-465.435,277.372,1937.37) (-440.479,320.585,1934.23)
  m[0][42] pts=2 (-491.428,298.448,2020.88) (-466.472,341.661,2017.74)
  m[0][43] pts=2 (-491.428,298.448,2020.88) (-466.472,341.661,2017.74)
  m[0][44] pts=2 (-517.421,319.524,2104.38) (-492.465,362.737,2101.25)
  m[0][45] pts=2 (-517.421,319.524,2104.38) (-492.465,362.737,2101.25)
  m[0][46] pts=2 (-543.414,340.6,2187.89) (-518.458,383.813,2184.75)
  m[0][47] pts=2 (-543.414,340.6,2187.89) (-518.458,383.813,2184.75)
  m[0][48] pts=2 (-569.407,361.676,2271.4) (-544.451,404.889,2268.26)
  m[0][49] pts=2 (-569.407,361.676,2271.4) (-544.451,404.889,2268.26)
  m[0][50] pts=2 (-499.02,324.358,2317.25) (-474.064,367.571,2314.11)
  m[0][51] pts=2 (-499.02,324.358,2317.25) (-474.064,367.571,2314.11)
  m[0][52] pts=2 (-460.275,296.235,2238.11) (-435.32,339.448,2234.97)
  m[0][53] pts=2 (-460.275,296.235,2238.11) (-435.32,339.448,2234.97)
  m[0][54] pts=2 (-421.53,268.112,2158.97) (-396.575,311.325,2155.83)
  m[0][55] pts=2 (-421.53,268.112,2158.97) (-396.575,311.325,2155.83)
  m[0][56] pts=2 (-382.786,239.989,2079.83) (-357.83,283.203,2076.7)
  m[0][57] pts=2 (-382.786,239.989,2079.83) (-357.83,283.203,2076.7)
  m[0][58] pts=2 (-344.041,211.867,2000.7) (-319.085,255.08,1997.56)
  m[0][59] pts=2 (-344.041,211.867,2000.7) (-319.085,255.08,1997.56)
  m[0][60] pts=2 (-305.296,183.744,1921.56) (-280.341,226.957,1918.42)
  m[0][61] pts=2 (-305.296,183.744,1921.56) (-280.341,226.957,1918.42)
  m[0][62] pts=2 (-266.551,155.621,1842.42) (-241.596,198.834,1839.29)
  m[0][63] pts=2 (-266.551,155.621,1842.42) (-241.596,198.834,1839.29)
  f[0][0] pts=2 (-227.807,127.498,1763.29) (-252.762,84.285,1766.43)
  f[0][1] pts=2 (-227.807,127.498,1763.29) (-252.762,84.285,1766.43)
  f[0][2] pts=2 (-199.417,104.474,1672.01) (-224.373,61.2608,1675.15)
  f[0][3] pts=2 (-199.417,104.474,1672.01) (-224.373,61.2608,1675.15)
  f[0][4] pts=2 (-171.028,81.4499,1580.74) (-195.984,38.2367,1583.87)
  f[0][5] pts=2 (-171.028,81.4499,1580.74) (-195.984,38.2367,1583.87)
  f[0][6] pts=2 (-142.639,58.4257,1489.46) (-167.594,15.2125,1492.6)
  f[0][7] pts=2 (-142.639,58.4257,1489.46) (-167.594,15.2125,1492.6)
  f[0][8] pts=2 (-114.25,35.4015,1398.18) (-139.205,-7.81171,1401.32)
  f[0][9] pts=2 (-114.25,35.4015,1398.18) (-139.205,-7.81171,1401.32)
  f[0][10] pts=2 (-85.8605,12.3773,1306.91) (-110.816,-30.8359,1310.05)
  f[0][11] pts=2 (-85.8605,12.3773,1306.91) (-110.816,-30.8359,1310.05)
  f[0][12] pts=2 (-57.4712,-10.6469,1215.63) (-82.4268,-53.8601,1218.77)
  f[0][13] pts=2 (-57.4712,-10.6469,1215.63) (-82.4268,-53.8601,1218.77)
  f[0][14] pts=2 (-29.082,-33.6711,1124.36) (-54.0375,-76.8843,1127.5)
  f[0][15] pts=2 (-29.082,-33.6711,1124.36) (-54.0375,-76.8843,1127.5)
  f[0][16] pts=2 (-0.692754,-56.6953,1033.08) (-25.6483,-99.9084,1036.22)
  f[0][17] pts=2 (-0.692754,-56.6953,1033.08) (-25.6483,-99.9084,1036.22)
  f[0][18] pts=2 (-55.2487,-26.9073,1009.43) (-80.2043,-70.1205,1012.57)
  f[0][19] pts=2 (-55.2487,-26.9073,1009.43) (-80.2043,-70.1205,1012.57)
  f[0][20] pts=2 (-96.7747,3.2241,1094.11) (-121.73,-39.9891,1097.24)
  f[0][21] pts=2 (-96.7747,3.2241,1094.11) (-121.73,-39.9891,1097.24)
  f[0][22] pts=2 (-138.301,33.3555,1178.78) (-163.256,-9.85766,1181.92)
  f[0][23] pts=2 (-138.301,33.3555,1178.78) (-163.256,-9.85766,1181.92)
  f[0][24] pts=2 (-179.826,63.487,1263.46) (-204.782,20.2738,1266.6)
  f[0][25] pts=2 (-179.826,63.487,1263.46) (-204.782,20.2738,1266.6)
  f[0][26] pts=2 (-221.352,93.6184,1348.14) (-246.308,50.4052,1351.28)
  f[0][27] pts=2 (-221.352,93.6184,1348.14) (-246.308,50.4052,1351.28)
  f[0][28] pts=2 (-262.878,123.75,1432.82) (-287.834,80.5366,1435.96)
  f[0][29] pts=2 (-262.878,123.75,1432.82) (-287.834,80.5366,1435.96)
  f[0][30] pts=2 (-304.404,153.881,1517.5) (-329.36,110.668,1520.64)
  f[0][31] pts=2 (-304.404,153.881,1517.5) (-329.36,110.668,1520.64)
  f[0][32] pts=2 (-345.93,184.013,1602.18) (-370.886,140.799,1605.32)
  f[0][33] pts=2 (-345.93,184.013,1602.18) (-370.886,140.799,1605.32)
  f[0][34] pts=2 (-387.456,214.144,1686.86) (-412.412,170.931,1689.99)
  f[0][35] pts=2 (-387.456,214.144,1686.86) (-412.412,170.931,1689.99)
  f[0][36] pts=2 (-413.449,235.22,1770.36) (-438.404,192.007,1773.5)
  f[0][37] pts=2 (-413.449,235.22,1770.36) (-438.404,192.007,1773.5)
  f[0][38] pts=2 (-439.442,256.296,1853.87) (-464.397,213.083,1857.01)
  f[0][39] pts=2 (-439.442,256.296,1853.87) (-464.397,213.083,1857.01)
  f[0][40] pts=2 (-465.435,277.372,1937.37) (-490.39,234.159,1940.51)
  f[0][41] pts=2 (-465.435,277.372,1937.37) (-490.39,234.159,1940.51)
  f[0][42] pts=2 (-491.428,298.448,2020.88) (-516.383,255.235,2024.02)
  f[0][43] pts=2 (-491.428,298.448,2020.88) (-516.383,255.235,2024.02)
  f[0][44] pts=2 (-517.421,319.524,2104.38) (-542.376,276.311,2107.52)
  f[0][45] pts=2 (-517.421,319.524,2104.38) (-542.376,276.311,2107.52)
  f[0][46] pts=2 (-543.414,340.6,2187.89) (-568.369,297.387,2191.03)
  f[0][47] pts=2 (-543.414,340.6,2187.89) (-568.369,297.387,2191.03)
  f[0][48] pts=2 (-569.407,361.676,2271.4) (-594.362,318.463,2274.54)
  f[0][49] pts=2 (-569.407,361.676,2271.4) (-594.362,318.463,2274.54)
  f[0][50] pts=2 (-499.02,324.358,2317.25) (-523.975,281.145,2320.38)
  f[0][51] pts=2 (-499.02,324.358,2317.25) (-523.975,281.145,2320.38)
  f[0][52] pts=2 (-460.275,296.235,2238.11) (-485.231,253.022,2241.25)
  f[0][53] pts=2 (-460.275,296.235,2238.11) (-485.231,253.022,2241.25)
  f[0][54] pts=2 (-421.53,268.112,2158.97) (-446.486,224.899,2162.11)
  f[0][55] pts=2 (-421.53,268.112,2158.97) (-446.486,224.899,2162.11)
  f[0][56] pts=2 (-382.786,239.989,2079.83) (-407.741,196.776,2082.97)
  f[0][57] pts=2 (-382.786,239.989,2079.83) (-407.741,196.776,2082.97)
  f[0][58] pts=2 (-344.041,211.867,2000.7) (-368.996,168.653,2003.84)
  f[0][59] pts=2 (-344.041,211.867,2000.7) (-368.996,168.653,2003.84)
  f[0][60] pts=2 (-305.296,183.744,1921.56) (-330.252,140.531,1924.7)
  f[0][61] pts=2 (-305.296,183.744,1921.56) (-330.252,140.531,1924.7)
  f[0][62] pts=2 (-266.551,155.621,1842.42) (-291.507,112.408,1845.56)
  f[0][63] pts=2 (-266.551,155.621,1842.42) (-291.507,112.408,1845.56)
  m[1][0] pts=2 (-227.807,127.498,1763.29) (-202.851,170.711,1760.15)
  m[1][1] pts=2 (-227.807,127.498,1763.29) (-202.851,170.711,1760.15)
  m[1][2] pts=2 (-199.417,104.474,1672.01) (-174.462,147.687,1668.87)
  m[1][3] pts=2 (-199.417,104.474,1672.01) (-174.462,147.687,1668.87)
  m[1][4] pts=2 (-171.028,81.4499,1580.74) (-146.073,124.663,1577.6)
  m[1][5] pts=2 (-171.028,81.4499,1580.74) (-146.073,124.663,1577.6)
  m[1][6] pts=2 (-142.639,58.4257,1489.46) (-117.683,101.639,1486.32)
  m[1][7] pts=2 (-142.639,58.4257,1489.46) (-117.683,101.639,1486.32)
  m[1][8] pts=2 (-114.25,35.4015,1398.18) (-89.2942,78.6147,1395.05)
  m[1][9] pts=2 (-114.25,35.4015,1398.18) (-89.2942,78.6147,1395.05)
  m[1][10] pts=2 (-85.8605,12.3773,1306.91) (-60.905,55.5905,1303.77)
  m[1][11] pts=2 (-85.8605,12.3773,1306.91) (-60.905,55.5905,1303.77)
  m[1][12] pts=2 (-57.4712,-10.6469,1215.63) (-32.5157,32.5663,1212.49)
  m[1][13] pts=2 (-57.4712,-10.6469,1215.63) (-32.5157,32.5663,1212.49)
  m[1][14] pts=2 (-29.082,-33.6711,1124.36) (-4.12648,9.5421,1121.22)
  m[1][15] pts=2 (-29.082,-33.6711,1124.36) (-4.12648,9.5421,1121.22)
  m[1][16] pts=2 (-0.692754,-56.6953,1033.08) (24.2628,-13.4821,1029.94)
  m[1][17] pts=2 (-0.692754,-56.6953,1033.08) (24.2628,-13.4821,1029.94)
  m[1][18] pts=2 (-55.2487,-26.9073,1009.43) (-30.2932,16.3058,1006.29)
  m[1][19] pts=2 (-55.2487,-26.9073,1009.43) (-30.2932,16.3058,1006.29)
  m[1][20] pts=2 (-96.7747,3.2241,1094.11) (-71.8191,46.4373,1090.97)
  m[1][21] pts=2 (-96.7747,3.2241,1094.11) (-71.8191,46.4373,1090.97)
  m[1][22] pts=2 (-138.301,33.3555,1178.78) (-113.345,76.5687,1175.65)
  m[1][23] pts=2 (-138.301,33.3555,1178.78) (-113.345,76.5687,1175.65)
  m[1][24] pts=2 (-179.826,63.487,1263.46) (-154.871,106.7,1260.32)
  m[1][25] pts=2 (-179.826,63.487,1263.46) (-154.871,106.7,1260.32)
  m[1][26] pts=2 (-221.352,93.6184,1348.14) (-196.397,136.832,1345)
  m[1][27] pts=2 (-221.352,93.6184,1348.14) (-196.397,136.832,1345)
  m[1][28] pts=2 (-262.878,123.75,1432.82) (-237.923,166.963,1429.68)
  m[1][29] pts=2 (-262.878,123.75,1432.82) (-237.923,166.963,1429.68)
  m[1][30] pts=2 (-304.404,153.881,1517.5) (-279.449,197.094,1514.36)
  m[1][31] pts=2 (-304.404,153.881,1517.5) (-279.449,197.094,1514.36)
  m[1][32] pts=2 (-345.93,184.013,1602.18) (-320.975,227.226,1599.04)
  m[1][33] pts=2 (-345.93,184.013,1602.18) (-320.975,227.226,1599.04)
  m[1][34] pts=2 (-387.456,214.144,1686.86) (-362.501,257.357,1683.72)
  m[1][35] pts=2 (-387.456,214.144,1686.86) (-362.501,257.357,1683.72)
  m[1][36] pts=2 (-413.449,235.22,1770.36) (-388.493,278.433,1767.22)
  m[1][37] pts=2 (-413.449,235.22,1770.36) (-388.493,278.433,1767.22)
  m[1][38] pts=2 (-439.442,256.296,1853.87) (-414.486,299.509,1850.73)
  m[1][39] pts=2 (-439.442,256.296,1853.87) (-414.486,299.509,1850.73)
  m[1][40] pts=2 (-465.435,277.372,1937.37) (-440.479,320.585,1934.23)
  m[1][41] pts=2 (-465.435,277.372,1937.37) (-440.479,320.585,1934.23)
  m[1][42] pts=2 (-491.428,298.448,2020.88) (-466.472,341.661,2017.74)
  m[1][43] pts=2 (-491.428,298.448,2020.88) (-466.472,341.661,2017.74)
  m[1][44] pts=2 (-517.421,319.524,2104.38) (-492.465,362.737,2101.25)
  m[1][45] pts=2 (-517.421,319.524,2104.38) (-492.465,362.737,2101.25)
  m[1][46] pts=2 (-543.414,340.6,2187.89) (-518.458,383.813,2184.75)
  m[1][47] pts=2 (-543.414,340.6,2187.89) (-518.458,383.813,2184.75)
  m[1][48] pts=2 (-569.407,361.676,2271.4) (-544.451,404.889,2268.26)
  m[1][49] pts=2 (-569.407,361.676,2271.4) (-544.451,404.889,2268.26)
  m[1][50] pts=2 (-499.02,324.358,2317.25) (-474.064,367.571,2314.11)
  m[1][51] pts=2 (-499.02,324.358,2317.25) (-474.064,367.571,2314.11)
  m[1][52] pts=2 (-460.275,296.235,2238.11) (-435.32,339.448,2234.97)
  m[1][53] pts=2 (-460.275,296.235,2238.11) (-435.32,339.448,2234.97)
  m[1][54] pts=2 (-421.53,268.112,2158.97) (-396.575,311.325,2155.83)
  m[1][55] pts=2 (-421.53,268.112,2158.97) (-396.575,311.325,2155.83)
  m[1][56] pts=2 (-382.786,239.989,2079.83) (-357.83,283.203,2076.7)
  m[1][57] pts=2 (-382.786,239.989,2079.83) (-357.83,283.203,2076.7)
  m[1][58] pts=2 (-344.041,211.867,2000.7) (-319.085,255.08,1997.56)
  m[1][59] pts=2 (-344.041,211.867,2000.7) (-319.085,255.08,1997.56)
  m[1][60] pts=2 (-305.296,183.744,1921.56) (-280.341,226.957,1918.42)
  m[1][61] pts=2 (-305.296,183.744,1921.56) (-280.341,226.957,1918.42)
  m[1][62] pts=2 (-266.551,155.621,1842.42) (-241.596,198.834,1839.29)
  m[1][63] pts=2 (-266.551,155.621,1842.42) (-241.596,198.834,1839.29)
  f[1][0] pts=2 (-227.807,127.498,1763.29) (-252.762,84.285,1766.43)
  f[1][1] pts=2 (-227.807,127.498,1763.29) (-252.762,84.285,1766.43)
  f[1][2] pts=2 (-199.417,104.474,1672.01) (-224.373,61.2608,1675.15)
  f[1][3] pts=2 (-199.417,104.474,1672.01) (-224.373,61.2608,1675.15)
  f[1][4] pts=2 (-171.028,81.4499,1580.74) (-195.984,38.2367,1583.87)
  f[1][5] pts=2 (-171.028,81.4499,1580.74) (-195.984,38.2367,1583.87)
  f[1][6] pts=2 (-142.639,58.4257,1489.46) (-167.594,15.2125,1492.6)
  f[1][7] pts=2 (-142.639,58.4257,1489.46) (-167.594,15.2125,1492.6)
  f[1][8] pts=2 (-114.25,35.4015,1398.18) (-139.205,-7.81171,1401.32)
  f[1][9] pts=2 (-114.25,35.4015,1398.18) (-139.205,-7.81171,1401.32)
  f[1][10] pts=2 (-85.8605,12.3773,1306.91) (-110.816,-30.8359,1310.05)
  f[1][11] pts=2 (-85.8605,12.3773,1306.91) (-110.816,-30.8359,1310.05)
  f[1][12] pts=2 (-57.4712,-10.6469,1215.63) (-82.4268,-53.8601,1218.77)
  f[1][13] pts=2 (-57.4712,-10.6469,1215.63) (-82.4268,-53.8601,1218.77)
  f[1][14] pts=2 (-29.082,-33.6711,1124.36) (-54.0375,-76.8843,1127.5)
  f[1][15] pts=2 (-29.082,-33.6711,1124.36) (-54.0375,-76.8843,1127.5)
  f[1][16] pts=2 (-0.692754,-56.6953,1033.08) (-25.6483,-99.9084,1036.22)
  f[1][17] pts=2 (-0.692754,-56.6953,1033.08) (-25.6483,-99.9084,1036.22)
  f[1][18] pts=2 (-55.2487,-26.9073,1009.43) (-80.2043,-70.1205,1012.57)
  f[1][19] pts=2 (-55.2487,-26.9073,1009.43) (-80.2043,-70.1205,1012.57)
  f[1][20] pts=2 (-96.7747,3.2241,1094.11) (-121.73,-39.9891,1097.24)
  f[1][21] pts=2 (-96.7747,3.2241,1094.11) (-121.73,-39.9891,1097.24)
  f[1][22] pts=2 (-138.301,33.3555,1178.78) (-163.256,-9.85766,1181.92)
  f[1][23] pts=2 (-138.301,33.3555,1178.78) (-163.256,-9.85766,1181.92)
  f[1][24] pts=2 (-179.826,63.487,1263.46) (-204.782,20.2738,1266.6)
  f[1][25] pts=2 (-179.826,63.487,1263.46) (-204.782,20.2738,1266.6)
  f[1][26] pts=2 (-221.352,93.6184,1348.14) (-246.308,50.4052,1351.28)
  f[1][27] pts=2 (-221.352,93.6184,1348.14) (-246.308,50.4052,1351.28)
  f[1][28] pts=2 (-262.878,123.75,1432.82) (-287.834,80.5366,1435.96)
  f[1][29] pts=2 (-262.878,123.75,1432.82) (-287.834,80.5366,1435.96)
  f[1][30] pts=2 (-304.404,153.881,1517.5) (-329.36,110.668,1520.64)
  f[1][31] pts=2 (-304.404,153.881,1517.5) (-329.36,110.668,1520.64)
  f[1][32] pts=2 (-345.93,184.013,1602.18) (-370.886,140.799,1605.32)
  f[1][33] pts=2 (-345.93,184.013,1602.18) (-370.886,140.799,1605.32)
  f[1][34] pts=2 (-387.456,214.144,1686.86) (-412.412,170.931,1689.99)
  f[1][35] pts=2 (-387.456,214.144,1686.86) (-412.412,170.931,1689.99)
  f[1][36] pts=2 (-413.449,235.22,1770.36) (-438.404,192.007,1773.5)
  f[1][37] pts=2 (-413.449,235.22,1770.36) (-438.404,192.007,1773.5)
  f[1][38] pts=2 (-439.442,256.296,1853.87) (-464.397,213.083,1857.01)
  f[1][39] pts=2 (-439.442,256.296,1853.87) (-464.397,213.083,1857.01)
  f[1][40] pts=2 (-465.435,277.372,1937.37) (-490.39,234.159,1940.51)
  f[1][41] pts=2 (-465.435,277.372,1937.37) (-490.39,234.159,1940.51)
  f[1][42] pts=2 (-491.428,298.448,2020.88) (-516.383,255.235,2024.02)
  f[1][43] pts=2 (-491.428,298.448,2020.88) (-516.383,255.235,2024.02)
  f[1][44] pts=2 (-517.421,319.524,2104.38) (-542.376,276.311,2107.52)
  f[1][45] pts=2 (-517.421,319.524,2104.38) (-542.376,276.311,2107.52)
  f[1][46] pts=2 (-543.414,340.6,2187.89) (-568.369,297.387,2191.03)
  f[1][47] pts=2 (-543.414,340.6,2187.89) (-568.369,297.387,2191.03)
  f[1][48] pts=2 (-569.407,361.676,2271.4) (-594.362,318.463,2274.54)
  f[1][49] pts=2 (-569.407,361.676,2271.4) (-594.362,318.463,2274.54)
  f[1][50] pts=2 (-499.02,324.358,2317.25) (-523.975,281.145,2320.38)
  f[1][51] pts=2 (-499.02,324.358,2317.25) (-523.975,281.145,2320.38)
  f[1][52] pts=2 (-460.275,296.235,2238.11) (-485.231,253.022,2241.25)
  f[1][53] pts=2 (-460.275,296.235,2238.11) (-485.231,253.022,2241.25)
  f[1][54] pts=2 (-421.53,268.112,2158.97) (-446.486,224.899,2162.11)
  f[1][55] pts=2 (-421.53,268.112,2158.97) (-446.486,224.899,2162.11)
  f[1][56] pts=2 (-382.786,239.989,2079.83) (-407.741,196.776,2082.97)
  f[1][57] pts=2 (-382.786,239.989,2079.83) (-407.741,196.776,2082.97)
  f[1][58] pts=2 (-344.041,211.867,2000.7) (-368.996,168.653,2003.84)
  f[1][59] pts=2 (-344.041,211.867,2000.7) (-368.996,168.653,2003.84)
  f[1][60] pts=2 (-305.296,183.744,1921.56) (-330.252,140.531,1924.7)
  f[1][61] pts=2 (-305.296,183.744,1921.56) (-330.252,140.531,1924.7)
  f[1][62] pts=2 (-266.551,155.621,1842.42) (-291.507,112.408,1845.56)
  f[1][63] pts=2 (-266.551,155.621,1842.42) (-291.507,112.408,1845.56)
joint 45 type=20 v0=24 v1=13 f0_0=5 f1_0=1 name=ts_e_p_2 orient=1 div=4 shift=0.5
  jv[0] pts=5 (-787.938,436.521,2360.84) (-825.954,456.602,2335.05) (-803.779,501.284,2330.03) (-765.764,481.203,2355.81) (-787.938,436.521,2360.84)
  jv[1] pts=5 (-74.6826,-81.021,906.387) (-112.698,-60.9402,880.599) (-90.5237,-16.2581,875.574) (-52.508,-36.3388,901.362) (-74.6826,-81.021,906.387)
  m[0][0] pts=8 (-683.303,353.093,2044.16) (-661.128,397.775,2039.14) (-518.477,294.267,1748.24) (-540.652,249.585,1753.27) (-398.001,146.077,1462.38) (-375.826,190.759,1457.35) (-233.175,87.2503,1166.46) (-255.349,42.5681,1171.49)
  m[0][1] pts=2 (-683.303,353.093,2044.16) (-255.349,42.5681,1171.49)
  f[0][0] pts=5 (-683.303,353.093,2044.16) (-540.652,249.585,1753.27) (-502.636,229.504,1779.06) (-645.287,333.013,2069.95) (-683.303,353.093,2044.16)
  f[0][1] pts=5 (-398.001,146.077,1462.38) (-255.349,42.5681,1171.49) (-217.334,22.4874,1197.28) (-359.985,125.996,1488.17) (-398.001,146.077,1462.38)
  f[0][2] pts=5 (-683.303,353.093,2044.16) (-645.287,333.013,2069.95) (-359.985,125.996,1488.17) (-398.001,146.077,1462.38) (-683.303,353.093,2044.16)
  m[1][0] pts=8 (-645.287,333.013,2069.95) (-623.113,377.695,2064.92) (-480.461,274.186,1774.03) (-502.636,229.504,1779.06) (-359.985,125.996,1488.17) (-337.81,170.678,1483.14) (-195.159,67.1696,1192.25) (-217.334,22.4874,1197.28)
  m[1][1] pts=2 (-645.287,333.013,2069.95) (-217.334,22.4874,1197.28)
  f[1][0] pts=5 (-661.128,397.775,2039.14) (-518.477,294.267,1748.24) (-480.461,274.186,1774.03) (-623.113,377.695,2064.92) (-661.128,397.775,2039.14)
  f[1][1] pts=5 (-375.826,190.759,1457.35) (-233.175,87.2503,1166.46) (-195.159,67.1696,1192.25) (-337.81,170.678,1483.14) (-375.826,190.759,1457.35)
  f[1][2] pts=5 (-661.128,397.775,2039.14) (-623.113,377.695,2064.92) (-337.81,170.678,1483.14) (-375.826,190.759,1457.35) (-661.128,397.775,2039.14)
joint 46 type=20 v0=25 v1=13 f0_0=5 f1_0=1 name=ts_e_p_2 orient=1 div=4 shift=0.5
  jv[0] pts=5 (-519.769,293.599,2525.3) (-557.796,313.689,2499.54) (-535.584,358.352,2494.55) (-497.556,338.262,2520.31) (-519.769,293.599,2525.3)
  jv[1] pts=5 (211.984,-237.542,1030.68) (173.957,-217.452,1004.92) (196.169,-172.79,999.927) (234.196,-192.879,1025.68) (211.984,-237.542,1030.68)
  m[0][0] pts=8 (-411.445,207.461,2200.62) (-389.233,252.123,2195.62) (-242.883,145.895,1896.7) (-265.095,101.233,1901.7) (-118.744,-4.99555,1602.77) (-96.532,39.6669,1597.78) (49.8186,-66.5614,1298.85) (27.6062,-111.224,1303.85)
  m[0][1] pts=2 (-411.445,207.461,2200.62) (27.6062,-111.224,1303.85)
  f[0][0] pts=5 (-411.445,207.461,2200.62) (-265.095,101.233,1901.7) (-227.068,81.1429,1927.45) (-373.418,187.371,2226.38) (-411.445,207.461,2200.62)
  f[0][1] pts=5 (-118.744,-4.99555,1602.77) (27.6062,-111.224,1303.85) (65.6334,-131.314,1329.61) (-80.7172,-25.0853,1628.53) (-118.744,-4.99555,1602.77)
  f[0][2] pts=5 (-411.445,207.461,2200.62) (-373.418,187.371,2226.38) (-80.7172,-25.0853,1628.53) (-118.744,-4.99555,1602.77) (-411.445,207.461,2200.62)
  m[1][0] pts=8 (-373.418,187.371,2226.38) (-351.206,232.034,2221.38) (-204.855,125.805,1922.46) (-227.068,81.1429,1927.45) (-80.7172,-25.0853,1628.53) (-58.5048,19.5771,1623.53) (87.8458,-86.6512,1324.61) (65.6334,-131.314,1329.61)
  m[1][1] pts=2 (-373.418,187.371,2226.38) (65.6334,-131.314,1329.61)
  f[1][0] pts=5 (-389.233,252.123,2195.62) (-242.883,145.895,1896.7) (-204.855,125.805,1922.46) (-351.206,232.034,2221.38) (-389.233,252.123,2195.62)
  f[1][1] pts=5 (-96.532,39.6669,1597.78) (49.8186,-66.5614,1298.85) (87.8458,-86.6512,1324.61) (-58.5048,19.5771,1623.53) (-96.532,39.6669,1597.78)
  f[1][2] pts=5 (-389.233,252.123,2195.62) (-351.206,232.034,2221.38) (-58.5048,19.5771,1623.53) (-96.532,39.6669,1597.78) (-389.233,252.123,2195.62)
joint 47 type=20 v0=14 v1=15 f0_0=5 f1_0=0 name=ts_e_p_2 orient=1 div=4 shift=0.5
  jv[0] pts=5 (-357.539,317.766,2555.13) (-398.847,340.276,2536.6) (-417.677,293.725,2542.49) (-376.369,271.215,2561.01) (-357.539,317.766,2555.13)
  jv[1] pts=5 (149.06,-93.097,926.329) (107.753,-70.5869,907.803) (88.9231,-117.138,913.689) (130.231,-139.648,932.215) (149.06,-93.097,926.329)
  m[0][0] pts=8 (-297.527,258.104,2210.84) (-316.357,211.552,2216.73) (-215.037,129.38,1890.97) (-196.207,175.931,1885.08) (-94.8872,93.7583,1559.32) (-113.717,47.207,1565.21) (-12.3969,-34.9656,1239.45) (6.43276,11.5857,1233.56)
  m[0][1] pts=2 (-297.527,258.104,2210.84) (6.43276,11.5857,1233.56)
  f[0][0] pts=5 (-297.527,258.104,2210.84) (-196.207,175.931,1885.08) (-154.9,153.421,1903.61) (-256.219,235.593,2229.37) (-297.527,258.104,2210.84)
  f[0][1] pts=5 (-94.8872,93.7583,1559.32) (6.43276,11.5857,1233.56) (47.7405,-10.9243,1252.09) (-53.5795,71.2483,1577.85) (-94.8872,93.7583,1559.32)
  f[0][2] pts=5 (-297.527,258.104,2210.84) (-256.219,235.593,2229.37) (-53.5795,71.2483,1577.85) (-94.8872,93.7583,1559.32) (-297.527,258.104,2210.84)
  m[1][0] pts=8 (-256.219,235.593,2229.37) (-275.049,189.042,2235.25) (-173.729,106.87,1909.49) (-154.9,153.421,1903.61) (-53.5795,71.2483,1577.85) (-72.4092,24.697,1583.73) (28.9108,-57.4756,1257.97) (47.7405,-10.9243,1252.09)
  m[1][1] pts=2 (-256.219,235.593,2229.37) (47.7405,-10.9243,1252.09)
  f[1][0] pts=5 (-316.357,211.552,2216.73) (-215.037,129.38,1890.97) (-173.729,106.87,1909.49) (-275.049,189.042,2235.25) (-316.357,211.552,2216.73)
  f[1][1] pts=5 (-113.717,47.207,1565.21) (-12.3969,-34.9656,1239.45) (28.9108,-57.4756,1257.97) (-72.4092,24.697,1583.73) (-113.717,47.207,1565.21)
  f[1][2] pts=5 (-316.357,211.552,2216.73) (-275.049,189.042,2235.25) (-72.4092,24.697,1583.73) (-113.717,47.207,1565.21) (-316.357,211.552,2216.73)
joint 48 type=20 v0=14 v1=16 f0_0=4 f1_0=1 name=ts_e_p_2 orient=1 div=1 shift=0.5
  jv[0] pts=5 (-305.386,463.425,2553.61) (-346.87,477.806,2528.33) (-363.135,485.423,2575.7) (-321.652,471.043,2600.98) (-305.386,463.425,2553.61)
  jv[1] pts=5 (-357.452,321.831,2558.5) (-398.935,336.211,2533.23) (-415.201,343.829,2580.59) (-373.717,329.448,2605.87) (-357.452,321.831,2558.5)
  m[0][0] pts=4 (-364.225,430.608,2529.96) (-380.49,438.225,2577.33) (-397.846,391.027,2578.96) (-381.58,383.409,2531.6)
  m[0][1] pts=2 (-364.225,430.608,2529.96) (-381.58,383.409,2531.6)
  f[0][0] pts=5 (-364.225,430.608,2529.96) (-381.58,383.409,2531.6) (-340.097,369.029,2556.87) (-322.741,416.227,2555.24) (-364.225,430.608,2529.96)
  f[0][1] pts=5 (-364.225,430.608,2529.96) (-322.741,416.227,2555.24) (-322.741,416.227,2555.24) (-364.225,430.608,2529.96) (-364.225,430.608,2529.96)
  m[1][0] pts=4 (-322.741,416.227,2555.24) (-339.007,423.845,2602.61) (-356.362,376.647,2604.24) (-340.097,369.029,2556.87)
  m[1][1] pts=2 (-322.741,416.227,2555.24) (-340.097,369.029,2556.87)
  f[1][0] pts=5 (-380.49,438.225,2577.33) (-397.846,391.027,2578.96) (-356.362,376.647,2604.24) (-339.007,423.845,2602.61) (-380.49,438.225,2577.33)
  f[1][1] pts=5 (-380.49,438.225,2577.33) (-339.007,423.845,2602.61) (-339.007,423.845,2602.61) (-380.49,438.225,2577.33) (-380.49,438.225,2577.33)
joint 49 type=20 v0=14 v1=17 f0_0=3 f1_0=0 name=ts_e_p_2 orient=1 div=4 shift=0.5
  jv[0] pts=5 (275.709,246.125,909.829) (233.536,267.151,892.152) (250.403,314.57,891.937) (292.576,293.544,909.615) (275.709,246.125,909.829)
  jv[1] pts=5 (-305.041,460.103,2549.81) (-347.214,481.128,2532.13) (-330.347,528.547,2531.92) (-288.175,507.522,2549.59) (-305.041,460.103,2549.81)
  m[0][0] pts=8 (117.386,309.946,1220.15) (134.253,357.365,1219.93) (18.1028,400.161,1547.93) (1.23624,352.742,1548.14) (-114.914,395.537,1876.14) (-98.0473,442.956,1875.93) (-214.197,485.752,2203.92) (-231.064,438.333,2204.14)
  m[0][1] pts=2 (117.386,309.946,1220.15) (-231.064,438.333,2204.14)
  f[0][0] pts=5 (117.386,309.946,1220.15) (1.23624,352.742,1548.14) (43.4089,331.716,1565.82) (159.559,288.921,1237.83) (117.386,309.946,1220.15)
  f[0][1] pts=5 (-114.914,395.537,1876.14) (-231.064,438.333,2204.14) (-188.891,417.307,2221.81) (-72.7412,374.512,1893.82) (-114.914,395.537,1876.14)
  f[0][2] pts=5 (117.386,309.946,1220.15) (159.559,288.921,1237.83) (-72.7412,374.512,1893.82) (-114.914,395.537,1876.14) (117.386,309.946,1220.15)
  m[1][0] pts=8 (159.559,288.921,1237.83) (176.426,336.34,1237.61) (60.2754,379.135,1565.61) (43.4089,331.716,1565.82) (-72.7412,374.512,1893.82) (-55.8746,421.931,1893.6) (-172.025,464.726,2221.6) (-188.891,417.307,2221.81)
  m[1][1] pts=2 (159.559,288.921,1237.83) (-188.891,417.307,2221.81)
  f[1][0] pts=5 (134.253,357.365,1219.93) (18.1028,400.161,1547.93) (60.2754,379.135,1565.61) (176.426,336.34,1237.61) (134.253,357.365,1219.93)
  f[1][1] pts=5 (-98.0473,442.956,1875.93) (-214.197,485.752,2203.92) (-172.025,464.726,2221.6) (-55.8746,421.931,1893.6) (-98.0473,442.956,1875.93)
  f[1][2] pts=5 (134.253,357.365,1219.93) (176.426,336.34,1237.61) (-55.8746,421.931,1893.6) (-98.0473,442.956,1875.93) (134.253,357.365,1219.93)
joint 50 type=11 v0=16 v1=15 f0_0=5 f1_0=3 name=ss_e_op_1 orient=1 div=3 shift=0.5
  jv[0] pts=5 (-395.412,285.369,2604.48) (-372.736,330.251,2606.2) (-352.327,315.307,2562.71) (-375.004,270.424,2560.99) (-395.412,285.369,2604.48)
  jv[1] pts=5 (-703.687,448.813,2403.68) (-681.011,493.695,2405.39) (-660.603,478.75,2361.9) (-683.279,433.868,2360.18) (-703.687,448.813,2403.68)
  m[0][0] pts=8 (-457.067,318.058,2564.32) (-434.391,362.94,2566.04) (-496.046,395.629,2525.88) (-518.722,350.747,2524.16) (-580.377,383.435,2484) (-557.701,428.318,2485.72) (-619.356,461.006,2445.56) (-642.032,416.124,2443.84)
  m[0][1] pts=2 (-457.067,318.058,2564.32) (-642.032,416.124,2443.84)
  f[0][0] pts=8 (-413.982,347.995,2522.55) (-434.391,362.94,2566.04) (-496.046,395.629,2525.88) (-475.638,380.684,2482.39) (-537.293,413.373,2442.22) (-557.701,428.318,2485.72) (-619.356,461.006,2445.56) (-598.948,446.062,2402.06)
  f[0][1] pts=2 (-413.982,347.995,2522.55) (-598.948,446.062,2402.06)
  m[1][0] pts=8 (-436.659,303.113,2520.83) (-413.982,347.995,2522.55) (-475.638,380.684,2482.39) (-498.314,335.802,2480.67) (-559.969,368.491,2440.51) (-537.293,413.373,2442.22) (-598.948,446.062,2402.06) (-621.624,401.179,2400.34)
  m[1][1] pts=2 (-436.659,303.113,2520.83) (-621.624,401.179,2400.34)
  f[1][0] pts=8 (-436.659,303.113,2520.83) (-457.067,318.058,2564.32) (-518.722,350.747,2524.16) (-498.314,335.802,2480.67) (-559.969,368.491,2440.51) (-580.377,383.435,2484) (-642.032,416.124,2443.84) (-621.624,401.179,2400.34)
  f[1][1] pts=2 (-436.659,303.113,2520.83) (-621.624,401.179,2400.34)
joint 51 type=11 v0=17 v1=16 f0_0=5 f1_0=3 name=ss_e_op_1 orient=1 div=3 shift=0.5
  jv[0] pts=5 (-305.969,514.095,2599.41) (-282.784,504.663,2556.12) (-304.728,459.752,2554.8) (-327.913,469.184,2598.08) (-305.969,514.095,2599.41)
  jv[1] pts=5 (-616.71,671.851,2398.6) (-593.525,662.419,2355.31) (-615.47,617.507,2353.99) (-638.655,626.94,2397.27) (-616.71,671.851,2398.6)
  m[0][0] pts=8 (-368.117,545.647,2559.25) (-344.932,536.214,2515.96) (-407.081,567.765,2475.8) (-430.265,577.198,2519.09) (-492.414,608.749,2478.92) (-469.229,599.316,2435.64) (-531.377,630.868,2395.47) (-554.562,640.3,2438.76)
  m[0][1] pts=2 (-368.117,545.647,2559.25) (-554.562,640.3,2438.76)
  f[0][0] pts=8 (-366.877,491.303,2514.64) (-344.932,536.214,2515.96) (-407.081,567.765,2475.8) (-429.025,522.854,2474.47) (-491.173,554.405,2434.31) (-469.229,599.316,2435.64) (-531.377,630.868,2395.47) (-553.321,585.956,2394.15)
  f[0][1] pts=2 (-366.877,491.303,2514.64) (-553.321,585.956,2394.15)
  m[1][0] pts=8 (-390.061,500.735,2557.92) (-366.877,491.303,2514.64) (-429.025,522.854,2474.47) (-452.21,532.286,2517.76) (-514.358,563.838,2477.6) (-491.173,554.405,2434.31) (-553.321,585.956,2394.15) (-576.506,595.389,2437.44)
  m[1][1] pts=2 (-390.061,500.735,2557.92) (-576.506,595.389,2437.44)
  f[1][0] pts=8 (-390.061,500.735,2557.92) (-368.117,545.647,2559.25) (-430.265,577.198,2519.09) (-452.21,532.286,2517.76) (-514.358,563.838,2477.6) (-492.414,608.749,2478.92) (-554.562,640.3,2438.76) (-576.506,595.389,2437.44)
  f[1][1] pts=2 (-390.061,500.735,2557.92) (-576.506,595.389,2437.44)
joint 52 type=11 v0=21 v1=20 f0_0=5 f1_0=3 name=ss_e_op_1 orient=1 div=3 shift=0.5
  jv[0] pts=5 (833.112,-72.5142,-778.168) (844.659,-72.3252,-827.33) (821.472,-117.158,-825.656) (809.925,-117.347,-776.494) (833.112,-72.5142,-778.168)
  jv[1] pts=5 (482.6,105.717,-859.811) (494.147,105.906,-908.973) (470.96,61.0738,-907.3) (459.413,60.8848,-858.138) (482.6,105.717,-859.811)
  m[0][0] pts=8 (763.009,-36.8678,-794.496) (774.556,-36.6789,-843.658) (704.454,-1.03257,-859.987) (692.907,-1.22153,-810.825) (622.804,34.4248,-827.154) (634.352,34.6138,-876.316) (564.249,70.2601,-892.645) (552.702,70.0711,-843.482)
  m[0][1] pts=2 (763.009,-36.8678,-794.496) (552.702,70.0711,-843.482)
  f[0][0] pts=8 (751.37,-81.5115,-841.985) (774.556,-36.6789,-843.658) (704.454,-1.03257,-859.987) (681.267,-45.8652,-858.314) (611.165,-10.2188,-874.643) (634.352,34.6138,-876.316) (564.249,70.2601,-892.645) (541.063,25.4275,-890.971)
  f[0][1] pts=2 (751.37,-81.5115,-841.985) (541.063,25.4275,-890.971)
  m[1][0] pts=8 (739.823,-81.7004,-792.823) (751.37,-81.5115,-841.985) (681.267,-45.8652,-858.314) (669.72,-46.0541,-809.152) (599.618,-10.4078,-825.481) (611.165,-10.2188,-874.643) (541.063,25.4275,-890.971) (529.515,25.2385,-841.809)
  m[1][1] pts=2 (739.823,-81.7004,-792.823) (529.515,25.2385,-841.809)
  f[1][0] pts=8 (739.823,-81.7004,-792.823) (763.009,-36.8678,-794.496) (692.907,-1.22153,-810.825) (669.72,-46.0541,-809.152) (599.618,-10.4078,-825.481) (622.804,34.4248,-827.154) (552.702,70.0711,-843.482) (529.515,25.2385,-841.809)
  f[1][1] pts=2 (739.823,-81.7004,-792.823) (529.515,25.2385,-841.809)
joint 53 type=20 v0=22 v1=20 f0_0=2 f1_0=1 name=ts_e_p_2 orient=1 div=1 shift=0.5
  jv[0] pts=5 (459.648,-92.8828,-889.984) (413.599,-74.4054,-900.093) (412.59,-71.2136,-849.568) (458.639,-89.691,-839.459) (459.648,-92.8828,-889.984)
  jv[1] pts=5 (515.037,41.1298,-897.345) (468.988,59.6071,-907.453) (467.979,62.7989,-856.928) (514.028,44.3215,-846.82) (515.037,41.1298,-897.345)
  m[0][0] pts=4 (432.062,-29.7345,-902.546) (431.053,-26.5428,-852.021) (449.516,18.1281,-854.475) (450.525,14.9363,-905)
  m[0][1] pts=2 (432.062,-29.7345,-902.546) (450.525,14.9363,-905)
  f[0][0] pts=5 (432.062,-29.7345,-902.546) (450.525,14.9363,-905) (496.574,-3.54108,-894.891) (478.111,-48.2119,-892.438) (432.062,-29.7345,-902.546)
  f[0][1] pts=5 (432.062,-29.7345,-902.546) (478.111,-48.2119,-892.438) (478.111,-48.2119,-892.438) (432.062,-29.7345,-902.546) (432.062,-29.7345,-902.546)
  m[1][0] pts=4 (478.111,-48.2119,-892.438) (477.102,-45.0202,-841.913) (495.565,-0.349316,-844.366) (496.574,-3.54108,-894.891)
  m[1][1] pts=2 (478.111,-48.2119,-892.438) (496.574,-3.54108,-894.891)
  f[1][0] pts=5 (431.053,-26.5428,-852.021) (449.516,18.1281,-854.475) (495.565,-0.349316,-844.366) (477.102,-45.0202,-841.913) (431.053,-26.5428,-852.021)
  f[1][1] pts=5 (431.053,-26.5428,-852.021) (477.102,-45.0202,-841.913) (477.102,-45.0202,-841.913) (431.053,-26.5428,-852.021) (431.053,-26.5428,-852.021)
joint 54 type=20 v0=23 v1=20 f0_0=3 f1_0=1 name=ts_e_p_2 orient=1 div=1 shift=0.5
  jv[0] pts=5 (762.117,-252.769,-818.768) (716.097,-234.237,-828.879) (715.048,-231.039,-778.362) (761.067,-249.572,-768.251) (762.117,-252.769,-818.768)
  jv[1] pts=5 (819.734,-113.84,-826.364) (773.715,-95.3075,-836.475) (772.665,-92.1101,-785.958) (818.685,-110.643,-775.847) (819.734,-113.84,-826.364)
  m[0][0] pts=4 (735.303,-187.927,-831.411) (734.254,-184.73,-780.894) (753.459,-138.42,-783.426) (754.509,-141.617,-833.943)
  m[0][1] pts=2 (735.303,-187.927,-831.411) (754.509,-141.617,-833.943)
  f[0][0] pts=5 (735.303,-187.927,-831.411) (754.509,-141.617,-833.943) (800.528,-160.15,-823.832) (781.323,-206.459,-821.3) (735.303,-187.927,-831.411)
  f[0][1] pts=5 (735.303,-187.927,-831.411) (781.323,-206.459,-821.3) (781.323,-206.459,-821.3) (735.303,-187.927,-831.411) (735.303,-187.927,-831.411)
  m[1][0] pts=4 (781.323,-206.459,-821.3) (780.273,-203.262,-770.783) (799.479,-156.952,-773.315) (800.528,-160.15,-823.832)
  m[1][1] pts=2 (781.323,-206.459,-821.3) (800.528,-160.15,-823.832)
  f[1][0] pts=5 (734.254,-184.73,-780.894) (753.459,-138.42,-783.426) (799.479,-156.952,-773.315) (780.273,-203.262,-770.783) (734.254,-184.73,-780.894)
  f[1][1] pts=5 (734.254,-184.73,-780.894) (780.273,-203.262,-770.783) (780.273,-203.262,-770.783) (734.254,-184.73,-780.894) (734.254,-184.73,-780.894)
joint 55 type=20 v0=22 v1=21 f0_0=5 f1_0=1 name=ts_e_p_2 orient=1 div=4 shift=0.5
  jv[0] pts=5 (514.529,39.4279,-901.499) (469.497,61.31,-903.299) (488.232,107.49,-898.175) (533.264,85.6083,-896.375) (514.529,39.4279,-901.499)
  jv[1] pts=5 (647.818,173.913,-2600.9) (602.786,195.795,-2602.71) (621.521,241.975,-2597.58) (666.553,220.093,-2595.78) (647.818,173.913,-2600.9)
  m[0][0] pts=8 (496.155,88.207,-1243.18) (514.89,134.387,-1238.06) (541.548,161.284,-1577.94) (522.813,115.104,-1583.06) (549.471,142.001,-1922.94) (568.206,188.181,-1917.82) (594.864,215.078,-2257.7) (576.128,168.898,-2262.82)
  m[0][1] pts=2 (496.155,88.207,-1243.18) (576.128,168.898,-2262.82)
  f[0][0] pts=5 (496.155,88.207,-1243.18) (522.813,115.104,-1583.06) (567.844,93.2219,-1581.26) (541.187,66.3249,-1241.38) (496.155,88.207,-1243.18)
  f[0][1] pts=5 (549.471,142.001,-1922.94) (576.128,168.898,-2262.82) (621.16,147.016,-2261.02) (594.502,120.119,-1921.14) (549.471,142.001,-1922.94)
  f[0][2] pts=5 (496.155,88.207,-1243.18) (541.187,66.3249,-1241.38) (594.502,120.119,-1921.14) (549.471,142.001,-1922.94) (496.155,88.207,-1243.18)
  m[1][0] pts=8 (541.187,66.3249,-1241.38) (559.922,112.505,-1236.26) (586.58,139.402,-1576.14) (567.844,93.2219,-1581.26) (594.502,120.119,-1921.14) (613.237,166.299,-1916.02) (639.895,193.196,-2255.9) (621.16,147.016,-2261.02)
  m[1][1] pts=2 (541.187,66.3249,-1241.38) (621.16,147.016,-2261.02)
  f[1][0] pts=5 (514.89,134.387,-1238.06) (541.548,161.284,-1577.94) (586.58,139.402,-1576.14) (559.922,112.505,-1236.26) (514.89,134.387,-1238.06)
  f[1][1] pts=5 (568.206,188.181,-1917.82) (594.864,215.078,-2257.7) (639.895,193.196,-2255.9) (613.237,166.299,-1916.02) (568.206,188.181,-1917.82)
  f[1][2] pts=5 (514.89,134.387,-1238.06) (559.922,112.505,-1236.26) (613.237,166.299,-1916.02) (568.206,188.181,-1917.82) (514.89,134.387,-1238.06)
joint 56 type=20 v0=23 v1=21 f0_0=2 f1_0=1 name=ts_e_p_2 orient=1 div=4 shift=0.5
  jv[0] pts=5 (819.237,-115.516,-830.496) (774.212,-93.6312,-832.344) (792.996,-47.4742,-827.221) (838.021,-69.3592,-825.373) (819.237,-115.516,-830.496)
  jv[1] pts=5 (958.216,22.4323,-2582.96) (913.191,44.3172,-2584.81) (931.975,90.4742,-2579.68) (977,68.5893,-2577.84) (958.216,22.4323,-2582.96)
  m[0][0] pts=8 (802.008,-66.0415,-1182.84) (820.792,-19.8845,-1177.71) (848.588,7.70518,-1528.21) (829.803,-38.4518,-1533.33) (857.599,-10.8621,-1883.82) (876.383,35.2949,-1878.7) (904.179,62.8846,-2229.19) (885.395,16.7275,-2234.31)
  m[0][1] pts=2 (802.008,-66.0415,-1182.84) (885.395,16.7275,-2234.31)
  f[0][0] pts=5 (802.008,-66.0415,-1182.84) (829.803,-38.4518,-1533.33) (874.828,-60.3368,-1531.48) (847.033,-87.9265,-1180.99) (802.008,-66.0415,-1182.84)
  f[0][1] pts=5 (857.599,-10.8621,-1883.82) (885.395,16.7275,-2234.31) (930.42,-5.15744,-2232.47) (902.624,-32.7471,-1881.97) (857.599,-10.8621,-1883.82)
  f[0][2] pts=5 (802.008,-66.0415,-1182.84) (847.033,-87.9265,-1180.99) (902.624,-32.7471,-1881.97) (857.599,-10.8621,-1883.82) (802.008,-66.0415,-1182.84)
  m[1][0] pts=8 (847.033,-87.9265,-1180.99) (865.817,-41.7695,-1175.87) (893.612,-14.1798,-1526.36) (874.828,-60.3368,-1531.48) (902.624,-32.7471,-1881.97) (921.408,13.4099,-1876.85) (949.204,40.9996,-2227.34) (930.42,-5.15744,-2232.47)
  m[1][1] pts=2 (847.033,-87.9265,-1180.99) (930.42,-5.15744,-2232.47)
  f[1][0] pts=5 (820.792,-19.8845,-1177.71) (848.588,7.70518,-1528.21) (893.612,-14.1798,-1526.36) (865.817,-41.7695,-1175.87) (820.792,-19.8845,-1177.71)
  f[1][1] pts=5 (876.383,35.2949,-1878.7) (904.179,62.8846,-2229.19) (949.204,40.9996,-2227.34) (921.408,13.4099,-1876.85) (876.383,35.2949,-1878.7)
  f[1][2] pts=5 (820.792,-19.8845,-1177.71) (865.817,-41.7695,-1175.87) (921.408,13.4099,-1876.85) (876.383,35.2949,-1878.7) (820.792,-19.8845,-1177.71)
