# session joints after joint_create_geometry + orient
# count=146
joint 0 type=30 v0=0 v1=16 f0_0=2 f1_0=8 name=cr_c_ip_0 orient=1 div=1 shift=0.5
  jv[0] pts=5 (1537.35,-89.6997,-310.857) (1530.91,-84.0647,-305.462) (1560.52,-87.5058,-278.086) (1566.97,-93.1408,-283.481) (1537.35,-89.6997,-310.857)
  jv[1] pts=5 (1563.43,-38.9756,-332.689) (1556.99,-33.3406,-327.294) (1586.6,-36.7817,-299.918) (1593.04,-42.4167,-305.313) (1563.43,-38.9756,-332.689)
  m[0][0] pts=5 (1547.48,-112.868,-267.17) (1553.93,-118.503,-272.565) (1580.01,-67.7787,-294.397) (1573.56,-62.1437,-289.002) (1547.48,-112.868,-267.17)
  m[0][1] pts=5 (1547.48,-112.868,-267.17) (1553.93,-118.503,-272.565) (1580.01,-67.7787,-294.397) (1573.56,-62.1437,-289.002) (1547.48,-112.868,-267.17)
  f[0][0] pts=5 (1606.08,-17.0547,-316.229) (1576.47,-13.6136,-343.605) (1550.39,-64.3376,-321.773) (1580.01,-67.7787,-294.397) (1606.08,-17.0547,-316.229)
  f[0][1] pts=5 (1606.08,-17.0547,-316.229) (1576.47,-13.6136,-343.605) (1550.39,-64.3376,-321.773) (1580.01,-67.7787,-294.397) (1606.08,-17.0547,-316.229)
  m[1][0] pts=5 (1517.87,-109.427,-294.546) (1524.32,-115.062,-299.941) (1550.39,-64.3376,-321.773) (1543.95,-58.7026,-316.378) (1517.87,-109.427,-294.546)
  m[1][1] pts=5 (1517.87,-109.427,-294.546) (1524.32,-115.062,-299.941) (1550.39,-64.3376,-321.773) (1543.95,-58.7026,-316.378) (1517.87,-109.427,-294.546)
  f[1][0] pts=5 (1599.64,-11.4197,-310.834) (1570.03,-7.97855,-338.21) (1543.95,-58.7026,-316.378) (1573.56,-62.1437,-289.002) (1599.64,-11.4197,-310.834)
  f[1][1] pts=5 (1599.64,-11.4197,-310.834) (1570.03,-7.97855,-338.21) (1543.95,-58.7026,-316.378) (1573.56,-62.1437,-289.002) (1599.64,-11.4197,-310.834)
joint 1 type=30 v0=0 v1=17 f0_0=2 f1_0=8 name=cr_c_ip_0 orient=1 div=1 shift=0.5
  jv[0] pts=5 (1469.53,-81.7205,-254.072) (1463.08,-76.0855,-248.677) (1492.7,-79.5266,-221.302) (1499.14,-85.1616,-226.697) (1469.53,-81.7205,-254.072)
  jv[1] pts=5 (1495.61,-30.9964,-275.905) (1489.16,-25.3614,-270.51) (1518.77,-28.8025,-243.134) (1525.22,-34.4375,-248.529) (1495.61,-30.9964,-275.905)
  m[0][0] pts=5 (1479.66,-104.889,-210.386) (1486.1,-110.524,-215.781) (1512.18,-59.7995,-237.613) (1505.74,-54.1645,-232.218) (1479.66,-104.889,-210.386)
  m[0][1] pts=5 (1479.66,-104.889,-210.386) (1486.1,-110.524,-215.781) (1512.18,-59.7995,-237.613) (1505.74,-54.1645,-232.218) (1479.66,-104.889,-210.386)
  f[0][0] pts=5 (1538.26,-9.07545,-259.445) (1508.64,-5.63435,-286.821) (1482.57,-56.3584,-264.989) (1512.18,-59.7995,-237.613) (1538.26,-9.07545,-259.445)
  f[0][1] pts=5 (1538.26,-9.07545,-259.445) (1508.64,-5.63435,-286.821) (1482.57,-56.3584,-264.989) (1512.18,-59.7995,-237.613) (1538.26,-9.07545,-259.445)
  m[1][0] pts=5 (1450.05,-101.447,-237.761) (1456.49,-107.082,-243.156) (1482.57,-56.3584,-264.989) (1476.12,-50.7234,-259.593) (1450.05,-101.447,-237.761)
  m[1][1] pts=5 (1450.05,-101.447,-237.761) (1456.49,-107.082,-243.156) (1482.57,-56.3584,-264.989) (1476.12,-50.7234,-259.593) (1450.05,-101.447,-237.761)
  f[1][0] pts=5 (1531.81,-3.44045,-254.05) (1502.2,0.000655433,-281.426) (1476.12,-50.7234,-259.593) (1505.74,-54.1645,-232.218) (1531.81,-3.44045,-254.05)
  f[1][1] pts=5 (1531.81,-3.44045,-254.05) (1502.2,0.000655433,-281.426) (1476.12,-50.7234,-259.593) (1505.74,-54.1645,-232.218) (1531.81,-3.44045,-254.05)
joint 2 type=30 v0=0 v1=18 f0_0=2 f1_0=8 name=cr_c_ip_0 orient=1 div=1 shift=0.5
  jv[0] pts=5 (1401.7,-73.7413,-197.288) (1395.26,-68.1063,-191.893) (1424.87,-71.5474,-164.517) (1431.32,-77.1824,-169.912) (1401.7,-73.7413,-197.288)
  jv[1] pts=5 (1427.78,-23.0172,-219.12) (1421.34,-17.3822,-213.725) (1450.95,-20.8233,-186.35) (1457.39,-26.4583,-191.745) (1427.78,-23.0172,-219.12)
  m[0][0] pts=5 (1411.83,-96.9094,-153.601) (1418.28,-102.544,-158.996) (1444.35,-51.8203,-180.828) (1437.91,-46.1853,-175.433) (1411.83,-96.9094,-153.601)
  m[0][1] pts=5 (1411.83,-96.9094,-153.601) (1418.28,-102.544,-158.996) (1444.35,-51.8203,-180.828) (1437.91,-46.1853,-175.433) (1411.83,-96.9094,-153.601)
  f[0][0] pts=5 (1470.43,-1.09625,-202.661) (1440.82,2.34485,-230.036) (1414.74,-48.3792,-208.204) (1444.35,-51.8203,-180.828) (1470.43,-1.09625,-202.661)
  f[0][1] pts=5 (1470.43,-1.09625,-202.661) (1440.82,2.34485,-230.036) (1414.74,-48.3792,-208.204) (1444.35,-51.8203,-180.828) (1470.43,-1.09625,-202.661)
  m[1][0] pts=5 (1382.22,-93.4683,-180.977) (1388.66,-99.1033,-186.372) (1414.74,-48.3792,-208.204) (1408.3,-42.7442,-202.809) (1382.22,-93.4683,-180.977)
  m[1][1] pts=5 (1382.22,-93.4683,-180.977) (1388.66,-99.1033,-186.372) (1414.74,-48.3792,-208.204) (1408.3,-42.7442,-202.809) (1382.22,-93.4683,-180.977)
  f[1][0] pts=5 (1463.99,4.53875,-197.266) (1434.37,7.97986,-224.641) (1408.3,-42.7442,-202.809) (1437.91,-46.1853,-175.433) (1463.99,4.53875,-197.266)
  f[1][1] pts=5 (1463.99,4.53875,-197.266) (1434.37,7.97986,-224.641) (1408.3,-42.7442,-202.809) (1437.91,-46.1853,-175.433) (1463.99,4.53875,-197.266)
joint 3 type=30 v0=0 v1=19 f0_0=3 f1_0=8 name=cr_c_ip_0 orient=1 div=1 shift=0.5
  jv[0] pts=5 (1336.51,-9.703,-142.704) (1330.67,-3.16771,-137.822) (1354.62,-1.23015,-105.704) (1360.45,-7.76544,-110.586) (1336.51,-9.703,-142.704)
  jv[1] pts=5 (1363.19,30.7968,-165.044) (1357.36,37.3321,-160.162) (1381.31,39.2696,-128.044) (1387.14,32.7343,-132.927) (1363.19,30.7968,-165.044)
  m[0][0] pts=5 (1341.28,-21.48,-94.5341) (1347.11,-28.0153,-99.4163) (1373.8,12.4844,-121.757) (1367.96,19.0197,-116.874) (1341.28,-21.48,-94.5341)
  m[0][1] pts=5 (1341.28,-21.48,-94.5341) (1347.11,-28.0153,-99.4163) (1373.8,12.4844,-121.757) (1367.96,19.0197,-116.874) (1341.28,-21.48,-94.5341)
  f[0][0] pts=5 (1400.48,52.9842,-144.097) (1376.53,51.0467,-176.214) (1349.85,10.5469,-153.874) (1373.8,12.4844,-121.757) (1400.48,52.9842,-144.097)
  f[0][1] pts=5 (1400.48,52.9842,-144.097) (1376.53,51.0467,-176.214) (1349.85,10.5469,-153.874) (1373.8,12.4844,-121.757) (1400.48,52.9842,-144.097)
  m[1][0] pts=5 (1317.33,-23.4176,-126.652) (1323.16,-29.9529,-131.534) (1349.85,10.5469,-153.874) (1344.02,17.0822,-148.992) (1317.33,-23.4176,-126.652)
  m[1][1] pts=5 (1317.33,-23.4176,-126.652) (1323.16,-29.9529,-131.534) (1349.85,10.5469,-153.874) (1344.02,17.0822,-148.992) (1317.33,-23.4176,-126.652)
  f[1][0] pts=5 (1394.65,59.5195,-139.215) (1370.7,57.5819,-171.332) (1344.02,17.0822,-148.992) (1367.96,19.0197,-116.874) (1394.65,59.5195,-139.215)
  f[1][1] pts=5 (1394.65,59.5195,-139.215) (1370.7,57.5819,-171.332) (1344.02,17.0822,-148.992) (1367.96,19.0197,-116.874) (1394.65,59.5195,-139.215)
joint 4 type=30 v0=0 v1=20 f0_0=4 f1_0=8 name=cr_c_ip_0 orient=1 div=1 shift=0.5
  jv[0] pts=5 (1530.93,83.7226,-305.475) (1537.37,89.3568,-310.87) (1566.99,92.802,-283.499) (1560.54,87.1677,-278.104) (1530.93,83.7226,-305.475)
  jv[1] pts=5 (1556.98,33.0326,-327.287) (1563.42,38.6669,-332.683) (1593.04,42.112,-305.312) (1586.6,36.4777,-299.916) (1556.98,33.0326,-327.287)
  m[0][0] pts=5 (1553.96,118.147,-272.593) (1547.52,112.513,-267.197) (1573.57,61.8227,-289.01) (1580.02,67.457,-294.405) (1553.96,118.147,-272.593)
  m[0][1] pts=5 (1553.96,118.147,-272.593) (1547.52,112.513,-267.197) (1573.57,61.8227,-289.01) (1580.02,67.457,-294.405) (1553.96,118.147,-272.593)
  f[0][0] pts=5 (1599.62,11.1328,-310.822) (1570.01,7.68764,-338.193) (1543.95,58.3776,-316.381) (1573.57,61.8227,-289.01) (1599.62,11.1328,-310.822)
  f[0][1] pts=5 (1599.62,11.1328,-310.822) (1570.01,7.68764,-338.193) (1543.95,58.3776,-316.381) (1573.57,61.8227,-289.01) (1599.62,11.1328,-310.822)
  m[1][0] pts=5 (1524.34,114.702,-299.964) (1517.9,109.068,-294.569) (1543.95,58.3776,-316.381) (1550.4,64.0119,-321.777) (1524.34,114.702,-299.964)
  m[1][1] pts=5 (1524.34,114.702,-299.964) (1517.9,109.068,-294.569) (1543.95,58.3776,-316.381) (1550.4,64.0119,-321.777) (1524.34,114.702,-299.964)
  f[1][0] pts=5 (1606.07,16.767,-316.218) (1576.45,13.3219,-343.589) (1550.4,64.0119,-321.777) (1580.02,67.457,-294.405) (1606.07,16.767,-316.218)
  f[1][1] pts=5 (1606.07,16.767,-316.218) (1576.45,13.3219,-343.589) (1550.4,64.0119,-321.777) (1580.02,67.457,-294.405) (1606.07,16.767,-316.218)
joint 5 type=30 v0=0 v1=21 f0_0=4 f1_0=8 name=cr_c_ip_0 orient=1 div=1 shift=0.5
  jv[0] pts=5 (1463.1,75.7434,-248.69) (1469.55,81.3776,-254.086) (1499.16,84.8228,-226.715) (1492.72,79.1885,-221.319) (1463.1,75.7434,-248.69)
  jv[1] pts=5 (1489.15,25.0534,-270.503) (1495.6,30.6877,-275.898) (1525.22,34.1328,-248.527) (1518.77,28.4985,-243.132) (1489.15,25.0534,-270.503)
  m[0][0] pts=5 (1486.14,110.168,-215.809) (1479.69,104.533,-210.413) (1505.75,53.8435,-232.225) (1512.19,59.4778,-237.621) (1486.14,110.168,-215.809)
  m[0][1] pts=5 (1486.14,110.168,-215.809) (1479.69,104.533,-210.413) (1505.75,53.8435,-232.225) (1512.19,59.4778,-237.621) (1486.14,110.168,-215.809)
  f[0][0] pts=5 (1531.8,3.15356,-254.038) (1502.18,-0.291561,-281.409) (1476.13,50.3984,-259.597) (1505.75,53.8435,-232.225) (1531.8,3.15356,-254.038)
  f[0][1] pts=5 (1531.8,3.15356,-254.038) (1502.18,-0.291561,-281.409) (1476.13,50.3984,-259.597) (1505.75,53.8435,-232.225) (1531.8,3.15356,-254.038)
  m[1][0] pts=5 (1456.52,106.723,-243.18) (1450.07,101.088,-237.784) (1476.13,50.3984,-259.597) (1482.57,56.0327,-264.992) (1456.52,106.723,-243.18)
  m[1][1] pts=5 (1456.52,106.723,-243.18) (1450.07,101.088,-237.784) (1476.13,50.3984,-259.597) (1482.57,56.0327,-264.992) (1456.52,106.723,-243.18)
  f[1][0] pts=5 (1538.24,8.78784,-259.433) (1508.63,5.34272,-286.805) (1482.57,56.0327,-264.992) (1512.19,59.4778,-237.621) (1538.24,8.78784,-259.433)
  f[1][1] pts=5 (1538.24,8.78784,-259.433) (1508.63,5.34272,-286.805) (1482.57,56.0327,-264.992) (1512.19,59.4778,-237.621) (1538.24,8.78784,-259.433)
joint 6 type=30 v0=0 v1=22 f0_0=4 f1_0=8 name=cr_c_ip_0 orient=1 div=1 shift=0.5
  jv[0] pts=5 (1395.27,67.7641,-191.906) (1401.72,73.3984,-197.302) (1431.34,76.8436,-169.931) (1424.89,71.2093,-164.535) (1395.27,67.7641,-191.906)
  jv[1] pts=5 (1421.33,17.0742,-213.719) (1427.77,22.7085,-219.114) (1457.39,26.1536,-191.743) (1450.95,20.5193,-186.347) (1421.33,17.0742,-213.719)
  m[0][0] pts=5 (1418.31,102.189,-159.024) (1411.87,96.5542,-153.629) (1437.92,45.8643,-175.441) (1444.36,51.4986,-180.837) (1418.31,102.189,-159.024)
  m[0][1] pts=5 (1418.31,102.189,-159.024) (1411.87,96.5542,-153.629) (1437.92,45.8643,-175.441) (1444.36,51.4986,-180.837) (1418.31,102.189,-159.024)
  f[0][0] pts=5 (1463.97,-4.82564,-197.254) (1434.36,-8.27076,-224.625) (1408.3,42.4192,-202.812) (1437.92,45.8643,-175.441) (1463.97,-4.82564,-197.254)
  f[0][1] pts=5 (1463.97,-4.82564,-197.254) (1434.36,-8.27076,-224.625) (1408.3,42.4192,-202.812) (1437.92,45.8643,-175.441) (1463.97,-4.82564,-197.254)
  m[1][0] pts=5 (1388.69,98.7434,-186.396) (1382.25,93.1091,-181) (1408.3,42.4192,-202.812) (1414.75,48.0535,-208.208) (1388.69,98.7434,-186.396)
  m[1][1] pts=5 (1388.69,98.7434,-186.396) (1382.25,93.1091,-181) (1408.3,42.4192,-202.812) (1414.75,48.0535,-208.208) (1388.69,98.7434,-186.396)
  f[1][0] pts=5 (1470.42,0.808641,-202.649) (1440.8,-2.63648,-230.02) (1414.75,48.0535,-208.208) (1444.36,51.4986,-180.837) (1470.42,0.808641,-202.649)
  f[1][1] pts=5 (1470.42,0.808641,-202.649) (1440.8,-2.63648,-230.02) (1414.75,48.0535,-208.208) (1444.36,51.4986,-180.837) (1470.42,0.808641,-202.649)
joint 7 type=30 v0=1 v1=16 f0_0=6 f1_0=4 name=cr_c_ip_0 orient=1 div=1 shift=0.5
  jv[0] pts=5 (1553.2,-68.2057,-316.15) (1548.51,-63.4816,-308.53) (1564.81,-83.9069,-277.623) (1569.5,-88.631,-285.243) (1553.2,-68.2057,-316.15)
  jv[1] pts=5 (1507.68,-108.836,-318.99) (1502.99,-104.112,-311.371) (1519.29,-124.538,-280.464) (1523.98,-129.262,-288.083) (1507.68,-108.836,-318.99)
  m[0][0] pts=5 (1587.57,-63.5915,-276.203) (1592.26,-68.3156,-283.823) (1546.74,-108.946,-286.663) (1542.05,-104.222,-279.044) (1587.57,-63.5915,-276.203)
  m[0][1] pts=5 (1587.57,-63.5915,-276.203) (1592.26,-68.3156,-283.823) (1546.74,-108.946,-286.663) (1542.05,-104.222,-279.044) (1587.57,-63.5915,-276.203)
  f[0][0] pts=5 (1501.22,-149.577,-289.503) (1484.92,-129.152,-320.41) (1530.44,-88.521,-317.57) (1546.74,-108.946,-286.663) (1501.22,-149.577,-289.503)
  f[0][1] pts=5 (1501.22,-149.577,-289.503) (1484.92,-129.152,-320.41) (1530.44,-88.521,-317.57) (1546.74,-108.946,-286.663) (1501.22,-149.577,-289.503)
  m[1][0] pts=5 (1571.27,-43.1662,-307.11) (1575.96,-47.8903,-314.73) (1530.44,-88.521,-317.57) (1525.75,-83.7969,-309.951) (1571.27,-43.1662,-307.11)
  m[1][1] pts=5 (1571.27,-43.1662,-307.11) (1575.96,-47.8903,-314.73) (1530.44,-88.521,-317.57) (1525.75,-83.7969,-309.951) (1571.27,-43.1662,-307.11)
  f[1][0] pts=5 (1496.53,-144.853,-281.884) (1480.22,-124.428,-312.791) (1525.75,-83.7969,-309.951) (1542.05,-104.222,-279.044) (1496.53,-144.853,-281.884)
  f[1][1] pts=5 (1496.53,-144.853,-281.884) (1480.22,-124.428,-312.791) (1525.75,-83.7969,-309.951) (1542.05,-104.222,-279.044) (1496.53,-144.853,-281.884)
joint 8 type=30 v0=1 v1=17 f0_0=6 f1_0=4 name=cr_c_ip_0 orient=1 div=1 shift=0.5
  jv[0] pts=5 (1485.3,-60.1876,-259.461) (1480.61,-55.4635,-251.841) (1496.91,-75.8888,-220.934) (1501.6,-80.6129,-228.554) (1485.3,-60.1876,-259.461)
  jv[1] pts=5 (1439.78,-100.818,-262.301) (1435.09,-96.0941,-254.682) (1451.39,-116.519,-223.774) (1456.08,-121.244,-231.394) (1439.78,-100.818,-262.301)
  m[0][0] pts=5 (1519.67,-55.5735,-219.514) (1524.36,-60.2976,-227.133) (1478.84,-100.928,-229.974) (1474.15,-96.2041,-222.354) (1519.67,-55.5735,-219.514)
  m[0][1] pts=5 (1519.67,-55.5735,-219.514) (1524.36,-60.2976,-227.133) (1478.84,-100.928,-229.974) (1474.15,-96.2041,-222.354) (1519.67,-55.5735,-219.514)
  f[0][0] pts=5 (1433.32,-141.559,-232.814) (1417.01,-121.134,-263.721) (1462.54,-80.5029,-260.881) (1478.84,-100.928,-229.974) (1433.32,-141.559,-232.814)
  f[0][1] pts=5 (1433.32,-141.559,-232.814) (1417.01,-121.134,-263.721) (1462.54,-80.5029,-260.881) (1478.84,-100.928,-229.974) (1433.32,-141.559,-232.814)
  m[1][0] pts=5 (1503.37,-35.1481,-250.421) (1508.06,-39.8722,-258.041) (1462.54,-80.5029,-260.881) (1457.85,-75.7788,-253.261) (1503.37,-35.1481,-250.421)
  m[1][1] pts=5 (1503.37,-35.1481,-250.421) (1508.06,-39.8722,-258.041) (1462.54,-80.5029,-260.881) (1457.85,-75.7788,-253.261) (1503.37,-35.1481,-250.421)
  f[1][0] pts=5 (1428.62,-136.835,-225.195) (1412.32,-116.409,-256.102) (1457.85,-75.7788,-253.261) (1474.15,-96.2041,-222.354) (1428.62,-136.835,-225.195)
  f[1][1] pts=5 (1428.62,-136.835,-225.195) (1412.32,-116.409,-256.102) (1457.85,-75.7788,-253.261) (1474.15,-96.2041,-222.354) (1428.62,-136.835,-225.195)
joint 9 type=30 v0=1 v1=18 f0_0=6 f1_0=4 name=cr_c_ip_0 orient=1 div=1 shift=0.5
  jv[0] pts=5 (1417.4,-52.1695,-202.772) (1412.71,-47.4454,-195.152) (1429.01,-67.8707,-164.245) (1433.7,-72.5948,-171.864) (1417.4,-52.1695,-202.772)
  jv[1] pts=5 (1371.88,-92.8001,-205.612) (1367.18,-88.076,-197.992) (1383.49,-108.501,-167.085) (1388.18,-113.225,-174.705) (1371.88,-92.8001,-205.612)
  m[0][0] pts=5 (1451.77,-47.5554,-162.825) (1456.46,-52.2795,-170.444) (1410.94,-92.9101,-173.285) (1406.25,-88.186,-165.665) (1451.77,-47.5554,-162.825)
  m[0][1] pts=5 (1451.77,-47.5554,-162.825) (1456.46,-52.2795,-170.444) (1410.94,-92.9101,-173.285) (1406.25,-88.186,-165.665) (1451.77,-47.5554,-162.825)
  f[0][0] pts=5 (1365.42,-133.541,-176.125) (1349.11,-113.115,-207.032) (1394.64,-72.4848,-204.192) (1410.94,-92.9101,-173.285) (1365.42,-133.541,-176.125)
  f[0][1] pts=5 (1365.42,-133.541,-176.125) (1349.11,-113.115,-207.032) (1394.64,-72.4848,-204.192) (1410.94,-92.9101,-173.285) (1365.42,-133.541,-176.125)
  m[1][0] pts=5 (1435.47,-27.1301,-193.732) (1440.16,-31.8542,-201.351) (1394.64,-72.4848,-204.192) (1389.95,-67.7607,-196.572) (1435.47,-27.1301,-193.732)
  m[1][1] pts=5 (1435.47,-27.1301,-193.732) (1440.16,-31.8542,-201.351) (1394.64,-72.4848,-204.192) (1389.95,-67.7607,-196.572) (1435.47,-27.1301,-193.732)
  f[1][0] pts=5 (1360.72,-128.817,-168.505) (1344.42,-108.391,-199.412) (1389.95,-67.7607,-196.572) (1406.25,-88.186,-165.665) (1360.72,-128.817,-168.505)
  f[1][1] pts=5 (1360.72,-128.817,-168.505) (1344.42,-108.391,-199.412) (1389.95,-67.7607,-196.572) (1406.25,-88.186,-165.665) (1360.72,-128.817,-168.505)
joint 10 type=30 v0=1 v1=23 f0_0=4 f1_0=8 name=cr_c_ip_0 orient=1 div=1 shift=0.5
  jv[0] pts=5 (1001.97,-162.759,2.32245) (1002.07,-155.244,8.92162) (1021.24,-177.92,35.7318) (1021.14,-185.436,29.1327) (1001.97,-162.759,2.32245)
  jv[1] pts=5 (1046.92,-146.907,-16.4193) (1047.02,-139.391,-9.82016) (1066.19,-162.068,16.9901) (1066.09,-169.584,10.3909) (1046.92,-146.907,-16.4193)
  m[0][0] pts=5 (998.767,-185.847,45.1027) (998.666,-193.362,38.5036) (1043.62,-177.51,19.7618) (1043.72,-169.994,26.361) (998.767,-185.847,45.1027)
  m[0][1] pts=5 (998.767,-185.847,45.1027) (998.666,-193.362,38.5036) (1043.62,-177.51,19.7618) (1043.72,-169.994,26.361) (998.767,-185.847,45.1027)
  f[0][0] pts=5 (1088.57,-161.658,1.02) (1069.39,-138.981,-25.7902) (1024.44,-154.833,-7.04844) (1043.62,-177.51,19.7618) (1088.57,-161.658,1.02)
  f[0][1] pts=5 (1088.57,-161.658,1.02) (1069.39,-138.981,-25.7902) (1024.44,-154.833,-7.04844) (1043.62,-177.51,19.7618) (1088.57,-161.658,1.02)
  m[1][0] pts=5 (979.592,-163.17,18.2925) (979.491,-170.685,11.6933) (1024.44,-154.833,-7.04844) (1024.54,-147.317,-0.449267) (979.592,-163.17,18.2925)
  m[1][1] pts=5 (979.592,-163.17,18.2925) (979.491,-170.685,11.6933) (1024.44,-154.833,-7.04844) (1024.54,-147.317,-0.449267) (979.592,-163.17,18.2925)
  f[1][0] pts=5 (1088.67,-154.142,7.61917) (1069.5,-131.465,-19.191) (1024.54,-147.317,-0.449267) (1043.72,-169.994,26.361) (1088.67,-154.142,7.61917)
  f[1][1] pts=5 (1088.67,-154.142,7.61917) (1069.5,-131.465,-19.191) (1024.54,-147.317,-0.449267) (1043.72,-169.994,26.361) (1088.67,-154.142,7.61917)
joint 11 type=30 v0=1 v1=24 f0_0=5 f1_0=8 name=cr_c_ip_0 orient=1 div=1 shift=0.5
  jv[0] pts=5 (1267.35,-54.684,-95.4589) (1272.16,-59.4507,-103.202) (1286.82,-78.2941,-69.6919) (1282.01,-73.5274,-61.9487) (1267.35,-54.684,-95.4589)
  jv[1] pts=5 (1222.3,-95.1641,-98.5161) (1227.11,-99.9308,-106.259) (1241.77,-118.774,-72.7491) (1236.96,-114.007,-65.0059) (1222.3,-95.1641,-98.5161)
  m[0][0] pts=5 (1309.34,-58.054,-68.1633) (1304.53,-53.2874,-60.4201) (1259.48,-93.7674,-63.4773) (1264.29,-98.5341,-71.2205) (1309.34,-58.054,-68.1633)
  m[0][1] pts=5 (1309.34,-58.054,-68.1633) (1304.53,-53.2874,-60.4201) (1259.48,-93.7674,-63.4773) (1264.29,-98.5341,-71.2205) (1309.34,-58.054,-68.1633)
  f[0][0] pts=5 (1214.44,-134.247,-66.5345) (1199.78,-115.404,-100.045) (1244.82,-74.9241,-96.9875) (1259.48,-93.7674,-63.4773) (1214.44,-134.247,-66.5345)
  f[0][1] pts=5 (1214.44,-134.247,-66.5345) (1199.78,-115.404,-100.045) (1244.82,-74.9241,-96.9875) (1259.48,-93.7674,-63.4773) (1214.44,-134.247,-66.5345)
  m[1][0] pts=5 (1294.68,-39.2107,-101.673) (1289.87,-34.444,-93.9303) (1244.82,-74.9241,-96.9875) (1249.63,-79.6908,-104.731) (1294.68,-39.2107,-101.673)
  m[1][1] pts=5 (1294.68,-39.2107,-101.673) (1289.87,-34.444,-93.9303) (1244.82,-74.9241,-96.9875) (1249.63,-79.6908,-104.731) (1294.68,-39.2107,-101.673)
  f[1][0] pts=5 (1219.25,-139.014,-74.2777) (1204.59,-120.171,-107.788) (1249.63,-79.6908,-104.731) (1264.29,-98.5341,-71.2205) (1219.25,-139.014,-74.2777)
  f[1][1] pts=5 (1219.25,-139.014,-74.2777) (1204.59,-120.171,-107.788) (1249.63,-79.6908,-104.731) (1264.29,-98.5341,-71.2205) (1219.25,-139.014,-74.2777)
joint 12 type=30 v0=1 v1=25 f0_0=5 f1_0=8 name=cr_c_ip_0 orient=1 div=1 shift=0.5
  jv[0] pts=5 (1188.07,-70.1528,-51.3149) (1192.87,-74.9195,-59.0581) (1207.53,-93.7629,-25.5479) (1202.73,-88.9962,-17.8047) (1188.07,-70.1528,-51.3149)
  jv[1] pts=5 (1143.02,-110.633,-54.3721) (1147.83,-115.4,-62.1152) (1162.49,-134.243,-28.6051) (1157.68,-129.476,-20.8619) (1143.02,-110.633,-54.3721)
  m[0][0] pts=5 (1230.06,-73.5228,-24.0193) (1225.25,-68.7561,-16.2761) (1180.2,-109.236,-19.3333) (1185.01,-114.003,-27.0765) (1230.06,-73.5228,-24.0193)
  m[0][1] pts=5 (1230.06,-73.5228,-24.0193) (1225.25,-68.7561,-16.2761) (1180.2,-109.236,-19.3333) (1185.01,-114.003,-27.0765) (1230.06,-73.5228,-24.0193)
  f[0][0] pts=5 (1135.16,-149.716,-22.3905) (1120.5,-130.873,-55.9007) (1165.54,-90.3929,-52.8435) (1180.2,-109.236,-19.3333) (1135.16,-149.716,-22.3905)
  f[0][1] pts=5 (1135.16,-149.716,-22.3905) (1120.5,-130.873,-55.9007) (1165.54,-90.3929,-52.8435) (1180.2,-109.236,-19.3333) (1135.16,-149.716,-22.3905)
  m[1][0] pts=5 (1215.4,-54.6795,-57.5295) (1210.59,-49.9128,-49.7863) (1165.54,-90.3929,-52.8435) (1170.35,-95.1596,-60.5867) (1215.4,-54.6795,-57.5295)
  m[1][1] pts=5 (1215.4,-54.6795,-57.5295) (1210.59,-49.9128,-49.7863) (1165.54,-90.3929,-52.8435) (1170.35,-95.1596,-60.5867) (1215.4,-54.6795,-57.5295)
  f[1][0] pts=5 (1139.97,-154.483,-30.1337) (1125.31,-135.64,-63.6438) (1170.35,-95.1596,-60.5867) (1185.01,-114.003,-27.0765) (1139.97,-154.483,-30.1337)
  f[1][1] pts=5 (1139.97,-154.483,-30.1337) (1125.31,-135.64,-63.6438) (1170.35,-95.1596,-60.5867) (1185.01,-114.003,-27.0765) (1139.97,-154.483,-30.1337)
joint 13 type=30 v0=1 v1=26 f0_0=5 f1_0=8 name=cr_c_ip_0 orient=1 div=1 shift=0.5
  jv[0] pts=5 (1108.78,-85.6216,-7.1709) (1113.59,-90.3883,-14.9141) (1128.25,-109.232,18.5961) (1123.44,-104.465,26.3393) (1108.78,-85.6216,-7.1709)
  jv[1] pts=5 (1063.74,-126.102,-10.2281) (1068.55,-130.868,-17.9712) (1083.21,-149.712,15.5389) (1078.4,-144.945,23.2821) (1063.74,-126.102,-10.2281)
  m[0][0] pts=5 (1150.78,-88.9916,20.1247) (1145.97,-84.2249,27.8679) (1100.92,-124.705,24.8107) (1105.73,-129.472,17.0675) (1150.78,-88.9916,20.1247)
  m[0][1] pts=5 (1150.78,-88.9916,20.1247) (1145.97,-84.2249,27.8679) (1100.92,-124.705,24.8107) (1105.73,-129.472,17.0675) (1150.78,-88.9916,20.1247)
  f[0][0] pts=5 (1055.88,-165.185,21.7535) (1041.22,-146.342,-11.7567) (1086.26,-105.862,-8.69949) (1100.92,-124.705,24.8107) (1055.88,-165.185,21.7535)
  f[0][1] pts=5 (1055.88,-165.185,21.7535) (1041.22,-146.342,-11.7567) (1086.26,-105.862,-8.69949) (1100.92,-124.705,24.8107) (1055.88,-165.185,21.7535)
  m[1][0] pts=5 (1136.12,-70.1483,-13.3855) (1131.31,-65.3816,-5.64231) (1086.26,-105.862,-8.69949) (1091.07,-110.628,-16.4427) (1136.12,-70.1483,-13.3855)
  m[1][1] pts=5 (1136.12,-70.1483,-13.3855) (1131.31,-65.3816,-5.64231) (1086.26,-105.862,-8.69949) (1091.07,-110.628,-16.4427) (1136.12,-70.1483,-13.3855)
  f[1][0] pts=5 (1060.69,-169.952,14.0103) (1046.03,-151.108,-19.4998) (1091.07,-110.628,-16.4427) (1105.73,-129.472,17.0675) (1060.69,-169.952,14.0103)
  f[1][1] pts=5 (1060.69,-169.952,14.0103) (1046.03,-151.108,-19.4998) (1091.07,-110.628,-16.4427) (1105.73,-129.472,17.0675) (1060.69,-169.952,14.0103)
joint 14 type=30 v0=2 v1=20 f0_0=2 f1_0=4 name=cr_c_ip_0 orient=1 div=1 shift=0.5
  jv[0] pts=5 (1548.45,63.11,-308.627) (1553.14,67.8321,-316.25) (1569.46,88.2571,-285.347) (1564.77,83.5351,-277.725) (1548.45,63.11,-308.627)
  jv[1] pts=5 (1502.91,103.77,-311.458) (1507.6,108.492,-319.081) (1523.91,128.917,-288.178) (1519.22,124.195,-280.556) (1502.91,103.77,-311.458)
  m[0][0] pts=5 (1592.23,67.9273,-283.932) (1587.54,63.2052,-276.309) (1541.99,103.865,-279.14) (1546.68,108.587,-286.763) (1592.23,67.9273,-283.932)
  m[0][1] pts=5 (1592.23,67.9273,-283.932) (1587.54,63.2052,-276.309) (1541.99,103.865,-279.14) (1546.68,108.587,-286.763) (1592.23,67.9273,-283.932)
  f[0][0] pts=5 (1496.45,144.525,-281.971) (1480.14,124.1,-312.874) (1525.68,83.4399,-310.043) (1541.99,103.865,-279.14) (1496.45,144.525,-281.971)
  f[0][1] pts=5 (1496.45,144.525,-281.971) (1480.14,124.1,-312.874) (1525.68,83.4399,-310.043) (1541.99,103.865,-279.14) (1496.45,144.525,-281.971)
  m[1][0] pts=5 (1575.91,47.5022,-314.834) (1571.22,42.7802,-307.212) (1525.68,83.4399,-310.043) (1530.37,88.1619,-317.665) (1575.91,47.5022,-314.834)
  m[1][1] pts=5 (1575.91,47.5022,-314.834) (1571.22,42.7802,-307.212) (1525.68,83.4399,-310.043) (1530.37,88.1619,-317.665) (1575.91,47.5022,-314.834)
  f[1][0] pts=5 (1501.14,149.247,-289.594) (1484.83,128.822,-320.496) (1530.37,88.1619,-317.665) (1546.68,108.587,-286.763) (1501.14,149.247,-289.594)
  f[1][1] pts=5 (1501.14,149.247,-289.594) (1484.83,128.822,-320.496) (1530.37,88.1619,-317.665) (1546.68,108.587,-286.763) (1501.14,149.247,-289.594)
joint 15 type=30 v0=2 v1=21 f0_0=2 f1_0=4 name=cr_c_ip_0 orient=1 div=1 shift=0.5
  jv[0] pts=5 (1480.58,55.1057,-251.905) (1485.27,59.8277,-259.527) (1501.58,80.2528,-228.625) (1496.89,75.5307,-221.002) (1480.58,55.1057,-251.905)
  jv[1] pts=5 (1435.03,95.7652,-254.736) (1439.72,100.487,-262.358) (1456.04,120.912,-231.456) (1451.35,116.19,-223.833) (1435.03,95.7652,-254.736)
  m[0][0] pts=5 (1524.35,59.923,-227.209) (1519.66,55.2009,-219.586) (1474.12,95.8605,-222.418) (1478.81,100.583,-230.04) (1524.35,59.923,-227.209)
  m[0][1] pts=5 (1524.35,59.923,-227.209) (1519.66,55.2009,-219.586) (1474.12,95.8605,-222.418) (1478.81,100.583,-230.04) (1524.35,59.923,-227.209)
  f[0][0] pts=5 (1428.58,136.52,-225.249) (1412.26,116.095,-256.151) (1457.81,75.4354,-253.32) (1474.12,95.8605,-222.418) (1428.58,136.52,-225.249)
  f[0][1] pts=5 (1428.58,136.52,-225.249) (1412.26,116.095,-256.151) (1457.81,75.4354,-253.32) (1474.12,95.8605,-222.418) (1428.58,136.52,-225.249)
  m[1][0] pts=5 (1508.04,39.4979,-258.112) (1503.35,34.7759,-250.489) (1457.81,75.4354,-253.32) (1462.5,80.1575,-260.943) (1508.04,39.4979,-258.112)
  m[1][1] pts=5 (1508.04,39.4979,-258.112) (1503.35,34.7759,-250.489) (1457.81,75.4354,-253.32) (1462.5,80.1575,-260.943) (1508.04,39.4979,-258.112)
  f[1][0] pts=5 (1433.26,141.242,-232.871) (1416.95,120.817,-263.774) (1462.5,80.1575,-260.943) (1478.81,100.583,-230.04) (1433.26,141.242,-232.871)
  f[1][1] pts=5 (1433.26,141.242,-232.871) (1416.95,120.817,-263.774) (1462.5,80.1575,-260.943) (1478.81,100.583,-230.04) (1433.26,141.242,-232.871)
joint 16 type=30 v0=2 v1=22 f0_0=2 f1_0=4 name=cr_c_ip_0 orient=1 div=1 shift=0.5
  jv[0] pts=5 (1412.7,47.1013,-195.182) (1417.39,51.8234,-202.805) (1433.71,72.2484,-171.902) (1429.02,67.5264,-164.279) (1412.7,47.1013,-195.182)
  jv[1] pts=5 (1367.16,87.7607,-198.013) (1371.85,92.4828,-205.636) (1388.16,112.908,-174.733) (1383.47,108.186,-167.111) (1367.16,87.7607,-198.013)
  m[0][0] pts=5 (1456.48,51.9187,-170.486) (1451.79,47.1966,-162.864) (1406.24,87.8561,-165.695) (1410.93,92.5781,-173.318) (1456.48,51.9187,-170.486)
  m[0][1] pts=5 (1456.48,51.9187,-170.486) (1451.79,47.1966,-162.864) (1406.24,87.8561,-165.695) (1410.93,92.5781,-173.318) (1456.48,51.9187,-170.486)
  f[0][0] pts=5 (1360.7,128.516,-168.526) (1344.39,108.09,-199.429) (1389.93,67.431,-196.598) (1406.24,87.8561,-165.695) (1360.7,128.516,-168.526)
  f[0][1] pts=5 (1360.7,128.516,-168.526) (1344.39,108.09,-199.429) (1389.93,67.431,-196.598) (1406.24,87.8561,-165.695) (1360.7,128.516,-168.526)
  m[1][0] pts=5 (1440.17,31.4936,-201.389) (1435.48,26.7716,-193.766) (1389.93,67.431,-196.598) (1394.62,72.1531,-204.22) (1440.17,31.4936,-201.389)
  m[1][1] pts=5 (1440.17,31.4936,-201.389) (1435.48,26.7716,-193.766) (1389.93,67.431,-196.598) (1394.62,72.1531,-204.22) (1440.17,31.4936,-201.389)
  f[1][0] pts=5 (1365.39,133.238,-176.149) (1349.08,112.813,-207.051) (1394.62,72.1531,-204.22) (1410.93,92.5781,-173.318) (1365.39,133.238,-176.149)
  f[1][1] pts=5 (1365.39,133.238,-176.149) (1349.08,112.813,-207.051) (1394.62,72.1531,-204.22) (1410.93,92.5781,-173.318) (1365.39,133.238,-176.149)
joint 17 type=30 v0=2 v1=27 f0_0=3 f1_0=8 name=cr_c_ip_0 orient=1 div=1 shift=0.5
  jv[0] pts=5 (1272.1,59.2192,-103.175) (1267.29,54.4543,-95.4281) (1281.96,73.2978,-61.921) (1286.77,78.0627,-69.6675) (1272.1,59.2192,-103.175)
  jv[1] pts=5 (1227.13,99.6398,-106.215) (1222.32,94.875,-98.4689) (1237,113.718,-64.9618) (1241.8,118.483,-72.7083) (1227.13,99.6398,-106.215)
  m[0][0] pts=5 (1304.45,53.0875,-60.4006) (1309.25,57.8523,-68.1471) (1264.29,98.273,-71.1879) (1259.48,93.5082,-63.4414) (1304.45,53.0875,-60.4006)
  m[0][1] pts=5 (1304.45,53.0875,-60.4006) (1309.25,57.8523,-68.1471) (1264.29,98.273,-71.1879) (1259.48,93.5082,-63.4414) (1304.45,53.0875,-60.4006)
  f[0][0] pts=5 (1219.32,138.694,-74.2287) (1204.65,119.85,-107.736) (1249.62,79.4295,-104.695) (1264.29,98.273,-71.1879) (1219.32,138.694,-74.2287)
  f[0][1] pts=5 (1219.32,138.694,-74.2287) (1204.65,119.85,-107.736) (1249.62,79.4295,-104.695) (1264.29,98.273,-71.1879) (1219.32,138.694,-74.2287)
  m[1][0] pts=5 (1289.78,34.244,-93.9077) (1294.58,39.0088,-101.654) (1249.62,79.4295,-104.695) (1244.81,74.6647,-96.9485) (1289.78,34.244,-93.9077)
  m[1][1] pts=5 (1289.78,34.244,-93.9077) (1294.58,39.0088,-101.654) (1249.62,79.4295,-104.695) (1244.81,74.6647,-96.9485) (1289.78,34.244,-93.9077)
  f[1][0] pts=5 (1214.51,133.929,-66.4822) (1199.84,115.085,-99.9893) (1244.81,74.6647,-96.9485) (1259.48,93.5082,-63.4414) (1214.51,133.929,-66.4822)
  f[1][1] pts=5 (1214.51,133.929,-66.4822) (1199.84,115.085,-99.9893) (1244.81,74.6647,-96.9485) (1259.48,93.5082,-63.4414) (1214.51,133.929,-66.4822)
joint 18 type=30 v0=2 v1=28 f0_0=3 f1_0=8 name=cr_c_ip_0 orient=1 div=1 shift=0.5
  jv[0] pts=5 (1192.84,74.7013,-58.9955) (1188.03,69.9365,-51.249) (1202.71,88.78,-17.742) (1207.51,93.5448,-25.4885) (1192.84,74.7013,-58.9955)
  jv[1] pts=5 (1147.87,115.122,-62.0363) (1143.07,110.357,-54.2899) (1157.74,129.201,-20.7828) (1162.55,133.965,-28.5293) (1147.87,115.122,-62.0363)
  m[0][0] pts=5 (1225.19,68.5696,-16.2216) (1230,73.3345,-23.968) (1185.03,113.755,-27.0089) (1180.22,108.99,-19.2624) (1225.19,68.5696,-16.2216)
  m[0][1] pts=5 (1225.19,68.5696,-16.2216) (1230,73.3345,-23.968) (1185.03,113.755,-27.0089) (1180.22,108.99,-19.2624) (1225.19,68.5696,-16.2216)
  f[0][0] pts=5 (1140.06,154.176,-30.0497) (1125.39,135.332,-63.5567) (1170.36,94.9116,-60.5159) (1185.03,113.755,-27.0089) (1140.06,154.176,-30.0497)
  f[0][1] pts=5 (1140.06,154.176,-30.0497) (1125.39,135.332,-63.5567) (1170.36,94.9116,-60.5159) (1185.03,113.755,-27.0089) (1140.06,154.176,-30.0497)
  m[1][0] pts=5 (1210.52,49.7261,-49.7286) (1215.32,54.491,-57.4751) (1170.36,94.9116,-60.5159) (1165.55,90.1468,-52.7694) (1210.52,49.7261,-49.7286)
  m[1][1] pts=5 (1210.52,49.7261,-49.7286) (1215.32,54.491,-57.4751) (1170.36,94.9116,-60.5159) (1165.55,90.1468,-52.7694) (1210.52,49.7261,-49.7286)
  f[1][0] pts=5 (1135.25,149.411,-22.3032) (1120.58,130.567,-55.8103) (1165.55,90.1468,-52.7694) (1180.22,108.99,-19.2624) (1135.25,149.411,-22.3032)
  f[1][1] pts=5 (1135.25,149.411,-22.3032) (1120.58,130.567,-55.8103) (1165.55,90.1468,-52.7694) (1180.22,108.99,-19.2624) (1135.25,149.411,-22.3032)
joint 19 type=30 v0=2 v1=29 f0_0=3 f1_0=8 name=cr_c_ip_0 orient=1 div=1 shift=0.5
  jv[0] pts=5 (1113.58,90.1834,-14.8165) (1108.77,85.4186,-7.07001) (1123.45,104.262,26.437) (1128.25,109.027,18.6906) (1113.58,90.1834,-14.8165)
  jv[1] pts=5 (1068.61,130.604,-17.8573) (1063.81,125.839,-10.1108) (1078.48,144.683,23.3962) (1083.29,149.448,15.6498) (1068.61,130.604,-17.8573)
  m[0][0] pts=5 (1145.93,84.0518,27.9574) (1150.74,88.8166,20.211) (1105.77,129.237,17.1702) (1100.96,124.472,24.9166) (1145.93,84.0518,27.9574)
  m[0][1] pts=5 (1145.93,84.0518,27.9574) (1150.74,88.8166,20.211) (1105.77,129.237,17.1702) (1100.96,124.472,24.9166) (1145.93,84.0518,27.9574)
  f[0][0] pts=5 (1060.8,169.658,14.1294) (1046.13,150.814,-19.3777) (1091.1,110.394,-16.3369) (1105.77,129.237,17.1702) (1060.8,169.658,14.1294)
  f[0][1] pts=5 (1060.8,169.658,14.1294) (1046.13,150.814,-19.3777) (1091.1,110.394,-16.3369) (1105.77,129.237,17.1702) (1060.8,169.658,14.1294)
  m[1][0] pts=5 (1131.26,65.2083,-5.54961) (1136.06,69.9731,-13.2961) (1091.1,110.394,-16.3369) (1086.29,105.629,-8.59042) (1131.26,65.2083,-5.54961)
  m[1][1] pts=5 (1131.26,65.2083,-5.54961) (1136.06,69.9731,-13.2961) (1091.1,110.394,-16.3369) (1086.29,105.629,-8.59042) (1131.26,65.2083,-5.54961)
  f[1][0] pts=5 (1056,164.893,21.8758) (1041.32,146.05,-11.6312) (1086.29,105.629,-8.59042) (1100.96,124.472,24.9166) (1056,164.893,21.8758)
  f[1][1] pts=5 (1056,164.893,21.8758) (1041.32,146.05,-11.6312) (1086.29,105.629,-8.59042) (1100.96,124.472,24.9166) (1056,164.893,21.8758)
joint 20 type=30 v0=2 v1=30 f0_0=4 f1_0=8 name=cr_c_ip_0 orient=1 div=1 shift=0.5
  jv[0] pts=5 (998.317,160.497,6.96888) (1002.93,165.208,-0.586961) (1020.75,187.127,27.8892) (1016.13,182.416,35.445) (998.317,160.497,6.96888)
  jv[1] pts=5 (1038.74,124.642,9.27715) (1043.35,129.354,1.72131) (1061.17,151.273,30.1975) (1056.55,146.561,37.7533) (1038.74,124.642,9.27715)
  m[0][0] pts=5 (1000.54,205.055,26.7351) (995.925,200.343,34.2909) (1036.34,164.489,36.5992) (1040.96,169.2,29.0433) (1000.54,205.055,26.7351)
  m[0][1] pts=5 (1000.54,205.055,26.7351) (995.925,200.343,34.2909) (1036.34,164.489,36.5992) (1040.96,169.2,29.0433) (1000.54,205.055,26.7351)
  f[0][0] pts=5 (1076.76,128.634,38.9075) (1058.95,106.715,10.4313) (1018.53,142.57,8.12302) (1036.34,164.489,36.5992) (1076.76,128.634,38.9075)
  f[0][1] pts=5 (1076.76,128.634,38.9075) (1058.95,106.715,10.4313) (1018.53,142.57,8.12302) (1036.34,164.489,36.5992) (1076.76,128.634,38.9075)
  m[1][0] pts=5 (982.718,183.136,-1.7411) (978.107,178.424,5.81475) (1018.53,142.57,8.12302) (1023.14,147.281,0.567175) (982.718,183.136,-1.7411)
  m[1][1] pts=5 (982.718,183.136,-1.7411) (978.107,178.424,5.81475) (1018.53,142.57,8.12302) (1023.14,147.281,0.567175) (982.718,183.136,-1.7411)
  f[1][0] pts=5 (1081.37,133.345,31.3516) (1063.56,111.426,2.87545) (1023.14,147.281,0.567175) (1040.96,169.2,29.0433) (1081.37,133.345,31.3516)
  f[1][1] pts=5 (1081.37,133.345,31.3516) (1063.56,111.426,2.87545) (1023.14,147.281,0.567175) (1040.96,169.2,29.0433) (1081.37,133.345,31.3516)
joint 21 type=30 v0=3 v1=19 f0_0=7 f1_0=4 name=cr_c_ip_0 orient=1 div=1 shift=0.5
  jv[0] pts=5 (1346.53,3.02724,-147.334) (1339.86,9.56254,-143.676) (1361.07,7.62498,-109.689) (1367.74,1.08969,-113.346) (1346.53,3.02724,-147.334)
  jv[1] pts=5 (1315.89,-37.6379,-130.53) (1309.22,-31.1026,-126.873) (1330.43,-33.0402,-92.8856) (1337.1,-39.5755,-96.5429) (1315.89,-37.6379,-130.53)
  m[0][0] pts=5 (1376.39,27.9575,-118.091) (1383.06,21.4223,-121.748) (1352.42,-19.2429,-104.945) (1345.75,-12.7076,-101.287) (1376.39,27.9575,-118.091)
  m[0][1] pts=5 (1376.39,27.9575,-118.091) (1383.06,21.4223,-121.748) (1352.42,-19.2429,-104.945) (1345.75,-12.7076,-101.287) (1376.39,27.9575,-118.091)
  f[0][0] pts=5 (1321.78,-59.908,-88.1412) (1300.57,-57.9705,-122.128) (1331.21,-17.3053,-138.932) (1352.42,-19.2429,-104.945) (1321.78,-59.908,-88.1412)
  f[0][1] pts=5 (1321.78,-59.908,-88.1412) (1300.57,-57.9705,-122.128) (1331.21,-17.3053,-138.932) (1352.42,-19.2429,-104.945) (1321.78,-59.908,-88.1412)
  m[1][0] pts=5 (1355.18,29.8951,-152.078) (1361.85,23.3598,-155.735) (1331.21,-17.3053,-138.932) (1324.54,-10.77,-135.275) (1355.18,29.8951,-152.078)
  m[1][1] pts=5 (1355.18,29.8951,-152.078) (1361.85,23.3598,-155.735) (1331.21,-17.3053,-138.932) (1324.54,-10.77,-135.275) (1355.18,29.8951,-152.078)
  f[1][0] pts=5 (1315.11,-53.3727,-84.4839) (1293.9,-51.4352,-118.471) (1324.54,-10.77,-135.275) (1345.75,-12.7076,-101.287) (1315.11,-53.3727,-84.4839)
  f[1][1] pts=5 (1315.11,-53.3727,-84.4839) (1293.9,-51.4352,-118.471) (1324.54,-10.77,-135.275) (1345.75,-12.7076,-101.287) (1315.11,-53.3727,-84.4839)
joint 22 type=30 v0=3 v1=24 f0_0=2 f1_0=4 name=cr_c_ip_0 orient=1 div=1 shift=0.5
  jv[0] pts=5 (1248.21,-75.17,-93.4135) (1255.4,-81.3812,-97.3563) (1281.38,-87.2017,-65.9796) (1274.19,-80.9905,-62.0368) (1248.21,-75.17,-93.4135)
  jv[1] pts=5 (1280.33,-26.8179,-111.027) (1287.52,-33.0291,-114.97) (1313.49,-38.8496,-83.5934) (1306.3,-32.6384,-79.6505) (1280.33,-26.8179,-111.027)
  m[0][0] pts=5 (1265.32,-111.378,-57.1728) (1258.13,-105.167,-53.2299) (1290.24,-56.8144,-70.8436) (1297.43,-63.0256,-74.7865) (1265.32,-111.378,-57.1728)
  m[0][1] pts=5 (1265.32,-111.378,-57.1728) (1258.13,-105.167,-53.2299) (1290.24,-56.8144,-70.8436) (1297.43,-63.0256,-74.7865) (1265.32,-111.378,-57.1728)
  f[0][0] pts=5 (1322.36,-8.46236,-88.4574) (1296.39,-2.6419,-119.834) (1264.27,-50.994,-102.22) (1290.24,-56.8144,-70.8436) (1322.36,-8.46236,-88.4574)
  f[0][1] pts=5 (1322.36,-8.46236,-88.4574) (1296.39,-2.6419,-119.834) (1264.27,-50.994,-102.22) (1290.24,-56.8144,-70.8436) (1322.36,-8.46236,-88.4574)
  m[1][0] pts=5 (1239.35,-105.557,-88.5494) (1232.16,-99.3461,-84.6066) (1264.27,-50.994,-102.22) (1271.46,-57.2052,-106.163) (1239.35,-105.557,-88.5494)
  m[1][1] pts=5 (1239.35,-105.557,-88.5494) (1232.16,-99.3461,-84.6066) (1264.27,-50.994,-102.22) (1271.46,-57.2052,-106.163) (1239.35,-105.557,-88.5494)
  f[1][0] pts=5 (1329.55,-14.6736,-92.4002) (1303.58,-8.85311,-123.777) (1271.46,-57.2052,-106.163) (1297.43,-63.0256,-74.7865) (1329.55,-14.6736,-92.4002)
  f[1][1] pts=5 (1329.55,-14.6736,-92.4002) (1303.58,-8.85311,-123.777) (1271.46,-57.2052,-106.163) (1297.43,-63.0256,-74.7865) (1329.55,-14.6736,-92.4002)
joint 23 type=30 v0=3 v1=25 f0_0=2 f1_0=4 name=cr_c_ip_0 orient=1 div=1 shift=0.5
  jv[0] pts=5 (1168.63,-90.4513,-49.7623) (1175.81,-96.6625,-53.7052) (1201.79,-102.483,-22.3285) (1194.6,-96.2717,-18.3856) (1168.63,-90.4513,-49.7623)
  jv[1] pts=5 (1200.74,-42.0994,-67.3759) (1207.93,-48.3106,-71.3188) (1233.9,-54.1311,-39.9421) (1226.71,-47.9199,-35.9993) (1200.74,-42.0994,-67.3759)
  m[0][0] pts=5 (1185.73,-126.659,-13.5217) (1178.54,-120.448,-9.57882) (1210.66,-72.0958,-27.1925) (1217.84,-78.307,-31.1353) (1185.73,-126.659,-13.5217)
  m[0][1] pts=5 (1185.73,-126.659,-13.5217) (1178.54,-120.448,-9.57882) (1210.66,-72.0958,-27.1925) (1217.84,-78.307,-31.1353) (1185.73,-126.659,-13.5217)
  f[0][0] pts=5 (1242.77,-23.744,-44.8061) (1216.8,-17.9235,-76.1828) (1184.68,-66.2753,-58.5691) (1210.66,-72.0958,-27.1925) (1242.77,-23.744,-44.8061)
  f[0][1] pts=5 (1242.77,-23.744,-44.8061) (1216.8,-17.9235,-76.1828) (1184.68,-66.2753,-58.5691) (1210.66,-72.0958,-27.1925) (1242.77,-23.744,-44.8061)
  m[1][0] pts=5 (1159.76,-120.838,-44.8983) (1152.57,-114.627,-40.9555) (1184.68,-66.2753,-58.5691) (1191.87,-72.4866,-62.512) (1159.76,-120.838,-44.8983)
  m[1][1] pts=5 (1159.76,-120.838,-44.8983) (1152.57,-114.627,-40.9555) (1184.68,-66.2753,-58.5691) (1191.87,-72.4866,-62.512) (1159.76,-120.838,-44.8983)
  f[1][0] pts=5 (1249.96,-29.9552,-48.7489) (1223.99,-24.1347,-80.1256) (1191.87,-72.4866,-62.512) (1217.84,-78.307,-31.1353) (1249.96,-29.9552,-48.7489)
  f[1][1] pts=5 (1249.96,-29.9552,-48.7489) (1223.99,-24.1347,-80.1256) (1191.87,-72.4866,-62.512) (1217.84,-78.307,-31.1353) (1249.96,-29.9552,-48.7489)
joint 24 type=30 v0=3 v1=26 f0_0=2 f1_0=4 name=cr_c_ip_0 orient=1 div=1 shift=0.5
  jv[0] pts=5 (1089.04,-105.732,-6.11117) (1096.23,-111.944,-10.054) (1122.2,-117.764,21.3227) (1115.01,-111.553,25.2655) (1089.04,-105.732,-6.11117)
  jv[1] pts=5 (1121.15,-57.3809,-23.7247) (1128.34,-63.5922,-27.6676) (1154.31,-69.4126,3.70912) (1147.12,-63.2014,7.65197) (1121.15,-57.3809,-23.7247)
  m[0][0] pts=5 (1106.14,-141.94,30.1294) (1098.95,-135.729,34.0723) (1131.07,-87.3772,16.4587) (1138.25,-93.5884,12.5159) (1106.14,-141.94,30.1294)
  m[0][1] pts=5 (1106.14,-141.94,30.1294) (1098.95,-135.729,34.0723) (1131.07,-87.3772,16.4587) (1138.25,-93.5884,12.5159) (1106.14,-141.94,30.1294)
  f[0][0] pts=5 (1163.18,-39.0256,-1.1548) (1137.21,-33.2052,-32.5315) (1105.09,-81.5567,-14.9179) (1131.07,-87.3772,16.4587) (1163.18,-39.0256,-1.1548)
  f[0][1] pts=5 (1163.18,-39.0256,-1.1548) (1137.21,-33.2052,-32.5315) (1105.09,-81.5567,-14.9179) (1131.07,-87.3772,16.4587) (1163.18,-39.0256,-1.1548)
  m[1][0] pts=5 (1080.17,-136.119,-1.24726) (1072.98,-129.908,2.69559) (1105.09,-81.5567,-14.9179) (1112.28,-87.7679,-18.8608) (1080.17,-136.119,-1.24726)
  m[1][1] pts=5 (1080.17,-136.119,-1.24726) (1072.98,-129.908,2.69559) (1105.09,-81.5567,-14.9179) (1112.28,-87.7679,-18.8608) (1080.17,-136.119,-1.24726)
  f[1][0] pts=5 (1170.37,-45.2368,-5.09765) (1144.4,-39.4164,-36.4743) (1112.28,-87.7679,-18.8608) (1138.25,-93.5884,12.5159) (1170.37,-45.2368,-5.09765)
  f[1][1] pts=5 (1170.37,-45.2368,-5.09765) (1144.4,-39.4164,-36.4743) (1112.28,-87.7679,-18.8608) (1138.25,-93.5884,12.5159) (1170.37,-45.2368,-5.09765)
joint 25 type=30 v0=3 v1=27 f0_0=6 f1_0=4 name=cr_c_ip_0 orient=1 div=1 shift=0.5
  jv[0] pts=5 (1255.35,81.1467,-97.3284) (1248.16,74.9358,-93.3851) (1274.14,80.761,-62.012) (1281.33,86.9718,-65.9553) (1255.35,81.1467,-97.3284)
  jv[1] pts=5 (1287.51,32.7206,-114.966) (1280.32,26.5098,-111.023) (1306.3,32.3349,-79.6497) (1313.49,38.5458,-83.593) (1287.51,32.7206,-114.966)
  m[0][0] pts=5 (1258.06,104.974,-53.1932) (1265.25,111.185,-57.1365) (1297.41,62.7588,-74.7742) (1290.22,56.5479,-70.8309) (1258.06,104.974,-53.1932)
  m[0][1] pts=5 (1258.06,104.974,-53.1932) (1265.25,111.185,-57.1365) (1297.41,62.7588,-74.7742) (1290.22,56.5479,-70.8309) (1258.06,104.974,-53.1932)
  f[0][0] pts=5 (1329.57,14.3328,-92.4119) (1303.59,8.50762,-123.785) (1271.43,56.9337,-106.147) (1297.41,62.7588,-74.7742) (1329.57,14.3328,-92.4119)
  f[0][1] pts=5 (1329.57,14.3328,-92.4119) (1303.59,8.50762,-123.785) (1271.43,56.9337,-106.147) (1297.41,62.7588,-74.7742) (1329.57,14.3328,-92.4119)
  m[1][0] pts=5 (1232.08,99.1488,-84.5663) (1239.27,105.36,-88.5096) (1271.43,56.9337,-106.147) (1264.24,50.7228,-102.204) (1232.08,99.1488,-84.5663)
  m[1][1] pts=5 (1232.08,99.1488,-84.5663) (1239.27,105.36,-88.5096) (1271.43,56.9337,-106.147) (1264.24,50.7228,-102.204) (1232.08,99.1488,-84.5663)
  f[1][0] pts=5 (1322.38,8.1219,-88.4686) (1296.4,2.29677,-119.842) (1264.24,50.7228,-102.204) (1290.22,56.5479,-70.8309) (1322.38,8.1219,-88.4686)
  f[1][1] pts=5 (1322.38,8.1219,-88.4686) (1296.4,2.29677,-119.842) (1264.24,50.7228,-102.204) (1290.22,56.5479,-70.8309) (1322.38,8.1219,-88.4686)
joint 26 type=30 v0=3 v1=28 f0_0=6 f1_0=4 name=cr_c_ip_0 orient=1 div=1 shift=0.5
  jv[0] pts=5 (1175.77,96.4256,-53.6781) (1168.58,90.2147,-49.7348) (1194.55,96.0399,-18.3617) (1201.74,102.251,-22.305) (1175.77,96.4256,-53.6781)
  jv[1] pts=5 (1207.92,48.0021,-71.3148) (1200.73,41.7913,-67.3715) (1226.71,47.6164,-35.9984) (1233.9,53.8272,-39.9417) (1207.92,48.0021,-71.3148)
  m[0][0] pts=5 (1178.48,120.252,-9.54329) (1185.67,126.462,-13.4866) (1217.82,78.039,-31.1233) (1210.63,71.8281,-27.18) (1178.48,120.252,-9.54329)
  m[0][1] pts=5 (1178.48,120.252,-9.54329) (1185.67,126.462,-13.4866) (1217.82,78.039,-31.1233) (1210.63,71.8281,-27.18) (1178.48,120.252,-9.54329)
  f[0][0] pts=5 (1249.98,29.6155,-48.7601) (1224,23.7904,-80.1332) (1191.84,72.2138,-62.4964) (1217.82,78.039,-31.1233) (1249.98,29.6155,-48.7601)
  f[0][1] pts=5 (1249.98,29.6155,-48.7601) (1224,23.7904,-80.1332) (1191.84,72.2138,-62.4964) (1217.82,78.039,-31.1233) (1249.98,29.6155,-48.7601)
  m[1][0] pts=5 (1152.5,114.426,-40.9164) (1159.69,120.637,-44.8597) (1191.84,72.2138,-62.4964) (1184.65,66.003,-58.5531) (1152.5,114.426,-40.9164)
  m[1][1] pts=5 (1152.5,114.426,-40.9164) (1159.69,120.637,-44.8597) (1191.84,72.2138,-62.4964) (1184.65,66.003,-58.5531) (1152.5,114.426,-40.9164)
  f[1][0] pts=5 (1242.79,23.4047,-44.8168) (1216.81,17.5795,-76.1899) (1184.65,66.003,-58.5531) (1210.63,71.8281,-27.18) (1242.79,23.4047,-44.8168)
  f[1][1] pts=5 (1242.79,23.4047,-44.8168) (1216.81,17.5795,-76.1899) (1184.65,66.003,-58.5531) (1210.63,71.8281,-27.18) (1242.79,23.4047,-44.8168)
joint 27 type=30 v0=3 v1=29 f0_0=6 f1_0=4 name=cr_c_ip_0 orient=1 div=1 shift=0.5
  jv[0] pts=5 (1096.18,111.704,-10.0277) (1088.99,105.494,-6.08439) (1114.97,111.319,25.2887) (1122.16,117.53,21.3454) (1096.18,111.704,-10.0277)
  jv[1] pts=5 (1128.33,63.2836,-27.6635) (1121.14,57.0727,-23.7202) (1147.12,62.8979,7.65288) (1154.31,69.1087,3.70959) (1128.33,63.2836,-27.6635)
  m[0][0] pts=5 (1098.89,135.529,34.1066) (1106.08,141.74,30.1633) (1138.23,93.3192,12.5275) (1131.04,87.1083,16.4708) (1098.89,135.529,34.1066)
  m[0][1] pts=5 (1098.89,135.529,34.1066) (1106.08,141.74,30.1633) (1138.23,93.3192,12.5275) (1131.04,87.1083,16.4708) (1098.89,135.529,34.1066)
  f[0][0] pts=5 (1170.39,44.8983,-5.10832) (1144.41,39.0731,-36.4814) (1112.26,87.494,-18.8456) (1138.23,93.3192,12.5275) (1170.39,44.8983,-5.10832)
  f[0][1] pts=5 (1170.39,44.8983,-5.10832) (1144.41,39.0731,-36.4814) (1112.26,87.494,-18.8456) (1138.23,93.3192,12.5275) (1170.39,44.8983,-5.10832)
  m[1][0] pts=5 (1072.91,129.704,2.73352) (1080.1,135.915,-1.20977) (1112.26,87.494,-18.8456) (1105.07,81.2832,-14.9023) (1072.91,129.704,2.73352)
  m[1][1] pts=5 (1072.91,129.704,2.73352) (1080.1,135.915,-1.20977) (1112.26,87.494,-18.8456) (1105.07,81.2832,-14.9023) (1072.91,129.704,2.73352)
  f[1][0] pts=5 (1163.2,38.6874,-1.16503) (1137.22,32.8623,-32.5381) (1105.07,81.2832,-14.9023) (1131.04,87.1083,16.4708) (1163.2,38.6874,-1.16503)
  f[1][1] pts=5 (1163.2,38.6874,-1.16503) (1137.22,32.8623,-32.5381) (1105.07,81.2832,-14.9023) (1131.04,87.1083,16.4708) (1163.2,38.6874,-1.16503)
joint 28 type=30 v0=3 v1=31 f0_0=3 f1_0=8 name=cr_c_ip_0 orient=1 div=1 shift=0.5
  jv[0] pts=5 (946.053,-113.015,72.309) (937.388,-111.479,77.061) (956.307,-111.423,112.306) (964.972,-112.959,107.554) (946.053,-113.015,72.309)
  jv[1] pts=5 (954.316,-52.356,67.7771) (945.651,-50.8207,72.5291) (964.57,-50.7647,107.774) (973.235,-52.3,103.022) (954.316,-52.356,67.7771)
  m[0][0] pts=5 (952.176,-141.753,114.572) (960.84,-143.288,109.82) (969.103,-82.6294,105.288) (960.439,-81.0941,110.04) (952.176,-141.753,114.572)
  m[0][1] pts=5 (952.176,-141.753,114.572) (960.84,-143.288,109.82) (969.103,-82.6294,105.288) (960.439,-81.0941,110.04) (952.176,-141.753,114.572)
  f[0][0] pts=5 (977.366,-21.9707,100.756) (958.447,-22.0267,65.5111) (950.184,-82.6854,70.043) (969.103,-82.6294,105.288) (977.366,-21.9707,100.756)
  f[0][1] pts=5 (977.366,-21.9707,100.756) (958.447,-22.0267,65.5111) (950.184,-82.6854,70.043) (969.103,-82.6294,105.288) (977.366,-21.9707,100.756)
  m[1][0] pts=5 (933.257,-141.809,79.3269) (941.921,-143.344,74.575) (950.184,-82.6854,70.043) (941.52,-81.1501,74.795) (933.257,-141.809,79.3269)
  m[1][1] pts=5 (933.257,-141.809,79.3269) (941.921,-143.344,74.575) (950.184,-82.6854,70.043) (941.52,-81.1501,74.795) (933.257,-141.809,79.3269)
  f[1][0] pts=5 (968.702,-20.4354,105.508) (949.783,-20.4914,70.2631) (941.52,-81.1501,74.795) (960.439,-81.0941,110.04) (968.702,-20.4354,105.508)
  f[1][1] pts=5 (968.702,-20.4354,105.508) (949.783,-20.4914,70.2631) (941.52,-81.1501,74.795) (960.439,-81.0941,110.04) (968.702,-20.4354,105.508)
joint 29 type=30 v0=3 v1=32 f0_0=3 f1_0=8 name=cr_c_ip_0 orient=1 div=1 shift=0.5
  jv[0] pts=5 (866.744,-99.2537,115.806) (858.08,-97.7184,120.558) (876.999,-97.6624,155.803) (885.663,-99.1977,151.051) (866.744,-99.2537,115.806)
  jv[1] pts=5 (875.008,-38.592,111.274) (866.343,-37.0567,116.026) (885.262,-37.0007,151.271) (893.927,-38.536,146.519) (875.008,-38.592,111.274)
  m[0][0] pts=5 (872.867,-127.993,158.069) (881.532,-129.529,153.317) (889.795,-68.8668,148.785) (881.131,-67.3315,153.537) (872.867,-127.993,158.069)
  m[0][1] pts=5 (872.867,-127.993,158.069) (881.532,-129.529,153.317) (889.795,-68.8668,148.785) (881.131,-67.3315,153.537) (872.867,-127.993,158.069)
  f[0][0] pts=5 (898.058,-8.20511,144.253) (879.139,-8.26113,109.008) (870.876,-68.9229,113.54) (889.795,-68.8668,148.785) (898.058,-8.20511,144.253)
  f[0][1] pts=5 (898.058,-8.20511,144.253) (879.139,-8.26113,109.008) (870.876,-68.9229,113.54) (889.795,-68.8668,148.785) (898.058,-8.20511,144.253)
  m[1][0] pts=5 (853.948,-128.049,122.824) (862.613,-129.585,118.072) (870.876,-68.9229,113.54) (862.212,-67.3876,118.292) (853.948,-128.049,122.824)
  m[1][1] pts=5 (853.948,-128.049,122.824) (862.613,-129.585,118.072) (870.876,-68.9229,113.54) (862.212,-67.3876,118.292) (853.948,-128.049,122.824)
  f[1][0] pts=5 (889.394,-6.66981,149.005) (870.475,-6.72584,113.76) (862.212,-67.3876,118.292) (881.131,-67.3315,153.537) (889.394,-6.66981,149.005)
  f[1][1] pts=5 (889.394,-6.66981,149.005) (870.475,-6.72584,113.76) (862.212,-67.3876,118.292) (881.131,-67.3315,153.537) (889.394,-6.66981,149.005)
joint 30 type=30 v0=3 v1=33 f0_0=3 f1_0=8 name=cr_c_ip_0 orient=1 div=1 shift=0.5
  jv[0] pts=5 (787.436,-85.4927,159.303) (778.772,-83.9574,164.055) (797.691,-83.9014,199.3) (806.355,-85.4367,194.548) (787.436,-85.4927,159.303)
  jv[1] pts=5 (795.7,-24.828,154.771) (787.035,-23.2927,159.523) (805.954,-23.2366,194.768) (814.619,-24.7719,190.016) (795.7,-24.828,154.771)
  m[0][0] pts=5 (793.559,-114.234,201.566) (802.223,-115.769,196.814) (810.487,-55.1043,192.282) (801.823,-53.569,197.034) (793.559,-114.234,201.566)
  m[0][1] pts=5 (793.559,-114.234,201.566) (802.223,-115.769,196.814) (810.487,-55.1043,192.282) (801.823,-53.569,197.034) (793.559,-114.234,201.566)
  f[0][0] pts=5 (818.751,5.56044,187.749) (799.832,5.50441,152.505) (791.568,-55.1603,157.037) (810.487,-55.1043,192.282) (818.751,5.56044,187.749)
  f[0][1] pts=5 (818.751,5.56044,187.749) (799.832,5.50441,152.505) (791.568,-55.1603,157.037) (810.487,-55.1043,192.282) (818.751,5.56044,187.749)
  m[1][0] pts=5 (774.64,-114.29,166.321) (783.304,-115.825,161.569) (791.568,-55.1603,157.037) (782.903,-53.625,161.789) (774.64,-114.29,166.321)
  m[1][1] pts=5 (774.64,-114.29,166.321) (783.304,-115.825,161.569) (791.568,-55.1603,157.037) (782.903,-53.625,161.789) (774.64,-114.29,166.321)
  f[1][0] pts=5 (810.086,7.09573,192.501) (791.167,7.03971,157.257) (782.903,-53.625,161.789) (801.823,-53.569,197.034) (810.086,7.09573,192.501)
  f[1][1] pts=5 (810.086,7.09573,192.501) (791.167,7.03971,157.257) (782.903,-53.625,161.789) (801.823,-53.569,197.034) (810.086,7.09573,192.501)
joint 31 type=30 v0=3 v1=34 f0_0=4 f1_0=8 name=cr_c_ip_0 orient=1 div=1 shift=0.5
  jv[0] pts=5 (704.547,-10.4718,204.764) (698.268,-3.40017,208.208) (714.672,-0.210716,244.832) (720.95,-7.28239,241.389) (704.547,-10.4718,204.764)
  jv[1] pts=5 (738.354,28.5728,186.222) (732.075,35.6445,189.666) (748.479,38.834,226.29) (754.757,31.7623,222.847) (738.354,28.5728,186.222)
  m[0][0] pts=5 (697.768,-19.7331,254.103) (704.047,-26.8047,250.659) (737.854,12.24,232.118) (731.575,19.3116,235.561) (697.768,-19.7331,254.103)
  m[0][1] pts=5 (697.768,-19.7331,254.103) (704.047,-26.8047,250.659) (737.854,12.24,232.118) (731.575,19.3116,235.561) (697.768,-19.7331,254.103)
  f[0][0] pts=5 (771.661,51.2846,213.576) (755.258,48.0952,176.951) (721.45,9.0505,195.493) (737.854,12.24,232.118) (771.661,51.2846,213.576)
  f[0][1] pts=5 (771.661,51.2846,213.576) (755.258,48.0952,176.951) (721.45,9.0505,195.493) (737.854,12.24,232.118) (771.661,51.2846,213.576)
  m[1][0] pts=5 (681.365,-22.9225,217.478) (687.643,-29.9942,214.035) (721.45,9.0505,195.493) (715.172,16.1222,198.937) (681.365,-22.9225,217.478)
  m[1][1] pts=5 (681.365,-22.9225,217.478) (687.643,-29.9942,214.035) (721.45,9.0505,195.493) (715.172,16.1222,198.937) (681.365,-22.9225,217.478)
  f[1][0] pts=5 (765.382,58.3563,217.02) (748.979,55.1669,180.395) (715.172,16.1222,198.937) (731.575,19.3116,235.561) (765.382,58.3563,217.02)
  f[1][1] pts=5 (765.382,58.3563,217.02) (748.979,55.1669,180.395) (715.172,16.1222,198.937) (731.575,19.3116,235.561) (765.382,58.3563,217.02)
joint 32 type=30 v0=3 v1=35 f0_0=5 f1_0=8 name=cr_c_ip_0 orient=1 div=1 shift=0.5
  jv[0] pts=5 (932.01,106.6,80.0105) (938.937,112.947,76.2115) (962.656,117.055,108.824) (955.729,110.708,112.623) (932.01,106.6,80.0105)
  jv[1] pts=5 (966.008,58.3327,61.3645) (972.934,64.6792,57.5655) (996.653,68.7873,90.1779) (989.727,62.4408,93.9769) (966.008,58.3327,61.3645)
  m[0][0] pts=5 (945.657,141.188,118.147) (938.731,134.842,121.946) (972.728,86.5745,103.3) (979.655,92.921,99.5009) (945.657,141.188,118.147)
  m[0][1] pts=5 (945.657,141.188,118.147) (938.731,134.842,121.946) (972.728,86.5745,103.3) (979.655,92.921,99.5009) (945.657,141.188,118.147)
  f[0][0] pts=5 (1006.73,38.3071,84.6539) (983.006,34.199,52.0415) (949.009,82.4664,70.6875) (972.728,86.5745,103.3) (1006.73,38.3071,84.6539)
  f[0][1] pts=5 (1006.73,38.3071,84.6539) (983.006,34.199,52.0415) (949.009,82.4664,70.6875) (972.728,86.5745,103.3) (1006.73,38.3071,84.6539)
  m[1][0] pts=5 (921.938,137.08,85.5345) (915.012,130.734,89.3335) (949.009,82.4664,70.6875) (955.936,88.8129,66.8885) (921.938,137.08,85.5345)
  m[1][1] pts=5 (921.938,137.08,85.5345) (915.012,130.734,89.3335) (949.009,82.4664,70.6875) (955.936,88.8129,66.8885) (921.938,137.08,85.5345)
  f[1][0] pts=5 (1013.65,44.6536,80.8549) (989.933,40.5455,48.2425) (955.936,88.8129,66.8885) (979.655,92.921,99.5009) (1013.65,44.6536,80.8549)
  f[1][1] pts=5 (1013.65,44.6536,80.8549) (989.933,40.5455,48.2425) (955.936,88.8129,66.8885) (979.655,92.921,99.5009) (1013.65,44.6536,80.8549)
joint 33 type=30 v0=3 v1=36 f0_0=5 f1_0=8 name=cr_c_ip_0 orient=1 div=1 shift=0.5
  jv[0] pts=5 (852.707,92.83,123.505) (859.634,99.1765,119.706) (883.353,103.285,152.318) (876.426,96.9381,156.117) (852.707,92.83,123.505)
  jv[1] pts=5 (886.7,44.5689,104.861) (893.627,50.9153,101.062) (917.346,55.0235,133.674) (910.419,48.677,137.473) (886.7,44.5689,104.861)
  m[0][0] pts=5 (866.356,127.415,161.64) (859.43,121.069,165.439) (893.423,72.8076,146.795) (900.349,79.154,142.996) (866.356,127.415,161.64)
  m[0][1] pts=5 (866.356,127.415,161.64) (859.43,121.069,165.439) (893.423,72.8076,146.795) (900.349,79.154,142.996) (866.356,127.415,161.64)
  f[0][0] pts=5 (927.416,24.5464,128.152) (903.697,20.4383,95.5392) (869.704,68.6995,114.183) (893.423,72.8076,146.795) (927.416,24.5464,128.152)
  f[0][1] pts=5 (927.416,24.5464,128.152) (903.697,20.4383,95.5392) (869.704,68.6995,114.183) (893.423,72.8076,146.795) (927.416,24.5464,128.152)
  m[1][0] pts=5 (842.638,123.307,129.027) (835.711,116.961,132.826) (869.704,68.6995,114.183) (876.631,75.0459,110.384) (842.638,123.307,129.027)
  m[1][1] pts=5 (842.638,123.307,129.027) (835.711,116.961,132.826) (869.704,68.6995,114.183) (876.631,75.0459,110.384) (842.638,123.307,129.027)
  f[1][0] pts=5 (934.342,30.8929,124.353) (910.623,26.7848,91.7403) (876.631,75.0459,110.384) (900.349,79.154,142.996) (934.342,30.8929,124.353)
  f[1][1] pts=5 (934.342,30.8929,124.353) (910.623,26.7848,91.7403) (876.631,75.0459,110.384) (900.349,79.154,142.996) (934.342,30.8929,124.353)
joint 34 type=30 v0=3 v1=37 f0_0=5 f1_0=8 name=cr_c_ip_0 orient=1 div=1 shift=0.5
  jv[0] pts=5 (773.404,79.06,166.999) (780.331,85.4064,163.2) (804.05,89.5145,195.812) (797.123,83.1681,199.611) (773.404,79.06,166.999)
  jv[1] pts=5 (807.393,30.8051,148.358) (814.32,37.1515,144.559) (838.038,41.2596,177.171) (831.112,34.9132,180.97) (807.393,30.8051,148.358)
  m[0][0] pts=5 (787.056,113.642,205.133) (780.129,107.296,208.932) (814.117,59.0406,190.291) (821.044,65.3871,186.492) (787.056,113.642,205.133)
  m[0][1] pts=5 (787.056,113.642,205.133) (780.129,107.296,208.932) (814.117,59.0406,190.291) (821.044,65.3871,186.492) (787.056,113.642,205.133)
  f[0][0] pts=5 (848.106,10.7857,171.649) (824.387,6.67762,139.037) (790.399,54.9325,157.678) (814.117,59.0406,190.291) (848.106,10.7857,171.649)
  f[0][1] pts=5 (848.106,10.7857,171.649) (824.387,6.67762,139.037) (790.399,54.9325,157.678) (814.117,59.0406,190.291) (848.106,10.7857,171.649)
  m[1][0] pts=5 (763.337,109.534,172.52) (756.41,103.187,176.319) (790.399,54.9325,157.678) (797.325,61.279,153.879) (763.337,109.534,172.52)
  m[1][1] pts=5 (763.337,109.534,172.52) (756.41,103.187,176.319) (790.399,54.9325,157.678) (797.325,61.279,153.879) (763.337,109.534,172.52)
  f[1][0] pts=5 (855.033,17.1322,167.85) (831.314,13.0241,135.238) (797.325,61.279,153.879) (821.044,65.3871,186.492) (855.033,17.1322,167.85)
  f[1][1] pts=5 (855.033,17.1322,167.85) (831.314,13.0241,135.238) (797.325,61.279,153.879) (821.044,65.3871,186.492) (855.033,17.1322,167.85)
joint 35 type=30 v0=4 v1=23 f0_0=7 f1_0=4 name=cr_c_ip_0 orient=1 div=1 shift=0.5
  jv[0] pts=5 (1013.12,-160.469,-0.385745) (1013.06,-152.703,5.91794) (1024.39,-177.482,35.2135) (1024.45,-185.248,28.9098) (1013.12,-160.469,-0.385745)
  jv[1] pts=5 (964.168,-169.807,10.6551) (964.109,-162.042,16.9587) (975.444,-186.821,46.2543) (975.503,-194.586,39.9506) (964.168,-169.807,10.6551)
  m[0][0] pts=5 (1048.87,-172.813,29.6931) (1048.93,-180.578,23.3894) (999.978,-189.917,34.4302) (999.919,-182.151,40.7339) (1048.87,-172.813,29.6931)
  m[0][1] pts=5 (1048.87,-172.813,29.6931) (1048.93,-180.578,23.3894) (999.978,-189.917,34.4302) (999.919,-182.151,40.7339) (1048.87,-172.813,29.6931)
  f[0][0] pts=5 (951.028,-199.255,45.471) (939.693,-174.476,16.1755) (988.643,-165.138,5.13466) (999.978,-189.917,34.4302) (951.028,-199.255,45.471)
  f[0][1] pts=5 (951.028,-199.255,45.471) (939.693,-174.476,16.1755) (988.643,-165.138,5.13466) (999.978,-189.917,34.4302) (951.028,-199.255,45.471)
  m[1][0] pts=5 (1037.53,-148.034,0.397536) (1037.59,-155.799,-5.90615) (988.643,-165.138,5.13466) (988.584,-157.372,11.4383) (1037.53,-148.034,0.397536)
  m[1][1] pts=5 (1037.53,-148.034,0.397536) (1037.59,-155.799,-5.90615) (988.643,-165.138,5.13466) (988.584,-157.372,11.4383) (1037.53,-148.034,0.397536)
  f[1][0] pts=5 (950.969,-191.49,51.7747) (939.634,-166.711,22.4791) (988.584,-157.372,11.4383) (999.919,-182.151,40.7339) (950.969,-191.49,51.7747)
  f[1][1] pts=5 (950.969,-191.49,51.7747) (939.634,-166.711,22.4791) (988.584,-157.372,11.4383) (999.919,-182.151,40.7339) (950.969,-191.49,51.7747)
joint 36 type=30 v0=4 v1=31 f0_0=6 f1_0=4 name=cr_c_ip_0 orient=1 div=1 shift=0.5
  jv[0] pts=5 (954.102,-89.3663,79.5414) (945.368,-87.776,84.1453) (957.017,-111.959,113.804) (965.751,-113.549,109.2) (954.102,-89.3663,79.5414)
  jv[1] pts=5 (929.857,-137.193,50.0674) (921.123,-135.603,54.6714) (932.772,-159.786,84.3301) (941.506,-161.376,79.7262) (929.857,-137.193,50.0674)
  m[0][0] pts=5 (969.139,-88.0451,128.541) (977.873,-89.6354,123.937) (953.628,-137.462,94.4631) (944.894,-135.872,99.0671) (969.139,-88.0451,128.541)
  m[0][1] pts=5 (969.139,-88.0451,128.541) (977.873,-89.6354,123.937) (953.628,-137.462,94.4631) (944.894,-135.872,99.0671) (969.139,-88.0451,128.541)
  f[0][0] pts=5 (929.383,-185.29,64.9892) (917.734,-161.107,35.3304) (941.98,-113.28,64.8044) (953.628,-137.462,94.4631) (929.383,-185.29,64.9892)
  f[0][1] pts=5 (929.383,-185.29,64.9892) (917.734,-161.107,35.3304) (941.98,-113.28,64.8044) (953.628,-137.462,94.4631) (929.383,-185.29,64.9892)
  m[1][0] pts=5 (957.491,-63.8625,98.8823) (966.225,-65.4528,94.2783) (941.98,-113.28,64.8044) (933.246,-111.69,69.4083) (957.491,-63.8625,98.8823)
  m[1][1] pts=5 (957.491,-63.8625,98.8823) (966.225,-65.4528,94.2783) (941.98,-113.28,64.8044) (933.246,-111.69,69.4083) (957.491,-63.8625,98.8823)
  f[1][0] pts=5 (920.649,-183.699,69.5931) (909,-159.517,39.9344) (933.246,-111.69,69.4083) (944.894,-135.872,99.0671) (920.649,-183.699,69.5931)
  f[1][1] pts=5 (920.649,-183.699,69.5931) (909,-159.517,39.9344) (933.246,-111.69,69.4083) (944.894,-135.872,99.0671) (920.649,-183.699,69.5931)
joint 37 type=30 v0=4 v1=32 f0_0=6 f1_0=4 name=cr_c_ip_0 orient=1 div=1 shift=0.5
  jv[0] pts=5 (874.084,-75.0359,121.528) (865.35,-73.4456,126.132) (876.998,-97.6282,155.791) (885.732,-99.2185,151.187) (874.084,-75.0359,121.528)
  jv[1] pts=5 (849.837,-122.867,92.0515) (841.103,-121.277,96.6554) (852.751,-145.459,126.314) (861.485,-147.05,121.71) (849.837,-122.867,92.0515)
  m[0][0] pts=5 (889.122,-73.7127,170.529) (897.856,-75.303,165.925) (873.609,-123.134,136.448) (864.875,-121.544,141.052) (889.122,-73.7127,170.529)
  m[0][1] pts=5 (889.122,-73.7127,170.529) (897.856,-75.303,165.925) (873.609,-123.134,136.448) (864.875,-121.544,141.052) (889.122,-73.7127,170.529)
  f[0][0] pts=5 (849.362,-170.965,106.972) (837.713,-146.783,77.3132) (861.96,-98.9514,106.79) (873.609,-123.134,136.448) (849.362,-170.965,106.972)
  f[0][1] pts=5 (849.362,-170.965,106.972) (837.713,-146.783,77.3132) (861.96,-98.9514,106.79) (873.609,-123.134,136.448) (849.362,-170.965,106.972)
  m[1][0] pts=5 (877.473,-49.5301,140.87) (886.207,-51.1204,136.266) (861.96,-98.9514,106.79) (853.226,-97.3611,111.394) (877.473,-49.5301,140.87)
  m[1][1] pts=5 (877.473,-49.5301,140.87) (886.207,-51.1204,136.266) (861.96,-98.9514,106.79) (853.226,-97.3611,111.394) (877.473,-49.5301,140.87)
  f[1][0] pts=5 (840.628,-169.375,111.576) (828.979,-145.192,81.9172) (853.226,-97.3611,111.394) (864.875,-121.544,141.052) (840.628,-169.375,111.576)
  f[1][1] pts=5 (840.628,-169.375,111.576) (828.979,-145.192,81.9172) (853.226,-97.3611,111.394) (864.875,-121.544,141.052) (840.628,-169.375,111.576)
joint 38 type=30 v0=4 v1=33 f0_0=6 f1_0=4 name=cr_c_ip_0 orient=1 div=1 shift=0.5
  jv[0] pts=5 (794.065,-60.7055,163.514) (785.331,-59.1152,168.118) (796.98,-83.2978,197.777) (805.714,-84.8881,193.173) (794.065,-60.7055,163.514)
  jv[1] pts=5 (769.816,-108.541,134.036) (761.082,-106.95,138.639) (772.731,-131.133,168.298) (781.465,-132.723,163.694) (769.816,-108.541,134.036)
  m[0][0] pts=5 (809.105,-59.3803,212.517) (817.839,-60.9706,207.913) (793.589,-108.806,178.434) (784.855,-107.215,183.038) (809.105,-59.3803,212.517)
  m[0][1] pts=5 (809.105,-59.3803,212.517) (817.839,-60.9706,207.913) (793.589,-108.806,178.434) (784.855,-107.215,183.038) (809.105,-59.3803,212.517)
  f[0][0] pts=5 (769.34,-156.641,148.955) (757.691,-132.458,119.296) (781.941,-84.6231,148.775) (793.589,-108.806,178.434) (769.34,-156.641,148.955)
  f[0][1] pts=5 (769.34,-156.641,148.955) (757.691,-132.458,119.296) (781.941,-84.6231,148.775) (793.589,-108.806,178.434) (769.34,-156.641,148.955)
  m[1][0] pts=5 (797.456,-35.1976,182.858) (806.19,-36.7879,178.254) (781.941,-84.6231,148.775) (773.207,-83.0327,153.379) (797.456,-35.1976,182.858)
  m[1][1] pts=5 (797.456,-35.1976,182.858) (806.19,-36.7879,178.254) (781.941,-84.6231,148.775) (773.207,-83.0327,153.379) (797.456,-35.1976,182.858)
  f[1][0] pts=5 (760.606,-155.051,153.559) (748.957,-130.868,123.9) (773.207,-83.0327,153.379) (784.855,-107.215,183.038) (760.606,-155.051,153.559)
  f[1][1] pts=5 (760.606,-155.051,153.559) (748.957,-130.868,123.9) (773.207,-83.0327,153.379) (784.855,-107.215,183.038) (760.606,-155.051,153.559)
joint 39 type=30 v0=4 v1=38 f0_0=4 f1_0=8 name=cr_c_ip_0 orient=1 div=1 shift=0.5
  jv[0] pts=5 (342.77,-188.254,231.779) (342.786,-180.475,238.064) (354.117,-204.419,268.037) (354.1,-212.197,261.752) (342.77,-188.254,231.779)
  jv[1] pts=5 (392.317,-179.12,220.346) (392.333,-171.342,226.631) (403.664,-195.285,256.604) (403.647,-203.064,250.319) (392.317,-179.12,220.346)
  m[0][0] pts=5 (329.343,-208.986,273.754) (329.327,-216.764,267.469) (378.874,-207.63,256.036) (378.89,-199.852,262.321) (329.343,-208.986,273.754)
  m[0][1] pts=5 (329.343,-208.986,273.754) (329.327,-216.764,267.469) (378.874,-207.63,256.036) (378.89,-199.852,262.321) (329.343,-208.986,273.754)
  f[0][0] pts=5 (428.421,-198.497,244.602) (417.09,-174.554,214.629) (367.543,-183.687,226.062) (378.874,-207.63,256.036) (428.421,-198.497,244.602)
  f[0][1] pts=5 (428.421,-198.497,244.602) (417.09,-174.554,214.629) (367.543,-183.687,226.062) (378.874,-207.63,256.036) (428.421,-198.497,244.602)
  m[1][0] pts=5 (318.013,-185.042,243.781) (317.996,-192.82,237.496) (367.543,-183.687,226.062) (367.56,-175.909,232.347) (318.013,-185.042,243.781)
  m[1][1] pts=5 (318.013,-185.042,243.781) (317.996,-192.82,237.496) (367.543,-183.687,226.062) (367.56,-175.909,232.347) (318.013,-185.042,243.781)
  f[1][0] pts=5 (428.437,-190.719,250.887) (417.107,-166.775,220.914) (367.56,-175.909,232.347) (378.89,-199.852,262.321) (428.437,-190.719,250.887)
  f[1][1] pts=5 (428.437,-190.719,250.887) (417.107,-166.775,220.914) (367.56,-175.909,232.347) (378.89,-199.852,262.321) (428.437,-190.719,250.887)
joint 40 type=30 v0=4 v1=39 f0_0=5 f1_0=8 name=cr_c_ip_0 orient=1 div=1 shift=0.5
  jv[0] pts=5 (627.202,-63.6467,224.52) (633.242,-68.9695,217.921) (637.861,-87.1797,255.08) (631.821,-81.8568,261.68) (627.202,-63.6467,224.52)
  jv[1] pts=5 (580.694,-100.931,212.03) (586.733,-106.254,205.43) (591.353,-124.464,242.59) (585.313,-119.142,249.19) (580.694,-100.931,212.03)
  m[0][0] pts=5 (661.115,-68.5373,261.325) (655.076,-63.2144,267.925) (608.567,-100.499,255.435) (614.607,-105.822,248.835) (661.115,-68.5373,261.325)
  m[0][1] pts=5 (661.115,-68.5373,261.325) (655.076,-63.2144,267.925) (608.567,-100.499,255.435) (614.607,-105.822,248.835) (661.115,-68.5373,261.325)
  f[0][0] pts=5 (562.059,-137.784,242.944) (557.44,-119.574,205.785) (603.948,-82.2891,218.275) (608.567,-100.499,255.435) (562.059,-137.784,242.944)
  f[0][1] pts=5 (562.059,-137.784,242.944) (557.44,-119.574,205.785) (603.948,-82.2891,218.275) (608.567,-100.499,255.435) (562.059,-137.784,242.944)
  m[1][0] pts=5 (656.496,-50.3271,224.166) (650.457,-45.0043,230.765) (603.948,-82.2891,218.275) (609.988,-87.6119,211.676) (656.496,-50.3271,224.166)
  m[1][1] pts=5 (656.496,-50.3271,224.166) (650.457,-45.0043,230.765) (603.948,-82.2891,218.275) (609.988,-87.6119,211.676) (656.496,-50.3271,224.166)
  f[1][0] pts=5 (568.098,-143.107,236.345) (563.479,-124.897,199.185) (609.988,-87.6119,211.676) (614.607,-105.822,248.835) (568.098,-143.107,236.345)
  f[1][1] pts=5 (568.098,-143.107,236.345) (563.479,-124.897,199.185) (609.988,-87.6119,211.676) (614.607,-105.822,248.835) (568.098,-143.107,236.345)
joint 41 type=30 v0=4 v1=40 f0_0=5 f1_0=8 name=cr_c_ip_0 orient=1 div=1 shift=0.5
  jv[0] pts=5 (538.119,-82.8604,242.819) (544.159,-88.1833,236.219) (548.778,-106.393,273.379) (542.738,-101.071,279.978) (538.119,-82.8604,242.819)
  jv[1] pts=5 (491.616,-120.141,230.33) (497.656,-125.464,223.73) (502.275,-143.674,260.89) (496.235,-138.351,267.489) (491.616,-120.141,230.33)
  m[0][0] pts=5 (572.029,-87.7532,279.623) (565.99,-82.4304,286.223) (519.487,-119.711,273.734) (525.526,-125.034,267.134) (572.029,-87.7532,279.623)
  m[0][1] pts=5 (572.029,-87.7532,279.623) (565.99,-82.4304,286.223) (519.487,-119.711,273.734) (525.526,-125.034,267.134) (572.029,-87.7532,279.623)
  f[0][0] pts=5 (472.984,-156.991,261.245) (468.365,-138.781,224.085) (514.868,-101.501,236.574) (519.487,-119.711,273.734) (472.984,-156.991,261.245)
  f[0][1] pts=5 (472.984,-156.991,261.245) (468.365,-138.781,224.085) (514.868,-101.501,236.574) (519.487,-119.711,273.734) (472.984,-156.991,261.245)
  m[1][0] pts=5 (567.41,-69.5431,242.463) (561.371,-64.2202,249.063) (514.868,-101.501,236.574) (520.907,-106.824,229.975) (567.41,-69.5431,242.463)
  m[1][1] pts=5 (567.41,-69.5431,242.463) (561.371,-64.2202,249.063) (514.868,-101.501,236.574) (520.907,-106.824,229.975) (567.41,-69.5431,242.463)
  f[1][0] pts=5 (479.023,-162.314,254.646) (474.404,-144.104,217.486) (520.907,-106.824,229.975) (525.526,-125.034,267.134) (479.023,-162.314,254.646)
  f[1][1] pts=5 (479.023,-162.314,254.646) (474.404,-144.104,217.486) (520.907,-106.824,229.975) (525.526,-125.034,267.134) (479.023,-162.314,254.646)
joint 42 type=30 v0=4 v1=41 f0_0=5 f1_0=8 name=cr_c_ip_0 orient=1 div=1 shift=0.5
  jv[0] pts=5 (449.036,-102.074,261.117) (455.076,-107.397,254.518) (459.695,-125.607,291.677) (453.655,-120.284,298.277) (449.036,-102.074,261.117)
  jv[1] pts=5 (402.539,-139.35,248.63) (408.578,-144.673,242.03) (413.197,-162.883,279.19) (407.158,-157.56,285.789) (402.539,-139.35,248.63)
  m[0][0] pts=5 (482.944,-106.969,297.921) (476.904,-101.646,304.52) (430.407,-138.922,292.033) (436.446,-144.245,285.434) (482.944,-106.969,297.921)
  m[0][1] pts=5 (482.944,-106.969,297.921) (476.904,-101.646,304.52) (430.407,-138.922,292.033) (436.446,-144.245,285.434) (482.944,-106.969,297.921)
  f[0][0] pts=5 (383.909,-176.199,279.546) (379.29,-157.988,242.386) (425.787,-120.712,254.873) (430.407,-138.922,292.033) (383.909,-176.199,279.546)
  f[0][1] pts=5 (383.909,-176.199,279.546) (379.29,-157.988,242.386) (425.787,-120.712,254.873) (430.407,-138.922,292.033) (383.909,-176.199,279.546)
  m[1][0] pts=5 (478.325,-88.759,260.761) (472.285,-83.4361,267.361) (425.787,-120.712,254.873) (431.827,-126.035,248.274) (478.325,-88.759,260.761)
  m[1][1] pts=5 (478.325,-88.759,260.761) (472.285,-83.4361,267.361) (425.787,-120.712,254.873) (431.827,-126.035,248.274) (478.325,-88.759,260.761)
  f[1][0] pts=5 (389.948,-181.521,272.946) (385.329,-163.311,235.787) (431.827,-126.035,248.274) (436.446,-144.245,285.434) (389.948,-181.521,272.946)
  f[1][1] pts=5 (389.948,-181.521,272.946) (385.329,-163.311,235.787) (431.827,-126.035,248.274) (436.446,-144.245,285.434) (389.948,-181.521,272.946)
joint 43 type=30 v0=5 v1=30 f0_0=7 f1_0=4 name=cr_c_ip_0 orient=1 div=1 shift=0.5
  jv[0] pts=5 (1012.24,148.857,8.27896) (1017.42,154.451,1.76438) (1030.34,180.251,29.6244) (1025.16,174.658,36.139) (1012.24,148.857,8.27896)
  jv[1] pts=5 (968.231,179.894,-0.056174) (973.41,185.488,-6.57075) (986.33,211.288,21.2893) (981.151,205.695,27.8038) (968.231,179.894,-0.056174)
  m[0][0] pts=5 (1052.34,164.733,33.792) (1047.16,159.139,40.3065) (1003.15,190.176,31.9714) (1008.33,195.77,25.4568) (1052.34,164.733,33.792)
  m[0][1] pts=5 (1052.34,164.733,33.792) (1047.16,159.139,40.3065) (1003.15,190.176,31.9714) (1008.33,195.77,25.4568) (1052.34,164.733,33.792)
  f[0][0] pts=5 (959.148,221.213,23.6363) (946.228,195.413,-4.22374) (990.234,164.376,4.11139) (1003.15,190.176,31.9714) (959.148,221.213,23.6363)
  f[0][1] pts=5 (959.148,221.213,23.6363) (946.228,195.413,-4.22374) (990.234,164.376,4.11139) (1003.15,190.176,31.9714) (959.148,221.213,23.6363)
  m[1][0] pts=5 (1039.42,138.932,5.93194) (1034.24,133.339,12.4465) (990.234,164.376,4.11139) (995.413,169.969,-2.40319) (1039.42,138.932,5.93194)
  m[1][1] pts=5 (1039.42,138.932,5.93194) (1034.24,133.339,12.4465) (990.234,164.376,4.11139) (995.413,169.969,-2.40319) (1039.42,138.932,5.93194)
  f[1][0] pts=5 (964.327,226.807,17.1217) (951.407,201.006,-10.7383) (995.413,169.969,-2.40319) (1008.33,195.77,25.4568) (964.327,226.807,17.1217)
  f[1][1] pts=5 (964.327,226.807,17.1217) (951.407,201.006,-10.7383) (995.413,169.969,-2.40319) (1008.33,195.77,25.4568) (964.327,226.807,17.1217)
joint 44 type=30 v0=5 v1=35 f0_0=2 f1_0=4 name=cr_c_ip_0 orient=1 div=1 shift=0.5
  jv[0] pts=5 (953.205,86.9703,81.0179) (958.86,92.3136,74.5244) (966.588,113.001,108.514) (960.934,107.658,115.008) (953.205,86.9703,81.0179)
  jv[1] pts=5 (904.544,124.3,69.3616) (910.199,129.643,62.8681) (917.927,150.331,96.858) (912.273,144.988,103.351) (904.544,124.3,69.3616)
  m[0][0] pts=5 (990.919,94.3366,114.342) (985.264,88.9933,120.836) (936.603,126.323,109.18) (942.258,131.666,102.686) (990.919,94.3366,114.342)
  m[0][1] pts=5 (990.919,94.3366,114.342) (985.264,88.9933,120.836) (936.603,126.323,109.18) (942.258,131.666,102.686) (990.919,94.3366,114.342)
  f[0][0] pts=5 (887.942,163.653,97.5233) (880.213,142.965,63.5334) (928.875,105.635,75.1898) (936.603,126.323,109.18) (887.942,163.653,97.5233)
  f[0][1] pts=5 (887.942,163.653,97.5233) (880.213,142.965,63.5334) (928.875,105.635,75.1898) (936.603,126.323,109.18) (887.942,163.653,97.5233)
  m[1][0] pts=5 (983.19,73.6487,80.3526) (977.536,68.3054,86.8461) (928.875,105.635,75.1898) (934.529,110.978,68.6963) (983.19,73.6487,80.3526)
  m[1][1] pts=5 (983.19,73.6487,80.3526) (977.536,68.3054,86.8461) (928.875,105.635,75.1898) (934.529,110.978,68.6963) (983.19,73.6487,80.3526)
  f[1][0] pts=5 (893.596,168.996,91.0298) (885.868,148.308,57.0399) (934.529,110.978,68.6963) (942.258,131.666,102.686) (893.596,168.996,91.0298)
  f[1][1] pts=5 (893.596,168.996,91.0298) (885.868,148.308,57.0399) (934.529,110.978,68.6963) (942.258,131.666,102.686) (893.596,168.996,91.0298)
joint 45 type=30 v0=5 v1=36 f0_0=2 f1_0=4 name=cr_c_ip_0 orient=1 div=1 shift=0.5
  jv[0] pts=5 (873.247,72.7069,123.152) (878.901,78.0502,116.659) (886.63,98.738,150.648) (880.975,93.3948,157.142) (873.247,72.7069,123.152)
  jv[1] pts=5 (824.594,110.03,111.498) (830.249,115.373,105.004) (837.977,136.061,138.994) (832.323,130.718,145.488) (824.594,110.03,111.498)
  m[0][0] pts=5 (910.956,80.0766,156.476) (905.301,74.7333,162.969) (856.649,112.056,151.315) (862.303,117.399,144.821) (910.956,80.0766,156.476)
  m[0][1] pts=5 (910.956,80.0766,156.476) (905.301,74.7333,162.969) (856.649,112.056,151.315) (862.303,117.399,144.821) (910.956,80.0766,156.476)
  f[0][0] pts=5 (807.997,149.379,139.661) (800.268,128.691,105.671) (848.921,91.3683,117.325) (856.649,112.056,151.315) (807.997,149.379,139.661)
  f[0][1] pts=5 (807.997,149.379,139.661) (800.268,128.691,105.671) (848.921,91.3683,117.325) (856.649,112.056,151.315) (807.997,149.379,139.661)
  m[1][0] pts=5 (903.227,59.3887,122.486) (897.573,54.0454,128.979) (848.921,91.3683,117.325) (854.575,96.7116,110.832) (903.227,59.3887,122.486)
  m[1][1] pts=5 (903.227,59.3887,122.486) (897.573,54.0454,128.979) (848.921,91.3683,117.325) (854.575,96.7116,110.832) (903.227,59.3887,122.486)
  f[1][0] pts=5 (813.651,154.722,133.167) (805.923,134.035,99.1773) (854.575,96.7116,110.832) (862.303,117.399,144.821) (813.651,154.722,133.167)
  f[1][1] pts=5 (813.651,154.722,133.167) (805.923,134.035,99.1773) (854.575,96.7116,110.832) (862.303,117.399,144.821) (813.651,154.722,133.167)
joint 46 type=30 v0=5 v1=37 f0_0=2 f1_0=4 name=cr_c_ip_0 orient=1 div=1 shift=0.5
  jv[0] pts=5 (793.288,58.4435,165.286) (798.943,63.7868,158.793) (806.671,84.4746,192.783) (801.017,79.1314,199.276) (793.288,58.4435,165.286)
  jv[1] pts=5 (744.645,95.7596,153.634) (750.299,101.103,147.141) (758.028,121.791,181.131) (752.373,116.447,187.624) (744.645,95.7596,153.634)
  m[0][0] pts=5 (830.993,65.8166,198.609) (825.338,60.4733,205.102) (776.695,97.7894,193.45) (782.349,103.133,186.957) (830.993,65.8166,198.609)
  m[0][1] pts=5 (830.993,65.8166,198.609) (825.338,60.4733,205.102) (776.695,97.7894,193.45) (782.349,103.133,186.957) (830.993,65.8166,198.609)
  f[0][0] pts=5 (728.051,135.105,181.798) (720.323,114.418,147.808) (768.966,77.1015,159.46) (776.695,97.7894,193.45) (728.051,135.105,181.798)
  f[0][1] pts=5 (728.051,135.105,181.798) (720.323,114.418,147.808) (768.966,77.1015,159.46) (776.695,97.7894,193.45) (728.051,135.105,181.798)
  m[1][0] pts=5 (823.264,45.1287,164.619) (817.61,39.7854,171.112) (768.966,77.1015,159.46) (774.621,82.4448,152.967) (823.264,45.1287,164.619)
  m[1][1] pts=5 (823.264,45.1287,164.619) (817.61,39.7854,171.112) (768.966,77.1015,159.46) (774.621,82.4448,152.967) (823.264,45.1287,164.619)
  f[1][0] pts=5 (733.706,140.449,175.305) (725.977,119.761,141.315) (774.621,82.4448,152.967) (782.349,103.133,186.957) (733.706,140.449,175.305)
  f[1][1] pts=5 (733.706,140.449,175.305) (725.977,119.761,141.315) (774.621,82.4448,152.967) (782.349,103.133,186.957) (733.706,140.449,175.305)
joint 47 type=30 v0=5 v1=42 f0_0=3 f1_0=8 name=cr_c_ip_0 orient=1 div=1 shift=0.5
  jv[0] pts=5 (633.429,68.6065,218.168) (627.396,63.291,224.784) (632.06,81.5131,261.944) (638.093,86.8287,255.329) (633.429,68.6065,218.168)
  jv[1] pts=5 (586.77,106.019,205.68) (580.737,100.703,212.295) (585.401,118.925,249.456) (591.434,124.241,242.84) (586.77,106.019,205.68)
  m[0][0] pts=5 (655.39,62.807,268.189) (661.423,68.1225,261.573) (614.764,105.535,249.084) (608.731,100.219,255.7) (655.39,62.807,268.189)
  m[0][1] pts=5 (655.39,62.807,268.189) (661.423,68.1225,261.573) (614.764,105.535,249.084) (608.731,100.219,255.7) (655.39,62.807,268.189)
  f[0][0] pts=5 (568.105,142.947,236.595) (563.44,124.725,199.435) (610.099,87.3127,211.924) (614.764,105.535,249.084) (568.105,142.947,236.595)
  f[0][1] pts=5 (568.105,142.947,236.595) (563.44,124.725,199.435) (610.099,87.3127,211.924) (614.764,105.535,249.084) (568.105,142.947,236.595)
  m[1][0] pts=5 (650.725,44.5849,231.029) (656.758,49.9004,224.413) (610.099,87.3127,211.924) (604.066,81.9972,218.54) (650.725,44.5849,231.029)
  m[1][1] pts=5 (650.725,44.5849,231.029) (656.758,49.9004,224.413) (610.099,87.3127,211.924) (604.066,81.9972,218.54) (650.725,44.5849,231.029)
  f[1][0] pts=5 (562.072,137.632,243.211) (557.407,119.409,206.051) (604.066,81.9972,218.54) (608.731,100.219,255.7) (562.072,137.632,243.211)
  f[1][1] pts=5 (562.072,137.632,243.211) (557.407,119.409,206.051) (604.066,81.9972,218.54) (608.731,100.219,255.7) (562.072,137.632,243.211)
joint 48 type=30 v0=5 v1=43 f0_0=3 f1_0=8 name=cr_c_ip_0 orient=1 div=1 shift=0.5
  jv[0] pts=5 (544.388,87.8626,236.602) (538.355,82.5471,243.218) (543.02,100.769,280.378) (549.053,106.085,273.762) (544.388,87.8626,236.602)
  jv[1] pts=5 (497.729,125.275,224.113) (491.696,119.96,230.729) (496.361,138.182,267.889) (502.394,143.497,261.273) (497.729,125.275,224.113)
  m[0][0] pts=5 (566.35,82.0629,286.623) (572.383,87.3784,280.007) (525.723,124.791,267.518) (519.69,119.476,274.134) (566.35,82.0629,286.623)
  m[0][1] pts=5 (566.35,82.0629,286.623) (572.383,87.3784,280.007) (525.723,124.791,267.518) (519.69,119.476,274.134) (566.35,82.0629,286.623)
  f[0][0] pts=5 (479.064,162.204,255.029) (474.399,143.982,217.869) (521.059,106.569,230.358) (525.723,124.791,267.518) (479.064,162.204,255.029)
  f[0][1] pts=5 (479.064,162.204,255.029) (474.399,143.982,217.869) (521.059,106.569,230.358) (525.723,124.791,267.518) (479.064,162.204,255.029)
  m[1][0] pts=5 (561.685,63.8408,249.462) (567.718,69.1563,242.847) (521.059,106.569,230.358) (515.026,101.253,236.973) (561.685,63.8408,249.462)
  m[1][1] pts=5 (561.685,63.8408,249.462) (567.718,69.1563,242.847) (521.059,106.569,230.358) (515.026,101.253,236.973) (561.685,63.8408,249.462)
  f[1][0] pts=5 (473.031,156.888,261.645) (468.366,138.666,224.484) (515.026,101.253,236.973) (519.69,119.476,274.134) (473.031,156.888,261.645)
  f[1][1] pts=5 (473.031,156.888,261.645) (468.366,138.666,224.484) (515.026,101.253,236.973) (519.69,119.476,274.134) (473.031,156.888,261.645)
joint 49 type=30 v0=5 v1=44 f0_0=3 f1_0=8 name=cr_c_ip_0 orient=1 div=1 shift=0.5
  jv[0] pts=5 (455.348,107.119,255.036) (449.315,101.803,261.652) (453.98,120.025,298.812) (460.013,125.341,292.196) (455.348,107.119,255.036)
  jv[1] pts=5 (408.688,144.532,242.547) (402.655,139.216,249.163) (407.32,157.438,286.323) (413.353,162.754,279.707) (408.688,144.532,242.547)
  m[0][0] pts=5 (477.31,101.319,305.056) (483.343,106.634,298.441) (436.683,144.047,285.952) (430.65,138.732,292.567) (477.31,101.319,305.056)
  m[0][1] pts=5 (477.31,101.319,305.056) (483.343,106.634,298.441) (436.683,144.047,285.952) (430.65,138.732,292.567) (477.31,101.319,305.056)
  f[0][0] pts=5 (390.023,181.46,273.463) (385.358,163.238,236.302) (432.018,125.825,248.791) (436.683,144.047,285.952) (390.023,181.46,273.463)
  f[0][1] pts=5 (390.023,181.46,273.463) (385.358,163.238,236.302) (432.018,125.825,248.791) (436.683,144.047,285.952) (390.023,181.46,273.463)
  m[1][0] pts=5 (472.645,83.0967,267.896) (478.678,88.4122,261.28) (432.018,125.825,248.791) (425.985,120.51,255.407) (472.645,83.0967,267.896)
  m[1][1] pts=5 (472.645,83.0967,267.896) (478.678,88.4122,261.28) (432.018,125.825,248.791) (425.985,120.51,255.407) (472.645,83.0967,267.896)
  f[1][0] pts=5 (383.99,176.145,280.078) (379.326,157.923,242.918) (425.985,120.51,255.407) (430.65,138.732,292.567) (383.99,176.145,280.078)
  f[1][1] pts=5 (383.99,176.145,280.078) (379.326,157.923,242.918) (425.985,120.51,255.407) (430.65,138.732,292.567) (383.99,176.145,280.078)
joint 50 type=30 v0=5 v1=45 f0_0=4 f1_0=8 name=cr_c_ip_0 orient=1 div=1 shift=0.5
  jv[0] pts=5 (339.221,185.716,235.721) (344.691,191.109,229.258) (354.165,213.368,261.307) (348.695,207.975,267.77) (339.221,185.716,235.721)
  jv[1] pts=5 (381.817,153.902,245.225) (387.287,159.295,238.762) (396.761,181.554,270.81) (391.291,176.161,277.274) (381.817,153.902,245.225)
  m[0][0] pts=5 (332.867,229.274,256.555) (327.397,223.882,263.018) (369.993,192.068,272.522) (375.463,197.461,266.059) (332.867,229.274,256.555)
  m[0][1] pts=5 (332.867,229.274,256.555) (327.397,223.882,263.018) (369.993,192.068,272.522) (375.463,197.461,266.059) (332.867,229.274,256.555)
  f[0][0] pts=5 (412.589,160.254,282.025) (403.115,137.995,249.977) (360.519,169.809,240.473) (369.993,192.068,272.522) (412.589,160.254,282.025)
  f[0][1] pts=5 (412.589,160.254,282.025) (403.115,137.995,249.977) (360.519,169.809,240.473) (369.993,192.068,272.522) (412.589,160.254,282.025)
  m[1][0] pts=5 (323.393,207.015,224.506) (317.923,201.623,230.969) (360.519,169.809,240.473) (365.989,175.202,234.01) (323.393,207.015,224.506)
  m[1][1] pts=5 (323.393,207.015,224.506) (317.923,201.623,230.969) (360.519,169.809,240.473) (365.989,175.202,234.01) (323.393,207.015,224.506)
  f[1][0] pts=5 (418.059,165.647,275.562) (408.584,143.388,243.514) (365.989,175.202,234.01) (375.463,197.461,266.059) (418.059,165.647,275.562)
  f[1][1] pts=5 (418.059,165.647,275.562) (408.584,143.388,243.514) (365.989,175.202,234.01) (375.463,197.461,266.059) (418.059,165.647,275.562)
joint 51 type=30 v0=6 v1=34 f0_0=7 f1_0=4 name=cr_c_ip_0 orient=1 div=1 shift=0.5
  jv[0] pts=5 (717.603,3.15912,201.797) (710.565,10.2308,203.116) (721.111,7.04135,241.836) (728.149,-0.0303228,240.516) (717.603,3.15912,201.797)
  jv[1] pts=5 (679.643,-35.9504,208.914) (672.605,-28.8787,210.234) (683.151,-32.0681,248.954) (690.189,-39.1398,247.634) (679.643,-35.9504,208.914)
  m[0][0] pts=5 (740.091,26.5961,238.277) (747.129,19.5244,236.957) (709.169,-19.5851,244.075) (702.131,-12.5134,245.395) (740.091,26.5961,238.277)
  m[0][1] pts=5 (740.091,26.5961,238.277) (747.129,19.5244,236.957) (709.169,-19.5851,244.075) (702.131,-12.5134,245.395) (740.091,26.5961,238.277)
  f[0][0] pts=5 (671.209,-58.6945,251.193) (660.663,-55.5051,212.473) (698.623,-16.3956,205.355) (709.169,-19.5851,244.075) (671.209,-58.6945,251.193)
  f[0][1] pts=5 (671.209,-58.6945,251.193) (660.663,-55.5051,212.473) (698.623,-16.3956,205.355) (709.169,-19.5851,244.075) (671.209,-58.6945,251.193)
  m[1][0] pts=5 (729.545,29.7855,199.557) (736.583,22.7139,198.238) (698.623,-16.3956,205.355) (691.585,-9.32395,206.675) (729.545,29.7855,199.557)
  m[1][1] pts=5 (729.545,29.7855,199.557) (736.583,22.7139,198.238) (698.623,-16.3956,205.355) (691.585,-9.32395,206.675) (729.545,29.7855,199.557)
  f[1][0] pts=5 (664.17,-51.6229,252.512) (653.624,-48.4334,213.793) (691.585,-9.32395,206.675) (702.131,-12.5134,245.395) (664.17,-51.6229,252.512)
  f[1][1] pts=5 (664.17,-51.6229,252.512) (653.624,-48.4334,213.793) (691.585,-9.32395,206.675) (702.131,-12.5134,245.395) (664.17,-51.6229,252.512)
joint 52 type=30 v0=6 v1=39 f0_0=2 f1_0=4 name=cr_c_ip_0 orient=1 div=1 shift=0.5
  jv[0] pts=5 (605.383,-83.6869,222.838) (612.83,-90.8253,221.442) (628.477,-98.7569,259.205) (621.03,-91.6186,260.601) (605.383,-83.6869,222.838)
  jv[1] pts=5 (646.707,-39.0616,215.09) (654.154,-46.1999,213.694) (669.8,-54.1316,251.457) (662.353,-46.9933,252.853) (646.707,-39.0616,215.09)
  m[0][0] pts=5 (607.815,-121.07,263.079) (600.368,-113.931,264.476) (641.691,-69.306,256.727) (649.138,-76.4443,255.331) (607.815,-121.07,263.079)
  m[0][1] pts=5 (607.815,-121.07,263.079) (600.368,-113.931,264.476) (641.691,-69.306,256.727) (649.138,-76.4443,255.331) (607.815,-121.07,263.079)
  f[0][0] pts=5 (683.015,-24.6806,248.979) (667.368,-16.749,211.216) (626.045,-61.3743,218.964) (641.691,-69.306,256.727) (683.015,-24.6806,248.979)
  f[0][1] pts=5 (683.015,-24.6806,248.979) (667.368,-16.749,211.216) (626.045,-61.3743,218.964) (641.691,-69.306,256.727) (683.015,-24.6806,248.979)
  m[1][0] pts=5 (592.169,-113.138,225.316) (584.722,-106,226.712) (626.045,-61.3743,218.964) (633.492,-68.5126,217.568) (592.169,-113.138,225.316)
  m[1][1] pts=5 (592.169,-113.138,225.316) (584.722,-106,226.712) (626.045,-61.3743,218.964) (633.492,-68.5126,217.568) (592.169,-113.138,225.316)
  f[1][0] pts=5 (690.462,-31.819,247.583) (674.815,-23.8873,209.819) (633.492,-68.5126,217.568) (649.138,-76.4443,255.331) (690.462,-31.819,247.583)
  f[1][1] pts=5 (690.462,-31.819,247.583) (674.815,-23.8873,209.819) (633.492,-68.5126,217.568) (649.138,-76.4443,255.331) (690.462,-31.819,247.583)
joint 53 type=30 v0=6 v1=40 f0_0=2 f1_0=4 name=cr_c_ip_0 orient=1 div=1 shift=0.5
  jv[0] pts=5 (515.901,-102.359,239.616) (523.348,-109.497,238.22) (538.994,-117.429,275.983) (531.547,-110.291,277.38) (515.901,-102.359,239.616)
  jv[1] pts=5 (557.218,-57.7405,231.869) (564.665,-64.8788,230.473) (580.311,-72.8105,268.236) (572.864,-65.6722,269.633) (557.218,-57.7405,231.869)
  m[0][0] pts=5 (518.335,-139.738,279.857) (510.889,-132.6,281.253) (552.206,-87.9815,273.506) (559.652,-95.1198,272.11) (518.335,-139.738,279.857)
  m[0][1] pts=5 (518.335,-139.738,279.857) (510.889,-132.6,281.253) (552.206,-87.9815,273.506) (559.652,-95.1198,272.11) (518.335,-139.738,279.857)
  f[0][0] pts=5 (593.523,-43.3629,265.759) (577.876,-35.4313,227.996) (536.559,-80.0498,235.743) (552.206,-87.9815,273.506) (593.523,-43.3629,265.759)
  f[0][1] pts=5 (593.523,-43.3629,265.759) (577.876,-35.4313,227.996) (536.559,-80.0498,235.743) (552.206,-87.9815,273.506) (593.523,-43.3629,265.759)
  m[1][0] pts=5 (502.689,-131.807,242.094) (495.242,-124.668,243.49) (536.559,-80.0498,235.743) (544.006,-87.1881,234.346) (502.689,-131.807,242.094)
  m[1][1] pts=5 (502.689,-131.807,242.094) (495.242,-124.668,243.49) (536.559,-80.0498,235.743) (544.006,-87.1881,234.346) (502.689,-131.807,242.094)
  f[1][0] pts=5 (600.969,-50.5012,264.363) (585.323,-42.5696,226.599) (544.006,-87.1881,234.346) (559.652,-95.1198,272.11) (600.969,-50.5012,264.363)
  f[1][1] pts=5 (600.969,-50.5012,264.363) (585.323,-42.5696,226.599) (544.006,-87.1881,234.346) (559.652,-95.1198,272.11) (600.969,-50.5012,264.363)
joint 54 type=30 v0=6 v1=41 f0_0=2 f1_0=4 name=cr_c_ip_0 orient=1 div=1 shift=0.5
  jv[0] pts=5 (426.418,-121.031,256.395) (433.865,-128.169,254.998) (449.511,-136.101,292.762) (442.064,-128.963,294.158) (426.418,-121.031,256.395)
  jv[1] pts=5 (467.729,-76.4194,248.649) (475.176,-83.5577,247.252) (490.822,-91.4894,285.016) (483.375,-84.3511,286.412) (467.729,-76.4194,248.649)
  m[0][0] pts=5 (428.856,-158.407,296.635) (421.409,-151.269,298.031) (462.72,-106.657,290.285) (470.167,-113.795,288.889) (428.856,-158.407,296.635)
  m[0][1] pts=5 (428.856,-158.407,296.635) (421.409,-151.269,298.031) (462.72,-106.657,290.285) (470.167,-113.795,288.889) (428.856,-158.407,296.635)
  f[0][0] pts=5 (504.031,-62.0452,282.539) (488.384,-54.1135,244.776) (447.074,-98.7253,252.522) (462.72,-106.657,290.285) (504.031,-62.0452,282.539)
  f[0][1] pts=5 (504.031,-62.0452,282.539) (488.384,-54.1135,244.776) (447.074,-98.7253,252.522) (462.72,-106.657,290.285) (504.031,-62.0452,282.539)
  m[1][0] pts=5 (413.21,-150.475,258.871) (405.763,-143.337,260.267) (447.074,-98.7253,252.522) (454.521,-105.864,251.125) (413.21,-150.475,258.871)
  m[1][1] pts=5 (413.21,-150.475,258.871) (405.763,-143.337,260.267) (447.074,-98.7253,252.522) (454.521,-105.864,251.125) (413.21,-150.475,258.871)
  f[1][0] pts=5 (511.477,-69.1835,281.143) (495.831,-61.2519,243.379) (454.521,-105.864,251.125) (470.167,-113.795,288.889) (511.477,-69.1835,281.143)
  f[1][1] pts=5 (511.477,-69.1835,281.143) (495.831,-61.2519,243.379) (454.521,-105.864,251.125) (470.167,-113.795,288.889) (511.477,-69.1835,281.143)
joint 55 type=30 v0=6 v1=42 f0_0=6 f1_0=4 name=cr_c_ip_0 orient=1 div=1 shift=0.5
  jv[0] pts=5 (612.978,90.3364,221.414) (605.529,83.1972,222.811) (621.204,91.1543,260.569) (628.653,98.2935,259.172) (612.978,90.3364,221.414)
  jv[1] pts=5 (654.131,45.8835,213.698) (646.682,38.7443,215.095) (662.357,46.7014,252.853) (669.806,53.8406,251.456) (654.131,45.8835,213.698)
  m[0][0] pts=5 (600.627,113.381,264.427) (608.077,120.52,263.03) (649.23,76.067,255.314) (641.78,68.9278,256.711) (600.627,113.381,264.427)
  m[0][1] pts=5 (600.627,113.381,264.427) (608.077,120.52,263.03) (649.23,76.067,255.314) (641.78,68.9278,256.711) (600.627,113.381,264.427)
  f[0][0] pts=5 (690.383,31.6141,247.598) (674.708,23.657,209.84) (633.555,68.1099,217.556) (649.23,76.067,255.314) (690.383,31.6141,247.598)
  f[0][1] pts=5 (690.383,31.6141,247.598) (674.708,23.657,209.84) (633.555,68.1099,217.556) (649.23,76.067,255.314) (690.383,31.6141,247.598)
  m[1][0] pts=5 (584.952,105.424,226.669) (592.402,112.563,225.272) (633.555,68.1099,217.556) (626.105,60.9707,218.953) (584.952,105.424,226.669)
  m[1][1] pts=5 (584.952,105.424,226.669) (592.402,112.563,225.272) (633.555,68.1099,217.556) (626.105,60.9707,218.953) (584.952,105.424,226.669)
  f[1][0] pts=5 (682.933,24.4749,248.994) (667.258,16.5178,211.236) (626.105,60.9707,218.953) (641.78,68.9278,256.711) (682.933,24.4749,248.994)
  f[1][1] pts=5 (682.933,24.4749,248.994) (667.258,16.5178,211.236) (626.105,60.9707,218.953) (641.78,68.9278,256.711) (682.933,24.4749,248.994)
joint 56 type=30 v0=6 v1=43 f0_0=6 f1_0=4 name=cr_c_ip_0 orient=1 div=1 shift=0.5
  jv[0] pts=5 (523.488,109.015,238.194) (516.039,101.876,239.59) (531.713,109.833,277.348) (539.163,116.972,275.952) (523.488,109.015,238.194)
  jv[1] pts=5 (564.642,64.562,230.477) (557.192,57.4228,231.874) (572.867,65.3799,269.632) (580.317,72.5191,268.235) (564.642,64.562,230.477)
  m[0][0] pts=5 (511.137,132.06,281.207) (518.586,139.199,279.81) (559.74,94.7457,272.093) (552.29,87.6066,273.49) (511.137,132.06,281.207)
  m[0][1] pts=5 (511.137,132.06,281.207) (518.586,139.199,279.81) (559.74,94.7457,272.093) (552.29,87.6066,273.49) (511.137,132.06,281.207)
  f[0][0] pts=5 (600.893,50.2924,264.377) (585.218,42.3353,226.619) (544.065,86.7886,234.335) (559.74,94.7457,272.093) (600.893,50.2924,264.377)
  f[0][1] pts=5 (600.893,50.2924,264.377) (585.218,42.3353,226.619) (544.065,86.7886,234.335) (559.74,94.7457,272.093) (600.893,50.2924,264.377)
  m[1][0] pts=5 (495.462,124.103,243.449) (502.912,131.242,242.052) (544.065,86.7886,234.335) (536.615,79.6495,235.732) (495.462,124.103,243.449)
  m[1][1] pts=5 (495.462,124.103,243.449) (502.912,131.242,242.052) (544.065,86.7886,234.335) (536.615,79.6495,235.732) (495.462,124.103,243.449)
  f[1][0] pts=5 (593.443,43.1532,265.774) (577.769,35.1961,228.016) (536.615,79.6495,235.732) (552.29,87.6066,273.49) (593.443,43.1532,265.774)
  f[1][1] pts=5 (593.443,43.1532,265.774) (577.769,35.1961,228.016) (536.615,79.6495,235.732) (552.29,87.6066,273.49) (593.443,43.1532,265.774)
joint 57 type=30 v0=6 v1=44 f0_0=6 f1_0=4 name=cr_c_ip_0 orient=1 div=1 shift=0.5
  jv[0] pts=5 (433.998,127.694,254.973) (426.548,120.555,256.37) (442.223,128.512,294.128) (449.673,135.651,292.731) (433.998,127.694,254.973)
  jv[1] pts=5 (475.152,83.2404,247.257) (467.702,76.1013,248.654) (483.377,84.0584,286.412) (490.827,91.1975,285.015) (475.152,83.2404,247.257)
  m[0][0] pts=5 (421.646,150.739,297.986) (429.096,157.878,296.589) (470.25,113.424,288.873) (462.8,106.285,290.27) (421.646,150.739,297.986)
  m[0][1] pts=5 (421.646,150.739,297.986) (429.096,157.878,296.589) (470.25,113.424,288.873) (462.8,106.285,290.27) (421.646,150.739,297.986)
  f[0][0] pts=5 (511.404,68.9706,281.157) (495.729,61.0135,243.399) (454.575,105.467,251.115) (470.25,113.424,288.873) (511.404,68.9706,281.157)
  f[0][1] pts=5 (511.404,68.9706,281.157) (495.729,61.0135,243.399) (454.575,105.467,251.115) (470.25,113.424,288.873) (511.404,68.9706,281.157)
  m[1][0] pts=5 (405.971,142.782,260.228) (413.421,149.921,258.831) (454.575,105.467,251.115) (447.125,98.3282,252.512) (405.971,142.782,260.228)
  m[1][1] pts=5 (405.971,142.782,260.228) (413.421,149.921,258.831) (454.575,105.467,251.115) (447.125,98.3282,252.512) (405.971,142.782,260.228)
  f[1][0] pts=5 (503.954,61.8314,282.553) (488.279,53.8743,244.795) (447.125,98.3282,252.512) (462.8,106.285,290.27) (503.954,61.8314,282.553)
  f[1][1] pts=5 (503.954,61.8314,282.553) (488.279,53.8743,244.795) (447.125,98.3282,252.512) (462.8,106.285,290.27) (503.954,61.8314,282.553)
joint 58 type=30 v0=6 v1=46 f0_0=3 f1_0=8 name=cr_c_ip_0 orient=1 div=1 shift=0.5
  jv[0] pts=5 (258.172,-128.587,287.941) (250.994,-121.511,289.287) (263.581,-126.653,327.624) (270.76,-133.729,326.278) (258.172,-128.587,287.941)
  jv[1] pts=5 (301.275,-83.3251,279.859) (294.096,-76.2489,281.205) (306.684,-81.3905,319.542) (313.862,-88.4666,318.196) (301.275,-83.3251,279.859)
  m[0][0] pts=5 (242.03,-149.284,331.665) (249.208,-156.36,330.319) (292.311,-111.098,322.237) (285.132,-104.022,323.583) (242.03,-149.284,331.665)
  m[0][1] pts=5 (242.03,-149.284,331.665) (249.208,-156.36,330.319) (292.311,-111.098,322.237) (285.132,-104.022,323.583) (242.03,-149.284,331.665)
  f[0][0] pts=5 (335.413,-65.8355,314.155) (322.826,-60.6939,275.818) (279.723,-105.956,283.9) (292.311,-111.098,322.237) (335.413,-65.8355,314.155)
  f[0][1] pts=5 (335.413,-65.8355,314.155) (322.826,-60.6939,275.818) (279.723,-105.956,283.9) (292.311,-111.098,322.237) (335.413,-65.8355,314.155)
  m[1][0] pts=5 (229.442,-144.142,293.328) (236.621,-151.218,291.982) (279.723,-105.956,283.9) (272.545,-98.88,285.246) (229.442,-144.142,293.328)
  m[1][1] pts=5 (229.442,-144.142,293.328) (236.621,-151.218,291.982) (279.723,-105.956,283.9) (272.545,-98.88,285.246) (229.442,-144.142,293.328)
  f[1][0] pts=5 (328.235,-58.7593,315.501) (315.648,-53.6178,277.164) (272.545,-98.88,285.246) (285.132,-104.022,323.583) (328.235,-58.7593,315.501)
  f[1][1] pts=5 (328.235,-58.7593,315.501) (315.648,-53.6178,277.164) (272.545,-98.88,285.246) (285.132,-104.022,323.583) (328.235,-58.7593,315.501)
joint 59 type=30 v0=6 v1=47 f0_0=3 f1_0=8 name=cr_c_ip_0 orient=1 div=1 shift=0.5
  jv[0] pts=5 (169.081,-110.445,304.646) (161.903,-103.368,305.992) (174.49,-108.51,344.329) (181.668,-115.586,342.983) (169.081,-110.445,304.646)
  jv[1] pts=5 (212.188,-65.178,296.563) (205.009,-58.1019,297.909) (217.597,-63.2434,336.246) (224.775,-70.3196,334.9) (212.188,-65.178,296.563)
  m[0][0] pts=5 (152.937,-131.143,348.37) (160.115,-138.22,347.024) (203.222,-92.9529,338.941) (196.043,-85.8767,340.287) (152.937,-131.143,348.37)
  m[0][1] pts=5 (152.937,-131.143,348.37) (160.115,-138.22,347.024) (203.222,-92.9529,338.941) (196.043,-85.8767,340.287) (152.937,-131.143,348.37)
  f[0][0] pts=5 (246.329,-47.6863,330.859) (233.741,-42.5447,292.522) (190.634,-87.8113,300.605) (203.222,-92.9529,338.941) (246.329,-47.6863,330.859)
  f[0][1] pts=5 (246.329,-47.6863,330.859) (233.741,-42.5447,292.522) (190.634,-87.8113,300.605) (203.222,-92.9529,338.941) (246.329,-47.6863,330.859)
  m[1][0] pts=5 (140.349,-126.002,310.033) (147.528,-133.078,308.687) (190.634,-87.8113,300.605) (183.456,-80.7352,301.951) (140.349,-126.002,310.033)
  m[1][1] pts=5 (140.349,-126.002,310.033) (147.528,-133.078,308.687) (190.634,-87.8113,300.605) (183.456,-80.7352,301.951) (140.349,-126.002,310.033)
  f[1][0] pts=5 (239.15,-40.6101,332.205) (226.563,-35.4685,293.868) (183.456,-80.7352,301.951) (196.043,-85.8767,340.287) (239.15,-40.6101,332.205)
  f[1][1] pts=5 (239.15,-40.6101,332.205) (226.563,-35.4685,293.868) (183.456,-80.7352,301.951) (196.043,-85.8767,340.287) (239.15,-40.6101,332.205)
joint 60 type=30 v0=6 v1=48 f0_0=3 f1_0=8 name=cr_c_ip_0 orient=1 div=1 shift=0.5
  jv[0] pts=5 (79.9899,-92.302,321.351) (72.8115,-85.2258,322.697) (85.399,-90.3674,361.034) (92.5773,-97.4435,359.688) (79.9899,-92.302,321.351)
  jv[1] pts=5 (123.101,-47.031,313.267) (115.922,-39.9548,314.613) (128.51,-45.0963,352.95) (135.688,-52.1725,351.604) (123.101,-47.031,313.267)
  m[0][0] pts=5 (63.8435,-113.003,365.075) (71.0219,-120.079,363.729) (114.133,-74.808,355.646) (106.954,-67.7319,356.992) (63.8435,-113.003,365.075)
  m[0][1] pts=5 (63.8435,-113.003,365.075) (71.0219,-120.079,363.729) (114.133,-74.808,355.646) (106.954,-67.7319,356.992) (63.8435,-113.003,365.075)
  f[0][0] pts=5 (157.244,-29.537,347.562) (144.656,-24.3955,309.226) (101.545,-69.6665,317.309) (114.133,-74.808,355.646) (157.244,-29.537,347.562)
  f[0][1] pts=5 (157.244,-29.537,347.562) (144.656,-24.3955,309.226) (101.545,-69.6665,317.309) (114.133,-74.808,355.646) (157.244,-29.537,347.562)
  m[1][0] pts=5 (51.2561,-107.861,326.738) (58.4344,-114.937,325.392) (101.545,-69.6665,317.309) (94.367,-62.5903,318.655) (51.2561,-107.861,326.738)
  m[1][1] pts=5 (51.2561,-107.861,326.738) (58.4344,-114.937,325.392) (101.545,-69.6665,317.309) (94.367,-62.5903,318.655) (51.2561,-107.861,326.738)
  f[1][0] pts=5 (150.065,-22.4608,348.908) (137.478,-17.3193,310.572) (94.367,-62.5903,318.655) (106.954,-67.7319,356.992) (150.065,-22.4608,348.908)
  f[1][1] pts=5 (150.065,-22.4608,348.908) (137.478,-17.3193,310.572) (94.367,-62.5903,318.655) (106.954,-67.7319,356.992) (150.065,-22.4608,348.908)
joint 61 type=30 v0=6 v1=49 f0_0=4 f1_0=8 name=cr_c_ip_0 orient=1 div=1 shift=0.5
  jv[0] pts=5 (-3.87858,-10.8481,337.076) (-10.7004,-3.5342,338.355) (-6.82174,0.210723,378.325) (7.7813e-05,-7.10314,377.046) (-3.87858,-10.8481,337.076)
  jv[1] pts=5 (35.8461,27.5068,329.628) (29.0243,34.8207,330.907) (32.903,38.5656,370.877) (39.7248,31.2517,369.598) (35.8461,27.5068,329.628)
  m[0][0] pts=5 (-26.6841,-18.9667,382.049) (-19.8623,-26.2806,380.77) (19.8624,12.0743,373.322) (13.0406,19.3882,374.601) (-26.6841,-18.9667,382.049)
  m[0][1] pts=5 (-26.6841,-18.9667,382.049) (-19.8623,-26.2806,380.77) (19.8624,12.0743,373.322) (13.0406,19.3882,374.601) (-26.6841,-18.9667,382.049)
  f[0][0] pts=5 (59.5871,50.4292,365.873) (55.7085,46.6843,325.904) (15.9838,8.32939,333.352) (19.8624,12.0743,373.322) (59.5871,50.4292,365.873)
  f[0][1] pts=5 (59.5871,50.4292,365.873) (55.7085,46.6843,325.904) (15.9838,8.32939,333.352) (19.8624,12.0743,373.322) (59.5871,50.4292,365.873)
  m[1][0] pts=5 (-30.5628,-22.7116,342.08) (-23.7409,-30.0255,340.8) (15.9838,8.32939,333.352) (9.16195,15.6432,334.631) (-30.5628,-22.7116,342.08)
  m[1][1] pts=5 (-30.5628,-22.7116,342.08) (-23.7409,-30.0255,340.8) (15.9838,8.32939,333.352) (9.16195,15.6432,334.631) (-30.5628,-22.7116,342.08)
  f[1][0] pts=5 (52.7653,57.743,367.152) (48.8867,53.9981,327.183) (9.16195,15.6432,334.631) (13.0406,19.3882,374.601) (52.7653,57.743,367.152)
  f[1][1] pts=5 (52.7653,57.743,367.152) (48.8867,53.9981,327.183) (9.16195,15.6432,334.631) (13.0406,19.3882,374.601) (52.7653,57.743,367.152)
joint 62 type=30 v0=6 v1=50 f0_0=5 f1_0=8 name=cr_c_ip_0 orient=1 div=1 shift=0.5
  jv[0] pts=5 (251.175,121.008,289.253) (258.354,128.084,287.907) (270.948,133.232,326.243) (263.77,126.155,327.589) (251.175,121.008,289.253)
  jv[1] pts=5 (294.097,75.9328,281.205) (301.276,83.0091,279.859) (313.87,88.1569,318.195) (306.691,81.0807,319.541) (294.097,75.9328,281.205)
  m[0][0] pts=5 (249.488,155.769,330.266) (242.309,148.693,331.613) (285.23,103.618,323.565) (292.409,110.694,322.219) (249.488,155.769,330.266)
  m[0][1] pts=5 (249.488,155.769,330.266) (242.309,148.693,331.613) (285.23,103.618,323.565) (292.409,110.694,322.219) (249.488,155.769,330.266)
  f[0][0] pts=5 (328.152,58.5433,315.517) (315.557,53.3955,277.181) (272.636,98.4702,285.229) (285.23,103.618,323.565) (328.152,58.5433,315.517)
  f[0][1] pts=5 (328.152,58.5433,315.517) (315.557,53.3955,277.181) (272.636,98.4702,285.229) (285.23,103.618,323.565) (328.152,58.5433,315.517)
  m[1][0] pts=5 (236.894,150.621,291.931) (229.715,143.545,293.277) (272.636,98.4702,285.229) (279.815,105.546,283.883) (236.894,150.621,291.931)
  m[1][1] pts=5 (236.894,150.621,291.931) (229.715,143.545,293.277) (272.636,98.4702,285.229) (279.815,105.546,283.883) (236.894,150.621,291.931)
  f[1][0] pts=5 (335.33,65.6195,314.171) (322.736,60.4717,275.835) (279.815,105.546,283.883) (292.409,110.694,322.219) (335.33,65.6195,314.171)
  f[1][1] pts=5 (335.33,65.6195,314.171) (322.736,60.4717,275.835) (279.815,105.546,283.883) (292.409,110.694,322.219) (335.33,65.6195,314.171)
joint 63 type=30 v0=6 v1=51 f0_0=5 f1_0=8 name=cr_c_ip_0 orient=1 div=1 shift=0.5
  jv[0] pts=5 (162.093,102.856,305.956) (169.272,109.932,304.61) (181.866,115.08,342.946) (174.687,108.004,344.292) (162.093,102.856,305.956)
  jv[1] pts=5 (205.01,57.7861,297.909) (212.189,64.8623,296.563) (224.783,70.0101,334.899) (217.604,62.9339,336.245) (205.01,57.7861,297.909)
  m[0][0] pts=5 (160.408,137.615,346.969) (153.229,130.539,348.315) (196.146,85.4688,340.268) (203.325,92.545,338.922) (160.408,137.615,346.969)
  m[0][1] pts=5 (160.408,137.615,346.969) (153.229,130.539,348.315) (196.146,85.4688,340.268) (203.325,92.545,338.922) (160.408,137.615,346.969)
  f[0][0] pts=5 (239.062,40.399,332.221) (226.468,35.2512,293.886) (183.552,80.321,301.933) (196.146,85.4688,340.268) (239.062,40.399,332.221)
  f[0][1] pts=5 (239.062,40.399,332.221) (226.468,35.2512,293.886) (183.552,80.321,301.933) (196.146,85.4688,340.268) (239.062,40.399,332.221)
  m[1][0] pts=5 (147.814,132.467,308.634) (140.635,125.391,309.98) (183.552,80.321,301.933) (190.73,87.3972,300.587) (147.814,132.467,308.634)
  m[1][1] pts=5 (147.814,132.467,308.634) (140.635,125.391,309.98) (183.552,80.321,301.933) (190.73,87.3972,300.587) (147.814,132.467,308.634)
  f[1][0] pts=5 (246.241,47.4752,330.875) (233.647,42.3274,292.54) (190.73,87.3972,300.587) (203.325,92.545,338.922) (246.241,47.4752,330.875)
  f[1][1] pts=5 (246.241,47.4752,330.875) (233.647,42.3274,292.54) (190.73,87.3972,300.587) (203.325,92.545,338.922) (246.241,47.4752,330.875)
joint 64 type=30 v0=6 v1=52 f0_0=5 f1_0=8 name=cr_c_ip_0 orient=1 div=1 shift=0.5
  jv[0] pts=5 (73.0109,84.7042,322.659) (80.1898,91.7805,321.313) (92.7839,96.9283,359.649) (85.6051,89.8521,360.995) (73.0109,84.7042,322.659)
  jv[1] pts=5 (115.923,39.6393,314.613) (123.102,46.7155,313.267) (135.696,51.8633,351.603) (128.517,44.7871,352.949) (115.923,39.6393,314.613)
  m[0][0] pts=5 (71.3279,119.461,363.672) (64.149,112.385,365.018) (107.061,67.3196,356.972) (114.24,74.3958,355.626) (71.3279,119.461,363.672)
  m[0][1] pts=5 (71.3279,119.461,363.672) (64.149,112.385,365.018) (107.061,67.3196,356.972) (114.24,74.3958,355.626) (71.3279,119.461,363.672)
  f[0][0] pts=5 (149.973,22.2546,348.926) (137.379,17.1068,310.59) (94.467,62.1718,318.636) (107.061,67.3196,356.972) (149.973,22.2546,348.926)
  f[0][1] pts=5 (149.973,22.2546,348.926) (137.379,17.1068,310.59) (94.467,62.1718,318.636) (107.061,67.3196,356.972) (149.973,22.2546,348.926)
  m[1][0] pts=5 (58.7338,114.313,325.336) (51.5549,107.237,326.682) (94.467,62.1718,318.636) (101.646,69.248,317.29) (58.7338,114.313,325.336)
  m[1][1] pts=5 (58.7338,114.313,325.336) (51.5549,107.237,326.682) (94.467,62.1718,318.636) (101.646,69.248,317.29) (58.7338,114.313,325.336)
  f[1][0] pts=5 (157.152,29.3309,347.58) (144.558,24.1831,309.244) (101.646,69.248,317.29) (114.24,74.3958,355.626) (157.152,29.3309,347.58)
  f[1][1] pts=5 (157.152,29.3309,347.58) (144.558,24.1831,309.244) (101.646,69.248,317.29) (114.24,74.3958,355.626) (157.152,29.3309,347.58)
joint 65 type=30 v0=7 v1=38 f0_0=7 f1_0=4 name=cr_c_ip_0 orient=1 div=1 shift=0.5
  jv[0] pts=5 (354.875,-187.34,230.635) (354.875,-179.49,236.831) (354.875,-204.456,268.084) (354.875,-212.306,261.888) (354.875,-187.34,230.635)
  jv[1] pts=5 (303.277,-187.34,230.635) (303.277,-179.49,236.831) (303.277,-204.456,268.084) (303.277,-212.306,261.888) (303.277,-187.34,230.635)
  m[0][0] pts=5 (380.675,-204.456,268.084) (380.675,-212.306,261.888) (329.076,-212.306,261.888) (329.076,-204.456,268.084) (380.675,-204.456,268.084)
  m[0][1] pts=5 (380.675,-204.456,268.084) (380.675,-212.306,261.888) (329.076,-212.306,261.888) (329.076,-204.456,268.084) (380.675,-204.456,268.084)
  f[0][0] pts=5 (277.478,-212.306,261.888) (277.478,-187.34,230.635) (329.076,-187.34,230.635) (329.076,-212.306,261.888) (277.478,-212.306,261.888)
  f[0][1] pts=5 (277.478,-212.306,261.888) (277.478,-187.34,230.635) (329.076,-187.34,230.635) (329.076,-212.306,261.888) (277.478,-212.306,261.888)
  m[1][0] pts=5 (380.675,-179.49,236.831) (380.675,-187.34,230.635) (329.076,-187.34,230.635) (329.076,-179.49,236.831) (380.675,-179.49,236.831)
  m[1][1] pts=5 (380.675,-179.49,236.831) (380.675,-187.34,230.635) (329.076,-187.34,230.635) (329.076,-179.49,236.831) (380.675,-179.49,236.831)
  f[1][0] pts=5 (277.478,-204.456,268.084) (277.478,-179.49,236.831) (329.076,-179.49,236.831) (329.076,-204.456,268.084) (277.478,-204.456,268.084)
  f[1][1] pts=5 (277.478,-204.456,268.084) (277.478,-179.49,236.831) (329.076,-179.49,236.831) (329.076,-204.456,268.084) (277.478,-204.456,268.084)
joint 66 type=30 v0=7 v1=46 f0_0=6 f1_0=4 name=cr_c_ip_0 orient=1 div=1 shift=0.5
  jv[0] pts=5 (280.372,-109.145,292.357) (273.539,-103.233,297.024) (268.575,-123.72,331.812) (275.407,-129.633,327.145) (280.372,-109.145,292.357)
  jv[1] pts=5 (233.892,-142.238,266.236) (227.06,-136.326,270.903) (222.096,-156.813,305.691) (228.928,-162.725,301.024) (233.892,-142.238,266.236)
  m[0][0] pts=5 (291.815,-107.174,344.872) (298.647,-113.086,340.206) (252.168,-146.179,314.085) (245.336,-140.266,318.751) (291.815,-107.174,344.872)
  m[0][1] pts=5 (291.815,-107.174,344.872) (298.647,-113.086,340.206) (252.168,-146.179,314.085) (245.336,-140.266,318.751) (291.815,-107.174,344.872)
  f[0][0] pts=5 (205.689,-179.271,287.964) (210.653,-158.784,253.175) (257.132,-125.692,279.296) (252.168,-146.179,314.085) (205.689,-179.271,287.964)
  f[0][1] pts=5 (205.689,-179.271,287.964) (210.653,-158.784,253.175) (257.132,-125.692,279.296) (252.168,-146.179,314.085) (205.689,-179.271,287.964)
  m[1][0] pts=5 (296.779,-86.6869,310.084) (303.611,-92.5992,305.417) (257.132,-125.692,279.296) (250.3,-119.779,283.963) (296.779,-86.6869,310.084)
  m[1][1] pts=5 (296.779,-86.6869,310.084) (303.611,-92.5992,305.417) (257.132,-125.692,279.296) (250.3,-119.779,283.963) (296.779,-86.6869,310.084)
  f[1][0] pts=5 (198.856,-173.359,292.63) (203.821,-152.872,257.842) (250.3,-119.779,283.963) (245.336,-140.266,318.751) (198.856,-173.359,292.63)
  f[1][1] pts=5 (198.856,-173.359,292.63) (203.821,-152.872,257.842) (250.3,-119.779,283.963) (245.336,-140.266,318.751) (198.856,-173.359,292.63)
joint 67 type=30 v0=7 v1=47 f0_0=6 f1_0=4 name=cr_c_ip_0 orient=1 div=1 shift=0.5
  jv[0] pts=5 (191.095,-90.3414,307.199) (184.263,-84.4291,311.866) (179.299,-104.916,346.655) (186.131,-110.829,341.988) (191.095,-90.3414,307.199)
  jv[1] pts=5 (144.611,-123.437,281.076) (137.779,-117.525,285.742) (132.815,-138.012,320.531) (139.647,-143.925,315.864) (144.611,-123.437,281.076)
  m[0][0] pts=5 (202.541,-88.3683,359.716) (209.373,-94.2806,355.05) (162.889,-127.377,328.926) (156.057,-121.464,333.593) (202.541,-88.3683,359.716)
  m[0][1] pts=5 (202.541,-88.3683,359.716) (209.373,-94.2806,355.05) (162.889,-127.377,328.926) (156.057,-121.464,333.593) (202.541,-88.3683,359.716)
  f[0][0] pts=5 (116.405,-160.473,302.802) (121.369,-139.985,268.014) (167.853,-106.889,294.138) (162.889,-127.377,328.926) (116.405,-160.473,302.802)
  f[0][1] pts=5 (116.405,-160.473,302.802) (121.369,-139.985,268.014) (167.853,-106.889,294.138) (162.889,-127.377,328.926) (116.405,-160.473,302.802)
  m[1][0] pts=5 (207.505,-67.8811,324.928) (214.337,-73.7934,320.261) (167.853,-106.889,294.138) (161.021,-100.977,298.804) (207.505,-67.8811,324.928)
  m[1][1] pts=5 (207.505,-67.8811,324.928) (214.337,-73.7934,320.261) (167.853,-106.889,294.138) (161.021,-100.977,298.804) (207.505,-67.8811,324.928)
  f[1][0] pts=5 (109.573,-154.56,307.469) (114.537,-134.073,272.681) (161.021,-100.977,298.804) (156.057,-121.464,333.593) (109.573,-154.56,307.469)
  f[1][1] pts=5 (109.573,-154.56,307.469) (114.537,-134.073,272.681) (161.021,-100.977,298.804) (156.057,-121.464,333.593) (109.573,-154.56,307.469)
joint 68 type=30 v0=7 v1=48 f0_0=6 f1_0=4 name=cr_c_ip_0 orient=1 div=1 shift=0.5
  jv[0] pts=5 (101.819,-71.5374,322.042) (94.9868,-65.6252,326.709) (90.0226,-86.1123,361.497) (96.8547,-92.0246,356.83) (101.819,-71.5374,322.042)
  jv[1] pts=5 (55.3299,-104.637,295.915) (48.4977,-98.7247,300.582) (43.5335,-119.212,335.371) (50.3656,-125.124,330.704) (55.3299,-104.637,295.915)
  m[0][0] pts=5 (113.267,-69.5626,374.56) (120.099,-75.4749,369.894) (73.6102,-108.574,343.767) (66.778,-102.662,348.434) (113.267,-69.5626,374.56)
  m[0][1] pts=5 (113.267,-69.5626,374.56) (120.099,-75.4749,369.894) (73.6102,-108.574,343.767) (66.778,-102.662,348.434) (113.267,-69.5626,374.56)
  f[0][0] pts=5 (27.1211,-141.674,317.64) (32.0853,-121.187,282.852) (78.5744,-88.0872,308.979) (73.6102,-108.574,343.767) (27.1211,-141.674,317.64)
  f[0][1] pts=5 (27.1211,-141.674,317.64) (32.0853,-121.187,282.852) (78.5744,-88.0872,308.979) (73.6102,-108.574,343.767) (27.1211,-141.674,317.64)
  m[1][0] pts=5 (118.231,-49.0754,339.772) (125.064,-54.9877,335.105) (78.5744,-88.0872,308.979) (71.7423,-82.1749,313.645) (118.231,-49.0754,339.772)
  m[1][1] pts=5 (118.231,-49.0754,339.772) (125.064,-54.9877,335.105) (78.5744,-88.0872,308.979) (71.7423,-82.1749,313.645) (118.231,-49.0754,339.772)
  f[1][0] pts=5 (20.2889,-135.762,322.307) (25.2532,-115.274,287.519) (71.7423,-82.1749,313.645) (66.778,-102.662,348.434) (20.2889,-135.762,322.307)
  f[1][1] pts=5 (20.2889,-135.762,322.307) (25.2532,-115.274,287.519) (71.7423,-82.1749,313.645) (66.778,-102.662,348.434) (20.2889,-135.762,322.307)
joint 69 type=30 v0=7 v1=53 f0_0=4 f1_0=8 name=cr_c_ip_0 orient=1 div=1 shift=0.5
  jv[0] pts=5 (-354.875,-187.34,230.635) (-354.875,-179.49,236.831) (-354.875,-204.456,268.084) (-354.875,-212.306,261.888) (-354.875,-187.34,230.635)
  jv[1] pts=5 (-303.277,-187.34,230.635) (-303.277,-179.49,236.831) (-303.277,-204.456,268.084) (-303.277,-212.306,261.888) (-303.277,-187.34,230.635)
  m[0][0] pts=5 (-380.674,-204.456,268.084) (-380.674,-212.306,261.888) (-329.076,-212.306,261.888) (-329.076,-204.456,268.084) (-380.674,-204.456,268.084)
  m[0][1] pts=5 (-380.674,-204.456,268.084) (-380.674,-212.306,261.888) (-329.076,-212.306,261.888) (-329.076,-204.456,268.084) (-380.674,-204.456,268.084)
  f[0][0] pts=5 (-277.477,-212.306,261.888) (-277.477,-187.34,230.635) (-329.076,-187.34,230.635) (-329.076,-212.306,261.888) (-277.477,-212.306,261.888)
  f[0][1] pts=5 (-277.477,-212.306,261.888) (-277.477,-187.34,230.635) (-329.076,-187.34,230.635) (-329.076,-212.306,261.888) (-277.477,-212.306,261.888)
  m[1][0] pts=5 (-380.674,-179.49,236.831) (-380.674,-187.34,230.635) (-329.076,-187.34,230.635) (-329.076,-179.49,236.831) (-380.674,-179.49,236.831)
  m[1][1] pts=5 (-380.674,-179.49,236.831) (-380.674,-187.34,230.635) (-329.076,-187.34,230.635) (-329.076,-179.49,236.831) (-380.674,-179.49,236.831)
  f[1][0] pts=5 (-277.477,-204.456,268.084) (-277.477,-179.49,236.831) (-329.076,-179.49,236.831) (-329.076,-204.456,268.084) (-277.477,-204.456,268.084)
  f[1][1] pts=5 (-277.477,-204.456,268.084) (-277.477,-179.49,236.831) (-329.076,-179.49,236.831) (-329.076,-204.456,268.084) (-277.477,-204.456,268.084)
joint 70 type=30 v0=7 v1=54 f0_0=5 f1_0=8 name=cr_c_ip_0 orient=1 div=1 shift=0.5
  jv[0] pts=5 (-79.8573,-65.1212,327.107) (-72.3455,-70.86,322.577) (-81.3551,-88.76,359.407) (-88.8669,-83.0213,363.937) (-79.8573,-65.1212,327.107)
  jv[1] pts=5 (-122.699,-99.6726,299.834) (-115.187,-105.411,295.304) (-124.197,-123.311,332.135) (-131.709,-117.573,336.664) (-122.699,-99.6726,299.834)
  m[0][0] pts=5 (-59.9341,-71.4843,373.043) (-67.4459,-65.7456,377.573) (-110.288,-100.297,350.301) (-102.776,-106.036,345.771) (-59.9341,-71.4843,373.043)
  m[0][1] pts=5 (-59.9341,-71.4843,373.043) (-67.4459,-65.7456,377.573) (-110.288,-100.297,350.301) (-102.776,-106.036,345.771) (-59.9341,-71.4843,373.043)
  f[0][0] pts=5 (-153.13,-134.848,323.028) (-144.12,-116.948,286.198) (-101.278,-82.3969,313.47) (-110.288,-100.297,350.301) (-153.13,-134.848,323.028)
  f[0][1] pts=5 (-153.13,-134.848,323.028) (-144.12,-116.948,286.198) (-101.278,-82.3969,313.47) (-110.288,-100.297,350.301) (-153.13,-134.848,323.028)
  m[1][0] pts=5 (-50.9245,-53.5843,336.213) (-58.4363,-47.8455,340.743) (-101.278,-82.3969,313.47) (-93.7665,-88.1356,308.94) (-50.9245,-53.5843,336.213)
  m[1][1] pts=5 (-50.9245,-53.5843,336.213) (-58.4363,-47.8455,340.743) (-101.278,-82.3969,313.47) (-93.7665,-88.1356,308.94) (-50.9245,-53.5843,336.213)
  f[1][0] pts=5 (-145.618,-140.587,318.498) (-136.608,-122.687,281.668) (-93.7665,-88.1356,308.94) (-102.776,-106.036,345.771) (-145.618,-140.587,318.498)
  f[1][1] pts=5 (-145.618,-140.587,318.498) (-136.608,-122.687,281.668) (-93.7665,-88.1356,308.94) (-102.776,-106.036,345.771) (-145.618,-140.587,318.498)
joint 71 type=30 v0=7 v1=55 f0_0=5 f1_0=8 name=cr_c_ip_0 orient=1 div=1 shift=0.5
  jv[0] pts=5 (-169.146,-83.9279,312.262) (-161.634,-89.6666,307.732) (-170.644,-107.567,344.562) (-178.156,-101.828,349.092) (-169.146,-83.9279,312.262)
  jv[1] pts=5 (-211.981,-118.473,284.994) (-204.469,-124.212,280.464) (-213.478,-142.112,317.295) (-220.99,-136.373,321.825) (-211.981,-118.473,284.994)
  m[0][0] pts=5 (-149.227,-90.2941,358.196) (-156.739,-84.5553,362.726) (-199.573,-119.1,335.458) (-192.061,-124.839,330.929) (-149.227,-90.2941,358.196)
  m[0][1] pts=5 (-149.227,-90.2941,358.196) (-156.739,-84.5553,362.726) (-199.573,-119.1,335.458) (-192.061,-124.839,330.929) (-149.227,-90.2941,358.196)
  f[0][0] pts=5 (-242.407,-153.646,308.191) (-233.398,-135.746,271.36) (-190.563,-101.2,298.628) (-199.573,-119.1,335.458) (-242.407,-153.646,308.191)
  f[0][1] pts=5 (-242.407,-153.646,308.191) (-233.398,-135.746,271.36) (-190.563,-101.2,298.628) (-199.573,-119.1,335.458) (-242.407,-153.646,308.191)
  m[1][0] pts=5 (-140.217,-72.394,321.366) (-147.729,-66.6553,325.896) (-190.563,-101.2,298.628) (-183.052,-106.939,294.098) (-140.217,-72.394,321.366)
  m[1][1] pts=5 (-140.217,-72.394,321.366) (-147.729,-66.6553,325.896) (-190.563,-101.2,298.628) (-183.052,-106.939,294.098) (-140.217,-72.394,321.366)
  f[1][0] pts=5 (-234.895,-159.384,303.661) (-225.886,-141.484,266.831) (-183.052,-106.939,294.098) (-192.061,-124.839,330.929) (-234.895,-159.384,303.661)
  f[1][1] pts=5 (-234.895,-159.384,303.661) (-225.886,-141.484,266.831) (-183.052,-106.939,294.098) (-192.061,-124.839,330.929) (-234.895,-159.384,303.661)
joint 72 type=30 v0=7 v1=56 f0_0=5 f1_0=8 name=cr_c_ip_0 orient=1 div=1 shift=0.5
  jv[0] pts=5 (-258.435,-102.735,297.417) (-250.923,-108.473,292.887) (-259.933,-126.373,329.718) (-267.445,-120.635,334.248) (-258.435,-102.735,297.417)
  jv[1] pts=5 (-301.262,-137.273,270.154) (-293.75,-143.012,265.625) (-302.76,-160.912,302.455) (-310.271,-155.173,306.985) (-301.262,-137.273,270.154)
  m[0][0] pts=5 (-238.52,-109.104,343.349) (-246.032,-103.365,347.879) (-288.858,-137.904,320.616) (-281.346,-143.643,316.086) (-238.52,-109.104,343.349)
  m[0][1] pts=5 (-238.52,-109.104,343.349) (-246.032,-103.365,347.879) (-288.858,-137.904,320.616) (-281.346,-143.643,316.086) (-238.52,-109.104,343.349)
  f[0][0] pts=5 (-331.685,-172.443,293.353) (-322.675,-154.543,256.523) (-279.848,-120.004,283.786) (-288.858,-137.904,320.616) (-331.685,-172.443,293.353)
  f[0][1] pts=5 (-331.685,-172.443,293.353) (-322.675,-154.543,256.523) (-279.848,-120.004,283.786) (-288.858,-137.904,320.616) (-331.685,-172.443,293.353)
  m[1][0] pts=5 (-229.51,-91.2038,306.519) (-237.022,-85.4651,311.048) (-279.848,-120.004,283.786) (-272.337,-125.743,279.256) (-229.51,-91.2038,306.519)
  m[1][1] pts=5 (-229.51,-91.2038,306.519) (-237.022,-85.4651,311.048) (-279.848,-120.004,283.786) (-272.337,-125.743,279.256) (-229.51,-91.2038,306.519)
  f[1][0] pts=5 (-324.173,-178.182,288.824) (-315.163,-160.282,251.993) (-272.337,-125.743,279.256) (-281.346,-143.643,316.086) (-324.173,-178.182,288.824)
  f[1][1] pts=5 (-324.173,-178.182,288.824) (-315.163,-160.282,251.993) (-272.337,-125.743,279.256) (-281.346,-143.643,316.086) (-324.173,-178.182,288.824)
joint 73 type=30 v0=8 v1=45 f0_0=7 f1_0=4 name=cr_c_ip_0 orient=1 div=1 shift=0.5
  jv[0] pts=5 (353.071,175.937,239.388) (358.792,182.409,234.274) (360.795,209.475,263.867) (355.074,203.004,268.981) (353.071,175.937,239.388)
  jv[1] pts=5 (308.607,200.132,220.268) (314.328,206.603,215.154) (316.33,233.67,244.747) (310.609,227.198,249.861) (308.607,200.132,220.268)
  m[0][0] pts=5 (383.027,197.378,273.427) (377.306,190.906,278.541) (332.842,215.101,259.421) (338.562,221.573,254.307) (383.027,197.378,273.427)
  m[0][1] pts=5 (383.027,197.378,273.427) (377.306,190.906,278.541) (332.842,215.101,259.421) (338.562,221.573,254.307) (383.027,197.378,273.427)
  f[0][0] pts=5 (288.377,239.295,240.301) (286.375,212.229,210.708) (330.839,188.034,229.828) (332.842,215.101,259.421) (288.377,239.295,240.301)
  f[0][1] pts=5 (288.377,239.295,240.301) (286.375,212.229,210.708) (330.839,188.034,229.828) (332.842,215.101,259.421) (288.377,239.295,240.301)
  m[1][0] pts=5 (381.025,170.312,243.834) (375.304,163.84,248.948) (330.839,188.034,229.828) (336.56,194.506,224.714) (381.025,170.312,243.834)
  m[1][1] pts=5 (381.025,170.312,243.834) (375.304,163.84,248.948) (330.839,188.034,229.828) (336.56,194.506,224.714) (381.025,170.312,243.834)
  f[1][0] pts=5 (294.098,245.767,235.187) (292.095,218.701,205.594) (336.56,194.506,224.714) (338.562,221.573,254.307) (294.098,245.767,235.187)
  f[1][1] pts=5 (294.098,245.767,235.187) (292.095,218.701,205.594) (336.56,194.506,224.714) (338.562,221.573,254.307) (294.098,245.767,235.187)
joint 74 type=30 v0=8 v1=50 f0_0=2 f1_0=4 name=cr_c_ip_0 orient=1 div=1 shift=0.5
  jv[0] pts=5 (273.773,102.779,297.203) (280.605,108.689,292.532) (275.635,129.191,327.313) (268.802,123.281,331.984) (273.773,102.779,297.203)
  jv[1] pts=5 (227.061,136.02,270.934) (233.893,141.93,266.263) (228.923,162.431,301.044) (222.091,156.521,305.715) (227.061,136.02,270.934)
  m[0][0] pts=5 (298.99,112.57,340.448) (292.158,106.66,345.118) (245.447,139.901,318.849) (252.279,145.811,314.179) (298.99,112.57,340.448)
  m[0][1] pts=5 (298.99,112.57,340.448) (292.158,106.66,345.118) (245.447,139.901,318.849) (252.279,145.811,314.179) (298.99,112.57,340.448)
  f[0][0] pts=5 (198.735,173.142,292.58) (203.705,152.64,257.799) (250.417,119.399,284.068) (245.447,139.901,318.849) (198.735,173.142,292.58)
  f[0][1] pts=5 (198.735,173.142,292.58) (203.705,152.64,257.799) (250.417,119.399,284.068) (245.447,139.901,318.849) (198.735,173.142,292.58)
  m[1][0] pts=5 (303.961,92.0684,305.667) (297.128,86.1584,310.337) (250.417,119.399,284.068) (257.249,125.309,279.398) (303.961,92.0684,305.667)
  m[1][1] pts=5 (303.961,92.0684,305.667) (297.128,86.1584,310.337) (250.417,119.399,284.068) (257.249,125.309,279.398) (303.961,92.0684,305.667)
  f[1][0] pts=5 (205.567,179.052,287.91) (210.538,158.55,253.129) (257.249,125.309,279.398) (252.279,145.811,314.179) (205.567,179.052,287.91)
  f[1][1] pts=5 (205.567,179.052,287.91) (210.538,158.55,253.129) (257.249,125.309,279.398) (252.279,145.811,314.179) (205.567,179.052,287.91)
joint 75 type=30 v0=8 v1=51 f0_0=2 f1_0=4 name=cr_c_ip_0 orient=1 div=1 shift=0.5
  jv[0] pts=5 (184.487,83.9869,312.054) (191.319,89.8969,307.383) (186.349,110.399,342.164) (179.517,104.489,346.834) (184.487,83.9869,312.054)
  jv[1] pts=5 (137.781,117.224,285.788) (144.614,123.134,281.117) (139.643,143.636,315.898) (132.811,137.726,320.568) (137.781,117.224,285.788)
  m[0][0] pts=5 (209.702,93.7802,355.297) (202.87,87.8702,359.967) (156.164,121.107,333.701) (162.996,127.017,329.031) (209.702,93.7802,355.297)
  m[0][1] pts=5 (209.702,93.7802,355.297) (202.87,87.8702,359.967) (156.164,121.107,333.701) (162.996,127.017,329.031) (209.702,93.7802,355.297)
  f[0][0] pts=5 (109.458,154.344,307.435) (114.428,133.842,272.655) (161.134,100.605,298.921) (156.164,121.107,333.701) (109.458,154.344,307.435)
  f[0][1] pts=5 (109.458,154.344,307.435) (114.428,133.842,272.655) (161.134,100.605,298.921) (156.164,121.107,333.701) (109.458,154.344,307.435)
  m[1][0] pts=5 (214.672,73.2785,320.516) (207.84,67.3685,325.187) (161.134,100.605,298.921) (167.966,106.515,294.25) (214.672,73.2785,320.516)
  m[1][1] pts=5 (214.672,73.2785,320.516) (207.84,67.3685,325.187) (161.134,100.605,298.921) (167.966,106.515,294.25) (214.672,73.2785,320.516)
  f[1][0] pts=5 (116.29,160.254,302.765) (121.261,139.752,267.984) (167.966,106.515,294.25) (162.996,127.017,329.031) (116.29,160.254,302.765)
  f[1][1] pts=5 (116.29,160.254,302.765) (121.261,139.752,267.984) (167.966,106.515,294.25) (162.996,127.017,329.031) (116.29,160.254,302.765)
joint 76 type=30 v0=8 v1=52 f0_0=2 f1_0=4 name=cr_c_ip_0 orient=1 div=1 shift=0.5
  jv[0] pts=5 (95.2019,65.195,326.904) (102.034,71.105,322.234) (97.0638,91.6067,357.015) (90.2316,85.6967,361.685) (95.2019,65.195,326.904)
  jv[1] pts=5 (48.5015,98.428,300.641) (55.3337,104.338,295.971) (50.3634,124.84,330.752) (43.5312,118.93,335.422) (48.5015,98.428,300.641)
  m[0][0] pts=5 (120.414,74.9902,370.146) (113.582,69.0802,374.817) (66.8814,102.313,348.554) (73.7136,108.223,343.883) (120.414,74.9902,370.146)
  m[0][1] pts=5 (120.414,74.9902,370.146) (113.582,69.0802,374.817) (66.8814,102.313,348.554) (73.7136,108.223,343.883) (120.414,74.9902,370.146)
  f[0][0] pts=5 (20.1809,135.546,322.291) (25.1513,115.044,287.51) (71.8517,81.8115,313.773) (66.8814,102.313,348.554) (20.1809,135.546,322.291)
  f[0][1] pts=5 (20.1809,135.546,322.291) (25.1513,115.044,287.51) (71.8517,81.8115,313.773) (66.8814,102.313,348.554) (20.1809,135.546,322.291)
  m[1][0] pts=5 (125.384,54.4885,335.365) (118.552,48.5785,340.036) (71.8517,81.8115,313.773) (78.6839,87.7215,309.102) (125.384,54.4885,335.365)
  m[1][1] pts=5 (125.384,54.4885,335.365) (118.552,48.5785,340.036) (71.8517,81.8115,313.773) (78.6839,87.7215,309.102) (125.384,54.4885,335.365)
  f[1][0] pts=5 (27.0132,141.456,317.62) (31.9835,120.954,282.839) (78.6839,87.7215,309.102) (73.7136,108.223,343.883) (27.0132,141.456,317.62)
  f[1][1] pts=5 (27.0132,141.456,317.62) (31.9835,120.954,282.839) (78.6839,87.7215,309.102) (73.7136,108.223,343.883) (27.0132,141.456,317.62)
joint 77 type=30 v0=8 v1=57 f0_0=3 f1_0=8 name=cr_c_ip_0 orient=1 div=1 shift=0.5
  jv[0] pts=5 (-72.037,70.3207,322.853) (-79.5495,64.5843,327.387) (-88.566,82.5007,364.211) (-81.0535,88.237,359.677) (-72.037,70.3207,322.853)
  jv[1] pts=5 (-115.195,105.113,295.358) (-122.707,99.3764,299.892) (-131.724,117.293,336.716) (-124.211,123.029,332.182) (-115.195,105.113,295.358)
  m[0][0] pts=5 (-66.9872,65.1046,377.958) (-59.4747,70.841,373.425) (-102.632,105.633,345.93) (-110.145,99.8967,350.463) (-66.9872,65.1046,377.958)
  m[0][1] pts=5 (-66.9872,65.1046,377.958) (-59.4747,70.841,373.425) (-102.632,105.633,345.93) (-110.145,99.8967,350.463) (-66.9872,65.1046,377.958)
  f[0][0] pts=5 (-145.79,140.425,318.435) (-136.773,122.509,281.611) (-93.6158,87.7167,309.106) (-102.632,105.633,345.93) (-145.79,140.425,318.435)
  f[0][1] pts=5 (-145.79,140.425,318.435) (-136.773,122.509,281.611) (-93.6158,87.7167,309.106) (-102.632,105.633,345.93) (-145.79,140.425,318.435)
  m[1][0] pts=5 (-57.9707,47.1883,341.134) (-50.4582,52.9246,336.601) (-93.6158,87.7167,309.106) (-101.128,81.9804,313.639) (-57.9707,47.1883,341.134)
  m[1][1] pts=5 (-57.9707,47.1883,341.134) (-50.4582,52.9246,336.601) (-93.6158,87.7167,309.106) (-101.128,81.9804,313.639) (-57.9707,47.1883,341.134)
  f[1][0] pts=5 (-153.302,134.689,322.968) (-144.286,116.772,286.144) (-101.128,81.9804,313.639) (-110.145,99.8967,350.463) (-153.302,134.689,322.968)
  f[1][1] pts=5 (-153.302,134.689,322.968) (-144.286,116.772,286.144) (-101.128,81.9804,313.639) (-110.145,99.8967,350.463) (-153.302,134.689,322.968)
joint 78 type=30 v0=8 v1=58 f0_0=3 f1_0=8 name=cr_c_ip_0 orient=1 div=1 shift=0.5
  jv[0] pts=5 (-161.308,89.1096,308.005) (-168.821,83.3733,312.538) (-177.837,101.29,349.362) (-170.325,107.026,344.829) (-161.308,89.1096,308.005)
  jv[1] pts=5 (-204.474,123.909,280.505) (-211.987,118.172,285.038) (-221.003,136.089,321.862) (-213.491,141.825,317.329) (-204.474,123.909,280.505)
  m[0][0] pts=5 (-156.254,83.8901,363.113) (-148.742,89.6265,358.579) (-191.908,124.425,331.079) (-199.42,118.689,335.612) (-156.254,83.8901,363.113)
  m[0][1] pts=5 (-156.254,83.8901,363.113) (-148.742,89.6265,358.579) (-191.908,124.425,331.079) (-199.42,118.689,335.612) (-156.254,83.8901,363.113)
  f[0][0] pts=5 (-235.074,159.224,303.578) (-226.058,141.308,266.754) (-182.891,106.509,294.255) (-191.908,124.425,331.079) (-235.074,159.224,303.578)
  f[0][1] pts=5 (-235.074,159.224,303.578) (-226.058,141.308,266.754) (-182.891,106.509,294.255) (-191.908,124.425,331.079) (-235.074,159.224,303.578)
  m[1][0] pts=5 (-147.238,65.9738,326.289) (-139.725,71.7101,321.755) (-182.891,106.509,294.255) (-190.404,100.773,298.788) (-147.238,65.9738,326.289)
  m[1][1] pts=5 (-147.238,65.9738,326.289) (-139.725,71.7101,321.755) (-182.891,106.509,294.255) (-190.404,100.773,298.788) (-147.238,65.9738,326.289)
  f[1][0] pts=5 (-242.587,153.488,308.112) (-233.57,135.572,271.288) (-190.404,100.773,298.788) (-199.42,118.689,335.612) (-242.587,153.488,308.112)
  f[1][1] pts=5 (-242.587,153.488,308.112) (-233.57,135.572,271.288) (-190.404,100.773,298.788) (-199.42,118.689,335.612) (-242.587,153.488,308.112)
joint 79 type=30 v0=8 v1=59 f0_0=3 f1_0=8 name=cr_c_ip_0 orient=1 div=1 shift=0.5
  jv[0] pts=5 (-250.58,107.899,293.157) (-258.092,102.162,297.69) (-267.109,120.079,334.514) (-259.596,125.815,329.981) (-250.58,107.899,293.157)
  jv[1] pts=5 (-293.754,142.704,265.651) (-301.267,136.968,270.184) (-310.283,154.884,307.008) (-302.771,160.621,302.475) (-293.754,142.704,265.651)
  m[0][0] pts=5 (-245.521,102.676,348.267) (-238.009,108.412,343.734) (-281.183,143.218,316.228) (-288.696,137.482,320.761) (-245.521,102.676,348.267)
  m[0][1] pts=5 (-245.521,102.676,348.267) (-238.009,108.412,343.734) (-281.183,143.218,316.228) (-288.696,137.482,320.761) (-245.521,102.676,348.267)
  f[0][0] pts=5 (-324.358,178.024,288.722) (-315.342,160.107,251.898) (-272.167,125.302,279.404) (-281.183,143.218,316.228) (-324.358,178.024,288.722)
  f[0][1] pts=5 (-324.358,178.024,288.722) (-315.342,160.107,251.898) (-272.167,125.302,279.404) (-281.183,143.218,316.228) (-324.358,178.024,288.722)
  m[1][0] pts=5 (-236.505,84.7593,311.443) (-228.992,90.4957,306.91) (-272.167,125.302,279.404) (-279.679,119.565,283.937) (-236.505,84.7593,311.443)
  m[1][1] pts=5 (-236.505,84.7593,311.443) (-228.992,90.4957,306.91) (-272.167,125.302,279.404) (-279.679,119.565,283.937) (-236.505,84.7593,311.443)
  f[1][0] pts=5 (-331.871,172.287,293.255) (-322.854,154.371,256.431) (-279.679,119.565,283.937) (-288.696,137.482,320.761) (-331.871,172.287,293.255)
  f[1][1] pts=5 (-331.871,172.287,293.255) (-322.854,154.371,256.431) (-279.679,119.565,283.937) (-288.696,137.482,320.761) (-331.871,172.287,293.255)
joint 80 type=30 v0=8 v1=60 f0_0=4 f1_0=8 name=cr_c_ip_0 orient=1 div=1 shift=0.5
  jv[0] pts=5 (-358.278,184.168,232.884) (-351.886,190.241,228.085) (-354.124,212.915,261.148) (-360.516,206.842,265.948) (-358.278,184.168,232.884)
  jv[1] pts=5 (-316.959,157.399,254.039) (-310.567,163.472,249.239) (-312.805,186.146,282.303) (-319.197,180.073,287.102) (-316.959,157.399,254.039)
  m[0][0] pts=5 (-374.784,226.3,250.571) (-381.176,220.227,255.37) (-339.857,193.458,276.525) (-333.465,199.531,271.726) (-374.784,226.3,250.571)
  m[0][1] pts=5 (-374.784,226.3,250.571) (-381.176,220.227,255.37) (-339.857,193.458,276.525) (-333.465,199.531,271.726) (-374.784,226.3,250.571)
  f[0][0] pts=5 (-298.538,166.689,297.68) (-296.3,144.014,264.616) (-337.619,170.783,243.461) (-339.857,193.458,276.525) (-298.538,166.689,297.68)
  f[0][1] pts=5 (-298.538,166.689,297.68) (-296.3,144.014,264.616) (-337.619,170.783,243.461) (-339.857,193.458,276.525) (-298.538,166.689,297.68)
  m[1][0] pts=5 (-372.546,203.625,217.507) (-378.937,197.552,222.307) (-337.619,170.783,243.461) (-331.227,176.856,238.662) (-372.546,203.625,217.507)
  m[1][1] pts=5 (-372.546,203.625,217.507) (-378.937,197.552,222.307) (-337.619,170.783,243.461) (-331.227,176.856,238.662) (-372.546,203.625,217.507)
  f[1][0] pts=5 (-292.146,172.762,292.88) (-289.908,150.087,259.817) (-331.227,176.856,238.662) (-333.465,199.531,271.726) (-292.146,172.762,292.88)
  f[1][1] pts=5 (-292.146,172.762,292.88) (-289.908,150.087,259.817) (-331.227,176.856,238.662) (-333.465,199.531,271.726) (-292.146,172.762,292.88)
joint 81 type=30 v0=9 v1=49 f0_0=7 f1_0=4 name=cr_c_ip_0 orient=1 div=1 shift=0.5
  jv[0] pts=5 (10.7006,3.22836,338.355) (3.87875,10.5422,337.076) (7.7813e-05,6.79731,377.046) (6.8219,-0.516551,378.325) (10.7006,3.22836,338.355)
  jv[1] pts=5 (-29.0241,-35.1265,330.907) (-35.846,-27.8127,329.628) (-39.7246,-31.5576,369.598) (-32.9028,-38.8714,370.877) (-29.0241,-35.1265,330.907)
  m[0][0] pts=5 (19.8624,25.9748,380.77) (26.6842,18.6609,382.049) (-13.0405,-19.694,374.601) (-19.8623,-12.3801,373.322) (19.8624,25.9748,380.77)
  m[0][1] pts=5 (19.8624,25.9748,380.77) (26.6842,18.6609,382.049) (-13.0405,-19.694,374.601) (-19.8623,-12.3801,373.322) (19.8624,25.9748,380.77)
  f[0][0] pts=5 (-52.7652,-58.0489,367.152) (-48.8865,-54.304,327.183) (-9.16178,-15.9491,334.631) (-13.0405,-19.694,374.601) (-52.7652,-58.0489,367.152)
  f[0][1] pts=5 (-52.7652,-58.0489,367.152) (-48.8865,-54.304,327.183) (-9.16178,-15.9491,334.631) (-13.0405,-19.694,374.601) (-52.7652,-58.0489,367.152)
  m[1][0] pts=5 (23.7411,29.7197,340.8) (30.5629,22.4058,342.08) (-9.16178,-15.9491,334.631) (-15.9836,-8.63522,333.352) (23.7411,29.7197,340.8)
  m[1][1] pts=5 (23.7411,29.7197,340.8) (30.5629,22.4058,342.08) (-9.16178,-15.9491,334.631) (-15.9836,-8.63522,333.352) (23.7411,29.7197,340.8)
  f[1][0] pts=5 (-59.587,-50.735,365.873) (-55.7083,-46.9901,325.903) (-15.9836,-8.63522,333.352) (-19.8623,-12.3801,373.322) (-59.587,-50.735,365.873)
  f[1][1] pts=5 (-59.587,-50.735,365.873) (-55.7083,-46.9901,325.903) (-15.9836,-8.63522,333.352) (-19.8623,-12.3801,373.322) (-59.587,-50.735,365.873)
joint 82 type=30 v0=9 v1=54 f0_0=2 f1_0=4 name=cr_c_ip_0 orient=1 div=1 shift=0.5
  jv[0] pts=5 (-102.28,-84.2884,317.171) (-95.3751,-92.0684,318.466) (-94.4654,-101.4,359.334) (-101.37,-93.6197,358.039) (-102.28,-84.2884,317.171)
  jv[1] pts=5 (-57.1496,-42.8285,325.633) (-50.245,-50.6086,326.928) (-49.3353,-59.94,367.796) (-56.2399,-52.1599,366.501) (-57.1496,-42.8285,325.633)
  m[0][0] pts=5 (-117.03,-122.13,355.103) (-123.935,-114.35,353.808) (-78.8049,-72.8898,362.27) (-71.9003,-80.6699,363.565) (-117.03,-122.13,355.103)
  m[0][1] pts=5 (-117.03,-122.13,355.103) (-123.935,-114.35,353.808) (-78.8049,-72.8898,362.27) (-71.9003,-80.6699,363.565) (-117.03,-122.13,355.103)
  f[0][0] pts=5 (-33.6749,-31.4299,370.732) (-34.5846,-22.0986,329.864) (-79.7146,-63.5584,321.402) (-78.8049,-72.8898,362.27) (-33.6749,-31.4299,370.732)
  f[0][1] pts=5 (-33.6749,-31.4299,370.732) (-34.5846,-22.0986,329.864) (-79.7146,-63.5584,321.402) (-78.8049,-72.8898,362.27) (-33.6749,-31.4299,370.732)
  m[1][0] pts=5 (-117.94,-112.798,314.235) (-124.845,-105.018,312.94) (-79.7146,-63.5584,321.402) (-72.81,-71.3385,322.697) (-117.94,-112.798,314.235)
  m[1][1] pts=5 (-117.94,-112.798,314.235) (-124.845,-105.018,312.94) (-79.7146,-63.5584,321.402) (-72.81,-71.3385,322.697) (-117.94,-112.798,314.235)
  f[1][0] pts=5 (-26.7703,-39.21,372.027) (-27.68,-29.8786,331.159) (-72.81,-71.3385,322.697) (-71.9003,-80.6699,363.565) (-26.7703,-39.21,372.027)
  f[1][1] pts=5 (-26.7703,-39.21,372.027) (-27.68,-29.8786,331.159) (-72.81,-71.3385,322.697) (-71.9003,-80.6699,363.565) (-26.7703,-39.21,372.027)
joint 83 type=30 v0=9 v1=55 f0_0=2 f1_0=4 name=cr_c_ip_0 orient=1 div=1 shift=0.5
  jv[0] pts=5 (-191.359,-102.429,300.469) (-184.455,-110.209,301.763) (-183.545,-119.54,342.631) (-190.45,-111.76,341.336) (-191.359,-102.429,300.469)
  jv[1] pts=5 (-146.237,-60.9756,308.929) (-139.332,-68.7556,310.224) (-138.422,-78.087,351.091) (-145.327,-70.3069,349.797) (-146.237,-60.9756,308.929)
  m[0][0] pts=5 (-206.106,-140.267,338.401) (-213.011,-132.487,337.106) (-167.888,-91.0335,345.567) (-160.984,-98.8136,346.861) (-206.106,-140.267,338.401)
  m[0][1] pts=5 (-206.106,-140.267,338.401) (-213.011,-132.487,337.106) (-167.888,-91.0335,345.567) (-160.984,-98.8136,346.861) (-206.106,-140.267,338.401)
  f[0][0] pts=5 (-122.765,-49.5804,354.027) (-123.675,-40.249,313.16) (-168.798,-81.7021,304.699) (-167.888,-91.0335,345.567) (-122.765,-49.5804,354.027)
  f[0][1] pts=5 (-122.765,-49.5804,354.027) (-123.675,-40.249,313.16) (-168.798,-81.7021,304.699) (-167.888,-91.0335,345.567) (-122.765,-49.5804,354.027)
  m[1][0] pts=5 (-207.016,-130.935,297.533) (-213.921,-123.155,296.238) (-168.798,-81.7021,304.699) (-161.893,-89.4822,305.994) (-207.016,-130.935,297.533)
  m[1][1] pts=5 (-207.016,-130.935,297.533) (-213.921,-123.155,296.238) (-168.798,-81.7021,304.699) (-161.893,-89.4822,305.994) (-207.016,-130.935,297.533)
  f[1][0] pts=5 (-115.861,-57.3604,355.322) (-116.771,-48.0291,314.454) (-161.893,-89.4822,305.994) (-160.984,-98.8136,346.861) (-115.861,-57.3604,355.322)
  f[1][1] pts=5 (-115.861,-57.3604,355.322) (-116.771,-48.0291,314.454) (-161.893,-89.4822,305.994) (-160.984,-98.8136,346.861) (-115.861,-57.3604,355.322)
joint 84 type=30 v0=9 v1=56 f0_0=2 f1_0=4 name=cr_c_ip_0 orient=1 div=1 shift=0.5
  jv[0] pts=5 (-280.439,-120.569,283.766) (-273.534,-128.349,285.061) (-272.625,-137.681,325.928) (-279.529,-129.9,324.634) (-280.439,-120.569,283.766)
  jv[1] pts=5 (-235.323,-79.1226,292.225) (-228.419,-86.9027,293.52) (-227.509,-96.2341,334.387) (-234.414,-88.454,333.093) (-235.323,-79.1226,292.225)
  m[0][0] pts=5 (-295.182,-158.404,321.699) (-302.087,-150.624,320.404) (-256.971,-109.177,328.863) (-250.067,-116.957,330.158) (-295.182,-158.404,321.699)
  m[0][1] pts=5 (-295.182,-158.404,321.699) (-302.087,-150.624,320.404) (-256.971,-109.177,328.863) (-250.067,-116.957,330.158) (-295.182,-158.404,321.699)
  f[0][0] pts=5 (-211.856,-67.7308,337.322) (-212.766,-58.3994,296.455) (-257.881,-99.8458,287.996) (-256.971,-109.177,328.863) (-211.856,-67.7308,337.322)
  f[0][1] pts=5 (-211.856,-67.7308,337.322) (-212.766,-58.3994,296.455) (-257.881,-99.8458,287.996) (-256.971,-109.177,328.863) (-211.856,-67.7308,337.322)
  m[1][0] pts=5 (-296.092,-149.072,280.831) (-302.997,-141.292,279.536) (-257.881,-99.8458,287.996) (-250.977,-107.626,289.29) (-296.092,-149.072,280.831)
  m[1][1] pts=5 (-296.092,-149.072,280.831) (-302.997,-141.292,279.536) (-257.881,-99.8458,287.996) (-250.977,-107.626,289.29) (-296.092,-149.072,280.831)
  f[1][0] pts=5 (-204.951,-75.5109,338.617) (-205.861,-66.1795,297.749) (-250.977,-107.626,289.29) (-250.067,-116.957,330.158) (-204.951,-75.5109,338.617)
  f[1][1] pts=5 (-204.951,-75.5109,338.617) (-205.861,-66.1795,297.749) (-250.977,-107.626,289.29) (-250.067,-116.957,330.158) (-204.951,-75.5109,338.617)
joint 85 type=30 v0=9 v1=57 f0_0=6 f1_0=4 name=cr_c_ip_0 orient=1 div=1 shift=0.5
  jv[0] pts=5 (-95.024,91.434,318.532) (-101.929,83.6532,317.237) (-101.013,92.9917,358.106) (-94.1085,100.773,359.4) (-95.024,91.434,318.532)
  jv[1] pts=5 (-50.2421,50.2966,326.928) (-57.1469,42.5158,325.634) (-56.2314,51.8543,366.502) (-49.3266,59.6351,367.797) (-50.2421,50.2966,326.928)
  m[0][0] pts=5 (-123.404,113.56,353.907) (-116.499,121.341,355.202) (-71.7175,80.2038,363.599) (-78.6224,72.423,362.304) (-123.404,113.56,353.907)
  m[0][1] pts=5 (-123.404,113.56,353.907) (-116.499,121.341,355.202) (-71.7175,80.2038,363.599) (-78.6224,72.423,362.304) (-123.404,113.56,353.907)
  f[0][0] pts=5 (-26.9356,39.0663,371.996) (-27.8511,29.7278,331.127) (-72.6331,70.8653,322.73) (-71.7175,80.2038,363.599) (-26.9356,39.0663,371.996)
  f[0][1] pts=5 (-26.9356,39.0663,371.996) (-27.8511,29.7278,331.127) (-72.6331,70.8653,322.73) (-71.7175,80.2038,363.599) (-26.9356,39.0663,371.996)
  m[1][0] pts=5 (-124.32,104.222,313.039) (-117.415,112.003,314.333) (-72.6331,70.8653,322.73) (-79.5379,63.0845,321.435) (-124.32,104.222,313.039)
  m[1][1] pts=5 (-124.32,104.222,313.039) (-117.415,112.003,314.333) (-72.6331,70.8653,322.73) (-79.5379,63.0845,321.435) (-124.32,104.222,313.039)
  f[1][0] pts=5 (-33.8404,31.2855,370.701) (-34.756,21.947,329.832) (-79.5379,63.0845,321.435) (-78.6224,72.423,362.304) (-33.8404,31.2855,370.701)
  f[1][1] pts=5 (-33.8404,31.2855,370.701) (-34.756,21.947,329.832) (-79.5379,63.0845,321.435) (-78.6224,72.423,362.304) (-33.8404,31.2855,370.701)
joint 86 type=30 v0=9 v1=58 f0_0=6 f1_0=4 name=cr_c_ip_0 orient=1 div=1 shift=0.5
  jv[0] pts=5 (-184.119,109.588,301.826) (-191.024,101.807,300.531) (-190.108,111.146,341.4) (-183.204,118.927,342.695) (-184.119,109.588,301.826)
  jv[1] pts=5 (-139.329,68.4433,310.224) (-146.234,60.6625,308.93) (-145.318,70.001,349.798) (-138.413,77.7818,351.093) (-139.329,68.4433,310.224)
  m[0][0] pts=5 (-212.503,131.718,337.201) (-205.599,139.499,338.496) (-160.809,98.3543,346.894) (-167.713,90.5735,345.599) (-212.503,131.718,337.201)
  m[0][1] pts=5 (-212.503,131.718,337.201) (-205.599,139.499,338.496) (-160.809,98.3543,346.894) (-167.713,90.5735,345.599) (-212.503,131.718,337.201)
  f[0][0] pts=5 (-116.018,57.2094,355.292) (-116.934,47.8709,314.424) (-161.724,89.0158,306.025) (-160.809,98.3543,346.894) (-116.018,57.2094,355.292)
  f[0][1] pts=5 (-116.018,57.2094,355.292) (-116.934,47.8709,314.424) (-161.724,89.0158,306.025) (-160.809,98.3543,346.894) (-116.018,57.2094,355.292)
  m[1][0] pts=5 (-213.419,122.38,296.332) (-206.514,130.161,297.627) (-161.724,89.0158,306.025) (-168.629,81.235,304.731) (-213.419,122.38,296.332)
  m[1][1] pts=5 (-213.419,122.38,296.332) (-206.514,130.161,297.627) (-161.724,89.0158,306.025) (-168.629,81.235,304.731) (-213.419,122.38,296.332)
  f[1][0] pts=5 (-122.923,49.4286,353.998) (-123.839,40.0901,313.129) (-168.629,81.235,304.731) (-167.713,90.5735,345.599) (-122.923,49.4286,353.998)
  f[1][1] pts=5 (-122.923,49.4286,353.998) (-123.839,40.0901,313.129) (-168.629,81.235,304.731) (-167.713,90.5735,345.599) (-122.923,49.4286,353.998)
joint 87 type=30 v0=9 v1=59 f0_0=6 f1_0=4 name=cr_c_ip_0 orient=1 div=1 shift=0.5
  jv[0] pts=5 (-273.214,127.743,285.121) (-280.119,119.962,283.826) (-279.203,129.3,324.695) (-272.299,137.081,325.989) (-273.214,127.743,285.121)
  jv[1] pts=5 (-228.416,86.5901,293.52) (-235.321,78.8093,292.226) (-234.405,88.1478,333.094) (-227.5,95.9286,334.389) (-228.416,86.5901,293.52)
  m[0][0] pts=5 (-301.603,149.876,320.495) (-294.698,157.657,321.789) (-249.9,116.505,330.189) (-256.804,108.724,328.895) (-301.603,149.876,320.495)
  m[0][1] pts=5 (-301.603,149.876,320.495) (-294.698,157.657,321.789) (-249.9,116.505,330.189) (-256.804,108.724,328.895) (-301.603,149.876,320.495)
  f[0][0] pts=5 (-205.101,75.3524,338.589) (-206.017,66.0139,297.72) (-250.815,107.166,289.32) (-249.9,116.505,330.189) (-205.101,75.3524,338.589)
  f[0][1] pts=5 (-205.101,75.3524,338.589) (-206.017,66.0139,297.72) (-250.815,107.166,289.32) (-249.9,116.505,330.189) (-205.101,75.3524,338.589)
  m[1][0] pts=5 (-302.518,140.538,279.626) (-295.613,148.319,280.921) (-250.815,107.166,289.32) (-257.72,99.3855,288.026) (-302.518,140.538,279.626)
  m[1][1] pts=5 (-302.518,140.538,279.626) (-295.613,148.319,280.921) (-250.815,107.166,289.32) (-257.72,99.3855,288.026) (-302.518,140.538,279.626)
  f[1][0] pts=5 (-212.006,67.5716,337.294) (-212.922,58.2331,296.426) (-257.72,99.3855,288.026) (-256.804,108.724,328.895) (-212.006,67.5716,337.294)
  f[1][1] pts=5 (-212.006,67.5716,337.294) (-212.922,58.2331,296.426) (-257.72,99.3855,288.026) (-256.804,108.724,328.895) (-212.006,67.5716,337.294)
joint 88 type=30 v0=9 v1=61 f0_0=3 f1_0=8 name=cr_c_ip_0 orient=1 div=1 shift=0.5
  jv[0] pts=5 (-448.006,-127.638,252.347) (-454.834,-120.19,251.066) (-457.025,-125.841,291.353) (-450.196,-133.289,292.633) (-448.006,-127.638,252.347)
  jv[1] pts=5 (-403.21,-85.1237,260.746) (-410.038,-77.676,259.466) (-412.229,-83.3268,299.752) (-405.4,-90.7745,301.032) (-403.21,-85.1237,260.746)
  m[0][0] pts=5 (-479.423,-147.098,287.153) (-472.594,-154.546,288.433) (-427.798,-112.032,296.833) (-434.627,-104.584,295.552) (-479.423,-147.098,287.153)
  m[0][1] pts=5 (-479.423,-147.098,287.153) (-472.594,-154.546,288.433) (-427.798,-112.032,296.833) (-434.627,-104.584,295.552) (-479.423,-147.098,287.153)
  f[0][0] pts=5 (-383.002,-69.5174,305.232) (-380.812,-63.8666,264.946) (-425.608,-106.381,256.546) (-427.798,-112.032,296.833) (-383.002,-69.5174,305.232)
  f[0][1] pts=5 (-383.002,-69.5174,305.232) (-380.812,-63.8666,264.946) (-425.608,-106.381,256.546) (-427.798,-112.032,296.833) (-383.002,-69.5174,305.232)
  m[1][0] pts=5 (-477.232,-141.447,246.867) (-470.404,-148.895,248.147) (-425.608,-106.381,256.546) (-432.436,-98.9331,255.266) (-477.232,-141.447,246.867)
  m[1][1] pts=5 (-477.232,-141.447,246.867) (-470.404,-148.895,248.147) (-425.608,-106.381,256.546) (-432.436,-98.9331,255.266) (-477.232,-141.447,246.867)
  f[1][0] pts=5 (-389.831,-62.0698,303.952) (-387.64,-56.419,263.665) (-432.436,-98.9331,255.266) (-434.627,-104.584,295.552) (-389.831,-62.0698,303.952)
  f[1][1] pts=5 (-389.831,-62.0698,303.952) (-387.64,-56.419,263.665) (-432.436,-98.9331,255.266) (-434.627,-104.584,295.552) (-389.831,-62.0698,303.952)
joint 89 type=30 v0=9 v1=62 f0_0=3 f1_0=8 name=cr_c_ip_0 orient=1 div=1 shift=0.5
  jv[0] pts=5 (-537.499,-108.964,235.566) (-544.327,-101.516,234.286) (-546.518,-107.167,274.572) (-539.69,-114.614,275.853) (-537.499,-108.964,235.566)
  jv[1] pts=5 (-492.698,-66.4448,243.967) (-499.527,-58.9972,242.686) (-501.718,-64.648,282.973) (-494.889,-72.0956,284.253) (-492.698,-66.4448,243.967)
  m[0][0] pts=5 (-568.919,-128.426,270.372) (-562.09,-135.874,271.653) (-517.29,-93.355,280.053) (-524.118,-85.9073,278.773) (-568.919,-128.426,270.372)
  m[0][1] pts=5 (-568.919,-128.426,270.372) (-562.09,-135.874,271.653) (-517.29,-93.355,280.053) (-524.118,-85.9073,278.773) (-568.919,-128.426,270.372)
  f[0][0] pts=5 (-472.489,-50.8363,288.453) (-470.298,-45.1855,248.167) (-515.099,-87.7042,239.767) (-517.29,-93.355,280.053) (-472.489,-50.8363,288.453)
  f[0][1] pts=5 (-472.489,-50.8363,288.453) (-470.298,-45.1855,248.167) (-515.099,-87.7042,239.767) (-517.29,-93.355,280.053) (-472.489,-50.8363,288.453)
  m[1][0] pts=5 (-566.728,-122.775,230.086) (-559.9,-130.223,231.366) (-515.099,-87.7042,239.767) (-521.927,-80.2565,238.486) (-566.728,-122.775,230.086)
  m[1][1] pts=5 (-566.728,-122.775,230.086) (-559.9,-130.223,231.366) (-515.099,-87.7042,239.767) (-521.927,-80.2565,238.486) (-566.728,-122.775,230.086)
  f[1][0] pts=5 (-479.317,-43.3886,287.173) (-477.126,-37.7378,246.886) (-521.927,-80.2565,238.486) (-524.118,-85.9073,278.773) (-479.317,-43.3886,287.173)
  f[1][1] pts=5 (-479.317,-43.3886,287.173) (-477.126,-37.7378,246.886) (-521.927,-80.2565,238.486) (-524.118,-85.9073,278.773) (-479.317,-43.3886,287.173)
joint 90 type=30 v0=9 v1=63 f0_0=3 f1_0=8 name=cr_c_ip_0 orient=1 div=1 shift=0.5
  jv[0] pts=5 (-626.993,-90.2891,218.786) (-633.821,-82.8414,217.506) (-636.012,-88.4922,257.792) (-629.184,-95.9399,259.072) (-626.993,-90.2891,218.786)
  jv[1] pts=5 (-582.187,-47.766,227.187) (-589.016,-40.3183,225.907) (-591.206,-45.9691,266.193) (-584.378,-53.4168,267.474) (-582.187,-47.766,227.187)
  m[0][0] pts=5 (-658.415,-109.754,253.592) (-651.586,-117.202,254.872) (-606.781,-74.6783,263.273) (-613.609,-67.2307,261.993) (-658.415,-109.754,253.592)
  m[0][1] pts=5 (-658.415,-109.754,253.592) (-651.586,-117.202,254.872) (-606.781,-74.6783,263.273) (-613.609,-67.2307,261.993) (-658.415,-109.754,253.592)
  f[0][0] pts=5 (-561.975,-32.1552,271.674) (-559.785,-26.5044,231.388) (-604.59,-69.0275,222.987) (-606.781,-74.6783,263.273) (-561.975,-32.1552,271.674)
  f[0][1] pts=5 (-561.975,-32.1552,271.674) (-559.785,-26.5044,231.388) (-604.59,-69.0275,222.987) (-606.781,-74.6783,263.273) (-561.975,-32.1552,271.674)
  m[1][0] pts=5 (-656.224,-104.103,213.305) (-649.395,-111.551,214.586) (-604.59,-69.0275,222.987) (-611.418,-61.5799,221.706) (-656.224,-104.103,213.305)
  m[1][1] pts=5 (-656.224,-104.103,213.305) (-649.395,-111.551,214.586) (-604.59,-69.0275,222.987) (-611.418,-61.5799,221.706) (-656.224,-104.103,213.305)
  f[1][0] pts=5 (-568.804,-24.7075,270.394) (-566.613,-19.0567,230.108) (-611.418,-61.5799,221.706) (-613.609,-67.2307,261.993) (-568.804,-24.7075,270.394)
  f[1][1] pts=5 (-568.804,-24.7075,270.394) (-566.613,-19.0567,230.108) (-611.418,-61.5799,221.706) (-613.609,-67.2307,261.993) (-568.804,-24.7075,270.394)
joint 91 type=30 v0=9 v1=64 f0_0=4 f1_0=8 name=cr_c_ip_0 orient=1 div=1 shift=0.5
  jv[0] pts=5 (-710.564,-10.5366,203.116) (-717.603,-3.46495,201.796) (-728.149,-0.275509,240.516) (-721.111,-7.34718,241.836) (-710.564,-10.5366,203.116)
  jv[1] pts=5 (-672.604,28.5729,210.234) (-679.642,35.6445,208.914) (-690.188,38.834,247.634) (-683.15,31.7623,248.954) (-672.604,28.5729,210.234)
  m[0][0] pts=5 (-747.129,-19.8302,236.957) (-740.091,-26.9019,238.277) (-702.13,12.2076,245.395) (-709.169,19.2792,244.075) (-747.129,-19.8302,236.957)
  m[0][1] pts=5 (-747.129,-19.8302,236.957) (-740.091,-26.9019,238.277) (-702.13,12.2076,245.395) (-709.169,19.2792,244.075) (-747.129,-19.8302,236.957)
  f[0][0] pts=5 (-664.17,51.317,252.512) (-653.624,48.1276,213.793) (-691.584,9.01811,206.675) (-702.13,12.2076,245.395) (-664.17,51.317,252.512)
  f[0][1] pts=5 (-664.17,51.317,252.512) (-653.624,48.1276,213.793) (-691.584,9.01811,206.675) (-702.13,12.2076,245.395) (-664.17,51.317,252.512)
  m[1][0] pts=5 (-736.583,-23.0197,198.238) (-729.545,-30.0914,199.557) (-691.584,9.01811,206.675) (-698.623,16.0898,205.355) (-736.583,-23.0197,198.238)
  m[1][1] pts=5 (-736.583,-23.0197,198.238) (-729.545,-30.0914,199.557) (-691.584,9.01811,206.675) (-698.623,16.0898,205.355) (-736.583,-23.0197,198.238)
  f[1][0] pts=5 (-671.208,58.3887,251.193) (-660.662,55.1993,212.473) (-698.623,16.0898,205.355) (-709.169,19.2792,244.075) (-671.208,58.3887,251.193)
  f[1][1] pts=5 (-671.208,58.3887,251.193) (-660.662,55.1993,212.473) (-698.623,16.0898,205.355) (-709.169,19.2792,244.075) (-671.208,58.3887,251.193)
joint 92 type=30 v0=9 v1=65 f0_0=5 f1_0=8 name=cr_c_ip_0 orient=1 div=1 shift=0.5
  jv[0] pts=5 (-454.735,119.801,251.085) (-447.906,127.248,252.365) (-450.106,132.889,292.65) (-456.934,125.442,291.37) (-454.735,119.801,251.085)
  jv[1] pts=5 (-410.01,77.351,259.471) (-403.182,84.7979,260.751) (-405.382,90.4387,301.036) (-412.21,82.9918,299.756) (-410.01,77.351,259.471)
  m[0][0] pts=5 (-472.468,154.113,288.457) (-479.296,146.667,287.177) (-434.572,104.217,295.563) (-427.744,111.664,296.843) (-472.468,154.113,288.457)
  m[0][1] pts=5 (-472.468,154.113,288.457) (-479.296,146.667,287.177) (-434.572,104.217,295.563) (-427.744,111.664,296.843) (-472.468,154.113,288.457)
  f[0][0] pts=5 (-389.848,61.7669,303.949) (-387.648,56.1261,263.664) (-432.372,98.5759,255.278) (-434.572,104.217,295.563) (-389.848,61.7669,303.949)
  f[0][1] pts=5 (-389.848,61.7669,303.949) (-387.648,56.1261,263.664) (-432.372,98.5759,255.278) (-434.572,104.217,295.563) (-389.848,61.7669,303.949)
  m[1][0] pts=5 (-470.268,148.473,248.172) (-477.097,141.026,246.892) (-432.372,98.5759,255.278) (-425.544,106.023,256.558) (-470.268,148.473,248.172)
  m[1][1] pts=5 (-470.268,148.473,248.172) (-477.097,141.026,246.892) (-432.372,98.5759,255.278) (-425.544,106.023,256.558) (-470.268,148.473,248.172)
  f[1][0] pts=5 (-383.02,69.2139,305.229) (-380.82,63.573,264.944) (-425.544,106.023,256.558) (-427.744,111.664,296.843) (-383.02,69.2139,305.229)
  f[1][1] pts=5 (-383.02,69.2139,305.229) (-380.82,63.573,264.944) (-425.544,106.023,256.558) (-427.744,111.664,296.843) (-383.02,69.2139,305.229)
joint 93 type=30 v0=9 v1=66 f0_0=5 f1_0=8 name=cr_c_ip_0 orient=1 div=1 shift=0.5
  jv[0] pts=5 (-544.224,101.122,234.305) (-537.396,108.569,235.586) (-539.595,114.21,275.87) (-546.423,106.763,274.59) (-544.224,101.122,234.305)
  jv[1] pts=5 (-499.5,58.6725,242.691) (-492.672,66.1194,243.972) (-494.871,71.7603,284.256) (-501.7,64.3133,282.976) (-499.5,58.6725,242.691)
  m[0][0] pts=5 (-561.957,135.434,271.678) (-568.785,127.988,270.397) (-524.061,85.5381,278.783) (-517.233,92.985,280.063) (-561.957,135.434,271.678)
  m[0][1] pts=5 (-561.957,135.434,271.678) (-568.785,127.988,270.397) (-524.061,85.5381,278.783) (-517.233,92.985,280.063) (-561.957,135.434,271.678)
  f[0][0] pts=5 (-479.338,43.0886,287.169) (-477.138,37.4477,246.884) (-521.862,79.8972,238.498) (-524.061,85.5381,278.783) (-479.338,43.0886,287.169)
  f[0][1] pts=5 (-479.338,43.0886,287.169) (-477.138,37.4477,246.884) (-521.862,79.8972,238.498) (-524.061,85.5381,278.783) (-479.338,43.0886,287.169)
  m[1][0] pts=5 (-559.758,129.794,231.393) (-566.586,122.347,230.113) (-521.862,79.8972,238.498) (-515.034,87.3441,239.779) (-559.758,129.794,231.393)
  m[1][1] pts=5 (-559.758,129.794,231.393) (-566.586,122.347,230.113) (-521.862,79.8972,238.498) (-515.034,87.3441,239.779) (-559.758,129.794,231.393)
  f[1][0] pts=5 (-472.509,50.5355,288.449) (-470.31,44.8947,248.165) (-515.034,87.3441,239.779) (-517.233,92.985,280.063) (-472.509,50.5355,288.449)
  f[1][1] pts=5 (-472.509,50.5355,288.449) (-470.31,44.8947,248.165) (-515.034,87.3441,239.779) (-517.233,92.985,280.063) (-472.509,50.5355,288.449)
joint 94 type=30 v0=9 v1=67 f0_0=5 f1_0=8 name=cr_c_ip_0 orient=1 div=1 shift=0.5
  jv[0] pts=5 (-633.713,82.4431,217.526) (-626.885,89.89,218.806) (-629.085,95.5309,259.091) (-635.913,88.084,257.811) (-633.713,82.4431,217.526)
  jv[1] pts=5 (-588.99,39.994,225.912) (-582.162,47.4409,227.192) (-584.361,53.0818,267.477) (-591.189,45.6348,266.196) (-588.99,39.994,225.912)
  m[0][0] pts=5 (-651.446,116.755,254.898) (-658.274,109.309,253.618) (-613.551,66.8594,262.004) (-606.723,74.3063,263.284) (-651.446,116.755,254.898)
  m[0][1] pts=5 (-651.446,116.755,254.898) (-658.274,109.309,253.618) (-613.551,66.8594,262.004) (-606.723,74.3063,263.284) (-651.446,116.755,254.898)
  f[0][0] pts=5 (-568.827,24.4103,270.389) (-566.628,18.7694,230.105) (-611.351,61.2186,221.719) (-613.551,66.8594,262.004) (-568.827,24.4103,270.389)
  f[0][1] pts=5 (-568.827,24.4103,270.389) (-566.628,18.7694,230.105) (-611.351,61.2186,221.719) (-613.551,66.8594,262.004) (-568.827,24.4103,270.389)
  m[1][0] pts=5 (-649.247,111.115,214.613) (-656.075,103.668,213.333) (-611.351,61.2186,221.719) (-604.523,68.6655,222.999) (-649.247,111.115,214.613)
  m[1][1] pts=5 (-649.247,111.115,214.613) (-656.075,103.668,213.333) (-611.351,61.2186,221.719) (-604.523,68.6655,222.999) (-649.247,111.115,214.613)
  f[1][0] pts=5 (-561.999,31.8572,271.67) (-559.8,26.2163,231.385) (-604.523,68.6655,222.999) (-606.723,74.3063,263.284) (-561.999,31.8572,271.67)
  f[1][1] pts=5 (-561.999,31.8572,271.67) (-559.8,26.2163,231.385) (-604.523,68.6655,222.999) (-606.723,74.3063,263.284) (-561.999,31.8572,271.67)
joint 95 type=30 v0=10 v1=53 f0_0=7 f1_0=4 name=cr_c_ip_0 orient=1 div=1 shift=0.5
  jv[0] pts=5 (-342.77,-188.254,231.779) (-342.786,-180.475,238.064) (-354.117,-204.419,268.037) (-354.1,-212.197,261.752) (-342.77,-188.254,231.779)
  jv[1] pts=5 (-392.317,-179.12,220.346) (-392.333,-171.342,226.631) (-403.664,-195.285,256.604) (-403.647,-203.064,250.319) (-392.317,-179.12,220.346)
  m[0][0] pts=5 (-329.343,-208.986,273.754) (-329.327,-216.764,267.469) (-378.874,-207.63,256.035) (-378.89,-199.852,262.32) (-329.343,-208.986,273.754)
  m[0][1] pts=5 (-329.343,-208.986,273.754) (-329.327,-216.764,267.469) (-378.874,-207.63,256.035) (-378.89,-199.852,262.32) (-329.343,-208.986,273.754)
  f[0][0] pts=5 (-428.421,-198.497,244.602) (-417.09,-174.554,214.629) (-367.543,-183.687,226.062) (-378.874,-207.63,256.035) (-428.421,-198.497,244.602)
  f[0][1] pts=5 (-428.421,-198.497,244.602) (-417.09,-174.554,214.629) (-367.543,-183.687,226.062) (-378.874,-207.63,256.035) (-428.421,-198.497,244.602)
  m[1][0] pts=5 (-318.013,-185.042,243.781) (-317.996,-192.82,237.496) (-367.543,-183.687,226.062) (-367.56,-175.909,232.347) (-318.013,-185.042,243.781)
  m[1][1] pts=5 (-318.013,-185.042,243.781) (-317.996,-192.82,237.496) (-367.543,-183.687,226.062) (-367.56,-175.909,232.347) (-318.013,-185.042,243.781)
  f[1][0] pts=5 (-428.437,-190.719,250.887) (-417.107,-166.775,220.914) (-367.56,-175.909,232.347) (-378.89,-199.852,262.32) (-428.437,-190.719,250.887)
  f[1][1] pts=5 (-428.437,-190.719,250.887) (-417.107,-166.775,220.914) (-367.56,-175.909,232.347) (-378.89,-199.852,262.32) (-428.437,-190.719,250.887)
joint 96 type=30 v0=10 v1=61 f0_0=6 f1_0=4 name=cr_c_ip_0 orient=1 div=1 shift=0.5
  jv[0] pts=5 (-428.07,-109.342,263.202) (-435.818,-103.081,265.323) (-453.027,-122.456,296.759) (-445.279,-128.716,294.638) (-428.07,-109.342,263.202)
  jv[1] pts=5 (-464.3,-140.877,223.934) (-472.048,-134.616,226.055) (-489.257,-153.99,257.491) (-481.509,-160.251,255.37) (-464.3,-140.877,223.934)
  m[0][0] pts=5 (-434.912,-106.688,316.393) (-427.164,-112.949,314.272) (-463.394,-144.484,275.004) (-471.142,-138.223,277.125) (-434.912,-106.688,316.393)
  m[0][1] pts=5 (-434.912,-106.688,316.393) (-427.164,-112.949,314.272) (-463.394,-144.484,275.004) (-471.142,-138.223,277.125) (-434.912,-106.688,316.393)
  f[0][0] pts=5 (-499.624,-176.018,235.736) (-482.415,-156.644,204.3) (-446.185,-125.11,243.568) (-463.394,-144.484,275.004) (-499.624,-176.018,235.736)
  f[0][1] pts=5 (-499.624,-176.018,235.736) (-482.415,-156.644,204.3) (-446.185,-125.11,243.568) (-463.394,-144.484,275.004) (-499.624,-176.018,235.736)
  m[1][0] pts=5 (-417.703,-87.3141,284.957) (-409.955,-93.575,282.837) (-446.185,-125.11,243.568) (-453.933,-118.849,245.689) (-417.703,-87.3141,284.957)
  m[1][1] pts=5 (-417.703,-87.3141,284.957) (-409.955,-93.575,282.837) (-446.185,-125.11,243.568) (-453.933,-118.849,245.689) (-417.703,-87.3141,284.957)
  f[1][0] pts=5 (-507.372,-169.757,237.857) (-490.163,-150.383,206.421) (-453.933,-118.849,245.689) (-471.142,-138.223,277.125) (-507.372,-169.757,237.857)
  f[1][1] pts=5 (-507.372,-169.757,237.857) (-490.163,-150.383,206.421) (-453.933,-118.849,245.689) (-471.142,-138.223,277.125) (-507.372,-169.757,237.857)
joint 97 type=30 v0=10 v1=62 f0_0=6 f1_0=4 name=cr_c_ip_0 orient=1 div=1 shift=0.5
  jv[0] pts=5 (-517.144,-90.1303,244.906) (-524.893,-83.8694,247.026) (-542.101,-103.244,278.462) (-534.353,-109.505,276.342) (-517.144,-90.1303,244.906)
  jv[1] pts=5 (-553.377,-121.667,205.634) (-561.126,-115.406,207.755) (-578.334,-134.781,239.191) (-570.586,-141.042,237.07) (-553.377,-121.667,205.634)
  m[0][0] pts=5 (-523.985,-87.475,298.098) (-516.237,-93.736,295.977) (-552.47,-125.273,256.706) (-560.218,-119.012,258.827) (-523.985,-87.475,298.098)
  m[0][1] pts=5 (-523.985,-87.475,298.098) (-516.237,-93.736,295.977) (-552.47,-125.273,256.706) (-560.218,-119.012,258.827) (-523.985,-87.475,298.098)
  f[0][0] pts=5 (-588.703,-156.81,217.434) (-571.494,-137.436,185.999) (-535.261,-105.899,225.27) (-552.47,-125.273,256.706) (-588.703,-156.81,217.434)
  f[0][1] pts=5 (-588.703,-156.81,217.434) (-571.494,-137.436,185.999) (-535.261,-105.899,225.27) (-552.47,-125.273,256.706) (-588.703,-156.81,217.434)
  m[1][0] pts=5 (-506.776,-68.1008,266.662) (-499.028,-74.3618,264.541) (-535.261,-105.899,225.27) (-543.009,-99.6379,227.391) (-506.776,-68.1008,266.662)
  m[1][1] pts=5 (-506.776,-68.1008,266.662) (-499.028,-74.3618,264.541) (-535.261,-105.899,225.27) (-543.009,-99.6379,227.391) (-506.776,-68.1008,266.662)
  f[1][0] pts=5 (-596.451,-150.549,219.555) (-579.242,-131.175,188.119) (-543.009,-99.6379,227.391) (-560.218,-119.012,258.827) (-596.451,-150.549,219.555)
  f[1][1] pts=5 (-596.451,-150.549,219.555) (-579.242,-131.175,188.119) (-543.009,-99.6379,227.391) (-560.218,-119.012,258.827) (-596.451,-150.549,219.555)
joint 98 type=30 v0=10 v1=63 f0_0=6 f1_0=4 name=cr_c_ip_0 orient=1 div=1 shift=0.5
  jv[0] pts=5 (-606.219,-70.9184,226.609) (-613.967,-64.6574,228.73) (-631.176,-84.0316,260.166) (-623.428,-90.2926,258.045) (-606.219,-70.9184,226.609)
  jv[1] pts=5 (-642.455,-102.458,187.334) (-650.203,-96.197,189.455) (-667.412,-115.571,220.891) (-659.664,-121.832,218.77) (-642.455,-102.458,187.334)
  m[0][0] pts=5 (-613.058,-68.2618,279.803) (-605.31,-74.5227,277.682) (-641.546,-106.062,238.408) (-649.294,-99.8014,240.528) (-613.058,-68.2618,279.803)
  m[0][1] pts=5 (-613.058,-68.2618,279.803) (-605.31,-74.5227,277.682) (-641.546,-106.062,238.408) (-649.294,-99.8014,240.528) (-613.058,-68.2618,279.803)
  f[0][0] pts=5 (-677.782,-137.602,199.133) (-660.573,-118.228,167.697) (-624.337,-86.6882,206.972) (-641.546,-106.062,238.408) (-677.782,-137.602,199.133)
  f[0][1] pts=5 (-677.782,-137.602,199.133) (-660.573,-118.228,167.697) (-624.337,-86.6882,206.972) (-641.546,-106.062,238.408) (-677.782,-137.602,199.133)
  m[1][0] pts=5 (-595.849,-48.8876,248.367) (-588.101,-55.1486,246.246) (-624.337,-86.6882,206.972) (-632.085,-80.4272,209.092) (-595.849,-48.8876,248.367)
  m[1][1] pts=5 (-595.849,-48.8876,248.367) (-588.101,-55.1486,246.246) (-624.337,-86.6882,206.972) (-632.085,-80.4272,209.092) (-595.849,-48.8876,248.367)
  f[1][0] pts=5 (-685.53,-131.341,201.254) (-668.321,-111.967,169.818) (-632.085,-80.4272,209.092) (-649.294,-99.8014,240.528) (-685.53,-131.341,201.254)
  f[1][1] pts=5 (-685.53,-131.341,201.254) (-668.321,-111.967,169.818) (-632.085,-80.4272,209.092) (-649.294,-99.8014,240.528) (-685.53,-131.341,201.254)
joint 99 type=30 v0=10 v1=68 f0_0=4 f1_0=8 name=cr_c_ip_0 orient=1 div=1 shift=0.5
  jv[0] pts=5 (-1013.12,-160.469,-0.385799) (-1013.06,-152.703,5.91788) (-1024.39,-177.482,35.2134) (-1024.45,-185.248,28.9098) (-1013.12,-160.469,-0.385799)
  jv[1] pts=5 (-964.168,-169.807,10.655) (-964.108,-162.042,16.9587) (-975.443,-186.821,46.2542) (-975.503,-194.586,39.9506) (-964.168,-169.807,10.655)
  m[0][0] pts=5 (-1048.87,-172.813,29.693) (-1048.93,-180.578,23.3894) (-999.978,-189.917,34.4302) (-999.918,-182.151,40.7338) (-1048.87,-172.813,29.693)
  m[0][1] pts=5 (-1048.87,-172.813,29.693) (-1048.93,-180.578,23.3894) (-999.978,-189.917,34.4302) (-999.918,-182.151,40.7338) (-1048.87,-172.813,29.693)
  f[0][0] pts=5 (-951.028,-199.255,45.471) (-939.693,-174.476,16.1754) (-988.643,-165.138,5.1346) (-999.978,-189.917,34.4302) (-951.028,-199.255,45.471)
  f[0][1] pts=5 (-951.028,-199.255,45.471) (-939.693,-174.476,16.1754) (-988.643,-165.138,5.1346) (-999.978,-189.917,34.4302) (-951.028,-199.255,45.471)
  m[1][0] pts=5 (-1037.53,-148.034,0.397478) (-1037.59,-155.799,-5.9062) (-988.643,-165.138,5.1346) (-988.583,-157.372,11.4383) (-1037.53,-148.034,0.397478)
  m[1][1] pts=5 (-1037.53,-148.034,0.397478) (-1037.59,-155.799,-5.9062) (-988.643,-165.138,5.1346) (-988.583,-157.372,11.4383) (-1037.53,-148.034,0.397478)
  f[1][0] pts=5 (-950.968,-191.49,51.7746) (-939.633,-166.711,22.4791) (-988.583,-157.372,11.4383) (-999.918,-182.151,40.7338) (-950.968,-191.49,51.7746)
  f[1][1] pts=5 (-950.968,-191.49,51.7746) (-939.633,-166.711,22.4791) (-988.583,-157.372,11.4383) (-999.918,-182.151,40.7338) (-950.968,-191.49,51.7746)
joint 100 type=30 v0=10 v1=69 f0_0=5 f1_0=8 name=cr_c_ip_0 orient=1 div=1 shift=0.5
  jv[0] pts=5 (-780.701,-59.243,169.774) (-772.308,-65.1993,168.144) (-793.078,-82.6251,199.803) (-801.471,-76.6688,201.433) (-780.701,-59.243,169.774)
  jv[1] pts=5 (-812.39,-93.1112,130.343) (-803.996,-99.0676,128.714) (-824.766,-116.493,160.373) (-833.159,-110.537,162.002) (-812.39,-93.1112,130.343)
  m[0][0] pts=5 (-777.233,-65.691,219.519) (-785.627,-59.7347,221.148) (-817.315,-93.6029,181.717) (-808.922,-99.5592,180.088) (-777.233,-65.691,219.519)
  m[0][1] pts=5 (-777.233,-65.691,219.519) (-785.627,-59.7347,221.148) (-817.315,-93.6029,181.717) (-808.922,-99.5592,180.088) (-777.233,-65.691,219.519)
  f[0][0] pts=5 (-849.003,-127.471,142.287) (-828.234,-110.045,110.628) (-796.545,-76.1771,150.058) (-817.315,-93.6029,181.717) (-849.003,-127.471,142.287)
  f[0][1] pts=5 (-849.003,-127.471,142.287) (-828.234,-110.045,110.628) (-796.545,-76.1771,150.058) (-817.315,-93.6029,181.717) (-849.003,-127.471,142.287)
  m[1][0] pts=5 (-756.464,-48.2652,187.86) (-764.857,-42.3089,189.489) (-796.545,-76.1771,150.058) (-788.152,-82.1334,148.429) (-756.464,-48.2652,187.86)
  m[1][1] pts=5 (-756.464,-48.2652,187.86) (-764.857,-42.3089,189.489) (-796.545,-76.1771,150.058) (-788.152,-82.1334,148.429) (-756.464,-48.2652,187.86)
  f[1][0] pts=5 (-840.61,-133.427,140.658) (-819.84,-116.002,108.999) (-788.152,-82.1334,148.429) (-808.922,-99.5592,180.088) (-840.61,-133.427,140.658)
  f[1][1] pts=5 (-840.61,-133.427,140.658) (-819.84,-116.002,108.999) (-788.152,-82.1334,148.429) (-808.922,-99.5592,180.088) (-840.61,-133.427,140.658)
joint 101 type=30 v0=10 v1=70 f0_0=5 f1_0=8 name=cr_c_ip_0 orient=1 div=1 shift=0.5
  jv[0] pts=5 (-860.727,-73.5746,127.783) (-852.333,-79.531,126.154) (-873.103,-96.9568,157.813) (-881.496,-91.0004,159.442) (-860.727,-73.5746,127.783)
  jv[1] pts=5 (-892.41,-107.438,88.359) (-884.016,-113.394,86.7297) (-904.786,-130.82,118.389) (-913.18,-124.863,120.018) (-892.41,-107.438,88.359)
  m[0][0] pts=5 (-857.261,-80.0253,177.525) (-865.655,-74.069,179.155) (-897.338,-107.932,139.73) (-888.945,-113.888,138.101) (-857.261,-80.0253,177.525)
  m[0][1] pts=5 (-857.261,-80.0253,177.525) (-865.655,-74.069,179.155) (-897.338,-107.932,139.73) (-888.945,-113.888,138.101) (-857.261,-80.0253,177.525)
  f[0][0] pts=5 (-929.021,-141.795,100.306) (-908.252,-124.369,68.6469) (-876.568,-90.5061,108.071) (-897.338,-107.932,139.73) (-929.021,-141.795,100.306)
  f[0][1] pts=5 (-929.021,-141.795,100.306) (-908.252,-124.369,68.6469) (-876.568,-90.5061,108.071) (-897.338,-107.932,139.73) (-929.021,-141.795,100.306)
  m[1][0] pts=5 (-836.492,-62.5995,145.866) (-844.885,-56.6432,147.496) (-876.568,-90.5061,108.071) (-868.175,-96.4625,106.442) (-836.492,-62.5995,145.866)
  m[1][1] pts=5 (-836.492,-62.5995,145.866) (-844.885,-56.6432,147.496) (-876.568,-90.5061,108.071) (-868.175,-96.4625,106.442) (-836.492,-62.5995,145.866)
  f[1][0] pts=5 (-920.628,-147.751,98.6767) (-899.858,-130.325,67.0176) (-868.175,-96.4625,106.442) (-888.945,-113.888,138.101) (-920.628,-147.751,98.6767)
  f[1][1] pts=5 (-920.628,-147.751,98.6767) (-899.858,-130.325,67.0176) (-868.175,-96.4625,106.442) (-888.945,-113.888,138.101) (-920.628,-147.751,98.6767)
joint 102 type=30 v0=10 v1=71 f0_0=5 f1_0=8 name=cr_c_ip_0 orient=1 div=1 shift=0.5
  jv[0] pts=5 (-940.752,-87.9063,85.7931) (-932.359,-93.8627,84.1638) (-953.128,-111.288,115.823) (-961.522,-105.332,117.452) (-940.752,-87.9063,85.7931)
  jv[1] pts=5 (-972.431,-121.764,46.375) (-964.037,-127.72,44.7457) (-984.807,-145.146,76.4048) (-993.2,-139.19,78.0341) (-972.431,-121.764,46.375)
  m[0][0] pts=5 (-937.289,-94.3596,135.532) (-945.683,-88.4033,137.161) (-977.361,-122.261,97.7432) (-968.968,-128.217,96.1139) (-937.289,-94.3596,135.532)
  m[0][1] pts=5 (-937.289,-94.3596,135.532) (-945.683,-88.4033,137.161) (-977.361,-122.261,97.7432) (-968.968,-128.217,96.1139) (-937.289,-94.3596,135.532)
  f[0][0] pts=5 (-1009.04,-156.119,58.325) (-988.27,-138.693,26.6659) (-956.591,-104.835,66.084) (-977.361,-122.261,97.7432) (-1009.04,-156.119,58.325)
  f[0][1] pts=5 (-1009.04,-156.119,58.325) (-988.27,-138.693,26.6659) (-956.591,-104.835,66.084) (-977.361,-122.261,97.7432) (-1009.04,-156.119,58.325)
  m[1][0] pts=5 (-916.52,-76.9338,103.873) (-924.913,-70.9775,105.502) (-956.591,-104.835,66.084) (-948.198,-110.791,64.4548) (-916.52,-76.9338,103.873)
  m[1][1] pts=5 (-916.52,-76.9338,103.873) (-924.913,-70.9775,105.502) (-956.591,-104.835,66.084) (-948.198,-110.791,64.4548) (-916.52,-76.9338,103.873)
  f[1][0] pts=5 (-1000.65,-162.075,56.6957) (-979.876,-144.649,25.0366) (-948.198,-110.791,64.4548) (-968.968,-128.217,96.1139) (-1000.65,-162.075,56.6957)
  f[1][1] pts=5 (-1000.65,-162.075,56.6957) (-979.876,-144.649,25.0366) (-948.198,-110.791,64.4548) (-968.968,-128.217,96.1139) (-1000.65,-162.075,56.6957)
joint 103 type=30 v0=11 v1=60 f0_0=7 f1_0=4 name=cr_c_ip_0 orient=1 div=1 shift=0.5
  jv[0] pts=5 (-345.849,176.826,240.393) (-339.708,183.979,236.943) (-348.947,210.63,265.521) (-355.088,203.477,268.972) (-345.849,176.826,240.393)
  jv[1] pts=5 (-385.326,195.956,209.792) (-379.185,203.108,206.342) (-388.424,229.759,234.92) (-394.564,222.607,238.37) (-385.326,195.956,209.792)
  m[0][0] pts=5 (-329.208,201.065,280.822) (-335.349,193.912,284.272) (-374.826,213.042,253.671) (-368.685,220.195,250.221) (-329.208,201.065,280.822)
  m[0][1] pts=5 (-329.208,201.065,280.822) (-335.349,193.912,284.272) (-374.826,213.042,253.671) (-368.685,220.195,250.221) (-329.208,201.065,280.822)
  f[0][0] pts=5 (-414.303,232.172,223.07) (-405.064,205.521,194.491) (-365.587,186.391,225.093) (-374.826,213.042,253.671) (-414.303,232.172,223.07)
  f[0][1] pts=5 (-414.303,232.172,223.07) (-405.064,205.521,194.491) (-365.587,186.391,225.093) (-374.826,213.042,253.671) (-414.303,232.172,223.07)
  m[1][0] pts=5 (-319.97,174.414,252.243) (-326.111,167.261,255.694) (-365.587,186.391,225.093) (-359.447,193.544,221.642) (-319.97,174.414,252.243)
  m[1][1] pts=5 (-319.97,174.414,252.243) (-326.111,167.261,255.694) (-365.587,186.391,225.093) (-359.447,193.544,221.642) (-319.97,174.414,252.243)
  f[1][0] pts=5 (-408.162,239.324,219.619) (-398.924,212.673,191.041) (-359.447,193.544,221.642) (-368.685,220.195,250.221) (-408.162,239.324,219.619)
  f[1][1] pts=5 (-408.162,239.324,219.619) (-398.924,212.673,191.041) (-359.447,193.544,221.642) (-368.685,220.195,250.221) (-408.162,239.324,219.619)
joint 104 type=30 v0=11 v1=65 f0_0=2 f1_0=4 name=cr_c_ip_0 orient=1 div=1 shift=0.5
  jv[0] pts=5 (-435.832,102.849,265.959) (-428.083,109.11,263.846) (-445.341,128.514,295.233) (-453.091,122.252,297.346) (-435.832,102.849,265.959)
  jv[1] pts=5 (-472.127,134.444,226.469) (-464.378,140.706,224.356) (-481.636,160.109,255.743) (-489.386,153.848,257.856) (-472.127,134.444,226.469)
  m[0][0] pts=5 (-427.194,112.716,314.979) (-434.943,106.455,317.091) (-471.238,138.05,277.601) (-463.489,144.312,275.488) (-427.194,112.716,314.979)
  m[0][1] pts=5 (-427.194,112.716,314.979) (-434.943,106.455,317.091) (-471.238,138.05,277.601) (-463.489,144.312,275.488) (-427.194,112.716,314.979)
  f[0][0] pts=5 (-507.533,169.646,238.111) (-490.275,150.242,206.724) (-453.98,118.646,246.214) (-471.238,138.05,277.601) (-507.533,169.646,238.111)
  f[0][1] pts=5 (-507.533,169.646,238.111) (-490.275,150.242,206.724) (-453.98,118.646,246.214) (-471.238,138.05,277.601) (-507.533,169.646,238.111)
  m[1][0] pts=5 (-409.935,93.312,283.592) (-417.684,87.0508,285.704) (-453.98,118.646,246.214) (-446.23,124.908,244.101) (-409.935,93.312,283.592)
  m[1][1] pts=5 (-409.935,93.312,283.592) (-417.684,87.0508,285.704) (-453.98,118.646,246.214) (-446.23,124.908,244.101) (-409.935,93.312,283.592)
  f[1][0] pts=5 (-499.784,175.907,235.998) (-482.525,156.503,204.611) (-446.23,124.908,244.101) (-463.489,144.312,275.488) (-499.784,175.907,235.998)
  f[1][1] pts=5 (-499.784,175.907,235.998) (-482.525,156.503,204.611) (-446.23,124.908,244.101) (-463.489,144.312,275.488) (-499.784,175.907,235.998)
joint 105 type=30 v0=11 v1=66 f0_0=2 f1_0=4 name=cr_c_ip_0 orient=1 div=1 shift=0.5
  jv[0] pts=5 (-524.873,83.5924,247.525) (-517.123,89.8536,245.413) (-534.382,109.257,276.8) (-542.131,102.996,278.912) (-524.873,83.5924,247.525)
  jv[1] pts=5 (-561.168,115.188,208.035) (-553.418,121.449,205.922) (-570.677,140.853,237.309) (-578.426,134.592,239.422) (-561.168,115.188,208.035)
  m[0][0] pts=5 (-516.235,93.4597,296.545) (-523.984,87.1985,298.657) (-560.279,118.794,259.167) (-552.53,125.055,257.054) (-516.235,93.4597,296.545)
  m[0][1] pts=5 (-516.235,93.4597,296.545) (-523.984,87.1985,298.657) (-560.279,118.794,259.167) (-552.53,125.055,257.054) (-516.235,93.4597,296.545)
  f[0][0] pts=5 (-596.574,150.389,219.677) (-579.315,130.986,188.29) (-543.02,99.3901,227.78) (-560.279,118.794,259.167) (-596.574,150.389,219.677)
  f[0][1] pts=5 (-596.574,150.389,219.677) (-579.315,130.986,188.29) (-543.02,99.3901,227.78) (-560.279,118.794,259.167) (-596.574,150.389,219.677)
  m[1][0] pts=5 (-498.976,74.0559,265.158) (-506.725,67.7946,267.27) (-543.02,99.3901,227.78) (-535.271,105.651,225.668) (-498.976,74.0559,265.158)
  m[1][1] pts=5 (-498.976,74.0559,265.158) (-506.725,67.7946,267.27) (-543.02,99.3901,227.78) (-535.271,105.651,225.668) (-498.976,74.0559,265.158)
  f[1][0] pts=5 (-588.824,156.651,217.564) (-571.566,137.247,186.177) (-535.271,105.651,225.668) (-552.53,125.055,257.054) (-588.824,156.651,217.564)
  f[1][1] pts=5 (-588.824,156.651,217.564) (-571.566,137.247,186.177) (-535.271,105.651,225.668) (-552.53,125.055,257.054) (-588.824,156.651,217.564)
joint 106 type=30 v0=11 v1=67 f0_0=2 f1_0=4 name=cr_c_ip_0 orient=1 div=1 shift=0.5
  jv[0] pts=5 (-613.914,64.3361,229.091) (-606.164,70.5973,226.979) (-623.423,90.0012,258.366) (-631.172,83.74,260.478) (-613.914,64.3361,229.091)
  jv[1] pts=5 (-650.208,95.9314,189.602) (-642.459,102.193,187.489) (-659.718,121.596,218.876) (-667.467,115.335,220.989) (-650.208,95.9314,189.602)
  m[0][0] pts=5 (-605.276,74.2036,278.111) (-613.025,67.9423,280.223) (-649.32,99.5376,240.734) (-641.57,105.799,238.621) (-605.276,74.2036,278.111)
  m[0][1] pts=5 (-605.276,74.2036,278.111) (-613.025,67.9423,280.223) (-649.32,99.5376,240.734) (-641.57,105.799,238.621) (-605.276,74.2036,278.111)
  f[0][0] pts=5 (-685.614,131.133,201.244) (-668.356,111.729,169.857) (-632.061,80.1337,209.347) (-649.32,99.5376,240.734) (-685.614,131.133,201.244)
  f[0][1] pts=5 (-685.614,131.133,201.244) (-668.356,111.729,169.857) (-632.061,80.1337,209.347) (-649.32,99.5376,240.734) (-685.614,131.133,201.244)
  m[1][0] pts=5 (-588.017,54.7997,246.724) (-595.766,48.5385,248.836) (-632.061,80.1337,209.347) (-624.312,86.395,207.234) (-588.017,54.7997,246.724)
  m[1][1] pts=5 (-588.017,54.7997,246.724) (-595.766,48.5385,248.836) (-632.061,80.1337,209.347) (-624.312,86.395,207.234) (-588.017,54.7997,246.724)
  f[1][0] pts=5 (-677.865,137.394,199.131) (-660.606,117.99,167.744) (-624.312,86.395,207.234) (-641.57,105.799,238.621) (-677.865,137.394,199.131)
  f[1][1] pts=5 (-677.865,137.394,199.131) (-660.606,117.99,167.744) (-624.312,86.395,207.234) (-641.57,105.799,238.621) (-677.865,137.394,199.131)
joint 107 type=30 v0=11 v1=72 f0_0=3 f1_0=8 name=cr_c_ip_0 orient=1 div=1 shift=0.5
  jv[0] pts=5 (-771.965,64.5395,168.497) (-780.36,58.584,170.115) (-801.177,76.0416,201.719) (-792.782,81.9972,200.101) (-771.965,64.5395,168.497)
  jv[1] pts=5 (-803.898,98.7063,128.59) (-812.292,92.7507,130.209) (-833.109,110.208,161.813) (-824.715,116.164,160.195) (-803.898,98.7063,128.59)
  m[0][0] pts=5 (-785.211,58.9582,221.672) (-776.816,64.9138,220.054) (-808.749,99.0806,180.148) (-817.143,93.125,181.766) (-785.211,58.9582,221.672)
  m[0][1] pts=5 (-785.211,58.9582,221.672) (-776.816,64.9138,220.054) (-808.749,99.0806,180.148) (-817.143,93.125,181.766) (-785.211,58.9582,221.672)
  f[0][0] pts=5 (-840.681,133.247,140.241) (-819.864,115.79,108.637) (-787.931,81.6229,148.544) (-808.749,99.0806,180.148) (-840.681,133.247,140.241)
  f[0][1] pts=5 (-840.681,133.247,140.241) (-819.864,115.79,108.637) (-787.931,81.6229,148.544) (-808.749,99.0806,180.148) (-840.681,133.247,140.241)
  m[1][0] pts=5 (-764.394,41.5006,190.068) (-755.999,47.4562,188.45) (-787.931,81.6229,148.544) (-796.326,75.6673,150.162) (-764.394,41.5006,190.068)
  m[1][1] pts=5 (-764.394,41.5006,190.068) (-755.999,47.4562,188.45) (-787.931,81.6229,148.544) (-796.326,75.6673,150.162) (-764.394,41.5006,190.068)
  f[1][0] pts=5 (-849.076,127.292,141.86) (-828.258,109.834,110.255) (-796.326,75.6673,150.162) (-817.143,93.125,181.766) (-849.076,127.292,141.86)
  f[1][1] pts=5 (-849.076,127.292,141.86) (-828.258,109.834,110.255) (-796.326,75.6673,150.162) (-817.143,93.125,181.766) (-849.076,127.292,141.86)
joint 108 type=30 v0=11 v1=73 f0_0=3 f1_0=8 name=cr_c_ip_0 orient=1 div=1 shift=0.5
  jv[0] pts=5 (-851.906,78.7997,126.372) (-860.3,72.8441,127.991) (-881.117,90.3017,159.595) (-872.723,96.2573,157.976) (-851.906,78.7997,126.372)
  jv[1] pts=5 (-883.847,112.977,86.4541) (-892.242,107.021,88.0724) (-913.059,124.479,119.676) (-904.664,130.434,118.058) (-883.847,112.977,86.4541)
  m[0][0] pts=5 (-865.147,73.2133,179.554) (-856.752,79.1689,177.936) (-888.694,113.346,138.017) (-897.088,107.39,139.636) (-865.147,73.2133,179.554)
  m[0][1] pts=5 (-865.147,73.2133,179.554) (-856.752,79.1689,177.936) (-888.694,113.346,138.017) (-897.088,107.39,139.636) (-865.147,73.2133,179.554)
  f[0][0] pts=5 (-920.635,147.523,98.0991) (-899.818,130.065,66.495) (-867.876,95.8881,106.413) (-888.694,113.346,138.017) (-920.635,147.523,98.0991)
  f[0][1] pts=5 (-920.635,147.523,98.0991) (-899.818,130.065,66.495) (-867.876,95.8881,106.413) (-888.694,113.346,138.017) (-920.635,147.523,98.0991)
  m[1][0] pts=5 (-844.329,55.7556,147.95) (-835.935,61.7112,146.331) (-867.876,95.8881,106.413) (-876.271,89.9325,108.031) (-844.329,55.7556,147.95)
  m[1][1] pts=5 (-844.329,55.7556,147.95) (-835.935,61.7112,146.331) (-867.876,95.8881,106.413) (-876.271,89.9325,108.031) (-844.329,55.7556,147.95)
  f[1][0] pts=5 (-929.03,141.567,99.7173) (-908.213,124.109,68.1132) (-876.271,89.9325,108.031) (-897.088,107.39,139.636) (-929.03,141.567,99.7173)
  f[1][1] pts=5 (-929.03,141.567,99.7173) (-908.213,124.109,68.1132) (-876.271,89.9325,108.031) (-897.088,107.39,139.636) (-929.03,141.567,99.7173)
joint 109 type=30 v0=11 v1=74 f0_0=3 f1_0=8 name=cr_c_ip_0 orient=1 div=1 shift=0.5
  jv[0] pts=5 (-931.846,93.0598,84.2479) (-940.241,87.1042,85.8661) (-961.058,104.562,117.47) (-952.663,110.517,115.852) (-931.846,93.0598,84.2479)
  jv[1] pts=5 (-963.797,127.247,44.3178) (-972.192,121.291,45.936) (-993.009,138.749,77.5402) (-984.614,144.704,75.9219) (-963.797,127.247,44.3178)
  m[0][0] pts=5 (-945.082,87.4684,137.435) (-936.687,93.4239,135.817) (-968.639,127.611,95.8869) (-977.033,121.655,97.5052) (-945.082,87.4684,137.435)
  m[0][1] pts=5 (-945.082,87.4684,137.435) (-936.687,93.4239,135.817) (-968.639,127.611,95.8869) (-977.033,121.655,97.5052) (-945.082,87.4684,137.435)
  f[0][0] pts=5 (-1000.59,161.798,55.9568) (-979.773,144.34,24.3527) (-947.821,110.153,64.2828) (-968.639,127.611,95.8869) (-1000.59,161.798,55.9568)
  f[0][1] pts=5 (-1000.59,161.798,55.9568) (-979.773,144.34,24.3527) (-947.821,110.153,64.2828) (-968.639,127.611,95.8869) (-1000.59,161.798,55.9568)
  m[1][0] pts=5 (-924.265,70.0107,105.831) (-915.87,75.9663,104.213) (-947.821,110.153,64.2828) (-956.216,104.198,65.9011) (-924.265,70.0107,105.831)
  m[1][1] pts=5 (-924.265,70.0107,105.831) (-915.87,75.9663,104.213) (-947.821,110.153,64.2828) (-956.216,104.198,65.9011) (-924.265,70.0107,105.831)
  f[1][0] pts=5 (-1008.98,155.842,57.5751) (-988.167,138.385,25.971) (-956.216,104.198,65.9011) (-977.033,121.655,97.5052) (-1008.98,155.842,57.5751)
  f[1][1] pts=5 (-1008.98,155.842,57.5751) (-988.167,138.385,25.971) (-956.216,104.198,65.9011) (-977.033,121.655,97.5052) (-1008.98,155.842,57.5751)
joint 110 type=30 v0=11 v1=75 f0_0=4 f1_0=8 name=cr_c_ip_0 orient=1 div=1 shift=0.5
  jv[0] pts=5 (-1015.04,156.484,1.02489) (-1008.06,163.139,-1.70247) (-1021.22,185.601,28.7746) (-1028.19,178.946,31.5019) (-1015.04,156.484,1.02489)
  jv[1] pts=5 (-981.004,133.704,32.5044) (-974.027,140.359,29.777) (-987.182,162.821,60.2541) (-994.159,156.166,62.9814) (-981.004,133.704,32.5044)
  m[0][0] pts=5 (-1038.23,196.99,13.0348) (-1045.21,190.335,15.7622) (-1011.18,167.556,47.2417) (-1004.2,174.211,44.5143) (-1038.23,196.99,13.0348)
  m[0][1] pts=5 (-1038.23,196.99,13.0348) (-1045.21,190.335,15.7622) (-1011.18,167.556,47.2417) (-1004.2,174.211,44.5143) (-1038.23,196.99,13.0348)
  f[0][0] pts=5 (-977.141,144.776,78.7212) (-963.986,122.314,48.2441) (-998.021,145.094,16.7646) (-1011.18,167.556,47.2417) (-977.141,144.776,78.7212)
  f[0][1] pts=5 (-977.141,144.776,78.7212) (-963.986,122.314,48.2441) (-998.021,145.094,16.7646) (-1011.18,167.556,47.2417) (-977.141,144.776,78.7212)
  m[1][0] pts=5 (-1025.08,174.529,-17.4422) (-1032.06,167.874,-14.7149) (-998.021,145.094,16.7646) (-991.044,151.749,14.0373) (-1025.08,174.529,-17.4422)
  m[1][1] pts=5 (-1025.08,174.529,-17.4422) (-1032.06,167.874,-14.7149) (-998.021,145.094,16.7646) (-991.044,151.749,14.0373) (-1025.08,174.529,-17.4422)
  f[1][0] pts=5 (-970.164,151.431,75.9938) (-957.009,128.969,45.5168) (-991.044,151.749,14.0373) (-1004.2,174.211,44.5143) (-970.164,151.431,75.9938)
  f[1][1] pts=5 (-970.164,151.431,75.9938) (-957.009,128.969,45.5168) (-991.044,151.749,14.0373) (-1004.2,174.211,44.5143) (-970.164,151.431,75.9938)
joint 111 type=30 v0=12 v1=64 f0_0=7 f1_0=4 name=cr_c_ip_0 orient=1 div=1 shift=0.5
  jv[0] pts=5 (-698.268,3.09432,208.207) (-704.546,10.166,204.764) (-720.95,6.97656,241.389) (-714.671,-0.0951157,244.832) (-698.268,3.09432,208.207)
  jv[1] pts=5 (-732.075,-35.9504,189.666) (-738.353,-28.8787,186.222) (-754.757,-32.0681,222.847) (-748.478,-39.1398,226.29) (-732.075,-35.9504,189.666)
  m[0][0] pts=5 (-704.046,26.4989,250.659) (-697.768,19.4272,254.103) (-731.575,-19.6175,235.561) (-737.853,-12.5458,232.118) (-704.046,26.4989,250.659)
  m[0][1] pts=5 (-704.046,26.4989,250.659) (-697.768,19.4272,254.103) (-731.575,-19.6175,235.561) (-737.853,-12.5458,232.118) (-704.046,26.4989,250.659)
  f[0][0] pts=5 (-765.382,-58.6621,217.02) (-748.978,-55.4727,180.395) (-715.171,-16.428,198.937) (-731.575,-19.6175,235.561) (-765.382,-58.6621,217.02)
  f[0][1] pts=5 (-765.382,-58.6621,217.02) (-748.978,-55.4727,180.395) (-715.171,-16.428,198.937) (-731.575,-19.6175,235.561) (-765.382,-58.6621,217.02)
  m[1][0] pts=5 (-687.643,29.6883,214.035) (-681.364,22.6167,217.478) (-715.171,-16.428,198.937) (-721.45,-9.35634,195.493) (-687.643,29.6883,214.035)
  m[1][1] pts=5 (-687.643,29.6883,214.035) (-681.364,22.6167,217.478) (-715.171,-16.428,198.937) (-721.45,-9.35634,195.493) (-687.643,29.6883,214.035)
  f[1][0] pts=5 (-771.66,-51.5905,213.576) (-755.257,-48.401,176.951) (-721.45,-9.35634,195.493) (-737.853,-12.5458,232.118) (-771.66,-51.5905,213.576)
  f[1][1] pts=5 (-771.66,-51.5905,213.576) (-755.257,-48.401,176.951) (-721.45,-9.35634,195.493) (-737.853,-12.5458,232.118) (-771.66,-51.5905,213.576)
joint 112 type=30 v0=12 v1=69 f0_0=2 f1_0=4 name=cr_c_ip_0 orient=1 div=1 shift=0.5
  jv[0] pts=5 (-798.054,-77.3498,153.479) (-791.993,-85.1474,156.803) (-804.412,-93.917,195.613) (-810.473,-86.1194,192.289) (-798.054,-77.3498,153.479)
  jv[1] pts=5 (-757.879,-36.7317,175.513) (-751.819,-44.5293,178.837) (-764.238,-53.2989,217.647) (-770.298,-45.5013,214.323) (-757.879,-36.7317,175.513)
  m[0][0] pts=5 (-824.5,-114.226,184.596) (-830.56,-106.428,181.272) (-790.386,-65.8103,203.306) (-784.325,-73.608,206.63) (-824.5,-114.226,184.596)
  m[0][1] pts=5 (-824.5,-114.226,184.596) (-830.56,-106.428,181.272) (-790.386,-65.8103,203.306) (-784.325,-73.608,206.63) (-824.5,-114.226,184.596)
  f[0][0] pts=5 (-750.211,-25.1922,225.34) (-737.792,-16.4226,186.53) (-777.967,-57.0407,164.496) (-790.386,-65.8103,203.306) (-750.211,-25.1922,225.34)
  f[0][1] pts=5 (-750.211,-25.1922,225.34) (-737.792,-16.4226,186.53) (-777.967,-57.0407,164.496) (-790.386,-65.8103,203.306) (-750.211,-25.1922,225.34)
  m[1][0] pts=5 (-812.081,-105.456,145.786) (-818.141,-97.6588,142.462) (-777.967,-57.0407,164.496) (-771.906,-64.8384,167.82) (-812.081,-105.456,145.786)
  m[1][1] pts=5 (-812.081,-105.456,145.786) (-818.141,-97.6588,142.462) (-777.967,-57.0407,164.496) (-771.906,-64.8384,167.82) (-812.081,-105.456,145.786)
  f[1][0] pts=5 (-744.151,-32.9899,228.664) (-731.731,-24.2203,189.854) (-771.906,-64.8384,167.82) (-784.325,-73.608,206.63) (-744.151,-32.9899,228.664)
  f[1][1] pts=5 (-744.151,-32.9899,228.664) (-731.731,-24.2203,189.854) (-771.906,-64.8384,167.82) (-784.325,-73.608,206.63) (-744.151,-32.9899,228.664)
joint 113 type=30 v0=12 v1=70 f0_0=2 f1_0=4 name=cr_c_ip_0 orient=1 div=1 shift=0.5
  jv[0] pts=5 (-877.358,-91.1101,109.984) (-871.298,-98.9077,113.308) (-883.717,-107.677,152.118) (-889.777,-99.8797,148.794) (-877.358,-91.1101,109.984)
  jv[1] pts=5 (-837.187,-50.4957,132.016) (-831.127,-58.2934,135.34) (-843.546,-67.063,174.15) (-849.607,-59.2653,170.826) (-837.187,-50.4957,132.016)
  m[0][0] pts=5 (-903.802,-127.984,141.102) (-909.863,-120.187,137.778) (-869.692,-79.5725,159.81) (-863.631,-87.3701,163.134) (-903.802,-127.984,141.102)
  m[0][1] pts=5 (-903.802,-127.984,141.102) (-909.863,-120.187,137.778) (-869.692,-79.5725,159.81) (-863.631,-87.3701,163.134) (-903.802,-127.984,141.102)
  f[0][0] pts=5 (-829.521,-38.9581,181.842) (-817.102,-30.1885,143.032) (-857.273,-70.8029,121) (-869.692,-79.5725,159.81) (-829.521,-38.9581,181.842)
  f[0][1] pts=5 (-829.521,-38.9581,181.842) (-817.102,-30.1885,143.032) (-857.273,-70.8029,121) (-869.692,-79.5725,159.81) (-829.521,-38.9581,181.842)
  m[1][0] pts=5 (-891.383,-119.215,102.292) (-897.444,-111.417,98.9684) (-857.273,-70.8029,121) (-851.212,-78.6005,124.324) (-891.383,-119.215,102.292)
  m[1][1] pts=5 (-891.383,-119.215,102.292) (-897.444,-111.417,98.9684) (-857.273,-70.8029,121) (-851.212,-78.6005,124.324) (-891.383,-119.215,102.292)
  f[1][0] pts=5 (-823.46,-46.7558,185.166) (-811.041,-37.9862,146.356) (-851.212,-78.6005,124.324) (-863.631,-87.3701,163.134) (-823.46,-46.7558,185.166)
  f[1][1] pts=5 (-823.46,-46.7558,185.166) (-811.041,-37.9862,146.356) (-851.212,-78.6005,124.324) (-863.631,-87.3701,163.134) (-823.46,-46.7558,185.166)
joint 114 type=30 v0=12 v1=71 f0_0=2 f1_0=4 name=cr_c_ip_0 orient=1 div=1 shift=0.5
  jv[0] pts=5 (-956.663,-104.87,66.4895) (-950.602,-112.668,69.8135) (-963.021,-121.438,108.623) (-969.082,-113.64,105.299) (-956.663,-104.87,66.4895)
  jv[1] pts=5 (-916.495,-64.2598,88.5194) (-910.435,-72.0574,91.8434) (-922.854,-80.827,130.653) (-928.915,-73.0293,127.329) (-916.495,-64.2598,88.5194)
  m[0][0] pts=5 (-983.105,-141.743,97.6084) (-989.165,-133.945,94.2844) (-948.998,-93.3347,116.314) (-942.937,-101.132,119.638) (-983.105,-141.743,97.6084)
  m[0][1] pts=5 (-983.105,-141.743,97.6084) (-989.165,-133.945,94.2844) (-948.998,-93.3347,116.314) (-942.937,-101.132,119.638) (-983.105,-141.743,97.6084)
  f[0][0] pts=5 (-908.831,-52.724,138.344) (-896.412,-43.9544,99.5344) (-936.579,-84.5651,77.5045) (-948.998,-93.3347,116.314) (-908.831,-52.724,138.344)
  f[0][1] pts=5 (-908.831,-52.724,138.344) (-896.412,-43.9544,99.5344) (-936.579,-84.5651,77.5045) (-948.998,-93.3347,116.314) (-908.831,-52.724,138.344)
  m[1][0] pts=5 (-970.686,-132.973,58.7986) (-976.746,-125.176,55.4746) (-936.579,-84.5651,77.5045) (-930.518,-92.3627,80.8285) (-970.686,-132.973,58.7986)
  m[1][1] pts=5 (-970.686,-132.973,58.7986) (-976.746,-125.176,55.4746) (-936.579,-84.5651,77.5045) (-930.518,-92.3627,80.8285) (-970.686,-132.973,58.7986)
  f[1][0] pts=5 (-902.77,-60.5217,141.668) (-890.351,-51.7521,102.858) (-930.518,-92.3627,80.8285) (-942.937,-101.132,119.638) (-902.77,-60.5217,141.668)
  f[1][1] pts=5 (-902.77,-60.5217,141.668) (-890.351,-51.7521,102.858) (-930.518,-92.3627,80.8285) (-942.937,-101.132,119.638) (-902.77,-60.5217,141.668)
joint 115 type=30 v0=12 v1=72 f0_0=6 f1_0=4 name=cr_c_ip_0 orient=1 div=1 shift=0.5
  jv[0] pts=5 (-791.604,84.4601,157.017) (-797.665,76.6645,153.693) (-810.092,85.4201,192.498) (-804.031,93.2158,195.822) (-791.604,84.4601,157.017)
  jv[1] pts=5 (-751.8,44.2048,178.847) (-757.861,36.4091,175.523) (-770.289,45.1648,214.328) (-764.228,52.9604,217.652) (-751.8,44.2048,178.847)
  m[0][0] pts=5 (-829.994,105.548,181.583) (-823.933,113.343,184.907) (-784.13,73.0881,206.737) (-790.191,65.2924,203.413) (-829.994,105.548,181.583)
  m[0][1] pts=5 (-829.994,105.548,181.583) (-823.933,113.343,184.907) (-784.13,73.0881,206.737) (-790.191,65.2924,203.413) (-829.994,105.548,181.583)
  f[0][0] pts=5 (-744.326,32.8327,228.567) (-731.899,24.0771,189.762) (-771.702,64.3324,167.932) (-784.13,73.0881,206.737) (-744.326,32.8327,228.567)
  f[0][1] pts=5 (-744.326,32.8327,228.567) (-731.899,24.0771,189.762) (-771.702,64.3324,167.932) (-784.13,73.0881,206.737) (-744.326,32.8327,228.567)
  m[1][0] pts=5 (-817.566,96.7921,142.778) (-811.505,104.588,146.102) (-771.702,64.3324,167.932) (-777.763,56.5368,164.608) (-817.566,96.7921,142.778)
  m[1][1] pts=5 (-817.566,96.7921,142.778) (-811.505,104.588,146.102) (-771.702,64.3324,167.932) (-777.763,56.5368,164.608) (-817.566,96.7921,142.778)
  f[1][0] pts=5 (-750.387,25.0371,225.243) (-737.96,16.2814,186.438) (-777.763,56.5368,164.608) (-790.191,65.2924,203.413) (-750.387,25.0371,225.243)
  f[1][1] pts=5 (-750.387,25.0371,225.243) (-737.96,16.2814,186.438) (-777.763,56.5368,164.608) (-790.191,65.2924,203.413) (-750.387,25.0371,225.243)
joint 116 type=30 v0=12 v1=73 f0_0=6 f1_0=4 name=cr_c_ip_0 orient=1 div=1 shift=0.5
  jv[0] pts=5 (-870.919,98.2324,113.516) (-876.98,90.4367,110.192) (-889.408,99.1924,148.997) (-883.347,106.988,152.321) (-870.919,98.2324,113.516)
  jv[1] pts=5 (-831.108,57.9686,135.351) (-837.169,50.1729,132.027) (-849.597,58.9286,170.832) (-843.536,66.7242,174.156) (-831.108,57.9686,135.351)
  m[0][0] pts=5 (-909.314,119.324,138.079) (-903.253,127.12,141.404) (-863.441,86.8561,163.238) (-869.502,79.0605,159.914) (-909.314,119.324,138.079)
  m[0][1] pts=5 (-909.314,119.324,138.079) (-903.253,127.12,141.404) (-863.441,86.8561,163.238) (-869.502,79.0605,159.914) (-909.314,119.324,138.079)
  f[0][0] pts=5 (-823.63,46.5923,185.073) (-811.202,37.8367,146.268) (-851.014,78.1005,124.433) (-863.441,86.8561,163.238) (-823.63,46.5923,185.073)
  f[0][1] pts=5 (-823.63,46.5923,185.073) (-811.202,37.8367,146.268) (-851.014,78.1005,124.433) (-863.441,86.8561,163.238) (-823.63,46.5923,185.073)
  m[1][0] pts=5 (-896.886,110.569,99.2743) (-890.825,118.364,102.598) (-851.014,78.1005,124.433) (-857.075,70.3048,121.109) (-896.886,110.569,99.2743)
  m[1][1] pts=5 (-896.886,110.569,99.2743) (-890.825,118.364,102.598) (-851.014,78.1005,124.433) (-857.075,70.3048,121.109) (-896.886,110.569,99.2743)
  f[1][0] pts=5 (-829.691,38.7967,181.749) (-817.263,30.041,142.944) (-857.075,70.3048,121.109) (-869.502,79.0605,159.914) (-829.691,38.7967,181.749)
  f[1][1] pts=5 (-829.691,38.7967,181.749) (-817.263,30.041,142.944) (-857.075,70.3048,121.109) (-869.502,79.0605,159.914) (-829.691,38.7967,181.749)
joint 117 type=30 v0=12 v1=74 f0_0=6 f1_0=4 name=cr_c_ip_0 orient=1 div=1 shift=0.5
  jv[0] pts=5 (-950.235,112.005,70.0148) (-956.296,104.209,66.6905) (-968.724,112.965,105.496) (-962.663,120.76,108.82) (-950.235,112.005,70.0148)
  jv[1] pts=5 (-910.415,71.7324,91.8542) (-916.476,63.9368,88.5299) (-928.904,72.6924,127.335) (-922.843,80.4881,130.659) (-910.415,71.7324,91.8542)
  m[0][0] pts=5 (-988.634,133.101,94.5759) (-982.573,140.896,97.9001) (-942.753,100.624,119.74) (-948.814,92.8285,116.415) (-988.634,133.101,94.5759)
  m[0][1] pts=5 (-988.634,133.101,94.5759) (-982.573,140.896,97.9001) (-942.753,100.624,119.74) (-948.814,92.8285,116.415) (-988.634,133.101,94.5759)
  f[0][0] pts=5 (-902.933,60.352,141.579) (-890.505,51.5963,102.774) (-930.325,91.8685,80.9345) (-942.753,100.624,119.74) (-902.933,60.352,141.579)
  f[0][1] pts=5 (-902.933,60.352,141.579) (-890.505,51.5963,102.774) (-930.325,91.8685,80.9345) (-942.753,100.624,119.74) (-902.933,60.352,141.579)
  m[1][0] pts=5 (-976.206,124.345,55.7708) (-970.145,132.141,59.0951) (-930.325,91.8685,80.9345) (-936.386,84.0729,77.6102) (-976.206,124.345,55.7708)
  m[1][1] pts=5 (-976.206,124.345,55.7708) (-970.145,132.141,59.0951) (-930.325,91.8685,80.9345) (-936.386,84.0729,77.6102) (-976.206,124.345,55.7708)
  f[1][0] pts=5 (-908.994,52.5563,138.255) (-896.566,43.8006,99.4496) (-936.386,84.0729,77.6102) (-948.814,92.8285,116.415) (-908.994,52.5563,138.255)
  f[1][1] pts=5 (-908.994,52.5563,138.255) (-896.566,43.8006,99.4496) (-936.386,84.0729,77.6102) (-948.814,92.8285,116.415) (-908.994,52.5563,138.255)
joint 118 type=30 v0=12 v1=76 f0_0=3 f1_0=8 name=cr_c_ip_0 orient=1 div=1 shift=0.5
  jv[0] pts=5 (-1106.28,-111.02,-15.5712) (-1112.45,-103.652,-18.9531) (-1127,-109.25,18.6879) (-1120.83,-116.618,22.0698) (-1106.28,-111.02,-15.5712)
  jv[1] pts=5 (-1067.5,-68.7997,5.69924) (-1073.67,-61.4319,2.31739) (-1088.22,-67.03,39.9584) (-1082.05,-74.3978,43.3403) (-1067.5,-68.7997,5.69924)
  m[0][0] pts=5 (-1146.39,-130.361,8.05271) (-1140.23,-137.728,11.4346) (-1101.44,-95.508,32.705) (-1107.61,-88.1402,29.3232) (-1146.39,-130.361,8.05271)
  m[0][1] pts=5 (-1146.39,-130.361,8.05271) (-1140.23,-137.728,11.4346) (-1101.44,-95.508,32.705) (-1107.61,-88.1402,29.3232) (-1146.39,-130.361,8.05271)
  f[0][0] pts=5 (-1062.66,-53.2876,53.9755) (-1048.11,-47.6895,16.3345) (-1086.89,-89.9099,-4.936) (-1101.44,-95.508,32.705) (-1062.66,-53.2876,53.9755)
  f[0][1] pts=5 (-1062.66,-53.2876,53.9755) (-1048.11,-47.6895,16.3345) (-1086.89,-89.9099,-4.936) (-1101.44,-95.508,32.705) (-1062.66,-53.2876,53.9755)
  m[1][0] pts=5 (-1131.84,-124.762,-29.5883) (-1125.68,-132.13,-26.2065) (-1086.89,-89.9099,-4.936) (-1093.06,-82.5421,-8.31785) (-1131.84,-124.762,-29.5883)
  m[1][1] pts=5 (-1131.84,-124.762,-29.5883) (-1125.68,-132.13,-26.2065) (-1086.89,-89.9099,-4.936) (-1093.06,-82.5421,-8.31785) (-1131.84,-124.762,-29.5883)
  f[1][0] pts=5 (-1068.83,-45.9198,50.5937) (-1054.28,-40.3217,12.9526) (-1093.06,-82.5421,-8.31785) (-1107.61,-88.1402,29.3232) (-1068.83,-45.9198,50.5937)
  f[1][1] pts=5 (-1068.83,-45.9198,50.5937) (-1054.28,-40.3217,12.9526) (-1093.06,-82.5421,-8.31785) (-1107.61,-88.1402,29.3232) (-1068.83,-45.9198,50.5937)
joint 119 type=30 v0=12 v1=77 f0_0=3 f1_0=8 name=cr_c_ip_0 orient=1 div=1 shift=0.5
  jv[0] pts=5 (-1185.87,-95.7388,-59.2225) (-1192.04,-88.3709,-62.6044) (-1206.59,-93.969,-24.9634) (-1200.42,-101.337,-21.5815) (-1185.87,-95.7388,-59.2225)
  jv[1] pts=5 (-1147.09,-53.5182,-37.952) (-1153.26,-46.1504,-41.3338) (-1167.81,-51.7485,-3.69278) (-1161.64,-59.1163,-0.310931) (-1147.09,-53.5182,-37.952)
  m[0][0] pts=5 (-1225.98,-115.079,-35.5986) (-1219.82,-122.447,-32.2168) (-1181.03,-80.2266,-10.9462) (-1187.2,-72.8588,-14.3281) (-1225.98,-115.079,-35.5986)
  m[0][1] pts=5 (-1225.98,-115.079,-35.5986) (-1219.82,-122.447,-32.2168) (-1181.03,-80.2266,-10.9462) (-1187.2,-72.8588,-14.3281) (-1225.98,-115.079,-35.5986)
  f[0][0] pts=5 (-1142.25,-38.006,10.3244) (-1127.7,-32.4079,-27.3167) (-1166.48,-74.6285,-48.5873) (-1181.03,-80.2266,-10.9462) (-1142.25,-38.006,10.3244)
  f[0][1] pts=5 (-1142.25,-38.006,10.3244) (-1127.7,-32.4079,-27.3167) (-1166.48,-74.6285,-48.5873) (-1181.03,-80.2266,-10.9462) (-1142.25,-38.006,10.3244)
  m[1][0] pts=5 (-1211.43,-109.481,-73.2397) (-1205.27,-116.849,-69.8578) (-1166.48,-74.6285,-48.5873) (-1172.65,-67.2607,-51.9691) (-1211.43,-109.481,-73.2397)
  m[1][1] pts=5 (-1211.43,-109.481,-73.2397) (-1205.27,-116.849,-69.8578) (-1166.48,-74.6285,-48.5873) (-1172.65,-67.2607,-51.9691) (-1211.43,-109.481,-73.2397)
  f[1][0] pts=5 (-1148.42,-30.6382,6.9425) (-1133.87,-25.0401,-30.6985) (-1172.65,-67.2607,-51.9691) (-1187.2,-72.8588,-14.3281) (-1148.42,-30.6382,6.9425)
  f[1][1] pts=5 (-1148.42,-30.6382,6.9425) (-1133.87,-25.0401,-30.6985) (-1172.65,-67.2607,-51.9691) (-1187.2,-72.8588,-14.3281) (-1148.42,-30.6382,6.9425)
joint 120 type=30 v0=12 v1=78 f0_0=3 f1_0=8 name=cr_c_ip_0 orient=1 div=1 shift=0.5
  jv[0] pts=5 (-1265.46,-80.4575,-102.874) (-1271.63,-73.0896,-106.256) (-1286.18,-78.6877,-68.6147) (-1280.01,-86.0556,-65.2328) (-1265.46,-80.4575,-102.874)
  jv[1] pts=5 (-1226.68,-38.2367,-81.6032) (-1232.85,-30.8689,-84.985) (-1247.4,-36.467,-47.344) (-1241.23,-43.8348,-43.9621) (-1226.68,-38.2367,-81.6032)
  m[0][0] pts=5 (-1305.57,-99.7981,-79.25) (-1299.41,-107.166,-75.8682) (-1260.62,-64.9452,-54.5975) (-1266.79,-57.5773,-57.9793) (-1305.57,-99.7981,-79.25)
  m[0][1] pts=5 (-1305.57,-99.7981,-79.25) (-1299.41,-107.166,-75.8682) (-1260.62,-64.9452,-54.5975) (-1266.79,-57.5773,-57.9793) (-1305.57,-99.7981,-79.25)
  f[0][0] pts=5 (-1221.84,-22.7244,-33.3268) (-1207.29,-17.1263,-70.9678) (-1246.07,-59.3471,-92.2385) (-1260.62,-64.9452,-54.5975) (-1221.84,-22.7244,-33.3268)
  f[0][1] pts=5 (-1221.84,-22.7244,-33.3268) (-1207.29,-17.1263,-70.9678) (-1246.07,-59.3471,-92.2385) (-1260.62,-64.9452,-54.5975) (-1221.84,-22.7244,-33.3268)
  m[1][0] pts=5 (-1291.02,-94.2,-116.891) (-1284.86,-101.568,-113.509) (-1246.07,-59.3471,-92.2385) (-1252.24,-51.9793,-95.6204) (-1291.02,-94.2,-116.891)
  m[1][1] pts=5 (-1291.02,-94.2,-116.891) (-1284.86,-101.568,-113.509) (-1246.07,-59.3471,-92.2385) (-1252.24,-51.9793,-95.6204) (-1291.02,-94.2,-116.891)
  f[1][0] pts=5 (-1228.01,-15.3566,-36.7087) (-1213.46,-9.75849,-74.3497) (-1252.24,-51.9793,-95.6204) (-1266.79,-57.5773,-57.9793) (-1228.01,-15.3566,-36.7087)
  f[1][1] pts=5 (-1228.01,-15.3566,-36.7087) (-1213.46,-9.75849,-74.3497) (-1252.24,-51.9793,-95.6204) (-1266.79,-57.5773,-57.9793) (-1228.01,-15.3566,-36.7087)
joint 121 type=30 v0=12 v1=79 f0_0=4 f1_0=8 name=cr_c_ip_0 orient=1 div=1 shift=0.5
  jv[0] pts=5 (-1339.86,-9.86836,-143.676) (-1346.53,-3.33307,-147.334) (-1367.74,-1.39551,-113.346) (-1361.07,-7.9308,-109.689) (-1339.86,-9.86836,-143.676)
  jv[1] pts=5 (-1309.22,30.7968,-126.873) (-1315.89,37.3321,-130.53) (-1337.1,39.2696,-96.5429) (-1330.43,32.7343,-92.8857) (-1309.22,30.7968,-126.873)
  m[0][0] pts=5 (-1383.06,-21.7281,-121.748) (-1376.39,-28.2634,-118.091) (-1345.75,12.4018,-101.287) (-1352.42,18.9371,-104.945) (-1383.06,-21.7281,-121.748)
  m[0][1] pts=5 (-1383.06,-21.7281,-121.748) (-1376.39,-28.2634,-118.091) (-1345.75,12.4018,-101.287) (-1352.42,18.9371,-104.945) (-1383.06,-21.7281,-121.748)
  f[0][0] pts=5 (-1315.11,53.0669,-84.4839) (-1293.9,51.1293,-118.471) (-1324.54,10.4642,-135.275) (-1345.75,12.4018,-101.287) (-1315.11,53.0669,-84.4839)
  f[0][1] pts=5 (-1315.11,53.0669,-84.4839) (-1293.9,51.1293,-118.471) (-1324.54,10.4642,-135.275) (-1345.75,12.4018,-101.287) (-1315.11,53.0669,-84.4839)
  m[1][0] pts=5 (-1361.85,-23.6656,-155.735) (-1355.18,-30.2009,-152.078) (-1324.54,10.4642,-135.275) (-1331.21,16.9995,-138.932) (-1361.85,-23.6656,-155.735)
  m[1][1] pts=5 (-1361.85,-23.6656,-155.735) (-1355.18,-30.2009,-152.078) (-1324.54,10.4642,-135.275) (-1331.21,16.9995,-138.932) (-1361.85,-23.6656,-155.735)
  f[1][0] pts=5 (-1321.78,59.6022,-88.1412) (-1300.57,57.6646,-122.128) (-1331.21,16.9995,-138.932) (-1352.42,18.9371,-104.945) (-1321.78,59.6022,-88.1412)
  f[1][1] pts=5 (-1321.78,59.6022,-88.1412) (-1300.57,57.6646,-122.128) (-1331.21,16.9995,-138.932) (-1352.42,18.9371,-104.945) (-1321.78,59.6022,-88.1412)
joint 122 type=30 v0=12 v1=80 f0_0=5 f1_0=8 name=cr_c_ip_0 orient=1 div=1 shift=0.5
  jv[0] pts=5 (-1112.5,103.405,-18.9799) (-1106.33,110.772,-15.5979) (-1120.89,116.365,22.0412) (-1127.05,108.998,18.6592) (-1112.5,103.405,-18.9799)
  jv[1] pts=5 (-1073.66,61.1215,2.31997) (-1067.5,68.4887,5.70193) (-1082.05,74.0818,43.341) (-1088.22,66.7147,39.959) (-1073.66,61.1215,2.31997)
  m[0][0] pts=5 (-1140.3,137.507,11.3913) (-1146.47,130.14,8.0093) (-1107.64,87.8565,29.3091) (-1101.47,95.2237,32.6911) (-1140.3,137.507,11.3913)
  m[0][1] pts=5 (-1140.3,137.507,11.3913) (-1146.47,130.14,8.0093) (-1107.64,87.8565,29.3091) (-1101.47,95.2237,32.6911) (-1140.3,137.507,11.3913)
  f[0][0] pts=5 (-1068.8,45.5728,50.609) (-1054.25,39.9797,12.9699) (-1093.08,82.2633,-8.32994) (-1107.64,87.8565,29.3091) (-1068.8,45.5728,50.609)
  f[0][1] pts=5 (-1068.8,45.5728,50.609) (-1054.25,39.9797,12.9699) (-1093.08,82.2633,-8.32994) (-1107.64,87.8565,29.3091) (-1068.8,45.5728,50.609)
  m[1][0] pts=5 (-1125.75,131.914,-26.2478) (-1131.92,124.547,-29.6298) (-1093.08,82.2633,-8.32994) (-1086.92,89.6305,-4.94798) (-1125.75,131.914,-26.2478)
  m[1][1] pts=5 (-1125.75,131.914,-26.2478) (-1131.92,124.547,-29.6298) (-1093.08,82.2633,-8.32994) (-1086.92,89.6305,-4.94798) (-1125.75,131.914,-26.2478)
  f[1][0] pts=5 (-1062.63,52.94,53.9909) (-1048.08,47.3469,16.3518) (-1086.92,89.6305,-4.94798) (-1101.47,95.2237,32.6911) (-1062.63,52.94,53.9909)
  f[1][1] pts=5 (-1062.63,52.94,53.9909) (-1048.08,47.3469,16.3518) (-1086.92,89.6305,-4.94798) (-1101.47,95.2237,32.6911) (-1062.63,52.94,53.9909)
joint 123 type=30 v0=12 v1=81 f0_0=5 f1_0=8 name=cr_c_ip_0 orient=1 div=1 shift=0.5
  jv[0] pts=5 (-1192.09,88.1255,-62.6321) (-1185.92,95.4927,-59.2501) (-1200.48,101.086,-21.6111) (-1206.64,93.7187,-24.993) (-1192.09,88.1255,-62.6321)
  jv[1] pts=5 (-1153.25,45.84,-41.3313) (-1147.09,53.2072,-37.9494) (-1161.64,58.8004,-0.310291) (-1167.81,51.4332,-3.69225) (-1153.25,45.84,-41.3313)
  m[0][0] pts=5 (-1219.9,122.229,-32.2615) (-1226.06,114.861,-35.6434) (-1187.23,72.5759,-14.3426) (-1181.06,79.9431,-10.9607) (-1219.9,122.229,-32.2615)
  m[0][1] pts=5 (-1219.9,122.229,-32.2615) (-1226.06,114.861,-35.6434) (-1187.23,72.5759,-14.3426) (-1181.06,79.9431,-10.9607) (-1219.9,122.229,-32.2615)
  f[0][0] pts=5 (-1148.39,30.2904,6.95814) (-1133.83,24.6973,-30.6809) (-1172.67,66.9828,-51.9817) (-1187.23,72.5759,-14.3426) (-1148.39,30.2904,6.95814)
  f[0][1] pts=5 (-1148.39,30.2904,6.95814) (-1133.83,24.6973,-30.6809) (-1172.67,66.9828,-51.9817) (-1187.23,72.5759,-14.3426) (-1148.39,30.2904,6.95814)
  m[1][0] pts=5 (-1205.34,116.635,-69.9005) (-1211.51,109.268,-73.2825) (-1172.67,66.9828,-51.9817) (-1166.51,74.35,-48.5998) (-1205.34,116.635,-69.9005)
  m[1][1] pts=5 (-1205.34,116.635,-69.9005) (-1211.51,109.268,-73.2825) (-1172.67,66.9828,-51.9817) (-1166.51,74.35,-48.5998) (-1205.34,116.635,-69.9005)
  f[1][0] pts=5 (-1142.22,37.6576,10.3401) (-1127.67,32.0645,-27.299) (-1166.51,74.35,-48.5998) (-1181.06,79.9431,-10.9607) (-1142.22,37.6576,10.3401)
  f[1][1] pts=5 (-1142.22,37.6576,10.3401) (-1127.67,32.0645,-27.299) (-1166.51,74.35,-48.5998) (-1181.06,79.9431,-10.9607) (-1142.22,37.6576,10.3401)
joint 124 type=30 v0=12 v1=82 f0_0=5 f1_0=8 name=cr_c_ip_0 orient=1 div=1 shift=0.5
  jv[0] pts=5 (-1271.68,72.846,-106.284) (-1265.52,80.2132,-102.902) (-1280.07,85.8063,-65.2633) (-1286.24,78.4391,-68.6453) (-1271.68,72.846,-106.284)
  jv[1] pts=5 (-1232.84,30.5585,-84.9826) (-1226.68,37.9257,-81.6007) (-1241.23,43.5189,-43.9616) (-1247.4,36.1517,-47.3435) (-1232.84,30.5585,-84.9826)
  m[0][0] pts=5 (-1299.49,106.95,-75.9142) (-1305.66,99.5828,-79.2962) (-1266.82,57.2954,-57.9944) (-1260.65,64.6626,-54.6125) (-1299.49,106.95,-75.9142)
  m[0][1] pts=5 (-1299.49,106.95,-75.9142) (-1305.66,99.5828,-79.2962) (-1266.82,57.2954,-57.9944) (-1260.65,64.6626,-54.6125) (-1299.49,106.95,-75.9142)
  f[0][0] pts=5 (-1227.98,15.008,-36.6927) (-1213.42,9.41484,-74.3317) (-1252.26,51.7023,-95.6335) (-1266.82,57.2954,-57.9944) (-1227.98,15.008,-36.6927)
  f[0][1] pts=5 (-1227.98,15.008,-36.6927) (-1213.42,9.41484,-74.3317) (-1252.26,51.7023,-95.6335) (-1266.82,57.2954,-57.9944) (-1227.98,15.008,-36.6927)
  m[1][0] pts=5 (-1284.94,101.357,-113.553) (-1291.1,93.9897,-116.935) (-1252.26,51.7023,-95.6335) (-1246.1,59.0695,-92.2515) (-1284.94,101.357,-113.553)
  m[1][1] pts=5 (-1284.94,101.357,-113.553) (-1291.1,93.9897,-116.935) (-1252.26,51.7023,-95.6335) (-1246.1,59.0695,-92.2515) (-1284.94,101.357,-113.553)
  f[1][0] pts=5 (-1221.81,22.3752,-33.3107) (-1207.26,16.782,-70.9498) (-1246.1,59.0695,-92.2515) (-1260.65,64.6626,-54.6125) (-1221.81,22.3752,-33.3107)
  f[1][1] pts=5 (-1221.81,22.3752,-33.3107) (-1207.26,16.782,-70.9498) (-1246.1,59.0695,-92.2515) (-1260.65,64.6626,-54.6125) (-1221.81,22.3752,-33.3107)
joint 125 type=30 v0=13 v1=68 f0_0=7 f1_0=4 name=cr_c_ip_0 orient=1 div=1 shift=0.5
  jv[0] pts=5 (-1001.97,-162.759,2.3224) (-1002.07,-155.244,8.92157) (-1021.24,-177.92,35.7318) (-1021.14,-185.436,29.1326) (-1001.97,-162.759,2.3224)
  jv[1] pts=5 (-1046.92,-146.907,-16.4194) (-1047.02,-139.391,-9.82023) (-1066.19,-162.068,16.99) (-1066.09,-169.584,10.3908) (-1046.92,-146.907,-16.4194)
  m[0][0] pts=5 (-998.767,-185.847,45.1027) (-998.666,-193.362,38.5035) (-1043.62,-177.51,19.7617) (-1043.72,-169.994,26.3609) (-998.767,-185.847,45.1027)
  m[0][1] pts=5 (-998.767,-185.847,45.1027) (-998.666,-193.362,38.5035) (-1043.62,-177.51,19.7617) (-1043.72,-169.994,26.3609) (-998.767,-185.847,45.1027)
  f[0][0] pts=5 (-1088.57,-161.658,1.01992) (-1069.39,-138.981,-25.7903) (-1024.44,-154.833,-7.0485) (-1043.62,-177.51,19.7617) (-1088.57,-161.658,1.01992)
  f[0][1] pts=5 (-1088.57,-161.658,1.01992) (-1069.39,-138.981,-25.7903) (-1024.44,-154.833,-7.0485) (-1043.62,-177.51,19.7617) (-1088.57,-161.658,1.01992)
  m[1][0] pts=5 (-979.592,-163.17,18.2925) (-979.491,-170.685,11.6933) (-1024.44,-154.833,-7.0485) (-1024.54,-147.317,-0.44933) (-979.592,-163.17,18.2925)
  m[1][1] pts=5 (-979.592,-163.17,18.2925) (-979.491,-170.685,11.6933) (-1024.44,-154.833,-7.0485) (-1024.54,-147.317,-0.44933) (-979.592,-163.17,18.2925)
  f[1][0] pts=5 (-1088.67,-154.142,7.61909) (-1069.5,-131.465,-19.1911) (-1024.54,-147.317,-0.44933) (-1043.72,-169.994,26.3609) (-1088.67,-154.142,7.61909)
  f[1][1] pts=5 (-1088.67,-154.142,7.61909) (-1069.5,-131.465,-19.1911) (-1024.54,-147.317,-0.44933) (-1043.72,-169.994,26.3609) (-1088.67,-154.142,7.61909)
joint 126 type=30 v0=13 v1=76 f0_0=6 f1_0=4 name=cr_c_ip_0 orient=1 div=1 shift=0.5
  jv[0] pts=5 (-1091.04,-92.9735,-0.744891) (-1099.1,-86.7541,-1.10552) (-1124.39,-105.339,24.8746) (-1116.33,-111.558,25.2352) (-1091.04,-92.9735,-0.744891)
  jv[1] pts=5 (-1114.28,-125.753,-46.8138) (-1122.34,-119.534,-47.1744) (-1147.63,-138.118,-21.1943) (-1139.57,-144.338,-20.8337) (-1114.28,-125.753,-46.8138)
  m[0][0] pts=5 (-1112.77,-88.9489,47.9091) (-1104.71,-95.1684,48.2697) (-1127.95,-127.948,2.20077) (-1136.01,-121.728,1.84014) (-1112.77,-88.9489,47.9091)
  m[0][1] pts=5 (-1112.77,-88.9489,47.9091) (-1104.71,-95.1684,48.2697) (-1127.95,-127.948,2.20077) (-1136.01,-121.728,1.84014) (-1112.77,-88.9489,47.9091)
  f[0][0] pts=5 (-1151.19,-160.727,-43.8681) (-1125.9,-142.143,-69.8483) (-1102.66,-109.363,-23.7793) (-1127.95,-127.948,2.20077) (-1151.19,-160.727,-43.8681)
  f[0][1] pts=5 (-1151.19,-160.727,-43.8681) (-1125.9,-142.143,-69.8483) (-1102.66,-109.363,-23.7793) (-1127.95,-127.948,2.20077) (-1151.19,-160.727,-43.8681)
  m[1][0] pts=5 (-1087.48,-70.3643,21.9289) (-1079.42,-76.5838,22.2896) (-1102.66,-109.363,-23.7793) (-1110.72,-103.144,-24.14) (-1087.48,-70.3643,21.9289)
  m[1][1] pts=5 (-1087.48,-70.3643,21.9289) (-1079.42,-76.5838,22.2896) (-1102.66,-109.363,-23.7793) (-1110.72,-103.144,-24.14) (-1087.48,-70.3643,21.9289)
  f[1][0] pts=5 (-1159.25,-154.508,-44.2288) (-1133.96,-135.923,-70.2089) (-1110.72,-103.144,-24.14) (-1136.01,-121.728,1.84014) (-1159.25,-154.508,-44.2288)
  f[1][1] pts=5 (-1159.25,-154.508,-44.2288) (-1133.96,-135.923,-70.2089) (-1110.72,-103.144,-24.14) (-1136.01,-121.728,1.84014) (-1159.25,-154.508,-44.2288)
joint 127 type=30 v0=13 v1=77 f0_0=6 f1_0=4 name=cr_c_ip_0 orient=1 div=1 shift=0.5
  jv[0] pts=5 (-1170.32,-77.5047,-44.8889) (-1178.38,-71.2853,-45.2495) (-1203.67,-89.8699,-19.2694) (-1195.61,-96.0893,-18.9088) (-1170.32,-77.5047,-44.8889)
  jv[1] pts=5 (-1193.56,-110.284,-90.9578) (-1201.62,-104.065,-91.3184) (-1226.91,-122.649,-65.3383) (-1218.85,-128.869,-64.9777) (-1193.56,-110.284,-90.9578)
  m[0][0] pts=5 (-1192.05,-73.4801,3.76505) (-1183.99,-79.6996,4.12568) (-1207.23,-112.479,-41.9432) (-1215.29,-106.26,-42.3039) (-1192.05,-73.4801,3.76505)
  m[0][1] pts=5 (-1192.05,-73.4801,3.76505) (-1183.99,-79.6996,4.12568) (-1207.23,-112.479,-41.9432) (-1215.29,-106.26,-42.3039) (-1192.05,-73.4801,3.76505)
  f[0][0] pts=5 (-1230.47,-145.259,-88.0121) (-1205.18,-126.674,-113.992) (-1181.94,-93.8945,-67.9233) (-1207.23,-112.479,-41.9432) (-1230.47,-145.259,-88.0121)
  f[0][1] pts=5 (-1230.47,-145.259,-88.0121) (-1205.18,-126.674,-113.992) (-1181.94,-93.8945,-67.9233) (-1207.23,-112.479,-41.9432) (-1230.47,-145.259,-88.0121)
  m[1][0] pts=5 (-1166.76,-54.8955,-22.2151) (-1158.7,-61.115,-21.8544) (-1181.94,-93.8945,-67.9233) (-1190,-87.6751,-68.284) (-1166.76,-54.8955,-22.2151)
  m[1][1] pts=5 (-1166.76,-54.8955,-22.2151) (-1158.7,-61.115,-21.8544) (-1181.94,-93.8945,-67.9233) (-1190,-87.6751,-68.284) (-1166.76,-54.8955,-22.2151)
  f[1][0] pts=5 (-1238.53,-139.039,-88.3728) (-1213.24,-120.455,-114.353) (-1190,-87.6751,-68.284) (-1215.29,-106.26,-42.3039) (-1238.53,-139.039,-88.3728)
  f[1][1] pts=5 (-1238.53,-139.039,-88.3728) (-1213.24,-120.455,-114.353) (-1190,-87.6751,-68.284) (-1215.29,-106.26,-42.3039) (-1238.53,-139.039,-88.3728)
joint 128 type=30 v0=13 v1=78 f0_0=6 f1_0=4 name=cr_c_ip_0 orient=1 div=1 shift=0.5
  jv[0] pts=5 (-1249.6,-62.0359,-89.0329) (-1257.66,-55.8165,-89.3935) (-1282.95,-74.4011,-63.4134) (-1274.89,-80.6205,-63.0528) (-1249.6,-62.0359,-89.0329)
  jv[1] pts=5 (-1272.84,-94.8154,-135.102) (-1280.9,-88.596,-135.462) (-1306.19,-107.181,-109.482) (-1298.13,-113.4,-109.122) (-1272.84,-94.8154,-135.102)
  m[0][0] pts=5 (-1271.33,-58.0113,-40.379) (-1263.27,-64.2308,-40.0183) (-1286.51,-97.0103,-86.0872) (-1294.57,-90.7908,-86.4479) (-1271.33,-58.0113,-40.379)
  m[0][1] pts=5 (-1271.33,-58.0113,-40.379) (-1263.27,-64.2308,-40.0183) (-1286.51,-97.0103,-86.0872) (-1294.57,-90.7908,-86.4479) (-1271.33,-58.0113,-40.379)
  f[0][0] pts=5 (-1309.75,-129.79,-132.156) (-1284.46,-111.205,-158.136) (-1261.22,-78.4257,-112.067) (-1286.51,-97.0103,-86.0872) (-1309.75,-129.79,-132.156)
  f[0][1] pts=5 (-1309.75,-129.79,-132.156) (-1284.46,-111.205,-158.136) (-1261.22,-78.4257,-112.067) (-1286.51,-97.0103,-86.0872) (-1309.75,-129.79,-132.156)
  m[1][0] pts=5 (-1246.04,-39.4267,-66.3591) (-1237.98,-45.6462,-65.9984) (-1261.22,-78.4257,-112.067) (-1269.28,-72.2062,-112.428) (-1246.04,-39.4267,-66.3591)
  m[1][1] pts=5 (-1246.04,-39.4267,-66.3591) (-1237.98,-45.6462,-65.9984) (-1261.22,-78.4257,-112.067) (-1269.28,-72.2062,-112.428) (-1246.04,-39.4267,-66.3591)
  f[1][0] pts=5 (-1317.81,-123.57,-132.517) (-1292.52,-104.986,-158.497) (-1269.28,-72.2062,-112.428) (-1294.57,-90.7908,-86.4479) (-1317.81,-123.57,-132.517)
  f[1][1] pts=5 (-1317.81,-123.57,-132.517) (-1292.52,-104.986,-158.497) (-1269.28,-72.2062,-112.428) (-1294.57,-90.7908,-86.4479) (-1317.81,-123.57,-132.517)
joint 129 type=30 v0=13 v1=83 f0_0=5 f1_0=8 name=cr_c_ip_0 orient=1 div=1 shift=0.5
  jv[0] pts=5 (-1404.02,-47.8914,-189.203) (-1395.61,-53.7943,-188.305) (-1423,-71.3309,-162.929) (-1431.41,-65.428,-163.827) (-1404.02,-47.8914,-189.203)
  jv[1] pts=5 (-1423.71,-82.8509,-234.618) (-1415.3,-88.7538,-233.72) (-1442.69,-106.29,-208.344) (-1451.1,-100.387,-209.242) (-1423.71,-82.8509,-234.618)
  m[0][0] pts=5 (-1413.15,-53.8511,-140.221) (-1421.56,-47.9482,-141.119) (-1441.25,-82.9077,-186.534) (-1432.84,-88.8106,-185.637) (-1413.15,-53.8511,-140.221)
  m[0][1] pts=5 (-1413.15,-53.8511,-140.221) (-1421.56,-47.9482,-141.119) (-1441.25,-82.9077,-186.534) (-1432.84,-88.8106,-185.637) (-1413.15,-53.8511,-140.221)
  f[0][0] pts=5 (-1460.95,-117.867,-231.95) (-1433.55,-100.331,-257.326) (-1413.86,-65.3712,-211.91) (-1441.25,-82.9077,-186.534) (-1460.95,-117.867,-231.95)
  f[0][1] pts=5 (-1460.95,-117.867,-231.95) (-1433.55,-100.331,-257.326) (-1413.86,-65.3712,-211.91) (-1441.25,-82.9077,-186.534) (-1460.95,-117.867,-231.95)
  m[1][0] pts=5 (-1385.76,-36.3146,-165.597) (-1394.17,-30.4116,-166.495) (-1413.86,-65.3712,-211.91) (-1405.45,-71.2741,-211.013) (-1385.76,-36.3146,-165.597)
  m[1][1] pts=5 (-1385.76,-36.3146,-165.597) (-1394.17,-30.4116,-166.495) (-1413.86,-65.3712,-211.91) (-1405.45,-71.2741,-211.013) (-1385.76,-36.3146,-165.597)
  f[1][0] pts=5 (-1452.54,-123.77,-231.052) (-1425.15,-106.234,-256.428) (-1405.45,-71.2741,-211.013) (-1432.84,-88.8106,-185.637) (-1452.54,-123.77,-231.052)
  f[1][1] pts=5 (-1452.54,-123.77,-231.052) (-1425.15,-106.234,-256.428) (-1405.45,-71.2741,-211.013) (-1432.84,-88.8106,-185.637) (-1452.54,-123.77,-231.052)
joint 130 type=30 v0=13 v1=84 f0_0=5 f1_0=8 name=cr_c_ip_0 orient=1 div=1 shift=0.5
  jv[0] pts=5 (-1471.92,-55.9094,-245.892) (-1463.51,-61.8124,-244.994) (-1490.9,-79.3489,-219.618) (-1499.31,-73.446,-220.516) (-1471.92,-55.9094,-245.892)
  jv[1] pts=5 (-1491.61,-90.869,-291.307) (-1483.2,-96.7719,-290.41) (-1510.59,-114.308,-265.034) (-1519,-108.406,-265.931) (-1491.61,-90.869,-291.307)
  m[0][0] pts=5 (-1481.05,-61.8692,-196.91) (-1489.46,-55.9662,-197.808) (-1509.15,-90.9258,-243.224) (-1500.75,-96.8287,-242.326) (-1481.05,-61.8692,-196.91)
  m[0][1] pts=5 (-1481.05,-61.8692,-196.91) (-1489.46,-55.9662,-197.808) (-1509.15,-90.9258,-243.224) (-1500.75,-96.8287,-242.326) (-1481.05,-61.8692,-196.91)
  f[0][0] pts=5 (-1528.85,-125.885,-288.639) (-1501.46,-108.349,-314.015) (-1481.76,-73.3892,-268.6) (-1509.15,-90.9258,-243.224) (-1528.85,-125.885,-288.639)
  f[0][1] pts=5 (-1528.85,-125.885,-288.639) (-1501.46,-108.349,-314.015) (-1481.76,-73.3892,-268.6) (-1509.15,-90.9258,-243.224) (-1528.85,-125.885,-288.639)
  m[1][0] pts=5 (-1453.66,-44.3326,-222.286) (-1462.07,-38.4297,-223.184) (-1481.76,-73.3892,-268.6) (-1473.35,-79.2921,-267.702) (-1453.66,-44.3326,-222.286)
  m[1][1] pts=5 (-1453.66,-44.3326,-222.286) (-1462.07,-38.4297,-223.184) (-1481.76,-73.3892,-268.6) (-1473.35,-79.2921,-267.702) (-1453.66,-44.3326,-222.286)
  f[1][0] pts=5 (-1520.44,-131.788,-287.741) (-1493.05,-114.252,-313.117) (-1473.35,-79.2921,-267.702) (-1500.75,-96.8287,-242.326) (-1520.44,-131.788,-287.741)
  f[1][1] pts=5 (-1520.44,-131.788,-287.741) (-1493.05,-114.252,-313.117) (-1473.35,-79.2921,-267.702) (-1500.75,-96.8287,-242.326) (-1520.44,-131.788,-287.741)
joint 131 type=30 v0=13 v1=85 f0_0=5 f1_0=8 name=cr_c_ip_0 orient=1 div=1 shift=0.5
  jv[0] pts=5 (-1539.82,-63.9275,-302.581) (-1531.41,-69.8304,-301.683) (-1558.8,-87.367,-276.307) (-1567.21,-81.4641,-277.205) (-1539.82,-63.9275,-302.581)
  jv[1] pts=5 (-1559.51,-98.8871,-347.997) (-1551.1,-104.79,-347.099) (-1578.49,-122.327,-321.723) (-1586.9,-116.424,-322.621) (-1559.51,-98.8871,-347.997)
  m[0][0] pts=5 (-1548.95,-69.8872,-253.6) (-1557.36,-63.9843,-254.497) (-1577.05,-98.9439,-299.913) (-1568.65,-104.847,-299.015) (-1548.95,-69.8872,-253.6)
  m[0][1] pts=5 (-1548.95,-69.8872,-253.6) (-1557.36,-63.9843,-254.497) (-1577.05,-98.9439,-299.913) (-1568.65,-104.847,-299.015) (-1548.95,-69.8872,-253.6)
  f[0][0] pts=5 (-1596.75,-133.903,-345.328) (-1569.36,-116.367,-370.704) (-1549.66,-81.4073,-325.289) (-1577.05,-98.9439,-299.913) (-1596.75,-133.903,-345.328)
  f[0][1] pts=5 (-1596.75,-133.903,-345.328) (-1569.36,-116.367,-370.704) (-1549.66,-81.4073,-325.289) (-1577.05,-98.9439,-299.913) (-1596.75,-133.903,-345.328)
  m[1][0] pts=5 (-1521.56,-52.3506,-278.976) (-1529.97,-46.4477,-279.873) (-1549.66,-81.4073,-325.289) (-1541.25,-87.3102,-324.391) (-1521.56,-52.3506,-278.976)
  m[1][1] pts=5 (-1521.56,-52.3506,-278.976) (-1529.97,-46.4477,-279.873) (-1549.66,-81.4073,-325.289) (-1541.25,-87.3102,-324.391) (-1521.56,-52.3506,-278.976)
  f[1][0] pts=5 (-1588.34,-139.806,-344.431) (-1560.95,-122.27,-369.807) (-1541.25,-87.3102,-324.391) (-1568.65,-104.847,-299.015) (-1588.34,-139.806,-344.431)
  f[1][1] pts=5 (-1588.34,-139.806,-344.431) (-1560.95,-122.27,-369.807) (-1541.25,-87.3102,-324.391) (-1568.65,-104.847,-299.015) (-1588.34,-139.806,-344.431)
joint 132 type=30 v0=14 v1=75 f0_0=7 f1_0=4 name=cr_c_ip_0 orient=1 div=1 shift=0.5
  jv[0] pts=5 (-1006.89,151.165,8.99646) (-1000.39,158.573,7.15918) (-1017.93,183.761,32.9357) (-1024.42,176.353,34.773) (-1006.89,151.165,8.99646)
  jv[1] pts=5 (-1037.28,168.475,-28.601) (-1030.79,175.883,-30.4383) (-1048.33,201.071,-4.66171) (-1054.82,193.663,-2.82443) (-1037.28,168.475,-28.601)
  m[0][0] pts=5 (-1002.73,175.106,51.7345) (-1009.22,167.698,53.5717) (-1039.62,185.008,15.9743) (-1033.13,192.416,14.137) (-1002.73,175.106,51.7345)
  m[0][1] pts=5 (-1002.73,175.106,51.7345) (-1009.22,167.698,53.5717) (-1039.62,185.008,15.9743) (-1033.13,192.416,14.137) (-1002.73,175.106,51.7345)
  f[0][0] pts=5 (-1070.02,202.318,-21.6232) (-1052.48,177.13,-47.3997) (-1022.08,159.82,-9.80227) (-1039.62,185.008,15.9743) (-1070.02,202.318,-21.6232)
  f[0][1] pts=5 (-1070.02,202.318,-21.6232) (-1052.48,177.13,-47.3997) (-1022.08,159.82,-9.80227) (-1039.62,185.008,15.9743) (-1070.02,202.318,-21.6232)
  m[1][0] pts=5 (-985.195,149.918,25.9579) (-991.686,142.51,27.7952) (-1022.08,159.82,-9.80227) (-1015.59,167.228,-11.6395) (-985.195,149.918,25.9579)
  m[1][1] pts=5 (-985.195,149.918,25.9579) (-991.686,142.51,27.7952) (-1022.08,159.82,-9.80227) (-1015.59,167.228,-11.6395) (-985.195,149.918,25.9579)
  f[1][0] pts=5 (-1063.53,209.726,-23.4604) (-1045.99,184.538,-49.237) (-1015.59,167.228,-11.6395) (-1033.13,192.416,14.137) (-1063.53,209.726,-23.4604)
  f[1][1] pts=5 (-1063.53,209.726,-23.4604) (-1045.99,184.538,-49.237) (-1015.59,167.228,-11.6395) (-1033.13,192.416,14.137) (-1063.53,209.726,-23.4604)
joint 133 type=30 v0=14 v1=80 f0_0=2 f1_0=4 name=cr_c_ip_0 orient=1 div=1 shift=0.5
  jv[0] pts=5 (-1099.19,86.5259,-1.04953) (-1091.13,92.7456,-0.685588) (-1116.43,111.336,25.2798) (-1124.49,105.116,24.9159) (-1099.19,86.5259,-1.04953)
  jv[1] pts=5 (-1122.38,119.263,-47.0832) (-1114.32,125.482,-46.7193) (-1139.62,144.073,-20.7539) (-1147.68,137.853,-21.1178) (-1122.38,119.263,-47.0832)
  m[0][0] pts=5 (-1104.84,94.9676,48.2967) (-1112.89,88.748,47.9327) (-1136.08,121.485,1.89901) (-1128.03,127.704,2.26295) (-1104.84,94.9676,48.2967)
  m[0][1] pts=5 (-1104.84,94.9676,48.2967) (-1112.89,88.748,47.9327) (-1136.08,121.485,1.89901) (-1128.03,127.704,2.26295) (-1104.84,94.9676,48.2967)
  f[0][0] pts=5 (-1159.28,154.222,-44.1347) (-1133.98,135.631,-70.1001) (-1110.79,102.894,-24.0664) (-1136.08,121.485,1.89901) (-1159.28,154.222,-44.1347)
  f[0][1] pts=5 (-1159.28,154.222,-44.1347) (-1133.98,135.631,-70.1001) (-1110.79,102.894,-24.0664) (-1136.08,121.485,1.89901) (-1159.28,154.222,-44.1347)
  m[1][0] pts=5 (-1079.54,76.3772,22.3313) (-1087.6,70.1576,21.9673) (-1110.79,102.894,-24.0664) (-1102.73,109.114,-23.7024) (-1079.54,76.3772,22.3313)
  m[1][1] pts=5 (-1079.54,76.3772,22.3313) (-1087.6,70.1576,21.9673) (-1110.79,102.894,-24.0664) (-1102.73,109.114,-23.7024) (-1079.54,76.3772,22.3313)
  f[1][0] pts=5 (-1151.22,160.441,-43.7708) (-1125.92,141.851,-69.7362) (-1102.73,109.114,-23.7024) (-1128.03,127.704,2.26295) (-1151.22,160.441,-43.7708)
  f[1][1] pts=5 (-1151.22,160.441,-43.7708) (-1125.92,141.851,-69.7362) (-1102.73,109.114,-23.7024) (-1128.03,127.704,2.26295) (-1151.22,160.441,-43.7708)
joint 134 type=30 v0=14 v1=81 f0_0=2 f1_0=4 name=cr_c_ip_0 orient=1 div=1 shift=0.5
  jv[0] pts=5 (-1178.45,71.0438,-45.2285) (-1170.39,77.2635,-44.8646) (-1195.69,95.8539,-18.8992) (-1203.75,89.6342,-19.2632) (-1178.45,71.0438,-45.2285)
  jv[1] pts=5 (-1201.64,103.781,-91.2623) (-1193.58,110,-90.8983) (-1218.88,128.591,-64.9329) (-1226.94,122.371,-65.2969) (-1201.64,103.781,-91.2623)
  m[0][0] pts=5 (-1184.09,79.4855,4.11764) (-1192.15,73.2658,3.7537) (-1215.34,106.003,-42.28) (-1207.29,112.222,-41.9161) (-1184.09,79.4855,4.11764)
  m[0][1] pts=5 (-1184.09,79.4855,4.11764) (-1192.15,73.2658,3.7537) (-1215.34,106.003,-42.28) (-1207.29,112.222,-41.9161) (-1184.09,79.4855,4.11764)
  f[0][0] pts=5 (-1238.53,138.739,-88.3137) (-1213.24,120.149,-114.279) (-1190.05,87.4122,-68.2454) (-1215.34,106.003,-42.28) (-1238.53,138.739,-88.3137)
  f[0][1] pts=5 (-1238.53,138.739,-88.3137) (-1213.24,120.149,-114.279) (-1190.05,87.4122,-68.2454) (-1215.34,106.003,-42.28) (-1238.53,138.739,-88.3137)
  m[1][0] pts=5 (-1158.8,60.8951,-21.8478) (-1166.85,54.6754,-22.2117) (-1190.05,87.4122,-68.2454) (-1181.99,93.6319,-67.8815) (-1158.8,60.8951,-21.8478)
  m[1][1] pts=5 (-1158.8,60.8951,-21.8478) (-1166.85,54.6754,-22.2117) (-1190.05,87.4122,-68.2454) (-1181.99,93.6319,-67.8815) (-1158.8,60.8951,-21.8478)
  f[1][0] pts=5 (-1230.48,144.959,-87.9498) (-1205.18,126.369,-113.915) (-1181.99,93.6319,-67.8815) (-1207.29,112.222,-41.9161) (-1230.48,144.959,-87.9498)
  f[1][1] pts=5 (-1230.48,144.959,-87.9498) (-1205.18,126.369,-113.915) (-1181.99,93.6319,-67.8815) (-1207.29,112.222,-41.9161) (-1230.48,144.959,-87.9498)
joint 135 type=30 v0=14 v1=82 f0_0=2 f1_0=4 name=cr_c_ip_0 orient=1 div=1 shift=0.5
  jv[0] pts=5 (-1257.71,55.5617,-89.4076) (-1249.65,61.7814,-89.0436) (-1274.95,80.3718,-63.0782) (-1283.01,74.1521,-63.4422) (-1257.71,55.5617,-89.4076)
  jv[1] pts=5 (-1280.9,88.2985,-135.441) (-1272.84,94.5182,-135.077) (-1298.14,113.109,-109.112) (-1306.2,106.889,-109.476) (-1280.9,88.2985,-135.441)
  m[0][0] pts=5 (-1263.35,64.0034,-40.0614) (-1271.41,57.7837,-40.4253) (-1294.6,90.5205,-86.459) (-1286.55,96.7402,-86.0951) (-1263.35,64.0034,-40.0614)
  m[0][1] pts=5 (-1263.35,64.0034,-40.0614) (-1271.41,57.7837,-40.4253) (-1294.6,90.5205,-86.459) (-1286.55,96.7402,-86.0951) (-1263.35,64.0034,-40.0614)
  f[0][0] pts=5 (-1317.79,123.257,-132.493) (-1292.5,104.667,-158.458) (-1269.3,71.9301,-112.424) (-1294.6,90.5205,-86.459) (-1317.79,123.257,-132.493)
  f[0][1] pts=5 (-1317.79,123.257,-132.493) (-1292.5,104.667,-158.458) (-1269.3,71.9301,-112.424) (-1294.6,90.5205,-86.459) (-1317.79,123.257,-132.493)
  m[1][0] pts=5 (-1238.06,45.413,-66.0268) (-1246.11,39.1933,-66.3907) (-1269.3,71.9301,-112.424) (-1261.25,78.1498,-112.06) (-1238.06,45.413,-66.0268)
  m[1][1] pts=5 (-1238.06,45.413,-66.0268) (-1246.11,39.1933,-66.3907) (-1269.3,71.9301,-112.424) (-1261.25,78.1498,-112.06) (-1238.06,45.413,-66.0268)
  f[1][0] pts=5 (-1309.74,129.477,-132.129) (-1284.44,110.887,-158.094) (-1261.25,78.1498,-112.06) (-1286.55,96.7402,-86.0951) (-1309.74,129.477,-132.129)
  f[1][1] pts=5 (-1309.74,129.477,-132.129) (-1284.44,110.887,-158.094) (-1261.25,78.1498,-112.06) (-1286.55,96.7402,-86.0951) (-1309.74,129.477,-132.129)
joint 136 type=30 v0=14 v1=86 f0_0=3 f1_0=8 name=cr_c_ip_0 orient=1 div=1 shift=0.5
  jv[0] pts=5 (-1395.56,53.4386,-188.283) (-1403.97,47.5357,-189.185) (-1431.37,65.0783,-163.824) (-1422.96,70.9812,-162.923) (-1395.56,53.4386,-188.283)
  jv[1] pts=5 (-1415.25,88.431,-233.761) (-1423.66,82.528,-234.663) (-1451.06,100.071,-209.302) (-1442.65,105.974,-208.401) (-1415.25,88.431,-233.761)
  m[0][0] pts=5 (-1421.52,47.5821,-141.085) (-1413.12,53.485,-140.183) (-1432.81,88.4774,-185.662) (-1441.21,82.5745,-186.563) (-1421.52,47.5821,-141.085)
  m[0][1] pts=5 (-1421.52,47.5821,-141.085) (-1413.12,53.485,-140.183) (-1432.81,88.4774,-185.662) (-1441.21,82.5745,-186.563) (-1421.52,47.5821,-141.085)
  f[0][0] pts=5 (-1452.5,123.47,-231.14) (-1425.1,105.927,-256.5) (-1405.41,70.9348,-211.022) (-1432.81,88.4774,-185.662) (-1452.5,123.47,-231.14)
  f[0][1] pts=5 (-1452.5,123.47,-231.14) (-1425.1,105.927,-256.5) (-1405.41,70.9348,-211.022) (-1432.81,88.4774,-185.662) (-1452.5,123.47,-231.14)
  m[1][0] pts=5 (-1394.13,30.0395,-166.445) (-1385.72,35.9424,-165.544) (-1405.41,70.9348,-211.022) (-1413.82,65.0318,-211.924) (-1394.13,30.0395,-166.445)
  m[1][1] pts=5 (-1394.13,30.0395,-166.445) (-1385.72,35.9424,-165.544) (-1405.41,70.9348,-211.022) (-1413.82,65.0318,-211.924) (-1394.13,30.0395,-166.445)
  f[1][0] pts=5 (-1460.9,117.567,-232.042) (-1433.51,100.024,-257.402) (-1413.82,65.0318,-211.924) (-1441.21,82.5745,-186.563) (-1460.9,117.567,-232.042)
  f[1][1] pts=5 (-1460.9,117.567,-232.042) (-1433.51,100.024,-257.402) (-1413.82,65.0318,-211.924) (-1441.21,82.5745,-186.563) (-1460.9,117.567,-232.042)
joint 137 type=30 v0=14 v1=87 f0_0=3 f1_0=8 name=cr_c_ip_0 orient=1 div=1 shift=0.5
  jv[0] pts=5 (-1463.44,61.4429,-245.005) (-1471.84,55.54,-245.907) (-1499.24,73.0826,-220.546) (-1490.84,78.9855,-219.645) (-1463.44,61.4429,-245.005)
  jv[1] pts=5 (-1483.13,96.4354,-290.484) (-1491.53,90.5325,-291.385) (-1518.93,108.075,-266.025) (-1510.53,113.978,-265.123) (-1483.13,96.4354,-290.484)
  m[0][0] pts=5 (-1489.4,55.5863,-197.807) (-1480.99,61.4892,-196.906) (-1500.68,96.4817,-242.384) (-1509.09,90.5788,-243.286) (-1489.4,55.5863,-197.807)
  m[0][1] pts=5 (-1489.4,55.5863,-197.807) (-1480.99,61.4892,-196.906) (-1500.68,96.4817,-242.384) (-1509.09,90.5788,-243.286) (-1489.4,55.5863,-197.807)
  f[0][0] pts=5 (-1520.37,131.474,-287.863) (-1492.97,113.932,-313.223) (-1473.28,78.9391,-267.745) (-1500.68,96.4817,-242.384) (-1520.37,131.474,-287.863)
  f[0][1] pts=5 (-1520.37,131.474,-287.863) (-1492.97,113.932,-313.223) (-1473.28,78.9391,-267.745) (-1500.68,96.4817,-242.384) (-1520.37,131.474,-287.863)
  m[1][0] pts=5 (-1462,38.0437,-223.168) (-1453.59,43.9466,-222.266) (-1473.28,78.9391,-267.745) (-1481.69,73.0362,-268.646) (-1462,38.0437,-223.168)
  m[1][1] pts=5 (-1462,38.0437,-223.168) (-1453.59,43.9466,-222.266) (-1473.28,78.9391,-267.745) (-1481.69,73.0362,-268.646) (-1462,38.0437,-223.168)
  f[1][0] pts=5 (-1528.78,125.571,-288.764) (-1501.38,108.029,-314.125) (-1481.69,73.0362,-268.646) (-1509.09,90.5788,-243.286) (-1528.78,125.571,-288.764)
  f[1][1] pts=5 (-1528.78,125.571,-288.764) (-1501.38,108.029,-314.125) (-1481.69,73.0362,-268.646) (-1509.09,90.5788,-243.286) (-1528.78,125.571,-288.764)
joint 138 type=30 v0=14 v1=88 f0_0=3 f1_0=8 name=cr_c_ip_0 orient=1 div=1 shift=0.5
  jv[0] pts=5 (-1531.31,69.4472,-301.728) (-1539.72,63.5443,-302.629) (-1567.12,81.0869,-277.269) (-1558.71,86.9898,-276.367) (-1531.31,69.4472,-301.728)
  jv[1] pts=5 (-1551,104.44,-347.206) (-1559.41,98.5369,-348.108) (-1586.81,116.08,-322.748) (-1578.4,121.982,-321.846) (-1551,104.44,-347.206)
  m[0][0] pts=5 (-1557.27,63.5905,-254.529) (-1548.86,69.4934,-253.628) (-1568.56,104.486,-299.107) (-1576.96,98.5832,-300.008) (-1557.27,63.5905,-254.529)
  m[0][1] pts=5 (-1557.27,63.5905,-254.529) (-1548.86,69.4934,-253.628) (-1568.56,104.486,-299.107) (-1576.96,98.5832,-300.008) (-1557.27,63.5905,-254.529)
  f[0][0] pts=5 (-1588.25,139.479,-344.585) (-1560.85,121.936,-369.946) (-1541.16,86.9435,-324.467) (-1568.56,104.486,-299.107) (-1588.25,139.479,-344.585)
  f[0][1] pts=5 (-1588.25,139.479,-344.585) (-1560.85,121.936,-369.946) (-1541.16,86.9435,-324.467) (-1568.56,104.486,-299.107) (-1588.25,139.479,-344.585)
  m[1][0] pts=5 (-1529.87,46.0479,-279.89) (-1521.47,51.9508,-278.988) (-1541.16,86.9435,-324.467) (-1549.56,81.0406,-325.369) (-1529.87,46.0479,-279.89)
  m[1][1] pts=5 (-1529.87,46.0479,-279.89) (-1521.47,51.9508,-278.988) (-1541.16,86.9435,-324.467) (-1549.56,81.0406,-325.369) (-1529.87,46.0479,-279.89)
  f[1][0] pts=5 (-1596.65,133.576,-345.487) (-1569.25,116.033,-370.847) (-1549.56,81.0406,-325.369) (-1576.96,98.5832,-300.008) (-1596.65,133.576,-345.487)
  f[1][1] pts=5 (-1596.65,133.576,-345.487) (-1569.25,116.033,-370.847) (-1549.56,81.0406,-325.369) (-1576.96,98.5832,-300.008) (-1596.65,133.576,-345.487)
joint 139 type=30 v0=15 v1=79 f0_0=5 f1_0=4 name=cr_c_ip_0 orient=1 div=1 shift=0.5
  jv[0] pts=5 (-1330.67,2.86188,-137.822) (-1336.51,9.39718,-142.704) (-1360.45,7.45962,-110.586) (-1354.62,0.924323,-105.704) (-1330.67,2.86188,-137.822)
  jv[1] pts=5 (-1357.36,-37.6379,-160.162) (-1363.19,-31.1026,-165.044) (-1387.14,-33.0402,-132.927) (-1381.31,-39.5755,-128.044) (-1357.36,-37.6379,-160.162)
  m[0][0] pts=5 (-1347.11,27.7095,-99.4163) (-1341.28,21.1742,-94.5342) (-1367.96,-19.3256,-116.874) (-1373.8,-12.7903,-121.757) (-1347.11,27.7095,-99.4163)
  m[0][1] pts=5 (-1347.11,27.7095,-99.4163) (-1341.28,21.1742,-94.5342) (-1367.96,-19.3256,-116.874) (-1373.8,-12.7903,-121.757) (-1347.11,27.7095,-99.4163)
  f[0][0] pts=5 (-1394.65,-59.8253,-139.215) (-1370.7,-57.8878,-171.332) (-1344.02,-17.388,-148.992) (-1367.96,-19.3256,-116.874) (-1394.65,-59.8253,-139.215)
  f[0][1] pts=5 (-1394.65,-59.8253,-139.215) (-1370.7,-57.8878,-171.332) (-1344.02,-17.388,-148.992) (-1367.96,-19.3256,-116.874) (-1394.65,-59.8253,-139.215)
  m[1][0] pts=5 (-1323.16,29.6471,-131.534) (-1317.33,23.1118,-126.652) (-1344.02,-17.388,-148.992) (-1349.85,-10.8527,-153.874) (-1323.16,29.6471,-131.534)
  m[1][1] pts=5 (-1323.16,29.6471,-131.534) (-1317.33,23.1118,-126.652) (-1344.02,-17.388,-148.992) (-1349.85,-10.8527,-153.874) (-1323.16,29.6471,-131.534)
  f[1][0] pts=5 (-1400.48,-53.29,-144.097) (-1376.53,-51.3525,-176.214) (-1349.85,-10.8527,-153.874) (-1373.8,-12.7903,-121.757) (-1400.48,-53.29,-144.097)
  f[1][1] pts=5 (-1400.48,-53.29,-144.097) (-1376.53,-51.3525,-176.214) (-1349.85,-10.8527,-153.874) (-1373.8,-12.7903,-121.757) (-1400.48,-53.29,-144.097)
joint 140 type=30 v0=15 v1=83 f0_0=2 f1_0=4 name=cr_c_ip_0 orient=1 div=1 shift=0.5
  jv[0] pts=5 (-1415.24,-65.547,-208.622) (-1409.75,-72.9655,-204.023) (-1430.05,-80.2214,-168.854) (-1435.55,-72.8029,-173.453) (-1415.24,-65.547,-208.622)
  jv[1] pts=5 (-1381.83,-23.4632,-180.648) (-1376.33,-30.8816,-176.049) (-1396.64,-38.1376,-140.88) (-1402.13,-30.7191,-145.479) (-1381.83,-23.4632,-180.648)
  m[0][0] pts=5 (-1446.76,-101.263,-182.842) (-1452.25,-93.8448,-187.44) (-1418.84,-51.761,-159.466) (-1413.35,-59.1795,-154.867) (-1446.76,-101.263,-182.842)
  m[0][1] pts=5 (-1446.76,-101.263,-182.842) (-1452.25,-93.8448,-187.44) (-1418.84,-51.761,-159.466) (-1413.35,-59.1795,-154.867) (-1446.76,-101.263,-182.842)
  f[0][0] pts=5 (-1385.42,-9.6772,-131.492) (-1365.12,-2.42124,-166.661) (-1398.53,-44.5051,-194.635) (-1418.84,-51.761,-159.466) (-1385.42,-9.6772,-131.492)
  f[0][1] pts=5 (-1385.42,-9.6772,-131.492) (-1365.12,-2.42124,-166.661) (-1398.53,-44.5051,-194.635) (-1418.84,-51.761,-159.466) (-1385.42,-9.6772,-131.492)
  m[1][0] pts=5 (-1426.45,-94.0074,-218.01) (-1431.95,-86.5889,-222.609) (-1398.53,-44.5051,-194.635) (-1393.04,-51.9236,-190.036) (-1426.45,-94.0074,-218.01)
  m[1][1] pts=5 (-1426.45,-94.0074,-218.01) (-1431.95,-86.5889,-222.609) (-1398.53,-44.5051,-194.635) (-1393.04,-51.9236,-190.036) (-1426.45,-94.0074,-218.01)
  f[1][0] pts=5 (-1379.93,-17.0957,-126.893) (-1359.63,-9.83974,-162.062) (-1393.04,-51.9236,-190.036) (-1413.35,-59.1795,-154.867) (-1379.93,-17.0957,-126.893)
  f[1][1] pts=5 (-1379.93,-17.0957,-126.893) (-1359.63,-9.83974,-162.062) (-1393.04,-51.9236,-190.036) (-1413.35,-59.1795,-154.867) (-1379.93,-17.0957,-126.893)
joint 141 type=30 v0=15 v1=84 f0_0=2 f1_0=4 name=cr_c_ip_0 orient=1 div=1 shift=0.5
  jv[0] pts=5 (-1483.07,-73.5261,-265.406) (-1477.57,-80.9446,-260.807) (-1497.88,-88.2006,-225.639) (-1503.37,-80.7821,-230.238) (-1483.07,-73.5261,-265.406)
  jv[1] pts=5 (-1449.65,-31.4423,-237.432) (-1444.16,-38.8608,-232.833) (-1464.46,-46.1168,-197.665) (-1469.96,-38.6983,-202.264) (-1449.65,-31.4423,-237.432)
  m[0][0] pts=5 (-1514.58,-109.243,-239.626) (-1520.08,-101.824,-244.225) (-1486.66,-59.7402,-216.251) (-1481.17,-67.1587,-211.652) (-1514.58,-109.243,-239.626)
  m[0][1] pts=5 (-1514.58,-109.243,-239.626) (-1520.08,-101.824,-244.225) (-1486.66,-59.7402,-216.251) (-1481.17,-67.1587,-211.652) (-1514.58,-109.243,-239.626)
  f[0][0] pts=5 (-1453.25,-17.6564,-188.276) (-1432.95,-10.4004,-223.445) (-1466.36,-52.4842,-251.419) (-1486.66,-59.7402,-216.251) (-1453.25,-17.6564,-188.276)
  f[0][1] pts=5 (-1453.25,-17.6564,-188.276) (-1432.95,-10.4004,-223.445) (-1466.36,-52.4842,-251.419) (-1486.66,-59.7402,-216.251) (-1453.25,-17.6564,-188.276)
  m[1][0] pts=5 (-1494.28,-101.987,-274.794) (-1499.77,-94.5681,-279.393) (-1466.36,-52.4842,-251.419) (-1460.87,-59.9027,-246.82) (-1494.28,-101.987,-274.794)
  m[1][1] pts=5 (-1494.28,-101.987,-274.794) (-1499.77,-94.5681,-279.393) (-1466.36,-52.4842,-251.419) (-1460.87,-59.9027,-246.82) (-1494.28,-101.987,-274.794)
  f[1][0] pts=5 (-1447.76,-25.0749,-183.678) (-1427.45,-17.8189,-218.846) (-1460.87,-59.9027,-246.82) (-1481.17,-67.1587,-211.652) (-1447.76,-25.0749,-183.678)
  f[1][1] pts=5 (-1447.76,-25.0749,-183.678) (-1427.45,-17.8189,-218.846) (-1460.87,-59.9027,-246.82) (-1481.17,-67.1587,-211.652) (-1447.76,-25.0749,-183.678)
joint 142 type=30 v0=15 v1=85 f0_0=2 f1_0=4 name=cr_c_ip_0 orient=1 div=1 shift=0.5
  jv[0] pts=5 (-1550.89,-81.5053,-322.19) (-1545.4,-88.9238,-317.592) (-1565.7,-96.1798,-282.423) (-1571.2,-88.7613,-287.022) (-1550.89,-81.5053,-322.19)
  jv[1] pts=5 (-1517.48,-39.4215,-294.216) (-1511.99,-46.84,-289.617) (-1532.29,-54.0959,-254.449) (-1537.78,-46.6774,-259.048) (-1517.48,-39.4215,-294.216)
  m[0][0] pts=5 (-1582.41,-117.222,-296.41) (-1587.9,-109.803,-301.009) (-1554.49,-67.7194,-273.035) (-1549,-75.1378,-268.436) (-1582.41,-117.222,-296.41)
  m[0][1] pts=5 (-1582.41,-117.222,-296.41) (-1587.9,-109.803,-301.009) (-1554.49,-67.7194,-273.035) (-1549,-75.1378,-268.436) (-1582.41,-117.222,-296.41)
  f[0][0] pts=5 (-1521.08,-25.6355,-245.061) (-1500.77,-18.3796,-280.229) (-1534.19,-60.4634,-308.203) (-1554.49,-67.7194,-273.035) (-1521.08,-25.6355,-245.061)
  f[0][1] pts=5 (-1521.08,-25.6355,-245.061) (-1500.77,-18.3796,-280.229) (-1534.19,-60.4634,-308.203) (-1554.49,-67.7194,-273.035) (-1521.08,-25.6355,-245.061)
  m[1][0] pts=5 (-1562.11,-109.966,-331.579) (-1567.6,-102.547,-336.178) (-1534.19,-60.4634,-308.203) (-1528.69,-67.8819,-303.604) (-1562.11,-109.966,-331.579)
  m[1][1] pts=5 (-1562.11,-109.966,-331.579) (-1567.6,-102.547,-336.178) (-1534.19,-60.4634,-308.203) (-1528.69,-67.8819,-303.604) (-1562.11,-109.966,-331.579)
  f[1][0] pts=5 (-1515.58,-33.054,-240.462) (-1495.28,-25.7981,-275.63) (-1528.69,-67.8819,-303.604) (-1549,-75.1378,-268.436) (-1515.58,-33.054,-240.462)
  f[1][1] pts=5 (-1515.58,-33.054,-240.462) (-1495.28,-25.7981,-275.63) (-1528.69,-67.8819,-303.604) (-1549,-75.1378,-268.436) (-1515.58,-33.054,-240.462)
joint 143 type=30 v0=15 v1=86 f0_0=4 f1_0=4 name=cr_c_ip_0 orient=1 div=1 shift=0.5
  jv[0] pts=5 (-1409.72,72.6264,-203.997) (-1415.21,65.2089,-208.596) (-1435.52,72.4591,-173.43) (-1430.02,79.8766,-168.831) (-1409.72,72.6264,-203.997)
  jv[1] pts=5 (-1376.33,30.5701,-176.046) (-1381.82,23.1526,-180.645) (-1402.13,30.4028,-145.48) (-1396.64,37.8203,-140.881) (-1376.33,30.5701,-176.046)
  m[0][0] pts=5 (-1452.21,93.4873,-187.406) (-1446.72,100.905,-182.807) (-1413.33,58.8485,-154.856) (-1418.82,51.431,-159.455) (-1452.21,93.4873,-187.406)
  m[0][1] pts=5 (-1452.21,93.4873,-187.406) (-1446.72,100.905,-182.807) (-1413.33,58.8485,-154.856) (-1418.82,51.431,-159.455) (-1452.21,93.4873,-187.406)
  f[0][0] pts=5 (-1379.95,16.7921,-126.905) (-1359.64,9.54192,-162.071) (-1393.02,51.5983,-190.022) (-1413.33,58.8485,-154.856) (-1379.95,16.7921,-126.905)
  f[0][1] pts=5 (-1379.95,16.7921,-126.905) (-1359.64,9.54192,-162.071) (-1393.02,51.5983,-190.022) (-1413.33,58.8485,-154.856) (-1379.95,16.7921,-126.905)
  m[1][0] pts=5 (-1431.9,86.2371,-222.571) (-1426.41,93.6546,-217.972) (-1393.02,51.5983,-190.022) (-1398.52,44.1808,-194.621) (-1431.9,86.2371,-222.571)
  m[1][1] pts=5 (-1431.9,86.2371,-222.571) (-1426.41,93.6546,-217.972) (-1393.02,51.5983,-190.022) (-1398.52,44.1808,-194.621) (-1431.9,86.2371,-222.571)
  f[1][0] pts=5 (-1385.44,9.3746,-131.504) (-1365.13,2.1244,-166.67) (-1398.52,44.1808,-194.621) (-1418.82,51.431,-159.455) (-1385.44,9.3746,-131.504)
  f[1][1] pts=5 (-1385.44,9.3746,-131.504) (-1365.13,2.1244,-166.67) (-1398.52,44.1808,-194.621) (-1418.82,51.431,-159.455) (-1385.44,9.3746,-131.504)
joint 144 type=30 v0=15 v1=87 f0_0=4 f1_0=4 name=cr_c_ip_0 orient=1 div=1 shift=0.5
  jv[0] pts=5 (-1477.54,80.6056,-260.781) (-1483.04,73.1881,-265.38) (-1503.34,80.4383,-230.215) (-1497.85,87.8558,-225.615) (-1477.54,80.6056,-260.781)
  jv[1] pts=5 (-1444.16,38.5493,-232.831) (-1449.65,31.1317,-237.43) (-1469.96,38.3819,-202.264) (-1464.46,45.7995,-197.665) (-1444.16,38.5493,-232.831)
  m[0][0] pts=5 (-1520.04,101.466,-244.19) (-1514.54,108.884,-239.591) (-1481.16,66.8276,-211.64) (-1486.65,59.4101,-216.239) (-1520.04,101.466,-244.19)
  m[0][1] pts=5 (-1520.04,101.466,-244.19) (-1514.54,108.884,-239.591) (-1481.16,66.8276,-211.64) (-1486.65,59.4101,-216.239) (-1520.04,101.466,-244.19)
  f[0][0] pts=5 (-1447.77,24.7713,-183.689) (-1427.46,17.5211,-218.855) (-1460.85,59.5774,-246.806) (-1481.16,66.8276,-211.64) (-1447.77,24.7713,-183.689)
  f[0][1] pts=5 (-1447.77,24.7713,-183.689) (-1427.46,17.5211,-218.855) (-1460.85,59.5774,-246.806) (-1481.16,66.8276,-211.64) (-1447.77,24.7713,-183.689)
  m[1][0] pts=5 (-1499.73,94.2163,-279.356) (-1494.23,101.634,-274.757) (-1460.85,59.5774,-246.806) (-1466.34,52.1599,-251.405) (-1499.73,94.2163,-279.356)
  m[1][1] pts=5 (-1499.73,94.2163,-279.356) (-1494.23,101.634,-274.757) (-1460.85,59.5774,-246.806) (-1466.34,52.1599,-251.405) (-1499.73,94.2163,-279.356)
  f[1][0] pts=5 (-1453.26,17.3538,-188.289) (-1432.96,10.1036,-223.454) (-1466.34,52.1599,-251.405) (-1486.65,59.4101,-216.239) (-1453.26,17.3538,-188.289)
  f[1][1] pts=5 (-1453.26,17.3538,-188.289) (-1432.96,10.1036,-223.454) (-1466.34,52.1599,-251.405) (-1486.65,59.4101,-216.239) (-1453.26,17.3538,-188.289)
joint 145 type=30 v0=15 v1=88 f0_0=4 f1_0=4 name=cr_c_ip_0 orient=1 div=1 shift=0.5
  jv[0] pts=5 (-1545.37,88.5848,-317.565) (-1550.86,81.1673,-322.165) (-1571.17,88.4175,-286.999) (-1565.68,95.835,-282.4) (-1545.37,88.5848,-317.565)
  jv[1] pts=5 (-1511.98,46.5284,-289.615) (-1517.48,39.1109,-294.214) (-1537.78,46.3611,-259.048) (-1532.29,53.7786,-254.449) (-1511.98,46.5284,-289.615)
  m[0][0] pts=5 (-1587.86,109.446,-300.974) (-1582.37,116.863,-296.375) (-1548.98,74.8068,-268.424) (-1554.48,67.3893,-273.024) (-1587.86,109.446,-300.974)
  m[0][1] pts=5 (-1587.86,109.446,-300.974) (-1582.37,116.863,-296.375) (-1548.98,74.8068,-268.424) (-1554.48,67.3893,-273.024) (-1587.86,109.446,-300.974)
  f[0][0] pts=5 (-1515.6,32.7504,-240.474) (-1495.29,25.5002,-275.639) (-1528.67,67.5566,-303.59) (-1548.98,74.8068,-268.424) (-1515.6,32.7504,-240.474)
  f[0][1] pts=5 (-1515.6,32.7504,-240.474) (-1495.29,25.5002,-275.639) (-1528.67,67.5566,-303.59) (-1548.98,74.8068,-268.424) (-1515.6,32.7504,-240.474)
  m[1][0] pts=5 (-1567.55,102.195,-336.14) (-1562.06,109.613,-331.541) (-1528.67,67.5566,-303.59) (-1534.17,60.1391,-308.189) (-1567.55,102.195,-336.14)
  m[1][1] pts=5 (-1567.55,102.195,-336.14) (-1562.06,109.613,-331.541) (-1528.67,67.5566,-303.59) (-1534.17,60.1391,-308.189) (-1567.55,102.195,-336.14)
  f[1][0] pts=5 (-1521.09,25.3329,-245.073) (-1500.78,18.0827,-280.239) (-1534.17,60.1391,-308.189) (-1554.48,67.3893,-273.024) (-1521.09,25.3329,-245.073)
  f[1][1] pts=5 (-1521.09,25.3329,-245.073) (-1500.78,18.0827,-280.239) (-1534.17,60.1391,-308.189) (-1554.48,67.3893,-273.024) (-1521.09,25.3329,-245.073)
