element 0
  poly 0: 428.941 -371.361 214.673 428.941 -39.7769 214.673 446.941 -21.3191 214.673 446.941 -155.138 214.673 428.941 -136.68 214.673 428.941 -253.293 214.673 396.724 -257.774 214.673 359.874 -127.848 214.673 347.592 -150.514 214.673 311.083 -21.7924 214.673 333.436 -34.6355 214.673 304.782 66.3891 214.673 428.941 -371.361 214.673
  poly 1: 428.941 -371.361 232.673 428.941 -39.7769 232.673 446.941 -21.3191 232.673 446.941 -155.138 232.673 428.941 -136.68 232.673 428.941 -253.293 232.673 396.724 -257.774 232.673 359.874 -127.848 232.673 347.592 -150.514 232.673 311.083 -21.7924 232.673 333.436 -34.6355 232.673 281.825 81.3624 232.673 428.941 -371.361 232.673
element 1
  poly 0: 349.128 -221.896 187.673 366.445 -216.985 187.673
  poly 1: 349.128 -221.896 187.673 366.445 -216.985 187.673
  poly 2: 349.128 -221.896 187.673 366.445 -216.985 187.673
  poly 3: 349.128 -221.896 187.673 366.445 -216.985 187.673
  poly 4: 325.015 -136.878 187.673 342.332 -131.966 187.673
  poly 5: 325.015 -136.878 187.673 342.332 -131.966 187.673
  poly 6: 325.015 -136.878 187.673 342.332 -131.966 187.673
  poly 7: 325.015 -136.878 187.673 342.332 -131.966 187.673
  poly 8: 300.901 -51.8598 187.673 318.218 -46.9482 187.673
  poly 9: 300.901 -51.8598 187.673 318.218 -46.9482 187.673
  poly 10: 300.901 -51.8598 187.673 318.218 -46.9482 187.673
  poly 11: 300.901 -51.8598 187.673 318.218 -46.9482 187.673
  poly 12: 276.787 33.1584 187.673 294.104 38.07 187.673
  poly 13: 276.787 33.1584 187.673 294.104 38.07 187.673
  poly 14: 276.787 33.1584 187.673 294.104 38.07 187.673
  poly 15: 276.787 33.1584 187.673 294.104 38.07 187.673
  poly 16: 276.787 33.1584 119.868 294.104 38.07 119.868
  poly 17: 276.787 33.1584 119.868 294.104 38.07 119.868
  poly 18: 276.787 33.1584 119.868 294.104 38.07 119.868
  poly 19: 276.787 33.1584 119.868 294.104 38.07 119.868
  poly 20: 276.787 33.1584 52.0637 294.104 38.07 52.0637
  poly 21: 276.787 33.1584 52.0637 294.104 38.07 52.0637
  poly 22: 276.787 33.1584 52.0637 294.104 38.07 52.0637
  poly 23: 276.787 33.1584 52.0637 294.104 38.07 52.0637
  poly 24: 276.787 33.1584 -15.741 294.104 38.07 -15.741
  poly 25: 276.787 33.1584 -15.741 294.104 38.07 -15.741
  poly 26: 276.787 33.1584 -15.741 294.104 38.07 -15.741
  poly 27: 276.787 33.1584 -15.741 294.104 38.07 -15.741
  poly 28: 300.901 -51.8598 -60.9805 318.218 -46.9482 -60.9805
  poly 29: 300.901 -51.8598 -60.9805 318.218 -46.9482 -60.9805
  poly 30: 300.901 -51.8598 -60.9805 318.218 -46.9482 -60.9805
  poly 31: 300.901 -51.8598 -60.9805 318.218 -46.9482 -60.9805
  poly 32: 325.015 -136.878 -106.22 342.332 -131.966 -106.22
  poly 33: 325.015 -136.878 -106.22 342.332 -131.966 -106.22
  poly 34: 325.015 -136.878 -106.22 342.332 -131.966 -106.22
  poly 35: 325.015 -136.878 -106.22 342.332 -131.966 -106.22
  poly 36: 349.128 -221.896 -151.459 366.445 -216.985 -151.459
  poly 37: 349.128 -221.896 -151.459 366.445 -216.985 -151.459
  poly 38: 349.128 -221.896 -151.459 366.445 -216.985 -151.459
  poly 39: 349.128 -221.896 -151.459 366.445 -216.985 -151.459
  poly 40: 349.128 -221.896 -66.6762 366.445 -216.985 -66.6762
  poly 41: 349.128 -221.896 -66.6762 366.445 -216.985 -66.6762
  poly 42: 349.128 -221.896 -66.6762 366.445 -216.985 -66.6762
  poly 43: 349.128 -221.896 -66.6762 366.445 -216.985 -66.6762
  poly 44: 349.128 -221.896 18.1069 366.445 -216.985 18.1069
  poly 45: 349.128 -221.896 18.1069 366.445 -216.985 18.1069
  poly 46: 349.128 -221.896 18.1069 366.445 -216.985 18.1069
  poly 47: 349.128 -221.896 18.1069 366.445 -216.985 18.1069
  poly 48: 349.128 -221.896 102.89 366.445 -216.985 102.89
  poly 49: 349.128 -221.896 102.89 366.445 -216.985 102.89
  poly 50: 151.82 605.694 232.673 333.436 -34.6355 232.673 333.436 -34.6355 214.673 359.874 -127.848 214.673 359.874 -127.848 232.673 396.724 -257.774 232.673 396.724 -257.774 -226.79 304.782 66.3891 -54.2987 151.82 605.694 232.673
  poly 51: 134.748 599.919 232.673 311.083 -21.7924 232.673 311.083 -21.7924 214.673 347.592 -150.514 214.673 347.592 -150.514 232.673 378.724 -260.277 232.673 378.724 -260.277 -225.05 281.825 81.3624 -43.2583 134.748 599.919 232.673
element 2
  poly 0: 399.886 115.997 -9.69123 402.372 98.1699 -9.69123
  poly 1: 399.886 115.997 -9.69123 402.372 98.1699 -9.69123
  poly 2: 399.886 115.997 -9.69123 402.372 98.1699 -9.69123
  poly 3: 399.886 115.997 -9.69123 402.372 98.1699 -9.69123
  poly 4: 399.886 115.997 88.991 402.372 98.1699 88.991
  poly 5: 399.886 115.997 88.991 402.372 98.1699 88.991
  poly 6: 399.886 115.997 88.991 402.372 98.1699 88.991
  poly 7: 399.886 115.997 88.991 402.372 98.1699 88.991
  poly 8: 399.886 115.997 187.673 402.372 98.1699 187.673
  poly 9: 399.886 115.997 187.673 402.372 98.1699 187.673
  poly 10: 399.886 115.997 187.673 402.372 98.1699 187.673
  poly 11: 399.886 115.997 187.673 402.372 98.1699 187.673
  poly 12: 323.909 105.404 187.673 326.394 87.5765 187.673
  poly 13: 323.909 105.404 187.673 326.394 87.5765 187.673
  poly 14: 323.909 105.404 187.673 326.394 87.5765 187.673
  poly 15: 323.909 105.404 187.673 326.394 87.5765 187.673
  poly 16: 323.909 105.404 92.6586 326.394 87.5765 92.6586
  poly 17: 323.909 105.404 92.6586 326.394 87.5765 92.6586
  poly 18: 323.909 105.404 92.6586 326.394 87.5765 92.6586
  poly 19: 323.909 105.404 92.6586 326.394 87.5765 92.6586
  poly 20: 323.909 105.404 -2.35593 326.394 87.5765 -2.35593
  poly 21: 323.909 105.404 -2.35593 326.394 87.5765 -2.35593
  poly 22: 428.941 83.7003 -66.2857 428.941 83.7003 48.0049 446.941 86.21 32.7294 446.941 86.21 143.477 428.941 83.7003 128.201 428.941 83.7003 214.673 304.782 66.3891 214.673 304.782 66.3891 -54.2987 428.941 83.7003 -66.2857
  poly 23: 446.941 104.384 -59.1994 428.941 101.874 48.0049 446.941 104.384 32.7294 446.941 104.384 143.477 428.941 101.874 128.201 428.941 101.874 232.673 281.825 81.3624 232.673 281.825 81.3624 -43.2583 446.941 104.384 -59.1994
element 3
  poly 0: 428.941 699.436 232.673 428.941 -136.68 232.673 428.941 -136.68 214.673 428.941 -39.7769 214.673 428.941 -39.7769 232.673 428.941 101.874 232.673 428.941 101.874 128.201 428.941 83.7003 128.201 428.941 83.7003 48.0049 428.941 101.874 48.0049 428.941 101.874 -57.4616 428.941 -253.293 -229.906 428.941 699.436 232.673
  poly 1: 446.941 705.525 232.673 446.941 -155.138 232.673 446.941 -155.138 214.673 446.941 -21.3191 214.673 446.941 -21.3191 232.673 446.941 104.384 232.673 446.941 104.384 143.477 446.941 86.21 143.477 446.941 86.21 32.7294 446.941 104.384 32.7294 446.941 104.384 -59.1994 446.941 -250.79 -231.647 446.941 705.525 232.673
element 4
  poly 0: 384.736 -347.437 214.673 303.967 -62.6691 214.673 316.266 -40.0648 214.673 352.648 -168.337 214.673 330.312 -155.556 214.673 361.945 -267.083 214.673 345.108 -273.913 214.673 283.714 -160.004 214.673 276.273 -184.136 214.673 215.346 -71.0946 214.673 239.595 -78.1465 214.673 191.318 11.4245 214.673 384.736 -347.437 214.673
  poly 1: 384.736 -347.437 232.673 303.967 -62.6691 232.673 316.266 -40.0648 232.673 352.648 -168.337 232.673 330.312 -155.556 232.673 361.945 -267.083 232.673 345.108 -273.913 232.673 283.714 -160.004 232.673 276.273 -184.136 232.673 215.346 -71.0946 232.673 239.595 -78.1465 232.673 166.98 18.6422 232.673 384.736 -347.437 232.673
element 5
  poly 0: 291.133 -249.647 187.673 306.978 -241.107 187.673
  poly 1: 291.133 -249.647 187.673 306.978 -241.107 187.673
  poly 2: 291.133 -249.647 187.673 306.978 -241.107 187.673
  poly 3: 291.133 -249.647 187.673 306.978 -241.107 187.673
  poly 4: 251.584 -176.268 187.673 267.429 -167.728 187.673
  poly 5: 251.584 -176.268 187.673 267.429 -167.728 187.673
  poly 6: 251.584 -176.268 187.673 267.429 -167.728 187.673
  poly 7: 251.584 -176.268 187.673 267.429 -167.728 187.673
  poly 8: 212.034 -102.889 187.673 227.879 -94.3493 187.673
  poly 9: 212.034 -102.889 187.673 227.879 -94.3493 187.673
  poly 10: 212.034 -102.889 187.673 227.879 -94.3493 187.673
  poly 11: 212.034 -102.889 187.673 227.879 -94.3493 187.673
  poly 12: 172.485 -29.5107 187.673 188.33 -20.9705 187.673
  poly 13: 172.485 -29.5107 187.673 188.33 -20.9705 187.673
  poly 14: 172.485 -29.5107 187.673 188.33 -20.9705 187.673
  poly 15: 172.485 -29.5107 187.673 188.33 -20.9705 187.673
  poly 16: 172.485 -29.5107 91.3155 188.33 -20.9705 91.3155
  poly 17: 172.485 -29.5107 91.3155 188.33 -20.9705 91.3155
  poly 18: 172.485 -29.5107 91.3155 188.33 -20.9705 91.3155
  poly 19: 172.485 -29.5107 91.3155 188.33 -20.9705 91.3155
  poly 20: 172.485 -29.5107 -5.04221 188.33 -20.9705 -5.04221
  poly 21: 172.485 -29.5107 -5.04221 188.33 -20.9705 -5.04221
  poly 22: 172.485 -29.5107 -5.04221 188.33 -20.9705 -5.04221
  poly 23: 172.485 -29.5107 -5.04221 188.33 -20.9705 -5.04221
  poly 24: 212.034 -102.889 -50.6413 227.879 -94.3493 -50.6413
  poly 25: 212.034 -102.889 -50.6413 227.879 -94.3493 -50.6413
  poly 26: 212.034 -102.889 -50.6413 227.879 -94.3493 -50.6413
  poly 27: 212.034 -102.889 -50.6413 227.879 -94.3493 -50.6413
  poly 28: 251.584 -176.268 -96.2403 267.429 -167.728 -96.2403
  poly 29: 251.584 -176.268 -96.2403 267.429 -167.728 -96.2403
  poly 30: 251.584 -176.268 -96.2403 267.429 -167.728 -96.2403
  poly 31: 251.584 -176.268 -96.2403 267.429 -167.728 -96.2403
  poly 32: 291.133 -249.647 -141.839 306.978 -241.107 -141.839
  poly 33: 291.133 -249.647 -141.839 306.978 -241.107 -141.839
  poly 34: 291.133 -249.647 -141.839 306.978 -241.107 -141.839
  poly 35: 291.133 -249.647 -141.839 306.978 -241.107 -141.839
  poly 36: 291.133 -249.647 -59.4613 306.978 -241.107 -59.4613
  poly 37: 291.133 -249.647 -59.4613 306.978 -241.107 -59.4613
  poly 38: 291.133 -249.647 -59.4613 306.978 -241.107 -59.4613
  poly 39: 291.133 -249.647 -59.4613 306.978 -241.107 -59.4613
  poly 40: 291.133 -249.647 22.9169 306.978 -241.107 22.9169
  poly 41: 291.133 -249.647 22.9169 306.978 -241.107 22.9169
  poly 42: 291.133 -249.647 22.9169 306.978 -241.107 22.9169
  poly 43: 291.133 -249.647 22.9169 306.978 -241.107 22.9169
  poly 44: 291.133 -249.647 105.295 306.978 -241.107 105.295
  poly 45: 291.133 -249.647 105.295 306.978 -241.107 105.295
  poly 46: -63.7114 484.599 232.673 239.595 -78.1465 232.673 239.595 -78.1465 214.673 283.714 -160.004 214.673 283.714 -160.004 232.673 345.108 -273.913 232.673 345.108 -273.913 -220.179 191.318 11.4245 -49.825 -63.7114 484.599 232.673
  poly 47: -78.2964 473.721 232.673 215.346 -71.0946 232.673 215.346 -71.0946 214.673 276.273 -184.136 214.673 276.273 -184.136 232.673 328.328 -280.719 232.673 328.328 -280.719 -217.748 166.98 18.6422 -39.0214 -78.2964 473.721 232.673
element 6
  poly 0: 197.847 56.0086 4.54519 206.474 40.211 4.54519
  poly 1: 197.847 56.0086 4.54519 206.474 40.211 4.54519
  poly 2: 197.847 56.0086 4.54519 206.474 40.211 4.54519
  poly 3: 197.847 56.0086 4.54519 206.474 40.211 4.54519
  poly 4: 197.847 56.0086 96.1092 206.474 40.211 96.1092
  poly 5: 197.847 56.0086 96.1092 206.474 40.211 96.1092
  poly 6: 197.847 56.0086 96.1092 206.474 40.211 96.1092
  poly 7: 197.847 56.0086 96.1092 206.474 40.211 96.1092
  poly 8: 197.846 56.0086 187.673 206.474 40.211 187.673
  poly 9: 197.846 56.0086 187.673 206.474 40.211 187.673
  poly 10: 197.846 56.0086 187.673 206.474 40.211 187.673
  poly 11: 197.846 56.0086 187.673 206.474 40.211 187.673
  poly 12: 233.704 75.5912 187.673 242.331 59.7936 187.673
  poly 13: 233.704 75.5912 187.673 242.331 59.7936 187.673
  poly 14: 233.704 75.5912 187.673 242.331 59.7936 187.673
  poly 15: 233.704 75.5912 187.673 242.331 59.7936 187.673
  poly 16: 233.704 75.5912 95.4477 242.331 59.7936 95.4477
  poly 17: 233.704 75.5912 95.4477 242.331 59.7936 95.4477
  poly 18: 233.704 75.5912 95.4477 242.331 59.7936 95.4477
  poly 19: 233.704 75.5912 95.4477 242.331 59.7936 95.4477
  poly 20: 233.704 75.5912 3.22234 242.331 59.7936 3.22234
  poly 21: 233.704 75.5912 3.22234 242.331 59.7936 3.22234
  poly 22: 270.662 54.7562 -56.5731 270.662 54.7562 54.1759 286.862 63.6038 39.437 286.862 63.6038 146.294 270.662 54.7562 131.555 270.662 54.7562 214.673 191.318 11.4245 214.673 191.318 11.4245 -49.825 270.662 54.7562 -56.5731
  poly 23: 281.825 81.3624 -48.7889 265.625 72.5148 54.1759 281.825 81.3624 39.437 281.825 81.3624 146.294 265.625 72.5148 131.555 265.625 72.5148 232.673 166.98 18.6422 232.673 166.98 18.6422 -39.0214 281.825 81.3624 -48.7889
element 7
  poly 0: 383.762 -212.073 187.673 366.445 -216.985 187.673
  poly 1: 383.762 -212.073 187.673 366.445 -216.985 187.673
  poly 2: 383.762 -212.073 187.673 366.445 -216.985 187.673
  poly 3: 383.762 -212.073 187.673 366.445 -216.985 187.673
  poly 4: 359.649 -127.055 187.673 342.332 -131.966 187.673
  poly 5: 359.649 -127.055 187.673 342.332 -131.966 187.673
  poly 6: 359.649 -127.055 187.673 342.332 -131.966 187.673
  poly 7: 359.649 -127.055 187.673 342.332 -131.966 187.673
  poly 8: 335.535 -42.0366 187.673 318.218 -46.9482 187.673
  poly 9: 335.535 -42.0366 187.673 318.218 -46.9482 187.673
  poly 10: 335.535 -42.0366 187.673 318.218 -46.9482 187.673
  poly 11: 335.535 -42.0366 187.673 318.218 -46.9482 187.673
  poly 12: 311.421 42.9816 187.673 294.104 38.07 187.673
  poly 13: 311.421 42.9816 187.673 294.104 38.07 187.673
  poly 14: 311.421 42.9816 187.673 294.104 38.07 187.673
  poly 15: 311.421 42.9816 187.673 294.104 38.07 187.673
  poly 16: 311.421 42.9816 119.868 294.104 38.07 119.868
  poly 17: 311.421 42.9816 119.868 294.104 38.07 119.868
  poly 18: 311.421 42.9816 119.868 294.104 38.07 119.868
  poly 19: 311.421 42.9816 119.868 294.104 38.07 119.868
  poly 20: 311.421 42.9816 52.0637 294.104 38.07 52.0637
  poly 21: 311.421 42.9816 52.0637 294.104 38.07 52.0637
  poly 22: 311.421 42.9816 52.0637 294.104 38.07 52.0637
  poly 23: 311.421 42.9816 52.0637 294.104 38.07 52.0637
  poly 24: 311.421 42.9816 -15.741 294.104 38.07 -15.741
  poly 25: 311.421 42.9816 -15.741 294.104 38.07 -15.741
  poly 26: 311.421 42.9816 -15.741 294.104 38.07 -15.741
  poly 27: 311.421 42.9816 -15.741 294.104 38.07 -15.741
  poly 28: 335.535 -42.0366 -60.9805 318.218 -46.9482 -60.9805
  poly 29: 335.535 -42.0366 -60.9805 318.218 -46.9482 -60.9805
  poly 30: 335.535 -42.0366 -60.9805 318.218 -46.9482 -60.9805
  poly 31: 335.535 -42.0366 -60.9805 318.218 -46.9482 -60.9805
  poly 32: 359.649 -127.055 -106.22 342.332 -131.966 -106.22
  poly 33: 359.649 -127.055 -106.22 342.332 -131.966 -106.22
  poly 34: 359.649 -127.055 -106.22 342.332 -131.966 -106.22
  poly 35: 359.649 -127.055 -106.22 342.332 -131.966 -106.22
  poly 36: 383.762 -212.073 -151.459 366.445 -216.985 -151.459
  poly 37: 383.762 -212.073 -151.459 366.445 -216.985 -151.459
  poly 38: 383.762 -212.073 -151.459 366.445 -216.985 -151.459
  poly 39: 383.762 -212.073 -151.459 366.445 -216.985 -151.459
  poly 40: 383.762 -212.073 -66.6762 366.445 -216.985 -66.6762
  poly 41: 383.762 -212.073 -66.6762 366.445 -216.985 -66.6762
  poly 42: 383.762 -212.073 -66.6762 366.445 -216.985 -66.6762
  poly 43: 383.762 -212.073 -66.6762 366.445 -216.985 -66.6762
  poly 44: 383.762 -212.073 18.1069 366.445 -216.985 18.1069
  poly 45: 383.762 -212.073 18.1069 366.445 -216.985 18.1069
  poly 46: 383.762 -212.073 18.1069 366.445 -216.985 18.1069
  poly 47: 383.762 -212.073 18.1069 366.445 -216.985 18.1069
  poly 48: 383.762 -212.073 102.89 366.445 -216.985 102.89
  poly 49: 383.762 -212.073 102.89 366.445 -216.985 102.89
  poly 50: 111.649 615.391 232.673 330.312 -155.556 232.673 330.312 -155.556 214.673 303.967 -62.6691 214.673 303.967 -62.6691 232.673 265.625 72.5148 232.673 265.625 72.5148 131.555 270.662 54.7562 131.555 270.662 54.7562 54.1759 265.625 72.5148 54.1759 265.625 72.5148 -47.411 361.945 -267.083 -222.619 111.649 615.391 232.673
  poly 51: 127.092 626.909 232.673 352.648 -168.337 232.673 352.648 -168.337 214.673 316.266 -40.0648 214.673 316.266 -40.0648 232.673 281.825 81.3624 232.673 281.825 81.3624 146.294 286.862 63.6038 146.294 286.862 63.6038 39.437 281.825 81.3624 39.437 281.825 81.3624 -48.7889 378.724 -260.277 -225.05 127.092 626.909 232.673
element 8
  poly 0: 359.178 -375.895 214.673 217.074 -112.24 214.673 224.579 -88.2252 214.673 285.048 -200.417 214.673 260.862 -193.483 214.673 313.497 -291.141 214.673 294.919 -304.196 214.673 213.021 -212.816 214.673 210.815 -237.323 214.673 129.63 -146.739 214.673 154.232 -147.22 214.673 90.1991 -75.7725 214.673 359.178 -375.895 214.673
  poly 1: 359.178 -375.895 232.673 217.074 -112.24 232.673 224.579 -88.2252 232.673 285.048 -200.417 232.673 260.862 -193.483 232.673 313.497 -291.141 232.673 294.919 -304.196 232.673 213.021 -212.816 232.673 210.815 -237.323 232.673 129.63 -146.739 232.673 154.232 -147.22 232.673 64.8872 -74.4997 232.673 359.178 -375.895 232.673
element 9
  poly 0: 236.65 -293.12 187.673 250.054 -281.107 187.673
  poly 1: 236.65 -293.12 187.673 250.054 -281.107 187.673
  poly 2: 236.65 -293.12 187.673 250.054 -281.107 187.673
  poly 3: 236.65 -293.12 187.673 250.054 -281.107 187.673
  poly 4: 184.939 -235.422 187.673 198.343 -223.408 187.673
  poly 5: 184.939 -235.422 187.673 198.343 -223.408 187.673
  poly 6: 184.939 -235.422 187.673 198.343 -223.408 187.673
  poly 7: 184.939 -235.422 187.673 198.343 -223.408 187.673
  poly 8: 133.228 -177.723 187.673 146.632 -165.709 187.673
  poly 9: 133.228 -177.723 187.673 146.632 -165.709 187.673
  poly 10: 133.228 -177.723 187.673 146.632 -165.709 187.673
  poly 11: 133.228 -177.723 187.673 146.632 -165.709 187.673
  poly 12: 81.5163 -120.024 187.673 94.9207 -108.011 187.673
  poly 13: 81.5163 -120.024 187.673 94.9207 -108.011 187.673
  poly 14: 81.5163 -120.024 187.673 94.9207 -108.011 187.673
  poly 15: 81.5163 -120.024 187.673 94.9207 -108.011 187.673
  poly 16: 81.5163 -120.024 94.8096 94.9207 -108.011 94.8096
  poly 17: 81.5163 -120.024 94.8096 94.9207 -108.011 94.8096
  poly 18: 81.5163 -120.024 94.8096 94.9207 -108.011 94.8096
  poly 19: 81.5163 -120.024 94.8096 94.9207 -108.011 94.8096
  poly 20: 81.5163 -120.024 1.94598 94.9207 -108.011 1.94598
  poly 21: 81.5163 -120.024 1.94598 94.9207 -108.011 1.94598
  poly 22: 81.5163 -120.024 1.94598 94.9207 -108.011 1.94598
  poly 23: 81.5163 -120.024 1.94598 94.9207 -108.011 1.94598
  poly 24: 133.228 -177.723 -43.4147 146.632 -165.709 -43.4147
  poly 25: 133.228 -177.723 -43.4147 146.632 -165.709 -43.4147
  poly 26: 133.228 -177.723 -43.4147 146.632 -165.709 -43.4147
  poly 27: 133.228 -177.723 -43.4147 146.632 -165.709 -43.4147
  poly 28: 184.939 -235.422 -88.7754 198.343 -223.408 -88.7754
  poly 29: 184.939 -235.422 -88.7754 198.343 -223.408 -88.7754
  poly 30: 184.939 -235.422 -88.7754 198.343 -223.408 -88.7754
  poly 31: 184.939 -235.422 -88.7754 198.343 -223.408 -88.7754
  poly 32: 236.65 -293.12 -134.136 250.054 -281.107 -134.136
  poly 33: 236.65 -293.12 -134.136 250.054 -281.107 -134.136
  poly 34: 236.65 -293.12 -134.136 250.054 -281.107 -134.136
  poly 35: 236.65 -293.12 -134.136 250.054 -281.107 -134.136
  poly 36: 236.65 -293.12 -53.6838 250.054 -281.107 -53.6838
  poly 37: 236.65 -293.12 -53.6838 250.054 -281.107 -53.6838
  poly 38: 236.65 -293.12 -53.6838 250.054 -281.107 -53.6838
  poly 39: 236.65 -293.12 -53.6838 250.054 -281.107 -53.6838
  poly 40: 236.65 -293.12 26.7685 250.054 -281.107 26.7685
  poly 41: 236.65 -293.12 26.7685 250.054 -281.107 26.7685
  poly 42: 236.65 -293.12 26.7685 250.054 -281.107 26.7685
  poly 43: 236.65 -293.12 26.7685 250.054 -281.107 26.7685
  poly 44: 236.65 -293.12 107.221 250.054 -281.107 107.221
  poly 45: 236.65 -293.12 107.221 250.054 -281.107 107.221
  poly 46: -230.616 282.188 232.673 154.232 -147.22 232.673 154.232 -147.22 214.673 213.021 -212.816 214.673 213.021 -212.816 232.673 294.919 -304.196 232.673 294.919 -304.196 -214.201 90.1991 -75.7725 -40.1229 -230.616 282.188 232.673
  poly 47: -243.595 269.7 232.673 129.63 -146.739 232.673 129.63 -146.739 214.673 210.815 -237.323 214.673 210.815 -237.323 232.673 280.088 -314.618 232.673 280.088 -314.618 -212.626 64.8872 -74.4997 -29.6359 -243.595 269.7 232.673
element 10
  poly 0: 85.9996 -30.8728 14.6909 98.1313 -44.1702 14.6909
  poly 1: 85.9996 -30.8728 14.6909 98.1313 -44.1702 14.6909
  poly 2: 85.9996 -30.8728 14.6909 98.1313 -44.1702 14.6909
  poly 3: 85.9996 -30.8728 14.6909 98.1313 -44.1702 14.6909
  poly 4: 85.9995 -30.8729 101.182 98.1311 -44.1704 101.182
  poly 5: 85.9995 -30.8729 101.182 98.1311 -44.1704 101.182
  poly 6: 85.9995 -30.8729 101.182 98.1311 -44.1704 101.182
  poly 7: 85.9995 -30.8729 101.182 98.1311 -44.1704 101.182
  poly 8: 85.9993 -30.873 187.673 98.131 -44.1705 187.673
  poly 9: 85.9993 -30.873 187.673 98.131 -44.1705 187.673
  poly 10: 85.9993 -30.873 187.673 98.131 -44.1705 187.673
  poly 11: 85.9993 -30.873 187.673 98.131 -44.1705 187.673
  poly 12: 121.605 1.61051 187.673 133.736 -11.687 187.673
  poly 13: 121.605 1.61051 187.673 133.736 -11.687 187.673
  poly 14: 121.605 1.61051 187.673 133.736 -11.687 187.673
  poly 15: 121.605 1.61051 187.673 133.736 -11.687 187.673
  poly 16: 121.605 1.61051 100.819 133.736 -11.687 100.819
  poly 17: 121.605 1.61051 100.819 133.736 -11.687 100.819
  poly 18: 121.605 1.61051 100.819 133.736 -11.687 100.819
  poly 19: 121.605 1.61051 100.819 133.736 -11.687 100.819
  poly 20: 121.605 1.61051 13.9645 133.736 -11.687 13.9645
  poly 21: 121.605 1.61051 13.9645 133.736 -11.687 13.9645
  poly 22: 162.076 -10.1975 -41.5894 162.076 -10.1975 64.0057 175.783 2.30833 50.1216 175.783 2.30833 150.782 162.076 -10.1975 136.897 162.076 -10.1975 214.673 90.1991 -75.7725 214.673 90.1991 -75.7725 -40.1229 162.076 -10.1975 -41.5894
  poly 23: 166.98 18.6422 -31.7189 153.272 6.1363 64.0057 166.98 18.6422 50.1216 166.98 18.6422 150.782 153.272 6.1363 136.897 153.272 6.1363 232.673 64.8872 -74.4997 232.673 64.8872 -74.4997 -29.6359 166.98 18.6422 -31.7189
element 11
  poly 0: 322.823 -232.567 187.673 306.978 -241.107 187.673
  poly 1: 322.823 -232.567 187.673 306.978 -241.107 187.673
  poly 2: 322.823 -232.567 187.673 306.978 -241.107 187.673
  poly 3: 322.823 -232.567 187.673 306.978 -241.107 187.673
  poly 4: 283.274 -159.188 187.673 267.429 -167.728 187.673
  poly 5: 283.274 -159.188 187.673 267.429 -167.728 187.673
  poly 6: 283.274 -159.188 187.673 267.429 -167.728 187.673
  poly 7: 283.274 -159.188 187.673 267.429 -167.728 187.673
  poly 8: 243.725 -85.8092 187.673 227.879 -94.3493 187.673
  poly 9: 243.725 -85.8092 187.673 227.879 -94.3493 187.673
  poly 10: 243.725 -85.8092 187.673 227.879 -94.3493 187.673
  poly 11: 243.725 -85.8092 187.673 227.879 -94.3493 187.673
  poly 12: 204.175 -12.4304 187.673 188.33 -20.9705 187.673
  poly 13: 204.175 -12.4304 187.673 188.33 -20.9705 187.673
  poly 14: 204.175 -12.4304 187.673 188.33 -20.9705 187.673
  poly 15: 204.175 -12.4304 187.673 188.33 -20.9705 187.673
  poly 16: 204.175 -12.4304 91.3155 188.33 -20.9705 91.3155
  poly 17: 204.175 -12.4304 91.3155 188.33 -20.9705 91.3155
  poly 18: 204.175 -12.4304 91.3155 188.33 -20.9705 91.3155
  poly 19: 204.175 -12.4304 91.3155 188.33 -20.9705 91.3155
  poly 20: 204.175 -12.4304 -5.04221 188.33 -20.9705 -5.04221
  poly 21: 204.175 -12.4304 -5.04221 188.33 -20.9705 -5.04221
  poly 22: 204.175 -12.4304 -5.04221 188.33 -20.9705 -5.04221
  poly 23: 204.175 -12.4304 -5.04221 188.33 -20.9705 -5.04221
  poly 24: 243.725 -85.8092 -50.6413 227.879 -94.3493 -50.6413
  poly 25: 243.725 -85.8092 -50.6413 227.879 -94.3493 -50.6413
  poly 26: 243.725 -85.8092 -50.6413 227.879 -94.3493 -50.6413
  poly 27: 243.725 -85.8092 -50.6413 227.879 -94.3493 -50.6413
  poly 28: 283.274 -159.188 -96.2403 267.429 -167.728 -96.2403
  poly 29: 283.274 -159.188 -96.2403 267.429 -167.728 -96.2403
  poly 30: 283.274 -159.188 -96.2403 267.429 -167.728 -96.2403
  poly 31: 283.274 -159.188 -96.2403 267.429 -167.728 -96.2403
  poly 32: 322.823 -232.567 -141.839 306.978 -241.107 -141.839
  poly 33: 322.823 -232.567 -141.839 306.978 -241.107 -141.839
  poly 34: 322.823 -232.567 -141.839 306.978 -241.107 -141.839
  poly 35: 322.823 -232.567 -141.839 306.978 -241.107 -141.839
  poly 36: 322.823 -232.567 -59.4613 306.978 -241.107 -59.4613
  poly 37: 322.823 -232.567 -59.4613 306.978 -241.107 -59.4613
  poly 38: 322.823 -232.567 -59.4613 306.978 -241.107 -59.4613
  poly 39: 322.823 -232.567 -59.4613 306.978 -241.107 -59.4613
  poly 40: 322.823 -232.567 22.9169 306.978 -241.107 22.9169
  poly 41: 322.823 -232.567 22.9169 306.978 -241.107 22.9169
  poly 42: 322.823 -232.567 22.9169 306.978 -241.107 22.9169
  poly 43: 322.823 -232.567 22.9169 306.978 -241.107 22.9169
  poly 44: 322.823 -232.567 105.295 306.978 -241.107 105.295
  poly 45: 322.823 -232.567 105.295 306.978 -241.107 105.295
  poly 46: -75.7996 431.15 232.673 260.862 -193.483 232.673 260.862 -193.483 214.673 217.074 -112.24 214.673 217.074 -112.24 232.673 153.272 6.1363 232.673 153.272 6.1363 136.897 162.076 -10.1975 136.897 162.076 -10.1975 64.0057 153.272 6.1363 64.0057 153.272 6.1363 -31.4392 313.497 -291.141 -216.174 -75.7996 431.15 232.673
  poly 47: -62.3346 444.106 232.673 285.048 -200.417 232.673 285.048 -200.417 214.673 224.579 -88.2252 214.673 224.579 -88.2252 232.673 166.98 18.6422 232.673 166.98 18.6422 150.782 175.783 2.30833 150.782 175.783 2.30833 50.1216 166.98 18.6422 50.1216 166.98 18.6422 -31.7189 328.328 -280.719 -217.748 -62.3346 444.106 232.673
element 12
  poly 0: 337.566 -405.721 214.673 139.526 -184.75 214.673 141.808 -160.326 214.673 222.446 -250.302 214.673 197.919 -249.905 214.673 268.187 -328.309 214.673 251.247 -347.799 214.673 153.227 -282.026 214.673 156.588 -305.958 214.673 59.5042 -240.813 214.673 82.9247 -234.852 214.673 7.0207 -183.919 214.673 337.566 -405.721 214.673
  poly 1: 337.566 -405.721 232.673 139.526 -184.75 232.673 141.808 -160.326 232.673 222.446 -250.302 232.673 197.919 -249.905 232.673 268.187 -328.309 232.673 251.247 -347.799 232.673 153.227 -282.026 232.673 156.588 -305.958 232.673 59.5042 -240.813 232.673 82.9247 -234.852 232.673 -18.5875 -188.412 232.673 337.566 -405.721 232.673
element 13
  poly 0: 191.95 -351.363 187.673 201.979 -336.416 187.673
  poly 1: 191.95 -351.363 187.673 201.979 -336.416 187.673
  poly 2: 191.95 -351.363 187.673 201.979 -336.416 187.673
  poly 3: 191.95 -351.363 187.673 201.979 -336.416 187.673
  poly 4: 130.883 -310.387 187.673 140.913 -295.44 187.673
  poly 5: 130.883 -310.387 187.673 140.913 -295.44 187.673
  poly 6: 130.883 -310.387 187.673 140.913 -295.44 187.673
  poly 7: 130.883 -310.387 187.673 140.913 -295.44 187.673
  poly 8: 69.8165 -269.41 187.673 79.8461 -254.463 187.673
  poly 9: 69.8165 -269.41 187.673 79.8461 -254.463 187.673
  poly 10: 69.8165 -269.41 187.673 79.8461 -254.463 187.673
  poly 11: 69.8165 -269.41 187.673 79.8461 -254.463 187.673
  poly 12: 8.74994 -228.433 187.673 18.7795 -213.486 187.673
  poly 13: 8.74994 -228.433 187.673 18.7795 -213.486 187.673
  poly 14: 8.74994 -228.433 187.673 18.7795 -213.486 187.673
  poly 15: 8.74994 -228.433 187.673 18.7795 -213.486 187.673
  poly 16: 8.74994 -228.433 95.3117 18.7795 -213.486 95.3117
  poly 17: 8.74994 -228.433 95.3117 18.7795 -213.486 95.3117
  poly 18: 8.74994 -228.433 95.3117 18.7795 -213.486 95.3117
  poly 19: 8.74994 -228.433 95.3117 18.7795 -213.486 95.3117
  poly 20: 8.74994 -228.433 2.95022 18.7795 -213.486 2.95022
  poly 21: 8.74994 -228.433 2.95022 18.7795 -213.486 2.95022
  poly 22: 8.74994 -228.433 2.95022 18.7795 -213.486 2.95022
  poly 23: 8.74994 -228.433 2.95022 18.7795 -213.486 2.95022
  poly 24: 69.8164 -269.41 -42.2893 79.846 -254.463 -42.2893
  poly 25: 69.8164 -269.41 -42.2893 79.846 -254.463 -42.2893
  poly 26: 69.8164 -269.41 -42.2893 79.846 -254.463 -42.2893
  poly 27: 69.8164 -269.41 -42.2893 79.846 -254.463 -42.2893
  poly 28: 130.883 -310.386 -87.5288 140.913 -295.44 -87.5288
  poly 29: 130.883 -310.386 -87.5288 140.913 -295.44 -87.5288
  poly 30: 130.883 -310.386 -87.5288 140.913 -295.44 -87.5288
  poly 31: 130.883 -310.386 -87.5288 140.913 -295.44 -87.5288
  poly 32: 191.949 -351.363 -132.768 201.979 -336.416 -132.768
  poly 33: 191.949 -351.363 -132.768 201.979 -336.416 -132.768
  poly 34: 191.949 -351.363 -132.768 201.979 -336.416 -132.768
  poly 35: 191.949 -351.363 -132.768 201.979 -336.416 -132.768
  poly 36: 191.949 -351.363 -52.6579 201.979 -336.416 -52.6579
  poly 37: 191.949 -351.363 -52.6579 201.979 -336.416 -52.6579
  poly 38: 191.949 -351.363 -52.6579 201.979 -336.416 -52.6579
  poly 39: 191.949 -351.363 -52.6579 201.979 -336.416 -52.6579
  poly 40: 191.949 -351.363 27.4524 201.979 -336.416 27.4524
  poly 41: 191.949 -351.363 27.4524 201.979 -336.416 27.4524
  poly 42: 191.949 -351.363 27.4524 201.979 -336.416 27.4524
  poly 43: 191.949 -351.363 27.4524 201.979 -336.416 27.4524
  poly 44: 191.95 -351.363 107.563 201.979 -336.416 107.563
  poly 45: 191.95 -351.363 107.563 201.979 -336.416 107.563
  poly 46: -383.863 78.371 232.673 82.9247 -234.852 232.673 82.9247 -234.852 214.673 153.227 -282.026 214.673 153.227 -282.026 232.673 251.247 -347.799 232.673 251.247 -347.799 -213.092 7.0207 -183.919 -41.6766 -383.863 78.371 232.673
  poly 47: -396.037 64.8633 232.673 59.5042 -240.813 232.673 59.5042 -240.813 214.673 156.588 -305.958 214.673 156.588 -305.958 232.673 239.346 -361.49 232.673 239.346 -361.49 -213.284 -18.5875 -188.412 -32.2476 -396.037 64.8633 232.673
element 14
  poly 0: -6.50783 -141.475 187.673 8.01118 -152.115 187.673
  poly 1: -6.50783 -141.475 187.673 8.01118 -152.115 187.673
  poly 2: -6.50783 -141.475 187.673 8.01118 -152.115 187.673
  poly 3: -6.50783 -141.475 187.673 8.01118 -152.115 187.673
  poly 4: 23.7695 -100.158 187.673 38.2885 -110.797 187.673
  poly 5: 23.7695 -100.158 187.673 38.2885 -110.797 187.673
  poly 6: 23.7695 -100.158 187.673 38.2885 -110.797 187.673
  poly 7: 23.7695 -100.158 187.673 38.2885 -110.797 187.673
  poly 8: 23.7695 -100.158 103.112 38.2885 -110.797 103.112
  poly 9: 23.7695 -100.158 103.112 38.2885 -110.797 103.112
  poly 10: 23.7695 -100.158 103.112 38.2885 -110.797 103.112
  poly 11: 23.7695 -100.158 103.112 38.2885 -110.797 103.112
  poly 12: 23.7695 -100.158 18.5512 38.2885 -110.797 18.5512
  poly 13: 23.7695 -100.158 18.5512 38.2885 -110.797 18.5512
  poly 14: 23.7695 -100.158 18.5512 38.2885 -110.797 18.5512
  poly 15: 23.7695 -100.158 18.5512 38.2885 -110.797 18.5512
  poly 16: -6.50777 -141.475 15.5065 8.01124 -152.115 15.5065
  poly 17: -6.50777 -141.475 15.5065 8.01124 -152.115 15.5065
  poly 18: -6.50777 -141.475 15.5065 8.01124 -152.115 15.5065
  poly 19: -6.50777 -141.475 15.5065 8.01124 -152.115 15.5065
  poly 20: -6.5078 -141.475 101.59 8.01121 -152.115 101.59
  poly 21: -6.5078 -141.475 101.59 8.01121 -152.115 101.59
  poly 22: 66.2913 -103.036 -35.7164 66.2913 -103.036 68.2188 77.1644 -88.1984 54.7011 77.1644 -88.1984 152.705 66.2913 -103.036 139.187 66.2913 -103.036 214.673 7.0207 -183.919 214.673 7.0207 -183.919 -41.6766 66.2913 -103.036 -35.7164
  poly 23: 64.8872 -74.4997 -23.8535 54.0141 -89.3375 68.2188 64.8872 -74.4997 54.7011 64.8872 -74.4997 152.705 54.0141 -89.3375 139.187 54.0141 -89.3375 232.673 -18.5875 -188.412 232.673 -18.5875 -188.412 -32.2476 64.8872 -74.4997 -23.8535
element 15
  poly 0: 263.459 -269.093 187.673 250.054 -281.107 187.673
  poly 1: 263.459 -269.093 187.673 250.054 -281.107 187.673
  poly 2: 263.459 -269.093 187.673 250.054 -281.107 187.673
  poly 3: 263.459 -269.093 187.673 250.054 -281.107 187.673
  poly 4: 211.748 -211.395 187.673 198.343 -223.408 187.673
  poly 5: 211.748 -211.395 187.673 198.343 -223.408 187.673
  poly 6: 211.748 -211.395 187.673 198.343 -223.408 187.673
  poly 7: 211.748 -211.395 187.673 198.343 -223.408 187.673
  poly 8: 160.036 -153.696 187.673 146.632 -165.709 187.673
  poly 9: 160.036 -153.696 187.673 146.632 -165.709 187.673
  poly 10: 160.036 -153.696 187.673 146.632 -165.709 187.673
  poly 11: 160.036 -153.696 187.673 146.632 -165.709 187.673
  poly 12: 108.325 -95.9973 187.673 94.9207 -108.011 187.673
  poly 13: 108.325 -95.9973 187.673 94.9207 -108.011 187.673
  poly 14: 108.325 -95.9973 187.673 94.9207 -108.011 187.673
  poly 15: 108.325 -95.9973 187.673 94.9207 -108.011 187.673
  poly 16: 108.325 -95.9973 94.8096 94.9207 -108.011 94.8096
  poly 17: 108.325 -95.9973 94.8096 94.9207 -108.011 94.8096
  poly 18: 108.325 -95.9973 94.8096 94.9207 -108.011 94.8096
  poly 19: 108.325 -95.9973 94.8096 94.9207 -108.011 94.8096
  poly 20: 108.325 -95.9973 1.94598 94.9207 -108.011 1.94598
  poly 21: 108.325 -95.9973 1.94598 94.9207 -108.011 1.94598
  poly 22: 108.325 -95.9973 1.94598 94.9207 -108.011 1.94598
  poly 23: 108.325 -95.9973 1.94598 94.9207 -108.011 1.94598
  poly 24: 160.036 -153.696 -43.4147 146.632 -165.709 -43.4147
  poly 25: 160.036 -153.696 -43.4147 146.632 -165.709 -43.4147
  poly 26: 160.036 -153.696 -43.4147 146.632 -165.709 -43.4147
  poly 27: 160.036 -153.696 -43.4147 146.632 -165.709 -43.4147
  poly 28: 211.748 -211.395 -88.7754 198.343 -223.408 -88.7754
  poly 29: 211.748 -211.395 -88.7754 198.343 -223.408 -88.7754
  poly 30: 211.748 -211.395 -88.7754 198.343 -223.408 -88.7754
  poly 31: 211.748 -211.395 -88.7754 198.343 -223.408 -88.7754
  poly 32: 263.459 -269.093 -134.136 250.054 -281.107 -134.136
  poly 33: 263.459 -269.093 -134.136 250.054 -281.107 -134.136
  poly 34: 263.459 -269.093 -134.136 250.054 -281.107 -134.136
  poly 35: 263.459 -269.093 -134.136 250.054 -281.107 -134.136
  poly 36: 263.459 -269.093 -53.6838 250.054 -281.107 -53.6838
  poly 37: 263.459 -269.093 -53.6838 250.054 -281.107 -53.6838
  poly 38: 263.459 -269.093 -53.6838 250.054 -281.107 -53.6838
  poly 39: 263.459 -269.093 -53.6838 250.054 -281.107 -53.6838
  poly 40: 263.459 -269.093 26.7685 250.054 -281.107 26.7685
  poly 41: 263.459 -269.093 26.7685 250.054 -281.107 26.7685
  poly 42: 263.459 -269.093 26.7685 250.054 -281.107 26.7685
  poly 43: 263.459 -269.093 26.7685 250.054 -281.107 26.7685
  poly 44: 263.459 -269.093 107.221 250.054 -281.107 107.221
  poly 45: 263.459 -269.093 107.221 250.054 -281.107 107.221
  poly 46: -239.673 238.355 232.673 197.919 -249.905 232.673 197.919 -249.905 214.673 139.526 -184.75 214.673 139.526 -184.75 232.673 54.0141 -89.3375 232.673 54.0141 -89.3375 139.187 66.2913 -103.036 139.187 66.2913 -103.036 68.2188 54.0141 -89.3375 68.2188 54.0141 -89.3375 -24.9469 268.187 -328.309 -212.818 -239.673 238.355 232.673
  poly 47: -227.553 251.802 232.673 222.446 -250.302 232.673 222.446 -250.302 214.673 141.808 -160.326 214.673 141.808 -160.326 232.673 64.8872 -74.4997 232.673 64.8872 -74.4997 152.705 77.1644 -88.1984 152.705 77.1644 -88.1984 54.7011 64.8872 -74.4997 54.7011 64.8872 -74.4997 -23.8535 280.088 -314.618 -212.626 -227.553 251.802 232.673
element 16
  poly 0: 311.225 -431.399 214.673 77.5394 -274.592 214.673 74.2937 -250.737 214.673 170.54 -315.32 214.673 147.235 -321.359 214.673 231.094 -377.63 214.673 220.719 -397.922 214.673 117.476 -359.735 214.673 125.333 -381.833 214.673 23.094 -344.016 214.673 43.4404 -332.35 214.673 -36.6018 -302.744 214.673 311.225 -431.399 214.673
  poly 1: 311.225 -431.399 232.673 77.5394 -274.592 232.673 74.2937 -250.737 232.673 170.54 -315.32 232.673 147.235 -321.359 232.673 231.094 -377.63 232.673 220.719 -397.922 232.673 117.476 -359.735 232.673 125.333 -381.833 232.673 23.094 -344.016 232.673 43.4404 -332.35 232.673 -59.0363 -313.638 232.673 311.225 -431.399 232.673
element 17
  poly 0: 164.017 -415.333 187.673 170.261 -398.451 187.673
  poly 1: 164.017 -415.333 187.673 170.261 -398.451 187.673
  poly 2: 164.017 -415.333 187.673 170.261 -398.451 187.673
  poly 3: 164.017 -415.333 187.673 170.261 -398.451 187.673
  poly 4: 70.4707 -380.732 187.673 76.7151 -363.85 187.673
  poly 5: 70.4707 -380.732 187.673 76.7151 -363.85 187.673
  poly 6: 70.4707 -380.732 187.673 76.7151 -363.85 187.673
  poly 7: 70.4707 -380.732 187.673 76.7151 -363.85 187.673
  poly 8: -23.0753 -346.131 187.673 -16.8309 -329.249 187.673
  poly 9: -23.0753 -346.131 187.673 -16.8309 -329.249 187.673
  poly 10: -23.0753 -346.131 187.673 -16.8309 -329.249 187.673
  poly 11: -23.0753 -346.131 187.673 -16.8309 -329.249 187.673
  poly 12: -23.0753 -346.131 88.4542 -16.8309 -329.249 88.4542
  poly 13: -23.0753 -346.131 88.4542 -16.8309 -329.249 88.4542
  poly 14: -23.0753 -346.131 88.4542 -16.8309 -329.249 88.4542
  poly 15: -23.0753 -346.131 88.4542 -16.8309 -329.249 88.4542
  poly 16: -23.0753 -346.131 -10.7647 -16.8309 -329.249 -10.7647
  poly 17: -23.0753 -346.131 -10.7647 -16.8309 -329.249 -10.7647
  poly 18: -23.0753 -346.131 -10.7647 -16.8309 -329.249 -10.7647
  poly 19: -23.0753 -346.131 -10.7647 -16.8309 -329.249 -10.7647
  poly 20: 39.2887 -369.198 -52.8425 45.5331 -352.316 -52.8425
  poly 21: 39.2887 -369.198 -52.8425 45.5331 -352.316 -52.8425
  poly 22: 39.2887 -369.198 -52.8425 45.5331 -352.316 -52.8425
  poly 23: 39.2887 -369.198 -52.8425 45.5331 -352.316 -52.8425
  poly 24: 101.653 -392.266 -94.9203 107.897 -375.383 -94.9203
  poly 25: 101.653 -392.266 -94.9203 107.897 -375.383 -94.9203
  poly 26: 101.653 -392.266 -94.9203 107.897 -375.383 -94.9203
  poly 27: 101.653 -392.266 -94.9203 107.897 -375.383 -94.9203
  poly 28: 164.017 -415.333 -136.998 170.261 -398.451 -136.998
  poly 29: 164.017 -415.333 -136.998 170.261 -398.451 -136.998
  poly 30: 164.017 -415.333 -136.998 170.261 -398.451 -136.998
  poly 31: 164.017 -415.333 -136.998 170.261 -398.451 -136.998
  poly 32: 164.017 -415.333 -55.8303 170.261 -398.451 -55.8303
  poly 33: 164.017 -415.333 -55.8303 170.261 -398.451 -55.8303
  poly 34: 164.017 -415.333 -55.8303 170.261 -398.451 -55.8303
  poly 35: 164.017 -415.333 -55.8303 170.261 -398.451 -55.8303
  poly 36: 164.017 -415.333 25.3375 170.261 -398.451 25.3375
  poly 37: 164.017 -415.333 25.3375 170.261 -398.451 25.3375
  poly 38: 164.017 -415.333 25.3375 170.261 -398.451 25.3375
  poly 39: 164.017 -415.333 25.3375 170.261 -398.451 25.3375
  poly 40: 164.017 -415.333 106.505 170.261 -398.451 106.505
  poly 41: 164.017 -415.333 106.505 170.261 -398.451 106.505
  poly 42: -490.117 -134.996 232.673 43.4404 -332.35 232.673 43.4404 -332.35 214.673 117.476 -359.735 214.673 117.476 -359.735 232.673 220.719 -397.922 232.673 220.719 -397.922 -217.057 -36.6018 -302.744 -54.2557 -490.117 -134.996 232.673
  poly 43: -501.011 -150.159 232.673 23.094 -344.016 232.673 23.094 -344.016 214.673 125.333 -381.833 214.673 125.333 -381.833 232.673 212.467 -414.062 232.673 212.467 -414.062 -218.728 -59.0363 -313.638 -46.9543 -501.011 -150.159 232.673
element 18
  poly 0: -49.5478 -225.701 15.1242 -32.4192 -231.234 15.1242
  poly 1: -49.5478 -225.701 15.1242 -32.4192 -231.234 15.1242
  poly 2: -49.5478 -225.701 15.1242 -32.4192 -231.234 15.1242
  poly 3: -49.5478 -225.701 15.1242 -32.4192 -231.234 15.1242
  poly 4: -49.5478 -225.701 101.399 -32.4192 -231.234 101.399
  poly 5: -49.5478 -225.701 101.399 -32.4192 -231.234 101.399
  poly 6: -49.5478 -225.701 101.399 -32.4192 -231.234 101.399
  poly 7: -49.5478 -225.701 101.399 -32.4192 -231.234 101.399
  poly 8: -49.5478 -225.701 187.673 -32.4192 -231.234 187.673
  poly 9: -49.5478 -225.701 187.673 -32.4192 -231.234 187.673
  poly 10: -49.5478 -225.701 187.673 -32.4192 -231.234 187.673
  poly 11: -49.5478 -225.701 187.673 -32.4192 -231.234 187.673
  poly 12: -62.3332 -265.283 187.673 -45.2046 -270.816 187.673
  poly 13: -62.3332 -265.283 187.673 -45.2046 -270.816 187.673
  poly 14: -62.3332 -265.283 187.673 -45.2046 -270.816 187.673
  poly 15: -62.3332 -265.283 187.673 -45.2046 -270.816 187.673
  poly 16: -62.3332 -265.283 97.4864 -45.2046 -270.816 97.4864
  poly 17: -62.3332 -265.283 97.4864 -45.2046 -270.816 97.4864
  poly 18: -62.3332 -265.283 97.4864 -45.2046 -270.816 97.4864
  poly 19: -62.3332 -265.283 97.4864 -45.2046 -270.816 97.4864
  poly 20: -62.3332 -265.283 7.29971 -45.2046 -270.816 7.29971
  poly 21: -62.3332 -265.283 7.29971 -45.2046 -270.816 7.29971
  poly 22: -8.79588 -216.66 -37.2389 -8.79588 -216.66 68.2589 -3.04135 -198.844 54.7446 -3.04135 -198.844 152.723 -8.79588 -216.66 139.209 -8.79588 -216.66 214.673 -36.6018 -302.744 214.673 -36.6018 -302.744 -54.2557 -8.79588 -216.66 -37.2389
  poly 23: -18.5875 -188.412 -22.2003 -24.3421 -206.228 68.2589 -18.5875 -188.412 54.7446 -18.5875 -188.412 152.723 -24.3421 -206.228 139.209 -24.3421 -206.228 232.673 -59.0363 -313.638 232.673 -59.0363 -313.638 -46.9543 -18.5875 -188.412 -22.2003
element 19
  poly 0: 212.009 -321.47 187.673 201.979 -336.416 187.673
  poly 1: 212.009 -321.47 187.673 201.979 -336.416 187.673
  poly 2: 212.009 -321.47 187.673 201.979 -336.416 187.673
  poly 3: 212.009 -321.47 187.673 201.979 -336.416 187.673
  poly 4: 150.942 -280.493 187.673 140.913 -295.44 187.673
  poly 5: 150.942 -280.493 187.673 140.913 -295.44 187.673
  poly 6: 150.942 -280.493 187.673 140.913 -295.44 187.673
  poly 7: 150.942 -280.493 187.673 140.913 -295.44 187.673
  poly 8: 89.8756 -239.516 187.673 79.8461 -254.463 187.673
  poly 9: 89.8756 -239.516 187.673 79.8461 -254.463 187.673
  poly 10: 89.8756 -239.516 187.673 79.8461 -254.463 187.673
  poly 11: 89.8756 -239.516 187.673 79.8461 -254.463 187.673
  poly 12: 28.8091 -198.539 187.673 18.7795 -213.486 187.673
  poly 13: 28.8091 -198.539 187.673 18.7795 -213.486 187.673
  poly 14: 28.8091 -198.539 187.673 18.7795 -213.486 187.673
  poly 15: 28.8091 -198.539 187.673 18.7795 -213.486 187.673
  poly 16: 28.8091 -198.539 95.3117 18.7795 -213.486 95.3117
  poly 17: 28.8091 -198.539 95.3117 18.7795 -213.486 95.3117
  poly 18: 28.8091 -198.539 95.3117 18.7795 -213.486 95.3117
  poly 19: 28.8091 -198.539 95.3117 18.7795 -213.486 95.3117
  poly 20: 28.8091 -198.539 2.95022 18.7795 -213.486 2.95022
  poly 21: 28.8091 -198.539 2.95022 18.7795 -213.486 2.95022
  poly 22: 28.8091 -198.539 2.95022 18.7795 -213.486 2.95022
  poly 23: 28.8091 -198.539 2.95022 18.7795 -213.486 2.95022
  poly 24: 89.8756 -239.516 -42.2893 79.846 -254.463 -42.2893
  poly 25: 89.8756 -239.516 -42.2893 79.846 -254.463 -42.2893
  poly 26: 89.8756 -239.516 -42.2893 79.846 -254.463 -42.2893
  poly 27: 89.8756 -239.516 -42.2893 79.846 -254.463 -42.2893
  poly 28: 150.942 -280.493 -87.5288 140.913 -295.44 -87.5288
  poly 29: 150.942 -280.493 -87.5288 140.913 -295.44 -87.5288
  poly 30: 150.942 -280.493 -87.5288 140.913 -295.44 -87.5288
  poly 31: 150.942 -280.493 -87.5288 140.913 -295.44 -87.5288
  poly 32: 212.009 -321.47 -132.768 201.979 -336.416 -132.768
  poly 33: 212.009 -321.47 -132.768 201.979 -336.416 -132.768
  poly 34: 212.009 -321.47 -132.768 201.979 -336.416 -132.768
  poly 35: 212.009 -321.47 -132.768 201.979 -336.416 -132.768
  poly 36: 212.009 -321.47 -52.6579 201.979 -336.416 -52.6579
  poly 37: 212.009 -321.47 -52.6579 201.979 -336.416 -52.6579
  poly 38: 212.009 -321.47 -52.6579 201.979 -336.416 -52.6579
  poly 39: 212.009 -321.47 -52.6579 201.979 -336.416 -52.6579
  poly 40: 212.009 -321.47 27.4524 201.979 -336.416 27.4524
  poly 41: 212.009 -321.47 27.4524 201.979 -336.416 27.4524
  poly 42: 212.009 -321.47 27.4524 201.979 -336.416 27.4524
  poly 43: 212.009 -321.47 27.4524 201.979 -336.416 27.4524
  poly 44: 212.009 -321.47 107.563 201.979 -336.416 107.563
  poly 45: 212.009 -321.47 107.563 201.979 -336.416 107.563
  poly 46: -373.137 27.8195 232.673 147.235 -321.359 232.673 147.235 -321.359 214.673 77.5394 -274.592 214.673 77.5394 -274.592 232.673 -24.3421 -206.228 232.673 -24.3421 -206.228 139.209 -8.79588 -216.66 139.209 -8.79588 -216.66 68.2589 -24.3421 -206.228 68.2589 -24.3421 -206.228 -25.722 231.094 -377.63 -214.955 -373.137 27.8195 232.673
  poly 47: -362.628 42.4451 232.673 170.54 -315.32 232.673 170.54 -315.32 214.673 74.2937 -250.737 214.673 74.2937 -250.737 232.673 -18.5875 -188.412 232.673 -18.5875 -188.412 152.723 -3.04135 -198.844 152.723 -3.04135 -198.844 54.7446 -18.5875 -188.412 54.7446 -18.5875 -188.412 -22.2003 239.346 -361.49 -213.284 -362.628 42.4451 232.673
element 20
  poly 0: 346.39 -482.79 214.673 46.4235 -371.837 214.673 38.6409 -349.767 214.673 140.336 -387.382 214.673 120.065 -399.076 214.673 209.244 -432.062 214.673 200.163 -482.79 214.673 89.6191 -482.79 214.673 104.644 -500.79 214.673 -4.28861 -500.79 214.673 10.7366 -482.79 214.673 -72.3335 -482.79 214.673 346.39 -482.79 214.673
  poly 1: 346.39 -482.79 232.673 46.4235 -371.837 232.673 38.6409 -349.767 232.673 140.336 -387.382 232.673 120.065 -399.076 232.673 209.244 -432.062 232.673 200.163 -482.79 232.673 89.6191 -482.79 232.673 104.644 -500.79 232.673 -4.28861 -500.79 232.673 10.7366 -482.79 232.673 -94.0087 -500.79 232.673 346.39 -482.79 232.673
element 21
  poly 0: -601.27 -482.79 232.673 10.7366 -482.79 232.673 10.7366 -482.79 214.673 89.6191 -482.79 214.673 89.6191 -482.79 232.673 200.163 -482.79 232.673 200.163 -482.79 -229.779 -72.3335 -482.79 -72.5398 -601.27 -482.79 232.673
  poly 1: -609.508 -500.79 232.673 -4.28861 -500.79 232.673 -4.28861 -500.79 214.673 104.644 -500.79 214.673 104.644 -500.79 232.673 196.941 -500.79 232.673 196.941 -500.79 -232.673 -94.0087 -500.79 -64.7862 -609.508 -500.79 232.673
element 22
  poly 0: -103.437 -453.249 187.673 -85.7428 -456.556 187.673
  poly 1: -103.437 -453.249 187.673 -85.7428 -456.556 187.673
  poly 2: -103.437 -453.249 187.673 -85.7428 -456.556 187.673
  poly 3: -103.437 -453.249 187.673 -85.7428 -456.556 187.673
  poly 4: -94.2162 -403.907 187.673 -76.5225 -407.214 187.673
  poly 5: -94.2162 -403.907 187.673 -76.5225 -407.214 187.673
  poly 6: -94.2162 -403.907 187.673 -76.5225 -407.214 187.673
  poly 7: -94.2162 -403.907 187.673 -76.5225 -407.214 187.673
  poly 8: -84.9959 -354.566 187.673 -67.3021 -357.872 187.673
  poly 9: -84.9959 -354.566 187.673 -67.3021 -357.872 187.673
  poly 10: -84.9959 -354.566 187.673 -67.3021 -357.872 187.673
  poly 11: -84.9959 -354.566 187.673 -67.3021 -357.872 187.673
  poly 12: -84.9959 -354.566 95.3737 -67.3021 -357.872 95.3737
  poly 13: -84.9959 -354.566 95.3737 -67.3021 -357.872 95.3737
  poly 14: -84.9959 -354.566 95.3737 -67.3021 -357.872 95.3737
  poly 15: -84.9959 -354.566 95.3737 -67.3021 -357.872 95.3737
  poly 16: -84.9959 -354.566 3.0742 -67.3021 -357.872 3.0742
  poly 17: -84.9959 -354.566 3.0742 -67.3021 -357.872 3.0742
  poly 18: -84.9959 -354.566 3.0742 -67.3021 -357.872 3.0742
  poly 19: -84.9959 -354.566 3.0742 -67.3021 -357.872 3.0742
  poly 20: -94.2162 -403.907 -4.63604 -76.5225 -407.214 -4.63604
  poly 21: -94.2162 -403.907 -4.63604 -76.5225 -407.214 -4.63604
  poly 22: -94.2162 -403.907 -4.63604 -76.5225 -407.214 -4.63604
  poly 23: -94.2162 -403.907 -4.63604 -76.5225 -407.214 -4.63604
  poly 24: -103.436 -453.249 -12.3463 -85.7428 -456.556 -12.3463
  poly 25: -103.436 -453.249 -12.3463 -85.7428 -456.556 -12.3463
  poly 26: -103.436 -453.249 -12.3463 -85.7428 -456.556 -12.3463
  poly 27: -103.436 -453.249 -12.3463 -85.7428 -456.556 -12.3463
  poly 28: -103.436 -453.249 54.3269 -85.7428 -456.556 54.3269
  poly 29: -103.436 -453.249 54.3269 -85.7428 -456.556 54.3269
  poly 30: -103.436 -453.249 54.3269 -85.7428 -456.556 54.3269
  poly 31: -103.436 -453.249 54.3269 -85.7428 -456.556 54.3269
  poly 32: -103.436 -453.249 121 -85.7428 -456.556 121
  poly 33: -103.436 -453.249 121 -85.7428 -456.556 121
  poly 34: -45.263 -337.924 -49.9028 -45.263 -337.924 60.284 -41.9085 -319.973 46.0763 -41.9085 -319.973 149.082 -45.263 -337.924 134.875 -45.263 -337.924 214.673 -72.3335 -482.79 214.673 -72.3335 -482.79 -72.5398 -45.263 -337.924 -49.9028
  poly 35: -59.0363 -313.638 -35.5414 -62.3907 -331.589 60.284 -59.0363 -313.638 46.0763 -59.0363 -313.638 149.082 -62.3907 -331.589 134.875 -62.3907 -331.589 232.673 -94.0087 -500.79 232.673 -94.0087 -500.79 -64.7862 -59.0363 -313.638 -35.5414
element 23
  poly 0: 176.506 -381.569 187.673 170.261 -398.451 187.673
  poly 1: 176.506 -381.569 187.673 170.261 -398.451 187.673
  poly 2: 176.506 -381.569 187.673 170.261 -398.451 187.673
  poly 3: 176.506 -381.569 187.673 170.261 -398.451 187.673
  poly 4: 82.9596 -346.968 187.673 76.7151 -363.85 187.673
  poly 5: 82.9596 -346.968 187.673 76.7151 -363.85 187.673
  poly 6: 82.9596 -346.968 187.673 76.7151 -363.85 187.673
  poly 7: 82.9596 -346.968 187.673 76.7151 -363.85 187.673
  poly 8: -10.5864 -312.367 187.673 -16.8309 -329.249 187.673
  poly 9: -10.5864 -312.367 187.673 -16.8309 -329.249 187.673
  poly 10: -10.5864 -312.367 187.673 -16.8309 -329.249 187.673
  poly 11: -10.5864 -312.367 187.673 -16.8309 -329.249 187.673
  poly 12: -10.5864 -312.367 88.4542 -16.8309 -329.249 88.4542
  poly 13: -10.5864 -312.367 88.4542 -16.8309 -329.249 88.4542
  poly 14: -10.5864 -312.367 88.4542 -16.8309 -329.249 88.4542
  poly 15: -10.5864 -312.367 88.4542 -16.8309 -329.249 88.4542
  poly 16: -10.5864 -312.367 -10.7647 -16.8309 -329.249 -10.7647
  poly 17: -10.5864 -312.367 -10.7647 -16.8309 -329.249 -10.7647
  poly 18: -10.5864 -312.367 -10.7647 -16.8309 -329.249 -10.7647
  poly 19: -10.5864 -312.367 -10.7647 -16.8309 -329.249 -10.7647
  poly 20: 51.7776 -335.434 -52.8425 45.5331 -352.316 -52.8425
  poly 21: 51.7776 -335.434 -52.8425 45.5331 -352.316 -52.8425
  poly 22: 51.7776 -335.434 -52.8425 45.5331 -352.316 -52.8425
  poly 23: 51.7776 -335.434 -52.8425 45.5331 -352.316 -52.8425
  poly 24: 114.142 -358.501 -94.9203 107.897 -375.383 -94.9203
  poly 25: 114.142 -358.501 -94.9203 107.897 -375.383 -94.9203
  poly 26: 114.142 -358.501 -94.9203 107.897 -375.383 -94.9203
  poly 27: 114.142 -358.501 -94.9203 107.897 -375.383 -94.9203
  poly 28: 176.506 -381.569 -136.998 170.261 -398.451 -136.998
  poly 29: 176.506 -381.569 -136.998 170.261 -398.451 -136.998
  poly 30: 176.506 -381.569 -136.998 170.261 -398.451 -136.998
  poly 31: 176.506 -381.569 -136.998 170.261 -398.451 -136.998
  poly 32: 176.506 -381.569 -55.8303 170.261 -398.451 -55.8303
  poly 33: 176.506 -381.569 -55.8303 170.261 -398.451 -55.8303
  poly 34: 176.506 -381.569 -55.8303 170.261 -398.451 -55.8303
  poly 35: 176.506 -381.569 -55.8303 170.261 -398.451 -55.8303
  poly 36: 176.506 -381.569 25.3375 170.261 -398.451 25.3375
  poly 37: 176.506 -381.569 25.3375 170.261 -398.451 25.3375
  poly 38: 176.506 -381.569 25.3375 170.261 -398.451 25.3375
  poly 39: 176.506 -381.569 25.3375 170.261 -398.451 25.3375
  poly 40: 176.506 -381.569 106.505 170.261 -398.451 106.505
  poly 41: 176.506 -381.569 106.505 170.261 -398.451 106.505
  poly 42: -464.072 -183.014 232.673 120.065 -399.076 232.673 120.065 -399.076 214.673 46.4235 -371.837 214.673 46.4235 -371.837 232.673 -62.3907 -331.589 232.673 -62.3907 -331.589 134.875 -45.263 -337.924 134.875 -45.263 -337.924 60.284 -62.3907 -331.589 60.284 -62.3907 -331.589 -38.3465 209.244 -432.062 -221.622 -464.072 -183.014 232.673
  poly 43: -456.56 -166.6 232.673 140.336 -387.382 232.673 140.336 -387.382 214.673 38.6409 -349.767 214.673 38.6409 -349.767 232.673 -59.0363 -313.638 232.673 -59.0363 -313.638 149.082 -41.9085 -319.973 149.082 -41.9085 -319.973 46.0763 -59.0363 -313.638 46.0763 -59.0363 -313.638 -35.5414 212.467 -414.062 -218.728 -456.56 -166.6 232.673
element 24
  poly 0: 428.941 -341.073 214.673 428.941 344.502 214.673 446.941 364.7 214.673 446.941 218.26 214.673 428.941 238.458 214.673 428.941 120.049 214.673 378.799 113.057 214.673 389.271 96.3432 214.673 331.371 88.2705 214.673 336.872 107.211 214.673 294.577 101.314 214.673 252.677 239.269 214.673 241.542 213.995 214.673 197.406 359.31 214.673 220.717 344.498 214.673 185.884 459.184 214.673 428.941 -341.073 214.673
  poly 1: 428.941 -341.073 232.673 428.941 344.502 232.673 446.941 364.7 232.673 446.941 218.26 232.673 428.941 238.458 232.673 428.941 120.049 232.673 378.799 113.057 232.673 389.271 96.3432 232.673 331.371 88.2705 232.673 336.872 107.211 232.673 294.577 101.314 232.673 252.677 239.269 232.673 241.542 213.995 232.673 197.406 359.31 232.673 220.717 344.498 232.673 162.23 475.125 232.673 428.941 -341.073 232.673
element 25
  poly 0: 251.525 119.189 187.673 268.748 124.42 187.673
  poly 1: 251.525 119.189 187.673 268.748 124.42 187.673
  poly 2: 251.525 119.189 187.673 268.748 124.42 187.673
  poly 3: 251.525 119.189 187.673 268.748 124.42 187.673
  poly 4: 228.165 196.101 187.673 245.388 201.332 187.673
  poly 5: 228.165 196.101 187.673 245.388 201.332 187.673
  poly 6: 228.165 196.101 187.673 245.388 201.332 187.673
  poly 7: 228.165 196.101 187.673 245.388 201.332 187.673
  poly 8: 204.805 273.013 187.673 222.028 278.244 187.673
  poly 9: 204.805 273.013 187.673 222.028 278.244 187.673
  poly 10: 204.805 273.013 187.673 222.028 278.244 187.673
  poly 11: 204.805 273.013 187.673 222.028 278.244 187.673
  poly 12: 181.445 349.924 187.673 198.668 355.155 187.673
  poly 13: 181.445 349.924 187.673 198.668 355.155 187.673
  poly 14: 181.445 349.924 187.673 198.668 355.155 187.673
  poly 15: 181.445 349.924 187.673 198.668 355.155 187.673
  poly 16: 158.085 426.836 187.673 175.308 432.067 187.673
  poly 17: 158.085 426.836 187.673 175.308 432.067 187.673
  poly 18: 158.085 426.836 187.673 175.308 432.067 187.673
  poly 19: 158.085 426.836 187.673 175.308 432.067 187.673
  poly 20: 158.085 426.836 134.186 175.308 432.067 134.186
  poly 21: 158.085 426.836 134.186 175.308 432.067 134.186
  poly 22: 158.085 426.836 134.186 175.308 432.067 134.186
  poly 23: 158.085 426.836 134.186 175.308 432.067 134.186
  poly 24: 158.085 426.836 80.6983 175.308 432.067 80.6983
  poly 25: 158.085 426.836 80.6983 175.308 432.067 80.6983
  poly 26: 158.085 426.836 80.6983 175.308 432.067 80.6983
  poly 27: 158.085 426.836 80.6983 175.308 432.067 80.6983
  poly 28: 181.95 348.261 63.2337 199.173 353.492 63.2337
  poly 29: 181.95 348.261 63.2337 199.173 353.492 63.2337
  poly 30: 181.95 348.261 63.2337 199.173 353.492 63.2337
  poly 31: 181.95 348.261 63.2337 199.173 353.492 63.2337
  poly 32: 205.815 269.687 45.7691 223.038 274.918 45.7691
  poly 33: 205.815 269.687 45.7691 223.038 274.918 45.7691
  poly 34: 205.815 269.687 45.7691 223.038 274.918 45.7691
  poly 35: 205.815 269.687 45.7691 223.038 274.918 45.7691
  poly 36: 229.68 191.112 28.3046 246.903 196.343 28.3046
  poly 37: 229.68 191.112 28.3046 246.903 196.343 28.3046
  poly 38: 229.68 191.112 28.3046 246.903 196.343 28.3046
  poly 39: 229.68 191.112 28.3046 246.903 196.343 28.3046
  poly 40: 251.525 119.189 12.3185 268.748 124.42 12.3185
  poly 41: 251.525 119.189 12.3185 268.748 124.42 12.3185
  poly 42: 251.525 119.189 12.3185 268.748 124.42 12.3185
  poly 43: 251.525 119.189 12.3185 268.748 124.42 12.3185
  poly 44: 251.525 119.189 99.9958 268.748 124.42 99.9958
  poly 45: 251.525 119.189 99.9958 268.748 124.42 99.9958
  poly 46: -80.3036 1335.6 232.673 220.717 344.498 232.673 220.717 344.498 214.673 252.677 239.269 214.673 252.677 239.269 232.673 294.577 101.314 232.673 294.577 101.314 -41.6675 185.884 459.184 37.8752 -80.3036 1335.6 232.673
  poly 47: -95.2294 1322.8 232.673 197.406 359.31 232.673 197.406 359.31 214.673 241.542 213.995 214.673 241.542 213.995 232.673 281.825 81.3624 232.673 281.825 81.3624 -43.2583 162.23 475.125 44.2622 -95.2294 1322.8 232.673
element 26
  poly 0: 428.941 481.094 4.99488 428.941 481.094 89.7811 446.941 482.717 78.1384 446.941 482.717 162.549 428.941 481.094 150.906 428.941 481.094 214.673 185.884 459.184 214.673 185.884 459.184 37.8752 428.941 481.094 4.99488
  poly 1: 446.941 500.79 5.74708 428.941 499.167 89.7811 446.941 500.79 78.1384 446.941 500.79 162.549 428.941 499.167 150.906 428.941 499.167 232.673 162.23 475.125 232.673 162.23 475.125 44.2622 446.941 500.79 5.74708
element 27
  poly 0: 404.858 80.3424 -9.69123 402.372 98.1699 -9.69123
  poly 1: 404.858 80.3424 -9.69123 402.372 98.1699 -9.69123
  poly 2: 404.858 80.3424 -9.69123 402.372 98.1699 -9.69123
  poly 3: 404.858 80.3424 -9.69123 402.372 98.1699 -9.69123
  poly 4: 404.858 80.3424 88.991 402.372 98.1699 88.991
  poly 5: 404.858 80.3424 88.991 402.372 98.1699 88.991
  poly 6: 404.858 80.3424 88.991 402.372 98.1699 88.991
  poly 7: 404.858 80.3424 88.991 402.372 98.1699 88.991
  poly 8: 404.858 80.3424 187.673 402.372 98.1699 187.673
  poly 9: 404.858 80.3424 187.673 402.372 98.1699 187.673
  poly 10: 404.858 80.3424 187.673 402.372 98.1699 187.673
  poly 11: 404.858 80.3424 187.673 402.372 98.1699 187.673
  poly 12: 328.88 69.749 187.673 326.394 87.5765 187.673
  poly 13: 328.88 69.749 187.673 326.394 87.5765 187.673
  poly 14: 328.88 69.749 187.673 326.394 87.5765 187.673
  poly 15: 328.88 69.749 187.673 326.394 87.5765 187.673
  poly 16: 328.88 69.749 92.6586 326.394 87.5765 92.6586
  poly 17: 328.88 69.749 92.6586 326.394 87.5765 92.6586
  poly 18: 328.88 69.749 92.6586 326.394 87.5765 92.6586
  poly 19: 328.88 69.749 92.6586 326.394 87.5765 92.6586
  poly 20: 328.88 69.749 -2.35593 326.394 87.5765 -2.35593
  poly 21: 328.88 69.749 -2.35593 326.394 87.5765 -2.35593
  poly 22: -1872.63 -200.855 232.673 336.872 107.211 232.673 336.872 107.211 214.673 378.799 113.057 214.673 378.799 113.057 232.673 428.941 120.049 232.673 428.941 120.049 -58.6761 294.577 101.314 -41.6675 -1872.63 -200.855 232.673
  poly 23: -1897.95 -222.56 232.673 331.371 88.2705 232.673 331.371 88.2705 214.673 389.271 96.3432 214.673 389.271 96.3432 232.673 446.941 104.384 232.673 446.941 104.384 -64.1597 281.825 81.3624 -43.2583 -1897.95 -222.56 232.673
element 28
  poly 0: 428.941 1772.14 232.673 428.941 238.458 232.673 428.941 238.458 214.673 428.941 344.502 214.673 428.941 344.502 232.673 428.941 499.167 232.673 428.941 499.167 150.906 428.941 481.094 150.906 428.941 481.094 89.7811 428.941 499.167 89.7811 428.941 499.167 8.18208 428.941 120.049 -58.6761 428.941 1772.14 232.673
  poly 1: 446.941 1787.57 232.673 446.941 218.26 232.673 446.941 218.26 214.673 446.941 364.7 214.673 446.941 364.7 232.673 446.941 500.79 232.673 446.941 500.79 162.549 446.941 482.717 162.549 446.941 482.717 78.1384 446.941 500.79 78.1384 446.941 500.79 5.74708 446.941 104.384 -64.1597 446.941 1787.57 232.673
element 29
  poly 0: 381.727 -309.497 214.673 191.921 315.431 214.673 203.009 340.861 214.673 247.489 194.415 214.673 224.131 209.383 214.673 260.347 90.1418 214.673 227.803 72.3686 214.673 241.806 59.5065 214.673 202.836 38.2242 214.673 199.584 56.9573 214.673 173.626 42.7813 214.673 90.0406 184.277 214.673 86.6822 154.572 214.673 -1.32929 303.561 214.673 26.3081 292.166 214.673 -43.2895 409.982 214.673 381.727 -309.497 214.673
  poly 1: 381.727 -309.497 232.673 191.921 315.431 232.673 203.009 340.861 232.673 247.489 194.415 232.673 224.131 209.383 232.673 260.347 90.1418 232.673 227.803 72.3686 232.673 241.806 59.5065 232.673 202.836 38.2242 232.673 199.584 56.9573 232.673 173.626 42.7813 232.673 90.0406 184.277 232.673 86.6822 154.572 232.673 -1.32929 303.561 232.673 26.3081 292.166 232.673 -71.3361 422.07 232.673 381.727 -309.497 232.673
element 30
  poly 0: 128.594 48.2319 187.673 144.092 57.3869 187.673
  poly 1: 128.594 48.2319 187.673 144.092 57.3869 187.673
  poly 2: 128.594 48.2319 187.673 144.092 57.3869 187.673
  poly 3: 128.594 48.2319 187.673 144.092 57.3869 187.673
  poly 4: 80.4592 129.716 187.673 95.9571 138.872 187.673
  poly 5: 80.4592 129.716 187.673 95.9571 138.872 187.673
  poly 6: 80.4592 129.716 187.673 95.9571 138.872 187.673
  poly 7: 80.4592 129.716 187.673 95.9571 138.872 187.673
  poly 8: 32.324 211.201 187.673 47.8219 220.356 187.673
  poly 9: 32.324 211.201 187.673 47.8219 220.356 187.673
  poly 10: 32.324 211.201 187.673 47.8219 220.356 187.673
  poly 11: 32.324 211.201 187.673 47.8219 220.356 187.673
  poly 12: -15.8112 292.686 187.673 -0.313279 301.841 187.673
  poly 13: -15.8112 292.686 187.673 -0.313279 301.841 187.673
  poly 14: -15.8112 292.686 187.673 -0.313279 301.841 187.673
  poly 15: -15.8112 292.686 187.673 -0.313279 301.841 187.673
  poly 16: -63.9464 374.17 187.673 -48.4485 383.325 187.673
  poly 17: -63.9464 374.17 187.673 -48.4485 383.325 187.673
  poly 18: -63.9464 374.17 187.673 -48.4485 383.325 187.673
  poly 19: -63.9464 374.17 187.673 -48.4485 383.325 187.673
  poly 20: -63.9464 374.17 102.882 -48.4485 383.325 102.882
  poly 21: -63.9464 374.17 102.882 -48.4485 383.325 102.882
  poly 22: -63.9464 374.17 102.882 -48.4485 383.325 102.882
  poly 23: -63.9464 374.17 102.882 -48.4485 383.325 102.882
  poly 24: -15.8112 292.686 82.9643 -0.313279 301.841 82.9643
  poly 25: -15.8112 292.686 82.9643 -0.313279 301.841 82.9643
  poly 26: -15.8112 292.686 82.9643 -0.313279 301.841 82.9643
  poly 27: -15.8112 292.686 82.9643 -0.313279 301.841 82.9643
  poly 28: 32.324 211.201 63.0469 47.8219 220.356 63.0469
  poly 29: 32.324 211.201 63.0469 47.8219 220.356 63.0469
  poly 30: 32.324 211.201 63.0469 47.8219 220.356 63.0469
  poly 31: 32.324 211.201 63.0469 47.8219 220.356 63.0469
  poly 32: 80.4592 129.716 43.1295 95.9571 138.872 43.1295
  poly 33: 80.4592 129.716 43.1295 95.9571 138.872 43.1295
  poly 34: 80.4592 129.716 43.1295 95.9571 138.872 43.1295
  poly 35: 80.4592 129.716 43.1295 95.9571 138.872 43.1295
  poly 36: 128.594 48.2319 23.2121 144.092 57.3869 23.2121
  poly 37: 128.594 48.2319 23.2121 144.092 57.3869 23.2121
  poly 38: 128.594 48.2319 23.2121 144.092 57.3869 23.2121
  poly 39: 128.594 48.2319 23.2121 144.092 57.3869 23.2121
  poly 40: 128.594 48.2319 105.443 144.092 57.3869 105.443
  poly 41: 128.594 48.2319 105.443 144.092 57.3869 105.443
  poly 42: -432.922 1069.56 232.673 26.3081 292.166 232.673 26.3081 292.166 214.673 90.0406 184.277 214.673 90.0406 184.277 232.673 173.626 42.7813 232.673 173.626 42.7813 -35.5537 -43.2895 409.982 60.3705 -432.922 1069.56 232.673
  poly 43: -447.41 1058.7 232.673 -1.32929 303.561 232.673 -1.32929 303.561 214.673 86.6822 154.572 214.673 86.6822 154.572 232.673 166.98 18.6422 232.673 166.98 18.6422 -39.0214 -71.3361 422.07 66.3664 -447.41 1058.7 232.673
element 31
  poly 0: 149.877 453.86 42.0897 149.877 453.86 112.968 167.475 457.858 103.342 167.475 457.858 173.134 149.877 453.86 163.507 149.877 453.86 214.673 -43.2895 409.982 214.673 -43.2895 409.982 60.3705 149.877 453.86 42.0897
  poly 1: 162.23 475.125 44.2622 144.633 471.127 112.968 162.23 475.125 103.342 162.23 475.125 173.134 144.633 471.127 163.507 144.633 471.127 232.673 -71.3361 422.07 232.673 -71.3361 422.07 66.3664 162.23 475.125 44.2622
element 32
  poly 0: 215.102 24.4133 4.54519 206.474 40.211 4.54519
  poly 1: 215.102 24.4133 4.54519 206.474 40.211 4.54519
  poly 2: 215.102 24.4133 4.54519 206.474 40.211 4.54519
  poly 3: 215.102 24.4133 4.54519 206.474 40.211 4.54519
  poly 4: 215.102 24.4133 96.1092 206.474 40.211 96.1092
  poly 5: 215.102 24.4133 96.1092 206.474 40.211 96.1092
  poly 6: 215.102 24.4133 96.1092 206.474 40.211 96.1092
  poly 7: 215.102 24.4133 96.1092 206.474 40.211 96.1092
  poly 8: 215.102 24.4133 187.673 206.474 40.211 187.673
  poly 9: 215.102 24.4133 187.673 206.474 40.211 187.673
  poly 10: 215.102 24.4133 187.673 206.474 40.211 187.673
  poly 11: 215.102 24.4133 187.673 206.474 40.211 187.673
  poly 12: 250.959 43.9959 187.673 242.331 59.7936 187.673
  poly 13: 250.959 43.9959 187.673 242.331 59.7936 187.673
  poly 14: 250.959 43.9959 187.673 242.331 59.7936 187.673
  poly 15: 250.959 43.9959 187.673 242.331 59.7936 187.673
  poly 16: 250.959 43.9959 95.4477 242.331 59.7936 95.4477
  poly 17: 250.959 43.9959 95.4477 242.331 59.7936 95.4477
  poly 18: 250.959 43.9959 95.4477 242.331 59.7936 95.4477
  poly 19: 250.959 43.9959 95.4477 242.331 59.7936 95.4477
  poly 20: 250.959 43.9959 3.22234 242.331 59.7936 3.22234
  poly 21: 250.959 43.9959 3.22234 242.331 59.7936 3.22234
  poly 22: -7096.93 -3927.86 232.673 199.584 56.9573 232.673 199.584 56.9573 214.673 227.803 72.3686 214.673 227.803 72.3686 232.673 260.347 90.1418 232.673 260.347 90.1418 -38.753 173.626 42.7813 -35.5537 -7096.93 -3927.86 232.673
  poly 23: -7197.57 -4003.33 232.673 202.836 38.2242 232.673 202.836 38.2242 214.673 241.806 59.5065 214.673 241.806 59.5065 232.673 281.825 81.3624 232.673 281.825 81.3624 -43.2583 166.98 18.6422 -39.0214 -7197.57 -4003.33 232.673
element 33
  poly 0: 285.971 129.651 187.673 268.748 124.42 187.673
  poly 1: 285.971 129.651 187.673 268.748 124.42 187.673
  poly 2: 285.971 129.651 187.673 268.748 124.42 187.673
  poly 3: 285.971 129.651 187.673 268.748 124.42 187.673
  poly 4: 262.611 206.563 187.673 245.388 201.332 187.673
  poly 5: 262.611 206.563 187.673 245.388 201.332 187.673
  poly 6: 262.611 206.563 187.673 245.388 201.332 187.673
  poly 7: 262.611 206.563 187.673 245.388 201.332 187.673
  poly 8: 239.251 283.475 187.673 222.028 278.244 187.673
  poly 9: 239.251 283.475 187.673 222.028 278.244 187.673
  poly 10: 239.251 283.475 187.673 222.028 278.244 187.673
  poly 11: 239.251 283.475 187.673 222.028 278.244 187.673
  poly 12: 215.891 360.386 187.673 198.668 355.155 187.673
  poly 13: 215.891 360.386 187.673 198.668 355.155 187.673
  poly 14: 215.891 360.386 187.673 198.668 355.155 187.673
  poly 15: 215.891 360.386 187.673 198.668 355.155 187.673
  poly 16: 192.531 437.298 187.673 175.308 432.067 187.673
  poly 17: 192.531 437.298 187.673 175.308 432.067 187.673
  poly 18: 192.531 437.298 187.673 175.308 432.067 187.673
  poly 19: 192.531 437.298 187.673 175.308 432.067 187.673
  poly 20: 192.531 437.298 134.186 175.308 432.067 134.186
  poly 21: 192.531 437.298 134.186 175.308 432.067 134.186
  poly 22: 192.531 437.298 134.186 175.308 432.067 134.186
  poly 23: 192.531 437.298 134.186 175.308 432.067 134.186
  poly 24: 192.531 437.298 80.6983 175.308 432.067 80.6983
  poly 25: 192.531 437.298 80.6983 175.308 432.067 80.6983
  poly 26: 192.531 437.298 80.6983 175.308 432.067 80.6983
  poly 27: 192.531 437.298 80.6983 175.308 432.067 80.6983
  poly 28: 216.396 358.723 63.2337 199.173 353.492 63.2337
  poly 29: 216.396 358.723 63.2337 199.173 353.492 63.2337
  poly 30: 216.396 358.723 63.2337 199.173 353.492 63.2337
  poly 31: 216.396 358.723 63.2337 199.173 353.492 63.2337
  poly 32: 240.261 280.149 45.7691 223.038 274.918 45.7691
  poly 33: 240.261 280.149 45.7691 223.038 274.918 45.7691
  poly 34: 240.261 280.149 45.7691 223.038 274.918 45.7691
  poly 35: 240.261 280.149 45.7691 223.038 274.918 45.7691
  poly 36: 264.126 201.574 28.3046 246.903 196.343 28.3046
  poly 37: 264.126 201.574 28.3046 246.903 196.343 28.3046
  poly 38: 264.126 201.574 28.3046 246.903 196.343 28.3046
  poly 39: 264.126 201.574 28.3046 246.903 196.343 28.3046
  poly 40: 285.971 129.651 12.3185 268.748 124.42 12.3185
  poly 41: 285.971 129.651 12.3185 268.748 124.42 12.3185
  poly 42: 285.971 129.651 12.3185 268.748 124.42 12.3185
  poly 43: 285.971 129.651 12.3185 268.748 124.42 12.3185
  poly 44: 285.971 129.651 99.9958 268.748 124.42 99.9958
  poly 45: 285.971 129.651 99.9958 268.748 124.42 99.9958
  poly 46: -110.551 1311.31 232.673 224.131 209.383 232.673 224.131 209.383 214.673 191.921 315.431 214.673 191.921 315.431 232.673 144.633 471.127 232.673 144.633 471.127 163.507 149.877 453.86 163.507 149.877 453.86 112.968 144.633 471.127 112.968 144.633 471.127 45.9276 260.347 90.1418 -38.753 -110.551 1311.31 232.673
  poly 47: -95.2294 1322.8 232.673 247.489 194.415 232.673 247.489 194.415 214.673 203.009 340.861 214.673 203.009 340.861 232.673 162.23 475.125 232.673 162.23 475.125 173.134 167.475 457.858 173.134 167.475 457.858 103.342 162.23 475.125 103.342 162.23 475.125 44.2622 281.825 81.3624 -43.2583 -95.2294 1322.8 232.673
element 34
  poly 0: 417.737 -441.237 214.673 7.34278 253.49 214.673 10.6303 283.315 214.673 99.1556 133.457 214.673 71.4473 144.972 214.673 144.042 22.0811 214.673 114.652 -4.73216 214.673 131.583 -13.6514 214.673 96.79 -45.3939 214.673 89.4574 -27.7181 214.673 66.1714 -48.9626 214.673 -41.3067 70.9606 214.673 -39.0507 41.4734 214.673 -152.589 168.158 214.673 -123.524 162.698 214.673 -215.467 265.288 214.673 417.737 -441.237 214.673
  poly 1: 417.737 -441.237 232.673 7.34278 253.49 232.673 10.6303 283.315 232.673 99.1556 133.457 232.673 71.4473 144.972 232.673 144.042 22.0811 232.673 114.652 -4.73216 232.673 131.583 -13.6514 232.673 96.79 -45.3939 232.673 89.4574 -27.7181 232.673 66.1714 -48.9626 232.673 -41.3067 70.9606 232.673 -39.0507 41.4734 232.673 -152.589 168.158 232.673 -123.524 162.698 232.673 -240.741 266.518 232.673 417.737 -441.237 232.673
element 35
  poly 0: 21.4493 -53.002 187.673 34.8538 -40.9886 187.673
  poly 1: 21.4493 -53.002 187.673 34.8538 -40.9886 187.673
  poly 2: 21.4493 -53.002 187.673 34.8538 -40.9886 187.673
  poly 3: 21.4493 -53.002 187.673 34.8538 -40.9886 187.673
  poly 4: -39.9409 15.4968 187.673 -26.5365 27.5102 187.673
  poly 5: -39.9409 15.4968 187.673 -26.5365 27.5102 187.673
  poly 6: -39.9409 15.4968 187.673 -26.5365 27.5102 187.673
  poly 7: -39.9409 15.4968 187.673 -26.5365 27.5102 187.673
  poly 8: -101.331 83.9957 187.673 -87.9268 96.009 187.673
  poly 9: -101.331 83.9957 187.673 -87.9268 96.009 187.673
  poly 10: -101.331 83.9957 187.673 -87.9268 96.009 187.673
  poly 11: -101.331 83.9957 187.673 -87.9268 96.009 187.673
  poly 12: -162.722 152.494 187.673 -149.317 164.508 187.673
  poly 13: -162.722 152.494 187.673 -149.317 164.508 187.673
  poly 14: -162.722 152.494 187.673 -149.317 164.508 187.673
  poly 15: -162.722 152.494 187.673 -149.317 164.508 187.673
  poly 16: -224.112 220.993 187.673 -210.707 233.007 187.673
  poly 17: -224.112 220.993 187.673 -210.707 233.007 187.673
  poly 18: -224.112 220.993 187.673 -210.707 233.007 187.673
  poly 19: -224.112 220.993 187.673 -210.707 233.007 187.673
  poly 20: -224.112 220.993 106.765 -210.707 233.007 106.765
  poly 21: -224.112 220.993 106.765 -210.707 233.007 106.765
  poly 22: -224.112 220.993 106.765 -210.707 233.007 106.765
  poly 23: -224.112 220.993 106.765 -210.707 233.007 106.765
  poly 24: -191.234 184.308 95.9879 -177.829 196.322 95.9879
  poly 25: -191.234 184.308 95.9879 -177.829 196.322 95.9879
  poly 26: -191.234 184.308 95.9879 -177.829 196.322 95.9879
  poly 27: -191.234 184.308 95.9879 -177.829 196.322 95.9879
  poly 28: -158.356 147.623 85.2108 -144.951 159.637 85.2108
  poly 29: -158.356 147.623 85.2108 -144.951 159.637 85.2108
  poly 30: -158.356 147.623 85.2108 -144.951 159.637 85.2108
  poly 31: -158.356 147.623 85.2108 -144.951 159.637 85.2108
  poly 32: -98.4207 80.7481 65.5649 -85.0163 92.7615 65.5649
  poly 33: -98.4207 80.7481 65.5649 -85.0163 92.7615 65.5649
  poly 34: -98.4207 80.7481 65.5649 -85.0163 92.7615 65.5649
  poly 35: -98.4207 80.7481 65.5649 -85.0163 92.7615 65.5649
  poly 36: -38.4857 13.8731 45.9189 -25.0812 25.8864 45.9189
  poly 37: -38.4857 13.8731 45.9189 -25.0812 25.8864 45.9189
  poly 38: -38.4857 13.8731 45.9189 -25.0812 25.8864 45.9189
  poly 39: -38.4857 13.8731 45.9189 -25.0812 25.8864 45.9189
  poly 40: 21.4493 -53.002 26.273 34.8538 -40.9886 26.273
  poly 41: 21.4493 -53.002 26.273 34.8538 -40.9886 26.273
  poly 42: 21.4493 -53.002 26.273 34.8538 -40.9886 26.273
  poly 43: 21.4493 -53.002 26.273 34.8538 -40.9886 26.273
  poly 44: 21.4493 -53.002 106.973 34.8538 -40.9886 106.973
  poly 45: 21.4493 -53.002 106.973 34.8538 -40.9886 106.973
  poly 46: -723.092 831.691 232.673 -123.524 162.698 232.673 -123.524 162.698 214.673 -41.3067 70.9606 214.673 -41.3067 70.9606 232.673 66.1714 -48.9626 232.673 66.1714 -48.9626 -26.0376 -215.467 265.288 66.28 -723.092 831.691 232.673
  poly 47: -735.353 818.403 232.673 -152.589 168.158 232.673 -152.589 168.158 214.673 -39.0507 41.4734 214.673 -39.0507 41.4734 232.673 64.8872 -74.4997 232.673 64.8872 -74.4997 -29.6359 -240.741 266.518 70.5452 -735.353 818.403 232.673
element 36
  poly 0: -75.531 393.781 62.8281 -75.531 393.781 126.107 -61.9769 406.227 117.623 -61.9769 406.227 179.132 -75.531 393.781 170.648 -75.531 393.781 214.673 -215.467 265.288 214.673 -215.467 265.288 66.28 -75.531 393.781 62.8281
  poly 1: -71.3361 422.07 66.3664 -84.8901 409.624 126.107 -71.3361 422.07 117.623 -71.3361 422.07 179.132 -84.8901 409.624 170.648 -84.8901 409.624 232.673 -240.741 266.518 232.673 -240.741 266.518 70.5452 -71.3361 422.07 66.3664
element 37
  poly 0: 110.263 -57.4677 14.6909 98.1313 -44.1702 14.6909
  poly 1: 110.263 -57.4677 14.6909 98.1313 -44.1702 14.6909
  poly 2: 110.263 -57.4677 14.6909 98.1313 -44.1702 14.6909
  poly 3: 110.263 -57.4677 14.6909 98.1313 -44.1702 14.6909
  poly 4: 110.263 -57.4679 101.182 98.1311 -44.1704 101.182
  poly 5: 110.263 -57.4679 101.182 98.1311 -44.1704 101.182
  poly 6: 110.263 -57.4679 101.182 98.1311 -44.1704 101.182
  poly 7: 110.263 -57.4679 101.182 98.1311 -44.1704 101.182
  poly 8: 110.263 -57.468 187.673 98.131 -44.1705 187.673
  poly 9: 110.263 -57.468 187.673 98.131 -44.1705 187.673
  poly 10: 110.263 -57.468 187.673 98.131 -44.1705 187.673
  poly 11: 110.263 -57.468 187.673 98.131 -44.1705 187.673
  poly 12: 145.868 -24.9845 187.673 133.736 -11.687 187.673
  poly 13: 145.868 -24.9845 187.673 133.736 -11.687 187.673
  poly 14: 145.868 -24.9845 187.673 133.736 -11.687 187.673
  poly 15: 145.868 -24.9845 187.673 133.736 -11.687 187.673
  poly 16: 145.868 -24.9845 100.819 133.736 -11.687 100.819
  poly 17: 145.868 -24.9845 100.819 133.736 -11.687 100.819
  poly 18: 145.868 -24.9845 100.819 133.736 -11.687 100.819
  poly 19: 145.868 -24.9845 100.819 133.736 -11.687 100.819
  poly 20: 145.868 -24.9845 13.9645 133.736 -11.687 13.9645
  poly 21: 145.868 -24.9845 13.9645 133.736 -11.687 13.9645
  poly 22: -10060.5 -9287.8 232.673 89.4574 -27.7181 232.673 89.4574 -27.7181 214.673 114.652 -4.73216 214.673 114.652 -4.73216 232.673 144.042 22.0811 232.673 144.042 22.0811 -28.027 66.1714 -48.9626 -26.0376 -10060.5 -9287.8 232.673
  poly 23: -10202.6 -9441.84 232.673 96.79 -45.3939 232.673 96.79 -45.3939 214.673 131.583 -13.6514 214.673 131.583 -13.6514 232.673 166.98 18.6422 232.673 166.98 18.6422 -32.2441 64.8872 -74.4997 -29.6359 -10202.6 -9441.84 232.673
element 38
  poly 0: 159.59 66.542 187.673 144.092 57.3869 187.673
  poly 1: 159.59 66.542 187.673 144.092 57.3869 187.673
  poly 2: 159.59 66.542 187.673 144.092 57.3869 187.673
  poly 3: 159.59 66.542 187.673 144.092 57.3869 187.673
  poly 4: 111.455 148.027 187.673 95.9571 138.872 187.673
  poly 5: 111.455 148.027 187.673 95.9571 138.872 187.673
  poly 6: 111.455 148.027 187.673 95.9571 138.872 187.673
  poly 7: 111.455 148.027 187.673 95.9571 138.872 187.673
  poly 8: 63.3198 229.511 187.673 47.8219 220.356 187.673
  poly 9: 63.3198 229.511 187.673 47.8219 220.356 187.673
  poly 10: 63.3198 229.511 187.673 47.8219 220.356 187.673
  poly 11: 63.3198 229.511 187.673 47.8219 220.356 187.673
  poly 12: 15.1846 310.996 187.673 -0.313279 301.841 187.673
  poly 13: 15.1846 310.996 187.673 -0.313279 301.841 187.673
  poly 14: 15.1846 310.996 187.673 -0.313279 301.841 187.673
  poly 15: 15.1846 310.996 187.673 -0.313279 301.841 187.673
  poly 16: -32.9505 392.48 187.673 -48.4485 383.325 187.673
  poly 17: -32.9505 392.48 187.673 -48.4485 383.325 187.673
  poly 18: -32.9505 392.48 187.673 -48.4485 383.325 187.673
  poly 19: -32.9505 392.48 187.673 -48.4485 383.325 187.673
  poly 20: -32.9505 392.48 102.882 -48.4485 383.325 102.882
  poly 21: -32.9505 392.48 102.882 -48.4485 383.325 102.882
  poly 22: -32.9505 392.48 102.882 -48.4485 383.325 102.882
  poly 23: -32.9505 392.48 102.882 -48.4485 383.325 102.882
  poly 24: 15.1846 310.996 82.9643 -0.313279 301.841 82.9643
  poly 25: 15.1846 310.996 82.9643 -0.313279 301.841 82.9643
  poly 26: 15.1846 310.996 82.9643 -0.313279 301.841 82.9643
  poly 27: 15.1846 310.996 82.9643 -0.313279 301.841 82.9643
  poly 28: 63.3198 229.511 63.0469 47.8219 220.356 63.0469
  poly 29: 63.3198 229.511 63.0469 47.8219 220.356 63.0469
  poly 30: 63.3198 229.511 63.0469 47.8219 220.356 63.0469
  poly 31: 63.3198 229.511 63.0469 47.8219 220.356 63.0469
  poly 32: 111.455 148.027 43.1295 95.9571 138.872 43.1295
  poly 33: 111.455 148.027 43.1295 95.9571 138.872 43.1295
  poly 34: 111.455 148.027 43.1295 95.9571 138.872 43.1295
  poly 35: 111.455 148.027 43.1295 95.9571 138.872 43.1295
  poly 36: 159.59 66.542 23.2121 144.092 57.3869 23.2121
  poly 37: 159.59 66.542 23.2121 144.092 57.3869 23.2121
  poly 38: 159.59 66.542 23.2121 144.092 57.3869 23.2121
  poly 39: 159.59 66.542 23.2121 144.092 57.3869 23.2121
  poly 40: 159.59 66.542 105.443 144.092 57.3869 105.443
  poly 41: 159.59 66.542 105.443 144.092 57.3869 105.443
  poly 42: -486.002 1088.64 232.673 71.4473 144.972 232.673 71.4473 144.972 214.673 7.34278 253.49 214.673 7.34278 253.49 232.673 -84.8901 409.624 232.673 -84.8901 409.624 170.648 -75.531 393.781 170.648 -75.531 393.781 126.107 -84.8901 409.624 126.107 -84.8901 409.624 66.7007 144.042 22.0811 -28.027 -486.002 1088.64 232.673
  poly 43: -473.256 1102.45 232.673 99.1556 133.457 232.673 99.1556 133.457 214.673 10.6303 283.315 214.673 10.6303 283.315 232.673 -71.3361 422.07 232.673 -71.3361 422.07 179.132 -61.9769 406.227 179.132 -61.9769 406.227 117.623 -71.3361 422.07 117.623 -71.3361 422.07 66.3664 166.98 18.6422 -32.2441 -473.256 1102.45 232.673
element 39
  poly 0: 396.135 -471.073 214.673 -133.326 119.695 214.673 -135.568 149.167 214.673 -22.1305 22.594 214.673 -51.1815 28.039 214.673 41.7369 -75.6387 214.673 17.5049 -108.707 214.673 35.9615 -113.973 214.673 7.41383 -152.93 214.673 -3.16757 -136.917 214.673 -22.4487 -163.229 214.673 -149.375 -69.8817 214.673 -141.531 -97.9946 214.673 -275.72 0.694001 214.673 -246.547 1.58247 214.673 -354.967 81.3193 214.673 396.135 -471.073 214.673
  poly 1: 396.135 -471.073 232.673 -133.326 119.695 232.673 -135.568 149.167 232.673 -22.1305 22.594 232.673 -51.1815 28.039 232.673 41.7369 -75.6387 232.673 17.5049 -108.707 232.673 35.9615 -113.973 232.673 7.41383 -152.93 232.673 -3.16757 -136.917 232.673 -22.4487 -163.229 232.673 -149.375 -69.8817 232.673 -141.531 -97.9946 232.673 -275.72 0.694001 232.673 -246.547 1.58247 232.673 -380.152 77.4976 232.673 396.135 -471.073 232.673
element 40
  poly 0: -65.5037 -176.252 187.673 -54.8392 -161.751 187.673
  poly 1: -65.5037 -176.252 187.673 -54.8392 -161.751 187.673
  poly 2: -65.5037 -176.252 187.673 -54.8392 -161.751 187.673
  poly 3: -65.5037 -176.252 187.673 -54.8392 -161.751 187.673
  poly 4: -137.769 -123.105 187.673 -127.104 -108.604 187.673
  poly 5: -137.769 -123.105 187.673 -127.104 -108.604 187.673
  poly 6: -137.769 -123.105 187.673 -127.104 -108.604 187.673
  poly 7: -137.769 -123.105 187.673 -127.104 -108.604 187.673
  poly 8: -210.034 -69.958 187.673 -199.37 -55.4573 187.673
  poly 9: -210.034 -69.958 187.673 -199.37 -55.4573 187.673
  poly 10: -210.034 -69.958 187.673 -199.37 -55.4573 187.673
  poly 11: -210.034 -69.958 187.673 -199.37 -55.4573 187.673
  poly 12: -282.299 -16.8111 187.673 -271.635 -2.3104 187.673
  poly 13: -282.299 -16.8111 187.673 -271.635 -2.3104 187.673
  poly 14: -282.299 -16.8111 187.673 -271.635 -2.3104 187.673
  poly 15: -282.299 -16.8111 187.673 -271.635 -2.3104 187.673
  poly 16: -354.565 36.3359 187.673 -343.9 50.8365 187.673
  poly 17: -354.565 36.3359 187.673 -343.9 50.8365 187.673
  poly 18: -354.565 36.3359 187.673 -343.9 50.8365 187.673
  poly 19: -354.565 36.3359 187.673 -343.9 50.8365 187.673
  poly 20: -354.565 36.3359 102.547 -343.9 50.8365 102.547
  poly 21: -354.565 36.3359 102.547 -343.9 50.8365 102.547
  poly 22: -354.565 36.3359 102.547 -343.9 50.8365 102.547
  poly 23: -354.565 36.3359 102.547 -343.9 50.8365 102.547
  poly 24: -282.299 -16.8111 82.8385 -271.635 -2.3104 82.8385
  poly 25: -282.299 -16.8111 82.8385 -271.635 -2.3104 82.8385
  poly 26: -282.299 -16.8111 82.8385 -271.635 -2.3104 82.8385
  poly 27: -282.299 -16.8111 82.8385 -271.635 -2.3104 82.8385
  poly 28: -210.034 -69.958 63.1298 -199.37 -55.4573 63.1298
  poly 29: -210.034 -69.958 63.1298 -199.37 -55.4573 63.1298
  poly 30: -210.034 -69.958 63.1298 -199.37 -55.4573 63.1298
  poly 31: -210.034 -69.958 63.1298 -199.37 -55.4573 63.1298
  poly 32: -137.769 -123.105 43.4212 -127.104 -108.604 43.4212
  poly 33: -137.769 -123.105 43.4212 -127.104 -108.604 43.4212
  poly 34: -137.769 -123.105 43.4212 -127.104 -108.604 43.4212
  poly 35: -137.769 -123.105 43.4212 -127.104 -108.604 43.4212
  poly 36: -65.5037 -176.252 23.7125 -54.8392 -161.751 23.7125
  poly 37: -65.5037 -176.252 23.7125 -54.8392 -161.751 23.7125
  poly 38: -65.5037 -176.252 23.7125 -54.8392 -161.751 23.7125
  poly 39: -65.5037 -176.252 23.7125 -54.8392 -161.751 23.7125
  poly 40: -65.5037 -176.252 105.693 -54.8392 -161.751 105.693
  poly 41: -65.5037 -176.252 105.693 -54.8392 -161.751 105.693
  poly 42: -978.105 539.602 232.673 -246.547 1.58247 232.673 -246.547 1.58247 214.673 -149.375 -69.8817 214.673 -149.375 -69.8817 232.673 -22.4487 -163.229 232.673 -22.4487 -163.229 -27.96 -354.967 81.3193 62.7267 -978.105 539.602 232.673
  poly 43: -989.965 525.98 232.673 -275.72 0.694001 232.673 -275.72 0.694001 214.673 -141.531 -97.9946 214.673 -141.531 -97.9946 232.673 -18.5875 -188.412 232.673 -18.5875 -188.412 -32.2476 -380.152 77.4976 66.3607 -989.965 525.98 232.673
element 41
  poly 0: -239.383 238.033 66.196 -239.383 238.033 128.421 -228.472 252.828 120.138 -228.472 252.828 180.188 -239.383 238.033 171.906 -239.383 238.033 214.673 -354.967 81.3193 214.673 -354.967 81.3193 62.7267 -239.383 238.033 66.196
  poly 1: -240.741 266.518 70.5452 -251.653 251.723 128.421 -240.741 266.518 120.138 -240.741 266.518 180.188 -251.653 251.723 171.906 -251.653 251.723 232.673 -380.152 77.4976 232.673 -380.152 77.4976 66.3607 -240.741 266.518 70.5452
element 42
  poly 0: 22.5302 -162.754 187.673 8.01118 -152.115 187.673
  poly 1: 22.5302 -162.754 187.673 8.01118 -152.115 187.673
  poly 2: 22.5302 -162.754 187.673 8.01118 -152.115 187.673
  poly 3: 22.5302 -162.754 187.673 8.01118 -152.115 187.673
  poly 4: 52.8075 -121.437 187.673 38.2885 -110.797 187.673
  poly 5: 52.8075 -121.437 187.673 38.2885 -110.797 187.673
  poly 6: 52.8075 -121.437 187.673 38.2885 -110.797 187.673
  poly 7: 52.8075 -121.437 187.673 38.2885 -110.797 187.673
  poly 8: 52.8075 -121.437 103.112 38.2885 -110.797 103.112
  poly 9: 52.8075 -121.437 103.112 38.2885 -110.797 103.112
  poly 10: 52.8075 -121.437 103.112 38.2885 -110.797 103.112
  poly 11: 52.8075 -121.437 103.112 38.2885 -110.797 103.112
  poly 12: 52.8075 -121.437 18.5512 38.2885 -110.797 18.5512
  poly 13: 52.8075 -121.437 18.5512 38.2885 -110.797 18.5512
  poly 14: 52.8075 -121.437 18.5512 38.2885 -110.797 18.5512
  poly 15: 52.8075 -121.437 18.5512 38.2885 -110.797 18.5512
  poly 16: 22.5302 -162.754 15.5065 8.01124 -152.115 15.5065
  poly 17: 22.5302 -162.754 15.5065 8.01124 -152.115 15.5065
  poly 18: 22.5302 -162.754 15.5065 8.01124 -152.115 15.5065
  poly 19: 22.5302 -162.754 15.5065 8.01124 -152.115 15.5065
  poly 20: 22.5302 -162.754 101.59 8.01121 -152.115 101.59
  poly 21: 22.5302 -162.754 101.59 8.01121 -152.115 101.59
  poly 22: 8307.75 11204.5 232.673 -3.16757 -136.917 232.673 -3.16757 -136.917 214.673 17.5049 -108.707 214.673 17.5049 -108.707 232.673 41.7369 -75.6387 232.673 41.7369 -75.6387 -25.9518 -22.4487 -163.229 -27.96 8307.75 11204.5 232.673
  poly 23: 8448.65 11366.3 232.673 7.41383 -152.93 232.673 7.41383 -152.93 214.673 35.9615 -113.973 214.673 35.9615 -113.973 232.673 64.8872 -74.4997 232.673 64.8872 -74.4997 -29.6359 -18.5875 -188.412 -32.2476 8448.65 11366.3 232.673
element 43
  poly 0: 48.2582 -28.9752 187.673 34.8538 -40.9886 187.673
  poly 1: 48.2582 -28.9752 187.673 34.8538 -40.9886 187.673
  poly 2: 48.2582 -28.9752 187.673 34.8538 -40.9886 187.673
  poly 3: 48.2582 -28.9752 187.673 34.8538 -40.9886 187.673
  poly 4: -13.1321 39.5236 187.673 -26.5365 27.5102 187.673
  poly 5: -13.1321 39.5236 187.673 -26.5365 27.5102 187.673
  poly 6: -13.1321 39.5236 187.673 -26.5365 27.5102 187.673
  poly 7: -13.1321 39.5236 187.673 -26.5365 27.5102 187.673
  poly 8: -74.5224 108.022 187.673 -87.9268 96.009 187.673
  poly 9: -74.5224 108.022 187.673 -87.9268 96.009 187.673
  poly 10: -74.5224 108.022 187.673 -87.9268 96.009 187.673
  poly 11: -74.5224 108.022 187.673 -87.9268 96.009 187.673
  poly 12: -135.913 176.521 187.673 -149.317 164.508 187.673
  poly 13: -135.913 176.521 187.673 -149.317 164.508 187.673
  poly 14: -135.913 176.521 187.673 -149.317 164.508 187.673
  poly 15: -135.913 176.521 187.673 -149.317 164.508 187.673
  poly 16: -197.303 245.02 187.673 -210.707 233.007 187.673
  poly 17: -197.303 245.02 187.673 -210.707 233.007 187.673
  poly 18: -197.303 245.02 187.673 -210.707 233.007 187.673
  poly 19: -197.303 245.02 187.673 -210.707 233.007 187.673
  poly 20: -197.303 245.02 106.765 -210.707 233.007 106.765
  poly 21: -197.303 245.02 106.765 -210.707 233.007 106.765
  poly 22: -197.303 245.02 106.765 -210.707 233.007 106.765
  poly 23: -197.303 245.02 106.765 -210.707 233.007 106.765
  poly 24: -164.425 208.335 95.9879 -177.829 196.322 95.9879
  poly 25: -164.425 208.335 95.9879 -177.829 196.322 95.9879
  poly 26: -164.425 208.335 95.9879 -177.829 196.322 95.9879
  poly 27: -164.425 208.335 95.9879 -177.829 196.322 95.9879
  poly 28: -131.547 171.65 85.2108 -144.951 159.637 85.2108
  poly 29: -131.547 171.65 85.2108 -144.951 159.637 85.2108
  poly 30: -131.547 171.65 85.2108 -144.951 159.637 85.2108
  poly 31: -131.547 171.65 85.2108 -144.951 159.637 85.2108
  poly 32: -71.6118 104.775 65.5649 -85.0163 92.7615 65.5649
  poly 33: -71.6118 104.775 65.5649 -85.0163 92.7615 65.5649
  poly 34: -71.6118 104.775 65.5649 -85.0163 92.7615 65.5649
  poly 35: -71.6118 104.775 65.5649 -85.0163 92.7615 65.5649
  poly 36: -11.6768 37.8998 45.9189 -25.0812 25.8864 45.9189
  poly 37: -11.6768 37.8998 45.9189 -25.0812 25.8864 45.9189
  poly 38: -11.6768 37.8998 45.9189 -25.0812 25.8864 45.9189
  poly 39: -11.6768 37.8998 45.9189 -25.0812 25.8864 45.9189
  poly 40: 48.2582 -28.9752 26.273 34.8538 -40.9886 26.273
  poly 41: 48.2582 -28.9752 26.273 34.8538 -40.9886 26.273
  poly 42: 48.2582 -28.9752 26.273 34.8538 -40.9886 26.273
  poly 43: 48.2582 -28.9752 26.273 34.8538 -40.9886 26.273
  poly 44: 48.2582 -28.9752 106.973 34.8538 -40.9886 106.973
  poly 45: 48.2582 -28.9752 106.973 34.8538 -40.9886 106.973
  poly 46: -747.264 804.723 232.673 -51.1815 28.039 232.673 -51.1815 28.039 214.673 -133.326 119.695 214.673 -133.326 119.695 232.673 -251.653 251.723 232.673 -251.653 251.723 171.906 -239.383 238.033 171.906 -239.383 238.033 128.421 -251.653 251.723 128.421 -251.653 251.723 70.2177 41.7369 -75.6387 -25.9518 -747.264 804.723 232.673
  poly 47: -735.353 818.403 232.673 -22.1305 22.594 232.673 -22.1305 22.594 214.673 -135.568 149.167 214.673 -135.568 149.167 232.673 -240.741 266.518 232.673 -240.741 266.518 180.188 -228.472 252.828 180.188 -228.472 252.828 120.138 -240.741 266.518 120.138 -240.741 266.518 70.5452 64.8872 -74.4997 -29.6359 -735.353 818.403 232.673
element 44
  poly 0: 238.646 -399.937 214.673 -245.917 -43.5684 214.673 -253.638 -15.5459 214.673 -120.34 -113.579 214.673 -149.39 -114.558 214.673 -39.7041 -195.226 214.673 -51.4794 -231.681 214.673 -32.4516 -231.334 214.673 -46.2209 -273.963 214.673 -61.4503 -262.55 214.673 -70.4759 -290.493 214.673 -198.135 -245.295 214.673 -185.331 -268.923 214.673 -321.714 -220.637 214.673 -296.895 -210.329 214.673 -407.24 -171.262 214.673 238.646 -399.937 214.673
  poly 1: 238.646 -399.937 232.673 -245.917 -43.5684 232.673 -253.638 -15.5459 232.673 -120.34 -113.579 232.673 -149.39 -114.558 232.673 -39.7041 -195.226 232.673 -51.4794 -231.681 232.673 -32.4516 -231.334 232.673 -46.2209 -273.963 232.673 -61.4503 -262.55 232.673 -70.4759 -290.493 232.673 -198.135 -245.295 232.673 -185.331 -268.923 232.673 -321.714 -220.637 232.673 -296.895 -210.329 232.673 -427.7 -183.113 232.673 238.646 -399.937 232.673
element 45
  poly 0: -107.464 -315.587 187.673 -101.456 -298.619 187.673
  poly 1: -107.464 -315.587 187.673 -101.456 -298.619 187.673
  poly 2: -107.464 -315.587 187.673 -101.456 -298.619 187.673
  poly 3: -107.464 -315.587 187.673 -101.456 -298.619 187.673
  poly 4: -178.419 -290.465 187.673 -172.412 -273.497 187.673
  poly 5: -178.419 -290.465 187.673 -172.412 -273.497 187.673
  poly 6: -178.419 -290.465 187.673 -172.412 -273.497 187.673
  poly 7: -178.419 -290.465 187.673 -172.412 -273.497 187.673
  poly 8: -249.375 -265.343 187.673 -243.368 -248.375 187.673
  poly 9: -249.375 -265.343 187.673 -243.368 -248.375 187.673
  poly 10: -249.375 -265.343 187.673 -243.368 -248.375 187.673
  poly 11: -249.375 -265.343 187.673 -243.368 -248.375 187.673
  poly 12: -320.331 -240.221 187.673 -314.324 -223.253 187.673
  poly 13: -320.331 -240.221 187.673 -314.324 -223.253 187.673
  poly 14: -320.331 -240.221 187.673 -314.324 -223.253 187.673
  poly 15: -320.331 -240.221 187.673 -314.324 -223.253 187.673
  poly 16: -391.287 -215.1 187.673 -385.28 -198.132 187.673
  poly 17: -391.287 -215.1 187.673 -385.28 -198.132 187.673
  poly 18: -391.287 -215.1 187.673 -385.28 -198.132 187.673
  poly 19: -391.287 -215.1 187.673 -385.28 -198.132 187.673
  poly 20: -391.287 -215.1 133.498 -385.28 -198.132 133.498
  poly 21: -391.287 -215.1 133.498 -385.28 -198.132 133.498
  poly 22: -391.287 -215.1 133.498 -385.28 -198.132 133.498
  poly 23: -391.287 -215.1 133.498 -385.28 -198.132 133.498
  poly 24: -391.287 -215.1 79.3224 -385.28 -198.132 79.3224
  poly 25: -391.287 -215.1 79.3224 -385.28 -198.132 79.3224
  poly 26: -391.287 -215.1 79.3224 -385.28 -198.132 79.3224
  poly 27: -391.287 -215.1 79.3224 -385.28 -198.132 79.3224
  poly 28: -343.283 -232.095 67.5382 -337.276 -215.127 67.5382
  poly 29: -343.283 -232.095 67.5382 -337.276 -215.127 67.5382
  poly 30: -343.283 -232.095 67.5382 -337.276 -215.127 67.5382
  poly 31: -343.283 -232.095 67.5382 -337.276 -215.127 67.5382
  poly 32: -264.677 -259.926 48.2416 -258.669 -242.958 48.2416
  poly 33: -264.677 -259.926 48.2416 -258.669 -242.958 48.2416
  poly 34: -264.677 -259.926 48.2416 -258.669 -242.958 48.2416
  poly 35: -264.677 -259.926 48.2416 -258.669 -242.958 48.2416
  poly 36: -186.07 -287.756 28.9449 -180.063 -270.788 28.9449
  poly 37: -186.07 -287.756 28.9449 -180.063 -270.788 28.9449
  poly 38: -186.07 -287.756 28.9449 -180.063 -270.788 28.9449
  poly 39: -186.07 -287.756 28.9449 -180.063 -270.788 28.9449
  poly 40: -107.464 -315.587 9.64825 -101.456 -298.619 9.64825
  poly 41: -107.464 -315.587 9.64825 -101.456 -298.619 9.64825
  poly 42: -107.464 -315.587 9.64825 -101.456 -298.619 9.64825
  poly 43: -107.464 -315.587 9.64825 -101.456 -298.619 9.64825
  poly 44: -107.464 -315.587 98.6607 -101.456 -298.619 98.6607
  poly 45: -107.464 -315.587 98.6607 -101.456 -298.619 98.6607
  poly 46: -1188.45 105.326 232.673 -296.895 -210.329 232.673 -296.895 -210.329 214.673 -198.135 -245.295 214.673 -198.135 -245.295 232.673 -70.4759 -290.493 232.673 -70.4759 -290.493 -41.7726 -407.24 -171.262 40.8977 -1188.45 105.326 232.673
  poly 47: -1198.12 89.6539 232.673 -321.714 -220.637 232.673 -321.714 -220.637 214.673 -185.331 -268.923 214.673 -185.331 -268.923 232.673 -59.0363 -313.638 232.673 -59.0363 -313.638 -46.9543 -427.7 -183.113 43.5467 -1198.12 89.6539 232.673
element 46
  poly 0: -367.614 45.9327 59.9111 -367.614 45.9327 125.21 -364.019 65.6331 116.648 -364.019 65.6331 178.723 -367.614 45.9327 170.161 -367.614 45.9327 214.673 -407.24 -171.262 214.673 -407.24 -171.262 40.8977 -367.614 45.9327 59.9111
  poly 1: -380.152 77.4976 66.3607 -383.746 57.7972 125.21 -380.152 77.4976 116.648 -380.152 77.4976 178.723 -383.746 57.7972 170.161 -383.746 57.7972 232.673 -427.7 -183.113 232.673 -427.7 -183.113 43.5467 -380.152 77.4976 66.3607
element 47
  poly 0: -15.2906 -236.767 15.1242 -32.4192 -231.234 15.1242
  poly 1: -15.2906 -236.767 15.1242 -32.4192 -231.234 15.1242
  poly 2: -15.2906 -236.767 15.1242 -32.4192 -231.234 15.1242
  poly 3: -15.2906 -236.767 15.1242 -32.4192 -231.234 15.1242
  poly 4: -15.2906 -236.767 101.399 -32.4192 -231.234 101.399
  poly 5: -15.2906 -236.767 101.399 -32.4192 -231.234 101.399
  poly 6: -15.2906 -236.767 101.399 -32.4192 -231.234 101.399
  poly 7: -15.2906 -236.767 101.399 -32.4192 -231.234 101.399
  poly 8: -15.2906 -236.767 187.673 -32.4192 -231.234 187.673
  poly 9: -15.2906 -236.767 187.673 -32.4192 -231.234 187.673
  poly 10: -15.2906 -236.767 187.673 -32.4192 -231.234 187.673
  poly 11: -15.2906 -236.767 187.673 -32.4192 -231.234 187.673
  poly 12: -28.076 -276.349 187.673 -45.2046 -270.816 187.673
  poly 13: -28.076 -276.349 187.673 -45.2046 -270.816 187.673
  poly 14: -28.076 -276.349 187.673 -45.2046 -270.816 187.673
  poly 15: -28.076 -276.349 187.673 -45.2046 -270.816 187.673
  poly 16: -28.076 -276.349 97.4864 -45.2046 -270.816 97.4864
  poly 17: -28.076 -276.349 97.4864 -45.2046 -270.816 97.4864
  poly 18: -28.076 -276.349 97.4864 -45.2046 -270.816 97.4864
  poly 19: -28.076 -276.349 97.4864 -45.2046 -270.816 97.4864
  poly 20: -28.076 -276.349 7.29971 -45.2046 -270.816 7.29971
  poly 21: -28.076 -276.349 7.29971 -45.2046 -270.816 7.29971
  poly 22: 1426.42 4343.74 232.673 -61.4503 -262.55 232.673 -61.4503 -262.55 214.673 -51.4794 -231.681 214.673 -51.4794 -231.681 232.673 -39.7041 -195.226 232.673 -39.7041 -195.226 -36.1307 -70.4759 -290.493 -41.7726 1426.42 4343.74 232.673
  poly 23: 1466.12 4408.1 232.673 -46.2209 -273.963 232.673 -46.2209 -273.963 214.673 -32.4516 -231.334 214.673 -32.4516 -231.334 232.673 -18.5875 -188.412 232.673 -18.5875 -188.412 -39.5383 -59.0363 -313.638 -46.9543 1466.12 4408.1 232.673
element 48
  poly 0: -44.1748 -147.251 187.673 -54.8392 -161.751 187.673
  poly 1: -44.1748 -147.251 187.673 -54.8392 -161.751 187.673
  poly 2: -44.1748 -147.251 187.673 -54.8392 -161.751 187.673
  poly 3: -44.1748 -147.251 187.673 -54.8392 -161.751 187.673
  poly 4: -116.44 -94.1036 187.673 -127.104 -108.604 187.673
  poly 5: -116.44 -94.1036 187.673 -127.104 -108.604 187.673
  poly 6: -116.44 -94.1036 187.673 -127.104 -108.604 187.673
  poly 7: -116.44 -94.1036 187.673 -127.104 -108.604 187.673
  poly 8: -188.705 -40.9566 187.673 -199.37 -55.4573 187.673
  poly 9: -188.705 -40.9566 187.673 -199.37 -55.4573 187.673
  poly 10: -188.705 -40.9566 187.673 -199.37 -55.4573 187.673
  poly 11: -188.705 -40.9566 187.673 -199.37 -55.4573 187.673
  poly 12: -260.97 12.1903 187.673 -271.635 -2.3104 187.673
  poly 13: -260.97 12.1903 187.673 -271.635 -2.3104 187.673
  poly 14: -260.97 12.1903 187.673 -271.635 -2.3104 187.673
  poly 15: -260.97 12.1903 187.673 -271.635 -2.3104 187.673
  poly 16: -333.236 65.3372 187.673 -343.9 50.8365 187.673
  poly 17: -333.236 65.3372 187.673 -343.9 50.8365 187.673
  poly 18: -333.236 65.3372 187.673 -343.9 50.8365 187.673
  poly 19: -333.236 65.3372 187.673 -343.9 50.8365 187.673
  poly 20: -333.236 65.3372 102.547 -343.9 50.8365 102.547
  poly 21: -333.236 65.3372 102.547 -343.9 50.8365 102.547
  poly 22: -333.236 65.3372 102.547 -343.9 50.8365 102.547
  poly 23: -333.236 65.3372 102.547 -343.9 50.8365 102.547
  poly 24: -260.97 12.1903 82.8385 -271.635 -2.3104 82.8385
  poly 25: -260.97 12.1903 82.8385 -271.635 -2.3104 82.8385
  poly 26: -260.97 12.1903 82.8385 -271.635 -2.3104 82.8385
  poly 27: -260.97 12.1903 82.8385 -271.635 -2.3104 82.8385
  poly 28: -188.705 -40.9566 63.1298 -199.37 -55.4573 63.1298
  poly 29: -188.705 -40.9566 63.1298 -199.37 -55.4573 63.1298
  poly 30: -188.705 -40.9566 63.1298 -199.37 -55.4573 63.1298
  poly 31: -188.705 -40.9566 63.1298 -199.37 -55.4573 63.1298
  poly 32: -116.44 -94.1036 43.4212 -127.104 -108.604 43.4212
  poly 33: -116.44 -94.1036 43.4212 -127.104 -108.604 43.4212
  poly 34: -116.44 -94.1036 43.4212 -127.104 -108.604 43.4212
  poly 35: -116.44 -94.1036 43.4212 -127.104 -108.604 43.4212
  poly 36: -44.1748 -147.251 23.7125 -54.8392 -161.751 23.7125
  poly 37: -44.1748 -147.251 23.7125 -54.8392 -161.751 23.7125
  poly 38: -44.1748 -147.251 23.7125 -54.8392 -161.751 23.7125
  poly 39: -44.1748 -147.251 23.7125 -54.8392 -161.751 23.7125
  poly 40: -44.1748 -147.251 105.693 -54.8392 -161.751 105.693
  poly 41: -44.1748 -147.251 105.693 -54.8392 -161.751 105.693
  poly 42: -957.464 479.734 232.673 -149.39 -114.558 232.673 -149.39 -114.558 214.673 -245.917 -43.5684 214.673 -245.917 -43.5684 232.673 -383.746 57.7972 232.673 -383.746 57.7972 170.161 -367.614 45.9327 170.161 -367.614 45.9327 125.21 -383.746 57.7972 125.21 -383.746 57.7972 64.6361 -39.7041 -195.226 -36.1307 -957.464 479.734 232.673
  poly 43: -947.982 495.104 232.673 -120.34 -113.579 232.673 -120.34 -113.579 214.673 -253.638 -15.5459 214.673 -253.638 -15.5459 232.673 -380.152 77.4976 232.673 -380.152 77.4976 178.723 -364.019 65.6331 178.723 -364.019 65.6331 116.648 -380.152 77.4976 116.648 -380.152 77.4976 66.3607 -18.5875 -188.412 -39.5383 -947.982 495.104 232.673
element 49
  poly 0: 364.797 -482.79 214.673 -287.054 -252.003 214.673 -299.721 -228.424 214.673 -164.333 -276.357 214.673 -189.015 -286.714 214.673 -79.5583 -325.467 214.673 -90.5891 -384.498 214.673 -71.1789 -378.618 214.673 -83.6239 -445.217 214.673 -99.6011 -432.724 214.673 -108.957 -482.79 214.673 -231.363 -482.79 214.673 -213.448 -500.79 214.673 -343.328 -500.79 214.673 -325.414 -482.79 214.673 -427.818 -482.79 214.673 364.797 -482.79 214.673
  poly 1: 364.797 -482.79 232.673 -287.054 -252.003 232.673 -299.721 -228.424 232.673 -164.333 -276.357 232.673 -189.015 -286.714 232.673 -79.5583 -325.467 232.673 -90.5891 -384.498 232.673 -71.1789 -378.618 232.673 -83.6239 -445.217 232.673 -99.6011 -432.724 232.673 -108.957 -482.79 232.673 -231.363 -482.79 232.673 -213.448 -500.79 232.673 -343.328 -500.79 232.673 -325.414 -482.79 232.673 -446.941 -500.79 232.673 364.797 -482.79 232.673
element 50
  poly 0: -1579.71 -482.79 232.673 -325.414 -482.79 232.673 -325.414 -482.79 214.673 -231.363 -482.79 214.673 -231.363 -482.79 232.673 -108.957 -482.79 232.673 -108.957 -482.79 -59.4343 -427.818 -482.79 3.89482 -1579.71 -482.79 232.673
  poly 1: -1591.71 -500.79 232.673 -343.328 -500.79 232.673 -343.328 -500.79 214.673 -213.448 -500.79 214.673 -213.448 -500.79 232.673 -94.0087 -500.79 232.673 -94.0087 -500.79 -64.7862 -446.941 -500.79 5.3098 -1591.71 -500.79 232.673
element 51
  poly 0: -411.178 -208.057 36.9627 -411.178 -208.057 111.176 -410.045 -189.363 101.394 -410.045 -189.363 172.316 -411.178 -208.057 162.534 -411.178 -208.057 214.673 -427.818 -482.79 214.673 -427.818 -482.79 3.89482 -411.178 -208.057 36.9627
  poly 1: -427.7 -183.113 43.5467 -428.832 -201.807 111.176 -427.7 -183.113 101.394 -427.7 -183.113 172.316 -428.832 -201.807 162.534 -428.832 -201.807 232.673 -446.941 -500.79 232.673 -446.941 -500.79 5.3098 -427.7 -183.113 43.5467
element 52
  poly 0: -68.049 -459.862 187.673 -85.7428 -456.556 187.673
  poly 1: -68.049 -459.862 187.673 -85.7428 -456.556 187.673
  poly 2: -68.049 -459.862 187.673 -85.7428 -456.556 187.673
  poly 3: -68.049 -459.862 187.673 -85.7428 -456.556 187.673
  poly 4: -58.8287 -410.52 187.673 -76.5225 -407.214 187.673
  poly 5: -58.8287 -410.52 187.673 -76.5225 -407.214 187.673
  poly 6: -58.8287 -410.52 187.673 -76.5225 -407.214 187.673
  poly 7: -58.8287 -410.52 187.673 -76.5225 -407.214 187.673
  poly 8: -49.6084 -361.178 187.673 -67.3021 -357.872 187.673
  poly 9: -49.6084 -361.178 187.673 -67.3021 -357.872 187.673
  poly 10: -49.6084 -361.178 187.673 -67.3021 -357.872 187.673
  poly 11: -49.6084 -361.178 187.673 -67.3021 -357.872 187.673
  poly 12: -49.6084 -361.178 95.3737 -67.3021 -357.872 95.3737
  poly 13: -49.6084 -361.178 95.3737 -67.3021 -357.872 95.3737
  poly 14: -49.6084 -361.178 95.3737 -67.3021 -357.872 95.3737
  poly 15: -49.6084 -361.178 95.3737 -67.3021 -357.872 95.3737
  poly 16: -49.6084 -361.178 3.0742 -67.3021 -357.872 3.0742
  poly 17: -49.6084 -361.178 3.0742 -67.3021 -357.872 3.0742
  poly 18: -49.6084 -361.178 3.0742 -67.3021 -357.872 3.0742
  poly 19: -49.6084 -361.178 3.0742 -67.3021 -357.872 3.0742
  poly 20: -58.8287 -410.52 -4.63604 -76.5225 -407.214 -4.63604
  poly 21: -58.8287 -410.52 -4.63604 -76.5225 -407.214 -4.63604
  poly 22: -58.8287 -410.52 -4.63604 -76.5225 -407.214 -4.63604
  poly 23: -58.8287 -410.52 -4.63604 -76.5225 -407.214 -4.63604
  poly 24: -68.049 -459.862 -12.3463 -85.7428 -456.556 -12.3463
  poly 25: -68.049 -459.862 -12.3463 -85.7428 -456.556 -12.3463
  poly 26: -68.049 -459.862 -12.3463 -85.7428 -456.556 -12.3463
  poly 27: -68.049 -459.862 -12.3463 -85.7428 -456.556 -12.3463
  poly 28: -68.049 -459.862 54.3269 -85.7428 -456.556 54.3269
  poly 29: -68.049 -459.862 54.3269 -85.7428 -456.556 54.3269
  poly 30: -68.049 -459.862 54.3269 -85.7428 -456.556 54.3269
  poly 31: -68.049 -459.862 54.3269 -85.7428 -456.556 54.3269
  poly 32: -68.049 -459.862 121 -85.7428 -456.556 121
  poly 33: -68.049 -459.862 121 -85.7428 -456.556 121
  poly 34: 463.933 2582.99 232.673 -99.6011 -432.724 232.673 -99.6011 -432.724 214.673 -90.5891 -384.498 214.673 -90.5891 -384.498 232.673 -79.5583 -325.467 232.673 -79.5583 -325.467 -44.4445 -108.957 -482.79 -59.4343 463.933 2582.99 232.673
  poly 35: 489.377 2621.16 232.673 -83.6239 -445.217 232.673 -83.6239 -445.217 214.673 -71.1789 -378.618 214.673 -71.1789 -378.618 232.673 -59.0363 -313.638 232.673 -59.0363 -313.638 -46.9543 -94.0087 -500.79 -64.7862 489.377 2621.16 232.673
element 53
  poly 0: -95.4486 -281.651 187.673 -101.456 -298.619 187.673
  poly 1: -95.4486 -281.651 187.673 -101.456 -298.619 187.673
  poly 2: -95.4486 -281.651 187.673 -101.456 -298.619 187.673
  poly 3: -95.4486 -281.651 187.673 -101.456 -298.619 187.673
  poly 4: -166.405 -256.529 187.673 -172.412 -273.497 187.673
  poly 5: -166.405 -256.529 187.673 -172.412 -273.497 187.673
  poly 6: -166.405 -256.529 187.673 -172.412 -273.497 187.673
  poly 7: -166.405 -256.529 187.673 -172.412 -273.497 187.673
  poly 8: -237.36 -231.407 187.673 -243.368 -248.375 187.673
  poly 9: -237.36 -231.407 187.673 -243.368 -248.375 187.673
  poly 10: -237.36 -231.407 187.673 -243.368 -248.375 187.673
  poly 11: -237.36 -231.407 187.673 -243.368 -248.375 187.673
  poly 12: -308.316 -206.286 187.673 -314.324 -223.253 187.673
  poly 13: -308.316 -206.286 187.673 -314.324 -223.253 187.673
  poly 14: -308.316 -206.286 187.673 -314.324 -223.253 187.673
  poly 15: -308.316 -206.286 187.673 -314.324 -223.253 187.673
  poly 16: -379.272 -181.164 187.673 -385.28 -198.132 187.673
  poly 17: -379.272 -181.164 187.673 -385.28 -198.132 187.673
  poly 18: -379.272 -181.164 187.673 -385.28 -198.132 187.673
  poly 19: -379.272 -181.164 187.673 -385.28 -198.132 187.673
  poly 20: -379.272 -181.164 133.498 -385.28 -198.132 133.498
  poly 21: -379.272 -181.164 133.498 -385.28 -198.132 133.498
  poly 22: -379.272 -181.164 133.498 -385.28 -198.132 133.498
  poly 23: -379.272 -181.164 133.498 -385.28 -198.132 133.498
  poly 24: -379.272 -181.164 79.3224 -385.28 -198.132 79.3224
  poly 25: -379.272 -181.164 79.3224 -385.28 -198.132 79.3224
  poly 26: -379.272 -181.164 79.3224 -385.28 -198.132 79.3224
  poly 27: -379.272 -181.164 79.3224 -385.28 -198.132 79.3224
  poly 28: -331.268 -198.159 67.5382 -337.276 -215.127 67.5382
  poly 29: -331.268 -198.159 67.5382 -337.276 -215.127 67.5382
  poly 30: -331.268 -198.159 67.5382 -337.276 -215.127 67.5382
  poly 31: -331.268 -198.159 67.5382 -337.276 -215.127 67.5382
  poly 32: -252.662 -225.99 48.2416 -258.669 -242.958 48.2416
  poly 33: -252.662 -225.99 48.2416 -258.669 -242.958 48.2416
  poly 34: -252.662 -225.99 48.2416 -258.669 -242.958 48.2416
  poly 35: -252.662 -225.99 48.2416 -258.669 -242.958 48.2416
  poly 36: -174.055 -253.821 28.9449 -180.063 -270.788 28.9449
  poly 37: -174.055 -253.821 28.9449 -180.063 -270.788 28.9449
  poly 38: -174.055 -253.821 28.9449 -180.063 -270.788 28.9449
  poly 39: -174.055 -253.821 28.9449 -180.063 -270.788 28.9449
  poly 40: -95.4486 -281.651 9.64825 -101.456 -298.619 9.64825
  poly 41: -95.4486 -281.651 9.64825 -101.456 -298.619 9.64825
  poly 42: -95.4486 -281.651 9.64825 -101.456 -298.619 9.64825
  poly 43: -95.4486 -281.651 9.64825 -101.456 -298.619 9.64825
  poly 44: -95.4486 -281.651 98.6607 -101.456 -298.619 98.6607
  poly 45: -95.4486 -281.651 98.6607 -101.456 -298.619 98.6607
  poly 46: -1208.42 74.2051 232.673 -189.015 -286.714 232.673 -189.015 -286.714 214.673 -287.054 -252.003 214.673 -287.054 -252.003 232.673 -428.832 -201.807 232.673 -428.832 -201.807 162.534 -411.178 -208.057 162.534 -411.178 -208.057 111.176 -428.832 -201.807 111.176 -428.832 -201.807 41.2966 -79.5583 -325.467 -44.4445 -1208.42 74.2051 232.673
  poly 47: -1198.12 89.6539 232.673 -164.333 -276.357 232.673 -164.333 -276.357 214.673 -299.721 -228.424 214.673 -299.721 -228.424 232.673 -427.7 -183.113 232.673 -427.7 -183.113 172.316 -410.045 -189.363 172.316 -410.045 -189.363 101.394 -427.7 -183.113 101.394 -427.7 -183.113 43.5467 -59.0363 -313.638 -46.9543 -1198.12 89.6539 232.673
