# wood joints after construct_joint_by_index
# count=87
joint 0 type=12 v0=0 v1=4 f0_0=4 f1_0=5 name=ss_e_ip_2 orient=1 div=1 shift=0.5
  jv[0] pts=5 (-464.343,-431.124,0) (-459.6,-411.695,0) (-459.6,-411.695,20) (-464.343,-431.124,20) (-464.343,-431.124,0)
  jv[1] pts=5 (-444.914,-435.868,0) (-440.17,-416.438,0) (-440.17,-416.438,20) (-444.914,-435.868,20) (-444.914,-435.868,0)
  jv[2] pts=5 (-464.343,-431.124,0) (-459.6,-411.695,0) (-459.6,-411.695,20) (-464.343,-431.124,20) (-464.343,-431.124,0)
  jv[3] pts=5 (-444.914,-435.868,0) (-440.17,-416.438,0) (-440.17,-416.438,20) (-444.914,-435.868,20) (-444.914,-435.868,0)
  m[0][0] pts=4 (-449.99,-424.335,0) (-446.857,-435.393,0) (-462.4,-431.598,0) (-454.524,-423.228,0)
  m[0][1] pts=2 (-449.99,-424.335,0) (-454.524,-423.228,0)
  f[0][0] pts=4 (-449.99,-424.335,0) (-442.113,-415.964,0) (-457.657,-412.169,0) (-454.524,-423.228,0)
  f[0][1] pts=2 (-449.99,-424.335,0) (-454.524,-423.228,0)
  m[1][0] pts=4 (-449.99,-424.335,20) (-446.857,-435.393,20) (-462.4,-431.598,20) (-454.524,-423.228,20)
  m[1][1] pts=2 (-449.99,-424.335,20) (-454.524,-423.228,20)
  f[1][0] pts=4 (-449.99,-424.335,20) (-442.113,-415.964,20) (-457.657,-412.169,20) (-454.524,-423.228,20)
  f[1][1] pts=2 (-449.99,-424.335,20) (-454.524,-423.228,20)
joint 1 type=12 v0=0 v1=6 f0_0=5 f1_0=2 name=ss_e_ip_2 orient=1 div=1 shift=0.5
  jv[0] pts=5 (-338.045,-511.619,0) (-318.616,-516.363,0) (-318.616,-516.363,20) (-338.045,-511.619,20) (-338.045,-511.619,0)
  jv[1] pts=5 (-342.788,-531.048,0) (-323.359,-535.792,0) (-323.359,-535.792,20) (-342.788,-531.048,20) (-342.788,-531.048,0)
  jv[2] pts=5 (-338.045,-511.619,0) (-318.616,-516.363,0) (-318.616,-516.363,20) (-338.045,-511.619,20) (-338.045,-511.619,0)
  jv[3] pts=5 (-342.788,-531.048,0) (-323.359,-535.792,0) (-323.359,-535.792,20) (-342.788,-531.048,20) (-342.788,-531.048,0)
  m[0][0] pts=4 (-331.255,-525.972,0) (-342.314,-529.105,0) (-338.519,-513.562,0) (-330.149,-521.439,0)
  m[0][1] pts=2 (-331.255,-525.972,0) (-330.149,-521.439,0)
  f[0][0] pts=4 (-331.255,-525.972,0) (-322.885,-533.849,0) (-319.09,-518.305,0) (-330.149,-521.439,0)
  f[0][1] pts=2 (-331.255,-525.972,0) (-330.149,-521.439,0)
  m[1][0] pts=4 (-331.255,-525.972,20) (-342.314,-529.105,20) (-338.519,-513.562,20) (-330.149,-521.439,20)
  m[1][1] pts=2 (-331.255,-525.972,20) (-330.149,-521.439,20)
  f[1][0] pts=4 (-331.255,-525.972,20) (-322.885,-533.849,20) (-319.09,-518.305,20) (-330.149,-521.439,20)
  f[1][1] pts=2 (-331.255,-525.972,20) (-330.149,-521.439,20)
joint 2 type=12 v0=1 v1=4 f0_0=7 f1_0=2 name=ss_e_ip_2 orient=1 div=2 shift=0.5
  jv[0] pts=5 (-382.061,70.1113,0) (-386.261,50.5574,0) (-386.261,50.5574,20) (-382.061,70.1113,20) (-382.061,70.1113,0)
  jv[1] pts=5 (-401.615,74.3117,0) (-405.815,54.7577,0) (-405.815,54.7577,20) (-401.615,74.3117,20) (-401.615,74.3117,0)
  jv[2] pts=5 (-382.061,70.1113,0) (-386.261,50.5574,0) (-386.261,50.5574,20) (-382.061,70.1113,20) (-382.061,70.1113,0)
  jv[3] pts=5 (-401.615,74.3117,0) (-405.815,54.7577,0) (-405.815,54.7577,20) (-401.615,74.3117,20) (-401.615,74.3117,0)
  m[0][0] pts=8 (-494.249,83.9821,0) (-497.689,94.9492,0) (-482.046,91.5889,0) (-489.686,83.002,0) (-298.19,41.867,0) (-301.63,52.8341,0) (-285.987,49.4738,0) (-293.627,40.887,0)
  m[0][1] pts=2 (-494.249,83.9821,0) (-293.627,40.887,0)
  f[0][0] pts=8 (-494.249,83.9821,0) (-501.889,75.3952,0) (-486.246,72.0349,0) (-489.686,83.002,0) (-298.19,41.867,0) (-305.83,33.2802,0) (-290.187,29.9199,0) (-293.627,40.887,0)
  f[0][1] pts=2 (-494.249,83.9821,0) (-293.627,40.887,0)
  m[1][0] pts=8 (-494.249,83.9821,20) (-497.689,94.9492,20) (-482.046,91.5889,20) (-489.686,83.002,20) (-298.19,41.867,20) (-301.63,52.8341,20) (-285.987,49.4738,20) (-293.627,40.887,20)
  m[1][1] pts=2 (-494.249,83.9821,20) (-293.627,40.887,20)
  f[1][0] pts=8 (-494.249,83.9821,20) (-501.889,75.3952,20) (-486.246,72.0349,20) (-489.686,83.002,20) (-298.19,41.867,20) (-305.83,33.2802,20) (-290.187,29.9199,20) (-293.627,40.887,20)
  f[1][1] pts=2 (-494.249,83.9821,20) (-293.627,40.887,20)
joint 3 type=12 v0=1 v1=7 f0_0=6 f1_0=5 name=ss_e_ip_2 orient=1 div=1 shift=0.5
  jv[0] pts=5 (-98.3642,9.17101,0) (-102.565,-10.3829,0) (-102.565,-10.3829,20) (-98.3642,9.17101,20) (-98.3642,9.17101,0)
  jv[1] pts=5 (-117.918,13.3714,0) (-122.118,-6.1826,0) (-122.118,-6.1826,20) (-117.918,13.3714,20) (-117.918,13.3714,0)
  jv[2] pts=5 (-98.3642,9.17101,0) (-102.565,-10.3829,0) (-102.565,-10.3829,20) (-98.3642,9.17101,20) (-98.3642,9.17101,0)
  jv[3] pts=5 (-117.918,13.3714,0) (-122.118,-6.1826,0) (-122.118,-6.1826,20) (-117.918,13.3714,20) (-117.918,13.3714,0)
  m[0][0] pts=4 (-112.523,1.98424,0) (-115.963,12.9513,0) (-100.32,9.59104,0) (-107.96,1.00416,0)
  m[0][1] pts=2 (-112.523,1.98424,0) (-107.96,1.00416,0)
  f[0][0] pts=4 (-112.523,1.98424,0) (-120.163,-6.60263,0) (-104.52,-9.96291,0) (-107.96,1.00416,0)
  f[0][1] pts=2 (-112.523,1.98424,0) (-107.96,1.00416,0)
  m[1][0] pts=4 (-112.523,1.98424,20) (-115.963,12.9513,20) (-100.32,9.59104,20) (-107.96,1.00416,20)
  m[1][1] pts=2 (-112.523,1.98424,20) (-107.96,1.00416,20)
  f[1][0] pts=4 (-112.523,1.98424,20) (-120.163,-6.60263,20) (-104.52,-9.96291,20) (-107.96,1.00416,20)
  f[1][1] pts=2 (-112.523,1.98424,20) (-107.96,1.00416,20)
joint 4 type=12 v0=1 v1=2 f0_0=4 f1_0=4 name=ss_e_ip_2 orient=1 div=1 shift=0.5
  jv[0] pts=5 (-209.682,288.068,0) (-192.342,298.035,0) (-192.342,298.035,20) (-209.682,288.068,20) (-209.682,288.068,0)
  jv[1] pts=5 (-199.715,270.728,0) (-182.375,280.695,0) (-182.375,280.695,20) (-199.715,270.728,20) (-199.715,270.728,0)
  jv[2] pts=5 (-209.682,288.068,0) (-192.342,298.035,0) (-192.342,298.035,20) (-209.682,288.068,20) (-209.682,288.068,0)
  jv[3] pts=5 (-199.715,270.728,0) (-182.375,280.695,0) (-182.375,280.695,20) (-199.715,270.728,20) (-199.715,270.728,0)
  m[0][0] pts=4 (-194.865,282.359,0) (-200.711,272.462,0) (-208.685,286.334,0) (-197.191,286.404,0)
  m[0][1] pts=2 (-194.865,282.359,0) (-197.191,286.404,0)
  f[0][0] pts=4 (-194.865,282.359,0) (-183.372,282.429,0) (-191.345,296.301,0) (-197.191,286.404,0)
  f[0][1] pts=2 (-194.865,282.359,0) (-197.191,286.404,0)
  m[1][0] pts=4 (-194.865,282.359,20) (-200.711,272.462,20) (-208.685,286.334,20) (-197.191,286.404,20)
  m[1][1] pts=2 (-194.865,282.359,20) (-197.191,286.404,20)
  f[1][0] pts=4 (-194.865,282.359,20) (-183.372,282.429,20) (-191.345,296.301,20) (-197.191,286.404,20)
  f[1][1] pts=2 (-194.865,282.359,20) (-197.191,286.404,20)
joint 5 type=12 v0=1 v1=5 f0_0=3 f1_0=3 name=ss_e_ip_2 orient=1 div=2 shift=0.5
  jv[0] pts=5 (-420.365,253.438,0) (-430.332,270.778,0) (-430.332,270.778,20) (-420.365,253.438,20) (-420.365,253.438,0)
  jv[1] pts=5 (-403.025,263.405,0) (-412.992,280.745,0) (-412.992,280.745,20) (-403.025,263.405,20) (-403.025,263.405,0)
  jv[2] pts=5 (-420.365,253.438,0) (-430.332,270.778,0) (-430.332,270.778,20) (-420.365,253.438,20) (-420.365,253.438,0)
  jv[3] pts=5 (-403.025,263.405,0) (-412.992,280.745,0) (-412.992,280.745,20) (-403.025,263.405,20) (-403.025,263.405,0)
  m[0][0] pts=8 (-327.727,318.221,0) (-317.831,312.375,0) (-331.702,304.401,0) (-331.773,315.895,0) (-501.584,218.288,0) (-491.687,212.442,0) (-505.559,204.468,0) (-505.63,215.962,0)
  m[0][1] pts=2 (-327.727,318.221,0) (-505.63,215.962,0)
  f[0][0] pts=8 (-327.727,318.221,0) (-327.797,329.714,0) (-341.669,321.741,0) (-331.773,315.895,0) (-501.584,218.288,0) (-501.654,229.781,0) (-515.526,221.808,0) (-505.63,215.962,0)
  f[0][1] pts=2 (-327.727,318.221,0) (-505.63,215.962,0)
  m[1][0] pts=8 (-327.727,318.221,20) (-317.831,312.375,20) (-331.702,304.401,20) (-331.773,315.895,20) (-501.584,218.288,20) (-491.687,212.442,20) (-505.559,204.468,20) (-505.63,215.962,20)
  m[1][1] pts=2 (-327.727,318.221,20) (-505.63,215.962,20)
  f[1][0] pts=8 (-327.727,318.221,20) (-327.797,329.714,20) (-341.669,321.741,20) (-331.773,315.895,20) (-501.584,218.288,20) (-501.654,229.781,20) (-515.526,221.808,20) (-505.63,215.962,20)
  f[1][1] pts=2 (-327.727,318.221,20) (-505.63,215.962,20)
joint 6 type=12 v0=1 v1=8 f0_0=5 f1_0=3 name=ss_e_ip_2 orient=1 div=1 shift=0.5
  jv[0] pts=5 (-99.3053,96.0426,0) (-81.9656,106.009,0) (-81.9656,106.009,20) (-99.3053,96.0426,20) (-99.3053,96.0426,0)
  jv[1] pts=5 (-89.3384,78.703,0) (-71.9988,88.6698,0) (-71.9988,88.6698,20) (-89.3384,78.703,20) (-89.3384,78.703,0)
  jv[2] pts=5 (-99.3053,96.0426,0) (-81.9656,106.009,0) (-81.9656,106.009,20) (-99.3053,96.0426,20) (-99.3053,96.0426,0)
  jv[3] pts=5 (-89.3384,78.703,0) (-71.9988,88.6698,0) (-71.9988,88.6698,20) (-89.3384,78.703,20) (-89.3384,78.703,0)
  m[0][0] pts=4 (-84.4892,90.3333,0) (-90.3351,80.437,0) (-98.3086,94.3087,0) (-86.8148,94.3792,0)
  m[0][1] pts=2 (-84.4892,90.3333,0) (-86.8148,94.3792,0)
  f[0][0] pts=4 (-84.4892,90.3333,0) (-72.9955,90.4038,0) (-80.969,104.276,0) (-86.8148,94.3792,0)
  f[0][1] pts=2 (-84.4892,90.3333,0) (-86.8148,94.3792,0)
  m[1][0] pts=4 (-84.4892,90.3333,20) (-90.3351,80.437,20) (-98.3086,94.3087,20) (-86.8148,94.3792,20)
  m[1][1] pts=2 (-84.4892,90.3333,20) (-86.8148,94.3792,20)
  f[1][0] pts=4 (-84.4892,90.3333,20) (-72.9955,90.4038,20) (-80.969,104.276,20) (-86.8148,94.3792,20)
  f[1][1] pts=2 (-84.4892,90.3333,20) (-86.8148,94.3792,20)
joint 7 type=12 v0=2 v1=5 f0_0=5 f1_0=2 name=ss_e_ip_2 orient=1 div=1 shift=0.5
  jv[0] pts=5 (-293.873,474.672,0) (-311.213,464.705,0) (-311.213,464.705,20) (-293.873,474.672,20) (-293.873,474.672,0)
  jv[1] pts=5 (-303.84,492.012,0) (-321.18,482.045,0) (-321.18,482.045,20) (-303.84,492.012,20) (-303.84,492.012,0)
  jv[2] pts=5 (-293.873,474.672,0) (-311.213,464.705,0) (-311.213,464.705,20) (-293.873,474.672,20) (-293.873,474.672,0)
  jv[3] pts=5 (-303.84,492.012,0) (-321.18,482.045,0) (-321.18,482.045,20) (-303.84,492.012,20) (-303.84,492.012,0)
  m[0][0] pts=4 (-308.689,480.381,0) (-302.843,490.278,0) (-294.87,476.406,0) (-306.364,476.335,0)
  m[0][1] pts=2 (-308.689,480.381,0) (-306.364,476.335,0)
  f[0][0] pts=4 (-308.689,480.381,0) (-320.183,480.311,0) (-312.209,466.439,0) (-306.364,476.335,0)
  f[0][1] pts=2 (-308.689,480.381,0) (-306.364,476.335,0)
  m[1][0] pts=4 (-308.689,480.381,20) (-302.843,490.278,20) (-294.87,476.406,20) (-306.364,476.335,20)
  m[1][1] pts=2 (-308.689,480.381,20) (-306.364,476.335,20)
  f[1][0] pts=4 (-308.689,480.381,20) (-320.183,480.311,20) (-312.209,466.439,20) (-306.364,476.335,20)
  f[1][1] pts=2 (-308.689,480.381,20) (-306.364,476.335,20)
joint 8 type=12 v0=2 v1=8 f0_0=3 f1_0=4 name=ss_e_ip_2 orient=1 div=3 shift=0.5
  jv[0] pts=5 (192.456,409.674,0) (202.423,392.334,0) (202.423,392.334,20) (192.456,409.674,20) (192.456,409.674,0)
  jv[1] pts=5 (175.116,399.707,0) (185.083,382.367,0) (185.083,382.367,20) (175.116,399.707,20) (175.116,399.707,0)
  jv[2] pts=5 (192.456,409.674,0) (202.423,392.334,0) (202.423,392.334,20) (192.456,409.674,20) (192.456,409.674,0)
  jv[3] pts=5 (175.116,399.707,0) (185.083,382.367,0) (185.083,382.367,20) (175.116,399.707,20) (175.116,399.707,0)
  m[0][0] pts=12 (-38.2349,265.538,0) (-48.1312,271.384,0) (-34.2595,279.358,0) (-34.189,267.864,0) (186.747,394.858,0) (176.85,400.704,0) (190.722,408.677,0) (190.793,397.183,0) (411.728,524.177,0) (401.832,530.023,0) (415.704,537.997,0) (415.774,526.503,0)
  m[0][1] pts=2 (-38.2349,265.538,0) (415.774,526.503,0)
  f[0][0] pts=12 (-38.2349,265.538,0) (-38.1644,254.045,0) (-24.2927,262.018,0) (-34.189,267.864,0) (186.747,394.858,0) (186.817,383.364,0) (200.689,391.338,0) (190.793,397.183,0) (411.728,524.177,0) (411.799,512.684,0) (425.67,520.657,0) (415.774,526.503,0)
  f[0][1] pts=2 (-38.2349,265.538,0) (415.774,526.503,0)
  m[1][0] pts=12 (-38.2349,265.538,20) (-48.1312,271.384,20) (-34.2595,279.358,20) (-34.189,267.864,20) (186.747,394.858,20) (176.85,400.704,20) (190.722,408.677,20) (190.793,397.183,20) (411.728,524.177,20) (401.832,530.023,20) (415.704,537.997,20) (415.774,526.503,20)
  m[1][1] pts=2 (-38.2349,265.538,20) (415.774,526.503,20)
  f[1][0] pts=12 (-38.2349,265.538,20) (-38.1644,254.045,20) (-24.2927,262.018,20) (-34.189,267.864,20) (186.747,394.858,20) (186.817,383.364,20) (200.689,391.338,20) (190.793,397.183,20) (411.728,524.177,20) (411.799,512.684,20) (425.67,520.657,20) (415.774,526.503,20)
  f[1][1] pts=2 (-38.2349,265.538,20) (415.774,526.503,20)
joint 9 type=12 v0=3 v1=6 f0_0=2 f1_0=5 name=ss_e_ip_2 orient=1 div=1 shift=0.5
  jv[0] pts=5 (-78.4146,-486.304,0) (-97.8439,-481.56,0) (-97.8439,-481.56,20) (-78.4146,-486.304,20) (-78.4146,-486.304,0)
  jv[1] pts=5 (-73.671,-466.874,0) (-93.1003,-462.131,0) (-93.1003,-462.131,20) (-73.671,-466.874,20) (-73.671,-466.874,0)
  jv[2] pts=5 (-78.4146,-486.304,0) (-97.8439,-481.56,0) (-97.8439,-481.56,20) (-78.4146,-486.304,20) (-78.4146,-486.304,0)
  jv[3] pts=5 (-73.671,-466.874,0) (-93.1003,-462.131,0) (-93.1003,-462.131,20) (-73.671,-466.874,20) (-73.671,-466.874,0)
  m[0][0] pts=4 (-85.204,-471.951,0) (-74.1453,-468.817,0) (-77.9402,-484.361,0) (-86.3108,-476.484,0)
  m[0][1] pts=2 (-85.204,-471.951,0) (-86.3108,-476.484,0)
  f[0][0] pts=4 (-85.204,-471.951,0) (-93.5746,-464.074,0) (-97.3695,-479.617,0) (-86.3108,-476.484,0)
  f[0][1] pts=2 (-85.204,-471.951,0) (-86.3108,-476.484,0)
  m[1][0] pts=4 (-85.204,-471.951,20) (-74.1453,-468.817,20) (-77.9402,-484.361,20) (-86.3108,-476.484,20)
  m[1][1] pts=2 (-85.204,-471.951,20) (-86.3108,-476.484,20)
  f[1][0] pts=4 (-85.204,-471.951,20) (-93.5746,-464.074,20) (-97.3695,-479.617,20) (-86.3108,-476.484,20)
  f[1][1] pts=2 (-85.204,-471.951,20) (-86.3108,-476.484,20)
joint 10 type=12 v0=3 v1=7 f0_0=3 f1_0=2 name=ss_e_ip_2 orient=1 div=3 shift=0.5
  jv[0] pts=5 (254.169,-444.82,0) (258.912,-425.391,0) (258.912,-425.391,20) (254.169,-444.82,20) (254.169,-444.82,0)
  jv[1] pts=5 (273.598,-449.564,0) (278.342,-430.134,0) (278.342,-430.134,20) (273.598,-449.564,20) (273.598,-449.564,0)
  jv[2] pts=5 (254.169,-444.82,0) (258.912,-425.391,0) (258.912,-425.391,20) (254.169,-444.82,20) (254.169,-444.82,0)
  jv[3] pts=5 (273.598,-449.564,0) (278.342,-430.134,0) (278.342,-430.134,20) (273.598,-449.564,20) (273.598,-449.564,0)
  m[0][0] pts=12 (520.617,-499.579,0) (523.75,-510.638,0) (508.207,-506.843,0) (516.084,-498.473,0) (268.522,-438.031,0) (271.655,-449.089,0) (256.112,-445.294,0) (263.988,-436.924,0) (16.4267,-376.482,0) (19.5599,-387.541,0) (4.01641,-383.746,0) (11.8932,-375.375,0)
  m[0][1] pts=2 (520.617,-499.579,0) (11.8932,-375.375,0)
  f[0][0] pts=12 (520.617,-499.579,0) (528.494,-491.209,0) (512.951,-487.414,0) (516.084,-498.473,0) (268.522,-438.031,0) (276.399,-429.66,0) (260.855,-425.865,0) (263.988,-436.924,0) (16.4267,-376.482,0) (24.3035,-368.111,0) (8.76005,-364.316,0) (11.8932,-375.375,0)
  f[0][1] pts=2 (520.617,-499.579,0) (11.8932,-375.375,0)
  m[1][0] pts=12 (520.617,-499.579,20) (523.75,-510.638,20) (508.207,-506.843,20) (516.084,-498.473,20) (268.522,-438.031,20) (271.655,-449.089,20) (256.112,-445.294,20) (263.988,-436.924,20) (16.4267,-376.482,20) (19.5599,-387.541,20) (4.01641,-383.746,20) (11.8932,-375.375,20)
  m[1][1] pts=2 (520.617,-499.579,20) (11.8932,-375.375,20)
  f[1][0] pts=12 (520.617,-499.579,20) (528.494,-491.209,20) (512.951,-487.414,20) (516.084,-498.473,20) (268.522,-438.031,20) (276.399,-429.66,20) (260.855,-425.865,20) (263.988,-436.924,20) (16.4267,-376.482,20) (24.3035,-368.111,20) (8.76005,-364.316,20) (11.8932,-375.375,20)
  f[1][1] pts=2 (520.617,-499.579,20) (11.8932,-375.375,20)
joint 11 type=12 v0=4 v1=6 f0_0=4 f1_0=3 name=ss_e_ip_2 orient=1 div=1 shift=0.5
  jv[0] pts=5 (-303.226,-369.007,0) (-283.797,-373.751,0) (-283.797,-373.751,20) (-303.226,-369.007,20) (-303.226,-369.007,0)
  jv[1] pts=5 (-307.97,-388.437,0) (-288.541,-393.18,0) (-288.541,-393.18,20) (-307.97,-388.437,20) (-307.97,-388.437,0)
  jv[2] pts=5 (-303.226,-369.007,0) (-283.797,-373.751,0) (-283.797,-373.751,20) (-303.226,-369.007,20) (-303.226,-369.007,0)
  jv[3] pts=5 (-307.97,-388.437,0) (-288.541,-393.18,0) (-288.541,-393.18,20) (-307.97,-388.437,20) (-307.97,-388.437,0)
  m[0][0] pts=4 (-296.437,-383.361,0) (-307.496,-386.494,0) (-303.701,-370.95,0) (-295.33,-378.827,0)
  m[0][1] pts=2 (-296.437,-383.361,0) (-295.33,-378.827,0)
  f[0][0] pts=4 (-296.437,-383.361,0) (-288.066,-391.237,0) (-284.271,-375.694,0) (-295.33,-378.827,0)
  f[0][1] pts=2 (-296.437,-383.361,0) (-295.33,-378.827,0)
  m[1][0] pts=4 (-296.437,-383.361,20) (-307.496,-386.494,20) (-303.701,-370.95,20) (-295.33,-378.827,20)
  m[1][1] pts=2 (-296.437,-383.361,20) (-295.33,-378.827,20)
  f[1][0] pts=4 (-296.437,-383.361,20) (-288.066,-391.237,20) (-284.271,-375.694,20) (-295.33,-378.827,20)
  f[1][1] pts=2 (-296.437,-383.361,20) (-295.33,-378.827,20)
joint 12 type=12 v0=4 v1=7 f0_0=3 f1_0=4 name=ss_e_ip_2 orient=1 div=2 shift=0.5
  jv[0] pts=5 (-244.908,-130.144,0) (-225.479,-134.887,0) (-225.479,-134.887,20) (-244.908,-130.144,20) (-244.908,-130.144,0)
  jv[1] pts=5 (-249.652,-149.573,0) (-230.222,-154.317,0) (-230.222,-154.317,20) (-249.652,-149.573,20) (-249.652,-149.573,0)
  jv[2] pts=5 (-244.908,-130.144,0) (-225.479,-134.887,0) (-225.479,-134.887,20) (-244.908,-130.144,20) (-244.908,-130.144,0)
  jv[3] pts=5 (-249.652,-149.573,0) (-230.222,-154.317,0) (-230.222,-154.317,20) (-249.652,-149.573,20) (-249.652,-149.573,0)
  m[0][0] pts=8 (-261.9,-241.901,0) (-272.959,-245.035,0) (-269.164,-229.491,0) (-260.793,-237.368,0) (-214.338,-47.0924,0) (-225.396,-50.2255,0) (-221.601,-34.6821,0) (-213.231,-42.5589,0)
  m[0][1] pts=2 (-261.9,-241.901,0) (-213.231,-42.5589,0)
  f[0][0] pts=8 (-261.9,-241.901,0) (-253.529,-249.778,0) (-249.734,-234.235,0) (-260.793,-237.368,0) (-214.338,-47.0924,0) (-205.967,-54.9691,0) (-202.172,-39.4257,0) (-213.231,-42.5589,0)
  f[0][1] pts=2 (-261.9,-241.901,0) (-213.231,-42.5589,0)
  m[1][0] pts=8 (-261.9,-241.901,20) (-272.959,-245.035,20) (-269.164,-229.491,20) (-260.793,-237.368,20) (-214.338,-47.0924,20) (-225.396,-50.2255,20) (-221.601,-34.6821,20) (-213.231,-42.5589,20)
  m[1][1] pts=2 (-261.9,-241.901,20) (-213.231,-42.5589,20)
  f[1][0] pts=8 (-261.9,-241.901,20) (-253.529,-249.778,20) (-249.734,-234.235,20) (-260.793,-237.368,20) (-214.338,-47.0924,20) (-205.967,-54.9691,20) (-202.172,-39.4257,20) (-213.231,-42.5589,20)
  f[1][1] pts=2 (-261.9,-241.901,20) (-213.231,-42.5589,20)
joint 13 type=12 v0=6 v1=7 f0_0=4 f1_0=3 name=ss_e_ip_2 orient=1 div=1 shift=0.5
  jv[0] pts=5 (-179.456,-338.951,0) (-174.713,-319.522,0) (-174.713,-319.522,20) (-179.456,-338.951,20) (-179.456,-338.951,0)
  jv[1] pts=5 (-160.027,-343.695,0) (-155.284,-324.265,0) (-155.284,-324.265,20) (-160.027,-343.695,20) (-160.027,-343.695,0)
  jv[2] pts=5 (-179.456,-338.951,0) (-174.713,-319.522,0) (-174.713,-319.522,20) (-179.456,-338.951,20) (-179.456,-338.951,0)
  jv[3] pts=5 (-160.027,-343.695,0) (-155.284,-324.265,0) (-155.284,-324.265,20) (-160.027,-343.695,20) (-160.027,-343.695,0)
  m[0][0] pts=4 (-165.103,-332.162,0) (-161.97,-343.22,0) (-177.514,-339.425,0) (-169.637,-331.055,0)
  m[0][1] pts=2 (-165.103,-332.162,0) (-169.637,-331.055,0)
  f[0][0] pts=4 (-165.103,-332.162,0) (-157.226,-323.791,0) (-172.77,-319.996,0) (-169.637,-331.055,0)
  f[0][1] pts=2 (-165.103,-332.162,0) (-169.637,-331.055,0)
  m[1][0] pts=4 (-165.103,-332.162,20) (-161.97,-343.22,20) (-177.514,-339.425,20) (-169.637,-331.055,20)
  m[1][1] pts=2 (-165.103,-332.162,20) (-169.637,-331.055,20)
  f[1][0] pts=4 (-165.103,-332.162,20) (-157.226,-323.791,20) (-172.77,-319.996,20) (-169.637,-331.055,20)
  f[1][1] pts=2 (-165.103,-332.162,20) (-169.637,-331.055,20)
joint 14 type=12 v0=7 v1=8 f0_0=6 f1_0=2 name=ss_e_ip_2 orient=1 div=3 shift=0.5
  jv[0] pts=5 (271.821,-90.804,0) (276.021,-71.25,0) (276.021,-71.25,20) (271.821,-90.804,20) (271.821,-90.804,0)
  jv[1] pts=5 (291.375,-95.0043,0) (295.575,-75.4504,0) (295.575,-75.4504,20) (291.375,-95.0043,20) (291.375,-95.0043,0)
  jv[2] pts=5 (271.821,-90.804,0) (276.021,-71.25,0) (276.021,-71.25,20) (271.821,-90.804,20) (271.821,-90.804,0)
  jv[3] pts=5 (291.375,-95.0043,0) (295.575,-75.4504,0) (295.575,-75.4504,20) (291.375,-95.0043,20) (291.375,-95.0043,0)
  m[0][0] pts=12 (539.692,-138.117,0) (543.132,-149.084,0) (527.489,-145.724,0) (535.13,-137.137,0) (285.98,-83.6172,0) (289.42,-94.5843,0) (273.777,-91.224,0) (281.417,-82.6371,0) (32.267,-29.1177,0) (35.7071,-40.0848,0) (20.064,-36.7245,0) (27.7044,-28.1377,0)
  m[0][1] pts=2 (539.692,-138.117,0) (27.7044,-28.1377,0)
  f[0][0] pts=12 (539.692,-138.117,0) (547.333,-129.53,0) (531.689,-126.17,0) (535.13,-137.137,0) (285.98,-83.6172,0) (293.62,-75.0303,0) (277.977,-71.6701,0) (281.417,-82.6371,0) (32.267,-29.1177,0) (39.9075,-20.5309,0) (24.2643,-17.1706,0) (27.7044,-28.1377,0)
  f[0][1] pts=2 (539.692,-138.117,0) (27.7044,-28.1377,0)
  m[1][0] pts=12 (539.692,-138.117,20) (543.132,-149.084,20) (527.489,-145.724,20) (535.13,-137.137,20) (285.98,-83.6172,20) (289.42,-94.5843,20) (273.777,-91.224,20) (281.417,-82.6371,20) (32.267,-29.1177,20) (35.7071,-40.0848,20) (20.064,-36.7245,20) (27.7044,-28.1377,20)
  m[1][1] pts=2 (539.692,-138.117,20) (27.7044,-28.1377,20)
  f[1][0] pts=12 (539.692,-138.117,20) (547.333,-129.53,20) (531.689,-126.17,20) (535.13,-137.137,20) (285.98,-83.6172,20) (293.62,-75.0303,20) (277.977,-71.6701,20) (281.417,-82.6371,20) (32.267,-29.1177,20) (39.9075,-20.5309,20) (24.2643,-17.1706,20) (27.7044,-28.1377,20)
  f[1][1] pts=2 (539.692,-138.117,20) (27.7044,-28.1377,20)
joint 15 type=12 v0=9 v1=27 f0_0=5 f1_0=8 name=ss_e_ip_2 orient=1 div=1 shift=0.5
  jv[0] pts=5 (1401.63,457.356,5.20485) (1414.6,451.919,19.6821) (1405.07,460.558,35.234) (1392.1,465.995,20.7567) (1401.63,457.356,5.20485)
  jv[1] pts=5 (1391.25,440.527,8.18848) (1404.21,435.09,22.6657) (1394.68,443.729,38.2176) (1381.72,449.166,23.7404) (1391.25,440.527,8.18848)
  jv[2] pts=5 (1400.36,458.514,7.28936) (1415.88,450.761,17.5976) (1406.35,459.4,33.1495) (1390.83,467.153,22.8413) (1400.36,458.514,7.28936)
  jv[3] pts=5 (1389.97,441.685,10.273) (1405.49,433.932,20.5813) (1395.96,442.571,36.1332) (1380.44,450.324,25.8249) (1389.97,441.685,10.273)
  m[0][0] pts=4 (1401.71,444.26,14.2834) (1392.29,442.21,7.89012) (1400.6,455.673,5.50321) (1404.14,448.186,13.5872)
  m[0][1] pts=2 (1401.71,444.26,14.2834) (1404.14,448.186,13.5872)
  f[0][0] pts=4 (1401.71,444.26,14.2834) (1406.53,435.615,20.2829) (1414.84,449.078,17.896) (1404.14,448.186,13.5872)
  f[0][1] pts=2 (1401.71,444.26,14.2834) (1404.14,448.186,13.5872)
  m[1][0] pts=4 (1392.18,452.899,29.8353) (1382.76,450.849,23.442) (1391.07,464.312,21.0551) (1394.61,456.826,29.1391)
  m[1][1] pts=2 (1392.18,452.899,29.8353) (1394.61,456.826,29.1391)
  f[1][0] pts=4 (1392.18,452.899,29.8353) (1397,444.254,35.8348) (1405.31,457.717,33.4479) (1394.61,456.826,29.1391)
  f[1][1] pts=2 (1392.18,452.899,29.8353) (1394.61,456.826,29.1391)
joint 16 type=12 v0=9 v1=32 f0_0=6 f1_0=2 name=ss_e_ip_2 orient=1 div=1 shift=0.5
  jv[0] pts=5 (1316.35,393.515,-21.4625) (1307.95,375.95,-16.3229) (1295.71,383.283,-2.11603) (1304.1,400.848,-7.2556) (1316.35,393.515,-21.4625)
  jv[1] pts=5 (1302.08,396.314,-35.1981) (1293.68,378.749,-30.0586) (1281.44,386.082,-15.8517) (1289.84,403.647,-20.9912) (1302.08,396.314,-35.1981)
  jv[2] pts=5 (1302.69,401.698,-5.60958) (1297.13,382.433,-3.76202) (1309.37,375.1,-17.9689) (1314.93,394.365,-19.8165) (1302.69,401.698,-5.60958)
  jv[3] pts=5 (1288.42,404.497,-19.3452) (1282.86,385.232,-17.4976) (1295.1,377.899,-31.7046) (1300.66,397.164,-33.5521) (1288.42,404.497,-19.3452)
  m[0][0] pts=4 (1303.35,386.459,-27.363) (1303.51,396.034,-33.8246) (1314.92,393.795,-22.8361) (1306.68,385.806,-24.158)
  m[0][1] pts=2 (1303.35,386.459,-27.363) (1306.68,385.806,-24.158)
  f[0][0] pts=4 (1291.11,393.792,-13.1561) (1284.29,384.952,-16.1241) (1295.7,382.713,-5.13558) (1294.44,393.138,-9.95112)
  f[0][1] pts=2 (1291.11,393.792,-13.1561) (1294.44,393.138,-9.95112)
  m[1][0] pts=4 (1291.11,393.792,-13.1561) (1291.27,403.367,-19.6177) (1302.68,401.128,-8.62916) (1294.44,393.138,-9.95114)
  m[1][1] pts=2 (1291.11,393.792,-13.1561) (1294.44,393.138,-9.95114)
  f[1][0] pts=4 (1303.35,386.459,-27.363) (1296.53,377.619,-30.331) (1307.94,375.38,-19.3425) (1306.68,385.806,-24.158)
  f[1][1] pts=2 (1303.35,386.459,-27.363) (1306.68,385.806,-24.158)
joint 17 type=12 v0=9 v1=24 f0_0=4 f1_0=5 name=ss_e_ip_2 orient=1 div=1 shift=0.5
  jv[0] pts=5 (1391.82,560.296,-73.7627) (1405.55,575.038,-72.5451) (1396.12,586.374,-58.7711) (1382.39,571.632,-59.9887) (1391.82,560.296,-73.7627)
  jv[1] pts=5 (1401.2,550.357,-59.1589) (1414.93,565.1,-57.9413) (1405.49,576.436,-44.1673) (1391.77,561.693,-45.3848) (1401.2,550.357,-59.1589)
  jv[2] pts=5 (1390.56,561.809,-71.9239) (1406.81,573.525,-74.3839) (1397.38,584.861,-60.6099) (1381.13,573.145,-58.1499) (1390.56,561.809,-71.9239)
  jv[3] pts=5 (1399.94,551.87,-57.3201) (1416.19,563.586,-59.7801) (1406.75,574.922,-46.0061) (1390.51,563.206,-43.5461) (1399.94,551.87,-57.3201)
  m[0][0] pts=4 (1404.47,561.538,-64.1482) (1400.27,551.351,-60.6192) (1392.76,559.302,-72.3023) (1402.28,563.857,-67.5558)
  m[0][1] pts=2 (1404.47,561.538,-64.1482) (1402.28,563.857,-67.5558)
  f[0][0] pts=4 (1404.47,561.538,-64.1482) (1415.25,564.58,-61.2404) (1407.75,572.531,-72.9235) (1402.28,563.857,-67.5558)
  f[0][1] pts=2 (1404.47,561.538,-64.1482) (1402.28,563.857,-67.5558)
  m[1][0] pts=4 (1395.04,572.874,-50.3742) (1390.83,562.687,-46.8452) (1383.33,570.638,-58.5283) (1392.85,575.193,-53.7818)
  m[1][1] pts=2 (1395.04,572.874,-50.3742) (1392.85,575.193,-53.7818)
  f[1][0] pts=4 (1395.04,572.874,-50.3742) (1405.82,575.916,-47.4665) (1398.31,583.867,-59.1495) (1392.85,575.193,-53.7818)
  f[1][1] pts=2 (1395.04,572.874,-50.3742) (1392.85,575.193,-53.7818)
joint 18 type=12 v0=10 v1=21 f0_0=3 f1_0=2 name=ss_e_ip_2 orient=1 div=1 shift=0.5
  jv[0] pts=5 (2380.03,511.708,-73.2801) (2393.24,496.873,-69.3602) (2404.54,506.327,-55.4761) (2391.33,521.162,-59.396) (2380.03,511.708,-73.2801)
  jv[1] pts=5 (2368.03,504.84,-58.8337) (2381.23,490.005,-54.9138) (2392.53,499.458,-41.0296) (2379.33,514.293,-44.9495) (2368.03,504.84,-58.8337)
  jv[2] pts=5 (2381.78,513.171,-71.1327) (2391.49,495.411,-71.5077) (2402.79,504.865,-57.6235) (2393.08,522.624,-57.2485) (2381.78,513.171,-71.1327)
  jv[3] pts=5 (2369.78,506.302,-56.6862) (2379.49,488.543,-57.0613) (2390.78,497.996,-43.1771) (2381.08,515.755,-42.802) (2369.78,506.302,-56.6862)
  m[0][0] pts=4 (2379.23,500.055,-62.4116) (2369.23,505.527,-60.2784) (2378.83,511.022,-71.8355) (2382.03,501.658,-65.7824)
  m[0][1] pts=2 (2379.23,500.055,-62.4116) (2382.03,501.658,-65.7824)
  f[0][0] pts=4 (2379.23,500.055,-62.4116) (2380.69,489.23,-58.5059) (2390.29,494.724,-70.0631) (2382.03,501.658,-65.7824)
  f[0][1] pts=2 (2379.23,500.055,-62.4116) (2382.03,501.658,-65.7824)
  m[1][0] pts=4 (2390.53,509.509,-48.5274) (2380.53,514.98,-46.3942) (2390.13,520.475,-57.9513) (2393.33,511.111,-51.8982)
  m[1][1] pts=2 (2390.53,509.509,-48.5274) (2393.33,511.111,-51.8982)
  f[1][0] pts=4 (2390.53,509.509,-48.5274) (2391.99,498.683,-44.6217) (2401.59,504.178,-56.1789) (2393.33,511.111,-51.8982)
  f[1][1] pts=2 (2390.53,509.509,-48.5274) (2393.33,511.111,-51.8982)
joint 19 type=12 v0=10 v1=26 f0_0=4 f1_0=8 name=ss_e_ip_2 orient=1 div=1 shift=0.5
  jv[0] pts=5 (2283.1,499.185,5.37607) (2282.9,484.073,18.8896) (2292.12,493.344,34.3824) (2292.32,508.456,20.8689) (2283.1,499.185,5.37607)
  jv[1] pts=5 (2265.37,505.489,12.1576) (2265.17,490.377,25.6711) (2274.39,499.648,41.1639) (2274.6,514.76,27.6504) (2265.37,505.489,12.1576)
  jv[2] pts=5 (2293.84,509.976,23.4083) (2290.61,491.824,31.843) (2281.38,482.553,16.3502) (2284.61,500.705,7.91546) (2293.84,509.976,23.4083)
  jv[3] pts=5 (2276.11,516.28,30.1898) (2272.88,498.128,38.6245) (2263.66,488.857,23.1317) (2266.88,507.009,14.697) (2276.11,516.28,30.1898)
  m[0][0] pts=4 (2272.07,495.517,16.3148) (2267.15,504.859,11.4795) (2281.33,499.816,6.05423) (2276.2,494.046,14.7324)
  m[0][1] pts=2 (2272.07,495.517,16.3148) (2276.2,494.046,14.7324)
  f[0][0] pts=4 (2281.29,504.787,31.8076) (2274.65,497.498,37.9464) (2288.84,492.455,32.5211) (2285.43,503.317,30.2252)
  f[0][1] pts=2 (2281.29,504.787,31.8076) (2285.43,503.317,30.2252)
  m[1][0] pts=4 (2281.29,504.787,31.8076) (2276.37,514.13,26.9723) (2290.55,509.087,21.5471) (2285.43,503.317,30.2252)
  m[1][1] pts=2 (2281.29,504.787,31.8076) (2285.43,503.317,30.2252)
  f[1][0] pts=4 (2272.07,495.517,16.3148) (2265.43,488.227,22.4535) (2279.61,483.184,17.0283) (2276.2,494.046,14.7324)
  f[1][1] pts=2 (2272.07,495.517,16.3148) (2276.2,494.046,14.7324)
joint 20 type=12 v0=10 v1=29 f0_0=5 f1_0=2 name=ss_e_ip_2 orient=1 div=1 shift=0.5
  jv[0] pts=5 (2192.69,566.892,8.50394) (2177.61,563.882,21.6765) (2184.53,575.164,36.9948) (2199.61,578.174,23.8222) (2192.69,566.892,8.50394)
  jv[1] pts=5 (2183.07,582.803,1.1321) (2167.99,579.793,14.3047) (2174.91,591.074,29.6229) (2189.99,594.084,16.4504) (2183.07,582.803,1.1321)
  jv[2] pts=5 (2200.68,579.921,26.1949) (2183.46,573.416,34.6221) (2176.54,562.135,19.3038) (2193.76,568.64,10.8767) (2200.68,579.921,26.1949)
  jv[3] pts=5 (2191.06,595.832,18.8231) (2173.84,589.327,27.2502) (2166.92,578.045,11.932) (2184.14,584.55,3.50482) (2191.06,595.832,18.8231)
  m[0][0] pts=4 (2179.22,575.199,10.5443) (2184.03,581.212,1.86929) (2191.72,568.483,7.76676) (2181.46,571.486,12.2644)
  m[0][1] pts=2 (2179.22,575.199,10.5443) (2181.46,571.486,12.2644)
  f[0][0] pts=4 (2186.14,586.48,25.8625) (2174.8,587.736,27.9874) (2182.5,575.007,33.8849) (2188.38,582.768,27.5826)
  f[0][1] pts=2 (2186.14,586.48,25.8625) (2188.38,582.768,27.5826)
  m[1][0] pts=4 (2186.14,586.48,25.8625) (2190.95,592.493,17.1876) (2198.65,579.765,23.085) (2188.38,582.768,27.5826)
  m[1][1] pts=2 (2186.14,586.48,25.8625) (2188.38,582.768,27.5826)
  f[1][0] pts=4 (2179.22,575.199,10.5443) (2167.88,576.454,12.6691) (2175.58,563.726,18.5666) (2181.46,571.486,12.2644)
  f[1][1] pts=2 (2179.22,575.199,10.5443) (2181.46,571.486,12.2644)
joint 21 type=12 v0=10 v1=30 f0_0=6 f1_0=2 name=ss_e_ip_2 orient=1 div=1 shift=0.5
  jv[0] pts=5 (2158.54,643.166,-35.1731) (2140.87,652.194,-30.8446) (2147.07,665.505,-16.8174) (2164.73,656.477,-21.1459) (2158.54,643.166,-35.1731)
  jv[1] pts=5 (2161.93,656.691,-49.5092) (2144.27,665.719,-45.1807) (2150.47,679.03,-31.1535) (2168.13,670.002,-35.482) (2161.93,656.691,-49.5092)
  jv[2] pts=5 (2165.81,658.781,-18.7177) (2145.99,663.201,-19.2456) (2139.8,649.89,-33.2728) (2159.61,645.47,-32.7449) (2165.81,658.781,-18.7177)
  jv[3] pts=5 (2169.21,672.306,-33.0537) (2149.39,676.725,-33.5817) (2143.19,663.415,-47.6089) (2163.01,658.995,-47.0809) (2169.21,672.306,-33.0537)
  m[0][0] pts=4 (2151.8,656.02,-41.8494) (2161.59,655.338,-48.0756) (2158.88,644.518,-36.6067) (2151.01,652.865,-38.5044)
  m[0][1] pts=2 (2151.8,656.02,-41.8494) (2151.01,652.865,-38.5044)
  f[0][0] pts=4 (2158,669.331,-27.8222) (2149.05,675.373,-32.1481) (2146.33,664.553,-20.6793) (2157.2,666.175,-24.4772)
  f[0][1] pts=2 (2158,669.331,-27.8222) (2157.2,666.175,-24.4772)
  m[1][0] pts=4 (2158,669.331,-27.8222) (2167.79,668.649,-34.0484) (2165.07,657.829,-22.5795) (2157.2,666.175,-24.4772)
  m[1][1] pts=2 (2158,669.331,-27.8222) (2157.2,666.175,-24.4772)
  f[1][0] pts=4 (2151.8,656.02,-41.8494) (2142.85,662.062,-46.1753) (2140.14,651.242,-34.7065) (2151.01,652.865,-38.5044)
  f[1][1] pts=2 (2151.8,656.02,-41.8494) (2151.01,652.865,-38.5044)
joint 22 type=12 v0=11 v1=16 f0_0=5 f1_0=6 name=ss_e_ip_2 orient=1 div=1 shift=0.5
  jv[0] pts=5 (2441.51,-170.25,-1.90472) (2447.67,-151.789,4.43515) (2460.27,-156.462,19.8774) (2454.11,-174.923,13.5375) (2441.51,-170.25,-1.90472)
  jv[1] pts=5 (2456.88,-170.999,-14.6748) (2463.05,-152.538,-8.33498) (2475.65,-157.211,7.10723) (2469.48,-175.672,0.767371) (2456.88,-170.999,-14.6748)
  jv[2] pts=5 (2456.79,-175.919,16.8287) (2457.59,-155.466,16.5862) (2444.99,-150.793,1.14398) (2444.19,-171.246,1.38649) (2456.79,-175.919,16.8287)
  jv[3] pts=5 (2472.17,-176.668,4.05857) (2472.96,-156.215,3.81606) (2460.36,-151.542,-11.6261) (2459.57,-171.995,-11.3836) (2472.17,-176.668,4.05857)
  m[0][0] pts=4 (2454.07,-161.481,-6.6097) (2455.35,-170.924,-13.3978) (2443.05,-170.325,-3.18173) (2450.49,-161.306,-3.63)
  m[0][1] pts=2 (2454.07,-161.481,-6.6097) (2450.49,-161.306,-3.63)
  f[0][0] pts=4 (2466.67,-166.155,8.83253) (2471.43,-156.14,5.09307) (2459.13,-155.541,15.3092) (2463.08,-165.98,11.8122)
  f[0][1] pts=2 (2466.67,-166.155,8.83253) (2463.08,-165.98,11.8122)
  m[1][0] pts=4 (2466.67,-166.155,8.83252) (2467.94,-175.598,2.04438) (2455.65,-174.998,12.2605) (2463.08,-165.98,11.8122)
  m[1][1] pts=2 (2466.67,-166.155,8.83252) (2463.08,-165.98,11.8122)
  f[1][0] pts=4 (2454.07,-161.481,-6.60968) (2458.83,-151.467,-10.3491) (2446.53,-150.868,-0.133032) (2450.49,-161.307,-3.62998)
  f[1][1] pts=2 (2454.07,-161.481,-6.60968) (2450.49,-161.307,-3.62998)
joint 23 type=12 v0=11 v1=34 f0_0=4 f1_0=2 name=ss_e_ip_2 orient=1 div=1 shift=0.5
  jv[0] pts=5 (2332.88,-210.947,60.234) (2328.64,-195.586,73.0108) (2339.06,-201.081,89.6917) (2343.3,-216.441,76.9148) (2332.88,-210.947,60.234)
  jv[1] pts=5 (2348.86,-200.963,53.533) (2344.62,-185.603,66.3098) (2355.05,-191.098,82.9907) (2359.28,-206.458,70.2138) (2348.86,-200.963,53.533)
  jv[2] pts=5 (2345.42,-217.555,80.296) (2336.95,-199.967,86.3104) (2326.53,-194.473,69.6296) (2334.99,-212.06,63.6152) (2345.42,-217.555,80.296)
  jv[3] pts=5 (2361.4,-207.571,73.595) (2352.93,-189.984,79.6095) (2342.51,-184.489,62.9286) (2350.97,-202.077,56.9142) (2361.4,-207.571,73.595)
  m[0][0] pts=4 (2340.61,-197.11,62.4901) (2347.26,-201.962,54.2031) (2334.47,-209.948,59.5639) (2336.88,-199.44,64.0537)
  m[0][1] pts=2 (2340.61,-197.11,62.4901) (2336.88,-199.44,64.0537)
  f[0][0] pts=4 (2351.04,-202.605,79.171) (2351.34,-190.982,80.2796) (2338.55,-198.969,85.6403) (2347.31,-204.934,80.7345)
  f[0][1] pts=2 (2351.04,-202.605,79.171) (2347.31,-204.934,80.7345)
  m[1][0] pts=4 (2351.04,-202.605,79.171) (2357.69,-207.456,70.8839) (2344.9,-215.443,76.2447) (2347.31,-204.934,80.7345)
  m[1][1] pts=2 (2351.04,-202.605,79.171) (2347.31,-204.934,80.7345)
  f[1][0] pts=4 (2340.61,-197.11,62.4901) (2340.91,-185.488,63.5987) (2328.12,-193.474,68.9595) (2336.88,-199.44,64.0537)
  f[1][1] pts=2 (2340.61,-197.11,62.4901) (2336.88,-199.44,64.0537)
joint 24 type=12 v0=11 v1=22 f0_0=3 f1_0=2 name=ss_e_ip_2 orient=1 div=2 shift=0.5
  jv[0] pts=5 (2301.74,-384.283,-20.7191) (2285.25,-392.157,-12.3214) (2294.79,-401.596,2.65571) (2311.29,-393.722,-5.74198) (2301.74,-384.283,-20.7191)
  jv[1] pts=5 (2299.82,-368.017,-9.24268) (2283.33,-375.89,-0.845) (2292.87,-385.329,14.1321) (2309.36,-377.455,5.73445) (2299.82,-368.017,-9.24268)
  jv[2] pts=5 (2312.29,-394.718,-4.16153) (2293.79,-400.6,1.07526) (2284.24,-391.161,-13.9019) (2302.75,-385.279,-19.1387) (2312.29,-394.718,-4.16153)
  jv[3] pts=5 (2310.37,-378.451,7.3149) (2291.86,-384.333,12.5517) (2282.32,-374.894,-2.42545) (2300.83,-369.013,-7.66224) (2310.37,-378.451,7.3149)
  m[0][0] pts=8 (2282.67,-296.641,48.0914) (2290.37,-288.095,47.1442) (2291.91,-301.108,37.9631) (2283.12,-300.436,45.4136) (2301.95,-459.737,-66.9777) (2309.65,-451.191,-67.9249) (2311.19,-464.205,-77.106) (2302.4,-463.533,-69.6555)
  m[0][1] pts=2 (2282.67,-296.641,48.0914) (2302.4,-463.533,-69.6555)
  f[0][0] pts=8 (2292.22,-306.08,63.0685) (2282.42,-304.412,68.9386) (2283.96,-317.425,59.7574) (2292.66,-309.875,60.3907) (2311.49,-469.176,-52.0005) (2301.69,-467.508,-46.1305) (2303.23,-480.521,-55.3116) (2311.94,-472.971,-54.6784)
  f[0][1] pts=2 (2292.22,-306.08,63.0685) (2311.94,-472.971,-54.6784)
  m[1][0] pts=8 (2292.22,-306.08,63.0685) (2299.92,-297.534,62.1214) (2301.46,-310.547,52.9402) (2292.66,-309.875,60.3907) (2311.49,-469.176,-52.0006) (2319.19,-460.63,-52.9477) (2320.73,-473.643,-62.1289) (2311.94,-472.971,-54.6784)
  m[1][1] pts=2 (2292.22,-306.08,63.0685) (2311.94,-472.971,-54.6784)
  f[1][0] pts=8 (2282.67,-296.641,48.0914) (2272.87,-294.973,53.9614) (2274.41,-307.986,44.7803) (2283.12,-300.436,45.4136) (2301.95,-459.737,-66.9777) (2292.15,-458.069,-61.1076) (2293.69,-471.082,-70.2888) (2302.4,-463.533,-69.6555)
  f[1][1] pts=2 (2282.67,-296.641,48.0914) (2302.4,-463.533,-69.6555)
joint 25 type=12 v0=12 v1=29 f0_0=5 f1_0=6 name=ss_e_ip_2 orient=1 div=1 shift=0.5
  jv[0] pts=5 (1911.69,552.901,88.9968) (1931.55,551.164,92.5781) (1932.73,562.265,109.478) (1912.87,564.001,105.896) (1911.69,552.901,88.9968)
  jv[1] pts=5 (1908.28,536.54,99.9819) (1928.14,534.803,103.563) (1929.32,545.903,120.463) (1909.46,547.64,116.881) (1908.28,536.54,99.9819)
  jv[2] pts=5 (1911.88,554.652,91.6623) (1931.36,549.414,89.9127) (1932.54,560.514,106.812) (1913.06,565.752,108.562) (1911.88,554.652,91.6623)
  jv[3] pts=5 (1908.47,538.291,102.647) (1927.95,533.052,100.898) (1929.13,544.153,117.797) (1909.65,549.391,119.547) (1908.47,538.291,102.647)
  m[0][0] pts=4 (1919.52,541.943,97.5616) (1908.62,538.176,98.8834) (1911.35,551.265,90.0954) (1920.31,545.761,94.9984)
  m[0][1] pts=2 (1919.52,541.943,97.5616) (1920.31,545.761,94.9984)
  f[0][0] pts=4 (1919.52,541.943,97.5616) (1928.29,534.689,99.7992) (1931.02,547.778,91.0112) (1920.31,545.761,94.9984)
  f[0][1] pts=2 (1919.52,541.943,97.5616) (1920.31,545.761,94.9984)
  m[1][0] pts=4 (1920.7,553.044,114.461) (1909.8,549.276,115.783) (1912.53,562.365,106.995) (1921.49,556.861,111.898)
  m[1][1] pts=2 (1920.7,553.044,114.461) (1921.49,556.861,111.898)
  f[1][0] pts=4 (1920.7,553.044,114.461) (1929.47,545.789,116.699) (1932.2,558.878,107.911) (1921.49,556.861,111.898)
  f[1][1] pts=2 (1920.7,553.044,114.461) (1921.49,556.861,111.898)
joint 26 type=12 v0=12 v1=27 f0_0=7 f1_0=3 name=ss_e_ip_2 orient=1 div=1 shift=0.5
  jv[0] pts=5 (1640.86,511.972,85.1459) (1623.63,502.333,89.7995) (1618.79,512.093,106.913) (1636.03,521.733,102.26) (1640.86,511.972,85.1459)
  jv[1] pts=5 (1630.49,525.4,74.5568) (1613.26,515.761,79.2104) (1608.42,525.522,96.324) (1625.66,535.161,91.6704) (1630.49,525.4,74.5568)
  jv[2] pts=5 (1635.22,523.367,105.124) (1619.6,510.46,104.048) (1624.44,500.699,86.9347) (1640.05,513.606,88.0106) (1635.22,523.367,105.124)
  jv[3] pts=5 (1624.85,536.795,94.5351) (1609.23,523.888,93.4593) (1614.07,514.127,76.3456) (1629.68,527.034,77.4215) (1624.85,536.795,94.5351)
  m[0][0] pts=4 (1625.85,515.433,80.9427) (1631.53,524.058,75.6157) (1639.83,513.315,84.0869) (1628.27,512.3,83.4135)
  m[0][1] pts=2 (1625.85,515.433,80.9427) (1628.27,512.3,83.4135)
  f[0][0] pts=4 (1621.02,525.194,98.0564) (1610.27,522.545,94.5182) (1618.57,511.802,102.989) (1623.44,522.061,100.527)
  f[0][1] pts=2 (1621.02,525.194,98.0564) (1623.44,522.061,100.527)
  m[1][0] pts=4 (1621.02,525.194,98.0564) (1626.69,533.818,92.7293) (1634.99,523.076,101.201) (1623.44,522.061,100.527)
  m[1][1] pts=2 (1621.02,525.194,98.0564) (1623.44,522.061,100.527)
  f[1][0] pts=4 (1625.85,515.433,80.9427) (1615.11,512.784,77.4045) (1623.4,502.042,85.8758) (1628.27,512.3,83.4135)
  f[1][1] pts=2 (1625.85,515.433,80.9427) (1628.27,512.3,83.4135)
joint 27 type=12 v0=12 v1=24 f0_0=2 f1_0=3 name=ss_e_ip_2 orient=1 div=1 shift=0.5
  jv[0] pts=5 (1653.56,613.549,15.9329) (1635.79,620.381,9.05263) (1631.06,632.821,24.3141) (1648.84,625.989,31.1943) (1653.56,613.549,15.9329)
  jv[1] pts=5 (1662.94,628.552,6.60588) (1645.16,635.384,-0.274343) (1640.44,647.824,14.9871) (1658.22,640.992,21.8674) (1662.94,628.552,6.60588)
  jv[2] pts=5 (1648.1,627.929,33.5749) (1631.8,630.88,21.9335) (1636.52,618.44,6.67207) (1652.83,615.49,18.3134) (1648.1,627.929,33.5749)
  jv[3] pts=5 (1657.48,642.933,24.2479) (1641.18,645.883,12.6066) (1645.9,633.444,-2.6549) (1662.2,630.493,8.98644) (1657.48,642.933,24.2479)
  m[0][0] pts=4 (1650.46,626.217,6.74111) (1662,627.052,7.53858) (1654.5,615.05,15.0002) (1648.27,622.716,8.9174)
  m[0][1] pts=2 (1650.46,626.217,6.74111) (1648.27,622.716,8.9174)
  f[0][0] pts=4 (1645.73,638.657,22.0026) (1640.24,644.383,13.5393) (1632.74,632.381,21.0008) (1643.55,635.156,24.1789)
  f[0][1] pts=2 (1645.73,638.657,22.0026) (1643.55,635.156,24.1789)
  m[1][0] pts=4 (1645.73,638.657,22.0026) (1657.28,639.492,22.8001) (1649.78,627.489,30.2616) (1643.55,635.156,24.1789)
  m[1][1] pts=2 (1645.73,638.657,22.0026) (1643.55,635.156,24.1789)
  f[1][0] pts=4 (1650.46,626.217,6.74111) (1644.96,631.943,-1.72221) (1637.46,619.941,5.73937) (1648.27,622.716,8.9174)
  f[1][1] pts=2 (1650.46,626.217,6.74111) (1648.27,622.716,8.9174)
joint 28 type=12 v0=12 v1=30 f0_0=4 f1_0=4 name=ss_e_ip_2 orient=1 div=1 shift=0.5
  jv[0] pts=5 (1862.9,655.748,11.5548) (1878.84,666.772,5.78286) (1879.26,679.784,21.2599) (1863.32,668.76,27.0318) (1862.9,655.748,11.5548)
  jv[1] pts=5 (1875.05,643.428,21.5847) (1890.99,654.452,15.8127) (1891.41,667.464,31.2898) (1875.47,656.44,37.0617) (1875.05,643.428,21.5847)
  jv[2] pts=5 (1862.96,657.681,13.8546) (1878.78,664.838,3.48302) (1879.2,677.851,18.96) (1863.38,670.694,29.3317) (1862.96,657.681,13.8546)
  jv[3] pts=5 (1875.11,645.362,23.8845) (1890.93,652.519,13.5129) (1891.35,665.531,28.9899) (1875.53,658.374,39.3615) (1875.11,645.362,23.8845)
  m[0][0] pts=4 (1878.37,653.663,14.8539) (1873.84,644.66,20.5817) (1864.12,654.516,12.5578) (1875.53,656.537,12.5136)
  m[0][1] pts=2 (1878.37,653.663,14.8539) (1875.53,656.537,12.5136)
  f[0][0] pts=4 (1878.37,653.663,14.8539) (1889.72,653.751,12.5099) (1880,663.606,4.48601) (1875.53,656.537,12.5136)
  f[0][1] pts=2 (1878.37,653.663,14.8539) (1875.53,656.537,12.5136)
  m[1][0] pts=4 (1878.78,666.675,30.3309) (1874.25,657.672,36.0587) (1864.53,667.528,28.0348) (1875.95,669.55,27.9906)
  m[1][1] pts=2 (1878.78,666.675,30.3309) (1875.95,669.55,27.9906)
  f[1][0] pts=4 (1878.78,666.675,30.3309) (1890.14,666.763,27.9869) (1880.42,676.619,19.963) (1875.95,669.55,27.9906)
  f[1][1] pts=2 (1878.78,666.675,30.3309) (1875.95,669.55,27.9906)
joint 29 type=12 v0=12 v1=37 f0_0=6 f1_0=7 name=ss_e_ip_2 orient=1 div=1 shift=0.5
  jv[0] pts=5 (1791.1,492.727,116.492) (1790.53,476.181,127.946) (1788.51,485.667,145.587) (1789.08,502.213,134.134) (1791.1,492.727,116.492)
  jv[1] pts=5 (1771.2,492.08,114.566) (1770.63,475.534,126.02) (1768.62,485.02,143.661) (1769.19,501.566,132.208) (1771.2,492.08,114.566)
  jv[2] pts=5 (1788.85,503.296,136.146) (1788.74,484.585,143.574) (1790.76,475.098,125.933) (1790.87,493.809,118.505) (1788.85,503.296,136.146)
  jv[3] pts=5 (1768.96,502.648,134.22) (1768.85,483.938,141.648) (1770.86,474.451,124.007) (1770.97,493.162,116.579) (1768.96,502.648,134.22)
  m[0][0] pts=4 (1778.54,484.055,121.031) (1773.19,492.144,114.759) (1789.11,492.662,116.3) (1783.19,484.206,121.481)
  m[0][1] pts=2 (1778.54,484.055,121.031) (1783.19,484.206,121.481)
  f[0][0] pts=4 (1776.53,493.541,138.673) (1770.84,484.002,141.841) (1786.75,484.52,143.382) (1781.17,493.692,139.122)
  f[0][1] pts=2 (1776.53,493.541,138.673) (1781.17,493.692,139.122)
  m[1][0] pts=4 (1776.53,493.541,138.673) (1771.18,501.631,132.4) (1787.09,502.149,133.941) (1781.17,493.692,139.122)
  m[1][1] pts=2 (1776.53,493.541,138.673) (1781.17,493.692,139.122)
  f[1][0] pts=4 (1778.54,484.055,121.031) (1772.85,474.516,124.2) (1788.77,475.034,125.74) (1783.19,484.206,121.481)
  f[1][1] pts=2 (1778.54,484.055,121.031) (1783.19,484.206,121.481)
joint 30 type=12 v0=13 v1=26 f0_0=3 f1_0=5 name=ss_e_ip_2 orient=1 div=1 shift=0.5
  jv[0] pts=5 (2178.9,195.387,171.573) (2191.44,211.212,168.627) (2198.18,214.633,187.585) (2185.63,198.809,190.531) (2178.9,195.387,171.573)
  jv[1] pts=5 (2194.09,182.762,168.455) (2206.64,198.586,165.509) (2213.37,202.007,184.467) (2200.83,186.183,187.413) (2194.09,182.762,168.455)
  jv[2] pts=5 (2180.24,196.067,175.34) (2190.1,210.532,164.859) (2196.84,213.953,183.817) (2186.97,199.489,194.298) (2180.24,196.067,175.34)
  jv[3] pts=5 (2195.43,183.442,172.222) (2205.3,197.906,161.742) (2212.03,201.327,180.7) (2202.16,186.863,191.18) (2195.43,183.442,172.222)
  m[0][0] pts=4 (2194.54,195.514,168.177) (2192.57,184.024,168.766) (2180.42,194.125,171.261) (2190.99,198.46,168.904)
  m[0][1] pts=2 (2194.54,195.514,168.177) (2190.99,198.46,168.904)
  f[0][0] pts=4 (2194.54,195.514,168.177) (2203.78,199.169,162.053) (2191.62,209.269,164.548) (2190.99,198.46,168.904)
  f[0][1] pts=2 (2194.54,195.514,168.177) (2190.99,198.46,168.904)
  m[1][0] pts=4 (2201.27,198.935,187.135) (2199.31,187.446,187.724) (2187.15,197.546,190.219) (2197.73,201.881,187.862)
  m[1][1] pts=2 (2201.27,198.935,187.135) (2197.73,201.881,187.862)
  f[1][0] pts=4 (2201.27,198.935,187.135) (2210.51,202.59,181.011) (2198.36,212.69,183.506) (2197.73,201.881,187.862)
  f[1][1] pts=2 (2201.27,198.935,187.135) (2197.73,201.881,187.862)
joint 31 type=12 v0=13 v1=31 f0_0=2 f1_0=6 name=ss_e_ip_2 orient=1 div=1 shift=0.5
  jv[0] pts=5 (2050.7,204.629,199.256) (2050.36,224.813,199.044) (2054.56,227.834,218.558) (2054.9,207.65,218.77) (2050.7,204.629,199.256)
  jv[1] pts=5 (2070.25,204.914,195.011) (2069.91,225.097,194.799) (2074.1,228.118,214.314) (2074.44,207.935,214.526) (2070.25,204.914,195.011)
  jv[2] pts=5 (2051.27,205.04,201.909) (2049.79,224.402,196.39) (2053.99,227.423,215.905) (2055.47,208.061,221.423) (2051.27,205.04,201.909)
  jv[3] pts=5 (2070.82,205.325,197.665) (2069.34,224.686,192.146) (2073.53,227.708,211.661) (2075.01,208.346,217.179) (2070.82,205.325,197.665)
  m[0][0] pts=4 (2062.59,214.896,196.532) (2068.29,204.885,195.436) (2052.66,204.658,198.831) (2058.03,214.83,197.523)
  m[0][1] pts=2 (2062.59,214.896,196.532) (2058.03,214.83,197.523)
  f[0][0] pts=4 (2062.59,214.896,196.532) (2067.38,224.658,192.57) (2051.75,224.43,195.966) (2058.03,214.83,197.523)
  f[0][1] pts=2 (2062.59,214.896,196.532) (2058.03,214.83,197.523)
  m[1][0] pts=4 (2066.78,217.918,216.047) (2072.49,207.906,214.95) (2056.85,207.679,218.346) (2062.22,217.851,217.037)
  m[1][1] pts=2 (2066.78,217.918,216.047) (2062.22,217.851,217.037)
  f[1][0] pts=4 (2066.78,217.917,216.047) (2071.58,227.679,212.085) (2055.94,227.451,215.48) (2062.22,217.851,217.037)
  f[1][1] pts=2 (2066.78,217.917,216.047) (2062.22,217.851,217.037)
joint 32 type=12 v0=13 v1=17 f0_0=5 f1_0=2 name=ss_e_ip_2 orient=1 div=1 shift=0.5
  jv[0] pts=5 (2019.25,-86.7183,210.207) (2016.41,-106.824,211.109) (2020.14,-110.128,230.812) (2022.98,-90.0227,229.911) (2019.25,-86.7183,210.207)
  jv[1] pts=5 (1999.9,-83.7979,214.363) (1997.06,-103.903,215.264) (2000.8,-107.207,234.968) (2003.64,-87.1023,234.067) (1999.9,-83.7979,214.363)
  jv[2] pts=5 (2023.65,-90.6113,233.421) (2019.47,-109.539,227.303) (2015.74,-106.235,207.599) (2019.91,-87.3069,213.717) (2023.65,-90.6113,233.421)
  jv[3] pts=5 (2004.3,-87.6909,237.577) (2000.13,-106.619,231.459) (1996.4,-103.315,211.755) (2000.57,-84.3865,217.873) (2004.3,-87.6909,237.577)
  m[0][0] pts=4 (2005.9,-94.97,213.221) (2001.84,-84.09,213.947) (2017.31,-86.4263,210.623) (2010.41,-95.6514,212.251)
  m[0][1] pts=2 (2005.9,-94.97,213.221) (2010.41,-95.6514,212.251)
  f[0][0] pts=4 (2009.63,-98.2744,232.925) (2002.06,-106.911,231.043) (2017.54,-109.247,227.718) (2014.15,-98.9558,231.955)
  f[0][1] pts=2 (2009.63,-98.2744,232.925) (2014.15,-98.9558,231.955)
  m[1][0] pts=4 (2009.63,-98.2744,232.925) (2005.57,-87.3943,233.651) (2021.05,-89.7306,230.327) (2014.15,-98.9558,231.955)
  m[1][1] pts=2 (2009.63,-98.2744,232.925) (2014.15,-98.9558,231.955)
  f[1][0] pts=4 (2005.9,-94.97,213.221) (1998.33,-103.607,211.339) (2013.81,-105.943,208.014) (2010.41,-95.6514,212.251)
  f[1][1] pts=2 (2005.9,-94.97,213.221) (2010.41,-95.6514,212.251)
joint 33 type=12 v0=13 v1=25 f0_0=7 f1_0=2 name=ss_e_ip_2 orient=1 div=1 shift=0.5
  jv[0] pts=5 (1917.22,96.3518,229.751) (1898.77,103.712,233.649) (1900.19,105.117,253.79) (1918.63,97.7563,249.892) (1917.22,96.3518,229.751)
  jv[1] pts=5 (1924.27,114.98,227.957) (1905.83,122.341,231.855) (1907.24,123.745,251.995) (1925.69,116.385,248.097) (1924.27,114.98,227.957)
  jv[2] pts=5 (1918.85,97.9715,252.977) (1899.97,104.902,250.704) (1898.56,103.497,230.563) (1917.44,96.567,232.837) (1918.85,97.9715,252.977)
  jv[3] pts=5 (1925.9,116.6,251.183) (1907.03,123.53,248.91) (1905.61,122.126,228.769) (1924.49,115.195,231.042) (1925.9,116.6,251.183)
  m[0][0] pts=4 (1912.35,111.52,230.594) (1923.57,113.117,228.136) (1917.92,98.2147,229.572) (1910.7,107.173,231.012)
  m[0][1] pts=2 (1912.35,111.52,230.594) (1910.7,107.173,231.012)
  f[0][0] pts=4 (1913.76,112.924,250.734) (1906.32,121.667,249.089) (1900.68,106.765,250.524) (1912.11,108.578,251.153)
  f[0][1] pts=2 (1913.76,112.924,250.734) (1912.11,108.578,251.153)
  m[1][0] pts=4 (1913.76,112.924,250.734) (1924.98,114.522,248.277) (1919.34,99.6192,249.712) (1912.11,108.578,251.153)
  m[1][1] pts=2 (1913.76,112.924,250.734) (1912.11,108.578,251.153)
  f[1][0] pts=4 (1912.35,111.52,230.594) (1904.91,120.263,228.948) (1899.26,105.36,230.384) (1910.7,107.173,231.012)
  f[1][1] pts=2 (1912.35,111.52,230.594) (1910.7,107.173,231.012)
joint 34 type=12 v0=13 v1=33 f0_0=6 f1_0=5 name=ss_e_ip_2 orient=1 div=1 shift=0.5
  jv[0] pts=5 (1915.07,-41.6119,232.171) (1898.46,-52.8443,235.935) (1899.4,-54.7975,256.226) (1916.01,-43.5652,252.462) (1915.07,-41.6119,232.171)
  jv[1] pts=5 (1904.26,-24.9167,234.28) (1887.65,-36.1491,238.044) (1888.59,-38.1023,258.335) (1905.2,-26.8699,254.571) (1904.26,-24.9167,234.28)
  jv[2] pts=5 (1916.2,-43.953,256.49) (1899.21,-54.4097,252.198) (1898.27,-52.4565,231.907) (1915.26,-41.9997,236.2) (1916.2,-43.953,256.49)
  jv[3] pts=5 (1905.39,-27.2577,258.599) (1888.4,-37.7145,254.306) (1887.46,-35.7613,234.016) (1904.45,-25.3045,238.308) (1905.39,-27.2577,258.599)
  m[0][0] pts=4 (1900.1,-36.9327,235.354) (1905.34,-26.5862,234.069) (1913.99,-39.9424,232.382) (1902.62,-40.8283,234.862)
  m[0][1] pts=2 (1900.1,-36.9327,235.354) (1902.62,-40.8283,234.862)
  f[0][0] pts=4 (1901.04,-38.886,255.644) (1889.48,-39.3841,254.095) (1898.13,-52.7402,252.408) (1903.56,-42.7815,255.152)
  f[0][1] pts=2 (1901.04,-38.886,255.644) (1903.56,-42.7815,255.152)
  m[1][0] pts=4 (1901.04,-38.886,255.644) (1906.29,-28.5395,254.36) (1914.93,-41.8956,252.673) (1903.56,-42.7815,255.152)
  m[1][1] pts=2 (1901.04,-38.886,255.644) (1903.56,-42.7815,255.152)
  f[1][0] pts=4 (1900.1,-36.9327,235.354) (1888.54,-37.4308,233.805) (1897.19,-50.787,232.118) (1902.62,-40.8283,234.862)
  f[1][1] pts=2 (1900.1,-36.9327,235.354) (1902.62,-40.8283,234.862)
joint 35 type=12 v0=13 v1=34 f0_0=4 f1_0=5 name=ss_e_ip_2 orient=1 div=2 shift=0.5
  jv[0] pts=5 (2146.01,49.0084,180.782) (2163.9,40.4914,177.02) (2170.49,39.6506,196.069) (2152.6,48.1677,199.832) (2146.01,49.0084,180.782)
  jv[1] pts=5 (2137.81,30.8802,182.818) (2155.71,22.3632,179.055) (2162.29,21.5224,198.105) (2144.4,30.0394,201.867) (2137.81,30.8802,182.818)
  jv[2] pts=5 (2146.87,48.8981,183.282) (2163.04,40.6017,174.52) (2169.63,39.761,193.57) (2153.46,48.0573,202.331) (2146.87,48.8981,183.282)
  jv[3] pts=5 (2138.67,30.7699,185.317) (2154.84,22.4735,176.556) (2161.43,21.6327,195.605) (2145.26,29.9291,204.367) (2138.67,30.7699,185.317)
  m[0][0] pts=8 (2108.8,-57.3111,190.362) (2097.52,-58.1889,192.82) (2104.08,-43.6863,191.191) (2110.71,-53.0811,189.887) (2191,124.453,169.951) (2179.73,123.575,172.409) (2186.29,138.078,170.78) (2192.92,128.683,169.476)
  m[0][1] pts=2 (2108.8,-57.3111,190.362) (2192.92,128.683,169.476)
  f[0][0] pts=8 (2108.8,-57.3111,190.362) (2114.56,-66.5956,186.557) (2121.12,-52.093,184.929) (2110.71,-53.0811,189.887) (2191,124.453,169.951) (2196.76,115.168,166.147) (2203.32,129.671,164.518) (2192.92,128.683,169.476)
  f[0][1] pts=2 (2108.8,-57.3111,190.362) (2192.92,128.683,169.476)
  m[1][0] pts=8 (2115.38,-58.1518,209.411) (2104.11,-59.0297,211.869) (2110.67,-44.5271,210.241) (2117.3,-53.9219,208.936) (2197.59,123.612,189) (2186.32,122.734,191.458) (2192.88,137.237,189.83) (2199.51,127.842,188.525)
  m[1][1] pts=2 (2115.38,-58.1518,209.411) (2199.51,127.842,188.525)
  f[1][0] pts=8 (2115.38,-58.1518,209.411) (2121.15,-67.4364,205.607) (2127.7,-52.9338,203.979) (2117.3,-53.9219,208.936) (2197.59,123.612,189) (2203.35,114.327,185.196) (2209.91,128.83,183.568) (2199.51,127.842,188.525)
  f[1][1] pts=2 (2115.38,-58.1518,209.411) (2199.51,127.842,188.525)
joint 36 type=12 v0=14 v1=32 f0_0=4 f1_0=5 name=ss_e_ip_2 orient=1 div=1 shift=0.5
  jv[0] pts=5 (1230.28,161.198,-17.0699) (1231,181.335,-15.3603) (1217.41,183.559,-0.545674) (1216.7,163.422,-2.25526) (1230.28,161.198,-17.0699)
  jv[1] pts=5 (1244.84,159.525,-3.4654) (1245.56,179.662,-1.75582) (1231.98,181.886,13.0589) (1231.26,161.749,11.3493) (1244.84,159.525,-3.4654)
  jv[2] pts=5 (1228.27,161.527,-14.8822) (1233,181.006,-17.5481) (1219.42,183.231,-2.73339) (1214.69,163.751,-0.0675137) (1228.27,161.527,-14.8822)
  jv[3] pts=5 (1242.84,159.854,-1.27765) (1247.57,179.333,-3.94353) (1233.98,181.558,10.8711) (1229.26,162.078,13.537) (1242.84,159.854,-1.27765)
  m[0][0] pts=4 (1239.62,170.235,-7.82568) (1243.39,159.693,-4.82586) (1231.74,161.031,-15.7095) (1236.22,170.625,-11.0001)
  m[0][1] pts=2 (1239.62,170.235,-7.82568) (1236.22,170.625,-11.0001)
  f[0][0] pts=4 (1239.62,170.235,-7.82566) (1246.11,179.501,-5.30398) (1234.46,180.839,-16.1876) (1236.22,170.625,-11)
  f[0][1] pts=2 (1239.62,170.235,-7.82566) (1236.22,170.625,-11)
  m[1][0] pts=4 (1226.04,172.459,6.98899) (1229.8,161.917,9.98881) (1218.15,163.255,-0.894808) (1222.64,172.849,3.8146)
  m[1][1] pts=2 (1226.04,172.459,6.98899) (1222.64,172.849,3.8146)
  f[1][0] pts=4 (1226.04,172.459,6.989) (1232.53,181.725,9.51068) (1220.88,183.063,-1.37294) (1222.64,172.849,3.81461)
  f[1][1] pts=2 (1226.04,172.459,6.989) (1222.64,172.849,3.81461)
joint 37 type=12 v0=14 v1=36 f0_0=5 f1_0=2 name=ss_e_ip_2 orient=1 div=1 shift=0.5
  jv[0] pts=5 (1295.14,96.754,40.5785) (1306.98,108.15,52.2977) (1294.89,108.942,68.4459) (1283.05,97.5467,56.7267) (1295.14,96.754,40.5785)
  jv[1] pts=5 (1303.79,80.2629,47.8665) (1315.63,91.6585,59.5858) (1303.55,92.4512,75.734) (1291.71,81.0556,64.0148) (1303.79,80.2629,47.8665)
  jv[2] pts=5 (1293.5,96.8613,42.7639) (1308.61,108.042,50.1123) (1296.53,108.835,66.2605) (1281.41,97.654,58.9121) (1293.5,96.8613,42.7639)
  jv[3] pts=5 (1302.16,80.3702,50.0519) (1317.27,91.5512,57.4004) (1305.18,92.3439,73.5486) (1290.07,81.1629,66.2002) (1302.16,80.3702,50.0519)
  m[0][0] pts=4 (1306.39,92.2823,50.9324) (1302.93,81.912,47.1377) (1296,95.1049,41.3073) (1304.37,96.1302,49.2319)
  m[0][1] pts=2 (1306.39,92.2823,50.9324) (1304.37,96.1302,49.2319)
  f[0][0] pts=4 (1306.39,92.2823,50.9324) (1316.4,93.2003,56.6716) (1309.48,106.393,50.8411) (1304.37,96.1302,49.2319)
  f[0][1] pts=2 (1306.39,92.2823,50.9324) (1304.37,96.1302,49.2319)
  m[1][0] pts=4 (1294.31,93.075,67.0806) (1290.84,82.7047,63.2859) (1283.91,95.8976,57.4555) (1292.29,96.9229,65.3801)
  m[1][1] pts=2 (1294.31,93.075,67.0806) (1292.29,96.9229,65.3801)
  f[1][0] pts=4 (1294.31,93.075,67.0806) (1304.32,93.9931,72.8198) (1297.39,107.186,66.9893) (1292.29,96.9229,65.3801)
  f[1][1] pts=2 (1294.31,93.075,67.0806) (1292.29,96.9229,65.3801)
joint 38 type=12 v0=14 v1=19 f0_0=2 f1_0=4 name=ss_e_ip_2 orient=1 div=1 shift=0.5
  jv[0] pts=5 (1251.01,-128.085,-12.4759) (1252.75,-148.312,-11.8779) (1239.36,-152.585,2.7885) (1237.62,-132.358,2.19047) (1251.01,-128.085,-12.4759)
  jv[1] pts=5 (1236.53,-129.738,-26.1725) (1238.27,-149.965,-25.5744) (1224.88,-154.238,-10.908) (1223.14,-134.011,-11.5061) (1236.53,-129.738,-26.1725)
  jv[2] pts=5 (1248.67,-128.829,-9.92085) (1255.08,-147.567,-14.433) (1241.7,-151.84,0.233434) (1235.29,-133.102,4.74555) (1248.67,-128.829,-9.92085)
  jv[3] pts=5 (1234.19,-130.482,-23.6174) (1240.6,-149.22,-28.1295) (1227.22,-153.493,-13.4631) (1220.81,-134.756,-8.95099) (1234.19,-130.482,-23.6174)
  m[0][0] pts=4 (1242.95,-139.218,-20.6231) (1237.97,-129.573,-24.8028) (1249.56,-128.25,-13.8456) (1246.33,-138.832,-17.4272)
  m[0][1] pts=2 (1242.95,-139.218,-20.6231) (1246.33,-138.832,-17.4272)
  f[0][0] pts=4 (1242.95,-139.218,-20.6231) (1242.05,-149.055,-26.7598) (1253.63,-147.732,-15.8026) (1246.33,-138.832,-17.4272)
  f[0][1] pts=2 (1242.95,-139.218,-20.6231) (1246.33,-138.832,-17.4272)
  m[1][0] pts=4 (1229.56,-143.491,-5.95672) (1224.59,-133.846,-10.1364) (1236.17,-132.523,0.820814) (1232.94,-143.105,-2.76086)
  m[1][1] pts=2 (1229.56,-143.491,-5.95672) (1232.94,-143.105,-2.76086)
  f[1][0] pts=4 (1229.56,-143.491,-5.95671) (1228.66,-153.328,-12.0935) (1240.25,-152.006,-1.13622) (1232.94,-143.105,-2.76085)
  f[1][1] pts=2 (1229.56,-143.491,-5.95671) (1232.94,-143.105,-2.76085)
joint 39 type=12 v0=14 v1=35 f0_0=6 f1_0=3 name=ss_e_ip_2 orient=1 div=1 shift=0.5
  jv[0] pts=5 (1305.34,-43.3935,42.9539) (1317.93,-54.4793,54.2188) (1306.03,-56.8111,70.389) (1293.44,-45.7253,59.1241) (1305.34,-43.3935,42.9539)
  jv[1] pts=5 (1297.76,-60.0981,34.9771) (1310.35,-71.184,46.242) (1298.46,-73.5158,62.4122) (1285.87,-62.43,51.1473) (1297.76,-60.0981,34.9771)
  jv[2] pts=5 (1303.64,-43.7263,45.2621) (1319.62,-54.1464,51.9107) (1307.73,-56.4783,68.0808) (1291.75,-46.0582,61.4322) (1303.64,-43.7263,45.2621)
  jv[3] pts=5 (1296.07,-60.431,37.2853) (1312.05,-70.8511,43.9338) (1300.16,-73.183,60.104) (1284.18,-62.7628,53.4554) (1296.07,-60.431,37.2853)
  m[0][0] pts=4 (1306.96,-59.2376,43.6673) (1298.52,-58.4277,35.7748) (1304.58,-45.0639,42.1562) (1308.73,-55.3398,45.5286)
  m[0][1] pts=2 (1306.96,-59.2376,43.6673) (1308.73,-55.3398,45.5286)
  f[0][0] pts=4 (1306.96,-59.2376,43.6673) (1312.81,-69.1807,44.7315) (1318.87,-55.8169,51.113) (1308.73,-55.3398,45.5286)
  f[0][1] pts=2 (1306.96,-59.2376,43.6673) (1308.73,-55.3398,45.5286)
  m[1][0] pts=4 (1295.07,-61.5694,59.8375) (1286.63,-60.7595,51.9449) (1292.69,-47.3958,58.3264) (1296.84,-57.6717,61.6988)
  m[1][1] pts=2 (1295.07,-61.5694,59.8375) (1296.84,-57.6717,61.6988)
  f[1][0] pts=4 (1295.07,-61.5694,59.8375) (1300.92,-71.5125,60.9017) (1306.97,-58.1488,67.2832) (1296.84,-57.6717,61.6988)
  f[1][1] pts=2 (1295.07,-61.5694,59.8375) (1296.84,-57.6717,61.6988)
joint 40 type=12 v0=15 v1=17 f0_0=3 f1_0=5 name=ss_e_ip_2 orient=1 div=1 shift=0.5
  jv[0] pts=5 (1962.79,-422.422,98.817) (1965.51,-406.939,111.718) (1968.18,-417.085,129.138) (1965.46,-432.568,116.238) (1962.79,-422.422,98.817)
  jv[1] pts=5 (1982.49,-423.06,95.4227) (1985.21,-407.577,108.323) (1987.88,-417.723,125.744) (1985.16,-433.206,112.843) (1982.49,-423.06,95.4227)
  jv[2] pts=5 (1965.94,-434.406,119.393) (1967.7,-415.247,125.982) (1965.03,-405.101,108.562) (1963.27,-424.26,101.973) (1965.94,-434.406,119.393)
  jv[3] pts=5 (1985.64,-435.044,115.999) (1987.4,-415.885,122.588) (1984.73,-405.739,105.167) (1982.97,-424.898,98.5784) (1985.64,-435.044,115.999)
  m[0][0] pts=4 (1976.3,-415.074,103.174) (1980.52,-422.996,95.7621) (1964.76,-422.486,98.4776) (1971.7,-414.925,103.966)
  m[0][1] pts=2 (1976.3,-415.074,103.174) (1971.7,-414.925,103.966)
  f[0][0] pts=4 (1978.97,-425.22,120.595) (1985.43,-415.822,122.927) (1969.67,-415.311,125.643) (1974.37,-425.071,121.387)
  f[0][1] pts=2 (1978.97,-425.22,120.595) (1974.37,-425.071,121.387)
  m[1][0] pts=4 (1978.97,-425.22,120.595) (1983.19,-433.143,113.183) (1967.43,-432.632,115.898) (1974.37,-425.071,121.387)
  m[1][1] pts=2 (1978.97,-425.22,120.595) (1974.37,-425.071,121.387)
  f[1][0] pts=4 (1976.3,-415.074,103.174) (1982.76,-405.675,105.507) (1967,-405.164,108.222) (1971.7,-414.925,103.966)
  f[1][1] pts=2 (1976.3,-415.074,103.174) (1971.7,-414.925,103.966)
joint 41 type=12 v0=15 v1=20 f0_0=6 f1_0=4 name=ss_e_ip_2 orient=1 div=1 shift=0.5
  jv[0] pts=5 (1803.67,-585.292,-18.0366) (1783.55,-587.967,-17.4258) (1782.23,-601.383,-2.23612) (1802.35,-598.708,-2.84684) (1803.67,-585.292,-18.0366)
  jv[1] pts=5 (1802.07,-570.281,-4.91707) (1781.95,-572.956,-4.30634) (1780.64,-586.372,10.8834) (1800.76,-583.697,10.2726) (1802.07,-570.281,-4.91707)
  jv[2] pts=5 (1802.13,-601.037,-0.209477) (1782.46,-599.054,-4.87348) (1783.78,-585.638,-20.0632) (1803.44,-587.622,-15.3992) (1802.13,-601.037,-0.209477)
  jv[3] pts=5 (1800.53,-586.026,12.91) (1780.86,-584.043,8.246) (1782.18,-570.627,-6.94371) (1801.84,-572.611,-2.2797) (1800.53,-586.026,12.91)
  m[0][0] pts=4 (1792.62,-577.373,-9.64084) (1802.23,-571.783,-6.22902) (1803.51,-583.791,-16.7246) (1793,-580.876,-12.7021)
  m[0][1] pts=2 (1792.62,-577.373,-9.64084) (1793,-580.876,-12.7021)
  f[0][0] pts=4 (1791.31,-590.789,5.54887) (1781.02,-585.544,6.93406) (1782.3,-597.552,-3.56154) (1791.68,-594.291,2.48766)
  f[0][1] pts=2 (1791.31,-590.789,5.54887) (1791.68,-594.291,2.48766)
  m[1][0] pts=4 (1791.31,-590.789,5.54887) (1800.92,-585.198,8.9607) (1802.2,-597.207,-1.53489) (1791.68,-594.291,2.48766)
  m[1][1] pts=2 (1791.31,-590.789,5.54887) (1791.68,-594.291,2.48766)
  f[1][0] pts=4 (1792.62,-577.373,-9.64085) (1782.34,-572.128,-8.25566) (1783.62,-584.137,-18.7513) (1793,-580.876,-12.7021)
  f[1][1] pts=2 (1792.62,-577.373,-9.64085) (1793,-580.876,-12.7021)
joint 42 type=12 v0=15 v1=22 f0_0=4 f1_0=4 name=ss_e_ip_2 orient=1 div=1 shift=0.5
  jv[0] pts=5 (2065.17,-493.772,22.7608) (2083.54,-486.184,26.6223) (2088.54,-497.968,42.2999) (2070.18,-505.556,38.4384) (2065.17,-493.772,22.7608)
  jv[1] pts=5 (2073.3,-507.04,10.194) (2091.66,-499.453,14.0555) (2096.67,-511.237,29.7332) (2078.3,-518.825,25.8716) (2073.3,-507.04,10.194)
  jv[2] pts=5 (2065.94,-495.584,25.1722) (2082.77,-484.372,24.2109) (2087.77,-496.156,39.8885) (2070.95,-507.368,40.8499) (2065.94,-495.584,25.1722)
  jv[3] pts=5 (2074.07,-508.853,12.6054) (2090.89,-497.64,11.6441) (2095.9,-509.424,27.3217) (2079.07,-520.637,28.2831) (2074.07,-508.853,12.6054)
  m[0][0] pts=4 (2079.37,-498.16,16.942) (2072.49,-505.714,11.4507) (2065.99,-495.099,21.5041) (2077.47,-495.064,19.8743)
  m[0][1] pts=2 (2079.37,-498.16,16.942) (2077.47,-495.064,19.8743)
  f[0][0] pts=4 (2079.37,-498.16,16.942) (2090.08,-496.314,12.9008) (2083.58,-485.699,22.9542) (2077.47,-495.064,19.8743)
  f[0][1] pts=2 (2079.37,-498.16,16.942) (2077.47,-495.064,19.8743)
  m[1][0] pts=4 (2084.37,-509.944,32.6197) (2077.49,-517.498,27.1283) (2070.99,-506.883,37.1818) (2082.47,-506.848,35.5519)
  m[1][1] pts=2 (2084.37,-509.944,32.6197) (2082.47,-506.848,35.5519)
  f[1][0] pts=4 (2084.37,-509.944,32.6196) (2095.08,-508.098,28.5784) (2088.58,-497.483,38.6318) (2082.47,-506.848,35.5519)
  f[1][1] pts=2 (2084.37,-509.944,32.6196) (2082.47,-506.848,35.5519)
joint 43 type=12 v0=15 v1=28 f0_0=2 f1_0=4 name=ss_e_ip_2 orient=1 div=1 shift=0.5
  jv[0] pts=5 (1856.52,-494.444,52.3325) (1840.37,-486.504,61.4823) (1840.36,-498.381,77.8047) (1856.51,-506.32,68.6549) (1856.52,-494.444,52.3325)
  jv[1] pts=5 (1868.32,-481.39,61.835) (1852.17,-473.451,70.9848) (1852.16,-485.327,87.3072) (1868.31,-493.267,78.1574) (1868.32,-481.39,61.835)
  jv[2] pts=5 (1856.51,-507.928,70.8646) (1840.36,-496.773,75.595) (1840.37,-484.897,59.2726) (1856.51,-496.052,54.5422) (1856.51,-507.928,70.8646)
  jv[3] pts=5 (1868.31,-494.875,80.3671) (1852.17,-483.72,85.0975) (1852.17,-471.843,68.7751) (1868.32,-482.998,64.0447) (1868.31,-494.875,80.3671)
  m[0][0] pts=4 (1855.72,-482.424,62.7673) (1867.14,-482.696,60.8848) (1857.7,-493.138,53.2827) (1852.97,-485.47,60.55)
  m[0][1] pts=2 (1855.72,-482.424,62.7673) (1852.97,-485.47,60.55)
  f[0][0] pts=4 (1855.71,-494.301,79.0897) (1850.99,-485.025,84.1472) (1841.54,-495.468,76.5452) (1852.96,-497.347,76.8724)
  f[0][1] pts=2 (1855.71,-494.301,79.0897) (1852.96,-497.347,76.8724)
  m[1][0] pts=4 (1855.71,-494.301,79.0896) (1867.13,-494.572,77.2071) (1857.69,-505.015,69.6051) (1852.96,-497.347,76.8724)
  m[1][1] pts=2 (1855.71,-494.301,79.0896) (1852.96,-497.347,76.8724)
  f[1][0] pts=4 (1855.72,-482.424,62.7673) (1850.99,-473.149,67.8249) (1841.55,-483.591,60.2228) (1852.97,-485.47,60.55)
  f[1][1] pts=2 (1855.72,-482.424,62.7673) (1852.97,-485.47,60.55)
joint 44 type=12 v0=16 v1=21 f0_0=4 f1_0=4 name=ss_e_ip_2 orient=1 div=1 shift=0.5
  jv[0] pts=5 (2456.82,220.876,24.9033) (2459.28,240.991,23.2682) (2446.07,237.688,8.17171) (2443.61,217.573,9.80683) (2456.82,220.876,24.9033)
  jv[1] pts=5 (2472.02,217.983,12.2327) (2474.49,238.098,10.5976) (2461.27,234.795,-4.49893) (2458.81,214.68,-2.86381) (2472.02,217.983,12.2327)
  jv[2] pts=5 (2445.98,218.167,12.5215) (2443.7,237.094,5.45707) (2456.91,240.397,20.5536) (2459.19,221.47,27.618) (2445.98,218.167,12.5215)
  jv[3] pts=5 (2461.18,215.274,-0.149174) (2458.9,234.201,-7.21357) (2472.11,237.504,7.88294) (2474.4,218.577,14.9473) (2461.18,215.274,-0.149174)
  m[0][0] pts=4 (2467.43,229.149,16.2722) (2470.5,218.272,13.4998) (2458.34,220.587,23.6363) (2463.88,229.824,19.2287)
  m[0][1] pts=2 (2467.43,229.149,16.2722) (2463.88,229.824,19.2287)
  f[0][0] pts=4 (2454.21,225.846,1.17571) (2457.38,234.49,-5.9465) (2445.22,236.805,4.19) (2450.67,226.521,4.13219)
  f[0][1] pts=2 (2454.21,225.846,1.17571) (2450.67,226.521,4.13219)
  m[1][0] pts=4 (2454.21,225.846,1.17571) (2457.29,214.969,-1.59674) (2445.13,217.284,8.53977) (2450.67,226.521,4.13219)
  m[1][1] pts=2 (2454.21,225.846,1.17571) (2450.67,226.521,4.13219)
  f[1][0] pts=4 (2467.43,229.149,16.2722) (2470.59,237.793,9.15) (2458.43,240.108,19.2865) (2463.88,229.824,19.2287)
  f[1][1] pts=2 (2467.43,229.149,16.2722) (2463.88,229.824,19.2287)
joint 45 type=12 v0=16 v1=26 f0_0=3 f1_0=3 name=ss_e_ip_2 orient=1 div=1 shift=0.5
  jv[0] pts=5 (2366.17,193.432,99.5522) (2358.06,210.769,106.627) (2346.9,207.657,89.8381) (2355,190.319,82.7635) (2366.17,193.432,99.5522)
  jv[1] pts=5 (2379.35,203.97,88.8267) (2371.25,221.307,95.9013) (2360.08,218.195,79.1126) (2368.19,200.858,72.038) (2379.35,203.97,88.8267)
  jv[2] pts=5 (2368.37,194.047,102.87) (2355.86,210.154,103.309) (2344.69,207.041,86.5202) (2357.2,190.934,86.0815) (2368.37,194.047,102.87)
  jv[3] pts=5 (2381.56,204.585,92.1446) (2369.04,220.692,92.5833) (2357.88,217.58,75.7946) (2370.39,201.473,75.356) (2381.56,204.585,92.1446)
  m[0][0] pts=4 (2370.25,208.599,96.4754) (2378.03,202.916,89.8992) (2367.48,194.485,98.4797) (2367.17,206.14,98.978)
  m[0][1] pts=2 (2370.25,208.599,96.4754) (2367.17,206.14,98.978)
  f[0][0] pts=4 (2370.25,208.599,96.4754) (2367.73,219.638,93.6559) (2357.18,211.208,102.236) (2367.17,206.14,98.9781)
  f[0][1] pts=2 (2370.25,208.599,96.4754) (2367.17,206.14,98.9781)
  m[1][0] pts=4 (2359.08,205.487,79.6868) (2366.87,199.804,73.1106) (2356.32,191.373,81.691) (2356,203.028,82.1894)
  m[1][1] pts=2 (2359.08,205.487,79.6868) (2356,203.028,82.1894)
  f[1][0] pts=4 (2359.08,205.487,79.6868) (2356.56,216.526,76.8672) (2346.01,208.095,85.4476) (2356,203.028,82.1894)
  f[1][1] pts=2 (2359.08,205.487,79.6868) (2356,203.028,82.1894)
joint 46 type=12 v0=16 v1=34 f0_0=2 f1_0=7 name=ss_e_ip_2 orient=1 div=2 shift=0.5
  jv[0] pts=5 (2380.26,-0.728914,83.8967) (2365.52,-7.28582,95.99) (2354.61,-6.14604,79.0764) (2369.35,0.410866,66.9832) (2380.26,-0.728914,83.8967)
  jv[1] pts=5 (2375.44,18.1812,88.279) (2360.71,11.6243,100.372) (2349.79,12.764,83.4587) (2364.53,19.3209,71.3655) (2375.44,18.1812,88.279)
  jv[2] pts=5 (2381.64,-0.872455,86.0267) (2364.15,-7.14228,93.8599) (2353.24,-6.0025,76.9464) (2370.72,0.267325,69.1132) (2381.64,-0.872455,86.0267)
  jv[3] pts=5 (2376.82,18.0376,90.409) (2359.33,11.7678,98.2422) (2348.42,12.9076,81.3287) (2365.91,19.1774,73.4955) (2376.82,18.0376,90.409)
  m[0][0] pts=8 (2345.77,102.455,114.615) (2351.78,111.092,109.811) (2355.63,95.9636,106.305) (2346.9,98.043,113.593) (2394.07,-87.1477,70.676) (2400.08,-78.5114,65.871) (2403.93,-93.6394,62.3652) (2395.2,-91.56,69.6535)
  m[0][1] pts=2 (2345.77,102.455,114.615) (2395.2,-91.56,69.6535)
  f[0][0] pts=8 (2345.77,102.455,114.615) (2335.66,104.678,119.774) (2339.52,89.5502,116.268) (2346.9,98.043,113.593) (2394.07,-87.1477,70.676) (2383.96,-84.9247,75.8342) (2387.82,-100.053,72.3284) (2395.2,-91.56,69.6535)
  f[0][1] pts=2 (2345.77,102.455,114.615) (2395.2,-91.56,69.6535)
  m[1][0] pts=8 (2334.86,103.595,97.702) (2340.86,112.231,92.897) (2344.72,97.1034,89.3911) (2335.98,99.1828,96.6794) (2383.16,-86.0079,53.7625) (2389.16,-77.3716,48.9575) (2393.02,-92.4996,45.4517) (2384.28,-90.4202,52.74)
  m[1][1] pts=2 (2334.86,103.595,97.702) (2384.28,-90.4202,52.74)
  f[1][0] pts=8 (2334.86,103.595,97.702) (2324.75,105.818,102.86) (2328.6,90.69,99.3544) (2335.98,99.1828,96.6794) (2383.16,-86.0079,53.7625) (2373.05,-83.7849,58.9207) (2376.9,-98.913,55.4149) (2384.28,-90.4202,52.7399)
  f[1][1] pts=2 (2334.86,103.595,97.702) (2384.28,-90.4202,52.7399)
joint 47 type=12 v0=17 v1=33 f0_0=7 f1_0=6 name=ss_e_ip_2 orient=1 div=1 shift=0.5
  jv[0] pts=5 (1878.43,-208.175,214.592) (1860.67,-200.318,220.264) (1860.38,-194.838,200.786) (1878.14,-202.695,195.114) (1878.43,-208.175,214.592)
  jv[1] pts=5 (1887.53,-190.996,219.291) (1869.77,-183.139,224.963) (1869.48,-177.659,205.485) (1887.24,-185.516,199.813) (1887.53,-190.996,219.291)
  jv[2] pts=5 (1878.47,-209.009,217.557) (1860.62,-199.484,217.298) (1860.34,-194.004,197.821) (1878.19,-203.53,198.079) (1878.47,-209.009,217.557)
  jv[3] pts=5 (1887.57,-191.83,222.256) (1869.72,-182.304,221.998) (1869.44,-176.825,202.52) (1887.29,-186.35,202.779) (1887.57,-191.83,222.256)
  m[0][0] pts=4 (1875.16,-193.653,220.326) (1886.62,-192.713,218.821) (1879.34,-206.457,215.062) (1873.04,-197.661,219.229)
  m[0][1] pts=2 (1875.16,-193.653,220.326) (1873.04,-197.661,219.229)
  f[0][0] pts=4 (1875.16,-193.653,220.326) (1868.81,-184.022,221.528) (1861.53,-197.766,217.768) (1873.04,-197.661,219.229)
  f[0][1] pts=2 (1875.16,-193.653,220.326) (1873.04,-197.661,219.229)
  m[1][0] pts=4 (1874.87,-188.173,200.848) (1886.33,-187.234,199.343) (1879.05,-200.977,195.584) (1872.75,-192.181,199.751)
  m[1][1] pts=2 (1874.87,-188.173,200.848) (1872.75,-192.181,199.751)
  f[1][0] pts=4 (1874.87,-188.173,200.848) (1868.53,-178.543,202.05) (1861.25,-192.286,198.291) (1872.75,-192.181,199.751)
  f[1][1] pts=2 (1874.87,-188.173,200.848) (1872.75,-192.181,199.751)
joint 48 type=12 v0=17 v1=34 f0_0=3 f1_0=4 name=ss_e_ip_2 orient=1 div=1 shift=0.5
  jv[0] pts=5 (2128.98,-175.792,185.947) (2145.43,-163.91,187.565) (2139.36,-159.452,168.648) (2122.91,-171.334,167.03) (2128.98,-175.792,185.947)
  jv[1] pts=5 (2140.37,-190.596,178.806) (2156.82,-178.714,180.424) (2150.76,-174.256,161.508) (2134.31,-186.138,159.89) (2140.37,-190.596,178.806)
  jv[2] pts=5 (2124.05,-172.166,170.561) (2138.23,-158.62,165.117) (2144.3,-163.078,184.034) (2130.11,-176.624,189.478) (2124.05,-172.166,170.561)
  jv[3] pts=5 (2135.44,-186.97,163.421) (2149.63,-173.424,157.977) (2155.69,-177.882,176.893) (2141.5,-191.428,182.337) (2135.44,-186.97,163.421)
  m[0][0] pts=4 (2144.23,-178.98,182.352) (2139.23,-189.116,179.52) (2130.12,-177.272,185.233) (2141.57,-175.526,184.018)
  m[0][1] pts=2 (2144.23,-178.98,182.352) (2141.57,-175.526,184.018)
  f[0][0] pts=4 (2138.17,-174.522,163.436) (2148.49,-171.944,158.691) (2139.37,-160.1,164.403) (2135.51,-171.068,165.102)
  f[0][1] pts=2 (2138.17,-174.522,163.436) (2135.51,-171.068,165.102)
  m[1][0] pts=4 (2138.17,-174.522,163.436) (2133.17,-184.658,160.604) (2124.05,-172.814,166.316) (2135.51,-171.068,165.102)
  m[1][1] pts=2 (2138.17,-174.522,163.436) (2135.51,-171.068,165.102)
  f[1][0] pts=4 (2144.23,-178.98,182.352) (2154.55,-176.402,177.607) (2145.43,-164.558,183.32) (2141.57,-175.526,184.018)
  f[1][1] pts=2 (2144.23,-178.98,182.352) (2141.57,-175.526,184.018)
joint 49 type=12 v0=17 v1=22 f0_0=4 f1_0=5 name=ss_e_ip_2 orient=1 div=1 shift=0.5
  jv[0] pts=5 (2112.88,-322.513,135.913) (2127.94,-334.334,129.254) (2122.5,-325.74,111.72) (2107.45,-313.919,118.379) (2112.88,-322.513,135.913)
  jv[1] pts=5 (2099.83,-337.325,132.697) (2114.89,-349.145,126.038) (2109.45,-340.551,108.505) (2094.4,-328.731,115.164) (2099.83,-337.325,132.697)
  jv[2] pts=5 (2108.33,-315.314,121.224) (2121.62,-324.345,108.875) (2127.06,-332.939,126.408) (2113.76,-323.908,138.758) (2108.33,-315.314,121.224)
  jv[3] pts=5 (2095.28,-330.125,118.009) (2108.57,-339.157,105.659) (2114.01,-347.751,123.193) (2100.71,-338.719,135.542) (2095.28,-330.125,118.009)
  m[0][0] pts=4 (2112.36,-337.557,130.6) (2101.14,-335.843,133.019) (2111.57,-323.994,135.591) (2115.41,-334.101,131.35)
  m[0][1] pts=2 (2112.36,-337.557,130.6) (2115.41,-334.101,131.35)
  f[0][0] pts=4 (2106.93,-328.963,113.067) (2109.88,-337.676,105.981) (2120.32,-325.826,108.553) (2109.97,-325.507,113.817)
  f[0][1] pts=2 (2106.93,-328.963,113.067) (2109.97,-325.507,113.817)
  m[1][0] pts=4 (2106.93,-328.963,113.067) (2095.7,-327.25,115.485) (2106.14,-315.4,118.057) (2109.97,-325.507,113.817)
  m[1][1] pts=2 (2106.93,-328.963,113.067) (2109.97,-325.507,113.817)
  f[1][0] pts=4 (2112.36,-337.557,130.6) (2115.31,-346.27,123.515) (2125.75,-334.42,126.087) (2115.41,-334.101,131.351)
  f[1][1] pts=2 (2112.36,-337.557,130.6) (2115.41,-334.101,131.351)
joint 50 type=12 v0=17 v1=28 f0_0=6 f1_0=3 name=ss_e_ip_2 orient=1 div=1 shift=0.5
  jv[0] pts=5 (1882.17,-364.624,157.881) (1866.47,-377.291,155.861) (1866.06,-368.534,137.579) (1881.76,-355.867,139.599) (1882.17,-364.624,157.881)
  jv[1] pts=5 (1869.88,-350.506,164.92) (1854.18,-363.173,162.9) (1853.77,-354.416,144.618) (1869.47,-341.749,146.638) (1869.88,-350.506,164.92)
  jv[2] pts=5 (1882.24,-366.064,160.886) (1866.4,-375.852,152.857) (1865.99,-367.095,134.575) (1881.83,-357.306,142.603) (1882.24,-366.064,160.886)
  jv[3] pts=5 (1869.95,-351.946,167.924) (1854.11,-361.734,159.896) (1853.7,-352.977,141.613) (1869.54,-343.188,149.642) (1869.95,-351.946,167.924)
  m[0][0] pts=4 (1866.74,-362.252,161.212) (1871.11,-351.918,164.216) (1880.94,-363.213,158.585) (1869.61,-365.546,159.569)
  m[0][1] pts=2 (1866.74,-362.252,161.212) (1869.61,-365.546,159.569)
  f[0][0] pts=4 (1866.74,-362.252,161.212) (1855.34,-363.146,159.192) (1865.17,-374.44,153.561) (1869.61,-365.546,159.569)
  f[0][1] pts=2 (1866.74,-362.252,161.212) (1869.61,-365.546,159.569)
  m[1][0] pts=4 (1866.33,-353.494,142.93) (1870.7,-343.161,145.934) (1880.53,-354.455,140.303) (1869.2,-356.788,141.287)
  m[1][1] pts=2 (1866.33,-353.494,142.93) (1869.2,-356.788,141.287)
  f[1][0] pts=4 (1866.33,-353.494,142.93) (1854.93,-354.389,140.909) (1864.76,-365.683,135.278) (1869.2,-356.788,141.287)
  f[1][1] pts=2 (1866.33,-353.494,142.93) (1869.2,-356.788,141.287)
joint 51 type=12 v0=18 v1=25 f0_0=6 f1_0=4 name=ss_e_ip_2 orient=1 div=1 shift=0.5
  jv[0] pts=5 (1664.47,160.798,203.44) (1683.31,164.873,209.34) (1679.38,166.897,229.004) (1660.54,162.822,223.105) (1664.47,160.798,203.44)
  jv[1] pts=5 (1667.85,141.27,206.126) (1686.69,145.345,212.026) (1682.76,147.37,231.69) (1663.92,143.295,225.791) (1667.85,141.27,206.126)
  jv[2] pts=5 (1663.98,161.049,205.873) (1683.79,164.623,206.907) (1679.86,166.647,226.571) (1660.06,163.073,225.537) (1663.98,161.049,205.873)
  jv[3] pts=5 (1667.37,141.521,208.559) (1687.18,145.095,209.593) (1683.25,147.119,229.257) (1663.44,143.545,228.223) (1667.37,141.521,208.559)
  m[0][0] pts=4 (1675.97,150.794,208.046) (1667.52,143.223,205.858) (1664.81,158.846,203.709) (1675.19,155.35,207.42)
  m[0][1] pts=2 (1675.97,150.794,208.046) (1675.19,155.35,207.42)
  f[0][0] pts=4 (1675.97,150.794,208.046) (1686.84,147.048,209.324) (1684.13,162.67,207.176) (1675.19,155.35,207.42)
  f[0][1] pts=2 (1675.97,150.794,208.046) (1675.19,155.35,207.42)
  m[1][0] pts=4 (1672.05,152.818,227.711) (1663.59,145.247,225.522) (1660.88,160.87,223.373) (1671.26,157.374,227.084)
  m[1][1] pts=2 (1672.05,152.818,227.711) (1671.26,157.374,227.084)
  f[1][0] pts=4 (1672.05,152.818,227.711) (1682.91,149.072,228.989) (1680.2,164.694,226.84) (1671.26,157.374,227.084)
  f[1][1] pts=2 (1672.05,152.818,227.711) (1671.26,157.374,227.084)
joint 52 type=12 v0=18 v1=33 f0_0=7 f1_0=3 name=ss_e_ip_2 orient=1 div=1 shift=0.5
  jv[0] pts=5 (1633.54,-0.215949,206.142) (1644.11,-16.8524,210.971) (1639.64,-18.1439,230.722) (1629.07,-1.5075,225.893) (1633.54,-0.215949,206.142)
  jv[1] pts=5 (1617.66,-11.566,201.802) (1628.22,-28.2024,206.631) (1623.75,-29.494,226.382) (1613.18,-12.8576,221.553) (1617.66,-11.566,201.802)
  jv[2] pts=5 (1632.79,-0.434223,209.48) (1644.87,-16.6341,207.633) (1640.39,-17.9256,227.384) (1628.31,-1.72578,229.231) (1632.79,-0.434223,209.48)
  jv[3] pts=5 (1616.9,-11.7843,205.14) (1628.98,-27.9842,203.293) (1624.51,-29.2757,223.044) (1612.43,-13.0759,224.891) (1616.9,-11.7843,205.14)
  m[0][0] pts=4 (1629.03,-15.5334,205.88) (1619.25,-10.431,202.236) (1631.95,-1.35096,205.708) (1632.74,-12.885,206.893)
  m[0][1] pts=2 (1629.03,-15.5334,205.88) (1632.74,-12.885,206.893)
  f[0][0] pts=4 (1629.03,-15.5334,205.88) (1630.57,-26.8492,203.727) (1643.28,-17.7691,207.199) (1632.74,-12.885,206.893)
  f[0][1] pts=2 (1629.03,-15.5334,205.88) (1632.74,-12.885,206.893)
  m[1][0] pts=4 (1624.56,-16.8249,225.631) (1614.77,-11.7226,221.987) (1627.48,-2.64251,225.459) (1628.26,-14.1766,226.644)
  m[1][1] pts=2 (1624.56,-16.8249,225.631) (1628.26,-14.1766,226.644)
  f[1][0] pts=4 (1624.56,-16.8249,225.631) (1626.1,-28.1407,223.478) (1638.8,-19.0606,226.95) (1628.26,-14.1766,226.644)
  f[1][1] pts=2 (1624.56,-16.8249,225.631) (1628.26,-14.1766,226.644)
joint 53 type=12 v0=18 v1=27 f0_0=4 f1_0=5 name=ss_e_ip_2 orient=1 div=1 shift=0.5
  jv[0] pts=5 (1554.09,263.205,158.733) (1549.29,282.645,155.585) (1542.25,287.329,174.007) (1547.05,267.889,177.155) (1554.09,263.205,158.733)
  jv[1] pts=5 (1572.49,268.664,164.376) (1567.68,288.103,161.227) (1560.64,292.788,179.649) (1565.45,273.348,182.798) (1572.49,268.664,164.376)
  jv[2] pts=5 (1545.91,268.652,180.154) (1543.4,286.567,171.009) (1550.44,281.883,152.587) (1552.95,263.968,161.732) (1545.91,268.652,180.154)
  jv[3] pts=5 (1564.3,274.11,185.796) (1561.79,292.025,176.651) (1568.83,287.341,158.229) (1571.34,269.426,167.374) (1564.3,274.11,185.796)
  m[0][0] pts=4 (1563.03,276.291,160.639) (1570.65,268.118,163.811) (1555.93,263.751,159.297) (1558.74,275.017,159.322)
  m[0][1] pts=2 (1563.03,276.291,160.639) (1558.74,275.017,159.322)
  f[0][0] pts=4 (1555.99,280.975,179.061) (1559.95,291.479,176.087) (1545.23,287.113,171.573) (1551.7,279.702,177.744)
  f[0][1] pts=2 (1555.99,280.975,179.061) (1551.7,279.702,177.744)
  m[1][0] pts=4 (1555.99,280.975,179.061) (1563.61,272.802,182.233) (1548.89,268.435,177.719) (1551.7,279.702,177.744)
  m[1][1] pts=2 (1555.99,280.975,179.061) (1551.7,279.702,177.744)
  f[1][0] pts=4 (1563.03,276.291,160.639) (1566.99,286.795,157.665) (1552.28,282.428,153.151) (1558.74,275.017,159.322)
  f[1][1] pts=2 (1563.03,276.291,160.639) (1558.74,275.017,159.322)
joint 54 type=12 v0=18 v1=36 f0_0=3 f1_0=5 name=ss_e_ip_2 orient=1 div=1 shift=0.5
  jv[0] pts=5 (1479.71,130.868,144.769) (1461.07,134.766,138.294) (1452.83,136.701,156.54) (1471.47,132.803,163.014) (1479.71,130.868,144.769)
  jv[1] pts=5 (1483.87,150.43,144.573) (1465.23,154.328,138.099) (1456.99,156.263,156.344) (1475.63,152.365,162.819) (1483.87,150.43,144.573)
  jv[2] pts=5 (1470.59,133.009,164.956) (1453.7,136.495,154.598) (1461.95,134.56,136.352) (1478.83,131.074,146.711) (1470.59,133.009,164.956)
  jv[3] pts=5 (1474.75,152.571,164.761) (1457.86,156.057,154.402) (1466.11,154.122,136.157) (1482.99,150.636,146.515) (1474.75,152.571,164.761)
  m[0][0] pts=4 (1472.96,144.88,141.411) (1483.45,148.474,144.593) (1480.13,132.824,144.749) (1471.98,140.316,141.457)
  m[0][1] pts=2 (1472.96,144.88,141.411) (1471.98,140.316,141.457)
  f[0][0] pts=4 (1464.71,146.815,159.656) (1457.45,154.101,154.421) (1454.12,138.451,154.578) (1463.74,142.251,159.702)
  f[0][1] pts=2 (1464.71,146.815,159.656) (1463.74,142.251,159.702)
  m[1][0] pts=4 (1464.71,146.815,159.656) (1475.21,150.409,162.838) (1471.88,134.759,162.995) (1463.74,142.251,159.702)
  m[1][1] pts=2 (1464.71,146.815,159.656) (1463.74,142.251,159.702)
  f[1][0] pts=4 (1472.96,144.88,141.411) (1465.69,152.166,136.176) (1462.36,136.516,136.333) (1471.98,140.316,141.457)
  f[1][1] pts=2 (1472.96,144.88,141.411) (1471.98,140.316,141.457)
joint 55 type=12 v0=18 v1=35 f0_0=2 f1_0=5 name=ss_e_ip_2 orient=1 div=1 shift=0.5
  jv[0] pts=5 (1520.67,-13.8423,169.924) (1509.11,-30.3149,167.427) (1500.96,-31.4963,185.952) (1512.51,-15.0237,188.449) (1520.67,-13.8423,169.924)
  jv[1] pts=5 (1505.47,-2.282,163.973) (1493.92,-18.7546,161.476) (1485.76,-19.936,180.001) (1497.32,-3.46339,182.498) (1505.47,-2.282,163.973)
  jv[2] pts=5 (1511.18,-15.2174,191.487) (1502.3,-31.3025,182.914) (1510.45,-30.1212,164.389) (1519.33,-14.036,172.962) (1511.18,-15.2174,191.487)
  jv[3] pts=5 (1495.98,-3.65714,185.536) (1487.1,-19.7423,176.963) (1495.25,-18.5609,158.438) (1504.13,-2.47574,167.011) (1495.98,-3.65714,185.536)
  m[0][0] pts=4 (1505.52,-14.9497,165.006) (1506.99,-3.43803,164.568) (1519.15,-12.6863,169.329) (1509.06,-17.6471,166.394)
  m[0][1] pts=2 (1505.52,-14.9497,165.006) (1509.06,-17.6471,166.394)
  f[0][0] pts=4 (1497.36,-16.1311,183.531) (1488.62,-20.8983,177.558) (1500.78,-30.1465,182.319) (1500.91,-18.8285,184.919)
  f[0][1] pts=2 (1497.36,-16.1311,183.531) (1500.91,-18.8285,184.919)
  m[1][0] pts=4 (1497.36,-16.1311,183.531) (1498.84,-4.61942,183.093) (1510.99,-13.8677,187.854) (1500.91,-18.8285,184.919)
  m[1][1] pts=2 (1497.36,-16.1311,183.531) (1500.91,-18.8285,184.919)
  f[1][0] pts=4 (1505.52,-14.9497,165.006) (1496.77,-19.7169,159.033) (1508.93,-28.9651,163.794) (1509.06,-17.6471,166.394)
  f[1][1] pts=2 (1505.52,-14.9497,165.006) (1509.06,-17.6471,166.394)
joint 56 type=12 v0=18 v1=37 f0_0=5 f1_0=5 name=ss_e_ip_2 orient=1 div=1 shift=0.5
  jv[0] pts=5 (1626.05,281.138,181.079) (1637,298.124,183.334) (1632.71,302.709,202.676) (1621.76,285.723,200.421) (1626.05,281.138,181.079)
  jv[1] pts=5 (1641.7,270.249,187.126) (1652.64,287.235,189.381) (1648.36,291.821,208.723) (1637.41,274.835,206.467) (1641.7,270.249,187.126)
  jv[2] pts=5 (1625.28,281.965,184.569) (1637.77,297.297,179.844) (1633.49,301.882,199.186) (1620.99,286.551,203.911) (1625.28,281.965,184.569)
  jv[3] pts=5 (1640.92,271.077,190.616) (1653.42,286.408,185.891) (1649.13,290.993,205.232) (1636.64,275.662,209.958) (1640.92,271.077,190.616)
  m[0][0] pts=4 (1641.17,282.916,185.936) (1640.13,271.338,186.521) (1627.61,280.049,181.684) (1637.52,285.457,184.525)
  m[0][1] pts=2 (1641.17,282.916,185.936) (1637.52,285.457,184.525)
  f[0][0] pts=4 (1641.17,282.916,185.936) (1651.85,287.497,185.286) (1639.33,296.208,180.449) (1637.52,285.457,184.525)
  f[0][1] pts=2 (1641.17,282.916,185.936) (1637.52,285.457,184.525)
  m[1][0] pts=4 (1636.89,287.502,205.277) (1635.85,275.923,205.863) (1623.33,284.634,201.025) (1633.24,290.042,203.866)
  m[1][1] pts=2 (1636.89,287.502,205.277) (1633.24,290.042,203.866)
  f[1][0] pts=4 (1636.89,287.502,205.277) (1647.57,292.082,204.628) (1635.05,300.793,199.79) (1633.24,290.042,203.866)
  f[1][1] pts=2 (1636.89,287.502,205.277) (1633.24,290.042,203.866)
joint 57 type=12 v0=19 v1=23 f0_0=6 f1_0=3 name=ss_e_ip_2 orient=1 div=1 shift=0.5
  jv[0] pts=5 (1408.32,-301.687,37.3203) (1423.66,-302.249,50.5726) (1413.92,-309.879,66.6404) (1398.58,-309.317,53.3881) (1408.32,-301.687,37.3203)
  jv[1] pts=5 (1412.86,-320.204,31.2789) (1428.2,-320.766,44.5312) (1418.46,-328.396,60.599) (1403.12,-327.834,47.3467) (1412.86,-320.204,31.2789)
  jv[2] pts=5 (1406.71,-302.946,39.9725) (1425.27,-300.989,47.9204) (1415.53,-308.62,63.9882) (1396.98,-310.577,56.0403) (1406.71,-302.946,39.9725)
  jv[3] pts=5 (1411.25,-321.463,33.9311) (1429.81,-319.506,41.879) (1420.07,-327.137,57.9467) (1401.52,-329.094,49.9989) (1411.25,-321.463,33.9311)
  m[0][0] pts=4 (1418.79,-313.387,40.2209) (1412.41,-318.352,31.883) (1408.77,-303.538,36.7162) (1417.73,-309.066,41.6306)
  m[0][1] pts=2 (1418.79,-313.387,40.2209) (1417.73,-309.066,41.6306)
  f[0][0] pts=4 (1418.79,-313.387,40.2209) (1429.35,-317.654,42.4831) (1425.72,-302.841,47.3162) (1417.73,-309.066,41.6306)
  f[0][1] pts=2 (1418.79,-313.387,40.2209) (1417.73,-309.066,41.6306)
  m[1][0] pts=4 (1409.05,-321.017,56.2887) (1402.67,-325.982,47.9508) (1399.04,-311.169,52.784) (1407.99,-316.696,57.6984)
  m[1][1] pts=2 (1409.05,-321.017,56.2887) (1407.99,-316.696,57.6984)
  f[1][0] pts=4 (1409.05,-321.017,56.2887) (1419.62,-325.285,58.5509) (1415.98,-310.471,63.384) (1407.99,-316.696,57.6984)
  f[1][1] pts=2 (1409.05,-321.017,56.2887) (1407.99,-316.696,57.6984)
joint 58 type=12 v0=19 v1=35 f0_0=5 f1_0=2 name=ss_e_ip_2 orient=1 div=1 shift=0.5
  jv[0] pts=5 (1329.77,-204.118,20.8765) (1337.7,-191.655,34.6533) (1326.54,-197.447,50.4632) (1318.61,-209.91,36.6863) (1329.77,-204.118,20.8765)
  jv[1] pts=5 (1343.48,-217.935,25.4872) (1351.41,-205.472,39.264) (1340.25,-211.264,55.0739) (1332.32,-223.727,41.2971) (1343.48,-217.935,25.4872)
  jv[2] pts=5 (1328.21,-204.929,23.0908) (1339.26,-190.844,32.439) (1328.11,-196.636,48.2488) (1317.05,-210.721,38.9007) (1328.21,-204.929,23.0908)
  jv[3] pts=5 (1341.91,-218.746,27.7015) (1352.97,-204.661,37.0497) (1341.81,-210.453,52.8596) (1330.76,-224.538,43.5114) (1341.91,-218.746,27.7015)
  m[0][0] pts=4 (1342.19,-206.407,30.6082) (1342.11,-216.553,25.0261) (1331.14,-205.5,21.3375) (1338.99,-203.183,29.5323)
  m[0][1] pts=2 (1342.19,-206.407,30.6082) (1338.99,-203.183,29.5323)
  f[0][0] pts=4 (1342.19,-206.407,30.6082) (1351.6,-203.279,36.5886) (1340.63,-192.226,32.9) (1338.99,-203.183,29.5323)
  f[0][1] pts=2 (1342.19,-206.407,30.6082) (1338.99,-203.183,29.5323)
  m[1][0] pts=4 (1331.03,-212.199,46.418) (1330.95,-222.345,40.836) (1319.98,-211.292,37.1474) (1327.83,-208.975,45.3422)
  m[1][1] pts=2 (1331.03,-212.199,46.418) (1327.83,-208.975,45.3422)
  f[1][0] pts=4 (1331.03,-212.199,46.4181) (1340.44,-209.071,52.3985) (1329.48,-198.018,48.7099) (1327.83,-208.975,45.3422)
  f[1][1] pts=2 (1331.03,-212.199,46.4181) (1327.83,-208.975,45.3422)
joint 59 type=12 v0=19 v1=38 f0_0=2 f1_0=4 name=ss_e_ip_2 orient=1 div=1 shift=0.5
  jv[0] pts=5 (1365.23,-380.219,-43.4118) (1376.3,-397.019,-42.749) (1365.3,-406.474,-28.793) (1354.23,-389.674,-29.4559) (1365.23,-380.219,-43.4118)
  jv[1] pts=5 (1353.9,-388.256,-57.796) (1364.97,-405.057,-57.1331) (1353.96,-414.512,-43.1772) (1342.89,-397.711,-43.84) (1353.9,-388.256,-57.796)
  jv[2] pts=5 (1363.97,-381.298,-41.8191) (1377.56,-395.94,-44.3417) (1366.55,-405.395,-30.3857) (1352.97,-390.753,-27.8632) (1363.97,-381.298,-41.8191)
  jv[3] pts=5 (1352.64,-389.335,-56.2033) (1366.22,-403.978,-58.7258) (1355.22,-413.433,-44.7699) (1341.63,-398.79,-42.2473) (1352.64,-389.335,-56.2033)
  m[0][0] pts=4 (1363.78,-393.576,-51.9506) (1355.03,-387.453,-56.3576) (1364.1,-381.023,-44.8503) (1366.42,-391.7,-48.5943)
  m[0][1] pts=2 (1363.78,-393.576,-51.9506) (1366.42,-391.7,-48.5943)
  f[0][0] pts=4 (1363.78,-393.576,-51.9506) (1367.36,-403.174,-57.2874) (1376.42,-396.744,-45.7801) (1366.42,-391.7,-48.5943)
  f[0][1] pts=2 (1363.78,-393.576,-51.9506) (1366.42,-391.7,-48.5943)
  m[1][0] pts=4 (1352.77,-403.031,-37.9947) (1344.02,-396.908,-42.4016) (1353.09,-390.478,-30.8943) (1355.42,-401.155,-34.6384)
  m[1][1] pts=2 (1352.77,-403.031,-37.9947) (1355.42,-401.155,-34.6384)
  f[1][0] pts=4 (1352.77,-403.031,-37.9947) (1356.35,-412.629,-43.3315) (1365.42,-406.199,-31.8242) (1355.42,-401.155,-34.6384)
  f[1][1] pts=2 (1352.77,-403.031,-37.9947) (1355.42,-401.155,-34.6384)
joint 60 type=12 v0=20 v1=28 f0_0=3 f1_0=5 name=ss_e_ip_2 orient=1 div=1 shift=0.5
  jv[0] pts=5 (1680.05,-504.184,47.6831) (1690.88,-493.554,60.9073) (1694.38,-481.684,45.0333) (1683.55,-492.314,31.8091) (1680.05,-504.184,47.6831)
  jv[1] pts=5 (1696.23,-515.028,43.1476) (1707.06,-504.398,56.3717) (1710.57,-492.527,40.4978) (1699.74,-503.157,27.2736) (1696.23,-515.028,43.1476)
  jv[2] pts=5 (1683.16,-493.655,33.6026) (1694.78,-480.342,43.2399) (1691.28,-492.213,59.1139) (1679.65,-505.525,49.4765) (1683.16,-493.655,33.6026)
  jv[3] pts=5 (1699.34,-504.499,29.067) (1710.96,-491.186,38.7043) (1707.46,-503.057,54.5783) (1695.83,-516.369,44.941) (1699.34,-504.499,29.067)
  m[0][0] pts=4 (1695.44,-505.556,51.4983) (1694.61,-513.943,43.6011) (1681.67,-505.268,47.2296) (1691.67,-503.026,52.5566)
  m[0][1] pts=2 (1695.44,-505.556,51.4983) (1691.67,-503.026,52.5566)
  f[0][0] pts=4 (1698.95,-493.686,35.6243) (1709.34,-490.102,39.1579) (1696.4,-481.427,42.7863) (1695.17,-491.155,36.6826)
  f[0][1] pts=2 (1698.95,-493.686,35.6243) (1695.17,-491.155,36.6826)
  m[1][0] pts=4 (1698.95,-493.686,35.6243) (1698.12,-502.073,27.7271) (1685.17,-493.398,31.3556) (1695.17,-491.155,36.6826)
  m[1][1] pts=2 (1698.95,-493.686,35.6243) (1695.17,-491.155,36.6826)
  f[1][0] pts=4 (1695.44,-505.556,51.4983) (1705.84,-501.972,55.0319) (1692.89,-493.297,58.6603) (1691.67,-503.026,52.5566)
  f[1][1] pts=2 (1695.44,-505.556,51.4983) (1691.67,-503.026,52.5566)
joint 61 type=12 v0=20 v1=23 f0_0=2 f1_0=7 name=ss_e_ip_2 orient=1 div=1 shift=0.5
  jv[0] pts=5 (1560.5,-452.67,55.1932) (1553.77,-437.454,66.811) (1559.64,-426.963,50.4611) (1566.37,-442.179,38.8432) (1560.5,-452.67,55.1932)
  jv[1] pts=5 (1578.76,-450.607,63.0751) (1572.03,-435.391,74.693) (1577.9,-424.9,58.343) (1584.63,-440.116,46.7252) (1578.76,-450.607,63.0751)
  jv[2] pts=5 (1559.5,-454.449,57.9656) (1554.76,-435.675,64.0385) (1560.63,-425.184,47.6886) (1565.37,-443.958,41.6157) (1559.5,-454.449,57.9656)
  jv[3] pts=5 (1577.77,-452.386,65.8476) (1573.03,-433.612,71.9205) (1578.9,-423.121,55.5706) (1583.64,-441.895,49.4976) (1577.77,-452.386,65.8476)
  m[0][0] pts=4 (1568.4,-443.79,65.8626) (1576.94,-450.813,62.2869) (1562.32,-452.464,55.9814) (1564.13,-444.271,64.0235)
  m[0][1] pts=2 (1568.4,-443.79,65.8626) (1564.13,-444.271,64.0235)
  f[0][0] pts=4 (1568.4,-443.79,65.8626) (1571.2,-433.818,71.1323) (1556.59,-435.468,64.8267) (1564.13,-444.271,64.0235)
  f[0][1] pts=2 (1568.4,-443.79,65.8626) (1564.13,-444.271,64.0235)
  m[1][0] pts=4 (1574.27,-433.299,49.5127) (1582.81,-440.323,45.937) (1568.2,-441.973,39.6314) (1570,-433.78,47.6736)
  m[1][1] pts=2 (1574.27,-433.299,49.5127) (1570,-433.78,47.6736)
  f[1][0] pts=4 (1574.27,-433.299,49.5127) (1577.07,-423.327,54.7824) (1562.46,-424.977,48.4768) (1570,-433.78,47.6736)
  f[1][1] pts=2 (1574.27,-433.299,49.5127) (1570,-433.78,47.6736)
joint 62 type=12 v0=20 v1=38 f0_0=6 f1_0=6 name=ss_e_ip_2 orient=1 div=1 shift=0.5
  jv[0] pts=5 (1526.11,-517.467,-15.0149) (1506.86,-511.514,-15.9342) (1514.07,-499.211,-30.1955) (1533.32,-505.163,-29.2763) (1526.11,-517.467,-15.0149)
  jv[1] pts=5 (1529.76,-503.527,-1.14456) (1510.51,-497.575,-2.06385) (1517.72,-485.272,-16.3252) (1536.97,-491.224,-15.4059) (1529.76,-503.527,-1.14456)
  jv[2] pts=5 (1525.18,-519.054,-13.1752) (1507.79,-509.927,-17.7739) (1515,-497.624,-32.0353) (1532.39,-506.75,-27.4365) (1525.18,-519.054,-13.1752)
  jv[3] pts=5 (1528.83,-505.114,0.695169) (1511.44,-495.988,-3.90356) (1518.65,-483.684,-18.1649) (1536.04,-492.811,-13.5662) (1528.83,-505.114,0.695169)
  m[0][0] pts=4 (1518.73,-505.895,-6.92118) (1529.39,-504.921,-2.5316) (1526.47,-516.073,-13.6279) (1517.88,-509.147,-10.1576)
  m[0][1] pts=2 (1518.73,-505.895,-6.92118) (1517.88,-509.147,-10.1576)
  f[0][0] pts=4 (1518.73,-505.895,-6.92117) (1511.07,-497.382,-5.29059) (1508.16,-508.533,-16.3869) (1517.88,-509.147,-10.1576)
  f[0][1] pts=2 (1518.73,-505.895,-6.92117) (1517.88,-509.147,-10.1576)
  m[1][0] pts=4 (1525.95,-493.591,-21.1825) (1536.6,-492.618,-16.7929) (1533.69,-503.769,-27.8892) (1525.1,-496.844,-24.4189)
  m[1][1] pts=2 (1525.95,-493.591,-21.1825) (1525.1,-496.844,-24.4189)
  f[1][0] pts=4 (1525.95,-493.591,-21.1825) (1518.29,-485.078,-19.5519) (1515.37,-496.23,-30.6482) (1525.1,-496.844,-24.4189)
  f[1][1] pts=2 (1525.95,-493.591,-21.1825) (1525.1,-496.844,-24.4189)
joint 63 type=12 v0=21 v1=26 f0_0=5 f1_0=2 name=ss_e_ip_2 orient=1 div=1 shift=0.5
  jv[0] pts=5 (2375.53,345.931,15.7755) (2360.93,345.177,29.6621) (2371.85,351.787,45.2697) (2386.46,352.54,31.3831) (2375.53,345.931,15.7755)
  jv[1] pts=5 (2370.4,364.758,11.3969) (2355.79,364.004,25.2836) (2366.72,370.614,40.8912) (2381.32,371.368,27.0046) (2370.4,364.758,11.3969)
  jv[2] pts=5 (2387.86,353.388,33.3853) (2370.45,350.939,43.2675) (2359.52,344.329,27.6599) (2376.93,346.779,17.7777) (2387.86,353.388,33.3853)
  jv[3] pts=5 (2382.73,372.216,29.0068) (2365.32,369.766,38.889) (2354.39,363.157,23.2814) (2371.8,365.606,13.3992) (2382.73,372.216,29.0068)
  m[0][0] pts=4 (2365.06,357.164,20.0187) (2370.91,362.875,11.8348) (2375.02,347.813,15.3376) (2366.26,352.771,21.0403)
  m[0][1] pts=2 (2365.06,357.164,20.0187) (2366.26,352.771,21.0403)
  f[0][0] pts=4 (2375.99,363.774,35.6263) (2365.83,367.884,39.3269) (2369.94,352.822,42.8297) (2377.19,359.381,36.648)
  f[0][1] pts=2 (2375.99,363.774,35.6263) (2377.19,359.381,36.648)
  m[1][0] pts=4 (2375.99,363.774,35.6263) (2381.84,369.485,27.4424) (2385.94,354.423,30.9452) (2377.19,359.381,36.648)
  m[1][1] pts=2 (2375.99,363.774,35.6263) (2377.19,359.381,36.648)
  f[1][0] pts=4 (2365.06,357.164,20.0187) (2354.9,361.274,23.7192) (2359.01,346.212,27.222) (2366.26,352.771,21.0404)
  f[1][1] pts=2 (2365.06,357.164,20.0187) (2366.26,352.771,21.0404)
joint 64 type=12 v0=22 v1=34 f0_0=6 f1_0=3 name=ss_e_ip_2 orient=1 div=1 shift=0.5
  jv[0] pts=5 (2220.05,-246.726,111.037) (2224.49,-229.032,120.327) (2233.03,-235.313,137.841) (2228.59,-253.007,128.551) (2220.05,-246.726,111.037)
  jv[1] pts=5 (2238.04,-246.651,102.293) (2242.48,-228.957,111.582) (2251.02,-235.238,129.096) (2246.58,-252.932,119.806) (2238.04,-246.651,102.293)
  jv[2] pts=5 (2230.41,-254.348,132.291) (2231.21,-233.972,134.1) (2222.67,-227.691,116.587) (2221.87,-248.067,114.777) (2230.41,-254.348,132.291)
  jv[3] pts=5 (2248.4,-254.273,123.546) (2249.19,-233.897,125.356) (2240.65,-227.616,107.842) (2239.86,-247.993,106.033) (2248.4,-254.273,123.546)
  m[0][0] pts=4 (2233.36,-237.833,110.29) (2236.24,-246.659,103.167) (2221.85,-246.719,110.163) (2229.16,-237.85,112.33)
  m[0][1] pts=2 (2233.36,-237.833,110.29) (2229.16,-237.85,112.33)
  f[0][0] pts=4 (2241.9,-244.114,127.803) (2247.4,-233.904,126.23) (2233.01,-233.964,133.226) (2237.7,-244.131,129.844)
  f[0][1] pts=2 (2241.9,-244.114,127.803) (2237.7,-244.131,129.844)
  m[1][0] pts=4 (2241.9,-244.114,127.803) (2244.78,-252.94,120.681) (2230.39,-252.999,127.676) (2237.7,-244.131,129.844)
  m[1][1] pts=2 (2241.9,-244.114,127.803) (2237.7,-244.131,129.844)
  f[1][0] pts=4 (2233.36,-237.833,110.29) (2238.86,-227.623,108.717) (2224.47,-227.683,115.712) (2229.16,-237.85,112.33)
  f[1][1] pts=2 (2233.36,-237.833,110.29) (2229.16,-237.85,112.33)
joint 65 type=12 v0=23 v1=33 f0_0=5 f1_0=8 name=ss_e_ip_2 orient=1 div=1 shift=0.5
  jv[0] pts=5 (1618.11,-216.685,180.441) (1632.22,-206.101,190.309) (1636.87,-200.314,171.513) (1622.76,-210.898,161.645) (1618.11,-216.685,180.441)
  jv[1] pts=5 (1630.78,-232.077,178.836) (1644.89,-221.493,188.704) (1649.54,-215.705,169.907) (1635.43,-226.289,160.039) (1630.78,-232.077,178.836)
  jv[2] pts=5 (1622.09,-211.729,164.344) (1637.53,-199.483,168.814) (1632.89,-205.27,187.61) (1617.44,-217.516,183.14) (1622.09,-211.729,164.344)
  jv[3] pts=5 (1634.76,-227.12,162.738) (1650.2,-214.874,167.208) (1645.56,-220.662,186.005) (1630.11,-232.908,181.535) (1634.76,-227.12,162.738)
  m[0][0] pts=4 (1632.98,-220.885,184.385) (1629.51,-230.538,178.996) (1619.38,-218.225,180.281) (1630.02,-217.293,184.76)
  m[0][1] pts=2 (1632.98,-220.885,184.385) (1630.02,-217.293,184.76)
  f[0][0] pts=4 (1637.63,-215.097,165.589) (1648.94,-213.335,167.369) (1638.8,-201.022,168.653) (1634.67,-211.506,165.963)
  f[0][1] pts=2 (1637.63,-215.097,165.589) (1634.67,-211.506,165.963)
  m[1][0] pts=4 (1637.63,-215.097,165.589) (1634.16,-224.75,160.2) (1624.03,-212.437,161.484) (1634.67,-211.506,165.963)
  m[1][1] pts=2 (1637.63,-215.097,165.589) (1634.67,-211.506,165.963)
  f[1][0] pts=4 (1632.98,-220.885,184.385) (1644.29,-219.123,186.165) (1634.15,-206.81,187.45) (1630.02,-217.293,184.76)
  f[1][1] pts=2 (1632.98,-220.885,184.385) (1630.02,-217.293,184.76)
joint 66 type=12 v0=23 v1=28 f0_0=6 f1_0=6 name=ss_e_ip_2 orient=1 div=1 shift=0.5
  jv[0] pts=5 (1646.8,-358.705,131.746) (1662.65,-371.17,132.594) (1667.17,-362.167,115.099) (1651.31,-349.701,114.251) (1646.8,-358.705,131.746)
  jv[1] pts=5 (1636.37,-372.636,121.885) (1652.23,-385.102,122.733) (1656.75,-376.098,105.238) (1640.89,-363.633,104.39) (1636.37,-372.636,121.885)
  jv[2] pts=5 (1650.7,-350.926,116.631) (1667.78,-360.942,112.718) (1663.27,-369.945,130.214) (1646.18,-359.93,134.126) (1650.7,-350.926,116.631)
  jv[3] pts=5 (1640.27,-364.858,106.77) (1657.36,-374.873,102.857) (1652.84,-383.877,120.353) (1635.76,-373.861,124.265) (1640.27,-364.858,106.77)
  m[0][0] pts=4 (1648.3,-373.528,126.089) (1637.41,-371.243,122.871) (1645.75,-360.098,130.76) (1650.73,-370.278,128.39)
  m[0][1] pts=2 (1648.3,-373.528,126.089) (1650.73,-370.278,128.39)
  f[0][0] pts=4 (1652.81,-364.525,108.594) (1658.4,-373.48,103.844) (1666.74,-362.335,111.732) (1655.25,-361.274,110.895)
  f[0][1] pts=2 (1652.81,-364.525,108.594) (1655.25,-361.274,110.895)
  m[1][0] pts=4 (1652.81,-364.525,108.594) (1641.93,-362.239,105.376) (1650.27,-351.094,113.264) (1655.25,-361.274,110.895)
  m[1][1] pts=2 (1652.81,-364.525,108.594) (1655.25,-361.274,110.895)
  f[1][0] pts=4 (1648.3,-373.528,126.089) (1653.89,-382.484,121.339) (1662.22,-371.338,129.227) (1650.73,-370.278,128.39)
  f[1][1] pts=2 (1648.3,-373.528,126.089) (1650.73,-370.278,128.39)
joint 67 type=12 v0=23 v1=35 f0_0=4 f1_0=7 name=ss_e_ip_2 orient=1 div=1 shift=0.5
  jv[0] pts=5 (1480.96,-221.039,125.939) (1467.16,-206.404,126.793) (1475.41,-200.768,109.316) (1489.21,-215.402,108.462) (1480.96,-221.039,125.939)
  jv[1] pts=5 (1493.9,-209.41,135.799) (1480.1,-194.776,136.654) (1488.35,-189.139,119.176) (1502.15,-203.773,118.322) (1493.9,-209.41,135.799)
  jv[2] pts=5 (1480.02,-221.682,127.934) (1468.1,-205.761,124.798) (1476.35,-200.124,107.321) (1488.27,-216.045,110.457) (1480.02,-221.682,127.934)
  jv[3] pts=5 (1492.96,-210.054,137.795) (1481.05,-194.132,134.658) (1489.3,-188.495,117.181) (1501.21,-204.417,120.317) (1492.96,-210.054,137.795)
  m[0][0] pts=4 (1482.04,-206.551,132.447) (1492.61,-210.573,134.813) (1482.25,-219.876,126.925) (1479.02,-209.264,130.146)
  m[0][1] pts=2 (1482.04,-206.551,132.447) (1479.02,-209.264,130.146)
  f[0][0] pts=4 (1482.04,-206.551,132.447) (1479.75,-195.295,133.672) (1469.4,-204.598,125.784) (1479.02,-209.264,130.146)
  f[0][1] pts=2 (1482.04,-206.551,132.447) (1479.02,-209.264,130.146)
  m[1][0] pts=4 (1490.29,-200.914,114.97) (1500.86,-204.936,117.336) (1490.5,-214.239,109.448) (1487.27,-203.627,112.669)
  m[1][1] pts=2 (1490.29,-200.914,114.97) (1487.27,-203.627,112.669)
  f[1][0] pts=4 (1490.29,-200.914,114.97) (1488,-189.658,116.195) (1477.65,-198.961,108.307) (1487.27,-203.627,112.669)
  f[1][1] pts=2 (1490.29,-200.914,114.97) (1487.27,-203.627,112.669)
joint 68 type=12 v0=23 v1=38 f0_0=2 f1_0=5 name=ss_e_ip_2 orient=1 div=1 shift=0.5
  jv[0] pts=5 (1488.98,-401.333,53.2151) (1478.48,-415.463,43.2437) (1486.74,-406.033,27.3615) (1497.23,-391.904,37.333) (1488.98,-401.333,53.2151)
  jv[1] pts=5 (1473.24,-389.026,52.3447) (1462.74,-403.155,42.3732) (1470.99,-393.726,26.4911) (1481.49,-379.597,36.4626) (1473.24,-389.026,52.3447)
  jv[2] pts=5 (1487.74,-402.749,55.6004) (1479.72,-414.046,40.8584) (1487.97,-404.617,24.9763) (1495.99,-393.32,39.7183) (1487.74,-402.749,55.6004)
  jv[3] pts=5 (1472,-390.442,54.73) (1463.98,-401.739,39.988) (1472.23,-392.31,24.1059) (1480.25,-381.013,38.8479) (1472,-390.442,54.73)
  m[0][0] pts=4 (1474.03,-400.808,47.6926) (1474.81,-390.257,52.4318) (1487.41,-400.103,53.1281) (1477.7,-403.68,47.8957)
  m[0][1] pts=2 (1474.03,-400.808,47.6926) (1477.7,-403.68,47.8957)
  f[0][0] pts=4 (1474.03,-400.808,47.6926) (1465.56,-402.97,40.075) (1478.15,-412.816,40.7713) (1477.7,-403.68,47.8957)
  f[0][1] pts=2 (1474.03,-400.808,47.6926) (1477.7,-403.68,47.8957)
  m[1][0] pts=4 (1482.28,-391.379,31.8105) (1483.06,-380.827,36.5496) (1495.66,-390.673,37.246) (1485.95,-394.251,32.0136)
  m[1][1] pts=2 (1482.28,-391.379,31.8105) (1485.95,-394.251,32.0136)
  f[1][0] pts=4 (1482.28,-391.379,31.8105) (1473.81,-393.54,24.1929) (1486.4,-403.386,24.8892) (1485.95,-394.251,32.0136)
  f[1][1] pts=2 (1482.28,-391.379,31.8105) (1485.95,-394.251,32.0136)
joint 69 type=12 v0=24 v1=27 f0_0=4 f1_0=2 name=ss_e_ip_2 orient=1 div=1 shift=0.5
  jv[0] pts=5 (1526.72,552.053,40.7693) (1524.94,537.022,54.2322) (1532.49,526.507,38.6502) (1534.26,541.538,25.1873) (1526.72,552.053,40.7693)
  jv[1] pts=5 (1508.17,548.401,34.2478) (1506.39,533.369,47.7107) (1513.94,522.855,32.1287) (1515.71,537.886,18.6658) (1508.17,548.401,34.2478)
  jv[2] pts=5 (1525.52,553.722,43.2419) (1526.14,535.353,51.7596) (1533.69,524.839,36.1776) (1533.07,543.207,27.66) (1525.52,553.722,43.2419)
  jv[3] pts=5 (1506.97,550.069,36.7204) (1507.59,531.701,45.2381) (1515.14,521.186,29.6561) (1514.52,539.554,21.1384) (1506.97,550.069,36.7204)
  m[0][0] pts=4 (1514.39,542.285,43.4792) (1510.02,548.766,34.9) (1524.86,551.688,40.1172) (1518.72,543.137,45.0009)
  m[0][1] pts=2 (1514.39,542.285,43.4792) (1518.72,543.137,45.0009)
  f[0][0] pts=4 (1514.39,542.285,43.4792) (1509.45,532.066,45.8902) (1524.29,534.988,51.1074) (1518.72,543.137,45.0008)
  f[0][1] pts=2 (1514.39,542.285,43.4792) (1518.72,543.137,45.0008)
  m[1][0] pts=4 (1521.94,531.77,27.8972) (1517.57,538.251,19.318) (1532.41,541.173,24.5352) (1526.27,532.623,29.4189)
  m[1][1] pts=2 (1521.94,531.77,27.8972) (1526.27,532.623,29.4189)
  f[1][0] pts=4 (1521.94,531.77,27.8972) (1516.99,521.551,30.3082) (1531.83,524.473,35.5255) (1526.27,532.623,29.4189)
  f[1][1] pts=2 (1521.94,531.77,27.8972) (1526.27,532.623,29.4189)
joint 70 type=12 v0=25 v1=31 f0_0=6 f1_0=2 name=ss_e_ip_2 orient=1 div=1 shift=0.5
  jv[0] pts=5 (1909.09,261.913,211.61) (1926.35,272.52,211.578) (1927.64,276.687,231.365) (1910.38,266.081,231.397) (1909.09,261.913,211.61)
  jv[1] pts=5 (1919.45,245.052,214.485) (1936.71,255.658,214.453) (1938.01,259.825,234.24) (1920.74,249.219,234.272) (1919.45,245.052,214.485)
  jv[2] pts=5 (1909.29,262.582,214.783) (1926.14,271.851,208.404) (1927.43,276.019,228.191) (1910.58,266.749,234.57) (1909.29,262.582,214.783)
  jv[3] pts=5 (1919.66,245.72,217.658) (1936.51,254.99,211.28) (1937.8,259.157,231.067) (1920.95,249.887,237.445) (1919.66,245.72,217.658)
  m[0][0] pts=4 (1924.11,256.818,213.367) (1918.41,246.738,214.197) (1910.12,260.227,211.897) (1921.69,260.753,212.696)
  m[0][1] pts=2 (1924.11,256.818,213.367) (1921.69,260.753,212.696)
  f[0][0] pts=4 (1924.11,256.818,213.367) (1935.47,256.676,210.992) (1927.18,270.165,208.692) (1921.69,260.753,212.696)
  f[0][1] pts=2 (1924.11,256.818,213.367) (1921.69,260.753,212.696)
  m[1][0] pts=4 (1925.4,260.986,233.154) (1919.7,250.905,233.985) (1911.41,264.394,231.684) (1922.98,264.92,232.483)
  m[1][1] pts=2 (1925.4,260.986,233.154) (1922.98,264.92,232.483)
  f[1][0] pts=4 (1925.4,260.986,233.154) (1936.76,260.843,230.779) (1928.47,274.332,228.479) (1922.98,264.92,232.483)
  f[1][1] pts=2 (1925.4,260.986,233.154) (1922.98,264.92,232.483)
joint 71 type=12 v0=25 v1=33 f0_0=3 f1_0=4 name=ss_e_ip_2 orient=1 div=1 shift=0.5
  jv[0] pts=5 (1796.1,27.6902,232.358) (1792.87,7.79893,234.595) (1790.87,6.99569,254.755) (1794.1,26.887,252.518) (1796.1,27.6902,232.358)
  jv[1] pts=5 (1776.42,30.6807,230.515) (1773.19,10.7894,232.752) (1771.18,9.98613,252.912) (1774.41,29.8774,250.675) (1776.42,30.6807,230.515)
  jv[2] pts=5 (1793.77,26.755,255.832) (1791.2,7.12772,251.442) (1793.2,7.93096,231.282) (1795.77,27.5582,235.672) (1793.77,26.755,255.832)
  jv[3] pts=5 (1774.08,29.7454,253.988) (1771.51,10.1182,249.598) (1773.52,10.9214,229.438) (1776.09,30.5487,233.828) (1774.08,29.7454,253.988)
  m[0][0] pts=4 (1782.35,19.5887,232.34) (1778.38,30.3816,230.699) (1794.14,27.9893,232.174) (1786.94,18.8909,232.77)
  m[0][1] pts=2 (1782.35,19.5887,232.34) (1786.94,18.8909,232.77)
  f[0][0] pts=4 (1780.34,18.7855,252.5) (1773.48,9.81911,249.783) (1789.23,7.42676,251.257) (1784.93,18.0877,252.93)
  f[0][1] pts=2 (1780.34,18.7855,252.5) (1784.93,18.0877,252.93)
  m[1][0] pts=4 (1780.34,18.7855,252.5) (1776.38,29.5784,250.859) (1792.13,27.1861,252.334) (1784.93,18.0877,252.93)
  m[1][1] pts=2 (1780.34,18.7855,252.5) (1784.93,18.0877,252.93)
  f[1][0] pts=4 (1782.35,19.5887,232.34) (1775.48,10.6223,229.623) (1791.24,8.23,231.097) (1786.94,18.8909,232.77)
  f[1][1] pts=2 (1782.35,19.5887,232.34) (1786.94,18.8909,232.77)
joint 72 type=12 v0=25 v1=37 f0_0=5 f1_0=4 name=ss_e_ip_2 orient=1 div=1 shift=0.5
  jv[0] pts=5 (1766.05,277.709,198.959) (1763.66,297.554,196.307) (1761.87,302.543,215.762) (1764.27,282.698,218.414) (1766.05,277.709,198.959)
  jv[1] pts=5 (1785.85,280.251,200.121) (1783.46,300.096,197.47) (1781.68,305.086,216.925) (1784.07,285.241,219.576) (1785.85,280.251,200.121)
  jv[2] pts=5 (1765.82,278.343,201.433) (1763.88,296.919,193.834) (1762.1,301.909,213.289) (1764.04,283.333,220.888) (1765.82,278.343,201.433)
  jv[3] pts=5 (1785.63,280.886,202.595) (1783.69,299.461,194.996) (1781.9,304.451,214.451) (1783.84,285.875,222.05) (1785.63,280.886,202.595)
  m[0][0] pts=4 (1777.07,289.199,198.35) (1783.87,279.997,200.005) (1768.03,277.963,199.075) (1772.44,288.606,198.079)
  m[0][1] pts=2 (1777.07,289.199,198.35) (1772.44,288.606,198.079)
  f[0][0] pts=4 (1777.07,289.199,198.35) (1781.71,299.207,194.88) (1765.86,297.173,193.95) (1772.44,288.606,198.079)
  f[0][1] pts=2 (1777.07,289.199,198.35) (1772.44,288.606,198.079)
  m[1][0] pts=4 (1775.28,294.189,217.805) (1782.09,284.986,219.46) (1766.25,282.953,218.53) (1770.66,293.595,217.534)
  m[1][1] pts=2 (1775.28,294.189,217.805) (1770.66,293.595,217.534)
  f[1][0] pts=4 (1775.28,294.189,217.805) (1779.92,304.197,214.335) (1764.08,302.163,213.405) (1770.66,293.595,217.534)
  f[1][1] pts=2 (1775.28,294.189,217.805) (1770.66,293.595,217.534)
joint 73 type=12 v0=26 v1=29 f0_0=7 f1_0=3 name=ss_e_ip_2 orient=1 div=1 shift=0.5
  jv[0] pts=5 (2176.36,461.514,102.01) (2162.47,476.114,103.721) (2155.85,467.64,86.5907) (2169.74,453.041,84.8793) (2176.36,461.514,102.01)
  jv[1] pts=5 (2188.01,473.842,91.41) (2174.12,488.441,93.1214) (2167.49,479.968,75.9908) (2181.39,465.368,74.2794) (2188.01,473.842,91.41)
  jv[2] pts=5 (2177.35,462.778,104.565) (2161.48,474.85,101.166) (2154.86,466.376,84.0353) (2170.73,454.305,87.4347) (2177.35,462.778,104.565)
  jv[3] pts=5 (2189,475.106,93.9654) (2173.13,487.177,90.566) (2166.51,478.704,73.4354) (2182.38,466.632,76.8347) (2189,475.106,93.9654)
  m[0][0] pts=4 (2176.6,476.416,96.329) (2186.84,472.609,92.47) (2177.53,462.747,100.95) (2173.88,473.539,98.8023)
  m[0][1] pts=2 (2176.6,476.416,96.329) (2173.88,473.539,98.8023)
  f[0][0] pts=4 (2176.6,476.416,96.329) (2171.96,485.944,91.626) (2162.64,476.082,100.106) (2173.88,473.539,98.8023)
  f[0][1] pts=2 (2176.6,476.416,96.329) (2173.88,473.539,98.8023)
  m[1][0] pts=4 (2169.98,467.942,79.1984) (2180.22,464.135,75.3394) (2170.9,454.273,83.8193) (2167.26,465.066,81.6717)
  m[1][1] pts=2 (2169.98,467.942,79.1984) (2167.26,465.066,81.6717)
  f[1][0] pts=4 (2169.98,467.942,79.1984) (2165.34,477.471,74.4954) (2156.02,467.609,82.9753) (2167.26,465.066,81.6717)
  f[1][1] pts=2 (2169.98,467.942,79.1984) (2167.26,465.066,81.6717)
joint 74 type=12 v0=26 v1=31 f0_0=6 f1_0=5 name=ss_e_ip_2 orient=1 div=1 shift=0.5
  jv[0] pts=5 (2163.11,313.869,163.916) (2145.53,312.131,173.625) (2139.08,306.057,155.51) (2156.67,307.796,145.801) (2163.11,313.869,163.916)
  jv[1] pts=5 (2158.63,332.774,159.174) (2141.04,331.036,168.884) (2134.59,324.962,150.769) (2152.18,326.701,141.059) (2158.63,332.774,159.174)
  jv[2] pts=5 (2163.94,314.645,166.229) (2144.7,311.356,171.313) (2138.25,305.282,153.198) (2157.49,308.571,148.114) (2163.94,314.645,166.229)
  jv[3] pts=5 (2159.45,333.55,161.487) (2140.22,330.26,166.571) (2133.77,324.187,148.456) (2153,327.476,143.372) (2159.45,333.55,161.487)
  m[0][0] pts=4 (2151.55,324.658,165.847) (2159.08,330.884,159.649) (2162.67,315.76,163.442) (2152.6,320.247,166.953)
  m[0][1] pts=2 (2151.55,324.658,165.847) (2152.6,320.247,166.953)
  f[0][0] pts=4 (2151.55,324.658,165.847) (2140.67,328.37,167.045) (2144.25,313.246,170.838) (2152.6,320.247,166.953)
  f[0][1] pts=2 (2151.55,324.658,165.847) (2152.6,320.247,166.953)
  m[1][0] pts=4 (2145.11,318.585,147.732) (2152.63,324.81,141.533) (2156.22,309.686,145.327) (2146.15,314.173,148.838)
  m[1][1] pts=2 (2145.11,318.585,147.732) (2146.15,314.173,148.838)
  f[1][0] pts=4 (2145.11,318.585,147.732) (2134.22,322.296,148.93) (2137.81,307.172,152.723) (2146.15,314.173,148.838)
  f[1][1] pts=2 (2145.11,318.585,147.732) (2146.15,314.173,148.838)
joint 75 type=12 v0=26 v1=34 f0_0=4 f1_0=6 name=ss_e_ip_2 orient=1 div=1 shift=0.5
  jv[0] pts=5 (2283.42,186.642,149.399) (2285.34,167.268,155.636) (2276.25,164.987,137.468) (2274.33,184.361,131.231) (2283.42,186.642,149.399)
  jv[1] pts=5 (2265.51,187.707,158.23) (2267.43,168.333,164.467) (2258.34,166.052,146.299) (2256.42,185.426,140.062) (2265.51,187.707,158.23)
  jv[2] pts=5 (2285.31,187.115,153.163) (2283.46,166.795,151.871) (2274.37,164.514,133.703) (2276.21,184.833,134.996) (2285.31,187.115,153.163)
  jv[3] pts=5 (2267.39,188.18,161.995) (2265.55,167.86,160.702) (2256.46,165.579,142.535) (2258.3,185.898,143.827) (2267.39,188.18,161.995)
  m[0][0] pts=4 (2273.34,177.612,157.963) (2267.3,187.6,157.347) (2281.63,186.748,150.282) (2277.52,177.363,155.903)
  m[0][1] pts=2 (2273.34,177.612,157.963) (2277.52,177.363,155.903)
  f[0][0] pts=4 (2273.34,177.612,157.963) (2267.34,167.754,159.819) (2281.67,166.902,152.754) (2277.52,177.363,155.903)
  f[0][1] pts=2 (2273.34,177.612,157.963) (2277.52,177.363,155.903)
  m[1][0] pts=4 (2264.24,175.331,139.795) (2258.21,185.319,139.179) (2272.54,184.467,132.114) (2268.42,175.082,137.735)
  m[1][1] pts=2 (2264.24,175.331,139.795) (2268.42,175.082,137.735)
  f[1][0] pts=4 (2264.24,175.331,139.795) (2258.25,165.473,141.652) (2272.58,164.621,134.586) (2268.42,175.082,137.735)
  f[1][1] pts=2 (2264.24,175.331,139.795) (2268.42,175.082,137.735)
joint 76 type=12 v0=27 v1=32 f0_0=7 f1_0=3 name=ss_e_ip_2 orient=1 div=1 shift=0.5
  jv[0] pts=5 (1366.28,346.058,66.3936) (1347.84,339.412,61.2608) (1358.28,332.89,45.1598) (1376.73,339.536,50.2926) (1366.28,346.058,66.3936)
  jv[1] pts=5 (1362.66,363.356,57.034) (1344.21,356.711,51.9012) (1354.65,350.189,35.8003) (1373.1,356.834,40.9331) (1362.66,363.356,57.034)
  jv[2] pts=5 (1364.59,347.116,69.0054) (1349.53,338.354,58.6489) (1359.97,331.832,42.548) (1375.03,340.594,52.9044) (1364.59,347.116,69.0054)
  jv[3] pts=5 (1360.96,364.414,59.6458) (1345.9,355.653,49.2894) (1356.34,349.131,33.1884) (1371.4,357.892,43.5449) (1360.96,364.414,59.6458)
  m[0][0] pts=4 (1354.82,353.403,58.0554) (1363.02,361.627,57.97) (1365.92,347.788,65.4576) (1355.67,349.366,60.2393)
  m[0][1] pts=2 (1354.82,353.403,58.0554) (1355.67,349.366,60.2393)
  f[0][0] pts=4 (1354.82,353.403,58.0554) (1346.27,353.923,50.2253) (1349.17,340.084,57.713) (1355.67,349.366,60.2393)
  f[0][1] pts=2 (1354.82,353.403,58.0554) (1355.67,349.366,60.2393)
  m[1][0] pts=4 (1365.26,346.881,41.9545) (1373.46,355.105,41.869) (1376.36,341.266,49.3567) (1366.11,342.844,44.1384)
  m[1][1] pts=2 (1365.26,346.881,41.9545) (1366.11,342.844,44.1384)
  f[1][0] pts=4 (1365.26,346.881,41.9545) (1356.71,347.401,34.1244) (1359.61,333.562,41.612) (1366.11,342.844,44.1384)
  f[1][1] pts=2 (1365.26,346.881,41.9545) (1366.11,342.844,44.1384)
joint 77 type=12 v0=27 v1=36 f0_0=6 f1_0=4 name=ss_e_ip_2 orient=1 div=1 shift=0.5
  jv[0] pts=5 (1438.3,295.562,120.739) (1428.2,278.356,124.016) (1437.14,273.293,106.599) (1447.24,290.499,103.322) (1438.3,295.562,120.739)
  jv[1] pts=5 (1422.66,302.816,110.602) (1412.56,285.61,113.879) (1421.5,280.547,96.4627) (1431.6,297.753,93.1854) (1422.66,302.816,110.602)
  jv[2] pts=5 (1436.98,296.309,123.307) (1429.51,277.609,121.448) (1438.45,272.546,104.031) (1445.92,291.245,105.89) (1436.98,296.309,123.307)
  jv[3] pts=5 (1421.34,303.563,113.17) (1413.87,284.864,111.311) (1422.81,279.801,93.8946) (1430.28,298.5,95.7535) (1421.34,303.563,113.17)
  m[0][0] pts=4 (1423.6,291.432,116.126) (1424.22,302.091,111.616) (1436.74,296.287,119.725) (1427.25,289.74,118.492)
  m[0][1] pts=2 (1423.6,291.432,116.126) (1427.25,289.74,118.492)
  f[0][0] pts=4 (1423.6,291.433,116.126) (1415.44,284.138,112.325) (1427.95,278.335,120.434) (1427.25,289.74,118.492)
  f[0][1] pts=2 (1423.6,291.433,116.126) (1427.25,289.74,118.492)
  m[1][0] pts=4 (1432.54,286.369,98.7097) (1433.16,297.028,94.1991) (1445.68,291.224,102.308) (1436.19,284.677,101.075)
  m[1][1] pts=2 (1432.54,286.369,98.7097) (1436.19,284.677,101.075)
  f[1][0] pts=4 (1432.54,286.369,98.7097) (1424.38,279.075,94.9083) (1436.89,273.272,103.017) (1436.19,284.677,101.075)
  f[1][1] pts=2 (1432.54,286.369,98.7097) (1436.19,284.677,101.075)
joint 78 type=12 v0=27 v1=37 f0_0=4 f1_0=6 name=ss_e_ip_2 orient=1 div=1 shift=0.5
  jv[0] pts=5 (1626.17,403.876,154.774) (1644.7,404.073,162.835) (1649.53,396.445,144.763) (1631.01,396.248,136.703) (1626.17,403.876,154.774)
  jv[1] pts=5 (1623.31,385.377,161.815) (1641.83,385.574,169.876) (1646.66,377.946,151.805) (1628.14,377.749,143.744) (1623.31,385.377,161.815)
  jv[2] pts=5 (1630.33,397.325,139.253) (1650.21,395.368,142.213) (1645.38,402.996,160.284) (1625.49,404.952,157.324) (1630.33,397.325,139.253)
  jv[3] pts=5 (1627.46,378.826,146.294) (1647.35,376.87,149.254) (1642.51,384.498,167.325) (1622.62,386.454,164.365) (1627.46,378.826,146.294)
  m[0][0] pts=4 (1633.67,392.567,163.146) (1623.59,387.227,161.111) (1625.89,402.026,155.478) (1634.34,396.883,161.503)
  m[0][1] pts=2 (1633.67,392.567,163.146) (1634.34,396.883,161.503)
  f[0][0] pts=4 (1638.5,384.939,145.075) (1647.63,378.72,148.55) (1649.93,393.519,142.917) (1639.17,389.255,143.432)
  f[0][1] pts=2 (1638.5,384.939,145.075) (1639.17,389.255,143.432)
  m[1][0] pts=4 (1638.5,384.939,145.075) (1628.43,379.599,143.04) (1630.72,394.398,137.407) (1639.17,389.255,143.432)
  m[1][1] pts=2 (1638.5,384.939,145.075) (1639.17,389.255,143.432)
  f[1][0] pts=4 (1633.67,392.567,163.146) (1642.8,386.347,166.621) (1645.09,401.146,160.989) (1634.34,396.883,161.503)
  f[1][1] pts=2 (1633.67,392.567,163.146) (1634.34,396.883,161.503)
joint 79 type=12 v0=28 v1=33 f0_0=2 f1_0=7 name=ss_e_ip_2 orient=1 div=1 shift=0.5
  jv[0] pts=5 (1751.48,-305.071,157.678) (1750.37,-287.716,168.141) (1747.99,-295.128,186.885) (1749.1,-312.484,176.422) (1751.48,-305.071,157.678)
  jv[1] pts=5 (1771.33,-305.275,160.119) (1770.22,-287.919,170.582) (1767.84,-295.332,189.326) (1768.95,-312.688,178.863) (1771.33,-305.275,160.119)
  jv[2] pts=5 (1748.69,-313.745,179.612) (1748.39,-293.866,183.695) (1750.78,-286.454,164.951) (1751.07,-306.333,160.868) (1748.69,-313.745,179.612)
  jv[3] pts=5 (1768.54,-313.949,182.052) (1768.24,-294.07,186.136) (1770.63,-286.658,167.392) (1770.92,-306.537,163.309) (1768.54,-313.949,182.052)
  m[0][0] pts=4 (1763.17,-296.519,164.415) (1769.34,-305.255,159.875) (1753.46,-305.092,157.922) (1758.53,-296.472,163.845)
  m[0][1] pts=2 (1763.17,-296.519,164.415) (1758.53,-296.472,163.845)
  f[0][0] pts=4 (1760.78,-303.932,183.158) (1766.26,-294.05,185.892) (1750.38,-293.887,183.939) (1756.15,-303.884,182.589)
  f[0][1] pts=2 (1760.78,-303.932,183.158) (1756.15,-303.884,182.589)
  m[1][0] pts=4 (1760.78,-303.932,183.158) (1766.96,-312.667,178.618) (1751.08,-312.504,176.666) (1756.15,-303.884,182.589)
  m[1][1] pts=2 (1760.78,-303.932,183.158) (1756.15,-303.884,182.589)
  f[1][0] pts=4 (1763.17,-296.519,164.415) (1768.64,-286.637,167.148) (1752.76,-286.474,165.196) (1758.53,-296.472,163.845)
  f[1][1] pts=2 (1763.17,-296.519,164.415) (1758.53,-296.472,163.845)
joint 80 type=12 v0=29 v1=31 f0_0=4 f1_0=4 name=ss_e_ip_2 orient=1 div=1 shift=0.5
  jv[0] pts=5 (2042.93,444.907,150.011) (2042.44,427.816,160.7) (2038.25,419.72,142.714) (2038.74,436.812,132.025) (2042.93,444.907,150.011)
  jv[1] pts=5 (2023.4,447.568,153.366) (2022.9,430.477,164.055) (2018.71,422.381,146.069) (2019.21,439.472,135.38) (2023.4,447.568,153.366)
  jv[2] pts=5 (2043.47,445.939,152.304) (2041.91,426.784,158.407) (2037.72,418.688,140.421) (2039.28,437.843,134.317) (2043.47,445.939,152.304)
  jv[3] pts=5 (2023.93,448.6,155.659) (2022.37,429.445,161.762) (2018.18,421.349,143.776) (2019.74,440.504,137.673) (2023.93,448.6,155.659)
  m[0][0] pts=4 (2030.64,438.002,157.425) (2025.35,447.302,153.031) (2040.98,445.173,150.346) (2035.2,437.381,156.642)
  m[0][1] pts=2 (2030.64,438.002,157.425) (2035.2,437.381,156.642)
  f[0][0] pts=4 (2030.64,438.002,157.425) (2024.32,429.179,161.427) (2039.95,427.05,158.743) (2035.2,437.381,156.642)
  f[0][1] pts=2 (2030.64,438.002,157.425) (2035.2,437.381,156.642)
  m[1][0] pts=4 (2026.45,429.907,139.438) (2021.16,439.206,135.045) (2036.79,437.078,132.36) (2031.01,429.286,138.655)
  m[1][1] pts=2 (2026.45,429.907,139.438) (2031.01,429.286,138.655)
  f[1][0] pts=4 (2026.45,429.907,139.438) (2020.13,421.083,143.441) (2035.76,418.955,140.757) (2031.01,429.286,138.655)
  f[1][1] pts=2 (2026.45,429.907,139.438) (2031.01,429.286,138.655)
joint 81 type=12 v0=29 v1=30 f0_0=7 f1_0=3 name=ss_e_ip_2 orient=1 div=1 shift=0.5
  jv[0] pts=5 (2035.64,617.814,45.0148) (2029.99,634.882,35.9107) (2026.43,622.522,20.3995) (2032.07,605.454,29.5035) (2035.64,617.814,45.0148)
  jv[1] pts=5 (2054.36,620.549,38.5332) (2048.71,637.616,29.4292) (2045.15,625.257,13.9179) (2050.79,608.189,23.0219) (2054.36,620.549,38.5332)
  jv[2] pts=5 (2032.51,606.964,31.3987) (2025.99,621.012,18.5043) (2029.55,633.372,34.0156) (2036.07,619.324,46.9099) (2032.51,606.964,31.3987)
  jv[3] pts=5 (2051.23,609.699,24.9171) (2044.71,623.747,12.0227) (2048.28,636.106,27.534) (2054.79,622.059,40.4283) (2051.23,609.699,24.9171)
  m[0][0] pts=4 (2044.36,628.034,36.4658) (2052.49,620.275,39.1813) (2037.51,618.087,44.3666) (2039.99,627.396,37.9781)
  m[0][1] pts=2 (2044.36,628.034,36.4658) (2039.99,627.396,37.9781)
  f[0][0] pts=4 (2040.79,615.675,20.9545) (2042.84,623.473,12.6709) (2027.86,621.286,17.8562) (2036.42,615.037,22.4669)
  f[0][1] pts=2 (2040.79,615.675,20.9545) (2036.42,615.037,22.4669)
  m[1][0] pts=4 (2040.79,615.675,20.9545) (2048.92,607.916,23.6701) (2033.94,605.728,28.8554) (2036.42,615.037,22.4669)
  m[1][1] pts=2 (2040.79,615.675,20.9545) (2036.42,615.037,22.4669)
  f[1][0] pts=4 (2044.36,628.034,36.4658) (2046.4,635.833,28.1821) (2031.43,633.645,33.3674) (2039.99,627.396,37.9781)
  f[1][1] pts=2 (2044.36,628.034,36.4658) (2039.99,627.396,37.9781)
joint 82 type=12 v0=29 v1=37 f0_0=5 f1_0=2 name=ss_e_ip_2 orient=1 div=1 shift=0.5
  jv[0] pts=5 (1936.83,469.602,161.901) (1919.53,463.092,170.354) (1918.38,453.986,152.214) (1935.68,460.496,143.761) (1936.83,469.602,161.901)
  jv[1] pts=5 (1927.24,485.522,154.518) (1909.93,479.011,162.971) (1908.78,469.905,144.831) (1926.09,476.416,136.378) (1927.24,485.522,154.518)
  jv[2] pts=5 (1937.04,471.236,165.156) (1919.32,461.458,167.1) (1918.17,452.352,148.96) (1935.89,462.13,147.016) (1937.04,471.236,165.156)
  jv[3] pts=5 (1927.45,487.155,157.773) (1909.73,477.377,159.717) (1908.58,468.271,141.577) (1926.3,478.049,139.633) (1927.45,487.155,157.773)
  m[0][0] pts=4 (1922.26,476.164,161.575) (1928.2,483.93,155.257) (1935.88,471.194,161.163) (1924.5,472.449,163.298)
  m[0][1] pts=2 (1922.26,476.164,161.575) (1924.5,472.449,163.298)
  f[0][0] pts=4 (1922.26,476.164,161.575) (1910.69,475.785,160.455) (1918.36,463.05,166.361) (1924.5,472.449,163.298)
  f[0][1] pts=2 (1922.26,476.164,161.575) (1924.5,472.449,163.298)
  m[1][0] pts=4 (1921.12,467.058,143.435) (1927.05,474.824,137.117) (1934.73,462.088,143.023) (1923.35,463.343,145.158)
  m[1][1] pts=2 (1921.12,467.058,143.435) (1923.35,463.343,145.158)
  f[1][0] pts=4 (1921.12,467.058,143.435) (1909.54,466.679,142.315) (1917.21,453.944,148.221) (1923.35,463.343,145.158)
  f[1][1] pts=2 (1921.12,467.058,143.435) (1923.35,463.343,145.158)
joint 83 type=12 v0=31 v1=37 f0_0=3 f1_0=3 name=ss_e_ip_2 orient=1 div=1 shift=0.5
  jv[0] pts=5 (1923.37,367.764,201.413) (1904.3,374.23,203.523) (1903.29,367.564,184.428) (1922.37,361.098,182.318) (1923.37,367.764,201.413)
  jv[1] pts=5 (1928.78,385.854,194.812) (1909.7,392.32,196.922) (1908.7,385.654,177.828) (1927.77,379.188,175.718) (1928.78,385.854,194.812)
  jv[2] pts=5 (1923.53,368.808,204.402) (1904.14,373.187,200.533) (1903.13,366.521,181.439) (1922.52,362.141,185.308) (1923.53,368.808,204.402)
  jv[3] pts=5 (1928.93,386.897,197.802) (1909.54,391.277,193.933) (1908.54,384.61,174.838) (1927.93,380.231,178.707) (1928.93,386.897,197.802)
  m[0][0] pts=4 (1917.17,382.153,198.397) (1928.23,384.045,195.472) (1923.91,369.573,200.753) (1915.91,377.932,199.938)
  m[0][1] pts=2 (1917.17,382.153,198.397) (1915.91,377.932,199.938)
  f[0][0] pts=4 (1917.17,382.153,198.397) (1909,389.468,194.593) (1904.68,374.996,199.873) (1915.91,377.932,199.938)
  f[0][1] pts=2 (1917.17,382.153,198.397) (1915.91,377.932,199.938)
  m[1][0] pts=4 (1916.16,375.486,179.303) (1927.23,377.379,176.378) (1922.91,362.907,181.658) (1914.9,371.265,180.843)
  m[1][1] pts=2 (1916.16,375.486,179.303) (1914.9,371.265,180.843)
  f[1][0] pts=4 (1916.16,375.486,179.303) (1908,382.801,175.498) (1903.68,368.33,180.779) (1914.9,371.265,180.843)
  f[1][1] pts=2 (1916.16,375.486,179.303) (1914.9,371.265,180.843)
joint 84 type=12 v0=32 v1=36 f0_0=4 f1_0=3 name=ss_e_ip_2 orient=1 div=1 shift=0.5
  jv[0] pts=5 (1308.49,258.079,50.375) (1318.87,246.954,63.5828) (1330.5,243.196,47.5676) (1320.12,254.321,34.3598) (1308.49,258.079,50.375)
  jv[1] pts=5 (1297.18,242.203,45.8884) (1307.56,231.079,59.0962) (1319.19,227.321,43.0811) (1308.82,238.445,29.8732) (1297.18,242.203,45.8884)
  jv[2] pts=5 (1318.72,254.774,36.2928) (1331.9,242.743,45.6346) (1320.27,246.501,61.6498) (1307.09,258.532,52.308) (1318.72,254.774,36.2928)
  jv[3] pts=5 (1307.41,238.898,31.8062) (1320.6,226.867,41.148) (1308.97,230.625,57.1632) (1295.78,242.657,47.8214) (1307.41,238.898,31.8062)
  m[0][0] pts=4 (1306.71,242.727,54.2122) (1298.31,243.791,46.337) (1307.36,256.491,49.9263) (1309.35,246.431,55.259)
  m[0][1] pts=2 (1306.71,242.727,54.2122) (1309.35,246.431,55.259)
  f[0][0] pts=4 (1318.34,238.968,38.197) (1321.73,228.455,41.5967) (1330.77,241.155,45.186) (1320.98,242.673,39.2439)
  f[0][1] pts=2 (1318.34,238.968,38.197) (1320.98,242.673,39.2439)
  m[1][0] pts=4 (1318.34,238.968,38.197) (1309.95,240.032,30.3219) (1318.99,252.733,33.9111) (1320.98,242.673,39.2439)
  m[1][1] pts=2 (1318.34,238.968,38.197) (1320.98,242.673,39.2439)
  f[1][0] pts=4 (1306.71,242.727,54.2122) (1310.1,232.213,57.6119) (1319.14,244.913,61.2011) (1309.35,246.431,55.259)
  f[1][1] pts=2 (1306.71,242.727,54.2122) (1309.35,246.431,55.259)
joint 85 type=12 v0=33 v1=35 f0_0=2 f1_0=6 name=ss_e_ip_2 orient=1 div=1 shift=0.5
  jv[0] pts=5 (1571.2,-109.138,199.821) (1551,-109.348,197.251) (1557.24,-105.279,178.297) (1577.45,-105.068,180.868) (1571.2,-109.138,199.821)
  jv[1] pts=5 (1570.49,-89.5488,203.793) (1550.29,-89.7597,201.222) (1556.53,-85.6905,182.269) (1576.74,-85.4797,184.84) (1570.49,-89.5488,203.793)
  jv[2] pts=5 (1570.03,-109.905,203.397) (1552.18,-108.581,193.675) (1558.42,-104.512,174.721) (1576.27,-105.836,184.444) (1570.03,-109.905,203.397)
  jv[3] pts=5 (1569.32,-90.3165,207.369) (1551.47,-88.992,197.647) (1557.71,-84.9229,178.693) (1575.56,-86.2473,188.415) (1569.32,-90.3165,207.369)
  m[0][0] pts=4 (1560.66,-97.1633,200.985) (1570.56,-91.5077,203.396) (1571.13,-107.179,200.219) (1560.83,-101.734,200.059)
  m[0][1] pts=2 (1560.66,-97.1633,200.985) (1560.83,-101.734,200.059)
  f[0][0] pts=4 (1560.66,-97.1633,200.985) (1551.54,-90.9509,197.249) (1552.11,-106.622,194.072) (1560.83,-101.734,200.059)
  f[0][1] pts=2 (1560.66,-97.1633,200.985) (1560.83,-101.734,200.059)
  m[1][0] pts=4 (1566.91,-93.0941,182.032) (1576.81,-87.4385,184.443) (1577.38,-103.11,181.265) (1567.07,-97.6649,181.105)
  m[1][1] pts=2 (1566.91,-93.0941,182.032) (1567.07,-97.6649,181.105)
  f[1][0] pts=4 (1566.91,-93.0941,182.032) (1557.78,-86.8817,178.296) (1558.35,-102.553,175.119) (1567.07,-97.6649,181.105)
  f[1][1] pts=2 (1566.91,-93.0941,182.032) (1567.07,-97.6649,181.105)
joint 86 type=12 v0=35 v1=36 f0_0=4 f1_0=6 name=ss_e_ip_2 orient=1 div=1 shift=0.5
  jv[0] pts=5 (1378.68,13.7793,123.584) (1375.74,33.6109,126.354) (1385.8,34.3857,108.809) (1388.75,14.5541,106.039) (1378.68,13.7793,123.584)
  jv[1] pts=5 (1395.98,14.9573,133.556) (1393.03,34.7889,136.326) (1403.1,35.5638,118.781) (1406.04,15.7321,116.011) (1395.98,14.9573,133.556)
  jv[2] pts=5 (1377.14,13.6603,126.277) (1377.28,33.7298,123.66) (1387.34,34.5047,106.116) (1387.2,14.4351,108.733) (1377.14,13.6603,126.277)
  jv[3] pts=5 (1394.44,14.8383,136.249) (1394.58,34.9079,133.632) (1404.64,35.6827,116.088) (1404.5,15.6132,118.705) (1394.44,14.8383,136.249)
  m[0][0] pts=4 (1387.88,24.4215,131.118) (1394.25,14.8395,132.559) (1380.41,13.8971,124.581) (1383.84,24.1466,128.791)
  m[0][1] pts=2 (1387.88,24.4215,131.118) (1383.84,24.1466,128.791)
  f[0][0] pts=4 (1387.88,24.4215,131.118) (1392.85,34.7901,132.635) (1379.01,33.8476,124.658) (1383.84,24.1467,128.791)
  f[0][1] pts=2 (1387.88,24.4215,131.118) (1383.84,24.1467,128.791)
  m[1][0] pts=4 (1397.94,25.1964,113.574) (1404.31,15.6143,115.014) (1390.48,14.6719,107.037) (1393.9,24.9215,111.247)
  m[1][1] pts=2 (1397.94,25.1964,113.574) (1393.9,24.9215,111.247)
  f[1][0] pts=4 (1397.94,25.1964,113.574) (1402.91,35.5649,115.091) (1389.07,34.6225,107.113) (1393.9,24.9215,111.247)
  f[1][1] pts=2 (1397.94,25.1964,113.574) (1393.9,24.9215,111.247)
