element 0
  poly 0: -2500 8905.71 -1311.06 -2500 2500 -13.546 -1347.31 2500 -3.29241 -1327.74 2391.24 18.912 -1278.39 2342.78 29.1654 -1269.97 2296.01 38.7149 -1319.32 2344.46 28.4614 -1294.07 2204.14 57.1097 -1244.72 2155.68 67.3631 -1236.31 2108.91 76.9126 -1285.66 2157.36 66.6591 -1268.82 2063.81 85.758 -1248.63 1951.61 108.664 -2500 8905.71 -1311.06
  poly 1: -2500 8914.25 -1271.97 -2500 2500 27.2679 -1345.77 2500 37.5351 -1327.65 2399.26 58.1026 -1278.3 2350.8 68.3561 -1269.88 2304.03 77.9055 -1319.23 2352.48 67.652 -1293.98 2212.16 96.3003 -1244.63 2163.7 106.554 -1236.21 2116.93 116.103 -1285.56 2165.38 105.85 -1268.73 2071.83 124.949 -1248.24 1957.96 148.196 -2500 8914.25 -1271.97
element 1
  poly 0: -2500 8833.1 -1643.27 -2500 2500 -360.464 -1360.38 2500 -350.327 -1339.72 2385.21 -326.891 -1290.37 2336.75 -316.637 -1280.88 2283.99 -305.865 -1330.23 2332.44 -316.119 -1301.74 2174.16 -283.803 -1252.39 2125.7 -273.55 -1242.9 2072.94 -262.778 -1292.25 2121.39 -273.032 -1273.26 2015.87 -251.488 -1251.99 1897.68 -227.36 -2500 8833.1 -1643.27
  poly 1: -2500 8841.64 -1604.18 -2500 2500 -319.65 -1358.84 2500 -309.499 -1339.63 2393.22 -287.7 -1290.28 2344.77 -277.446 -1280.78 2292.01 -266.675 -1330.13 2340.46 -276.928 -1301.65 2182.17 -244.613 -1252.3 2133.72 -234.359 -1242.81 2080.96 -223.588 -1292.15 2129.41 -233.841 -1273.17 2023.89 -212.297 -1251.6 1904.03 -187.827 -2500 8841.64 -1604.18
element 2
  poly 0: -2416.46 1492.39 228.058 -2415.79 1486.47 188.464 -2291.9 1536.33 183.112 -2292.57 1542.25 222.707 -2416.46 1492.39 228.058
  poly 1: -2376.45 1465.54 230.94 -2375.77 1459.63 191.345 -2251.88 1509.49 185.994 -2252.56 1515.4 225.588 -2376.45 1465.54 230.94
  poly 2: -1920.9 1691.83 206.653 -1920.23 1685.91 167.058 -1796.34 1735.77 161.707 -1797.01 1741.69 201.301 -1920.9 1691.83 206.653
  poly 3: -1880.89 1664.99 209.534 -1880.22 1659.07 169.939 -1756.33 1708.93 164.588 -1757 1714.85 204.182 -1880.89 1664.99 209.534
  poly 4: -2416.32 1439.85 -108.255 -2415.65 1433.93 -147.85 -2291.61 1483.85 -153.207 -2292.28 1489.77 -113.613 -2416.32 1439.85 -108.255
  poly 5: -2376.3 1413 -105.374 -2375.63 1407.08 -144.968 -2251.6 1457 -150.326 -2252.27 1462.92 -110.732 -2376.3 1413 -105.374
  poly 6: -1920.18 1639.52 -129.686 -1919.51 1633.6 -169.28 -1795.47 1683.52 -174.638 -1796.14 1689.44 -135.044 -1920.18 1639.52 -129.686
  poly 7: -1880.16 1612.68 -126.805 -1879.49 1606.76 -166.399 -1755.46 1656.68 -171.757 -1756.13 1662.6 -132.162 -1880.16 1612.68 -126.805
  poly 8: -2500 -18123.6 -124971 -1248.76 1949.54 95.7431 -1210.71 1966.84 106.78 -1211.83 1948.75 -5.88659 -1249.61 1935.9 10.7489 -1250.74 1917.81 -101.918 -1212.69 1935.11 -90.8808 -1213.81 1917.03 -203.547 -1251.59 1904.17 -186.912 -1252.59 1888.16 -286.658 -2500 1391.69 -197.191 -2500 1469.03 297.316 -2500 -18123.6 -124971
  poly 9: -2500 -18277.1 -125673 -1241.67 1909.76 102.057 -1203.62 1927.06 113.094 -1204.74 1908.97 0.427293 -1242.52 1896.12 17.0628 -1243.65 1878.03 -95.6039 -1205.59 1895.33 -84.5669 -1206.72 1877.25 -197.234 -1244.5 1864.39 -180.598 -1245.48 1848.66 -278.594 -2500 1349.36 -188.617 -2500 1426.71 305.89 -2500 -18277.1 -125673
element 3
  poly 0: -1327.65 2399.26 58.1026 -1319.23 2352.48 67.652 -1319.32 2344.46 28.4614 -1327.74 2391.24 18.912 -1327.65 2399.26 58.1026
  poly 1: -1278.3 2350.8 68.3561 -1269.88 2304.03 77.9055 -1269.97 2296.01 38.7149 -1278.39 2342.78 29.1654 -1278.3 2350.8 68.3561
  poly 2: -1293.98 2212.16 96.3003 -1285.56 2165.38 105.85 -1285.66 2157.36 66.6591 -1294.07 2204.14 57.1097 -1293.98 2212.16 96.3003
  poly 3: -1244.63 2163.7 106.554 -1236.21 2116.93 116.103 -1236.31 2108.91 76.9126 -1244.72 2155.68 67.3631 -1244.63 2163.7 106.554
  poly 4: -1339.63 2393.22 -287.7 -1330.13 2340.46 -276.928 -1330.23 2332.44 -316.119 -1339.72 2385.21 -326.891 -1339.63 2393.22 -287.7
  poly 5: -1290.28 2344.77 -277.446 -1280.78 2292.01 -266.675 -1280.88 2283.99 -305.865 -1290.37 2336.75 -316.637 -1290.28 2344.77 -277.446
  poly 6: -1301.65 2182.17 -244.613 -1292.15 2129.41 -233.841 -1292.25 2121.39 -273.032 -1301.74 2174.16 -283.803 -1301.65 2182.17 -244.613
  poly 7: -1252.3 2133.72 -234.359 -1242.81 2080.96 -223.588 -1242.9 2072.94 -262.778 -1252.39 2125.7 -273.55 -1252.3 2133.72 -234.359
  poly 8: -1261.81 2033.43 132.999 -1261.92 2025.53 93.7865 -1270.34 2072.33 84.3809 -1270.22 2080.23 123.593 -1261.81 2033.43 132.999
  poly 9: -1226.27 2061.62 126.972 -1226.39 2053.72 87.7596 -1234.81 2100.52 78.354 -1234.69 2108.43 117.566 -1226.27 2061.62 126.972
  poly 10: -1295.47 2220.64 95.3766 -1295.59 2212.74 56.1641 -1304.01 2259.55 46.7585 -1303.89 2267.45 85.971 -1295.47 2220.64 95.3766
  poly 11: -1259.94 2248.84 89.3497 -1260.06 2240.94 50.1372 -1268.47 2287.74 40.7316 -1268.36 2295.64 79.9441 -1259.94 2248.84 89.3497
  poly 12: -1266.25 1985.5 -204.171 -1266.36 1977.6 -243.384 -1275.86 2030.39 -253.993 -1275.74 2038.29 -214.781 -1266.25 1985.5 -204.171
  poly 13: -1230.71 2013.69 -210.198 -1230.83 2005.79 -249.411 -1240.32 2058.59 -260.02 -1240.21 2066.49 -220.808 -1230.71 2013.69 -210.198
  poly 14: -1304.22 2196.68 -246.609 -1304.34 2188.78 -285.822 -1313.83 2241.57 -296.431 -1313.72 2249.48 -257.219 -1304.22 2196.68 -246.609
  poly 15: -1268.69 2224.87 -252.636 -1268.81 2216.97 -291.849 -1278.3 2269.77 -302.458 -1278.18 2277.67 -263.246 -1268.69 2224.87 -252.636
  poly 16: -1204.88 2500 3779.6 -1362.68 2500 -411.568 -1245.48 1848.66 -278.594 -1244.5 1864.39 -180.598 -1251.59 1904.17 -186.912 -1250.74 1917.81 -101.918 -1243.65 1878.03 -95.6039 -1242.52 1896.12 17.0628 -1249.61 1935.9 10.7489 -1248.76 1949.54 95.7431 -1241.67 1909.76 102.057 -1247.64 1967.46 207.497 -1204.88 2500 3779.6
  poly 17: -1167.9 2500 3682.86 -1322.05 2500 -411.206 -1207.56 1863.75 -281.313 -1206.72 1877.25 -197.234 -1213.81 1917.03 -203.547 -1212.69 1935.11 -90.8808 -1205.59 1895.33 -84.5669 -1204.74 1908.97 0.427293 -1211.83 1948.75 -5.88659 -1210.71 1966.84 106.78 -1203.62 1927.06 113.094 -1202.62 1943.06 212.84 -1167.9 2500 3682.86
element 4
  poly 0: -2500 8148.21 -526.523 -2500 1409.63 196.711 -2375.77 1459.63 191.345 -2415.79 1486.47 188.464 -2291.9 1536.33 183.112 -2251.88 1509.49 185.994 -1880.22 1659.07 169.939 -1920.23 1685.91 167.058 -1796.34 1735.77 161.707 -1756.33 1708.93 164.588 -1508.55 1808.65 153.885 -1384.92 1858.41 148.545 -1344.69 1631.5 172.898 -1298.59 1600.57 176.218 -1284.75 1522.49 184.598 -1330.85 1553.42 181.278 -1289.32 1319.19 206.418 -1243.22 1288.26 209.737 -1229.38 1210.18 218.117 -1275.48 1241.11 214.798 -1247.79 1084.95 231.558 -1223.83 949.766 246.067 -2500 8148.21 -526.523
  poly 1: -2500 8153.48 -486.858 -2500 1415.82 236.277 -2376.45 1465.54 230.94 -2416.46 1492.39 228.058 -2292.57 1542.25 222.707 -2252.56 1515.4 225.588 -1880.89 1664.99 209.534 -1920.9 1691.83 206.653 -1797.01 1741.69 201.301 -1757 1714.85 204.182 -1509.22 1814.57 193.479 -1385.07 1864.54 188.117 -1344.52 1635.8 212.667 -1298.42 1604.87 215.986 -1284.58 1526.79 224.366 -1330.68 1557.72 221.047 -1289.15 1323.48 246.186 -1243.05 1292.56 249.506 -1229.21 1214.48 257.886 -1275.31 1245.41 254.566 -1247.62 1089.25 271.326 -1223.31 952.112 286.045 -2500 8153.48 -486.858
element 5
  poly 0: -2500 8103.48 -863.675 -2500 1357.03 -139.596 -2375.63 1407.08 -144.968 -2415.65 1433.93 -147.85 -2291.61 1483.85 -153.207 -2251.6 1457 -150.326 -1879.49 1606.76 -166.399 -1919.51 1633.6 -169.28 -1795.47 1683.52 -174.638 -1755.46 1656.68 -171.757 -1507.39 1756.52 -182.472 -1383.61 1806.33 -187.819 -1343.84 1581.99 -163.741 -1297.74 1551.06 -160.421 -1284.55 1476.68 -152.438 -1330.65 1507.61 -155.757 -1291.09 1284.46 -131.808 -1244.99 1253.53 -128.488 -1231.81 1179.15 -120.505 -1277.91 1210.08 -123.824 -1251.53 1061.31 -107.858 -1228.22 929.823 -93.7453 -2500 8103.48 -863.675
  poly 1: -2500 8108.75 -824.01 -2500 1363.22 -100.031 -2376.3 1413 -105.374 -2416.32 1439.85 -108.255 -2292.28 1489.77 -113.613 -2252.27 1462.92 -110.732 -1880.16 1612.68 -126.805 -1920.18 1639.52 -129.686 -1796.14 1689.44 -135.044 -1756.13 1662.6 -132.162 -1508.06 1762.44 -142.878 -1383.77 1812.46 -148.247 -1343.67 1586.29 -123.972 -1297.57 1555.36 -120.653 -1284.38 1480.98 -112.67 -1330.48 1511.91 -115.989 -1290.92 1288.76 -92.0392 -1244.82 1257.83 -88.7199 -1231.64 1183.45 -80.7366 -1277.74 1214.38 -84.0559 -1251.36 1065.61 -68.0894 -1227.71 932.169 -53.7674 -2500 8108.75 -824.01
element 6
  poly 0: -2417.52 475.97 327.253 -2416.79 474.126 287.253 -2293.92 523.34 287.253 -2294.66 525.184 327.253 -2417.52 475.97 327.253
  poly 1: -2377.5 448.858 327.253 -2376.77 447.013 287.253 -2253.9 496.227 287.253 -2254.64 498.071 327.253 -2377.5 448.858 327.253
  poly 2: -1926.07 672.826 327.253 -1925.33 670.982 287.253 -1802.46 720.196 287.253 -1803.2 722.04 327.253 -1926.07 672.826 327.253
  poly 3: -1886.05 645.713 327.253 -1885.31 643.869 287.253 -1762.44 693.083 287.253 -1763.18 694.927 327.253 -1886.05 645.713 327.253
  poly 4: -2417.35 457.847 -12.7469 -2416.61 456.003 -52.7469 -2293.57 505.287 -52.7469 -2294.31 507.131 -12.7469 -2417.35 457.847 -12.7469
  poly 5: -2377.33 430.734 -12.7469 -2376.59 428.89 -52.7469 -2253.55 478.174 -52.7469 -2254.29 480.018 -12.7469 -2377.33 430.734 -12.7469
  poly 6: -1925.19 654.984 -12.7469 -1924.45 653.139 -52.7469 -1801.41 702.423 -52.7469 -1802.15 704.268 -12.7469 -1925.19 654.984 -12.7469
  poly 7: -1885.17 627.871 -12.7469 -1884.43 626.026 -52.7469 -1761.39 675.31 -52.7469 -1762.13 677.155 -12.7469 -1885.17 627.871 -12.7469
  poly 8: -2500 -4842.44 -98446.4 -1224 948.997 232.97 -1185.88 964.942 245.584 -1187.35 958.256 131.647 -1225.11 943.953 147.017 -1226.58 937.266 33.0806 -1188.46 953.211 45.6946 -1189.93 946.524 -68.2423 -1227.69 932.221 -52.8718 -1229 926.303 -153.712 -2500 420.105 -99.3833 -2500 446.86 400.617 -2500 -4842.44 -98446.4
  poly 9: -2500 -4914.75 -98991.4 -1216.92 908.811 235.237 -1178.8 924.756 247.851 -1180.27 918.069 133.914 -1218.03 903.766 149.284 -1219.51 897.079 35.3476 -1181.38 913.024 47.9616 -1182.86 906.338 -65.9753 -1220.62 892.035 -50.6048 -1221.89 886.236 -149.412 -2500 377.209 -94.7793 -2500 403.964 405.221 -2500 -4914.75 -98991.4
element 7
  poly 0: -1344.52 1635.8 212.667 -1330.68 1557.72 221.047 -1330.85 1553.42 181.278 -1344.69 1631.5 172.898 -1344.52 1635.8 212.667
  poly 1: -1298.42 1604.87 215.986 -1284.58 1526.79 224.366 -1284.75 1522.49 184.598 -1298.59 1600.57 176.218 -1298.42 1604.87 215.986
  poly 2: -1289.15 1323.48 246.186 -1275.31 1245.41 254.566 -1275.48 1241.11 214.798 -1289.32 1319.19 206.418 -1289.15 1323.48 246.186
  poly 3: -1243.05 1292.56 249.506 -1229.21 1214.48 257.886 -1229.38 1210.18 218.117 -1243.22 1288.26 209.737 -1243.05 1292.56 249.506
  poly 4: -1343.67 1586.29 -123.972 -1330.48 1511.91 -115.989 -1330.65 1507.61 -155.757 -1343.84 1581.99 -163.741 -1343.67 1586.29 -123.972
  poly 5: -1297.57 1555.36 -120.653 -1284.38 1480.98 -112.67 -1284.55 1476.68 -152.438 -1297.74 1551.06 -160.421 -1297.57 1555.36 -120.653
  poly 6: -1290.92 1288.76 -92.0392 -1277.74 1214.38 -84.0559 -1277.91 1210.08 -123.824 -1291.09 1284.46 -131.808 -1290.92 1288.76 -92.0392
  poly 7: -1244.82 1257.83 -88.7199 -1231.64 1183.45 -80.7366 -1231.81 1179.15 -120.505 -1244.99 1253.53 -128.488 -1244.82 1257.83 -88.7199
  poly 8: -1242.33 1059.4 274.53 -1242.5 1055.1 234.761 -1256.34 1133.18 226.381 -1256.17 1137.48 266.15 -1242.33 1059.4 274.53
  poly 9: -1206.82 1088.17 271.442 -1206.99 1083.87 231.674 -1220.83 1161.95 223.294 -1220.66 1166.25 263.062 -1206.82 1088.17 271.442
  poly 10: -1297.7 1371.71 241.01 -1297.87 1367.42 201.242 -1311.71 1445.49 192.862 -1311.54 1449.79 232.63 -1297.7 1371.71 241.01
  poly 11: -1262.18 1400.48 237.922 -1262.35 1396.19 198.154 -1276.2 1474.26 189.774 -1276.03 1478.56 229.542 -1262.18 1400.48 237.922
  poly 12: -1246.07 1035.76 -64.8858 -1246.24 1031.46 -104.654 -1259.43 1105.85 -112.637 -1259.26 1110.14 -72.8691 -1246.07 1035.76 -64.8858
  poly 13: -1210.55 1064.53 -67.9736 -1210.73 1060.23 -107.742 -1223.91 1134.62 -115.725 -1223.74 1138.91 -75.9569 -1210.55 1064.53 -67.9736
  poly 14: -1298.82 1333.29 -96.8189 -1298.99 1328.99 -136.587 -1312.18 1403.38 -144.571 -1312.01 1407.67 -104.802 -1298.82 1333.29 -96.8189
  poly 15: -1263.3 1362.06 -99.9067 -1263.47 1357.76 -139.675 -1276.66 1432.15 -147.658 -1276.49 1436.44 -107.89 -1263.3 1362.06 -99.9067
  poly 16: -1346.46 320.871 -9782.56 -1383.38 1797.14 -247.177 -1221.89 886.236 -149.412 -1220.62 892.035 -50.6048 -1227.69 932.221 -52.8718 -1226.58 937.266 33.0806 -1219.51 897.079 35.3476 -1218.03 903.766 149.284 -1225.11 943.953 147.017 -1224 948.997 232.97 -1216.92 908.811 235.237 -1222.53 955.599 346.015 -1346.46 320.871 -9782.56
  poly 17: -1308.54 335.888 -9785.76 -1345.47 1812.4 -248.815 -1183.96 901.346 -151.034 -1182.86 906.338 -65.9753 -1189.93 946.524 -68.2423 -1188.46 953.211 45.6946 -1181.38 913.024 47.9616 -1180.27 918.069 133.914 -1187.35 958.256 131.647 -1185.88 964.942 245.584 -1178.8 924.756 247.851 -1177.49 930.674 348.69 -1308.54 335.888 -9785.76
element 8
  poly 0: -2500 7114.35 287.253 -2500 397.651 287.253 -2376.77 447.013 287.253 -2416.79 474.126 287.253 -2293.92 523.34 287.253 -2253.9 496.227 287.253 -1885.31 643.869 287.253 -1925.33 670.982 287.253 -1802.46 720.196 287.253 -1762.44 693.083 287.253 -1516.71 791.51 287.253 -1394.13 840.614 287.253 -1353.05 607.567 287.253 -1306.92 576.317 287.253 -1290.91 485.503 287.253 -1337.04 516.753 287.253 -1289.02 244.309 287.253 -1242.89 213.059 287.253 -1226.88 122.244 287.253 -1273.01 153.494 287.253 -1240.99 -28.135 287.253 -1214.85 -176.459 287.253 -2500 7114.35 287.253
  poly 1: -2500 7115.36 327.253 -2500 399.792 327.253 -2377.5 448.858 327.253 -2417.52 475.97 327.253 -2294.66 525.184 327.253 -2254.64 498.071 327.253 -1886.05 645.713 327.253 -1926.07 672.826 327.253 -1803.2 722.04 327.253 -1763.18 694.927 327.253 -1517.45 793.355 327.253 -1394.31 842.68 327.253 -1352.87 607.598 327.253 -1306.75 576.348 327.253 -1290.74 485.533 327.253 -1336.87 516.783 327.253 -1288.84 244.339 327.253 -1242.72 213.089 327.253 -1226.71 122.275 327.253 -1272.83 153.525 327.253 -1240.82 -28.1044 327.253 -1214.33 -178.388 327.253 -2500 7115.36 327.253
element 9
  poly 0: -2500 7105.73 -52.7469 -2500 379.458 -52.7469 -2376.59 428.89 -52.7469 -2416.61 456.003 -52.7469 -2293.57 505.287 -52.7469 -2253.55 478.174 -52.7469 -1884.43 626.026 -52.7469 -1924.45 653.139 -52.7469 -1801.41 702.423 -52.7469 -1761.39 675.31 -52.7469 -1515.31 773.879 -52.7469 -1392.55 823.052 -52.7469 -1351.92 592.571 -52.7469 -1305.8 561.321 -52.7469 -1290.48 474.43 -52.7469 -1336.61 505.68 -52.7469 -1290.66 245.01 -52.7469 -1244.53 213.76 -52.7469 -1229.22 126.87 -52.7469 -1275.34 158.12 -52.7469 -1244.71 -15.6603 -52.7469 -1219.26 -160.06 -52.7469 -2500 7105.73 -52.7469
  poly 1: -2500 7106.75 -12.7469 -2500 381.598 -12.7469 -2377.33 430.734 -12.7469 -2417.35 457.847 -12.7469 -2294.31 507.131 -12.7469 -2254.29 480.018 -12.7469 -1885.17 627.871 -12.7469 -1925.19 654.984 -12.7469 -1802.15 704.268 -12.7469 -1762.13 677.155 -12.7469 -1516.05 775.723 -12.7469 -1392.73 825.118 -12.7469 -1351.75 592.601 -12.7469 -1305.62 561.351 -12.7469 -1290.31 474.461 -12.7469 -1336.43 505.711 -12.7469 -1290.48 245.041 -12.7469 -1244.36 213.791 -12.7469 -1229.04 126.901 -12.7469 -1275.17 158.15 -12.7469 -1244.54 -15.6298 -12.7469 -1218.74 -161.989 -12.7469 -2500 7106.75 -12.7469
element 10
  poly 0: -2416.59 -659.449 317.712 -2415.87 -657.025 277.742 -2292.09 -607.722 282.965 -2292.81 -610.146 322.934 -2416.59 -659.449 317.712
  poly 1: -2376.58 -686.407 314.81 -2375.85 -683.983 274.841 -2252.07 -634.68 280.064 -2252.79 -637.104 320.033 -2376.58 -686.407 314.81
  poly 2: -1921.45 -462.236 338.602 -1920.73 -459.812 298.633 -1796.95 -410.509 303.855 -1797.67 -412.933 343.824 -1921.45 -462.236 338.602
  poly 3: -1881.44 -489.194 335.701 -1880.72 -486.77 295.731 -1756.93 -437.467 300.954 -1757.65 -439.891 340.923 -1881.44 -489.194 335.701
  poly 4: -2416.41 -641.212 -22.2776 -2415.69 -638.788 -62.2469 -2291.73 -589.412 -57.0167 -2292.45 -591.836 -17.0475 -2416.41 -641.212 -22.2776
  poly 5: -2376.39 -668.17 -25.1788 -2375.67 -665.746 -65.1481 -2251.71 -616.37 -59.9179 -2252.43 -618.794 -19.9486 -2376.39 -668.17 -25.1788
  poly 6: -1920.55 -443.71 -1.35694 -1919.83 -441.286 -41.3262 -1795.86 -391.91 -36.096 -1796.58 -394.334 3.87323 -1920.55 -443.71 -1.35694
  poly 7: -1880.53 -470.668 -4.25812 -1879.81 -468.244 -44.2274 -1755.84 -418.868 -38.9972 -1756.56 -421.292 0.972057 -1880.53 -470.668 -4.25812
  poly 8: -2500 4603.29 -98810.6 -1215.02 -175.827 274.149 -1176.89 -161.318 288.389 -1178.37 -155.819 174.389 -1216.13 -171.679 188.149 -1217.61 -166.181 74.1488 -1179.49 -151.671 88.3892 -1180.97 -146.173 -25.6107 -1218.73 -162.033 -11.8511 -1220.03 -157.166 -112.747 -2500 -669.86 -112.747 -2500 -696.573 387.253 -2500 4603.29 -98810.6
  poly 9: -2500 4589.41 -99358.3 -1207.94 -216.026 272.118 -1169.82 -201.517 286.358 -1171.29 -196.018 172.358 -1209.05 -211.878 186.118 -1210.53 -206.38 72.1181 -1172.41 -191.87 86.3585 -1173.89 -186.372 -27.6414 -1211.65 -202.232 -13.8818 -1212.93 -197.463 -112.747 -2500 -713.002 -112.747 -2500 -739.716 387.253 -2500 4589.41 -99358.3
element 11
  poly 0: -1352.87 607.598 327.253 -1336.87 516.783 327.253 -1337.04 516.753 287.253 -1353.05 607.567 287.253 -1352.87 607.598 327.253
  poly 1: -1306.75 576.348 327.253 -1290.74 485.533 327.253 -1290.91 485.503 287.253 -1306.92 576.317 287.253 -1306.75 576.348 327.253
  poly 2: -1288.84 244.339 327.253 -1272.83 153.525 327.253 -1273.01 153.494 287.253 -1289.02 244.309 287.253 -1288.84 244.339 327.253
  poly 3: -1242.72 213.089 327.253 -1226.71 122.275 327.253 -1226.88 122.244 287.253 -1242.89 213.059 287.253 -1242.72 213.089 327.253
  poly 4: -1351.75 592.601 -12.7469 -1336.43 505.711 -12.7469 -1336.61 505.68 -52.7469 -1351.92 592.571 -52.7469 -1351.75 592.601 -12.7469
  poly 5: -1305.62 561.351 -12.7469 -1290.31 474.461 -12.7469 -1290.48 474.43 -52.7469 -1305.8 561.321 -52.7469 -1305.62 561.351 -12.7469
  poly 6: -1290.48 245.041 -12.7469 -1275.17 158.15 -12.7469 -1275.34 158.12 -52.7469 -1290.66 245.01 -52.7469 -1290.48 245.041 -12.7469
  poly 7: -1244.36 213.791 -12.7469 -1229.04 126.901 -12.7469 -1229.22 126.87 -52.7469 -1244.53 213.76 -52.7469 -1244.36 213.791 -12.7469
  poly 8: -1235.51 -58.1978 327.253 -1235.69 -58.2283 287.253 -1251.7 32.5863 287.253 -1251.52 32.6168 327.253 -1235.51 -58.1978 327.253
  poly 9: -1200 -29.261 327.253 -1200.17 -29.2915 287.253 -1216.18 61.5231 287.253 -1216.01 61.5536 327.253 -1200 -29.261 327.253
  poly 10: -1299.55 305.061 327.253 -1299.72 305.03 287.253 -1315.73 395.845 287.253 -1315.55 395.875 327.253 -1299.55 305.061 327.253
  poly 11: -1264.03 333.997 327.253 -1264.2 333.967 287.253 -1280.21 424.781 287.253 -1280.04 424.812 327.253 -1264.03 333.997 327.253
  poly 12: -1239.23 -45.7231 -12.7469 -1239.4 -45.7537 -52.7469 -1254.72 41.1364 -52.7469 -1254.55 41.167 -12.7469 -1239.23 -45.7231 -12.7469
  poly 13: -1203.72 -16.7863 -12.7469 -1203.89 -16.8169 -52.7469 -1219.2 70.0732 -52.7469 -1219.03 70.1038 -12.7469 -1203.72 -16.7863 -12.7469
  poly 14: -1300.5 301.837 -12.7469 -1300.67 301.807 -52.7469 -1315.99 388.697 -52.7469 -1315.81 388.727 -12.7469 -1300.5 301.837 -12.7469
  poly 15: -1264.98 330.774 -12.7469 -1265.15 330.744 -52.7469 -1280.47 417.634 -52.7469 -1280.3 417.664 -12.7469 -1264.98 330.774 -12.7469
  poly 16: -1345.03 293.829 -10298.6 -1392.27 819.953 -112.747 -1212.93 -197.463 -112.747 -1211.65 -202.232 -13.8818 -1218.73 -162.033 -11.8511 -1217.61 -166.181 74.1488 -1210.53 -206.38 72.1181 -1209.05 -211.878 186.118 -1216.13 -171.679 188.149 -1215.02 -175.827 274.149 -1207.94 -216.026 272.118 -1213.54 -181.315 387.253 -1345.03 293.829 -10298.6
  poly 17: -1307.09 309.025 -10298.6 -1354.33 835.149 -112.747 -1174.99 -182.267 -112.747 -1173.89 -186.372 -27.6414 -1180.97 -146.173 -25.6107 -1179.49 -151.671 88.3892 -1172.41 -191.87 86.3585 -1171.29 -196.018 172.358 -1178.37 -155.819 174.389 -1176.89 -161.318 288.389 -1169.82 -201.517 286.358 -1168.51 -206.383 387.253 -1307.09 309.025 -10298.6
element 12
  poly 0: -2500 5994.98 989.474 -2500 -733.43 269.604 -2375.85 -683.983 274.841 -2415.87 -657.025 277.742 -2292.09 -607.722 282.965 -2252.07 -634.68 280.064 -1880.72 -486.77 295.731 -1920.73 -459.812 298.633 -1796.95 -410.509 303.855 -1756.93 -437.467 300.954 -1509.36 -338.86 311.399 -1385.84 -289.662 316.61 -1345.48 -517.349 292.233 -1299.35 -548.421 288.889 -1285.32 -627.578 280.414 -1331.44 -596.506 283.758 -1289.34 -833.977 258.333 -1243.22 -865.05 254.989 -1229.18 -944.207 246.514 -1275.31 -913.134 249.858 -1247.24 -1071.45 232.909 -1223.06 -1207.88 218.302 -2500 5994.98 989.474
  poly 1: -2500 5991.68 1029.35 -2500 -735.567 309.603 -2376.58 -686.407 314.81 -2416.59 -659.449 317.712 -2292.81 -610.146 322.934 -2252.79 -637.104 320.033 -1881.44 -489.194 335.701 -1921.45 -462.236 338.602 -1797.67 -412.933 343.824 -1757.65 -439.891 340.923 -1510.08 -341.284 351.368 -1386.03 -291.876 356.602 -1345.31 -521.578 332.009 -1299.18 -552.65 328.665 -1285.15 -631.807 320.19 -1331.28 -600.735 323.534 -1289.18 -838.207 298.109 -1243.05 -869.279 294.765 -1229.02 -948.436 286.29 -1275.14 -917.364 289.634 -1247.08 -1075.68 272.684 -1222.58 -1213.88 257.888 -2500 5991.68 1029.35
element 13
  poly 0: -2500 6023 650.532 -2500 -715.265 -70.3934 -2375.67 -665.746 -65.1481 -2415.69 -638.788 -62.2469 -2291.73 -589.412 -57.0167 -2251.71 -616.37 -59.9179 -1879.81 -468.244 -44.2274 -1919.83 -441.286 -41.3262 -1795.86 -391.91 -36.096 -1755.84 -418.868 -38.9972 -1507.91 -320.117 -28.5368 -1384.21 -270.847 -23.3178 -1344.26 -496.199 -47.4451 -1298.13 -527.271 -50.789 -1284.76 -602.694 -58.8642 -1330.89 -571.622 -55.5203 -1290.77 -797.893 -79.7458 -1244.65 -828.965 -83.0898 -1231.27 -904.388 -91.165 -1277.4 -873.316 -87.821 -1250.66 -1024.16 -103.971 -1227.13 -1156.86 -118.178 -2500 6023 650.532
  poly 1: -2500 6019.71 690.407 -2500 -717.402 -30.3938 -2376.39 -668.17 -25.1788 -2416.41 -641.212 -22.2776 -2292.45 -591.836 -17.0475 -2252.43 -618.794 -19.9486 -1880.53 -470.668 -4.25812 -1920.55 -443.71 -1.35694 -1796.58 -394.334 3.87323 -1756.56 -421.292 0.972057 -1508.63 -322.541 11.4324 -1384.4 -273.06 16.6737 -1344.09 -500.428 -7.66933 -1297.97 -531.5 -11.0133 -1284.59 -606.924 -19.0885 -1330.72 -575.852 -15.7445 -1290.61 -802.122 -39.9701 -1244.48 -833.194 -43.314 -1231.11 -908.618 -51.3892 -1277.23 -877.545 -48.0453 -1250.49 -1028.39 -64.1957 -1226.65 -1162.86 -78.5925 -2500 6019.71 690.407
element 14
  poly 0: -2418.14 -1668.22 206.221 -2417.83 -1661.92 166.681 -2295.81 -1616.02 174.96 -2296.12 -1622.32 214.501 -2418.14 -1668.22 206.221
  poly 1: -2378.13 -1695.18 200.412 -2377.82 -1688.88 160.871 -2255.8 -1642.98 169.151 -2256.11 -1649.28 208.692 -2378.13 -1695.18 200.412
  poly 2: -1930.06 -1484.62 239.34 -1929.74 -1478.32 199.8 -1807.72 -1432.42 208.079 -1808.03 -1438.72 247.62 -1930.06 -1484.62 239.34
  poly 3: -1890.05 -1511.58 233.531 -1889.74 -1505.28 193.99 -1767.71 -1459.37 202.27 -1768.03 -1465.68 241.811 -1890.05 -1511.58 233.531
  poly 4: -2417.92 -1615.57 -130.038 -2417.6 -1609.27 -169.579 -2295.35 -1563.29 -161.284 -2295.67 -1569.59 -121.743 -2417.92 -1615.57 -130.038
  poly 5: -2377.91 -1642.53 -135.848 -2377.59 -1636.23 -175.388 -2255.34 -1590.24 -167.093 -2255.66 -1596.55 -127.552 -2377.91 -1642.53 -135.848
  poly 6: -1928.92 -1431.63 -96.8575 -1928.6 -1425.32 -136.398 -1806.35 -1379.34 -128.103 -1806.67 -1385.64 -88.5622 -1928.92 -1431.63 -96.8575
  poly 7: -1888.91 -1458.58 -102.667 -1888.6 -1452.28 -142.207 -1766.35 -1406.3 -133.912 -1766.66 -1412.6 -94.3715 -1888.91 -1458.58 -102.667
  poly 8: -2500 14773.4 -105180 -1223.21 -1205.9 205.26 -1184.99 -1193.55 220.845 -1186.36 -1176.45 108.025 -1224.25 -1193 120.151 -1225.61 -1175.89 7.33083 -1187.39 -1163.54 22.9155 -1188.76 -1146.44 -89.9042 -1226.64 -1162.98 -77.7788 -1227.85 -1147.85 -177.557 -2500 -1631.88 -228.805 -2500 -1709.19 265.778 -2500 14773.4 -105180
  poly 9: -2500 14822 -105769 -1216.16 -1245.56 199.161 -1177.94 -1233.21 214.746 -1179.3 -1216.1 101.926 -1217.19 -1232.65 114.052 -1218.55 -1215.55 1.23211 -1180.33 -1203.2 16.8168 -1181.7 -1186.09 -96.0029 -1219.59 -1202.64 -83.8775 -1220.77 -1187.79 -181.833 -2500 -1674.51 -233.365 -2500 -1751.82 261.217 -2500 14822 -105769
element 15
  poly 0: -1345.31 -521.578 332.009 -1331.28 -600.735 323.534 -1331.44 -596.506 283.758 -1345.48 -517.349 292.233 -1345.31 -521.578 332.009
  poly 1: -1299.18 -552.65 328.665 -1285.15 -631.807 320.19 -1285.32 -627.578 280.414 -1299.35 -548.421 288.889 -1299.18 -552.65 328.665
  poly 2: -1289.18 -838.207 298.109 -1275.14 -917.364 289.634 -1275.31 -913.134 249.858 -1289.34 -833.977 258.333 -1289.18 -838.207 298.109
  poly 3: -1243.05 -869.279 294.765 -1229.02 -948.436 286.29 -1229.18 -944.207 246.514 -1243.22 -865.05 254.989 -1243.05 -869.279 294.765
  poly 4: -1344.09 -500.428 -7.66933 -1330.72 -575.852 -15.7445 -1330.89 -571.622 -55.5203 -1344.26 -496.199 -47.4451 -1344.09 -500.428 -7.66933
  poly 5: -1297.97 -531.5 -11.0133 -1284.59 -606.924 -19.0885 -1284.76 -602.694 -58.8642 -1298.13 -527.271 -50.789 -1297.97 -531.5 -11.0133
  poly 6: -1290.61 -802.122 -39.9701 -1277.23 -877.545 -48.0453 -1277.4 -873.316 -87.821 -1290.77 -797.893 -79.7458 -1290.61 -802.122 -39.9701
  poly 7: -1244.48 -833.194 -43.314 -1231.11 -908.618 -51.3892 -1231.27 -904.388 -91.165 -1244.65 -828.965 -83.0898 -1244.48 -833.194 -43.314
  poly 8: -1241.74 -1105.79 269.467 -1241.9 -1101.57 229.691 -1255.94 -1022.41 238.154 -1255.77 -1026.63 277.93 -1241.74 -1105.79 269.467
  poly 9: -1206.29 -1076.63 272.602 -1206.46 -1072.41 232.825 -1220.49 -993.253 241.288 -1220.32 -997.476 281.065 -1206.29 -1076.63 272.602
  poly 10: -1297.87 -789.159 303.32 -1298.04 -784.935 263.543 -1312.07 -705.777 272.007 -1311.91 -710 311.783 -1297.87 -789.159 303.32
  poly 11: -1262.42 -760.001 306.454 -1262.59 -755.778 266.678 -1276.62 -676.619 275.141 -1276.46 -680.843 314.918 -1262.42 -760.001 306.454
  poly 12: -1245.15 -1058.51 -67.4157 -1245.32 -1054.28 -107.192 -1258.69 -978.858 -99.1282 -1258.52 -983.082 -59.3517 -1245.15 -1058.51 -67.4157
  poly 13: -1209.71 -1029.35 -64.2812 -1209.87 -1025.13 -104.058 -1223.24 -949.701 -95.9936 -1223.08 -953.924 -56.2172 -1209.71 -1029.35 -64.2812
  poly 14: -1298.64 -756.808 -35.1598 -1298.8 -752.584 -74.9362 -1312.17 -677.16 -66.8722 -1312.01 -681.383 -27.0958 -1298.64 -756.808 -35.1598
  poly 15: -1263.19 -727.65 -32.0252 -1263.36 -723.427 -71.8016 -1276.73 -648.002 -63.7377 -1276.56 -652.225 -23.9612 -1263.19 -727.65 -32.0252
  poly 16: -1337.27 270.142 -9797.11 -1383.92 -267.526 -83.3051 -1220.77 -1187.79 -181.833 -1219.59 -1202.64 -83.8775 -1226.64 -1162.98 -77.7788 -1225.61 -1175.89 7.33083 -1218.55 -1215.55 1.23211 -1217.19 -1232.65 114.052 -1224.25 -1193 120.151 -1223.21 -1205.9 205.26 -1216.16 -1245.56 199.161 -1221.85 -1222.91 317.264 -1337.27 270.142 -9797.11
  poly 17: -1299.29 285.623 -9802.19 -1345.98 -252.416 -81.7045 -1182.72 -1173.31 -180.3 -1181.7 -1186.09 -96.0029 -1188.76 -1146.44 -89.9042 -1187.39 -1163.54 22.9155 -1180.33 -1203.2 16.8168 -1179.3 -1216.1 101.926 -1186.36 -1176.45 108.025 -1184.99 -1193.55 220.845 -1177.94 -1233.21 214.746 -1176.73 -1248.34 314.524 -1299.29 285.623 -9802.19
element 16
  poly 0: -2500 4781.26 1474.78 -2500 -1734.84 152.581 -2377.82 -1688.88 160.871 -2417.83 -1661.92 166.681 -2295.81 -1616.02 174.96 -2255.8 -1642.98 169.151 -1889.74 -1505.28 193.99 -1929.74 -1478.32 199.8 -1807.72 -1432.42 208.079 -1767.71 -1459.37 202.27 -1523.67 -1367.57 218.83 -1401.68 -1321.68 227.107 -1358.38 -1562.29 177.919 -1312.15 -1593.44 171.205 -1293.34 -1697.95 149.839 -1339.58 -1666.8 156.552 -1283.15 -1980.34 92.4531 -1236.91 -2011.49 85.7397 -1218.11 -2116.01 64.3733 -1264.34 -2084.85 71.0867 -1226.72 -2293.88 28.3538 -1196.83 -2460 -5.60778 -2500 4781.26 1474.78
  poly 1: -2500 4773.65 1514.05 -2500 -1741.02 192.143 -2378.13 -1695.18 200.412 -2418.14 -1668.22 206.221 -2296.12 -1622.32 214.501 -2256.11 -1649.28 208.692 -1890.05 -1511.58 233.531 -1930.06 -1484.62 239.34 -1808.03 -1438.72 247.62 -1768.03 -1465.68 241.811 -1523.98 -1373.87 258.37 -1401.93 -1327.96 266.652 -1358.31 -1570.29 217.111 -1312.08 -1601.44 210.398 -1293.27 -1705.95 189.032 -1339.51 -1674.8 195.745 -1283.08 -1988.34 131.646 -1236.84 -2019.49 124.932 -1218.04 -2124.01 103.566 -1264.27 -2092.85 110.279 -1226.65 -2301.88 67.5465 -1198.2 -2460 35.2204 -2500 4773.65 1514.05
element 17
  poly 0: -2500 4846 1140.98 -2500 -1682.28 -183.694 -2377.59 -1636.23 -175.388 -2417.6 -1609.27 -169.579 -2295.35 -1563.29 -161.284 -2255.34 -1590.24 -167.093 -1888.6 -1452.28 -142.207 -1928.6 -1425.32 -136.398 -1806.35 -1379.34 -128.103 -1766.35 -1406.3 -133.912 -1521.85 -1314.32 -117.322 -1399.63 -1268.35 -109.029 -1355 -1516.34 -159.728 -1308.77 -1547.5 -166.441 -1288.92 -1657.75 -188.982 -1335.16 -1626.6 -182.268 -1275.63 -1957.37 -249.89 -1229.4 -1988.52 -256.603 -1209.56 -2098.78 -279.144 -1255.79 -2067.62 -272.431 -1216.11 -2288.13 -317.512 -1185.18 -2460 -352.647 -2500 4846 1140.98
  poly 1: -2500 4838.38 1180.25 -2500 -1688.46 -144.132 -2377.91 -1642.53 -135.848 -2417.92 -1615.57 -130.038 -2295.67 -1569.59 -121.743 -2255.66 -1596.55 -127.552 -1888.91 -1458.58 -102.667 -1928.92 -1431.63 -96.8575 -1806.67 -1385.64 -88.5622 -1766.66 -1412.6 -94.3715 -1522.16 -1320.62 -77.781 -1399.87 -1274.62 -69.4834 -1354.93 -1524.34 -120.535 -1308.7 -1555.5 -127.249 -1288.86 -1665.75 -149.789 -1335.09 -1634.6 -143.076 -1275.56 -1965.37 -210.697 -1229.33 -1996.52 -217.411 -1209.49 -2106.78 -239.951 -1255.72 -2075.62 -233.238 -1216.04 -2296.13 -278.319 -1186.55 -2460 -311.819 -2500 4838.38 1180.25
element 18
  poly 0: -2500 -2460 38814.2 -1196.17 -2460 -25.0341 -1156.08 -2460 -9.38588 -1152.18 -2460 -125.716 -1193.23 -2460 -112.792 -1189.32 -2460 -229.123 -1149.23 -2460 -213.475 -1145.33 -2460 -329.805 -1186.38 -2460 -316.881 -1183.12 -2460 -413.89 -2500 -2460 -402.729 -2500 -2460 107.478 -2500 -2460 38814.2
  poly 1: -2500 -2500 39020.4 -1189.26 -2500 -24.8019 -1149.17 -2500 -9.1537 -1145.26 -2500 -125.484 -1186.31 -2500 -112.56 -1182.41 -2500 -228.891 -1142.32 -2500 -213.242 -1138.41 -2500 -329.573 -1179.46 -2500 -316.649 -1175.92 -2500 -422.067 -2500 -2500 -410.845 -2500 -2500 99.3618 -2500 -2500 39020.4
element 19
  poly 0: -1358.31 -1570.29 217.111 -1339.51 -1674.8 195.745 -1339.58 -1666.8 156.552 -1358.38 -1562.29 177.919 -1358.31 -1570.29 217.111
  poly 1: -1312.08 -1601.44 210.398 -1293.27 -1705.95 189.032 -1293.34 -1697.95 149.839 -1312.15 -1593.44 171.205 -1312.08 -1601.44 210.398
  poly 2: -1283.08 -1988.34 131.646 -1264.27 -2092.85 110.279 -1264.34 -2084.85 71.0867 -1283.15 -1980.34 92.4531 -1283.08 -1988.34 131.646
  poly 3: -1236.84 -2019.49 124.932 -1218.04 -2124.01 103.566 -1218.11 -2116.01 64.3733 -1236.91 -2011.49 85.7397 -1236.84 -2019.49 124.932
  poly 4: -1354.93 -1524.34 -120.535 -1335.09 -1634.6 -143.076 -1335.16 -1626.6 -182.268 -1355 -1516.34 -159.728 -1354.93 -1524.34 -120.535
  poly 5: -1308.7 -1555.5 -127.249 -1288.86 -1665.75 -149.789 -1288.92 -1657.75 -188.982 -1308.77 -1547.5 -166.441 -1308.7 -1555.5 -127.249
  poly 6: -1275.56 -1965.37 -210.697 -1255.72 -2075.62 -233.238 -1255.79 -2067.62 -272.431 -1275.63 -1957.37 -249.89 -1275.56 -1965.37 -210.697
  poly 7: -1229.33 -1996.52 -217.411 -1209.49 -2106.78 -239.951 -1209.56 -2098.78 -279.144 -1229.4 -1988.52 -256.603 -1229.33 -1996.52 -217.411
  poly 8: -1220.19 -2337.88 60.6928 -1220.24 -2329.99 21.4765 -1239.05 -2225.41 42.5367 -1239 -2233.3 81.753 -1220.19 -2337.88 60.6928
  poly 9: -1186.9 -2297.23 69.2221 -1186.95 -2289.34 30.0059 -1205.76 -2184.77 51.0661 -1205.71 -2192.66 90.2823 -1186.9 -2297.23 69.2221
  poly 10: -1295.43 -1919.57 144.934 -1295.48 -1911.69 105.717 -1314.29 -1807.11 126.777 -1314.24 -1815 165.994 -1295.43 -1919.57 144.934
  poly 11: -1262.13 -1878.93 153.463 -1262.18 -1871.04 114.247 -1280.99 -1766.47 135.307 -1280.94 -1774.36 174.523 -1262.13 -1878.93 153.463
  poly 12: -1209.58 -2332.17 -285 -1209.63 -2324.28 -324.216 -1229.47 -2213.96 -301.999 -1229.42 -2221.84 -262.782 -1209.58 -2332.17 -285
  poly 13: -1176.28 -2291.52 -276.47 -1176.33 -2283.63 -315.687 -1196.17 -2173.31 -293.469 -1196.12 -2181.2 -254.253 -1176.28 -2291.52 -276.47
  poly 14: -1288.95 -1890.88 -196.13 -1289 -1882.99 -235.346 -1308.84 -1772.67 -213.129 -1308.79 -1780.56 -173.912 -1288.95 -1890.88 -196.13
  poly 15: -1255.65 -1850.24 -187.601 -1255.7 -1842.35 -226.817 -1275.54 -1732.03 -204.599 -1275.49 -1739.91 -165.383 -1255.65 -1850.24 -187.601
  poly 16: -1447.01 -2500 7653.16 -1399.27 -1258.94 -168.347 -1175.92 -2500 -422.067 -1179.46 -2500 -316.649 -1186.38 -2460 -316.881 -1189.32 -2460 -229.123 -1182.41 -2500 -228.891 -1186.31 -2500 -112.56 -1193.23 -2460 -112.792 -1196.17 -2460 -25.0341 -1189.26 -2500 -24.8019 -1200.07 -2461.03 96.2522 -1447.01 -2500 7653.16
  poly 17: -1409.5 -2500 7745.96 -1361.22 -1244.62 -165.765 -1135.29 -2500 -422.412 -1138.41 -2500 -329.573 -1145.33 -2460 -329.805 -1149.23 -2460 -213.475 -1142.32 -2500 -213.242 -1145.26 -2500 -125.484 -1152.18 -2460 -125.716 -1156.08 -2460 -9.38588 -1149.17 -2500 -9.1537 -1152.43 -2500 87.9408 -1409.5 -2500 7745.96
element 20
  poly 0: -623.952 -5419.48 -600.368 -1186.95 -2289.34 30.0059 -1220.24 -2329.99 21.4765 -1239.05 -2225.41 42.5367 -1205.76 -2184.77 51.0661 -1262.18 -1871.04 114.247 -1295.48 -1911.69 105.717 -1314.29 -1807.11 126.777 -1280.99 -1766.47 135.307 -1318.61 -1557.32 177.427 -1341.15 -1431.98 202.669 -1192.1 -1488.05 192.555 -1165.79 -1455.93 199.294 -1016.44 -1512.12 189.16 -1042.75 -1544.23 182.421 -594.696 -1712.77 152.018 -568.39 -1680.66 158.757 -419.039 -1736.84 148.623 -445.346 -1768.96 141.884 -146.645 -1881.32 121.616 2.66555 -1937.48 111.484 -15.6993 -2039.53 90.6215 29.4358 -2014.5 96.0838 20.7354 -2062.85 86.1999 -24.3997 -2087.88 80.7377 -50.5008 -2232.92 51.0861 -5.36575 -2207.89 56.5484 -14.0661 -2256.23 46.6645 -59.2012 -2281.27 41.2023 -76.602 -2377.96 21.4346 -98.5642 -2500 -3.51497 -623.952 -5419.48 -600.368
  poly 1: -623.871 -5427.55 -561.187 -1186.9 -2297.23 69.2221 -1220.19 -2337.88 60.6928 -1239 -2233.3 81.753 -1205.71 -2192.66 90.2823 -1262.13 -1878.93 153.463 -1295.43 -1919.57 144.934 -1314.24 -1815 165.994 -1280.94 -1774.36 174.523 -1318.56 -1565.21 216.643 -1341.43 -1438.06 242.25 -1191.79 -1494.35 232.095 -1165.48 -1462.24 238.835 -1016.13 -1518.42 228.7 -1042.44 -1550.53 221.961 -594.384 -1719.08 191.559 -568.077 -1686.96 198.298 -418.727 -1743.14 188.164 -445.033 -1775.26 181.425 -146.332 -1887.62 161.156 3.05871 -1943.82 151.019 -15.6113 -2047.56 129.81 29.5238 -2022.53 135.272 20.8234 -2070.87 125.388 -24.3117 -2095.91 119.926 -50.4128 -2240.95 90.2746 -5.27772 -2215.91 95.7368 -13.9781 -2264.26 85.853 -59.1132 -2289.29 80.3907 -76.514 -2385.99 60.623 -97.0316 -2500 37.3146 -623.871 -5427.55 -561.187
element 21
  poly 0: -624.641 -5350.92 -933.402 -1176.33 -2283.63 -315.687 -1209.63 -2324.28 -324.216 -1229.47 -2213.96 -301.999 -1196.17 -2173.31 -293.469 -1255.7 -1842.35 -226.817 -1289 -1882.99 -235.346 -1308.84 -1772.67 -213.129 -1275.54 -1732.03 -204.599 -1315.23 -1511.38 -160.164 -1338.81 -1380.3 -133.765 -1190.38 -1436.13 -143.836 -1164.08 -1404.02 -137.097 -1015.36 -1459.96 -147.189 -1041.66 -1492.07 -153.928 -595.509 -1659.9 -184.201 -569.203 -1627.79 -177.462 -420.484 -1683.73 -187.554 -446.791 -1715.85 -194.293 -149.354 -1827.74 -214.475 -0.676324 -1883.66 -224.564 -20.1165 -1991.69 -246.648 25.0186 -1966.65 -241.186 15.2429 -2020.98 -252.291 -29.8922 -2046.01 -257.754 -59.2193 -2208.98 -291.07 -14.0842 -2183.94 -285.608 -23.8599 -2238.26 -296.713 -68.995 -2263.3 -302.175 -88.5464 -2371.94 -324.386 -111.592 -2500 -350.566 -624.641 -5350.92 -933.402
  poly 1: -624.56 -5358.99 -894.221 -1176.28 -2291.52 -276.47 -1209.58 -2332.17 -285 -1229.42 -2221.84 -262.782 -1196.12 -2181.2 -254.253 -1255.65 -1850.24 -187.601 -1288.95 -1890.88 -196.13 -1308.79 -1780.56 -173.912 -1275.49 -1739.91 -165.383 -1315.18 -1519.27 -120.948 -1339.08 -1386.38 -94.1847 -1190.07 -1442.43 -104.296 -1163.76 -1410.32 -97.5568 -1015.05 -1466.26 -107.648 -1041.35 -1498.37 -114.387 -595.197 -1666.21 -144.661 -568.89 -1634.09 -137.922 -420.172 -1690.04 -148.013 -446.478 -1722.15 -154.752 -149.042 -1834.04 -174.935 -0.283163 -1890 -185.029 -20.0284 -1999.72 -207.46 25.1067 -1974.68 -201.998 15.331 -2029 -213.103 -29.8041 -2054.04 -218.565 -59.1312 -2217 -251.882 -13.9961 -2191.97 -246.419 -23.7718 -2246.29 -257.525 -68.9069 -2271.33 -262.987 -88.4583 -2379.97 -285.198 -110.059 -2500 -309.737 -624.56 -5358.99 -894.221
element 22
  poly 0: -15.6113 -2047.56 129.81 -24.3117 -2095.91 119.926 -24.3997 -2087.88 80.7377 -15.6993 -2039.53 90.6215 -15.6113 -2047.56 129.81
  poly 1: 29.5238 -2022.53 135.272 20.8234 -2070.87 125.388 20.7354 -2062.85 86.1999 29.4358 -2014.5 96.0838 29.5238 -2022.53 135.272
  poly 2: -50.4128 -2240.95 90.2746 -59.1132 -2289.29 80.3907 -59.2012 -2281.27 41.2023 -50.5008 -2232.92 51.0861 -50.4128 -2240.95 90.2746
  poly 3: -5.27772 -2215.91 95.7368 -13.9781 -2264.26 85.853 -14.0661 -2256.23 46.6645 -5.36575 -2207.89 56.5484 -5.27772 -2215.91 95.7368
  poly 4: -20.0284 -1999.72 -207.46 -29.8041 -2054.04 -218.565 -29.8922 -2046.01 -257.754 -20.1165 -1991.69 -246.648 -20.0284 -1999.72 -207.46
  poly 5: 25.1067 -1974.68 -201.998 15.331 -2029 -213.103 15.2429 -2020.98 -252.291 25.0186 -1966.65 -241.186 25.1067 -1974.68 -201.998
  poly 6: -59.1312 -2217 -251.882 -68.9069 -2271.33 -262.987 -68.995 -2263.3 -302.175 -59.2193 -2208.98 -291.07 -59.1312 -2217 -251.882
  poly 7: -13.9961 -2191.97 -246.419 -23.7718 -2246.29 -257.525 -23.8599 -2238.26 -296.713 -14.0842 -2183.94 -285.608 -13.9961 -2191.97 -246.419
  poly 8: -71.6326 -2359.12 67.3312 -71.7406 -2351.2 28.1218 -63.0406 -2302.82 37.864 -62.9325 -2310.74 77.0734 -71.6326 -2359.12 67.3312
  poly 9: -36.2357 -2388.07 61.1561 -36.3437 -2380.15 21.9466 -27.6437 -2331.78 31.6888 -27.5357 -2339.69 70.8983 -36.2357 -2388.07 61.1561
  poly 10: -36.8324 -2165.61 106.3 -36.9405 -2157.7 67.0906 -28.2405 -2109.32 76.8328 -28.1324 -2117.24 116.042 -36.8324 -2165.61 106.3
  poly 11: -1.43555 -2194.57 100.125 -1.54362 -2186.65 60.9155 7.15642 -2138.28 70.6577 7.26448 -2146.19 109.867 -1.43555 -2194.57 100.125
  poly 12: -83.5764 -2353.14 -278.295 -83.6845 -2345.22 -317.505 -73.9092 -2290.87 -306.558 -73.8011 -2298.78 -267.349 -83.5764 -2353.14 -278.295
  poly 13: -48.1796 -2382.09 -284.47 -48.2876 -2374.18 -323.68 -38.5123 -2319.82 -312.733 -38.4043 -2327.74 -273.524 -48.1796 -2382.09 -284.47
  poly 14: -44.4752 -2135.72 -234.51 -44.5833 -2127.8 -273.719 -34.808 -2073.45 -262.773 -34.6999 -2081.37 -223.564 -44.4752 -2135.72 -234.51
  poly 15: -9.07835 -2164.67 -240.685 -9.18641 -2156.76 -279.895 0.588891 -2102.4 -268.948 0.696953 -2110.32 -229.739 -9.07835 -2164.67 -240.685
  poly 16: 37.5934 -2500 3623.72 2.53716 -1935.42 98.5739 9.73772 -1898.01 118.688 8.61721 -1879.96 6.01281 1.69186 -1921.8 13.5735 0.571352 -1903.76 -99.1014 7.77191 -1866.35 -78.9876 6.6514 -1848.3 -191.663 -0.273945 -1890.14 -184.102 -1.26607 -1874.17 -283.866 -113.891 -2500 -411.811 -94.7326 -2500 98.5589 37.5934 -2500 3623.72
  poly 17: 74.7584 -2500 3531.75 40.5902 -1949.72 95.9051 47.7908 -1912.31 116.019 46.6703 -1894.26 3.34397 39.7449 -1936.1 10.9047 38.6244 -1918.06 -101.77 45.825 -1880.65 -81.6564 44.7044 -1862.6 -194.331 37.7791 -1904.44 -186.771 36.7878 -1888.48 -286.449 -73.2607 -2500 -411.466 -54.1026 -2500 98.9033 74.7584 -2500 3531.75
element 23
  poly 0: -1191.79 -1494.35 232.095 -1042.44 -1550.53 221.961 -1042.75 -1544.23 182.421 -1192.1 -1488.05 192.555 -1191.79 -1494.35 232.095
  poly 1: -1165.48 -1462.24 238.835 -1016.13 -1518.42 228.7 -1016.44 -1512.12 189.16 -1165.79 -1455.93 199.294 -1165.48 -1462.24 238.835
  poly 2: -594.384 -1719.08 191.559 -445.033 -1775.26 181.425 -445.346 -1768.96 141.884 -594.696 -1712.77 152.018 -594.384 -1719.08 191.559
  poly 3: -568.077 -1686.96 198.298 -418.727 -1743.14 188.164 -419.039 -1736.84 148.623 -568.39 -1680.66 158.757 -568.077 -1686.96 198.298
  poly 4: -1190.07 -1442.43 -104.296 -1041.35 -1498.37 -114.387 -1041.66 -1492.07 -153.928 -1190.38 -1436.13 -143.836 -1190.07 -1442.43 -104.296
  poly 5: -1163.76 -1410.32 -97.5568 -1015.05 -1466.26 -107.648 -1015.36 -1459.96 -147.189 -1164.08 -1404.02 -137.097 -1163.76 -1410.32 -97.5568
  poly 6: -595.197 -1666.21 -144.661 -446.478 -1722.15 -154.752 -446.791 -1715.85 -194.293 -595.509 -1659.9 -184.201 -595.197 -1666.21 -144.661
  poly 7: -568.89 -1634.09 -137.922 -420.172 -1690.04 -148.013 -420.484 -1683.73 -187.554 -569.203 -1627.79 -177.462 -568.89 -1634.09 -137.922
  poly 8: -770.905 11119.5 -81505.5 -1338.39 -1371.18 -193.136 36.7878 -1888.48 -286.449 37.7791 -1904.44 -186.771 -0.273945 -1890.14 -184.102 0.571352 -1903.76 -99.1014 38.6244 -1918.06 -101.77 39.7449 -1936.1 10.9047 1.69186 -1921.8 13.5735 2.53716 -1935.42 98.5739 40.5902 -1949.72 95.9051 3.65204 -1953.32 210.322 -770.905 11119.5 -81505.5
  poly 9: -772.743 11302.5 -82394.3 -1346.5 -1326.12 -184.062 43.8684 -1849.14 -278.405 44.7044 -1862.6 -194.331 6.6514 -1848.3 -191.663 7.77191 -1866.35 -78.9876 45.825 -1880.65 -81.6564 46.6703 -1894.26 3.34397 8.61721 -1879.96 6.01281 9.73772 -1898.01 118.688 47.7908 -1912.31 116.019 48.7829 -1928.28 215.784 -772.743 11302.5 -82394.3
element 24
  poly 0: -601.63 -4484.09 -131.933 -1206.46 -1072.41 232.825 -1241.9 -1101.57 229.691 -1255.94 -1022.41 238.154 -1220.49 -993.253 241.288 -1262.59 -755.778 266.678 -1298.04 -784.935 263.543 -1312.07 -705.777 272.007 -1276.62 -676.619 275.141 -1304.69 -518.302 292.067 -1323.5 -412.189 303.413 -1174.09 -471.697 297.109 -1138.96 -442.795 300.216 -989.081 -502.49 293.893 -1024.22 -531.393 290.786 -574.589 -710.479 271.816 -539.452 -681.577 274.923 -389.575 -741.273 268.599 -424.712 -770.175 265.492 -124.959 -889.566 252.846 25.021 -949.303 246.518 1.86595 -1079.91 232.534 46.9102 -1054.94 235.225 33.3544 -1131.41 227.038 -11.6899 -1156.38 224.347 -52.3573 -1385.78 199.787 -7.3131 -1360.8 202.478 -20.8689 -1437.27 194.291 -65.9131 -1462.24 191.6 -93.0248 -1615.17 175.227 -134.176 -1847.3 150.375 -601.63 -4484.09 -131.933
  poly 1: -601.459 -4488.36 -92.161 -1206.29 -1076.63 272.602 -1241.74 -1105.79 269.467 -1255.77 -1026.63 277.93 -1220.32 -997.476 281.065 -1262.42 -760.001 306.454 -1297.87 -789.159 303.32 -1311.91 -710 311.783 -1276.46 -680.843 314.918 -1304.52 -522.526 331.844 -1323.72 -414.238 343.421 -1173.37 -474.121 337.078 -1138.24 -445.219 340.185 -988.36 -504.915 333.862 -1023.5 -533.817 330.755 -573.868 -712.903 311.785 -538.731 -684.001 314.892 -388.854 -743.697 308.569 -423.991 -772.599 305.462 -124.239 -891.99 292.815 25.534 -951.644 286.496 2.0339 -1084.2 272.304 47.0781 -1059.23 274.994 33.5223 -1135.7 266.808 -11.5219 -1160.67 264.117 -52.1894 -1390.06 239.557 -7.14515 -1365.09 242.247 -20.701 -1441.56 234.061 -65.7452 -1466.53 231.37 -92.8568 -1619.46 214.997 -134.334 -1853.42 189.948 -601.459 -4488.36 -92.161
element 25
  poly 0: -603.091 -4447.83 -469.994 -1209.87 -1025.13 -104.058 -1245.32 -1054.28 -107.192 -1258.69 -978.858 -99.1282 -1223.24 -949.701 -95.9936 -1263.36 -723.427 -71.8016 -1298.8 -752.584 -74.9362 -1312.17 -677.16 -66.8722 -1276.73 -648.002 -63.7377 -1303.47 -497.153 -47.6097 -1321.62 -394.773 -36.6638 -1172.91 -454.005 -42.938 -1137.77 -425.103 -39.8309 -988.587 -484.522 -46.125 -1023.72 -513.424 -49.2321 -576.175 -691.682 -68.1143 -541.038 -662.78 -65.0072 -391.855 -722.199 -71.3013 -426.992 -751.102 -74.4084 -128.626 -869.94 -86.9966 20.6606 -929.401 -93.295 -1.83951 -1056.32 -106.883 43.2047 -1031.35 -104.193 30.3039 -1104.12 -111.984 -14.7403 -1129.09 -114.675 -53.4428 -1347.4 -138.048 -8.39857 -1322.43 -135.357 -21.2994 -1395.2 -143.148 -66.3436 -1420.17 -145.839 -92.1452 -1565.71 -161.421 -132.836 -1795.23 -185.995 -603.091 -4447.83 -469.994
  poly 1: -602.919 -4452.09 -430.222 -1209.71 -1029.35 -64.2812 -1245.15 -1058.51 -67.4157 -1258.52 -983.082 -59.3517 -1223.08 -953.924 -56.2172 -1263.19 -727.65 -32.0252 -1298.64 -756.808 -35.1598 -1312.01 -681.383 -27.0958 -1276.56 -652.225 -23.9612 -1303.31 -501.376 -7.83318 -1321.84 -396.822 3.34516 -1172.19 -456.429 -2.96879 -1137.05 -427.527 0.138329 -987.866 -486.946 -6.15575 -1023 -515.848 -9.26287 -575.455 -694.106 -28.1451 -540.317 -665.204 -25.038 -391.134 -724.624 -31.3321 -426.272 -753.526 -34.4392 -127.906 -872.364 -47.0273 21.1736 -931.742 -53.317 -1.67156 -1060.61 -67.1138 43.3727 -1035.64 -64.4231 30.4718 -1108.41 -72.2143 -14.5724 -1133.38 -74.9049 -53.2748 -1351.69 -98.2783 -8.23061 -1326.72 -95.5877 -21.1314 -1399.49 -103.379 -66.1757 -1424.46 -106.069 -91.9773 -1570 -121.652 -132.993 -1801.36 -146.422 -602.919 -4452.09 -430.222
element 26
  poly 0: 2.0339 -1084.2 272.304 -11.5219 -1160.67 264.117 -11.6899 -1156.38 224.347 1.86595 -1079.91 232.534 2.0339 -1084.2 272.304
  poly 1: 47.0781 -1059.23 274.994 33.5223 -1135.7 266.808 33.3544 -1131.41 227.038 46.9102 -1054.94 235.225 47.0781 -1059.23 274.994
  poly 2: -52.1894 -1390.06 239.557 -65.7452 -1466.53 231.37 -65.9131 -1462.24 191.6 -52.3573 -1385.78 199.787 -52.1894 -1390.06 239.557
  poly 3: -7.14515 -1365.09 242.247 -20.701 -1441.56 234.061 -20.8689 -1437.27 194.291 -7.3131 -1360.8 202.478 -7.14515 -1365.09 242.247
  poly 4: -1.67156 -1060.61 -67.1138 -14.5724 -1133.38 -74.9049 -14.7403 -1129.09 -114.675 -1.83951 -1056.32 -106.883 -1.67156 -1060.61 -67.1138
  poly 5: 43.3727 -1035.64 -64.4231 30.4718 -1108.41 -72.2143 30.3039 -1104.12 -111.984 43.2047 -1031.35 -104.193 43.3727 -1035.64 -64.4231
  poly 6: -53.2748 -1351.69 -98.2783 -66.1757 -1424.46 -106.069 -66.3436 -1420.17 -145.839 -53.4428 -1347.4 -138.048 -53.2748 -1351.69 -98.2783
  poly 7: -8.23061 -1326.72 -95.5877 -21.1314 -1399.49 -103.379 -21.2994 -1395.2 -143.148 -8.39857 -1322.43 -135.357 -8.23061 -1326.72 -95.5877
  poly 8: -88.7978 -1596.57 217.522 -88.9668 -1592.29 177.752 -75.411 -1515.82 185.927 -75.242 -1520.11 225.698 -88.7978 -1596.57 217.522
  poly 9: -51.8701 -1617.38 215.28 -52.0391 -1613.1 175.51 -38.4833 -1536.63 183.685 -38.3144 -1540.91 223.456 -51.8701 -1617.38 215.28
  poly 10: -34.5747 -1290.71 250.224 -34.7437 -1286.42 210.454 -21.1879 -1209.96 218.629 -21.0189 -1214.24 258.399 -34.5747 -1290.71 250.224
  poly 11: 2.35294 -1311.52 247.982 2.18398 -1307.23 208.212 15.7397 -1230.77 216.387 15.9087 -1235.05 256.157 2.35294 -1311.52 247.982
  poly 12: -87.9182 -1547.11 -119.127 -88.0872 -1542.83 -158.897 -75.1864 -1470.06 -151.117 -75.0175 -1474.34 -111.347 -87.9182 -1547.11 -119.127
  poly 13: -50.9906 -1567.92 -121.369 -51.1596 -1563.64 -161.139 -38.2588 -1490.87 -153.359 -38.0898 -1495.15 -113.589 -50.9906 -1567.92 -121.369
  poly 14: -36.3152 -1256.03 -88.0056 -36.4841 -1251.74 -127.776 -23.5834 -1178.97 -119.995 -23.4144 -1183.25 -80.2253 -36.3152 -1256.03 -88.0056
  poly 15: 0.612489 -1276.84 -90.2476 0.443521 -1272.55 -130.018 13.3443 -1199.78 -122.237 13.5133 -1204.06 -82.4673 0.612489 -1276.84 -90.2476
  poly 16: -96.7405 -393.564 -9242.41 24.853 -948.536 233.425 32.1099 -909.169 249.68 30.6478 -902.496 135.743 23.7501 -943.502 147.472 22.288 -936.829 33.5351 29.5449 -897.462 49.7902 28.0829 -890.789 -64.1471 21.1851 -931.795 -52.4176 19.8911 -925.889 -153.262 -132.599 -1786.05 -245.355 -134.57 -1862.61 249.307 -96.7405 -393.564 -9242.41
  poly 17: -58.716 -409.067 -9237.32 62.7945 -963.66 232.052 70.0514 -924.293 248.307 68.5893 -917.62 134.37 61.6916 -958.626 146.1 60.2296 -951.953 32.1624 67.4864 -912.586 48.4175 66.0244 -905.913 -65.5197 59.1266 -946.919 -53.7902 57.8297 -941 -154.863 -94.5481 -1800.53 -246.888 -96.5196 -1877.08 247.774 -58.716 -409.067 -9237.32
element 27
  poly 0: -1173.37 -474.121 337.078 -1023.5 -533.817 330.755 -1024.22 -531.393 290.786 -1174.09 -471.697 297.109 -1173.37 -474.121 337.078
  poly 1: -1138.24 -445.219 340.185 -988.36 -504.915 333.862 -989.081 -502.49 293.893 -1138.96 -442.795 300.216 -1138.24 -445.219 340.185
  poly 2: -573.868 -712.903 311.785 -423.991 -772.599 305.462 -424.712 -770.175 265.492 -574.589 -710.479 271.816 -573.868 -712.903 311.785
  poly 3: -538.731 -684.001 314.892 -388.854 -743.697 308.569 -389.575 -741.273 268.599 -539.452 -681.577 274.923 -538.731 -684.001 314.892
  poly 4: -1172.19 -456.429 -2.96879 -1023 -515.848 -9.26287 -1023.72 -513.424 -49.2321 -1172.91 -454.005 -42.938 -1172.19 -456.429 -2.96879
  poly 5: -1137.05 -427.527 0.138329 -987.866 -486.946 -6.15575 -988.587 -484.522 -46.125 -1137.77 -425.103 -39.8309 -1137.05 -427.527 0.138329
  poly 6: -575.455 -694.106 -28.1451 -426.272 -753.526 -34.4392 -426.992 -751.102 -74.4084 -576.175 -691.682 -68.1143 -575.455 -694.106 -28.1451
  poly 7: -540.317 -665.204 -25.038 -391.134 -724.624 -31.3321 -391.855 -722.199 -71.3013 -541.038 -662.78 -65.0072 -540.317 -665.204 -25.038
  poly 8: -905.708 3456.74 -75243.8 -1321.29 -391.7 -96.6773 57.8297 -941 -154.863 59.1266 -946.919 -53.7902 21.1851 -931.795 -52.4176 22.288 -936.829 33.5351 60.2296 -951.953 32.1624 61.6916 -958.626 146.1 23.7501 -943.502 147.472 24.853 -948.536 233.425 62.7945 -963.66 232.052 26.3159 -955.161 346.462 -905.708 3456.74 -75243.8
  poly 9: -909.285 3545.55 -76071.8 -1329.47 -345.543 -91.7425 64.933 -900.932 -150.573 66.0244 -905.913 -65.5197 28.0829 -890.789 -64.1471 29.5449 -897.462 49.7902 67.4864 -912.586 48.4175 68.5893 -917.62 134.37 30.6478 -902.496 135.743 32.1099 -909.169 249.68 70.0514 -924.293 248.307 71.3454 -930.199 349.152 -909.285 3545.55 -76071.8
element 28
  poly 0: -600.643 -3430.47 287.253 -1200.17 -29.2915 287.253 -1235.69 -58.2283 287.253 -1251.7 32.5863 287.253 -1216.18 61.5231 287.253 -1264.2 333.967 287.253 -1299.72 305.03 287.253 -1315.73 395.845 287.253 -1280.21 424.781 287.253 -1312.23 606.411 287.253 -1333.05 724.524 287.253 -1181.46 663.805 287.253 -1145.96 692.728 287.253 -993.896 631.818 287.253 -1029.4 602.895 287.253 -573.206 420.166 287.253 -537.707 449.09 287.253 -385.643 388.18 287.253 -421.143 359.257 287.253 -117.017 237.438 287.253 35.1565 176.484 287.253 9.54979 31.2149 287.253 54.5942 56.3316 287.253 38.5867 -34.4807 287.253 -6.45772 -59.5974 287.253 -54.4802 -332.034 287.253 -9.43584 -306.917 287.253 -25.4433 -397.73 287.253 -70.4877 -422.846 287.253 -102.503 -604.471 287.253 -144.123 -840.586 287.253 -600.643 -3430.47 287.253
  poly 1: -600.465 -3430.47 327.253 -1200 -29.261 327.253 -1235.51 -58.1978 327.253 -1251.52 32.6168 327.253 -1216.01 61.5536 327.253 -1264.03 333.997 327.253 -1299.55 305.061 327.253 -1315.55 395.875 327.253 -1280.04 424.812 327.253 -1312.05 606.441 327.253 -1333.26 726.75 327.253 -1180.72 665.649 327.253 -1145.22 694.572 327.253 -993.157 633.663 327.253 -1028.66 604.74 327.253 -572.467 422.011 327.253 -536.968 450.934 327.253 -384.905 390.025 327.253 -420.404 361.101 327.253 -116.278 239.282 327.253 35.6758 178.417 327.253 9.72306 31.1843 327.253 54.7675 56.301 327.253 38.76 -34.5112 327.253 -6.28444 -59.6279 327.253 -54.307 -332.065 327.253 -9.26256 -306.948 327.253 -25.2701 -397.76 327.253 -70.3145 -422.877 327.253 -102.329 -604.501 327.253 -144.308 -842.649 327.253 -600.465 -3430.47 327.253
element 29
  poly 0: -602.162 -3430.47 -52.7469 -1203.89 -16.8169 -52.7469 -1239.4 -45.7537 -52.7469 -1254.72 41.1364 -52.7469 -1219.2 70.0732 -52.7469 -1265.15 330.744 -52.7469 -1300.67 301.807 -52.7469 -1315.99 388.697 -52.7469 -1280.47 417.634 -52.7469 -1311.1 591.414 -52.7469 -1331.23 705.603 -52.7469 -1180.33 645.161 -52.7469 -1144.84 674.084 -52.7469 -993.464 613.452 -52.7469 -1028.96 584.529 -52.7469 -574.851 402.632 -52.7469 -539.351 431.555 -52.7469 -387.98 370.923 -52.7469 -423.48 342 -52.7469 -120.738 220.735 -52.7469 30.7425 160.059 -52.7469 5.82754 18.7135 -52.7469 50.8719 43.8302 -52.7469 35.5561 -43.058 -52.7469 -9.48828 -68.1747 -52.7469 -55.4357 -328.839 -52.7469 -10.3913 -303.723 -52.7469 -25.7072 -390.611 -52.7469 -70.7516 -415.728 -52.7469 -101.383 -589.504 -52.7469 -142.55 -823.05 -52.7469 -602.162 -3430.47 -52.7469
  poly 1: -601.983 -3430.47 -12.7469 -1203.72 -16.7863 -12.7469 -1239.23 -45.7231 -12.7469 -1254.55 41.167 -12.7469 -1219.03 70.1038 -12.7469 -1264.98 330.774 -12.7469 -1300.5 301.837 -12.7469 -1315.81 388.727 -12.7469 -1280.3 417.664 -12.7469 -1310.93 591.445 -12.7469 -1331.44 707.829 -12.7469 -1179.6 647.006 -12.7469 -1144.1 675.929 -12.7469 -992.725 615.296 -12.7469 -1028.23 586.373 -12.7469 -574.112 404.476 -12.7469 -538.613 433.4 -12.7469 -387.242 372.767 -12.7469 -422.741 343.844 -12.7469 -119.999 222.58 -12.7469 31.2618 161.991 -12.7469 6.00082 18.6829 -12.7469 51.0452 43.7997 -12.7469 35.7294 -43.0886 -12.7469 -9.315 -68.2053 -12.7469 -55.2625 -328.87 -12.7469 -10.2181 -303.753 -12.7469 -25.5339 -390.641 -12.7469 -70.5783 -415.758 -12.7469 -101.21 -589.534 -12.7469 -142.735 -825.113 -12.7469 -601.983 -3430.47 -12.7469
element 30
  poly 0: 9.72306 31.1843 327.253 -6.28444 -59.6279 327.253 -6.45772 -59.5974 287.253 9.54979 31.2149 287.253 9.72306 31.1843 327.253
  poly 1: 54.7675 56.301 327.253 38.76 -34.5112 327.253 38.5867 -34.4807 287.253 54.5942 56.3316 287.253 54.7675 56.301 327.253
  poly 2: -54.307 -332.065 327.253 -70.3145 -422.877 327.253 -70.4877 -422.846 287.253 -54.4802 -332.034 287.253 -54.307 -332.065 327.253
  poly 3: -9.26256 -306.948 327.253 -25.2701 -397.76 327.253 -25.4433 -397.73 287.253 -9.43584 -306.917 287.253 -9.26256 -306.948 327.253
  poly 4: 6.00082 18.6829 -12.7469 -9.315 -68.2053 -12.7469 -9.48828 -68.1747 -52.7469 5.82754 18.7135 -52.7469 6.00082 18.6829 -12.7469
  poly 5: 51.0452 43.7997 -12.7469 35.7294 -43.0886 -12.7469 35.5561 -43.058 -52.7469 50.8719 43.8302 -52.7469 51.0452 43.7997 -12.7469
  poly 6: -55.2625 -328.87 -12.7469 -70.5783 -415.758 -12.7469 -70.7516 -415.728 -52.7469 -55.4357 -328.839 -52.7469 -55.2625 -328.87 -12.7469
  poly 7: -10.2181 -303.753 -12.7469 -25.5339 -390.641 -12.7469 -25.7072 -390.611 -52.7469 -10.3913 -303.723 -52.7469 -10.2181 -303.753 -12.7469
  poly 8: -98.3012 -581.648 327.253 -98.4745 -581.618 287.253 -82.467 -490.806 287.253 -82.2937 -490.836 327.253 -98.3012 -581.648 327.253
  poly 9: -61.3133 -602.237 327.253 -61.4866 -602.207 287.253 -45.4791 -511.395 287.253 -45.3058 -511.425 327.253 -61.3133 -602.237 327.253
  poly 10: -34.2712 -218.4 327.253 -34.4445 -218.369 287.253 -18.437 -127.557 287.253 -18.2637 -127.587 327.253 -34.2712 -218.4 327.253
  poly 11: 2.71667 -238.988 327.253 2.5434 -238.958 287.253 18.5509 -148.146 287.253 18.7242 -148.176 327.253 2.71667 -238.988 327.253
  poly 12: -97.1816 -566.682 -12.7469 -97.3549 -566.651 -52.7469 -82.0391 -479.763 -52.7469 -81.8658 -479.794 -12.7469 -97.1816 -566.682 -12.7469
  poly 13: -60.1938 -587.271 -12.7469 -60.3671 -587.24 -52.7469 -45.0512 -500.352 -52.7469 -44.878 -500.382 -12.7469 -60.1938 -587.271 -12.7469
  poly 14: -35.9184 -219.129 -12.7469 -36.0916 -219.098 -52.7469 -20.7758 -132.21 -52.7469 -20.6026 -132.241 -12.7469 -35.9184 -219.129 -12.7469
  poly 15: 1.06949 -239.718 -12.7469 0.896211 -239.687 -52.7469 16.212 -152.799 -52.7469 16.3853 -152.83 -12.7469 1.06949 -239.718 -12.7469
  poly 16: -97.0336 -315.429 -9895.18 34.9864 175.851 274.149 42.245 216.727 286.115 40.765 211.219 172.115 33.8699 171.697 188.149 32.3899 166.189 74.1494 39.6485 207.065 86.1155 38.1686 201.557 -27.8845 31.2735 162.035 -11.8506 29.9636 157.16 -112.747 -142.273 -819.956 -112.747 -144.585 -845.743 387.253 -97.0336 -315.429 -9895.18
  poly 17: -59.0952 -330.625 -9895.18 72.9279 160.666 274.39 80.1865 201.542 286.356 78.7065 196.035 172.356 71.8114 156.512 188.39 70.3314 151.004 74.3904 77.59 191.88 86.3565 76.1101 186.373 -27.6434 69.215 146.85 -11.6096 67.902 141.964 -112.747 -104.335 -835.152 -112.747 -106.647 -860.939 387.253 -59.0952 -330.625 -9895.18
element 31
  poly 0: -1180.72 665.649 327.253 -1028.66 604.74 327.253 -1029.4 602.895 287.253 -1181.46 663.805 287.253 -1180.72 665.649 327.253
  poly 1: -1145.22 694.572 327.253 -993.157 633.663 327.253 -993.896 631.818 287.253 -1145.96 692.728 287.253 -1145.22 694.572 327.253
  poly 2: -572.467 422.011 327.253 -420.404 361.101 327.253 -421.143 359.257 287.253 -573.206 420.166 287.253 -572.467 422.011 327.253
  poly 3: -536.968 450.934 327.253 -384.905 390.025 327.253 -385.643 388.18 287.253 -537.707 449.09 287.253 -536.968 450.934 327.253
  poly 4: -1179.6 647.006 -12.7469 -1028.23 586.373 -12.7469 -1028.96 584.529 -52.7469 -1180.33 645.161 -52.7469 -1179.6 647.006 -12.7469
  poly 5: -1144.1 675.929 -12.7469 -992.725 615.296 -12.7469 -993.464 613.452 -52.7469 -1144.84 674.084 -52.7469 -1144.1 675.929 -12.7469
  poly 6: -574.112 404.476 -12.7469 -422.741 343.844 -12.7469 -423.48 342 -52.7469 -574.851 402.632 -52.7469 -574.112 404.476 -12.7469
  poly 7: -538.613 433.4 -12.7469 -387.242 372.767 -12.7469 -387.98 370.923 -52.7469 -539.351 431.555 -52.7469 -538.613 433.4 -12.7469
  poly 8: -923.067 -3545.68 -76445.9 -1330.91 702.264 -112.747 67.902 141.964 -112.747 69.215 146.85 -11.6096 31.2735 162.035 -11.8506 32.3899 166.189 74.1494 70.3314 151.004 74.3904 71.8114 156.512 188.39 33.8699 171.697 188.149 34.9864 175.851 274.149 72.9279 160.666 274.39 36.4694 181.309 387.253 -923.067 -3545.68 -76445.9
  poly 9: -926.793 -3545.68 -77280 -1339.09 748.684 -112.747 75.0052 182.261 -112.747 76.1101 186.373 -27.6434 38.1686 201.557 -27.8845 39.6485 207.065 86.1155 77.59 191.88 86.3565 78.7065 196.035 172.356 40.765 211.219 172.115 42.245 216.727 286.115 80.1865 201.542 286.356 81.4963 206.416 387.253 -926.793 -3545.68 -77280
element 32
  poly 0: -600.397 -2337.69 598.901 -1206.99 1083.87 231.674 -1242.5 1055.1 234.761 -1256.34 1133.18 226.381 -1220.83 1161.95 223.294 -1262.35 1396.19 198.154 -1297.87 1367.42 201.242 -1311.71 1445.49 192.862 -1276.2 1474.26 189.774 -1303.88 1630.42 173.014 -1322.55 1735.75 161.709 -1173.15 1675.62 168.163 -1137.73 1704.32 165.083 -987.901 1644.02 171.555 -1023.32 1615.32 174.634 -573.838 1434.42 194.05 -538.416 1463.12 190.97 -388.588 1402.81 197.442 -424.009 1374.12 200.522 -124.353 1253.52 213.466 25.5693 1193.18 219.942 2.23293 1061.55 234.069 47.2539 1086.39 231.403 33.5216 1008.93 239.717 -11.4994 984.09 242.383 -52.6963 751.712 267.323 -7.6753 776.553 264.657 -21.4076 699.094 272.971 -66.4286 674.252 275.637 -93.8932 519.333 292.264 -134.684 289.247 316.959 -600.397 -2337.69 598.901
  poly 1: -600.22 -2333.42 638.673 -1206.82 1088.17 271.442 -1242.33 1059.4 274.53 -1256.17 1137.48 266.15 -1220.66 1166.25 263.062 -1262.18 1400.48 237.922 -1297.7 1371.71 241.01 -1311.54 1449.79 232.63 -1276.03 1478.56 229.542 -1303.71 1634.72 212.782 -1322.73 1742.01 201.267 -1172.48 1681.54 207.757 -1137.06 1710.23 204.678 -987.229 1649.93 211.149 -1022.65 1621.24 214.229 -573.166 1440.34 233.645 -537.745 1469.03 230.565 -387.916 1408.73 237.037 -423.338 1380.04 240.116 -123.682 1259.44 253.06 26.0523 1199.18 259.528 2.40469 1065.79 273.844 47.4257 1090.63 271.178 33.6934 1013.17 279.492 -11.3276 988.329 282.158 -52.5245 755.95 307.098 -7.50354 780.792 304.432 -21.2358 703.332 312.746 -66.2569 678.491 315.412 -93.7215 523.572 332.039 -134.871 291.462 356.951 -600.22 -2333.42 638.673
element 33
  poly 0: -601.898 -2373.95 260.84 -1210.73 1060.23 -107.742 -1246.24 1031.46 -104.654 -1259.43 1105.85 -112.637 -1223.91 1134.62 -115.725 -1263.47 1357.76 -139.675 -1298.99 1328.99 -136.587 -1312.18 1403.38 -144.571 -1276.66 1432.15 -147.658 -1303.03 1580.91 -163.625 -1321.05 1682.55 -174.533 -1172.27 1622.67 -168.107 -1136.85 1651.36 -171.186 -987.644 1591.31 -164.741 -1023.07 1562.62 -161.662 -575.45 1382.47 -142.327 -540.029 1411.16 -145.406 -390.824 1351.11 -138.961 -426.245 1322.42 -135.882 -127.835 1202.32 -122.992 21.4641 1142.23 -116.543 -1.21274 1014.32 -102.814 43.8083 1039.16 -105.481 30.7355 965.424 -97.5664 -14.2855 940.583 -94.9002 -53.5037 719.366 -71.1576 -8.48269 744.207 -73.8237 -21.5554 670.468 -65.9095 -66.5764 645.627 -63.2433 -92.7219 498.149 -47.4149 -133.094 270.42 -22.9734 -601.898 -2373.95 260.84
  poly 1: -601.722 -2369.68 300.612 -1210.55 1064.53 -67.9736 -1246.07 1035.76 -64.8858 -1259.26 1110.14 -72.8691 -1223.74 1138.91 -75.9569 -1263.3 1362.06 -99.9067 -1298.82 1333.29 -96.8189 -1312.01 1407.67 -104.802 -1276.49 1436.44 -107.89 -1302.86 1585.21 -123.857 -1321.23 1688.81 -134.975 -1171.6 1628.59 -128.512 -1136.18 1657.28 -131.592 -986.973 1597.23 -125.147 -1022.39 1568.54 -122.067 -574.779 1388.39 -102.732 -539.357 1417.08 -105.812 -390.152 1357.03 -99.3669 -425.574 1328.34 -96.2873 -127.164 1208.24 -83.3974 21.947 1148.23 -76.9565 -1.04097 1018.56 -63.0396 43.98 1043.4 -65.7058 30.9073 969.663 -57.7916 -14.1137 944.822 -55.1254 -53.3319 723.604 -31.3827 -8.31093 748.446 -34.0489 -21.3837 674.707 -26.1347 -66.4047 649.865 -23.4685 -92.5502 502.387 -7.64009 -133.281 272.635 17.0186 -601.722 -2369.68 300.612
element 34
  poly 0: 2.40469 1065.79 273.844 -11.3276 988.329 282.158 -11.4994 984.09 242.383 2.23293 1061.55 234.069 2.40469 1065.79 273.844
  poly 1: 47.4257 1090.63 271.178 33.6934 1013.17 279.492 33.5216 1008.93 239.717 47.2539 1086.39 231.403 47.4257 1090.63 271.178
  poly 2: -52.5245 755.95 307.098 -66.2569 678.491 315.412 -66.4286 674.252 275.637 -52.6963 751.712 267.323 -52.5245 755.95 307.098
  poly 3: -7.50354 780.792 304.432 -21.2358 703.332 312.746 -21.4076 699.094 272.971 -7.6753 776.553 264.657 -7.50354 780.792 304.432
  poly 4: -1.04097 1018.56 -63.0396 -14.1137 944.822 -55.1254 -14.2855 940.583 -94.9002 -1.21274 1014.32 -102.814 -1.04097 1018.56 -63.0396
  poly 5: 43.98 1043.4 -65.7058 30.9073 969.663 -57.7916 30.7355 965.424 -97.5664 43.8083 1039.16 -105.481 43.98 1043.4 -65.7058
  poly 6: -53.3319 723.604 -31.3827 -66.4047 649.865 -23.4685 -66.5764 645.627 -63.2433 -53.5037 719.366 -71.1576 -53.3319 723.604 -31.3827
  poly 7: -8.31093 748.446 -34.0489 -21.3837 674.707 -26.1347 -21.5554 670.468 -65.9095 -8.48269 744.207 -73.8237 -8.31093 748.446 -34.0489
  poly 8: -89.7049 546.228 329.607 -89.8767 541.989 289.832 -76.1444 619.449 281.519 -75.9726 623.687 321.294 -89.7049 546.228 329.607
  poly 9: -52.717 525.757 331.804 -52.8888 521.518 292.03 -39.1565 598.978 283.716 -38.9847 603.216 323.491 -52.717 525.757 331.804
  poly 10: -34.7757 856.066 296.353 -34.9474 851.827 256.578 -21.2151 929.287 248.265 -21.0434 933.525 288.04 -34.7757 856.066 296.353
  poly 11: 2.21221 835.595 298.55 2.04045 831.356 258.775 15.7728 908.816 250.462 15.9445 913.054 290.237 2.21221 835.595 298.55
  poly 12: -88.5336 525.043 -10.0717 -88.7054 520.805 -49.8465 -75.6326 594.544 -57.7608 -75.4609 598.782 -17.9859 -88.5336 525.043 -10.0717
  poly 13: -51.5457 504.572 -7.87461 -51.7175 500.334 -47.6494 -38.6447 574.073 -55.5636 -38.473 578.311 -15.7888 -51.5457 504.572 -7.87461
  poly 14: -36.2426 820 -41.7286 -36.4144 815.761 -81.5034 -23.3417 889.5 -89.4176 -23.1699 893.739 -49.6428 -36.2426 820 -41.7286
  poly 15: 0.745252 799.529 -39.5315 0.573487 795.29 -79.3063 13.6462 869.029 -87.2205 13.818 873.268 -47.4457 0.745252 799.529 -39.5315
  poly 16: -89.9566 -240.549 -9249.11 25.4101 1191.21 206.89 32.6641 1233.12 214.63 31.2876 1216.04 101.809 24.3717 1178.32 121.779 22.9952 1161.24 8.95756 30.2492 1203.15 16.698 28.8728 1186.07 -96.1233 21.9568 1148.35 -76.1532 20.7396 1133.24 -175.923 -132.814 267.098 -82.9614 -135.151 294.784 416.939 -89.9566 -240.549 -9249.11
  poly 17: -52.0255 -255.572 -9245.91 63.3246 1175.98 208.733 70.5786 1217.89 216.473 69.2022 1200.81 103.652 62.2862 1163.09 123.622 60.9098 1146.01 10.8006 68.1638 1187.92 18.541 66.7873 1170.84 -94.2803 59.8714 1133.12 -74.3102 58.6517 1117.99 -174.285 -94.8756 251.988 -81.3398 -97.2129 279.674 418.56 -52.0255 -255.572 -9245.91
element 35
  poly 0: -1172.48 1681.54 207.757 -1022.65 1621.24 214.229 -1023.32 1615.32 174.634 -1173.15 1675.62 168.163 -1172.48 1681.54 207.757
  poly 1: -1137.06 1710.23 204.678 -987.229 1649.93 211.149 -987.901 1644.02 171.555 -1137.73 1704.32 165.083 -1137.06 1710.23 204.678
  poly 2: -573.166 1440.34 233.645 -423.338 1380.04 240.116 -424.009 1374.12 200.522 -573.838 1434.42 194.05 -573.166 1440.34 233.645
  poly 3: -537.745 1469.03 230.565 -387.916 1408.73 237.037 -388.588 1402.81 197.442 -538.416 1463.12 190.97 -537.745 1469.03 230.565
  poly 4: -1171.6 1628.59 -128.512 -1022.39 1568.54 -122.067 -1023.07 1562.62 -161.662 -1172.27 1622.67 -168.107 -1171.6 1628.59 -128.512
  poly 5: -1136.18 1657.28 -131.592 -986.973 1597.23 -125.147 -987.644 1591.31 -164.741 -1136.85 1651.36 -171.186 -1136.18 1657.28 -131.592
  poly 6: -574.779 1388.39 -102.732 -425.574 1328.34 -96.2873 -426.245 1322.42 -135.882 -575.45 1382.47 -142.327 -574.779 1388.39 -102.732
  poly 7: -539.357 1417.08 -105.812 -390.152 1357.03 -99.3669 -390.824 1351.11 -138.961 -540.029 1411.16 -145.406 -539.357 1417.08 -105.812
  poly 8: -951.152 -11414.2 -82942.6 -1320.79 1673.16 -233.87 58.6517 1117.99 -174.285 59.8714 1133.12 -74.3102 21.9568 1148.35 -76.1532 22.9952 1161.24 8.95756 60.9098 1146.01 10.8006 62.2862 1163.09 123.622 24.3717 1178.32 121.779 25.4101 1191.21 206.89 63.3246 1175.98 208.733 26.7868 1208.16 318.908 -951.152 -11414.2 -82942.6
  poly 9: -955.249 -11513.1 -83865.3 -1328.99 1719.41 -238.834 65.7587 1158.07 -178.588 66.7873 1170.84 -94.2803 28.8728 1186.07 -96.1233 30.2492 1203.15 16.698 68.1638 1187.92 18.541 69.2022 1200.81 103.652 31.2876 1216.04 101.809 32.6641 1233.12 214.63 70.5786 1217.89 216.473 71.7958 1233 316.243 -955.249 -11513.1 -83865.3
element 36
  poly 0: -622.758 -1303.03 762.317 -1226.39 2053.72 87.7596 -1261.92 2025.53 93.7865 -1270.34 2072.33 84.3809 -1234.81 2100.52 78.354 -1260.06 2240.94 50.1372 -1295.59 2212.74 56.1641 -1304.01 2259.55 46.7585 -1268.47 2287.74 40.7316 -1285.31 2381.35 21.9204 -1299.45 2460 6.1153 -1148.6 2460 4.7734 -1098.18 2500 -3.77725 -947.914 2500 -5.11394 -998.327 2460 3.43671 -547.523 2460 -0.57335 -497.11 2500 -9.124 -346.841 2500 -10.4607 -397.254 2460 -1.91004 -96.7179 2460 -4.58341 54.4147 2460 -5.92779 23.2658 2286.91 29.4103 71.2038 2327.52 20.757 52.1035 2221.38 42.4262 4.16547 2180.77 51.0794 -53.1355 1862.35 116.087 -5.19751 1902.96 107.434 -24.2979 1796.82 129.103 -72.2359 1756.21 137.756 -110.437 1543.93 181.094 -152.349 1311.02 228.643 -622.758 -1303.03 762.317
  poly 1: -622.672 -1294.96 801.497 -1226.27 2061.62 126.972 -1261.81 2033.43 132.999 -1270.22 2080.23 123.593 -1234.69 2108.43 117.566 -1259.94 2248.84 89.3497 -1295.47 2220.64 95.3766 -1303.89 2267.45 85.971 -1268.36 2295.64 79.9441 -1285.19 2389.25 61.1329 -1297.91 2460 46.9155 -1148.23 2460 45.584 -1097.82 2500 37.0334 -947.551 2500 35.6967 -997.964 2460 44.2474 -547.159 2460 40.2373 -496.747 2500 31.6866 -346.478 2500 30.35 -396.891 2460 38.9006 -96.3549 2460 36.2272 53.0489 2460 34.8982 23.3377 2294.9 68.6053 71.2757 2335.51 59.9521 52.1754 2229.37 81.6212 4.23732 2188.76 90.2744 -53.0637 1870.34 155.282 -5.12566 1910.95 146.629 -24.226 1804.81 168.298 -72.164 1764.2 176.951 -110.365 1551.92 220.289 -152.584 1317.3 268.187 -622.672 -1294.96 801.497
element 37
  poly 0: -623.487 -1371.59 429.293 -1230.83 2005.79 -249.411 -1266.36 1977.6 -243.384 -1275.86 2030.39 -253.993 -1240.32 2058.59 -260.02 -1268.81 2216.97 -291.849 -1304.34 2188.78 -285.822 -1313.83 2241.57 -296.431 -1278.3 2269.77 -302.458 -1297.29 2375.36 -323.677 -1312.51 2460 -340.686 -1158.91 2460 -342.053 -1108.5 2500 -350.603 -955.49 2500 -351.964 -1005.9 2460 -343.414 -546.876 2460 -347.497 -496.463 2500 -356.048 -343.454 2500 -357.409 -393.867 2460 -348.858 -87.8495 2460 -351.58 66.0239 2460 -352.949 33.8416 2281.16 -316.438 81.7796 2321.78 -325.092 61.6459 2209.9 -302.25 13.7079 2169.28 -293.597 -46.6933 1833.63 -225.073 1.24475 1874.25 -233.726 -18.889 1762.37 -210.884 -66.827 1721.75 -202.231 -107.094 1497.99 -156.548 -150.347 1257.63 -107.478 -623.487 -1371.59 429.293
  poly 1: -623.401 -1363.52 468.473 -1230.71 2013.69 -210.198 -1266.25 1985.5 -204.171 -1275.74 2038.29 -214.781 -1240.21 2066.49 -220.808 -1268.69 2224.87 -252.636 -1304.22 2196.68 -246.609 -1313.72 2249.48 -257.219 -1278.18 2277.67 -263.246 -1297.17 2383.26 -284.465 -1310.97 2460 -299.886 -1158.55 2460 -301.242 -1108.14 2500 -309.793 -955.127 2500 -311.154 -1005.54 2460 -302.603 -546.513 2460 -306.686 -496.1 2500 -315.237 -343.091 2500 -316.598 -393.504 2460 -308.047 -87.4864 2460 -310.77 64.6581 2460 -312.123 33.9135 2289.15 -277.243 81.8515 2329.77 -285.897 61.7178 2217.89 -263.055 13.7797 2177.27 -254.402 -46.6214 1841.62 -185.878 1.31661 1882.24 -194.531 -18.8171 1770.36 -171.689 -66.7551 1729.74 -163.036 -107.023 1505.98 -117.353 -150.583 1263.91 -67.9344 -623.401 -1363.52 468.473
element 38
  poly 0: 23.3377 2294.9 68.6053 4.23732 2188.76 90.2744 4.16547 2180.77 51.0794 23.2658 2286.91 29.4103 23.3377 2294.9 68.6053
  poly 1: 71.2757 2335.51 59.9521 52.1754 2229.37 81.6212 52.1035 2221.38 42.4262 71.2038 2327.52 20.757 71.2757 2335.51 59.9521
  poly 2: -53.0637 1870.34 155.282 -72.164 1764.2 176.951 -72.2359 1756.21 137.756 -53.1355 1862.35 116.087 -53.0637 1870.34 155.282
  poly 3: -5.12566 1910.95 146.629 -24.226 1804.81 168.298 -24.2979 1796.82 129.103 -5.19751 1902.96 107.434 -5.12566 1910.95 146.629
  poly 4: 33.9135 2289.15 -277.243 13.7797 2177.27 -254.402 13.7079 2169.28 -293.597 33.8416 2281.16 -316.438 33.9135 2289.15 -277.243
  poly 5: 81.8515 2329.77 -285.897 61.7178 2217.89 -263.055 61.6459 2209.9 -302.25 81.7796 2321.78 -325.092 81.8515 2329.77 -285.897
  poly 6: -46.6214 1841.62 -185.878 -66.7551 1729.74 -163.036 -66.827 1721.75 -202.231 -46.6933 1833.63 -225.073 -46.6214 1841.62 -185.878
  poly 7: 1.31661 1882.24 -194.531 -18.8171 1770.36 -171.689 -18.889 1762.37 -210.884 1.24475 1874.25 -233.726 1.31661 1882.24 -194.531
  poly 8: -104.908 1581.89 212.302 -104.959 1574.02 173.083 -85.8579 1680.23 151.74 -85.8071 1688.1 190.96 -104.908 1581.89 212.302
  poly 9: -67.9089 1561.84 216.693 -67.9598 1553.97 177.473 -48.8589 1660.17 156.13 -48.8081 1668.05 195.35 -67.9089 1561.84 216.693
  poly 10: -28.5045 2006.72 126.932 -28.5554 1998.84 87.712 -9.45451 2105.05 66.3693 -9.40368 2112.92 105.589 -28.5045 2006.72 126.932
  poly 11: 8.49447 1986.67 131.322 8.44364 1978.79 92.1024 27.5445 2085 70.7597 27.5953 2092.87 109.979 8.49447 1986.67 131.322
  poly 12: -101.566 1535.96 -125.283 -101.617 1528.09 -164.502 -81.4823 1640.04 -187 -81.4315 1647.91 -147.78 -101.566 1535.96 -125.283
  poly 13: -64.5667 1515.91 -120.892 -64.6176 1508.04 -160.112 -44.4833 1619.99 -182.609 -44.4325 1627.86 -143.39 -64.5667 1515.91 -120.892
  poly 14: -21.0287 1983.77 -215.272 -21.0795 1975.9 -254.492 -0.945242 2087.85 -276.989 -0.894415 2095.72 -237.77 -21.0287 1983.77 -215.272
  poly 15: 15.9703 1963.72 -210.882 15.9195 1955.85 -250.102 36.0538 2067.8 -272.599 36.1046 2075.67 -233.379 15.9703 1963.72 -210.882
  poly 16: -195.421 2460 7462.12 55.0618 2460 -25.2704 61.5011 2500 -10.752 65.393 2500 -127.089 57.9978 2460 -113.033 61.8897 2460 -229.369 68.329 2500 -214.851 72.2209 2500 -331.188 64.8257 2460 -317.132 68.0726 2460 -414.188 -149.994 1248.21 -166.794 -152.937 1326.72 327.502 -195.421 2460 7462.12
  poly 17: -158.073 2460 7559.84 95.6334 2460 -23.9131 102.073 2500 -9.39477 105.965 2500 -125.731 98.5694 2460 -111.676 102.461 2460 -228.012 108.901 2500 -213.494 112.793 2500 -329.83 105.397 2460 -315.775 108.702 2460 -414.549 -112.08 1233.12 -164.074 -115.024 1311.63 330.222 -158.073 2460 7559.84
element 39
  poly 0: -1148.23 2460 45.584 -997.964 2460 44.2474 -998.327 2460 3.43671 -1148.6 2460 4.7734 -1148.23 2460 45.584
  poly 1: -1097.82 2500 37.0334 -947.551 2500 35.6967 -947.914 2500 -5.11394 -1098.18 2500 -3.77725 -1097.82 2500 37.0334
  poly 2: -547.159 2460 40.2373 -396.891 2460 38.9006 -397.254 2460 -1.91004 -547.523 2460 -0.57335 -547.159 2460 40.2373
  poly 3: -496.747 2500 31.6866 -346.478 2500 30.35 -346.841 2500 -10.4607 -497.11 2500 -9.124 -496.747 2500 31.6866
  poly 4: -1158.55 2460 -301.242 -1005.54 2460 -302.603 -1005.9 2460 -343.414 -1158.91 2460 -342.053 -1158.55 2460 -301.242
  poly 5: -1108.14 2500 -309.793 -955.127 2500 -311.154 -955.49 2500 -351.964 -1108.5 2500 -350.603 -1108.14 2500 -309.793
  poly 6: -546.513 2460 -306.686 -393.504 2460 -308.047 -393.867 2460 -348.858 -546.876 2460 -347.497 -546.513 2460 -306.686
  poly 7: -496.1 2500 -315.237 -343.091 2500 -316.598 -343.454 2500 -357.409 -496.463 2500 -356.048 -496.1 2500 -315.237
  poly 8: -561.257 2460 19611.7 -1314.81 2460 -401.887 108.702 2460 -414.549 105.397 2460 -315.775 64.8257 2460 -317.132 61.8897 2460 -229.369 102.461 2460 -228.012 98.5694 2460 -111.676 57.9978 2460 -113.033 55.0618 2460 -25.2704 95.6334 2460 -23.9131 51.6157 2460 96.1318 -561.257 2460 19611.7
  poly 9: -560.832 2500 19806 -1322.01 2500 -409.925 115.9 2500 -422.716 112.793 2500 -329.83 72.2209 2500 -331.188 68.329 2500 -214.851 108.901 2500 -213.494 105.965 2500 -125.731 65.393 2500 -127.089 61.5011 2500 -10.752 102.073 2500 -9.39477 98.8275 2500 87.6096 -560.832 2500 19806
element 40
  poly 0: 627.289 5419.75 -599.376 -67.9598 1553.97 177.473 -104.959 1574.02 173.083 -85.8579 1680.23 151.74 -48.8589 1660.17 156.13 8.44364 1978.79 92.1024 -28.5554 1998.84 87.712 -9.45451 2105.05 66.3693 27.5445 2085 70.7597 65.7462 2297.41 28.0743 102.181 2500 -12.637 1152.69 2500 -3.29241 1171.15 2397.4 17.6549 1222.72 2336.63 30.4225 1231.13 2289.85 39.9719 1179.57 2350.62 27.2043 1204.82 2210.3 55.8526 1256.39 2149.53 68.6202 1264.8 2102.75 78.1696 1213.24 2163.52 65.402 1230.07 2069.97 84.5009 1251.37 1951.61 108.664 627.289 5419.75 -599.376
  poly 1: 627.375 5427.81 -560.195 -67.9089 1561.84 216.693 -104.908 1581.89 212.302 -85.8071 1688.1 190.96 -48.8081 1668.05 195.35 8.49447 1986.67 131.322 -28.5045 2006.72 126.932 -9.40368 2112.92 105.589 27.5953 2092.87 109.979 65.797 2305.28 67.294 100.816 2500 28.1647 1154.23 2500 37.5351 1171.25 2405.41 56.8455 1222.81 2344.65 69.6131 1231.23 2297.87 79.1626 1179.66 2358.64 66.395 1204.91 2218.31 95.0432 1256.48 2157.54 107.811 1264.9 2110.77 117.36 1213.33 2171.54 104.593 1230.17 2077.99 123.692 1251.76 1957.96 148.196 627.375 5427.81 -560.195
element 41
  poly 0: 626.56 5351.18 -932.412 -64.6176 1508.04 -160.112 -101.617 1528.09 -164.502 -81.4823 1640.04 -187 -44.4833 1619.99 -182.609 15.9195 1955.85 -250.102 -21.0795 1975.9 -254.492 -0.945242 2087.85 -276.989 36.0538 2067.8 -272.599 76.3223 2291.71 -317.594 113.784 2500 -359.452 1139.62 2500 -350.327 1159.17 2391.36 -328.148 1210.74 2330.59 -315.38 1220.23 2277.83 -304.608 1168.67 2338.6 -317.376 1197.15 2180.31 -285.061 1248.71 2119.54 -272.293 1258.21 2066.78 -261.521 1206.64 2127.55 -274.289 1225.63 2022.03 -252.745 1248.01 1897.68 -227.36 626.56 5351.18 -932.412
  poly 1: 626.646 5359.25 -893.232 -64.5667 1515.91 -120.892 -101.566 1535.96 -125.283 -81.4315 1647.91 -147.78 -44.4325 1627.86 -143.39 15.9703 1963.72 -210.882 -21.0287 1983.77 -215.272 -0.894415 2095.72 -237.77 36.1046 2075.67 -233.379 76.3731 2299.58 -278.374 112.419 2500 -318.65 1141.16 2500 -309.499 1159.26 2399.38 -288.957 1210.83 2338.61 -276.189 1220.33 2285.85 -265.418 1168.76 2346.62 -278.185 1197.24 2188.33 -245.87 1248.81 2127.56 -233.102 1258.3 2074.8 -222.33 1206.74 2135.57 -235.098 1225.73 2030.04 -213.555 1248.4 1904.03 -187.827 626.646 5359.25 -893.232
element 42
  poly 0: 188.331 1534.56 223.532 189.002 1528.64 183.937 300.351 1573.46 179.128 299.679 1579.38 218.722 188.331 1534.56 223.532
  poly 1: 223.884 1505.92 226.606 224.555 1500 187.011 335.904 1544.82 182.202 335.232 1550.74 221.796 223.884 1505.92 226.606
  poly 2: 633.725 1713.82 204.293 634.396 1707.9 164.698 745.745 1752.71 159.889 745.073 1758.63 199.483 633.725 1713.82 204.293
  poly 3: 669.277 1685.18 207.367 669.949 1679.26 167.772 781.297 1724.07 162.963 780.626 1729.99 202.557 669.277 1685.18 207.367
  poly 4: 184.266 1480.33 -112.6 184.937 1474.41 -152.194 296.957 1519.49 -157.033 296.285 1525.41 -117.438 184.266 1480.33 -112.6
  poly 5: 219.818 1451.69 -109.526 220.49 1445.77 -149.12 332.509 1490.85 -153.959 331.838 1496.77 -114.365 219.818 1451.69 -109.526
  poly 6: 632.344 1660.66 -131.955 633.015 1654.74 -171.549 745.034 1699.83 -176.388 744.363 1705.75 -136.793 632.344 1660.66 -131.955
  poly 7: 667.896 1632.02 -128.881 668.568 1626.1 -168.475 780.587 1671.19 -173.314 779.916 1677.1 -133.719 667.896 1632.02 -128.881
  poly 8: 454.574 -10831 -79534.3 1251.24 1949.54 95.7431 1289.29 1966.84 106.78 1288.17 1948.75 -5.88659 1250.39 1935.9 10.7489 1249.26 1917.81 -101.918 1287.31 1935.11 -90.8808 1286.19 1917.03 -203.547 1248.41 1904.17 -186.912 1247.41 1888.16 -286.658 -89.9325 1355.9 -190.741 -93.3278 1431.89 304.01 454.574 -10831 -79534.3
  poly 9: 452.607 -11016.1 -80433.3 1258.33 1909.76 102.057 1296.38 1927.06 113.094 1295.26 1908.97 0.427293 1257.48 1896.12 17.0628 1256.35 1878.03 -95.6039 1294.41 1895.33 -84.5669 1293.28 1877.25 -197.234 1255.5 1864.39 -180.598 1254.52 1848.66 -278.594 -98.1321 1310.31 -181.579 -101.527 1386.3 313.172 452.607 -11016.1 -80433.3
element 43
  poly 0: 1171.25 2405.41 56.8455 1179.66 2358.64 66.395 1179.57 2350.62 27.2043 1171.15 2397.4 17.6549 1171.25 2405.41 56.8455
  poly 1: 1222.81 2344.65 69.6131 1231.23 2297.87 79.1626 1231.13 2289.85 39.9719 1222.72 2336.63 30.4225 1222.81 2344.65 69.6131
  poly 2: 1204.91 2218.31 95.0432 1213.33 2171.54 104.593 1213.24 2163.52 65.402 1204.82 2210.3 55.8526 1204.91 2218.31 95.0432
  poly 3: 1256.48 2157.54 107.811 1264.9 2110.77 117.36 1264.8 2102.75 78.1696 1256.39 2149.53 68.6202 1256.48 2157.54 107.811
  poly 4: 1159.26 2399.38 -288.957 1168.76 2346.62 -278.185 1168.67 2338.6 -317.376 1159.17 2391.36 -328.148 1159.26 2399.38 -288.957
  poly 5: 1210.83 2338.61 -276.189 1220.33 2285.85 -265.418 1220.23 2277.83 -304.608 1210.74 2330.59 -315.38 1210.83 2338.61 -276.189
  poly 6: 1197.24 2188.33 -245.87 1206.74 2135.57 -235.098 1206.64 2127.55 -274.289 1197.15 2180.31 -285.061 1197.24 2188.33 -245.87
  poly 7: 1248.81 2127.56 -233.102 1258.3 2074.8 -222.33 1258.21 2066.78 -261.521 1248.71 2119.54 -272.293 1248.81 2127.56 -233.102
  poly 8: 1238.19 2033.43 132.999 1238.08 2025.53 93.7865 1229.66 2072.33 84.3809 1229.78 2080.23 123.593 1238.19 2033.43 132.999
  poly 9: 1273.73 2061.62 126.972 1273.61 2053.72 87.7596 1265.19 2100.52 78.354 1265.31 2108.43 117.566 1273.73 2061.62 126.972
  poly 10: 1204.53 2220.64 95.3766 1204.41 2212.74 56.1641 1195.99 2259.55 46.7585 1196.11 2267.45 85.971 1204.53 2220.64 95.3766
  poly 11: 1240.06 2248.84 89.3497 1239.94 2240.94 50.1372 1231.53 2287.74 40.7316 1231.64 2295.64 79.9441 1240.06 2248.84 89.3497
  poly 12: 1233.75 1985.5 -204.171 1233.64 1977.6 -243.384 1224.14 2030.39 -253.993 1224.26 2038.29 -214.781 1233.75 1985.5 -204.171
  poly 13: 1269.29 2013.69 -210.198 1269.17 2005.79 -249.411 1259.68 2058.59 -260.02 1259.79 2066.49 -220.808 1269.29 2013.69 -210.198
  poly 14: 1195.78 2196.68 -246.609 1195.66 2188.78 -285.822 1186.17 2241.57 -296.431 1186.28 2249.48 -257.219 1195.78 2196.68 -246.609
  poly 15: 1231.31 2224.87 -252.636 1231.19 2216.97 -291.849 1221.7 2269.77 -302.458 1221.82 2277.67 -263.246 1231.31 2224.87 -252.636
  poly 16: 1295.12 2500 3779.6 1137.32 2500 -411.568 1254.52 1848.66 -278.594 1255.5 1864.39 -180.598 1248.41 1904.17 -186.912 1249.26 1917.81 -101.918 1256.35 1878.03 -95.6039 1257.48 1896.12 17.0628 1250.39 1935.9 10.7489 1251.24 1949.54 95.7431 1258.33 1909.76 102.057 1252.36 1967.46 207.497 1295.12 2500 3779.6
  poly 17: 1332.1 2500 3682.86 1177.95 2500 -411.206 1292.44 1863.75 -281.313 1293.28 1877.25 -197.234 1286.19 1917.03 -203.547 1287.31 1935.11 -90.8808 1294.41 1895.33 -84.5669 1295.26 1908.97 0.427293 1288.17 1948.75 -5.88659 1289.29 1966.84 106.78 1296.38 1927.06 113.094 1297.38 1943.06 212.84 1332.1 2500 3682.86
element 44
  poly 0: 649.601 4484.04 -133.257 -52.8888 521.518 292.03 -89.8767 541.989 289.832 -76.1444 619.449 281.519 -39.1565 598.978 283.716 2.04045 831.356 258.775 -34.9474 851.827 256.578 -21.2151 929.287 248.265 15.7728 908.816 250.462 43.2374 1063.73 233.835 112.592 1454.94 191.848 224.555 1500 187.011 189.002 1528.64 183.937 300.351 1573.46 179.128 335.904 1544.82 182.202 669.949 1679.26 167.772 634.396 1707.9 164.698 745.745 1752.71 159.889 781.297 1724.07 162.963 1003.99 1813.7 153.343 1115.08 1858.41 148.545 1154.67 1635.12 172.51 1202.05 1596.95 176.606 1215.9 1518.87 184.986 1168.51 1557.04 180.889 1210.04 1322.81 206.029 1257.42 1284.64 210.126 1271.26 1206.56 218.506 1223.88 1244.73 214.409 1251.56 1088.57 231.169 1276.17 949.766 246.067 649.601 4484.04 -133.257
  poly 1: 649.778 4488.3 -93.4851 -52.717 525.757 331.804 -89.7049 546.228 329.607 -75.9726 623.687 321.294 -38.9847 603.216 323.491 2.21221 835.595 298.55 -34.7757 856.066 296.353 -21.0434 933.525 288.04 15.9445 913.054 290.237 43.4091 1067.97 273.61 113.149 1461.36 231.389 223.884 1505.92 226.606 188.331 1534.56 223.532 299.679 1579.38 218.722 335.232 1550.74 221.796 669.277 1685.18 207.367 633.725 1713.82 204.293 745.073 1758.63 199.483 780.626 1729.99 202.557 1003.32 1819.62 192.938 1114.93 1864.54 188.117 1154.84 1639.42 212.278 1202.22 1601.25 216.375 1216.07 1523.17 224.755 1168.68 1561.34 220.658 1210.21 1327.11 245.798 1257.59 1288.94 249.894 1271.43 1210.86 258.274 1224.05 1249.03 254.178 1251.73 1092.87 270.937 1276.69 952.112 286.045 649.778 4488.3 -93.4851
element 45
  poly 0: 648.1 4447.78 -471.318 -51.7175 500.334 -47.6494 -88.7054 520.805 -49.8465 -75.6326 594.544 -57.7608 -38.6447 574.073 -55.5636 0.573487 795.29 -79.3063 -36.4144 815.761 -81.5034 -23.3417 889.5 -89.4176 13.6462 869.029 -87.2205 39.7917 1016.51 -103.049 107.856 1400.44 -144.255 220.49 1445.77 -149.12 184.937 1474.41 -152.194 296.957 1519.49 -157.033 332.509 1490.85 -153.959 668.568 1626.1 -168.475 633.015 1654.74 -171.549 745.034 1699.83 -176.388 780.587 1671.19 -173.314 1004.63 1761.35 -182.991 1116.39 1806.33 -187.819 1155.52 1585.61 -164.129 1202.9 1547.44 -160.033 1216.09 1473.06 -152.049 1168.7 1511.23 -156.146 1208.26 1288.08 -132.196 1255.65 1249.91 -128.099 1268.84 1175.53 -120.116 1221.45 1213.7 -124.213 1247.82 1064.93 -108.247 1271.78 929.823 -93.7453 648.1 4447.78 -471.318
  poly 1: 648.276 4452.04 -431.546 -51.5457 504.572 -7.87461 -88.5336 525.043 -10.0717 -75.4609 598.782 -17.9859 -38.473 578.311 -15.7888 0.745252 799.529 -39.5315 -36.2426 820 -41.7286 -23.1699 893.739 -49.6428 13.818 873.268 -47.4457 39.9635 1020.75 -63.2742 108.413 1406.85 -104.714 219.818 1451.69 -109.526 184.266 1480.33 -112.6 296.285 1525.41 -117.438 331.838 1496.77 -114.365 667.896 1632.02 -128.881 632.344 1660.66 -131.955 744.363 1705.75 -136.793 779.916 1677.1 -133.719 1003.95 1767.27 -143.397 1116.23 1812.46 -148.247 1155.69 1589.91 -124.361 1203.07 1551.74 -120.264 1216.26 1477.36 -112.281 1168.87 1515.53 -116.378 1208.43 1292.38 -92.428 1255.82 1254.21 -88.3311 1269.01 1179.83 -80.3478 1221.62 1218 -84.4447 1248 1069.23 -68.4782 1272.29 932.169 -53.7674 648.276 4452.04 -431.546
element 46
  poly 0: 196.981 521.836 327.253 197.72 519.991 287.253 306.831 563.696 287.253 306.092 565.541 327.253 196.981 521.836 327.253
  poly 1: 232.518 492.928 327.253 233.257 491.083 287.253 342.369 534.788 287.253 341.63 536.633 327.253 232.518 492.928 327.253
  poly 2: 633.427 696.656 327.253 634.166 694.812 287.253 743.278 738.517 287.253 742.539 740.361 327.253 633.427 696.656 327.253
  poly 3: 668.965 667.748 327.253 669.704 665.904 287.253 778.815 709.609 287.253 778.077 711.453 327.253 668.965 667.748 327.253
  poly 4: 192.636 501.902 -12.7469 193.375 500.058 -52.7469 303.227 544.059 -52.7469 302.488 545.904 -12.7469 192.636 501.902 -12.7469
  poly 5: 228.174 472.994 -12.7469 228.913 471.15 -52.7469 338.764 515.151 -52.7469 338.026 516.996 -12.7469 228.174 472.994 -12.7469
  poly 6: 632.044 677.909 -12.7469 632.783 676.064 -52.7469 742.634 720.066 -52.7469 741.896 721.91 -12.7469 632.044 677.909 -12.7469
  poly 7: 667.581 649.001 -12.7469 668.32 647.156 -52.7469 778.172 691.158 -52.7469 777.433 693.002 -12.7469 667.581 649.001 -12.7469
  poly 8: 324.407 -3370.04 -73358.4 1276 948.997 232.97 1314.12 964.942 245.584 1312.65 958.256 131.647 1274.89 943.953 147.017 1273.42 937.266 33.0806 1311.54 953.211 45.6946 1310.07 946.524 -68.2423 1272.31 932.221 -52.8718 1271 926.303 -153.712 -70.0148 392.22 -96.3905 -72.7072 417.903 403.725 324.407 -3370.04 -73358.4
  poly 9: 320.721 -3459.08 -74188.5 1283.08 908.811 235.237 1321.2 924.756 247.851 1319.73 918.069 133.914 1281.97 903.766 149.284 1280.49 897.079 35.3476 1318.62 913.024 47.9616 1317.14 906.338 -65.9753 1279.38 892.035 -50.6048 1278.11 886.236 -149.412 -78.1973 346.065 -91.4368 -80.8898 371.748 408.678 320.721 -3459.08 -74188.5
element 47
  poly 0: 1154.84 1639.42 212.278 1168.68 1561.34 220.658 1168.51 1557.04 180.889 1154.67 1635.12 172.51 1154.84 1639.42 212.278
  poly 1: 1202.22 1601.25 216.375 1216.07 1523.17 224.755 1215.9 1518.87 184.986 1202.05 1596.95 176.606 1202.22 1601.25 216.375
  poly 2: 1210.21 1327.11 245.798 1224.05 1249.03 254.178 1223.88 1244.73 214.409 1210.04 1322.81 206.029 1210.21 1327.11 245.798
  poly 3: 1257.59 1288.94 249.894 1271.43 1210.86 258.274 1271.26 1206.56 218.506 1257.42 1284.64 210.126 1257.59 1288.94 249.894
  poly 4: 1155.69 1589.91 -124.361 1168.87 1515.53 -116.378 1168.7 1511.23 -156.146 1155.52 1585.61 -164.129 1155.69 1589.91 -124.361
  poly 5: 1203.07 1551.74 -120.264 1216.26 1477.36 -112.281 1216.09 1473.06 -152.049 1202.9 1547.44 -160.033 1203.07 1551.74 -120.264
  poly 6: 1208.43 1292.38 -92.428 1221.62 1218 -84.4447 1221.45 1213.7 -124.213 1208.26 1288.08 -132.196 1208.43 1292.38 -92.428
  poly 7: 1255.82 1254.21 -88.3311 1269.01 1179.83 -80.3478 1268.84 1175.53 -120.116 1255.65 1249.91 -128.099 1255.82 1254.21 -88.3311
  poly 8: 1257.67 1059.4 274.53 1257.5 1055.1 234.761 1243.66 1133.18 226.381 1243.83 1137.48 266.15 1257.67 1059.4 274.53
  poly 9: 1293.18 1088.17 271.442 1293.01 1083.87 231.674 1279.17 1161.95 223.294 1279.34 1166.25 263.062 1293.18 1088.17 271.442
  poly 10: 1202.3 1371.71 241.01 1202.13 1367.42 201.242 1188.29 1445.49 192.862 1188.46 1449.79 232.63 1202.3 1371.71 241.01
  poly 11: 1237.82 1400.48 237.922 1237.65 1396.19 198.154 1223.8 1474.26 189.774 1223.97 1478.56 229.542 1237.82 1400.48 237.922
  poly 12: 1253.93 1035.76 -64.8858 1253.76 1031.46 -104.654 1240.57 1105.85 -112.637 1240.74 1110.14 -72.8691 1253.93 1035.76 -64.8858
  poly 13: 1289.45 1064.53 -67.9736 1289.27 1060.23 -107.742 1276.09 1134.62 -115.725 1276.26 1138.91 -75.9569 1289.45 1064.53 -67.9736
  poly 14: 1201.18 1333.29 -96.8189 1201.01 1328.99 -136.587 1187.82 1403.38 -144.571 1187.99 1407.67 -104.802 1201.18 1333.29 -96.8189
  poly 15: 1236.7 1362.06 -99.9067 1236.53 1357.76 -139.675 1223.34 1432.15 -147.658 1223.51 1436.44 -107.89 1236.7 1362.06 -99.9067
  poly 16: 1153.54 320.871 -9782.56 1116.62 1797.14 -247.177 1278.11 886.236 -149.412 1279.38 892.035 -50.6048 1272.31 932.221 -52.8718 1273.42 937.266 33.0806 1280.49 897.079 35.3476 1281.97 903.766 149.284 1274.89 943.953 147.017 1276 948.997 232.97 1283.08 908.811 235.237 1277.47 955.599 346.015 1153.54 320.871 -9782.56
  poly 17: 1191.46 335.888 -9785.76 1154.53 1812.4 -248.815 1316.04 901.346 -151.034 1317.14 906.338 -65.9753 1310.07 946.524 -68.2423 1311.54 953.211 45.6946 1318.62 913.024 47.9616 1319.73 918.069 133.914 1312.65 958.256 131.647 1314.12 964.942 245.584 1321.2 924.756 247.851 1322.51 930.674 348.69 1191.46 335.888 -9785.76
element 48
  poly 0: 649.357 3430.48 287.253 -61.4866 -602.207 287.253 -98.4745 -581.618 287.253 -82.467 -490.806 287.253 -45.4791 -511.395 287.253 2.5434 -238.958 287.253 -34.4445 -218.369 287.253 -18.437 -127.557 287.253 18.5509 -148.146 287.253 50.5659 33.4788 287.253 123.477 447.11 287.253 233.257 491.083 287.253 197.72 519.991 287.253 306.831 563.696 287.253 342.369 534.788 287.253 669.704 665.904 287.253 634.166 694.812 287.253 743.278 738.517 287.253 778.815 709.609 287.253 997.039 797.019 287.253 1105.87 840.614 287.253 1146.31 611.227 287.253 1193.72 572.657 287.253 1209.73 481.842 287.253 1162.32 520.413 287.253 1210.34 247.969 287.253 1257.76 209.399 287.253 1273.76 118.584 287.253 1226.35 157.155 287.253 1258.36 -24.4746 287.253 1285.15 -176.459 287.253 649.357 3430.48 287.253
  poly 1: 649.535 3430.48 327.253 -61.3133 -602.237 327.253 -98.3012 -581.648 327.253 -82.2937 -490.836 327.253 -45.3058 -511.425 327.253 2.71667 -238.988 327.253 -34.2712 -218.4 327.253 -18.2637 -127.587 327.253 18.7242 -148.176 327.253 50.7392 33.4482 327.253 124.075 449.49 327.253 232.518 492.928 327.253 196.981 521.836 327.253 306.092 565.541 327.253 341.63 536.633 327.253 668.965 667.748 327.253 633.427 696.656 327.253 742.539 740.361 327.253 778.077 711.453 327.253 996.3 798.864 327.253 1105.69 842.68 327.253 1146.48 611.258 327.253 1193.9 572.687 327.253 1209.9 481.873 327.253 1162.49 520.443 327.253 1210.51 248 327.253 1257.93 209.429 327.253 1273.94 118.614 327.253 1226.52 157.185 327.253 1258.54 -24.444 327.253 1285.67 -178.388 327.253 649.535 3430.48 327.253
element 49
  poly 0: 647.838 3430.48 -52.7469 -60.3671 -587.24 -52.7469 -97.3549 -566.651 -52.7469 -82.0391 -479.763 -52.7469 -45.0512 -500.352 -52.7469 0.896211 -239.687 -52.7469 -36.0916 -219.098 -52.7469 -20.7758 -132.21 -52.7469 16.212 -152.799 -52.7469 46.8437 20.9774 -52.7469 118.392 426.88 -52.7469 228.913 471.15 -52.7469 193.375 500.058 -52.7469 303.227 544.059 -52.7469 338.764 515.151 -52.7469 668.32 647.156 -52.7469 632.783 676.064 -52.7469 742.634 720.066 -52.7469 778.172 691.158 -52.7469 997.875 779.161 -52.7469 1107.45 823.052 -52.7469 1147.43 596.231 -52.7469 1194.85 557.66 -52.7469 1210.16 470.77 -52.7469 1162.75 509.341 -52.7469 1208.7 248.67 -52.7469 1256.11 210.1 -52.7469 1271.43 123.21 -52.7469 1224.01 161.78 -52.7469 1254.65 -12 -52.7469 1280.74 -160.06 -52.7469 647.838 3430.48 -52.7469
  poly 1: 648.017 3430.48 -12.7469 -60.1938 -587.271 -12.7469 -97.1816 -566.682 -12.7469 -81.8658 -479.794 -12.7469 -44.878 -500.382 -12.7469 1.06949 -239.718 -12.7469 -35.9184 -219.129 -12.7469 -20.6026 -132.241 -12.7469 16.3853 -152.83 -12.7469 47.0169 20.9469 -12.7469 118.991 429.26 -12.7469 228.174 472.994 -12.7469 192.636 501.902 -12.7469 302.488 545.904 -12.7469 338.026 516.996 -12.7469 667.581 649.001 -12.7469 632.044 677.909 -12.7469 741.896 721.91 -12.7469 777.433 693.002 -12.7469 997.137 781.006 -12.7469 1107.27 825.118 -12.7469 1147.61 596.261 -12.7469 1195.02 557.691 -12.7469 1210.34 470.801 -12.7469 1162.92 509.371 -12.7469 1208.87 248.701 -12.7469 1256.29 210.13 -12.7469 1271.6 123.24 -12.7469 1224.19 161.811 -12.7469 1254.82 -11.9694 -12.7469 1281.26 -161.989 -12.7469 648.017 3430.48 -12.7469
element 50
  poly 0: 187.529 -617.977 322.105 188.25 -615.553 282.135 299.579 -571.211 286.832 298.859 -573.635 326.802 187.529 -617.977 322.105
  poly 1: 223.066 -646.72 319.014 223.786 -644.296 279.045 335.116 -599.954 283.742 334.395 -602.378 323.711 223.066 -646.72 319.014
  poly 2: 632.848 -440.608 340.893 633.569 -438.183 300.924 744.898 -393.841 305.621 744.178 -396.265 345.59 632.848 -440.608 340.893
  poly 3: 668.385 -469.351 337.803 669.105 -466.926 297.833 780.435 -422.584 302.53 779.714 -425.008 342.5 668.385 -469.351 337.803
  poly 4: 183.245 -601.518 -18.073 183.966 -599.094 -58.0423 296.035 -554.457 -53.314 295.315 -556.881 -13.3448 183.245 -601.518 -18.073
  poly 5: 218.782 -630.261 -21.1633 219.503 -627.837 -61.1325 331.572 -583.2 -56.4043 330.851 -585.624 -16.4351 218.782 -630.261 -21.1633
  poly 6: 631.522 -422.97 0.839901 632.243 -420.546 -39.1293 744.312 -375.909 -34.4011 743.592 -378.333 5.56814 631.522 -422.97 0.839901
  poly 7: 667.059 -451.713 -2.25036 667.78 -449.289 -42.2196 779.849 -404.652 -37.4914 779.128 -407.076 2.47788 667.059 -451.713 -2.25036
  poly 8: 315.338 3430.48 -74494.9 1284.98 -175.827 274.149 1323.11 -161.318 288.389 1321.63 -155.819 174.389 1283.87 -171.679 188.149 1282.39 -166.181 74.1488 1320.51 -151.671 88.3892 1319.03 -146.173 -25.6107 1281.27 -162.033 -11.8511 1279.97 -157.166 -112.747 -80.9112 -702.269 -112.747 -83.5748 -730.049 387.253 315.338 3430.48 -74494.9
  poly 9: 311.607 3430.48 -75330.4 1292.06 -216.026 272.118 1330.18 -201.517 286.358 1328.71 -196.018 172.358 1290.95 -211.878 186.118 1289.47 -206.38 72.1181 1327.59 -191.87 86.3585 1326.11 -186.372 -27.6414 1288.35 -202.232 -13.8818 1287.07 -197.463 -112.747 -89.0937 -748.689 -112.747 -91.7573 -776.469 387.253 311.607 3430.48 -75330.4
element 51
  poly 0: 1146.48 611.258 327.253 1162.49 520.443 327.253 1162.32 520.413 287.253 1146.31 611.227 287.253 1146.48 611.258 327.253
  poly 1: 1193.9 572.687 327.253 1209.9 481.873 327.253 1209.73 481.842 287.253 1193.72 572.657 287.253 1193.9 572.687 327.253
  poly 2: 1210.51 248 327.253 1226.52 157.185 327.253 1226.35 157.155 287.253 1210.34 247.969 287.253 1210.51 248 327.253
  poly 3: 1257.93 209.429 327.253 1273.94 118.614 327.253 1273.76 118.584 287.253 1257.76 209.399 287.253 1257.93 209.429 327.253
  poly 4: 1147.61 596.261 -12.7469 1162.92 509.371 -12.7469 1162.75 509.341 -52.7469 1147.43 596.231 -52.7469 1147.61 596.261 -12.7469
  poly 5: 1195.02 557.691 -12.7469 1210.34 470.801 -12.7469 1210.16 470.77 -52.7469 1194.85 557.66 -52.7469 1195.02 557.691 -12.7469
  poly 6: 1208.87 248.701 -12.7469 1224.19 161.811 -12.7469 1224.01 161.78 -52.7469 1208.7 248.67 -52.7469 1208.87 248.701 -12.7469
  poly 7: 1256.29 210.13 -12.7469 1271.6 123.24 -12.7469 1271.43 123.21 -52.7469 1256.11 210.1 -52.7469 1256.29 210.13 -12.7469
  poly 8: 1264.49 -58.1978 327.253 1264.31 -58.2283 287.253 1248.3 32.5863 287.253 1248.48 32.6168 327.253 1264.49 -58.1978 327.253
  poly 9: 1300 -29.261 327.253 1299.83 -29.2915 287.253 1283.82 61.5231 287.253 1283.99 61.5536 327.253 1300 -29.261 327.253
  poly 10: 1200.45 305.061 327.253 1200.28 305.03 287.253 1184.27 395.845 287.253 1184.45 395.875 327.253 1200.45 305.061 327.253
  poly 11: 1235.97 333.997 327.253 1235.8 333.967 287.253 1219.79 424.781 287.253 1219.96 424.812 327.253 1235.97 333.997 327.253
  poly 12: 1260.77 -45.7231 -12.7469 1260.6 -45.7537 -52.7469 1245.28 41.1364 -52.7469 1245.45 41.167 -12.7469 1260.77 -45.7231 -12.7469
  poly 13: 1296.28 -16.7863 -12.7469 1296.11 -16.8169 -52.7469 1280.8 70.0732 -52.7469 1280.97 70.1038 -12.7469 1296.28 -16.7863 -12.7469
  poly 14: 1199.5 301.837 -12.7469 1199.33 301.807 -52.7469 1184.01 388.697 -52.7469 1184.19 388.727 -12.7469 1199.5 301.837 -12.7469
  poly 15: 1235.02 330.774 -12.7469 1234.85 330.744 -52.7469 1219.53 417.634 -52.7469 1219.7 417.664 -12.7469 1235.02 330.774 -12.7469
  poly 16: 1154.97 293.829 -10298.6 1107.73 819.953 -112.747 1287.07 -197.463 -112.747 1288.35 -202.232 -13.8818 1281.27 -162.033 -11.8511 1282.39 -166.181 74.1488 1289.47 -206.38 72.1181 1290.95 -211.878 186.118 1283.87 -171.679 188.149 1284.98 -175.827 274.149 1292.06 -216.026 272.118 1286.46 -181.315 387.253 1154.97 293.829 -10298.6
  poly 17: 1192.91 309.025 -10298.6 1145.67 835.149 -112.747 1325.01 -182.267 -112.747 1326.11 -186.372 -27.6414 1319.03 -146.173 -25.6107 1320.51 -151.671 88.3892 1327.59 -191.87 86.3585 1328.71 -196.018 172.358 1321.63 -155.819 174.389 1323.11 -161.318 288.389 1330.18 -201.517 286.358 1331.49 -206.383 387.253 1192.91 309.025 -10298.6
element 52
  poly 0: 648.362 2337.77 597.915 -52.0391 -1613.1 175.51 -88.9668 -1592.29 177.752 -75.411 -1515.82 185.927 -38.4833 -1536.63 183.685 2.18398 -1307.23 208.212 -34.7437 -1286.42 210.454 -21.1879 -1209.96 218.629 15.7397 -1230.77 216.387 42.8513 -1077.84 232.738 111.801 -688.9 274.32 223.786 -644.296 279.045 188.25 -615.553 282.135 299.579 -571.211 286.832 335.116 -599.954 283.742 669.105 -466.926 297.833 633.569 -438.183 300.924 744.898 -393.841 305.621 780.435 -422.584 302.53 1003.09 -333.899 311.924 1114.16 -289.662 316.61 1153.88 -513.709 292.623 1201.3 -552.061 288.499 1215.33 -631.218 280.025 1167.91 -592.866 284.148 1210.01 -830.338 258.723 1257.43 -868.689 254.6 1271.46 -947.846 246.125 1224.05 -909.495 250.248 1252.11 -1067.81 233.298 1276.94 -1207.88 218.302 648.362 2337.77 597.915
  poly 1: 648.533 2333.5 637.687 -51.8701 -1617.38 215.28 -88.7978 -1596.57 217.522 -75.242 -1520.11 225.698 -38.3144 -1540.91 223.456 2.35294 -1311.52 247.982 -34.5747 -1290.71 250.224 -21.0189 -1214.24 258.399 15.9087 -1235.05 256.157 43.0203 -1082.12 272.508 112.392 -690.802 314.345 223.066 -646.72 319.014 187.529 -617.977 322.105 298.859 -573.635 326.802 334.395 -602.378 323.711 668.385 -469.351 337.803 632.848 -440.608 340.893 744.178 -396.265 345.59 779.714 -425.008 342.5 1002.37 -336.323 351.894 1113.97 -291.876 356.602 1154.04 -517.938 332.399 1201.46 -556.29 328.275 1215.49 -635.447 319.8 1168.08 -597.095 323.924 1210.18 -834.567 298.499 1257.59 -872.919 294.375 1271.63 -952.076 285.9 1224.21 -913.724 290.024 1252.28 -1072.04 273.074 1277.42 -1213.88 257.888 648.533 2333.5 637.687
element 53
  poly 0: 646.901 2374.03 259.855 -51.1596 -1563.64 -161.139 -88.0872 -1542.83 -158.897 -75.1864 -1470.06 -151.117 -38.2588 -1490.87 -153.359 0.443521 -1272.55 -130.018 -36.4841 -1251.74 -127.776 -23.5834 -1178.97 -119.995 13.3443 -1199.78 -122.237 39.1458 -1054.24 -106.677 106.778 -672.735 -65.8884 219.503 -627.837 -61.1325 183.966 -599.094 -58.0423 296.035 -554.457 -53.314 331.572 -583.2 -56.4043 667.78 -449.289 -42.2196 632.243 -420.546 -39.1293 744.312 -375.909 -34.4011 779.849 -404.652 -37.4914 1003.99 -315.378 -28.0349 1115.79 -270.847 -23.3178 1155.1 -492.559 -47.0554 1202.51 -530.911 -51.1787 1215.89 -606.334 -59.2539 1168.47 -567.983 -55.1306 1208.58 -794.253 -79.3561 1256 -832.605 -83.4795 1269.37 -908.028 -91.5546 1221.95 -869.676 -87.4313 1248.7 -1020.52 -103.582 1272.87 -1156.86 -118.178 646.901 2374.03 259.855
  poly 1: 647.073 2369.76 299.627 -50.9906 -1567.92 -121.369 -87.9182 -1547.11 -119.127 -75.0175 -1474.34 -111.347 -38.0898 -1495.15 -113.589 0.612489 -1276.84 -90.2476 -36.3152 -1256.03 -88.0056 -23.4144 -1183.25 -80.2253 13.5133 -1204.06 -82.4673 39.3148 -1058.52 -66.9066 107.369 -674.637 -25.8639 218.782 -630.261 -21.1633 183.245 -601.518 -18.073 295.315 -556.881 -13.3448 330.851 -585.624 -16.4351 667.059 -451.713 -2.25036 631.522 -422.97 0.839901 743.592 -378.333 5.56814 779.128 -407.076 2.47788 1003.27 -317.803 11.9343 1115.6 -273.06 16.6737 1155.26 -496.788 -7.27964 1202.68 -535.14 -11.403 1216.05 -610.563 -19.4781 1168.63 -572.212 -15.3548 1208.75 -798.482 -39.5804 1256.17 -836.834 -43.7037 1269.54 -912.257 -51.7789 1222.12 -873.906 -47.6556 1248.86 -1024.75 -63.806 1273.35 -1162.86 -78.5925 647.073 2369.76 299.627
element 54
  poly 0: 162.606 -1637.85 211.7 162.919 -1631.55 172.16 275.416 -1589.23 179.793 275.104 -1595.53 219.334 162.606 -1637.85 211.7
  poly 1: 198.062 -1666.52 205.582 198.375 -1660.22 166.042 310.872 -1617.9 173.675 310.559 -1624.2 213.216 198.062 -1666.52 205.582
  poly 2: 612.595 -1468.57 242.234 612.907 -1462.27 202.694 725.404 -1419.95 210.327 725.092 -1426.26 249.868 612.595 -1468.57 242.234
  poly 3: 648.051 -1497.25 236.116 648.363 -1490.94 196.575 760.86 -1448.63 204.209 760.548 -1454.93 243.75 648.051 -1497.25 236.116
  poly 4: 159.435 -1586.48 -124.79 159.747 -1580.18 -164.33 272.897 -1537.61 -156.653 272.585 -1543.91 -117.112 159.435 -1586.48 -124.79
  poly 5: 194.891 -1615.15 -130.908 195.203 -1608.85 -170.449 308.353 -1566.28 -162.771 308.041 -1572.58 -123.23 194.891 -1615.15 -130.908
  poly 6: 612.035 -1416.22 -94.0787 612.347 -1409.92 -133.619 725.497 -1367.36 -125.941 725.185 -1373.66 -86.4009 612.035 -1416.22 -94.0787
  poly 7: 647.491 -1444.89 -100.197 647.803 -1438.59 -139.737 760.953 -1396.03 -132.06 760.641 -1402.33 -92.5191 647.491 -1444.89 -100.197
  poly 8: 297.542 11049.6 -80621.3 1276.79 -1205.9 205.26 1315.01 -1193.55 220.845 1313.64 -1176.45 108.025 1275.75 -1193 120.151 1274.39 -1175.89 7.33083 1312.61 -1163.54 22.9155 1311.24 -1146.44 -89.9042 1273.36 -1162.98 -77.7788 1272.15 -1147.85 -177.557 -69.326 -1658.26 -231.597 -71.5827 -1736.43 262.894 297.542 11049.6 -80621.3
  poly 9: 293.591 11147.7 -81536 1283.84 -1245.56 199.161 1322.06 -1233.21 214.746 1320.7 -1216.1 101.926 1282.81 -1232.65 114.052 1281.45 -1215.55 1.23211 1319.67 -1203.2 16.8168 1318.3 -1186.09 -96.0029 1280.41 -1202.64 -83.8775 1279.23 -1187.79 -181.833 -77.4296 -1703.97 -236.485 -79.6863 -1782.14 258.007 293.591 11147.7 -81536
element 55
  poly 0: 1154.04 -517.938 332.399 1168.08 -597.095 323.924 1167.91 -592.866 284.148 1153.88 -513.709 292.623 1154.04 -517.938 332.399
  poly 1: 1201.46 -556.29 328.275 1215.49 -635.447 319.8 1215.33 -631.218 280.025 1201.3 -552.061 288.499 1201.46 -556.29 328.275
  poly 2: 1210.18 -834.567 298.499 1224.21 -913.724 290.024 1224.05 -909.495 250.248 1210.01 -830.338 258.723 1210.18 -834.567 298.499
  poly 3: 1257.59 -872.919 294.375 1271.63 -952.076 285.9 1271.46 -947.846 246.125 1257.43 -868.689 254.6 1257.59 -872.919 294.375
  poly 4: 1155.26 -496.788 -7.27964 1168.63 -572.212 -15.3548 1168.47 -567.983 -55.1306 1155.1 -492.559 -47.0554 1155.26 -496.788 -7.27964
  poly 5: 1202.68 -535.14 -11.403 1216.05 -610.563 -19.4781 1215.89 -606.334 -59.2539 1202.51 -530.911 -51.1787 1202.68 -535.14 -11.403
  poly 6: 1208.75 -798.482 -39.5804 1222.12 -873.906 -47.6556 1221.95 -869.676 -87.4313 1208.58 -794.253 -79.3561 1208.75 -798.482 -39.5804
  poly 7: 1256.17 -836.834 -43.7037 1269.54 -912.257 -51.7789 1269.37 -908.028 -91.5546 1256 -832.605 -83.4795 1256.17 -836.834 -43.7037
  poly 8: 1258.26 -1105.79 269.467 1258.1 -1101.57 229.691 1244.06 -1022.41 238.154 1244.23 -1026.63 277.93 1258.26 -1105.79 269.467
  poly 9: 1293.71 -1076.63 272.602 1293.54 -1072.41 232.825 1279.51 -993.253 241.288 1279.68 -997.476 281.065 1293.71 -1076.63 272.602
  poly 10: 1202.13 -789.159 303.32 1201.96 -784.935 263.543 1187.93 -705.777 272.007 1188.09 -710 311.783 1202.13 -789.159 303.32
  poly 11: 1237.58 -760.001 306.454 1237.41 -755.778 266.678 1223.38 -676.619 275.141 1223.54 -680.843 314.918 1237.58 -760.001 306.454
  poly 12: 1254.85 -1058.51 -67.4157 1254.68 -1054.28 -107.192 1241.31 -978.858 -99.1282 1241.48 -983.082 -59.3517 1254.85 -1058.51 -67.4157
  poly 13: 1290.29 -1029.35 -64.2812 1290.13 -1025.13 -104.058 1276.76 -949.701 -95.9936 1276.92 -953.924 -56.2172 1290.29 -1029.35 -64.2812
  poly 14: 1201.36 -756.808 -35.1598 1201.2 -752.584 -74.9362 1187.83 -677.16 -66.8722 1187.99 -681.383 -27.0958 1201.36 -756.808 -35.1598
  poly 15: 1236.81 -727.65 -32.0252 1236.64 -723.427 -71.8016 1223.27 -648.002 -63.7377 1223.44 -652.225 -23.9612 1236.81 -727.65 -32.0252
  poly 16: 1162.73 270.142 -9797.11 1116.08 -267.526 -83.3051 1279.23 -1187.79 -181.833 1280.41 -1202.64 -83.8775 1273.36 -1162.98 -77.7788 1274.39 -1175.89 7.33083 1281.45 -1215.55 1.23211 1282.81 -1232.65 114.052 1275.75 -1193 120.151 1276.79 -1205.9 205.26 1283.84 -1245.56 199.161 1278.15 -1222.91 317.264 1162.73 270.142 -9797.11
  poly 17: 1200.71 285.623 -9802.19 1154.02 -252.416 -81.7045 1317.28 -1173.31 -180.3 1318.3 -1186.09 -96.0029 1311.24 -1146.44 -89.9042 1312.61 -1163.54 22.9155 1319.67 -1203.2 16.8168 1320.7 -1216.1 101.926 1313.64 -1176.45 108.025 1315.01 -1193.55 220.845 1322.06 -1233.21 214.746 1323.27 -1248.34 314.524 1200.71 285.623 -9802.19
element 56
  poly 0: 626.009 1302.76 763.642 -36.3437 -2380.15 21.9466 -71.7406 -2351.2 28.1218 -63.0406 -2302.82 37.864 -27.6437 -2331.78 31.6888 -1.54362 -2186.65 60.9155 -36.9405 -2157.7 67.0906 -28.2405 -2109.32 76.8328 7.15642 -2138.28 70.6577 24.5565 -2041.53 90.1421 85.4966 -1702.68 158.382 198.375 -1660.22 166.042 162.919 -1631.55 172.16 275.416 -1589.23 179.793 310.872 -1617.9 173.675 648.363 -1490.94 196.575 612.907 -1462.27 202.694 725.404 -1419.95 210.327 760.86 -1448.63 204.209 985.855 -1363.99 219.476 1098.32 -1321.68 227.107 1140.96 -1558.64 178.665 1188.51 -1597.09 170.46 1207.32 -1701.6 149.093 1159.77 -1663.15 157.298 1216.19 -1976.69 93.1988 1263.74 -2015.14 84.994 1282.55 -2119.65 63.6276 1235 -2081.2 71.8324 1272.62 -2290.23 29.0996 1303.17 -2460 -5.60778 626.009 1302.76 763.642
  poly 1: 626.09 1294.69 802.822 -36.2357 -2388.07 61.1561 -71.6326 -2359.12 67.3312 -62.9325 -2310.74 77.0734 -27.5357 -2339.69 70.8983 -1.43555 -2194.57 100.125 -36.8324 -2165.61 106.3 -28.1324 -2117.24 116.042 7.26448 -2146.19 109.867 24.6645 -2049.44 129.352 85.9465 -1708.69 197.975 198.062 -1666.52 205.582 162.606 -1637.85 211.7 275.104 -1595.53 219.334 310.559 -1624.2 213.216 648.051 -1497.25 236.116 612.595 -1468.57 242.234 725.092 -1426.26 249.868 760.548 -1454.93 243.75 985.542 -1370.29 259.016 1098.07 -1327.96 266.652 1141.03 -1566.64 217.857 1188.58 -1605.09 209.652 1207.39 -1709.6 188.286 1159.84 -1671.15 196.491 1216.26 -1984.69 132.392 1263.81 -2023.14 124.187 1282.62 -2127.65 102.82 1235.07 -2089.2 111.025 1272.69 -2298.23 68.2923 1301.8 -2460 35.2204 626.09 1294.69 802.822
element 57
  poly 0: 625.32 1371.32 430.62 -48.2876 -2374.18 -323.68 -83.6845 -2345.22 -317.505 -73.9092 -2290.87 -306.558 -38.5123 -2319.82 -312.733 -9.18641 -2156.76 -279.895 -44.5833 -2127.8 -273.719 -34.808 -2073.45 -262.773 0.588891 -2102.4 -268.948 20.1395 -1993.7 -247.056 81.672 -1651.55 -178.152 195.203 -1608.85 -170.449 159.747 -1580.18 -164.33 272.897 -1537.61 -156.653 308.353 -1566.28 -162.771 647.803 -1438.59 -139.737 612.347 -1409.92 -133.619 725.497 -1367.36 -125.941 760.953 -1396.03 -132.06 987.253 -1310.9 -116.704 1100.37 -1268.35 -109.029 1144.34 -1512.69 -158.982 1191.89 -1551.14 -167.187 1211.73 -1661.4 -189.727 1164.18 -1622.95 -181.523 1223.71 -1953.72 -249.144 1271.26 -1992.17 -257.349 1291.1 -2102.42 -279.89 1243.55 -2063.97 -271.685 1283.24 -2284.49 -316.766 1314.82 -2460 -352.647 625.32 1371.32 430.62
  poly 1: 625.401 1363.25 469.799 -48.1796 -2382.09 -284.47 -83.5764 -2353.14 -278.295 -73.8011 -2298.78 -267.349 -38.4043 -2327.74 -273.524 -9.07835 -2164.67 -240.685 -44.4752 -2135.72 -234.51 -34.6999 -2081.37 -223.564 0.696953 -2110.32 -229.739 20.2476 -2001.61 -207.846 82.1219 -1657.57 -138.56 194.891 -1615.15 -130.908 159.435 -1586.48 -124.79 272.585 -1543.91 -117.112 308.041 -1572.58 -123.23 647.491 -1444.89 -100.197 612.035 -1416.22 -94.0787 725.185 -1373.66 -86.4009 760.641 -1402.33 -92.5191 986.941 -1317.2 -77.1636 1100.13 -1274.62 -69.4834 1144.41 -1520.69 -119.789 1191.96 -1559.14 -127.994 1211.8 -1669.4 -150.535 1164.25 -1630.95 -142.33 1223.78 -1961.72 -209.952 1271.33 -2000.17 -218.156 1291.17 -2110.42 -240.697 1243.62 -2071.97 -232.492 1283.31 -2292.49 -277.573 1313.45 -2460 -311.819 625.401 1363.25 469.799
element 58
  poly 0: 663.804 -2460 19040.3 1303.83 -2460 -25.0341 1343.92 -2460 -9.38588 1347.82 -2460 -125.716 1306.77 -2460 -112.792 1310.68 -2460 -229.123 1350.77 -2460 -213.475 1354.67 -2460 -329.805 1313.62 -2460 -316.881 1316.88 -2460 -413.89 -66.0203 -2460 -402.169 -46.8744 -2460 107.876 663.804 -2460 19040.3
  poly 1: 664.206 -2500 19234.6 1310.74 -2500 -24.8019 1350.83 -2500 -9.1537 1354.74 -2500 -125.484 1313.69 -2500 -112.56 1317.59 -2500 -228.891 1357.68 -2500 -213.242 1361.59 -2500 -329.573 1320.54 -2500 -316.649 1324.08 -2500 -422.067 -73.2141 -2500 -410.225 -54.0682 -2500 99.8201 664.206 -2500 19234.6
element 59
  poly 0: 1141.03 -1566.64 217.857 1159.84 -1671.15 196.491 1159.77 -1663.15 157.298 1140.96 -1558.64 178.665 1141.03 -1566.64 217.857
  poly 1: 1188.58 -1605.09 209.652 1207.39 -1709.6 188.286 1207.32 -1701.6 149.093 1188.51 -1597.09 170.46 1188.58 -1605.09 209.652
  poly 2: 1216.26 -1984.69 132.392 1235.07 -2089.2 111.025 1235 -2081.2 71.8324 1216.19 -1976.69 93.1988 1216.26 -1984.69 132.392
  poly 3: 1263.81 -2023.14 124.187 1282.62 -2127.65 102.82 1282.55 -2119.65 63.6276 1263.74 -2015.14 84.994 1263.81 -2023.14 124.187
  poly 4: 1144.41 -1520.69 -119.789 1164.25 -1630.95 -142.33 1164.18 -1622.95 -181.523 1144.34 -1512.69 -158.982 1144.41 -1520.69 -119.789
  poly 5: 1191.96 -1559.14 -127.994 1211.8 -1669.4 -150.535 1211.73 -1661.4 -189.727 1191.89 -1551.14 -167.187 1191.96 -1559.14 -127.994
  poly 6: 1223.78 -1961.72 -209.952 1243.62 -2071.97 -232.492 1243.55 -2063.97 -271.685 1223.71 -1953.72 -249.144 1223.78 -1961.72 -209.952
  poly 7: 1271.33 -2000.17 -218.156 1291.17 -2110.42 -240.697 1291.1 -2102.42 -279.89 1271.26 -1992.17 -257.349 1271.33 -2000.17 -218.156
  poly 8: 1279.81 -2337.88 60.6928 1279.76 -2329.99 21.4765 1260.95 -2225.41 42.5367 1261 -2233.3 81.753 1279.81 -2337.88 60.6928
  poly 9: 1313.1 -2297.23 69.2221 1313.05 -2289.34 30.0059 1294.24 -2184.77 51.0661 1294.29 -2192.66 90.2823 1313.1 -2297.23 69.2221
  poly 10: 1204.57 -1919.57 144.934 1204.52 -1911.69 105.717 1185.71 -1807.11 126.777 1185.76 -1815 165.994 1204.57 -1919.57 144.934
  poly 11: 1237.87 -1878.93 153.463 1237.82 -1871.04 114.247 1219.01 -1766.47 135.307 1219.06 -1774.36 174.523 1237.87 -1878.93 153.463
  poly 12: 1290.42 -2332.17 -285 1290.37 -2324.28 -324.216 1270.53 -2213.96 -301.999 1270.58 -2221.84 -262.782 1290.42 -2332.17 -285
  poly 13: 1323.72 -2291.52 -276.47 1323.67 -2283.63 -315.687 1303.83 -2173.31 -293.469 1303.88 -2181.2 -254.253 1323.72 -2291.52 -276.47
  poly 14: 1211.05 -1890.88 -196.13 1211 -1882.99 -235.346 1191.16 -1772.67 -213.129 1191.21 -1780.56 -173.912 1211.05 -1890.88 -196.13
  poly 15: 1244.35 -1850.24 -187.601 1244.3 -1842.35 -226.817 1224.46 -1732.03 -204.599 1224.51 -1739.91 -165.383 1244.35 -1850.24 -187.601
  poly 16: 1052.99 -2500 7653.16 1100.73 -1258.94 -168.347 1324.08 -2500 -422.067 1320.54 -2500 -316.649 1313.62 -2460 -316.881 1310.68 -2460 -229.123 1317.59 -2500 -228.891 1313.69 -2500 -112.56 1306.77 -2460 -112.792 1303.83 -2460 -25.0341 1310.74 -2500 -24.8019 1299.93 -2461.03 96.2522 1052.99 -2500 7653.16
  poly 17: 1090.5 -2500 7745.96 1138.78 -1244.62 -165.765 1364.71 -2500 -422.412 1361.59 -2500 -329.573 1354.67 -2460 -329.805 1350.77 -2460 -213.475 1357.68 -2500 -213.242 1354.74 -2500 -125.484 1347.82 -2460 -125.716 1343.92 -2460 -9.38588 1350.83 -2500 -9.1537 1347.57 -2500 87.9408 1090.5 -2500 7745.96
element 60
  poly 0: 2460 -8666.14 -1254.21 1313.05 -2289.34 30.0059 1279.76 -2329.99 21.4765 1260.95 -2225.41 42.5367 1294.24 -2184.77 51.0661 1237.82 -1871.04 114.247 1204.52 -1911.69 105.717 1185.71 -1807.11 126.777 1219.01 -1766.47 135.307 1181.39 -1557.32 177.427 1158.85 -1431.98 202.669 1303.14 -1486.26 192.878 1329.45 -1454.14 199.617 1474.03 -1508.53 189.806 1447.73 -1540.65 183.067 1881.49 -1703.82 153.634 1907.8 -1671.7 160.373 2052.39 -1726.09 150.562 2026.08 -1758.21 143.823 2315.26 -1866.99 124.201 2460 -1921.44 114.379 2460 -1984.5 101.583 2500 -1957.53 107.395 2500 -2021.47 94.4202 2460 -2048.44 88.609 2460 -2240.26 49.6859 2500 -2213.29 55.4971 2500 -2277.23 42.5228 2460 -2304.2 36.7115 2460 -2432.08 10.7628 2460 -2500 -3.01863 2460 -8666.14 -1254.21
  poly 1: 2460 -8673.76 -1214.93 1313.1 -2297.23 69.2221 1279.81 -2337.88 60.6928 1261 -2233.3 81.753 1294.29 -2192.66 90.2823 1237.87 -1878.93 153.463 1204.57 -1919.57 144.934 1185.76 -1815 165.994 1219.06 -1774.36 174.523 1181.44 -1565.21 216.643 1158.57 -1438.06 242.25 1303.45 -1492.56 232.419 1329.76 -1460.44 239.158 1474.35 -1514.83 229.347 1448.04 -1546.95 222.608 1881.8 -1710.12 193.175 1908.11 -1678.01 199.914 2052.7 -1732.4 190.103 2026.39 -1764.51 183.364 2315.57 -1873.29 163.742 2460 -1927.62 153.941 2460 -1992.45 140.786 2500 -1965.48 146.597 2500 -2029.42 133.623 2460 -2056.39 127.811 2460 -2248.21 88.8884 2500 -2221.25 94.6996 2500 -2285.19 81.7252 2460 -2312.16 75.914 2460 -2440.04 49.9653 2460 -2500 37.7979 2460 -8673.76 -1214.93
element 61
  poly 0: 2460 -8601.41 -1588.01 1323.67 -2283.63 -315.687 1290.37 -2324.28 -324.216 1270.53 -2213.96 -301.999 1303.83 -2173.31 -293.469 1244.3 -1842.35 -226.817 1211 -1882.99 -235.346 1191.16 -1772.67 -213.129 1224.46 -1732.03 -204.599 1184.77 -1511.38 -160.164 1161.19 -1380.3 -133.765 1305.23 -1434.48 -143.538 1331.53 -1402.36 -136.799 1475.86 -1456.66 -146.593 1449.55 -1488.77 -153.332 1882.53 -1651.64 -182.712 1908.84 -1619.53 -175.973 2053.17 -1673.82 -185.766 2026.86 -1705.94 -192.505 2315.52 -1814.52 -212.092 2460 -1868.87 -221.896 2460 -1937.77 -235.877 2500 -1910.81 -230.065 2500 -1980.59 -244.225 2460 -2007.55 -250.036 2460 -2216.9 -292.515 2500 -2189.93 -286.703 2500 -2259.71 -300.863 2460 -2286.68 -306.674 2460 -2426.24 -334.993 2460 -2500 -349.959 2460 -8601.41 -1588.01
  poly 1: 2460 -8609.02 -1548.74 1323.72 -2291.52 -276.47 1290.42 -2332.17 -285 1270.58 -2221.84 -262.782 1303.88 -2181.2 -254.253 1244.35 -1850.24 -187.601 1211.05 -1890.88 -196.13 1191.21 -1780.56 -173.912 1224.51 -1739.91 -165.383 1184.82 -1519.27 -120.948 1160.92 -1386.38 -94.1847 1305.54 -1440.78 -103.998 1331.85 -1408.67 -97.2589 1476.17 -1462.96 -107.052 1449.87 -1495.07 -113.791 1882.85 -1657.95 -143.171 1909.15 -1625.83 -136.432 2053.48 -1680.13 -146.225 2027.17 -1712.24 -152.964 2315.83 -1820.82 -172.551 2460 -1875.06 -182.334 2460 -1945.73 -196.674 2500 -1918.76 -190.863 2500 -1988.54 -205.022 2460 -2015.51 -210.834 2460 -2224.85 -253.312 2500 -2197.88 -247.501 2500 -2267.67 -261.66 2460 -2294.63 -267.472 2460 -2434.2 -295.79 2460 -2500 -309.143 2460 -8609.02 -1548.74
element 62
  poly 0: 2460 -1992.45 140.786 2460 -2056.39 127.811 2460 -2048.44 88.609 2460 -1984.5 101.583 2460 -1992.45 140.786
  poly 1: 2500 -1965.48 146.597 2500 -2029.42 133.623 2500 -2021.47 94.4202 2500 -1957.53 107.395 2500 -1965.48 146.597
  poly 2: 2460 -2248.21 88.8884 2460 -2312.16 75.914 2460 -2304.2 36.7115 2460 -2240.26 49.6859 2460 -2248.21 88.8884
  poly 3: 2500 -2221.25 94.6996 2500 -2285.19 81.7252 2500 -2277.23 42.5228 2500 -2213.29 55.4971 2500 -2221.25 94.6996
  poly 4: 2460 -1945.73 -196.674 2460 -2015.51 -210.834 2460 -2007.55 -250.036 2460 -1937.77 -235.877 2460 -1945.73 -196.674
  poly 5: 2500 -1918.76 -190.863 2500 -1988.54 -205.022 2500 -1980.59 -244.225 2500 -1910.81 -230.065 2500 -1918.76 -190.863
  poly 6: 2460 -2224.85 -253.312 2460 -2294.63 -267.472 2460 -2286.68 -306.674 2460 -2216.9 -292.515 2460 -2224.85 -253.312
  poly 7: 2500 -2197.88 -247.501 2500 -2267.67 -261.66 2500 -2259.71 -300.863 2500 -2189.93 -286.703 2500 -2197.88 -247.501
  poly 8: 2460 -2500 3815.71 2460 -1919.39 101.311 2460 -1879.25 121.771 2460 -1861.63 9.0202 2460 -1906.1 16.2536 2460 -1888.47 -96.4973 2460 -1848.33 -76.0376 2460 -1830.71 -188.789 2460 -1875.18 -181.555 2460 -1859.6 -281.238 2460 -2500 -411.184 2460 -2500 99.0228 2460 -2500 3815.71
  poly 9: 2500 -2500 3716.74 2500 -1934.49 98.9507 2500 -1894.35 119.411 2500 -1876.73 6.65954 2500 -1921.2 13.893 2500 -1903.57 -98.858 2500 -1863.43 -78.3982 2500 -1845.81 -191.149 2500 -1890.28 -183.916 2500 -1874.64 -283.952 2500 -2500 -410.845 2500 -2500 99.3618 2500 -2500 3716.74
element 63
  poly 0: 1303.45 -1492.56 232.419 1448.04 -1546.95 222.608 1447.73 -1540.65 183.067 1303.14 -1486.26 192.878 1303.45 -1492.56 232.419
  poly 1: 1329.76 -1460.44 239.158 1474.35 -1514.83 229.347 1474.03 -1508.53 189.806 1329.45 -1454.14 199.617 1329.76 -1460.44 239.158
  poly 2: 1881.8 -1710.12 193.175 2026.39 -1764.51 183.364 2026.08 -1758.21 143.823 1881.49 -1703.82 153.634 1881.8 -1710.12 193.175
  poly 3: 1908.11 -1678.01 199.914 2052.7 -1732.4 190.103 2052.39 -1726.09 150.562 1907.8 -1671.7 160.373 1908.11 -1678.01 199.914
  poly 4: 1305.54 -1440.78 -103.998 1449.87 -1495.07 -113.791 1449.55 -1488.77 -153.332 1305.23 -1434.48 -143.538 1305.54 -1440.78 -103.998
  poly 5: 1331.85 -1408.67 -97.2589 1476.17 -1462.96 -107.052 1475.86 -1456.66 -146.593 1331.53 -1402.36 -136.799 1331.85 -1408.67 -97.2589
  poly 6: 1882.85 -1657.95 -143.171 2027.17 -1712.24 -152.964 2026.86 -1705.94 -192.505 1882.53 -1651.64 -182.712 1882.85 -1657.95 -143.171
  poly 7: 1909.15 -1625.83 -136.432 2053.48 -1680.13 -146.225 2053.17 -1673.82 -185.766 1908.84 -1619.53 -175.973 1909.15 -1625.83 -136.432
  poly 8: 2500 28087.5 -191965 1161.61 -1371.18 -193.136 2500 -1874.64 -283.952 2500 -1890.28 -183.916 2460 -1875.18 -181.555 2460 -1888.47 -96.4973 2500 -1903.57 -98.858 2500 -1921.2 13.893 2460 -1906.1 16.2536 2460 -1919.39 101.311 2500 -1934.49 98.9507 2460.01 -1936.9 213.283 2500 28087.5 -191965
  poly 9: 2500 28310.9 -193117 1153.5 -1326.12 -184.062 2500 -1832.63 -275.428 2500 -1845.81 -191.149 2460 -1830.71 -188.789 2460 -1848.33 -76.0376 2500 -1863.43 -78.3982 2500 -1876.73 6.65954 2460 -1861.63 9.0202 2460 -1879.25 121.771 2500 -1894.35 119.411 2500 -1909.93 219.094 2500 28310.9 -193117
element 64
  poly 0: 2460 -7652.12 -470.641 1293.54 -1072.41 232.825 1258.1 -1101.57 229.691 1244.06 -1022.41 238.154 1279.51 -993.253 241.288 1237.41 -755.778 266.678 1201.96 -784.935 263.543 1187.93 -705.777 272.007 1223.38 -676.619 275.141 1195.31 -518.302 292.067 1176.5 -412.189 303.413 1318.65 -468.808 297.415 1353.79 -439.906 300.522 1496.41 -496.713 294.505 1461.28 -525.615 291.398 1889.15 -696.035 273.346 1924.28 -667.133 276.453 2066.91 -723.939 270.436 2031.77 -752.842 267.328 2317.02 -866.455 255.294 2460 -923.405 249.261 2460 -1029.22 237.94 2500 -1002.24 240.844 2500 -1109.1 229.411 2460 -1136.08 226.507 2460 -1456.66 192.209 2500 -1429.67 195.113 2500 -1536.53 183.68 2460 -1563.52 180.776 2460 -1777.23 157.91 2460 -1883.13 146.581 2460 -7652.12 -470.641
  poly 1: 2460 -7655.41 -430.766 1293.71 -1076.63 272.602 1258.26 -1105.79 269.467 1244.23 -1026.63 277.93 1279.68 -997.476 281.065 1237.58 -760.001 306.454 1202.13 -789.159 303.32 1188.09 -710 311.783 1223.54 -680.843 314.918 1195.48 -522.526 331.844 1176.28 -414.238 343.421 1319.37 -471.232 337.384 1354.51 -442.33 340.491 1497.13 -499.137 334.474 1462 -528.039 331.367 1889.87 -698.459 313.315 1925 -669.557 316.422 2067.63 -726.363 310.405 2032.49 -755.266 307.298 2317.74 -868.879 295.263 2460 -925.542 289.261 2460 -1033.48 277.713 2500 -1006.49 280.617 2500 -1113.35 269.184 2460 -1140.34 266.28 2460 -1460.91 231.982 2500 -1433.93 234.886 2500 -1540.79 223.453 2460 -1567.77 220.549 2460 -1781.49 197.683 2460 -1889.31 186.147 2460 -7655.41 -430.766
element 65
  poly 0: 2460 -7624.09 -809.583 1290.13 -1025.13 -104.058 1254.68 -1054.28 -107.192 1241.31 -978.858 -99.1282 1276.76 -949.701 -95.9936 1236.64 -723.427 -71.8016 1201.2 -752.584 -74.9362 1187.83 -677.16 -66.8722 1223.27 -648.002 -63.7377 1196.53 -497.153 -47.6097 1178.38 -394.773 -36.6638 1320.32 -451.309 -42.6525 1355.46 -422.407 -39.5453 1497.88 -479.13 -45.5538 1462.74 -508.032 -48.661 1889.98 -678.203 -66.6865 1925.12 -649.3 -63.5794 2067.53 -706.024 -69.5879 2032.4 -734.926 -72.695 2317.23 -848.373 -84.712 2460 -905.24 -90.7357 2460 -1007.23 -101.648 2500 -980.251 -98.7442 2500 -1083.29 -109.768 2460 -1110.27 -112.672 2460 -1419.38 -145.743 2500 -1392.4 -142.839 2500 -1495.43 -153.863 2460 -1522.41 -156.767 2460 -1728.49 -178.815 2460 -1830.56 -189.735 2460 -7624.09 -809.583
  poly 1: 2460 -7627.39 -769.708 1290.29 -1029.35 -64.2812 1254.85 -1058.51 -67.4157 1241.48 -983.082 -59.3517 1276.92 -953.924 -56.2172 1236.81 -727.65 -32.0252 1201.36 -756.808 -35.1598 1187.99 -681.383 -27.0958 1223.44 -652.225 -23.9612 1196.69 -501.376 -7.83318 1178.16 -396.822 3.34516 1321.04 -453.733 -2.68322 1356.18 -424.831 0.423897 1498.6 -481.554 -5.58461 1463.46 -510.457 -8.69173 1890.7 -680.627 -26.7173 1925.84 -651.725 -23.6101 2068.25 -708.448 -29.6186 2033.12 -737.35 -32.7258 2317.95 -850.797 -44.7428 2460 -907.377 -50.7361 2460 -1011.49 -61.8751 2500 -984.507 -58.9712 2500 -1087.54 -69.995 2460 -1114.53 -72.8989 2460 -1423.63 -105.97 2500 -1396.65 -103.066 2500 -1499.69 -114.09 2460 -1526.67 -116.994 2460 -1732.74 -139.042 2460 -1836.74 -150.168 2460 -7627.39 -769.708
element 66
  poly 0: 2460 -1033.48 277.713 2460 -1140.34 266.28 2460 -1136.08 226.507 2460 -1029.22 237.94 2460 -1033.48 277.713
  poly 1: 2500 -1006.49 280.617 2500 -1113.35 269.184 2500 -1109.1 229.411 2500 -1002.24 240.844 2500 -1006.49 280.617
  poly 2: 2460 -1460.91 231.982 2460 -1567.77 220.549 2460 -1563.52 180.776 2460 -1456.66 192.209 2460 -1460.91 231.982
  poly 3: 2500 -1433.93 234.886 2500 -1540.79 223.453 2500 -1536.53 183.68 2500 -1429.67 195.113 2500 -1433.93 234.886
  poly 4: 2460 -1011.49 -61.8751 2460 -1114.53 -72.8989 2460 -1110.27 -112.672 2460 -1007.23 -101.648 2460 -1011.49 -61.8751
  poly 5: 2500 -984.507 -58.9712 2500 -1087.54 -69.995 2500 -1083.29 -109.768 2500 -980.251 -98.7442 2500 -984.507 -58.9712
  poly 6: 2460 -1423.63 -105.97 2460 -1526.67 -116.994 2460 -1522.41 -156.767 2460 -1419.38 -145.743 2460 -1423.63 -105.97
  poly 7: 2500 -1396.65 -103.066 2500 -1499.69 -114.09 2500 -1495.43 -153.863 2500 -1392.4 -142.839 2500 -1396.65 -103.066
  poly 8: 2460 -416.698 -9234.81 2460 -922.696 235.99 2460 -880.424 252.288 2460 -874.334 138.289 2460 -918.101 149.99 2460 -912.011 35.9914 2460 -869.739 52.2897 2460 -863.648 -61.7092 2460 -907.416 -50.0078 2460 -902.034 -150.735 2460 -1821.28 -249.085 2460 -1898.59 245.497 2460 -416.698 -9234.81
  poly 9: 2500 -433.006 -9229.46 2500 -938.672 235.136 2500 -896.401 251.434 2500 -890.31 137.435 2500 -934.078 149.137 2500 -927.987 35.1378 2500 -885.715 51.4361 2500 -879.625 -62.5628 2500 -923.392 -50.8613 2500 -917.966 -152.423 2500 -1836.5 -250.696 2500 -1913.81 243.886 2500 -433.006 -9229.46
element 67
  poly 0: 1319.37 -471.232 337.384 1462 -528.039 331.367 1461.28 -525.615 291.398 1318.65 -468.808 297.415 1319.37 -471.232 337.384
  poly 1: 1354.51 -442.33 340.491 1497.13 -499.137 334.474 1496.41 -496.713 294.505 1353.79 -439.906 300.522 1354.51 -442.33 340.491
  poly 2: 1889.87 -698.459 313.315 2032.49 -755.266 307.298 2031.77 -752.842 267.328 1889.15 -696.035 273.346 1889.87 -698.459 313.315
  poly 3: 1925 -669.557 316.422 2067.63 -726.363 310.405 2066.91 -723.939 270.436 1924.28 -667.133 276.453 1925 -669.557 316.422
  poly 4: 1321.04 -453.733 -2.68322 1463.46 -510.457 -8.69173 1462.74 -508.032 -48.661 1320.32 -451.309 -42.6525 1321.04 -453.733 -2.68322
  poly 5: 1356.18 -424.831 0.423897 1498.6 -481.554 -5.58461 1497.88 -479.13 -45.5538 1355.46 -422.407 -39.5453 1356.18 -424.831 0.423897
  poly 6: 1890.7 -680.627 -26.7173 2033.12 -737.35 -32.7258 2032.4 -734.926 -72.695 1889.98 -678.203 -66.6865 1890.7 -680.627 -26.7173
  poly 7: 1925.84 -651.725 -23.6101 2068.25 -708.448 -29.6186 2067.53 -706.024 -69.5879 1925.12 -649.3 -63.5794 1925.84 -651.725 -23.6101
  poly 8: 2500 11844 -239018 1178.71 -391.7 -96.6773 2500 -917.966 -152.423 2500 -923.392 -50.8613 2460 -907.416 -50.0078 2460 -912.011 35.9914 2500 -927.987 35.1378 2500 -934.078 149.137 2460 -918.101 149.99 2460 -922.696 235.99 2500 -938.672 235.136 2460.02 -928.754 349.26 2500 11844 -239018
  poly 9: 2500 11965.9 -240493 1170.53 -345.543 -91.7425 2500 -875.069 -147.833 2500 -879.625 -62.5628 2460 -863.648 -61.7092 2460 -869.739 52.2897 2500 -885.715 51.4361 2500 -890.31 137.435 2460 -874.334 138.289 2460 -880.424 252.288 2500 -896.401 251.434 2500 -901.782 352.162 2500 11965.9 -240493
element 68
  poly 0: 2460 -6611.06 287.253 1299.83 -29.2915 287.253 1264.31 -58.2283 287.253 1248.3 32.5863 287.253 1283.82 61.5231 287.253 1235.8 333.967 287.253 1200.28 305.03 287.253 1184.27 395.845 287.253 1219.79 424.781 287.253 1187.77 606.411 287.253 1166.95 724.524 287.253 1310.16 667.161 287.253 1345.66 696.084 287.253 1489.34 638.531 287.253 1453.84 609.608 287.253 1884.9 436.949 287.253 1920.4 465.872 287.253 2064.08 408.319 287.253 2028.58 379.396 287.253 2315.95 264.29 287.253 2460 206.588 287.253 2460 86.4161 287.253 2500 113.557 287.253 2500 -7.66506 287.253 2460 -34.8061 287.253 2460 -398.472 287.253 2500 -371.331 287.253 2500 -492.554 287.253 2460 -519.695 287.253 2460 -762.139 287.253 2460 -882.292 287.253 2460 -6611.06 287.253
  poly 1: 2460 -6610.05 327.253 1300 -29.261 327.253 1264.49 -58.1978 327.253 1248.48 32.6168 327.253 1283.99 61.5536 327.253 1235.97 333.997 327.253 1200.45 305.061 327.253 1184.45 395.875 327.253 1219.96 424.812 327.253 1187.95 606.441 327.253 1166.74 726.75 327.253 1310.9 669.006 327.253 1346.4 697.929 327.253 1490.08 640.376 327.253 1454.58 611.453 327.253 1885.63 438.793 327.253 1921.13 467.716 327.253 2064.82 410.163 327.253 2029.32 381.24 327.253 2316.69 266.134 327.253 2460 208.729 327.253 2460 86.4161 327.253 2500 113.557 327.253 2500 -7.66506 327.253 2460 -34.8061 327.253 2460 -398.472 327.253 2500 -371.331 327.253 2500 -492.554 327.253 2460 -519.695 327.253 2460 -762.139 327.253 2460 -884.429 327.253 2460 -6610.05 327.253
element 69
  poly 0: 2460 -6619.67 -52.7469 1296.11 -16.8169 -52.7469 1260.6 -45.7537 -52.7469 1245.28 41.1364 -52.7469 1280.8 70.0732 -52.7469 1234.85 330.744 -52.7469 1199.33 301.807 -52.7469 1184.01 388.697 -52.7469 1219.53 417.634 -52.7469 1188.9 591.414 -52.7469 1168.77 705.603 -52.7469 1311.78 648.321 -52.7469 1347.28 677.244 -52.7469 1490.76 619.772 -52.7469 1455.26 590.849 -52.7469 1885.7 418.432 -52.7469 1921.2 447.355 -52.7469 2064.68 389.883 -52.7469 2029.19 360.96 -52.7469 2316.15 246.015 -52.7469 2460 188.395 -52.7469 2460 72.2625 -52.7469 2500 99.4035 -52.7469 2500 -17.7788 -52.7469 2460 -44.9198 -52.7469 2460 -396.467 -52.7469 2500 -369.326 -52.7469 2500 -486.508 -52.7469 2460 -513.649 -52.7469 2460 -748.013 -52.7469 2460 -864.127 -52.7469 2460 -6619.67 -52.7469
  poly 1: 2460 -6618.66 -12.7469 1296.28 -16.7863 -12.7469 1260.77 -45.7231 -12.7469 1245.45 41.167 -12.7469 1280.97 70.1038 -12.7469 1235.02 330.774 -12.7469 1199.5 301.837 -12.7469 1184.19 388.727 -12.7469 1219.7 417.664 -12.7469 1189.07 591.445 -12.7469 1168.56 707.829 -12.7469 1312.51 650.166 -12.7469 1348.01 679.089 -12.7469 1491.5 621.616 -12.7469 1456 592.693 -12.7469 1886.44 420.277 -12.7469 1921.94 449.2 -12.7469 2065.42 391.727 -12.7469 2029.92 362.804 -12.7469 2316.89 247.86 -12.7469 2460 190.535 -12.7469 2460 72.2625 -12.7469 2500 99.4035 -12.7469 2500 -17.7788 -12.7469 2460 -44.9198 -12.7469 2460 -396.467 -12.7469 2500 -369.326 -12.7469 2500 -486.508 -12.7469 2460 -513.649 -12.7469 2460 -748.013 -12.7469 2460 -866.264 -12.7469 2460 -6618.66 -12.7469
element 70
  poly 0: 2460 86.4161 327.253 2460 -34.8061 327.253 2460 -34.8061 287.253 2460 86.4161 287.253 2460 86.4161 327.253
  poly 1: 2500 113.557 327.253 2500 -7.66506 327.253 2500 -7.66506 287.253 2500 113.557 287.253 2500 113.557 327.253
  poly 2: 2460 -398.472 327.253 2460 -519.695 327.253 2460 -519.695 287.253 2460 -398.472 287.253 2460 -398.472 327.253
  poly 3: 2500 -371.331 327.253 2500 -492.554 327.253 2500 -492.554 287.253 2500 -371.331 287.253 2500 -371.331 327.253
  poly 4: 2460 72.2625 -12.7469 2460 -44.9198 -12.7469 2460 -44.9198 -52.7469 2460 72.2625 -52.7469 2460 72.2625 -12.7469
  poly 5: 2500 99.4035 -12.7469 2500 -17.7788 -12.7469 2500 -17.7788 -52.7469 2500 99.4035 -52.7469 2500 99.4035 -12.7469
  poly 6: 2460 -396.467 -12.7469 2460 -513.649 -12.7469 2460 -513.649 -52.7469 2460 -396.467 -52.7469 2460 -396.467 -12.7469
  poly 7: 2500 -369.326 -12.7469 2500 -486.508 -12.7469 2500 -486.508 -52.7469 2500 -369.326 -52.7469 2500 -369.326 -12.7469
  poly 8: 2460 -338.274 -9895.18 2460 205.878 273.976 2460 249.647 285.674 2460 243.547 171.674 2460 201.276 187.976 2460 195.176 73.9763 2460 238.945 85.6743 2460 232.845 -28.3256 2460 190.574 -12.0236 2460 185.184 -112.747 2460 -860.921 -112.747 2460 -887.635 387.253 2460 -338.274 -9895.18
  poly 9: 2500 -354.296 -9895.18 2500 189.902 274.831 2500 233.67 286.529 2500 227.57 172.529 2500 185.3 188.831 2500 179.2 74.8312 2500 222.968 86.5292 2500 216.868 -27.4707 2500 174.598 -11.1687 2500 169.162 -112.747 2500 -876.944 -112.747 2500 -903.657 387.253 2500 -354.296 -9895.18
element 71
  poly 0: 1310.9 669.006 327.253 1454.58 611.453 327.253 1453.84 609.608 287.253 1310.16 667.161 287.253 1310.9 669.006 327.253
  poly 1: 1346.4 697.929 327.253 1490.08 640.376 327.253 1489.34 638.531 287.253 1345.66 696.084 287.253 1346.4 697.929 327.253
  poly 2: 1885.63 438.793 327.253 2029.32 381.24 327.253 2028.58 379.396 287.253 1884.9 436.949 287.253 1885.63 438.793 327.253
  poly 3: 1921.13 467.716 327.253 2064.82 410.163 327.253 2064.08 408.319 287.253 1920.4 465.872 287.253 1921.13 467.716 327.253
  poly 4: 1312.51 650.166 -12.7469 1456 592.693 -12.7469 1455.26 590.849 -52.7469 1311.78 648.321 -52.7469 1312.51 650.166 -12.7469
  poly 5: 1348.01 679.089 -12.7469 1491.5 621.616 -12.7469 1490.76 619.772 -52.7469 1347.28 677.244 -52.7469 1348.01 679.089 -12.7469
  poly 6: 1886.44 420.277 -12.7469 2029.92 362.804 -12.7469 2029.19 360.96 -52.7469 1885.7 418.432 -52.7469 1886.44 420.277 -12.7469
  poly 7: 1921.94 449.2 -12.7469 2065.42 391.727 -12.7469 2064.68 389.883 -52.7469 1921.2 447.355 -52.7469 1921.94 449.2 -12.7469
  poly 8: 2500 -13160 -249210 1169.09 702.264 -112.747 2500 169.162 -112.747 2500 174.598 -11.1687 2460 190.574 -12.0236 2460 195.176 73.9763 2500 179.2 74.8312 2500 185.3 188.831 2460 201.276 187.976 2460 205.878 273.976 2500 189.902 274.831 2460.02 211.932 387.253 2500 -13160 -249210
  poly 9: 2500 -13198.9 -250742 1160.91 748.684 -112.747 2500 212.305 -112.747 2500 216.868 -27.4707 2460 232.845 -28.3256 2460 238.945 85.6743 2500 222.968 86.5292 2500 227.57 172.529 2460 243.547 171.674 2460 249.647 285.674 2500 233.67 286.529 2500 239.06 387.253 2500 -13198.9 -250742
element 72
  poly 0: 2460 -5498.7 938.163 1293.01 1083.87 231.674 1257.5 1055.1 234.761 1243.66 1133.18 226.381 1279.17 1161.95 223.294 1237.65 1396.19 198.154 1202.13 1367.42 201.242 1188.29 1445.49 192.862 1223.8 1474.26 189.774 1196.12 1630.42 173.014 1177.45 1735.75 161.709 1319.54 1678.57 167.847 1354.96 1707.26 164.767 1497.47 1649.9 170.923 1462.05 1621.21 174.003 1889.6 1449.14 192.471 1925.02 1477.83 189.391 2067.54 1420.47 195.547 2032.12 1391.78 198.627 2317.15 1277.06 210.939 2460 1219.57 217.109 2460 1112.73 228.576 2500 1139.6 225.693 2500 1031.82 237.261 2460 1004.95 240.144 2460 681.604 274.848 2500 708.469 271.965 2500 600.687 283.533 2460 573.821 286.416 2460 358.256 309.552 2460 251.537 321.006 2460 -5498.7 938.163
  poly 1: 2460 -5493.43 977.828 1293.18 1088.17 271.442 1257.67 1059.4 274.53 1243.83 1137.48 266.15 1279.34 1166.25 263.062 1237.82 1400.48 237.922 1202.3 1371.71 241.01 1188.46 1449.79 232.63 1223.97 1478.56 229.542 1196.29 1634.72 212.782 1177.27 1742.01 201.267 1320.21 1684.48 207.441 1355.63 1713.18 204.362 1498.15 1655.82 210.518 1462.72 1627.13 213.597 1890.27 1455.05 232.065 1925.69 1483.75 228.986 2068.21 1426.39 235.142 2032.79 1397.7 238.221 2317.82 1282.98 250.533 2460 1225.76 256.675 2460 1117 268.347 2500 1143.87 265.464 2500 1036.09 277.032 2460 1009.22 279.916 2460 685.872 314.62 2500 712.738 311.736 2500 604.955 323.304 2460 578.09 326.188 2460 362.524 349.324 2460 253.678 361.006 2460 -5493.43 977.828
element 73
  poly 0: 2460 -5543.42 601.011 1289.27 1060.23 -107.742 1253.76 1031.46 -104.654 1240.57 1105.85 -112.637 1276.09 1134.62 -115.725 1236.53 1357.76 -139.675 1201.01 1328.99 -136.587 1187.82 1403.38 -144.571 1223.34 1432.15 -147.658 1196.97 1580.91 -163.625 1178.95 1682.55 -174.533 1320.87 1625.43 -168.403 1356.29 1654.12 -171.482 1498.64 1596.83 -165.334 1463.22 1568.14 -162.254 1890.27 1396.27 -143.808 1925.69 1424.96 -146.887 2068.04 1367.67 -140.738 2032.62 1338.98 -137.659 2317.32 1224.4 -125.361 2460 1166.97 -119.198 2460 1063.96 -108.142 2500 1090.82 -111.025 2500 986.863 -99.8673 2460 959.997 -96.9839 2460 648.118 -63.5108 2500 674.984 -66.3942 2500 571.024 -55.2364 2460 544.159 -52.353 2460 336.239 -30.0376 2460 233.344 -18.9941 2460 -5543.42 601.011
  poly 1: 2460 -5538.16 640.676 1289.45 1064.53 -67.9736 1253.93 1035.76 -64.8858 1240.74 1110.14 -72.8691 1276.26 1138.91 -75.9569 1236.7 1362.06 -99.9067 1201.18 1333.29 -96.8189 1187.99 1407.67 -104.802 1223.51 1436.44 -107.89 1197.14 1585.21 -123.857 1178.77 1688.81 -134.975 1321.54 1631.35 -128.808 1356.97 1660.04 -131.888 1499.32 1602.75 -125.739 1463.89 1574.06 -122.659 1890.94 1402.19 -104.213 1926.36 1430.88 -107.293 2068.71 1373.59 -101.144 2033.29 1344.9 -98.0643 2317.99 1230.32 -85.7667 2460 1173.16 -79.6324 2460 1068.23 -68.37 2500 1095.09 -71.2534 2500 991.132 -60.0957 2460 964.266 -57.2123 2460 652.387 -23.7392 2500 679.253 -26.6226 2500 575.293 -15.4649 2460 548.427 -12.5815 2460 340.508 9.73397 2460 235.484 21.0059 2460 -5538.16 640.676
element 74
  poly 0: 2460 1117 268.347 2460 1009.22 279.916 2460 1004.95 240.144 2460 1112.73 228.576 2460 1117 268.347
  poly 1: 2500 1143.87 265.464 2500 1036.09 277.032 2500 1031.82 237.261 2500 1139.6 225.693 2500 1143.87 265.464
  poly 2: 2460 685.872 314.62 2460 578.09 326.188 2460 573.821 286.416 2460 681.604 274.848 2460 685.872 314.62
  poly 3: 2500 712.738 311.736 2500 604.955 323.304 2500 600.687 283.533 2500 708.469 271.965 2500 712.738 311.736
  poly 4: 2460 1068.23 -68.37 2460 964.266 -57.2123 2460 959.997 -96.9839 2460 1063.96 -108.142 2460 1068.23 -68.37
  poly 5: 2500 1095.09 -71.2534 2500 991.132 -60.0957 2500 986.863 -99.8673 2500 1090.82 -111.025 2500 1095.09 -71.2534
  poly 6: 2460 652.387 -23.7392 2460 548.427 -12.5815 2460 544.159 -52.353 2460 648.118 -63.5108 2460 652.387 -23.7392
  poly 7: 2500 679.253 -26.6226 2500 575.293 -15.4649 2500 571.024 -55.2364 2500 674.984 -66.3942 2500 679.253 -26.6226
  poly 8: 2460 -260.335 -9244.9 2460 1217.51 203.904 2460 1262.3 211.085 2460 1244.66 98.3232 2460 1204.2 118.838 2460 1186.57 6.07651 2460 1231.36 13.2573 2460 1213.72 -99.5045 2460 1173.26 -78.9894 2460 1157.69 -178.546 2460 230.133 -78.9941 2460 256.888 421.006 2460 -260.335 -9244.9
  poly 9: 2500 -276.177 -9241.53 2500 1201.53 206.403 2500 1246.32 213.584 2500 1228.69 100.822 2500 1188.22 121.337 2500 1170.59 8.57554 2500 1215.38 15.7563 2500 1197.74 -97.0054 2500 1157.28 -76.4904 2500 1141.59 -176.818 2500 214.203 -77.2843 2500 240.958 422.716 2500 -276.177 -9241.53
element 75
  poly 0: 1320.21 1684.48 207.441 1462.72 1627.13 213.597 1462.05 1621.21 174.003 1319.54 1678.57 167.847 1320.21 1684.48 207.441
  poly 1: 1355.63 1713.18 204.362 1498.15 1655.82 210.518 1497.47 1649.9 170.923 1354.96 1707.26 164.767 1355.63 1713.18 204.362
  poly 2: 1890.27 1455.05 232.065 2032.79 1397.7 238.221 2032.12 1391.78 198.627 1889.6 1449.14 192.471 1890.27 1455.05 232.065
  poly 3: 1925.69 1483.75 228.986 2068.21 1426.39 235.142 2067.54 1420.47 195.547 1925.02 1477.83 189.391 1925.69 1483.75 228.986
  poly 4: 1321.54 1631.35 -128.808 1463.89 1574.06 -122.659 1463.22 1568.14 -162.254 1320.87 1625.43 -168.403 1321.54 1631.35 -128.808
  poly 5: 1356.97 1660.04 -131.888 1499.32 1602.75 -125.739 1498.64 1596.83 -165.334 1356.29 1654.12 -171.482 1356.97 1660.04 -131.888
  poly 6: 1890.94 1402.19 -104.213 2033.29 1344.9 -98.0643 2032.62 1338.98 -137.659 1890.27 1396.27 -143.808 1890.94 1402.19 -104.213
  poly 7: 1926.36 1430.88 -107.293 2068.71 1373.59 -101.144 2068.04 1367.67 -140.738 1925.69 1424.96 -146.887 1926.36 1430.88 -107.293
  poly 8: 2500 -45090.7 -295770 1179.21 1673.16 -233.87 2500 1141.59 -176.818 2500 1157.28 -76.4904 2460 1173.26 -78.9894 2460 1186.57 6.07651 2500 1170.59 8.57554 2500 1188.22 121.337 2460 1204.2 118.838 2460 1217.51 203.904 2500 1201.53 206.403 2460.01 1235.04 316.024 2500 -45090.7 -295770
  poly 9: 2500 -45334.8 -297610 1171.01 1719.41 -238.834 2500 1184.54 -181.428 2500 1197.74 -97.0054 2460 1213.72 -99.5045 2460 1231.36 13.2573 2500 1215.38 15.7563 2500 1228.69 100.822 2460 1244.66 98.3232 2460 1262.3 211.085 2500 1246.32 213.584 2500 1261.89 313.141 2500 -45334.8 -297610
element 76
  poly 0: 2460 -4543.7 1413.55 1273.61 2053.72 87.7596 1238.08 2025.53 93.7865 1229.66 2072.33 84.3809 1265.19 2100.52 78.354 1239.94 2240.94 50.1372 1204.41 2212.74 56.1641 1195.99 2259.55 46.7585 1231.53 2287.74 40.7316 1214.69 2381.35 21.9204 1200.55 2460 6.1153 1340.99 2460 4.86604 1391.4 2500 -3.68461 1531.26 2500 -4.92866 1480.84 2460 3.622 1900.4 2460 -0.11014 1950.82 2500 -8.66079 2090.67 2500 -9.90484 2040.26 2460 -1.35419 2319.96 2460 -3.84228 2460 2460 -5.08794 2460 2323.14 22.6337 2500 2363.82 14.0389 2500 2231.6 40.8196 2460 2190.93 49.4143 2460 1794.29 129.756 2500 1834.96 121.161 2500 1702.75 147.942 2460 1662.07 156.537 2460 1397.64 210.098 2460 1266.31 236.701 2460 -4543.7 1413.55
  poly 1: 2460 -4535.16 1452.63 1273.73 2061.62 126.972 1238.19 2033.43 132.999 1229.78 2080.23 123.593 1265.31 2108.43 117.566 1240.06 2248.84 89.3497 1204.53 2220.64 95.3766 1196.11 2267.45 85.971 1231.64 2295.64 79.9441 1214.81 2389.25 61.1329 1202.09 2460 46.9155 1341.35 2460 45.6767 1391.77 2500 37.126 1531.62 2500 35.882 1481.21 2460 44.4326 1900.77 2460 40.7005 1951.18 2500 32.1499 2091.03 2500 30.9058 2040.62 2460 39.4565 2320.33 2460 36.9684 2460 2460 35.7259 2460 2331.08 61.839 2500 2371.76 53.2443 2500 2239.54 80.0249 2460 2198.87 88.6196 2460 1802.23 168.961 2500 1842.9 160.367 2500 1710.69 187.147 2460 1670.01 195.742 2460 1405.58 249.303 2460 1272.49 276.262 2460 -4535.16 1452.63
element 77
  poly 0: 2460 -4616.31 1081.34 1269.17 2005.79 -249.411 1233.64 1977.6 -243.384 1224.14 2030.39 -253.993 1259.68 2058.59 -260.02 1231.19 2216.97 -291.849 1195.66 2188.78 -285.822 1186.17 2241.57 -296.431 1221.7 2269.77 -302.458 1202.71 2375.36 -323.677 1187.49 2460 -340.686 1329.38 2460 -341.949 1379.8 2500 -350.499 1521.1 2500 -351.756 1470.69 2460 -343.206 1894.6 2460 -346.976 1945.01 2500 -355.527 2086.32 2500 -356.784 2035.91 2460 -348.233 2318.51 2460 -350.747 2460 2460 -352.006 2460 2317.3 -323.101 2500 2357.97 -331.695 2500 2219.91 -303.731 2460 2179.24 -295.136 2460 1765.07 -211.243 2500 1805.74 -219.838 2500 1667.68 -191.874 2460 1627.01 -183.279 2460 1350.89 -127.35 2460 1213.71 -99.5638 2460 -4616.31 1081.34
  poly 1: 2460 -4607.77 1120.42 1269.29 2013.69 -210.198 1233.75 1985.5 -204.171 1224.26 2038.29 -214.781 1259.79 2066.49 -220.808 1231.31 2224.87 -252.636 1195.78 2196.68 -246.609 1186.28 2249.48 -257.219 1221.82 2277.67 -263.246 1202.83 2383.26 -284.465 1189.03 2460 -299.886 1329.75 2460 -301.138 1380.16 2500 -309.689 1521.46 2500 -310.946 1471.05 2460 -302.395 1894.96 2460 -306.166 1945.38 2500 -314.716 2086.68 2500 -315.973 2036.27 2460 -307.423 2318.88 2460 -309.937 2460 2460 -311.192 2460 2325.24 -283.895 2500 2365.91 -292.49 2500 2227.86 -264.526 2460 2187.18 -255.931 2460 1773.01 -172.038 2500 1813.68 -180.633 2500 1675.62 -152.668 2460 1634.95 -144.074 2460 1358.83 -88.1452 2460 1219.9 -60.0032 2460 -4607.77 1120.42
element 78
  poly 0: 2460 2331.08 61.839 2460 2198.87 88.6196 2460 2190.93 49.4143 2460 2323.14 22.6337 2460 2331.08 61.839
  poly 1: 2500 2371.76 53.2443 2500 2239.54 80.0249 2500 2231.6 40.8196 2500 2363.82 14.0389 2500 2371.76 53.2443
  poly 2: 2460 1802.23 168.961 2460 1670.01 195.742 2460 1662.07 156.537 2460 1794.29 129.756 2460 1802.23 168.961
  poly 3: 2500 1842.9 160.367 2500 1710.69 187.147 2500 1702.75 147.942 2500 1834.96 121.161 2500 1842.9 160.367
  poly 4: 2460 2325.24 -283.895 2460 2187.18 -255.931 2460 2179.24 -295.136 2460 2317.3 -323.101 2460 2325.24 -283.895
  poly 5: 2500 2365.91 -292.49 2500 2227.86 -264.526 2500 2219.91 -303.731 2500 2357.97 -331.695 2500 2365.91 -292.49
  poly 6: 2460 1773.01 -172.038 2460 1634.95 -144.074 2460 1627.01 -183.279 2460 1765.07 -211.243 2460 1773.01 -172.038
  poly 7: 2500 1813.68 -180.633 2500 1675.62 -152.668 2500 1667.68 -191.874 2500 1805.74 -219.838 2500 1813.68 -180.633
  poly 8: 2460 2460 7868.77 2460 2460 -23.5885 2460 2500 -9.30564 2460 2500 -125.609 2460 2460 -111.326 2460 2460 -227.629 2460 2500 -213.347 2460 2500 -329.65 2460 2460 -315.367 2460 2460 -413.227 2460 1204.43 -158.905 2460 1281.78 335.602 2460 2460 7868.77
  poly 9: 2500 2460 7973.42 2500 2460 -23.5885 2500 2500 -9.30564 2500 2500 -125.609 2500 2460 -111.326 2500 2460 -227.629 2500 2500 -213.347 2500 2500 -329.65 2500 2460 -315.367 2500 2460 -413.583 2500 1188.51 -156.036 2500 1265.85 338.471 2500 2460 7973.42
element 79
  poly 0: 1341.35 2460 45.6767 1481.21 2460 44.4326 1480.84 2460 3.622 1340.99 2460 4.86604 1341.35 2460 45.6767
  poly 1: 1391.77 2500 37.126 1531.62 2500 35.882 1531.26 2500 -4.92866 1391.4 2500 -3.68461 1391.77 2500 37.126
  poly 2: 1900.77 2460 40.7005 2040.62 2460 39.4565 2040.26 2460 -1.35419 1900.4 2460 -0.11014 1900.77 2460 40.7005
  poly 3: 1951.18 2500 32.1499 2091.03 2500 30.9058 2090.67 2500 -9.90484 1950.82 2500 -8.66079 1951.18 2500 32.1499
  poly 4: 1329.75 2460 -301.138 1471.05 2460 -302.395 1470.69 2460 -343.206 1329.38 2460 -341.949 1329.75 2460 -301.138
  poly 5: 1380.16 2500 -309.689 1521.46 2500 -310.946 1521.1 2500 -351.756 1379.8 2500 -350.499 1380.16 2500 -309.689
  poly 6: 1894.96 2460 -306.166 2036.27 2460 -307.423 2035.91 2460 -348.233 1894.6 2460 -346.976 1894.96 2460 -306.166
  poly 7: 1945.38 2500 -314.716 2086.68 2500 -315.973 2086.32 2500 -356.784 1945.01 2500 -355.527 1945.38 2500 -314.716
  poly 8: 2500 2460 34518.1 1185.19 2460 -401.887 2500 2460 -413.583 2500 2460 -315.367 2460 2460 -315.367 2460 2460 -227.629 2500 2460 -227.629 2500 2460 -111.326 2460 2460 -111.326 2460 2460 -23.5885 2500 2460 -23.5885 2460.66 2460 96.9408 2500 2460 34518.1
  poly 9: 2500 2500 34701.1 1177.99 2500 -409.925 2500 2500 -421.685 2500 2500 -329.65 2460 2500 -329.65 2460 2500 -213.347 2500 2500 -213.347 2500 2500 -125.609 2460 2500 -125.609 2460 2500 -9.30564 2500 2500 -9.30564 2500 2500 88.4887 2500 2500 34701.1
