# wood joints after construct_joint_by_index
# count=178
joint 0 type=30 v0=0 v1=1 f0_0=3 f1_0=5 name=cr_c_ip_0 orient=1 div=1 shift=0.5
  jv[0] pts=5 (-535.785,-529.321,-143.452) (-514.656,-540.747,-137.012) (-526.21,-520.239,-128.986) (-547.34,-508.813,-135.426) (-535.785,-529.321,-143.452)
  jv[1] pts=5 (-544.057,-538.339,-132.314) (-522.927,-549.765,-125.874) (-534.482,-529.257,-117.848) (-555.611,-517.831,-124.288) (-544.057,-538.339,-132.314)
  m[0][0] pts=5 (-522.074,-515.729,-134.555) (-543.204,-504.303,-140.995) (-551.475,-513.322,-129.857) (-530.346,-524.748,-123.417) (-522.074,-515.729,-134.555)
  m[0][1] pts=5 (-522.074,-515.729,-134.555) (-543.204,-504.303,-140.995) (-551.475,-513.322,-129.857) (-530.346,-524.748,-123.417) (-522.074,-515.729,-134.555)
  f[0][0] pts=5 (-559.747,-522.341,-118.719) (-548.193,-542.849,-126.745) (-539.921,-533.83,-137.883) (-551.475,-513.322,-129.857) (-559.747,-522.341,-118.719)
  f[0][1] pts=5 (-559.747,-522.341,-118.719) (-548.193,-542.849,-126.745) (-539.921,-533.83,-137.883) (-551.475,-513.322,-129.857) (-559.747,-522.341,-118.719)
  m[1][0] pts=5 (-510.52,-536.237,-142.58) (-531.65,-524.811,-149.02) (-539.921,-533.83,-137.883) (-518.791,-545.256,-131.443) (-510.52,-536.237,-142.58)
  m[1][1] pts=5 (-510.52,-536.237,-142.58) (-531.65,-524.811,-149.02) (-539.921,-533.83,-137.883) (-518.791,-545.256,-131.443) (-510.52,-536.237,-142.58)
  f[1][0] pts=5 (-538.617,-533.767,-112.279) (-527.063,-554.275,-120.305) (-518.791,-545.256,-131.443) (-530.346,-524.748,-123.417) (-538.617,-533.767,-112.279)
  f[1][1] pts=5 (-538.617,-533.767,-112.279) (-527.063,-554.275,-120.305) (-518.791,-545.256,-131.443) (-530.346,-524.748,-123.417) (-538.617,-533.767,-112.279)
joint 1 type=30 v0=0 v1=10 f0_0=5 f1_0=3 name=cr_c_ip_0 orient=1 div=1 shift=0.5
  jv[0] pts=5 (-578.43,-519.16,-143.389) (-593.792,-509.795,-149.143) (-586.109,-500.011,-134.929) (-570.747,-509.376,-129.176) (-578.43,-519.16,-143.389)
  jv[1] pts=5 (-568.963,-510.456,-154.499) (-584.325,-501.09,-160.252) (-576.641,-491.306,-146.039) (-561.279,-500.671,-140.285) (-568.963,-510.456,-154.499)
  m[0][0] pts=5 (-590.842,-504.363,-129.374) (-575.48,-513.728,-123.621) (-566.013,-505.024,-134.731) (-581.375,-495.658,-140.484) (-590.842,-504.363,-129.374)
  m[0][1] pts=5 (-590.842,-504.363,-129.374) (-575.48,-513.728,-123.621) (-566.013,-505.024,-134.731) (-581.375,-495.658,-140.484) (-590.842,-504.363,-129.374)
  f[0][0] pts=5 (-556.546,-496.319,-145.84) (-564.229,-506.103,-160.054) (-573.697,-514.808,-148.944) (-566.013,-505.024,-134.731) (-556.546,-496.319,-145.84)
  f[0][1] pts=5 (-556.546,-496.319,-145.84) (-564.229,-506.103,-160.054) (-573.697,-514.808,-148.944) (-566.013,-505.024,-134.731) (-556.546,-496.319,-145.84)
  m[1][0] pts=5 (-598.526,-514.147,-143.588) (-583.164,-523.512,-137.835) (-573.697,-514.808,-148.944) (-589.059,-505.443,-154.698) (-598.526,-514.147,-143.588)
  m[1][1] pts=5 (-598.526,-514.147,-143.588) (-583.164,-523.512,-137.835) (-573.697,-514.808,-148.944) (-589.059,-505.443,-154.698) (-598.526,-514.147,-143.588)
  f[1][0] pts=5 (-571.908,-486.954,-151.594) (-579.591,-496.738,-165.807) (-589.059,-505.443,-154.698) (-581.375,-495.658,-140.484) (-571.908,-486.954,-151.594)
  f[1][1] pts=5 (-571.908,-486.954,-151.594) (-579.591,-496.738,-165.807) (-589.059,-505.443,-154.698) (-581.375,-495.658,-140.484) (-571.908,-486.954,-151.594)
joint 2 type=30 v0=1 v1=10 f0_0=5 f1_0=5 name=cr_c_ip_0 orient=1 div=1 shift=0.5
  jv[0] pts=5 (-564.81,-501.774,-117.838) (-573.545,-484.08,-112.268) (-564.571,-472.882,-97.6236) (-555.836,-490.576,-103.193) (-564.81,-501.774,-117.838)
  jv[1] pts=5 (-555.621,-493.467,-129.821) (-564.356,-475.772,-124.251) (-555.383,-464.574,-109.607) (-546.647,-482.268,-115.176) (-555.621,-493.467,-129.821)
  m[0][0] pts=5 (-569.165,-477.036,-91.632) (-560.43,-494.73,-97.2012) (-551.242,-486.422,-109.184) (-559.977,-468.728,-103.615) (-569.165,-477.036,-91.632)
  m[0][1] pts=5 (-569.165,-477.036,-91.632) (-560.43,-494.73,-97.2012) (-551.242,-486.422,-109.184) (-559.977,-468.728,-103.615) (-569.165,-477.036,-91.632)
  f[0][0] pts=5 (-542.053,-478.114,-121.167) (-551.027,-489.313,-135.812) (-560.216,-497.62,-123.829) (-551.242,-486.422,-109.184) (-542.053,-478.114,-121.167)
  f[0][1] pts=5 (-542.053,-478.114,-121.167) (-551.027,-489.313,-135.812) (-560.216,-497.62,-123.829) (-551.242,-486.422,-109.184) (-542.053,-478.114,-121.167)
  m[1][0] pts=5 (-578.139,-488.234,-106.277) (-569.404,-505.928,-111.846) (-560.216,-497.62,-123.829) (-568.951,-479.926,-118.26) (-578.139,-488.234,-106.277)
  m[1][1] pts=5 (-578.139,-488.234,-106.277) (-569.404,-505.928,-111.846) (-560.216,-497.62,-123.829) (-568.951,-479.926,-118.26) (-578.139,-488.234,-106.277)
  f[1][0] pts=5 (-550.788,-460.42,-115.598) (-559.762,-471.618,-130.243) (-568.951,-479.926,-118.26) (-559.977,-468.728,-103.615) (-550.788,-460.42,-115.598)
  f[1][1] pts=5 (-550.788,-460.42,-115.598) (-559.762,-471.618,-130.243) (-568.951,-479.926,-118.26) (-559.977,-468.728,-103.615) (-550.788,-460.42,-115.598)
joint 3 type=30 v0=2 v1=12 f0_0=5 f1_0=3 name=cr_c_ip_0 orient=1 div=1 shift=0.5
  jv[0] pts=5 (-307.412,-623.645,-56.0341) (-296.179,-612.721,-43.0161) (-304.949,-596.728,-33.9448) (-316.181,-607.652,-46.9628) (-307.412,-623.645,-56.0341)
  jv[1] pts=5 (-303.257,-615.417,-66.5235) (-292.024,-604.493,-53.5055) (-300.794,-588.5,-44.4342) (-312.026,-599.424,-57.4522) (-303.257,-615.417,-66.5235)
  m[0][0] pts=5 (-307.026,-600.843,-28.7001) (-318.259,-611.766,-41.7181) (-314.104,-603.538,-52.2075) (-302.871,-592.614,-39.1895) (-307.026,-600.843,-28.7001)
  m[0][1] pts=5 (-307.026,-600.843,-28.7001) (-318.259,-611.766,-41.7181) (-314.104,-603.538,-52.2075) (-302.871,-592.614,-39.1895) (-307.026,-600.843,-28.7001)
  f[0][0] pts=5 (-309.949,-595.31,-62.6969) (-301.179,-611.303,-71.7682) (-305.334,-619.531,-61.2788) (-314.104,-603.538,-52.2075) (-309.949,-595.31,-62.6969)
  f[0][1] pts=5 (-309.949,-595.31,-62.6969) (-301.179,-611.303,-71.7682) (-305.334,-619.531,-61.2788) (-314.104,-603.538,-52.2075) (-309.949,-595.31,-62.6969)
  m[1][0] pts=5 (-298.257,-616.835,-37.7714) (-309.489,-627.759,-50.7894) (-305.334,-619.531,-61.2788) (-294.102,-608.607,-48.2608) (-298.257,-616.835,-37.7714)
  m[1][1] pts=5 (-298.257,-616.835,-37.7714) (-309.489,-627.759,-50.7894) (-305.334,-619.531,-61.2788) (-294.102,-608.607,-48.2608) (-298.257,-616.835,-37.7714)
  f[1][0] pts=5 (-298.716,-584.386,-49.6789) (-289.947,-600.379,-58.7502) (-294.102,-608.607,-48.2608) (-302.871,-592.614,-39.1895) (-298.716,-584.386,-49.6789)
  f[1][1] pts=5 (-298.716,-584.386,-49.6789) (-289.947,-600.379,-58.7502) (-294.102,-608.607,-48.2608) (-302.871,-592.614,-39.1895) (-298.716,-584.386,-49.6789)
joint 4 type=30 v0=2 v1=3 f0_0=3 f1_0=5 name=cr_c_ip_0 orient=1 div=1 shift=0.5
  jv[0] pts=5 (-266.699,-578.965,-27.4421) (-255.752,-568.096,-15.5699) (-273.948,-561.355,-17.1128) (-284.894,-572.223,-28.985) (-266.699,-578.965,-27.4421)
  jv[1] pts=5 (-271.325,-588.482,-14.463) (-260.379,-577.614,-2.59084) (-278.574,-570.873,-4.13365) (-289.521,-581.741,-16.0059) (-271.325,-588.482,-14.463)
  m[0][0] pts=5 (-271.634,-556.596,-23.6023) (-282.581,-567.464,-35.4745) (-287.208,-576.982,-22.4954) (-276.261,-566.114,-10.6232) (-271.634,-556.596,-23.6023)
  m[0][1] pts=5 (-271.634,-556.596,-23.6023) (-282.581,-567.464,-35.4745) (-287.208,-576.982,-22.4954) (-276.261,-566.114,-10.6232) (-271.634,-556.596,-23.6023)
  f[0][0] pts=5 (-291.834,-586.5,-9.5163) (-273.639,-593.241,-7.97349) (-269.012,-583.723,-20.9526) (-287.208,-576.982,-22.4954) (-291.834,-586.5,-9.5163)
  f[0][1] pts=5 (-291.834,-586.5,-9.5163) (-273.639,-593.241,-7.97349) (-269.012,-583.723,-20.9526) (-287.208,-576.982,-22.4954) (-291.834,-586.5,-9.5163)
  m[1][0] pts=5 (-253.439,-563.337,-22.0595) (-264.385,-574.206,-33.9317) (-269.012,-583.723,-20.9526) (-258.065,-572.855,-9.0804) (-253.439,-563.337,-22.0595)
  m[1][1] pts=5 (-253.439,-563.337,-22.0595) (-264.385,-574.206,-33.9317) (-269.012,-583.723,-20.9526) (-258.065,-572.855,-9.0804) (-253.439,-563.337,-22.0595)
  f[1][0] pts=5 (-280.888,-575.631,2.3559) (-262.692,-582.373,3.89871) (-258.065,-572.855,-9.0804) (-276.261,-566.114,-10.6232) (-280.888,-575.631,2.3559)
  f[1][1] pts=5 (-280.888,-575.631,2.3559) (-262.692,-582.373,3.89871) (-258.065,-572.855,-9.0804) (-276.261,-566.114,-10.6232) (-280.888,-575.631,2.3559)
joint 5 type=30 v0=3 v1=13 f0_0=5 f1_0=3 name=cr_c_ip_0 orient=1 div=1 shift=0.5
  jv[0] pts=5 (-184.989,-617.375,-10.8262) (-204.485,-611.434,-10.953) (-191.32,-600.786,0.391406) (-171.824,-606.727,0.51828) (-184.989,-617.375,-10.8262)
  jv[1] pts=5 (-182.07,-608.056,-22.9608) (-201.566,-602.115,-23.0877) (-188.401,-591.467,-11.7432) (-168.905,-597.408,-11.6164) (-182.07,-608.056,-22.9608)
  m[0][0] pts=5 (-192.779,-605.446,6.45873) (-173.283,-611.387,6.5856) (-170.364,-602.068,-5.54904) (-189.86,-596.127,-5.67592) (-192.779,-605.446,6.45873)
  m[0][1] pts=5 (-192.779,-605.446,6.45873) (-173.283,-611.387,6.5856) (-170.364,-602.068,-5.54904) (-189.86,-596.127,-5.67592) (-192.779,-605.446,6.45873)
  f[0][0] pts=5 (-167.445,-592.748,-17.6837) (-180.611,-603.396,-29.0281) (-183.53,-612.715,-16.8935) (-170.364,-602.068,-5.54904) (-167.445,-592.748,-17.6837)
  f[0][1] pts=5 (-167.445,-592.748,-17.6837) (-180.611,-603.396,-29.0281) (-183.53,-612.715,-16.8935) (-170.364,-602.068,-5.54904) (-167.445,-592.748,-17.6837)
  m[1][0] pts=5 (-205.944,-616.094,-4.88571) (-186.449,-622.035,-4.75884) (-183.53,-612.715,-16.8935) (-203.025,-606.774,-17.0204) (-205.944,-616.094,-4.88571)
  m[1][1] pts=5 (-205.944,-616.094,-4.88571) (-186.449,-622.035,-4.75884) (-183.53,-612.715,-16.8935) (-203.025,-606.774,-17.0204) (-205.944,-616.094,-4.88571)
  f[1][0] pts=5 (-186.941,-586.807,-17.8106) (-200.106,-597.455,-29.155) (-203.025,-606.774,-17.0204) (-189.86,-596.127,-5.67592) (-186.941,-586.807,-17.8106)
  f[1][1] pts=5 (-186.941,-586.807,-17.8106) (-200.106,-597.455,-29.155) (-203.025,-606.774,-17.0204) (-189.86,-596.127,-5.67592) (-186.941,-586.807,-17.8106)
joint 6 type=30 v0=3 v1=12 f0_0=3 f1_0=5 name=cr_c_ip_0 orient=1 div=1 shift=0.5
  jv[0] pts=5 (-335.896,-552.755,-33.9902) (-314.343,-561.428,-31.3445) (-324.08,-542.458,-21.7483) (-345.633,-533.785,-24.394) (-335.896,-552.755,-33.9902)
  jv[1] pts=5 (-341.152,-561.918,-21.2093) (-319.599,-570.591,-18.5636) (-329.336,-551.621,-8.96742) (-350.889,-542.948,-11.6131) (-341.152,-561.918,-21.2093)
  m[0][0] pts=5 (-321.452,-537.876,-28.1387) (-343.005,-529.204,-30.7844) (-348.261,-538.367,-18.0035) (-326.708,-547.039,-15.3578) (-321.452,-537.876,-28.1387)
  m[0][1] pts=5 (-321.452,-537.876,-28.1387) (-343.005,-529.204,-30.7844) (-348.261,-538.367,-18.0035) (-326.708,-547.039,-15.3578) (-321.452,-537.876,-28.1387)
  f[0][0] pts=5 (-353.517,-547.53,-5.22269) (-343.78,-566.5,-14.8189) (-338.524,-557.337,-27.5997) (-348.261,-538.367,-18.0035) (-353.517,-547.53,-5.22269)
  f[0][1] pts=5 (-353.517,-547.53,-5.22269) (-343.78,-566.5,-14.8189) (-338.524,-557.337,-27.5997) (-348.261,-538.367,-18.0035) (-353.517,-547.53,-5.22269)
  m[1][0] pts=5 (-311.715,-556.847,-37.7349) (-333.268,-548.174,-40.3806) (-338.524,-557.337,-27.5997) (-316.971,-566.009,-24.954) (-311.715,-556.847,-37.7349)
  m[1][1] pts=5 (-311.715,-556.847,-37.7349) (-333.268,-548.174,-40.3806) (-338.524,-557.337,-27.5997) (-316.971,-566.009,-24.954) (-311.715,-556.847,-37.7349)
  f[1][0] pts=5 (-331.964,-556.202,-2.57699) (-322.227,-575.172,-12.1732) (-316.971,-566.009,-24.954) (-326.708,-547.039,-15.3578) (-331.964,-556.202,-2.57699)
  f[1][1] pts=5 (-331.964,-556.202,-2.57699) (-322.227,-575.172,-12.1732) (-316.971,-566.009,-24.954) (-326.708,-547.039,-15.3578) (-331.964,-556.202,-2.57699)
joint 7 type=30 v0=3 v1=4 f0_0=3 f1_0=5 name=cr_c_ip_0 orient=1 div=1 shift=0.5
  jv[0] pts=5 (-131.402,-622.414,-23.9192) (-110.921,-627.733,-24.884) (-117.697,-611.495,-13.0904) (-138.178,-606.176,-12.1256) (-131.402,-622.414,-23.9192)
  jv[1] pts=5 (-133.176,-631.274,-12.7405) (-112.695,-636.592,-13.7053) (-119.471,-620.354,-1.91175) (-139.952,-615.035,-0.946905) (-133.176,-631.274,-12.7405)
  m[0][0] pts=5 (-116.81,-607.065,-18.6798) (-137.291,-601.746,-17.7149) (-139.065,-610.606,-6.53625) (-118.584,-615.924,-7.5011) (-116.81,-607.065,-18.6798)
  m[0][1] pts=5 (-116.81,-607.065,-18.6798) (-137.291,-601.746,-17.7149) (-139.065,-610.606,-6.53625) (-118.584,-615.924,-7.5011) (-116.81,-607.065,-18.6798)
  f[0][0] pts=5 (-140.839,-619.465,4.64244) (-134.063,-635.703,-7.15111) (-132.289,-626.844,-18.3298) (-139.065,-610.606,-6.53625) (-140.839,-619.465,4.64244)
  f[0][1] pts=5 (-140.839,-619.465,4.64244) (-134.063,-635.703,-7.15111) (-132.289,-626.844,-18.3298) (-139.065,-610.606,-6.53625) (-140.839,-619.465,4.64244)
  m[1][0] pts=5 (-110.034,-623.304,-30.4733) (-130.515,-617.985,-29.5085) (-132.289,-626.844,-18.3298) (-111.808,-632.163,-19.2946) (-110.034,-623.304,-30.4733)
  m[1][1] pts=5 (-110.034,-623.304,-30.4733) (-130.515,-617.985,-29.5085) (-132.289,-626.844,-18.3298) (-111.808,-632.163,-19.2946) (-110.034,-623.304,-30.4733)
  f[1][0] pts=5 (-120.358,-624.784,3.6776) (-113.582,-641.022,-8.11595) (-111.808,-632.163,-19.2946) (-118.584,-615.924,-7.5011) (-120.358,-624.784,3.6776)
  f[1][1] pts=5 (-120.358,-624.784,3.6776) (-113.582,-641.022,-8.11595) (-111.808,-632.163,-19.2946) (-118.584,-615.924,-7.5011) (-120.358,-624.784,3.6776)
joint 8 type=30 v0=4 v1=13 f0_0=3 f1_0=5 name=cr_c_ip_0 orient=1 div=1 shift=0.5
  jv[0] pts=5 (-148.299,-579.816,4.19016) (-154.765,-563.032,14.6502) (-141.099,-551.373,25.1487) (-134.633,-568.157,14.6887) (-148.299,-579.816,4.19016)
  jv[1] pts=5 (-150.733,-589.277,17.8653) (-157.199,-572.493,28.3254) (-143.533,-560.834,38.8239) (-137.067,-577.617,28.3638) (-150.733,-589.277,17.8653)
  m[0][0] pts=5 (-139.882,-546.643,18.3111) (-133.416,-563.426,7.8511) (-135.85,-572.887,21.5263) (-142.316,-556.104,31.9863) (-139.882,-546.643,18.3111)
  m[0][1] pts=5 (-139.882,-546.643,18.3111) (-133.416,-563.426,7.8511) (-135.85,-572.887,21.5263) (-142.316,-556.104,31.9863) (-139.882,-546.643,18.3111)
  f[0][0] pts=5 (-138.284,-582.348,35.2014) (-151.95,-594.007,24.7029) (-149.516,-584.546,11.0277) (-135.85,-572.887,21.5263) (-138.284,-582.348,35.2014)
  f[0][1] pts=5 (-138.284,-582.348,35.2014) (-151.95,-594.007,24.7029) (-149.516,-584.546,11.0277) (-135.85,-572.887,21.5263) (-138.284,-582.348,35.2014)
  m[1][0] pts=5 (-153.548,-558.302,7.81262) (-147.081,-575.085,-2.64742) (-149.516,-584.546,11.0277) (-155.982,-567.763,21.4878) (-153.548,-558.302,7.81262)
  m[1][1] pts=5 (-153.548,-558.302,7.81262) (-147.081,-575.085,-2.64742) (-149.516,-584.546,11.0277) (-155.982,-567.763,21.4878) (-153.548,-558.302,7.81262)
  f[1][0] pts=5 (-144.75,-565.564,45.6615) (-158.416,-577.224,35.1629) (-155.982,-567.763,21.4878) (-142.316,-556.104,31.9863) (-144.75,-565.564,45.6615)
  f[1][1] pts=5 (-144.75,-565.564,45.6615) (-158.416,-577.224,35.1629) (-155.982,-567.763,21.4878) (-142.316,-556.104,31.9863) (-144.75,-565.564,45.6615)
joint 9 type=30 v0=5 v1=6 f0_0=3 f1_0=5 name=cr_c_ip_0 orient=1 div=1 shift=0.5
  jv[0] pts=5 (191.075,-590.641,-13.641) (206.07,-577.104,-7.26042) (185.904,-575.169,-1.06637) (170.909,-588.706,-7.44695) (191.075,-590.641,-13.641)
  jv[1] pts=5 (194.304,-600.645,-0.0041966) (209.298,-587.108,6.37639) (189.132,-585.172,12.5704) (174.137,-598.709,6.18986) (194.304,-600.645,-0.0041966)
  m[0][0] pts=5 (184.289,-570.167,-7.88477) (169.295,-583.704,-14.2654) (172.523,-593.708,-0.628544) (187.518,-580.171,5.75204) (184.289,-570.167,-7.88477)
  m[0][1] pts=5 (184.289,-570.167,-7.88477) (169.295,-583.704,-14.2654) (172.523,-593.708,-0.628544) (187.518,-580.171,5.75204) (184.289,-570.167,-7.88477)
  f[0][0] pts=5 (175.751,-603.711,13.0083) (195.918,-605.647,6.81421) (192.689,-595.643,-6.8226) (172.523,-593.708,-0.628544) (175.751,-603.711,13.0083)
  f[0][1] pts=5 (175.751,-603.711,13.0083) (195.918,-605.647,6.81421) (192.689,-595.643,-6.8226) (172.523,-593.708,-0.628544) (175.751,-603.711,13.0083)
  m[1][0] pts=5 (204.456,-572.103,-14.0788) (189.461,-585.64,-20.4594) (192.689,-595.643,-6.8226) (207.684,-582.106,-0.442017) (204.456,-572.103,-14.0788)
  m[1][1] pts=5 (204.456,-572.103,-14.0788) (189.461,-585.64,-20.4594) (192.689,-595.643,-6.8226) (207.684,-582.106,-0.442017) (204.456,-572.103,-14.0788)
  f[1][0] pts=5 (190.746,-590.174,19.3888) (210.912,-592.11,13.1948) (207.684,-582.106,-0.442017) (187.518,-580.171,5.75204) (190.746,-590.174,19.3888)
  f[1][1] pts=5 (190.746,-590.174,19.3888) (210.912,-592.11,13.1948) (207.684,-582.106,-0.442017) (187.518,-580.171,5.75204) (190.746,-590.174,19.3888)
joint 10 type=30 v0=5 v1=15 f0_0=5 f1_0=3 name=cr_c_ip_0 orient=1 div=1 shift=0.5
  jv[0] pts=5 (139.76,-646.545,-26.3851) (154.7,-634.014,-19.12) (149.937,-618.652,-5.91585) (134.997,-631.183,-13.1809) (139.76,-646.545,-26.3851)
  jv[1] pts=5 (137.665,-637.525,-37.6348) (152.605,-624.994,-30.3697) (147.842,-609.632,-17.1656) (132.902,-622.163,-24.4306) (137.665,-637.525,-37.6348)
  m[0][0] pts=5 (150.985,-623.161,-0.290994) (136.045,-635.693,-7.55605) (133.949,-626.673,-18.8058) (148.89,-614.142,-11.5407) (150.985,-623.161,-0.290994)
  m[0][1] pts=5 (150.985,-623.161,-0.290994) (136.045,-635.693,-7.55605) (133.949,-626.673,-18.8058) (148.89,-614.142,-11.5407) (150.985,-623.161,-0.290994)
  f[0][0] pts=5 (131.854,-617.653,-30.0555) (136.617,-633.015,-43.2596) (138.712,-642.035,-32.0099) (133.949,-626.673,-18.8058) (131.854,-617.653,-30.0555)
  f[0][1] pts=5 (131.854,-617.653,-30.0555) (136.617,-633.015,-43.2596) (138.712,-642.035,-32.0099) (133.949,-626.673,-18.8058) (131.854,-617.653,-30.0555)
  m[1][0] pts=5 (155.747,-638.524,-13.4952) (140.807,-651.055,-20.7602) (138.712,-642.035,-32.0099) (153.652,-629.504,-24.7449) (155.747,-638.524,-13.4952)
  m[1][1] pts=5 (155.747,-638.524,-13.4952) (140.807,-651.055,-20.7602) (138.712,-642.035,-32.0099) (153.652,-629.504,-24.7449) (155.747,-638.524,-13.4952)
  f[1][0] pts=5 (146.794,-605.122,-22.7904) (151.557,-620.484,-35.9946) (153.652,-629.504,-24.7449) (148.89,-614.142,-11.5407) (146.794,-605.122,-22.7904)
  f[1][1] pts=5 (146.794,-605.122,-22.7904) (151.557,-620.484,-35.9946) (153.652,-629.504,-24.7449) (148.89,-614.142,-11.5407) (146.794,-605.122,-22.7904)
joint 11 type=30 v0=6 v1=16 f0_0=5 f1_0=3 name=cr_c_ip_0 orient=1 div=1 shift=0.5
  jv[0] pts=5 (262.459,-604.852,-24.4607) (240.586,-603.731,-16.2663) (258.909,-589.889,-11.8503) (280.782,-591.01,-20.0447) (262.459,-604.852,-24.4607)
  jv[1] pts=5 (258.464,-595.765,-36.3684) (236.591,-594.644,-28.174) (254.914,-580.802,-23.758) (276.787,-581.923,-31.9524) (258.464,-595.765,-36.3684)
  m[0][0] pts=5 (260.907,-594.433,-5.89649) (282.78,-595.554,-14.0909) (278.784,-586.467,-25.9986) (256.911,-585.345,-17.8041) (260.907,-594.433,-5.89649)
  m[0][1] pts=5 (260.907,-594.433,-5.89649) (282.78,-595.554,-14.0909) (278.784,-586.467,-25.9986) (256.911,-585.345,-17.8041) (260.907,-594.433,-5.89649)
  f[0][0] pts=5 (274.789,-577.379,-37.9062) (256.466,-591.221,-42.3222) (260.461,-600.309,-30.4146) (278.784,-586.467,-25.9986) (274.789,-577.379,-37.9062)
  f[0][1] pts=5 (274.789,-577.379,-37.9062) (256.466,-591.221,-42.3222) (260.461,-600.309,-30.4146) (278.784,-586.467,-25.9986) (274.789,-577.379,-37.9062)
  m[1][0] pts=5 (242.584,-608.275,-10.3125) (264.457,-609.396,-18.5069) (260.461,-600.309,-30.4146) (238.589,-599.187,-22.2201) (242.584,-608.275,-10.3125)
  m[1][1] pts=5 (242.584,-608.275,-10.3125) (264.457,-609.396,-18.5069) (260.461,-600.309,-30.4146) (238.589,-599.187,-22.2201) (242.584,-608.275,-10.3125)
  f[1][0] pts=5 (252.916,-576.258,-29.7118) (234.593,-590.1,-34.1278) (238.589,-599.187,-22.2201) (256.911,-585.345,-17.8041) (252.916,-576.258,-29.7118)
  f[1][1] pts=5 (252.916,-576.258,-29.7118) (234.593,-590.1,-34.1278) (238.589,-599.187,-22.2201) (256.911,-585.345,-17.8041) (252.916,-576.258,-29.7118)
joint 12 type=30 v0=6 v1=7 f0_0=3 f1_0=5 name=cr_c_ip_0 orient=1 div=1 shift=0.5
  jv[0] pts=5 (307.941,-597.036,-56.8127) (325.754,-597.176,-64.6539) (323.339,-582.565,-52.0243) (305.526,-582.426,-44.1832) (307.941,-597.036,-56.8127)
  jv[1] pts=5 (313.4,-607.006,-44.2356) (331.213,-607.145,-52.0768) (328.797,-592.534,-39.4472) (310.984,-592.395,-31.6061) (313.4,-607.006,-44.2356)
  m[0][0] pts=5 (320.61,-577.58,-58.3129) (302.797,-577.441,-50.4717) (308.255,-587.411,-37.8946) (326.068,-587.55,-45.7358) (320.61,-577.58,-58.3129)
  m[0][1] pts=5 (320.61,-577.58,-58.3129) (302.797,-577.441,-50.4717) (308.255,-587.411,-37.8946) (326.068,-587.55,-45.7358) (320.61,-577.58,-58.3129)
  f[0][0] pts=5 (313.713,-597.38,-25.3175) (316.129,-611.99,-37.9471) (310.671,-602.021,-50.5242) (308.255,-587.411,-37.8946) (313.713,-597.38,-25.3175)
  f[0][1] pts=5 (313.713,-597.38,-25.3175) (316.129,-611.99,-37.9471) (310.671,-602.021,-50.5242) (308.255,-587.411,-37.8946) (313.713,-597.38,-25.3175)
  m[1][0] pts=5 (323.025,-592.191,-70.9424) (305.212,-592.052,-63.1013) (310.671,-602.021,-50.5242) (328.484,-602.16,-58.3653) (323.025,-592.191,-70.9424)
  m[1][1] pts=5 (323.025,-592.191,-70.9424) (305.212,-592.052,-63.1013) (310.671,-602.021,-50.5242) (328.484,-602.16,-58.3653) (323.025,-592.191,-70.9424)
  f[1][0] pts=5 (331.527,-597.519,-33.1587) (333.942,-612.13,-45.7882) (328.484,-602.16,-58.3653) (326.068,-587.55,-45.7358) (331.527,-597.519,-33.1587)
  f[1][1] pts=5 (331.527,-597.519,-33.1587) (333.942,-612.13,-45.7882) (328.484,-602.16,-58.3653) (326.068,-587.55,-45.7358) (331.527,-597.519,-33.1587)
joint 13 type=30 v0=6 v1=15 f0_0=3 f1_0=5 name=cr_c_ip_0 orient=1 div=1 shift=0.5
  jv[0] pts=5 (121.005,-583.648,7.47629) (140.6,-586.217,2.49646) (135.771,-570.454,14.4788) (116.176,-567.885,19.4586) (121.005,-583.648,7.47629)
  jv[1] pts=5 (123.004,-592.477,19.8968) (142.599,-595.046,14.917) (137.77,-579.284,26.8993) (118.175,-576.715,31.8791) (123.004,-592.477,19.8968)
  m[0][0] pts=5 (134.771,-566.04,8.26849) (115.177,-563.471,13.2483) (117.176,-572.3,25.6689) (136.77,-574.869,20.689) (134.771,-566.04,8.26849)
  m[0][1] pts=5 (134.771,-566.04,8.26849) (115.177,-563.471,13.2483) (117.176,-572.3,25.6689) (136.77,-574.869,20.689) (134.771,-566.04,8.26849)
  f[0][0] pts=5 (119.175,-581.13,38.0894) (124.004,-596.892,26.1071) (122.005,-588.063,13.6866) (117.176,-572.3,25.6689) (119.175,-581.13,38.0894)
  f[0][1] pts=5 (119.175,-581.13,38.0894) (124.004,-596.892,26.1071) (122.005,-588.063,13.6866) (117.176,-572.3,25.6689) (119.175,-581.13,38.0894)
  m[1][0] pts=5 (139.6,-581.802,-3.71381) (120.006,-579.233,1.26602) (122.005,-588.063,13.6866) (141.599,-590.632,8.70674) (139.6,-581.802,-3.71381)
  m[1][1] pts=5 (139.6,-581.802,-3.71381) (120.006,-579.233,1.26602) (122.005,-588.063,13.6866) (141.599,-590.632,8.70674) (139.6,-581.802,-3.71381)
  f[1][0] pts=5 (138.769,-583.699,33.1096) (143.598,-599.461,21.1273) (141.599,-590.632,8.70674) (136.77,-574.869,20.689) (138.769,-583.699,33.1096)
  f[1][1] pts=5 (138.769,-583.699,33.1096) (143.598,-599.461,21.1273) (141.599,-590.632,8.70674) (136.77,-574.869,20.689) (138.769,-583.699,33.1096)
joint 14 type=30 v0=7 v1=16 f0_0=3 f1_0=5 name=cr_c_ip_0 orient=1 div=1 shift=0.5
  jv[0] pts=5 (302.216,-562.117,-26.3622) (299.298,-546.137,-14.0871) (314.828,-533.251,-11.3875) (317.747,-549.23,-23.6625) (302.216,-562.117,-26.3622)
  jv[1] pts=5 (307.054,-570.465,-14.3441) (304.136,-554.485,-2.06907) (319.666,-541.599,0.630582) (322.585,-557.579,-11.6445) (307.054,-570.465,-14.3441)
  m[0][0] pts=5 (312.409,-529.076,-17.3965) (315.328,-545.056,-29.6716) (320.166,-553.404,-17.6535) (317.247,-537.425,-5.37845) (312.409,-529.076,-17.3965)
  m[0][1] pts=5 (312.409,-529.076,-17.3965) (315.328,-545.056,-29.6716) (320.166,-553.404,-17.6535) (317.247,-537.425,-5.37845) (312.409,-529.076,-17.3965)
  f[0][0] pts=5 (325.004,-561.753,-5.63545) (309.473,-574.639,-8.3351) (304.635,-566.291,-20.3532) (320.166,-553.404,-17.6535) (325.004,-561.753,-5.63545)
  f[0][1] pts=5 (325.004,-561.753,-5.63545) (309.473,-574.639,-8.3351) (304.635,-566.291,-20.3532) (320.166,-553.404,-17.6535) (325.004,-561.753,-5.63545)
  m[1][0] pts=5 (296.879,-541.963,-20.0962) (299.797,-557.943,-32.3712) (304.635,-566.291,-20.3532) (301.717,-550.311,-8.0781) (296.879,-541.963,-20.0962)
  m[1][1] pts=5 (296.879,-541.963,-20.0962) (299.797,-557.943,-32.3712) (304.635,-566.291,-20.3532) (301.717,-550.311,-8.0781) (296.879,-541.963,-20.0962)
  f[1][0] pts=5 (322.085,-545.773,6.63961) (306.555,-558.66,3.93996) (301.717,-550.311,-8.0781) (317.247,-537.425,-5.37845) (322.085,-545.773,6.63961)
  f[1][1] pts=5 (322.085,-545.773,6.63961) (306.555,-558.66,3.93996) (301.717,-550.311,-8.0781) (317.247,-537.425,-5.37845) (322.085,-545.773,6.63961)
joint 15 type=30 v0=8 v1=9 f0_0=3 f1_0=5 name=cr_c_ip_0 orient=1 div=1 shift=0.5
  jv[0] pts=5 (587.079,-500.267,-161.95) (604.577,-482.685,-164.014) (584.796,-485.597,-149.189) (567.299,-503.178,-147.125) (587.079,-500.267,-161.95)
  jv[1] pts=5 (596.945,-508.735,-150.45) (614.442,-491.153,-152.514) (594.662,-494.064,-137.689) (577.164,-511.646,-135.625) (596.945,-508.735,-150.45)
  m[0][0] pts=5 (579.863,-481.363,-154.939) (562.366,-498.944,-152.875) (572.231,-507.412,-141.375) (589.729,-489.83,-143.439) (579.863,-481.363,-154.939)
  m[0][1] pts=5 (579.863,-481.363,-154.939) (562.366,-498.944,-152.875) (572.231,-507.412,-141.375) (589.729,-489.83,-143.439) (579.863,-481.363,-154.939)
  f[0][0] pts=5 (582.097,-515.88,-129.875) (601.877,-512.969,-144.7) (592.012,-504.501,-156.2) (572.231,-507.412,-141.375) (582.097,-515.88,-129.875)
  f[0][1] pts=5 (582.097,-515.88,-129.875) (601.877,-512.969,-144.7) (592.012,-504.501,-156.2) (572.231,-507.412,-141.375) (582.097,-515.88,-129.875)
  m[1][0] pts=5 (599.644,-478.451,-169.764) (582.147,-496.033,-167.7) (592.012,-504.501,-156.2) (609.509,-486.919,-158.264) (599.644,-478.451,-169.764)
  m[1][1] pts=5 (599.644,-478.451,-169.764) (582.147,-496.033,-167.7) (592.012,-504.501,-156.2) (609.509,-486.919,-158.264) (599.644,-478.451,-169.764)
  f[1][0] pts=5 (599.594,-498.298,-131.939) (619.375,-495.387,-146.765) (609.509,-486.919,-158.264) (589.729,-489.83,-143.439) (599.594,-498.298,-131.939)
  f[1][1] pts=5 (599.594,-498.298,-131.939) (619.375,-495.387,-146.765) (609.509,-486.919,-158.264) (589.729,-489.83,-143.439) (599.594,-498.298,-131.939)
joint 16 type=30 v0=8 v1=18 f0_0=5 f1_0=3 name=cr_c_ip_0 orient=1 div=1 shift=0.5
  jv[0] pts=5 (548.43,-554.646,-146.682) (563.426,-540.683,-147.69) (562.925,-524.752,-134.773) (547.929,-538.715,-133.766) (548.43,-554.646,-146.682)
  jv[1] pts=5 (539.332,-545.697,-158.072) (554.329,-531.734,-159.08) (553.828,-515.803,-146.163) (538.832,-529.766,-145.156) (539.332,-545.697,-158.072)
  m[0][0] pts=5 (567.474,-529.227,-129.078) (552.478,-543.19,-128.071) (543.38,-534.241,-139.461) (558.377,-520.278,-140.468) (567.474,-529.227,-129.078)
  m[0][1] pts=5 (567.474,-529.227,-129.078) (552.478,-543.19,-128.071) (543.38,-534.241,-139.461) (558.377,-520.278,-140.468) (567.474,-529.227,-129.078)
  f[0][0] pts=5 (534.283,-525.292,-150.851) (534.784,-541.223,-163.767) (543.881,-550.172,-152.377) (543.38,-534.241,-139.461) (534.283,-525.292,-150.851)
  f[0][1] pts=5 (534.283,-525.292,-150.851) (534.784,-541.223,-163.767) (543.881,-550.172,-152.377) (543.38,-534.241,-139.461) (534.283,-525.292,-150.851)
  m[1][0] pts=5 (567.975,-545.157,-141.995) (552.978,-559.121,-140.987) (543.881,-550.172,-152.377) (558.877,-536.209,-153.385) (567.975,-545.157,-141.995)
  m[1][1] pts=5 (567.975,-545.157,-141.995) (552.978,-559.121,-140.987) (543.881,-550.172,-152.377) (558.877,-536.209,-153.385) (567.975,-545.157,-141.995)
  f[1][0] pts=5 (549.279,-511.329,-151.858) (549.78,-527.26,-164.775) (558.877,-536.209,-153.385) (558.377,-520.278,-140.468) (549.279,-511.329,-151.858)
  f[1][1] pts=5 (549.279,-511.329,-151.858) (549.78,-527.26,-164.775) (558.877,-536.209,-153.385) (558.377,-520.278,-140.468) (549.279,-511.329,-151.858)
joint 17 type=30 v0=9 v1=18 f0_0=3 f1_0=5 name=cr_c_ip_0 orient=1 div=1 shift=0.5
  jv[0] pts=5 (538.152,-506.839,-126.479) (553.645,-505.064,-137.128) (552.797,-490.029,-125.734) (537.304,-491.804,-115.085) (538.152,-506.839,-126.479)
  jv[1] pts=5 (547.235,-515.276,-114.671) (562.728,-513.501,-125.32) (561.88,-498.467,-113.925) (546.387,-500.242,-103.276) (547.235,-515.276,-114.671)
  m[0][0] pts=5 (548.255,-485.811,-131.638) (532.762,-487.586,-120.989) (541.845,-496.023,-109.18) (557.338,-494.248,-119.829) (548.255,-485.811,-131.638)
  m[0][1] pts=5 (548.255,-485.811,-131.638) (532.762,-487.586,-120.989) (541.845,-496.023,-109.18) (557.338,-494.248,-119.829) (548.255,-485.811,-131.638)
  f[0][0] pts=5 (550.928,-504.46,-97.3718) (551.777,-519.495,-108.767) (542.694,-511.057,-120.575) (541.845,-496.023,-109.18) (550.928,-504.46,-97.3718)
  f[0][1] pts=5 (550.928,-504.46,-97.3718) (551.777,-519.495,-108.767) (542.694,-511.057,-120.575) (541.845,-496.023,-109.18) (550.928,-504.46,-97.3718)
  m[1][0] pts=5 (549.104,-500.845,-143.033) (533.611,-502.62,-132.384) (542.694,-511.057,-120.575) (558.187,-509.282,-131.224) (549.104,-500.845,-143.033)
  m[1][1] pts=5 (549.104,-500.845,-143.033) (533.611,-502.62,-132.384) (542.694,-511.057,-120.575) (558.187,-509.282,-131.224) (549.104,-500.845,-143.033)
  f[1][0] pts=5 (566.422,-502.686,-108.021) (567.27,-517.72,-119.416) (558.187,-509.282,-131.224) (557.338,-494.248,-119.829) (566.422,-502.686,-108.021)
  f[1][1] pts=5 (566.422,-502.686,-108.021) (567.27,-517.72,-119.416) (558.187,-509.282,-131.224) (557.338,-494.248,-119.829) (566.422,-502.686,-108.021)
joint 18 type=30 v0=10 v1=11 f0_0=3 f1_0=5 name=cr_c_ip_0 orient=1 div=1 shift=0.5
  jv[0] pts=5 (-508.203,-432.123,-52.4173) (-489.361,-412.502,-54.9107) (-510.5,-408.425,-53.6894) (-517.603,-417.832,-52.628) (-508.203,-432.123,-52.4173)
  jv[1] pts=5 (-505.887,-430.107,-19.0492) (-487.045,-410.486,-21.5427) (-508.183,-406.409,-20.3214) (-515.287,-415.816,-19.26) (-505.887,-430.107,-19.0492)
  m[0][0] pts=5 (-499.92,-399.219,-71.8054) (-518.762,-418.84,-69.312) (-516.445,-416.824,-35.944) (-497.603,-397.203,-38.4374) (-499.92,-399.219,-71.8054)
  m[0][1] pts=5 (-499.92,-399.219,-71.8054) (-518.762,-418.84,-69.312) (-516.445,-416.824,-35.944) (-497.603,-397.203,-38.4374) (-499.92,-399.219,-71.8054)
  f[0][0] pts=5 (-514.128,-414.808,-2.57594) (-504.728,-429.099,-2.36521) (-507.045,-431.115,-35.7332) (-516.445,-416.824,-35.944) (-514.128,-414.808,-2.57594)
  f[0][1] pts=5 (-514.128,-414.808,-2.57594) (-504.728,-429.099,-2.36521) (-507.045,-431.115,-35.7332) (-516.445,-416.824,-35.944) (-514.128,-414.808,-2.57594)
  m[1][0] pts=5 (-490.52,-413.51,-71.5947) (-509.362,-433.131,-69.1013) (-507.045,-431.115,-35.7332) (-488.203,-411.494,-38.2267) (-490.52,-413.51,-71.5947)
  m[1][1] pts=5 (-490.52,-413.51,-71.5947) (-509.362,-433.131,-69.1013) (-507.045,-431.115,-35.7332) (-488.203,-411.494,-38.2267) (-490.52,-413.51,-71.5947)
  f[1][0] pts=5 (-495.286,-395.187,-5.06937) (-485.886,-409.478,-4.85865) (-488.203,-411.494,-38.2267) (-497.603,-397.203,-38.4374) (-495.286,-395.187,-5.06937)
  f[1][1] pts=5 (-495.286,-395.187,-5.06937) (-485.886,-409.478,-4.85865) (-488.203,-411.494,-38.2267) (-497.603,-397.203,-38.4374) (-495.286,-395.187,-5.06937)
joint 19 type=30 v0=10 v1=19 f0_0=5 f1_0=3 name=cr_c_ip_0 orient=1 div=1 shift=0.5
  jv[0] pts=5 (-537.451,-467.671,-73.5063) (-528.294,-456.426,-60.1173) (-537.569,-439.481,-56.0681) (-546.727,-450.726,-69.457) (-537.451,-467.671,-73.5063)
  jv[1] pts=5 (-528.414,-459.634,-86.4367) (-519.257,-448.389,-73.0478) (-528.533,-431.444,-68.9986) (-537.69,-442.689,-82.3875) (-528.414,-459.634,-86.4367)
  m[0][0] pts=5 (-542.088,-443.499,-49.6029) (-551.245,-454.744,-62.9918) (-542.208,-446.708,-75.9223) (-533.051,-435.462,-62.5333) (-542.088,-443.499,-49.6029)
  m[0][1] pts=5 (-542.088,-443.499,-49.6029) (-551.245,-454.744,-62.9918) (-542.208,-446.708,-75.9223) (-533.051,-435.462,-62.5333) (-542.088,-443.499,-49.6029)
  f[0][0] pts=5 (-533.171,-438.671,-88.8527) (-523.896,-455.616,-92.9019) (-532.933,-463.653,-79.9715) (-542.208,-446.708,-75.9223) (-533.171,-438.671,-88.8527)
  f[0][1] pts=5 (-533.171,-438.671,-88.8527) (-523.896,-455.616,-92.9019) (-532.933,-463.653,-79.9715) (-542.208,-446.708,-75.9223) (-533.171,-438.671,-88.8527)
  m[1][0] pts=5 (-532.812,-460.444,-53.6521) (-541.969,-471.689,-67.041) (-532.933,-463.653,-79.9715) (-523.775,-452.407,-66.5826) (-532.812,-460.444,-53.6521)
  m[1][1] pts=5 (-532.812,-460.444,-53.6521) (-541.969,-471.689,-67.041) (-532.933,-463.653,-79.9715) (-523.775,-452.407,-66.5826) (-532.812,-460.444,-53.6521)
  f[1][0] pts=5 (-524.014,-427.426,-75.4638) (-514.738,-444.371,-79.513) (-523.775,-452.407,-66.5826) (-533.051,-435.462,-62.5333) (-524.014,-427.426,-75.4638)
  f[1][1] pts=5 (-524.014,-427.426,-75.4638) (-514.738,-444.371,-79.513) (-523.775,-452.407,-66.5826) (-533.051,-435.462,-62.5333) (-524.014,-427.426,-75.4638)
joint 20 type=30 v0=11 v1=12 f0_0=3 f1_0=5 name=cr_c_ip_0 orient=1 div=1 shift=0.5
  jv[0] pts=5 (-368.308,-485.64,-3.60114) (-347.948,-493.408,0.77681) (-356.507,-474.311,8.26459) (-376.867,-466.542,3.88663) (-368.308,-485.64,-3.60114)
  jv[1] pts=5 (-373.55,-492.662,8.31678) (-353.19,-500.43,12.6947) (-361.749,-481.333,20.1825) (-382.109,-473.565,15.8046) (-373.55,-492.662,8.31678)
  m[0][0] pts=5 (-353.886,-470.799,2.30562) (-374.246,-463.031,-2.07233) (-379.488,-470.053,9.8456) (-359.128,-477.822,14.2235) (-353.886,-470.799,2.30562)
  m[0][1] pts=5 (-353.886,-470.799,2.30562) (-374.246,-463.031,-2.07233) (-379.488,-470.053,9.8456) (-359.128,-477.822,14.2235) (-353.886,-470.799,2.30562)
  f[0][0] pts=5 (-384.73,-477.076,21.7635) (-376.171,-496.173,14.2757) (-370.929,-489.151,2.35782) (-379.488,-470.053,9.8456) (-384.73,-477.076,21.7635)
  f[0][1] pts=5 (-384.73,-477.076,21.7635) (-376.171,-496.173,14.2757) (-370.929,-489.151,2.35782) (-379.488,-470.053,9.8456) (-384.73,-477.076,21.7635)
  m[1][0] pts=5 (-345.327,-489.897,-5.18215) (-365.687,-482.129,-9.5601) (-370.929,-489.151,2.35782) (-350.569,-496.919,6.73577) (-345.327,-489.897,-5.18215)
  m[1][1] pts=5 (-345.327,-489.897,-5.18215) (-365.687,-482.129,-9.5601) (-370.929,-489.151,2.35782) (-350.569,-496.919,6.73577) (-345.327,-489.897,-5.18215)
  f[1][0] pts=5 (-364.37,-484.844,26.1415) (-355.811,-503.941,18.6537) (-350.569,-496.919,6.73577) (-359.128,-477.822,14.2235) (-364.37,-484.844,26.1415)
  f[1][1] pts=5 (-364.37,-484.844,26.1415) (-355.811,-503.941,18.6537) (-350.569,-496.919,6.73577) (-359.128,-477.822,14.2235) (-364.37,-484.844,26.1415)
joint 21 type=30 v0=11 v1=21 f0_0=5 f1_0=3 name=cr_c_ip_0 orient=1 div=1 shift=0.5
  jv[0] pts=5 (-424.491,-472.478,-3.71826) (-442.245,-464.869,-8.74371) (-431.19,-453.616,3.48335) (-413.437,-461.225,8.50881) (-424.491,-472.478,-3.71826)
  jv[1] pts=5 (-418.545,-466.057,-15.0041) (-436.298,-458.448,-20.0296) (-425.244,-447.195,-7.80253) (-407.491,-454.804,-2.77708) (-418.545,-466.057,-15.0041)
  m[0][0] pts=5 (-434.164,-456.826,9.12629) (-416.411,-464.435,14.1517) (-410.464,-458.014,2.86586) (-428.217,-450.405,-2.15959) (-434.164,-456.826,9.12629)
  m[0][1] pts=5 (-434.164,-456.826,9.12629) (-416.411,-464.435,14.1517) (-410.464,-458.014,2.86586) (-428.217,-450.405,-2.15959) (-434.164,-456.826,9.12629)
  f[0][0] pts=5 (-404.517,-451.593,-8.42002) (-415.571,-462.846,-20.6471) (-421.518,-469.267,-9.3612) (-410.464,-458.014,2.86586) (-404.517,-451.593,-8.42002)
  f[0][1] pts=5 (-404.517,-451.593,-8.42002) (-415.571,-462.846,-20.6471) (-421.518,-469.267,-9.3612) (-410.464,-458.014,2.86586) (-404.517,-451.593,-8.42002)
  m[1][0] pts=5 (-445.218,-468.079,-3.10077) (-427.465,-475.688,1.92469) (-421.518,-469.267,-9.3612) (-439.271,-461.658,-14.3867) (-445.218,-468.079,-3.10077)
  m[1][1] pts=5 (-445.218,-468.079,-3.10077) (-427.465,-475.688,1.92469) (-421.518,-469.267,-9.3612) (-439.271,-461.658,-14.3867) (-445.218,-468.079,-3.10077)
  f[1][0] pts=5 (-422.27,-443.984,-13.4455) (-433.324,-455.237,-25.6725) (-439.271,-461.658,-14.3867) (-428.217,-450.405,-2.15959) (-422.27,-443.984,-13.4455)
  f[1][1] pts=5 (-422.27,-443.984,-13.4455) (-433.324,-455.237,-25.6725) (-439.271,-461.658,-14.3867) (-428.217,-450.405,-2.15959) (-422.27,-443.984,-13.4455)
joint 22 type=30 v0=11 v1=19 f0_0=3 f1_0=5 name=cr_c_ip_0 orient=1 div=1 shift=0.5
  jv[0] pts=5 (-565.219,-394.027,-69.7739) (-544.835,-405.102,-60.6226) (-555.557,-382.897,-56.9001) (-575.941,-371.822,-66.0514) (-565.219,-394.027,-69.7739)
  jv[1] pts=5 (-571.863,-398.757,-60.6985) (-551.479,-409.832,-51.5472) (-562.202,-387.627,-47.8247) (-582.585,-376.552,-56.976) (-571.863,-398.757,-60.6985)
  m[0][0] pts=5 (-552.235,-380.532,-61.4378) (-572.619,-369.457,-70.5891) (-579.263,-374.187,-61.5137) (-558.88,-385.262,-52.3624) (-552.235,-380.532,-61.4378)
  m[0][1] pts=5 (-552.235,-380.532,-61.4378) (-572.619,-369.457,-70.5891) (-579.263,-374.187,-61.5137) (-558.88,-385.262,-52.3624) (-552.235,-380.532,-61.4378)
  f[0][0] pts=5 (-585.907,-378.917,-52.4383) (-575.185,-401.122,-56.1608) (-568.541,-396.392,-65.2362) (-579.263,-374.187,-61.5137) (-585.907,-378.917,-52.4383)
  f[0][1] pts=5 (-585.907,-378.917,-52.4383) (-575.185,-401.122,-56.1608) (-568.541,-396.392,-65.2362) (-579.263,-374.187,-61.5137) (-585.907,-378.917,-52.4383)
  m[1][0] pts=5 (-541.513,-402.737,-65.1603) (-561.896,-391.662,-74.3116) (-568.541,-396.392,-65.2362) (-548.157,-407.467,-56.0849) (-541.513,-402.737,-65.1603)
  m[1][1] pts=5 (-541.513,-402.737,-65.1603) (-561.896,-391.662,-74.3116) (-568.541,-396.392,-65.2362) (-548.157,-407.467,-56.0849) (-541.513,-402.737,-65.1603)
  f[1][0] pts=5 (-565.524,-389.992,-43.287) (-554.802,-412.197,-47.0095) (-548.157,-407.467,-56.0849) (-558.88,-385.262,-52.3624) (-565.524,-389.992,-43.287)
  f[1][1] pts=5 (-565.524,-389.992,-43.287) (-554.802,-412.197,-47.0095) (-548.157,-407.467,-56.0849) (-558.88,-385.262,-52.3624) (-565.524,-389.992,-43.287)
joint 23 type=30 v0=12 v1=21 f0_0=3 f1_0=3 name=cr_c_ip_0 orient=1 div=1 shift=0.5
  jv[0] pts=5 (-389.269,-436.177,13.6787) (-396.617,-417.961,19.3936) (-384.771,-405.868,30.8803) (-377.422,-424.085,25.1654) (-389.269,-436.177,13.6787)
  jv[1] pts=5 (-396.015,-443.5,28.3461) (-403.364,-425.284,34.0611) (-391.518,-413.191,45.5478) (-384.169,-431.408,39.8328) (-396.015,-443.5,28.3461)
  m[0][0] pts=5 (-381.397,-402.206,23.5466) (-374.049,-420.423,17.8317) (-380.796,-427.746,32.4991) (-388.144,-409.529,38.2141) (-381.397,-402.206,23.5466)
  m[0][1] pts=5 (-381.397,-402.206,23.5466) (-374.049,-420.423,17.8317) (-380.796,-427.746,32.4991) (-388.144,-409.529,38.2141) (-381.397,-402.206,23.5466)
  f[0][0] pts=5 (-387.543,-435.069,47.1666) (-399.389,-447.162,35.6798) (-392.642,-439.839,21.0124) (-380.796,-427.746,32.4991) (-387.543,-435.069,47.1666)
  f[0][1] pts=5 (-387.543,-435.069,47.1666) (-399.389,-447.162,35.6798) (-392.642,-439.839,21.0124) (-380.796,-427.746,32.4991) (-387.543,-435.069,47.1666)
  m[1][0] pts=5 (-393.244,-414.299,12.0599) (-385.895,-432.516,6.34496) (-392.642,-439.839,21.0124) (-399.991,-421.622,26.7273) (-393.244,-414.299,12.0599)
  m[1][1] pts=5 (-393.244,-414.299,12.0599) (-385.895,-432.516,6.34496) (-392.642,-439.839,21.0124) (-399.991,-421.622,26.7273) (-393.244,-414.299,12.0599)
  f[1][0] pts=5 (-394.891,-416.852,52.8815) (-406.737,-428.945,41.3948) (-399.991,-421.622,26.7273) (-388.144,-409.529,38.2141) (-394.891,-416.852,52.8815)
  f[1][1] pts=5 (-394.891,-416.852,52.8815) (-406.737,-428.945,41.3948) (-399.991,-421.622,26.7273) (-388.144,-409.529,38.2141) (-394.891,-416.852,52.8815)
joint 24 type=30 v0=13 v1=14 f0_0=3 f1_0=5 name=cr_c_ip_0 orient=1 div=1 shift=0.5
  jv[0] pts=5 (-42.2644,-485.607,77.7676) (-28.5442,-472.592,85.5524) (-48.377,-467.834,87.0517) (-62.0971,-480.849,79.2669) (-42.2644,-485.607,77.7676)
  jv[1] pts=5 (-43.0259,-493.208,91.8169) (-29.3057,-480.193,99.6017) (-49.1385,-475.435,101.101) (-62.8586,-488.45,93.3162) (-43.0259,-493.208,91.8169)
  m[0][0] pts=5 (-47.9962,-464.034,80.0271) (-61.7164,-477.048,72.2423) (-62.4779,-484.649,86.2916) (-48.7577,-471.635,94.0764) (-47.9962,-464.034,80.0271)
  m[0][1] pts=5 (-47.9962,-464.034,80.0271) (-61.7164,-477.048,72.2423) (-62.4779,-484.649,86.2916) (-48.7577,-471.635,94.0764) (-47.9962,-464.034,80.0271)
  f[0][0] pts=5 (-63.2394,-492.25,100.341) (-43.4067,-497.008,98.8416) (-42.6452,-489.407,84.7923) (-62.4779,-484.649,86.2916) (-63.2394,-492.25,100.341)
  f[0][1] pts=5 (-63.2394,-492.25,100.341) (-43.4067,-497.008,98.8416) (-42.6452,-489.407,84.7923) (-62.4779,-484.649,86.2916) (-63.2394,-492.25,100.341)
  m[1][0] pts=5 (-28.1635,-468.792,78.5278) (-41.8837,-481.806,70.743) (-42.6452,-489.407,84.7923) (-28.925,-476.393,92.5771) (-28.1635,-468.792,78.5278)
  m[1][1] pts=5 (-28.1635,-468.792,78.5278) (-41.8837,-481.806,70.743) (-42.6452,-489.407,84.7923) (-28.925,-476.393,92.5771) (-28.1635,-468.792,78.5278)
  f[1][0] pts=5 (-49.5192,-479.235,108.126) (-29.6865,-483.994,106.626) (-28.925,-476.393,92.5771) (-48.7577,-471.635,94.0764) (-49.5192,-479.235,108.126)
  f[1][1] pts=5 (-49.5192,-479.235,108.126) (-29.6865,-483.994,106.626) (-28.925,-476.393,92.5771) (-48.7577,-471.635,94.0764) (-49.5192,-479.235,108.126)
joint 25 type=30 v0=13 v1=23 f0_0=5 f1_0=3 name=cr_c_ip_0 orient=1 div=1 shift=0.5
  jv[0] pts=5 (-93.0787,-539.24,60.3723) (-79.4875,-526.843,69.1261) (-86.4424,-510.101,78.4204) (-100.034,-522.498,69.6666) (-93.0787,-539.24,60.3723)
  jv[1] pts=5 (-91.8641,-531.983,48.2088) (-78.2729,-519.586,56.9626) (-85.2278,-502.844,66.2568) (-98.819,-515.241,57.503) (-91.8641,-531.983,48.2088)
  m[0][0] pts=5 (-87.0497,-513.73,84.5021) (-100.641,-526.127,75.7483) (-99.4263,-518.87,63.5848) (-85.8351,-506.472,72.3386) (-87.0497,-513.73,84.5021)
  m[0][1] pts=5 (-87.0497,-513.73,84.5021) (-100.641,-526.127,75.7483) (-99.4263,-518.87,63.5848) (-85.8351,-506.472,72.3386) (-87.0497,-513.73,84.5021)
  f[0][0] pts=5 (-98.2117,-511.612,51.4213) (-91.2568,-528.354,42.127) (-92.4714,-535.611,54.2906) (-99.4263,-518.87,63.5848) (-98.2117,-511.612,51.4213)
  f[0][1] pts=5 (-98.2117,-511.612,51.4213) (-91.2568,-528.354,42.127) (-92.4714,-535.611,54.2906) (-99.4263,-518.87,63.5848) (-98.2117,-511.612,51.4213)
  m[1][0] pts=5 (-80.0948,-530.471,75.2079) (-93.686,-542.869,66.4541) (-92.4714,-535.611,54.2906) (-78.8802,-523.214,63.0444) (-80.0948,-530.471,75.2079)
  m[1][1] pts=5 (-80.0948,-530.471,75.2079) (-93.686,-542.869,66.4541) (-92.4714,-535.611,54.2906) (-78.8802,-523.214,63.0444) (-80.0948,-530.471,75.2079)
  f[1][0] pts=5 (-84.6205,-499.215,60.1751) (-77.6655,-515.957,50.8808) (-78.8802,-523.214,63.0444) (-85.8351,-506.472,72.3386) (-84.6205,-499.215,60.1751)
  f[1][1] pts=5 (-84.6205,-499.215,60.1751) (-77.6655,-515.957,50.8808) (-78.8802,-523.214,63.0444) (-85.8351,-506.472,72.3386) (-84.6205,-499.215,60.1751)
joint 26 type=30 v0=14 v1=24 f0_0=5 f1_0=3 name=cr_c_ip_0 orient=1 div=1 shift=0.5
  jv[0] pts=5 (44.1473,-511.725,80.9185) (23.1692,-507.63,84.1898) (39.0998,-494.626,90.8736) (60.0779,-498.721,87.6022) (44.1473,-511.725,80.9185)
  jv[1] pts=5 (43.5622,-504.306,67.8798) (22.5841,-500.211,71.1511) (38.5147,-487.207,77.8349) (59.4928,-491.303,74.5635) (43.5622,-504.306,67.8798)
  m[0][0] pts=5 (39.3923,-498.335,97.3929) (60.3705,-502.43,94.1215) (59.7854,-495.012,81.0828) (38.8072,-490.916,84.3542) (39.3923,-498.335,97.3929)
  m[0][1] pts=5 (39.3923,-498.335,97.3929) (60.3705,-502.43,94.1215) (59.7854,-495.012,81.0828) (38.8072,-490.916,84.3542) (39.3923,-498.335,97.3929)
  f[0][0] pts=5 (59.2003,-487.593,68.0441) (43.2697,-500.597,61.3604) (43.8548,-508.016,74.3991) (59.7854,-495.012,81.0828) (59.2003,-487.593,68.0441)
  f[0][1] pts=5 (59.2003,-487.593,68.0441) (43.2697,-500.597,61.3604) (43.8548,-508.016,74.3991) (59.7854,-495.012,81.0828) (59.2003,-487.593,68.0441)
  m[1][0] pts=5 (23.4617,-511.339,90.7092) (44.4399,-515.434,87.4378) (43.8548,-508.016,74.3991) (22.8766,-503.92,77.6705) (23.4617,-511.339,90.7092)
  m[1][1] pts=5 (23.4617,-511.339,90.7092) (44.4399,-515.434,87.4378) (43.8548,-508.016,74.3991) (22.8766,-503.92,77.6705) (23.4617,-511.339,90.7092)
  f[1][0] pts=5 (38.2221,-483.498,71.3155) (22.2915,-496.502,64.6318) (22.8766,-503.92,77.6705) (38.8072,-490.916,84.3542) (38.2221,-483.498,71.3155)
  f[1][1] pts=5 (38.2221,-483.498,71.3155) (22.2915,-496.502,64.6318) (22.8766,-503.92,77.6705) (38.8072,-490.916,84.3542) (38.2221,-483.498,71.3155)
joint 27 type=30 v0=14 v1=15 f0_0=3 f1_0=5 name=cr_c_ip_0 orient=1 div=1 shift=0.5
  jv[0] pts=5 (99.845,-514.202,57.1408) (119.573,-517.33,52.7636) (114.519,-500.573,63.3369) (94.7912,-497.445,67.7141) (99.845,-514.202,57.1408)
  jv[1] pts=5 (101.522,-521.966,70.2464) (121.25,-525.093,65.8692) (116.196,-508.336,76.4425) (96.4683,-505.209,80.8196) (101.522,-521.966,70.2464)
  m[0][0] pts=5 (113.681,-496.691,56.7842) (93.9527,-493.563,61.1614) (95.6297,-501.327,74.2669) (115.358,-504.455,69.8897) (113.681,-496.691,56.7842)
  m[0][1] pts=5 (113.681,-496.691,56.7842) (93.9527,-493.563,61.1614) (95.6297,-501.327,74.2669) (115.358,-504.455,69.8897) (113.681,-496.691,56.7842)
  f[0][0] pts=5 (97.3068,-509.09,87.3724) (102.361,-525.847,76.7991) (100.684,-518.084,63.6936) (95.6297,-501.327,74.2669) (97.3068,-509.09,87.3724)
  f[0][1] pts=5 (97.3068,-509.09,87.3724) (102.361,-525.847,76.7991) (100.684,-518.084,63.6936) (95.6297,-501.327,74.2669) (97.3068,-509.09,87.3724)
  m[1][0] pts=5 (118.734,-513.448,46.2109) (99.0065,-510.32,50.5881) (100.684,-518.084,63.6936) (120.411,-521.211,59.3164) (118.734,-513.448,46.2109)
  m[1][1] pts=5 (118.734,-513.448,46.2109) (99.0065,-510.32,50.5881) (100.684,-518.084,63.6936) (120.411,-521.211,59.3164) (118.734,-513.448,46.2109)
  f[1][0] pts=5 (117.035,-512.218,82.9952) (122.088,-528.975,72.4219) (120.411,-521.211,59.3164) (115.358,-504.455,69.8897) (117.035,-512.218,82.9952)
  f[1][1] pts=5 (117.035,-512.218,82.9952) (122.088,-528.975,72.4219) (120.411,-521.211,59.3164) (115.358,-504.455,69.8897) (117.035,-512.218,82.9952)
joint 28 type=30 v0=14 v1=23 f0_0=3 f1_0=5 name=cr_c_ip_0 orient=1 div=1 shift=0.5
  jv[0] pts=5 (-118.422,-466.59,82.1855) (-97.5514,-472.229,81.7422) (-104.81,-453.831,90.4843) (-125.68,-448.193,90.9277) (-118.422,-466.59,82.1855)
  jv[1] pts=5 (-120.043,-473.652,95.7013) (-99.172,-479.291,95.2579) (-106.43,-460.893,104) (-127.301,-455.255,104.443) (-120.043,-473.652,95.7013)
  m[0][0] pts=5 (-103.999,-450.3,83.7264) (-124.87,-444.662,84.1698) (-126.491,-451.724,97.6855) (-105.62,-457.362,97.2422) (-103.999,-450.3,83.7264)
  m[0][1] pts=5 (-103.999,-450.3,83.7264) (-124.87,-444.662,84.1698) (-126.491,-451.724,97.6855) (-105.62,-457.362,97.2422) (-103.999,-450.3,83.7264)
  f[0][0] pts=5 (-128.111,-458.786,111.201) (-120.853,-477.183,102.459) (-119.232,-470.121,88.9434) (-126.491,-451.724,97.6855) (-128.111,-458.786,111.201)
  f[0][1] pts=5 (-128.111,-458.786,111.201) (-120.853,-477.183,102.459) (-119.232,-470.121,88.9434) (-126.491,-451.724,97.6855) (-128.111,-458.786,111.201)
  m[1][0] pts=5 (-96.7411,-468.698,74.9843) (-117.612,-463.059,75.4277) (-119.232,-470.121,88.9434) (-98.3617,-475.76,88.5001) (-96.7411,-468.698,74.9843)
  m[1][1] pts=5 (-96.7411,-468.698,74.9843) (-117.612,-463.059,75.4277) (-119.232,-470.121,88.9434) (-98.3617,-475.76,88.5001) (-96.7411,-468.698,74.9843)
  f[1][0] pts=5 (-107.241,-464.424,110.758) (-99.9824,-482.821,102.016) (-98.3617,-475.76,88.5001) (-105.62,-457.362,97.2422) (-107.241,-464.424,110.758)
  f[1][1] pts=5 (-107.241,-464.424,110.758) (-99.9824,-482.821,102.016) (-98.3617,-475.76,88.5001) (-105.62,-457.362,97.2422) (-107.241,-464.424,110.758)
joint 29 type=30 v0=15 v1=24 f0_0=3 f1_0=5 name=cr_c_ip_0 orient=1 div=1 shift=0.5
  jv[0] pts=5 (86.192,-468.786,84.5938) (81.0173,-451.427,93.9072) (95.9259,-438.481,98.9047) (101.101,-455.84,89.5913) (86.192,-468.786,84.5938)
  jv[1] pts=5 (87.6042,-475.663,98.1975) (82.4295,-458.305,107.511) (97.3381,-445.359,112.508) (102.513,-462.718,103.195) (87.6042,-475.663,98.1975)
  m[0][0] pts=5 (95.2198,-435.043,92.1029) (100.395,-452.401,82.7895) (101.807,-459.279,96.3932) (96.632,-441.92,105.707) (95.2198,-435.043,92.1029)
  m[0][1] pts=5 (95.2198,-435.043,92.1029) (100.395,-452.401,82.7895) (101.807,-459.279,96.3932) (96.632,-441.92,105.707) (95.2198,-435.043,92.1029)
  f[0][0] pts=5 (103.219,-466.157,109.997) (88.3103,-479.102,104.999) (86.8981,-472.224,91.3957) (101.807,-459.279,96.3932) (103.219,-466.157,109.997)
  f[0][1] pts=5 (103.219,-466.157,109.997) (88.3103,-479.102,104.999) (86.8981,-472.224,91.3957) (101.807,-459.279,96.3932) (103.219,-466.157,109.997)
  m[1][0] pts=5 (80.3113,-447.988,87.1053) (85.486,-465.347,77.7919) (86.8981,-472.224,91.3957) (81.7234,-454.866,100.709) (80.3113,-447.988,87.1053)
  m[1][1] pts=5 (80.3113,-447.988,87.1053) (85.486,-465.347,77.7919) (86.8981,-472.224,91.3957) (81.7234,-454.866,100.709) (80.3113,-447.988,87.1053)
  f[1][0] pts=5 (98.0442,-448.798,119.31) (83.1356,-461.744,114.313) (81.7234,-454.866,100.709) (96.632,-441.92,105.707) (98.0442,-448.798,119.31)
  f[1][1] pts=5 (98.0442,-448.798,119.31) (83.1356,-461.744,114.313) (81.7234,-454.866,100.709) (96.632,-441.92,105.707) (98.0442,-448.798,119.31)
joint 30 type=30 v0=16 v1=17 f0_0=3 f1_0=5 name=cr_c_ip_0 orient=1 div=1 shift=0.5
  jv[0] pts=5 (432.97,-446.085,-10.448) (448.688,-430.419,-10.0888) (429.316,-429.627,0.714405) (413.598,-445.294,0.355238) (432.97,-446.085,-10.448)
  jv[1] pts=5 (438.816,-452.201,0.483133) (454.534,-436.534,0.8423) (435.162,-435.743,11.6455) (419.444,-451.41,11.2864) (438.816,-452.201,0.483133)
  m[0][0] pts=5 (426.393,-426.569,-4.75116) (410.675,-442.236,-5.11033) (416.521,-448.352,5.82081) (432.239,-432.685,6.17997) (426.393,-426.569,-4.75116)
  m[0][1] pts=5 (426.393,-426.569,-4.75116) (410.675,-442.236,-5.11033) (416.521,-448.352,5.82081) (432.239,-432.685,6.17997) (426.393,-426.569,-4.75116)
  f[0][0] pts=5 (422.367,-454.468,16.7519) (441.74,-455.259,5.9487) (435.893,-449.143,-4.98244) (416.521,-448.352,5.82081) (422.367,-454.468,16.7519)
  f[0][1] pts=5 (422.367,-454.468,16.7519) (441.74,-455.259,5.9487) (435.893,-449.143,-4.98244) (416.521,-448.352,5.82081) (422.367,-454.468,16.7519)
  m[1][0] pts=5 (445.765,-427.361,-15.5544) (430.047,-443.027,-15.9136) (435.893,-449.143,-4.98244) (451.611,-433.477,-4.62327) (445.765,-427.361,-15.5544)
  m[1][1] pts=5 (445.765,-427.361,-15.5544) (430.047,-443.027,-15.9136) (435.893,-449.143,-4.98244) (451.611,-433.477,-4.62327) (445.765,-427.361,-15.5544)
  f[1][0] pts=5 (438.085,-438.801,17.1111) (457.457,-439.592,6.30787) (451.611,-433.477,-4.62327) (432.239,-432.685,6.17997) (438.085,-438.801,17.1111)
  f[1][1] pts=5 (438.085,-438.801,17.1111) (457.457,-439.592,6.30787) (451.611,-433.477,-4.62327) (432.239,-432.685,6.17997) (438.085,-438.801,17.1111)
joint 31 type=30 v0=16 v1=26 f0_0=5 f1_0=3 name=cr_c_ip_0 orient=1 div=1 shift=0.5
  jv[0] pts=5 (382.58,-506.835,-2.08565) (397.56,-492.939,-0.807452) (394.521,-476.36,10.8149) (379.541,-490.257,9.53674) (382.58,-506.835,-2.08565)
  jv[1] pts=5 (376.258,-498.817,-15.176) (391.239,-484.92,-13.8978) (388.2,-468.342,-2.27541) (373.219,-482.238,-3.55361) (376.258,-498.817,-15.176)
  m[0][0] pts=5 (397.682,-480.37,17.3601) (382.701,-494.266,16.0819) (376.38,-486.248,2.99156) (391.36,-472.351,4.26977) (397.682,-480.37,17.3601)
  m[0][1] pts=5 (397.682,-480.37,17.3601) (382.701,-494.266,16.0819) (376.38,-486.248,2.99156) (391.36,-472.351,4.26977) (397.682,-480.37,17.3601)
  f[0][0] pts=5 (370.059,-478.229,-10.0988) (373.098,-494.808,-21.7212) (379.419,-502.826,-8.63083) (376.38,-486.248,2.99156) (370.059,-478.229,-10.0988)
  f[0][1] pts=5 (370.059,-478.229,-10.0988) (373.098,-494.808,-21.7212) (379.419,-502.826,-8.63083) (376.38,-486.248,2.99156) (370.059,-478.229,-10.0988)
  m[1][0] pts=5 (400.721,-496.948,5.73773) (385.74,-510.844,4.45952) (379.419,-502.826,-8.63083) (394.399,-488.93,-7.35263) (400.721,-496.948,5.73773)
  m[1][1] pts=5 (400.721,-496.948,5.73773) (385.74,-510.844,4.45952) (379.419,-502.826,-8.63083) (394.399,-488.93,-7.35263) (400.721,-496.948,5.73773)
  f[1][0] pts=5 (385.039,-464.333,-8.82059) (388.078,-480.911,-20.443) (394.399,-488.93,-7.35263) (391.36,-472.351,4.26977) (385.039,-464.333,-8.82059)
  f[1][1] pts=5 (385.039,-464.333,-8.82059) (388.078,-480.911,-20.443) (394.399,-488.93,-7.35263) (391.36,-472.351,4.26977) (385.039,-464.333,-8.82059)
joint 32 type=30 v0=17 v1=18 f0_0=3 f1_0=5 name=cr_c_ip_0 orient=1 div=1 shift=0.5
  jv[0] pts=5 (535.457,-445.729,-78.5698) (551.251,-445.363,-89.8196) (549.755,-429.37,-78.952) (533.962,-429.736,-67.7022) (535.457,-445.729,-78.5698)
  jv[1] pts=5 (544.18,-453.072,-66.563) (559.974,-452.706,-77.8128) (558.478,-436.713,-66.9453) (542.685,-437.079,-55.6954) (544.18,-453.072,-66.563)
  m[0][0] pts=5 (545.394,-425.698,-84.9554) (529.601,-426.064,-73.7056) (538.324,-433.408,-61.6988) (554.117,-433.041,-72.9486) (545.394,-425.698,-84.9554)
  m[0][1] pts=5 (545.394,-425.698,-84.9554) (529.601,-426.064,-73.7056) (538.324,-433.408,-61.6988) (554.117,-433.041,-72.9486) (545.394,-425.698,-84.9554)
  f[0][0] pts=5 (547.047,-440.751,-49.6921) (548.542,-456.744,-60.5596) (539.819,-449.401,-72.5664) (538.324,-433.408,-61.6988) (547.047,-440.751,-49.6921)
  f[0][1] pts=5 (547.047,-440.751,-49.6921) (548.542,-456.744,-60.5596) (539.819,-449.401,-72.5664) (538.324,-433.408,-61.6988) (547.047,-440.751,-49.6921)
  m[1][0] pts=5 (546.889,-441.691,-95.823) (531.096,-442.058,-84.5732) (539.819,-449.401,-72.5664) (555.612,-449.034,-83.8162) (546.889,-441.691,-95.823)
  m[1][1] pts=5 (546.889,-441.691,-95.823) (531.096,-442.058,-84.5732) (539.819,-449.401,-72.5664) (555.612,-449.034,-83.8162) (546.889,-441.691,-95.823)
  f[1][0] pts=5 (562.84,-440.384,-60.9419) (564.335,-456.378,-71.8094) (555.612,-449.034,-83.8162) (554.117,-433.041,-72.9486) (562.84,-440.384,-60.9419)
  f[1][1] pts=5 (562.84,-440.384,-60.9419) (564.335,-456.378,-71.8094) (555.612,-449.034,-83.8162) (554.117,-433.041,-72.9486) (562.84,-440.384,-60.9419)
joint 33 type=30 v0=17 v1=26 f0_0=3 f1_0=5 name=cr_c_ip_0 orient=1 div=1 shift=0.5
  jv[0] pts=5 (365.332,-441.635,23.1959) (383.215,-442.85,14.3932) (379.855,-426.194,24.8848) (361.971,-424.979,33.6875) (365.332,-441.635,23.1959)
  jv[1] pts=5 (371.415,-448.816,36.5455) (389.298,-450.032,27.7428) (385.938,-433.376,38.2344) (368.055,-432.161,47.0371) (371.415,-448.816,36.5455)
  m[0][0] pts=5 (376.813,-422.603,18.21) (358.93,-421.388,27.0127) (365.013,-428.57,40.3623) (382.896,-429.785,31.5596) (376.813,-422.603,18.21)
  m[0][1] pts=5 (376.813,-422.603,18.21) (358.93,-421.388,27.0127) (365.013,-428.57,40.3623) (382.896,-429.785,31.5596) (376.813,-422.603,18.21)
  f[0][0] pts=5 (371.096,-435.752,53.7119) (374.456,-452.407,43.2204) (368.373,-445.226,29.8707) (365.013,-428.57,40.3623) (371.096,-435.752,53.7119)
  f[0][1] pts=5 (371.096,-435.752,53.7119) (374.456,-452.407,43.2204) (368.373,-445.226,29.8707) (365.013,-428.57,40.3623) (371.096,-435.752,53.7119)
  m[1][0] pts=5 (380.174,-439.259,7.71839) (362.29,-438.044,16.5211) (368.373,-445.226,29.8707) (386.257,-446.441,21.068) (380.174,-439.259,7.71839)
  m[1][1] pts=5 (380.174,-439.259,7.71839) (362.29,-438.044,16.5211) (368.373,-445.226,29.8707) (386.257,-446.441,21.068) (380.174,-439.259,7.71839)
  f[1][0] pts=5 (388.979,-436.967,44.9092) (392.34,-453.622,34.4177) (386.257,-446.441,21.068) (382.896,-429.785,31.5596) (388.979,-436.967,44.9092)
  f[1][1] pts=5 (388.979,-436.967,44.9092) (392.34,-453.622,34.4177) (386.257,-446.441,21.068) (382.896,-429.785,31.5596) (388.979,-436.967,44.9092)
joint 34 type=30 v0=17 v1=27 f0_0=5 f1_0=3 name=cr_c_ip_0 orient=1 div=1 shift=0.5
  jv[0] pts=5 (496.428,-452.996,-35.4073) (475.312,-452.768,-22.1007) (494.324,-436.796,-24.6395) (515.44,-437.025,-37.9461) (496.428,-452.996,-35.4073)
  jv[1] pts=5 (488.045,-445.153,-48.8446) (466.929,-444.924,-35.538) (485.941,-428.953,-38.0768) (507.057,-429.182,-51.3835) (488.045,-445.153,-48.8446)
  m[0][0] pts=5 (498.516,-440.718,-17.9208) (519.632,-440.946,-31.2274) (511.249,-433.103,-44.6648) (490.133,-432.875,-31.3582) (498.516,-440.718,-17.9208)
  m[0][1] pts=5 (498.516,-440.718,-17.9208) (519.632,-440.946,-31.2274) (511.249,-433.103,-44.6648) (490.133,-432.875,-31.3582) (498.516,-440.718,-17.9208)
  f[0][0] pts=5 (502.866,-425.26,-58.1021) (483.853,-441.231,-55.5633) (492.236,-449.075,-42.126) (511.249,-433.103,-44.6648) (502.866,-425.26,-58.1021)
  f[0][1] pts=5 (502.866,-425.26,-58.1021) (483.853,-441.231,-55.5633) (492.236,-449.075,-42.126) (511.249,-433.103,-44.6648) (502.866,-425.26,-58.1021)
  m[1][0] pts=5 (479.503,-456.689,-15.382) (500.619,-456.918,-28.6886) (492.236,-449.075,-42.126) (471.12,-448.846,-28.8193) (479.503,-456.689,-15.382)
  m[1][1] pts=5 (479.503,-456.689,-15.382) (500.619,-456.918,-28.6886) (492.236,-449.075,-42.126) (471.12,-448.846,-28.8193) (479.503,-456.689,-15.382)
  f[1][0] pts=5 (481.75,-425.032,-44.7955) (462.737,-441.003,-42.2567) (471.12,-448.846,-28.8193) (490.133,-432.875,-31.3582) (481.75,-425.032,-44.7955)
  f[1][1] pts=5 (481.75,-425.032,-44.7955) (462.737,-441.003,-42.2567) (471.12,-448.846,-28.8193) (490.133,-432.875,-31.3582) (481.75,-425.032,-44.7955)
joint 35 type=30 v0=18 v1=27 f0_0=3 f1_0=5 name=cr_c_ip_0 orient=1 div=1 shift=0.5
  jv[0] pts=5 (532.031,-409.185,-53.7585) (529.992,-392.493,-43.4277) (544.392,-379.327,-46.3954) (546.431,-396.019,-56.7262) (532.031,-409.185,-53.7585)
  jv[1] pts=5 (538.578,-414.221,-44.3286) (536.539,-397.529,-33.9979) (550.94,-384.364,-36.9656) (552.979,-401.056,-47.2963) (538.578,-414.221,-44.3286)
  m[0][0] pts=5 (541.118,-376.809,-51.1104) (543.157,-393.501,-61.4411) (549.705,-398.538,-52.0113) (547.666,-381.845,-41.6805) (541.118,-376.809,-51.1104)
  m[0][1] pts=5 (541.118,-376.809,-51.1104) (543.157,-393.501,-61.4411) (549.705,-398.538,-52.0113) (547.666,-381.845,-41.6805) (541.118,-376.809,-51.1104)
  f[0][0] pts=5 (556.253,-403.574,-42.5814) (541.852,-416.739,-39.6137) (535.304,-411.703,-49.0436) (549.705,-398.538,-52.0113) (556.253,-403.574,-42.5814)
  f[0][1] pts=5 (556.253,-403.574,-42.5814) (541.852,-416.739,-39.6137) (535.304,-411.703,-49.0436) (549.705,-398.538,-52.0113) (556.253,-403.574,-42.5814)
  m[1][0] pts=5 (526.718,-389.974,-48.1427) (528.757,-406.666,-58.4734) (535.304,-411.703,-49.0436) (533.265,-395.011,-38.7128) (526.718,-389.974,-48.1427)
  m[1][1] pts=5 (526.718,-389.974,-48.1427) (528.757,-406.666,-58.4734) (535.304,-411.703,-49.0436) (533.265,-395.011,-38.7128) (526.718,-389.974,-48.1427)
  f[1][0] pts=5 (554.214,-386.882,-32.2506) (539.813,-400.047,-29.2829) (533.265,-395.011,-38.7128) (547.666,-381.845,-41.6805) (554.214,-386.882,-32.2506)
  f[1][1] pts=5 (554.214,-386.882,-32.2506) (539.813,-400.047,-29.2829) (533.265,-395.011,-38.7128) (547.666,-381.845,-41.6805) (554.214,-386.882,-32.2506)
joint 36 type=30 v0=19 v1=20 f0_0=5 f1_0=3 name=cr_c_ip_0 orient=1 div=1 shift=0.5
  jv[0] pts=5 (-606.977,-325.422,-48.7328) (-616.21,-304.472,-46.1972) (-597.487,-313.251,-36.0516) (-588.254,-334.201,-38.5873) (-606.977,-325.422,-48.7328)
  jv[1] pts=5 (-597.136,-319.506,-61.7766) (-606.368,-298.556,-59.2409) (-587.645,-307.335,-49.0954) (-578.412,-328.285,-51.6311) (-597.136,-319.506,-61.7766)
  m[0][0] pts=5 (-602.408,-316.209,-29.5298) (-593.175,-337.159,-32.0654) (-583.333,-331.243,-45.1092) (-592.566,-310.293,-42.5735) (-602.408,-316.209,-29.5298)
  m[0][1] pts=5 (-602.408,-316.209,-29.5298) (-593.175,-337.159,-32.0654) (-583.333,-331.243,-45.1092) (-592.566,-310.293,-42.5735) (-602.408,-316.209,-29.5298)
  f[0][0] pts=5 (-573.491,-325.327,-58.1529) (-592.215,-316.548,-68.2985) (-602.057,-322.464,-55.2547) (-583.333,-331.243,-45.1092) (-573.491,-325.327,-58.1529)
  f[0][1] pts=5 (-573.491,-325.327,-58.1529) (-592.215,-316.548,-68.2985) (-602.057,-322.464,-55.2547) (-583.333,-331.243,-45.1092) (-573.491,-325.327,-58.1529)
  m[1][0] pts=5 (-621.131,-307.43,-39.6753) (-611.898,-328.38,-42.211) (-602.057,-322.464,-55.2547) (-611.289,-301.514,-52.719) (-621.131,-307.43,-39.6753)
  m[1][1] pts=5 (-621.131,-307.43,-39.6753) (-611.898,-328.38,-42.211) (-602.057,-322.464,-55.2547) (-611.289,-301.514,-52.719) (-621.131,-307.43,-39.6753)
  f[1][0] pts=5 (-582.724,-304.377,-55.6173) (-601.448,-295.598,-65.7628) (-611.289,-301.514,-52.719) (-592.566,-310.293,-42.5735) (-582.724,-304.377,-55.6173)
  f[1][1] pts=5 (-582.724,-304.377,-55.6173) (-601.448,-295.598,-65.7628) (-611.289,-301.514,-52.719) (-592.566,-310.293,-42.5735) (-582.724,-304.377,-55.6173)
joint 37 type=30 v0=19 v1=29 f0_0=3 f1_0=5 name=cr_c_ip_0 orient=1 div=1 shift=0.5
  jv[0] pts=5 (-615.019,-280.396,-56.3272) (-622.141,-261.825,-55.2536) (-612.229,-249.579,-43.0662) (-605.107,-268.15,-44.1398) (-615.019,-280.396,-56.3272)
  jv[1] pts=5 (-623.741,-284.382,-45.2275) (-630.863,-265.811,-44.1539) (-620.951,-253.566,-31.9664) (-613.829,-272.136,-33.04) (-623.741,-284.382,-45.2275)
  m[0][0] pts=5 (-607.868,-247.586,-48.616) (-600.746,-266.157,-49.6897) (-609.468,-270.143,-38.5899) (-616.59,-251.572,-37.5163) (-607.868,-247.586,-48.616)
  m[0][1] pts=5 (-607.868,-247.586,-48.616) (-600.746,-266.157,-49.6897) (-609.468,-270.143,-38.5899) (-616.59,-251.572,-37.5163) (-607.868,-247.586,-48.616)
  f[0][0] pts=5 (-618.189,-274.13,-27.4902) (-628.102,-286.376,-39.6776) (-619.38,-282.389,-50.7774) (-609.468,-270.143,-38.5899) (-618.189,-274.13,-27.4902)
  f[0][1] pts=5 (-618.189,-274.13,-27.4902) (-628.102,-286.376,-39.6776) (-619.38,-282.389,-50.7774) (-609.468,-270.143,-38.5899) (-618.189,-274.13,-27.4902)
  m[1][0] pts=5 (-617.78,-259.831,-60.8035) (-610.658,-278.402,-61.8771) (-619.38,-282.389,-50.7774) (-626.502,-263.818,-49.7037) (-617.78,-259.831,-60.8035)
  m[1][1] pts=5 (-617.78,-259.831,-60.8035) (-610.658,-278.402,-61.8771) (-619.38,-282.389,-50.7774) (-626.502,-263.818,-49.7037) (-617.78,-259.831,-60.8035)
  f[1][0] pts=5 (-625.312,-255.559,-26.4165) (-635.224,-267.805,-38.604) (-626.502,-263.818,-49.7037) (-616.59,-251.572,-37.5163) (-625.312,-255.559,-26.4165)
  f[1][1] pts=5 (-625.312,-255.559,-26.4165) (-635.224,-267.805,-38.604) (-626.502,-263.818,-49.7037) (-616.59,-251.572,-37.5163) (-625.312,-255.559,-26.4165)
joint 38 type=30 v0=20 v1=29 f0_0=5 f1_0=3 name=cr_c_ip_0 orient=1 div=1 shift=0.5
  jv[0] pts=5 (-641.252,-307.299,-70.8877) (-656.626,-299.183,-80.801) (-647.457,-287.258,-67.6026) (-632.083,-295.373,-57.6893) (-641.252,-307.299,-70.8877)
  jv[1] pts=5 (-631.359,-302.381,-82.2033) (-646.733,-294.266,-92.1166) (-637.564,-282.34,-78.9181) (-622.191,-290.455,-69.0048) (-631.359,-302.381,-82.2033)
  m[0][0] pts=5 (-652.403,-289.717,-61.9448) (-637.029,-297.832,-52.0315) (-627.137,-292.914,-63.3471) (-642.511,-284.799,-73.2603) (-652.403,-289.717,-61.9448)
  m[0][1] pts=5 (-652.403,-289.717,-61.9448) (-637.029,-297.832,-52.0315) (-627.137,-292.914,-63.3471) (-642.511,-284.799,-73.2603) (-652.403,-289.717,-61.9448)
  f[0][0] pts=5 (-617.244,-287.996,-74.6626) (-626.413,-299.922,-87.8611) (-636.306,-304.84,-76.5455) (-627.137,-292.914,-63.3471) (-617.244,-287.996,-74.6626)
  f[0][1] pts=5 (-617.244,-287.996,-74.6626) (-626.413,-299.922,-87.8611) (-636.306,-304.84,-76.5455) (-627.137,-292.914,-63.3471) (-617.244,-287.996,-74.6626)
  m[1][0] pts=5 (-661.572,-301.642,-75.1432) (-646.198,-309.758,-65.2299) (-636.306,-304.84,-76.5455) (-651.679,-296.725,-86.4588) (-661.572,-301.642,-75.1432)
  m[1][1] pts=5 (-661.572,-301.642,-75.1432) (-646.198,-309.758,-65.2299) (-636.306,-304.84,-76.5455) (-651.679,-296.725,-86.4588) (-661.572,-301.642,-75.1432)
  f[1][0] pts=5 (-632.618,-279.881,-84.5759) (-641.787,-291.807,-97.7744) (-651.679,-296.725,-86.4588) (-642.511,-284.799,-73.2603) (-632.618,-279.881,-84.5759)
  f[1][1] pts=5 (-632.618,-279.881,-84.5759) (-641.787,-291.807,-97.7744) (-651.679,-296.725,-86.4588) (-642.511,-284.799,-73.2603) (-632.618,-279.881,-84.5759)
joint 39 type=30 v0=21 v1=22 f0_0=3 f1_0=5 name=cr_c_ip_0 orient=1 div=1 shift=0.5
  jv[0] pts=5 (-297.904,-342.767,95.2624) (-285.2,-329.731,104.325) (-304.088,-323.325,100.365) (-316.792,-336.361,91.3031) (-297.904,-342.767,95.2624)
  jv[1] pts=5 (-302.936,-348.312,110.292) (-290.231,-335.276,119.354) (-309.119,-328.87,115.395) (-321.823,-341.906,106.333) (-302.936,-348.312,110.292)
  m[0][0] pts=5 (-301.572,-320.553,92.8507) (-314.277,-333.589,83.7884) (-319.308,-339.134,98.8179) (-306.603,-326.098,107.88) (-301.572,-320.553,92.8507)
  m[0][1] pts=5 (-301.572,-320.553,92.8507) (-314.277,-333.589,83.7884) (-319.308,-339.134,98.8179) (-306.603,-326.098,107.88) (-301.572,-320.553,92.8507)
  f[0][0] pts=5 (-324.339,-344.679,113.847) (-305.451,-351.085,117.807) (-300.42,-345.54,102.777) (-319.308,-339.134,98.8179) (-324.339,-344.679,113.847)
  f[0][1] pts=5 (-324.339,-344.679,113.847) (-305.451,-351.085,117.807) (-300.42,-345.54,102.777) (-319.308,-339.134,98.8179) (-324.339,-344.679,113.847)
  m[1][0] pts=5 (-282.684,-326.959,96.81) (-295.389,-339.995,87.7476) (-300.42,-345.54,102.777) (-287.716,-332.504,111.839) (-282.684,-326.959,96.81)
  m[1][1] pts=5 (-282.684,-326.959,96.81) (-295.389,-339.995,87.7476) (-300.42,-345.54,102.777) (-287.716,-332.504,111.839) (-282.684,-326.959,96.81)
  f[1][0] pts=5 (-311.635,-331.643,122.91) (-292.747,-338.049,126.869) (-287.716,-332.504,111.839) (-306.603,-326.098,107.88) (-311.635,-331.643,122.91)
  f[1][1] pts=5 (-311.635,-331.643,122.91) (-292.747,-338.049,126.869) (-287.716,-332.504,111.839) (-306.603,-326.098,107.88) (-311.635,-331.643,122.91)
joint 40 type=30 v0=21 v1=31 f0_0=5 f1_0=3 name=cr_c_ip_0 orient=1 div=1 shift=0.5
  jv[0] pts=5 (-346.742,-393.175,74.8057) (-334.679,-380.822,84.6665) (-342.532,-363.105,89.1116) (-354.596,-375.457,79.2508) (-346.742,-393.175,74.8057)
  jv[1] pts=5 (-342.042,-388.032,62.6146) (-329.979,-375.68,72.4754) (-337.832,-357.963,76.9206) (-349.896,-370.315,67.0597) (-342.042,-388.032,62.6146)
  m[0][0] pts=5 (-344.882,-365.676,95.2072) (-356.946,-378.028,85.3463) (-352.246,-372.886,73.1552) (-340.182,-360.534,83.0161) (-344.882,-365.676,95.2072)
  m[0][1] pts=5 (-344.882,-365.676,95.2072) (-356.946,-378.028,85.3463) (-352.246,-372.886,73.1552) (-340.182,-360.534,83.0161) (-344.882,-365.676,95.2072)
  f[0][0] pts=5 (-347.546,-367.744,60.9642) (-339.692,-385.461,56.519) (-344.392,-390.604,68.7101) (-352.246,-372.886,73.1552) (-347.546,-367.744,60.9642)
  f[0][1] pts=5 (-347.546,-367.744,60.9642) (-339.692,-385.461,56.519) (-344.392,-390.604,68.7101) (-352.246,-372.886,73.1552) (-347.546,-367.744,60.9642)
  m[1][0] pts=5 (-337.029,-383.393,90.7621) (-349.092,-395.746,80.9012) (-344.392,-390.604,68.7101) (-332.329,-378.251,78.571) (-337.029,-383.393,90.7621)
  m[1][1] pts=5 (-337.029,-383.393,90.7621) (-349.092,-395.746,80.9012) (-344.392,-390.604,68.7101) (-332.329,-378.251,78.571) (-337.029,-383.393,90.7621)
  f[1][0] pts=5 (-335.482,-355.392,70.825) (-327.629,-373.109,66.3799) (-332.329,-378.251,78.571) (-340.182,-360.534,83.0161) (-335.482,-355.392,70.825)
  f[1][1] pts=5 (-335.482,-355.392,70.825) (-327.629,-373.109,66.3799) (-332.329,-378.251,78.571) (-340.182,-360.534,83.0161) (-335.482,-355.392,70.825)
joint 41 type=30 v0=22 v1=23 f0_0=3 f1_0=5 name=cr_c_ip_0 orient=1 div=1 shift=0.5
  jv[0] pts=5 (-148.221,-388.464,115.389) (-127.752,-393.844,116.213) (-134.622,-374.993,122.999) (-155.092,-369.613,122.175) (-148.221,-388.464,115.389)
  jv[1] pts=5 (-150.225,-394.029,128.82) (-129.755,-399.409,129.644) (-136.625,-380.558,136.43) (-157.095,-375.178,135.606) (-150.225,-394.029,128.82)
  m[0][0] pts=5 (-133.62,-372.21,116.284) (-154.09,-366.83,115.46) (-156.093,-372.395,128.891) (-135.624,-377.775,129.715) (-133.62,-372.21,116.284)
  m[0][1] pts=5 (-133.62,-372.21,116.284) (-154.09,-366.83,115.46) (-156.093,-372.395,128.891) (-135.624,-377.775,129.715) (-133.62,-372.21,116.284)
  f[0][0] pts=5 (-158.097,-377.96,142.321) (-151.226,-396.812,135.535) (-149.223,-391.247,122.104) (-156.093,-372.395,128.891) (-158.097,-377.96,142.321)
  f[0][1] pts=5 (-158.097,-377.96,142.321) (-151.226,-396.812,135.535) (-149.223,-391.247,122.104) (-156.093,-372.395,128.891) (-158.097,-377.96,142.321)
  m[1][0] pts=5 (-126.75,-391.061,109.497) (-147.22,-385.682,108.674) (-149.223,-391.247,122.104) (-128.753,-396.627,122.928) (-126.75,-391.061,109.497)
  m[1][1] pts=5 (-126.75,-391.061,109.497) (-147.22,-385.682,108.674) (-149.223,-391.247,122.104) (-128.753,-396.627,122.928) (-126.75,-391.061,109.497)
  f[1][0] pts=5 (-137.627,-383.34,143.145) (-130.756,-402.192,136.359) (-128.753,-396.627,122.928) (-135.624,-377.775,129.715) (-137.627,-383.34,143.145)
  f[1][1] pts=5 (-137.627,-383.34,143.145) (-130.756,-402.192,136.359) (-128.753,-396.627,122.928) (-135.624,-377.775,129.715) (-137.627,-383.34,143.145)
joint 42 type=30 v0=22 v1=32 f0_0=5 f1_0=3 name=cr_c_ip_0 orient=1 div=1 shift=0.5
  jv[0] pts=5 (-209.855,-377.45,124.408) (-229.764,-371.583,122.199) (-215.766,-358.538,130.538) (-195.857,-364.405,132.747) (-209.855,-377.45,124.408)
  jv[1] pts=5 (-206.907,-372.327,111.445) (-226.816,-366.46,109.236) (-212.818,-353.415,117.575) (-192.909,-359.282,119.784) (-206.907,-372.327,111.445)
  m[0][0] pts=5 (-217.24,-361.099,137.019) (-197.331,-366.966,139.228) (-194.383,-361.843,126.265) (-214.292,-355.976,124.056) (-217.24,-361.099,137.019)
  m[0][1] pts=5 (-217.24,-361.099,137.019) (-197.331,-366.966,139.228) (-194.383,-361.843,126.265) (-214.292,-355.976,124.056) (-217.24,-361.099,137.019)
  f[0][0] pts=5 (-191.435,-356.72,113.302) (-205.433,-369.766,104.963) (-208.381,-374.889,117.926) (-194.383,-361.843,126.265) (-191.435,-356.72,113.302)
  f[0][1] pts=5 (-191.435,-356.72,113.302) (-205.433,-369.766,104.963) (-208.381,-374.889,117.926) (-194.383,-361.843,126.265) (-191.435,-356.72,113.302)
  m[1][0] pts=5 (-231.238,-374.145,128.68) (-211.329,-380.012,130.889) (-208.381,-374.889,117.926) (-228.29,-369.022,115.717) (-231.238,-374.145,128.68)
  m[1][1] pts=5 (-231.238,-374.145,128.68) (-211.329,-380.012,130.889) (-208.381,-374.889,117.926) (-228.29,-369.022,115.717) (-231.238,-374.145,128.68)
  f[1][0] pts=5 (-211.344,-350.853,111.093) (-225.342,-363.899,102.754) (-228.29,-369.022,115.717) (-214.292,-355.976,124.056) (-211.344,-350.853,111.093)
  f[1][1] pts=5 (-211.344,-350.853,111.093) (-225.342,-363.899,102.754) (-228.29,-369.022,115.717) (-214.292,-355.976,124.056) (-211.344,-350.853,111.093)
joint 43 type=30 v0=22 v1=31 f0_0=3 f1_0=5 name=cr_c_ip_0 orient=1 div=1 shift=0.5
  jv[0] pts=5 (-372.699,-317.083,78.8823) (-352.23,-324.654,84.5687) (-360.644,-304.077,88.3634) (-381.112,-296.505,82.6771) (-372.699,-317.083,78.8823)
  jv[1] pts=5 (-377.919,-321.579,91.6879) (-357.451,-329.15,97.3742) (-365.864,-308.573,101.169) (-386.333,-301.001,95.4826) (-377.919,-321.579,91.6879)
  m[0][0] pts=5 (-358.033,-301.829,81.9606) (-378.502,-294.257,76.2743) (-383.722,-298.753,89.0799) (-363.254,-306.325,94.7662) (-358.033,-301.829,81.9606)
  m[0][1] pts=5 (-358.033,-301.829,81.9606) (-378.502,-294.257,76.2743) (-383.722,-298.753,89.0799) (-363.254,-306.325,94.7662) (-358.033,-301.829,81.9606)
  f[0][0] pts=5 (-388.943,-303.249,101.885) (-380.53,-323.827,98.0907) (-375.309,-319.331,85.2851) (-383.722,-298.753,89.0799) (-388.943,-303.249,101.885)
  f[0][1] pts=5 (-388.943,-303.249,101.885) (-380.53,-323.827,98.0907) (-375.309,-319.331,85.2851) (-383.722,-298.753,89.0799) (-388.943,-303.249,101.885)
  m[1][0] pts=5 (-349.62,-322.406,78.1659) (-370.088,-314.835,72.4796) (-375.309,-319.331,85.2851) (-354.841,-326.902,90.9714) (-349.62,-322.406,78.1659)
  m[1][1] pts=5 (-349.62,-322.406,78.1659) (-370.088,-314.835,72.4796) (-375.309,-319.331,85.2851) (-354.841,-326.902,90.9714) (-349.62,-322.406,78.1659)
  f[1][0] pts=5 (-368.475,-310.821,107.572) (-360.061,-331.398,103.777) (-354.841,-326.902,90.9714) (-363.254,-306.325,94.7662) (-368.475,-310.821,107.572)
  f[1][1] pts=5 (-368.475,-310.821,107.572) (-360.061,-331.398,103.777) (-354.841,-326.902,90.9714) (-363.254,-306.325,94.7662) (-368.475,-310.821,107.572)
joint 44 type=30 v0=23 v1=32 f0_0=3 f1_0=5 name=cr_c_ip_0 orient=1 div=1 shift=0.5
  jv[0] pts=5 (-167.24,-335,132.849) (-173.616,-316.411,138.017) (-159.727,-303.228,144.816) (-153.35,-321.817,139.648) (-167.24,-335,132.849)
  jv[1] pts=5 (-169.787,-340.033,147.811) (-176.163,-321.444,152.979) (-162.274,-308.262,159.778) (-155.897,-326.851,154.61) (-169.787,-340.033,147.811)
  m[0][0] pts=5 (-158.453,-300.712,137.335) (-152.077,-319.301,132.167) (-154.624,-324.334,147.129) (-161,-305.745,152.297) (-158.453,-300.712,137.335)
  m[0][1] pts=5 (-158.453,-300.712,137.335) (-152.077,-319.301,132.167) (-154.624,-324.334,147.129) (-161,-305.745,152.297) (-158.453,-300.712,137.335)
  f[0][0] pts=5 (-157.171,-329.367,162.091) (-171.06,-342.55,155.292) (-168.513,-337.516,140.33) (-154.624,-324.334,147.129) (-157.171,-329.367,162.091)
  f[0][1] pts=5 (-157.171,-329.367,162.091) (-171.06,-342.55,155.292) (-168.513,-337.516,140.33) (-154.624,-324.334,147.129) (-157.171,-329.367,162.091)
  m[1][0] pts=5 (-172.343,-313.894,130.536) (-165.966,-332.483,125.368) (-168.513,-337.516,140.33) (-174.89,-318.927,145.498) (-172.343,-313.894,130.536)
  m[1][1] pts=5 (-172.343,-313.894,130.536) (-165.966,-332.483,125.368) (-168.513,-337.516,140.33) (-174.89,-318.927,145.498) (-172.343,-313.894,130.536)
  f[1][0] pts=5 (-163.547,-310.778,167.259) (-177.437,-323.961,160.46) (-174.89,-318.927,145.498) (-161,-305.745,152.297) (-163.547,-310.778,167.259)
  f[1][1] pts=5 (-163.547,-310.778,167.259) (-177.437,-323.961,160.46) (-174.89,-318.927,145.498) (-161,-305.745,152.297) (-163.547,-310.778,167.259)
joint 45 type=30 v0=24 v1=25 f0_0=3 f1_0=5 name=cr_c_ip_0 orient=1 div=1 shift=0.5
  jv[0] pts=5 (214.642,-351.385,118.152) (229.635,-336.59,120.3) (209.589,-333.08,126.144) (194.596,-347.875,123.996) (214.642,-351.385,118.152)
  jv[1] pts=5 (217.6,-356.284,131.243) (232.593,-341.489,133.392) (212.547,-337.979,139.235) (197.554,-352.774,137.087) (217.6,-356.284,131.243)
  m[0][0] pts=5 (208.11,-330.631,119.599) (193.116,-345.426,117.45) (196.075,-350.325,130.542) (211.068,-335.53,132.69) (208.11,-330.631,119.599)
  m[0][1] pts=5 (208.11,-330.631,119.599) (193.116,-345.426,117.45) (196.075,-350.325,130.542) (211.068,-335.53,132.69) (208.11,-330.631,119.599)
  f[0][0] pts=5 (199.034,-355.224,143.633) (219.079,-358.734,137.789) (216.121,-353.835,124.698) (196.075,-350.325,130.542) (199.034,-355.224,143.633)
  f[0][1] pts=5 (199.034,-355.224,143.633) (219.079,-358.734,137.789) (216.121,-353.835,124.698) (196.075,-350.325,130.542) (199.034,-355.224,143.633)
  m[1][0] pts=5 (228.156,-334.141,113.755) (213.162,-348.936,111.607) (216.121,-353.835,124.698) (231.114,-339.039,126.846) (228.156,-334.141,113.755)
  m[1][1] pts=5 (228.156,-334.141,113.755) (213.162,-348.936,111.607) (216.121,-353.835,124.698) (231.114,-339.039,126.846) (228.156,-334.141,113.755)
  f[1][0] pts=5 (214.027,-340.428,145.781) (234.073,-343.938,139.937) (231.114,-339.039,126.846) (211.068,-335.53,132.69) (214.027,-340.428,145.781)
  f[1][1] pts=5 (214.027,-340.428,145.781) (234.073,-343.938,139.937) (231.114,-339.039,126.846) (211.068,-335.53,132.69) (214.027,-340.428,145.781)
joint 46 type=30 v0=24 v1=34 f0_0=5 f1_0=3 name=cr_c_ip_0 orient=1 div=1 shift=0.5
  jv[0] pts=5 (160.326,-411.298,120.6) (174.959,-397.564,123.84) (169.606,-379.882,132.32) (154.974,-393.616,129.08) (160.326,-411.298,120.6)
  jv[1] pts=5 (157.895,-405.487,106.95) (172.527,-391.754,110.19) (167.175,-374.072,118.67) (152.543,-387.805,115.43) (157.895,-405.487,106.95)
  m[0][0] pts=5 (170.822,-382.787,139.145) (156.19,-396.521,135.905) (153.758,-390.71,122.255) (168.391,-376.977,125.495) (170.822,-382.787,139.145)
  m[0][1] pts=5 (170.822,-382.787,139.145) (156.19,-396.521,135.905) (153.758,-390.71,122.255) (168.391,-376.977,125.495) (170.822,-382.787,139.145)
  f[0][0] pts=5 (151.327,-384.9,108.605) (156.679,-402.582,100.125) (159.111,-408.392,113.775) (153.758,-390.71,122.255) (151.327,-384.9,108.605)
  f[0][1] pts=5 (151.327,-384.9,108.605) (156.679,-402.582,100.125) (159.111,-408.392,113.775) (153.758,-390.71,122.255) (151.327,-384.9,108.605)
  m[1][0] pts=5 (176.174,-400.469,130.665) (161.542,-414.203,127.425) (159.111,-408.392,113.775) (173.743,-394.659,117.015) (176.174,-400.469,130.665)
  m[1][1] pts=5 (176.174,-400.469,130.665) (161.542,-414.203,127.425) (159.111,-408.392,113.775) (173.743,-394.659,117.015) (176.174,-400.469,130.665)
  f[1][0] pts=5 (165.959,-371.166,111.845) (171.311,-388.848,103.364) (173.743,-394.659,117.015) (168.391,-376.977,125.495) (165.959,-371.166,111.845)
  f[1][1] pts=5 (165.959,-371.166,111.845) (171.311,-388.848,103.364) (173.743,-394.659,117.015) (168.391,-376.977,125.495) (165.959,-371.166,111.845)
joint 47 type=30 v0=25 v1=26 f0_0=3 f1_0=5 name=cr_c_ip_0 orient=1 div=1 shift=0.5
  jv[0] pts=5 (350.757,-371.305,66.0083) (369.074,-373.512,57.484) (365.005,-355.844,66.6678) (346.687,-353.636,75.1921) (350.757,-371.305,66.0083)
  jv[1] pts=5 (356.243,-376.926,79.2549) (374.561,-379.134,70.7306) (370.492,-361.465,79.9144) (352.174,-359.258,88.4387) (356.243,-376.926,79.2549)
  m[0][0] pts=5 (362.262,-353.033,60.0446) (343.944,-350.825,68.5688) (349.431,-356.447,81.8154) (367.749,-358.654,73.2911) (362.262,-353.033,60.0446)
  m[0][1] pts=5 (362.262,-353.033,60.0446) (343.944,-350.825,68.5688) (349.431,-356.447,81.8154) (367.749,-358.654,73.2911) (362.262,-353.033,60.0446)
  f[0][0] pts=5 (354.918,-362.069,95.062) (358.987,-379.737,85.8782) (353.5,-374.116,72.6316) (349.431,-356.447,81.8154) (354.918,-362.069,95.062)
  f[0][1] pts=5 (354.918,-362.069,95.062) (358.987,-379.737,85.8782) (353.5,-374.116,72.6316) (349.431,-356.447,81.8154) (354.918,-362.069,95.062)
  m[1][0] pts=5 (366.331,-370.701,50.8607) (348.013,-368.494,59.385) (353.5,-374.116,72.6316) (371.818,-376.323,64.1073) (366.331,-370.701,50.8607)
  m[1][1] pts=5 (366.331,-370.701,50.8607) (348.013,-368.494,59.385) (353.5,-374.116,72.6316) (371.818,-376.323,64.1073) (366.331,-370.701,50.8607)
  f[1][0] pts=5 (373.236,-364.276,86.5377) (377.305,-381.945,77.3539) (371.818,-376.323,64.1073) (367.749,-358.654,73.2911) (373.236,-364.276,86.5377)
  f[1][1] pts=5 (373.236,-364.276,86.5377) (377.305,-381.945,77.3539) (371.818,-376.323,64.1073) (367.749,-358.654,73.2911) (373.236,-364.276,86.5377)
joint 48 type=30 v0=25 v1=35 f0_0=5 f1_0=3 name=cr_c_ip_0 orient=1 div=1 shift=0.5
  jv[0] pts=5 (299.441,-369.192,102.855) (278.557,-366.124,110.819) (295.584,-351.33,111.243) (316.469,-354.397,103.28) (299.441,-369.192,102.855)
  jv[1] pts=5 (295.058,-363.757,89.2672) (274.174,-360.689,97.2309) (291.201,-345.895,97.6552) (312.086,-348.963,89.6914) (295.058,-363.757,89.2672)
  m[0][0] pts=5 (297.776,-354.047,118.037) (318.66,-357.115,110.074) (314.277,-351.68,96.4855) (293.393,-348.612,104.449) (297.776,-354.047,118.037)
  m[0][1] pts=5 (297.776,-354.047,118.037) (318.66,-357.115,110.074) (314.277,-351.68,96.4855) (293.393,-348.612,104.449) (297.776,-354.047,118.037)
  f[0][0] pts=5 (309.894,-346.245,82.8974) (292.866,-361.04,82.4731) (297.249,-366.474,96.0612) (314.277,-351.68,96.4855) (309.894,-346.245,82.8974)
  f[0][1] pts=5 (309.894,-346.245,82.8974) (292.866,-361.04,82.4731) (297.249,-366.474,96.0612) (314.277,-351.68,96.4855) (309.894,-346.245,82.8974)
  m[1][0] pts=5 (280.748,-368.841,117.613) (301.633,-371.909,109.649) (297.249,-366.474,96.0612) (276.365,-363.406,104.025) (280.748,-368.841,117.613)
  m[1][1] pts=5 (280.748,-368.841,117.613) (301.633,-371.909,109.649) (297.249,-366.474,96.0612) (276.365,-363.406,104.025) (280.748,-368.841,117.613)
  f[1][0] pts=5 (289.01,-343.178,90.8612) (271.982,-357.972,90.4369) (276.365,-363.406,104.025) (293.393,-348.612,104.449) (289.01,-343.178,90.8612)
  f[1][1] pts=5 (289.01,-343.178,90.8612) (271.982,-357.972,90.4369) (276.365,-363.406,104.025) (293.393,-348.612,104.449) (289.01,-343.178,90.8612)
joint 49 type=30 v0=25 v1=34 f0_0=3 f1_0=5 name=cr_c_ip_0 orient=1 div=1 shift=0.5
  jv[0] pts=5 (137.012,-336.803,137.629) (157.018,-340.723,133.125) (151.32,-322.094,140.632) (131.315,-318.174,145.136) (137.012,-336.803,137.629)
  jv[1] pts=5 (139.24,-341.895,151.955) (159.245,-345.814,147.451) (153.548,-327.185,154.958) (133.543,-323.266,159.462) (139.24,-341.895,151.955)
  m[0][0] pts=5 (150.206,-319.548,133.469) (130.201,-315.628,137.973) (132.429,-320.72,152.299) (152.434,-324.639,147.795) (150.206,-319.548,133.469)
  m[0][1] pts=5 (150.206,-319.548,133.469) (130.201,-315.628,137.973) (132.429,-320.72,152.299) (152.434,-324.639,147.795) (150.206,-319.548,133.469)
  f[0][0] pts=5 (134.656,-325.811,166.625) (140.354,-344.441,159.118) (138.126,-339.349,144.792) (132.429,-320.72,152.299) (134.656,-325.811,166.625)
  f[0][1] pts=5 (134.656,-325.811,166.625) (140.354,-344.441,159.118) (138.126,-339.349,144.792) (132.429,-320.72,152.299) (134.656,-325.811,166.625)
  m[1][0] pts=5 (155.904,-338.177,125.962) (135.898,-334.257,130.466) (138.126,-339.349,144.792) (158.131,-343.269,140.288) (155.904,-338.177,125.962)
  m[1][1] pts=5 (155.904,-338.177,125.962) (135.898,-334.257,130.466) (138.126,-339.349,144.792) (158.131,-343.269,140.288) (155.904,-338.177,125.962)
  f[1][0] pts=5 (154.662,-329.731,162.122) (160.359,-348.36,154.615) (158.131,-343.269,140.288) (152.434,-324.639,147.795) (154.662,-329.731,162.122)
  f[1][1] pts=5 (154.662,-329.731,162.122) (160.359,-348.36,154.615) (158.131,-343.269,140.288) (152.434,-324.639,147.795) (154.662,-329.731,162.122)
joint 50 type=30 v0=26 v1=35 f0_0=3 f1_0=5 name=cr_c_ip_0 orient=1 div=1 shift=0.5
  jv[0] pts=5 (339.694,-324.346,89.4595) (335.249,-306.616,97.2805) (349.79,-293.09,96.342) (354.235,-310.82,88.521) (339.694,-324.346,89.4595)
  jv[1] pts=5 (344.705,-328.83,102.474) (340.26,-311.101,110.295) (354.801,-297.575,109.357) (359.246,-315.305,101.536) (344.705,-328.83,102.474)
  m[0][0] pts=5 (347.284,-290.848,89.8346) (351.729,-308.578,82.0136) (356.74,-313.062,95.0283) (352.296,-295.333,102.849) (347.284,-290.848,89.8346)
  m[0][1] pts=5 (347.284,-290.848,89.8346) (351.729,-308.578,82.0136) (356.74,-313.062,95.0283) (352.296,-295.333,102.849) (347.284,-290.848,89.8346)
  f[0][0] pts=5 (361.752,-317.547,108.043) (347.211,-331.073,108.982) (342.199,-326.588,95.9669) (356.74,-313.062,95.0283) (361.752,-317.547,108.043)
  f[0][1] pts=5 (361.752,-317.547,108.043) (347.211,-331.073,108.982) (342.199,-326.588,95.9669) (356.74,-313.062,95.0283) (361.752,-317.547,108.043)
  m[1][0] pts=5 (332.743,-304.374,90.7732) (337.188,-322.103,82.9522) (342.199,-326.588,95.9669) (337.755,-308.858,103.788) (332.743,-304.374,90.7732)
  m[1][1] pts=5 (332.743,-304.374,90.7732) (337.188,-322.103,82.9522) (342.199,-326.588,95.9669) (337.755,-308.858,103.788) (332.743,-304.374,90.7732)
  f[1][0] pts=5 (357.307,-299.817,115.864) (342.766,-313.343,116.803) (337.755,-308.858,103.788) (352.296,-295.333,102.849) (357.307,-299.817,115.864)
  f[1][1] pts=5 (357.307,-299.817,115.864) (342.766,-313.343,116.803) (337.755,-308.858,103.788) (352.296,-295.333,102.849) (357.307,-299.817,115.864)
joint 51 type=30 v0=27 v1=28 f0_0=3 f1_0=5 name=cr_c_ip_0 orient=1 div=1 shift=0.5
  jv[0] pts=5 (644.951,-296.089,-86.673) (659.79,-279.525,-92.6621) (642.589,-278.565,-77.3782) (627.75,-295.128,-71.3891) (644.951,-296.089,-86.673)
  jv[1] pts=5 (653.198,-300.032,-77.1431) (668.037,-283.468,-83.1322) (650.836,-282.508,-67.8483) (635.997,-299.071,-61.8592) (653.198,-300.032,-77.1431)
  m[0][0] pts=5 (638.465,-276.593,-82.1431) (623.626,-293.157,-76.1541) (631.873,-297.1,-66.6242) (646.712,-280.536,-72.6133) (638.465,-276.593,-82.1431)
  m[0][1] pts=5 (638.465,-276.593,-82.1431) (623.626,-293.157,-76.1541) (631.873,-297.1,-66.6242) (646.712,-280.536,-72.6133) (638.465,-276.593,-82.1431)
  f[0][0] pts=5 (640.121,-301.043,-57.0943) (657.322,-302.003,-72.3782) (649.075,-298.06,-81.9081) (631.873,-297.1,-66.6242) (640.121,-301.043,-57.0943)
  f[0][1] pts=5 (640.121,-301.043,-57.0943) (657.322,-302.003,-72.3782) (649.075,-298.06,-81.9081) (631.873,-297.1,-66.6242) (640.121,-301.043,-57.0943)
  m[1][0] pts=5 (655.666,-277.554,-97.427) (640.827,-294.117,-91.438) (649.075,-298.06,-81.9081) (663.914,-281.497,-87.8972) (655.666,-277.554,-97.427)
  m[1][1] pts=5 (655.666,-277.554,-97.427) (640.827,-294.117,-91.438) (649.075,-298.06,-81.9081) (663.914,-281.497,-87.8972) (655.666,-277.554,-97.427)
  f[1][0] pts=5 (654.96,-284.479,-63.0834) (672.161,-285.44,-78.3673) (663.914,-281.497,-87.8972) (646.712,-280.536,-72.6133) (654.96,-284.479,-63.0834)
  f[1][1] pts=5 (654.96,-284.479,-63.0834) (672.161,-285.44,-78.3673) (663.914,-281.497,-87.8972) (646.712,-280.536,-72.6133) (654.96,-284.479,-63.0834)
joint 52 type=30 v0=27 v1=37 f0_0=5 f1_0=3 name=cr_c_ip_0 orient=1 div=1 shift=0.5
  jv[0] pts=5 (612.396,-346.358,-59.9097) (625.868,-332.359,-64.3315) (623.7,-315.064,-54.6797) (610.228,-329.062,-50.258) (612.396,-346.358,-59.9097)
  jv[1] pts=5 (601.988,-340.433,-72.8648) (615.459,-326.434,-77.2865) (613.291,-309.139,-67.6347) (599.82,-323.137,-63.213) (601.988,-340.433,-72.8648)
  m[0][0] pts=5 (628.904,-318.026,-48.2022) (615.433,-332.025,-43.7805) (605.024,-326.1,-56.7355) (618.495,-312.101,-61.1572) (628.904,-318.026,-48.2022)
  m[0][1] pts=5 (628.904,-318.026,-48.2022) (615.433,-332.025,-43.7805) (605.024,-326.1,-56.7355) (618.495,-312.101,-61.1572) (628.904,-318.026,-48.2022)
  f[0][0] pts=5 (594.615,-320.175,-69.6905) (596.783,-337.471,-79.3423) (607.192,-343.395,-66.3873) (605.024,-326.1,-56.7355) (594.615,-320.175,-69.6905)
  f[0][1] pts=5 (594.615,-320.175,-69.6905) (596.783,-337.471,-79.3423) (607.192,-343.395,-66.3873) (605.024,-326.1,-56.7355) (594.615,-320.175,-69.6905)
  m[1][0] pts=5 (631.072,-335.322,-57.854) (617.601,-349.32,-53.4322) (607.192,-343.395,-66.3873) (620.663,-329.397,-70.809) (631.072,-335.322,-57.854)
  m[1][1] pts=5 (631.072,-335.322,-57.854) (617.601,-349.32,-53.4322) (607.192,-343.395,-66.3873) (620.663,-329.397,-70.809) (631.072,-335.322,-57.854)
  f[1][0] pts=5 (608.087,-306.177,-74.1122) (610.255,-323.472,-83.764) (620.663,-329.397,-70.809) (618.495,-312.101,-61.1572) (608.087,-306.177,-74.1122)
  f[1][1] pts=5 (608.087,-306.177,-74.1122) (610.255,-323.472,-83.764) (620.663,-329.397,-70.809) (618.495,-312.101,-61.1572) (608.087,-306.177,-74.1122)
joint 53 type=30 v0=28 v1=37 f0_0=3 f1_0=5 name=cr_c_ip_0 orient=1 div=1 shift=0.5
  jv[0] pts=5 (594.335,-291.878,-48.4028) (609.924,-293.026,-60.9098) (607.21,-275.361,-51.8913) (591.622,-274.213,-39.3843) (594.335,-291.878,-48.4028)
  jv[1] pts=5 (604.831,-297.193,-34.8334) (620.419,-298.341,-47.3404) (617.706,-280.676,-38.3218) (602.117,-279.528,-25.8149) (604.831,-297.193,-34.8334)
  m[0][0] pts=5 (601.962,-272.703,-58.676) (586.374,-271.555,-46.169) (596.869,-276.871,-32.5996) (612.458,-278.019,-45.1066) (601.962,-272.703,-58.676)
  m[0][1] pts=5 (601.962,-272.703,-58.676) (586.374,-271.555,-46.169) (596.869,-276.871,-32.5996) (612.458,-278.019,-45.1066) (601.962,-272.703,-58.676)
  f[0][0] pts=5 (607.365,-282.186,-19.0301) (610.078,-299.851,-28.0487) (599.583,-294.535,-41.6181) (596.869,-276.871,-32.5996) (607.365,-282.186,-19.0301)
  f[0][1] pts=5 (607.365,-282.186,-19.0301) (610.078,-299.851,-28.0487) (599.583,-294.535,-41.6181) (596.869,-276.871,-32.5996) (607.365,-282.186,-19.0301)
  m[1][0] pts=5 (604.676,-290.368,-67.6945) (589.087,-289.22,-55.1875) (599.583,-294.535,-41.6181) (615.171,-295.684,-54.1251) (604.676,-290.368,-67.6945)
  m[1][1] pts=5 (604.676,-290.368,-67.6945) (589.087,-289.22,-55.1875) (599.583,-294.535,-41.6181) (615.171,-295.684,-54.1251) (604.676,-290.368,-67.6945)
  f[1][0] pts=5 (622.954,-283.334,-31.5371) (625.667,-300.999,-40.5557) (615.171,-295.684,-54.1251) (612.458,-278.019,-45.1066) (622.954,-283.334,-31.5371)
  f[1][1] pts=5 (622.954,-283.334,-31.5371) (625.667,-300.999,-40.5557) (615.171,-295.684,-54.1251) (612.458,-278.019,-45.1066) (622.954,-283.334,-31.5371)
joint 54 type=30 v0=29 v1=30 f0_0=3 f1_0=5 name=cr_c_ip_0 orient=1 div=1 shift=0.5
  jv[0] pts=5 (-542.64,-190.588,13.8576) (-523.154,-174.535,12.0342) (-547.156,-170.19,13.6628) (-553.93,-181.753,14.4499) (-542.64,-190.588,13.8576)
  jv[1] pts=5 (-540.034,-189.668,49.8077) (-520.548,-173.615,47.9842) (-544.55,-169.269,49.6128) (-551.324,-180.832,50.3999) (-540.034,-189.668,49.8077)
  m[0][0] pts=5 (-535.747,-166.16,-5.34862) (-555.233,-182.213,-3.52515) (-552.627,-181.292,32.4249) (-533.141,-165.24,30.6014) (-535.747,-166.16,-5.34862)
  m[0][1] pts=5 (-535.747,-166.16,-5.34862) (-555.233,-182.213,-3.52515) (-552.627,-181.292,32.4249) (-533.141,-165.24,30.6014) (-535.747,-166.16,-5.34862)
  f[0][0] pts=5 (-550.021,-180.372,68.3749) (-538.731,-189.208,67.7827) (-541.337,-190.128,31.8327) (-552.627,-181.292,32.4249) (-550.021,-180.372,68.3749)
  f[0][1] pts=5 (-550.021,-180.372,68.3749) (-538.731,-189.208,67.7827) (-541.337,-190.128,31.8327) (-552.627,-181.292,32.4249) (-550.021,-180.372,68.3749)
  m[1][0] pts=5 (-524.457,-174.996,-5.94084) (-543.943,-191.048,-4.11737) (-541.337,-190.128,31.8327) (-521.851,-174.075,30.0092) (-524.457,-174.996,-5.94084)
  m[1][1] pts=5 (-524.457,-174.996,-5.94084) (-543.943,-191.048,-4.11737) (-541.337,-190.128,31.8327) (-521.851,-174.075,30.0092) (-524.457,-174.996,-5.94084)
  f[1][0] pts=5 (-530.535,-164.319,66.5514) (-519.245,-173.155,65.9592) (-521.851,-174.075,30.0092) (-533.141,-165.24,30.6014) (-530.535,-164.319,66.5514)
  f[1][1] pts=5 (-530.535,-164.319,66.5514) (-519.245,-173.155,65.9592) (-521.851,-174.075,30.0092) (-533.141,-165.24,30.6014) (-530.535,-164.319,66.5514)
joint 55 type=30 v0=29 v1=38 f0_0=5 f1_0=3 name=cr_c_ip_0 orient=1 div=1 shift=0.5
  jv[0] pts=5 (-582.279,-234.294,2.10761) (-571.732,-221.99,12.745) (-579.183,-204.095,12.5486) (-589.73,-216.399,1.91119) (-582.279,-234.294,2.10761)
  jv[1] pts=5 (-572.641,-230.435,-11.9121) (-562.094,-218.13,-1.27468) (-569.546,-200.236,-1.47111) (-580.093,-212.54,-12.1085) (-572.641,-230.435,-11.9121)
  m[0][0] pts=5 (-584.002,-206.025,19.5584) (-594.549,-218.329,8.92103) (-584.911,-214.47,-5.09865) (-574.365,-202.165,5.53873) (-584.002,-206.025,19.5584)
  m[0][1] pts=5 (-584.002,-206.025,19.5584) (-594.549,-218.329,8.92103) (-584.911,-214.47,-5.09865) (-574.365,-202.165,5.53873) (-584.002,-206.025,19.5584)
  f[0][0] pts=5 (-575.274,-210.61,-19.1183) (-567.822,-228.505,-18.9219) (-577.46,-232.364,-4.90222) (-584.911,-214.47,-5.09865) (-575.274,-210.61,-19.1183)
  f[0][1] pts=5 (-575.274,-210.61,-19.1183) (-567.822,-228.505,-18.9219) (-577.46,-232.364,-4.90222) (-584.911,-214.47,-5.09865) (-575.274,-210.61,-19.1183)
  m[1][0] pts=5 (-576.55,-223.919,19.7548) (-587.097,-236.224,9.11745) (-577.46,-232.364,-4.90222) (-566.913,-220.06,5.73516) (-576.55,-223.919,19.7548)
  m[1][1] pts=5 (-576.55,-223.919,19.7548) (-587.097,-236.224,9.11745) (-577.46,-232.364,-4.90222) (-566.913,-220.06,5.73516) (-576.55,-223.919,19.7548)
  f[1][0] pts=5 (-564.727,-198.306,-8.48094) (-557.275,-216.201,-8.28452) (-566.913,-220.06,5.73516) (-574.365,-202.165,5.53873) (-564.727,-198.306,-8.48094)
  f[1][1] pts=5 (-564.727,-198.306,-8.48094) (-557.275,-216.201,-8.28452) (-566.913,-220.06,5.73516) (-574.365,-202.165,5.53873) (-564.727,-198.306,-8.48094)
joint 56 type=30 v0=30 v1=31 f0_0=3 f1_0=5 name=cr_c_ip_0 orient=1 div=1 shift=0.5
  jv[0] pts=5 (-402.541,-238.324,88.8493) (-383.061,-244.695,95.7183) (-390.43,-224.472,97.7116) (-409.91,-218.101,90.8427) (-402.541,-238.324,88.8493)
  jv[1] pts=5 (-408.454,-241.813,102.384) (-388.974,-248.184,109.253) (-396.344,-227.961,111.247) (-415.824,-221.59,104.378) (-408.454,-241.813,102.384)
  m[0][0] pts=5 (-387.473,-222.727,90.9441) (-406.953,-216.357,84.0752) (-412.867,-219.846,97.6102) (-393.387,-226.217,104.479) (-387.473,-222.727,90.9441)
  m[0][1] pts=5 (-387.473,-222.727,90.9441) (-406.953,-216.357,84.0752) (-412.867,-219.846,97.6102) (-393.387,-226.217,104.479) (-387.473,-222.727,90.9441)
  f[0][0] pts=5 (-418.781,-223.335,111.145) (-411.411,-243.558,109.152) (-405.497,-240.068,95.6168) (-412.867,-219.846,97.6102) (-418.781,-223.335,111.145)
  f[0][1] pts=5 (-418.781,-223.335,111.145) (-411.411,-243.558,109.152) (-405.497,-240.068,95.6168) (-412.867,-219.846,97.6102) (-418.781,-223.335,111.145)
  m[1][0] pts=5 (-380.104,-242.95,88.9508) (-399.584,-236.579,82.0818) (-405.497,-240.068,95.6168) (-386.018,-246.439,102.486) (-380.104,-242.95,88.9508)
  m[1][1] pts=5 (-380.104,-242.95,88.9508) (-399.584,-236.579,82.0818) (-405.497,-240.068,95.6168) (-386.018,-246.439,102.486) (-380.104,-242.95,88.9508)
  f[1][0] pts=5 (-399.301,-229.706,118.014) (-391.931,-249.928,116.021) (-386.018,-246.439,102.486) (-393.387,-226.217,104.479) (-399.301,-229.706,118.014)
  f[1][1] pts=5 (-399.301,-229.706,118.014) (-391.931,-249.928,116.021) (-386.018,-246.439,102.486) (-393.387,-226.217,104.479) (-399.301,-229.706,118.014)
joint 57 type=30 v0=30 v1=40 f0_0=5 f1_0=3 name=cr_c_ip_0 orient=1 div=1 shift=0.5
  jv[0] pts=5 (-462.961,-223.102,80.6167) (-481.023,-216.671,72.7358) (-468.649,-203.165,82.4409) (-450.587,-209.597,90.3218) (-462.961,-223.102,80.6167)
  jv[1] pts=5 (-456.635,-220.189,68.4956) (-474.696,-213.757,60.6147) (-462.322,-200.251,70.3199) (-444.261,-206.683,78.2008) (-456.635,-220.189,68.4956)
  m[0][0] pts=5 (-471.812,-204.622,88.5014) (-453.75,-211.054,96.3823) (-447.424,-208.14,84.2613) (-465.485,-201.708,76.3804) (-471.812,-204.622,88.5014)
  m[0][1] pts=5 (-471.812,-204.622,88.5014) (-453.75,-211.054,96.3823) (-447.424,-208.14,84.2613) (-465.485,-201.708,76.3804) (-471.812,-204.622,88.5014)
  f[0][0] pts=5 (-441.097,-205.226,72.1403) (-453.471,-218.732,62.4351) (-459.798,-221.645,74.5562) (-447.424,-208.14,84.2613) (-441.097,-205.226,72.1403)
  f[0][1] pts=5 (-441.097,-205.226,72.1403) (-453.471,-218.732,62.4351) (-459.798,-221.645,74.5562) (-447.424,-208.14,84.2613) (-441.097,-205.226,72.1403)
  m[1][0] pts=5 (-484.186,-218.127,78.7963) (-466.124,-224.559,86.6772) (-459.798,-221.645,74.5562) (-477.859,-215.214,66.6752) (-484.186,-218.127,78.7963)
  m[1][1] pts=5 (-484.186,-218.127,78.7963) (-466.124,-224.559,86.6772) (-459.798,-221.645,74.5562) (-477.859,-215.214,66.6752) (-484.186,-218.127,78.7963)
  f[1][0] pts=5 (-459.159,-198.795,64.2594) (-471.533,-212.3,54.5542) (-477.859,-215.214,66.6752) (-465.485,-201.708,76.3804) (-459.159,-198.795,64.2594)
  f[1][1] pts=5 (-459.159,-198.795,64.2594) (-471.533,-212.3,54.5542) (-477.859,-215.214,66.6752) (-465.485,-201.708,76.3804) (-459.159,-198.795,64.2594)
joint 58 type=30 v0=30 v1=38 f0_0=3 f1_0=5 name=cr_c_ip_0 orient=1 div=1 shift=0.5
  jv[0] pts=5 (-602.017,-162.787,-11.1556) (-583.715,-170.563,0.456623) (-591.714,-149.018,-0.989428) (-610.016,-141.241,-12.6016) (-602.017,-162.787,-11.1556)
  jv[1] pts=5 (-609.104,-164.757,-1.30426) (-590.802,-172.533,10.3079) (-598.801,-150.988,8.86189) (-617.103,-143.211,-2.75031) (-609.104,-164.757,-1.30426)
  m[0][0] pts=5 (-588.17,-148.033,-5.91509) (-606.472,-140.256,-17.5273) (-613.559,-142.226,-7.67597) (-595.257,-150.003,3.93623) (-588.17,-148.033,-5.91509)
  m[0][1] pts=5 (-588.17,-148.033,-5.91509) (-606.472,-140.256,-17.5273) (-613.559,-142.226,-7.67597) (-595.257,-150.003,3.93623) (-588.17,-148.033,-5.91509)
  f[0][0] pts=5 (-620.647,-144.196,2.17535) (-612.648,-165.742,3.6214) (-605.561,-163.772,-6.22992) (-613.559,-142.226,-7.67597) (-620.647,-144.196,2.17535)
  f[0][1] pts=5 (-620.647,-144.196,2.17535) (-612.648,-165.742,3.6214) (-605.561,-163.772,-6.22992) (-613.559,-142.226,-7.67597) (-620.647,-144.196,2.17535)
  m[1][0] pts=5 (-580.171,-169.578,-4.46904) (-598.473,-161.801,-16.0812) (-605.561,-163.772,-6.22992) (-587.259,-171.548,5.38228) (-580.171,-169.578,-4.46904)
  m[1][1] pts=5 (-580.171,-169.578,-4.46904) (-598.473,-161.801,-16.0812) (-605.561,-163.772,-6.22992) (-587.259,-171.548,5.38228) (-580.171,-169.578,-4.46904)
  f[1][0] pts=5 (-602.345,-151.973,13.7876) (-594.346,-173.518,15.2336) (-587.259,-171.548,5.38228) (-595.257,-150.003,3.93623) (-602.345,-151.973,13.7876)
  f[1][1] pts=5 (-602.345,-151.973,13.7876) (-594.346,-173.518,15.2336) (-587.259,-171.548,5.38228) (-595.257,-150.003,3.93623) (-602.345,-151.973,13.7876)
joint 59 type=30 v0=31 v1=40 f0_0=3 f1_0=5 name=cr_c_ip_0 orient=1 div=1 shift=0.5
  jv[0] pts=5 (-421.975,-183.009,92.9047) (-428.278,-163.913,93.5214) (-415.694,-150.558,101.769) (-409.391,-169.653,101.153) (-421.975,-183.009,92.9047)
  jv[1] pts=5 (-428.784,-185.734,107.707) (-435.087,-166.639,108.323) (-422.503,-153.283,116.571) (-416.2,-172.379,115.955) (-428.784,-185.734,107.707)
  m[0][0] pts=5 (-412.29,-149.195,94.3685) (-405.986,-168.29,93.7518) (-412.795,-171.016,108.554) (-419.099,-151.921,109.17) (-412.29,-149.195,94.3685)
  m[0][1] pts=5 (-412.29,-149.195,94.3685) (-405.986,-168.29,93.7518) (-412.795,-171.016,108.554) (-419.099,-151.921,109.17) (-412.29,-149.195,94.3685)
  f[0][0] pts=5 (-419.604,-173.742,123.356) (-432.188,-187.097,115.108) (-425.379,-184.372,100.306) (-412.795,-171.016,108.554) (-419.604,-173.742,123.356)
  f[0][1] pts=5 (-419.604,-173.742,123.356) (-432.188,-187.097,115.108) (-425.379,-184.372,100.306) (-412.795,-171.016,108.554) (-419.604,-173.742,123.356)
  m[1][0] pts=5 (-424.874,-162.55,86.1204) (-418.57,-181.646,85.5037) (-425.379,-184.372,100.306) (-431.683,-165.276,100.922) (-424.874,-162.55,86.1204)
  m[1][1] pts=5 (-424.874,-162.55,86.1204) (-418.57,-181.646,85.5037) (-425.379,-184.372,100.306) (-431.683,-165.276,100.922) (-424.874,-162.55,86.1204)
  f[1][0] pts=5 (-425.908,-154.646,123.972) (-438.492,-168.002,115.724) (-431.683,-165.276,100.922) (-419.099,-151.921,109.17) (-425.908,-154.646,123.972)
  f[1][1] pts=5 (-425.908,-154.646,123.972) (-438.492,-168.002,115.724) (-431.683,-165.276,100.922) (-419.099,-151.921,109.17) (-425.908,-154.646,123.972)
joint 60 type=30 v0=32 v1=42 f0_0=5 f1_0=3 name=cr_c_ip_0 orient=1 div=1 shift=0.5
  jv[0] pts=5 (-101.74,-275.042,178.589) (-87.7908,-261.497,183.52) (-94.4573,-243.048,187.709) (-108.406,-256.593,182.778) (-101.74,-275.042,178.589)
  jv[1] pts=5 (-100.374,-271.401,164.725) (-86.4255,-257.856,169.656) (-93.092,-239.407,173.845) (-107.041,-252.952,168.914) (-100.374,-271.401,164.725)
  m[0][0] pts=5 (-95.1399,-244.869,194.641) (-109.089,-258.414,189.71) (-107.724,-254.772,175.846) (-93.7747,-241.227,180.777) (-95.1399,-244.869,194.641)
  m[0][1] pts=5 (-95.1399,-244.869,194.641) (-109.089,-258.414,189.71) (-107.724,-254.772,175.846) (-93.7747,-241.227,180.777) (-95.1399,-244.869,194.641)
  f[0][0] pts=5 (-106.358,-251.131,161.981) (-99.6918,-269.58,157.792) (-101.057,-273.221,171.657) (-107.724,-254.772,175.846) (-106.358,-251.131,161.981)
  f[0][1] pts=5 (-106.358,-251.131,161.981) (-99.6918,-269.58,157.792) (-101.057,-273.221,171.657) (-107.724,-254.772,175.846) (-106.358,-251.131,161.981)
  m[1][0] pts=5 (-88.4735,-263.318,190.452) (-102.422,-276.863,185.521) (-101.057,-273.221,171.657) (-87.1082,-259.676,176.588) (-88.4735,-263.318,190.452)
  m[1][1] pts=5 (-88.4735,-263.318,190.452) (-102.422,-276.863,185.521) (-101.057,-273.221,171.657) (-87.1082,-259.676,176.588) (-88.4735,-263.318,190.452)
  f[1][0] pts=5 (-92.4094,-237.586,166.912) (-85.7429,-256.035,162.723) (-87.1082,-259.676,176.588) (-93.7747,-241.227,180.777) (-92.4094,-237.586,166.912)
  f[1][1] pts=5 (-92.4094,-237.586,166.912) (-85.7429,-256.035,162.723) (-87.1082,-259.676,176.588) (-93.7747,-241.227,180.777) (-92.4094,-237.586,166.912)
joint 61 type=30 v0=32 v1=33 f0_0=3 f1_0=5 name=cr_c_ip_0 orient=1 div=1 shift=0.5
  jv[0] pts=5 (-45.2322,-217.493,181.976) (-30.583,-203.045,185.771) (-50.8725,-197.939,185.85) (-65.5217,-212.387,182.055) (-45.2322,-217.493,181.976)
  jv[1] pts=5 (-45.9507,-220.571,196.467) (-31.3016,-206.123,200.262) (-51.5911,-201.016,200.34) (-66.2402,-215.464,196.545) (-45.9507,-220.571,196.467)
  m[0][0] pts=5 (-50.5133,-196.4,178.604) (-65.1624,-210.848,174.81) (-65.8809,-213.926,189.3) (-51.2318,-199.477,193.095) (-50.5133,-196.4,178.604)
  m[0][1] pts=5 (-50.5133,-196.4,178.604) (-65.1624,-210.848,174.81) (-65.8809,-213.926,189.3) (-51.2318,-199.477,193.095) (-50.5133,-196.4,178.604)
  f[0][0] pts=5 (-66.5995,-217.003,203.791) (-46.31,-222.11,203.712) (-45.5914,-219.032,189.222) (-65.8809,-213.926,189.3) (-66.5995,-217.003,203.791)
  f[0][1] pts=5 (-66.5995,-217.003,203.791) (-46.31,-222.11,203.712) (-45.5914,-219.032,189.222) (-65.8809,-213.926,189.3) (-66.5995,-217.003,203.791)
  m[1][0] pts=5 (-30.2238,-201.507,178.526) (-44.8729,-215.955,174.731) (-45.5914,-219.032,189.222) (-30.9423,-204.584,193.016) (-30.2238,-201.507,178.526)
  m[1][1] pts=5 (-30.2238,-201.507,178.526) (-44.8729,-215.955,174.731) (-45.5914,-219.032,189.222) (-30.9423,-204.584,193.016) (-30.2238,-201.507,178.526)
  f[1][0] pts=5 (-51.9504,-202.555,207.586) (-31.6609,-207.661,207.507) (-30.9423,-204.584,193.016) (-51.2318,-199.477,193.095) (-51.9504,-202.555,207.586)
  f[1][1] pts=5 (-51.9504,-202.555,207.586) (-31.6609,-207.661,207.507) (-30.9423,-204.584,193.016) (-51.2318,-199.477,193.095) (-51.9504,-202.555,207.586)
joint 62 type=30 v0=33 v1=42 f0_0=3 f1_0=5 name=cr_c_ip_0 orient=1 div=1 shift=0.5
  jv[0] pts=5 (-127.14,-196.306,179.747) (-106.441,-201.85,181.158) (-113.423,-181.775,184.223) (-134.121,-176.23,182.812) (-127.14,-196.306,179.747)
  jv[1] pts=5 (-128.836,-199.049,193.853) (-108.138,-204.594,195.263) (-115.119,-184.519,198.329) (-135.818,-178.974,196.918) (-128.836,-199.049,193.853)
  m[0][0] pts=5 (-112.575,-180.403,177.17) (-133.273,-174.858,175.76) (-134.97,-177.602,189.865) (-114.271,-183.147,191.276) (-112.575,-180.403,177.17)
  m[0][1] pts=5 (-112.575,-180.403,177.17) (-133.273,-174.858,175.76) (-134.97,-177.602,189.865) (-114.271,-183.147,191.276) (-112.575,-180.403,177.17)
  f[0][0] pts=5 (-136.666,-180.346,203.971) (-129.684,-200.421,200.905) (-127.988,-197.677,186.8) (-134.97,-177.602,189.865) (-136.666,-180.346,203.971)
  f[0][1] pts=5 (-136.666,-180.346,203.971) (-129.684,-200.421,200.905) (-127.988,-197.677,186.8) (-134.97,-177.602,189.865) (-136.666,-180.346,203.971)
  m[1][0] pts=5 (-105.593,-200.478,174.105) (-126.292,-194.934,172.694) (-127.988,-197.677,186.8) (-107.289,-203.222,188.21) (-105.593,-200.478,174.105)
  m[1][1] pts=5 (-105.593,-200.478,174.105) (-126.292,-194.934,172.694) (-127.988,-197.677,186.8) (-107.289,-203.222,188.21) (-105.593,-200.478,174.105)
  f[1][0] pts=5 (-115.968,-185.891,205.381) (-108.986,-205.966,202.316) (-107.289,-203.222,188.21) (-114.271,-183.147,191.276) (-115.968,-185.891,205.381)
  f[1][1] pts=5 (-115.968,-185.891,205.381) (-108.986,-205.966,202.316) (-107.289,-203.222,188.21) (-114.271,-183.147,191.276) (-115.968,-185.891,205.381)
joint 63 type=30 v0=33 v1=34 f0_0=3 f1_0=5 name=cr_c_ip_0 orient=1 div=1 shift=0.5
  jv[0] pts=5 (111.561,-253.972,168.099) (131.722,-258.257,164.512) (125.754,-239.022,170.175) (105.593,-234.737,173.761) (111.561,-253.972,168.099)
  jv[1] pts=5 (113.285,-257.547,182.059) (133.446,-261.832,178.473) (127.478,-242.597,184.135) (107.317,-238.312,187.722) (113.285,-257.547,182.059)
  m[0][0] pts=5 (124.892,-237.235,163.194) (104.731,-232.949,166.781) (106.455,-236.525,180.742) (126.616,-240.81,177.155) (124.892,-237.235,163.194)
  m[0][1] pts=5 (124.892,-237.235,163.194) (104.731,-232.949,166.781) (106.455,-236.525,180.742) (126.616,-240.81,177.155) (124.892,-237.235,163.194)
  f[0][0] pts=5 (108.179,-240.1,194.703) (114.147,-259.335,189.04) (112.423,-255.76,175.079) (106.455,-236.525,180.742) (108.179,-240.1,194.703)
  f[0][1] pts=5 (108.179,-240.1,194.703) (114.147,-259.335,189.04) (112.423,-255.76,175.079) (106.455,-236.525,180.742) (108.179,-240.1,194.703)
  m[1][0] pts=5 (130.86,-256.47,157.531) (110.699,-252.185,161.118) (112.423,-255.76,175.079) (132.584,-260.045,171.492) (130.86,-256.47,157.531)
  m[1][1] pts=5 (130.86,-256.47,157.531) (110.699,-252.185,161.118) (112.423,-255.76,175.079) (132.584,-260.045,171.492) (130.86,-256.47,157.531)
  f[1][0] pts=5 (128.34,-244.385,191.116) (134.308,-263.62,185.453) (132.584,-260.045,171.492) (126.616,-240.81,177.155) (128.34,-244.385,191.116)
  f[1][1] pts=5 (128.34,-244.385,191.116) (134.308,-263.62,185.453) (132.584,-260.045,171.492) (126.616,-240.81,177.155) (128.34,-244.385,191.116)
joint 64 type=30 v0=33 v1=43 f0_0=5 f1_0=3 name=cr_c_ip_0 orient=1 div=1 shift=0.5
  jv[0] pts=5 (49.7178,-243.459,190.8) (28.8882,-238.667,192.888) (44.5552,-224.229,195.584) (65.3848,-229.02,193.497) (49.7178,-243.459,190.8)
  jv[1] pts=5 (49.0784,-240.159,176.846) (28.2488,-235.367,178.933) (43.9158,-220.929,181.629) (64.7455,-225.721,179.542) (49.0784,-240.159,176.846)
  m[0][0] pts=5 (44.8749,-225.879,202.561) (65.7045,-230.67,200.474) (65.0652,-227.37,186.519) (44.2355,-222.579,188.607) (44.8749,-225.879,202.561)
  m[0][1] pts=5 (44.8749,-225.879,202.561) (65.7045,-230.67,200.474) (65.0652,-227.37,186.519) (44.2355,-222.579,188.607) (44.8749,-225.879,202.561)
  f[0][0] pts=5 (64.4258,-224.071,172.565) (48.7588,-238.509,169.869) (49.3981,-241.809,183.823) (65.0652,-227.37,186.519) (64.4258,-224.071,172.565)
  f[0][1] pts=5 (64.4258,-224.071,172.565) (48.7588,-238.509,169.869) (49.3981,-241.809,183.823) (65.0652,-227.37,186.519) (64.4258,-224.071,172.565)
  m[1][0] pts=5 (29.2079,-240.317,199.865) (50.0375,-245.108,197.778) (49.3981,-241.809,183.823) (28.5685,-237.017,185.91) (29.2079,-240.317,199.865)
  m[1][1] pts=5 (29.2079,-240.317,199.865) (50.0375,-245.108,197.778) (49.3981,-241.809,183.823) (28.5685,-237.017,185.91) (29.2079,-240.317,199.865)
  f[1][0] pts=5 (43.5962,-219.279,174.652) (27.9291,-233.718,171.956) (28.5685,-237.017,185.91) (44.2355,-222.579,188.607) (43.5962,-219.279,174.652)
  f[1][1] pts=5 (43.5962,-219.279,174.652) (27.9291,-233.718,171.956) (28.5685,-237.017,185.91) (44.2355,-222.579,188.607) (43.5962,-219.279,174.652)
joint 65 type=30 v0=34 v1=43 f0_0=3 f1_0=5 name=cr_c_ip_0 orient=1 div=1 shift=0.5
  jv[0] pts=5 (94.1674,-198.128,182.902) (88.29,-179.381,186.936) (102.817,-165.594,188.014) (108.694,-184.341,183.981) (94.1674,-198.128,182.902)
  jv[1] pts=5 (95.6263,-200.804,197.467) (89.7489,-182.057,201.5) (104.276,-168.271,202.579) (110.153,-187.018,198.545) (95.6263,-200.804,197.467)
  m[0][0] pts=5 (102.087,-164.256,180.732) (107.965,-183.003,176.699) (109.424,-185.679,191.263) (103.546,-166.933,195.296) (102.087,-164.256,180.732)
  m[0][1] pts=5 (102.087,-164.256,180.732) (107.965,-183.003,176.699) (109.424,-185.679,191.263) (103.546,-166.933,195.296) (102.087,-164.256,180.732)
  f[0][0] pts=5 (110.882,-188.356,205.827) (96.3557,-202.142,204.749) (94.8968,-199.466,190.185) (109.424,-185.679,191.263) (110.882,-188.356,205.827)
  f[0][1] pts=5 (110.882,-188.356,205.827) (96.3557,-202.142,204.749) (94.8968,-199.466,190.185) (109.424,-185.679,191.263) (110.882,-188.356,205.827)
  m[1][0] pts=5 (87.5606,-178.043,179.654) (93.438,-196.79,175.62) (94.8968,-199.466,190.185) (89.0194,-180.719,194.218) (87.5606,-178.043,179.654)
  m[1][1] pts=5 (87.5606,-178.043,179.654) (93.438,-196.79,175.62) (94.8968,-199.466,190.185) (89.0194,-180.719,194.218) (87.5606,-178.043,179.654)
  f[1][0] pts=5 (105.005,-169.609,209.861) (90.4783,-183.395,208.782) (89.0194,-180.719,194.218) (103.546,-166.933,195.296) (105.005,-169.609,209.861)
  f[1][1] pts=5 (105.005,-169.609,209.861) (90.4783,-183.395,208.782) (89.0194,-180.719,194.218) (103.546,-166.933,195.296) (105.005,-169.609,209.861)
joint 66 type=30 v0=35 v1=36 f0_0=3 f1_0=5 name=cr_c_ip_0 orient=1 div=1 shift=0.5
  jv[0] pts=5 (466.299,-198.548,69.5734) (480.681,-182.966,65.4307) (462.107,-179.598,75.9416) (447.725,-195.18,80.0842) (466.299,-198.548,69.5734)
  jv[1] pts=5 (472.488,-201.133,81.3389) (486.87,-185.551,77.1963) (468.296,-182.183,87.7071) (453.914,-197.765,91.8498) (472.488,-201.133,81.3389)
  m[0][0] pts=5 (459.012,-178.306,70.0588) (444.63,-193.888,74.2014) (450.82,-196.472,85.967) (465.202,-180.89,81.8243) (459.012,-178.306,70.0588)
  m[0][1] pts=5 (459.012,-178.306,70.0588) (444.63,-193.888,74.2014) (450.82,-196.472,85.967) (465.202,-180.89,81.8243) (459.012,-178.306,70.0588)
  f[0][0] pts=5 (457.009,-199.057,97.7325) (475.583,-202.425,87.2217) (469.393,-199.841,75.4562) (450.82,-196.472,85.967) (457.009,-199.057,97.7325)
  f[0][1] pts=5 (457.009,-199.057,97.7325) (475.583,-202.425,87.2217) (469.393,-199.841,75.4562) (450.82,-196.472,85.967) (457.009,-199.057,97.7325)
  m[1][0] pts=5 (477.586,-181.674,59.548) (463.204,-197.256,63.6906) (469.393,-199.841,75.4562) (483.775,-184.259,71.3135) (477.586,-181.674,59.548)
  m[1][1] pts=5 (477.586,-181.674,59.548) (463.204,-197.256,63.6906) (469.393,-199.841,75.4562) (483.775,-184.259,71.3135) (477.586,-181.674,59.548)
  f[1][0] pts=5 (471.391,-183.475,93.5899) (489.965,-186.843,83.079) (483.775,-184.259,71.3135) (465.202,-180.89,81.8243) (471.391,-183.475,93.5899)
  f[1][1] pts=5 (471.391,-183.475,93.5899) (489.965,-186.843,83.079) (483.775,-184.259,71.3135) (465.202,-180.89,81.8243) (471.391,-183.475,93.5899)
joint 67 type=30 v0=35 v1=45 f0_0=5 f1_0=3 name=cr_c_ip_0 orient=1 div=1 shift=0.5
  jv[0] pts=5 (418.883,-257.924,94.9044) (432.848,-243.689,92.1858) (428.475,-225.335,99.1893) (414.51,-239.57,101.908) (418.883,-257.924,94.9044)
  jv[1] pts=5 (412.353,-254.174,80.999) (426.317,-239.939,78.2804) (421.944,-221.585,85.2839) (407.98,-235.82,88.0025) (412.353,-254.174,80.999)
  m[0][0] pts=5 (431.74,-227.21,106.142) (417.775,-241.445,108.861) (411.245,-237.695,94.9552) (425.209,-223.46,92.2366) (431.74,-227.21,106.142)
  m[0][1] pts=5 (431.74,-227.21,106.142) (417.775,-241.445,108.861) (411.245,-237.695,94.9552) (425.209,-223.46,92.2366) (431.74,-227.21,106.142)
  f[0][0] pts=5 (404.715,-233.945,81.0498) (409.088,-252.299,74.0463) (415.618,-256.049,87.9517) (411.245,-237.695,94.9552) (404.715,-233.945,81.0498)
  f[0][1] pts=5 (404.715,-233.945,81.0498) (409.088,-252.299,74.0463) (415.618,-256.049,87.9517) (411.245,-237.695,94.9552) (404.715,-233.945,81.0498)
  m[1][0] pts=5 (436.113,-245.564,99.1384) (422.148,-259.799,101.857) (415.618,-256.049,87.9517) (429.582,-241.814,85.2331) (436.113,-245.564,99.1384)
  m[1][1] pts=5 (436.113,-245.564,99.1384) (422.148,-259.799,101.857) (415.618,-256.049,87.9517) (429.582,-241.814,85.2331) (436.113,-245.564,99.1384)
  f[1][0] pts=5 (418.679,-219.71,78.3312) (423.052,-238.064,71.3277) (429.582,-241.814,85.2331) (425.209,-223.46,92.2366) (418.679,-219.71,78.3312)
  f[1][1] pts=5 (418.679,-219.71,78.3312) (423.052,-238.064,71.3277) (429.582,-241.814,85.2331) (425.209,-223.46,92.2366) (418.679,-219.71,78.3312)
joint 68 type=30 v0=36 v1=37 f0_0=3 f1_0=5 name=cr_c_ip_0 orient=1 div=1 shift=0.5
  jv[0] pts=5 (583.033,-218.339,-10.8692) (599.381,-221.002,-23.2646) (595.432,-202.245,-15.484) (579.085,-199.581,-3.08864) (583.033,-218.339,-10.8692)
  jv[1] pts=5 (591.32,-221.401,0.717272) (607.667,-224.064,-11.6781) (603.719,-205.306,-3.89756) (587.371,-202.643,8.49783) (591.32,-221.401,0.717272)
  m[0][0] pts=5 (591.289,-200.714,-21.2773) (574.941,-198.051,-8.88188) (583.228,-201.112,2.70459) (599.575,-203.776,-9.69079) (591.289,-200.714,-21.2773)
  m[0][1] pts=5 (591.289,-200.714,-21.2773) (574.941,-198.051,-8.88188) (583.228,-201.112,2.70459) (599.575,-203.776,-9.69079) (591.289,-200.714,-21.2773)
  f[0][0] pts=5 (591.515,-204.174,14.2911) (595.463,-222.931,6.51051) (587.177,-219.87,-5.07596) (583.228,-201.112,2.70459) (591.515,-204.174,14.2911)
  f[0][1] pts=5 (591.515,-204.174,14.2911) (595.463,-222.931,6.51051) (587.177,-219.87,-5.07596) (583.228,-201.112,2.70459) (591.515,-204.174,14.2911)
  m[1][0] pts=5 (595.237,-219.472,-29.0578) (578.89,-216.808,-16.6624) (587.177,-219.87,-5.07596) (603.524,-222.533,-17.4713) (595.237,-219.472,-29.0578)
  m[1][1] pts=5 (595.237,-219.472,-29.0578) (578.89,-216.808,-16.6624) (587.177,-219.87,-5.07596) (603.524,-222.533,-17.4713) (595.237,-219.472,-29.0578)
  f[1][0] pts=5 (607.862,-206.837,1.89568) (611.811,-225.595,-5.88487) (603.524,-222.533,-17.4713) (599.575,-203.776,-9.69079) (607.862,-206.837,1.89568)
  f[1][1] pts=5 (607.862,-206.837,1.89568) (611.811,-225.595,-5.88487) (603.524,-222.533,-17.4713) (599.575,-203.776,-9.69079) (607.862,-206.837,1.89568)
joint 69 type=30 v0=36 v1=46 f0_0=5 f1_0=3 name=cr_c_ip_0 orient=1 div=1 shift=0.5
  jv[0] pts=5 (542.861,-213.381,36.1576) (523.846,-210.106,48.7239) (539.813,-194.704,42.558) (558.828,-197.979,29.9917) (542.861,-213.381,36.1576)
  jv[1] pts=5 (533.759,-209.829,21.4594) (514.744,-206.554,34.0257) (530.711,-191.152,27.8598) (549.726,-194.427,15.2935) (533.759,-209.829,21.4594)
  m[0][0] pts=5 (544.364,-196.479,49.9071) (563.379,-199.755,37.3408) (554.277,-196.203,22.6426) (535.262,-192.928,35.2089) (544.364,-196.479,49.9071)
  m[0][1] pts=5 (544.364,-196.479,49.9071) (563.379,-199.755,37.3408) (554.277,-196.203,22.6426) (535.262,-192.928,35.2089) (544.364,-196.479,49.9071)
  f[0][0] pts=5 (545.175,-192.651,7.9444) (529.208,-208.054,14.1103) (538.31,-211.605,28.8085) (554.277,-196.203,22.6426) (545.175,-192.651,7.9444)
  f[0][1] pts=5 (545.175,-192.651,7.9444) (529.208,-208.054,14.1103) (538.31,-211.605,28.8085) (554.277,-196.203,22.6426) (545.175,-192.651,7.9444)
  m[1][0] pts=5 (528.397,-211.882,56.073) (547.412,-215.157,43.5067) (538.31,-211.605,28.8085) (519.295,-208.33,41.3748) (528.397,-211.882,56.073)
  m[1][1] pts=5 (528.397,-211.882,56.073) (547.412,-215.157,43.5067) (538.31,-211.605,28.8085) (519.295,-208.33,41.3748) (528.397,-211.882,56.073)
  f[1][0] pts=5 (526.16,-189.376,20.5107) (510.193,-204.778,26.6765) (519.295,-208.33,41.3748) (535.262,-192.928,35.2089) (526.16,-189.376,20.5107)
  f[1][1] pts=5 (526.16,-189.376,20.5107) (510.193,-204.778,26.6765) (519.295,-208.33,41.3748) (535.262,-192.928,35.2089) (526.16,-189.376,20.5107)
joint 70 type=30 v0=36 v1=45 f0_0=3 f1_0=5 name=cr_c_ip_0 orient=1 div=1 shift=0.5
  jv[0] pts=5 (395.131,-185.196,105.179) (413.546,-188.684,96.3166) (408.518,-169.508,102.385) (390.103,-166.02,111.246) (395.131,-185.196,105.179)
  jv[1] pts=5 (401.496,-188.07,119.535) (419.91,-191.558,110.673) (414.882,-172.382,116.741) (396.467,-168.894,125.603) (401.496,-188.07,119.535)
  m[0][0] pts=5 (405.336,-168.071,95.2064) (386.921,-164.583,104.068) (393.285,-167.457,118.425) (411.7,-170.945,109.563) (405.336,-168.071,95.2064)
  m[0][1] pts=5 (405.336,-168.071,95.2064) (386.921,-164.583,104.068) (393.285,-167.457,118.425) (411.7,-170.945,109.563) (405.336,-168.071,95.2064)
  f[0][0] pts=5 (399.65,-170.331,132.781) (404.678,-189.507,126.713) (398.313,-186.633,112.357) (393.285,-167.457,118.425) (399.65,-170.331,132.781)
  f[0][1] pts=5 (399.65,-170.331,132.781) (404.678,-189.507,126.713) (398.313,-186.633,112.357) (393.285,-167.457,118.425) (399.65,-170.331,132.781)
  m[1][0] pts=5 (410.364,-187.247,89.1385) (391.949,-183.759,98.0005) (398.313,-186.633,112.357) (416.728,-190.121,103.495) (410.364,-187.247,89.1385)
  m[1][1] pts=5 (410.364,-187.247,89.1385) (391.949,-183.759,98.0005) (398.313,-186.633,112.357) (416.728,-190.121,103.495) (410.364,-187.247,89.1385)
  f[1][0] pts=5 (418.065,-173.82,123.919) (423.093,-192.995,117.851) (416.728,-190.121,103.495) (411.7,-170.945,109.563) (418.065,-173.82,123.919)
  f[1][1] pts=5 (418.065,-173.82,123.919) (423.093,-192.995,117.851) (416.728,-190.121,103.495) (411.7,-170.945,109.563) (418.065,-173.82,123.919)
joint 71 type=30 v0=37 v1=46 f0_0=3 f1_0=5 name=cr_c_ip_0 orient=1 div=1 shift=0.5
  jv[0] pts=5 (572.307,-172.488,6.3417) (568.003,-154.713,12.7706) (580.807,-141.53,6.5973) (585.11,-159.306,0.168448) (572.307,-172.488,6.3417)
  jv[1] pts=5 (580.373,-174.8,18.1336) (576.07,-157.025,24.5624) (588.873,-143.842,18.3892) (593.176,-161.618,11.9603) (580.373,-174.8,18.1336)
  m[0][0] pts=5 (576.774,-140.374,0.701365) (581.077,-158.15,-5.72749) (589.143,-160.462,6.06438) (584.84,-142.686,12.4932) (576.774,-140.374,0.701365)
  m[0][1] pts=5 (576.774,-140.374,0.701365) (581.077,-158.15,-5.72749) (589.143,-160.462,6.06438) (584.84,-142.686,12.4932) (576.774,-140.374,0.701365)
  f[0][0] pts=5 (597.209,-162.774,17.8562) (584.406,-175.956,24.0295) (576.34,-173.644,12.2376) (589.143,-160.462,6.06438) (597.209,-162.774,17.8562)
  f[0][1] pts=5 (597.209,-162.774,17.8562) (584.406,-175.956,24.0295) (576.34,-173.644,12.2376) (589.143,-160.462,6.06438) (597.209,-162.774,17.8562)
  m[1][0] pts=5 (563.97,-153.557,6.87462) (568.274,-171.332,0.445771) (576.34,-173.644,12.2376) (572.037,-155.869,18.6665) (563.97,-153.557,6.87462)
  m[1][1] pts=5 (563.97,-153.557,6.87462) (568.274,-171.332,0.445771) (576.34,-173.644,12.2376) (572.037,-155.869,18.6665) (563.97,-153.557,6.87462)
  f[1][0] pts=5 (592.906,-144.999,24.2851) (580.103,-158.181,30.4584) (572.037,-155.869,18.6665) (584.84,-142.686,12.4932) (592.906,-144.999,24.2851)
  f[1][1] pts=5 (592.906,-144.999,24.2851) (580.103,-158.181,30.4584) (572.037,-155.869,18.6665) (584.84,-142.686,12.4932) (592.906,-144.999,24.2851)
joint 72 type=30 v0=38 v1=39 f0_0=5 f1_0=3 name=cr_c_ip_0 orient=1 div=1 shift=0.5
  jv[0] pts=5 (-637.903,-84.1047,-8.13921) (-644.468,-63.5428,-10.8467) (-627.468,-69.428,1.38399) (-620.903,-89.9899,4.09149) (-637.903,-84.1047,-8.13921)
  jv[1] pts=5 (-627.374,-82.5726,-22.0367) (-633.94,-62.0107,-24.7442) (-616.939,-67.8959,-12.5135) (-610.374,-88.4578,-9.80597) (-627.374,-82.5726,-22.0367)
  m[0][0] pts=5 (-632.733,-70.1941,8.33272) (-626.167,-90.7559,11.0402) (-615.638,-89.2239,-2.85724) (-622.204,-68.662,-5.56474) (-632.733,-70.1941,8.33272)
  m[0][1] pts=5 (-632.733,-70.1941,8.33272) (-626.167,-90.7559,11.0402) (-615.638,-89.2239,-2.85724) (-622.204,-68.662,-5.56474) (-632.733,-70.1941,8.33272)
  f[0][0] pts=5 (-605.109,-87.6918,-16.7547) (-622.109,-81.8065,-28.9854) (-632.638,-83.3386,-15.0879) (-615.638,-89.2239,-2.85724) (-605.109,-87.6918,-16.7547)
  f[0][1] pts=5 (-605.109,-87.6918,-16.7547) (-622.109,-81.8065,-28.9854) (-632.638,-83.3386,-15.0879) (-615.638,-89.2239,-2.85724) (-605.109,-87.6918,-16.7547)
  m[1][0] pts=5 (-649.733,-64.3088,-3.89798) (-643.167,-84.8707,-1.19048) (-632.638,-83.3386,-15.0879) (-639.204,-62.7767,-17.7954) (-649.733,-64.3088,-3.89798)
  m[1][1] pts=5 (-649.733,-64.3088,-3.89798) (-643.167,-84.8707,-1.19048) (-632.638,-83.3386,-15.0879) (-639.204,-62.7767,-17.7954) (-649.733,-64.3088,-3.89798)
  f[1][0] pts=5 (-611.675,-67.1299,-19.4622) (-628.675,-61.2447,-31.6929) (-639.204,-62.7767,-17.7954) (-622.204,-68.662,-5.56474) (-611.675,-67.1299,-19.4622)
  f[1][1] pts=5 (-611.675,-67.1299,-19.4622) (-628.675,-61.2447,-31.6929) (-639.204,-62.7767,-17.7954) (-622.204,-68.662,-5.56474) (-611.675,-67.1299,-19.4622)
joint 73 type=30 v0=38 v1=48 f0_0=3 f1_0=5 name=cr_c_ip_0 orient=1 div=1 shift=0.5
  jv[0] pts=5 (-640.923,-42.6193,-26.3134) (-646.143,-23.9251,-29.7065) (-634.953,-10.6597,-20.3763) (-629.733,-29.3539,-16.9833) (-640.923,-42.6193,-26.3134)
  jv[1] pts=5 (-650.44,-43.085,-14.2379) (-655.66,-24.3907,-17.6309) (-644.47,-11.1253,-8.3008) (-639.25,-29.8195,-4.90775) (-650.44,-43.085,-14.2379)
  m[0][0] pts=5 (-630.195,-10.4269,-26.4141) (-624.975,-29.1211,-23.021) (-634.492,-29.5867,-10.9455) (-639.712,-10.8925,-14.3386) (-630.195,-10.4269,-26.4141)
  m[0][1] pts=5 (-630.195,-10.4269,-26.4141) (-624.975,-29.1211,-23.021) (-634.492,-29.5867,-10.9455) (-639.712,-10.8925,-14.3386) (-630.195,-10.4269,-26.4141)
  f[0][0] pts=5 (-644.008,-30.0523,1.13002) (-655.198,-43.3178,-8.20012) (-645.682,-42.8521,-20.2756) (-634.492,-29.5867,-10.9455) (-644.008,-30.0523,1.13002)
  f[0][1] pts=5 (-644.008,-30.0523,1.13002) (-655.198,-43.3178,-8.20012) (-645.682,-42.8521,-20.2756) (-634.492,-29.5867,-10.9455) (-644.008,-30.0523,1.13002)
  m[1][0] pts=5 (-641.385,-23.6923,-35.7442) (-636.165,-42.3865,-32.3512) (-645.682,-42.8521,-20.2756) (-650.902,-24.1579,-23.6687) (-641.385,-23.6923,-35.7442)
  m[1][1] pts=5 (-641.385,-23.6923,-35.7442) (-636.165,-42.3865,-32.3512) (-645.682,-42.8521,-20.2756) (-650.902,-24.1579,-23.6687) (-641.385,-23.6923,-35.7442)
  f[1][0] pts=5 (-649.228,-11.3581,-2.26304) (-660.418,-24.6235,-11.5932) (-650.902,-24.1579,-23.6687) (-639.712,-10.8925,-14.3386) (-649.228,-11.3581,-2.26304)
  f[1][1] pts=5 (-649.228,-11.3581,-2.26304) (-660.418,-24.6235,-11.5932) (-650.902,-24.1579,-23.6687) (-639.712,-10.8925,-14.3386) (-649.228,-11.3581,-2.26304)
joint 74 type=30 v0=39 v1=48 f0_0=5 f1_0=3 name=cr_c_ip_0 orient=1 div=1 shift=0.5
  jv[0] pts=5 (-672.136,-71.2633,-36.8748) (-687.816,-65.429,-49.8405) (-676.586,-51.2414,-38.8586) (-660.907,-57.0758,-25.8929) (-672.136,-71.2633,-36.8748)
  jv[1] pts=5 (-662.578,-70.2386,-47.9723) (-678.258,-64.4043,-60.938) (-667.028,-50.2167,-49.9561) (-651.349,-56.0511,-36.9904) (-662.578,-70.2386,-47.9723)
  m[0][0] pts=5 (-681.365,-51.7538,-33.3099) (-665.686,-57.5881,-20.3441) (-656.128,-56.5634,-31.4416) (-671.807,-50.7291,-44.4074) (-681.365,-51.7538,-33.3099)
  m[0][1] pts=5 (-681.365,-51.7538,-33.3099) (-665.686,-57.5881,-20.3441) (-656.128,-56.5634,-31.4416) (-671.807,-50.7291,-44.4074) (-681.365,-51.7538,-33.3099)
  f[0][0] pts=5 (-646.57,-55.5387,-42.5391) (-657.799,-69.7263,-53.5211) (-667.357,-70.751,-42.4236) (-656.128,-56.5634,-31.4416) (-646.57,-55.5387,-42.5391)
  f[0][1] pts=5 (-646.57,-55.5387,-42.5391) (-657.799,-69.7263,-53.5211) (-667.357,-70.751,-42.4236) (-656.128,-56.5634,-31.4416) (-646.57,-55.5387,-42.5391)
  m[1][0] pts=5 (-692.595,-65.9413,-44.2918) (-676.915,-71.7757,-31.3261) (-667.357,-70.751,-42.4236) (-683.037,-64.9166,-55.3893) (-692.595,-65.9413,-44.2918)
  m[1][1] pts=5 (-692.595,-65.9413,-44.2918) (-676.915,-71.7757,-31.3261) (-667.357,-70.751,-42.4236) (-683.037,-64.9166,-55.3893) (-692.595,-65.9413,-44.2918)
  f[1][0] pts=5 (-662.249,-49.7044,-55.5049) (-673.479,-63.8919,-66.4868) (-683.037,-64.9166,-55.3893) (-671.807,-50.7291,-44.4074) (-662.249,-49.7044,-55.5049)
  f[1][1] pts=5 (-662.249,-49.7044,-55.5049) (-673.479,-63.8919,-66.4868) (-683.037,-64.9166,-55.3893) (-671.807,-50.7291,-44.4074) (-662.249,-49.7044,-55.5049)
joint 75 type=30 v0=40 v1=41 f0_0=3 f1_0=5 name=cr_c_ip_0 orient=1 div=1 shift=0.5
  jv[0] pts=5 (-310.943,-67.7807,154.504) (-296.461,-53.313,160.134) (-316.065,-47.8549,154.081) (-330.547,-62.3226,148.45) (-310.943,-67.7807,154.504)
  jv[1] pts=5 (-315.721,-68.6982,169.151) (-301.239,-54.2305,174.782) (-320.843,-48.7724,168.728) (-335.325,-63.2402,163.098) (-315.721,-68.6982,169.151)
  m[0][0] pts=5 (-313.676,-47.3961,146.757) (-328.158,-61.8639,141.127) (-332.936,-62.7814,155.774) (-318.454,-48.3137,161.405) (-313.676,-47.3961,146.757)
  m[0][1] pts=5 (-313.676,-47.3961,146.757) (-328.158,-61.8639,141.127) (-332.936,-62.7814,155.774) (-318.454,-48.3137,161.405) (-313.676,-47.3961,146.757)
  f[0][0] pts=5 (-337.714,-63.6989,170.421) (-318.11,-69.157,176.475) (-313.332,-68.2395,161.827) (-332.936,-62.7814,155.774) (-337.714,-63.6989,170.421)
  f[0][1] pts=5 (-337.714,-63.6989,170.421) (-318.11,-69.157,176.475) (-313.332,-68.2395,161.827) (-332.936,-62.7814,155.774) (-337.714,-63.6989,170.421)
  m[1][0] pts=5 (-294.072,-52.8542,152.811) (-308.554,-67.322,147.18) (-313.332,-68.2395,161.827) (-298.85,-53.7717,167.458) (-294.072,-52.8542,152.811)
  m[1][1] pts=5 (-294.072,-52.8542,152.811) (-308.554,-67.322,147.18) (-313.332,-68.2395,161.827) (-298.85,-53.7717,167.458) (-294.072,-52.8542,152.811)
  f[1][0] pts=5 (-323.232,-49.2312,176.052) (-303.628,-54.6892,182.105) (-298.85,-53.7717,167.458) (-318.454,-48.3137,161.405) (-323.232,-49.2312,176.052)
  f[1][1] pts=5 (-323.232,-49.2312,176.052) (-303.628,-54.6892,182.105) (-298.85,-53.7717,167.458) (-318.454,-48.3137,161.405) (-323.232,-49.2312,176.052)
joint 76 type=30 v0=40 v1=50 f0_0=5 f1_0=3 name=cr_c_ip_0 orient=1 div=1 shift=0.5
  jv[0] pts=5 (-367.184,-121.023,145.237) (-354.183,-107.706,151.698) (-360.823,-89.1633,151.257) (-373.824,-102.48,144.795) (-367.184,-121.023,145.237)
  jv[1] pts=5 (-361.855,-119.447,131.268) (-348.854,-106.13,137.729) (-355.495,-87.5876,137.288) (-368.496,-100.904,130.827) (-361.855,-119.447,131.268)
  m[0][0] pts=5 (-363.487,-89.9512,158.241) (-376.488,-103.268,151.78) (-371.16,-101.692,137.811) (-358.159,-88.3754,144.272) (-363.487,-89.9512,158.241)
  m[0][1] pts=5 (-363.487,-89.9512,158.241) (-376.488,-103.268,151.78) (-371.16,-101.692,137.811) (-358.159,-88.3754,144.272) (-363.487,-89.9512,158.241)
  f[0][0] pts=5 (-365.832,-100.117,123.842) (-359.191,-118.659,124.284) (-364.52,-120.235,138.252) (-371.16,-101.692,137.811) (-365.832,-100.117,123.842)
  f[0][1] pts=5 (-365.832,-100.117,123.842) (-359.191,-118.659,124.284) (-364.52,-120.235,138.252) (-371.16,-101.692,137.811) (-365.832,-100.117,123.842)
  m[1][0] pts=5 (-356.847,-108.494,158.682) (-369.848,-121.81,152.221) (-364.52,-120.235,138.252) (-351.519,-106.918,144.714) (-356.847,-108.494,158.682)
  m[1][1] pts=5 (-356.847,-108.494,158.682) (-369.848,-121.81,152.221) (-364.52,-120.235,138.252) (-351.519,-106.918,144.714) (-356.847,-108.494,158.682)
  f[1][0] pts=5 (-352.831,-86.7997,130.304) (-346.19,-105.342,130.745) (-351.519,-106.918,144.714) (-358.159,-88.3754,144.272) (-352.831,-86.7997,130.304)
  f[1][1] pts=5 (-352.831,-86.7997,130.304) (-346.19,-105.342,130.745) (-351.519,-106.918,144.714) (-358.159,-88.3754,144.272) (-352.831,-86.7997,130.304)
joint 77 type=30 v0=41 v1=42 f0_0=3 f1_0=5 name=cr_c_ip_0 orient=1 div=1 shift=0.5
  jv[0] pts=5 (-156.75,-108.836,188.668) (-136.379,-113.979,191.169) (-143,-93.9137,192.275) (-163.371,-88.7703,189.774) (-156.75,-108.836,188.668)
  jv[1] pts=5 (-158.907,-110.345,203.133) (-138.536,-115.488,205.635) (-145.157,-95.4228,206.741) (-165.528,-90.2795,204.239) (-158.907,-110.345,203.133)
  m[0][0] pts=5 (-141.922,-93.1592,185.042) (-162.293,-88.0158,182.541) (-164.45,-89.5249,197.007) (-144.079,-94.6683,199.508) (-141.922,-93.1592,185.042)
  m[0][1] pts=5 (-141.922,-93.1592,185.042) (-162.293,-88.0158,182.541) (-164.45,-89.5249,197.007) (-144.079,-94.6683,199.508) (-141.922,-93.1592,185.042)
  f[0][0] pts=5 (-166.607,-91.034,211.472) (-159.986,-111.1,210.366) (-157.829,-109.59,195.901) (-164.45,-89.5249,197.007) (-166.607,-91.034,211.472)
  f[0][1] pts=5 (-166.607,-91.034,211.472) (-159.986,-111.1,210.366) (-157.829,-109.59,195.901) (-164.45,-89.5249,197.007) (-166.607,-91.034,211.472)
  m[1][0] pts=5 (-135.301,-113.225,183.936) (-155.672,-108.081,181.435) (-157.829,-109.59,195.901) (-137.458,-114.734,198.402) (-135.301,-113.225,183.936)
  m[1][1] pts=5 (-135.301,-113.225,183.936) (-155.672,-108.081,181.435) (-157.829,-109.59,195.901) (-137.458,-114.734,198.402) (-135.301,-113.225,183.936)
  f[1][0] pts=5 (-146.236,-96.1774,213.973) (-139.615,-116.243,212.868) (-137.458,-114.734,198.402) (-144.079,-94.6683,199.508) (-146.236,-96.1774,213.973)
  f[1][1] pts=5 (-146.236,-96.1774,213.973) (-139.615,-116.243,212.868) (-137.458,-114.734,198.402) (-144.079,-94.6683,199.508) (-146.236,-96.1774,213.973)
joint 78 type=30 v0=41 v1=51 f0_0=5 f1_0=3 name=cr_c_ip_0 orient=1 div=1 shift=0.5
  jv[0] pts=5 (-222.047,-94.0044,192.521) (-242.086,-88.7241,188.477) (-227.526,-74.1219,193.011) (-207.487,-79.4021,197.055) (-222.047,-94.0044,192.521)
  jv[1] pts=5 (-218.998,-92.8295,178.946) (-239.037,-87.5492,174.902) (-224.476,-72.947,179.437) (-204.438,-78.2272,183.481) (-218.998,-92.8295,178.946)
  m[0][0] pts=5 (-229.05,-74.7093,199.798) (-209.011,-79.9896,203.842) (-205.962,-78.8147,190.268) (-226.001,-73.5344,186.224) (-229.05,-74.7093,199.798)
  m[0][1] pts=5 (-229.05,-74.7093,199.798) (-209.011,-79.9896,203.842) (-205.962,-78.8147,190.268) (-226.001,-73.5344,186.224) (-229.05,-74.7093,199.798)
  f[0][0] pts=5 (-202.913,-77.6398,176.694) (-217.473,-92.242,172.159) (-220.522,-93.4169,185.734) (-205.962,-78.8147,190.268) (-202.913,-77.6398,176.694)
  f[0][1] pts=5 (-202.913,-77.6398,176.694) (-217.473,-92.242,172.159) (-220.522,-93.4169,185.734) (-205.962,-78.8147,190.268) (-202.913,-77.6398,176.694)
  m[1][0] pts=5 (-243.61,-89.3115,195.264) (-223.572,-94.5918,199.308) (-220.522,-93.4169,185.734) (-240.561,-88.1366,181.69) (-243.61,-89.3115,195.264)
  m[1][1] pts=5 (-243.61,-89.3115,195.264) (-223.572,-94.5918,199.308) (-220.522,-93.4169,185.734) (-240.561,-88.1366,181.69) (-243.61,-89.3115,195.264)
  f[1][0] pts=5 (-222.952,-72.3595,172.65) (-237.512,-86.9617,168.115) (-240.561,-88.1366,181.69) (-226.001,-73.5344,186.224) (-222.952,-72.3595,172.65)
  f[1][1] pts=5 (-222.952,-72.3595,172.65) (-237.512,-86.9617,168.115) (-240.561,-88.1366,181.69) (-226.001,-73.5344,186.224) (-222.952,-72.3595,172.65)
joint 79 type=30 v0=41 v1=50 f0_0=3 f1_0=5 name=cr_c_ip_0 orient=1 div=1 shift=0.5
  jv[0] pts=5 (-387.698,-46.0913,128.513) (-368.227,-51.7445,136.189) (-374.993,-31.2315,134.331) (-394.465,-25.5782,126.654) (-387.698,-46.0913,128.513)
  jv[1] pts=5 (-392.944,-46.6539,141.403) (-373.472,-52.3072,149.08) (-380.239,-31.7941,147.222) (-399.71,-26.1408,139.545) (-392.944,-46.6539,141.403)
  m[0][0] pts=5 (-372.371,-30.9501,127.886) (-391.842,-25.2969,120.209) (-397.088,-25.8595,133.1) (-377.616,-31.5128,140.776) (-372.371,-30.9501,127.886)
  m[0][1] pts=5 (-372.371,-30.9501,127.886) (-391.842,-25.2969,120.209) (-397.088,-25.8595,133.1) (-377.616,-31.5128,140.776) (-372.371,-30.9501,127.886)
  f[0][0] pts=5 (-402.333,-26.4222,145.99) (-395.566,-46.9352,147.848) (-390.321,-46.3726,134.958) (-397.088,-25.8595,133.1) (-402.333,-26.4222,145.99)
  f[0][1] pts=5 (-402.333,-26.4222,145.99) (-395.566,-46.9352,147.848) (-390.321,-46.3726,134.958) (-397.088,-25.8595,133.1) (-402.333,-26.4222,145.99)
  m[1][0] pts=5 (-365.604,-51.4632,129.744) (-385.076,-45.81,122.067) (-390.321,-46.3726,134.958) (-370.849,-52.0258,142.634) (-365.604,-51.4632,129.744)
  m[1][1] pts=5 (-365.604,-51.4632,129.744) (-385.076,-45.81,122.067) (-390.321,-46.3726,134.958) (-370.849,-52.0258,142.634) (-365.604,-51.4632,129.744)
  f[1][0] pts=5 (-382.861,-32.0754,153.667) (-376.095,-52.5885,155.525) (-370.849,-52.0258,142.634) (-377.616,-31.5128,140.776) (-382.861,-32.0754,153.667)
  f[1][1] pts=5 (-382.861,-32.0754,153.667) (-376.095,-52.5885,155.525) (-370.849,-52.0258,142.634) (-377.616,-31.5128,140.776) (-382.861,-32.0754,153.667)
joint 80 type=30 v0=42 v1=51 f0_0=3 f1_0=5 name=cr_c_ip_0 orient=1 div=1 shift=0.5
  jv[0] pts=5 (-175.924,-49.886,190.396) (-181.999,-30.6884,190.031) (-167.833,-16.6747,192.95) (-161.758,-35.8723,193.315) (-175.924,-49.886,190.396)
  jv[1] pts=5 (-178.466,-50.4079,205.236) (-184.54,-31.2104,204.871) (-170.374,-17.1967,207.789) (-164.299,-36.3943,208.154) (-178.466,-50.4079,205.236)
  m[0][0] pts=5 (-166.563,-16.4137,185.53) (-160.488,-35.6113,185.895) (-163.029,-36.1333,200.734) (-169.104,-16.9357,200.369) (-166.563,-16.4137,185.53)
  m[0][1] pts=5 (-166.563,-16.4137,185.53) (-160.488,-35.6113,185.895) (-163.029,-36.1333,200.734) (-169.104,-16.9357,200.369) (-166.563,-16.4137,185.53)
  f[0][0] pts=5 (-165.57,-36.6552,215.574) (-179.736,-50.6689,212.655) (-177.195,-50.1469,197.816) (-163.029,-36.1333,200.734) (-165.57,-36.6552,215.574)
  f[0][1] pts=5 (-165.57,-36.6552,215.574) (-179.736,-50.6689,212.655) (-177.195,-50.1469,197.816) (-163.029,-36.1333,200.734) (-165.57,-36.6552,215.574)
  m[1][0] pts=5 (-180.729,-30.4274,182.611) (-174.654,-49.625,182.976) (-177.195,-50.1469,197.816) (-183.27,-30.9494,197.451) (-180.729,-30.4274,182.611)
  m[1][1] pts=5 (-180.729,-30.4274,182.611) (-174.654,-49.625,182.976) (-177.195,-50.1469,197.816) (-183.27,-30.9494,197.451) (-180.729,-30.4274,182.611)
  f[1][0] pts=5 (-171.645,-17.4577,215.209) (-185.811,-31.4714,212.29) (-183.27,-30.9494,197.451) (-169.104,-16.9357,200.369) (-171.645,-17.4577,215.209)
  f[1][1] pts=5 (-171.645,-17.4577,215.209) (-185.811,-31.4714,212.29) (-183.27,-30.9494,197.451) (-169.104,-16.9357,200.369) (-171.645,-17.4577,215.209)
joint 81 type=30 v0=43 v1=53 f0_0=5 f1_0=3 name=cr_c_ip_0 orient=1 div=1 shift=0.5
  jv[0] pts=5 (170.817,-128.502,199.695) (185.136,-114.365,198.808) (179.276,-95.3558,201.968) (164.957,-109.493,202.855) (170.817,-128.502,199.695)
  jv[1] pts=5 (168.306,-126.868,185.209) (182.625,-112.731,184.322) (176.765,-93.7217,187.482) (162.446,-107.859,188.369) (168.306,-126.868,185.209)
  m[0][0] pts=5 (180.531,-96.1728,209.211) (166.212,-110.31,210.098) (163.702,-108.676,195.612) (178.02,-94.5388,194.725) (180.531,-96.1728,209.211)
  m[0][1] pts=5 (180.531,-96.1728,209.211) (166.212,-110.31,210.098) (163.702,-108.676,195.612) (178.02,-94.5388,194.725) (180.531,-96.1728,209.211)
  f[0][0] pts=5 (161.191,-107.042,181.126) (167.051,-126.051,177.966) (169.562,-127.685,192.452) (163.702,-108.676,195.612) (161.191,-107.042,181.126)
  f[0][1] pts=5 (161.191,-107.042,181.126) (167.051,-126.051,177.966) (169.562,-127.685,192.452) (163.702,-108.676,195.612) (161.191,-107.042,181.126)
  m[1][0] pts=5 (186.391,-115.182,206.051) (172.072,-129.319,206.938) (169.562,-127.685,192.452) (183.88,-113.548,191.565) (186.391,-115.182,206.051)
  m[1][1] pts=5 (186.391,-115.182,206.051) (172.072,-129.319,206.938) (169.562,-127.685,192.452) (183.88,-113.548,191.565) (186.391,-115.182,206.051)
  f[1][0] pts=5 (175.51,-92.9047,180.239) (181.37,-111.914,177.079) (183.88,-113.548,191.565) (178.02,-94.5388,194.725) (175.51,-92.9047,180.239)
  f[1][1] pts=5 (175.51,-92.9047,180.239) (181.37,-111.914,177.079) (183.88,-113.548,191.565) (178.02,-94.5388,194.725) (175.51,-92.9047,180.239)
joint 82 type=30 v0=43 v1=44 f0_0=3 f1_0=5 name=cr_c_ip_0 orient=1 div=1 shift=0.5
  jv[0] pts=5 (225.69,-69.6895,179.793) (240.443,-54.7104,177.406) (220.403,-49.9182,182.219) (205.651,-64.8972,184.606) (225.69,-69.6895,179.793)
  jv[1] pts=5 (228.722,-70.5303,193.255) (243.475,-55.5512,190.868) (223.435,-50.759,195.681) (208.683,-65.738,198.068) (228.722,-70.5303,193.255)
  m[0][0] pts=5 (218.887,-49.4978,175.488) (204.135,-64.4768,177.875) (207.167,-65.3176,191.337) (221.919,-50.3386,188.95) (218.887,-49.4978,175.488)
  m[0][1] pts=5 (218.887,-49.4978,175.488) (204.135,-64.4768,177.875) (207.167,-65.3176,191.337) (221.919,-50.3386,188.95) (218.887,-49.4978,175.488)
  f[0][0] pts=5 (210.199,-66.1584,204.798) (230.238,-70.9507,199.986) (227.206,-70.1099,186.524) (207.167,-65.3176,191.337) (210.199,-66.1584,204.798)
  f[0][1] pts=5 (210.199,-66.1584,204.798) (230.238,-70.9507,199.986) (227.206,-70.1099,186.524) (207.167,-65.3176,191.337) (210.199,-66.1584,204.798)
  m[1][0] pts=5 (238.927,-54.29,170.676) (224.174,-69.2691,173.063) (227.206,-70.1099,186.524) (241.959,-55.1308,184.137) (238.927,-54.29,170.676)
  m[1][1] pts=5 (238.927,-54.29,170.676) (224.174,-69.2691,173.063) (227.206,-70.1099,186.524) (241.959,-55.1308,184.137) (238.927,-54.29,170.676)
  f[1][0] pts=5 (224.951,-51.1794,202.411) (244.991,-55.9716,197.599) (241.959,-55.1308,184.137) (221.919,-50.3386,188.95) (224.951,-51.1794,202.411)
  f[1][1] pts=5 (224.951,-51.1794,202.411) (244.991,-55.9716,197.599) (241.959,-55.1308,184.137) (221.919,-50.3386,188.95) (224.951,-51.1794,202.411)
joint 83 type=30 v0=44 v1=53 f0_0=3 f1_0=5 name=cr_c_ip_0 orient=1 div=1 shift=0.5
  jv[0] pts=5 (144.347,-50.2062,195.554) (164.628,-55.0692,192.281) (158.25,-35.0301,194.134) (137.969,-30.1671,197.407) (144.347,-50.2062,195.554)
  jv[1] pts=5 (146.569,-50.8621,210.295) (166.85,-55.7252,207.022) (160.472,-35.6861,208.875) (140.191,-30.823,212.148) (146.569,-50.8621,210.295)
  m[0][0] pts=5 (157.139,-34.7022,186.764) (136.858,-29.8391,190.037) (139.08,-30.495,204.778) (159.361,-35.3581,201.505) (157.139,-34.7022,186.764)
  m[0][1] pts=5 (157.139,-34.7022,186.764) (136.858,-29.8391,190.037) (139.08,-30.495,204.778) (159.361,-35.3581,201.505) (157.139,-34.7022,186.764)
  f[0][0] pts=5 (141.302,-31.1509,219.519) (147.68,-51.19,217.666) (145.458,-50.5341,202.925) (139.08,-30.495,204.778) (141.302,-31.1509,219.519)
  f[0][1] pts=5 (141.302,-31.1509,219.519) (147.68,-51.19,217.666) (145.458,-50.5341,202.925) (139.08,-30.495,204.778) (141.302,-31.1509,219.519)
  m[1][0] pts=5 (163.518,-54.7413,184.911) (143.237,-49.8782,188.184) (145.458,-50.5341,202.925) (165.739,-55.3972,199.652) (163.518,-54.7413,184.911)
  m[1][1] pts=5 (163.518,-54.7413,184.911) (143.237,-49.8782,188.184) (145.458,-50.5341,202.925) (165.739,-55.3972,199.652) (163.518,-54.7413,184.911)
  f[1][0] pts=5 (161.583,-36.014,216.245) (167.961,-56.0531,214.392) (165.739,-55.3972,199.652) (159.361,-35.3581,201.505) (161.583,-36.014,216.245)
  f[1][1] pts=5 (161.583,-36.014,216.245) (167.961,-56.0531,214.392) (165.739,-55.3972,199.652) (159.361,-35.3581,201.505) (161.583,-36.014,216.245)
joint 84 type=30 v0=44 v1=45 f0_0=3 f1_0=5 name=cr_c_ip_0 orient=1 div=1 shift=0.5
  jv[0] pts=5 (373.721,-104.97,129.544) (392.754,-109.491,121.3) (386.882,-89.5962,125.814) (367.849,-85.0746,134.058) (373.721,-104.97,129.544)
  jv[1] pts=5 (379.086,-106.371,142.701) (398.12,-110.892,134.457) (392.248,-90.9973,138.971) (373.215,-86.4756,147.215) (379.086,-106.371,142.701)
  m[0][0] pts=5 (384.199,-88.8957,119.235) (365.166,-84.3741,127.479) (370.532,-85.7751,140.636) (389.565,-90.2968,132.392) (384.199,-88.8957,119.235)
  m[0][1] pts=5 (384.199,-88.8957,119.235) (365.166,-84.3741,127.479) (370.532,-85.7751,140.636) (389.565,-90.2968,132.392) (384.199,-88.8957,119.235)
  f[0][0] pts=5 (375.898,-87.1762,153.793) (381.769,-107.071,149.28) (376.403,-105.67,136.123) (370.532,-85.7751,140.636) (375.898,-87.1762,153.793)
  f[0][1] pts=5 (375.898,-87.1762,153.793) (381.769,-107.071,149.28) (376.403,-105.67,136.123) (370.532,-85.7751,140.636) (375.898,-87.1762,153.793)
  m[1][0] pts=5 (390.071,-108.791,114.722) (371.038,-104.269,122.966) (376.403,-105.67,136.123) (395.437,-110.192,127.879) (390.071,-108.791,114.722)
  m[1][1] pts=5 (390.071,-108.791,114.722) (371.038,-104.269,122.966) (376.403,-105.67,136.123) (395.437,-110.192,127.879) (390.071,-108.791,114.722)
  f[1][0] pts=5 (394.931,-91.6978,145.549) (400.802,-111.593,141.036) (395.437,-110.192,127.879) (389.565,-90.2968,132.392) (394.931,-91.6978,145.549)
  f[1][1] pts=5 (394.931,-91.6978,145.549) (400.802,-111.593,141.036) (395.437,-110.192,127.879) (389.565,-90.2968,132.392) (394.931,-91.6978,145.549)
joint 85 type=30 v0=44 v1=54 f0_0=5 f1_0=3 name=cr_c_ip_0 orient=1 div=1 shift=0.5
  jv[0] pts=5 (319.643,-92.2296,166.084) (299.641,-87.4632,172.957) (315.008,-72.6218,169.269) (335.01,-77.3882,162.397) (319.643,-92.2296,166.084)
  jv[1] pts=5 (315.078,-91.0139,151.957) (295.076,-86.2475,158.829) (310.444,-71.4061,155.142) (330.445,-76.1725,148.269) (315.078,-91.0139,151.957)
  m[0][0] pts=5 (317.29,-73.2297,176.333) (337.292,-77.9961,169.46) (332.728,-76.7804,155.333) (312.726,-72.014,162.205) (317.29,-73.2297,176.333)
  m[0][1] pts=5 (317.29,-73.2297,176.333) (337.292,-77.9961,169.46) (332.728,-76.7804,155.333) (312.726,-72.014,162.205) (317.29,-73.2297,176.333)
  f[0][0] pts=5 (328.163,-75.5647,141.206) (312.796,-90.4061,144.893) (317.36,-91.6218,159.021) (332.728,-76.7804,155.333) (328.163,-75.5647,141.206)
  f[0][1] pts=5 (328.163,-75.5647,141.206) (312.796,-90.4061,144.893) (317.36,-91.6218,159.021) (332.728,-76.7804,155.333) (328.163,-75.5647,141.206)
  m[1][0] pts=5 (301.923,-88.0711,180.02) (321.925,-92.8374,173.148) (317.36,-91.6218,159.021) (297.359,-86.8554,165.893) (301.923,-88.0711,180.02)
  m[1][1] pts=5 (301.923,-88.0711,180.02) (321.925,-92.8374,173.148) (317.36,-91.6218,159.021) (297.359,-86.8554,165.893) (301.923,-88.0711,180.02)
  f[1][0] pts=5 (308.162,-70.7983,148.078) (292.794,-85.6397,151.766) (297.359,-86.8554,165.893) (312.726,-72.014,162.205) (308.162,-70.7983,148.078)
  f[1][1] pts=5 (308.162,-70.7983,148.078) (292.794,-85.6397,151.766) (297.359,-86.8554,165.893) (312.726,-72.014,162.205) (308.162,-70.7983,148.078)
joint 86 type=30 v0=45 v1=54 f0_0=3 f1_0=5 name=cr_c_ip_0 orient=1 div=1 shift=0.5
  jv[0] pts=5 (356.839,-50.0359,140.185) (350.89,-31.4834,143.106) (364.392,-17.9171,138.443) (370.341,-36.4695,135.521) (356.839,-50.0359,140.185)
  jv[1] pts=5 (362.203,-50.5335,154.269) (356.255,-31.981,157.19) (369.757,-18.4147,152.527) (375.706,-36.9671,149.605) (362.203,-50.5335,154.269)
  m[0][0] pts=5 (361.71,-17.6683,131.401) (367.659,-36.2207,128.479) (373.023,-36.7183,142.563) (367.075,-18.1659,145.485) (361.71,-17.6683,131.401)
  m[0][1] pts=5 (361.71,-17.6683,131.401) (367.659,-36.2207,128.479) (373.023,-36.7183,142.563) (367.075,-18.1659,145.485) (361.71,-17.6683,131.401)
  f[0][0] pts=5 (378.388,-37.2159,156.647) (364.886,-50.7823,161.311) (359.521,-50.2847,147.227) (373.023,-36.7183,142.563) (378.388,-37.2159,156.647)
  f[0][1] pts=5 (378.388,-37.2159,156.647) (364.886,-50.7823,161.311) (359.521,-50.2847,147.227) (373.023,-36.7183,142.563) (378.388,-37.2159,156.647)
  m[1][0] pts=5 (348.208,-31.2346,136.065) (354.156,-49.7871,133.143) (359.521,-50.2847,147.227) (353.572,-31.7322,150.148) (348.208,-31.2346,136.065)
  m[1][1] pts=5 (348.208,-31.2346,136.065) (354.156,-49.7871,133.143) (359.521,-50.2847,147.227) (353.572,-31.7322,150.148) (348.208,-31.2346,136.065)
  f[1][0] pts=5 (372.439,-18.6635,159.568) (358.937,-32.2298,164.232) (353.572,-31.7322,150.148) (367.075,-18.1659,145.485) (372.439,-18.6635,159.568)
  f[1][1] pts=5 (372.439,-18.6635,159.568) (358.937,-32.2298,164.232) (353.572,-31.7322,150.148) (367.075,-18.1659,145.485) (372.439,-18.6635,159.568)
joint 87 type=30 v0=46 v1=47 f0_0=3 f1_0=5 name=cr_c_ip_0 orient=1 div=1 shift=0.5
  jv[0] pts=5 (669.344,-65.0584,-51.5504) (681.708,-49.9132,-61.0781) (665.711,-45.5337,-47.0091) (653.346,-60.679,-37.4814) (669.344,-65.0584,-51.5504)
  jv[1] pts=5 (678.548,-65.8364,-40.8426) (690.912,-50.6912,-50.3702) (674.915,-46.3117,-36.3013) (662.55,-61.457,-26.7736) (678.548,-65.8364,-40.8426)
  m[0][0] pts=5 (661.109,-45.1447,-52.363) (648.744,-60.29,-42.8353) (657.948,-61.068,-32.1275) (670.313,-45.9227,-41.6552) (661.109,-45.1447,-52.363)
  m[0][1] pts=5 (661.109,-45.1447,-52.363) (648.744,-60.29,-42.8353) (657.948,-61.068,-32.1275) (670.313,-45.9227,-41.6552) (661.109,-45.1447,-52.363)
  f[0][0] pts=5 (667.152,-61.846,-21.4197) (683.15,-66.2255,-35.4887) (673.946,-65.4474,-46.1965) (657.948,-61.068,-32.1275) (667.152,-61.846,-21.4197)
  f[0][1] pts=5 (667.152,-61.846,-21.4197) (683.15,-66.2255,-35.4887) (673.946,-65.4474,-46.1965) (657.948,-61.068,-32.1275) (667.152,-61.846,-21.4197)
  m[1][0] pts=5 (677.107,-49.5242,-66.432) (664.742,-64.6694,-56.9043) (673.946,-65.4474,-46.1965) (686.31,-50.3022,-55.7242) (677.107,-49.5242,-66.432)
  m[1][1] pts=5 (677.107,-49.5242,-66.432) (664.742,-64.6694,-56.9043) (673.946,-65.4474,-46.1965) (686.31,-50.3022,-55.7242) (677.107,-49.5242,-66.432)
  f[1][0] pts=5 (679.517,-46.7007,-30.9473) (695.514,-51.0802,-45.0163) (686.31,-50.3022,-55.7242) (670.313,-45.9227,-41.6552) (679.517,-46.7007,-30.9473)
  f[1][1] pts=5 (679.517,-46.7007,-30.9473) (695.514,-51.0802,-45.0163) (686.31,-50.3022,-55.7242) (670.313,-45.9227,-41.6552) (679.517,-46.7007,-30.9473)
joint 88 type=30 v0=46 v1=56 f0_0=5 f1_0=3 name=cr_c_ip_0 orient=1 div=1 shift=0.5
  jv[0] pts=5 (643.544,-108.603,-14.0315) (655.45,-94.9642,-21.8106) (651.237,-76.5341,-16.2548) (639.331,-90.1729,-8.47564) (643.544,-108.603,-14.0315)
  jv[1] pts=5 (633.546,-107.08,-26.6629) (645.452,-93.4416,-34.4421) (641.239,-75.0116,-28.8863) (629.333,-88.6504,-21.1071) (633.546,-107.08,-26.6629)
  m[0][0] pts=5 (656.235,-77.2954,-9.9391) (644.33,-90.9342,-2.15992) (634.332,-89.4117,-14.7914) (646.238,-75.7729,-22.5705) (656.235,-77.2954,-9.9391)
  m[0][1] pts=5 (656.235,-77.2954,-9.9391) (644.33,-90.9342,-2.15992) (634.332,-89.4117,-14.7914) (646.238,-75.7729,-22.5705) (656.235,-77.2954,-9.9391)
  f[0][0] pts=5 (624.335,-87.8892,-27.4228) (628.548,-106.319,-32.9786) (638.545,-107.842,-20.3472) (634.332,-89.4117,-14.7914) (624.335,-87.8892,-27.4228)
  f[0][1] pts=5 (624.335,-87.8892,-27.4228) (628.548,-106.319,-32.9786) (638.545,-107.842,-20.3472) (634.332,-89.4117,-14.7914) (624.335,-87.8892,-27.4228)
  m[1][0] pts=5 (660.448,-95.7254,-15.4949) (648.542,-109.364,-7.71574) (638.545,-107.842,-20.3472) (650.451,-94.2029,-28.1264) (660.448,-95.7254,-15.4949)
  m[1][1] pts=5 (660.448,-95.7254,-15.4949) (648.542,-109.364,-7.71574) (638.545,-107.842,-20.3472) (650.451,-94.2029,-28.1264) (660.448,-95.7254,-15.4949)
  f[1][0] pts=5 (636.241,-74.2504,-35.202) (640.454,-92.6804,-40.7578) (650.451,-94.2029,-28.1264) (646.238,-75.7729,-22.5705) (636.241,-74.2504,-35.202)
  f[1][1] pts=5 (636.241,-74.2504,-35.202) (640.454,-92.6804,-40.7578) (650.451,-94.2029,-28.1264) (646.238,-75.7729,-22.5705) (636.241,-74.2504,-35.202)
joint 89 type=30 v0=47 v1=56 f0_0=3 f1_0=5 name=cr_c_ip_0 orient=1 div=1 shift=0.5
  jv[0] pts=5 (619.223,-51.7824,-12.2756) (635.599,-56.108,-24.9767) (630.364,-36.2275,-19.9212) (613.988,-31.9019,-7.2202) (619.223,-51.7824,-12.2756)
  jv[1] pts=5 (629.772,-52.5275,1.57927) (646.148,-56.8531,-11.1218) (640.913,-36.9726,-6.06631) (624.536,-32.647,6.63471) (629.772,-52.5275,1.57927)
  m[0][0] pts=5 (625.089,-35.8549,-26.8487) (608.713,-31.5294,-14.1477) (619.262,-32.2744,-0.292745) (635.638,-36.6,-12.9938) (625.089,-35.8549,-26.8487)
  m[0][1] pts=5 (625.089,-35.8549,-26.8487) (608.713,-31.5294,-14.1477) (619.262,-32.2744,-0.292745) (635.638,-36.6,-12.9938) (625.089,-35.8549,-26.8487)
  f[0][0] pts=5 (629.811,-33.0195,13.5622) (635.046,-52.9001,8.50673) (624.498,-52.155,-5.34819) (619.262,-32.2744,-0.292745) (629.811,-33.0195,13.5622)
  f[0][1] pts=5 (629.811,-33.0195,13.5622) (635.046,-52.9001,8.50673) (624.498,-52.155,-5.34819) (619.262,-32.2744,-0.292745) (629.811,-33.0195,13.5622)
  m[1][0] pts=5 (630.325,-55.7355,-31.9041) (613.949,-51.4099,-19.2031) (624.498,-52.155,-5.34819) (640.874,-56.4806,-18.0492) (630.325,-55.7355,-31.9041)
  m[1][1] pts=5 (630.325,-55.7355,-31.9041) (613.949,-51.4099,-19.2031) (624.498,-52.155,-5.34819) (640.874,-56.4806,-18.0492) (630.325,-55.7355,-31.9041)
  f[1][0] pts=5 (646.187,-37.3451,0.861144) (651.423,-57.2256,-4.1943) (640.874,-56.4806,-18.0492) (635.638,-36.6,-12.9938) (646.187,-37.3451,0.861144)
  f[1][1] pts=5 (646.187,-37.3451,0.861144) (651.423,-57.2256,-4.1943) (640.874,-56.4806,-18.0492) (635.638,-36.6,-12.9938) (646.187,-37.3451,0.861144)
joint 90 type=30 v0=48 v1=57 f0_0=5 f1_0=3 name=cr_c_ip_0 orient=1 div=1 shift=0.5
  jv[0] pts=5 (-594.639,20.0446,26.6978) (-582.617,33.0526,34.4212) (-588.018,51.081,30.0415) (-600.039,38.0731,22.3181) (-594.639,20.0446,26.6978)
  jv[1] pts=5 (-585.561,19.5384,13.4207) (-573.539,32.5463,21.1441) (-578.94,50.5748,16.7643) (-590.961,37.5668,9.04094) (-585.561,19.5384,13.4207)
  m[0][0] pts=5 (-592.557,51.3341,36.68) (-604.578,38.3262,28.9566) (-595.5,37.8199,15.6795) (-583.479,50.8279,23.4029) (-592.557,51.3341,36.68)
  m[0][1] pts=5 (-592.557,51.3341,36.68) (-604.578,38.3262,28.9566) (-595.5,37.8199,15.6795) (-583.479,50.8279,23.4029) (-592.557,51.3341,36.68)
  f[0][0] pts=5 (-586.422,37.3137,2.40238) (-581.022,19.2852,6.7821) (-590.1,19.7915,20.0592) (-595.5,37.8199,15.6795) (-586.422,37.3137,2.40238)
  f[0][1] pts=5 (-586.422,37.3137,2.40238) (-581.022,19.2852,6.7821) (-590.1,19.7915,20.0592) (-595.5,37.8199,15.6795) (-586.422,37.3137,2.40238)
  m[1][0] pts=5 (-587.156,33.3057,41.0597) (-599.178,20.2977,33.3364) (-590.1,19.7915,20.0592) (-578.078,32.7994,27.7826) (-587.156,33.3057,41.0597)
  m[1][1] pts=5 (-587.156,33.3057,41.0597) (-599.178,20.2977,33.3364) (-590.1,19.7915,20.0592) (-578.078,32.7994,27.7826) (-587.156,33.3057,41.0597)
  f[1][0] pts=5 (-574.401,50.3217,10.1258) (-569,32.2932,14.5055) (-578.078,32.7994,27.7826) (-583.479,50.8279,23.4029) (-574.401,50.3217,10.1258)
  f[1][1] pts=5 (-574.401,50.3217,10.1258) (-569,32.2932,14.5055) (-578.078,32.7994,27.7826) (-583.479,50.8279,23.4029) (-574.401,50.3217,10.1258)
joint 91 type=30 v0=49 v1=50 f0_0=3 f1_0=5 name=cr_c_ip_0 orient=1 div=1 shift=0.5
  jv[0] pts=5 (-412.393,35.7166,115.686) (-393.644,31.1807,124.098) (-399.53,51.0938,120.68) (-418.279,55.6298,112.268) (-412.393,35.7166,115.686)
  jv[1] pts=5 (-418.821,36.3332,130.346) (-400.072,31.7973,138.757) (-405.958,51.7105,135.339) (-424.707,56.2464,126.927) (-418.821,36.3332,130.346)
  m[0][0] pts=5 (-396.316,50.7855,113.35) (-415.065,55.3215,104.938) (-421.493,55.9381,119.598) (-402.744,51.4021,128.009) (-396.316,50.7855,113.35)
  m[0][1] pts=5 (-396.316,50.7855,113.35) (-415.065,55.3215,104.938) (-421.493,55.9381,119.598) (-402.744,51.4021,128.009) (-396.316,50.7855,113.35)
  f[0][0] pts=5 (-427.921,56.5547,134.257) (-422.035,36.6415,137.675) (-415.607,36.0249,123.016) (-421.493,55.9381,119.598) (-427.921,56.5547,134.257)
  f[0][1] pts=5 (-427.921,56.5547,134.257) (-422.035,36.6415,137.675) (-415.607,36.0249,123.016) (-421.493,55.9381,119.598) (-427.921,56.5547,134.257)
  m[1][0] pts=5 (-390.43,30.8724,116.768) (-409.179,35.4083,108.357) (-415.607,36.0249,123.016) (-396.858,31.489,131.428) (-390.43,30.8724,116.768)
  m[1][1] pts=5 (-390.43,30.8724,116.768) (-409.179,35.4083,108.357) (-415.607,36.0249,123.016) (-396.858,31.489,131.428) (-390.43,30.8724,116.768)
  f[1][0] pts=5 (-409.171,52.0188,142.669) (-403.286,32.1056,146.087) (-396.858,31.489,131.428) (-402.744,51.4021,128.009) (-409.171,52.0188,142.669)
  f[1][1] pts=5 (-409.171,52.0188,142.669) (-403.286,32.1056,146.087) (-396.858,31.489,131.428) (-402.744,51.4021,128.009) (-409.171,52.0188,142.669)
joint 92 type=30 v0=49 v1=59 f0_0=5 f1_0=3 name=cr_c_ip_0 orient=1 div=1 shift=0.5
  jv[0] pts=5 (-473.339,49.7213,102.173) (-491.715,54.2537,92.3077) (-478.013,69.3814,98.5483) (-459.637,64.849,108.413) (-473.339,49.7213,102.173)
  jv[1] pts=5 (-466.771,48.9631,89.5907) (-485.147,53.4955,79.7257) (-471.445,68.6232,85.9663) (-453.069,64.0908,95.8313) (-466.771,48.9631,89.5907)
  m[0][0] pts=5 (-481.296,69.7605,104.839) (-462.92,65.2281,114.704) (-456.353,64.4699,102.122) (-474.729,69.0023,92.2573) (-481.296,69.7605,104.839)
  m[0][1] pts=5 (-481.296,69.7605,104.839) (-462.92,65.2281,114.704) (-456.353,64.4699,102.122) (-474.729,69.0023,92.2573) (-481.296,69.7605,104.839)
  f[0][0] pts=5 (-449.785,63.7117,89.5403) (-463.488,48.584,83.2997) (-470.055,49.3422,95.8817) (-456.353,64.4699,102.122) (-449.785,63.7117,89.5403)
  f[0][1] pts=5 (-449.785,63.7117,89.5403) (-463.488,48.584,83.2997) (-470.055,49.3422,95.8817) (-456.353,64.4699,102.122) (-449.785,63.7117,89.5403)
  m[1][0] pts=5 (-494.999,54.6328,98.5987) (-476.623,50.1004,108.464) (-470.055,49.3422,95.8817) (-488.431,53.8746,86.0167) (-494.999,54.6328,98.5987)
  m[1][1] pts=5 (-494.999,54.6328,98.5987) (-476.623,50.1004,108.464) (-470.055,49.3422,95.8817) (-488.431,53.8746,86.0167) (-494.999,54.6328,98.5987)
  f[1][0] pts=5 (-468.161,68.2441,79.6753) (-481.864,53.1164,73.4347) (-488.431,53.8746,86.0167) (-474.729,69.0023,92.2573) (-468.161,68.2441,79.6753)
  f[1][1] pts=5 (-468.161,68.2441,79.6753) (-481.864,53.1164,73.4347) (-488.431,53.8746,86.0167) (-474.729,69.0023,92.2573) (-468.161,68.2441,79.6753)
joint 93 type=30 v0=49 v1=57 f0_0=3 f1_0=5 name=cr_c_ip_0 orient=1 div=1 shift=0.5
  jv[0] pts=5 (-605.67,84.0841,-1.09637) (-588.805,79.7418,11.3734) (-594.118,99.6585,5.55448) (-610.982,104.001,-6.91525) (-605.67,84.0841,-1.09637)
  jv[1] pts=5 (-613.258,85.1687,9.54447) (-596.394,80.8264,22.0142) (-601.707,100.743,16.1953) (-618.571,105.085,3.72559) (-613.258,85.1687,9.54447)
  m[0][0] pts=5 (-590.323,99.1162,0.234059) (-607.188,103.459,-12.2357) (-614.777,104.543,-1.59483) (-597.912,100.201,10.8749) (-590.323,99.1162,0.234059)
  m[0][1] pts=5 (-590.323,99.1162,0.234059) (-607.188,103.459,-12.2357) (-614.777,104.543,-1.59483) (-597.912,100.201,10.8749) (-590.323,99.1162,0.234059)
  f[0][0] pts=5 (-622.365,105.628,9.04602) (-617.053,85.711,14.8649) (-609.464,84.6264,4.22405) (-614.777,104.543,-1.59483) (-622.365,105.628,9.04602)
  f[0][1] pts=5 (-622.365,105.628,9.04602) (-617.053,85.711,14.8649) (-609.464,84.6264,4.22405) (-614.777,104.543,-1.59483) (-622.365,105.628,9.04602)
  m[1][0] pts=5 (-585.011,79.1995,6.05294) (-601.875,83.5418,-6.4168) (-609.464,84.6264,4.22405) (-592.599,80.2841,16.6938) (-585.011,79.1995,6.05294)
  m[1][1] pts=5 (-585.011,79.1995,6.05294) (-601.875,83.5418,-6.4168) (-609.464,84.6264,4.22405) (-592.599,80.2841,16.6938) (-585.011,79.1995,6.05294)
  f[1][0] pts=5 (-605.501,101.285,21.5158) (-600.188,81.3687,27.3346) (-592.599,80.2841,16.6938) (-597.912,100.201,10.8749) (-605.501,101.285,21.5158)
  f[1][1] pts=5 (-605.501,101.285,21.5158) (-600.188,81.3687,27.3346) (-592.599,80.2841,16.6938) (-597.912,100.201,10.8749) (-605.501,101.285,21.5158)
joint 94 type=30 v0=50 v1=59 f0_0=3 f1_0=5 name=cr_c_ip_0 orient=1 div=1 shift=0.5
  jv[0] pts=5 (-428.381,90.6316,105.684) (-433.455,109.521,101.237) (-419.994,123.636,105.916) (-414.92,104.746,110.363) (-428.381,90.6316,105.684)
  jv[1] pts=5 (-434.704,92.1429,119.316) (-439.777,111.032,114.869) (-426.316,125.147,119.547) (-421.243,106.258,123.995) (-434.704,92.1429,119.316)
  m[0][0] pts=5 (-416.832,122.88,99.0996) (-411.759,103.991,103.547) (-418.081,105.502,117.179) (-423.155,124.391,112.731) (-416.832,122.88,99.0996)
  m[0][1] pts=5 (-416.832,122.88,99.0996) (-411.759,103.991,103.547) (-418.081,105.502,117.179) (-423.155,124.391,112.731) (-416.832,122.88,99.0996)
  f[0][0] pts=5 (-424.404,107.013,130.811) (-437.865,92.8985,126.132) (-431.543,91.3872,112.5) (-418.081,105.502,117.179) (-424.404,107.013,130.811)
  f[0][1] pts=5 (-424.404,107.013,130.811) (-437.865,92.8985,126.132) (-431.543,91.3872,112.5) (-418.081,105.502,117.179) (-424.404,107.013,130.811)
  m[1][0] pts=5 (-430.294,108.765,94.4211) (-425.22,89.876,98.8683) (-431.543,91.3872,112.5) (-436.616,110.277,108.053) (-430.294,108.765,94.4211)
  m[1][1] pts=5 (-430.294,108.765,94.4211) (-425.22,89.876,98.8683) (-431.543,91.3872,112.5) (-436.616,110.277,108.053) (-430.294,108.765,94.4211)
  f[1][0] pts=5 (-429.477,125.903,126.363) (-442.939,111.788,121.685) (-436.616,110.277,108.053) (-423.155,124.391,112.731) (-429.477,125.903,126.363)
  f[1][1] pts=5 (-429.477,125.903,126.363) (-442.939,111.788,121.685) (-436.616,110.277,108.053) (-423.155,124.391,112.731) (-429.477,125.903,126.363)
joint 95 type=30 v0=51 v1=52 f0_0=3 f1_0=5 name=cr_c_ip_0 orient=1 div=1 shift=0.5
  jv[0] pts=5 (-44.5363,78.3557,204.111) (-29.1428,93.1005,203.558) (-49.8237,98.1083,202.181) (-65.2172,83.3635,202.734) (-44.5363,78.3557,204.111)
  jv[1] pts=5 (-45.1823,79.5585,218.185) (-29.7888,94.3033,217.631) (-50.4697,99.3111,216.254) (-65.8632,84.5663,216.807) (-45.1823,79.5585,218.185)
  m[0][0] pts=5 (-49.5007,97.5069,195.144) (-64.8942,82.7621,195.698) (-65.5402,83.9649,209.771) (-50.1467,98.7097,209.217) (-49.5007,97.5069,195.144)
  m[0][1] pts=5 (-49.5007,97.5069,195.144) (-64.8942,82.7621,195.698) (-65.5402,83.9649,209.771) (-50.1467,98.7097,209.217) (-49.5007,97.5069,195.144)
  f[0][0] pts=5 (-66.1862,85.1677,223.844) (-45.5053,80.1599,225.221) (-44.8593,78.9571,211.148) (-65.5402,83.9649,209.771) (-66.1862,85.1677,223.844)
  f[0][1] pts=5 (-66.1862,85.1677,223.844) (-45.5053,80.1599,225.221) (-44.8593,78.9571,211.148) (-65.5402,83.9649,209.771) (-66.1862,85.1677,223.844)
  m[1][0] pts=5 (-28.8198,92.4991,196.521) (-44.2133,77.7544,197.075) (-44.8593,78.9571,211.148) (-29.4658,93.7019,210.594) (-28.8198,92.4991,196.521)
  m[1][1] pts=5 (-28.8198,92.4991,196.521) (-44.2133,77.7544,197.075) (-44.8593,78.9571,211.148) (-29.4658,93.7019,210.594) (-28.8198,92.4991,196.521)
  f[1][0] pts=5 (-50.7927,99.9125,223.29) (-30.1118,94.9047,224.668) (-29.4658,93.7019,210.594) (-50.1467,98.7097,209.217) (-50.7927,99.9125,223.29)
  f[1][1] pts=5 (-50.7927,99.9125,223.29) (-30.1118,94.9047,224.668) (-29.4658,93.7019,210.594) (-50.1467,98.7097,209.217) (-50.7927,99.9125,223.29)
joint 96 type=30 v0=51 v1=61 f0_0=5 f1_0=3 name=cr_c_ip_0 orient=1 div=1 shift=0.5
  jv[0] pts=5 (-104.393,22.406,216.942) (-90.0615,36.3227,217.886) (-96.2444,55.2999,216.623) (-110.576,41.3832,215.679) (-104.393,22.406,216.942)
  jv[1] pts=5 (-102.916,21.8956,202.04) (-88.5846,35.8123,202.984) (-94.7675,54.7895,201.721) (-109.099,40.8728,200.778) (-102.916,21.8956,202.04)
  m[0][0] pts=5 (-96.9829,55.5552,224.074) (-111.314,41.6384,223.13) (-109.837,41.128,208.228) (-95.506,55.0447,209.172) (-96.9829,55.5552,224.074)
  m[0][1] pts=5 (-96.9829,55.5552,224.074) (-111.314,41.6384,223.13) (-109.837,41.128,208.228) (-95.506,55.0447,209.172) (-96.9829,55.5552,224.074)
  f[0][0] pts=5 (-108.361,40.6176,193.327) (-102.178,21.6403,194.589) (-103.655,22.1508,209.491) (-109.837,41.128,208.228) (-108.361,40.6176,193.327)
  f[0][1] pts=5 (-108.361,40.6176,193.327) (-102.178,21.6403,194.589) (-103.655,22.1508,209.491) (-109.837,41.128,208.228) (-108.361,40.6176,193.327)
  m[1][0] pts=5 (-90.8,36.5779,225.337) (-105.131,22.6612,224.393) (-103.655,22.1508,209.491) (-89.3231,36.0675,210.435) (-90.8,36.5779,225.337)
  m[1][1] pts=5 (-90.8,36.5779,225.337) (-105.131,22.6612,224.393) (-103.655,22.1508,209.491) (-89.3231,36.0675,210.435) (-90.8,36.5779,225.337)
  f[1][0] pts=5 (-94.0291,54.5343,194.27) (-87.8462,35.5571,195.533) (-89.3231,36.0675,210.435) (-95.506,55.0447,209.172) (-94.0291,54.5343,194.27)
  f[1][1] pts=5 (-94.0291,54.5343,194.27) (-87.8462,35.5571,195.533) (-89.3231,36.0675,210.435) (-95.506,55.0447,209.172) (-94.0291,54.5343,194.27)
joint 97 type=30 v0=52 v1=53 f0_0=3 f1_0=5 name=cr_c_ip_0 orient=1 div=1 shift=0.5
  jv[0] pts=5 (115.698,38.5157,200.75) (136.242,33.2718,198.487) (129.534,53.5126,198.409) (108.99,58.7565,200.671) (115.698,38.5157,200.75)
  jv[1] pts=5 (117.406,39.1366,214.82) (137.95,33.8927,212.557) (131.242,54.1335,212.478) (110.698,59.3774,214.741) (117.406,39.1366,214.82)
  m[0][0] pts=5 (128.68,53.2022,191.374) (108.136,58.4461,193.636) (109.844,59.067,207.706) (130.388,53.8231,205.443) (128.68,53.2022,191.374)
  m[0][1] pts=5 (128.68,53.2022,191.374) (108.136,58.4461,193.636) (109.844,59.067,207.706) (130.388,53.8231,205.443) (128.68,53.2022,191.374)
  f[0][0] pts=5 (111.552,59.6879,221.776) (118.26,39.447,221.854) (116.552,38.8262,207.785) (109.844,59.067,207.706) (111.552,59.6879,221.776)
  f[0][1] pts=5 (111.552,59.6879,221.776) (118.26,39.447,221.854) (116.552,38.8262,207.785) (109.844,59.067,207.706) (111.552,59.6879,221.776)
  m[1][0] pts=5 (135.388,32.9614,191.453) (114.844,38.2053,193.715) (116.552,38.8262,207.785) (137.096,33.5823,205.522) (135.388,32.9614,191.453)
  m[1][1] pts=5 (135.388,32.9614,191.453) (114.844,38.2053,193.715) (116.552,38.8262,207.785) (137.096,33.5823,205.522) (135.388,32.9614,191.453)
  f[1][0] pts=5 (132.096,54.444,219.513) (138.804,34.2032,219.592) (137.096,33.5823,205.522) (130.388,53.8231,205.443) (132.096,54.444,219.513)
  f[1][1] pts=5 (132.096,54.444,219.513) (138.804,34.2032,219.592) (137.096,33.5823,205.522) (130.388,53.8231,205.443) (132.096,54.444,219.513)
joint 98 type=30 v0=52 v1=62 f0_0=5 f1_0=3 name=cr_c_ip_0 orient=1 div=1 shift=0.5
  jv[0] pts=5 (52.5493,55.5084,219.5) (32.0518,60.621,220.148) (47.1011,75.3709,218.517) (67.5986,70.2582,217.868) (52.5493,55.5084,219.5)
  jv[1] pts=5 (51.8763,54.6183,205.249) (31.3789,59.7309,205.898) (46.4282,74.4808,204.266) (66.9256,69.3682,203.617) (51.8763,54.6183,205.249)
  m[0][0] pts=5 (47.4376,75.8159,225.642) (67.935,70.7033,224.993) (67.2621,69.8132,210.743) (46.7647,74.9258,211.391) (47.4376,75.8159,225.642)
  m[0][1] pts=5 (47.4376,75.8159,225.642) (67.935,70.7033,224.993) (67.2621,69.8132,210.743) (46.7647,74.9258,211.391) (47.4376,75.8159,225.642)
  f[0][0] pts=5 (66.5892,68.9232,196.492) (51.5399,54.1733,198.124) (52.2128,55.0633,212.375) (67.2621,69.8132,210.743) (66.5892,68.9232,196.492)
  f[0][1] pts=5 (66.5892,68.9232,196.492) (51.5399,54.1733,198.124) (52.2128,55.0633,212.375) (67.2621,69.8132,210.743) (66.5892,68.9232,196.492)
  m[1][0] pts=5 (32.3883,61.066,227.274) (52.8857,55.9534,226.625) (52.2128,55.0633,212.375) (31.7154,60.176,213.023) (32.3883,61.066,227.274)
  m[1][1] pts=5 (32.3883,61.066,227.274) (52.8857,55.9534,226.625) (52.2128,55.0633,212.375) (31.7154,60.176,213.023) (32.3883,61.066,227.274)
  f[1][0] pts=5 (46.0917,74.0358,197.141) (31.0424,59.2859,198.773) (31.7154,60.176,213.023) (46.7647,74.9258,211.391) (46.0917,74.0358,197.141)
  f[1][1] pts=5 (46.0917,74.0358,197.141) (31.0424,59.2859,198.773) (31.7154,60.176,213.023) (46.7647,74.9258,211.391) (46.0917,74.0358,197.141)
joint 99 type=30 v0=52 v1=61 f0_0=3 f1_0=5 name=cr_c_ip_0 orient=1 div=1 shift=0.5
  jv[0] pts=5 (-127.62,98.2168,195.109) (-107.258,93.4076,198.103) (-113.623,113.358,195.242) (-133.985,118.167,192.249) (-127.62,98.2168,195.109)
  jv[1] pts=5 (-129.335,99.6799,209.129) (-108.973,94.8707,212.123) (-115.338,114.821,209.262) (-135.7,119.63,206.269) (-129.335,99.6799,209.129)
  m[0][0] pts=5 (-112.765,112.626,188.232) (-133.127,117.435,185.238) (-134.843,118.898,199.259) (-114.481,114.089,202.252) (-112.765,112.626,188.232)
  m[0][1] pts=5 (-112.765,112.626,188.232) (-133.127,117.435,185.238) (-134.843,118.898,199.259) (-114.481,114.089,202.252) (-112.765,112.626,188.232)
  f[0][0] pts=5 (-136.558,120.361,213.279) (-130.193,100.411,216.14) (-128.477,98.9483,202.119) (-134.843,118.898,199.259) (-136.558,120.361,213.279)
  f[0][1] pts=5 (-136.558,120.361,213.279) (-130.193,100.411,216.14) (-128.477,98.9483,202.119) (-134.843,118.898,199.259) (-136.558,120.361,213.279)
  m[1][0] pts=5 (-106.4,92.676,191.093) (-126.762,97.4852,188.099) (-128.477,98.9483,202.119) (-108.115,94.1391,205.113) (-106.4,92.676,191.093)
  m[1][1] pts=5 (-106.4,92.676,191.093) (-126.762,97.4852,188.099) (-128.477,98.9483,202.119) (-108.115,94.1391,205.113) (-106.4,92.676,191.093)
  f[1][0] pts=5 (-116.196,115.552,216.272) (-109.831,95.6022,219.133) (-108.115,94.1391,205.113) (-114.481,114.089,202.252) (-116.196,115.552,216.272)
  f[1][1] pts=5 (-116.196,115.552,216.272) (-109.831,95.6022,219.133) (-108.115,94.1391,205.113) (-114.481,114.089,202.252) (-116.196,115.552,216.272)
joint 100 type=30 v0=53 v1=62 f0_0=3 f1_0=5 name=cr_c_ip_0 orient=1 div=1 shift=0.5
  jv[0] pts=5 (95.8348,97.6722,198.622) (89.3869,116.545,197.127) (103.525,130.378,194.17) (109.973,111.506,195.666) (95.8348,97.6722,198.622)
  jv[1] pts=5 (97.2804,99.3274,213.279) (90.8325,118.2,211.784) (104.97,132.034,208.827) (111.418,113.161,210.322) (97.2804,99.3274,213.279)
  m[0][0] pts=5 (102.802,129.551,186.842) (109.25,110.678,188.337) (110.695,112.333,202.994) (104.247,131.206,201.499) (102.802,129.551,186.842)
  m[0][1] pts=5 (102.802,129.551,186.842) (109.25,110.678,188.337) (110.695,112.333,202.994) (104.247,131.206,201.499) (102.802,129.551,186.842)
  f[0][0] pts=5 (112.141,113.989,217.651) (98.0032,100.155,220.607) (96.5576,98.4998,205.951) (110.695,112.333,202.994) (112.141,113.989,217.651)
  f[0][1] pts=5 (112.141,113.989,217.651) (98.0032,100.155,220.607) (96.5576,98.4998,205.951) (110.695,112.333,202.994) (112.141,113.989,217.651)
  m[1][0] pts=5 (88.6641,115.717,189.799) (95.112,96.8446,191.294) (96.5576,98.4998,205.951) (90.1097,117.372,204.455) (88.6641,115.717,189.799)
  m[1][1] pts=5 (88.6641,115.717,189.799) (95.112,96.8446,191.294) (96.5576,98.4998,205.951) (90.1097,117.372,204.455) (88.6641,115.717,189.799)
  f[1][0] pts=5 (105.693,132.861,216.155) (91.5553,119.028,219.112) (90.1097,117.372,204.455) (104.247,131.206,201.499) (105.693,132.861,216.155)
  f[1][1] pts=5 (105.693,132.861,216.155) (91.5553,119.028,219.112) (90.1097,117.372,204.455) (104.247,131.206,201.499) (105.693,132.861,216.155)
joint 101 type=30 v0=54 v1=64 f0_0=5 f1_0=3 name=cr_c_ip_0 orient=1 div=1 shift=0.5
  jv[0] pts=5 (429.101,18.1879,127.082) (442.096,32.0004,120.548) (436.394,51.1343,122.482) (423.399,37.3218,129.016) (429.101,18.1879,127.082)
  jv[1] pts=5 (422.742,17.6798,113.361) (435.738,31.4922,106.828) (430.036,50.6261,108.761) (417.041,36.8137,115.295) (422.742,17.6798,113.361)
  m[0][0] pts=5 (439.574,51.3883,129.342) (426.578,37.5759,135.876) (420.22,37.0678,122.155) (433.215,50.8802,115.622) (439.574,51.3883,129.342)
  m[0][1] pts=5 (439.574,51.3883,129.342) (426.578,37.5759,135.876) (420.22,37.0678,122.155) (433.215,50.8802,115.622) (439.574,51.3883,129.342)
  f[0][0] pts=5 (413.861,36.5596,108.435) (419.563,17.4257,106.501) (425.921,17.9339,120.222) (420.22,37.0678,122.155) (413.861,36.5596,108.435)
  f[0][1] pts=5 (413.861,36.5596,108.435) (419.563,17.4257,106.501) (425.921,17.9339,120.222) (420.22,37.0678,122.155) (413.861,36.5596,108.435)
  m[1][0] pts=5 (445.275,32.2544,127.409) (432.28,18.442,133.942) (425.921,17.9339,120.222) (438.917,31.7463,113.688) (445.275,32.2544,127.409)
  m[1][1] pts=5 (445.275,32.2544,127.409) (432.28,18.442,133.942) (425.921,17.9339,120.222) (438.917,31.7463,113.688) (445.275,32.2544,127.409)
  f[1][0] pts=5 (426.857,50.372,101.901) (432.559,31.2381,99.9673) (438.917,31.7463,113.688) (433.215,50.8802,115.622) (426.857,50.372,101.901)
  f[1][1] pts=5 (426.857,50.372,101.901) (432.559,31.2381,99.9673) (438.917,31.7463,113.688) (433.215,50.8802,115.622) (426.857,50.372,101.901)
joint 102 type=30 v0=54 v1=55 f0_0=3 f1_0=5 name=cr_c_ip_0 orient=1 div=1 shift=0.5
  jv[0] pts=5 (471.696,70.5237,86.5491) (484.702,84.9387,78.4088) (466.52,90.5015,87.4475) (453.514,76.0864,95.5878) (471.696,70.5237,86.5491)
  jv[1] pts=5 (478.202,71.6521,98.942) (491.208,86.0671,90.8017) (473.026,91.6298,99.8404) (460.021,77.2148,107.981) (478.202,71.6521,98.942)
  m[0][0] pts=5 (463.267,89.9373,81.251) (450.261,75.5223,89.3913) (456.768,76.6506,101.784) (469.773,91.0656,93.6439) (463.267,89.9373,81.251)
  m[0][1] pts=5 (463.267,89.9373,81.251) (450.261,75.5223,89.3913) (456.768,76.6506,101.784) (469.773,91.0656,93.6439) (463.267,89.9373,81.251)
  f[0][0] pts=5 (463.274,77.7789,114.177) (481.455,72.2162,105.138) (474.949,71.0879,92.7456) (456.768,76.6506,101.784) (463.274,77.7789,114.177)
  f[0][1] pts=5 (463.274,77.7789,114.177) (481.455,72.2162,105.138) (474.949,71.0879,92.7456) (456.768,76.6506,101.784) (463.274,77.7789,114.177)
  m[1][0] pts=5 (481.449,84.3746,72.2124) (468.443,69.9596,80.3527) (474.949,71.0879,92.7456) (487.955,85.5029,84.6053) (481.449,84.3746,72.2124)
  m[1][1] pts=5 (481.449,84.3746,72.2124) (468.443,69.9596,80.3527) (474.949,71.0879,92.7456) (487.955,85.5029,84.6053) (481.449,84.3746,72.2124)
  f[1][0] pts=5 (476.279,92.1939,106.037) (494.461,86.6312,96.9982) (487.955,85.5029,84.6053) (469.773,91.0656,93.6439) (476.279,92.1939,106.037)
  f[1][1] pts=5 (476.279,92.1939,106.037) (494.461,86.6312,96.9982) (487.955,85.5029,84.6053) (469.773,91.0656,93.6439) (476.279,92.1939,106.037)
joint 103 type=30 v0=55 v1=56 f0_0=3 f1_0=5 name=cr_c_ip_0 orient=1 div=1 shift=0.5
  jv[0] pts=5 (598.389,28.8031,8.74408) (615.919,22.7451,-3.45129) (609.238,43.59,0.232423) (591.708,49.6481,12.4278) (598.389,28.8031,8.74408)
  jv[1] pts=5 (605.85,29.3471,19.198) (623.38,23.2891,7.00261) (616.698,44.134,10.6863) (599.169,50.1921,22.8817) (605.85,29.3471,19.198)
  m[0][0] pts=5 (605.507,43.318,-4.99453) (587.978,49.3761,7.20084) (595.438,49.9201,17.6547) (612.968,43.862,5.45937) (605.507,43.318,-4.99453)
  m[0][1] pts=5 (605.507,43.318,-4.99453) (587.978,49.3761,7.20084) (595.438,49.9201,17.6547) (612.968,43.862,5.45937) (605.507,43.318,-4.99453)
  f[0][0] pts=5 (602.899,50.4641,28.1086) (609.58,29.6191,24.4249) (602.12,29.0751,13.971) (595.438,49.9201,17.6547) (602.899,50.4641,28.1086)
  f[0][1] pts=5 (602.899,50.4641,28.1086) (609.58,29.6191,24.4249) (602.12,29.0751,13.971) (595.438,49.9201,17.6547) (602.899,50.4641,28.1086)
  m[1][0] pts=5 (612.189,22.4731,-8.67824) (594.659,28.5311,3.51713) (602.12,29.0751,13.971) (619.65,23.0171,1.77566) (612.189,22.4731,-8.67824)
  m[1][1] pts=5 (612.189,22.4731,-8.67824) (594.659,28.5311,3.51713) (602.12,29.0751,13.971) (619.65,23.0171,1.77566) (612.189,22.4731,-8.67824)
  f[1][0] pts=5 (620.429,44.406,15.9133) (627.11,23.5611,12.2296) (619.65,23.0171,1.77566) (612.968,43.862,5.45937) (620.429,44.406,15.9133)
  f[1][1] pts=5 (620.429,44.406,15.9133) (627.11,23.5611,12.2296) (619.65,23.0171,1.77566) (612.968,43.862,5.45937) (620.429,44.406,15.9133)
joint 104 type=30 v0=55 v1=64 f0_0=3 f1_0=5 name=cr_c_ip_0 orient=1 div=1 shift=0.5
  jv[0] pts=5 (399.46,91.8034,118.345) (418.55,86.3057,110.573) (411.883,106.556,111.291) (392.794,112.053,119.063) (399.46,91.8034,118.345)
  jv[1] pts=5 (405.796,93.377,132.793) (424.885,87.8793,125.02) (418.218,108.129,125.738) (399.129,113.627,133.511) (405.796,93.377,132.793)
  m[0][0] pts=5 (408.715,105.769,104.067) (389.626,111.267,111.84) (395.961,112.84,126.287) (415.05,107.343,118.515) (408.715,105.769,104.067)
  m[0][1] pts=5 (408.715,105.769,104.067) (389.626,111.267,111.84) (395.961,112.84,126.287) (415.05,107.343,118.515) (408.715,105.769,104.067)
  f[0][0] pts=5 (402.297,114.414,140.734) (408.964,94.1638,140.016) (402.628,92.5902,125.569) (395.961,112.84,126.287) (402.297,114.414,140.734)
  f[0][1] pts=5 (402.297,114.414,140.734) (408.964,94.1638,140.016) (402.628,92.5902,125.569) (395.961,112.84,126.287) (402.297,114.414,140.734)
  m[1][0] pts=5 (415.382,85.519,103.349) (396.293,91.0166,111.122) (402.628,92.5902,125.569) (421.717,87.0925,117.797) (415.382,85.519,103.349)
  m[1][1] pts=5 (415.382,85.519,103.349) (396.293,91.0166,111.122) (402.628,92.5902,125.569) (421.717,87.0925,117.797) (415.382,85.519,103.349)
  f[1][0] pts=5 (421.386,108.916,132.962) (428.053,88.6661,132.244) (421.717,87.0925,117.797) (415.05,107.343,118.515) (421.386,108.916,132.962)
  f[1][1] pts=5 (421.386,108.916,132.962) (428.053,88.6661,132.244) (421.717,87.0925,117.797) (415.05,107.343,118.515) (421.386,108.916,132.962)
joint 105 type=30 v0=55 v1=65 f0_0=5 f1_0=3 name=cr_c_ip_0 orient=1 div=1 shift=0.5
  jv[0] pts=5 (557.93,46.1387,53.6939) (540.244,51.9081,64.2808) (553.391,66.0859,55.099) (571.078,60.3165,44.5121) (557.93,46.1387,53.6939)
  jv[1] pts=5 (548.599,45.0725,38.6858) (530.912,50.8419,49.2727) (544.06,65.0197,40.0908) (561.746,59.2503,29.504) (548.599,45.0725,38.6858)
  m[0][0] pts=5 (558.057,66.619,62.603) (575.743,60.8496,52.0162) (566.412,59.7834,37.008) (548.726,65.5528,47.5949) (558.057,66.619,62.603)
  m[0][1] pts=5 (558.057,66.619,62.603) (575.743,60.8496,52.0162) (566.412,59.7834,37.008) (548.726,65.5528,47.5949) (558.057,66.619,62.603)
  f[0][0] pts=5 (557.08,58.7173,21.9999) (543.933,44.5394,31.1817) (553.264,45.6056,46.1899) (566.412,59.7834,37.008) (557.08,58.7173,21.9999)
  f[0][1] pts=5 (557.08,58.7173,21.9999) (543.933,44.5394,31.1817) (553.264,45.6056,46.1899) (566.412,59.7834,37.008) (557.08,58.7173,21.9999)
  m[1][0] pts=5 (544.909,52.4412,71.7849) (562.596,46.6718,61.198) (553.264,45.6056,46.1899) (535.578,51.375,56.7767) (544.909,52.4412,71.7849)
  m[1][1] pts=5 (544.909,52.4412,71.7849) (562.596,46.6718,61.198) (553.264,45.6056,46.1899) (535.578,51.375,56.7767) (544.909,52.4412,71.7849)
  f[1][0] pts=5 (539.394,64.4866,32.5867) (526.246,50.3088,41.7686) (535.578,51.375,56.7767) (548.726,65.5528,47.5949) (539.394,64.4866,32.5867)
  f[1][1] pts=5 (539.394,64.4866,32.5867) (526.246,50.3088,41.7686) (535.578,51.375,56.7767) (548.726,65.5528,47.5949) (539.394,64.4866,32.5867)
joint 106 type=30 v0=56 v1=65 f0_0=3 f1_0=5 name=cr_c_ip_0 orient=1 div=1 shift=0.5
  jv[0] pts=5 (579.711,79.65,14.5012) (573.238,97.7156,16.767) (584.503,110.427,7.55153) (590.976,92.3614,5.28566) (579.711,79.65,14.5012)
  jv[1] pts=5 (589.221,81.3123,28.4192) (582.748,99.3779,30.6851) (594.013,112.089,21.4696) (600.487,94.0237,19.2037) (589.221,81.3123,28.4192)
  m[0][0] pts=5 (579.748,109.596,0.592499) (586.221,91.5303,-1.67337) (595.732,93.1926,12.2447) (589.258,111.258,14.5106) (579.748,109.596,0.592499)
  m[0][1] pts=5 (579.748,109.596,0.592499) (586.221,91.5303,-1.67337) (595.732,93.1926,12.2447) (589.258,111.258,14.5106) (579.748,109.596,0.592499)
  f[0][0] pts=5 (605.242,94.8548,26.1627) (593.976,82.1434,35.3783) (584.466,80.4811,21.4602) (595.732,93.1926,12.2447) (605.242,94.8548,26.1627)
  f[0][1] pts=5 (605.242,94.8548,26.1627) (593.976,82.1434,35.3783) (584.466,80.4811,21.4602) (595.732,93.1926,12.2447) (605.242,94.8548,26.1627)
  m[1][0] pts=5 (568.483,96.8845,9.80802) (574.956,78.8189,7.54216) (584.466,80.4811,21.4602) (577.993,98.5467,23.7261) (568.483,96.8845,9.80802)
  m[1][1] pts=5 (568.483,96.8845,9.80802) (574.956,78.8189,7.54216) (584.466,80.4811,21.4602) (577.993,98.5467,23.7261) (568.483,96.8845,9.80802)
  f[1][0] pts=5 (598.768,112.92,28.4286) (587.503,100.209,37.6441) (577.993,98.5467,23.7261) (589.258,111.258,14.5106) (598.768,112.92,28.4286)
  f[1][1] pts=5 (598.768,112.92,28.4286) (587.503,100.209,37.6441) (577.993,98.5467,23.7261) (589.258,111.258,14.5106) (598.768,112.92,28.4286)
joint 107 type=30 v0=57 v1=58 f0_0=5 f1_0=3 name=cr_c_ip_0 orient=1 div=1 shift=0.5
  jv[0] pts=5 (-632.768,164.526,-16.1304) (-636.708,183.424,-23.3047) (-620.808,180.693,-10.5025) (-616.868,161.795,-3.32825) (-632.768,164.526,-16.1304)
  jv[1] pts=5 (-622.209,161.504,-29.8881) (-626.149,180.403,-37.0624) (-610.25,177.672,-24.2603) (-606.31,158.773,-17.086) (-622.209,161.504,-29.8881)
  m[0][0] pts=5 (-626.088,182.204,-3.62368) (-622.148,163.306,3.55061) (-611.589,160.284,-10.2071) (-615.529,179.183,-17.3814) (-626.088,182.204,-3.62368)
  m[0][1] pts=5 (-626.088,182.204,-3.62368) (-622.148,163.306,3.55061) (-611.589,160.284,-10.2071) (-615.529,179.183,-17.3814) (-626.088,182.204,-3.62368)
  f[0][0] pts=5 (-601.031,157.263,-23.9648) (-616.93,159.994,-36.767) (-627.489,163.015,-23.0092) (-611.589,160.284,-10.2071) (-601.031,157.263,-23.9648)
  f[0][1] pts=5 (-601.031,157.263,-23.9648) (-616.93,159.994,-36.767) (-627.489,163.015,-23.0092) (-611.589,160.284,-10.2071) (-601.031,157.263,-23.9648)
  m[1][0] pts=5 (-641.987,184.935,-16.4258) (-638.047,166.037,-9.25152) (-627.489,163.015,-23.0092) (-631.429,181.914,-30.1835) (-641.987,184.935,-16.4258)
  m[1][1] pts=5 (-641.987,184.935,-16.4258) (-638.047,166.037,-9.25152) (-627.489,163.015,-23.0092) (-631.429,181.914,-30.1835) (-641.987,184.935,-16.4258)
  f[1][0] pts=5 (-604.971,176.161,-31.1391) (-620.87,178.892,-43.9413) (-631.429,181.914,-30.1835) (-615.529,179.183,-17.3814) (-604.971,176.161,-31.1391)
  f[1][1] pts=5 (-604.971,176.161,-31.1391) (-620.87,178.892,-43.9413) (-631.429,181.914,-30.1835) (-615.529,179.183,-17.3814) (-604.971,176.161,-31.1391)
joint 108 type=30 v0=57 v1=67 f0_0=3 f1_0=5 name=cr_c_ip_0 orient=1 div=1 shift=0.5
  jv[0] pts=5 (-630.584,198.168,-42.709) (-633.814,216.138,-50.3071) (-621.166,230.032,-44.1377) (-617.937,212.062,-36.5397) (-630.584,198.168,-42.709)
  jv[1] pts=5 (-640.571,201.683,-30.1522) (-643.8,219.653,-37.7502) (-631.152,233.547,-31.5809) (-627.923,215.577,-23.9828) (-640.571,201.683,-30.1522)
  m[0][0] pts=5 (-616.173,228.275,-50.4162) (-612.944,210.305,-42.8181) (-622.93,213.82,-30.2612) (-626.159,231.79,-37.8593) (-616.173,228.275,-50.4162)
  m[0][1] pts=5 (-616.173,228.275,-50.4162) (-612.944,210.305,-42.8181) (-622.93,213.82,-30.2612) (-626.159,231.79,-37.8593) (-616.173,228.275,-50.4162)
  f[0][0] pts=5 (-632.916,217.335,-17.7044) (-645.564,203.44,-23.8737) (-635.577,199.926,-36.4306) (-622.93,213.82,-30.2612) (-632.916,217.335,-17.7044)
  f[0][1] pts=5 (-632.916,217.335,-17.7044) (-645.564,203.44,-23.8737) (-635.577,199.926,-36.4306) (-622.93,213.82,-30.2612) (-632.916,217.335,-17.7044)
  m[1][0] pts=5 (-628.821,214.381,-56.5855) (-625.591,196.411,-48.9875) (-635.577,199.926,-36.4306) (-638.807,217.895,-44.0287) (-628.821,214.381,-56.5855)
  m[1][1] pts=5 (-628.821,214.381,-56.5855) (-625.591,196.411,-48.9875) (-635.577,199.926,-36.4306) (-638.807,217.895,-44.0287) (-628.821,214.381,-56.5855)
  f[1][0] pts=5 (-636.145,235.304,-25.3024) (-648.793,221.41,-31.4718) (-638.807,217.895,-44.0287) (-626.159,231.79,-37.8593) (-636.145,235.304,-25.3024)
  f[1][1] pts=5 (-636.145,235.304,-25.3024) (-648.793,221.41,-31.4718) (-638.807,217.895,-44.0287) (-626.159,231.79,-37.8593) (-636.145,235.304,-25.3024)
joint 109 type=30 v0=58 v1=67 f0_0=5 f1_0=3 name=cr_c_ip_0 orient=1 div=1 shift=0.5
  jv[0] pts=5 (-666.264,170.081,-46.7468) (-682.802,172.841,-61.5457) (-669.202,188.775,-53.717) (-652.664,186.015,-38.918) (-666.264,170.081,-46.7468)
  jv[1] pts=5 (-657.307,167.583,-57.2223) (-673.845,170.343,-72.0212) (-660.245,186.277,-64.1924) (-643.707,183.517,-49.3935) (-657.307,167.583,-57.2223)
  m[0][0] pts=5 (-673.68,190.024,-48.4792) (-657.143,187.264,-33.6803) (-648.186,184.766,-44.1558) (-664.724,187.526,-58.9547) (-673.68,190.024,-48.4792)
  m[0][1] pts=5 (-673.68,190.024,-48.4792) (-657.143,187.264,-33.6803) (-648.186,184.766,-44.1558) (-664.724,187.526,-58.9547) (-673.68,190.024,-48.4792)
  f[0][0] pts=5 (-639.229,182.268,-54.6312) (-652.829,166.334,-62.46) (-661.786,168.832,-51.9846) (-648.186,184.766,-44.1558) (-639.229,182.268,-54.6312)
  f[0][1] pts=5 (-639.229,182.268,-54.6312) (-652.829,166.334,-62.46) (-661.786,168.832,-51.9846) (-648.186,184.766,-44.1558) (-639.229,182.268,-54.6312)
  m[1][0] pts=5 (-687.281,174.091,-56.308) (-670.743,171.33,-41.5091) (-661.786,168.832,-51.9846) (-678.324,171.592,-66.7835) (-687.281,174.091,-56.308)
  m[1][1] pts=5 (-687.281,174.091,-56.308) (-670.743,171.33,-41.5091) (-661.786,168.832,-51.9846) (-678.324,171.592,-66.7835) (-687.281,174.091,-56.308)
  f[1][0] pts=5 (-655.767,185.028,-69.4302) (-669.367,169.094,-77.2589) (-678.324,171.592,-66.7835) (-664.724,187.526,-58.9547) (-655.767,185.028,-69.4302)
  f[1][1] pts=5 (-655.767,185.028,-69.4302) (-669.367,169.094,-77.2589) (-678.324,171.592,-66.7835) (-664.724,187.526,-58.9547) (-655.767,185.028,-69.4302)
joint 110 type=30 v0=59 v1=60 f0_0=3 f1_0=5 name=cr_c_ip_0 orient=1 div=1 shift=0.5
  jv[0] pts=5 (-302.445,215.85,136.168) (-286.243,230.811,137.856) (-306.671,234.778,130.364) (-322.873,219.818,128.675) (-302.445,215.85,136.168)
  jv[1] pts=5 (-306.753,219.002,149.584) (-290.551,233.963,151.272) (-310.979,237.931,143.779) (-327.181,222.97,142.091) (-306.753,219.002,149.584)
  m[0][0] pts=5 (-304.517,233.202,123.656) (-320.719,218.241,121.968) (-325.027,221.394,135.383) (-308.825,236.355,137.071) (-304.517,233.202,123.656)
  m[0][1] pts=5 (-304.517,233.202,123.656) (-320.719,218.241,121.968) (-325.027,221.394,135.383) (-308.825,236.355,137.071) (-304.517,233.202,123.656)
  f[0][0] pts=5 (-329.335,224.546,148.799) (-308.907,220.578,156.292) (-304.599,217.426,142.876) (-325.027,221.394,135.383) (-329.335,224.546,148.799)
  f[0][1] pts=5 (-329.335,224.546,148.799) (-308.907,220.578,156.292) (-304.599,217.426,142.876) (-325.027,221.394,135.383) (-329.335,224.546,148.799)
  m[1][0] pts=5 (-284.088,229.235,131.148) (-300.291,214.274,129.46) (-304.599,217.426,142.876) (-288.397,232.387,144.564) (-284.088,229.235,131.148)
  m[1][1] pts=5 (-284.088,229.235,131.148) (-300.291,214.274,129.46) (-304.599,217.426,142.876) (-288.397,232.387,144.564) (-284.088,229.235,131.148)
  f[1][0] pts=5 (-313.133,239.507,150.487) (-292.705,235.539,157.98) (-288.397,232.387,144.564) (-308.825,236.355,137.071) (-313.133,239.507,150.487)
  f[1][1] pts=5 (-313.133,239.507,150.487) (-292.705,235.539,157.98) (-288.397,232.387,144.564) (-308.825,236.355,137.071) (-313.133,239.507,150.487)
joint 111 type=30 v0=59 v1=69 f0_0=5 f1_0=3 name=cr_c_ip_0 orient=1 div=1 shift=0.5
  jv[0] pts=5 (-364.158,164.37,140.443) (-350.16,178.018,143.307) (-355.4,196.309,137.976) (-369.398,182.66,135.113) (-364.158,164.37,140.443)
  jv[1] pts=5 (-358.405,161.629,125.382) (-344.407,175.277,128.246) (-349.646,193.568,122.916) (-363.644,179.919,120.052) (-358.405,161.629,125.382)
  m[0][0] pts=5 (-358.277,197.679,145.507) (-372.275,184.031,142.643) (-366.521,181.29,127.582) (-352.523,194.938,130.446) (-358.277,197.679,145.507)
  m[0][1] pts=5 (-358.277,197.679,145.507) (-372.275,184.031,142.643) (-366.521,181.29,127.582) (-352.523,194.938,130.446) (-358.277,197.679,145.507)
  f[0][0] pts=5 (-360.767,178.549,112.522) (-355.528,160.258,117.852) (-361.281,162.999,132.913) (-366.521,181.29,127.582) (-360.767,178.549,112.522)
  f[0][1] pts=5 (-360.767,178.549,112.522) (-355.528,160.258,117.852) (-361.281,162.999,132.913) (-366.521,181.29,127.582) (-360.767,178.549,112.522)
  m[1][0] pts=5 (-353.037,179.388,150.837) (-367.035,165.74,147.974) (-361.281,162.999,132.913) (-347.284,176.647,135.776) (-353.037,179.388,150.837)
  m[1][1] pts=5 (-353.037,179.388,150.837) (-367.035,165.74,147.974) (-361.281,162.999,132.913) (-347.284,176.647,135.776) (-353.037,179.388,150.837)
  f[1][0] pts=5 (-346.77,192.197,115.385) (-341.53,173.906,120.716) (-347.284,176.647,135.776) (-352.523,194.938,130.446) (-346.77,192.197,115.385)
  f[1][1] pts=5 (-346.77,192.197,115.385) (-341.53,173.906,120.716) (-347.284,176.647,135.776) (-352.523,194.938,130.446) (-346.77,192.197,115.385)
joint 112 type=30 v0=60 v1=61 f0_0=3 f1_0=5 name=cr_c_ip_0 orient=1 div=1 shift=0.5
  jv[0] pts=5 (-154.945,185.246,177.592) (-134.782,180.792,181.505) (-140.859,200.358,176.819) (-161.023,204.811,172.906) (-154.945,185.246,177.592)
  jv[1] pts=5 (-157.192,188.098,192.418) (-137.029,183.645,196.331) (-143.107,203.21,191.645) (-163.27,207.664,187.732) (-157.192,188.098,192.418)
  m[0][0] pts=5 (-139.736,198.931,169.406) (-159.899,203.385,165.493) (-162.146,206.238,180.319) (-141.983,201.784,184.232) (-139.736,198.931,169.406)
  m[0][1] pts=5 (-139.736,198.931,169.406) (-159.899,203.385,165.493) (-162.146,206.238,180.319) (-141.983,201.784,184.232) (-139.736,198.931,169.406)
  f[0][0] pts=5 (-164.394,209.091,195.145) (-158.316,189.525,199.831) (-156.069,186.672,185.005) (-162.146,206.238,180.319) (-164.394,209.091,195.145)
  f[0][1] pts=5 (-164.394,209.091,195.145) (-158.316,189.525,199.831) (-156.069,186.672,185.005) (-162.146,206.238,180.319) (-164.394,209.091,195.145)
  m[1][0] pts=5 (-133.658,179.365,174.091) (-153.822,183.819,170.178) (-156.069,186.672,185.005) (-135.905,182.218,188.918) (-133.658,179.365,174.091)
  m[1][1] pts=5 (-133.658,179.365,174.091) (-153.822,183.819,170.178) (-156.069,186.672,185.005) (-135.905,182.218,188.918) (-133.658,179.365,174.091)
  f[1][0] pts=5 (-144.23,204.637,199.058) (-138.152,185.071,203.744) (-135.905,182.218,188.918) (-141.983,201.784,184.232) (-144.23,204.637,199.058)
  f[1][1] pts=5 (-144.23,204.637,199.058) (-138.152,185.071,203.744) (-135.905,182.218,188.918) (-141.983,201.784,184.232) (-144.23,204.637,199.058)
joint 113 type=30 v0=60 v1=70 f0_0=5 f1_0=3 name=cr_c_ip_0 orient=1 div=1 shift=0.5
  jv[0] pts=5 (-218.748,201.227,177.441) (-238.793,205.421,172.039) (-223.898,220.478,172.22) (-203.853,216.283,177.622) (-218.748,201.227,177.441)
  jv[1] pts=5 (-215.646,198.324,163.677) (-235.692,202.518,158.275) (-220.796,217.574,158.456) (-200.751,213.38,163.858) (-215.646,198.324,163.677)
  m[0][0] pts=5 (-225.449,221.929,179.102) (-205.404,217.735,184.504) (-202.302,214.832,170.74) (-222.347,219.026,165.338) (-225.449,221.929,179.102)
  m[0][1] pts=5 (-225.449,221.929,179.102) (-205.404,217.735,184.504) (-202.302,214.832,170.74) (-222.347,219.026,165.338) (-225.449,221.929,179.102)
  f[0][0] pts=5 (-199.2,211.928,156.976) (-214.095,196.872,156.795) (-217.197,199.776,170.559) (-202.302,214.832,170.74) (-199.2,211.928,156.976)
  f[0][1] pts=5 (-199.2,211.928,156.976) (-214.095,196.872,156.795) (-217.197,199.776,170.559) (-202.302,214.832,170.74) (-199.2,211.928,156.976)
  m[1][0] pts=5 (-240.344,206.873,178.921) (-220.299,202.679,184.323) (-217.197,199.776,170.559) (-237.243,203.97,165.157) (-240.344,206.873,178.921)
  m[1][1] pts=5 (-240.344,206.873,178.921) (-220.299,202.679,184.323) (-217.197,199.776,170.559) (-237.243,203.97,165.157) (-240.344,206.873,178.921)
  f[1][0] pts=5 (-219.245,216.123,151.574) (-234.141,201.067,151.393) (-237.243,203.97,165.157) (-222.347,219.026,165.338) (-219.245,216.123,151.574)
  f[1][1] pts=5 (-219.245,216.123,151.574) (-234.141,201.067,151.393) (-237.243,203.97,165.157) (-222.347,219.026,165.338) (-219.245,216.123,151.574)
joint 114 type=30 v0=60 v1=69 f0_0=3 f1_0=5 name=cr_c_ip_0 orient=1 div=1 shift=0.5
  jv[0] pts=5 (-377.767,229.91,104.855) (-359.116,226.547,113.376) (-364.104,245.494,106.452) (-382.756,248.857,97.9306) (-377.767,229.91,104.855)
  jv[1] pts=5 (-382.94,233.153,117.456) (-364.289,229.79,125.978) (-369.277,248.737,119.054) (-387.928,252.1,110.532) (-382.94,233.153,117.456)
  m[0][0] pts=5 (-361.518,243.872,100.152) (-380.169,247.235,91.6299) (-385.342,250.478,104.231) (-366.691,247.115,112.753) (-361.518,243.872,100.152)
  m[0][1] pts=5 (-361.518,243.872,100.152) (-380.169,247.235,91.6299) (-385.342,250.478,104.231) (-366.691,247.115,112.753) (-361.518,243.872,100.152)
  f[0][0] pts=5 (-390.515,253.721,116.833) (-385.527,234.775,123.757) (-380.354,231.531,111.155) (-385.342,250.478,104.231) (-390.515,253.721,116.833)
  f[0][1] pts=5 (-390.515,253.721,116.833) (-385.527,234.775,123.757) (-380.354,231.531,111.155) (-385.342,250.478,104.231) (-390.515,253.721,116.833)
  m[1][0] pts=5 (-356.53,224.925,107.076) (-375.181,228.288,98.5538) (-380.354,231.531,111.155) (-361.702,228.168,119.677) (-356.53,224.925,107.076)
  m[1][1] pts=5 (-356.53,224.925,107.076) (-375.181,228.288,98.5538) (-380.354,231.531,111.155) (-361.702,228.168,119.677) (-356.53,224.925,107.076)
  f[1][0] pts=5 (-371.863,250.359,125.354) (-366.875,231.412,132.278) (-361.702,228.168,119.677) (-366.691,247.115,112.753) (-371.863,250.359,125.354)
  f[1][1] pts=5 (-371.863,250.359,125.354) (-366.875,231.412,132.278) (-361.702,228.168,119.677) (-366.691,247.115,112.753) (-371.863,250.359,125.354)
joint 115 type=30 v0=61 v1=70 f0_0=3 f1_0=5 name=cr_c_ip_0 orient=1 div=1 shift=0.5
  jv[0] pts=5 (-172.348,241.574,163.027) (-177.974,260.08,157.197) (-163.502,274.127,156.044) (-157.876,255.621,161.874) (-172.348,241.574,163.027)
  jv[1] pts=5 (-174.754,245.184,176.806) (-180.38,263.689,170.976) (-165.908,277.736,169.823) (-160.282,259.231,175.653) (-174.754,245.184,176.806)
  m[0][0] pts=5 (-162.299,272.322,149.155) (-156.673,253.817,154.985) (-159.079,257.426,168.764) (-164.705,275.932,162.934) (-162.299,272.322,149.155)
  m[0][1] pts=5 (-162.299,272.322,149.155) (-156.673,253.817,154.985) (-159.079,257.426,168.764) (-164.705,275.932,162.934) (-162.299,272.322,149.155)
  f[0][0] pts=5 (-161.485,261.035,182.543) (-175.957,246.988,183.695) (-173.551,243.379,169.916) (-159.079,257.426,168.764) (-161.485,261.035,182.543)
  f[0][1] pts=5 (-161.485,261.035,182.543) (-175.957,246.988,183.695) (-173.551,243.379,169.916) (-159.079,257.426,168.764) (-161.485,261.035,182.543)
  m[1][0] pts=5 (-176.771,258.275,150.307) (-171.145,239.77,156.137) (-173.551,243.379,169.916) (-179.177,261.884,164.086) (-176.771,258.275,150.307)
  m[1][1] pts=5 (-176.771,258.275,150.307) (-171.145,239.77,156.137) (-173.551,243.379,169.916) (-179.177,261.884,164.086) (-176.771,258.275,150.307)
  f[1][0] pts=5 (-167.111,279.541,176.713) (-181.583,265.494,177.865) (-179.177,261.884,164.086) (-164.705,275.932,162.934) (-167.111,279.541,176.713)
  f[1][1] pts=5 (-167.111,279.541,176.713) (-181.583,265.494,177.865) (-179.177,261.884,164.086) (-164.705,275.932,162.934) (-167.111,279.541,176.713)
joint 116 type=30 v0=62 v1=72 f0_0=5 f1_0=3 name=cr_c_ip_0 orient=1 div=1 shift=0.5
  jv[0] pts=5 (168.911,169.35,194.161) (182.929,183.035,189.242) (176.68,202.087,186.803) (162.662,188.402,191.723) (168.911,169.35,194.161)
  jv[1] pts=5 (166.438,166.689,179.714) (180.456,180.374,174.794) (174.207,199.426,172.355) (160.189,185.742,177.275) (166.438,166.689,179.714)
  m[0][0] pts=5 (177.916,203.417,194.027) (163.898,189.733,198.946) (161.425,187.072,184.499) (175.443,200.757,179.579) (177.916,203.417,194.027)
  m[0][1] pts=5 (177.916,203.417,194.027) (163.898,189.733,198.946) (161.425,187.072,184.499) (175.443,200.757,179.579) (177.916,203.417,194.027)
  f[0][0] pts=5 (158.952,184.411,170.051) (165.201,165.359,172.49) (167.674,168.02,186.938) (161.425,187.072,184.499) (158.952,184.411,170.051)
  f[0][1] pts=5 (158.952,184.411,170.051) (165.201,165.359,172.49) (167.674,168.02,186.938) (161.425,187.072,184.499) (158.952,184.411,170.051)
  m[1][0] pts=5 (184.166,184.365,196.466) (170.147,170.68,201.385) (167.674,168.02,186.938) (181.693,181.705,182.018) (184.166,184.365,196.466)
  m[1][1] pts=5 (184.166,184.365,196.466) (170.147,170.68,201.385) (167.674,168.02,186.938) (181.693,181.705,182.018) (184.166,184.365,196.466)
  f[1][0] pts=5 (172.97,198.096,165.131) (179.22,179.044,167.57) (181.693,181.705,182.018) (175.443,200.757,179.579) (172.97,198.096,165.131)
  f[1][1] pts=5 (172.97,198.096,165.131) (179.22,179.044,167.57) (181.693,181.705,182.018) (175.443,200.757,179.579) (172.97,198.096,165.131)
joint 117 type=30 v0=62 v1=63 f0_0=3 f1_0=5 name=cr_c_ip_0 orient=1 div=1 shift=0.5
  jv[0] pts=5 (221.517,220.422,158.174) (235.812,234.351,151.565) (215.816,239.997,154.773) (201.521,226.069,161.382) (221.517,220.422,158.174)
  jv[1] pts=5 (224.581,223.646,171.593) (238.875,237.574,164.984) (218.879,243.221,168.192) (204.585,229.292,174.801) (224.581,223.646,171.593)
  m[0][0] pts=5 (214.284,238.385,148.064) (199.99,224.457,154.673) (203.053,227.68,168.092) (217.347,241.609,161.482) (214.284,238.385,148.064)
  m[0][1] pts=5 (214.284,238.385,148.064) (199.99,224.457,154.673) (203.053,227.68,168.092) (217.347,241.609,161.482) (214.284,238.385,148.064)
  f[0][0] pts=5 (206.116,230.904,181.51) (226.112,225.258,178.302) (223.049,222.034,164.883) (203.053,227.68,168.092) (206.116,230.904,181.51)
  f[0][1] pts=5 (206.116,230.904,181.51) (226.112,225.258,178.302) (223.049,222.034,164.883) (203.053,227.68,168.092) (206.116,230.904,181.51)
  m[1][0] pts=5 (234.28,232.739,144.856) (219.986,218.811,151.465) (223.049,222.034,164.883) (237.343,235.963,158.274) (234.28,232.739,144.856)
  m[1][1] pts=5 (234.28,232.739,144.856) (219.986,218.811,151.465) (223.049,222.034,164.883) (237.343,235.963,158.274) (234.28,232.739,144.856)
  f[1][0] pts=5 (220.411,244.832,174.901) (240.406,239.186,171.693) (237.343,235.963,158.274) (217.347,241.609,161.482) (220.411,244.832,174.901)
  f[1][1] pts=5 (220.411,244.832,174.901) (240.406,239.186,171.693) (237.343,235.963,158.274) (217.347,241.609,161.482) (220.411,244.832,174.901)
joint 118 type=30 v0=63 v1=72 f0_0=3 f1_0=5 name=cr_c_ip_0 orient=1 div=1 shift=0.5
  jv[0] pts=5 (141.136,242.079,167.533) (161.567,236.784,165.864) (154.774,256.417,161.791) (134.343,261.713,163.46) (141.136,242.079,167.533)
  jv[1] pts=5 (143.27,245.792,181.869) (163.7,240.496,180.2) (156.907,260.13,176.128) (136.477,265.425,177.797) (143.27,245.792,181.869)
  m[0][0] pts=5 (153.707,254.561,154.622) (133.277,259.857,156.291) (135.41,263.569,170.628) (155.84,258.273,168.959) (153.707,254.561,154.622)
  m[0][1] pts=5 (153.707,254.561,154.622) (133.277,259.857,156.291) (135.41,263.569,170.628) (155.84,258.273,168.959) (153.707,254.561,154.622)
  f[0][0] pts=5 (137.544,267.282,184.965) (144.337,247.648,189.038) (142.203,243.936,174.701) (135.41,263.569,170.628) (137.544,267.282,184.965)
  f[0][1] pts=5 (137.544,267.282,184.965) (144.337,247.648,189.038) (142.203,243.936,174.701) (135.41,263.569,170.628) (137.544,267.282,184.965)
  m[1][0] pts=5 (160.5,234.927,158.695) (140.07,240.223,160.364) (142.203,243.936,174.701) (162.633,238.64,173.032) (160.5,234.927,158.695)
  m[1][1] pts=5 (160.5,234.927,158.695) (140.07,240.223,160.364) (142.203,243.936,174.701) (162.633,238.64,173.032) (160.5,234.927,158.695)
  f[1][0] pts=5 (157.974,261.986,183.296) (164.767,242.352,187.369) (162.633,238.64,173.032) (155.84,258.273,168.959) (157.974,261.986,183.296)
  f[1][1] pts=5 (157.974,261.986,183.296) (164.767,242.352,187.369) (162.633,238.64,173.032) (155.84,258.273,168.959) (157.974,261.986,183.296)
joint 119 type=30 v0=63 v1=64 f0_0=3 f1_0=5 name=cr_c_ip_0 orient=1 div=1 shift=0.5
  jv[0] pts=5 (372.01,173.917,120.384) (391.972,167.22,113.572) (384.322,187.962,112.583) (364.36,194.659,119.395) (372.01,173.917,120.384)
  jv[1] pts=5 (377.107,176.393,132.884) (397.068,169.695,126.072) (389.418,190.437,125.084) (369.457,197.135,131.896) (377.107,176.393,132.884)
  m[0][0] pts=5 (381.774,186.724,106.333) (361.812,193.422,113.145) (366.908,195.897,125.645) (386.87,189.2,118.833) (381.774,186.724,106.333)
  m[0][1] pts=5 (381.774,186.724,106.333) (361.812,193.422,113.145) (366.908,195.897,125.645) (386.87,189.2,118.833) (381.774,186.724,106.333)
  f[0][0] pts=5 (372.005,198.373,138.146) (379.655,177.631,139.135) (374.558,175.155,126.634) (366.908,195.897,125.645) (372.005,198.373,138.146)
  f[0][1] pts=5 (372.005,198.373,138.146) (379.655,177.631,139.135) (374.558,175.155,126.634) (366.908,195.897,125.645) (372.005,198.373,138.146)
  m[1][0] pts=5 (389.424,165.982,107.322) (369.462,172.68,114.134) (374.558,175.155,126.634) (394.52,168.458,119.822) (389.424,165.982,107.322)
  m[1][1] pts=5 (389.424,165.982,107.322) (369.462,172.68,114.134) (374.558,175.155,126.634) (394.52,168.458,119.822) (389.424,165.982,107.322)
  f[1][0] pts=5 (391.967,191.675,131.334) (399.617,170.933,132.323) (394.52,168.458,119.822) (386.87,189.2,118.833) (391.967,191.675,131.334)
  f[1][1] pts=5 (391.967,191.675,131.334) (399.617,170.933,132.323) (394.52,168.458,119.822) (386.87,189.2,118.833) (391.967,191.675,131.334)
joint 120 type=30 v0=63 v1=73 f0_0=5 f1_0=3 name=cr_c_ip_0 orient=1 div=1 shift=0.5
  jv[0] pts=5 (318.7,195.593,151.469) (299.455,201.593,156.481) (313.024,215.444,149.028) (332.27,209.444,144.015) (318.7,195.593,151.469)
  jv[1] pts=5 (314.12,192.566,137.505) (294.874,198.566,142.517) (308.443,212.417,135.064) (327.689,206.417,130.051) (314.12,192.566,137.505)
  m[0][0] pts=5 (315.314,216.957,156.01) (334.56,210.957,150.998) (329.98,207.93,137.033) (310.734,213.93,142.046) (315.314,216.957,156.01)
  m[0][1] pts=5 (315.314,216.957,156.01) (334.56,210.957,150.998) (329.98,207.93,137.033) (310.734,213.93,142.046) (315.314,216.957,156.01)
  f[0][0] pts=5 (325.399,204.903,123.069) (311.83,191.053,130.523) (316.41,194.08,144.487) (329.98,207.93,137.033) (325.399,204.903,123.069)
  f[0][1] pts=5 (325.399,204.903,123.069) (311.83,191.053,130.523) (316.41,194.08,144.487) (329.98,207.93,137.033) (325.399,204.903,123.069)
  m[1][0] pts=5 (301.745,203.107,163.464) (320.991,197.107,158.451) (316.41,194.08,144.487) (297.164,200.08,149.499) (301.745,203.107,163.464)
  m[1][1] pts=5 (301.745,203.107,163.464) (320.991,197.107,158.451) (316.41,194.08,144.487) (297.164,200.08,149.499) (301.745,203.107,163.464)
  f[1][0] pts=5 (306.153,210.903,128.081) (292.584,197.053,135.535) (297.164,200.08,149.499) (310.734,213.93,142.046) (306.153,210.903,128.081)
  f[1][1] pts=5 (306.153,210.903,128.081) (292.584,197.053,135.535) (297.164,200.08,149.499) (310.734,213.93,142.046) (306.153,210.903,128.081)
joint 121 type=30 v0=64 v1=73 f0_0=3 f1_0=5 name=cr_c_ip_0 orient=1 div=1 shift=0.5
  jv[0] pts=5 (350.288,229.716,115.325) (342.97,247.948,113.209) (355.462,260.839,104.949) (362.781,242.607,107.065) (350.288,229.716,115.325)
  jv[1] pts=5 (355.789,233.591,129.691) (348.47,251.823,127.574) (360.963,264.714,119.314) (368.281,246.482,121.43) (355.789,233.591,129.691)
  m[0][0] pts=5 (352.712,258.902,97.7657) (360.031,240.669,99.8818) (365.531,244.544,114.248) (358.212,262.777,112.131) (352.712,258.902,97.7657)
  m[0][1] pts=5 (352.712,258.902,97.7657) (360.031,240.669,99.8818) (365.531,244.544,114.248) (358.212,262.777,112.131) (352.712,258.902,97.7657)
  f[0][0] pts=5 (371.031,248.419,128.613) (358.539,235.528,136.873) (353.039,231.653,122.508) (365.531,244.544,114.248) (371.031,248.419,128.613)
  f[0][1] pts=5 (371.031,248.419,128.613) (358.539,235.528,136.873) (353.039,231.653,122.508) (365.531,244.544,114.248) (371.031,248.419,128.613)
  m[1][0] pts=5 (340.22,246.011,106.026) (347.538,227.778,108.142) (353.039,231.653,122.508) (345.72,249.886,120.392) (340.22,246.011,106.026)
  m[1][1] pts=5 (340.22,246.011,106.026) (347.538,227.778,108.142) (353.039,231.653,122.508) (345.72,249.886,120.392) (340.22,246.011,106.026)
  f[1][0] pts=5 (363.713,266.652,126.497) (351.22,253.761,134.757) (345.72,249.886,120.392) (358.212,262.777,112.131) (363.713,266.652,126.497)
  f[1][1] pts=5 (363.713,266.652,126.497) (351.22,253.761,134.757) (345.72,249.886,120.392) (358.212,262.777,112.131) (363.713,266.652,126.497)
joint 122 type=30 v0=65 v1=66 f0_0=3 f1_0=5 name=cr_c_ip_0 orient=1 div=1 shift=0.5
  jv[0] pts=5 (657.495,171.763,-59.5225) (667.675,184.866,-71.7156) (652.16,191.945,-60.176) (641.979,178.842,-47.9829) (657.495,171.763,-59.5225)
  jv[1] pts=5 (667.546,174.798,-47.87) (677.726,187.901,-60.0631) (662.21,194.979,-48.5236) (652.03,181.876,-36.3305) (667.546,174.798,-47.87)
  m[0][0] pts=5 (647.134,190.428,-66.0022) (636.954,177.325,-53.8091) (647.005,180.359,-42.1567) (657.185,193.462,-54.3498) (647.134,190.428,-66.0022)
  m[0][1] pts=5 (647.134,190.428,-66.0022) (636.954,177.325,-53.8091) (647.005,180.359,-42.1567) (657.185,193.462,-54.3498) (647.134,190.428,-66.0022)
  f[0][0] pts=5 (657.055,183.393,-30.5042) (672.571,176.315,-42.0438) (662.52,173.281,-53.6963) (647.005,180.359,-42.1567) (657.055,183.393,-30.5042)
  f[0][1] pts=5 (657.055,183.393,-30.5042) (672.571,176.315,-42.0438) (662.52,173.281,-53.6963) (647.005,180.359,-42.1567) (657.055,183.393,-30.5042)
  m[1][0] pts=5 (662.65,183.349,-77.5418) (652.47,170.246,-65.3487) (662.52,173.281,-53.6963) (672.701,186.383,-65.8893) (662.65,183.349,-77.5418)
  m[1][1] pts=5 (662.65,183.349,-77.5418) (652.47,170.246,-65.3487) (662.52,173.281,-53.6963) (672.701,186.383,-65.8893) (662.65,183.349,-77.5418)
  f[1][0] pts=5 (667.236,196.496,-42.6973) (682.751,189.418,-54.2369) (672.701,186.383,-65.8893) (657.185,193.462,-54.3498) (667.236,196.496,-42.6973)
  f[1][1] pts=5 (667.236,196.496,-42.6973) (682.751,189.418,-54.2369) (672.701,186.383,-65.8893) (657.185,193.462,-54.3498) (667.236,196.496,-42.6973)
joint 123 type=30 v0=65 v1=75 f0_0=5 f1_0=3 name=cr_c_ip_0 orient=1 div=1 shift=0.5
  jv[0] pts=5 (638.119,137.744,-14.5887) (648.613,150.527,-25.4259) (642.385,169.26,-24.2933) (631.891,156.477,-13.4561) (638.119,137.744,-14.5887)
  jv[1] pts=5 (629.506,135.542,-25.5261) (640,148.325,-36.3634) (633.772,167.057,-35.2308) (623.278,154.274,-24.3935) (629.506,135.542,-25.5261)
  m[0][0] pts=5 (646.691,170.361,-18.8246) (636.197,157.578,-7.98733) (627.584,155.376,-18.9248) (638.079,168.158,-29.7621) (646.691,170.361,-18.8246)
  m[0][1] pts=5 (646.691,170.361,-18.8246) (636.197,157.578,-7.98733) (627.584,155.376,-18.9248) (638.079,168.158,-29.7621) (646.691,170.361,-18.8246)
  f[0][0] pts=5 (618.972,153.173,-29.8622) (625.2,134.441,-30.9948) (633.812,136.643,-20.0574) (627.584,155.376,-18.9248) (618.972,153.173,-29.8622)
  f[0][1] pts=5 (618.972,153.173,-29.8622) (625.2,134.441,-30.9948) (633.812,136.643,-20.0574) (627.584,155.376,-18.9248) (618.972,153.173,-29.8622)
  m[1][0] pts=5 (652.919,151.628,-19.9572) (642.425,138.845,-9.11994) (633.812,136.643,-20.0574) (644.307,149.426,-30.8947) (652.919,151.628,-19.9572)
  m[1][1] pts=5 (652.919,151.628,-19.9572) (642.425,138.845,-9.11994) (633.812,136.643,-20.0574) (644.307,149.426,-30.8947) (652.919,151.628,-19.9572)
  f[1][0] pts=5 (629.466,165.956,-40.6995) (635.694,147.224,-41.8321) (644.307,149.426,-30.8947) (638.079,168.158,-29.7621) (629.466,165.956,-40.6995)
  f[1][1] pts=5 (629.466,165.956,-40.6995) (635.694,147.224,-41.8321) (644.307,149.426,-30.8947) (638.079,168.158,-29.7621) (629.466,165.956,-40.6995)
joint 124 type=30 v0=66 v1=75 f0_0=3 f1_0=5 name=cr_c_ip_0 orient=1 div=1 shift=0.5
  jv[0] pts=5 (607.715,193.503,-24.9357) (625.47,186.116,-36.352) (617.579,207.04,-36.1663) (599.825,214.427,-24.75) (607.715,193.503,-24.9357)
  jv[1] pts=5 (618.186,197.329,-11.1271) (635.941,189.942,-22.5434) (628.05,210.866,-22.3577) (610.296,218.253,-10.9414) (618.186,197.329,-11.1271)
  m[0][0] pts=5 (612.344,205.127,-43.0705) (594.589,212.514,-31.6543) (605.06,216.34,-17.8457) (622.815,208.953,-29.262) (612.344,205.127,-43.0705)
  m[0][1] pts=5 (612.344,205.127,-43.0705) (594.589,212.514,-31.6543) (605.06,216.34,-17.8457) (622.815,208.953,-29.262) (612.344,205.127,-43.0705)
  f[0][0] pts=5 (615.531,220.166,-4.03712) (623.422,199.242,-4.22286) (612.951,195.416,-18.0314) (605.06,216.34,-17.8457) (615.531,220.166,-4.03712)
  f[0][1] pts=5 (615.531,220.166,-4.03712) (623.422,199.242,-4.22286) (612.951,195.416,-18.0314) (605.06,216.34,-17.8457) (615.531,220.166,-4.03712)
  m[1][0] pts=5 (620.234,184.203,-43.2563) (602.48,191.59,-31.84) (612.951,195.416,-18.0314) (630.705,188.029,-29.4477) (620.234,184.203,-43.2563)
  m[1][1] pts=5 (620.234,184.203,-43.2563) (602.48,191.59,-31.84) (612.951,195.416,-18.0314) (630.705,188.029,-29.4477) (620.234,184.203,-43.2563)
  f[1][0] pts=5 (633.286,212.779,-15.4534) (641.176,191.855,-15.6391) (630.705,188.029,-29.4477) (622.815,208.953,-29.262) (633.286,212.779,-15.4534)
  f[1][1] pts=5 (633.286,212.779,-15.4534) (641.176,191.855,-15.6391) (630.705,188.029,-29.4477) (622.815,208.953,-29.262) (633.286,212.779,-15.4534)
joint 125 type=30 v0=67 v1=68 f0_0=3 f1_0=5 name=cr_c_ip_0 orient=1 div=1 shift=0.5
  jv[0] pts=5 (-510.953,317.676,1.31153) (-493.652,333.54,5.96939) (-513.52,335.302,-7.25309) (-530.822,319.438,-11.9109) (-510.953,317.676,1.31153)
  jv[1] pts=5 (-519.806,323.209,15.351) (-502.504,339.073,20.0089) (-522.373,340.834,6.7864) (-539.675,324.971,2.12854) (-519.806,323.209,15.351)
  m[0][0] pts=5 (-509.094,332.535,-14.2728) (-526.396,316.671,-18.9307) (-535.248,322.204,-4.8912) (-517.947,338.068,-0.233346) (-509.094,332.535,-14.2728)
  m[0][1] pts=5 (-509.094,332.535,-14.2728) (-526.396,316.671,-18.9307) (-535.248,322.204,-4.8912) (-517.947,338.068,-0.233346) (-509.094,332.535,-14.2728)
  f[0][0] pts=5 (-544.101,327.737,9.14829) (-524.232,325.975,22.3708) (-515.38,320.442,8.33128) (-535.248,322.204,-4.8912) (-544.101,327.737,9.14829)
  f[0][1] pts=5 (-544.101,327.737,9.14829) (-524.232,325.975,22.3708) (-515.38,320.442,8.33128) (-535.248,322.204,-4.8912) (-544.101,327.737,9.14829)
  m[1][0] pts=5 (-489.225,330.773,-1.05036) (-506.527,314.91,-5.70821) (-515.38,320.442,8.33128) (-498.078,336.306,12.9891) (-489.225,330.773,-1.05036)
  m[1][1] pts=5 (-489.225,330.773,-1.05036) (-506.527,314.91,-5.70821) (-515.38,320.442,8.33128) (-498.078,336.306,12.9891) (-489.225,330.773,-1.05036)
  f[1][0] pts=5 (-526.799,343.601,13.8061) (-506.931,341.839,27.0286) (-498.078,336.306,12.9891) (-517.947,338.068,-0.233346) (-526.799,343.601,13.8061)
  f[1][1] pts=5 (-526.799,343.601,13.8061) (-506.931,341.839,27.0286) (-498.078,336.306,12.9891) (-517.947,338.068,-0.233346) (-526.799,343.601,13.8061)
joint 126 type=30 v0=67 v1=76 f0_0=5 f1_0=3 name=cr_c_ip_0 orient=1 div=1 shift=0.5
  jv[0] pts=5 (-572.714,271.234,-3.0608) (-559.143,284.48,1.55936) (-562.363,301.818,-6.80699) (-575.933,288.572,-11.4272) (-572.714,271.234,-3.0608)
  jv[1] pts=5 (-564.591,267.036,-14.8852) (-551.02,280.282,-10.2651) (-554.24,297.62,-18.6314) (-567.81,284.374,-23.2516) (-564.591,267.036,-14.8852)
  m[0][0] pts=5 (-566.424,303.917,-0.894787) (-579.995,290.671,-5.51495) (-571.872,286.473,-17.3394) (-558.301,299.719,-12.7192) (-566.424,303.917,-0.894787)
  m[0][1] pts=5 (-566.424,303.917,-0.894787) (-579.995,290.671,-5.51495) (-571.872,286.473,-17.3394) (-558.301,299.719,-12.7192) (-566.424,303.917,-0.894787)
  f[0][0] pts=5 (-563.749,282.275,-29.1638) (-560.53,264.937,-20.7974) (-568.653,269.135,-8.97301) (-571.872,286.473,-17.3394) (-563.749,282.275,-29.1638)
  f[0][1] pts=5 (-563.749,282.275,-29.1638) (-560.53,264.937,-20.7974) (-568.653,269.135,-8.97301) (-571.872,286.473,-17.3394) (-563.749,282.275,-29.1638)
  m[1][0] pts=5 (-563.205,286.579,7.47157) (-576.775,273.332,2.8514) (-568.653,269.135,-8.97301) (-555.082,282.381,-4.35285) (-563.205,286.579,7.47157)
  m[1][1] pts=5 (-563.205,286.579,7.47157) (-576.775,273.332,2.8514) (-568.653,269.135,-8.97301) (-555.082,282.381,-4.35285) (-563.205,286.579,7.47157)
  f[1][0] pts=5 (-550.178,295.522,-24.5436) (-546.959,278.183,-16.1773) (-555.082,282.381,-4.35285) (-558.301,299.719,-12.7192) (-550.178,295.522,-24.5436)
  f[1][1] pts=5 (-550.178,295.522,-24.5436) (-546.959,278.183,-16.1773) (-555.082,282.381,-4.35285) (-558.301,299.719,-12.7192) (-550.178,295.522,-24.5436)
joint 127 type=30 v0=68 v1=69 f0_0=3 f1_0=5 name=cr_c_ip_0 orient=1 div=1 shift=0.5
  jv[0] pts=5 (-395.797,305.788,70.9094) (-377.64,303.42,79.81) (-381.915,321.551,71.5954) (-400.072,323.92,62.6948) (-395.797,305.788,70.9094)
  jv[1] pts=5 (-402.449,310.996,85.8662) (-384.292,308.628,94.7669) (-388.568,326.759,86.5523) (-406.725,329.127,77.6516) (-402.449,310.996,85.8662)
  m[0][0] pts=5 (-378.589,318.948,64.117) (-396.746,321.316,55.2164) (-403.399,326.523,70.1732) (-385.242,324.155,79.0739) (-378.589,318.948,64.117)
  m[0][1] pts=5 (-378.589,318.948,64.117) (-396.746,321.316,55.2164) (-403.399,326.523,70.1732) (-385.242,324.155,79.0739) (-378.589,318.948,64.117)
  f[0][0] pts=5 (-410.052,331.731,85.1301) (-405.776,313.599,93.3447) (-399.123,308.392,78.3878) (-403.399,326.523,70.1732) (-410.052,331.731,85.1301)
  f[0][1] pts=5 (-410.052,331.731,85.1301) (-405.776,313.599,93.3447) (-399.123,308.392,78.3878) (-403.399,326.523,70.1732) (-410.052,331.731,85.1301)
  m[1][0] pts=5 (-374.313,300.816,72.3316) (-392.47,303.184,63.431) (-399.123,308.392,78.3878) (-380.966,306.024,87.2885) (-374.313,300.816,72.3316)
  m[1][1] pts=5 (-374.313,300.816,72.3316) (-392.47,303.184,63.431) (-399.123,308.392,78.3878) (-380.966,306.024,87.2885) (-374.313,300.816,72.3316)
  f[1][0] pts=5 (-391.895,329.363,94.0307) (-387.619,311.231,102.245) (-380.966,306.024,87.2885) (-385.242,324.155,79.0739) (-391.895,329.363,94.0307)
  f[1][1] pts=5 (-391.895,329.363,94.0307) (-387.619,311.231,102.245) (-380.966,306.024,87.2885) (-385.242,324.155,79.0739) (-391.895,329.363,94.0307)
joint 128 type=30 v0=68 v1=76 f0_0=3 f1_0=5 name=cr_c_ip_0 orient=1 div=1 shift=0.5
  jv[0] pts=5 (-575.346,323.389,-41.5271) (-559.297,322.26,-29.6117) (-562.115,339.779,-38.8842) (-578.165,340.908,-50.7996) (-575.346,323.389,-41.5271)
  jv[1] pts=5 (-583.316,328.021,-30.3539) (-567.266,326.892,-18.4385) (-570.085,344.411,-27.711) (-586.134,345.54,-39.6264) (-583.316,328.021,-30.3539)
  m[0][0] pts=5 (-558.131,337.464,-44.4708) (-574.18,338.593,-56.3862) (-582.15,343.224,-45.213) (-566.1,342.095,-33.2976) (-558.131,337.464,-44.4708)
  m[0][1] pts=5 (-558.131,337.464,-44.4708) (-574.18,338.593,-56.3862) (-582.15,343.224,-45.213) (-566.1,342.095,-33.2976) (-558.131,337.464,-44.4708)
  f[0][0] pts=5 (-590.119,347.856,-34.0398) (-587.3,330.337,-24.7673) (-579.331,325.705,-35.9405) (-582.15,343.224,-45.213) (-590.119,347.856,-34.0398)
  f[0][1] pts=5 (-590.119,347.856,-34.0398) (-587.3,330.337,-24.7673) (-579.331,325.705,-35.9405) (-582.15,343.224,-45.213) (-590.119,347.856,-34.0398)
  m[1][0] pts=5 (-555.312,319.944,-35.1983) (-571.362,321.074,-47.1136) (-579.331,325.705,-35.9405) (-563.281,324.576,-24.0251) (-555.312,319.944,-35.1983)
  m[1][1] pts=5 (-555.312,319.944,-35.1983) (-571.362,321.074,-47.1136) (-579.331,325.705,-35.9405) (-563.281,324.576,-24.0251) (-555.312,319.944,-35.1983)
  f[1][0] pts=5 (-574.069,346.727,-22.1244) (-571.251,329.208,-12.8519) (-563.281,324.576,-24.0251) (-566.1,342.095,-33.2976) (-574.069,346.727,-22.1244)
  f[1][1] pts=5 (-574.069,346.727,-22.1244) (-571.251,329.208,-12.8519) (-563.281,324.576,-24.0251) (-566.1,342.095,-33.2976) (-574.069,346.727,-22.1244)
joint 129 type=30 v0=68 v1=78 f0_0=5 f1_0=3 name=cr_c_ip_0 orient=1 div=1 shift=0.5
  jv[0] pts=5 (-453.785,316.732,56.674) (-472.744,318.854,45.9054) (-457.729,334.669,47.9878) (-438.77,332.547,58.7564) (-453.785,316.732,56.674)
  jv[1] pts=5 (-447.113,312.065,44.0071) (-466.072,314.187,33.2385) (-451.057,330.002,35.321) (-432.097,327.881,46.0896) (-447.113,312.065,44.0071)
  m[0][0] pts=5 (-461.065,337.002,54.3213) (-442.106,334.881,65.0899) (-435.434,330.214,52.423) (-454.393,332.336,41.6544) (-461.065,337.002,54.3213)
  m[0][1] pts=5 (-461.065,337.002,54.3213) (-442.106,334.881,65.0899) (-435.434,330.214,52.423) (-454.393,332.336,41.6544) (-461.065,337.002,54.3213)
  f[0][0] pts=5 (-428.761,325.547,39.7562) (-443.776,309.732,37.6737) (-450.449,314.399,50.3405) (-435.434,330.214,52.423) (-428.761,325.547,39.7562)
  f[0][1] pts=5 (-428.761,325.547,39.7562) (-443.776,309.732,37.6737) (-450.449,314.399,50.3405) (-435.434,330.214,52.423) (-428.761,325.547,39.7562)
  m[1][0] pts=5 (-476.081,321.187,52.2388) (-457.121,319.065,63.0074) (-450.449,314.399,50.3405) (-469.408,316.52,39.572) (-476.081,321.187,52.2388)
  m[1][1] pts=5 (-476.081,321.187,52.2388) (-457.121,319.065,63.0074) (-450.449,314.399,50.3405) (-469.408,316.52,39.572) (-476.081,321.187,52.2388)
  f[1][0] pts=5 (-447.721,327.669,28.9876) (-462.736,311.853,26.9051) (-469.408,316.52,39.572) (-454.393,332.336,41.6544) (-447.721,327.669,28.9876)
  f[1][1] pts=5 (-447.721,327.669,28.9876) (-462.736,311.853,26.9051) (-469.408,316.52,39.572) (-454.393,332.336,41.6544) (-447.721,327.669,28.9876)
joint 130 type=30 v0=69 v1=78 f0_0=3 f1_0=5 name=cr_c_ip_0 orient=1 div=1 shift=0.5
  jv[0] pts=5 (-407.306,353.991,49.5252) (-411.093,371.638,40.3315) (-396.67,385.836,41.1772) (-392.884,368.188,50.3709) (-407.306,353.991,49.5252)
  jv[1] pts=5 (-412.891,358.958,61.361) (-416.677,376.606,52.1672) (-402.254,390.804,53.0129) (-398.468,373.156,62.2067) (-412.891,358.958,61.361)
  m[0][0] pts=5 (-393.878,383.352,35.2593) (-390.092,365.704,44.4531) (-395.676,370.672,56.2888) (-399.462,388.32,47.0951) (-393.878,383.352,35.2593)
  m[0][1] pts=5 (-393.878,383.352,35.2593) (-390.092,365.704,44.4531) (-395.676,370.672,56.2888) (-399.462,388.32,47.0951) (-393.878,383.352,35.2593)
  f[0][0] pts=5 (-401.26,375.64,68.1245) (-415.683,361.442,67.2788) (-410.098,356.474,55.4431) (-395.676,370.672,56.2888) (-401.26,375.64,68.1245)
  f[0][1] pts=5 (-401.26,375.64,68.1245) (-415.683,361.442,67.2788) (-410.098,356.474,55.4431) (-395.676,370.672,56.2888) (-401.26,375.64,68.1245)
  m[1][0] pts=5 (-408.3,369.154,34.4136) (-404.514,351.507,43.6074) (-410.098,356.474,55.4431) (-413.885,374.122,46.2494) (-408.3,369.154,34.4136)
  m[1][1] pts=5 (-408.3,369.154,34.4136) (-404.514,351.507,43.6074) (-410.098,356.474,55.4431) (-413.885,374.122,46.2494) (-408.3,369.154,34.4136)
  f[1][0] pts=5 (-405.047,393.288,58.9308) (-419.469,379.09,58.0851) (-413.885,374.122,46.2494) (-399.462,388.32,47.0951) (-405.047,393.288,58.9308)
  f[1][1] pts=5 (-405.047,393.288,58.9308) (-419.469,379.09,58.0851) (-413.885,374.122,46.2494) (-399.462,388.32,47.0951) (-405.047,393.288,58.9308)
joint 131 type=30 v0=70 v1=71 f0_0=3 f1_0=5 name=cr_c_ip_0 orient=1 div=1 shift=0.5
  jv[0] pts=5 (-40.4755,363.672,139.038) (-24.6302,377.509,134.25) (-45.5609,382.01,131.583) (-61.4062,368.173,136.371) (-40.4755,363.672,139.038)
  jv[1] pts=5 (-41.0343,368.859,152.176) (-25.189,382.696,147.387) (-46.1197,387.196,144.72) (-61.965,373.36,149.509) (-41.0343,368.859,152.176)
  m[0][0] pts=5 (-45.2815,379.417,125.014) (-61.1268,365.58,129.802) (-61.6856,370.766,142.94) (-45.8403,384.603,138.152) (-45.2815,379.417,125.014)
  m[0][1] pts=5 (-45.2815,379.417,125.014) (-61.1268,365.58,129.802) (-61.6856,370.766,142.94) (-45.8403,384.603,138.152) (-45.2815,379.417,125.014)
  f[0][0] pts=5 (-62.2444,375.953,156.078) (-41.3137,371.452,158.745) (-40.7549,366.266,145.607) (-61.6856,370.766,142.94) (-62.2444,375.953,156.078)
  f[0][1] pts=5 (-62.2444,375.953,156.078) (-41.3137,371.452,158.745) (-40.7549,366.266,145.607) (-61.6856,370.766,142.94) (-62.2444,375.953,156.078)
  m[1][0] pts=5 (-24.3508,374.916,127.681) (-40.1961,361.079,132.469) (-40.7549,366.266,145.607) (-24.9096,380.103,140.819) (-24.3508,374.916,127.681)
  m[1][1] pts=5 (-24.3508,374.916,127.681) (-40.1961,361.079,132.469) (-40.7549,366.266,145.607) (-24.9096,380.103,140.819) (-24.3508,374.916,127.681)
  f[1][0] pts=5 (-46.3991,389.79,151.289) (-25.4684,385.289,153.956) (-24.9096,380.103,140.819) (-45.8403,384.603,138.152) (-46.3991,389.79,151.289)
  f[1][1] pts=5 (-46.3991,389.79,151.289) (-25.4684,385.289,153.956) (-24.9096,380.103,140.819) (-45.8403,384.603,138.152) (-46.3991,389.79,151.289)
joint 132 type=30 v0=70 v1=80 f0_0=5 f1_0=3 name=cr_c_ip_0 orient=1 div=1 shift=0.5
  jv[0] pts=5 (-100.446,315.693,167.194) (-85.7331,329.163,164.169) (-91.2814,347.378,157.496) (-105.995,333.907,160.521) (-100.446,315.693,167.194)
  jv[1] pts=5 (-98.9235,310.661,152.194) (-84.2101,324.131,149.169) (-89.7584,342.346,142.496) (-104.472,328.875,145.521) (-98.9235,310.661,152.194)
  m[0][0] pts=5 (-92.0429,349.893,164.996) (-106.756,336.423,168.021) (-105.233,331.391,153.021) (-90.5199,344.862,149.996) (-92.0429,349.893,164.996)
  m[0][1] pts=5 (-92.0429,349.893,164.996) (-106.756,336.423,168.021) (-105.233,331.391,153.021) (-90.5199,344.862,149.996) (-92.0429,349.893,164.996)
  f[0][0] pts=5 (-103.71,326.36,138.021) (-98.162,308.145,144.694) (-99.685,313.177,159.694) (-105.233,331.391,153.021) (-103.71,326.36,138.021)
  f[0][1] pts=5 (-103.71,326.36,138.021) (-98.162,308.145,144.694) (-99.685,313.177,159.694) (-105.233,331.391,153.021) (-103.71,326.36,138.021)
  m[1][0] pts=5 (-86.4946,331.679,171.67) (-101.208,318.208,174.694) (-99.685,313.177,159.694) (-84.9716,326.647,156.669) (-86.4946,331.679,171.67)
  m[1][1] pts=5 (-86.4946,331.679,171.67) (-101.208,318.208,174.694) (-99.685,313.177,159.694) (-84.9716,326.647,156.669) (-86.4946,331.679,171.67)
  f[1][0] pts=5 (-88.9969,339.83,134.996) (-83.4487,321.615,141.669) (-84.9716,326.647,156.669) (-90.5199,344.862,149.996) (-88.9969,339.83,134.996)
  f[1][1] pts=5 (-88.9969,339.83,134.996) (-83.4487,321.615,141.669) (-84.9716,326.647,156.669) (-90.5199,344.862,149.996) (-88.9969,339.83,134.996)
joint 133 type=30 v0=71 v1=72 f0_0=3 f1_0=5 name=cr_c_ip_0 orient=1 div=1 shift=0.5
  jv[0] pts=5 (111.145,326.589,146.678) (131.954,320.898,146.159) (124.784,340.355,140.187) (103.976,346.046,140.706) (111.145,326.589,146.678)
  jv[1] pts=5 (112.794,331.374,160.29) (133.602,325.684,159.77) (126.432,345.141,153.798) (105.624,350.831,154.318) (112.794,331.374,160.29)
  m[0][0] pts=5 (123.96,337.962,133.381) (103.152,343.653,133.9) (104.8,348.438,147.512) (125.608,342.748,146.992) (123.96,337.962,133.381)
  m[0][1] pts=5 (123.96,337.962,133.381) (103.152,343.653,133.9) (104.8,348.438,147.512) (125.608,342.748,146.992) (123.96,337.962,133.381)
  f[0][0] pts=5 (106.448,353.224,161.124) (113.618,333.767,167.096) (111.97,328.982,153.484) (104.8,348.438,147.512) (106.448,353.224,161.124)
  f[0][1] pts=5 (106.448,353.224,161.124) (113.618,333.767,167.096) (111.97,328.982,153.484) (104.8,348.438,147.512) (106.448,353.224,161.124)
  m[1][0] pts=5 (131.129,318.506,139.353) (110.321,324.196,139.872) (111.97,328.982,153.484) (132.778,323.291,152.965) (131.129,318.506,139.353)
  m[1][1] pts=5 (131.129,318.506,139.353) (110.321,324.196,139.872) (111.97,328.982,153.484) (132.778,323.291,152.965) (131.129,318.506,139.353)
  f[1][0] pts=5 (127.257,347.533,160.604) (134.426,328.077,166.576) (132.778,323.291,152.965) (125.608,342.748,146.992) (127.257,347.533,160.604)
  f[1][1] pts=5 (127.257,347.533,160.604) (134.426,328.077,166.576) (132.778,323.291,152.965) (125.608,342.748,146.992) (127.257,347.533,160.604)
joint 134 type=30 v0=71 v1=81 f0_0=5 f1_0=3 name=cr_c_ip_0 orient=1 div=1 shift=0.5
  jv[0] pts=5 (51.857,347.347,160.005) (31.7919,352.316,159.154) (45.9901,366.184,153.315) (66.0552,361.216,154.166) (51.857,347.347,160.005)
  jv[1] pts=5 (51.1689,342.179,146.057) (31.1038,347.148,145.206) (45.3021,361.017,139.367) (65.3672,356.048,140.218) (51.1689,342.179,146.057)
  m[0][0] pts=5 (46.3341,368.768,160.289) (66.3993,363.8,161.14) (65.7112,358.632,147.192) (45.6461,363.6,146.341) (46.3341,368.768,160.289)
  m[0][1] pts=5 (46.3341,368.768,160.289) (66.3993,363.8,161.14) (65.7112,358.632,147.192) (45.6461,363.6,146.341) (46.3341,368.768,160.289)
  f[0][0] pts=5 (65.0232,353.464,133.244) (50.8249,339.595,139.083) (51.513,344.763,153.031) (65.7112,358.632,147.192) (65.0232,353.464,133.244)
  f[0][1] pts=5 (65.0232,353.464,133.244) (50.8249,339.595,139.083) (51.513,344.763,153.031) (65.7112,358.632,147.192) (65.0232,353.464,133.244)
  m[1][0] pts=5 (32.1359,354.9,166.128) (52.201,349.931,166.979) (51.513,344.763,153.031) (31.4478,349.732,152.18) (32.1359,354.9,166.128)
  m[1][1] pts=5 (32.1359,354.9,166.128) (52.201,349.931,166.979) (51.513,344.763,153.031) (31.4478,349.732,152.18) (32.1359,354.9,166.128)
  f[1][0] pts=5 (44.958,358.433,132.393) (30.7598,344.564,138.232) (31.4478,349.732,152.18) (45.6461,363.6,146.341) (44.958,358.433,132.393)
  f[1][1] pts=5 (44.958,358.433,132.393) (30.7598,344.564,138.232) (31.4478,349.732,152.18) (45.6461,363.6,146.341) (44.958,358.433,132.393)
joint 135 type=30 v0=71 v1=80 f0_0=3 f1_0=5 name=cr_c_ip_0 orient=1 div=1 shift=0.5
  jv[0] pts=5 (-119.847,379.347,125.291) (-99.9011,375.642,129.355) (-105.429,393.787,121.093) (-125.375,397.492,117.029) (-119.847,379.347,125.291)
  jv[1] pts=5 (-121.533,384.911,138.638) (-101.587,381.206,142.702) (-107.115,399.351,134.44) (-127.061,403.056,130.376) (-121.533,384.911,138.638)
  m[0][0] pts=5 (-104.586,391.005,114.419) (-124.532,394.71,110.355) (-126.218,400.274,123.702) (-106.272,396.569,127.766) (-104.586,391.005,114.419)
  m[0][1] pts=5 (-104.586,391.005,114.419) (-124.532,394.71,110.355) (-126.218,400.274,123.702) (-106.272,396.569,127.766) (-104.586,391.005,114.419)
  f[0][0] pts=5 (-127.904,405.838,137.05) (-122.376,387.693,145.312) (-120.69,382.129,131.965) (-126.218,400.274,123.702) (-127.904,405.838,137.05)
  f[0][1] pts=5 (-127.904,405.838,137.05) (-122.376,387.693,145.312) (-120.69,382.129,131.965) (-126.218,400.274,123.702) (-127.904,405.838,137.05)
  m[1][0] pts=5 (-99.0581,372.859,122.681) (-119.004,376.565,118.617) (-120.69,382.129,131.965) (-100.744,378.424,136.029) (-99.0581,372.859,122.681)
  m[1][1] pts=5 (-99.0581,372.859,122.681) (-119.004,376.565,118.617) (-120.69,382.129,131.965) (-100.744,378.424,136.029) (-99.0581,372.859,122.681)
  f[1][0] pts=5 (-107.958,402.133,141.114) (-102.43,383.988,149.376) (-100.744,378.424,136.029) (-106.272,396.569,127.766) (-107.958,402.133,141.114)
  f[1][1] pts=5 (-107.958,402.133,141.114) (-102.43,383.988,149.376) (-100.744,378.424,136.029) (-106.272,396.569,127.766) (-107.958,402.133,141.114)
joint 136 type=30 v0=72 v1=81 f0_0=3 f1_0=5 name=cr_c_ip_0 orient=1 div=1 shift=0.5
  jv[0] pts=5 (90.8619,380.488,128.269) (84.0169,398.191,121.414) (97.7763,411.235,114.502) (104.621,393.532,121.357) (90.8619,380.488,128.269)
  jv[1] pts=5 (92.2313,386.373,142.101) (85.3864,404.076,135.247) (99.1457,417.12,128.334) (105.991,399.417,135.189) (92.2313,386.373,142.101)
  m[0][0] pts=5 (97.0916,408.292,107.586) (103.937,390.589,114.441) (105.306,396.474,128.273) (98.461,414.177,121.418) (97.0916,408.292,107.586)
  m[0][1] pts=5 (97.0916,408.292,107.586) (103.937,390.589,114.441) (105.306,396.474,128.273) (98.461,414.177,121.418) (97.0916,408.292,107.586)
  f[0][0] pts=5 (106.675,402.36,142.105) (92.9161,389.316,149.017) (91.5466,383.431,135.185) (105.306,396.474,128.273) (106.675,402.36,142.105)
  f[0][1] pts=5 (106.675,402.36,142.105) (92.9161,389.316,149.017) (91.5466,383.431,135.185) (105.306,396.474,128.273) (106.675,402.36,142.105)
  m[1][0] pts=5 (83.3322,395.248,114.498) (90.1772,377.545,121.353) (91.5466,383.431,135.185) (84.7017,401.134,128.33) (83.3322,395.248,114.498)
  m[1][1] pts=5 (83.3322,395.248,114.498) (90.1772,377.545,121.353) (91.5466,383.431,135.185) (84.7017,401.134,128.33) (83.3322,395.248,114.498)
  f[1][0] pts=5 (99.8304,420.063,135.251) (86.0711,407.019,142.163) (84.7017,401.134,128.33) (98.461,414.177,121.418) (99.8304,420.063,135.251)
  f[1][1] pts=5 (99.8304,420.063,135.251) (86.0711,407.019,142.163) (84.7017,401.134,128.33) (98.461,414.177,121.418) (99.8304,420.063,135.251)
joint 137 type=30 v0=73 v1=83 f0_0=5 f1_0=3 name=cr_c_ip_0 orient=1 div=1 shift=0.5
  jv[0] pts=5 (411.073,291.094,88.5943) (423.211,303.821,78.5519) (416.303,322.569,75.2406) (404.164,309.842,85.2829) (411.073,291.094,88.5943)
  jv[1] pts=5 (405.135,286.642,75.7753) (417.274,299.369,65.7329) (410.365,318.117,62.4216) (398.227,305.39,72.4639) (405.135,286.642,75.7753)
  m[0][0] pts=5 (419.271,324.795,81.6501) (407.133,312.068,91.6924) (401.196,307.616,78.8734) (413.334,320.343,68.8311) (419.271,324.795,81.6501)
  m[0][1] pts=5 (419.271,324.795,81.6501) (407.133,312.068,91.6924) (401.196,307.616,78.8734) (413.334,320.343,68.8311) (419.271,324.795,81.6501)
  f[0][0] pts=5 (395.258,303.164,66.0544) (402.166,284.416,69.3658) (408.104,288.868,82.1848) (401.196,307.616,78.8734) (395.258,303.164,66.0544)
  f[0][1] pts=5 (395.258,303.164,66.0544) (402.166,284.416,69.3658) (408.104,288.868,82.1848) (401.196,307.616,78.8734) (395.258,303.164,66.0544)
  m[1][0] pts=5 (426.18,306.047,84.9614) (414.041,293.32,95.0038) (408.104,288.868,82.1848) (420.242,301.595,72.1424) (426.18,306.047,84.9614)
  m[1][1] pts=5 (426.18,306.047,84.9614) (414.041,293.32,95.0038) (408.104,288.868,82.1848) (420.242,301.595,72.1424) (426.18,306.047,84.9614)
  f[1][0] pts=5 (407.397,315.891,56.0121) (414.305,297.143,59.3234) (420.242,301.595,72.1424) (413.334,320.343,68.8311) (407.397,315.891,56.0121)
  f[1][1] pts=5 (407.397,315.891,56.0121) (414.305,297.143,59.3234) (420.242,301.595,72.1424) (413.334,320.343,68.8311) (407.397,315.891,56.0121)
joint 138 type=30 v0=73 v1=74 f0_0=3 f1_0=5 name=cr_c_ip_0 orient=1 div=1 shift=0.5
  jv[0] pts=5 (447.524,331.418,37.4043) (459.152,343.777,26.1218) (441.229,350.898,32.7022) (429.601,338.539,43.9846) (447.524,331.418,37.4043)
  jv[1] pts=5 (454.213,336.619,49.9956) (465.841,348.978,38.7132) (447.918,356.099,45.2935) (436.291,343.74,56.576) (454.213,336.619,49.9956)
  m[0][0] pts=5 (437.884,348.297,26.4065) (426.256,335.939,37.6889) (432.946,341.14,50.2803) (444.574,353.498,38.9978) (437.884,348.297,26.4065)
  m[0][1] pts=5 (437.884,348.297,26.4065) (426.256,335.939,37.6889) (432.946,341.14,50.2803) (444.574,353.498,38.9978) (437.884,348.297,26.4065)
  f[0][0] pts=5 (439.635,346.341,62.8717) (457.558,339.22,56.2913) (450.869,334.019,43.6999) (432.946,341.14,50.2803) (439.635,346.341,62.8717)
  f[0][1] pts=5 (439.635,346.341,62.8717) (457.558,339.22,56.2913) (450.869,334.019,43.6999) (432.946,341.14,50.2803) (439.635,346.341,62.8717)
  m[1][0] pts=5 (455.807,341.176,19.8261) (444.179,328.817,31.1086) (450.869,334.019,43.6999) (462.496,346.377,32.4175) (455.807,341.176,19.8261)
  m[1][1] pts=5 (455.807,341.176,19.8261) (444.179,328.817,31.1086) (450.869,334.019,43.6999) (462.496,346.377,32.4175) (455.807,341.176,19.8261)
  f[1][0] pts=5 (451.263,358.699,51.5892) (469.186,351.578,45.0088) (462.496,346.377,32.4175) (444.574,353.498,38.9978) (451.263,358.699,51.5892)
  f[1][1] pts=5 (451.263,358.699,51.5892) (469.186,351.578,45.0088) (462.496,346.377,32.4175) (444.574,353.498,38.9978) (451.263,358.699,51.5892)
joint 139 type=30 v0=74 v1=83 f0_0=3 f1_0=5 name=cr_c_ip_0 orient=1 div=1 shift=0.5
  jv[0] pts=5 (377.326,357.847,60.3775) (397.226,350.774,54.6681) (389.142,370.491,49.7153) (369.242,377.564,55.4247) (377.326,357.847,60.3775)
  jv[1] pts=5 (383.334,363.738,74.0216) (403.234,356.665,68.3122) (395.15,376.382,63.3594) (375.25,383.454,69.0688) (383.334,363.738,74.0216)
  m[0][0] pts=5 (386.138,367.545,42.8933) (366.238,374.618,48.6027) (372.246,380.509,62.2468) (392.146,373.436,56.5373) (386.138,367.545,42.8933)
  m[0][1] pts=5 (386.138,367.545,42.8933) (366.238,374.618,48.6027) (372.246,380.509,62.2468) (392.146,373.436,56.5373) (386.138,367.545,42.8933)
  f[0][0] pts=5 (378.254,386.4,75.8908) (386.338,366.683,80.8436) (380.33,360.792,67.1996) (372.246,380.509,62.2468) (378.254,386.4,75.8908)
  f[0][1] pts=5 (378.254,386.4,75.8908) (386.338,366.683,80.8436) (380.33,360.792,67.1996) (372.246,380.509,62.2468) (378.254,386.4,75.8908)
  m[1][0] pts=5 (394.222,347.829,47.8461) (374.322,354.902,53.5555) (380.33,360.792,67.1996) (400.23,353.72,61.4901) (394.222,347.829,47.8461)
  m[1][1] pts=5 (394.222,347.829,47.8461) (374.322,354.902,53.5555) (380.33,360.792,67.1996) (400.23,353.72,61.4901) (394.222,347.829,47.8461)
  f[1][0] pts=5 (398.154,379.327,70.1814) (406.238,359.611,75.1342) (400.23,353.72,61.4901) (392.146,373.436,56.5373) (398.154,379.327,70.1814)
  f[1][1] pts=5 (398.154,379.327,70.1814) (406.238,359.611,75.1342) (400.23,353.72,61.4901) (392.146,373.436,56.5373) (398.154,379.327,70.1814)
joint 140 type=30 v0=74 v1=75 f0_0=3 f1_0=5 name=cr_c_ip_0 orient=1 div=1 shift=0.5
  jv[0] pts=5 (578.869,272.883,-22.9737) (598.254,263.443,-33.4183) (588.688,285.369,-34.7236) (569.304,294.809,-24.279) (578.869,272.883,-22.9737)
  jv[1] pts=5 (585.501,276.324,-13.7755) (604.885,266.884,-24.2201) (595.32,288.81,-25.5254) (575.935,298.25,-15.0808) (585.501,276.324,-13.7755)
  m[0][0] pts=5 (585.372,283.649,-39.3228) (565.988,293.089,-28.8781) (572.62,296.53,-19.6799) (592.004,287.09,-30.1245) (585.372,283.649,-39.3228)
  m[0][1] pts=5 (585.372,283.649,-39.3228) (565.988,293.089,-28.8781) (572.62,296.53,-19.6799) (592.004,287.09,-30.1245) (585.372,283.649,-39.3228)
  f[0][0] pts=5 (579.251,299.97,-10.4817) (588.817,278.044,-9.17634) (582.185,274.604,-18.3746) (572.62,296.53,-19.6799) (579.251,299.97,-10.4817)
  f[0][1] pts=5 (579.251,299.97,-10.4817) (588.817,278.044,-9.17634) (582.185,274.604,-18.3746) (572.62,296.53,-19.6799) (579.251,299.97,-10.4817)
  m[1][0] pts=5 (594.938,261.723,-38.0174) (575.553,271.163,-27.5728) (582.185,274.604,-18.3746) (601.569,265.164,-28.8192) (594.938,261.723,-38.0174)
  m[1][1] pts=5 (594.938,261.723,-38.0174) (575.553,271.163,-27.5728) (582.185,274.604,-18.3746) (601.569,265.164,-28.8192) (594.938,261.723,-38.0174)
  f[1][0] pts=5 (598.636,290.531,-20.9263) (608.201,268.604,-19.621) (601.569,265.164,-28.8192) (592.004,287.09,-30.1245) (598.636,290.531,-20.9263)
  f[1][1] pts=5 (598.636,290.531,-20.9263) (608.201,268.604,-19.621) (601.569,265.164,-28.8192) (592.004,287.09,-30.1245) (598.636,290.531,-20.9263)
joint 141 type=30 v0=74 v1=84 f0_0=5 f1_0=3 name=cr_c_ip_0 orient=1 div=1 shift=0.5
  jv[0] pts=5 (538.971,300.309,13.8336) (522.103,307.804,21.546) (532.691,320.23,9.98245) (549.559,312.734,2.27011) (538.971,300.309,13.8336)
  jv[1] pts=5 (530.437,295.006,0.321456) (513.569,302.502,8.0338) (524.156,314.927,-3.52974) (541.025,307.431,-11.2421) (530.437,295.006,0.321456)
  m[0][0] pts=5 (536.958,322.881,16.7385) (553.826,315.386,9.0262) (545.292,310.083,-4.48598) (528.424,317.579,3.22636) (536.958,322.881,16.7385)
  m[0][1] pts=5 (536.958,322.881,16.7385) (553.826,315.386,9.0262) (545.292,310.083,-4.48598) (528.424,317.579,3.22636) (536.958,322.881,16.7385)
  f[0][0] pts=5 (536.758,304.78,-17.9982) (526.17,292.355,-6.43464) (534.704,297.657,7.07755) (545.292,310.083,-4.48598) (536.758,304.78,-17.9982)
  f[0][1] pts=5 (536.758,304.78,-17.9982) (526.17,292.355,-6.43464) (534.704,297.657,7.07755) (545.292,310.083,-4.48598) (536.758,304.78,-17.9982)
  m[1][0] pts=5 (526.37,310.456,28.3021) (543.238,302.96,20.5897) (534.704,297.657,7.07755) (517.836,305.153,14.7899) (526.37,310.456,28.3021)
  m[1][1] pts=5 (526.37,310.456,28.3021) (543.238,302.96,20.5897) (534.704,297.657,7.07755) (517.836,305.153,14.7899) (526.37,310.456,28.3021)
  f[1][0] pts=5 (519.889,312.276,-10.2858) (509.301,299.85,1.2777) (517.836,305.153,14.7899) (528.424,317.579,3.22636) (519.889,312.276,-10.2858)
  f[1][1] pts=5 (519.889,312.276,-10.2858) (509.301,299.85,1.2777) (517.836,305.153,14.7899) (528.424,317.579,3.22636) (519.889,312.276,-10.2858)
joint 142 type=30 v0=75 v1=84 f0_0=5 f1_0=3 name=cr_c_ip_0 orient=1 div=1 shift=0.5
  jv[0] pts=5 (563.445,329.585,-15.5817) (554.987,347.06,-17.5869) (564.789,358.847,-29.6683) (573.247,341.372,-27.6631) (563.445,329.585,-15.5817)
  jv[1] pts=5 (553.657,323.224,-29.729) (545.198,340.699,-31.7342) (555,352.486,-43.8156) (563.458,335.011,-41.8104) (553.657,323.224,-29.729)
  m[0][0] pts=5 (569.683,362.028,-22.5947) (578.141,344.552,-20.5895) (568.353,338.191,-34.7368) (559.894,355.667,-36.742) (569.683,362.028,-22.5947)
  m[0][1] pts=5 (569.683,362.028,-22.5947) (578.141,344.552,-20.5895) (568.353,338.191,-34.7368) (559.894,355.667,-36.742) (569.683,362.028,-22.5947)
  f[0][0] pts=5 (558.564,331.83,-48.8841) (548.763,320.043,-36.8027) (558.551,326.404,-22.6554) (568.353,338.191,-34.7368) (558.564,331.83,-48.8841)
  f[0][1] pts=5 (558.564,331.83,-48.8841) (548.763,320.043,-36.8027) (558.551,326.404,-22.6554) (568.353,338.191,-34.7368) (558.564,331.83,-48.8841)
  m[1][0] pts=5 (559.881,350.241,-10.5133) (568.34,332.765,-8.5081) (558.551,326.404,-22.6554) (550.093,343.88,-24.6606) (559.881,350.241,-10.5133)
  m[1][1] pts=5 (559.881,350.241,-10.5133) (568.34,332.765,-8.5081) (558.551,326.404,-22.6554) (550.093,343.88,-24.6606) (559.881,350.241,-10.5133)
  f[1][0] pts=5 (550.106,349.305,-50.8893) (540.304,337.519,-38.8079) (550.093,343.88,-24.6606) (559.894,355.667,-36.742) (550.106,349.305,-50.8893)
  f[1][1] pts=5 (550.106,349.305,-50.8893) (540.304,337.519,-38.8079) (550.093,343.88,-24.6606) (559.894,355.667,-36.742) (550.106,349.305,-50.8893)
joint 143 type=30 v0=76 v1=77 f0_0=5 f1_0=3 name=cr_c_ip_0 orient=1 div=1 shift=0.5
  jv[0] pts=5 (-592.738,398.088,-70.9291) (-594.292,414.324,-81.518) (-578.888,414.721,-69.6553) (-577.334,398.485,-59.0664) (-592.738,398.088,-70.9291)
  jv[1] pts=5 (-582.807,390.788,-83.5799) (-584.361,407.024,-94.1688) (-568.958,407.421,-82.3061) (-567.403,391.185,-71.7172) (-582.807,390.788,-83.5799)
  m[0][0] pts=5 (-583.854,418.371,-63.3299) (-582.3,402.135,-52.741) (-572.369,394.835,-65.3918) (-573.923,411.071,-75.9807) (-583.854,418.371,-63.3299)
  m[0][1] pts=5 (-583.854,418.371,-63.3299) (-582.3,402.135,-52.741) (-572.369,394.835,-65.3918) (-573.923,411.071,-75.9807) (-583.854,418.371,-63.3299)
  f[0][0] pts=5 (-562.438,387.535,-78.0426) (-577.842,387.138,-89.9053) (-587.772,394.438,-77.2545) (-572.369,394.835,-65.3918) (-562.438,387.535,-78.0426)
  f[0][1] pts=5 (-562.438,387.535,-78.0426) (-577.842,387.138,-89.9053) (-587.772,394.438,-77.2545) (-572.369,394.835,-65.3918) (-562.438,387.535,-78.0426)
  m[1][0] pts=5 (-599.257,417.974,-75.1926) (-597.703,401.738,-64.6037) (-587.772,394.438,-77.2545) (-589.327,410.674,-87.8434) (-599.257,417.974,-75.1926)
  m[1][1] pts=5 (-599.257,417.974,-75.1926) (-597.703,401.738,-64.6037) (-587.772,394.438,-77.2545) (-589.327,410.674,-87.8434) (-599.257,417.974,-75.1926)
  f[1][0] pts=5 (-563.992,403.771,-88.6315) (-579.396,403.374,-100.494) (-589.327,410.674,-87.8434) (-573.923,411.071,-75.9807) (-563.992,403.771,-88.6315)
  f[1][1] pts=5 (-563.992,403.771,-88.6315) (-579.396,403.374,-100.494) (-589.327,410.674,-87.8434) (-573.923,411.071,-75.9807) (-563.992,403.771,-88.6315)
joint 144 type=30 v0=76 v1=86 f0_0=3 f1_0=5 name=cr_c_ip_0 orient=1 div=1 shift=0.5
  jv[0] pts=5 (-586.231,420.878,-102.178) (-587.48,437.439,-113.613) (-573.228,451.446,-110.912) (-571.979,434.884,-99.4767) (-586.231,420.878,-102.178)
  jv[1] pts=5 (-596.142,428.598,-89.9152) (-597.391,445.159,-101.351) (-583.138,459.165,-98.6496) (-581.889,442.604,-87.2141) (-596.142,428.598,-89.9152)
  m[0][0] pts=5 (-568.272,447.586,-117.043) (-567.024,431.024,-105.608) (-576.934,438.744,-93.3454) (-578.183,455.305,-104.781) (-568.272,447.586,-117.043)
  m[0][1] pts=5 (-568.272,447.586,-117.043) (-567.024,431.024,-105.608) (-576.934,438.744,-93.3454) (-578.183,455.305,-104.781) (-568.272,447.586,-117.043)
  f[0][0] pts=5 (-586.844,446.464,-81.0829) (-601.097,432.458,-83.784) (-591.187,424.738,-96.0465) (-576.934,438.744,-93.3454) (-586.844,446.464,-81.0829)
  f[0][1] pts=5 (-586.844,446.464,-81.0829) (-601.097,432.458,-83.784) (-591.187,424.738,-96.0465) (-576.934,438.744,-93.3454) (-586.844,446.464,-81.0829)
  m[1][0] pts=5 (-582.525,433.579,-119.744) (-581.276,417.018,-108.309) (-591.187,424.738,-96.0465) (-592.435,441.299,-107.482) (-582.525,433.579,-119.744)
  m[1][1] pts=5 (-582.525,433.579,-119.744) (-581.276,417.018,-108.309) (-591.187,424.738,-96.0465) (-592.435,441.299,-107.482) (-582.525,433.579,-119.744)
  f[1][0] pts=5 (-588.093,463.025,-92.5183) (-602.346,449.019,-95.2194) (-592.435,441.299,-107.482) (-578.183,455.305,-104.781) (-588.093,463.025,-92.5183)
  f[1][1] pts=5 (-588.093,463.025,-92.5183) (-602.346,449.019,-95.2194) (-592.435,441.299,-107.482) (-578.183,455.305,-104.781) (-588.093,463.025,-92.5183)
joint 145 type=30 v0=77 v1=86 f0_0=5 f1_0=3 name=cr_c_ip_0 orient=1 div=1 shift=0.5
  jv[0] pts=5 (-625.233,396.339,-98.4011) (-643.589,395.482,-113.571) (-627.285,412.43,-109.73) (-608.929,413.288,-94.5606) (-625.233,396.339,-98.4011)
  jv[1] pts=5 (-616.99,390.597,-108.05) (-635.347,389.74,-123.22) (-619.043,406.688,-119.379) (-600.687,407.546,-104.21) (-616.99,390.597,-108.05)
  m[0][0] pts=5 (-631.407,415.301,-104.906) (-613.05,416.159,-89.7361) (-604.808,410.417,-99.3852) (-623.164,409.559,-114.555) (-631.407,415.301,-104.906)
  m[0][1] pts=5 (-631.407,415.301,-104.906) (-613.05,416.159,-89.7361) (-604.808,410.417,-99.3852) (-623.164,409.559,-114.555) (-631.407,415.301,-104.906)
  f[0][0] pts=5 (-596.566,404.675,-109.034) (-612.869,387.726,-112.875) (-621.111,393.468,-103.226) (-604.808,410.417,-99.3852) (-596.566,404.675,-109.034)
  f[0][1] pts=5 (-596.566,404.675,-109.034) (-612.869,387.726,-112.875) (-621.111,393.468,-103.226) (-604.808,410.417,-99.3852) (-596.566,404.675,-109.034)
  m[1][0] pts=5 (-647.71,398.353,-108.746) (-629.354,399.21,-93.5766) (-621.111,393.468,-103.226) (-639.468,392.611,-118.395) (-647.71,398.353,-108.746)
  m[1][1] pts=5 (-647.71,398.353,-108.746) (-629.354,399.21,-93.5766) (-621.111,393.468,-103.226) (-639.468,392.611,-118.395) (-647.71,398.353,-108.746)
  f[1][0] pts=5 (-614.922,403.817,-124.204) (-631.226,386.868,-128.044) (-639.468,392.611,-118.395) (-623.164,409.559,-114.555) (-614.922,403.817,-124.204)
  f[1][1] pts=5 (-614.922,403.817,-124.204) (-631.226,386.868,-128.044) (-639.468,392.611,-118.395) (-623.164,409.559,-114.555) (-614.922,403.817,-124.204)
joint 146 type=30 v0=78 v1=79 f0_0=3 f1_0=5 name=cr_c_ip_0 orient=1 div=1 shift=0.5
  jv[0] pts=5 (-274.207,474.189,44.7463) (-256.504,488.595,42.2744) (-277.893,490.789,34.2271) (-295.595,476.383,36.6991) (-274.207,474.189,44.7463)
  jv[1] pts=5 (-277.955,480.814,56.5164) (-260.253,495.221,54.0444) (-281.641,497.415,45.9972) (-299.344,483.009,48.4691) (-277.955,480.814,56.5164)
  m[0][0] pts=5 (-276.018,487.477,28.3421) (-293.721,473.07,30.814) (-297.47,479.696,42.5841) (-279.767,494.102,40.1121) (-276.018,487.477,28.3421)
  m[0][1] pts=5 (-276.018,487.477,28.3421) (-293.721,473.07,30.814) (-297.47,479.696,42.5841) (-279.767,494.102,40.1121) (-276.018,487.477,28.3421)
  f[0][0] pts=5 (-301.218,486.321,54.3541) (-279.83,484.127,62.4014) (-276.081,477.502,50.6314) (-297.47,479.696,42.5841) (-301.218,486.321,54.3541)
  f[0][1] pts=5 (-301.218,486.321,54.3541) (-279.83,484.127,62.4014) (-276.081,477.502,50.6314) (-297.47,479.696,42.5841) (-301.218,486.321,54.3541)
  m[1][0] pts=5 (-254.63,485.283,36.3893) (-272.332,470.876,38.8613) (-276.081,477.502,50.6314) (-258.378,491.908,48.1594) (-254.63,485.283,36.3893)
  m[1][1] pts=5 (-254.63,485.283,36.3893) (-272.332,470.876,38.8613) (-276.081,477.502,50.6314) (-258.378,491.908,48.1594) (-254.63,485.283,36.3893)
  f[1][0] pts=5 (-283.516,500.728,51.8822) (-262.127,498.534,59.9295) (-258.378,491.908,48.1594) (-279.767,494.102,40.1121) (-283.516,500.728,51.8822)
  f[1][1] pts=5 (-283.516,500.728,51.8822) (-262.127,498.534,59.9295) (-258.378,491.908,48.1594) (-279.767,494.102,40.1121) (-283.516,500.728,51.8822)
joint 147 type=30 v0=78 v1=88 f0_0=5 f1_0=3 name=cr_c_ip_0 orient=1 div=1 shift=0.5
  jv[0] pts=5 (-338.528,429.54,62.6739) (-323.518,442.85,61.8507) (-327.267,459.885,51.9043) (-342.277,446.574,52.7275) (-338.528,429.54,62.6739)
  jv[1] pts=5 (-332.683,422.014,47.5814) (-317.672,435.325,46.7581) (-321.421,452.36,36.8117) (-336.431,439.049,37.6349) (-332.683,422.014,47.5814)
  m[0][0] pts=5 (-330.19,463.648,59.4505) (-345.2,450.337,60.2738) (-339.354,442.812,45.1812) (-324.344,456.122,44.358) (-330.19,463.648,59.4505)
  m[0][1] pts=5 (-330.19,463.648,59.4505) (-345.2,450.337,60.2738) (-339.354,442.812,45.1812) (-324.344,456.122,44.358) (-330.19,463.648,59.4505)
  f[0][0] pts=5 (-333.509,435.286,30.0886) (-329.76,418.251,40.0351) (-335.605,425.777,55.1277) (-339.354,442.812,45.1812) (-333.509,435.286,30.0886)
  f[0][1] pts=5 (-333.509,435.286,30.0886) (-329.76,418.251,40.0351) (-335.605,425.777,55.1277) (-339.354,442.812,45.1812) (-333.509,435.286,30.0886)
  m[1][0] pts=5 (-326.441,446.613,69.397) (-341.451,433.302,70.2202) (-335.605,425.777,55.1277) (-320.595,439.088,54.3044) (-326.441,446.613,69.397)
  m[1][1] pts=5 (-326.441,446.613,69.397) (-341.451,433.302,70.2202) (-335.605,425.777,55.1277) (-320.595,439.088,54.3044) (-326.441,446.613,69.397)
  f[1][0] pts=5 (-318.498,448.597,29.2654) (-314.749,431.562,39.2118) (-320.595,439.088,54.3044) (-324.344,456.122,44.358) (-318.498,448.597,29.2654)
  f[1][1] pts=5 (-318.498,448.597,29.2654) (-314.749,431.562,39.2118) (-320.595,439.088,54.3044) (-324.344,456.122,44.358) (-318.498,448.597,29.2654)
joint 148 type=30 v0=79 v1=80 f0_0=3 f1_0=5 name=cr_c_ip_0 orient=1 div=1 shift=0.5
  jv[0] pts=5 (-143.304,456.331,84.6425) (-123.486,453.046,89.454) (-128.782,470.426,79.6266) (-148.6,473.712,74.8151) (-143.304,456.331,84.6425)
  jv[1] pts=5 (-145.543,463.715,98.9075) (-125.725,460.429,103.719) (-131.021,477.81,93.8916) (-150.84,481.095,89.08) (-145.543,463.715,98.9075)
  m[0][0] pts=5 (-127.662,466.734,72.4941) (-147.481,470.02,67.6826) (-149.72,477.403,81.9476) (-129.902,474.118,86.7591) (-127.662,466.734,72.4941)
  m[0][1] pts=5 (-127.662,466.734,72.4941) (-147.481,470.02,67.6826) (-149.72,477.403,81.9476) (-129.902,474.118,86.7591) (-127.662,466.734,72.4941)
  f[0][0] pts=5 (-151.959,484.787,96.2125) (-146.663,467.406,106.04) (-144.424,460.023,91.775) (-149.72,477.403,81.9476) (-151.959,484.787,96.2125)
  f[0][1] pts=5 (-151.959,484.787,96.2125) (-146.663,467.406,106.04) (-144.424,460.023,91.775) (-149.72,477.403,81.9476) (-151.959,484.787,96.2125)
  m[1][0] pts=5 (-122.366,449.354,82.3215) (-142.184,452.639,77.51) (-144.424,460.023,91.775) (-124.605,456.738,96.5865) (-122.366,449.354,82.3215)
  m[1][1] pts=5 (-122.366,449.354,82.3215) (-142.184,452.639,77.51) (-144.424,460.023,91.775) (-124.605,456.738,96.5865) (-122.366,449.354,82.3215)
  f[1][0] pts=5 (-132.141,481.501,101.024) (-126.845,464.121,110.851) (-124.605,456.738,96.5865) (-129.902,474.118,86.7591) (-132.141,481.501,101.024)
  f[1][1] pts=5 (-132.141,481.501,101.024) (-126.845,464.121,110.851) (-124.605,456.738,96.5865) (-129.902,474.118,86.7591) (-132.141,481.501,101.024)
joint 149 type=30 v0=79 v1=89 f0_0=5 f1_0=3 name=cr_c_ip_0 orient=1 div=1 shift=0.5
  jv[0] pts=5 (-201.008,471.717,82.9238) (-221.104,474.47,76.8242) (-206.085,488.788,72.5724) (-185.988,486.034,78.672) (-201.008,471.717,82.9238)
  jv[1] pts=5 (-197.946,464.548,69.6001) (-218.042,467.302,63.5005) (-203.023,481.619,59.2487) (-182.927,478.866,65.3483) (-197.946,464.548,69.6001)
  m[0][0] pts=5 (-207.616,492.372,79.2343) (-187.519,489.619,85.3339) (-184.457,482.45,72.0102) (-204.554,485.203,65.9106) (-207.616,492.372,79.2343)
  m[0][1] pts=5 (-207.616,492.372,79.2343) (-187.519,489.619,85.3339) (-184.457,482.45,72.0102) (-204.554,485.203,65.9106) (-207.616,492.372,79.2343)
  f[0][0] pts=5 (-181.396,475.281,58.6864) (-196.415,460.964,62.9382) (-199.477,468.133,76.2619) (-184.457,482.45,72.0102) (-181.396,475.281,58.6864)
  f[0][1] pts=5 (-181.396,475.281,58.6864) (-196.415,460.964,62.9382) (-199.477,468.133,76.2619) (-184.457,482.45,72.0102) (-181.396,475.281,58.6864)
  m[1][0] pts=5 (-222.635,478.055,83.4861) (-202.539,475.301,89.5857) (-199.477,468.133,76.2619) (-219.573,470.886,70.1623) (-222.635,478.055,83.4861)
  m[1][1] pts=5 (-222.635,478.055,83.4861) (-202.539,475.301,89.5857) (-199.477,468.133,76.2619) (-219.573,470.886,70.1623) (-222.635,478.055,83.4861)
  f[1][0] pts=5 (-201.492,478.035,52.5868) (-216.511,463.717,56.8386) (-219.573,470.886,70.1623) (-204.554,485.203,65.9106) (-201.492,478.035,52.5868)
  f[1][1] pts=5 (-201.492,478.035,52.5868) (-216.511,463.717,56.8386) (-219.573,470.886,70.1623) (-204.554,485.203,65.9106) (-201.492,478.035,52.5868)
joint 150 type=30 v0=79 v1=88 f0_0=3 f1_0=5 name=cr_c_ip_0 orient=1 div=1 shift=0.5
  jv[0] pts=5 (-345.277,479.48,13.7848) (-327.218,478.32,22.0432) (-330.477,494.582,11.0615) (-348.536,495.742,2.8031) (-345.277,479.48,13.7848)
  jv[1] pts=5 (-350.217,486.445,25.5658) (-332.158,485.286,33.8242) (-335.418,501.548,22.8425) (-353.477,502.707,14.5841) (-350.217,486.445,25.5658)
  m[0][0] pts=5 (-328.007,491.1,5.17096) (-346.066,492.259,-3.08741) (-351.007,499.225,8.69362) (-332.948,498.065,16.952) (-328.007,491.1,5.17096)
  m[0][1] pts=5 (-328.007,491.1,5.17096) (-346.066,492.259,-3.08741) (-351.007,499.225,8.69362) (-332.948,498.065,16.952) (-328.007,491.1,5.17096)
  f[0][0] pts=5 (-355.947,506.19,20.4746) (-352.688,489.928,31.4563) (-347.747,482.963,19.6753) (-351.007,499.225,8.69362) (-355.947,506.19,20.4746)
  f[0][1] pts=5 (-355.947,506.19,20.4746) (-352.688,489.928,31.4563) (-347.747,482.963,19.6753) (-351.007,499.225,8.69362) (-355.947,506.19,20.4746)
  m[1][0] pts=5 (-324.748,474.838,16.1527) (-342.807,475.997,7.89428) (-347.747,482.963,19.6753) (-329.688,481.803,27.9337) (-324.748,474.838,16.1527)
  m[1][1] pts=5 (-324.748,474.838,16.1527) (-342.807,475.997,7.89428) (-347.747,482.963,19.6753) (-329.688,481.803,27.9337) (-324.748,474.838,16.1527)
  f[1][0] pts=5 (-337.888,505.031,28.733) (-334.629,488.769,39.7147) (-329.688,481.803,27.9337) (-332.948,498.065,16.952) (-337.888,505.031,28.733)
  f[1][1] pts=5 (-337.888,505.031,28.733) (-334.629,488.769,39.7147) (-329.688,481.803,27.9337) (-332.948,498.065,16.952) (-337.888,505.031,28.733)
joint 151 type=30 v0=80 v1=89 f0_0=3 f1_0=5 name=cr_c_ip_0 orient=1 div=1 shift=0.5
  jv[0] pts=5 (-157.5,502.916,57.9178) (-162.579,519.58,47.0681) (-147.799,532.828,41.8456) (-142.72,516.164,52.6953) (-157.5,502.916,57.9178)
  jv[1] pts=5 (-159.683,510.113,69.9945) (-164.762,526.777,59.1448) (-149.983,540.025,53.9223) (-144.904,523.361,64.772) (-159.683,510.113,69.9945)
  m[0][0] pts=5 (-146.707,529.23,35.8073) (-141.628,512.565,46.657) (-143.812,519.762,58.7337) (-148.891,536.427,47.884) (-146.707,529.23,35.8073)
  m[0][1] pts=5 (-146.707,529.23,35.8073) (-141.628,512.565,46.657) (-143.812,519.762,58.7337) (-148.891,536.427,47.884) (-146.707,529.23,35.8073)
  f[0][0] pts=5 (-145.995,526.959,70.8104) (-160.775,513.711,76.0329) (-158.591,506.514,63.9562) (-143.812,519.762,58.7337) (-145.995,526.959,70.8104)
  f[0][1] pts=5 (-145.995,526.959,70.8104) (-160.775,513.711,76.0329) (-158.591,506.514,63.9562) (-143.812,519.762,58.7337) (-145.995,526.959,70.8104)
  m[1][0] pts=5 (-161.487,515.982,41.0297) (-156.408,499.317,51.8795) (-158.591,506.514,63.9562) (-163.67,523.179,53.1064) (-161.487,515.982,41.0297)
  m[1][1] pts=5 (-161.487,515.982,41.0297) (-156.408,499.317,51.8795) (-158.591,506.514,63.9562) (-163.67,523.179,53.1064) (-161.487,515.982,41.0297)
  f[1][0] pts=5 (-151.074,543.624,59.9607) (-165.854,530.376,65.1831) (-163.67,523.179,53.1064) (-148.891,536.427,47.884) (-151.074,543.624,59.9607)
  f[1][1] pts=5 (-151.074,543.624,59.9607) (-165.854,530.376,65.1831) (-163.67,523.179,53.1064) (-148.891,536.427,47.884) (-151.074,543.624,59.9607)
joint 152 type=30 v0=81 v1=82 f0_0=3 f1_0=5 name=cr_c_ip_0 orient=1 div=1 shift=0.5
  jv[0] pts=5 (202.889,482.702,59.3699) (216.489,494.576,49.3122) (196.741,500.548,50.5242) (183.141,488.674,60.5819) (202.889,482.702,59.3699)
  jv[1] pts=5 (205.904,490.078,72.1552) (219.504,501.952,62.0975) (199.756,507.924,63.3095) (186.156,496.05,73.3672) (205.904,490.078,72.1552)
  m[0][0] pts=5 (195.234,496.86,44.1315) (181.634,484.986,54.1893) (184.649,492.362,66.9746) (198.249,504.236,56.9168) (195.234,496.86,44.1315)
  m[0][1] pts=5 (195.234,496.86,44.1315) (181.634,484.986,54.1893) (184.649,492.362,66.9746) (198.249,504.236,56.9168) (195.234,496.86,44.1315)
  f[0][0] pts=5 (187.664,499.738,79.7599) (207.412,493.766,78.5479) (204.397,486.39,65.7626) (184.649,492.362,66.9746) (187.664,499.738,79.7599)
  f[0][1] pts=5 (187.664,499.738,79.7599) (207.412,493.766,78.5479) (204.397,486.39,65.7626) (184.649,492.362,66.9746) (187.664,499.738,79.7599)
  m[1][0] pts=5 (214.981,490.888,42.9195) (201.381,479.014,52.9773) (204.397,486.39,65.7626) (217.997,498.264,55.7048) (214.981,490.888,42.9195)
  m[1][1] pts=5 (214.981,490.888,42.9195) (201.381,479.014,52.9773) (204.397,486.39,65.7626) (217.997,498.264,55.7048) (214.981,490.888,42.9195)
  f[1][0] pts=5 (201.264,511.612,69.7021) (221.012,505.64,68.4901) (217.997,498.264,55.7048) (198.249,504.236,56.9168) (201.264,511.612,69.7021)
  f[1][1] pts=5 (201.264,511.612,69.7021) (221.012,505.64,68.4901) (217.997,498.264,55.7048) (198.249,504.236,56.9168) (201.264,511.612,69.7021)
joint 153 type=30 v0=81 v1=91 f0_0=5 f1_0=3 name=cr_c_ip_0 orient=1 div=1 shift=0.5
  jv[0] pts=5 (155.042,444.7,106.692) (168.808,457.192,98.0093) (162.35,474.993,90.1124) (148.583,462.501,98.7954) (155.042,444.7,106.692)
  jv[1] pts=5 (152.716,437.846,93.1435) (166.483,450.338,84.4605) (160.024,468.139,76.5636) (146.258,455.647,85.2466) (152.716,437.846,93.1435)
  m[0][0] pts=5 (163.513,478.42,96.8868) (149.746,465.928,105.57) (147.42,459.074,92.021) (161.187,471.566,83.338) (163.513,478.42,96.8868)
  m[0][1] pts=5 (163.513,478.42,96.8868) (149.746,465.928,105.57) (147.42,459.074,92.021) (161.187,471.566,83.338) (163.513,478.42,96.8868)
  f[0][0] pts=5 (145.095,452.22,78.4722) (151.553,434.418,86.3691) (153.879,441.273,99.9179) (147.42,459.074,92.021) (145.095,452.22,78.4722)
  f[0][1] pts=5 (145.095,452.22,78.4722) (151.553,434.418,86.3691) (153.879,441.273,99.9179) (147.42,459.074,92.021) (145.095,452.22,78.4722)
  m[1][0] pts=5 (169.971,460.619,104.784) (156.205,448.127,113.467) (153.879,441.273,99.9179) (167.646,453.765,91.2349) (169.971,460.619,104.784)
  m[1][1] pts=5 (169.971,460.619,104.784) (156.205,448.127,113.467) (153.879,441.273,99.9179) (167.646,453.765,91.2349) (169.971,460.619,104.784)
  f[1][0] pts=5 (158.861,464.712,69.7892) (165.32,446.911,77.6861) (167.646,453.765,91.2349) (161.187,471.566,83.338) (158.861,464.712,69.7892)
  f[1][1] pts=5 (158.861,464.712,69.7892) (165.32,446.911,77.6861) (167.646,453.765,91.2349) (161.187,471.566,83.338) (158.861,464.712,69.7892)
joint 154 type=30 v0=82 v1=83 f0_0=3 f1_0=5 name=cr_c_ip_0 orient=1 div=1 shift=0.5
  jv[0] pts=5 (345.975,433.011,40.5405) (366.984,424.731,36.2362) (357.814,444.689,29.4512) (336.805,452.969,33.7555) (345.975,433.011,40.5405)
  jv[1] pts=5 (350.759,439.139,52.1012) (371.768,430.859,47.7969) (362.598,450.817,41.0119) (341.589,459.097,45.3162) (350.759,439.139,52.1012)
  m[0][0] pts=5 (355.422,441.625,23.6709) (334.413,449.905,27.9752) (339.197,456.033,39.5358) (360.206,447.753,35.2315) (355.422,441.625,23.6709)
  m[0][1] pts=5 (355.422,441.625,23.6709) (334.413,449.905,27.9752) (339.197,456.033,39.5358) (360.206,447.753,35.2315) (355.422,441.625,23.6709)
  f[0][0] pts=5 (343.981,462.161,51.0965) (353.151,442.203,57.8815) (348.367,436.075,46.3209) (339.197,456.033,39.5358) (343.981,462.161,51.0965)
  f[0][1] pts=5 (343.981,462.161,51.0965) (353.151,442.203,57.8815) (348.367,436.075,46.3209) (339.197,456.033,39.5358) (343.981,462.161,51.0965)
  m[1][0] pts=5 (364.592,421.667,30.4559) (343.583,429.947,34.7602) (348.367,436.075,46.3209) (369.376,427.795,42.0166) (364.592,421.667,30.4559)
  m[1][1] pts=5 (364.592,421.667,30.4559) (343.583,429.947,34.7602) (348.367,436.075,46.3209) (369.376,427.795,42.0166) (364.592,421.667,30.4559)
  f[1][0] pts=5 (364.99,453.881,46.7922) (374.159,433.923,53.5773) (369.376,427.795,42.0166) (360.206,447.753,35.2315) (364.99,453.881,46.7922)
  f[1][1] pts=5 (364.99,453.881,46.7922) (374.159,433.923,53.5773) (369.376,427.795,42.0166) (360.206,447.753,35.2315) (364.99,453.881,46.7922)
joint 155 type=30 v0=82 v1=91 f0_0=3 f1_0=5 name=cr_c_ip_0 orient=1 div=1 shift=0.5
  jv[0] pts=5 (128.08,503.636,61.3173) (148.569,498.32,61.437) (141.684,515.925,51.9117) (121.195,521.242,51.792) (128.08,503.636,61.3173)
  jv[1] pts=5 (130.045,511.503,74.4388) (150.534,506.187,74.5585) (143.649,523.793,65.0332) (123.159,529.109,64.9135) (130.045,511.503,74.4388)
  m[0][0] pts=5 (140.702,511.992,45.351) (120.212,517.308,45.2313) (122.177,525.175,58.3528) (142.666,519.859,58.4725) (140.702,511.992,45.351)
  m[0][1] pts=5 (140.702,511.992,45.351) (120.212,517.308,45.2313) (122.177,525.175,58.3528) (142.666,519.859,58.4725) (140.702,511.992,45.351)
  f[0][0] pts=5 (124.142,533.043,71.4743) (131.027,515.437,80.9996) (129.062,507.57,67.878) (122.177,525.175,58.3528) (124.142,533.043,71.4743)
  f[0][1] pts=5 (124.142,533.043,71.4743) (131.027,515.437,80.9996) (129.062,507.57,67.878) (122.177,525.175,58.3528) (124.142,533.043,71.4743)
  m[1][0] pts=5 (147.587,494.386,54.8762) (127.098,499.702,54.7565) (129.062,507.57,67.878) (149.552,502.253,67.9977) (147.587,494.386,54.8762)
  m[1][1] pts=5 (147.587,494.386,54.8762) (127.098,499.702,54.7565) (129.062,507.57,67.878) (149.552,502.253,67.9977) (147.587,494.386,54.8762)
  f[1][0] pts=5 (144.631,527.727,71.594) (151.516,510.121,81.1193) (149.552,502.253,67.9977) (142.666,519.859,58.4725) (144.631,527.727,71.594)
  f[1][1] pts=5 (144.631,527.727,71.594) (151.516,510.121,81.1193) (149.552,502.253,67.9977) (142.666,519.859,58.4725) (144.631,527.727,71.594)
joint 156 type=30 v0=82 v1=92 f0_0=5 f1_0=3 name=cr_c_ip_0 orient=1 div=1 shift=0.5
  jv[0] pts=5 (297.003,460.101,62.7639) (278.434,466.69,65.4283) (290.218,478.699,54.8343) (308.787,472.11,52.1699) (297.003,460.101,62.7639)
  jv[1] pts=5 (292.575,452.91,49.6873) (274.006,459.5,52.3517) (285.79,471.509,41.7577) (304.359,464.919,39.0933) (292.575,452.91,49.6873)
  m[0][0] pts=5 (292.432,482.295,61.3726) (311.001,475.705,58.7082) (306.573,468.514,45.6316) (288.004,475.104,48.296) (292.432,482.295,61.3726)
  m[0][1] pts=5 (292.432,482.295,61.3726) (311.001,475.705,58.7082) (306.573,468.514,45.6316) (288.004,475.104,48.296) (292.432,482.295,61.3726)
  f[0][0] pts=5 (302.145,461.324,32.555) (290.36,449.315,43.149) (294.789,456.505,56.2256) (306.573,468.514,45.6316) (302.145,461.324,32.555)
  f[0][1] pts=5 (302.145,461.324,32.555) (290.36,449.315,43.149) (294.789,456.505,56.2256) (306.573,468.514,45.6316) (302.145,461.324,32.555)
  m[1][0] pts=5 (280.648,470.286,71.9666) (299.217,463.696,69.3022) (294.789,456.505,56.2256) (276.22,463.095,58.89) (280.648,470.286,71.9666)
  m[1][1] pts=5 (280.648,470.286,71.9666) (299.217,463.696,69.3022) (294.789,456.505,56.2256) (276.22,463.095,58.89) (280.648,470.286,71.9666)
  f[1][0] pts=5 (283.576,467.914,35.2195) (271.792,455.905,45.8134) (276.22,463.095,58.89) (288.004,475.104,48.296) (283.576,467.914,35.2195)
  f[1][1] pts=5 (283.576,467.914,35.2195) (271.792,455.905,45.8134) (276.22,463.095,58.89) (288.004,475.104,48.296) (283.576,467.914,35.2195)
joint 157 type=30 v0=83 v1=92 f0_0=3 f1_0=5 name=cr_c_ip_0 orient=1 div=1 shift=0.5
  jv[0] pts=5 (321.835,482.376,21.1381) (313.398,499.205,14.1517) (324.963,510.799,2.53043) (333.4,493.969,9.51687) (321.835,482.376,21.1381)
  jv[1] pts=5 (327.128,490.637,34.6476) (318.691,507.467,27.6611) (330.256,519.06,16.0398) (338.693,502.231,23.0263) (327.128,490.637,34.6476)
  m[0][0] pts=5 (322.317,506.668,-4.22428) (330.754,489.838,2.76216) (336.047,498.1,16.2716) (327.61,514.929,9.28514) (322.317,506.668,-4.22428)
  m[0][1] pts=5 (322.317,506.668,-4.22428) (330.754,489.838,2.76216) (336.047,498.1,16.2716) (327.61,514.929,9.28514) (322.317,506.668,-4.22428)
  f[0][0] pts=5 (341.339,506.362,29.781) (329.774,494.768,41.4023) (324.481,486.507,27.8929) (336.047,498.1,16.2716) (341.339,506.362,29.781)
  f[0][1] pts=5 (341.339,506.362,29.781) (329.774,494.768,41.4023) (324.481,486.507,27.8929) (336.047,498.1,16.2716) (341.339,506.362,29.781)
  m[1][0] pts=5 (310.751,495.074,7.39699) (319.188,478.245,14.3834) (324.481,486.507,27.8929) (316.044,503.336,20.9064) (310.751,495.074,7.39699)
  m[1][1] pts=5 (310.751,495.074,7.39699) (319.188,478.245,14.3834) (324.481,486.507,27.8929) (316.044,503.336,20.9064) (310.751,495.074,7.39699)
  f[1][0] pts=5 (332.902,523.191,22.7946) (321.337,511.598,34.4158) (316.044,503.336,20.9064) (327.61,514.929,9.28514) (332.902,523.191,22.7946)
  f[1][1] pts=5 (332.902,523.191,22.7946) (321.337,511.598,34.4158) (316.044,503.336,20.9064) (327.61,514.929,9.28514) (332.902,523.191,22.7946)
joint 158 type=30 v0=84 v1=94 f0_0=5 f1_0=3 name=cr_c_ip_0 orient=1 div=1 shift=0.5
  jv[0] pts=5 (597.247,370.902,-60.4875) (606.517,382.505,-74.1203) (598.443,400.648,-77.5928) (589.173,389.045,-63.96) (597.247,370.902,-60.4875)
  jv[1] pts=5 (590.046,365.954,-69.5956) (599.316,377.557,-83.2284) (591.242,395.7,-86.7009) (581.972,384.097,-73.0681) (590.046,365.954,-69.5956)
  m[0][0] pts=5 (602.044,403.122,-73.0388) (592.774,391.519,-59.406) (585.573,386.571,-68.5141) (594.842,398.174,-82.1468) (602.044,403.122,-73.0388)
  m[0][1] pts=5 (602.044,403.122,-73.0388) (592.774,391.519,-59.406) (585.573,386.571,-68.5141) (594.842,398.174,-82.1468) (602.044,403.122,-73.0388)
  f[0][0] pts=5 (578.371,381.623,-77.6221) (586.445,363.48,-74.1496) (593.647,368.428,-65.0416) (585.573,386.571,-68.5141) (578.371,381.623,-77.6221)
  f[0][1] pts=5 (578.371,381.623,-77.6221) (586.445,363.48,-74.1496) (593.647,368.428,-65.0416) (585.573,386.571,-68.5141) (578.371,381.623,-77.6221)
  m[1][0] pts=5 (610.118,384.979,-69.5663) (600.848,373.377,-55.9335) (593.647,368.428,-65.0416) (602.916,380.031,-78.6743) (610.118,384.979,-69.5663)
  m[1][1] pts=5 (610.118,384.979,-69.5663) (600.848,373.377,-55.9335) (593.647,368.428,-65.0416) (602.916,380.031,-78.6743) (610.118,384.979,-69.5663)
  f[1][0] pts=5 (587.641,393.225,-91.2549) (595.715,375.083,-87.7824) (602.916,380.031,-78.6743) (594.842,398.174,-82.1468) (587.641,393.225,-91.2549)
  f[1][1] pts=5 (587.641,393.225,-91.2549) (595.715,375.083,-87.7824) (602.916,380.031,-78.6743) (594.842,398.174,-82.1468) (587.641,393.225,-91.2549)
joint 159 type=30 v0=85 v1=94 f0_0=3 f1_0=5 name=cr_c_ip_0 orient=1 div=1 shift=0.5
  jv[0] pts=5 (561.889,422.123,-83.7253) (581.66,411.989,-92.3122) (571.176,432.705,-97.6293) (551.405,442.839,-89.0424) (561.889,422.123,-83.7253)
  jv[1] pts=5 (571.54,430.249,-71.0936) (591.312,420.115,-79.6805) (580.828,440.831,-84.9976) (561.056,450.965,-76.4107) (571.54,430.249,-71.0936)
  m[0][0] pts=5 (566.351,428.641,-103.945) (546.579,438.775,-95.3583) (556.231,446.902,-82.7266) (576.002,436.768,-91.3135) (566.351,428.641,-103.945)
  m[0][1] pts=5 (566.351,428.641,-103.945) (546.579,438.775,-95.3583) (556.231,446.902,-82.7266) (576.002,436.768,-91.3135) (566.351,428.641,-103.945)
  f[0][0] pts=5 (565.882,455.028,-70.0949) (576.366,434.312,-64.7777) (566.715,426.186,-77.4095) (556.231,446.902,-82.7266) (565.882,455.028,-70.0949)
  f[0][1] pts=5 (565.882,455.028,-70.0949) (576.366,434.312,-64.7777) (566.715,426.186,-77.4095) (556.231,446.902,-82.7266) (565.882,455.028,-70.0949)
  m[1][0] pts=5 (576.835,407.925,-98.6281) (557.063,418.059,-90.0412) (566.715,426.186,-77.4095) (586.486,416.052,-85.9964) (576.835,407.925,-98.6281)
  m[1][1] pts=5 (576.835,407.925,-98.6281) (557.063,418.059,-90.0412) (566.715,426.186,-77.4095) (586.486,416.052,-85.9964) (576.835,407.925,-98.6281)
  f[1][0] pts=5 (585.653,444.894,-78.6817) (596.137,424.178,-73.3646) (586.486,416.052,-85.9964) (576.002,436.768,-91.3135) (585.653,444.894,-78.6817)
  f[1][1] pts=5 (585.653,444.894,-78.6817) (596.137,424.178,-73.3646) (586.486,416.052,-85.9964) (576.002,436.768,-91.3135) (585.653,444.894,-78.6817)
joint 160 type=30 v0=86 v1=87 f0_0=3 f1_0=5 name=cr_c_ip_0 orient=1 div=1 shift=0.5
  jv[0] pts=5 (-452.44,538.171,-88.3122) (-432.04,554.426,-87.5181) (-454.484,552.904,-100.746) (-474.885,536.649,-101.54) (-452.44,538.171,-88.3122)
  jv[1] pts=5 (-460.551,547.732,-75.6496) (-440.151,563.987,-74.8555) (-462.595,562.465,-88.0834) (-482.996,546.21,-88.8775) (-460.551,547.732,-75.6496)
  m[0][0] pts=5 (-450.429,548.124,-107.077) (-470.829,531.869,-107.871) (-478.94,541.43,-95.2088) (-458.54,557.685,-94.4147) (-450.429,548.124,-107.077)
  m[0][1] pts=5 (-450.429,548.124,-107.077) (-470.829,531.869,-107.871) (-478.94,541.43,-95.2088) (-458.54,557.685,-94.4147) (-450.429,548.124,-107.077)
  f[0][0] pts=5 (-487.051,550.991,-82.5462) (-464.607,552.512,-69.3182) (-456.496,542.951,-81.9809) (-478.94,541.43,-95.2088) (-487.051,550.991,-82.5462)
  f[0][1] pts=5 (-487.051,550.991,-82.5462) (-464.607,552.512,-69.3182) (-456.496,542.951,-81.9809) (-478.94,541.43,-95.2088) (-487.051,550.991,-82.5462)
  m[1][0] pts=5 (-427.984,549.645,-93.8495) (-448.385,533.39,-94.6435) (-456.496,542.951,-81.9809) (-436.095,559.206,-81.1868) (-427.984,549.645,-93.8495)
  m[1][1] pts=5 (-427.984,549.645,-93.8495) (-448.385,533.39,-94.6435) (-456.496,542.951,-81.9809) (-436.095,559.206,-81.1868) (-427.984,549.645,-93.8495)
  f[1][0] pts=5 (-466.651,567.246,-81.7521) (-444.206,568.767,-68.5242) (-436.095,559.206,-81.1868) (-458.54,557.685,-94.4147) (-466.651,567.246,-81.7521)
  f[1][1] pts=5 (-466.651,567.246,-81.7521) (-444.206,568.767,-68.5242) (-436.095,559.206,-81.1868) (-458.54,557.685,-94.4147) (-466.651,567.246,-81.7521)
joint 161 type=30 v0=86 v1=95 f0_0=5 f1_0=3 name=cr_c_ip_0 orient=1 div=1 shift=0.5
  jv[0] pts=5 (-520.827,496.076,-80.9347) (-505.743,509.221,-79.4352) (-506.752,525.277,-91.4258) (-521.836,512.132,-92.9253) (-520.827,496.076,-80.9347)
  jv[1] pts=5 (-514.169,489.504,-90.2956) (-499.085,502.649,-88.7961) (-500.094,518.704,-100.787) (-515.178,505.559,-102.286) (-514.169,489.504,-90.2956)
  m[0][0] pts=5 (-510.081,528.563,-86.7453) (-525.165,515.418,-88.2448) (-518.507,508.845,-97.6057) (-503.423,521.991,-96.1062) (-510.081,528.563,-86.7453)
  m[0][1] pts=5 (-510.081,528.563,-86.7453) (-525.165,515.418,-88.2448) (-518.507,508.845,-97.6057) (-503.423,521.991,-96.1062) (-510.081,528.563,-86.7453)
  f[0][0] pts=5 (-511.849,502.273,-106.967) (-510.84,486.218,-94.9761) (-517.498,492.79,-85.6152) (-518.507,508.845,-97.6057) (-511.849,502.273,-106.967)
  f[0][1] pts=5 (-511.849,502.273,-106.967) (-510.84,486.218,-94.9761) (-517.498,492.79,-85.6152) (-518.507,508.845,-97.6057) (-511.849,502.273,-106.967)
  m[1][0] pts=5 (-509.072,512.508,-74.7548) (-524.156,499.362,-76.2543) (-517.498,492.79,-85.6152) (-502.414,505.935,-84.1157) (-509.072,512.508,-74.7548)
  m[1][1] pts=5 (-509.072,512.508,-74.7548) (-524.156,499.362,-76.2543) (-517.498,492.79,-85.6152) (-502.414,505.935,-84.1157) (-509.072,512.508,-74.7548)
  f[1][0] pts=5 (-496.765,515.418,-105.467) (-495.756,499.363,-93.4765) (-502.414,505.935,-84.1157) (-503.423,521.991,-96.1062) (-496.765,515.418,-105.467)
  f[1][1] pts=5 (-496.765,515.418,-105.467) (-495.756,499.363,-93.4765) (-502.414,505.935,-84.1157) (-503.423,521.991,-96.1062) (-496.765,515.418,-105.467)
joint 162 type=30 v0=87 v1=95 f0_0=3 f1_0=5 name=cr_c_ip_0 orient=1 div=1 shift=0.5
  jv[0] pts=5 (-524.135,534.203,-125.31) (-507.634,529.734,-122.849) (-503.175,544.436,-134.642) (-524.853,549.063,-136.901) (-524.135,534.203,-125.31)
  jv[1] pts=5 (-522.905,549.499,-105.777) (-506.405,545.03,-103.316) (-501.946,559.731,-115.109) (-523.623,564.358,-117.368) (-522.905,549.499,-105.777)
  m[0][0] pts=5 (-508.968,536.946,-144.206) (-525.468,541.415,-146.667) (-524.238,556.711,-127.134) (-507.738,552.242,-124.674) (-508.968,536.946,-144.206)
  m[0][1] pts=5 (-508.968,536.946,-144.206) (-525.468,541.415,-146.667) (-524.238,556.711,-127.134) (-507.738,552.242,-124.674) (-508.968,536.946,-144.206)
  f[0][0] pts=5 (-523.009,572.006,-107.602) (-522.29,557.147,-96.0109) (-523.52,541.851,-115.544) (-524.238,556.711,-127.134) (-523.009,572.006,-107.602)
  f[0][1] pts=5 (-523.009,572.006,-107.602) (-522.29,557.147,-96.0109) (-523.52,541.851,-115.544) (-524.238,556.711,-127.134) (-523.009,572.006,-107.602)
  m[1][0] pts=5 (-508.249,522.087,-132.616) (-524.749,526.556,-135.076) (-523.52,541.851,-115.544) (-507.02,537.382,-113.083) (-508.249,522.087,-132.616)
  m[1][1] pts=5 (-508.249,522.087,-132.616) (-524.749,526.556,-135.076) (-523.52,541.851,-115.544) (-507.02,537.382,-113.083) (-508.249,522.087,-132.616)
  f[1][0] pts=5 (-506.508,567.537,-105.141) (-505.79,552.678,-93.5501) (-507.02,537.382,-113.083) (-507.738,552.242,-124.674) (-506.508,567.537,-105.141)
  f[1][1] pts=5 (-506.508,567.537,-105.141) (-505.79,552.678,-93.5501) (-507.02,537.382,-113.083) (-507.738,552.242,-124.674) (-506.508,567.537,-105.141)
joint 163 type=30 v0=87 v1=88 f0_0=3 f1_0=5 name=cr_c_ip_0 orient=1 div=1 shift=0.5
  jv[0] pts=5 (-357.091,543.467,-34.1275) (-339.384,543.367,-25.9341) (-342.066,558.559,-37.8791) (-359.773,558.659,-46.0725) (-357.091,543.467,-34.1275)
  jv[1] pts=5 (-362.896,552.392,-21.4731) (-345.189,552.292,-13.2797) (-347.872,567.484,-25.2247) (-365.578,567.584,-33.4181) (-362.896,552.392,-21.4731)
  m[0][0] pts=5 (-339.164,554.097,-44.2063) (-356.871,554.197,-52.3997) (-362.676,563.122,-39.7453) (-344.969,563.022,-31.5519) (-339.164,554.097,-44.2063)
  m[0][1] pts=5 (-339.164,554.097,-44.2063) (-356.871,554.197,-52.3997) (-362.676,563.122,-39.7453) (-344.969,563.022,-31.5519) (-339.164,554.097,-44.2063)
  f[0][0] pts=5 (-368.481,572.046,-27.0909) (-365.799,556.854,-15.1459) (-359.993,547.93,-27.8003) (-362.676,563.122,-39.7453) (-368.481,572.046,-27.0909)
  f[0][1] pts=5 (-368.481,572.046,-27.0909) (-365.799,556.854,-15.1459) (-359.993,547.93,-27.8003) (-362.676,563.122,-39.7453) (-368.481,572.046,-27.0909)
  m[1][0] pts=5 (-336.481,538.905,-32.2614) (-354.188,539.005,-40.4547) (-359.993,547.93,-27.8003) (-342.287,547.83,-19.6069) (-336.481,538.905,-32.2614)
  m[1][1] pts=5 (-336.481,538.905,-32.2614) (-354.188,539.005,-40.4547) (-359.993,547.93,-27.8003) (-342.287,547.83,-19.6069) (-336.481,538.905,-32.2614)
  f[1][0] pts=5 (-350.774,571.947,-18.8975) (-348.092,556.755,-6.95251) (-342.287,547.83,-19.6069) (-344.969,563.022,-31.5519) (-350.774,571.947,-18.8975)
  f[1][1] pts=5 (-350.774,571.947,-18.8975) (-348.092,556.755,-6.95251) (-342.287,547.83,-19.6069) (-344.969,563.022,-31.5519) (-350.774,571.947,-18.8975)
joint 164 type=30 v0=87 v1=96 f0_0=5 f1_0=3 name=cr_c_ip_0 orient=1 div=1 shift=0.5
  jv[0] pts=5 (-404.79,556.363,-38.4038) (-429.634,562.129,-40.1949) (-409.445,572.456,-49.7266) (-391.418,567.008,-47.5016) (-404.79,556.363,-38.4038)
  jv[1] pts=5 (-407.316,537.452,-64.2437) (-432.16,543.217,-66.0348) (-411.97,553.545,-75.5665) (-393.944,548.097,-73.3415) (-407.316,537.452,-64.2437)
  m[0][0] pts=5 (-414.999,582.229,-36.3727) (-390.155,576.464,-34.5816) (-392.681,557.553,-60.4215) (-417.525,563.318,-62.2126) (-414.999,582.229,-36.3727)
  m[0][1] pts=5 (-414.999,582.229,-36.3727) (-390.155,576.464,-34.5816) (-392.681,557.553,-60.4215) (-417.525,563.318,-62.2126) (-414.999,582.229,-36.3727)
  f[0][0] pts=5 (-395.207,538.641,-86.2614) (-408.579,527.996,-77.1636) (-406.053,546.908,-51.3237) (-392.681,557.553,-60.4215) (-395.207,538.641,-86.2614)
  f[0][1] pts=5 (-395.207,538.641,-86.2614) (-408.579,527.996,-77.1636) (-406.053,546.908,-51.3237) (-392.681,557.553,-60.4215) (-395.207,538.641,-86.2614)
  m[1][0] pts=5 (-428.372,571.585,-27.2749) (-403.527,565.819,-25.4838) (-406.053,546.908,-51.3237) (-430.897,552.673,-53.1148) (-428.372,571.585,-27.2749)
  m[1][1] pts=5 (-428.372,571.585,-27.2749) (-403.527,565.819,-25.4838) (-406.053,546.908,-51.3237) (-430.897,552.673,-53.1148) (-428.372,571.585,-27.2749)
  f[1][0] pts=5 (-420.051,544.406,-88.0525) (-433.423,533.762,-78.9547) (-430.897,552.673,-53.1148) (-417.525,563.318,-62.2126) (-420.051,544.406,-88.0525)
  f[1][1] pts=5 (-420.051,544.406,-88.0525) (-433.423,533.762,-78.9547) (-430.897,552.673,-53.1148) (-417.525,563.318,-62.2126) (-420.051,544.406,-88.0525)
joint 165 type=30 v0=88 v1=96 f0_0=3 f1_0=5 name=cr_c_ip_0 orient=1 div=1 shift=0.5
  jv[0] pts=5 (-363.466,580.009,-63.2148) (-365.882,595.493,-76.8672) (-350.418,608.996,-80.1083) (-348.002,593.512,-66.4559) (-363.466,580.009,-63.2148)
  jv[1] pts=5 (-368.11,587.587,-53.7987) (-370.526,603.071,-67.4511) (-355.062,616.574,-70.6922) (-352.646,601.09,-57.0398) (-368.11,587.587,-53.7987)
  m[0][0] pts=5 (-348.097,605.207,-84.8164) (-345.681,589.723,-71.1639) (-350.324,597.301,-61.7478) (-352.74,612.785,-75.4003) (-348.097,605.207,-84.8164)
  m[0][1] pts=5 (-348.097,605.207,-84.8164) (-345.681,589.723,-71.1639) (-350.324,597.301,-61.7478) (-352.74,612.785,-75.4003) (-348.097,605.207,-84.8164)
  f[0][0] pts=5 (-354.968,604.879,-52.3317) (-370.432,591.376,-49.0906) (-365.788,583.798,-58.5067) (-350.324,597.301,-61.7478) (-354.968,604.879,-52.3317)
  f[0][1] pts=5 (-354.968,604.879,-52.3317) (-370.432,591.376,-49.0906) (-365.788,583.798,-58.5067) (-350.324,597.301,-61.7478) (-354.968,604.879,-52.3317)
  m[1][0] pts=5 (-363.561,591.704,-81.5753) (-361.145,576.22,-67.9228) (-365.788,583.798,-58.5067) (-368.204,599.282,-72.1592) (-363.561,591.704,-81.5753)
  m[1][1] pts=5 (-363.561,591.704,-81.5753) (-361.145,576.22,-67.9228) (-365.788,583.798,-58.5067) (-368.204,599.282,-72.1592) (-363.561,591.704,-81.5753)
  f[1][0] pts=5 (-357.384,620.363,-65.9842) (-372.848,606.86,-62.743) (-368.204,599.282,-72.1592) (-352.74,612.785,-75.4003) (-357.384,620.363,-65.9842)
  f[1][1] pts=5 (-357.384,620.363,-65.9842) (-372.848,606.86,-62.743) (-368.204,599.282,-72.1592) (-352.74,612.785,-75.4003) (-357.384,620.363,-65.9842)
joint 166 type=30 v0=89 v1=90 f0_0=3 f1_0=5 name=cr_c_ip_0 orient=1 div=1 shift=0.5
  jv[0] pts=5 (-34.0907,604.636,3.32386) (-18.2059,616.593,-5.10671) (-39.1619,620.287,-8.78948) (-55.0467,608.33,-0.358918) (-34.0907,604.636,3.32386)
  jv[1] pts=5 (-34.5791,613.545,15.0384) (-18.6943,625.502,6.60788) (-39.6503,629.196,2.9251) (-55.5351,617.239,11.3557) (-34.5791,613.545,15.0384)
  m[0][0] pts=5 (-38.9177,615.832,-14.6468) (-54.8025,603.876,-6.21621) (-55.2909,612.784,5.49837) (-39.4061,624.741,-2.93219) (-38.9177,615.832,-14.6468)
  m[0][1] pts=5 (-38.9177,615.832,-14.6468) (-54.8025,603.876,-6.21621) (-55.2909,612.784,5.49837) (-39.4061,624.741,-2.93219) (-38.9177,615.832,-14.6468)
  f[0][0] pts=5 (-55.7792,621.693,17.213) (-34.8232,617.999,20.8957) (-34.3349,609.091,9.18115) (-55.2909,612.784,5.49837) (-55.7792,621.693,17.213)
  f[0][1] pts=5 (-55.7792,621.693,17.213) (-34.8232,617.999,20.8957) (-34.3349,609.091,9.18115) (-55.2909,612.784,5.49837) (-55.7792,621.693,17.213)
  m[1][0] pts=5 (-17.9617,612.139,-10.964) (-33.8465,600.182,-2.53344) (-34.3349,609.091,9.18115) (-18.4501,621.047,0.750587) (-17.9617,612.139,-10.964)
  m[1][1] pts=5 (-17.9617,612.139,-10.964) (-33.8465,600.182,-2.53344) (-34.3349,609.091,9.18115) (-18.4501,621.047,0.750587) (-17.9617,612.139,-10.964)
  f[1][0] pts=5 (-39.8945,633.65,8.7824) (-18.9385,629.956,12.4652) (-18.4501,621.047,0.750587) (-39.4061,624.741,-2.93219) (-39.8945,633.65,8.7824)
  f[1][1] pts=5 (-39.8945,633.65,8.7824) (-18.9385,629.956,12.4652) (-18.4501,621.047,0.750587) (-39.4061,624.741,-2.93219) (-39.8945,633.65,8.7824)
joint 167 type=30 v0=89 v1=97 f0_0=5 f1_0=3 name=cr_c_ip_0 orient=1 div=1 shift=0.5
  jv[0] pts=5 (-90.9983,569.313,42.8034) (-75.9074,581.641,35.9904) (-80.699,597.976,24.3143) (-95.79,585.648,31.1273) (-90.9983,569.313,42.8034)
  jv[1] pts=5 (-89.4751,559.569,28.546) (-74.3841,571.897,21.7329) (-79.1758,588.232,10.0568) (-94.2668,575.904,16.8699) (-89.4751,559.569,28.546)
  m[0][0] pts=5 (-81.4607,602.848,31.443) (-96.5516,590.52,38.256) (-95.0284,580.776,23.9986) (-79.9374,593.104,17.1856) (-81.4607,602.848,31.443)
  m[0][1] pts=5 (-81.4607,602.848,31.443) (-96.5516,590.52,38.256) (-95.0284,580.776,23.9986) (-79.9374,593.104,17.1856) (-81.4607,602.848,31.443)
  f[0][0] pts=5 (-93.5051,571.032,9.74118) (-88.7135,554.697,21.4173) (-90.2367,564.441,35.6747) (-95.0284,580.776,23.9986) (-93.5051,571.032,9.74118)
  f[0][1] pts=5 (-93.5051,571.032,9.74118) (-88.7135,554.697,21.4173) (-90.2367,564.441,35.6747) (-95.0284,580.776,23.9986) (-93.5051,571.032,9.74118)
  m[1][0] pts=5 (-76.669,586.513,43.1191) (-91.76,574.185,49.9321) (-90.2367,564.441,35.6747) (-75.1458,576.769,28.8616) (-76.669,586.513,43.1191)
  m[1][1] pts=5 (-76.669,586.513,43.1191) (-91.76,574.185,49.9321) (-90.2367,564.441,35.6747) (-75.1458,576.769,28.8616) (-76.669,586.513,43.1191)
  f[1][0] pts=5 (-78.4142,583.36,2.92814) (-73.6225,567.025,14.6042) (-75.1458,576.769,28.8616) (-79.9374,593.104,17.1856) (-78.4142,583.36,2.92814)
  f[1][1] pts=5 (-78.4142,583.36,2.92814) (-73.6225,567.025,14.6042) (-75.1458,576.769,28.8616) (-79.9374,593.104,17.1856) (-78.4142,583.36,2.92814)
joint 168 type=30 v0=90 v1=91 f0_0=3 f1_0=5 name=cr_c_ip_0 orient=1 div=1 shift=0.5
  jv[0] pts=5 (98.9672,575.229,18.7447) (119.828,569.772,20.0299) (112.602,586.786,8.8541) (91.7415,592.243,7.56888) (98.9672,575.229,18.7447)
  jv[1] pts=5 (100.518,584.1,31.2478) (121.378,578.643,32.533) (114.152,595.657,21.3572) (93.2918,601.114,20.072) (100.518,584.1,31.2478)
  m[0][0] pts=5 (111.827,582.351,2.60256) (90.9663,587.808,1.31735) (92.5167,596.679,13.8204) (113.377,591.222,15.1056) (111.827,582.351,2.60256)
  m[0][1] pts=5 (111.827,582.351,2.60256) (90.9663,587.808,1.31735) (92.5167,596.679,13.8204) (113.377,591.222,15.1056) (111.827,582.351,2.60256)
  f[0][0] pts=5 (94.067,605.55,26.3235) (101.293,588.536,37.4993) (99.7424,579.665,24.9962) (92.5167,596.679,13.8204) (94.067,605.55,26.3235)
  f[0][1] pts=5 (94.067,605.55,26.3235) (101.293,588.536,37.4993) (99.7424,579.665,24.9962) (92.5167,596.679,13.8204) (94.067,605.55,26.3235)
  m[1][0] pts=5 (119.053,565.336,13.7784) (98.1921,570.794,12.4932) (99.7424,579.665,24.9962) (120.603,574.207,26.2814) (119.053,565.336,13.7784)
  m[1][1] pts=5 (119.053,565.336,13.7784) (98.1921,570.794,12.4932) (99.7424,579.665,24.9962) (120.603,574.207,26.2814) (119.053,565.336,13.7784)
  f[1][0] pts=5 (114.928,600.093,27.6087) (122.153,583.078,38.7845) (120.603,574.207,26.2814) (113.377,591.222,15.1056) (114.928,600.093,27.6087)
  f[1][1] pts=5 (114.928,600.093,27.6087) (122.153,583.078,38.7845) (120.603,574.207,26.2814) (113.377,591.222,15.1056) (114.928,600.093,27.6087)
joint 169 type=30 v0=90 v1=98 f0_0=5 f1_0=3 name=cr_c_ip_0 orient=1 div=1 shift=0.5
  jv[0] pts=5 (47.7756,597.091,26.9207) (28.1778,601.489,24.7378) (41.3841,613.49,15.2638) (60.9819,609.092,17.4466) (47.7756,597.091,26.9207)
  jv[1] pts=5 (47.0851,587.515,13.8279) (27.4873,591.913,11.645) (40.6935,603.913,2.17099) (60.2913,599.516,4.35382) (47.0851,587.515,13.8279)
  m[0][0] pts=5 (41.7293,618.278,21.8102) (61.3271,613.88,23.993) (60.6366,604.304,10.9002) (41.0388,608.701,8.7174) (41.7293,618.278,21.8102)
  m[0][1] pts=5 (41.7293,618.278,21.8102) (61.3271,613.88,23.993) (60.6366,604.304,10.9002) (41.0388,608.701,8.7174) (41.7293,618.278,21.8102)
  f[0][0] pts=5 (59.9461,594.727,-2.19259) (46.7398,582.727,7.28145) (47.4303,592.303,20.3743) (60.6366,604.304,10.9002) (59.9461,594.727,-2.19259)
  f[0][1] pts=5 (59.9461,594.727,-2.19259) (46.7398,582.727,7.28145) (47.4303,592.303,20.3743) (60.6366,604.304,10.9002) (59.9461,594.727,-2.19259)
  m[1][0] pts=5 (28.523,606.277,31.2842) (48.1209,601.88,33.4671) (47.4303,592.303,20.3743) (27.8325,596.701,18.1914) (28.523,606.277,31.2842)
  m[1][1] pts=5 (28.523,606.277,31.2842) (48.1209,601.88,33.4671) (47.4303,592.303,20.3743) (27.8325,596.701,18.1914) (28.523,606.277,31.2842)
  f[1][0] pts=5 (40.3483,599.125,-4.37542) (27.142,587.124,5.09862) (27.8325,596.701,18.1914) (41.0388,608.701,8.7174) (40.3483,599.125,-4.37542)
  f[1][1] pts=5 (40.3483,599.125,-4.37542) (27.142,587.124,5.09862) (27.8325,596.701,18.1914) (41.0388,608.701,8.7174) (40.3483,599.125,-4.37542)
joint 170 type=30 v0=90 v1=97 f0_0=3 f1_0=5 name=cr_c_ip_0 orient=1 div=1 shift=0.5
  jv[0] pts=5 (-105.829,615.092,-12.2118) (-86.3231,612.536,-7.60324) (-90.8781,627.695,-20.1622) (-110.384,630.251,-24.7707) (-105.829,615.092,-12.2118)
  jv[1] pts=5 (-107.387,624.331,-0.496088) (-87.8807,621.775,4.11245) (-92.4357,636.933,-8.44648) (-111.942,639.489,-13.055) (-107.387,624.331,-0.496088)
  m[0][0] pts=5 (-90.0993,623.076,-26.02) (-109.605,625.631,-30.6286) (-111.163,634.87,-18.9129) (-91.6569,632.314,-14.3043) (-90.0993,623.076,-26.02)
  m[0][1] pts=5 (-90.0993,623.076,-26.02) (-109.605,625.631,-30.6286) (-111.163,634.87,-18.9129) (-91.6569,632.314,-14.3043) (-90.0993,623.076,-26.02)
  f[0][0] pts=5 (-112.721,644.108,-7.19718) (-108.166,628.95,5.36176) (-106.608,619.711,-6.35393) (-111.163,634.87,-18.9129) (-112.721,644.108,-7.19718)
  f[0][1] pts=5 (-112.721,644.108,-7.19718) (-108.166,628.95,5.36176) (-106.608,619.711,-6.35393) (-111.163,634.87,-18.9129) (-112.721,644.108,-7.19718)
  m[1][0] pts=5 (-85.5444,607.917,-13.4611) (-105.05,610.473,-18.0696) (-106.608,619.711,-6.35393) (-87.1019,617.156,-1.74539) (-85.5444,607.917,-13.4611)
  m[1][1] pts=5 (-85.5444,607.917,-13.4611) (-105.05,610.473,-18.0696) (-106.608,619.711,-6.35393) (-87.1019,617.156,-1.74539) (-85.5444,607.917,-13.4611)
  f[1][0] pts=5 (-93.2144,641.553,-2.58864) (-88.6595,626.394,9.9703) (-87.1019,617.156,-1.74539) (-91.6569,632.314,-14.3043) (-93.2144,641.553,-2.58864)
  f[1][1] pts=5 (-93.2144,641.553,-2.58864) (-88.6595,626.394,9.9703) (-87.1019,617.156,-1.74539) (-91.6569,632.314,-14.3043) (-93.2144,641.553,-2.58864)
joint 171 type=30 v0=91 v1=98 f0_0=3 f1_0=5 name=cr_c_ip_0 orient=1 div=1 shift=0.5
  jv[0] pts=5 (80.5235,617.574,-10.6571) (73.5018,633.079,-22.3472) (86.927,644.627,-32.9688) (93.9487,629.121,-21.2787) (80.5235,617.574,-10.6571)
  jv[1] pts=5 (81.7479,627.116,1.2644) (74.7262,642.622,-10.4258) (88.1514,654.169,-21.0474) (95.1731,638.663,-9.35721) (81.7479,627.116,1.2644)
  m[0][0] pts=5 (86.3148,639.855,-38.9296) (93.3365,624.35,-27.2394) (94.5609,633.892,-15.3179) (87.5392,649.398,-27.0081) (86.3148,639.855,-38.9296)
  m[0][1] pts=5 (86.3148,639.855,-38.9296) (93.3365,624.35,-27.2394) (94.5609,633.892,-15.3179) (87.5392,649.398,-27.0081) (86.3148,639.855,-38.9296)
  f[0][0] pts=5 (95.7853,643.434,-3.39648) (82.3601,631.887,7.22513) (81.1357,622.345,-4.69632) (94.5609,633.892,-15.3179) (95.7853,643.434,-3.39648)
  f[0][1] pts=5 (95.7853,643.434,-3.39648) (82.3601,631.887,7.22513) (81.1357,622.345,-4.69632) (94.5609,633.892,-15.3179) (95.7853,643.434,-3.39648)
  m[1][0] pts=5 (72.8896,628.308,-28.3079) (79.9113,612.802,-16.6178) (81.1357,622.345,-4.69632) (74.114,637.851,-16.3865) (72.8896,628.308,-28.3079)
  m[1][1] pts=5 (72.8896,628.308,-28.3079) (79.9113,612.802,-16.6178) (81.1357,622.345,-4.69632) (74.114,637.851,-16.3865) (72.8896,628.308,-28.3079)
  f[1][0] pts=5 (88.7636,658.94,-15.0866) (75.3384,647.393,-4.46503) (74.114,637.851,-16.3865) (87.5392,649.398,-27.0081) (88.7636,658.94,-15.0866)
  f[1][1] pts=5 (88.7636,658.94,-15.0866) (75.3384,647.393,-4.46503) (74.114,637.851,-16.3865) (87.5392,649.398,-27.0081) (88.7636,658.94,-15.0866)
joint 172 type=30 v0=92 v1=99 f0_0=5 f1_0=3 name=cr_c_ip_0 orient=1 div=1 shift=0.5
  jv[0] pts=5 (368.822,531.872,-10.8311) (380.198,542.966,-24.2267) (372.32,560.202,-32.7579) (360.945,549.108,-19.3624) (368.822,531.872,-10.8311)
  jv[1] pts=5 (363.114,523.384,-22.7085) (374.489,534.478,-36.104) (366.612,551.714,-44.6353) (355.236,540.62,-31.2397) (363.114,523.384,-22.7085)
  m[0][0] pts=5 (375.175,564.446,-26.8192) (363.799,553.352,-13.4237) (358.091,544.864,-25.301) (369.466,555.958,-38.6966) (375.175,564.446,-26.8192)
  m[0][1] pts=5 (375.175,564.446,-26.8192) (363.799,553.352,-13.4237) (358.091,544.864,-25.301) (369.466,555.958,-38.6966) (375.175,564.446,-26.8192)
  f[0][0] pts=5 (352.382,536.376,-37.1784) (360.259,519.14,-28.6472) (365.968,527.628,-16.7698) (358.091,544.864,-25.301) (352.382,536.376,-37.1784)
  f[0][1] pts=5 (352.382,536.376,-37.1784) (360.259,519.14,-28.6472) (365.968,527.628,-16.7698) (358.091,544.864,-25.301) (352.382,536.376,-37.1784)
  m[1][0] pts=5 (383.052,547.21,-18.288) (371.677,536.115,-4.89248) (365.968,527.628,-16.7698) (377.343,538.722,-30.1654) (383.052,547.21,-18.288)
  m[1][1] pts=5 (383.052,547.21,-18.288) (371.677,536.115,-4.89248) (365.968,527.628,-16.7698) (377.343,538.722,-30.1654) (383.052,547.21,-18.288)
  f[1][0] pts=5 (363.757,547.47,-50.5739) (371.635,530.234,-42.0427) (377.343,538.722,-30.1654) (369.466,555.958,-38.6966) (363.757,547.47,-50.5739)
  f[1][1] pts=5 (363.757,547.47,-50.5739) (371.635,530.234,-42.0427) (377.343,538.722,-30.1654) (369.466,555.958,-38.6966) (363.757,547.47,-50.5739)
joint 173 type=30 v0=92 v1=93 f0_0=3 f1_0=5 name=cr_c_ip_0 orient=1 div=1 shift=0.5
  jv[0] pts=5 (398.657,557.68,-66.9199) (408.904,567.458,-80.3632) (391.368,575.357,-76.9861) (381.121,565.579,-63.5428) (398.657,557.68,-66.9199)
  jv[1] pts=5 (405.592,567.7,-54.3456) (415.839,577.478,-67.7889) (398.303,585.378,-64.4119) (388.056,575.6,-50.9685) (405.592,567.7,-54.3456)
  m[0][0] pts=5 (387.9,570.347,-83.2733) (377.653,560.569,-69.83) (384.588,570.59,-57.2557) (394.835,580.367,-70.699) (387.9,570.347,-83.2733)
  m[0][1] pts=5 (387.9,570.347,-83.2733) (377.653,560.569,-69.83) (384.588,570.59,-57.2557) (394.835,580.367,-70.699) (387.9,570.347,-83.2733)
  f[0][0] pts=5 (391.524,580.61,-44.6814) (409.06,572.71,-48.0585) (402.125,562.69,-60.6328) (384.588,570.59,-57.2557) (391.524,580.61,-44.6814)
  f[0][1] pts=5 (391.524,580.61,-44.6814) (409.06,572.71,-48.0585) (402.125,562.69,-60.6328) (384.588,570.59,-57.2557) (391.524,580.61,-44.6814)
  m[1][0] pts=5 (405.436,562.448,-86.6504) (395.19,552.67,-73.207) (402.125,562.69,-60.6328) (412.372,572.468,-74.0761) (405.436,562.448,-86.6504)
  m[1][1] pts=5 (405.436,562.448,-86.6504) (395.19,552.67,-73.207) (402.125,562.69,-60.6328) (412.372,572.468,-74.0761) (405.436,562.448,-86.6504)
  f[1][0] pts=5 (401.77,590.388,-58.1247) (419.307,582.488,-61.5018) (412.372,572.468,-74.0761) (394.835,580.367,-70.699) (401.77,590.388,-58.1247)
  f[1][1] pts=5 (401.77,590.388,-58.1247) (419.307,582.488,-61.5018) (412.372,572.468,-74.0761) (394.835,580.367,-70.699) (401.77,590.388,-58.1247)
joint 174 type=30 v0=93 v1=99 f0_0=3 f1_0=5 name=cr_c_ip_0 orient=1 div=1 shift=0.5
  jv[0] pts=5 (333.822,586.684,-54.6469) (354.621,578.408,-57.4962) (345.524,596.24,-67.9116) (324.724,604.517,-65.0623) (333.822,586.684,-54.6469)
  jv[1] pts=5 (338.673,595.272,-44.1812) (359.472,586.995,-47.0305) (350.375,604.828,-57.4459) (329.575,613.104,-54.5966) (338.673,595.272,-44.1812)
  m[0][0] pts=5 (343.099,591.947,-73.1444) (322.299,600.223,-70.2952) (327.15,608.811,-59.8295) (347.949,600.534,-62.6788) (343.099,591.947,-73.1444)
  m[0][1] pts=5 (343.099,591.947,-73.1444) (322.299,600.223,-70.2952) (327.15,608.811,-59.8295) (347.949,600.534,-62.6788) (343.099,591.947,-73.1444)
  f[0][0] pts=5 (332.001,617.398,-49.3638) (341.098,599.565,-38.9484) (336.247,590.978,-49.4141) (327.15,608.811,-59.8295) (332.001,617.398,-49.3638)
  f[0][1] pts=5 (332.001,617.398,-49.3638) (341.098,599.565,-38.9484) (336.247,590.978,-49.4141) (327.15,608.811,-59.8295) (332.001,617.398,-49.3638)
  m[1][0] pts=5 (352.196,574.114,-62.729) (331.396,582.391,-59.8797) (336.247,590.978,-49.4141) (357.047,582.701,-52.2633) (352.196,574.114,-62.729)
  m[1][1] pts=5 (352.196,574.114,-62.729) (331.396,582.391,-59.8797) (336.247,590.978,-49.4141) (357.047,582.701,-52.2633) (352.196,574.114,-62.729)
  f[1][0] pts=5 (352.8,609.121,-52.2131) (361.898,591.289,-41.7976) (357.047,582.701,-52.2633) (347.949,600.534,-62.6788) (352.8,609.121,-52.2131)
  f[1][1] pts=5 (352.8,609.121,-52.2131) (361.898,591.289,-41.7976) (357.047,582.701,-52.2633) (347.949,600.534,-62.6788) (352.8,609.121,-52.2131)
joint 175 type=30 v0=93 v1=94 f0_0=3 f1_0=5 name=cr_c_ip_0 orient=1 div=1 shift=0.5
  jv[0] pts=5 (527.561,491.029,-100.829) (549.52,478.617,-107.725) (537.039,500.461,-114.857) (515.08,512.873,-107.961) (527.561,491.029,-100.829)
  jv[1] pts=5 (534.317,497.885,-91.655) (556.276,485.473,-98.551) (543.795,507.317,-105.683) (521.836,519.729,-98.7868) (534.317,497.885,-91.655)
  m[0][0] pts=5 (533.661,497.034,-119.444) (511.702,509.445,-112.548) (518.458,516.301,-103.374) (540.417,503.889,-110.27) (533.661,497.034,-119.444)
  m[0][1] pts=5 (533.661,497.034,-119.444) (511.702,509.445,-112.548) (518.458,516.301,-103.374) (540.417,503.889,-110.27) (533.661,497.034,-119.444)
  f[0][0] pts=5 (525.214,523.156,-94.1997) (537.695,501.312,-87.0679) (530.939,494.457,-96.2422) (518.458,516.301,-103.374) (525.214,523.156,-94.1997)
  f[0][1] pts=5 (525.214,523.156,-94.1997) (537.695,501.312,-87.0679) (530.939,494.457,-96.2422) (518.458,516.301,-103.374) (525.214,523.156,-94.1997)
  m[1][0] pts=5 (546.142,475.19,-112.312) (524.183,487.601,-105.416) (530.939,494.457,-96.2422) (552.898,482.045,-103.138) (546.142,475.19,-112.312)
  m[1][1] pts=5 (546.142,475.19,-112.312) (524.183,487.601,-105.416) (530.939,494.457,-96.2422) (552.898,482.045,-103.138) (546.142,475.19,-112.312)
  f[1][0] pts=5 (547.173,510.744,-101.096) (559.654,488.901,-93.9638) (552.898,482.045,-103.138) (540.417,503.889,-110.27) (547.173,510.744,-101.096)
  f[1][1] pts=5 (547.173,510.744,-101.096) (559.654,488.901,-93.9638) (552.898,482.045,-103.138) (540.417,503.889,-110.27) (547.173,510.744,-101.096)
joint 176 type=30 v0=93 v1=100 f0_0=5 f1_0=3 name=cr_c_ip_0 orient=1 div=1 shift=0.5
  jv[0] pts=5 (489.835,524.898,-75.7066) (473.569,533.365,-71.3671) (481.83,543.7,-84.7851) (498.095,535.233,-89.1246) (489.835,524.898,-75.7066)
  jv[1] pts=5 (483.004,517.035,-85.9685) (466.738,525.502,-81.629) (474.999,535.837,-95.0471) (491.264,527.37,-99.3866) (483.004,517.035,-85.9685)
  m[0][0] pts=5 (485.246,547.632,-79.6542) (501.511,539.164,-83.9937) (494.68,531.301,-94.2556) (478.414,539.769,-89.9161) (485.246,547.632,-79.6542)
  m[0][1] pts=5 (485.246,547.632,-79.6542) (501.511,539.164,-83.9937) (494.68,531.301,-94.2556) (478.414,539.769,-89.9161) (485.246,547.632,-79.6542)
  f[0][0] pts=5 (487.849,523.438,-104.518) (479.588,513.103,-91.0995) (486.419,520.966,-80.8376) (494.68,531.301,-94.2556) (487.849,523.438,-104.518)
  f[0][1] pts=5 (487.849,523.438,-104.518) (479.588,513.103,-91.0995) (486.419,520.966,-80.8376) (494.68,531.301,-94.2556) (487.849,523.438,-104.518)
  m[1][0] pts=5 (476.985,537.297,-66.2361) (493.25,528.829,-70.5756) (486.419,520.966,-80.8376) (470.154,529.434,-76.4981) (476.985,537.297,-66.2361)
  m[1][1] pts=5 (476.985,537.297,-66.2361) (493.25,528.829,-70.5756) (486.419,520.966,-80.8376) (470.154,529.434,-76.4981) (476.985,537.297,-66.2361)
  f[1][0] pts=5 (471.583,531.906,-100.178) (463.322,521.571,-86.76) (470.154,529.434,-76.4981) (478.414,539.769,-89.9161) (471.583,531.906,-100.178)
  f[1][1] pts=5 (471.583,531.906,-100.178) (463.322,521.571,-86.76) (470.154,529.434,-76.4981) (478.414,539.769,-89.9161) (471.583,531.906,-100.178)
joint 177 type=30 v0=94 v1=100 f0_0=5 f1_0=3 name=cr_c_ip_0 orient=1 div=1 shift=0.5
  jv[0] pts=5 (507.735,547.332,-106.013) (497.648,563.545,-112.187) (506.093,574.146,-126.986) (516.18,557.933,-120.812) (507.735,547.332,-106.013)
  jv[1] pts=5 (499.22,537.503,-117.914) (489.133,553.715,-124.088) (497.579,564.317,-138.886) (507.666,548.104,-132.713) (499.22,537.503,-117.914)
  m[0][0] pts=5 (510.351,579.06,-121.035) (520.438,562.848,-114.862) (511.923,553.018,-126.762) (501.836,569.231,-132.936) (510.351,579.06,-121.035)
  m[0][1] pts=5 (510.351,579.06,-121.035) (520.438,562.848,-114.862) (511.923,553.018,-126.762) (501.836,569.231,-132.936) (510.351,579.06,-121.035)
  f[0][0] pts=5 (503.408,543.189,-138.663) (494.963,532.588,-123.864) (503.477,542.417,-111.964) (511.923,553.018,-126.762) (503.408,543.189,-138.663)
  f[0][1] pts=5 (503.408,543.189,-138.663) (494.963,532.588,-123.864) (503.477,542.417,-111.964) (511.923,553.018,-126.762) (503.408,543.189,-138.663)
  m[1][0] pts=5 (501.905,568.459,-106.237) (511.992,552.246,-100.063) (503.477,542.417,-111.964) (493.39,558.63,-118.137) (501.905,568.459,-106.237)
  m[1][1] pts=5 (501.905,568.459,-106.237) (511.992,552.246,-100.063) (503.477,542.417,-111.964) (493.39,558.63,-118.137) (501.905,568.459,-106.237)
  f[1][0] pts=5 (493.321,559.402,-144.837) (484.876,548.801,-130.038) (493.39,558.63,-118.137) (501.836,569.231,-132.936) (493.321,559.402,-144.837)
  f[1][1] pts=5 (493.321,559.402,-144.837) (484.876,548.801,-130.038) (493.39,558.63,-118.137) (501.836,569.231,-132.936) (493.321,559.402,-144.837)
