element 0
  poly 0: 4683.09 -1734.76 17.5813 4576.41 -1734.76 140.7 4576.41 -1765.34 164.846 4584.58 -1769.93 159.04 4584.58 -1800.79 183.407 4568.24 -1791.62 195.02 4568.24 -1822.47 219.387 4584.58 -1831.64 207.775 4584.58 -1862.5 232.142 4576.41 -1857.92 237.948 4576.41 -1890.01 263.29 4598.59 -1890.01 237.692 4594.77 -1880.23 234.379 4615.94 -1880.23 209.948 4623.58 -1899.79 216.572 4644.75 -1899.79 192.141 4637.11 -1880.23 185.517 4658.28 -1880.23 161.085 4662.1 -1890.01 164.397 4683.09 -1890.01 140.171 4683.09 -1734.76 17.5813
  poly 1: 4668.32 -1744.87 4.78413 4562.64 -1744.87 126.748 4562.64 -1776.01 151.338 4570.81 -1780.59 145.531 4570.81 -1811.45 169.899 4554.48 -1802.28 181.511 4554.48 -1833.14 205.879 4570.81 -1842.31 194.266 4570.81 -1873.17 218.634 4562.64 -1868.58 224.44 4562.64 -1899.21 248.622 4583.47 -1899.21 224.587 4579.65 -1889.43 221.275 4600.82 -1889.43 196.844 4608.46 -1908.99 203.468 4629.63 -1908.99 179.037 4621.99 -1889.43 172.412 4643.16 -1889.43 147.981 4646.98 -1899.21 151.293 4668.32 -1899.21 126.657 4668.32 -1744.87 4.78413
element 1
  poly 0: 4576.41 -1733.72 139.877 4453.88 -1733.72 249.783 4453.88 -1764.29 273.924 4462.9 -1768.23 268.941 4462.9 -1799.09 293.312 4444.86 -1791.22 303.278 4444.86 -1822.08 327.648 4462.9 -1829.95 317.682 4462.9 -1860.82 342.053 4453.88 -1856.88 347.036 4453.88 -1889.01 372.408 4479.27 -1889.01 349.639 4475.54 -1879.52 345.485 4499.74 -1879.52 323.782 4507.19 -1898.51 332.092 4531.38 -1898.51 310.389 4523.93 -1879.52 302.08 4548.12 -1879.52 280.377 4551.85 -1889.01 284.532 4576.41 -1889.01 262.502 4576.41 -1857.92 237.948 4585.42 -1861.85 232.97 4585.42 -1830.99 208.602 4567.4 -1823.13 218.56 4567.4 -1792.27 194.192 4585.42 -1800.13 184.235 4585.42 -1769.27 159.867 4576.41 -1765.34 164.846 4576.41 -1733.72 139.877
  poly 1: 4562.64 -1744.87 126.748 4442.55 -1744.87 234.47 4442.55 -1776.02 259.07 4451.57 -1779.96 254.087 4451.57 -1810.82 278.457 4433.53 -1802.95 288.424 4433.53 -1833.81 312.794 4451.57 -1841.68 302.828 4451.57 -1872.54 327.198 4442.55 -1868.61 332.181 4442.55 -1899.21 356.343 4466.23 -1899.21 335.104 4462.5 -1889.71 330.95 4486.7 -1889.71 309.247 4494.15 -1908.7 317.556 4518.35 -1908.7 295.854 4510.89 -1889.71 287.544 4535.09 -1889.71 265.842 4538.81 -1899.21 269.997 4562.64 -1899.21 248.622 4562.64 -1868.58 224.44 4571.66 -1872.52 219.461 4571.66 -1841.66 195.094 4553.63 -1833.79 205.051 4553.63 -1802.94 180.684 4571.66 -1810.8 170.726 4571.66 -1779.94 146.359 4562.64 -1776.01 151.338 4562.64 -1744.87 126.748
element 2
  poly 0: 4453.88 -1732.69 248.967 4314.93 -1732.69 337.923 4314.93 -1763.3 362.097 4324.79 -1766.37 358.207 4324.79 -1797.25 382.591 4305.06 -1791.11 390.372 4305.06 -1821.99 414.756 4324.79 -1828.13 406.975 4324.79 -1859.01 431.36 4314.93 -1855.94 435.25 4314.93 -1888.01 460.571 4343.66 -1888.01 442.176 4340.37 -1878.83 437.038 4367.79 -1878.83 419.487 4374.37 -1897.18 429.762 4401.78 -1897.18 412.21 4395.21 -1878.83 401.935 4422.62 -1878.83 384.383 4425.91 -1888.01 389.52 4453.88 -1888.01 371.615 4453.88 -1856.88 347.036 4463.74 -1859.95 343.15 4463.74 -1829.09 318.779 4444.03 -1822.95 326.552 4444.03 -1792.09 302.181 4463.74 -1798.22 294.409 4463.74 -1767.36 270.038 4453.88 -1764.29 273.924 4453.88 -1732.69 248.967
  poly 1: 4442.55 -1744.87 234.47 4306.75 -1744.87 321.403 4306.75 -1776.01 345.997 4316.62 -1779.09 342.106 4316.62 -1809.97 366.491 4296.89 -1803.82 374.271 4296.89 -1834.7 398.655 4316.62 -1840.85 390.875 4316.62 -1871.73 415.259 4306.75 -1868.65 419.149 4306.75 -1899.21 443.276 4333.43 -1899.21 426.198 4330.14 -1890.04 421.06 4357.56 -1890.04 403.508 4364.14 -1908.38 413.784 4391.56 -1908.38 396.232 4384.98 -1890.04 385.956 4412.4 -1890.04 368.404 4415.68 -1899.21 373.542 4442.55 -1899.21 356.343 4442.55 -1868.61 332.181 4452.41 -1871.68 328.295 4452.41 -1840.82 303.925 4432.69 -1834.68 311.697 4432.69 -1803.82 287.327 4452.41 -1809.95 279.554 4452.41 -1779.09 255.184 4442.55 -1776.02 259.07 4442.55 -1744.87 234.47
element 3
  poly 0: 4314.93 -1731.81 337.234 4160.63 -1731.81 396.445 4160.63 -1762.54 420.708 4171.22 -1764.52 418.207 4171.22 -1795.43 442.619 4150.05 -1791.48 447.622 4150.05 -1822.4 472.034 4171.22 -1826.35 467.032 4171.22 -1857.26 491.445 4160.63 -1855.29 493.946 4160.63 -1887.15 519.102 4192.39 -1887.15 506.915 4190.05 -1878.28 500.811 4220.49 -1878.28 489.131 4225.17 -1896.01 501.338 4255.61 -1896.01 489.657 4250.92 -1878.28 477.45 4281.36 -1878.28 465.769 4283.7 -1887.15 471.873 4314.93 -1887.15 459.892 4314.93 -1855.94 435.25 4325.5 -1857.91 432.751 4325.5 -1827.03 408.367 4304.35 -1823.09 413.365 4304.35 -1792.21 388.98 4325.5 -1796.15 383.983 4325.5 -1765.27 359.598 4314.93 -1763.3 362.097 4314.93 -1731.81 337.234
  poly 1: 4306.75 -1744.87 321.403 4156.32 -1744.87 379.132 4156.32 -1775.97 403.694 4166.91 -1777.95 401.193 4166.91 -1808.87 425.606 4145.74 -1804.92 430.608 4145.74 -1835.83 455.021 4166.91 -1839.78 450.019 4166.91 -1870.7 474.431 4156.32 -1868.72 476.933 4156.32 -1899.21 501.005 4185.78 -1899.21 489.699 4183.44 -1890.34 483.595 4213.88 -1890.34 471.915 4218.56 -1908.08 484.122 4249 -1908.08 472.441 4244.32 -1890.34 460.234 4274.76 -1890.34 448.553 4277.1 -1899.21 454.657 4306.75 -1899.21 443.276 4306.75 -1868.65 419.149 4317.33 -1870.63 416.65 4317.33 -1839.75 392.266 4296.18 -1835.8 397.264 4296.18 -1804.92 372.88 4317.33 -1808.87 367.882 4317.33 -1777.99 343.498 4306.75 -1776.01 345.997 4306.75 -1744.87 321.403
element 4
  poly 0: 4160.63 -1731.3 396.041 3996.59 -1731.3 417.013 3996.59 -1762.2 441.412 4007.59 -1762.89 440.546 4007.59 -1793.85 464.999 3985.59 -1792.49 466.732 3985.59 -1823.45 491.185 4007.59 -1824.82 489.452 4007.59 -1855.79 513.906 3996.59 -1855.1 514.772 3996.59 -1886.64 539.671 4030.11 -1886.64 535.385 4029.25 -1877.96 528.646 4061.63 -1877.96 524.507 4063.35 -1895.31 537.985 4095.73 -1895.31 533.846 4094.01 -1877.96 520.367 4126.39 -1877.96 516.228 4127.25 -1886.64 522.967 4160.63 -1886.64 518.699 4160.63 -1855.29 493.946 4171.63 -1855.97 493.08 4171.63 -1825.06 468.667 4149.64 -1823.69 470.399 4149.64 -1792.77 445.986 4171.63 -1794.14 444.255 4171.63 -1763.22 419.842 4160.63 -1762.54 420.708 4160.63 -1731.3 396.041
  poly 1: 4156.32 -1744.87 379.132 3996.59 -1744.87 399.553 3996.59 -1775.9 424.06 4007.59 -1776.59 423.194 4007.59 -1807.56 447.647 3985.59 -1806.19 449.379 3985.59 -1837.15 473.832 4007.59 -1838.52 472.1 4007.59 -1869.49 496.553 3996.59 -1868.81 497.419 3996.59 -1899.21 521.426 4027.82 -1899.21 517.433 4026.96 -1890.53 510.694 4059.34 -1890.53 506.555 4061.06 -1907.88 520.033 4093.44 -1907.88 515.894 4091.71 -1890.53 502.415 4124.09 -1890.53 498.276 4124.95 -1899.21 505.015 4156.32 -1899.21 501.005 4156.32 -1868.72 476.933 4167.32 -1869.41 476.067 4167.32 -1838.49 451.654 4145.33 -1837.12 453.386 4145.33 -1806.21 428.973 4167.32 -1807.57 427.241 4167.32 -1776.66 402.829 4156.32 -1775.97 403.694 4156.32 -1744.87 379.132
element 5
  poly 0: 3996.59 -1731.3 417.013 3832.54 -1731.3 396.041 3832.54 -1762.54 420.708 3843.54 -1761.86 421.574 3843.54 -1792.77 445.986 3821.55 -1794.14 444.255 3821.55 -1825.06 468.667 3843.54 -1823.69 470.399 3843.54 -1854.61 494.812 3832.54 -1855.29 493.946 3832.54 -1886.64 518.699 3865.93 -1886.64 522.967 3866.79 -1877.96 516.228 3899.17 -1877.96 520.367 3897.45 -1895.31 533.846 3929.82 -1895.31 537.985 3931.55 -1877.96 524.507 3963.92 -1877.96 528.646 3963.06 -1886.64 535.385 3996.59 -1886.64 539.671 3996.59 -1855.1 514.772 4007.59 -1854.42 515.638 4007.59 -1823.45 491.185 3985.59 -1824.82 489.452 3985.59 -1793.85 464.999 4007.59 -1792.49 466.732 4007.59 -1761.52 442.279 3996.59 -1762.2 441.412 3996.59 -1731.3 417.013
  poly 1: 3996.59 -1744.87 399.553 3836.85 -1744.87 379.132 3836.85 -1775.97 403.694 3847.85 -1775.29 404.56 3847.85 -1806.21 428.973 3825.86 -1807.57 427.241 3825.86 -1838.49 451.654 3847.85 -1837.12 453.386 3847.85 -1868.04 477.799 3836.85 -1868.72 476.933 3836.85 -1899.21 501.005 3868.22 -1899.21 505.015 3869.09 -1890.53 498.276 3901.46 -1890.53 502.415 3899.74 -1907.88 515.894 3932.12 -1907.88 520.033 3933.84 -1890.53 506.555 3966.22 -1890.53 510.694 3965.36 -1899.21 517.433 3996.59 -1899.21 521.426 3996.59 -1868.81 497.419 4007.59 -1868.12 498.285 4007.59 -1837.15 473.832 3985.59 -1838.52 472.1 3985.59 -1807.56 447.647 4007.59 -1806.19 449.379 4007.59 -1775.22 424.926 3996.59 -1775.9 424.06 3996.59 -1744.87 399.553
element 6
  poly 0: 3832.54 -1731.81 396.445 3678.25 -1731.81 337.234 3678.25 -1763.3 362.097 3688.82 -1761.33 364.596 3688.82 -1792.21 388.98 3667.68 -1796.15 383.983 3667.68 -1827.03 408.367 3688.82 -1823.09 413.365 3688.82 -1853.97 437.749 3678.25 -1855.94 435.25 3678.25 -1887.15 459.892 3709.47 -1887.15 471.873 3711.81 -1878.28 465.769 3742.25 -1878.28 477.45 3737.57 -1896.01 489.657 3768.01 -1896.01 501.338 3772.69 -1878.28 489.131 3803.13 -1878.28 500.811 3800.79 -1887.15 506.915 3832.54 -1887.15 519.102 3832.54 -1855.29 493.946 3843.12 -1853.31 496.447 3843.12 -1822.4 472.034 3821.96 -1826.35 467.032 3821.96 -1795.43 442.619 3843.12 -1791.48 447.622 3843.12 -1760.57 423.209 3832.54 -1762.54 420.708 3832.54 -1731.81 396.445
  poly 1: 3836.85 -1744.87 379.132 3686.42 -1744.87 321.403 3686.42 -1776.01 345.997 3697 -1774.04 348.496 3697 -1804.92 372.88 3675.85 -1808.87 367.882 3675.85 -1839.75 392.266 3697 -1835.8 397.264 3697 -1866.68 421.648 3686.42 -1868.65 419.149 3686.42 -1899.21 443.276 3716.08 -1899.21 454.657 3718.42 -1890.34 448.553 3748.86 -1890.34 460.234 3744.17 -1908.08 472.441 3774.61 -1908.08 484.122 3779.3 -1890.34 471.915 3809.73 -1890.34 483.595 3807.39 -1899.21 489.699 3836.85 -1899.21 501.005 3836.85 -1868.72 476.933 3847.43 -1866.75 479.434 3847.43 -1835.83 455.021 3826.27 -1839.78 450.019 3826.27 -1808.87 425.606 3847.43 -1804.92 430.608 3847.43 -1774 406.196 3836.85 -1775.97 403.694 3836.85 -1744.87 379.132
element 7
  poly 0: 3678.25 -1732.69 337.923 3539.29 -1732.69 248.967 3539.29 -1764.29 273.924 3549.15 -1761.22 277.811 3549.15 -1792.09 302.181 3529.44 -1798.22 294.409 3529.44 -1829.09 318.779 3549.15 -1822.95 326.552 3549.15 -1853.81 350.922 3539.29 -1856.88 347.036 3539.29 -1888.01 371.615 3567.26 -1888.01 389.52 3570.55 -1878.83 384.383 3597.97 -1878.83 401.935 3591.39 -1897.18 412.21 3618.81 -1897.18 429.762 3625.39 -1878.83 419.487 3652.81 -1878.83 437.038 3649.52 -1888.01 442.176 3678.25 -1888.01 460.571 3678.25 -1855.94 435.25 3688.12 -1852.87 439.14 3688.12 -1821.99 414.756 3668.39 -1828.13 406.975 3668.39 -1797.25 382.591 3688.12 -1791.11 390.372 3688.12 -1760.23 365.988 3678.25 -1763.3 362.097 3678.25 -1732.69 337.923
  poly 1: 3686.42 -1744.87 321.403 3550.63 -1744.87 234.47 3550.63 -1776.02 259.07 3560.48 -1772.95 262.956 3560.48 -1803.82 287.327 3540.77 -1809.95 279.554 3540.77 -1840.82 303.925 3560.48 -1834.68 311.697 3560.48 -1865.54 336.068 3550.63 -1868.61 332.181 3550.63 -1899.21 356.343 3577.49 -1899.21 373.542 3580.78 -1890.04 368.404 3608.2 -1890.04 385.956 3601.62 -1908.38 396.232 3629.04 -1908.38 413.784 3635.62 -1890.04 403.508 3663.03 -1890.04 421.06 3659.75 -1899.21 426.198 3686.42 -1899.21 443.276 3686.42 -1868.65 419.149 3696.29 -1865.58 423.04 3696.29 -1834.7 398.655 3676.56 -1840.85 390.875 3676.56 -1809.97 366.491 3696.29 -1803.82 374.271 3696.29 -1772.94 349.887 3686.42 -1776.01 345.997 3686.42 -1744.87 321.403
element 8
  poly 0: 3539.29 -1733.72 249.783 3416.77 -1733.72 139.877 3416.77 -1765.34 164.846 3425.78 -1761.41 169.825 3425.78 -1792.27 194.192 3407.75 -1800.13 184.235 3407.75 -1830.99 208.602 3425.78 -1823.13 218.56 3425.78 -1853.99 242.927 3416.77 -1857.92 237.948 3416.77 -1889.01 262.502 3441.33 -1889.01 284.532 3445.05 -1879.52 280.377 3469.25 -1879.52 302.08 3461.79 -1898.51 310.389 3485.99 -1898.51 332.092 3493.44 -1879.52 323.782 3517.64 -1879.52 345.485 3513.91 -1889.01 349.639 3539.29 -1889.01 372.408 3539.29 -1856.88 347.036 3548.31 -1852.95 352.019 3548.31 -1822.08 327.648 3530.27 -1829.95 317.682 3530.27 -1799.09 293.312 3548.31 -1791.22 303.278 3548.31 -1760.36 278.908 3539.29 -1764.29 273.924 3539.29 -1733.72 249.783
  poly 1: 3550.63 -1744.87 234.47 3430.53 -1744.87 126.748 3430.53 -1776.01 151.338 3439.55 -1772.08 156.316 3439.55 -1802.94 180.684 3421.52 -1810.8 170.726 3421.52 -1841.66 195.094 3439.55 -1833.79 205.051 3439.55 -1864.65 229.419 3430.53 -1868.58 224.44 3430.53 -1899.21 248.622 3454.36 -1899.21 269.997 3458.09 -1889.71 265.842 3482.28 -1889.71 287.544 3474.83 -1908.7 295.854 3499.03 -1908.7 317.556 3506.48 -1889.71 309.247 3530.67 -1889.71 330.95 3526.95 -1899.21 335.104 3550.63 -1899.21 356.343 3550.63 -1868.61 332.181 3559.65 -1864.68 337.165 3559.65 -1833.81 312.794 3541.61 -1841.68 302.828 3541.61 -1810.82 278.457 3559.65 -1802.95 288.424 3559.65 -1772.09 264.053 3550.63 -1776.02 259.07 3550.63 -1744.87 234.47
element 9
  poly 0: 3416.77 -1734.76 140.7 3310.08 -1734.76 17.5813 3310.08 -1890.01 140.171 3331.08 -1890.01 164.397 3334.9 -1880.23 161.085 3356.07 -1880.23 185.517 3348.42 -1899.79 192.141 3369.59 -1899.79 216.572 3377.24 -1880.23 209.948 3398.41 -1880.23 234.379 3394.58 -1890.01 237.692 3416.77 -1890.01 263.29 3416.77 -1857.92 237.948 3424.93 -1853.33 243.755 3424.93 -1822.47 219.387 3408.6 -1831.64 207.775 3408.6 -1800.79 183.407 3424.93 -1791.62 195.02 3424.93 -1760.76 170.652 3416.77 -1765.34 164.846 3416.77 -1734.76 140.7
  poly 1: 3430.53 -1744.87 126.748 3324.85 -1744.87 4.78413 3324.85 -1899.21 126.657 3346.2 -1899.21 151.293 3350.02 -1889.43 147.981 3371.19 -1889.43 172.412 3363.55 -1908.99 179.037 3384.72 -1908.99 203.468 3392.36 -1889.43 196.844 3413.53 -1889.43 221.275 3409.71 -1899.21 224.587 3430.53 -1899.21 248.622 3430.53 -1868.58 224.44 3438.7 -1864 230.246 3438.7 -1833.14 205.879 3422.37 -1842.31 194.266 3422.37 -1811.45 169.899 3438.7 -1802.28 181.511 3438.7 -1771.42 157.144 3430.53 -1776.01 151.338 3430.53 -1744.87 126.748
element 10
  poly 0: 4668.32 -1899.21 126.657 4646.98 -1899.21 151.293 4643.86 -1889 148.588 4622.69 -1889 173.02 4628.93 -1909.42 178.429 4607.76 -1909.42 202.861 4601.52 -1889 197.451 4580.35 -1889 221.883 4583.47 -1899.21 224.587 4562.64 -1899.21 248.622 4562.64 -1932.55 269.221 4570.51 -1936.61 262.653 4570.51 -1970.17 283.389 4554.78 -1962.05 296.526 4554.78 -1995.61 317.263 4570.51 -2003.73 304.126 4570.51 -2037.29 324.862 4562.64 -2033.23 331.431 4562.64 -2066.49 351.977 4583.46 -2066.49 327.953 4580.34 -2056.28 325.248 4601.52 -2056.28 300.806 4607.76 -2076.69 306.216 4628.94 -2076.69 281.774 4622.7 -2056.28 276.364 4643.88 -2056.28 251.922 4647 -2066.49 254.627 4668.32 -2066.49 230.013 4668.32 -1899.21 126.657
  poly 1: 4683.74 -1890.01 139.428 4662.1 -1890.01 164.397 4658.98 -1879.8 161.693 4637.81 -1879.8 186.124 4644.05 -1900.22 191.534 4622.88 -1900.22 215.965 4616.64 -1879.8 210.555 4595.47 -1879.8 234.987 4598.59 -1890.01 237.692 4577.08 -1890.01 262.52 4577.08 -1923.79 283.393 4584.94 -1927.85 276.824 4584.94 -1961.41 297.561 4569.21 -1953.3 310.698 4569.21 -1986.86 331.434 4584.94 -1994.97 318.297 4584.94 -2028.53 339.034 4577.08 -2024.48 345.602 4577.08 -2059.21 367.062 4599.17 -2059.21 341.566 4596.05 -2049 338.861 4617.23 -2049 314.419 4623.47 -2069.42 319.829 4644.65 -2069.42 295.387 4638.41 -2049 289.977 4659.59 -2049 265.535 4662.71 -2059.21 268.24 4683.74 -2059.21 243.97 4683.74 -1890.01 139.428
element 11
  poly 0: 4577.08 -1889.01 261.903 4551.85 -1889.01 284.532 4548.78 -1879.01 281.106 4524.58 -1879.01 302.808 4530.73 -1899.02 309.66 4506.53 -1899.02 331.363 4500.39 -1879.01 324.511 4476.19 -1879.01 346.213 4479.27 -1889.01 349.639 4454.56 -1889.01 371.806 4454.56 -1922.82 392.692 4463.33 -1926.33 386.999 4463.33 -1959.91 407.741 4445.78 -1952.87 419.128 4445.78 -1986.44 439.871 4463.33 -1993.48 428.484 4463.33 -2027.05 449.227 4454.56 -2023.53 454.92 4454.56 -2058.35 476.431 4479.88 -2058.35 453.717 4476.8 -2048.34 450.29 4501.01 -2048.34 428.579 4507.16 -2068.35 435.432 4531.36 -2068.35 413.721 4525.21 -2048.34 406.868 4549.42 -2048.34 385.157 4552.49 -2058.35 388.583 4577.08 -2058.35 366.529 4577.08 -2024.48 345.602 4585.84 -2027.99 339.914 4585.84 -1994.43 319.178 4568.32 -1987.4 330.554 4568.32 -1953.84 309.817 4585.84 -1960.87 298.442 4585.84 -1927.31 277.705 4577.08 -1923.79 283.393 4577.08 -1889.01 261.903
  poly 1: 4562.64 -1899.21 248.622 4538.81 -1899.21 269.997 4535.74 -1889.2 266.571 4511.55 -1889.2 288.273 4517.69 -1909.21 295.125 4493.5 -1909.21 316.828 4487.35 -1889.2 309.976 4463.16 -1889.2 331.678 4466.23 -1899.21 335.104 4442.55 -1899.21 356.343 4442.55 -1932.55 376.942 4451.32 -1936.07 371.249 4451.32 -1969.64 391.992 4433.78 -1962.6 403.379 4433.78 -1996.17 424.121 4451.32 -2003.21 412.734 4451.32 -2036.78 433.477 4442.55 -2033.26 439.171 4442.55 -2066.49 459.699 4466.21 -2066.49 438.478 4463.14 -2056.48 435.051 4487.34 -2056.48 413.34 4493.49 -2076.49 420.193 4517.69 -2076.49 398.482 4511.54 -2056.48 391.629 4535.75 -2056.48 369.918 4538.82 -2066.49 373.344 4562.64 -2066.49 351.977 4562.64 -2033.23 331.431 4571.41 -2036.75 325.743 4571.41 -2003.19 305.006 4553.88 -1996.16 316.382 4553.88 -1962.6 295.646 4571.41 -1969.62 284.27 4571.41 -1936.06 263.534 4562.64 -1932.55 269.221 4562.64 -1899.21 248.622
element 12
  poly 0: 4454.56 -1888.01 371.185 4425.91 -1888.01 389.52 4423.17 -1878.24 385.237 4395.75 -1878.24 402.789 4401.24 -1897.78 411.355 4373.82 -1897.78 428.907 4368.34 -1878.24 420.341 4340.92 -1878.24 437.893 4343.66 -1888.01 442.176 4315.5 -1888.01 460.202 4315.5 -1921.87 481.124 4325.2 -1924.65 476.63 4325.2 -1958.24 497.386 4305.8 -1952.69 506.375 4305.8 -1986.28 527.131 4325.2 -1991.83 518.142 4325.2 -2025.43 538.898 4315.5 -2022.65 543.392 4315.5 -2057.45 564.895 4344.23 -2057.45 546.503 4341.49 -2047.68 542.219 4368.93 -2047.68 524.656 4374.41 -2067.22 533.223 4401.84 -2067.22 515.661 4396.36 -2047.68 507.094 4423.79 -2047.68 489.531 4426.54 -2057.45 493.815 4454.56 -2057.45 475.878 4454.56 -2023.53 454.92 4464.24 -2026.3 450.432 4464.24 -1992.73 429.689 4444.87 -1987.19 438.666 4444.87 -1953.61 417.924 4464.24 -1959.16 408.946 4464.24 -1925.59 388.203 4454.56 -1922.82 392.692 4454.56 -1888.01 371.185
  poly 1: 4442.55 -1899.21 356.343 4415.68 -1899.21 373.542 4412.94 -1889.44 369.259 4385.53 -1889.44 386.811 4391.01 -1908.98 395.377 4363.59 -1908.98 412.929 4358.11 -1889.44 404.363 4330.69 -1889.44 421.915 4333.43 -1899.21 426.198 4306.75 -1899.21 443.276 4306.75 -1932.53 463.866 4316.45 -1935.31 459.372 4316.45 -1968.9 480.128 4297.05 -1963.35 489.116 4297.05 -1996.94 509.872 4316.45 -2002.5 500.884 4316.45 -2036.09 521.64 4306.75 -2033.31 526.134 4306.75 -2066.49 546.631 4333.4 -2066.49 529.575 4330.65 -2056.71 525.292 4358.09 -2056.71 507.729 4363.57 -2076.26 516.296 4391.01 -2076.26 498.734 4385.52 -2056.71 490.166 4412.96 -2056.71 472.604 4415.7 -2066.49 476.887 4442.55 -2066.49 459.699 4442.55 -2033.26 439.171 4452.24 -2036.04 434.682 4452.24 -2002.46 413.939 4432.86 -1996.92 422.917 4432.86 -1963.35 402.174 4452.24 -1968.89 393.196 4452.24 -1935.32 372.454 4442.55 -1932.55 376.942 4442.55 -1899.21 356.343
element 13
  poly 0: 4315.5 -1887.15 459.67 4283.7 -1887.15 471.873 4281.73 -1877.6 466.733 4251.29 -1877.6 478.414 4255.24 -1896.69 488.693 4224.8 -1896.69 500.374 4220.86 -1877.6 490.095 4190.42 -1877.6 501.775 4192.39 -1887.15 506.915 4160.98 -1887.15 518.971 4160.98 -1921.13 539.965 4171.49 -1922.93 537.045 4171.49 -1956.56 557.825 4150.46 -1952.95 563.665 4150.46 -1986.58 584.444 4171.49 -1990.19 578.604 4171.49 -2023.82 599.384 4160.98 -2022.02 602.304 4160.98 -2056.66 623.708 4192.8 -2056.66 611.494 4190.83 -2047.11 606.353 4221.29 -2047.11 594.662 4225.24 -2066.21 604.944 4255.71 -2066.21 593.253 4251.76 -2047.11 582.97 4282.22 -2047.11 571.279 4284.2 -2056.66 576.421 4315.5 -2056.66 564.407 4315.5 -2022.65 543.392 4326 -2024.45 540.476 4326 -1990.86 519.72 4305 -1987.25 525.553 4305 -1953.66 504.797 4326 -1957.26 498.964 4326 -1923.67 478.208 4315.5 -1921.87 481.124 4315.5 -1887.15 459.67
  poly 1: 4306.75 -1899.21 443.276 4277.1 -1899.21 454.657 4275.13 -1889.67 449.517 4244.69 -1889.67 461.198 4248.63 -1908.75 471.477 4218.19 -1908.75 483.158 4214.25 -1889.67 472.879 4183.81 -1889.67 484.559 4185.78 -1899.21 489.699 4156.32 -1899.21 501.005 4156.32 -1932.49 521.57 4166.84 -1934.3 518.65 4166.84 -1967.93 539.429 4145.81 -1964.32 545.269 4145.81 -1997.95 566.049 4166.84 -2001.56 560.209 4166.84 -2035.19 580.988 4156.32 -2033.38 583.908 4156.32 -2066.49 604.36 4185.73 -2066.49 593.074 4183.76 -2056.94 587.932 4214.23 -2056.94 576.241 4218.17 -2076.03 586.524 4248.64 -2076.03 574.833 4244.69 -2056.94 564.55 4275.16 -2056.94 552.859 4277.13 -2066.49 558 4306.75 -2066.49 546.631 4306.75 -2033.31 526.134 4317.25 -2035.11 523.218 4317.25 -2001.52 502.462 4296.25 -1997.92 508.294 4296.25 -1964.32 487.538 4317.25 -1967.93 481.706 4317.25 -1934.33 460.95 4306.75 -1932.53 463.866 4306.75 -1899.21 443.276
element 14
  poly 0: 4160.98 -1886.64 518.655 4127.25 -1886.64 522.967 4126.52 -1877.24 517.256 4094.14 -1877.24 521.396 4095.6 -1896.03 532.817 4063.22 -1896.03 536.957 4061.76 -1877.24 525.535 4029.38 -1877.24 529.674 4030.11 -1886.64 535.385 3996.59 -1886.64 539.671 3996.59 -1920.79 560.773 4007.59 -1921.42 559.755 4007.59 -1955.1 580.566 3985.59 -1953.84 582.601 3985.59 -1987.52 603.412 4007.59 -1988.78 601.377 4007.59 -2022.46 622.188 3996.59 -2021.83 623.206 3996.59 -2056.18 644.427 4030.24 -2056.18 640.125 4029.51 -2046.78 634.412 4061.92 -2046.78 630.268 4063.38 -2065.58 641.694 4095.79 -2065.58 637.551 4094.33 -2046.78 626.125 4126.74 -2046.78 621.981 4127.47 -2056.18 627.694 4160.98 -2056.18 623.411 4160.98 -2022.02 602.304 4171.97 -2022.65 601.287 4171.97 -1989.02 580.507 4149.98 -1987.76 582.541 4149.98 -1954.13 561.762 4171.97 -1955.39 559.727 4171.97 -1921.75 538.948 4160.98 -1921.13 539.965 4160.98 -1886.64 518.655
  poly 1: 4156.32 -1899.21 501.005 4124.95 -1899.21 505.015 4124.22 -1889.81 499.304 4091.84 -1889.81 503.444 4093.31 -1908.6 514.866 4060.93 -1908.6 519.005 4059.47 -1889.81 507.583 4027.09 -1889.81 511.722 4027.82 -1899.21 517.433 3996.59 -1899.21 521.426 3996.59 -1932.42 541.947 4007.59 -1933.05 540.929 4007.59 -1966.73 561.74 3985.59 -1965.47 563.775 3985.59 -1999.16 584.586 4007.59 -2000.41 582.551 4007.59 -2034.1 603.362 3996.59 -2033.47 604.38 3996.59 -2066.49 624.781 4027.77 -2066.49 620.795 4027.03 -2057.09 615.082 4059.45 -2057.09 610.939 4060.91 -2075.88 622.365 4093.32 -2075.88 618.221 4091.86 -2057.09 606.795 4124.27 -2057.09 602.651 4125 -2066.49 608.364 4156.32 -2066.49 604.36 4156.32 -2033.38 583.908 4167.32 -2034.01 582.891 4167.32 -2000.38 562.111 4145.33 -1999.13 564.146 4145.33 -1965.49 543.366 4167.32 -1966.75 541.332 4167.32 -1933.12 520.552 4156.32 -1932.49 521.57 4156.32 -1899.21 501.005
element 15
  poly 0: 3996.59 -1886.64 539.671 3963.06 -1886.64 535.385 3963.79 -1877.24 529.674 3931.41 -1877.24 525.535 3929.95 -1896.03 536.957 3897.58 -1896.03 532.817 3899.04 -1877.24 521.396 3866.66 -1877.24 517.256 3865.93 -1886.64 522.967 3832.2 -1886.64 518.655 3832.2 -1921.13 539.965 3843.19 -1920.5 540.982 3843.19 -1954.13 561.762 3821.21 -1955.39 559.727 3821.21 -1989.02 580.507 3843.19 -1987.76 582.541 3843.19 -2021.39 603.321 3832.2 -2022.02 602.304 3832.2 -2056.18 623.411 3865.7 -2056.18 627.694 3866.43 -2046.78 621.981 3898.85 -2046.78 626.125 3897.39 -2065.58 637.551 3929.8 -2065.58 641.694 3931.26 -2046.78 630.268 3963.67 -2046.78 634.412 3962.94 -2056.18 640.125 3996.59 -2056.18 644.427 3996.59 -2021.83 623.206 4007.59 -2021.21 624.224 4007.59 -1987.52 603.412 3985.59 -1988.78 601.377 3985.59 -1955.1 580.566 4007.59 -1953.84 582.601 4007.59 -1920.16 561.79 3996.59 -1920.79 560.773 3996.59 -1886.64 539.671
  poly 1: 3996.59 -1899.21 521.426 3965.36 -1899.21 517.433 3966.09 -1889.81 511.722 3933.71 -1889.81 507.583 3932.25 -1908.6 519.005 3899.87 -1908.6 514.866 3901.33 -1889.81 503.444 3868.95 -1889.81 499.304 3868.22 -1899.21 505.015 3836.85 -1899.21 501.005 3836.85 -1932.49 521.57 3847.85 -1931.86 522.587 3847.85 -1965.49 543.366 3825.86 -1966.75 541.332 3825.86 -2000.38 562.111 3847.85 -1999.13 564.146 3847.85 -2032.76 584.925 3836.85 -2033.38 583.908 3836.85 -2066.49 604.36 3868.17 -2066.49 608.364 3868.91 -2057.09 602.651 3901.32 -2057.09 606.795 3899.86 -2075.88 618.221 3932.27 -2075.88 622.365 3933.73 -2057.09 610.939 3966.14 -2057.09 615.082 3965.41 -2066.49 620.795 3996.59 -2066.49 624.781 3996.59 -2033.47 604.38 4007.59 -2032.84 605.397 4007.59 -1999.16 584.586 3985.59 -2000.41 582.551 3985.59 -1966.73 561.74 4007.59 -1965.47 563.775 4007.59 -1931.79 542.964 3996.59 -1932.42 541.947 3996.59 -1899.21 521.426
element 16
  poly 0: 3832.2 -1887.15 518.971 3800.79 -1887.15 506.915 3802.76 -1877.6 501.775 3772.32 -1877.6 490.095 3768.38 -1896.69 500.374 3737.94 -1896.69 488.693 3741.88 -1877.6 478.414 3711.44 -1877.6 466.733 3709.47 -1887.15 471.873 3677.68 -1887.15 459.67 3677.68 -1921.87 481.124 3688.18 -1920.07 484.041 3688.18 -1953.66 504.797 3667.17 -1957.26 498.964 3667.17 -1990.86 519.72 3688.18 -1987.25 525.553 3688.18 -2020.85 546.309 3677.68 -2022.65 543.392 3677.68 -2056.66 564.407 3708.98 -2056.66 576.421 3710.95 -2047.11 571.279 3741.42 -2047.11 582.97 3737.47 -2066.21 593.253 3767.94 -2066.21 604.944 3771.88 -2047.11 594.662 3802.35 -2047.11 606.353 3800.37 -2056.66 611.494 3832.2 -2056.66 623.708 3832.2 -2022.02 602.304 3842.71 -2020.21 605.224 3842.71 -1986.58 584.444 3821.69 -1990.19 578.604 3821.69 -1956.56 557.825 3842.71 -1952.95 563.665 3842.71 -1919.32 542.885 3832.2 -1921.13 539.965 3832.2 -1887.15 518.971
  poly 1: 3836.85 -1899.21 501.005 3807.39 -1899.21 489.699 3809.36 -1889.67 484.559 3778.93 -1889.67 472.879 3774.98 -1908.75 483.158 3744.54 -1908.75 471.477 3748.49 -1889.67 461.198 3718.05 -1889.67 449.517 3716.08 -1899.21 454.657 3686.42 -1899.21 443.276 3686.42 -1932.53 463.866 3696.92 -1930.73 466.782 3696.92 -1964.32 487.538 3675.92 -1967.93 481.706 3675.92 -2001.52 502.462 3696.92 -1997.92 508.294 3696.92 -2031.51 529.05 3686.42 -2033.31 526.134 3686.42 -2066.49 546.631 3716.05 -2066.49 558 3718.02 -2056.94 552.859 3748.49 -2056.94 564.55 3744.54 -2076.03 574.833 3775.01 -2076.03 586.524 3778.95 -2056.94 576.241 3809.42 -2056.94 587.932 3807.44 -2066.49 593.074 3836.85 -2066.49 604.36 3836.85 -2033.38 583.908 3847.37 -2031.58 586.828 3847.37 -1997.95 566.049 3826.34 -2001.56 560.209 3826.34 -1967.93 539.429 3847.37 -1964.32 545.269 3847.37 -1930.69 524.489 3836.85 -1932.49 521.57 3836.85 -1899.21 501.005
element 17
  poly 0: 3677.68 -1888.01 460.202 3649.52 -1888.01 442.176 3652.26 -1878.24 437.893 3624.84 -1878.24 420.341 3619.36 -1897.78 428.907 3591.94 -1897.78 411.355 3597.42 -1878.24 402.789 3570.01 -1878.24 385.237 3567.26 -1888.01 389.52 3538.62 -1888.01 371.185 3538.62 -1922.82 392.692 3548.31 -1920.04 397.181 3548.31 -1953.61 417.924 3528.93 -1959.16 408.946 3528.93 -1992.73 429.689 3548.31 -1987.19 438.666 3548.31 -2020.76 459.409 3538.62 -2023.53 454.92 3538.62 -2057.45 475.878 3566.64 -2057.45 493.815 3569.38 -2047.68 489.531 3596.82 -2047.68 507.094 3591.33 -2067.22 515.661 3618.77 -2067.22 533.223 3624.25 -2047.68 524.656 3651.69 -2047.68 542.219 3648.94 -2057.45 546.503 3677.68 -2057.45 564.895 3677.68 -2022.65 543.392 3687.38 -2019.87 547.887 3687.38 -1986.28 527.131 3667.97 -1991.83 518.142 3667.97 -1958.24 497.386 3687.38 -1952.69 506.375 3687.38 -1919.09 485.619 3677.68 -1921.87 481.124 3677.68 -1888.01 460.202
  poly 1: 3686.42 -1899.21 443.276 3659.75 -1899.21 426.198 3662.49 -1889.44 421.915 3635.07 -1889.44 404.363 3629.59 -1908.98 412.929 3602.17 -1908.98 395.377 3607.65 -1889.44 386.811 3580.23 -1889.44 369.259 3577.49 -1899.21 373.542 3550.63 -1899.21 356.343 3550.63 -1932.55 376.942 3560.31 -1929.77 381.431 3560.31 -1963.35 402.174 3540.94 -1968.89 393.196 3540.94 -2002.46 413.939 3560.31 -1996.92 422.917 3560.31 -2030.49 443.659 3550.63 -2033.26 439.171 3550.63 -2066.49 459.699 3577.48 -2066.49 476.887 3580.22 -2056.71 472.604 3607.65 -2056.71 490.166 3602.17 -2076.26 498.734 3629.6 -2076.26 516.296 3635.09 -2056.71 507.729 3662.52 -2056.71 525.292 3659.78 -2066.49 529.575 3686.42 -2066.49 546.631 3686.42 -2033.31 526.134 3696.12 -2030.53 530.629 3696.12 -1996.94 509.872 3676.72 -2002.5 500.884 3676.72 -1968.9 480.128 3696.12 -1963.35 489.116 3696.12 -1929.76 468.36 3686.42 -1932.53 463.866 3686.42 -1899.21 443.276
element 18
  poly 0: 3538.62 -1889.01 371.806 3513.91 -1889.01 349.639 3516.98 -1879.01 346.213 3492.79 -1879.01 324.511 3486.64 -1899.02 331.363 3462.45 -1899.02 309.66 3468.59 -1879.01 302.808 3444.4 -1879.01 281.106 3441.33 -1889.01 284.532 3416.1 -1889.01 261.903 3416.1 -1923.79 283.393 3424.86 -1920.28 289.081 3424.86 -1953.84 309.817 3407.34 -1960.87 298.442 3407.34 -1994.43 319.178 3424.86 -1987.4 330.554 3424.86 -2020.96 351.29 3416.1 -2024.48 345.602 3416.1 -2058.35 366.529 3440.69 -2058.35 388.583 3443.76 -2048.34 385.157 3467.96 -2048.34 406.868 3461.82 -2068.35 413.721 3486.02 -2068.35 435.432 3492.17 -2048.34 428.579 3516.37 -2048.34 450.29 3513.3 -2058.35 453.717 3538.62 -2058.35 476.431 3538.62 -2023.53 454.92 3547.39 -2020.01 460.614 3547.39 -1986.44 439.871 3529.85 -1993.48 428.484 3529.85 -1959.91 407.741 3547.39 -1952.87 419.128 3547.39 -1919.3 398.386 3538.62 -1922.82 392.692 3538.62 -1889.01 371.806
  poly 1: 3550.63 -1899.21 356.343 3526.95 -1899.21 335.104 3530.02 -1889.2 331.678 3505.83 -1889.2 309.976 3499.68 -1909.21 316.828 3475.48 -1909.21 295.125 3481.63 -1889.2 288.273 3457.44 -1889.2 266.571 3454.36 -1899.21 269.997 3430.53 -1899.21 248.622 3430.53 -1932.55 269.221 3439.3 -1929.03 274.909 3439.3 -1962.6 295.646 3421.77 -1969.62 284.27 3421.77 -2003.19 305.006 3439.3 -1996.16 316.382 3439.3 -2029.72 337.118 3430.53 -2033.23 331.431 3430.53 -2066.49 351.977 3454.35 -2066.49 373.344 3457.43 -2056.48 369.918 3481.63 -2056.48 391.629 3475.49 -2076.49 398.482 3499.69 -2076.49 420.193 3505.84 -2056.48 413.34 3530.04 -2056.48 435.051 3526.97 -2066.49 438.478 3550.63 -2066.49 459.699 3550.63 -2033.26 439.171 3559.4 -2029.74 444.864 3559.4 -1996.17 424.121 3541.86 -2003.21 412.734 3541.86 -1969.64 391.992 3559.4 -1962.6 403.379 3559.4 -1929.03 382.636 3550.63 -1932.55 376.942 3550.63 -1899.21 356.343
element 19
  poly 0: 3416.1 -1890.01 262.52 3394.58 -1890.01 237.692 3397.71 -1879.8 234.987 3376.54 -1879.8 210.555 3370.29 -1900.22 215.965 3349.12 -1900.22 191.534 3355.37 -1879.8 186.124 3334.2 -1879.8 161.693 3331.08 -1890.01 164.397 3309.44 -1890.01 139.428 3309.44 -2059.21 243.97 3330.47 -2059.21 268.24 3333.59 -2049 265.535 3354.77 -2049 289.977 3348.53 -2069.42 295.387 3369.71 -2069.42 319.829 3375.95 -2049 314.419 3397.13 -2049 338.861 3394.01 -2059.21 341.566 3416.1 -2059.21 367.062 3416.1 -2024.48 345.602 3423.96 -2020.42 352.171 3423.96 -1986.86 331.434 3408.23 -1994.97 318.297 3408.23 -1961.41 297.561 3423.96 -1953.3 310.698 3423.96 -1919.73 289.962 3416.1 -1923.79 283.393 3416.1 -1890.01 262.52
  poly 1: 3430.53 -1899.21 248.622 3409.71 -1899.21 224.587 3412.83 -1889 221.883 3391.66 -1889 197.451 3385.42 -1909.42 202.861 3364.25 -1909.42 178.429 3370.49 -1889 173.02 3349.32 -1889 148.588 3346.2 -1899.21 151.293 3324.85 -1899.21 126.657 3324.85 -2066.49 230.013 3346.18 -2066.49 254.627 3349.3 -2056.28 251.922 3370.48 -2056.28 276.364 3364.24 -2076.69 281.774 3385.42 -2076.69 306.216 3391.66 -2056.28 300.806 3412.84 -2056.28 325.248 3409.72 -2066.49 327.953 3430.53 -2066.49 351.977 3430.53 -2033.23 331.431 3438.4 -2029.17 337.999 3438.4 -1995.61 317.263 3422.67 -2003.73 304.126 3422.67 -1970.17 283.389 3438.4 -1962.05 296.526 3438.4 -1928.49 275.79 3430.53 -1932.55 269.221 3430.53 -1899.21 248.622
element 20
  poly 0: 4668.32 -2066.49 230.013 4647 -2066.49 254.627 4644.63 -2055.93 252.572 4623.45 -2055.93 277.014 4628.19 -2077.04 281.124 4607.01 -2077.04 305.566 4602.27 -2055.93 301.456 4581.09 -2055.93 325.898 4583.46 -2066.49 327.953 4562.64 -2066.49 351.977 4562.64 -2102.13 368.157 4570.24 -2105.43 360.887 4570.24 -2141.37 377.202 4555.05 -2134.77 391.743 4555.05 -2170.71 408.058 4570.24 -2177.31 393.518 4570.24 -2213.25 409.833 4562.64 -2209.95 417.103 4562.64 -2245.51 433.245 4583.45 -2245.51 409.236 4581.08 -2234.96 407.181 4602.27 -2234.96 382.725 4607.01 -2256.07 386.835 4628.2 -2256.07 362.379 4623.46 -2234.96 358.269 4644.65 -2234.96 333.814 4647.02 -2245.51 335.869 4668.32 -2245.51 311.281 4668.32 -2066.49 230.013
  poly 1: 4684.26 -2059.21 243.365 4662.71 -2059.21 268.24 4660.34 -2048.65 266.185 4639.16 -2048.65 290.627 4643.9 -2069.77 294.737 4622.72 -2069.77 319.179 4617.98 -2048.65 315.069 4596.8 -2048.65 339.511 4599.17 -2059.21 341.566 4577.63 -2059.21 366.427 4577.63 -2095.45 382.877 4585.23 -2098.75 375.607 4585.23 -2134.69 391.922 4570.03 -2128.09 406.463 4570.03 -2164.03 422.778 4585.23 -2170.63 408.238 4585.23 -2206.57 424.553 4577.63 -2203.27 431.823 4577.63 -2240.26 448.615 4599.61 -2240.26 423.244 4597.24 -2229.71 421.189 4618.43 -2229.71 396.733 4623.18 -2250.82 400.843 4644.37 -2250.82 376.387 4639.62 -2229.71 372.277 4660.81 -2229.71 347.821 4663.19 -2240.26 349.876 4684.26 -2240.26 325.553 4684.26 -2059.21 243.365
element 21
  poly 0: 4577.63 -2058.35 366.035 4552.49 -2058.35 388.583 4550.14 -2047.91 385.958 4525.93 -2047.91 407.67 4530.64 -2068.78 412.92 4506.44 -2068.78 434.631 4501.73 -2047.91 429.381 4477.52 -2047.91 451.092 4479.88 -2058.35 453.717 4455.13 -2058.35 475.919 4455.13 -2094.62 492.387 4463.67 -2097.51 486.032 4463.67 -2133.47 502.354 4446.58 -2127.7 515.065 4446.58 -2163.65 531.388 4463.67 -2169.42 518.676 4463.67 -2205.38 534.999 4455.13 -2202.49 541.355 4455.13 -2239.59 558.196 4480.36 -2239.59 535.565 4478 -2229.16 532.94 4502.22 -2229.16 511.218 4506.93 -2250.03 516.469 4531.14 -2250.03 494.747 4526.43 -2229.16 489.496 4550.65 -2229.16 467.774 4553.01 -2239.59 470.4 4577.63 -2239.59 448.312 4577.63 -2203.27 431.823 4586.17 -2206.15 425.475 4586.17 -2170.21 409.159 4569.09 -2164.45 421.856 4569.09 -2128.51 405.541 4586.17 -2134.27 392.844 4586.17 -2098.33 376.529 4577.63 -2095.45 382.877 4577.63 -2058.35 366.035
  poly 1: 4562.64 -2066.49 351.977 4538.82 -2066.49 373.344 4536.47 -2056.05 370.719 4512.26 -2056.05 392.431 4516.97 -2076.92 397.681 4492.77 -2076.92 419.392 4488.06 -2056.05 414.142 4463.85 -2056.05 435.853 4466.21 -2066.49 438.478 4442.55 -2066.49 459.699 4442.55 -2102.12 475.875 4451.1 -2105.01 469.519 4451.1 -2140.96 485.841 4434.01 -2135.19 498.553 4434.01 -2171.15 514.875 4451.1 -2176.92 502.164 4451.1 -2212.88 518.486 4442.55 -2209.99 524.842 4442.55 -2245.51 540.967 4466.19 -2245.51 519.767 4463.83 -2235.08 517.142 4488.05 -2235.08 495.42 4492.76 -2255.95 500.67 4516.97 -2255.95 478.948 4512.26 -2235.08 473.698 4536.48 -2235.08 451.976 4538.83 -2245.51 454.601 4562.64 -2245.51 433.245 4562.64 -2209.95 417.103 4571.18 -2212.84 410.755 4571.18 -2176.89 394.439 4554.11 -2171.13 407.136 4554.11 -2135.19 390.821 4571.18 -2140.95 378.124 4571.18 -2105.01 361.809 4562.64 -2102.13 368.157 4562.64 -2066.49 351.977
element 22
  poly 0: 4455.13 -2057.45 475.512 4426.54 -2057.45 493.815 4424.42 -2047.16 490.501 4396.98 -2047.16 508.063 4401.22 -2067.74 514.691 4373.79 -2067.74 532.254 4369.55 -2047.16 525.626 4342.11 -2047.16 543.189 4344.23 -2057.45 546.503 4316.01 -2057.45 564.572 4316.01 -2093.8 581.074 4325.55 -2096.1 576.006 4325.55 -2132.08 592.34 4306.46 -2127.48 602.475 4306.46 -2163.47 618.809 4325.55 -2168.07 608.674 4325.55 -2204.05 625.008 4316.01 -2201.75 630.075 4316.01 -2238.89 646.934 4344.69 -2238.89 628.569 4342.57 -2228.59 625.255 4370.03 -2228.59 607.68 4374.27 -2249.18 614.309 4401.72 -2249.18 596.735 4397.48 -2228.59 590.106 4424.93 -2228.59 572.532 4427.05 -2238.89 575.846 4455.13 -2238.89 557.874 4455.13 -2202.49 541.355 4464.66 -2204.79 536.295 4464.66 -2168.83 519.972 4445.59 -2164.24 530.092 4445.59 -2128.28 513.77 4464.66 -2132.88 503.65 4464.66 -2096.92 487.327 4455.13 -2094.62 492.387 4455.13 -2057.45 475.512
  poly 1: 4442.55 -2066.49 459.699 4415.7 -2066.49 476.887 4413.58 -2056.19 473.574 4386.14 -2056.19 491.136 4390.39 -2076.78 497.764 4362.95 -2076.78 515.327 4358.71 -2056.19 508.699 4331.28 -2056.19 526.262 4333.4 -2066.49 529.575 4306.75 -2066.49 546.631 4306.75 -2102.1 562.797 4316.3 -2104.4 557.73 4316.3 -2140.38 574.064 4297.21 -2135.78 584.199 4297.21 -2171.76 600.533 4316.3 -2176.36 590.398 4316.3 -2212.34 606.732 4306.75 -2210.04 611.799 4306.75 -2245.51 627.899 4333.36 -2245.51 610.866 4331.24 -2235.22 607.551 4358.69 -2235.22 589.977 4362.94 -2255.8 596.606 4390.39 -2255.8 579.032 4386.15 -2235.22 572.403 4413.6 -2235.22 554.829 4415.72 -2245.51 558.143 4442.55 -2245.51 540.967 4442.55 -2209.99 524.842 4452.08 -2212.29 519.782 4452.08 -2176.33 503.46 4433.02 -2171.74 513.579 4433.02 -2135.78 497.257 4452.08 -2140.37 487.137 4452.08 -2104.42 470.815 4442.55 -2102.12 475.875 4442.55 -2066.49 459.699
element 23
  poly 0: 4316.01 -2056.66 564.213 4284.2 -2056.66 576.421 4282.66 -2046.51 572.406 4252.19 -2046.51 584.097 4255.27 -2066.81 592.127 4224.81 -2066.81 603.818 4221.73 -2046.51 595.788 4191.26 -2046.51 607.479 4192.8 -2056.66 611.494 4161.28 -2056.66 623.59 4161.28 -2093.14 640.148 4171.73 -2094.65 636.823 4171.73 -2130.67 653.175 4150.84 -2127.65 659.824 4150.84 -2163.67 676.175 4171.73 -2166.69 669.527 4171.73 -2202.71 685.878 4161.28 -2201.2 689.203 4161.28 -2238.24 706.019 4193.15 -2238.24 693.792 4191.6 -2228.1 689.776 4222.09 -2228.1 678.075 4225.18 -2248.39 686.107 4255.67 -2248.39 674.406 4252.59 -2228.1 666.374 4283.08 -2228.1 654.673 4284.62 -2238.24 658.689 4316.01 -2238.24 646.643 4316.01 -2201.75 630.075 4326.44 -2203.25 626.756 4326.44 -2167.27 610.422 4305.57 -2164.26 617.061 4305.57 -2128.28 600.727 4326.44 -2131.29 594.088 4326.44 -2095.31 577.754 4316.01 -2093.8 581.074 4316.01 -2056.66 564.213
  poly 1: 4306.75 -2066.49 546.631 4277.13 -2066.49 558 4275.59 -2056.34 553.985 4245.12 -2056.34 565.676 4248.2 -2076.63 573.706 4217.74 -2076.63 585.397 4214.66 -2056.34 577.368 4184.19 -2056.34 589.059 4185.73 -2066.49 593.074 4156.32 -2066.49 604.36 4156.32 -2102.05 620.506 4166.77 -2103.56 617.181 4166.77 -2139.58 633.533 4145.88 -2136.56 640.182 4145.88 -2172.59 656.533 4166.77 -2175.6 649.885 4166.77 -2211.63 666.236 4156.32 -2210.12 669.561 4156.32 -2245.51 685.628 4185.69 -2245.51 674.36 4184.15 -2235.36 670.344 4214.64 -2235.36 658.643 4217.72 -2255.66 666.674 4248.21 -2255.66 654.973 4245.13 -2235.36 646.941 4275.62 -2235.36 635.24 4277.16 -2245.51 639.256 4306.75 -2245.51 627.899 4306.75 -2210.04 611.799 4317.19 -2211.55 608.48 4317.19 -2175.57 592.146 4296.32 -2172.56 598.785 4296.32 -2136.57 582.451 4317.19 -2139.59 575.812 4317.19 -2103.61 559.478 4306.75 -2102.1 562.797 4306.75 -2066.49 546.631
element 24
  poly 0: 4161.28 -2056.18 623.372 4127.47 -2056.18 627.694 4126.9 -2046.13 623.205 4094.49 -2046.13 627.349 4095.63 -2066.23 636.327 4063.22 -2066.23 640.47 4062.07 -2046.13 631.492 4029.66 -2046.13 635.636 4030.24 -2056.18 640.125 3996.59 -2056.18 644.427 3996.59 -2092.82 661.061 4007.59 -2093.35 659.895 4007.59 -2129.42 676.269 3985.59 -2128.36 678.601 3985.59 -2164.43 694.974 4007.59 -2165.49 692.642 4007.59 -2201.56 709.016 3996.59 -2201.03 710.182 3996.59 -2237.85 726.893 4030.34 -2237.85 722.578 4029.77 -2227.79 718.088 4062.21 -2227.79 713.94 4063.36 -2247.9 722.921 4095.8 -2247.9 718.773 4094.65 -2227.79 709.793 4127.1 -2227.79 705.645 4127.67 -2237.85 710.135 4161.28 -2237.85 705.838 4161.28 -2201.2 689.203 4172.28 -2201.73 688.037 4172.28 -2165.71 671.686 4150.29 -2164.65 674.016 4150.29 -2128.63 657.664 4172.28 -2129.69 655.334 4172.28 -2093.67 638.982 4161.28 -2093.14 640.148 4161.28 -2056.18 623.372
  poly 1: 4156.32 -2066.49 604.36 4125 -2066.49 608.364 4124.43 -2056.44 603.875 4092.02 -2056.44 608.019 4093.16 -2076.54 616.997 4060.75 -2076.54 621.141 4059.6 -2056.44 612.163 4027.19 -2056.44 616.306 4027.77 -2066.49 620.795 3996.59 -2066.49 624.781 3996.59 -2101.98 640.893 4007.59 -2102.51 639.727 4007.59 -2138.58 656.101 3985.59 -2137.52 658.433 3985.59 -2173.59 674.806 4007.59 -2174.65 672.474 4007.59 -2210.72 688.848 3996.59 -2210.19 690.014 3996.59 -2245.51 706.049 4027.72 -2245.51 702.069 4027.15 -2235.46 697.579 4059.59 -2235.46 693.431 4060.74 -2255.57 702.412 4093.18 -2255.57 698.264 4092.03 -2235.46 689.284 4124.48 -2235.46 685.136 4125.05 -2245.51 689.626 4156.32 -2245.51 685.628 4156.32 -2210.12 669.561 4167.32 -2210.65 668.395 4167.32 -2174.62 652.044 4145.33 -2173.57 654.374 4145.33 -2137.54 638.022 4167.32 -2138.6 635.692 4167.32 -2102.58 619.34 4156.32 -2102.05 620.506 4156.32 -2066.49 604.36
element 25
  poly 0: 3996.59 -2056.18 644.427 3962.94 -2056.18 640.125 3963.51 -2046.13 635.636 3931.1 -2046.13 631.492 3929.95 -2066.23 640.47 3897.54 -2066.23 636.327 3898.69 -2046.13 627.349 3866.28 -2046.13 623.205 3865.7 -2056.18 627.694 3831.89 -2056.18 623.372 3831.89 -2093.14 640.148 3842.89 -2092.61 641.313 3842.89 -2128.63 657.664 3820.9 -2129.69 655.334 3820.9 -2165.71 671.686 3842.89 -2164.65 674.016 3842.89 -2200.67 690.368 3831.89 -2201.2 689.203 3831.89 -2237.85 705.838 3865.51 -2237.85 710.135 3866.08 -2227.79 705.645 3898.52 -2227.79 709.793 3897.37 -2247.9 718.773 3929.82 -2247.9 722.921 3930.97 -2227.79 713.94 3963.41 -2227.79 718.088 3962.83 -2237.85 722.578 3996.59 -2237.85 726.893 3996.59 -2201.03 710.182 4007.59 -2200.5 711.348 4007.59 -2164.43 694.974 3985.59 -2165.49 692.642 3985.59 -2129.42 676.269 4007.59 -2128.36 678.601 4007.59 -2092.3 662.227 3996.59 -2092.82 661.061 3996.59 -2056.18 644.427
  poly 1: 3996.59 -2066.49 624.781 3965.41 -2066.49 620.795 3965.99 -2056.44 616.306 3933.57 -2056.44 612.163 3932.43 -2076.54 621.141 3900.01 -2076.54 616.997 3901.16 -2056.44 608.019 3868.75 -2056.44 603.875 3868.17 -2066.49 608.364 3836.85 -2066.49 604.36 3836.85 -2102.05 620.506 3847.85 -2101.52 621.671 3847.85 -2137.54 638.022 3825.86 -2138.6 635.692 3825.86 -2174.62 652.044 3847.85 -2173.57 654.374 3847.85 -2209.59 670.726 3836.85 -2210.12 669.561 3836.85 -2245.51 685.628 3868.13 -2245.51 689.626 3868.7 -2235.46 685.136 3901.14 -2235.46 689.284 3900 -2255.57 698.264 3932.44 -2255.57 702.412 3933.59 -2235.46 693.431 3966.03 -2235.46 697.579 3965.46 -2245.51 702.069 3996.59 -2245.51 706.049 3996.59 -2210.19 690.014 4007.59 -2209.66 691.18 4007.59 -2173.59 674.806 3985.59 -2174.65 672.474 3985.59 -2138.58 656.101 4007.59 -2137.52 658.433 4007.59 -2101.45 642.059 3996.59 -2101.98 640.893 3996.59 -2066.49 624.781
element 26
  poly 0: 3831.89 -2056.66 623.59 3800.37 -2056.66 611.494 3801.91 -2046.51 607.479 3771.45 -2046.51 595.788 3768.37 -2066.81 603.818 3737.9 -2066.81 592.127 3740.99 -2046.51 584.097 3710.52 -2046.51 572.406 3708.98 -2056.66 576.421 3677.17 -2056.66 564.213 3677.17 -2093.8 581.074 3687.6 -2092.3 584.393 3687.6 -2128.28 600.727 3666.74 -2131.29 594.088 3666.74 -2167.27 610.422 3687.6 -2164.26 617.061 3687.6 -2200.24 633.395 3677.17 -2201.75 630.075 3677.17 -2238.24 646.643 3708.56 -2238.24 658.689 3710.1 -2228.1 654.673 3740.59 -2228.1 666.374 3737.51 -2248.39 674.406 3768 -2248.39 686.107 3771.08 -2228.1 678.075 3801.57 -2228.1 689.776 3800.03 -2238.24 693.792 3831.89 -2238.24 706.019 3831.89 -2201.2 689.203 3842.34 -2199.69 692.527 3842.34 -2163.67 676.175 3821.45 -2166.69 669.527 3821.45 -2130.67 653.175 3842.34 -2127.65 659.824 3842.34 -2091.63 643.472 3831.89 -2093.14 640.148 3831.89 -2056.66 623.59
  poly 1: 3836.85 -2066.49 604.36 3807.44 -2066.49 593.074 3808.98 -2056.34 589.059 3778.52 -2056.34 577.368 3775.44 -2076.63 585.397 3744.97 -2076.63 573.706 3748.05 -2056.34 565.676 3717.59 -2056.34 553.985 3716.05 -2066.49 558 3686.42 -2066.49 546.631 3686.42 -2102.1 562.797 3696.86 -2100.59 566.117 3696.86 -2136.57 582.451 3675.99 -2139.59 575.812 3675.99 -2175.57 592.146 3696.86 -2172.56 598.785 3696.86 -2208.54 615.119 3686.42 -2210.04 611.799 3686.42 -2245.51 627.899 3716.02 -2245.51 639.256 3717.56 -2235.36 635.24 3748.05 -2235.36 646.941 3744.97 -2255.66 654.973 3775.46 -2255.66 666.674 3778.54 -2235.36 658.643 3809.03 -2235.36 670.344 3807.49 -2245.51 674.36 3836.85 -2245.51 685.628 3836.85 -2210.12 669.561 3847.3 -2208.61 672.885 3847.3 -2172.59 656.533 3826.41 -2175.6 649.885 3826.41 -2139.58 633.533 3847.3 -2136.56 640.182 3847.3 -2100.54 623.83 3836.85 -2102.05 620.506 3836.85 -2066.49 604.36
element 27
  poly 0: 3677.17 -2057.45 564.572 3648.94 -2057.45 546.503 3651.07 -2047.16 543.189 3623.63 -2047.16 525.626 3619.39 -2067.74 532.254 3591.95 -2067.74 514.691 3596.2 -2047.16 508.063 3568.76 -2047.16 490.501 3566.64 -2057.45 493.815 3538.05 -2057.45 475.512 3538.05 -2094.62 492.387 3547.58 -2092.33 497.447 3547.58 -2128.28 513.77 3528.52 -2132.88 503.65 3528.52 -2168.83 519.972 3547.58 -2164.24 530.092 3547.58 -2200.2 546.414 3538.05 -2202.49 541.355 3538.05 -2238.89 557.874 3566.12 -2238.89 575.846 3568.25 -2228.59 572.532 3595.7 -2228.59 590.106 3591.46 -2249.18 596.735 3618.91 -2249.18 614.309 3623.15 -2228.59 607.68 3650.6 -2228.59 625.255 3648.48 -2238.89 628.569 3677.17 -2238.89 646.934 3677.17 -2201.75 630.075 3686.72 -2199.45 635.143 3686.72 -2163.47 618.809 3667.62 -2168.07 608.674 3667.62 -2132.08 592.34 3686.72 -2127.48 602.475 3686.72 -2091.5 586.141 3677.17 -2093.8 581.074 3677.17 -2057.45 564.572
  poly 1: 3686.42 -2066.49 546.631 3659.78 -2066.49 529.575 3661.9 -2056.19 526.262 3634.47 -2056.19 508.699 3630.22 -2076.78 515.327 3602.79 -2076.78 497.764 3607.03 -2056.19 491.136 3579.6 -2056.19 473.574 3577.48 -2066.49 476.887 3550.63 -2066.49 459.699 3550.63 -2102.12 475.875 3560.16 -2099.82 480.934 3560.16 -2135.78 497.257 3541.09 -2140.37 487.137 3541.09 -2176.33 503.46 3560.16 -2171.74 513.579 3560.16 -2207.69 529.902 3550.63 -2209.99 524.842 3550.63 -2245.51 540.967 3577.46 -2245.51 558.143 3579.58 -2235.22 554.829 3607.03 -2235.22 572.403 3602.79 -2255.8 579.032 3630.24 -2255.8 596.606 3634.48 -2235.22 589.977 3661.94 -2235.22 607.551 3659.82 -2245.51 610.866 3686.42 -2245.51 627.899 3686.42 -2210.04 611.799 3695.97 -2207.74 616.867 3695.97 -2171.76 600.533 3676.88 -2176.36 590.398 3676.88 -2140.38 574.064 3695.97 -2135.78 584.199 3695.97 -2099.8 567.865 3686.42 -2102.1 562.797 3686.42 -2066.49 546.631
element 28
  poly 0: 3538.05 -2058.35 475.919 3513.3 -2058.35 453.717 3515.65 -2047.91 451.092 3491.45 -2047.91 429.381 3486.74 -2068.78 434.631 3462.54 -2068.78 412.92 3467.24 -2047.91 407.67 3443.04 -2047.91 385.958 3440.69 -2058.35 388.583 3415.55 -2058.35 366.035 3415.55 -2095.45 382.877 3424.08 -2092.57 389.226 3424.08 -2128.51 405.541 3407.01 -2134.27 392.844 3407.01 -2170.21 409.159 3424.08 -2164.45 421.856 3424.08 -2200.39 438.172 3415.55 -2203.27 431.823 3415.55 -2239.59 448.312 3440.17 -2239.59 470.4 3442.53 -2229.16 467.774 3466.74 -2229.16 489.496 3462.03 -2250.03 494.747 3486.25 -2250.03 516.469 3490.96 -2229.16 511.218 3515.18 -2229.16 532.94 3512.82 -2239.59 535.565 3538.05 -2239.59 558.196 3538.05 -2202.49 541.355 3546.6 -2199.61 547.71 3546.6 -2163.65 531.388 3529.5 -2169.42 518.676 3529.5 -2133.47 502.354 3546.6 -2127.7 515.065 3546.6 -2091.74 498.743 3538.05 -2094.62 492.387 3538.05 -2058.35 475.919
  poly 1: 3550.63 -2066.49 459.699 3526.97 -2066.49 438.478 3529.32 -2056.05 435.853 3505.12 -2056.05 414.142 3500.41 -2076.92 419.392 3476.2 -2076.92 397.681 3480.91 -2056.05 392.431 3456.71 -2056.05 370.719 3454.35 -2066.49 373.344 3430.53 -2066.49 351.977 3430.53 -2102.13 368.157 3439.07 -2099.25 374.506 3439.07 -2135.19 390.821 3422 -2140.95 378.124 3422 -2176.89 394.439 3439.07 -2171.13 407.136 3439.07 -2207.07 423.452 3430.53 -2209.95 417.103 3430.53 -2245.51 433.245 3454.34 -2245.51 454.601 3456.7 -2235.08 451.976 3480.91 -2235.08 473.698 3476.2 -2255.95 478.948 3500.42 -2255.95 500.67 3505.13 -2235.08 495.42 3529.35 -2235.08 517.142 3526.99 -2245.51 519.767 3550.63 -2245.51 540.967 3550.63 -2209.99 524.842 3559.17 -2207.11 531.198 3559.17 -2171.15 514.875 3542.08 -2176.92 502.164 3542.08 -2140.96 485.841 3559.17 -2135.19 498.553 3559.17 -2099.24 482.23 3550.63 -2102.12 475.875 3550.63 -2066.49 459.699
element 29
  poly 0: 3415.55 -2059.21 366.427 3394.01 -2059.21 341.566 3396.38 -2048.65 339.511 3375.2 -2048.65 315.069 3370.46 -2069.77 319.179 3349.28 -2069.77 294.737 3354.02 -2048.65 290.627 3332.84 -2048.65 266.185 3330.47 -2059.21 268.24 3308.91 -2059.21 243.365 3308.91 -2240.26 325.553 3329.99 -2240.26 349.876 3332.36 -2229.71 347.821 3353.55 -2229.71 372.277 3348.81 -2250.82 376.387 3370 -2250.82 400.843 3374.74 -2229.71 396.733 3395.94 -2229.71 421.189 3393.56 -2240.26 423.244 3415.55 -2240.26 448.615 3415.55 -2203.27 431.823 3423.15 -2199.97 439.094 3423.15 -2164.03 422.778 3407.95 -2170.63 408.238 3407.95 -2134.69 391.922 3423.15 -2128.09 406.463 3423.15 -2092.15 390.147 3415.55 -2095.45 382.877 3415.55 -2059.21 366.427
  poly 1: 3430.53 -2066.49 351.977 3409.72 -2066.49 327.953 3412.09 -2055.93 325.898 3390.91 -2055.93 301.456 3386.17 -2077.04 305.566 3364.99 -2077.04 281.124 3369.73 -2055.93 277.014 3348.55 -2055.93 252.572 3346.18 -2066.49 254.627 3324.85 -2066.49 230.013 3324.85 -2245.51 311.281 3346.16 -2245.51 335.869 3348.53 -2234.96 333.814 3369.72 -2234.96 358.269 3364.98 -2256.07 362.379 3386.17 -2256.07 386.835 3390.91 -2234.96 382.725 3412.1 -2234.96 407.181 3409.73 -2245.51 409.236 3430.53 -2245.51 433.245 3430.53 -2209.95 417.103 3438.13 -2206.65 424.373 3438.13 -2170.71 408.058 3422.94 -2177.31 393.518 3422.94 -2141.37 377.202 3438.13 -2134.77 391.743 3438.13 -2098.83 375.427 3430.53 -2102.13 368.157 3430.53 -2066.49 351.977
element 30
  poly 0: 4668.32 -2245.51 311.281 4647.02 -2245.51 335.869 4645.43 -2234.7 334.489 4624.24 -2234.7 358.945 4627.42 -2256.32 361.704 4606.23 -2256.32 386.159 4603.05 -2234.7 383.401 4581.86 -2234.7 407.857 4583.45 -2245.51 409.236 4562.64 -2245.51 433.245 4562.64 -2282.99 444.395 4570.03 -2285.32 436.559 4570.03 -2323.17 447.821 4555.25 -2318.51 463.494 4555.25 -2356.36 474.756 4570.03 -2361.02 459.083 4570.03 -2398.88 470.345 4562.64 -2396.54 478.182 4562.64 -2433.94 489.308 4583.43 -2433.94 465.318 4581.84 -2423.13 463.939 4603.04 -2423.13 439.467 4606.23 -2444.75 442.226 4627.43 -2444.75 417.754 4624.25 -2423.13 414.996 4645.45 -2423.13 390.524 4647.04 -2433.94 391.904 4668.32 -2433.94 367.343 4668.32 -2245.51 311.281
  poly 1: 4684.64 -2240.26 325.111 4663.19 -2240.26 349.876 4661.59 -2229.45 348.497 4640.4 -2229.45 372.953 4643.59 -2251.07 375.711 4622.4 -2251.07 400.167 4619.21 -2229.45 397.409 4598.02 -2229.45 421.865 4599.61 -2240.26 423.244 4578.04 -2240.26 448.147 4578.04 -2278.49 459.52 4585.43 -2280.82 451.684 4585.43 -2318.67 462.946 4570.64 -2314.01 478.619 4570.64 -2351.86 489.881 4585.43 -2356.52 474.208 4585.43 -2394.38 485.47 4578.04 -2392.04 493.306 4578.04 -2430.77 504.83 4599.9 -2430.77 479.592 4598.31 -2419.96 478.213 4619.52 -2419.96 453.741 4622.7 -2441.58 456.5 4643.9 -2441.58 432.028 4640.72 -2419.96 429.27 4661.93 -2419.96 404.798 4663.52 -2430.77 406.177 4684.64 -2430.77 381.794 4684.64 -2240.26 325.111
element 31
  poly 0: 4578.04 -2239.59 447.948 4553.01 -2239.59 470.4 4551.41 -2228.84 468.626 4527.2 -2228.84 490.348 4530.38 -2250.35 493.895 4506.16 -2250.35 515.617 4502.98 -2228.84 512.07 4478.77 -2228.84 533.792 4480.36 -2239.59 535.565 4455.56 -2239.59 557.809 4455.56 -2277.88 569.201 4463.93 -2279.94 562.306 4463.93 -2317.81 573.574 4447.19 -2313.71 587.365 4447.19 -2351.58 598.633 4463.93 -2355.68 584.843 4463.93 -2393.55 596.111 4455.56 -2391.5 603.006 4455.56 -2430.35 614.565 4480.68 -2430.35 592.035 4479.09 -2419.6 590.262 4503.32 -2419.6 568.527 4506.5 -2441.11 572.074 4530.73 -2441.11 550.339 4527.55 -2419.6 546.793 4551.78 -2419.6 525.058 4553.37 -2430.35 526.832 4578.04 -2430.35 504.704 4578.04 -2392.04 493.306 4586.39 -2394.09 486.419 4586.39 -2356.24 475.157 4569.68 -2352.14 488.931 4569.68 -2314.29 477.669 4586.39 -2318.39 463.895 4586.39 -2280.54 452.633 4578.04 -2278.49 459.52 4578.04 -2239.59 447.948
  poly 1: 4562.64 -2245.51 433.245 4538.83 -2245.51 454.601 4537.24 -2234.76 452.828 4513.03 -2234.76 474.55 4516.21 -2256.27 478.096 4491.99 -2256.27 499.818 4488.81 -2234.76 496.272 4464.59 -2234.76 517.994 4466.19 -2245.51 519.767 4442.55 -2245.51 540.967 4442.55 -2282.97 552.111 4450.92 -2285.02 545.216 4450.92 -2322.89 556.484 4434.18 -2318.79 570.275 4434.18 -2356.66 581.543 4450.92 -2360.77 567.753 4450.92 -2398.64 579.021 4442.55 -2396.59 585.916 4442.55 -2433.94 597.029 4466.16 -2433.94 575.852 4464.57 -2423.18 574.079 4488.8 -2423.18 552.345 4491.98 -2444.69 555.891 4516.21 -2444.69 534.157 4513.03 -2423.18 530.61 4537.26 -2423.18 508.876 4538.85 -2433.94 510.649 4562.64 -2433.94 489.308 4562.64 -2396.54 478.182 4571 -2398.59 471.295 4571 -2360.74 460.033 4554.29 -2356.64 473.807 4554.29 -2318.79 462.544 4571 -2322.89 448.77 4571 -2285.04 437.508 4562.64 -2282.99 444.395 4562.64 -2245.51 433.245
element 32
  poly 0: 4455.56 -2238.89 557.598 4427.05 -2238.89 575.846 4425.61 -2228.2 573.59 4398.16 -2228.2 591.165 4401.04 -2249.58 595.676 4373.59 -2249.58 613.251 4370.7 -2228.2 608.739 4343.25 -2228.2 626.313 4344.69 -2238.89 628.569 4316.4 -2238.89 646.684 4316.4 -2277.26 658.102 4325.82 -2278.91 652.561 4325.82 -2316.81 663.838 4306.98 -2313.52 674.92 4306.98 -2351.42 686.197 4325.82 -2354.72 675.115 4325.82 -2392.62 686.392 4316.4 -2390.97 691.933 4316.4 -2429.9 703.515 4345.01 -2429.9 685.198 4343.57 -2419.21 682.942 4371.04 -2419.21 665.356 4373.93 -2440.59 669.868 4401.4 -2440.59 652.282 4398.51 -2419.21 647.77 4425.98 -2419.21 630.184 4427.42 -2429.9 632.44 4455.56 -2429.9 614.43 4455.56 -2391.5 603.006 4464.96 -2393.15 597.475 4464.96 -2355.28 586.206 4446.15 -2351.98 597.27 4446.15 -2314.11 586.001 4464.96 -2317.4 574.938 4464.96 -2279.53 563.67 4455.56 -2277.88 569.201 4455.56 -2238.89 557.598
  poly 1: 4442.55 -2245.51 540.967 4415.72 -2245.51 558.143 4414.28 -2234.82 555.887 4386.82 -2234.82 573.462 4389.71 -2256.2 577.973 4362.26 -2256.2 595.547 4359.37 -2234.82 591.036 4331.92 -2234.82 608.61 4333.36 -2245.51 610.866 4306.75 -2245.51 627.899 4306.75 -2282.94 639.035 4316.18 -2284.59 633.494 4316.18 -2322.49 644.771 4297.33 -2319.19 655.853 4297.33 -2357.09 667.13 4316.18 -2360.39 656.048 4316.18 -2398.29 667.325 4306.75 -2396.64 672.866 4306.75 -2433.94 683.962 4333.33 -2433.94 666.95 4331.88 -2423.25 664.694 4359.36 -2423.25 647.108 4362.24 -2444.63 651.62 4389.72 -2444.63 634.034 4386.83 -2423.25 629.522 4414.3 -2423.25 611.935 4415.74 -2433.94 614.192 4442.55 -2433.94 597.029 4442.55 -2396.59 585.916 4451.96 -2398.23 580.385 4451.96 -2360.36 569.116 4433.15 -2357.07 580.18 4433.15 -2319.2 568.911 4451.96 -2322.49 557.848 4451.96 -2284.61 546.58 4442.55 -2282.97 552.111 4442.55 -2245.51 540.967
element 33
  poly 0: 4316.4 -2238.24 646.493 4284.62 -2238.24 658.689 4283.56 -2227.62 655.934 4253.07 -2227.62 667.635 4255.18 -2248.87 673.144 4224.69 -2248.87 684.845 4222.58 -2227.62 679.337 4192.09 -2227.62 691.038 4193.15 -2238.24 693.792 4161.53 -2238.24 705.926 4161.53 -2276.75 717.382 4171.92 -2277.84 713.718 4171.92 -2315.78 725.006 4151.13 -2313.6 732.334 4151.13 -2351.54 743.622 4171.92 -2353.72 736.294 4171.92 -2391.66 747.582 4161.53 -2390.57 751.246 4161.53 -2429.48 762.823 4193.39 -2429.48 750.597 4192.33 -2418.86 747.843 4222.84 -2418.86 736.132 4224.96 -2440.1 741.642 4255.47 -2440.1 729.932 4253.36 -2418.86 724.422 4283.87 -2418.86 712.712 4284.93 -2429.48 715.467 4316.4 -2429.48 703.391 4316.4 -2390.97 691.933 4326.77 -2392.06 688.276 4326.77 -2354.16 676.999 4306.02 -2351.98 684.314 4306.02 -2314.08 673.037 4326.77 -2316.25 665.722 4326.77 -2278.35 654.445 4316.4 -2277.26 658.102 4316.4 -2238.24 646.493
  poly 1: 4306.75 -2245.51 627.899 4277.16 -2245.51 639.256 4276.1 -2234.89 636.502 4245.61 -2234.89 648.203 4247.73 -2256.13 653.712 4217.24 -2256.13 665.413 4215.12 -2234.89 659.904 4184.63 -2234.89 671.605 4185.69 -2245.51 674.36 4156.32 -2245.51 685.628 4156.32 -2282.89 696.749 4166.72 -2283.98 693.085 4166.72 -2321.92 704.373 4145.93 -2319.74 711.701 4145.93 -2357.68 722.989 4166.72 -2359.86 715.661 4166.72 -2397.8 726.949 4156.32 -2396.71 730.613 4156.32 -2433.94 741.691 4185.65 -2433.94 730.437 4184.59 -2423.32 727.682 4215.11 -2423.32 715.972 4217.22 -2444.56 721.482 4247.74 -2444.56 709.771 4245.62 -2423.32 704.262 4276.14 -2423.32 692.552 4277.19 -2433.94 695.306 4306.75 -2433.94 683.962 4306.75 -2396.64 672.866 4317.13 -2397.73 669.208 4317.13 -2359.83 657.931 4296.38 -2357.65 665.246 4296.38 -2319.75 653.969 4317.13 -2321.93 646.654 4317.13 -2284.03 635.377 4306.75 -2282.94 639.035 4306.75 -2245.51 627.899
element 34
  poly 0: 4161.53 -2237.85 705.807 4127.67 -2237.85 710.135 4127.28 -2227.27 707.04 4094.83 -2227.27 711.187 4095.62 -2248.42 717.379 4063.18 -2248.42 721.526 4062.39 -2227.27 715.335 4029.95 -2227.27 719.482 4030.34 -2237.85 722.578 3996.59 -2237.85 726.893 3996.59 -2276.5 738.393 4007.59 -2276.88 737.102 4007.59 -2314.86 748.402 3985.59 -2314.09 750.985 3985.59 -2352.07 762.285 4007.59 -2352.84 759.702 4007.59 -2390.82 771.002 3996.59 -2390.44 772.294 3996.59 -2429.21 783.831 4030.42 -2429.21 779.506 4030.03 -2418.64 776.409 4062.49 -2418.64 772.258 4063.29 -2439.79 778.451 4095.75 -2439.79 774.3 4094.96 -2418.64 768.108 4127.43 -2418.64 763.957 4127.82 -2429.21 767.053 4161.53 -2429.21 762.745 4161.53 -2390.57 751.246 4172.52 -2390.95 749.955 4172.52 -2353.01 738.667 4150.54 -2352.24 741.249 4150.54 -2314.3 729.961 4172.52 -2315.07 727.379 4172.52 -2277.13 716.091 4161.53 -2276.75 717.382 4161.53 -2237.85 705.807
  poly 1: 4156.32 -2245.51 685.628 4125.05 -2245.51 689.626 4124.65 -2234.94 686.531 4092.21 -2234.94 690.678 4093 -2256.09 696.87 4060.56 -2256.09 701.017 4059.77 -2234.94 694.826 4027.32 -2234.94 698.974 4027.72 -2245.51 702.069 3996.59 -2245.51 706.049 3996.59 -2282.82 717.149 4007.59 -2283.2 715.857 4007.59 -2321.18 727.157 3985.59 -2320.41 729.741 3985.59 -2358.39 741.041 4007.59 -2359.16 738.457 4007.59 -2397.14 749.757 3996.59 -2396.76 751.049 3996.59 -2433.94 762.112 4027.69 -2433.94 758.136 4027.29 -2423.36 755.04 4059.76 -2423.36 750.889 4060.55 -2444.52 757.082 4093.02 -2444.52 752.931 4092.23 -2423.36 746.738 4124.7 -2423.36 742.587 4125.09 -2433.94 745.684 4156.32 -2433.94 741.691 4156.32 -2396.71 730.613 4167.31 -2397.09 729.322 4167.31 -2359.15 718.034 4145.33 -2358.38 720.616 4145.33 -2320.44 709.328 4167.31 -2321.21 706.746 4167.31 -2283.27 695.458 4156.32 -2282.89 696.749 4156.32 -2245.51 685.628
element 35
  poly 0: 3996.59 -2237.85 726.893 3962.83 -2237.85 722.578 3963.23 -2227.27 719.482 3930.79 -2227.27 715.335 3930 -2248.42 721.526 3897.55 -2248.42 717.379 3898.34 -2227.27 711.187 3865.9 -2227.27 707.04 3865.51 -2237.85 710.135 3831.65 -2237.85 705.807 3831.65 -2276.75 717.382 3842.64 -2276.36 718.673 3842.64 -2314.3 729.961 3820.66 -2315.07 727.379 3820.66 -2353.01 738.667 3842.64 -2352.24 741.249 3842.64 -2390.18 752.537 3831.65 -2390.57 751.246 3831.65 -2429.21 762.745 3865.35 -2429.21 767.053 3865.75 -2418.64 763.957 3898.22 -2418.64 768.108 3897.42 -2439.79 774.3 3929.89 -2439.79 778.451 3930.68 -2418.64 772.258 3963.15 -2418.64 776.409 3962.76 -2429.21 779.506 3996.59 -2429.21 783.831 3996.59 -2390.44 772.294 4007.59 -2390.05 773.585 4007.59 -2352.07 762.285 3985.59 -2352.84 759.702 3985.59 -2314.86 748.402 4007.59 -2314.09 750.985 4007.59 -2276.11 739.685 3996.59 -2276.5 738.393 3996.59 -2237.85 726.893
  poly 1: 3996.59 -2245.51 706.049 3965.46 -2245.51 702.069 3965.85 -2234.94 698.974 3933.41 -2234.94 694.826 3932.62 -2256.09 701.017 3900.17 -2256.09 696.87 3900.97 -2234.94 690.678 3868.52 -2234.94 686.531 3868.13 -2245.51 689.626 3836.85 -2245.51 685.628 3836.85 -2282.89 696.749 3847.84 -2282.5 698.04 3847.84 -2320.44 709.328 3825.86 -2321.21 706.746 3825.86 -2359.15 718.034 3847.84 -2358.38 720.616 3847.84 -2396.32 731.904 3836.85 -2396.71 730.613 3836.85 -2433.94 741.691 3868.08 -2433.94 745.684 3868.48 -2423.36 742.587 3900.95 -2423.36 746.738 3900.16 -2444.52 752.931 3932.62 -2444.52 757.082 3933.42 -2423.36 750.889 3965.88 -2423.36 755.04 3965.49 -2433.94 758.136 3996.59 -2433.94 762.112 3996.59 -2396.76 751.049 4007.59 -2396.37 752.341 4007.59 -2358.39 741.041 3985.59 -2359.16 738.457 3985.59 -2321.18 727.157 4007.59 -2320.41 729.741 4007.59 -2282.43 718.441 3996.59 -2282.82 717.149 3996.59 -2245.51 706.049
element 36
  poly 0: 3831.65 -2238.24 705.926 3800.03 -2238.24 693.792 3801.09 -2227.62 691.038 3770.6 -2227.62 679.337 3768.48 -2248.87 684.845 3737.99 -2248.87 673.144 3740.11 -2227.62 667.635 3709.62 -2227.62 655.934 3708.56 -2238.24 658.689 3676.78 -2238.24 646.493 3676.78 -2277.26 658.102 3687.15 -2276.18 661.76 3687.15 -2314.08 673.037 3666.4 -2316.25 665.722 3666.4 -2354.16 676.999 3687.15 -2351.98 684.314 3687.15 -2389.88 695.591 3676.78 -2390.97 691.933 3676.78 -2429.48 703.391 3708.25 -2429.48 715.467 3709.3 -2418.86 712.712 3739.82 -2418.86 724.422 3737.7 -2440.1 729.932 3768.22 -2440.1 741.642 3770.33 -2418.86 736.132 3800.85 -2418.86 747.843 3799.79 -2429.48 750.597 3831.65 -2429.48 762.823 3831.65 -2390.57 751.246 3842.04 -2389.48 754.91 3842.04 -2351.54 743.622 3821.26 -2353.72 736.294 3821.26 -2315.78 725.006 3842.04 -2313.6 732.334 3842.04 -2275.66 721.046 3831.65 -2276.75 717.382 3831.65 -2238.24 705.926
  poly 1: 3836.85 -2245.51 685.628 3807.49 -2245.51 674.36 3808.55 -2234.89 671.605 3778.06 -2234.89 659.904 3775.94 -2256.13 665.413 3745.45 -2256.13 653.712 3747.56 -2234.89 648.203 3717.07 -2234.89 636.502 3716.02 -2245.51 639.256 3686.42 -2245.51 627.899 3686.42 -2282.94 639.035 3696.8 -2281.85 642.692 3696.8 -2319.75 653.969 3676.05 -2321.93 646.654 3676.05 -2359.83 657.931 3696.8 -2357.65 665.246 3696.8 -2395.56 676.523 3686.42 -2396.64 672.866 3686.42 -2433.94 683.962 3715.98 -2433.94 695.306 3717.04 -2423.32 692.552 3747.56 -2423.32 704.262 3745.44 -2444.56 709.771 3775.96 -2444.56 721.482 3778.07 -2423.32 715.972 3808.58 -2423.32 727.682 3807.53 -2433.94 730.437 3836.85 -2433.94 741.691 3836.85 -2396.71 730.613 3847.25 -2395.62 734.277 3847.25 -2357.68 722.989 3826.46 -2359.86 715.661 3826.46 -2321.92 704.373 3847.25 -2319.74 711.701 3847.25 -2281.8 700.413 3836.85 -2282.89 696.749 3836.85 -2245.51 685.628
element 37
  poly 0: 3676.78 -2238.89 646.684 3648.48 -2238.89 628.569 3649.93 -2228.2 626.313 3622.47 -2228.2 608.739 3619.59 -2249.58 613.251 3592.13 -2249.58 595.676 3595.02 -2228.2 591.165 3567.57 -2228.2 573.59 3566.12 -2238.89 575.846 3537.62 -2238.89 557.598 3537.62 -2277.88 569.201 3547.02 -2276.24 574.733 3547.02 -2314.11 586.001 3528.21 -2317.4 574.938 3528.21 -2355.28 586.206 3547.02 -2351.98 597.27 3547.02 -2389.86 608.538 3537.62 -2391.5 603.006 3537.62 -2429.9 614.43 3565.75 -2429.9 632.44 3567.2 -2419.21 630.184 3594.67 -2419.21 647.77 3591.78 -2440.59 652.282 3619.25 -2440.59 669.868 3622.14 -2419.21 665.356 3649.61 -2419.21 682.942 3648.17 -2429.9 685.198 3676.78 -2429.9 703.515 3676.78 -2390.97 691.933 3686.2 -2389.32 697.474 3686.2 -2351.42 686.197 3667.36 -2354.72 675.115 3667.36 -2316.81 663.838 3686.2 -2313.52 674.92 3686.2 -2275.62 663.643 3676.78 -2277.26 658.102 3676.78 -2238.89 646.684
  poly 1: 3686.42 -2245.51 627.899 3659.82 -2245.51 610.866 3661.26 -2234.82 608.61 3633.81 -2234.82 591.036 3630.92 -2256.2 595.547 3603.47 -2256.2 577.973 3606.35 -2234.82 573.462 3578.9 -2234.82 555.887 3577.46 -2245.51 558.143 3550.63 -2245.51 540.967 3550.63 -2282.97 552.111 3560.03 -2281.32 557.643 3560.03 -2319.2 568.911 3541.22 -2322.49 557.848 3541.22 -2360.36 569.116 3560.03 -2357.07 580.18 3560.03 -2394.94 591.448 3550.63 -2396.59 585.916 3550.63 -2433.94 597.029 3577.43 -2433.94 614.192 3578.88 -2423.25 611.935 3606.35 -2423.25 629.522 3603.46 -2444.63 634.034 3630.93 -2444.63 651.62 3633.82 -2423.25 647.108 3661.29 -2423.25 664.694 3659.85 -2433.94 666.95 3686.42 -2433.94 683.962 3686.42 -2396.64 672.866 3695.85 -2394.99 678.407 3695.85 -2357.09 667.13 3677 -2360.39 656.048 3677 -2322.49 644.771 3695.85 -2319.19 655.853 3695.85 -2281.29 644.576 3686.42 -2282.94 639.035 3686.42 -2245.51 627.899
element 38
  poly 0: 3537.62 -2239.59 557.809 3512.82 -2239.59 535.565 3514.41 -2228.84 533.792 3490.19 -2228.84 512.07 3487.01 -2250.35 515.617 3462.8 -2250.35 493.895 3465.98 -2228.84 490.348 3441.76 -2228.84 468.626 3440.17 -2239.59 470.4 3415.14 -2239.59 447.948 3415.14 -2278.49 459.52 3423.5 -2276.44 466.407 3423.5 -2314.29 477.669 3406.78 -2318.39 463.895 3406.78 -2356.24 475.157 3423.5 -2352.14 488.931 3423.5 -2389.99 500.193 3415.14 -2392.04 493.306 3415.14 -2430.35 504.704 3439.81 -2430.35 526.832 3441.4 -2419.6 525.058 3465.63 -2419.6 546.793 3462.45 -2441.11 550.339 3486.68 -2441.11 572.074 3489.86 -2419.6 568.527 3514.09 -2419.6 590.262 3512.5 -2430.35 592.035 3537.62 -2430.35 614.565 3537.62 -2391.5 603.006 3545.99 -2389.45 609.902 3545.99 -2351.58 598.633 3529.25 -2355.68 584.843 3529.25 -2317.81 573.574 3545.99 -2313.71 587.365 3545.99 -2275.83 576.097 3537.62 -2277.88 569.201 3537.62 -2239.59 557.809
  poly 1: 3550.63 -2245.51 540.967 3526.99 -2245.51 519.767 3528.58 -2234.76 517.994 3504.37 -2234.76 496.272 3501.18 -2256.27 499.818 3476.97 -2256.27 478.096 3480.15 -2234.76 474.55 3455.93 -2234.76 452.828 3454.34 -2245.51 454.601 3430.53 -2245.51 433.245 3430.53 -2282.99 444.395 3438.89 -2280.94 451.282 3438.89 -2318.79 462.544 3422.18 -2322.89 448.77 3422.18 -2360.74 460.033 3438.89 -2356.64 473.807 3438.89 -2394.49 485.069 3430.53 -2396.54 478.182 3430.53 -2433.94 489.308 3454.33 -2433.94 510.649 3455.92 -2423.18 508.876 3480.15 -2423.18 530.61 3476.97 -2444.69 534.157 3501.2 -2444.69 555.891 3504.38 -2423.18 552.345 3528.61 -2423.18 574.079 3527.02 -2433.94 575.852 3550.63 -2433.94 597.029 3550.63 -2396.59 585.916 3558.99 -2394.54 592.812 3558.99 -2356.66 581.543 3542.26 -2360.77 567.753 3542.26 -2322.89 556.484 3558.99 -2318.79 570.275 3558.99 -2280.92 559.007 3550.63 -2282.97 552.111 3550.63 -2245.51 540.967
element 39
  poly 0: 3415.14 -2240.26 448.147 3393.56 -2240.26 423.244 3395.16 -2229.45 421.865 3373.96 -2229.45 397.409 3370.78 -2251.07 400.167 3349.59 -2251.07 375.711 3352.77 -2229.45 372.953 3331.58 -2229.45 348.497 3329.99 -2240.26 349.876 3308.53 -2240.26 325.111 3308.53 -2430.77 381.794 3329.66 -2430.77 406.177 3331.25 -2419.96 404.798 3352.46 -2419.96 429.27 3349.27 -2441.58 432.028 3370.48 -2441.58 456.5 3373.66 -2419.96 453.741 3394.87 -2419.96 478.213 3393.27 -2430.77 479.592 3415.14 -2430.77 504.83 3415.14 -2392.04 493.306 3422.53 -2389.71 501.143 3422.53 -2351.86 489.881 3407.75 -2356.52 474.208 3407.75 -2318.67 462.946 3422.53 -2314.01 478.619 3422.53 -2276.16 467.357 3415.14 -2278.49 459.52 3415.14 -2240.26 448.147
  poly 1: 3430.53 -2245.51 433.245 3409.73 -2245.51 409.236 3411.32 -2234.7 407.857 3390.13 -2234.7 383.401 3386.95 -2256.32 386.159 3365.76 -2256.32 361.704 3368.94 -2234.7 358.945 3347.75 -2234.7 334.489 3346.16 -2245.51 335.869 3324.85 -2245.51 311.281 3324.85 -2433.94 367.343 3346.13 -2433.94 391.904 3347.72 -2423.13 390.524 3368.93 -2423.13 414.996 3365.75 -2444.75 417.754 3386.95 -2444.75 442.226 3390.13 -2423.13 439.467 3411.34 -2423.13 463.939 3409.75 -2433.94 465.318 3430.53 -2433.94 489.308 3430.53 -2396.54 478.182 3437.92 -2394.21 486.018 3437.92 -2356.36 474.756 3423.14 -2361.02 459.083 3423.14 -2323.17 447.821 3437.92 -2318.51 463.494 3437.92 -2280.66 452.232 3430.53 -2282.99 444.395 3430.53 -2245.51 433.245
element 40
  poly 0: 4668.32 -2433.94 367.343 4647.04 -2433.94 391.904 4646.25 -2422.98 391.212 4625.04 -2422.98 415.684 4626.64 -2444.9 417.066 4605.43 -2444.9 441.538 4603.84 -2422.98 440.155 4582.63 -2422.98 464.627 4583.43 -2433.94 465.318 4562.64 -2433.94 489.308 4562.64 -2472.58 494.991 4569.91 -2473.79 486.788 4569.91 -2512.88 492.539 4555.38 -2510.47 508.945 4555.38 -2549.56 514.695 4569.91 -2551.98 498.289 4569.91 -2591.07 504.039 4562.64 -2589.86 512.242 4562.64 -2628.43 517.914 4583.41 -2628.43 493.949 4582.61 -2617.46 493.257 4603.83 -2617.46 468.769 4605.43 -2639.39 470.151 4626.65 -2639.39 445.663 4625.05 -2617.46 444.28 4646.27 -2617.46 419.791 4647.07 -2628.43 420.483 4668.32 -2628.43 395.95 4668.32 -2433.94 367.343
  poly 1: 4684.87 -2430.77 381.529 4663.52 -2430.77 406.177 4662.72 -2419.81 405.486 4641.51 -2419.81 429.957 4643.11 -2441.74 431.34 4621.91 -2441.74 455.812 4620.31 -2419.81 454.429 4599.11 -2419.81 478.9 4599.9 -2430.77 479.592 4578.28 -2430.77 504.545 4578.28 -2470.32 510.362 4585.54 -2471.53 502.159 4585.54 -2510.62 507.909 4571.02 -2508.21 524.315 4571.02 -2547.3 530.066 4585.54 -2549.71 513.659 4585.54 -2588.81 519.41 4578.28 -2587.6 527.613 4578.28 -2627.37 533.462 4600.04 -2627.37 508.355 4599.24 -2616.41 507.664 4620.46 -2616.41 483.175 4622.05 -2638.33 484.558 4643.27 -2638.33 460.07 4641.68 -2616.41 458.687 4662.9 -2616.41 434.198 4663.69 -2627.37 434.89 4684.87 -2627.37 410.445 4684.87 -2430.77 381.529
element 41
  poly 0: 4562.64 -2433.94 489.308 4538.85 -2433.94 510.649 4538.05 -2422.99 509.757 4513.82 -2422.99 531.491 4515.42 -2444.89 533.276 4491.19 -2444.89 555.011 4489.59 -2422.99 553.225 4465.36 -2422.99 574.96 4466.16 -2433.94 575.852 4442.55 -2433.94 597.029 4442.55 -2472.55 602.709 4450.81 -2473.62 595.461 4450.81 -2512.74 601.215 4434.3 -2510.6 615.71 4434.3 -2549.72 621.464 4450.81 -2551.86 606.97 4450.81 -2590.98 612.724 4442.55 -2589.91 619.971 4442.55 -2628.43 625.636 4466.13 -2628.43 604.483 4465.33 -2617.48 603.59 4489.58 -2617.48 581.842 4491.18 -2639.38 583.627 4515.43 -2639.38 561.878 4513.82 -2617.48 560.093 4538.07 -2617.48 538.345 4538.87 -2628.43 539.237 4562.64 -2628.43 517.914 4562.64 -2589.86 512.242 4570.89 -2590.93 505.004 4570.89 -2551.83 499.254 4554.4 -2549.7 513.73 4554.4 -2510.61 507.98 4570.89 -2512.74 493.504 4570.89 -2473.65 487.753 4562.64 -2472.58 494.991 4562.64 -2433.94 489.308
  poly 1: 4578.28 -2430.35 504.483 4553.37 -2430.35 526.832 4552.57 -2419.4 525.939 4528.34 -2419.4 547.673 4529.94 -2441.3 549.459 4505.71 -2441.3 571.193 4504.11 -2419.4 569.408 4479.88 -2419.4 591.142 4480.68 -2430.35 592.035 4455.82 -2430.35 614.326 4455.82 -2469.98 620.156 4464.08 -2471.05 612.908 4464.08 -2510.17 618.662 4447.57 -2508.04 633.157 4447.57 -2547.16 638.911 4464.08 -2549.29 624.417 4464.08 -2588.41 630.171 4455.82 -2587.34 637.418 4455.82 -2627.23 643.284 4480.82 -2627.23 620.86 4480.02 -2616.27 619.967 4504.27 -2616.27 598.219 4505.87 -2638.18 600.004 4530.12 -2638.18 578.255 4528.51 -2616.27 576.47 4552.76 -2616.27 554.722 4553.56 -2627.23 555.614 4578.28 -2627.23 533.441 4578.28 -2587.6 527.613 4586.53 -2588.67 520.375 4586.53 -2549.57 514.625 4570.04 -2547.44 529.1 4570.04 -2508.35 523.35 4586.53 -2510.48 508.874 4586.53 -2471.38 503.124 4578.28 -2470.32 510.362 4578.28 -2430.35 504.483
element 42
  poly 0: 4455.82 -2429.9 614.26 4427.42 -2429.9 632.44 4426.69 -2418.96 631.299 4399.22 -2418.96 648.885 4400.68 -2440.83 651.167 4373.21 -2440.83 668.753 4371.75 -2418.96 666.471 4344.28 -2418.96 684.057 4345.01 -2429.9 685.198 4316.64 -2429.9 703.358 4316.64 -2469.63 709.202 4325.98 -2470.49 703.349 4325.98 -2509.64 709.108 4307.3 -2507.92 720.813 4307.3 -2547.07 726.572 4325.98 -2548.79 714.866 4325.98 -2587.95 720.625 4316.64 -2587.08 726.478 4316.64 -2627.07 732.359 4345.16 -2627.07 714.104 4344.43 -2616.13 712.963 4371.92 -2616.13 695.365 4373.38 -2638.01 697.647 4400.87 -2638.01 680.049 4399.41 -2616.13 677.767 4426.9 -2616.13 660.169 4427.63 -2627.07 661.31 4455.82 -2627.07 643.261 4455.82 -2587.34 637.418 4465.15 -2588.2 631.576 4465.15 -2549.08 625.822 4446.5 -2547.36 637.506 4446.5 -2508.24 631.752 4465.15 -2509.96 620.068 4465.15 -2470.84 614.314 4455.82 -2469.98 620.156 4455.82 -2429.9 614.26
  poly 1: 4442.55 -2433.94 597.029 4415.74 -2433.94 614.192 4415.01 -2423 613.05 4387.54 -2423 630.637 4389 -2444.88 632.919 4361.53 -2444.88 650.505 4360.07 -2423 648.223 4332.6 -2423 665.809 4333.33 -2433.94 666.95 4306.75 -2433.94 683.962 4306.75 -2472.51 689.635 4316.09 -2473.37 683.783 4316.09 -2512.52 689.541 4297.41 -2510.8 701.247 4297.41 -2549.95 707.005 4316.09 -2551.67 695.3 4316.09 -2590.82 701.058 4306.75 -2589.96 706.911 4306.75 -2628.43 712.569 4333.3 -2628.43 695.575 4332.57 -2617.49 694.434 4360.06 -2617.49 676.836 4361.52 -2639.36 679.118 4389.01 -2639.36 661.521 4387.55 -2617.49 659.238 4415.04 -2617.49 641.641 4415.77 -2628.43 642.782 4442.55 -2628.43 625.636 4442.55 -2589.91 619.971 4451.87 -2590.77 614.129 4451.87 -2551.65 608.375 4433.23 -2549.93 620.059 4433.23 -2510.81 614.305 4451.87 -2512.53 602.621 4451.87 -2473.41 596.867 4442.55 -2472.55 602.709 4442.55 -2433.94 597.029
element 43
  poly 0: 4316.64 -2429.48 703.296 4284.93 -2429.48 715.467 4284.39 -2418.56 714.066 4253.88 -2418.56 725.777 4254.95 -2440.4 728.577 4224.44 -2440.4 740.287 4223.36 -2418.56 737.487 4192.85 -2418.56 749.197 4193.39 -2429.48 750.597 4161.68 -2429.48 762.764 4161.68 -2469.33 768.625 4172.04 -2469.9 764.735 4172.04 -2509.08 770.498 4151.33 -2507.94 778.279 4151.33 -2547.12 784.042 4172.04 -2548.27 776.262 4172.04 -2587.45 782.025 4161.68 -2586.88 785.915 4161.68 -2626.92 791.805 4193.5 -2626.92 779.593 4192.97 -2616 778.193 4223.5 -2616 766.475 4224.58 -2637.85 769.276 4255.11 -2637.85 757.558 4254.04 -2616 754.758 4284.57 -2616 743.04 4285.11 -2626.92 744.44 4316.64 -2626.92 732.338 4316.64 -2587.08 726.478 4326.98 -2587.66 722.595 4326.98 -2548.5 716.837 4306.31 -2547.36 724.602 4306.31 -2508.21 718.843 4326.98 -2509.35 711.078 4326.98 -2470.2 705.319 4316.64 -2469.63 709.202 4316.64 -2429.48 703.296
  poly 1: 4306.75 -2433.94 683.962 4277.19 -2433.94 695.306 4276.66 -2423.02 693.906 4246.14 -2423.02 705.616 4247.22 -2444.86 708.417 4216.7 -2444.86 720.127 4215.63 -2423.02 717.327 4185.11 -2423.02 729.037 4185.65 -2433.94 730.437 4156.32 -2433.94 741.691 4156.32 -2472.46 747.357 4166.68 -2473.03 743.466 4166.68 -2512.21 749.23 4145.97 -2511.07 757.01 4145.97 -2550.25 762.774 4166.68 -2551.4 754.993 4166.68 -2590.58 760.757 4156.32 -2590.01 764.647 4156.32 -2628.43 770.298 4185.62 -2628.43 759.054 4185.09 -2617.5 757.653 4215.62 -2617.5 745.936 4216.69 -2639.35 748.737 4247.23 -2639.35 737.019 4246.15 -2617.5 734.218 4276.69 -2617.5 722.501 4277.22 -2628.43 723.901 4306.75 -2628.43 712.569 4306.75 -2589.96 706.911 4317.09 -2590.53 703.029 4317.09 -2551.38 697.27 4296.42 -2550.24 705.035 4296.42 -2511.09 699.277 4317.09 -2512.23 691.511 4317.09 -2473.08 685.753 4306.75 -2472.51 689.635 4306.75 -2433.94 683.962
element 44
  poly 0: 4161.68 -2429.21 762.725 4127.82 -2429.21 767.053 4127.62 -2418.3 765.474 4095.15 -2418.3 769.625 4095.56 -2440.13 772.783 4063.09 -2440.13 776.934 4062.69 -2418.3 773.776 4030.22 -2418.3 777.926 4030.42 -2429.21 779.506 3996.59 -2429.21 783.831 3996.59 -2469.17 789.708 4007.59 -2469.38 788.332 4007.59 -2508.59 794.099 3985.59 -2508.18 796.852 3985.59 -2547.39 802.62 4007.59 -2547.8 799.867 4007.59 -2587.01 805.634 3996.59 -2586.8 807.01 3996.59 -2626.83 812.898 4030.47 -2626.83 808.567 4030.26 -2615.92 806.987 4062.75 -2615.92 802.834 4063.15 -2637.74 805.993 4095.63 -2637.74 801.841 4095.23 -2615.92 798.682 4127.71 -2615.92 794.529 4127.92 -2626.83 796.108 4161.68 -2626.83 791.791 4161.68 -2586.88 785.915 4172.67 -2587.08 784.54 4172.67 -2547.9 778.777 4150.69 -2547.49 781.527 4150.69 -2508.31 775.764 4172.67 -2508.71 773.013 4172.67 -2469.53 767.25 4161.68 -2469.33 768.625 4161.68 -2429.21 762.725
  poly 1: 4156.32 -2433.94 741.691 4125.09 -2433.94 745.684 4124.89 -2423.03 744.105 4092.42 -2423.03 748.255 4092.83 -2444.85 751.414 4060.36 -2444.85 755.564 4059.96 -2423.03 752.406 4027.49 -2423.03 756.557 4027.69 -2433.94 758.136 3996.59 -2433.94 762.112 3996.59 -2472.4 767.769 4007.59 -2472.6 766.393 4007.59 -2511.81 772.16 3985.59 -2511.41 774.913 3985.59 -2550.62 780.68 4007.59 -2551.02 777.927 4007.59 -2590.23 783.695 3996.59 -2590.03 785.071 3996.59 -2628.43 790.719 4027.68 -2628.43 786.744 4027.47 -2617.51 785.165 4059.96 -2617.51 781.012 4060.36 -2639.34 784.171 4092.84 -2639.34 780.018 4092.44 -2617.51 776.859 4124.92 -2617.51 772.707 4125.13 -2628.43 774.286 4156.32 -2628.43 770.298 4156.32 -2590.01 764.647 4167.31 -2590.21 763.272 4167.31 -2551.03 757.508 4145.33 -2550.62 760.259 4145.33 -2511.44 754.495 4167.31 -2511.84 751.745 4167.31 -2472.66 745.981 4156.32 -2472.46 747.357 4156.32 -2433.94 741.691
element 45
  poly 0: 3996.59 -2429.21 783.831 3962.76 -2429.21 779.506 3962.96 -2418.3 777.926 3930.49 -2418.3 773.776 3930.09 -2440.13 776.934 3897.62 -2440.13 772.783 3898.02 -2418.3 769.625 3865.55 -2418.3 765.474 3865.35 -2429.21 767.053 3831.49 -2429.21 762.725 3831.49 -2469.33 768.625 3842.48 -2469.13 770 3842.48 -2508.31 775.764 3820.5 -2508.71 773.013 3820.5 -2547.9 778.777 3842.48 -2547.49 781.527 3842.48 -2586.68 787.291 3831.49 -2586.88 785.915 3831.49 -2626.83 791.791 3865.26 -2626.83 796.108 3865.46 -2615.92 794.529 3897.95 -2615.92 798.682 3897.54 -2637.74 801.841 3930.03 -2637.74 805.993 3930.43 -2615.92 802.834 3962.91 -2615.92 806.987 3962.71 -2626.83 808.567 3996.59 -2626.83 812.898 3996.59 -2586.8 807.01 4007.59 -2586.6 808.387 4007.59 -2547.39 802.62 3985.59 -2547.8 799.867 3985.59 -2508.59 794.099 4007.59 -2508.18 796.852 4007.59 -2468.97 791.085 3996.59 -2469.17 789.708 3996.59 -2429.21 783.831
  poly 1: 3996.59 -2433.94 762.112 3965.49 -2433.94 758.136 3965.69 -2423.03 756.557 3933.22 -2423.03 752.406 3932.82 -2444.85 755.564 3900.35 -2444.85 751.414 3900.75 -2423.03 748.255 3868.29 -2423.03 744.105 3868.08 -2433.94 745.684 3836.85 -2433.94 741.691 3836.85 -2472.46 747.357 3847.84 -2472.25 748.732 3847.84 -2511.44 754.495 3825.86 -2511.84 751.745 3825.86 -2551.03 757.508 3847.84 -2550.62 760.259 3847.84 -2589.81 766.022 3836.85 -2590.01 764.647 3836.85 -2628.43 770.298 3868.05 -2628.43 774.286 3868.25 -2617.51 772.707 3900.74 -2617.51 776.859 3900.33 -2639.34 780.018 3932.82 -2639.34 784.171 3933.22 -2617.51 781.012 3965.7 -2617.51 785.165 3965.5 -2628.43 786.744 3996.59 -2628.43 790.719 3996.59 -2590.03 785.071 4007.59 -2589.83 786.448 4007.59 -2550.62 780.68 3985.59 -2551.02 777.927 3985.59 -2511.81 772.16 4007.59 -2511.41 774.913 4007.59 -2472.2 769.146 3996.59 -2472.4 767.769 3996.59 -2433.94 762.112
element 46
  poly 0: 3831.49 -2429.48 762.764 3799.79 -2429.48 750.597 3800.33 -2418.56 749.197 3769.81 -2418.56 737.487 3768.74 -2440.4 740.287 3738.22 -2440.4 728.577 3739.3 -2418.56 725.777 3708.78 -2418.56 714.066 3708.25 -2429.48 715.467 3676.53 -2429.48 703.296 3676.53 -2469.63 709.202 3686.87 -2469.06 713.085 3686.87 -2508.21 718.843 3666.2 -2509.35 711.078 3666.2 -2548.5 716.837 3686.87 -2547.36 724.602 3686.87 -2586.51 730.36 3676.53 -2587.08 726.478 3676.53 -2626.92 732.338 3708.07 -2626.92 744.44 3708.61 -2616 743.04 3739.14 -2616 754.758 3738.07 -2637.85 757.558 3768.6 -2637.85 769.276 3769.68 -2616 766.475 3800.21 -2616 778.193 3799.67 -2626.92 779.593 3831.49 -2626.92 791.805 3831.49 -2586.88 785.915 3841.85 -2586.31 789.806 3841.85 -2547.12 784.042 3821.14 -2548.27 776.262 3821.14 -2509.08 770.498 3841.85 -2507.94 778.279 3841.85 -2468.76 772.515 3831.49 -2469.33 768.625 3831.49 -2429.48 762.764
  poly 1: 3836.85 -2433.94 741.691 3807.53 -2433.94 730.437 3808.06 -2423.02 729.037 3777.55 -2423.02 717.327 3776.48 -2444.86 720.127 3745.96 -2444.86 708.417 3747.04 -2423.02 705.616 3716.52 -2423.02 693.906 3715.98 -2433.94 695.306 3686.42 -2433.94 683.962 3686.42 -2472.51 689.635 3696.76 -2471.94 693.518 3696.76 -2511.09 699.277 3676.09 -2512.23 691.511 3676.09 -2551.38 697.27 3696.76 -2550.24 705.035 3696.76 -2589.39 710.794 3686.42 -2589.96 706.911 3686.42 -2628.43 712.569 3715.95 -2628.43 723.901 3716.49 -2617.5 722.501 3747.02 -2617.5 734.218 3745.95 -2639.35 737.019 3776.48 -2639.35 748.737 3777.56 -2617.5 745.936 3808.09 -2617.5 757.653 3807.55 -2628.43 759.054 3836.85 -2628.43 770.298 3836.85 -2590.01 764.647 3847.21 -2589.44 768.537 3847.21 -2550.25 762.774 3826.5 -2551.4 754.993 3826.5 -2512.21 749.23 3847.21 -2511.07 757.01 3847.21 -2471.88 751.247 3836.85 -2472.46 747.357 3836.85 -2433.94 741.691
element 47
  poly 0: 3676.53 -2429.9 703.358 3648.17 -2429.9 685.198 3648.9 -2418.96 684.057 3621.43 -2418.96 666.471 3619.96 -2440.83 668.753 3592.49 -2440.83 651.167 3593.95 -2418.96 648.885 3566.48 -2418.96 631.299 3565.75 -2429.9 632.44 3537.35 -2429.9 614.26 3537.35 -2469.98 620.156 3546.68 -2469.12 625.998 3546.68 -2508.24 631.752 3528.03 -2509.96 620.068 3528.03 -2549.08 625.822 3546.68 -2547.36 637.506 3546.68 -2586.49 643.26 3537.35 -2587.34 637.418 3537.35 -2627.07 643.261 3565.55 -2627.07 661.31 3566.28 -2616.13 660.169 3593.77 -2616.13 677.767 3592.31 -2638.01 680.049 3619.8 -2638.01 697.647 3621.26 -2616.13 695.365 3648.75 -2616.13 712.963 3648.02 -2627.07 714.104 3676.53 -2627.07 732.359 3676.53 -2587.08 726.478 3685.87 -2586.22 732.331 3685.87 -2547.07 726.572 3667.19 -2548.79 714.866 3667.19 -2509.64 709.108 3685.87 -2507.92 720.813 3685.87 -2468.77 715.055 3676.53 -2469.63 709.202 3676.53 -2429.9 703.358
  poly 1: 3686.42 -2433.94 683.962 3659.85 -2433.94 666.95 3660.58 -2423 665.809 3633.11 -2423 648.223 3631.65 -2444.88 650.505 3604.18 -2444.88 632.919 3605.64 -2423 630.637 3578.17 -2423 613.05 3577.43 -2433.94 614.192 3550.63 -2433.94 597.029 3550.63 -2472.55 602.709 3559.95 -2471.69 608.551 3559.95 -2510.81 614.305 3541.3 -2512.53 602.621 3541.3 -2551.65 608.375 3559.95 -2549.93 620.059 3559.95 -2589.05 625.813 3550.63 -2589.91 619.971 3550.63 -2628.43 625.636 3577.41 -2628.43 642.782 3578.14 -2617.49 641.641 3605.63 -2617.49 659.238 3604.17 -2639.36 661.521 3631.66 -2639.36 679.118 3633.12 -2617.49 676.836 3660.61 -2617.49 694.434 3659.88 -2628.43 695.575 3686.42 -2628.43 712.569 3686.42 -2589.96 706.911 3695.76 -2589.1 712.764 3695.76 -2549.95 707.005 3677.08 -2551.67 695.3 3677.08 -2512.52 689.541 3695.76 -2510.8 701.247 3695.76 -2471.65 695.488 3686.42 -2472.51 689.635 3686.42 -2433.94 683.962
element 48
  poly 0: 3537.35 -2430.35 614.326 3512.5 -2430.35 592.035 3513.3 -2419.4 591.142 3489.07 -2419.4 569.408 3487.47 -2441.3 571.193 3463.24 -2441.3 549.459 3464.84 -2419.4 547.673 3440.61 -2419.4 525.939 3439.81 -2430.35 526.832 3414.9 -2430.35 504.483 3414.9 -2470.32 510.362 3423.14 -2469.26 517.6 3423.14 -2508.35 523.35 3406.65 -2510.48 508.874 3406.65 -2549.57 514.625 3423.14 -2547.44 529.1 3423.14 -2586.54 534.851 3414.9 -2587.6 527.613 3414.9 -2627.23 533.441 3439.62 -2627.23 555.614 3440.42 -2616.27 554.722 3464.66 -2616.27 576.47 3463.06 -2638.18 578.255 3487.31 -2638.18 600.004 3488.91 -2616.27 598.219 3513.15 -2616.27 619.967 3512.35 -2627.23 620.86 3537.35 -2627.23 643.284 3537.35 -2587.34 637.418 3545.61 -2586.28 644.665 3545.61 -2547.16 638.911 3529.1 -2549.29 624.417 3529.1 -2510.17 618.662 3545.61 -2508.04 633.157 3545.61 -2468.92 627.403 3537.35 -2469.98 620.156 3537.35 -2430.35 614.326
  poly 1: 3550.63 -2433.94 597.029 3527.02 -2433.94 575.852 3527.82 -2422.99 574.96 3503.59 -2422.99 553.225 3501.99 -2444.89 555.011 3477.76 -2444.89 533.276 3479.36 -2422.99 531.491 3455.13 -2422.99 509.757 3454.33 -2433.94 510.649 3430.53 -2433.94 489.308 3430.53 -2472.58 494.991 3438.78 -2471.52 502.229 3438.78 -2510.61 507.98 3422.29 -2512.74 493.504 3422.29 -2551.83 499.254 3438.78 -2549.7 513.73 3438.78 -2588.8 519.48 3430.53 -2589.86 512.242 3430.53 -2628.43 517.914 3454.31 -2628.43 539.237 3455.11 -2617.48 538.345 3479.35 -2617.48 560.093 3477.75 -2639.38 561.878 3502 -2639.38 583.627 3503.6 -2617.48 581.842 3527.84 -2617.48 603.59 3527.04 -2628.43 604.483 3550.63 -2628.43 625.636 3550.63 -2589.91 619.971 3558.88 -2588.84 627.218 3558.88 -2549.72 621.464 3542.37 -2551.86 606.97 3542.37 -2512.74 601.215 3558.88 -2510.6 615.71 3558.88 -2471.48 609.956 3550.63 -2472.55 602.709 3550.63 -2433.94 597.029
element 49
  poly 0: 3414.9 -2430.77 504.545 3393.27 -2430.77 479.592 3394.07 -2419.81 478.9 3372.87 -2419.81 454.429 3371.27 -2441.74 455.812 3350.07 -2441.74 431.34 3351.66 -2419.81 429.957 3330.46 -2419.81 405.486 3329.66 -2430.77 406.177 3308.3 -2430.77 381.529 3308.3 -2627.37 410.445 3329.48 -2627.37 434.89 3330.28 -2616.41 434.198 3351.5 -2616.41 458.687 3349.9 -2638.33 460.07 3371.12 -2638.33 484.558 3372.72 -2616.41 483.175 3393.94 -2616.41 507.664 3393.14 -2627.37 508.355 3414.9 -2627.37 533.462 3414.9 -2587.6 527.613 3422.16 -2586.4 535.816 3422.16 -2547.3 530.066 3407.63 -2549.71 513.659 3407.63 -2510.62 507.909 3422.16 -2508.21 524.315 3422.16 -2469.11 518.565 3414.9 -2470.32 510.362 3414.9 -2430.77 504.545
  poly 1: 3430.53 -2433.94 489.308 3409.75 -2433.94 465.318 3410.54 -2422.98 464.627 3389.34 -2422.98 440.155 3387.74 -2444.9 441.538 3366.54 -2444.9 417.066 3368.14 -2422.98 415.684 3346.93 -2422.98 391.212 3346.13 -2433.94 391.904 3324.85 -2433.94 367.343 3324.85 -2628.43 395.95 3346.11 -2628.43 420.483 3346.91 -2617.46 419.791 3368.13 -2617.46 444.28 3366.53 -2639.39 445.663 3387.75 -2639.39 470.151 3389.35 -2617.46 468.769 3410.57 -2617.46 493.257 3409.77 -2628.43 493.949 3430.53 -2628.43 517.914 3430.53 -2589.86 512.242 3437.8 -2588.66 520.445 3437.8 -2549.56 514.695 3423.27 -2551.98 498.289 3423.27 -2512.88 492.539 3437.8 -2510.47 508.945 3437.8 -2471.37 503.194 3430.53 -2472.58 494.991 3430.53 -2433.94 489.308
element 50
  poly 0: 4668.32 -2628.43 395.95 4647.07 -2628.43 420.483 4647.07 -2617.41 420.483 4625.85 -2617.41 444.971 4625.85 -2639.44 444.971 4604.63 -2639.44 469.46 4604.63 -2617.41 469.46 4583.41 -2617.41 493.949 4583.41 -2628.43 493.949 4562.64 -2628.43 517.914 4562.64 -2667.42 517.914 4569.86 -2667.42 509.585 4569.86 -2706.95 509.585 4555.43 -2706.95 526.244 4555.43 -2746.48 526.244 4569.86 -2746.48 509.585 4569.86 -2786 509.585 4562.64 -2786 517.914 4562.64 -2825 517.914 4583.41 -2825 493.949 4583.41 -2813.99 493.949 4604.63 -2813.99 469.46 4604.63 -2836.02 469.46 4625.85 -2836.02 444.971 4625.85 -2813.99 444.971 4647.07 -2813.99 420.483 4647.07 -2825 420.483 4668.32 -2825 395.95 4668.32 -2628.43 395.95
  poly 1: 4684.95 -2627.37 410.357 4663.69 -2627.37 434.89 4663.69 -2616.36 434.89 4642.47 -2616.36 459.378 4642.47 -2638.38 459.378 4621.26 -2638.38 483.867 4621.26 -2616.36 483.867 4600.04 -2616.36 508.355 4600.04 -2627.37 508.355 4578.36 -2627.37 533.367 4578.36 -2667.42 533.367 4585.58 -2667.42 525.037 4585.58 -2706.95 525.037 4571.15 -2706.95 541.697 4571.15 -2746.48 541.697 4585.58 -2746.48 525.037 4585.58 -2786 525.037 4578.36 -2786 533.367 4578.36 -2826.06 533.367 4600.04 -2826.06 508.355 4600.04 -2815.05 508.355 4621.26 -2815.05 483.867 4621.26 -2837.07 483.867 4642.47 -2837.07 459.378 4642.47 -2815.05 459.378 4663.69 -2815.05 434.89 4663.69 -2826.06 434.89 4684.95 -2826.06 410.357 4684.95 -2627.37 410.357
element 51
  poly 0: 4562.64 -2628.43 517.914 4538.87 -2628.43 539.237 4538.87 -2617.41 539.237 4514.63 -2617.41 560.986 4514.63 -2639.44 560.986 4490.38 -2639.44 582.734 4490.38 -2617.41 582.734 4466.13 -2617.41 604.483 4466.13 -2628.43 604.483 4442.55 -2628.43 625.636 4442.55 -2667.38 625.636 4450.77 -2667.38 618.267 4450.77 -2706.94 618.267 4434.34 -2706.94 633.005 4434.34 -2746.49 633.005 4450.77 -2746.49 618.267 4450.77 -2786.05 618.267 4442.55 -2786.05 625.636 4442.55 -2825 625.636 4466.13 -2825 604.483 4466.13 -2813.99 604.483 4490.38 -2813.99 582.734 4490.38 -2836.02 582.734 4514.63 -2836.02 560.986 4514.63 -2813.99 560.986 4538.87 -2813.99 539.237 4538.87 -2825 539.237 4562.64 -2825 517.914 4562.64 -2786 517.914 4570.85 -2786 510.555 4570.85 -2746.48 510.555 4554.44 -2746.48 525.274 4554.44 -2706.95 525.274 4570.85 -2706.95 510.555 4570.85 -2667.42 510.555 4562.64 -2667.42 517.914 4562.64 -2628.43 517.914
  poly 1: 4578.36 -2627.23 533.367 4553.56 -2627.23 555.614 4553.56 -2616.21 555.614 4529.32 -2616.21 577.363 4529.32 -2638.24 577.363 4505.07 -2638.24 599.111 4505.07 -2616.21 599.111 4480.82 -2616.21 620.86 4480.82 -2627.23 620.86 4455.91 -2627.23 643.203 4455.91 -2667.38 643.203 4464.13 -2667.38 635.834 4464.13 -2706.94 635.834 4447.7 -2706.94 650.572 4447.7 -2746.49 650.572 4464.13 -2746.49 635.834 4464.13 -2786.05 635.834 4455.91 -2786.05 643.203 4455.91 -2826.2 643.203 4480.82 -2826.2 620.86 4480.82 -2815.19 620.86 4505.07 -2815.19 599.111 4505.07 -2837.22 599.111 4529.32 -2837.22 577.363 4529.32 -2815.19 577.363 4553.56 -2815.19 555.614 4553.56 -2826.2 555.614 4578.36 -2826.2 533.367 4578.36 -2786 533.367 4586.57 -2786 526.008 4586.57 -2746.48 526.008 4570.16 -2746.48 540.727 4570.16 -2706.95 540.727 4586.57 -2706.95 526.008 4586.57 -2667.42 526.008 4578.36 -2667.42 533.367 4578.36 -2627.23 533.367
element 52
  poly 0: 4455.91 -2627.07 643.203 4427.63 -2627.07 661.31 4427.63 -2616.05 661.31 4400.14 -2616.05 678.908 4400.14 -2638.09 678.908 4372.65 -2638.09 696.506 4372.65 -2616.05 696.506 4345.16 -2616.05 714.104 4345.16 -2627.07 714.104 4316.73 -2627.07 732.305 4316.73 -2667.33 732.305 4326.04 -2667.33 726.344 4326.04 -2706.92 726.344 4307.42 -2706.92 738.267 4307.42 -2746.51 738.267 4326.04 -2746.51 726.344 4326.04 -2786.1 726.344 4316.73 -2786.1 732.305 4316.73 -2826.36 732.305 4345.16 -2826.36 714.104 4345.16 -2815.34 714.104 4372.65 -2815.34 696.506 4372.65 -2837.38 696.506 4400.14 -2837.38 678.908 4400.14 -2815.34 678.908 4427.63 -2815.34 661.31 4427.63 -2826.36 661.31 4455.91 -2826.36 643.203 4455.91 -2786.05 643.203 4465.21 -2786.05 637.253 4465.21 -2746.49 637.253 4446.62 -2746.49 649.153 4446.62 -2706.94 649.153 4465.21 -2706.94 637.253 4465.21 -2667.38 637.253 4455.91 -2667.38 643.203 4455.91 -2627.07 643.203
  poly 1: 4442.55 -2628.43 625.636 4415.77 -2628.43 642.782 4415.77 -2617.41 642.782 4388.28 -2617.41 660.38 4388.28 -2639.45 660.38 4360.79 -2639.45 677.977 4360.79 -2617.41 677.977 4333.3 -2617.41 695.575 4333.3 -2628.43 695.575 4306.75 -2628.43 712.569 4306.75 -2667.33 712.569 4316.07 -2667.33 706.607 4316.07 -2706.92 706.607 4297.44 -2706.92 718.53 4297.44 -2746.51 718.53 4316.07 -2746.51 706.607 4316.07 -2786.1 706.607 4306.75 -2786.1 712.569 4306.75 -2825 712.569 4333.3 -2825 695.575 4333.3 -2813.98 695.575 4360.79 -2813.98 677.977 4360.79 -2836.02 677.977 4388.28 -2836.02 660.38 4388.28 -2813.98 660.38 4415.77 -2813.98 642.782 4415.77 -2825 642.782 4442.55 -2825 625.636 4442.55 -2786.05 625.636 4451.85 -2786.05 619.686 4451.85 -2746.49 619.686 4433.26 -2746.49 631.586 4433.26 -2706.94 631.586 4451.85 -2706.94 619.686 4451.85 -2667.38 619.686 4442.55 -2667.38 625.636 4442.55 -2628.43 625.636
element 53
  poly 0: 4316.73 -2626.92 732.305 4285.11 -2626.92 744.44 4285.11 -2615.9 744.44 4254.57 -2615.9 756.158 4254.57 -2637.95 756.158 4224.04 -2637.95 767.876 4224.04 -2615.9 767.876 4193.5 -2615.9 779.593 4193.5 -2626.92 779.593 4161.74 -2626.92 791.785 4161.74 -2667.29 791.785 4172.08 -2667.29 787.815 4172.08 -2706.91 787.815 4151.39 -2706.91 795.754 4151.39 -2746.52 795.754 4172.08 -2746.52 787.815 4172.08 -2786.14 787.815 4161.74 -2786.14 791.785 4161.74 -2826.51 791.785 4193.5 -2826.51 779.593 4193.5 -2815.48 779.593 4224.04 -2815.48 767.876 4224.04 -2837.53 767.876 4254.57 -2837.53 756.158 4254.57 -2815.48 756.158 4285.11 -2815.48 744.44 4285.11 -2826.51 744.44 4316.73 -2826.51 732.305 4316.73 -2786.1 732.305 4327.05 -2786.1 728.344 4327.05 -2746.51 728.344 4306.4 -2746.51 736.267 4306.4 -2706.92 736.267 4327.05 -2706.92 728.344 4327.05 -2667.33 728.344 4316.73 -2667.33 732.305 4316.73 -2626.92 732.305
  poly 1: 4306.75 -2628.43 712.569 4277.22 -2628.43 723.901 4277.22 -2617.4 723.901 4246.69 -2617.4 735.619 4246.69 -2639.45 735.619 4216.16 -2639.45 747.336 4216.16 -2617.4 747.336 4185.62 -2617.4 759.054 4185.62 -2628.43 759.054 4156.32 -2628.43 770.298 4156.32 -2667.29 770.298 4166.67 -2667.29 766.328 4166.67 -2706.91 766.328 4145.98 -2706.91 774.267 4145.98 -2746.52 774.267 4166.67 -2746.52 766.328 4166.67 -2786.14 766.328 4156.32 -2786.14 770.298 4156.32 -2825 770.298 4185.62 -2825 759.054 4185.62 -2813.98 759.054 4216.16 -2813.98 747.336 4216.16 -2836.03 747.336 4246.69 -2836.03 735.619 4246.69 -2813.98 735.619 4277.22 -2813.98 723.901 4277.22 -2825 723.901 4306.75 -2825 712.569 4306.75 -2786.1 712.569 4317.08 -2786.1 708.607 4317.08 -2746.51 708.607 4296.43 -2746.51 716.53 4296.43 -2706.92 716.53 4317.08 -2706.92 708.607 4317.08 -2667.33 708.607 4306.75 -2667.33 712.569 4306.75 -2628.43 712.569
element 54
  poly 0: 4161.74 -2626.83 791.785 4127.92 -2626.83 796.108 4127.92 -2615.8 796.108 4095.43 -2615.8 800.261 4095.43 -2637.86 800.261 4062.95 -2637.86 804.414 4062.95 -2615.8 804.414 4030.47 -2615.8 808.567 4030.47 -2626.83 808.567 3996.59 -2626.83 812.898 3996.59 -2667.26 812.898 4007.59 -2667.26 811.491 4007.59 -2706.9 811.491 3985.59 -2706.9 814.304 3985.59 -2746.53 814.304 4007.59 -2746.53 811.491 4007.59 -2786.17 811.491 3996.59 -2786.17 812.898 3996.59 -2826.6 812.898 4030.47 -2826.6 808.567 4030.47 -2815.57 808.567 4062.95 -2815.57 804.414 4062.95 -2837.63 804.414 4095.43 -2837.63 800.261 4095.43 -2815.57 800.261 4127.92 -2815.57 796.108 4127.92 -2826.6 796.108 4161.74 -2826.6 791.785 4161.74 -2786.14 791.785 4172.73 -2786.14 790.38 4172.73 -2746.52 790.38 4150.75 -2746.52 793.19 4150.75 -2706.91 793.19 4172.73 -2706.91 790.38 4172.73 -2667.29 790.38 4161.74 -2667.29 791.785 4161.74 -2626.83 791.785
  poly 1: 4156.32 -2628.43 770.298 4125.13 -2628.43 774.286 4125.13 -2617.4 774.286 4092.64 -2617.4 778.439 4092.64 -2639.46 778.439 4060.16 -2639.46 782.591 4060.16 -2617.4 782.591 4027.68 -2617.4 786.744 4027.68 -2628.43 786.744 3996.59 -2628.43 790.719 3996.59 -2667.26 790.719 4007.59 -2667.26 789.312 4007.59 -2706.9 789.312 3985.59 -2706.9 792.125 3985.59 -2746.53 792.125 4007.59 -2746.53 789.312 4007.59 -2786.17 789.312 3996.59 -2786.17 790.719 3996.59 -2825 790.719 4027.68 -2825 786.744 4027.68 -2813.97 786.744 4060.16 -2813.97 782.591 4060.16 -2836.03 782.591 4092.64 -2836.03 778.439 4092.64 -2813.97 778.439 4125.13 -2813.97 774.286 4125.13 -2825 774.286 4156.32 -2825 770.298 4156.32 -2786.14 770.298 4167.31 -2786.14 768.893 4167.31 -2746.52 768.893 4145.33 -2746.52 771.703 4145.33 -2706.91 771.703 4167.31 -2706.91 768.893 4167.31 -2667.29 768.893 4156.32 -2667.29 770.298 4156.32 -2628.43 770.298
element 55
  poly 0: 3996.59 -2626.83 812.898 3962.71 -2626.83 808.567 3962.71 -2615.8 808.567 3930.23 -2615.8 804.414 3930.23 -2637.86 804.414 3897.74 -2637.86 800.261 3897.74 -2615.8 800.261 3865.26 -2615.8 796.108 3865.26 -2626.83 796.108 3831.44 -2626.83 791.785 3831.44 -2667.29 791.785 3842.43 -2667.29 793.19 3842.43 -2706.91 793.19 3820.45 -2706.91 790.38 3820.45 -2746.52 790.38 3842.43 -2746.52 793.19 3842.43 -2786.14 793.19 3831.44 -2786.14 791.785 3831.44 -2826.6 791.785 3865.24 -2826.6 796.106 3865.24 -2815.57 796.106 3897.73 -2815.57 800.259 3897.73 -2837.63 800.259 3930.22 -2837.63 804.412 3930.22 -2815.57 804.412 3962.71 -2815.57 808.566 3962.71 -2826.6 808.566 3996.59 -2826.6 812.898 3996.59 -2786.17 812.898 4007.59 -2786.17 814.304 4007.59 -2746.53 814.304 3985.59 -2746.53 811.491 3985.59 -2706.9 811.491 4007.59 -2706.9 814.304 4007.59 -2667.26 814.304 3996.59 -2667.26 812.898 3996.59 -2626.83 812.898
  poly 1: 3996.59 -2628.43 790.719 3965.5 -2628.43 786.744 3965.5 -2617.4 786.744 3933.02 -2617.4 782.591 3933.02 -2639.46 782.591 3900.53 -2639.46 778.439 3900.53 -2617.4 778.439 3868.05 -2617.4 774.286 3868.05 -2628.43 774.286 3836.85 -2628.43 770.298 3836.85 -2667.29 770.298 3847.84 -2667.29 771.703 3847.84 -2706.91 771.703 3825.86 -2706.91 768.893 3825.86 -2746.52 768.893 3847.84 -2746.52 771.703 3847.84 -2786.14 771.703 3836.85 -2786.14 770.298 3836.85 -2825 770.298 3868.03 -2825 774.283 3868.03 -2813.97 774.283 3900.52 -2813.97 778.437 3900.52 -2836.03 778.437 3933.01 -2836.03 782.59 3933.01 -2813.97 782.59 3965.5 -2813.97 786.743 3965.5 -2825 786.743 3996.59 -2825 790.719 3996.59 -2786.17 790.719 4007.59 -2786.17 792.125 4007.59 -2746.53 792.125 3985.59 -2746.53 789.312 3985.59 -2706.9 789.312 4007.59 -2706.9 792.125 4007.59 -2667.26 792.125 3996.59 -2667.26 790.719 3996.59 -2628.43 790.719
element 56
  poly 0: 3831.44 -2626.92 791.785 3799.67 -2626.92 779.593 3799.67 -2615.9 779.593 3769.14 -2615.9 767.876 3769.14 -2637.95 767.876 3738.6 -2637.95 756.158 3738.6 -2615.9 756.158 3708.07 -2615.9 744.44 3708.07 -2626.92 744.44 3676.45 -2626.92 732.305 3676.45 -2667.33 732.305 3686.77 -2667.33 736.267 3686.77 -2706.92 736.267 3666.13 -2706.92 728.344 3666.13 -2746.51 728.344 3686.77 -2746.51 736.267 3686.77 -2786.1 736.267 3676.45 -2786.1 732.305 3676.45 -2826.51 732.305 3708.07 -2826.51 744.44 3708.07 -2815.48 744.44 3738.6 -2815.48 756.158 3738.6 -2837.53 756.158 3769.14 -2837.53 767.876 3769.14 -2815.48 767.876 3799.67 -2815.48 779.593 3799.67 -2826.51 779.593 3831.44 -2826.51 791.785 3831.44 -2786.14 791.785 3841.78 -2786.14 795.754 3841.78 -2746.52 795.754 3821.1 -2746.52 787.815 3821.1 -2706.91 787.815 3841.78 -2706.91 795.754 3841.78 -2667.29 795.754 3831.44 -2667.29 791.785 3831.44 -2626.92 791.785
  poly 1: 3836.85 -2628.43 770.298 3807.55 -2628.43 759.054 3807.55 -2617.4 759.054 3777.02 -2617.4 747.336 3777.02 -2639.45 747.336 3746.49 -2639.45 735.619 3746.49 -2617.4 735.619 3715.95 -2617.4 723.901 3715.95 -2628.43 723.901 3686.42 -2628.43 712.569 3686.42 -2667.33 712.569 3696.75 -2667.33 716.53 3696.75 -2706.92 716.53 3676.1 -2706.92 708.607 3676.1 -2746.51 708.607 3696.75 -2746.51 716.53 3696.75 -2786.1 716.53 3686.42 -2786.1 712.569 3686.42 -2825 712.569 3715.95 -2825 723.901 3715.95 -2813.98 723.901 3746.49 -2813.98 735.619 3746.49 -2836.03 735.619 3777.02 -2836.03 747.336 3777.02 -2813.98 747.336 3807.55 -2813.98 759.054 3807.55 -2825 759.054 3836.85 -2825 770.298 3836.85 -2786.14 770.298 3847.2 -2786.14 774.267 3847.2 -2746.52 774.267 3826.51 -2746.52 766.328 3826.51 -2706.91 766.328 3847.2 -2706.91 774.267 3847.2 -2667.29 774.267 3836.85 -2667.29 770.298 3836.85 -2628.43 770.298
element 57
  poly 0: 3676.45 -2627.07 732.305 3648.02 -2627.07 714.104 3648.02 -2616.05 714.104 3620.53 -2616.05 696.506 3620.53 -2638.09 696.506 3593.04 -2638.09 678.908 3593.04 -2616.05 678.908 3565.55 -2616.05 661.31 3565.55 -2627.07 661.31 3537.26 -2627.07 643.203 3537.26 -2667.38 643.203 3546.56 -2667.38 649.153 3546.56 -2706.94 649.153 3527.97 -2706.94 637.253 3527.97 -2746.49 637.253 3546.56 -2746.49 649.153 3546.56 -2786.05 649.153 3537.26 -2786.05 643.203 3537.26 -2826.36 643.203 3565.55 -2826.36 661.31 3565.55 -2815.34 661.31 3593.04 -2815.34 678.908 3593.04 -2837.38 678.908 3620.53 -2837.38 696.506 3620.53 -2815.34 696.506 3648.02 -2815.34 714.104 3648.02 -2826.36 714.104 3676.45 -2826.36 732.305 3676.45 -2786.1 732.305 3685.76 -2786.1 738.267 3685.76 -2746.51 738.267 3667.14 -2746.51 726.344 3667.14 -2706.92 726.344 3685.76 -2706.92 738.267 3685.76 -2667.33 738.267 3676.45 -2667.33 732.305 3676.45 -2627.07 732.305
  poly 1: 3686.42 -2628.43 712.569 3659.88 -2628.43 695.575 3659.88 -2617.41 695.575 3632.39 -2617.41 677.977 3632.39 -2639.45 677.977 3604.9 -2639.45 660.38 3604.9 -2617.41 660.38 3577.41 -2617.41 642.782 3577.41 -2628.43 642.782 3550.63 -2628.43 625.636 3550.63 -2667.38 625.636 3559.92 -2667.38 631.586 3559.92 -2706.94 631.586 3541.33 -2706.94 619.686 3541.33 -2746.49 619.686 3559.92 -2746.49 631.586 3559.92 -2786.05 631.586 3550.63 -2786.05 625.636 3550.63 -2825 625.636 3577.41 -2825 642.782 3577.41 -2813.98 642.782 3604.9 -2813.98 660.38 3604.9 -2836.02 660.38 3632.39 -2836.02 677.977 3632.39 -2813.98 677.977 3659.88 -2813.98 695.575 3659.88 -2825 695.575 3686.42 -2825 712.569 3686.42 -2786.1 712.569 3695.74 -2786.1 718.53 3695.74 -2746.51 718.53 3677.11 -2746.51 706.607 3677.11 -2706.92 706.607 3695.74 -2706.92 718.53 3695.74 -2667.33 718.53 3686.42 -2667.33 712.569 3686.42 -2628.43 712.569
element 58
  poly 0: 3537.26 -2627.23 643.203 3512.35 -2627.23 620.86 3512.35 -2616.21 620.86 3488.11 -2616.21 599.111 3488.11 -2638.24 599.111 3463.86 -2638.24 577.363 3463.86 -2616.21 577.363 3439.62 -2616.21 555.614 3439.62 -2627.23 555.614 3414.81 -2627.23 533.367 3414.81 -2667.42 533.367 3423.02 -2667.42 540.727 3423.02 -2706.95 540.727 3406.61 -2706.95 526.008 3406.61 -2746.48 526.008 3423.02 -2746.48 540.727 3423.02 -2786 540.727 3414.81 -2786 533.367 3414.81 -2826.2 533.367 3439.62 -2826.2 555.614 3439.62 -2815.19 555.614 3463.86 -2815.19 577.363 3463.86 -2837.22 577.363 3488.11 -2837.22 599.111 3488.11 -2815.19 599.111 3512.35 -2815.19 620.86 3512.35 -2826.2 620.86 3537.26 -2826.2 643.203 3537.26 -2786.05 643.203 3545.48 -2786.05 650.572 3545.48 -2746.49 650.572 3529.05 -2746.49 635.834 3529.05 -2706.94 635.834 3545.48 -2706.94 650.572 3545.48 -2667.38 650.572 3537.26 -2667.38 643.203 3537.26 -2627.23 643.203
  poly 1: 3550.63 -2628.43 625.636 3527.04 -2628.43 604.483 3527.04 -2617.41 604.483 3502.8 -2617.41 582.734 3502.8 -2639.44 582.734 3478.55 -2639.44 560.986 3478.55 -2617.41 560.986 3454.31 -2617.41 539.237 3454.31 -2628.43 539.237 3430.53 -2628.43 517.914 3430.53 -2667.42 517.914 3438.74 -2667.42 525.274 3438.74 -2706.95 525.274 3422.33 -2706.95 510.555 3422.33 -2746.48 510.555 3438.74 -2746.48 525.274 3438.74 -2786 525.274 3430.53 -2786 517.914 3430.53 -2825 517.914 3454.31 -2825 539.237 3454.31 -2813.99 539.237 3478.55 -2813.99 560.986 3478.55 -2836.02 560.986 3502.8 -2836.02 582.734 3502.8 -2813.99 582.734 3527.04 -2813.99 604.483 3527.04 -2825 604.483 3550.63 -2825 625.636 3550.63 -2786.05 625.636 3558.84 -2786.05 633.005 3558.84 -2746.49 633.005 3542.41 -2746.49 618.267 3542.41 -2706.94 618.267 3558.84 -2706.94 633.005 3558.84 -2667.38 633.005 3550.63 -2667.38 625.636 3550.63 -2628.43 625.636
element 59
  poly 0: 3414.81 -2627.37 533.367 3393.14 -2627.37 508.355 3393.14 -2616.36 508.355 3371.92 -2616.36 483.867 3371.92 -2638.38 483.867 3350.7 -2638.38 459.378 3350.7 -2616.36 459.378 3329.48 -2616.36 434.89 3329.48 -2627.37 434.89 3308.23 -2627.37 410.357 3308.23 -2826.06 410.357 3329.48 -2826.06 434.89 3329.48 -2815.05 434.89 3350.7 -2815.05 459.378 3350.7 -2837.07 459.378 3371.92 -2837.07 483.867 3371.92 -2815.05 483.867 3393.14 -2815.05 508.355 3393.14 -2826.06 508.355 3414.81 -2826.06 533.367 3414.81 -2786 533.367 3422.03 -2786 541.697 3422.03 -2746.48 541.697 3407.6 -2746.48 525.037 3407.6 -2706.95 525.037 3422.03 -2706.95 541.697 3422.03 -2667.42 541.697 3414.81 -2667.42 533.367 3414.81 -2627.37 533.367
  poly 1: 3430.53 -2628.43 517.914 3409.77 -2628.43 493.949 3409.77 -2617.41 493.949 3388.55 -2617.41 469.46 3388.55 -2639.44 469.46 3367.33 -2639.44 444.971 3367.33 -2617.41 444.971 3346.11 -2617.41 420.483 3346.11 -2628.43 420.483 3324.85 -2628.43 395.95 3324.85 -2825 395.95 3346.11 -2825 420.483 3346.11 -2813.99 420.483 3367.33 -2813.99 444.971 3367.33 -2836.02 444.971 3388.55 -2836.02 469.46 3388.55 -2813.99 469.46 3409.77 -2813.99 493.949 3409.77 -2825 493.949 3430.53 -2825 517.914 3430.53 -2786 517.914 3437.75 -2786 526.244 3437.75 -2746.48 526.244 3423.32 -2746.48 509.585 3423.32 -2706.95 509.585 3437.75 -2706.95 526.244 3437.75 -2667.42 526.244 3430.53 -2667.42 517.914 3430.53 -2628.43 517.914
element 60
  poly 0: 4668.32 -2825 395.95 4647.07 -2825 420.483 4647.87 -2814.04 421.174 4626.65 -2814.04 445.663 4625.05 -2835.97 444.28 4603.83 -2835.97 468.769 4605.43 -2814.04 470.151 4584.21 -2814.04 494.64 4583.41 -2825 493.949 4562.64 -2825 517.914 4562.64 -2863.57 512.242 4569.91 -2862.36 504.039 4569.91 -2901.45 498.289 4555.38 -2903.87 514.695 4555.38 -2942.96 508.945 4569.91 -2940.55 492.539 4569.91 -2979.64 486.788 4562.64 -2980.85 494.991 4562.64 -3019.49 489.308 4583.43 -3019.49 465.318 4584.23 -3008.53 466.01 4605.43 -3008.53 441.538 4603.84 -3030.45 440.155 4625.04 -3030.45 415.684 4626.64 -3008.53 417.066 4647.84 -3008.53 392.595 4647.04 -3019.49 391.904 4668.32 -3019.49 367.343 4668.32 -2825 395.95
  poly 1: 4684.87 -2826.06 410.445 4663.69 -2826.06 434.89 4664.49 -2815.1 435.581 4643.27 -2815.1 460.07 4641.68 -2837.02 458.687 4620.46 -2837.02 483.175 4622.05 -2815.1 484.558 4600.83 -2815.1 509.047 4600.04 -2826.06 508.355 4578.28 -2826.06 533.462 4578.28 -2865.83 527.613 4585.54 -2864.62 519.41 4585.54 -2903.72 513.659 4571.02 -2906.13 530.066 4571.02 -2945.22 524.315 4585.54 -2942.81 507.909 4585.54 -2981.9 502.159 4578.28 -2983.11 510.362 4578.28 -3022.66 504.545 4599.9 -3022.66 479.592 4600.7 -3011.69 480.283 4621.91 -3011.69 455.812 4620.31 -3033.62 454.429 4641.51 -3033.62 429.957 4643.11 -3011.69 431.34 4664.31 -3011.69 406.869 4663.52 -3022.66 406.177 4684.87 -3022.66 381.529 4684.87 -2826.06 410.445
element 61
  poly 0: 4562.64 -2825 517.914 4538.87 -2825 539.237 4539.67 -2814.05 540.13 4515.43 -2814.05 561.878 4513.82 -2835.95 560.093 4489.58 -2835.95 581.842 4491.18 -2814.05 583.627 4466.93 -2814.05 605.375 4466.13 -2825 604.483 4442.55 -2825 625.636 4442.55 -2863.52 619.971 4450.81 -2862.45 612.724 4450.81 -2901.57 606.97 4434.3 -2903.71 621.464 4434.3 -2942.83 615.71 4450.81 -2940.69 601.215 4450.81 -2979.81 595.461 4442.55 -2980.88 602.709 4442.55 -3019.49 597.029 4466.16 -3019.49 575.852 4466.96 -3008.54 576.745 4491.19 -3008.54 555.011 4489.59 -3030.44 553.225 4513.82 -3030.44 531.491 4515.42 -3008.54 533.276 4539.65 -3008.54 511.542 4538.85 -3019.49 510.649 4562.64 -3019.49 489.308 4562.64 -2980.85 494.991 4570.89 -2979.78 487.753 4570.89 -2940.69 493.504 4554.4 -2942.82 507.98 4554.4 -2903.73 513.73 4570.89 -2901.6 499.254 4570.89 -2862.5 505.004 4562.64 -2863.57 512.242 4562.64 -2825 517.914
  poly 1: 4578.28 -2826.2 533.441 4553.56 -2826.2 555.614 4554.36 -2815.25 556.507 4530.12 -2815.25 578.255 4528.51 -2837.15 576.47 4504.27 -2837.15 598.219 4505.87 -2815.25 600.004 4481.62 -2815.25 621.752 4480.82 -2826.2 620.86 4455.82 -2826.2 643.284 4455.82 -2866.09 637.418 4464.08 -2865.02 630.171 4464.08 -2904.14 624.417 4447.57 -2906.27 638.911 4447.57 -2945.39 633.157 4464.08 -2943.26 618.662 4464.08 -2982.38 612.908 4455.82 -2983.45 620.156 4455.82 -3023.08 614.326 4480.68 -3023.08 592.035 4481.48 -3012.13 592.927 4505.71 -3012.13 571.193 4504.11 -3034.03 569.408 4528.34 -3034.03 547.674 4529.94 -3012.13 549.459 4554.17 -3012.13 527.724 4553.37 -3023.08 526.832 4578.28 -3023.08 504.483 4578.28 -2983.11 510.362 4586.53 -2982.05 503.124 4586.53 -2942.95 508.874 4570.04 -2945.08 523.35 4570.04 -2905.99 529.1 4586.53 -2903.86 514.625 4586.53 -2864.76 520.375 4578.28 -2865.83 527.613 4578.28 -2826.2 533.441
element 62
  poly 0: 4455.82 -2826.36 643.261 4427.63 -2826.36 661.31 4428.36 -2815.42 662.452 4400.87 -2815.42 680.049 4399.41 -2837.3 677.767 4371.92 -2837.3 695.365 4373.38 -2815.42 697.647 4345.89 -2815.42 715.245 4345.16 -2826.36 714.104 4316.64 -2826.36 732.359 4316.64 -2866.35 726.478 4325.98 -2865.48 720.625 4325.98 -2904.64 714.866 4307.3 -2906.36 726.572 4307.3 -2945.51 720.813 4325.98 -2943.79 709.108 4325.98 -2982.94 703.349 4316.64 -2983.8 709.202 4316.64 -3023.53 703.358 4345.01 -3023.53 685.198 4345.74 -3012.59 686.339 4373.21 -3012.59 668.753 4371.75 -3034.47 666.471 4399.22 -3034.47 648.885 4400.68 -3012.59 651.167 4428.15 -3012.59 633.581 4427.42 -3023.53 632.44 4455.82 -3023.53 614.26 4455.82 -2983.45 620.156 4465.15 -2982.59 614.314 4465.15 -2943.47 620.068 4446.5 -2945.19 631.752 4446.5 -2906.07 637.506 4465.15 -2904.35 625.822 4465.15 -2865.23 631.576 4455.82 -2866.09 637.418 4455.82 -2826.36 643.261
  poly 1: 4442.55 -2825 625.636 4415.77 -2825 642.782 4416.5 -2814.07 643.923 4389.01 -2814.07 661.521 4387.55 -2835.94 659.238 4360.06 -2835.94 676.836 4361.52 -2814.07 679.118 4334.03 -2814.07 696.716 4333.3 -2825 695.575 4306.75 -2825 712.569 4306.75 -2863.47 706.911 4316.09 -2862.61 701.058 4316.09 -2901.76 695.3 4297.41 -2903.48 707.005 4297.41 -2942.63 701.247 4316.09 -2940.91 689.541 4316.09 -2980.06 683.783 4306.75 -2980.92 689.635 4306.75 -3019.49 683.962 4333.33 -3019.49 666.95 4334.06 -3008.55 668.091 4361.53 -3008.55 650.505 4360.07 -3030.43 648.223 4387.54 -3030.43 630.637 4389 -3008.55 632.919 4416.47 -3008.55 615.333 4415.74 -3019.49 614.192 4442.55 -3019.49 597.029 4442.55 -2980.88 602.709 4451.87 -2980.02 596.867 4451.87 -2940.9 602.621 4433.23 -2942.62 614.305 4433.23 -2903.5 620.059 4451.87 -2901.78 608.375 4451.87 -2862.66 614.129 4442.55 -2863.52 619.971 4442.55 -2825 625.636
element 63
  poly 0: 4316.64 -2826.51 732.338 4285.11 -2826.51 744.44 4285.64 -2815.58 745.841 4255.11 -2815.58 757.558 4254.04 -2837.43 754.758 4223.5 -2837.43 766.475 4224.58 -2815.58 769.276 4194.04 -2815.58 780.994 4193.5 -2826.51 779.593 4161.68 -2826.51 791.805 4161.68 -2866.55 785.915 4172.04 -2865.98 782.025 4172.04 -2905.16 776.262 4151.33 -2906.31 784.042 4151.33 -2945.49 778.279 4172.04 -2944.35 770.498 4172.04 -2983.53 764.735 4161.68 -2984.1 768.625 4161.68 -3023.95 762.764 4193.39 -3023.95 750.597 4193.92 -3013.03 751.998 4224.44 -3013.03 740.287 4223.36 -3034.87 737.487 4253.88 -3034.87 725.777 4254.95 -3013.03 728.577 4285.47 -3013.03 716.867 4284.93 -3023.95 715.467 4316.64 -3023.95 703.296 4316.64 -2983.8 709.202 4326.98 -2983.23 705.319 4326.98 -2944.08 711.078 4306.31 -2945.22 718.843 4306.31 -2906.07 724.602 4326.98 -2904.93 716.837 4326.98 -2865.77 722.595 4316.64 -2866.35 726.478 4316.64 -2826.51 732.338
  poly 1: 4306.75 -2825 712.569 4277.22 -2825 723.901 4277.76 -2814.08 725.301 4247.23 -2814.08 737.019 4246.15 -2835.93 734.218 4215.62 -2835.93 745.936 4216.69 -2814.08 748.737 4186.16 -2814.08 760.454 4185.62 -2825 759.054 4156.32 -2825 770.298 4156.32 -2863.42 764.647 4166.68 -2862.85 760.757 4166.68 -2902.03 754.993 4145.97 -2903.18 762.774 4145.97 -2942.36 757.01 4166.68 -2941.22 749.23 4166.68 -2980.4 743.466 4156.32 -2980.97 747.357 4156.32 -3019.49 741.691 4185.65 -3019.49 730.437 4186.19 -3008.57 731.837 4216.7 -3008.57 720.127 4215.63 -3030.41 717.327 4246.14 -3030.41 705.616 4247.22 -3008.57 708.417 4277.73 -3008.57 696.707 4277.19 -3019.49 695.306 4306.75 -3019.49 683.962 4306.75 -2980.92 689.635 4317.09 -2980.35 685.753 4317.09 -2941.2 691.511 4296.42 -2942.34 699.277 4296.42 -2903.19 705.035 4317.09 -2902.05 697.27 4317.09 -2862.9 703.029 4306.75 -2863.47 706.911 4306.75 -2825 712.569
element 64
  poly 0: 4161.68 -2826.6 791.791 4127.92 -2826.6 796.108 4128.12 -2815.69 797.688 4095.63 -2815.69 801.841 4095.23 -2837.51 798.682 4062.75 -2837.51 802.834 4063.15 -2815.69 805.993 4030.67 -2815.69 810.146 4030.47 -2826.6 808.567 3996.59 -2826.6 812.898 3996.59 -2866.63 807.01 4007.59 -2866.42 805.634 4007.59 -2905.63 799.867 3985.59 -2906.04 802.62 3985.59 -2945.25 796.852 4007.59 -2944.84 794.099 4007.59 -2984.05 788.332 3996.59 -2984.26 789.708 3996.59 -3024.22 783.831 4030.44 -3024.22 779.504 4030.64 -3013.3 781.083 4063.12 -3013.3 776.93 4062.72 -3035.13 773.772 4095.2 -3035.13 769.619 4095.61 -3013.3 772.777 4128.09 -3013.3 768.625 4127.89 -3024.22 767.045 4161.68 -3024.22 762.725 4161.68 -2984.1 768.625 4172.67 -2983.9 767.25 4172.67 -2944.72 773.013 4150.69 -2945.12 775.764 4150.69 -2905.94 781.527 4172.67 -2905.53 778.777 4172.67 -2866.35 784.54 4161.68 -2866.55 785.915 4161.68 -2826.6 791.791
  poly 1: 4156.32 -2825 770.298 4125.13 -2825 774.286 4125.33 -2814.09 775.865 4092.84 -2814.09 780.018 4092.44 -2835.92 776.859 4059.96 -2835.92 781.012 4060.36 -2814.09 784.171 4027.88 -2814.09 788.324 4027.68 -2825 786.744 3996.59 -2825 790.719 3996.59 -2863.4 785.071 4007.59 -2863.2 783.695 4007.59 -2902.41 777.927 3985.59 -2902.81 780.68 3985.59 -2942.02 774.913 4007.59 -2941.62 772.16 4007.59 -2980.83 766.393 3996.59 -2981.03 767.769 3996.59 -3019.49 762.112 4027.71 -3019.49 758.134 4027.91 -3008.58 759.713 4060.39 -3008.58 755.561 4059.99 -3030.4 752.402 4092.47 -3030.4 748.249 4092.87 -3008.58 751.408 4125.36 -3008.58 747.255 4125.15 -3019.49 745.676 4156.32 -3019.49 741.691 4156.32 -2980.97 747.357 4167.31 -2980.77 745.981 4167.31 -2941.59 751.745 4145.33 -2941.99 754.495 4145.33 -2902.81 760.259 4167.31 -2902.4 757.508 4167.31 -2863.22 763.272 4156.32 -2863.42 764.647 4156.32 -2825 770.298
element 65
  poly 0: 3996.59 -2826.6 812.898 3962.71 -2826.6 808.566 3962.5 -2815.69 810.145 3930.01 -2815.69 805.992 3930.42 -2837.51 802.833 3897.93 -2837.51 798.68 3897.53 -2815.69 801.839 3865.04 -2815.69 797.685 3865.24 -2826.6 796.106 3831.49 -2826.6 791.791 3831.49 -2866.55 785.915 3842.48 -2866.75 787.291 3842.48 -2905.94 781.527 3820.5 -2905.53 778.777 3820.5 -2944.72 773.013 3842.48 -2945.12 775.764 3842.48 -2984.3 770 3831.49 -2984.1 768.625 3831.49 -3024.22 762.725 3865.35 -3024.22 767.053 3865.15 -3013.3 768.633 3897.62 -3013.3 772.783 3898.02 -3035.13 769.625 3930.49 -3035.13 773.776 3930.09 -3013.3 776.934 3962.55 -3013.3 781.085 3962.76 -3024.22 779.506 3996.59 -3024.22 783.831 3996.59 -2984.26 789.708 4007.59 -2984.46 791.085 4007.59 -2945.25 796.852 3985.59 -2944.84 794.099 3985.59 -2905.63 799.867 4007.59 -2906.04 802.62 4007.59 -2866.83 808.387 3996.59 -2866.63 807.01 3996.59 -2826.6 812.898
  poly 1: 3996.59 -2825 790.719 3965.5 -2825 786.743 3965.29 -2814.09 788.323 3932.8 -2814.09 784.17 3933.21 -2835.92 781.011 3900.72 -2835.92 776.857 3900.32 -2814.09 780.016 3867.83 -2814.09 775.863 3868.03 -2825 774.283 3836.85 -2825 770.298 3836.85 -2863.42 764.647 3847.84 -2863.62 766.022 3847.84 -2902.81 760.259 3825.86 -2902.4 757.508 3825.86 -2941.59 751.745 3847.84 -2941.99 754.495 3847.84 -2981.18 748.732 3836.85 -2980.97 747.357 3836.85 -3019.49 741.691 3868.08 -3019.49 745.684 3867.88 -3008.58 747.263 3900.35 -3008.58 751.414 3900.75 -3030.4 748.255 3933.22 -3030.4 752.406 3932.82 -3008.58 755.564 3965.29 -3008.58 759.715 3965.49 -3019.49 758.136 3996.59 -3019.49 762.112 3996.59 -2981.03 767.769 4007.59 -2981.23 769.146 4007.59 -2942.02 774.913 3985.59 -2941.62 772.16 3985.59 -2902.41 777.927 4007.59 -2902.81 780.68 4007.59 -2863.6 786.448 3996.59 -2863.4 785.071 3996.59 -2825 790.719
element 66
  poly 0: 3831.49 -2826.51 791.805 3799.67 -2826.51 779.593 3799.13 -2815.58 780.994 3768.6 -2815.58 769.276 3769.68 -2837.43 766.475 3739.14 -2837.43 754.758 3738.07 -2815.58 757.558 3707.53 -2815.58 745.841 3708.07 -2826.51 744.44 3676.53 -2826.51 732.338 3676.53 -2866.35 726.478 3686.87 -2866.92 730.36 3686.87 -2906.07 724.602 3666.2 -2904.93 716.837 3666.2 -2944.08 711.078 3686.87 -2945.22 718.843 3686.87 -2984.37 713.085 3676.53 -2983.8 709.202 3676.53 -3023.95 703.296 3708.25 -3023.95 715.467 3707.71 -3013.03 716.867 3738.22 -3013.03 728.577 3739.3 -3034.87 725.777 3769.81 -3034.87 737.487 3768.74 -3013.03 740.287 3799.25 -3013.03 751.998 3799.79 -3023.95 750.597 3831.49 -3023.95 762.764 3831.49 -2984.1 768.625 3841.85 -2984.67 772.515 3841.85 -2945.49 778.279 3821.14 -2944.35 770.498 3821.14 -2905.16 776.262 3841.85 -2906.31 784.042 3841.85 -2867.12 789.806 3831.49 -2866.55 785.915 3831.49 -2826.51 791.805
  poly 1: 3836.85 -2825 770.298 3807.55 -2825 759.054 3807.02 -2814.08 760.454 3776.48 -2814.08 748.737 3777.56 -2835.93 745.936 3747.02 -2835.93 734.218 3745.95 -2814.08 737.019 3715.42 -2814.08 725.301 3715.95 -2825 723.901 3686.42 -2825 712.569 3686.42 -2863.47 706.911 3696.76 -2864.04 710.794 3696.76 -2903.19 705.035 3676.09 -2902.05 697.27 3676.09 -2941.2 691.511 3696.76 -2942.34 699.277 3696.76 -2981.49 693.518 3686.42 -2980.92 689.635 3686.42 -3019.49 683.962 3715.98 -3019.49 695.306 3715.45 -3008.57 696.707 3745.96 -3008.57 708.417 3747.04 -3030.41 705.616 3777.55 -3030.41 717.327 3776.48 -3008.57 720.127 3806.99 -3008.57 731.837 3807.53 -3019.49 730.437 3836.85 -3019.49 741.691 3836.85 -2980.97 747.357 3847.21 -2981.55 751.247 3847.21 -2942.36 757.01 3826.5 -2941.22 749.23 3826.5 -2902.03 754.993 3847.21 -2903.18 762.774 3847.21 -2863.99 768.537 3836.85 -2863.42 764.647 3836.85 -2825 770.298
element 67
  poly 0: 3676.53 -2826.36 732.359 3648.02 -2826.36 714.104 3647.29 -2815.42 715.245 3619.8 -2815.42 697.647 3621.26 -2837.3 695.365 3593.77 -2837.3 677.767 3592.31 -2815.42 680.049 3564.82 -2815.42 662.452 3565.55 -2826.36 661.31 3537.35 -2826.36 643.261 3537.35 -2866.09 637.418 3546.68 -2866.94 643.26 3546.68 -2906.07 637.506 3528.03 -2904.35 625.822 3528.03 -2943.47 620.068 3546.68 -2945.19 631.752 3546.68 -2984.31 625.998 3537.35 -2983.45 620.156 3537.35 -3023.53 614.26 3565.75 -3023.53 632.44 3565.02 -3012.59 633.581 3592.49 -3012.59 651.167 3593.95 -3034.47 648.885 3621.43 -3034.47 666.471 3619.96 -3012.59 668.753 3647.44 -3012.59 686.339 3648.17 -3023.53 685.198 3676.53 -3023.53 703.358 3676.53 -2983.8 709.202 3685.87 -2984.66 715.055 3685.87 -2945.51 720.813 3667.19 -2943.79 709.108 3667.19 -2904.64 714.866 3685.87 -2906.36 726.572 3685.87 -2867.21 732.331 3676.53 -2866.35 726.478 3676.53 -2826.36 732.359
  poly 1: 3686.42 -2825 712.569 3659.88 -2825 695.575 3659.15 -2814.07 696.716 3631.66 -2814.07 679.118 3633.12 -2835.94 676.836 3605.63 -2835.94 659.238 3604.17 -2814.07 661.521 3576.68 -2814.07 643.923 3577.41 -2825 642.782 3550.63 -2825 625.636 3550.63 -2863.52 619.971 3559.95 -2864.38 625.813 3559.95 -2903.5 620.059 3541.3 -2901.78 608.375 3541.3 -2940.9 602.621 3559.95 -2942.62 614.305 3559.95 -2981.74 608.551 3550.63 -2980.88 602.709 3550.63 -3019.49 597.029 3577.43 -3019.49 614.192 3576.7 -3008.55 615.333 3604.18 -3008.55 632.919 3605.64 -3030.43 630.637 3633.11 -3030.43 648.223 3631.65 -3008.55 650.505 3659.12 -3008.55 668.091 3659.85 -3019.49 666.95 3686.42 -3019.49 683.962 3686.42 -2980.92 689.635 3695.76 -2981.78 695.488 3695.76 -2942.63 701.247 3677.08 -2940.91 689.541 3677.08 -2901.76 695.3 3695.76 -2903.48 707.005 3695.76 -2864.33 712.764 3686.42 -2863.47 706.911 3686.42 -2825 712.569
element 68
  poly 0: 3537.35 -2826.2 643.284 3512.35 -2826.2 620.86 3511.55 -2815.25 621.752 3487.31 -2815.25 600.004 3488.91 -2837.15 598.219 3464.66 -2837.15 576.47 3463.06 -2815.25 578.255 3438.81 -2815.25 556.507 3439.62 -2826.2 555.614 3414.9 -2826.2 533.441 3414.9 -2865.83 527.613 3423.14 -2866.89 534.851 3423.14 -2905.99 529.1 3406.65 -2903.86 514.625 3406.65 -2942.95 508.874 3423.14 -2945.08 523.35 3423.14 -2984.17 517.6 3414.9 -2983.11 510.362 3414.9 -3023.08 504.483 3439.81 -3023.08 526.832 3439.01 -3012.13 527.724 3463.24 -3012.13 549.459 3464.84 -3034.03 547.674 3489.07 -3034.03 569.408 3487.47 -3012.13 571.193 3511.7 -3012.13 592.927 3512.5 -3023.08 592.035 3537.35 -3023.08 614.326 3537.35 -2983.45 620.156 3545.61 -2984.51 627.403 3545.61 -2945.39 633.157 3529.1 -2943.26 618.662 3529.1 -2904.14 624.417 3545.61 -2906.27 638.911 3545.61 -2867.15 644.665 3537.35 -2866.09 637.418 3537.35 -2826.2 643.284
  poly 1: 3550.63 -2825 625.636 3527.04 -2825 604.483 3526.24 -2814.05 605.375 3502 -2814.05 583.627 3503.6 -2835.95 581.842 3479.35 -2835.95 560.093 3477.75 -2814.05 561.878 3453.5 -2814.05 540.13 3454.31 -2825 539.237 3430.53 -2825 517.914 3430.53 -2863.57 512.242 3438.78 -2864.63 519.48 3438.78 -2903.73 513.73 3422.29 -2901.6 499.254 3422.29 -2940.69 493.504 3438.78 -2942.82 507.98 3438.78 -2981.91 502.229 3430.53 -2980.85 494.991 3430.53 -3019.49 489.308 3454.33 -3019.49 510.649 3453.53 -3008.54 511.542 3477.76 -3008.54 533.276 3479.36 -3030.44 531.491 3503.59 -3030.44 553.225 3501.99 -3008.54 555.011 3526.22 -3008.54 576.745 3527.02 -3019.49 575.852 3550.63 -3019.49 597.029 3550.63 -2980.88 602.709 3558.88 -2981.95 609.956 3558.88 -2942.83 615.71 3542.37 -2940.69 601.215 3542.37 -2901.57 606.97 3558.88 -2903.71 621.464 3558.88 -2864.59 627.218 3550.63 -2863.52 619.971 3550.63 -2825 625.636
element 69
  poly 0: 3414.9 -2826.06 533.462 3393.14 -2826.06 508.355 3392.34 -2815.1 509.047 3371.12 -2815.1 484.558 3372.72 -2837.02 483.175 3351.5 -2837.02 458.687 3349.9 -2815.1 460.07 3328.69 -2815.1 435.581 3329.48 -2826.06 434.89 3308.3 -2826.06 410.445 3308.3 -3022.66 381.529 3329.66 -3022.66 406.177 3328.86 -3011.69 406.869 3350.07 -3011.69 431.34 3351.66 -3033.62 429.957 3372.87 -3033.62 454.429 3371.27 -3011.69 455.812 3392.48 -3011.69 480.283 3393.27 -3022.66 479.592 3414.9 -3022.66 504.545 3414.9 -2983.11 510.362 3422.16 -2984.32 518.565 3422.16 -2945.22 524.315 3407.63 -2942.81 507.909 3407.63 -2903.72 513.659 3422.16 -2906.13 530.066 3422.16 -2867.03 535.816 3414.9 -2865.83 527.613 3414.9 -2826.06 533.462
  poly 1: 3430.53 -2825 517.914 3409.77 -2825 493.949 3408.97 -2814.04 494.64 3387.75 -2814.04 470.151 3389.35 -2835.97 468.769 3368.13 -2835.97 444.28 3366.53 -2814.04 445.663 3345.31 -2814.04 421.174 3346.11 -2825 420.483 3324.85 -2825 395.95 3324.85 -3019.49 367.343 3346.13 -3019.49 391.904 3345.34 -3008.53 392.595 3366.54 -3008.53 417.066 3368.14 -3030.45 415.684 3389.34 -3030.45 440.155 3387.74 -3008.53 441.538 3408.95 -3008.53 466.01 3409.75 -3019.49 465.318 3430.53 -3019.49 489.308 3430.53 -2980.85 494.991 3437.8 -2982.06 503.195 3437.8 -2942.96 508.945 3423.27 -2940.55 492.539 3423.27 -2901.45 498.289 3437.8 -2903.87 514.695 3437.8 -2864.77 520.445 3430.53 -2863.57 512.242 3430.53 -2825 517.914
element 70
  poly 0: 4668.32 -3019.49 367.343 4647.04 -3019.49 391.904 4648.64 -3008.68 393.283 4627.43 -3008.68 417.754 4624.25 -3030.3 414.996 4603.04 -3030.3 439.467 4606.23 -3008.68 442.226 4585.02 -3008.68 466.697 4583.43 -3019.49 465.318 4562.64 -3019.49 489.308 4562.64 -3056.89 478.182 4570.03 -3054.55 470.345 4570.03 -3092.41 459.083 4555.25 -3097.07 474.756 4555.25 -3134.92 463.494 4570.03 -3130.26 447.821 4570.03 -3168.11 436.559 4562.64 -3170.44 444.395 4562.64 -3207.92 433.245 4583.45 -3207.92 409.236 4585.04 -3197.11 410.615 4606.23 -3197.11 386.159 4603.05 -3218.73 383.401 4624.24 -3218.73 358.945 4627.42 -3197.11 361.704 4648.61 -3197.11 337.248 4647.02 -3207.92 335.869 4668.32 -3207.92 311.281 4668.32 -3019.49 367.343
  poly 1: 4684.64 -3022.66 381.794 4663.52 -3022.66 406.177 4665.11 -3011.85 407.557 4643.9 -3011.85 432.028 4640.72 -3033.47 429.27 4619.52 -3033.47 453.741 4622.7 -3011.85 456.5 4601.5 -3011.85 480.971 4599.9 -3022.66 479.592 4578.04 -3022.66 504.83 4578.04 -3061.39 493.306 4585.43 -3059.05 485.47 4585.43 -3096.91 474.208 4570.64 -3101.57 489.881 4570.64 -3139.42 478.619 4585.43 -3134.76 462.946 4585.43 -3172.61 451.684 4578.04 -3174.94 459.52 4578.04 -3213.17 448.147 4599.61 -3213.17 423.244 4601.2 -3202.36 424.623 4622.4 -3202.36 400.167 4619.21 -3223.98 397.409 4640.4 -3223.98 372.953 4643.59 -3202.36 375.711 4664.78 -3202.36 351.256 4663.19 -3213.17 349.876 4684.64 -3213.17 325.111 4684.64 -3022.66 381.794
element 71
  poly 0: 4562.64 -3019.49 489.308 4538.85 -3019.49 510.649 4540.44 -3008.74 512.423 4516.21 -3008.74 534.157 4513.03 -3030.25 530.61 4488.8 -3030.25 552.345 4491.98 -3008.74 555.891 4467.75 -3008.74 577.626 4466.16 -3019.49 575.852 4442.55 -3019.49 597.029 4442.55 -3056.84 585.916 4450.92 -3054.79 579.021 4450.92 -3092.66 567.753 4434.18 -3096.77 581.543 4434.18 -3134.64 570.275 4450.92 -3130.54 556.484 4450.92 -3168.41 545.216 4442.55 -3170.46 552.111 4442.55 -3207.92 540.967 4466.19 -3207.92 519.767 4467.78 -3197.16 521.54 4491.99 -3197.16 499.818 4488.81 -3218.67 496.272 4513.03 -3218.67 474.55 4516.21 -3197.16 478.096 4540.43 -3197.16 456.375 4538.83 -3207.92 454.601 4562.64 -3207.92 433.245 4562.64 -3170.44 444.395 4571 -3168.39 437.508 4571 -3130.54 448.77 4554.29 -3134.64 462.544 4554.29 -3096.79 473.807 4571 -3092.69 460.033 4571 -3054.84 471.295 4562.64 -3056.89 478.182 4562.64 -3019.49 489.308
  poly 1: 4578.04 -3023.08 504.704 4553.37 -3023.08 526.832 4554.96 -3012.32 528.605 4530.73 -3012.32 550.339 4527.55 -3033.83 546.793 4503.32 -3033.83 568.527 4506.5 -3012.32 572.074 4482.27 -3012.32 593.808 4480.68 -3023.08 592.035 4455.56 -3023.08 614.565 4455.56 -3061.93 603.006 4463.93 -3059.88 596.111 4463.93 -3097.75 584.843 4447.19 -3101.85 598.633 4447.19 -3139.72 587.365 4463.93 -3135.62 573.574 4463.93 -3173.49 562.306 4455.56 -3175.55 569.201 4455.56 -3213.84 557.809 4480.36 -3213.84 535.565 4481.95 -3203.08 537.338 4506.16 -3203.08 515.617 4502.98 -3224.59 512.07 4527.2 -3224.59 490.348 4530.38 -3203.08 493.895 4554.6 -3203.08 472.173 4553.01 -3213.84 470.4 4578.04 -3213.84 447.948 4578.04 -3174.94 459.52 4586.39 -3172.89 452.633 4586.39 -3135.04 463.895 4569.68 -3139.14 477.669 4569.68 -3101.29 488.931 4586.39 -3097.19 475.157 4586.39 -3059.34 486.419 4578.04 -3061.39 493.306 4578.04 -3023.08 504.704
element 72
  poly 0: 4455.56 -3023.53 614.43 4427.42 -3023.53 632.44 4428.87 -3012.84 634.696 4401.4 -3012.84 652.282 4398.51 -3034.22 647.77 4371.04 -3034.22 665.356 4373.93 -3012.84 669.868 4346.46 -3012.84 687.454 4345.01 -3023.53 685.198 4316.4 -3023.53 703.515 4316.4 -3062.46 691.933 4325.82 -3060.81 686.392 4325.82 -3098.71 675.115 4306.98 -3102.01 686.197 4306.98 -3139.91 674.92 4325.82 -3136.61 663.838 4325.82 -3174.52 652.561 4316.4 -3176.17 658.102 4316.4 -3214.54 646.684 4344.69 -3214.54 628.569 4346.14 -3203.85 630.825 4373.59 -3203.85 613.251 4370.7 -3225.23 608.739 4398.16 -3225.23 591.165 4401.04 -3203.85 595.676 4428.5 -3203.85 578.102 4427.05 -3214.54 575.846 4455.56 -3214.54 557.598 4455.56 -3175.55 569.201 4464.96 -3173.9 563.67 4464.96 -3136.03 574.938 4446.15 -3139.32 586.001 4446.15 -3101.45 597.27 4464.96 -3098.15 586.206 4464.96 -3060.28 597.475 4455.56 -3061.93 603.006 4455.56 -3023.53 614.43
  poly 1: 4442.55 -3019.49 597.029 4415.74 -3019.49 614.192 4417.19 -3008.8 616.448 4389.72 -3008.8 634.034 4386.83 -3030.18 629.522 4359.36 -3030.18 647.108 4362.24 -3008.8 651.62 4334.77 -3008.8 669.206 4333.33 -3019.49 666.95 4306.75 -3019.49 683.962 4306.75 -3056.79 672.866 4316.18 -3055.14 667.325 4316.18 -3093.04 656.048 4297.33 -3096.34 667.13 4297.33 -3134.24 655.853 4316.18 -3130.94 644.771 4316.18 -3168.84 633.494 4306.75 -3170.49 639.035 4306.75 -3207.92 627.899 4333.36 -3207.92 610.866 4334.81 -3197.23 613.122 4362.26 -3197.23 595.547 4359.37 -3218.61 591.036 4386.82 -3218.61 573.462 4389.71 -3197.23 577.973 4417.16 -3197.23 560.399 4415.72 -3207.92 558.143 4442.55 -3207.92 540.967 4442.55 -3170.46 552.111 4451.96 -3168.82 546.58 4451.96 -3130.94 557.848 4433.15 -3134.23 568.911 4433.15 -3096.36 580.18 4451.96 -3093.07 569.116 4451.96 -3055.2 580.385 4442.55 -3056.84 585.916 4442.55 -3019.49 597.029
element 73
  poly 0: 4316.4 -3023.95 703.391 4284.93 -3023.95 715.467 4285.99 -3013.33 718.222 4255.47 -3013.33 729.932 4253.36 -3034.57 724.422 4222.84 -3034.57 736.132 4224.96 -3013.33 741.642 4194.44 -3013.33 753.352 4193.39 -3023.95 750.597 4161.53 -3023.95 762.823 4161.53 -3062.86 751.246 4171.92 -3061.77 747.582 4171.92 -3099.71 736.294 4151.13 -3101.89 743.622 4151.13 -3139.83 732.334 4171.92 -3137.65 725.006 4171.92 -3175.59 713.718 4161.53 -3176.68 717.382 4161.53 -3215.18 705.926 4193.15 -3215.18 693.792 4194.2 -3204.56 696.547 4224.69 -3204.56 684.845 4222.58 -3225.81 679.337 4253.07 -3225.81 667.635 4255.18 -3204.56 673.144 4285.67 -3204.56 661.443 4284.62 -3215.18 658.689 4316.4 -3215.18 646.493 4316.4 -3176.17 658.102 4326.77 -3175.08 654.445 4326.77 -3137.18 665.722 4306.02 -3139.35 673.037 4306.02 -3101.45 684.314 4326.77 -3099.27 676.999 4326.77 -3061.37 688.276 4316.4 -3062.46 691.933 4316.4 -3023.95 703.391
  poly 1: 4306.75 -3019.49 683.962 4277.19 -3019.49 695.306 4278.25 -3008.87 698.061 4247.74 -3008.87 709.771 4245.62 -3030.11 704.262 4215.11 -3030.11 715.972 4217.22 -3008.87 721.482 4186.71 -3008.87 733.192 4185.65 -3019.49 730.437 4156.32 -3019.49 741.691 4156.32 -3056.72 730.613 4166.72 -3055.63 726.949 4166.72 -3093.57 715.661 4145.93 -3095.75 722.989 4145.93 -3133.69 711.701 4166.72 -3131.51 704.373 4166.72 -3169.45 693.085 4156.32 -3170.54 696.749 4156.32 -3207.92 685.628 4185.69 -3207.92 674.36 4186.74 -3197.3 677.114 4217.24 -3197.3 665.413 4215.12 -3218.54 659.904 4245.61 -3218.54 648.203 4247.73 -3197.3 653.712 4278.22 -3197.3 642.011 4277.16 -3207.92 639.256 4306.75 -3207.92 627.899 4306.75 -3170.49 639.035 4317.13 -3169.4 635.377 4317.13 -3131.5 646.654 4296.38 -3133.68 653.969 4296.38 -3095.78 665.246 4317.13 -3093.6 657.931 4317.13 -3055.7 669.208 4306.75 -3056.79 672.866 4306.75 -3019.49 683.962
element 74
  poly 0: 4161.53 -3024.22 762.745 4127.89 -3024.22 767.045 4128.28 -3013.64 770.142 4095.8 -3013.64 774.294 4095.01 -3034.79 768.102 4062.52 -3034.79 772.254 4063.32 -3013.64 778.447 4030.83 -3013.64 782.6 4030.44 -3024.22 779.504 3996.59 -3024.22 783.831 3996.59 -3062.99 772.294 4007.59 -3062.61 771.002 4007.59 -3100.59 759.702 3985.59 -3101.36 762.285 3985.59 -3139.34 750.985 4007.59 -3138.57 748.402 4007.59 -3176.55 737.102 3996.59 -3176.93 738.393 3996.59 -3215.58 726.893 4030.34 -3215.58 722.578 4030.74 -3205.01 725.674 4063.18 -3205.01 721.526 4062.39 -3226.16 715.335 4094.83 -3226.16 711.187 4095.62 -3205.01 717.379 4128.07 -3205.01 713.231 4127.67 -3215.58 710.135 4161.53 -3215.58 705.807 4161.53 -3176.68 717.382 4172.52 -3176.3 716.091 4172.52 -3138.36 727.379 4150.54 -3139.13 729.961 4150.54 -3101.19 741.249 4172.52 -3100.42 738.667 4172.52 -3062.48 749.955 4161.53 -3062.86 751.246 4161.53 -3024.22 762.745
  poly 1: 4156.32 -3019.49 741.691 4125.15 -3019.49 745.676 4125.55 -3008.91 748.772 4093.07 -3008.91 752.925 4092.28 -3030.07 746.732 4059.79 -3030.07 750.885 4060.58 -3008.91 757.078 4028.1 -3008.91 761.23 4027.71 -3019.49 758.134 3996.59 -3019.49 762.112 3996.59 -3056.67 751.049 4007.59 -3056.29 749.757 4007.59 -3094.27 738.457 3985.59 -3095.04 741.041 3985.59 -3133.02 729.741 4007.59 -3132.25 727.157 4007.59 -3170.23 715.857 3996.59 -3170.61 717.149 3996.59 -3207.92 706.049 4027.72 -3207.92 702.069 4028.12 -3197.34 705.165 4060.56 -3197.34 701.017 4059.77 -3218.49 694.826 4092.21 -3218.49 690.678 4093 -3197.34 696.87 4125.45 -3197.34 692.722 4125.05 -3207.92 689.626 4156.32 -3207.92 685.628 4156.32 -3170.54 696.749 4167.31 -3170.16 695.458 4167.31 -3132.22 706.746 4145.33 -3132.99 709.328 4145.33 -3095.05 720.616 4167.31 -3094.28 718.034 4167.31 -3056.34 729.322 4156.32 -3056.72 730.613 4156.32 -3019.49 741.691
element 75
  poly 0: 3996.59 -3024.22 783.831 3962.76 -3024.22 779.506 3962.36 -3013.64 782.602 3929.89 -3013.64 778.451 3930.68 -3034.79 772.258 3898.22 -3034.79 768.108 3897.42 -3013.64 774.3 3864.96 -3013.64 770.15 3865.35 -3024.22 767.053 3831.65 -3024.22 762.745 3831.65 -3062.86 751.246 3842.64 -3063.25 752.537 3842.64 -3101.19 741.249 3820.66 -3100.42 738.667 3820.66 -3138.36 727.379 3842.64 -3139.13 729.961 3842.64 -3177.07 718.673 3831.65 -3176.68 717.382 3831.65 -3215.58 705.807 3865.51 -3215.58 710.135 3865.11 -3205.01 713.231 3897.55 -3205.01 717.379 3898.34 -3226.16 711.187 3930.79 -3226.16 715.335 3930 -3205.01 721.526 3962.44 -3205.01 725.674 3962.83 -3215.58 722.578 3996.59 -3215.58 726.893 3996.59 -3176.93 738.393 4007.59 -3177.32 739.685 4007.59 -3139.34 750.985 3985.59 -3138.57 748.402 3985.59 -3100.59 759.702 4007.59 -3101.36 762.285 4007.59 -3063.38 773.585 3996.59 -3062.99 772.294 3996.59 -3024.22 783.831
  poly 1: 3996.59 -3019.49 762.112 3965.49 -3019.49 758.136 3965.09 -3008.91 761.232 3932.62 -3008.91 757.082 3933.42 -3030.07 750.889 3900.95 -3030.07 746.738 3900.16 -3008.91 752.931 3867.69 -3008.91 748.78 3868.08 -3019.49 745.684 3836.85 -3019.49 741.691 3836.85 -3056.72 730.613 3847.84 -3057.11 731.904 3847.84 -3095.05 720.616 3825.86 -3094.28 718.034 3825.86 -3132.22 706.746 3847.84 -3132.99 709.328 3847.84 -3170.93 698.04 3836.85 -3170.54 696.749 3836.85 -3207.92 685.628 3868.13 -3207.92 689.626 3867.73 -3197.34 692.722 3900.17 -3197.34 696.87 3900.97 -3218.49 690.678 3933.41 -3218.49 694.826 3932.62 -3197.34 701.017 3965.06 -3197.34 705.165 3965.46 -3207.92 702.069 3996.59 -3207.92 706.049 3996.59 -3170.61 717.149 4007.59 -3171 718.441 4007.59 -3133.02 729.741 3985.59 -3132.25 727.157 3985.59 -3094.27 738.457 4007.59 -3095.04 741.041 4007.59 -3057.06 752.341 3996.59 -3056.67 751.049 3996.59 -3019.49 762.112
element 76
  poly 0: 3831.65 -3023.95 762.823 3799.79 -3023.95 750.597 3798.73 -3013.33 753.352 3768.22 -3013.33 741.642 3770.33 -3034.57 736.132 3739.82 -3034.57 724.422 3737.7 -3013.33 729.932 3707.19 -3013.33 718.222 3708.25 -3023.95 715.467 3676.78 -3023.95 703.391 3676.78 -3062.46 691.933 3687.15 -3063.55 695.591 3687.15 -3101.45 684.314 3666.4 -3099.27 676.999 3666.4 -3137.18 665.722 3687.15 -3139.35 673.037 3687.15 -3177.25 661.76 3676.78 -3176.17 658.102 3676.78 -3215.18 646.493 3708.56 -3215.18 658.689 3707.5 -3204.56 661.443 3737.99 -3204.56 673.144 3740.11 -3225.81 667.635 3770.6 -3225.81 679.337 3768.48 -3204.56 684.845 3798.97 -3204.56 696.547 3800.03 -3215.18 693.792 3831.65 -3215.18 705.926 3831.65 -3176.68 717.382 3842.04 -3177.77 721.046 3842.04 -3139.83 732.334 3821.26 -3137.65 725.006 3821.26 -3099.71 736.294 3842.04 -3101.89 743.622 3842.04 -3063.95 754.91 3831.65 -3062.86 751.246 3831.65 -3023.95 762.823
  poly 1: 3836.85 -3019.49 741.691 3807.53 -3019.49 730.437 3806.47 -3008.87 733.192 3775.96 -3008.87 721.482 3778.07 -3030.11 715.972 3747.56 -3030.11 704.262 3745.44 -3008.87 709.771 3714.93 -3008.87 698.061 3715.98 -3019.49 695.306 3686.42 -3019.49 683.962 3686.42 -3056.79 672.866 3696.8 -3057.87 676.523 3696.8 -3095.78 665.246 3676.05 -3093.6 657.931 3676.05 -3131.5 646.654 3696.8 -3133.68 653.969 3696.8 -3171.58 642.692 3686.42 -3170.49 639.035 3686.42 -3207.92 627.899 3716.02 -3207.92 639.256 3714.96 -3197.3 642.011 3745.45 -3197.3 653.712 3747.56 -3218.54 648.203 3778.06 -3218.54 659.904 3775.94 -3197.3 665.413 3806.43 -3197.3 677.114 3807.49 -3207.92 674.36 3836.85 -3207.92 685.628 3836.85 -3170.54 696.749 3847.25 -3171.63 700.413 3847.25 -3133.69 711.701 3826.46 -3131.51 704.373 3826.46 -3093.57 715.661 3847.25 -3095.75 722.989 3847.25 -3057.81 734.277 3836.85 -3056.72 730.613 3836.85 -3019.49 741.691
element 77
  poly 0: 3676.78 -3023.53 703.515 3648.17 -3023.53 685.198 3646.72 -3012.84 687.454 3619.25 -3012.84 669.868 3622.14 -3034.22 665.356 3594.67 -3034.22 647.77 3591.78 -3012.84 652.282 3564.31 -3012.84 634.696 3565.75 -3023.53 632.44 3537.62 -3023.53 614.43 3537.62 -3061.93 603.006 3547.02 -3063.57 608.538 3547.02 -3101.45 597.27 3528.21 -3098.15 586.206 3528.21 -3136.03 574.938 3547.02 -3139.32 586.001 3547.02 -3177.19 574.733 3537.62 -3175.55 569.201 3537.62 -3214.54 557.598 3566.12 -3214.54 575.846 3564.68 -3203.85 578.102 3592.13 -3203.85 595.676 3595.02 -3225.23 591.165 3622.47 -3225.23 608.739 3619.59 -3203.85 613.251 3647.04 -3203.85 630.825 3648.48 -3214.54 628.569 3676.78 -3214.54 646.684 3676.78 -3176.17 658.102 3686.2 -3177.81 663.643 3686.2 -3139.91 674.92 3667.36 -3136.61 663.838 3667.36 -3098.71 675.115 3686.2 -3102.01 686.197 3686.2 -3064.11 697.474 3676.78 -3062.46 691.933 3676.78 -3023.53 703.515
  poly 1: 3686.42 -3019.49 683.962 3659.85 -3019.49 666.95 3658.4 -3008.8 669.206 3630.93 -3008.8 651.62 3633.82 -3030.18 647.108 3606.35 -3030.18 629.522 3603.46 -3008.8 634.034 3575.99 -3008.8 616.448 3577.43 -3019.49 614.192 3550.63 -3019.49 597.029 3550.63 -3056.84 585.916 3560.03 -3058.49 591.448 3560.03 -3096.36 580.18 3541.22 -3093.07 569.116 3541.22 -3130.94 557.848 3560.03 -3134.23 568.911 3560.03 -3172.11 557.643 3550.63 -3170.46 552.111 3550.63 -3207.92 540.967 3577.46 -3207.92 558.143 3576.01 -3197.23 560.399 3603.47 -3197.23 577.973 3606.35 -3218.61 573.462 3633.81 -3218.61 591.036 3630.92 -3197.23 595.547 3658.37 -3197.23 613.122 3659.82 -3207.92 610.866 3686.42 -3207.92 627.899 3686.42 -3170.49 639.035 3695.85 -3172.14 644.576 3695.85 -3134.24 655.853 3677 -3130.94 644.771 3677 -3093.04 656.048 3695.85 -3096.34 667.13 3695.85 -3058.43 678.407 3686.42 -3056.79 672.866 3686.42 -3019.49 683.962
element 78
  poly 0: 3537.62 -3023.08 614.565 3512.5 -3023.08 592.035 3510.91 -3012.32 593.808 3486.68 -3012.32 572.074 3489.86 -3033.83 568.527 3465.63 -3033.83 546.793 3462.45 -3012.32 550.339 3438.22 -3012.32 528.605 3439.81 -3023.08 526.832 3415.14 -3023.08 504.704 3415.14 -3061.39 493.306 3423.5 -3063.43 500.193 3423.5 -3101.29 488.931 3406.78 -3097.19 475.157 3406.78 -3135.04 463.895 3423.5 -3139.14 477.669 3423.5 -3176.99 466.407 3415.14 -3174.94 459.52 3415.14 -3213.84 447.948 3440.17 -3213.84 470.4 3438.58 -3203.08 472.173 3462.8 -3203.08 493.895 3465.98 -3224.59 490.348 3490.19 -3224.59 512.07 3487.01 -3203.08 515.617 3511.23 -3203.08 537.338 3512.82 -3213.84 535.565 3537.62 -3213.84 557.809 3537.62 -3175.55 569.201 3545.99 -3177.6 576.097 3545.99 -3139.72 587.365 3529.25 -3135.62 573.574 3529.25 -3097.75 584.843 3545.99 -3101.85 598.633 3545.99 -3063.98 609.902 3537.62 -3061.93 603.006 3537.62 -3023.08 614.565
  poly 1: 3550.63 -3019.49 597.029 3527.02 -3019.49 575.852 3525.43 -3008.74 577.626 3501.2 -3008.74 555.891 3504.38 -3030.25 552.345 3480.15 -3030.25 530.61 3476.97 -3008.74 534.157 3452.73 -3008.74 512.423 3454.33 -3019.49 510.649 3430.53 -3019.49 489.308 3430.53 -3056.89 478.182 3438.89 -3058.93 485.069 3438.89 -3096.79 473.807 3422.18 -3092.69 460.033 3422.18 -3130.54 448.77 3438.89 -3134.64 462.544 3438.89 -3172.49 451.282 3430.53 -3170.44 444.395 3430.53 -3207.92 433.245 3454.34 -3207.92 454.601 3452.75 -3197.16 456.375 3476.97 -3197.16 478.096 3480.15 -3218.67 474.55 3504.37 -3218.67 496.272 3501.18 -3197.16 499.818 3525.4 -3197.16 521.54 3526.99 -3207.92 519.767 3550.63 -3207.92 540.967 3550.63 -3170.46 552.111 3558.99 -3172.51 559.007 3558.99 -3134.64 570.275 3542.26 -3130.54 556.484 3542.26 -3092.66 567.753 3558.99 -3096.77 581.543 3558.99 -3058.89 592.812 3550.63 -3056.84 585.916 3550.63 -3019.49 597.029
element 79
  poly 0: 3415.14 -3022.66 504.83 3393.27 -3022.66 479.592 3391.68 -3011.85 480.971 3370.48 -3011.85 456.5 3373.66 -3033.47 453.741 3352.46 -3033.47 429.27 3349.27 -3011.85 432.028 3328.07 -3011.85 407.557 3329.66 -3022.66 406.177 3308.53 -3022.66 381.794 3308.53 -3213.17 325.111 3329.99 -3213.17 349.876 3328.4 -3202.36 351.256 3349.59 -3202.36 375.711 3352.77 -3223.98 372.953 3373.96 -3223.98 397.409 3370.78 -3202.36 400.167 3391.97 -3202.36 424.623 3393.56 -3213.17 423.244 3415.14 -3213.17 448.147 3415.14 -3174.94 459.52 3422.53 -3177.27 467.357 3422.53 -3139.42 478.619 3407.75 -3134.76 462.946 3407.75 -3096.91 474.208 3422.53 -3101.57 489.881 3422.53 -3063.72 501.143 3415.14 -3061.39 493.306 3415.14 -3022.66 504.83
  poly 1: 3430.53 -3019.49 489.308 3409.75 -3019.49 465.318 3408.15 -3008.68 466.697 3386.95 -3008.68 442.226 3390.13 -3030.3 439.467 3368.93 -3030.3 414.996 3365.75 -3008.68 417.754 3344.54 -3008.68 393.283 3346.13 -3019.49 391.904 3324.85 -3019.49 367.343 3324.85 -3207.92 311.281 3346.16 -3207.92 335.869 3344.57 -3197.11 337.248 3365.76 -3197.11 361.704 3368.94 -3218.73 358.945 3390.13 -3218.73 383.401 3386.95 -3197.11 386.159 3408.14 -3197.11 410.615 3409.73 -3207.92 409.236 3430.53 -3207.92 433.245 3430.53 -3170.44 444.395 3437.92 -3172.77 452.232 3437.92 -3134.92 463.494 3423.14 -3130.26 447.821 3423.14 -3092.41 459.083 3437.92 -3097.07 474.756 3437.92 -3059.22 486.018 3430.53 -3056.89 478.182 3430.53 -3019.49 489.308
element 80
  poly 0: 4668.32 -3207.92 311.281 4647.02 -3207.92 335.869 4649.39 -3197.36 337.924 4628.2 -3197.36 362.379 4623.46 -3218.47 358.269 4602.27 -3218.47 382.725 4607.01 -3197.36 386.835 4585.82 -3197.36 411.291 4583.45 -3207.92 409.236 4562.64 -3207.92 433.245 4562.64 -3243.48 417.103 4570.24 -3240.18 409.833 4570.24 -3276.12 393.518 4555.05 -3282.72 408.058 4555.05 -3318.66 391.743 4570.24 -3312.06 377.202 4570.24 -3348 360.887 4562.64 -3351.3 368.157 4562.64 -3386.94 351.977 4583.46 -3386.94 327.953 4585.83 -3376.39 330.008 4607.01 -3376.39 305.566 4602.27 -3397.5 301.456 4623.45 -3397.5 277.014 4628.19 -3376.39 281.124 4649.37 -3376.39 256.682 4647 -3386.94 254.627 4668.32 -3386.94 230.013 4668.32 -3207.92 311.281
  poly 1: 4684.26 -3213.17 325.553 4663.19 -3213.17 349.876 4665.56 -3202.61 351.931 4644.37 -3202.61 376.387 4639.62 -3223.72 372.277 4618.43 -3223.72 396.733 4623.18 -3202.61 400.843 4601.98 -3202.61 425.299 4599.61 -3213.17 423.244 4577.63 -3213.17 448.615 4577.63 -3250.16 431.823 4585.23 -3246.86 424.553 4585.23 -3282.8 408.238 4570.03 -3289.4 422.778 4570.03 -3325.34 406.463 4585.23 -3318.74 391.922 4585.23 -3354.68 375.607 4577.63 -3357.98 382.877 4577.63 -3394.22 366.427 4599.17 -3394.22 341.566 4601.54 -3383.66 343.621 4622.72 -3383.66 319.179 4617.98 -3404.78 315.069 4639.16 -3404.78 290.627 4643.9 -3383.66 294.737 4665.08 -3383.66 270.295 4662.71 -3394.22 268.24 4684.26 -3394.22 243.365 4684.26 -3213.17 325.553
element 81
  poly 0: 4562.64 -3207.92 433.245 4538.83 -3207.92 454.601 4541.19 -3197.48 457.227 4516.97 -3197.48 478.948 4512.26 -3218.35 473.698 4488.05 -3218.35 495.42 4492.76 -3197.48 500.67 4468.54 -3197.48 522.392 4466.19 -3207.92 519.767 4442.55 -3207.92 540.967 4442.55 -3243.44 524.842 4451.1 -3240.55 518.486 4451.1 -3276.51 502.164 4434.01 -3282.28 514.875 4434.01 -3318.24 498.553 4451.1 -3312.47 485.841 4451.1 -3348.42 469.519 4442.55 -3351.31 475.875 4442.55 -3386.94 459.699 4466.21 -3386.94 438.478 4468.56 -3376.51 441.103 4492.77 -3376.51 419.392 4488.06 -3397.38 414.142 4512.26 -3397.38 392.431 4516.97 -3376.51 397.681 4541.18 -3376.51 375.97 4538.82 -3386.94 373.344 4562.64 -3386.94 351.977 4562.64 -3351.3 368.157 4571.18 -3348.42 361.809 4571.18 -3312.48 378.124 4554.11 -3318.24 390.821 4554.11 -3282.3 407.136 4571.18 -3276.54 394.439 4571.18 -3240.59 410.755 4562.64 -3243.48 417.103 4562.64 -3207.92 433.245
  poly 1: 4577.63 -3213.84 448.312 4553.01 -3213.84 470.4 4555.36 -3203.4 473.025 4531.14 -3203.4 494.747 4526.43 -3224.27 489.496 4502.22 -3224.27 511.218 4506.93 -3203.4 516.469 4482.71 -3203.4 538.19 4480.36 -3213.84 535.565 4455.13 -3213.84 558.196 4455.13 -3250.94 541.355 4463.67 -3248.05 534.999 4463.67 -3284.01 518.676 4446.58 -3289.78 531.388 4446.58 -3325.73 515.065 4463.67 -3319.96 502.354 4463.67 -3355.92 486.032 4455.13 -3358.81 492.387 4455.13 -3395.08 475.919 4479.88 -3395.08 453.717 4482.23 -3384.65 456.342 4506.44 -3384.65 434.631 4501.73 -3405.52 429.381 4525.93 -3405.52 407.67 4530.64 -3384.65 412.92 4554.85 -3384.65 391.208 4552.49 -3395.08 388.583 4577.63 -3395.08 366.035 4577.63 -3357.98 382.877 4586.17 -3355.1 376.529 4586.17 -3319.16 392.844 4569.09 -3324.92 405.541 4569.09 -3288.98 421.856 4586.17 -3283.22 409.159 4586.17 -3247.28 425.475 4577.63 -3250.16 431.823 4577.63 -3213.84 448.312
element 82
  poly 0: 4455.13 -3214.54 557.874 4427.05 -3214.54 575.846 4429.17 -3204.25 579.161 4401.72 -3204.25 596.735 4397.48 -3224.84 590.106 4370.03 -3224.84 607.68 4374.27 -3204.25 614.309 4346.82 -3204.25 631.883 4344.69 -3214.54 628.569 4316.01 -3214.54 646.934 4316.01 -3251.68 630.075 4325.55 -3249.38 625.008 4325.55 -3285.36 608.674 4306.46 -3289.96 618.809 4306.46 -3325.95 602.475 4325.55 -3321.35 592.34 4325.55 -3357.33 576.006 4316.01 -3359.63 581.074 4316.01 -3395.98 564.572 4344.23 -3395.98 546.503 4346.35 -3385.69 549.816 4373.79 -3385.69 532.254 4369.55 -3406.27 525.626 4396.98 -3406.27 508.063 4401.22 -3385.69 514.691 4428.66 -3385.69 497.128 4426.54 -3395.98 493.815 4455.13 -3395.98 475.512 4455.13 -3358.81 492.387 4464.66 -3356.51 487.327 4464.66 -3320.55 503.65 4445.59 -3325.15 513.77 4445.59 -3289.19 530.092 4464.66 -3284.6 519.972 4464.66 -3248.64 536.295 4455.13 -3250.94 541.355 4455.13 -3214.54 557.874
  poly 1: 4442.55 -3207.92 540.967 4415.72 -3207.92 558.143 4417.84 -3197.62 561.457 4390.39 -3197.62 579.032 4386.15 -3218.21 572.403 4358.69 -3218.21 589.977 4362.94 -3197.62 596.606 4335.48 -3197.62 614.18 4333.36 -3207.92 610.866 4306.75 -3207.92 627.899 4306.75 -3243.39 611.799 4316.3 -3241.08 606.732 4316.3 -3277.07 590.398 4297.21 -3281.67 600.533 4297.21 -3317.65 584.199 4316.3 -3313.05 574.064 4316.3 -3349.03 557.73 4306.75 -3351.33 562.797 4306.75 -3386.94 546.631 4333.4 -3386.94 529.575 4335.52 -3376.65 532.889 4362.95 -3376.65 515.327 4358.71 -3397.24 508.699 4386.14 -3397.24 491.136 4390.39 -3376.65 497.764 4417.82 -3376.65 480.201 4415.7 -3386.94 476.887 4442.55 -3386.94 459.699 4442.55 -3351.31 475.875 4452.08 -3349.01 470.815 4452.08 -3313.06 487.137 4433.02 -3317.65 497.257 4433.02 -3281.69 513.579 4452.08 -3277.1 503.46 4452.08 -3241.14 519.782 4442.55 -3243.44 524.842 4442.55 -3207.92 540.967
element 83
  poly 0: 4316.01 -3215.18 646.643 4284.62 -3215.18 658.689 4286.16 -3205.04 662.705 4255.67 -3205.04 674.406 4252.59 -3225.33 666.374 4222.09 -3225.33 678.075 4225.18 -3205.04 686.107 4194.69 -3205.04 697.808 4193.15 -3215.18 693.792 4161.28 -3215.18 706.019 4161.28 -3252.23 689.203 4171.73 -3250.72 685.878 4171.73 -3286.74 669.527 4150.84 -3289.76 676.175 4150.84 -3325.78 659.824 4171.73 -3322.76 653.175 4171.73 -3358.78 636.823 4161.28 -3360.29 640.148 4161.28 -3396.77 623.59 4192.8 -3396.77 611.494 4194.34 -3386.62 615.509 4224.81 -3386.62 603.818 4221.73 -3406.92 595.788 4252.19 -3406.92 584.097 4255.27 -3386.62 592.127 4285.74 -3386.62 580.435 4284.2 -3396.77 576.421 4316.01 -3396.77 564.213 4316.01 -3359.63 581.074 4326.44 -3358.12 577.754 4326.44 -3322.14 594.088 4305.57 -3325.15 600.727 4305.57 -3289.17 617.061 4326.44 -3286.16 610.422 4326.44 -3250.17 626.756 4316.01 -3251.68 630.075 4316.01 -3215.18 646.643
  poly 1: 4306.75 -3207.92 627.899 4277.16 -3207.92 639.256 4278.7 -3197.77 643.272 4248.21 -3197.77 654.973 4245.13 -3218.07 646.941 4214.64 -3218.07 658.643 4217.72 -3197.77 666.674 4187.23 -3197.77 678.375 4185.69 -3207.92 674.36 4156.32 -3207.92 685.628 4156.32 -3243.31 669.561 4166.77 -3241.8 666.236 4166.77 -3277.83 649.885 4145.88 -3280.84 656.533 4145.88 -3316.87 640.182 4166.77 -3313.85 633.533 4166.77 -3349.87 617.181 4156.32 -3351.38 620.506 4156.32 -3386.94 604.36 4185.73 -3386.94 593.074 4187.27 -3376.8 597.089 4217.74 -3376.8 585.397 4214.66 -3397.09 577.368 4245.12 -3397.09 565.676 4248.2 -3376.8 573.706 4278.67 -3376.8 562.015 4277.13 -3386.94 558 4306.75 -3386.94 546.631 4306.75 -3351.33 562.797 4317.19 -3349.82 559.478 4317.19 -3313.84 575.812 4296.32 -3316.86 582.451 4296.32 -3280.87 598.785 4317.19 -3277.86 592.146 4317.19 -3241.88 608.48 4306.75 -3243.39 611.799 4306.75 -3207.92 627.899
element 84
  poly 0: 4161.28 -3215.58 705.838 4127.67 -3215.58 710.135 4128.25 -3205.53 714.626 4095.8 -3205.53 718.773 4094.65 -3225.64 709.793 4062.21 -3225.64 713.94 4063.36 -3205.53 722.921 4030.92 -3205.53 727.068 4030.34 -3215.58 722.578 3996.59 -3215.58 726.893 3996.59 -3252.4 710.182 4007.59 -3251.87 709.016 4007.59 -3287.94 692.642 3985.59 -3289 694.974 3985.59 -3325.07 678.601 4007.59 -3324.01 676.269 4007.59 -3360.08 659.895 3996.59 -3360.61 661.061 3996.59 -3397.25 644.427 4030.24 -3397.25 640.125 4030.81 -3387.2 644.614 4063.22 -3387.2 640.47 4062.07 -3407.3 631.492 4094.49 -3407.3 627.349 4095.63 -3387.2 636.327 4128.05 -3387.2 632.183 4127.47 -3397.25 627.694 4161.28 -3397.25 623.372 4161.28 -3360.29 640.148 4172.28 -3359.76 638.982 4172.28 -3323.74 655.334 4150.29 -3324.8 657.664 4150.29 -3288.78 674.016 4172.28 -3287.72 671.686 4172.28 -3251.7 688.037 4161.28 -3252.23 689.203 4161.28 -3215.58 705.838
  poly 1: 4156.32 -3207.92 685.628 4125.05 -3207.92 689.626 4125.62 -3197.86 694.117 4093.18 -3197.86 698.264 4092.03 -3217.97 689.284 4059.59 -3217.97 693.431 4060.74 -3197.86 702.412 4028.29 -3197.86 706.56 4027.72 -3207.92 702.069 3996.59 -3207.92 706.049 3996.59 -3243.24 690.014 4007.59 -3242.71 688.848 4007.59 -3278.78 672.474 3985.59 -3279.84 674.806 3985.59 -3315.91 658.433 4007.59 -3314.85 656.101 4007.59 -3350.92 639.727 3996.59 -3351.45 640.893 3996.59 -3386.94 624.781 4027.77 -3386.94 620.795 4028.34 -3376.89 625.284 4060.75 -3376.89 621.141 4059.6 -3396.99 612.163 4092.02 -3396.99 608.019 4093.16 -3376.89 616.997 4125.58 -3376.89 612.853 4125 -3386.94 608.364 4156.32 -3386.94 604.36 4156.32 -3351.38 620.506 4167.32 -3350.85 619.34 4167.32 -3314.83 635.692 4145.33 -3315.88 638.022 4145.33 -3279.86 654.374 4167.32 -3278.81 652.044 4167.32 -3242.78 668.395 4156.32 -3243.31 669.561 4156.32 -3207.92 685.628
element 85
  poly 0: 3996.59 -3215.58 726.893 3962.83 -3215.58 722.578 3962.26 -3205.53 727.068 3929.82 -3205.53 722.921 3930.97 -3225.64 713.94 3898.52 -3225.64 709.793 3897.37 -3205.53 718.773 3864.93 -3205.53 714.626 3865.51 -3215.58 710.135 3831.89 -3215.58 705.838 3831.89 -3252.23 689.203 3842.89 -3252.76 690.368 3842.89 -3288.78 674.016 3820.9 -3287.72 671.686 3820.9 -3323.74 655.334 3842.89 -3324.8 657.664 3842.89 -3360.82 641.313 3831.89 -3360.29 640.148 3831.89 -3397.25 623.372 3865.58 -3397.25 627.678 3865.01 -3387.2 632.167 3897.45 -3387.2 636.315 3898.6 -3407.3 627.337 3931.04 -3407.3 631.485 3929.89 -3387.2 640.462 3962.34 -3387.2 644.61 3962.91 -3397.25 640.121 3996.59 -3397.25 644.427 3996.59 -3360.61 661.061 4007.59 -3361.13 662.227 4007.59 -3325.07 678.601 3985.59 -3324.01 676.269 3985.59 -3287.94 692.642 4007.59 -3289 694.974 4007.59 -3252.93 711.348 3996.59 -3252.4 710.182 3996.59 -3215.58 726.893
  poly 1: 3996.59 -3207.92 706.049 3965.46 -3207.92 702.069 3964.88 -3197.86 706.56 3932.44 -3197.86 702.412 3933.59 -3217.97 693.431 3901.14 -3217.97 689.284 3900 -3197.86 698.264 3867.55 -3197.86 694.117 3868.13 -3207.92 689.626 3836.85 -3207.92 685.628 3836.85 -3243.31 669.561 3847.85 -3243.84 670.726 3847.85 -3279.86 654.374 3825.86 -3278.81 652.044 3825.86 -3314.83 635.692 3847.85 -3315.88 638.022 3847.85 -3351.91 621.671 3836.85 -3351.38 620.506 3836.85 -3386.94 604.36 3868.05 -3386.94 608.349 3867.48 -3376.89 612.838 3899.92 -3376.89 616.985 3901.07 -3396.99 608.007 3933.51 -3396.99 612.155 3932.36 -3376.89 621.133 3964.81 -3376.89 625.28 3965.38 -3386.94 620.791 3996.59 -3386.94 624.781 3996.59 -3351.45 640.893 4007.59 -3351.98 642.059 4007.59 -3315.91 658.433 3985.59 -3314.85 656.101 3985.59 -3278.78 672.474 4007.59 -3279.84 674.806 4007.59 -3243.77 691.18 3996.59 -3243.24 690.014 3996.59 -3207.92 706.049
element 86
  poly 0: 3831.89 -3215.18 706.019 3800.03 -3215.18 693.792 3798.49 -3205.04 697.808 3768 -3205.04 686.107 3771.08 -3225.33 678.075 3740.59 -3225.33 666.374 3737.51 -3205.04 674.406 3707.02 -3205.04 662.705 3708.56 -3215.18 658.689 3677.17 -3215.18 646.643 3677.17 -3251.68 630.075 3687.6 -3253.19 633.395 3687.6 -3289.17 617.061 3666.74 -3286.16 610.422 3666.74 -3322.14 594.088 3687.6 -3325.15 600.727 3687.6 -3361.13 584.393 3677.17 -3359.63 581.074 3677.17 -3396.77 564.213 3708.98 -3396.77 576.421 3707.44 -3386.62 580.435 3737.9 -3386.62 592.127 3740.99 -3406.92 584.097 3771.45 -3406.92 595.788 3768.37 -3386.62 603.818 3798.83 -3386.62 615.509 3800.37 -3396.77 611.494 3831.89 -3396.77 623.59 3831.89 -3360.29 640.148 3842.34 -3361.8 643.472 3842.34 -3325.78 659.824 3821.45 -3322.76 653.175 3821.45 -3286.74 669.527 3842.34 -3289.76 676.175 3842.34 -3253.74 692.527 3831.89 -3252.23 689.203 3831.89 -3215.18 706.019
  poly 1: 3836.85 -3207.92 685.628 3807.49 -3207.92 674.36 3805.95 -3197.77 678.375 3775.46 -3197.77 666.674 3778.54 -3218.07 658.643 3748.05 -3218.07 646.941 3744.97 -3197.77 654.973 3714.48 -3197.77 643.272 3716.02 -3207.92 639.256 3686.42 -3207.92 627.899 3686.42 -3243.39 611.799 3696.86 -3244.89 615.119 3696.86 -3280.87 598.785 3675.99 -3277.86 592.146 3675.99 -3313.84 575.812 3696.86 -3316.86 582.451 3696.86 -3352.84 566.117 3686.42 -3351.33 562.797 3686.42 -3386.94 546.631 3716.05 -3386.94 558 3714.51 -3376.8 562.015 3744.97 -3376.8 573.706 3748.05 -3397.09 565.676 3778.52 -3397.09 577.368 3775.44 -3376.8 585.397 3805.9 -3376.8 597.089 3807.44 -3386.94 593.074 3836.85 -3386.94 604.36 3836.85 -3351.38 620.506 3847.3 -3352.89 623.83 3847.3 -3316.87 640.182 3826.41 -3313.85 633.533 3826.41 -3277.83 649.885 3847.3 -3280.84 656.533 3847.3 -3244.82 672.885 3836.85 -3243.31 669.561 3836.85 -3207.92 685.628
element 87
  poly 0: 3677.17 -3214.54 646.934 3648.48 -3214.54 628.569 3646.36 -3204.25 631.883 3618.91 -3204.25 614.309 3623.15 -3224.84 607.68 3595.7 -3224.84 590.106 3591.46 -3204.25 596.735 3564 -3204.25 579.161 3566.12 -3214.54 575.846 3538.05 -3214.54 557.874 3538.05 -3250.94 541.355 3547.58 -3253.23 546.414 3547.58 -3289.19 530.092 3528.52 -3284.6 519.972 3528.52 -3320.55 503.65 3547.58 -3325.15 513.77 3547.58 -3361.1 497.447 3538.05 -3358.81 492.387 3538.05 -3395.98 475.512 3566.64 -3395.98 493.815 3564.52 -3385.69 497.128 3591.95 -3385.69 514.691 3596.2 -3406.27 508.063 3623.63 -3406.27 525.626 3619.39 -3385.69 532.254 3646.82 -3385.69 549.816 3648.94 -3395.98 546.503 3677.17 -3395.98 564.572 3677.17 -3359.63 581.074 3686.72 -3361.93 586.141 3686.72 -3325.95 602.475 3667.62 -3321.35 592.34 3667.62 -3285.36 608.674 3686.72 -3289.96 618.809 3686.72 -3253.98 635.143 3677.17 -3251.68 630.075 3677.17 -3214.54 646.934
  poly 1: 3686.42 -3207.92 627.899 3659.82 -3207.92 610.866 3657.69 -3197.62 614.18 3630.24 -3197.62 596.606 3634.48 -3218.21 589.977 3607.03 -3218.21 572.403 3602.79 -3197.62 579.032 3575.34 -3197.62 561.457 3577.46 -3207.92 558.143 3550.63 -3207.92 540.967 3550.63 -3243.44 524.842 3560.16 -3245.74 529.902 3560.16 -3281.69 513.579 3541.09 -3277.1 503.46 3541.09 -3313.06 487.137 3560.16 -3317.65 497.257 3560.16 -3353.61 480.934 3550.63 -3351.31 475.875 3550.63 -3386.94 459.699 3577.48 -3386.94 476.887 3575.36 -3376.65 480.201 3602.79 -3376.65 497.764 3607.03 -3397.24 491.136 3634.47 -3397.24 508.699 3630.22 -3376.65 515.327 3657.66 -3376.65 532.889 3659.78 -3386.94 529.575 3686.42 -3386.94 546.631 3686.42 -3351.33 562.797 3695.97 -3353.63 567.865 3695.97 -3317.65 584.199 3676.88 -3313.05 574.064 3676.88 -3277.07 590.398 3695.97 -3281.67 600.533 3695.97 -3245.69 616.867 3686.42 -3243.39 611.799 3686.42 -3207.92 627.899
element 88
  poly 0: 3538.05 -3213.84 558.196 3512.82 -3213.84 535.565 3510.47 -3203.4 538.19 3486.25 -3203.4 516.469 3490.96 -3224.27 511.218 3466.74 -3224.27 489.496 3462.03 -3203.4 494.747 3437.82 -3203.4 473.025 3440.17 -3213.84 470.4 3415.55 -3213.84 448.312 3415.55 -3250.16 431.823 3424.08 -3253.04 438.172 3424.08 -3288.98 421.856 3407.01 -3283.22 409.159 3407.01 -3319.16 392.844 3424.08 -3324.92 405.541 3424.08 -3360.86 389.226 3415.55 -3357.98 382.877 3415.55 -3395.08 366.035 3440.69 -3395.08 388.583 3438.33 -3384.65 391.208 3462.54 -3384.65 412.92 3467.24 -3405.52 407.67 3491.45 -3405.52 429.381 3486.74 -3384.65 434.631 3510.94 -3384.65 456.342 3513.3 -3395.08 453.717 3538.05 -3395.08 475.919 3538.05 -3358.81 492.387 3546.6 -3361.69 498.743 3546.6 -3325.73 515.065 3529.5 -3319.96 502.354 3529.5 -3284.01 518.676 3546.6 -3289.78 531.388 3546.6 -3253.82 547.71 3538.05 -3250.94 541.355 3538.05 -3213.84 558.196
  poly 1: 3550.63 -3207.92 540.967 3526.99 -3207.92 519.767 3524.64 -3197.48 522.392 3500.42 -3197.48 500.67 3505.13 -3218.35 495.42 3480.91 -3218.35 473.698 3476.2 -3197.48 478.948 3451.99 -3197.48 457.227 3454.34 -3207.92 454.601 3430.53 -3207.92 433.245 3430.53 -3243.48 417.103 3439.07 -3246.36 423.452 3439.07 -3282.3 407.136 3422 -3276.54 394.439 3422 -3312.48 378.124 3439.07 -3318.24 390.821 3439.07 -3354.18 374.506 3430.53 -3351.3 368.157 3430.53 -3386.94 351.977 3454.35 -3386.94 373.344 3452 -3376.51 375.97 3476.2 -3376.51 397.681 3480.91 -3397.38 392.431 3505.12 -3397.38 414.142 3500.41 -3376.51 419.392 3524.61 -3376.51 441.103 3526.97 -3386.94 438.478 3550.63 -3386.94 459.699 3550.63 -3351.31 475.875 3559.17 -3354.19 482.23 3559.17 -3318.24 498.553 3542.08 -3312.47 485.841 3542.08 -3276.51 502.164 3559.17 -3282.28 514.875 3559.17 -3246.32 531.198 3550.63 -3243.44 524.842 3550.63 -3207.92 540.967
element 89
  poly 0: 3415.55 -3213.17 448.615 3393.56 -3213.17 423.244 3391.19 -3202.61 425.299 3370 -3202.61 400.843 3374.74 -3223.72 396.733 3353.55 -3223.72 372.277 3348.81 -3202.61 376.387 3327.62 -3202.61 351.931 3329.99 -3213.17 349.876 3308.91 -3213.17 325.553 3308.91 -3394.22 243.365 3330.47 -3394.22 268.24 3328.1 -3383.66 270.295 3349.28 -3383.66 294.737 3354.02 -3404.78 290.627 3375.2 -3404.78 315.069 3370.46 -3383.66 319.179 3391.63 -3383.66 343.621 3394.01 -3394.22 341.566 3415.55 -3394.22 366.427 3415.55 -3357.98 382.877 3423.15 -3361.28 390.147 3423.15 -3325.34 406.463 3407.95 -3318.74 391.922 3407.95 -3282.8 408.238 3423.15 -3289.4 422.778 3423.15 -3253.46 439.094 3415.55 -3250.16 431.823 3415.55 -3213.17 448.615
  poly 1: 3430.53 -3207.92 433.245 3409.73 -3207.92 409.236 3407.36 -3197.36 411.291 3386.17 -3197.36 386.835 3390.91 -3218.47 382.725 3369.72 -3218.47 358.269 3364.98 -3197.36 362.379 3343.79 -3197.36 337.924 3346.16 -3207.92 335.869 3324.85 -3207.92 311.281 3324.85 -3386.94 230.013 3346.18 -3386.94 254.627 3343.81 -3376.39 256.682 3364.99 -3376.39 281.124 3369.73 -3397.5 277.014 3390.91 -3397.5 301.456 3386.17 -3376.39 305.566 3407.35 -3376.39 330.008 3409.72 -3386.94 327.953 3430.53 -3386.94 351.977 3430.53 -3351.3 368.157 3438.13 -3354.6 375.427 3438.13 -3318.66 391.743 3422.94 -3312.06 377.202 3422.94 -3276.12 393.518 3438.13 -3282.72 408.058 3438.13 -3246.78 424.373 3430.53 -3243.48 417.103 3430.53 -3207.92 433.245
element 90
  poly 0: 4668.32 -3386.94 230.013 4647 -3386.94 254.627 4650.12 -3376.74 257.332 4628.94 -3376.74 281.774 4622.7 -3397.15 276.364 4601.52 -3397.15 300.806 4607.76 -3376.74 306.216 4586.58 -3376.74 330.658 4583.46 -3386.94 327.953 4562.64 -3386.94 351.977 4562.64 -3420.2 331.431 4570.51 -3416.14 324.862 4570.51 -3449.7 304.126 4554.78 -3457.82 317.263 4554.78 -3491.38 296.526 4570.51 -3483.26 283.389 4570.51 -3516.82 262.653 4562.64 -3520.88 269.221 4562.64 -3554.22 248.622 4583.47 -3554.22 224.587 4586.59 -3544.01 227.292 4607.76 -3544.01 202.861 4601.52 -3564.43 197.451 4622.69 -3564.43 173.02 4628.93 -3544.01 178.429 4650.1 -3544.01 153.998 4646.98 -3554.22 151.293 4668.32 -3554.22 126.657 4668.32 -3386.94 230.013
  poly 1: 4683.74 -3394.22 243.97 4662.71 -3394.22 268.24 4665.83 -3384.01 270.945 4644.65 -3384.01 295.387 4638.41 -3404.43 289.977 4617.23 -3404.43 314.419 4623.47 -3384.01 319.829 4602.29 -3384.01 344.271 4599.17 -3394.22 341.566 4577.08 -3394.22 367.062 4577.08 -3428.95 345.602 4584.94 -3424.89 339.034 4584.94 -3458.46 318.297 4569.21 -3466.57 331.434 4569.21 -3500.13 310.698 4584.94 -3492.02 297.561 4584.94 -3525.58 276.824 4577.08 -3529.64 283.393 4577.08 -3563.42 262.52 4598.59 -3563.42 237.692 4601.71 -3553.21 240.396 4622.88 -3553.21 215.965 4616.64 -3573.63 210.555 4637.81 -3573.63 186.124 4644.05 -3553.21 191.534 4665.22 -3553.21 167.102 4662.1 -3563.42 164.397 4683.74 -3563.42 139.428 4683.74 -3394.22 243.97
element 91
  poly 0: 4562.64 -3386.94 351.977 4538.82 -3386.94 373.344 4541.9 -3376.94 376.771 4517.69 -3376.94 398.482 4511.54 -3396.95 391.629 4487.34 -3396.95 413.34 4493.49 -3376.94 420.193 4469.28 -3376.94 441.904 4466.21 -3386.94 438.478 4442.55 -3386.94 459.699 4442.55 -3420.17 439.171 4451.32 -3416.65 433.477 4451.32 -3450.22 412.734 4433.78 -3457.26 424.121 4433.78 -3490.83 403.379 4451.32 -3483.79 391.992 4451.32 -3517.36 371.249 4442.55 -3520.88 376.942 4442.55 -3554.22 356.343 4466.23 -3554.22 335.104 4469.3 -3544.22 338.53 4493.5 -3544.22 316.828 4487.35 -3564.23 309.976 4511.55 -3564.23 288.273 4517.69 -3544.22 295.125 4541.89 -3544.22 273.423 4538.81 -3554.22 269.997 4562.64 -3554.22 248.622 4562.64 -3520.88 269.221 4571.41 -3517.37 263.534 4571.41 -3483.81 284.27 4553.88 -3490.83 295.646 4553.88 -3457.27 316.382 4571.41 -3450.24 305.006 4571.41 -3416.68 325.743 4562.64 -3420.2 331.431 4562.64 -3386.94 351.977
  poly 1: 4577.08 -3395.08 366.529 4552.49 -3395.08 388.583 4555.56 -3385.08 392.01 4531.36 -3385.08 413.721 4525.21 -3405.09 406.868 4501.01 -3405.09 428.579 4507.16 -3385.08 435.432 4482.95 -3385.08 457.143 4479.88 -3395.08 453.717 4454.56 -3395.08 476.431 4454.56 -3429.9 454.92 4463.33 -3426.38 449.227 4463.33 -3459.95 428.484 4445.78 -3466.99 439.871 4445.78 -3500.56 419.128 4463.33 -3493.52 407.741 4463.33 -3527.1 386.999 4454.56 -3530.61 392.692 4454.56 -3564.42 371.806 4479.27 -3564.42 349.639 4482.34 -3554.41 353.065 4506.53 -3554.41 331.363 4500.39 -3574.42 324.511 4524.58 -3574.42 302.808 4530.73 -3554.41 309.66 4554.92 -3554.41 287.958 4551.85 -3564.42 284.532 4577.08 -3564.42 261.903 4577.08 -3529.64 283.393 4585.84 -3526.12 277.705 4585.84 -3492.56 298.442 4568.32 -3499.59 309.817 4568.32 -3466.03 330.554 4585.84 -3459 319.178 4585.84 -3425.44 339.914 4577.08 -3428.95 345.602 4577.08 -3395.08 366.529
element 92
  poly 0: 4454.56 -3395.98 475.878 4426.54 -3395.98 493.815 4429.28 -3386.21 498.098 4401.84 -3386.21 515.661 4396.36 -3405.75 507.094 4368.93 -3405.75 524.656 4374.41 -3386.21 533.223 4346.97 -3386.21 550.786 4344.23 -3395.98 546.503 4315.5 -3395.98 564.895 4315.5 -3430.78 543.392 4325.2 -3428 538.898 4325.2 -3461.6 518.142 4305.8 -3467.15 527.131 4305.8 -3500.74 506.375 4325.2 -3495.19 497.386 4325.2 -3528.78 476.63 4315.5 -3531.56 481.124 4315.5 -3565.42 460.202 4343.66 -3565.42 442.176 4346.4 -3555.65 446.459 4373.82 -3555.65 428.907 4368.34 -3575.19 420.341 4395.75 -3575.19 402.789 4401.24 -3555.65 411.355 4428.66 -3555.65 393.803 4425.91 -3565.42 389.52 4454.56 -3565.42 371.185 4454.56 -3530.61 392.692 4464.24 -3527.84 388.203 4464.24 -3494.27 408.946 4444.87 -3499.82 417.924 4444.87 -3466.24 438.666 4464.24 -3460.7 429.689 4464.24 -3427.13 450.432 4454.56 -3429.9 454.92 4454.56 -3395.98 475.878
  poly 1: 4442.55 -3386.94 459.699 4415.7 -3386.94 476.887 4418.44 -3377.17 481.171 4391.01 -3377.17 498.734 4385.52 -3396.72 490.166 4358.09 -3396.72 507.729 4363.57 -3377.17 516.296 4336.14 -3377.17 533.859 4333.4 -3386.94 529.575 4306.75 -3386.94 546.631 4306.75 -3420.12 526.134 4316.45 -3417.34 521.64 4316.45 -3450.93 500.884 4297.05 -3456.49 509.872 4297.05 -3490.08 489.116 4316.45 -3484.53 480.128 4316.45 -3518.12 459.372 4306.75 -3520.9 463.866 4306.75 -3554.22 443.276 4333.43 -3554.22 426.198 4336.17 -3544.45 430.481 4363.59 -3544.45 412.929 4358.11 -3563.99 404.363 4385.53 -3563.99 386.811 4391.01 -3544.45 395.377 4418.43 -3544.45 377.825 4415.68 -3554.22 373.542 4442.55 -3554.22 356.343 4442.55 -3520.88 376.942 4452.24 -3518.11 372.454 4452.24 -3484.54 393.196 4432.86 -3490.08 402.174 4432.86 -3456.51 422.917 4452.24 -3450.97 413.939 4452.24 -3417.39 434.682 4442.55 -3420.17 439.171 4442.55 -3386.94 459.699
element 93
  poly 0: 4315.5 -3396.77 564.407 4284.2 -3396.77 576.421 4286.17 -3387.22 581.562 4255.71 -3387.22 593.253 4251.76 -3406.32 582.97 4221.29 -3406.32 594.662 4225.24 -3387.22 604.944 4194.78 -3387.22 616.635 4192.8 -3396.77 611.494 4160.98 -3396.77 623.708 4160.98 -3431.41 602.304 4171.49 -3429.61 599.384 4171.49 -3463.24 578.604 4150.46 -3466.85 584.444 4150.46 -3500.48 563.665 4171.49 -3496.87 557.825 4171.49 -3530.5 537.045 4160.98 -3532.3 539.965 4160.98 -3566.28 518.971 4192.39 -3566.28 506.915 4194.36 -3556.74 512.055 4224.8 -3556.74 500.374 4220.86 -3575.83 490.095 4251.29 -3575.83 478.414 4255.24 -3556.74 488.693 4285.68 -3556.74 477.012 4283.7 -3566.28 471.873 4315.5 -3566.28 459.67 4315.5 -3531.56 481.124 4326 -3529.76 478.208 4326 -3496.17 498.964 4305 -3499.77 504.797 4305 -3466.18 525.553 4326 -3462.57 519.72 4326 -3428.98 540.476 4315.5 -3430.78 543.392 4315.5 -3396.77 564.407
  poly 1: 4306.75 -3386.94 546.631 4277.13 -3386.94 558 4279.1 -3377.4 563.141 4248.64 -3377.4 574.833 4244.69 -3396.49 564.55 4214.23 -3396.49 576.241 4218.17 -3377.4 586.524 4187.71 -3377.4 598.215 4185.73 -3386.94 593.074 4156.32 -3386.94 604.36 4156.32 -3420.04 583.908 4166.84 -3418.24 580.988 4166.84 -3451.87 560.209 4145.81 -3455.48 566.049 4145.81 -3489.11 545.269 4166.84 -3485.5 539.429 4166.84 -3519.13 518.65 4156.32 -3520.94 521.57 4156.32 -3554.22 501.005 4185.78 -3554.22 489.699 4187.76 -3544.68 494.839 4218.19 -3544.68 483.158 4214.25 -3563.76 472.879 4244.69 -3563.76 461.198 4248.63 -3544.68 471.477 4279.07 -3544.68 459.796 4277.1 -3554.22 454.657 4306.75 -3554.22 443.276 4306.75 -3520.9 463.866 4317.25 -3519.1 460.95 4317.25 -3485.5 481.706 4296.25 -3489.11 487.538 4296.25 -3455.51 508.294 4317.25 -3451.91 502.462 4317.25 -3418.32 523.218 4306.75 -3420.12 526.134 4306.75 -3386.94 546.631
element 94
  poly 0: 4160.98 -3397.25 623.411 4127.47 -3397.25 627.694 4128.2 -3387.85 633.407 4095.79 -3387.85 637.551 4094.33 -3406.65 626.125 4061.92 -3406.65 630.268 4063.38 -3387.85 641.694 4030.97 -3387.85 645.838 4030.24 -3397.25 640.125 3996.59 -3397.25 644.427 3996.59 -3431.59 623.206 4007.59 -3430.97 622.188 4007.59 -3464.65 601.377 3985.59 -3465.91 603.412 3985.59 -3499.59 582.601 4007.59 -3498.33 580.566 4007.59 -3532.01 559.755 3996.59 -3532.64 560.773 3996.59 -3566.79 539.671 4030.11 -3566.79 535.385 4030.84 -3557.4 541.096 4063.22 -3557.4 536.957 4061.76 -3576.19 525.535 4094.14 -3576.19 521.396 4095.6 -3557.4 532.817 4127.98 -3557.4 528.678 4127.25 -3566.79 522.967 4160.98 -3566.79 518.655 4160.98 -3532.3 539.965 4171.97 -3531.68 538.948 4171.97 -3498.04 559.727 4149.98 -3499.3 561.762 4149.98 -3465.67 582.541 4171.97 -3464.41 580.507 4171.97 -3430.78 601.287 4160.98 -3431.41 602.304 4160.98 -3397.25 623.411
  poly 1: 4156.32 -3386.94 604.36 4125 -3386.94 608.364 4125.73 -3377.55 614.077 4093.32 -3377.55 618.221 4091.86 -3396.34 606.795 4059.45 -3396.34 610.939 4060.91 -3377.55 622.365 4028.5 -3377.55 626.508 4027.77 -3386.94 620.795 3996.59 -3386.94 624.781 3996.59 -3419.96 604.38 4007.59 -3419.33 603.362 4007.59 -3453.02 582.551 3985.59 -3454.27 584.586 3985.59 -3487.96 563.775 4007.59 -3486.7 561.74 4007.59 -3520.38 540.929 3996.59 -3521.01 541.947 3996.59 -3554.22 521.426 4027.82 -3554.22 517.433 4028.55 -3544.83 523.144 4060.93 -3544.83 519.005 4059.47 -3563.62 507.583 4091.84 -3563.62 503.444 4093.31 -3544.83 514.866 4125.68 -3544.83 510.726 4124.95 -3554.22 505.015 4156.32 -3554.22 501.005 4156.32 -3520.94 521.57 4167.32 -3520.31 520.552 4167.32 -3486.68 541.332 4145.33 -3487.94 543.366 4145.33 -3454.3 564.146 4167.32 -3453.05 562.111 4167.32 -3419.42 582.891 4156.32 -3420.04 583.908 4156.32 -3386.94 604.36
element 95
  poly 0: 3996.59 -3397.25 644.427 3962.91 -3397.25 640.121 3962.18 -3387.85 645.834 3929.74 -3387.85 641.687 3931.2 -3406.65 630.26 3898.75 -3406.65 626.113 3897.29 -3387.85 637.539 3864.85 -3387.85 633.391 3865.58 -3397.25 627.678 3832.2 -3397.25 623.411 3832.2 -3431.41 602.304 3843.19 -3432.04 603.321 3843.19 -3465.67 582.541 3821.21 -3464.41 580.507 3821.21 -3498.04 559.727 3843.19 -3499.3 561.762 3843.19 -3532.93 540.982 3832.2 -3532.3 539.965 3832.2 -3566.79 518.655 3865.93 -3566.79 522.967 3865.2 -3557.4 528.678 3897.58 -3557.4 532.817 3899.04 -3576.19 521.396 3931.41 -3576.19 525.535 3929.95 -3557.4 536.957 3962.33 -3557.4 541.096 3963.06 -3566.79 535.385 3996.59 -3566.79 539.671 3996.59 -3532.64 560.773 4007.59 -3533.27 561.79 4007.59 -3499.59 582.601 3985.59 -3498.33 580.566 3985.59 -3464.65 601.377 4007.59 -3465.91 603.412 4007.59 -3432.22 624.224 3996.59 -3431.59 623.206 3996.59 -3397.25 644.427
  poly 1: 3996.59 -3386.94 624.781 3965.38 -3386.94 620.791 3964.65 -3377.55 626.505 3932.21 -3377.55 622.357 3933.67 -3396.34 610.931 3901.23 -3396.34 606.783 3899.76 -3377.55 618.209 3867.32 -3377.55 614.062 3868.05 -3386.94 608.349 3836.85 -3386.94 604.36 3836.85 -3420.04 583.908 3847.85 -3420.67 584.925 3847.85 -3454.3 564.146 3825.86 -3453.05 562.111 3825.86 -3486.68 541.332 3847.85 -3487.94 543.366 3847.85 -3521.57 522.587 3836.85 -3520.94 521.57 3836.85 -3554.22 501.005 3868.22 -3554.22 505.015 3867.49 -3544.83 510.726 3899.87 -3544.83 514.866 3901.33 -3563.62 503.444 3933.71 -3563.62 507.583 3932.25 -3544.83 519.005 3964.63 -3544.83 523.144 3965.36 -3554.22 517.433 3996.59 -3554.22 521.426 3996.59 -3521.01 541.947 4007.59 -3521.64 542.964 4007.59 -3487.96 563.775 3985.59 -3486.7 561.74 3985.59 -3453.02 582.551 4007.59 -3454.27 584.586 4007.59 -3420.59 605.397 3996.59 -3419.96 604.38 3996.59 -3386.94 624.781
element 96
  poly 0: 3832.2 -3396.77 623.708 3800.37 -3396.77 611.494 3798.4 -3387.22 616.635 3767.94 -3387.22 604.944 3771.88 -3406.32 594.662 3741.42 -3406.32 582.97 3737.47 -3387.22 593.253 3707.01 -3387.22 581.562 3708.98 -3396.77 576.421 3677.68 -3396.77 564.407 3677.68 -3430.78 543.392 3688.18 -3432.58 546.309 3688.18 -3466.18 525.553 3667.17 -3462.57 519.72 3667.17 -3496.17 498.964 3688.18 -3499.77 504.797 3688.18 -3533.36 484.041 3677.68 -3531.56 481.124 3677.68 -3566.28 459.67 3709.47 -3566.28 471.873 3707.5 -3556.74 477.012 3737.94 -3556.74 488.693 3741.88 -3575.83 478.414 3772.32 -3575.83 490.095 3768.38 -3556.74 500.374 3798.81 -3556.74 512.055 3800.79 -3566.28 506.915 3832.2 -3566.28 518.971 3832.2 -3532.3 539.965 3842.71 -3534.11 542.885 3842.71 -3500.48 563.665 3821.69 -3496.87 557.825 3821.69 -3463.24 578.604 3842.71 -3466.85 584.444 3842.71 -3433.21 605.224 3832.2 -3431.41 602.304 3832.2 -3396.77 623.708
  poly 1: 3836.85 -3386.94 604.36 3807.44 -3386.94 593.074 3805.47 -3377.4 598.215 3775.01 -3377.4 586.524 3778.95 -3396.49 576.241 3748.49 -3396.49 564.55 3744.54 -3377.4 574.833 3714.08 -3377.4 563.141 3716.05 -3386.94 558 3686.42 -3386.94 546.631 3686.42 -3420.12 526.134 3696.92 -3421.92 529.05 3696.92 -3455.51 508.294 3675.92 -3451.91 502.462 3675.92 -3485.5 481.706 3696.92 -3489.11 487.538 3696.92 -3522.7 466.782 3686.42 -3520.9 463.866 3686.42 -3554.22 443.276 3716.08 -3554.22 454.657 3714.11 -3544.68 459.796 3744.54 -3544.68 471.477 3748.49 -3563.76 461.198 3778.93 -3563.76 472.879 3774.98 -3544.68 483.158 3805.42 -3544.68 494.839 3807.39 -3554.22 489.699 3836.85 -3554.22 501.005 3836.85 -3520.94 521.57 3847.37 -3522.74 524.489 3847.37 -3489.11 545.269 3826.34 -3485.5 539.429 3826.34 -3451.87 560.209 3847.37 -3455.48 566.049 3847.37 -3421.85 586.828 3836.85 -3420.04 583.908 3836.85 -3386.94 604.36
element 97
  poly 0: 3677.68 -3395.98 564.895 3648.94 -3395.98 546.503 3646.2 -3386.21 550.786 3618.77 -3386.21 533.223 3624.25 -3405.75 524.656 3596.82 -3405.75 507.094 3591.33 -3386.21 515.661 3563.9 -3386.21 498.098 3566.64 -3395.98 493.815 3538.62 -3395.98 475.878 3538.62 -3429.9 454.92 3548.31 -3432.67 459.409 3548.31 -3466.24 438.666 3528.93 -3460.7 429.689 3528.93 -3494.27 408.946 3548.31 -3499.82 417.924 3548.31 -3533.39 397.181 3538.62 -3530.61 392.692 3538.62 -3565.42 371.185 3567.26 -3565.42 389.52 3564.52 -3555.65 393.803 3591.94 -3555.65 411.355 3597.42 -3575.19 402.789 3624.84 -3575.19 420.341 3619.36 -3555.65 428.907 3646.78 -3555.65 446.459 3649.52 -3565.42 442.176 3677.68 -3565.42 460.202 3677.68 -3531.56 481.124 3687.38 -3534.34 485.619 3687.38 -3500.74 506.375 3667.97 -3495.19 497.386 3667.97 -3461.6 518.142 3687.38 -3467.15 527.131 3687.38 -3433.56 547.887 3677.68 -3430.78 543.392 3677.68 -3395.98 564.895
  poly 1: 3686.42 -3386.94 546.631 3659.78 -3386.94 529.575 3657.04 -3377.17 533.859 3629.6 -3377.17 516.296 3635.09 -3396.72 507.729 3607.65 -3396.72 490.166 3602.17 -3377.17 498.734 3574.73 -3377.17 481.171 3577.48 -3386.94 476.887 3550.63 -3386.94 459.699 3550.63 -3420.17 439.171 3560.31 -3422.94 443.659 3560.31 -3456.51 422.917 3540.94 -3450.97 413.939 3540.94 -3484.54 393.196 3560.31 -3490.08 402.174 3560.31 -3523.66 381.431 3550.63 -3520.88 376.942 3550.63 -3554.22 356.343 3577.49 -3554.22 373.542 3574.75 -3544.45 377.825 3602.17 -3544.45 395.377 3607.65 -3563.99 386.811 3635.07 -3563.99 404.363 3629.59 -3544.45 412.929 3657 -3544.45 430.481 3659.75 -3554.22 426.198 3686.42 -3554.22 443.276 3686.42 -3520.9 463.866 3696.12 -3523.67 468.36 3696.12 -3490.08 489.116 3676.72 -3484.53 480.128 3676.72 -3450.93 500.884 3696.12 -3456.49 509.872 3696.12 -3422.89 530.629 3686.42 -3420.12 526.134 3686.42 -3386.94 546.631
element 98
  poly 0: 3538.62 -3395.08 476.431 3513.3 -3395.08 453.717 3510.23 -3385.08 457.143 3486.02 -3385.08 435.432 3492.17 -3405.09 428.579 3467.96 -3405.09 406.868 3461.82 -3385.08 413.721 3437.61 -3385.08 392.01 3440.69 -3395.08 388.583 3416.1 -3395.08 366.529 3416.1 -3428.95 345.602 3424.86 -3432.47 351.29 3424.86 -3466.03 330.554 3407.34 -3459 319.178 3407.34 -3492.56 298.442 3424.86 -3499.59 309.817 3424.86 -3533.15 289.081 3416.1 -3529.64 283.393 3416.1 -3564.42 261.903 3441.33 -3564.42 284.532 3438.25 -3554.41 287.958 3462.45 -3554.41 309.66 3468.59 -3574.42 302.808 3492.79 -3574.42 324.511 3486.64 -3554.41 331.363 3510.84 -3554.41 353.065 3513.91 -3564.42 349.639 3538.62 -3564.42 371.806 3538.62 -3530.61 392.692 3547.39 -3534.13 398.386 3547.39 -3500.56 419.128 3529.85 -3493.52 407.741 3529.85 -3459.95 428.484 3547.39 -3466.99 439.871 3547.39 -3433.42 460.614 3538.62 -3429.9 454.92 3538.62 -3395.08 476.431
  poly 1: 3550.63 -3386.94 459.699 3526.97 -3386.94 438.478 3523.89 -3376.94 441.904 3499.69 -3376.94 420.193 3505.84 -3396.95 413.34 3481.63 -3396.95 391.629 3475.49 -3376.94 398.482 3451.28 -3376.94 376.771 3454.35 -3386.94 373.344 3430.53 -3386.94 351.977 3430.53 -3420.2 331.431 3439.3 -3423.71 337.118 3439.3 -3457.27 316.382 3421.77 -3450.24 305.006 3421.77 -3483.81 284.27 3439.3 -3490.83 295.646 3439.3 -3524.4 274.909 3430.53 -3520.88 269.221 3430.53 -3554.22 248.622 3454.36 -3554.22 269.997 3451.29 -3544.22 273.423 3475.48 -3544.22 295.125 3481.63 -3564.23 288.273 3505.83 -3564.23 309.976 3499.68 -3544.22 316.828 3523.87 -3544.22 338.53 3526.95 -3554.22 335.104 3550.63 -3554.22 356.343 3550.63 -3520.88 376.942 3559.4 -3524.4 382.636 3559.4 -3490.83 403.379 3541.86 -3483.79 391.992 3541.86 -3450.22 412.734 3559.4 -3457.26 424.121 3559.4 -3423.69 444.864 3550.63 -3420.17 439.171 3550.63 -3386.94 459.699
element 99
  poly 0: 3416.1 -3394.22 367.062 3394.01 -3394.22 341.566 3390.88 -3384.01 344.271 3369.71 -3384.01 319.829 3375.95 -3404.43 314.419 3354.77 -3404.43 289.977 3348.53 -3384.01 295.387 3327.35 -3384.01 270.945 3330.47 -3394.22 268.24 3309.44 -3394.22 243.97 3309.44 -3563.42 139.428 3331.08 -3563.42 164.397 3327.95 -3553.21 167.102 3349.12 -3553.21 191.534 3355.37 -3573.63 186.124 3376.54 -3573.63 210.555 3370.29 -3553.21 215.965 3391.46 -3553.21 240.396 3394.58 -3563.42 237.692 3416.1 -3563.42 262.52 3416.1 -3529.64 283.393 3423.96 -3533.7 289.962 3423.96 -3500.13 310.698 3408.23 -3492.02 297.561 3408.23 -3458.46 318.297 3423.96 -3466.57 331.434 3423.96 -3433.01 352.171 3416.1 -3428.95 345.602 3416.1 -3394.22 367.062
  poly 1: 3430.53 -3386.94 351.977 3409.72 -3386.94 327.953 3406.6 -3376.74 330.658 3385.42 -3376.74 306.216 3391.66 -3397.15 300.806 3370.48 -3397.15 276.364 3364.24 -3376.74 281.774 3343.06 -3376.74 257.332 3346.18 -3386.94 254.627 3324.85 -3386.94 230.013 3324.85 -3554.22 126.657 3346.2 -3554.22 151.293 3343.08 -3544.01 153.998 3364.25 -3544.01 178.429 3370.49 -3564.43 173.02 3391.66 -3564.43 197.451 3385.42 -3544.01 202.861 3406.59 -3544.01 227.292 3409.71 -3554.22 224.587 3430.53 -3554.22 248.622 3430.53 -3520.88 269.221 3438.4 -3524.94 275.79 3438.4 -3491.38 296.526 3422.67 -3483.26 283.389 3422.67 -3449.7 304.126 3438.4 -3457.82 317.263 3438.4 -3424.26 337.999 3430.53 -3420.2 331.431 3430.53 -3386.94 351.977
element 100
  poly 0: 4668.32 -3554.22 126.657 4646.98 -3554.22 151.293 4650.8 -3544.44 154.605 4629.63 -3544.44 179.037 4621.99 -3564 172.412 4600.82 -3564 196.844 4608.46 -3544.44 203.468 4587.29 -3544.44 227.9 4583.47 -3554.22 224.587 4562.64 -3554.22 248.622 4562.64 -3584.84 224.44 4570.81 -3580.26 218.634 4570.81 -3611.12 194.266 4554.48 -3620.29 205.879 4554.48 -3651.15 181.511 4570.81 -3641.98 169.899 4570.81 -3672.84 145.531 4562.64 -3677.42 151.338 4562.64 -3708.56 126.748 4668.32 -3708.56 4.78413 4668.32 -3554.22 126.657
  poly 1: 4683.09 -3563.42 140.171 4662.1 -3563.42 164.397 4665.92 -3553.64 167.71 4644.75 -3553.64 192.141 4637.11 -3573.2 185.517 4615.94 -3573.2 209.948 4623.58 -3553.64 216.572 4602.41 -3553.64 241.004 4598.59 -3563.42 237.692 4576.41 -3563.42 263.29 4576.41 -3595.51 237.948 4584.58 -3590.93 232.142 4584.58 -3621.79 207.775 4568.24 -3630.96 219.387 4568.24 -3661.81 195.02 4584.58 -3652.64 183.407 4584.58 -3683.5 159.04 4576.41 -3688.09 164.846 4576.41 -3718.67 140.7 4683.09 -3718.67 17.5813 4683.09 -3563.42 140.171
element 101
  poly 0: 4562.64 -3554.22 248.622 4538.81 -3554.22 269.997 4542.54 -3544.73 274.151 4518.35 -3544.73 295.854 4510.89 -3563.72 287.544 4486.7 -3563.72 309.247 4494.15 -3544.73 317.556 4469.96 -3544.73 339.259 4466.23 -3554.22 335.104 4442.55 -3554.22 356.343 4442.55 -3584.82 332.181 4451.57 -3580.88 327.198 4451.57 -3611.75 302.828 4433.53 -3619.62 312.794 4433.53 -3650.48 288.424 4451.57 -3642.61 278.457 4451.57 -3673.47 254.087 4442.55 -3677.41 259.07 4442.55 -3708.56 234.47 4562.64 -3708.56 126.748 4562.64 -3677.42 151.338 4571.66 -3673.49 146.359 4571.66 -3642.63 170.726 4553.63 -3650.49 180.684 4553.63 -3619.64 205.051 4571.66 -3611.77 195.094 4571.66 -3580.91 219.461 4562.64 -3584.84 224.44 4562.64 -3554.22 248.622
  poly 1: 4576.41 -3564.42 262.502 4551.85 -3564.42 284.532 4555.58 -3554.92 288.686 4531.38 -3554.92 310.389 4523.93 -3573.91 302.08 4499.74 -3573.91 323.782 4507.19 -3554.92 332.092 4482.99 -3554.92 353.794 4479.27 -3564.42 349.639 4453.88 -3564.42 372.408 4453.88 -3596.55 347.036 4462.9 -3592.61 342.053 4462.9 -3623.48 317.682 4444.86 -3631.35 327.648 4444.86 -3662.21 303.278 4462.9 -3654.34 293.312 4462.9 -3685.2 268.941 4453.88 -3689.14 273.924 4453.88 -3719.71 249.783 4576.41 -3719.71 139.877 4576.41 -3688.09 164.846 4585.42 -3684.16 159.867 4585.42 -3653.3 184.235 4567.4 -3661.16 194.192 4567.4 -3630.3 218.56 4585.42 -3622.44 208.602 4585.42 -3591.58 232.97 4576.41 -3595.51 237.948 4576.41 -3564.42 262.502
element 102
  poly 0: 4453.88 -3565.42 371.615 4425.91 -3565.42 389.52 4429.2 -3556.25 394.658 4401.78 -3556.25 412.21 4395.21 -3574.59 401.935 4367.79 -3574.59 419.487 4374.37 -3556.25 429.762 4346.95 -3556.25 447.314 4343.66 -3565.42 442.176 4314.93 -3565.42 460.571 4314.93 -3597.49 435.25 4324.79 -3594.42 431.36 4324.79 -3625.3 406.975 4305.06 -3631.44 414.756 4305.06 -3662.32 390.372 4324.79 -3656.18 382.591 4324.79 -3687.06 358.207 4314.93 -3690.13 362.097 4314.93 -3720.74 337.923 4453.88 -3720.74 248.967 4453.88 -3689.14 273.924 4463.74 -3686.07 270.038 4463.74 -3655.21 294.409 4444.03 -3661.34 302.181 4444.03 -3630.48 326.552 4463.74 -3624.34 318.779 4463.74 -3593.48 343.15 4453.88 -3596.55 347.036 4453.88 -3565.42 371.615
  poly 1: 4442.55 -3554.22 356.343 4415.68 -3554.22 373.542 4418.97 -3545.05 378.68 4391.56 -3545.05 396.232 4384.98 -3563.39 385.956 4357.56 -3563.39 403.508 4364.14 -3545.05 413.784 4336.72 -3545.05 431.336 4333.43 -3554.22 426.198 4306.75 -3554.22 443.276 4306.75 -3584.78 419.149 4316.62 -3581.7 415.259 4316.62 -3612.58 390.875 4296.89 -3618.73 398.655 4296.89 -3649.61 374.271 4316.62 -3643.46 366.491 4316.62 -3674.34 342.106 4306.75 -3677.42 345.997 4306.75 -3708.56 321.403 4442.55 -3708.56 234.47 4442.55 -3677.41 259.07 4452.41 -3674.34 255.184 4452.41 -3643.48 279.554 4432.69 -3649.61 287.327 4432.69 -3618.75 311.697 4452.41 -3612.61 303.925 4452.41 -3581.75 328.295 4442.55 -3584.82 332.181 4442.55 -3554.22 356.343
element 103
  poly 0: 4314.93 -3566.28 459.892 4283.7 -3566.28 471.873 4286.05 -3557.41 477.976 4255.61 -3557.41 489.657 4250.92 -3575.15 477.45 4220.49 -3575.15 489.131 4225.17 -3557.41 501.338 4194.73 -3557.41 513.019 4192.39 -3566.28 506.915 4160.63 -3566.28 519.102 4160.63 -3598.14 493.946 4171.22 -3596.17 491.445 4171.22 -3627.08 467.032 4150.05 -3631.03 472.034 4150.05 -3661.95 447.622 4171.22 -3658 442.619 4171.22 -3688.91 418.207 4160.63 -3690.89 420.708 4160.63 -3721.62 396.445 4314.93 -3721.62 337.234 4314.93 -3690.13 362.097 4325.5 -3688.16 359.598 4325.5 -3657.28 383.983 4304.35 -3661.22 388.98 4304.35 -3630.34 413.365 4325.5 -3626.4 408.367 4325.5 -3595.52 432.751 4314.93 -3597.49 435.25 4314.93 -3566.28 459.892
  poly 1: 4306.75 -3554.22 443.276 4277.1 -3554.22 454.657 4279.44 -3545.35 460.76 4249 -3545.35 472.441 4244.32 -3563.09 460.234 4213.88 -3563.09 471.915 4218.56 -3545.35 484.122 4188.13 -3545.35 495.803 4185.78 -3554.22 489.699 4156.32 -3554.22 501.005 4156.32 -3584.71 476.933 4166.91 -3582.73 474.431 4166.91 -3613.65 450.019 4145.74 -3617.6 455.021 4145.74 -3648.51 430.608 4166.91 -3644.56 425.606 4166.91 -3675.48 401.193 4156.32 -3677.46 403.694 4156.32 -3708.56 379.132 4306.75 -3708.56 321.403 4306.75 -3677.42 345.997 4317.33 -3675.44 343.498 4317.33 -3644.56 367.882 4296.18 -3648.51 372.88 4296.18 -3617.63 397.264 4317.33 -3613.68 392.266 4317.33 -3582.8 416.65 4306.75 -3584.78 419.149 4306.75 -3554.22 443.276
element 104
  poly 0: 4160.63 -3566.79 518.699 4127.25 -3566.79 522.967 4128.11 -3558.12 529.706 4095.73 -3558.12 533.846 4094.01 -3575.47 520.367 4061.63 -3575.47 524.507 4063.35 -3558.12 537.985 4030.98 -3558.12 542.124 4030.11 -3566.79 535.385 3996.59 -3566.79 539.671 3996.59 -3598.33 514.772 4007.59 -3597.64 513.906 4007.59 -3628.61 489.452 3985.59 -3629.98 491.185 3985.59 -3660.94 466.732 4007.59 -3659.58 464.999 4007.59 -3690.54 440.546 3996.59 -3691.23 441.412 3996.59 -3722.13 417.013 4160.63 -3722.13 396.041 4160.63 -3690.89 420.708 4171.63 -3690.21 419.842 4171.63 -3659.29 444.255 4149.64 -3660.66 445.986 4149.64 -3629.74 470.399 4171.63 -3628.37 468.667 4171.63 -3597.46 493.08 4160.63 -3598.14 493.946 4160.63 -3566.79 518.699
  poly 1: 4156.32 -3554.22 501.005 4124.95 -3554.22 505.015 4125.81 -3545.55 511.755 4093.44 -3545.55 515.894 4091.71 -3562.9 502.415 4059.34 -3562.9 506.555 4061.06 -3545.55 520.033 4028.68 -3545.55 524.173 4027.82 -3554.22 517.433 3996.59 -3554.22 521.426 3996.59 -3584.62 497.419 4007.59 -3583.94 496.553 4007.59 -3614.91 472.1 3985.59 -3616.27 473.832 3985.59 -3647.24 449.379 4007.59 -3645.87 447.647 4007.59 -3676.84 423.194 3996.59 -3677.53 424.06 3996.59 -3708.56 399.553 4156.32 -3708.56 379.132 4156.32 -3677.46 403.694 4167.32 -3676.77 402.829 4167.32 -3645.86 427.241 4145.33 -3647.22 428.973 4145.33 -3616.31 453.386 4167.32 -3614.94 451.654 4167.32 -3584.02 476.067 4156.32 -3584.71 476.933 4156.32 -3554.22 501.005
element 105
  poly 0: 3996.59 -3566.79 539.671 3963.06 -3566.79 535.385 3962.2 -3558.12 542.124 3929.82 -3558.12 537.985 3931.55 -3575.47 524.507 3899.17 -3575.47 520.367 3897.45 -3558.12 533.846 3865.07 -3558.12 529.706 3865.93 -3566.79 522.967 3832.54 -3566.79 518.699 3832.54 -3598.14 493.946 3843.54 -3598.82 494.812 3843.54 -3629.74 470.399 3821.55 -3628.37 468.667 3821.55 -3659.29 444.255 3843.54 -3660.66 445.986 3843.54 -3691.57 421.574 3832.54 -3690.89 420.708 3832.54 -3722.13 396.041 3996.59 -3722.13 417.013 3996.59 -3691.23 441.412 4007.59 -3691.91 442.279 4007.59 -3660.94 466.732 3985.59 -3659.58 464.999 3985.59 -3628.61 489.452 4007.59 -3629.98 491.185 4007.59 -3599.01 515.638 3996.59 -3598.33 514.772 3996.59 -3566.79 539.671
  poly 1: 3996.59 -3554.22 521.426 3965.36 -3554.22 517.433 3964.5 -3545.55 524.173 3932.12 -3545.55 520.033 3933.84 -3562.9 506.555 3901.46 -3562.9 502.415 3899.74 -3545.55 515.894 3867.36 -3545.55 511.755 3868.22 -3554.22 505.015 3836.85 -3554.22 501.005 3836.85 -3584.71 476.933 3847.85 -3585.39 477.799 3847.85 -3616.31 453.386 3825.86 -3614.94 451.654 3825.86 -3645.86 427.241 3847.85 -3647.22 428.973 3847.85 -3678.14 404.56 3836.85 -3677.46 403.694 3836.85 -3708.56 379.132 3996.59 -3708.56 399.553 3996.59 -3677.53 424.06 4007.59 -3678.21 424.926 4007.59 -3647.24 449.379 3985.59 -3645.87 447.647 3985.59 -3614.91 472.1 4007.59 -3616.27 473.832 4007.59 -3585.31 498.285 3996.59 -3584.62 497.419 3996.59 -3554.22 521.426
element 106
  poly 0: 3832.54 -3566.28 519.102 3800.79 -3566.28 506.915 3798.44 -3557.41 513.019 3768.01 -3557.41 501.338 3772.69 -3575.15 489.131 3742.25 -3575.15 477.45 3737.57 -3557.41 489.657 3707.13 -3557.41 477.976 3709.47 -3566.28 471.873 3678.25 -3566.28 459.892 3678.25 -3597.49 435.25 3688.82 -3599.46 437.749 3688.82 -3630.34 413.365 3667.68 -3626.4 408.367 3667.68 -3657.28 383.983 3688.82 -3661.22 388.98 3688.82 -3692.1 364.596 3678.25 -3690.13 362.097 3678.25 -3721.62 337.234 3832.54 -3721.62 396.445 3832.54 -3690.89 420.708 3843.12 -3692.86 423.209 3843.12 -3661.95 447.622 3821.96 -3658 442.619 3821.96 -3627.08 467.032 3843.12 -3631.03 472.034 3843.12 -3600.12 496.447 3832.54 -3598.14 493.946 3832.54 -3566.28 519.102
  poly 1: 3836.85 -3554.22 501.005 3807.39 -3554.22 489.699 3805.05 -3545.35 495.803 3774.61 -3545.35 484.122 3779.3 -3563.09 471.915 3748.86 -3563.09 460.234 3744.17 -3545.35 472.441 3713.74 -3545.35 460.76 3716.08 -3554.22 454.657 3686.42 -3554.22 443.276 3686.42 -3584.78 419.149 3697 -3586.75 421.648 3697 -3617.63 397.264 3675.85 -3613.68 392.266 3675.85 -3644.56 367.882 3697 -3648.51 372.88 3697 -3679.39 348.496 3686.42 -3677.42 345.997 3686.42 -3708.56 321.403 3836.85 -3708.56 379.132 3836.85 -3677.46 403.694 3847.43 -3679.43 406.196 3847.43 -3648.51 430.608 3826.27 -3644.56 425.606 3826.27 -3613.65 450.019 3847.43 -3617.6 455.021 3847.43 -3586.68 479.434 3836.85 -3584.71 476.933 3836.85 -3554.22 501.005
element 107
  poly 0: 3678.25 -3565.42 460.571 3649.52 -3565.42 442.176 3646.23 -3556.25 447.314 3618.81 -3556.25 429.762 3625.39 -3574.59 419.487 3597.97 -3574.59 401.935 3591.39 -3556.25 412.21 3563.97 -3556.25 394.658 3567.26 -3565.42 389.52 3539.29 -3565.42 371.615 3539.29 -3596.55 347.036 3549.15 -3599.62 350.922 3549.15 -3630.48 326.552 3529.44 -3624.34 318.779 3529.44 -3655.21 294.409 3549.15 -3661.34 302.181 3549.15 -3692.21 277.811 3539.29 -3689.14 273.924 3539.29 -3720.74 248.967 3678.25 -3720.74 337.923 3678.25 -3690.13 362.097 3688.12 -3693.2 365.988 3688.12 -3662.32 390.372 3668.39 -3656.18 382.591 3668.39 -3625.3 406.975 3688.12 -3631.44 414.756 3688.12 -3600.56 439.14 3678.25 -3597.49 435.25 3678.25 -3565.42 460.571
  poly 1: 3686.42 -3554.22 443.276 3659.75 -3554.22 426.198 3656.46 -3545.05 431.336 3629.04 -3545.05 413.784 3635.62 -3563.39 403.508 3608.2 -3563.39 385.956 3601.62 -3545.05 396.232 3574.2 -3545.05 378.68 3577.49 -3554.22 373.542 3550.63 -3554.22 356.343 3550.63 -3584.82 332.181 3560.48 -3587.89 336.068 3560.48 -3618.75 311.697 3540.77 -3612.61 303.925 3540.77 -3643.48 279.554 3560.48 -3649.61 287.327 3560.48 -3680.48 262.956 3550.63 -3677.41 259.07 3550.63 -3708.56 234.47 3686.42 -3708.56 321.403 3686.42 -3677.42 345.997 3696.29 -3680.49 349.887 3696.29 -3649.61 374.271 3676.56 -3643.46 366.491 3676.56 -3612.58 390.875 3696.29 -3618.73 398.655 3696.29 -3587.85 423.04 3686.42 -3584.78 419.149 3686.42 -3554.22 443.276
element 108
  poly 0: 3539.29 -3564.42 372.408 3513.91 -3564.42 349.639 3510.18 -3554.92 353.794 3485.99 -3554.92 332.092 3493.44 -3573.91 323.782 3469.25 -3573.91 302.08 3461.79 -3554.92 310.389 3437.6 -3554.92 288.686 3441.33 -3564.42 284.532 3416.77 -3564.42 262.502 3416.77 -3595.51 237.948 3425.78 -3599.44 242.927 3425.78 -3630.3 218.56 3407.75 -3622.44 208.602 3407.75 -3653.3 184.235 3425.78 -3661.16 194.192 3425.78 -3692.02 169.825 3416.77 -3688.09 164.846 3416.77 -3719.71 139.877 3539.29 -3719.71 249.783 3539.29 -3689.14 273.924 3548.31 -3693.07 278.908 3548.31 -3662.21 303.278 3530.27 -3654.34 293.312 3530.27 -3623.48 317.682 3548.31 -3631.35 327.648 3548.31 -3600.48 352.019 3539.29 -3596.55 347.036 3539.29 -3564.42 372.408
  poly 1: 3550.63 -3554.22 356.343 3526.95 -3554.22 335.104 3523.22 -3544.73 339.259 3499.03 -3544.73 317.556 3506.48 -3563.72 309.247 3482.28 -3563.72 287.544 3474.83 -3544.73 295.854 3450.64 -3544.73 274.151 3454.36 -3554.22 269.997 3430.53 -3554.22 248.622 3430.53 -3584.84 224.44 3439.55 -3588.78 229.419 3439.55 -3619.64 205.051 3421.52 -3611.77 195.094 3421.52 -3642.63 170.726 3439.55 -3650.49 180.684 3439.55 -3681.35 156.316 3430.53 -3677.42 151.338 3430.53 -3708.56 126.748 3550.63 -3708.56 234.47 3550.63 -3677.41 259.07 3559.65 -3681.34 264.053 3559.65 -3650.48 288.424 3541.61 -3642.61 278.457 3541.61 -3611.75 302.828 3559.65 -3619.62 312.794 3559.65 -3588.75 337.165 3550.63 -3584.82 332.181 3550.63 -3554.22 356.343
element 109
  poly 0: 3416.77 -3563.42 263.29 3394.58 -3563.42 237.692 3390.76 -3553.64 241.004 3369.59 -3553.64 216.572 3377.24 -3573.2 209.948 3356.07 -3573.2 185.517 3348.42 -3553.64 192.141 3327.25 -3553.64 167.71 3331.08 -3563.42 164.397 3310.08 -3563.42 140.171 3310.08 -3718.67 17.5813 3416.77 -3718.67 140.7 3416.77 -3688.09 164.846 3424.93 -3692.67 170.652 3424.93 -3661.81 195.02 3408.6 -3652.64 183.407 3408.6 -3621.79 207.775 3424.93 -3630.96 219.387 3424.93 -3600.1 243.755 3416.77 -3595.51 237.948 3416.77 -3563.42 263.29
  poly 1: 3430.53 -3554.22 248.622 3409.71 -3554.22 224.587 3405.89 -3544.44 227.9 3384.72 -3544.44 203.468 3392.36 -3564 196.844 3371.19 -3564 172.412 3363.55 -3544.44 179.037 3342.38 -3544.44 154.605 3346.2 -3554.22 151.293 3324.85 -3554.22 126.657 3324.85 -3708.56 4.78413 3430.53 -3708.56 126.748 3430.53 -3677.42 151.338 3438.7 -3682.01 157.144 3438.7 -3651.15 181.511 3422.37 -3641.98 169.899 3422.37 -3611.12 194.266 3438.7 -3620.29 205.879 3438.7 -3589.43 230.246 3430.53 -3584.84 224.44 3430.53 -3554.22 248.622
