element 0
  poly 0: 4.44796 -127.648 829.562 -11.3847 -119.534 876.29
  poly 1: 4.44796 -127.648 829.562 -11.3847 -119.534 876.29
  poly 2: 4.44796 -127.648 829.562 -11.3847 -119.534 876.29
  poly 3: 4.44796 -127.648 829.562 -11.3847 -119.534 876.29
  poly 4: -15.7858 -173.594 830.685 -31.6185 -165.48 877.413
  poly 5: -15.7858 -173.594 830.685 -31.6185 -165.48 877.413
  poly 6: -15.7858 -173.594 830.685 -31.6185 -165.48 877.413
  poly 7: -15.7858 -173.594 830.685 -31.6185 -165.48 877.413
  poly 8: -36.0195 -219.54 831.808 -51.8522 -211.426 878.536
  poly 9: -36.0195 -219.54 831.808 -51.8522 -211.426 878.536
  poly 10: -36.0195 -219.54 831.808 -51.8522 -211.426 878.536
  poly 11: -36.0195 -219.54 831.808 -51.8522 -211.426 878.536
  poly 12: 4.0518 -241.419 849.184 -11.7809 -233.305 895.912
  poly 13: 4.0518 -241.419 849.184 -11.7809 -233.305 895.912
  poly 14: 4.0518 -241.419 849.184 -11.7809 -233.305 895.912
  poly 15: 4.0518 -241.419 849.184 -11.7809 -233.305 895.912
  poly 16: 66.452 -275.491 876.243 50.6193 -267.377 922.972
  poly 17: 66.452 -275.491 876.243 50.6193 -267.377 922.972
  poly 18: 66.452 -275.491 876.243 50.6193 -267.377 922.972
  poly 19: 66.452 -275.491 876.243 50.6193 -267.377 922.972
  poly 20: 128.852 -309.562 903.303 113.02 -301.448 950.031
  poly 21: 128.852 -309.562 903.303 113.02 -301.448 950.031
  poly 22: 128.852 -309.562 903.303 113.02 -301.448 950.031
  poly 23: 128.852 -309.562 903.303 113.02 -301.448 950.031
  poly 24: 161.226 -236.175 901.528 145.394 -228.06 948.256
  poly 25: 161.226 -236.175 901.528 145.394 -228.06 948.256
  poly 26: 161.226 -236.175 901.528 145.394 -228.06 948.256
  poly 27: 161.226 -236.175 901.528 145.394 -228.06 948.256
  poly 28: 153.602 -253.442 901.943 137.769 -245.328 948.671
  poly 29: 153.602 -253.442 901.943 137.769 -245.328 948.671
  poly 30: 153.602 -253.442 901.943 137.769 -245.328 948.671
  poly 31: 153.602 -253.442 901.943 137.769 -245.328 948.671
  poly 32: 88.5861 -216.858 873.561 72.7534 -208.744 920.29
  poly 33: 88.5861 -216.858 873.561 72.7534 -208.744 920.29
  poly 34: 88.5861 -216.858 873.561 72.7534 -208.744 920.29
  poly 35: 88.5861 -216.858 873.561 72.7534 -208.744 920.29
  poly 36: 23.5707 -180.274 845.18 7.73796 -172.16 891.908
  poly 37: 23.5707 -180.274 845.18 7.73796 -172.16 891.908
  poly 38: 23.5707 -180.274 845.18 7.73796 -172.16 891.908
  poly 39: 23.5707 -180.274 845.18 7.73796 -172.16 891.908
  poly 40: -41.4448 -143.69 816.798 -57.2775 -135.576 863.526
  poly 41: -41.4448 -143.69 816.798 -57.2775 -135.576 863.526
  poly 42: -41.4448 -143.69 816.798 -57.2775 -135.576 863.526
  poly 43: -41.4448 -143.69 816.798 -57.2775 -135.576 863.526
  poly 44: -10.3153 -161.207 830.387 -26.148 -153.092 877.116
  poly 45: -10.3153 -161.207 830.387 -26.148 -153.092 877.116
  poly 46: -111.352 -116.333 841.864 -130.453 -159.753 842.931 -86.8785 -178.479 860.947 -67.7774 -135.059 859.88 -111.352 -116.333 841.864
  poly 47: -134.572 -105.044 885.537 -153.673 -148.464 886.604 -110.099 -167.19 904.62 -90.9977 -123.77 903.553 -134.572 -105.044 885.537
  poly 48: 174.687 -274.078 966.174 154.98 -318.752 967.254 198.528 -337.527 985.269 218.235 -292.853 984.19 174.687 -274.078 966.174
  poly 49: 151.497 -262.791 1009.86 131.789 -307.465 1010.94 175.337 -326.24 1028.95 195.044 -281.566 1027.87 151.497 -262.791 1009.86
  poly 50: -9372.33 4991.34 -3182.93 -33.4659 -107.702 866.755 -9.58126 -63.6111 867.191 56.4112 -99.6431 895.808 32.5266 -143.734 895.372 98.519 -179.766 923.989 122.404 -135.675 924.425 188.396 -171.707 953.042 164.511 -215.798 952.605 276.971 -277.201 1001.37 220.031 -406.275 1004.49 112.329 -345.671 957.477 87.9941 -389.42 956.829 22.4067 -352.514 928.197 46.7414 -308.765 928.846 -18.846 -271.859 900.214 -43.1807 -315.608 899.566 -108.768 -278.702 870.935 -84.4334 -234.953 871.583 -209.628 -221.949 826.907 -9372.33 4991.34 -3182.93
  poly 51: -9826.4 5243.1 -3326.99 -47.4724 -96.2173 913.516 -23.5878 -52.126 913.952 42.4046 -88.158 942.569 18.52 -132.249 942.133 84.5125 -168.281 970.75 108.397 -124.19 971.186 174.39 -160.222 999.803 150.505 -204.313 999.366 255.633 -261.714 1044.95 196.14 -396.575 1048.21 95.247 -339.803 1004.17 70.9122 -383.552 1003.52 5.3248 -346.646 974.892 29.6596 -302.897 975.54 -35.9278 -265.991 946.909 -60.2626 -309.74 946.26 -125.85 -272.834 917.629 -101.515 -229.085 918.277 -213.285 -166.193 869.483 -9826.4 5243.1 -3326.99
element 1
  poly 0: 551.702 182.028 -806.547 -124.917 431.3 1104.88 -108.181 478.784 1104.61 -220.63 520.211 1422.27 -237.366 472.727 1422.54 -349.814 514.154 1740.2 -333.079 561.638 1739.94 -445.527 603.066 2057.6 -462.263 555.581 2057.87 -576.093 597.517 2379.43 -591.654 554.843 2380.98 -607.91 562.484 2428.34 -624.526 516.917 2429.99 -608.27 509.276 2382.62 -626.076 460.446 2384.39 -526.798 379.948 2065.45 -545.5 333.327 2071.39 -447.306 253.707 1755.93 -428.604 300.328 1749.98 -330.409 220.708 1434.52 -349.112 174.088 1440.47 -250.917 94.4678 1125 -232.215 141.088 1119.06 -133.935 61.399 803.32 -17.6028 30.5546 485.213 -33.8521 -17.3292 483.913 82.3802 -48.1472 166.079 98.6295 -0.263469 167.378 214.862 -31.0815 -150.456 198.613 -78.9652 -151.756 314.845 -109.783 -469.59 331.094 -61.8995 -468.291 448.611 -93.0582 -789.639 466.84 -44.4167 -792.628 482.655 -53.2505 -839.94 499.665 -7.86138 -842.73 483.85 0.97241 -795.418 499.781 43.48 -798.031 551.702 182.028 -806.547
  poly 1: 506.913 204.019 -816.883 -167.106 452.334 1087.2 -150.37 499.818 1086.93 -262.819 541.245 1404.59 -279.555 493.761 1404.86 -392.004 535.188 1722.53 -375.268 582.672 1722.26 -487.717 624.1 2039.92 -504.453 576.615 2040.19 -615.521 617.534 2353.95 -633.192 569.075 2355.71 -649.447 576.716 2403.07 -666.063 531.15 2404.72 -649.807 523.508 2357.35 -665.233 481.206 2358.88 -568.122 402.465 2046.9 -586.824 355.844 2052.85 -488.629 276.224 1737.38 -469.927 322.845 1731.44 -371.733 243.225 1415.98 -390.435 196.605 1421.92 -292.241 116.985 1106.46 -273.538 163.605 1100.51 -175.43 84.0558 785.328 -59.2969 53.2639 467.763 -75.5461 5.38017 466.464 40.6862 -25.4378 148.629 56.9354 22.4459 149.929 173.168 -8.37212 -167.906 156.918 -56.2559 -169.205 273.151 -87.0739 -487.04 289.4 -39.1901 -485.74 404.347 -69.6674 -800.06 420.138 -27.5306 -802.65 435.953 -36.3644 -849.962 452.963 9.02467 -852.752 437.148 17.8585 -805.44 455.238 66.1304 -808.407 506.913 204.019 -816.883
element 2
  poly 0: 388.999 -183.879 -692.82 411.559 -139.431 -688.88
  poly 1: 388.999 -183.879 -692.82 411.559 -139.431 -688.88
  poly 2: 388.999 -183.879 -692.82 411.559 -139.431 -688.88
  poly 3: 388.999 -183.879 -692.82 411.559 -139.431 -688.88
  poly 4: 435.973 -208.703 -681.742 458.533 -164.256 -677.802
  poly 5: 435.973 -208.703 -681.742 458.533 -164.256 -677.802
  poly 6: 435.973 -208.703 -681.742 458.533 -164.256 -677.802
  poly 7: 435.973 -208.703 -681.742 458.533 -164.256 -677.802
  poly 8: 482.946 -233.527 -670.664 505.506 -189.08 -666.724
  poly 9: 482.946 -233.527 -670.664 505.506 -189.08 -666.724
  poly 10: 482.946 -233.527 -670.664 505.506 -189.08 -666.724
  poly 11: 482.946 -233.527 -670.664 505.506 -189.08 -666.724
  poly 12: 464.291 -232.064 -580.369 486.851 -187.617 -576.429
  poly 13: 464.291 -232.064 -580.369 486.851 -187.617 -576.429
  poly 14: 464.291 -232.064 -580.369 486.851 -187.617 -576.429
  poly 15: 464.291 -232.064 -580.369 486.851 -187.617 -576.429
  poly 16: 445.637 -230.601 -490.074 468.197 -186.153 -486.134
  poly 17: 445.637 -230.601 -490.074 468.197 -186.153 -486.134
  poly 18: 445.637 -230.601 -490.074 468.197 -186.153 -486.134
  poly 19: 445.637 -230.601 -490.074 468.197 -186.153 -486.134
  poly 20: 426.983 -229.138 -399.779 449.543 -184.69 -395.839
  poly 21: 426.983 -229.138 -399.779 449.543 -184.69 -395.839
  poly 22: 426.983 -229.138 -399.779 449.543 -184.69 -395.839
  poly 23: 426.983 -229.138 -399.779 449.543 -184.69 -395.839
  poly 24: 408.329 -227.674 -309.484 430.889 -183.227 -305.544
  poly 25: 408.329 -227.674 -309.484 430.889 -183.227 -305.544
  poly 26: 408.329 -227.674 -309.484 430.889 -183.227 -305.544
  poly 27: 408.329 -227.674 -309.484 430.889 -183.227 -305.544
  poly 28: 389.674 -226.211 -219.19 412.234 -181.764 -215.249
  poly 29: 389.674 -226.211 -219.19 412.234 -181.764 -215.249
  poly 30: 389.674 -226.211 -219.19 412.234 -181.764 -215.249
  poly 31: 389.674 -226.211 -219.19 412.234 -181.764 -215.249
  poly 32: 371.02 -224.748 -128.895 393.58 -180.301 -124.954
  poly 33: 371.02 -224.748 -128.895 393.58 -180.301 -124.954
  poly 34: 371.02 -224.748 -128.895 393.58 -180.301 -124.954
  poly 35: 371.02 -224.748 -128.895 393.58 -180.301 -124.954
  poly 36: 352.366 -223.285 -38.5996 374.926 -178.838 -34.6591
  poly 37: 352.366 -223.285 -38.5996 374.926 -178.838 -34.6591
  poly 38: 352.366 -223.285 -38.5996 374.926 -178.838 -34.6591
  poly 39: 352.366 -223.285 -38.5996 374.926 -178.838 -34.6591
  poly 40: 333.712 -221.822 51.6954 356.272 -177.374 55.6359
  poly 41: 333.712 -221.822 51.6954 356.272 -177.374 55.6359
  poly 42: 333.712 -221.822 51.6954 356.272 -177.374 55.6359
  poly 43: 333.712 -221.822 51.6954 356.272 -177.374 55.6359
  poly 44: 301.827 -213.363 138.825 324.387 -168.916 142.766
  poly 45: 301.827 -213.363 138.825 324.387 -168.916 142.766
  poly 46: 301.827 -213.363 138.825 324.387 -168.916 142.766
  poly 47: 301.827 -213.363 138.825 324.387 -168.916 142.766
  poly 48: 269.943 -204.904 225.955 292.503 -160.457 229.895
  poly 49: 269.943 -204.904 225.955 292.503 -160.457 229.895
  poly 50: 269.943 -204.904 225.955 292.503 -160.457 229.895
  poly 51: 269.943 -204.904 225.955 292.503 -160.457 229.895
  poly 52: 238.059 -196.445 313.085 260.619 -151.998 317.025
  poly 53: 238.059 -196.445 313.085 260.619 -151.998 317.025
  poly 54: 238.059 -196.445 313.085 260.619 -151.998 317.025
  poly 55: 238.059 -196.445 313.085 260.619 -151.998 317.025
  poly 56: 206.175 -187.986 400.214 228.735 -143.539 404.155
  poly 57: 206.175 -187.986 400.214 228.735 -143.539 404.155
  poly 58: 206.175 -187.986 400.214 228.735 -143.539 404.155
  poly 59: 206.175 -187.986 400.214 228.735 -143.539 404.155
  poly 60: 174.291 -179.528 487.344 196.851 -135.08 491.285
  poly 61: 174.291 -179.528 487.344 196.851 -135.08 491.285
  poly 62: 174.291 -179.528 487.344 196.851 -135.08 491.285
  poly 63: 174.291 -179.528 487.344 196.851 -135.08 491.285
  poly 64: 142.407 -171.069 574.474 164.967 -126.622 578.415
  poly 65: 142.407 -171.069 574.474 164.967 -126.622 578.415
  poly 66: 142.407 -171.069 574.474 164.967 -126.622 578.415
  poly 67: 142.407 -171.069 574.474 164.967 -126.622 578.415
  poly 68: 110.523 -162.61 661.604 133.083 -118.163 665.544
  poly 69: 110.523 -162.61 661.604 133.083 -118.163 665.544
  poly 70: 110.523 -162.61 661.604 133.083 -118.163 665.544
  poly 71: 110.523 -162.61 661.604 133.083 -118.163 665.544
  poly 72: 78.639 -154.151 748.734 101.199 -109.704 752.674
  poly 73: 78.639 -154.151 748.734 101.199 -109.704 752.674
  poly 74: 78.639 -154.151 748.734 101.199 -109.704 752.674
  poly 75: 78.639 -154.151 748.734 101.199 -109.704 752.674
  poly 76: 25.8964 -125.353 725.866 48.4564 -80.9062 729.806
  poly 77: 25.8964 -125.353 725.866 48.4564 -80.9062 729.806
  poly 78: 25.8964 -125.353 725.866 48.4564 -80.9062 729.806
  poly 79: 25.8964 -125.353 725.866 48.4564 -80.9062 729.806
  poly 80: 18.4649 -121.296 722.643 41.0249 -76.8485 726.583
  poly 81: 18.4649 -121.296 722.643 41.0249 -76.8485 726.583
  poly 82: 18.4649 -121.296 722.643 41.0249 -76.8485 726.583
  poly 83: 18.4649 -121.296 722.643 41.0249 -76.8485 726.583
  poly 84: 37.3554 -122.753 630.925 59.9154 -78.3054 634.865
  poly 85: 37.3554 -122.753 630.925 59.9154 -78.3054 634.865
  poly 86: 37.3554 -122.753 630.925 59.9154 -78.3054 634.865
  poly 87: 37.3554 -122.753 630.925 59.9154 -78.3054 634.865
  poly 88: 56.2459 -124.209 539.206 78.8059 -79.7622 543.147
  poly 89: 56.2459 -124.209 539.206 78.8059 -79.7622 543.147
  poly 90: 56.2459 -124.209 539.206 78.8059 -79.7622 543.147
  poly 91: 56.2459 -124.209 539.206 78.8059 -79.7622 543.147
  poly 92: 75.1364 -125.666 447.488 97.6963 -81.2191 451.429
  poly 93: 75.1364 -125.666 447.488 97.6963 -81.2191 451.429
  poly 94: 75.1364 -125.666 447.488 97.6963 -81.2191 451.429
  poly 95: 75.1364 -125.666 447.488 97.6963 -81.2191 451.429
  poly 96: 94.0268 -127.123 355.77 116.587 -82.676 359.71
  poly 97: 94.0268 -127.123 355.77 116.587 -82.676 359.71
  poly 98: 94.0268 -127.123 355.77 116.587 -82.676 359.71
  poly 99: 94.0268 -127.123 355.77 116.587 -82.676 359.71
  poly 100: 112.917 -128.58 264.052 135.477 -84.1329 267.992
  poly 101: 112.917 -128.58 264.052 135.477 -84.1329 267.992
  poly 102: 112.917 -128.58 264.052 135.477 -84.1329 267.992
  poly 103: 112.917 -128.58 264.052 135.477 -84.1329 267.992
  poly 104: 131.808 -130.037 172.333 154.368 -85.5898 176.274
  poly 105: 131.808 -130.037 172.333 154.368 -85.5898 176.274
  poly 106: 131.808 -130.037 172.333 154.368 -85.5898 176.274
  poly 107: 131.808 -130.037 172.333 154.368 -85.5898 176.274
  poly 108: 150.698 -131.494 80.615 173.258 -87.0466 84.5555
  poly 109: 150.698 -131.494 80.615 173.258 -87.0466 84.5555
  poly 110: 150.698 -131.494 80.615 173.258 -87.0466 84.5555
  poly 111: 150.698 -131.494 80.615 173.258 -87.0466 84.5555
  poly 112: 169.589 -132.951 -11.1032 192.149 -88.5035 -7.16274
  poly 113: 169.589 -132.951 -11.1032 192.149 -88.5035 -7.16274
  poly 114: 169.589 -132.951 -11.1032 192.149 -88.5035 -7.16274
  poly 115: 169.589 -132.951 -11.1032 192.149 -88.5035 -7.16274
  poly 116: 200.456 -141.135 -95.5079 223.016 -96.6876 -91.5674
  poly 117: 200.456 -141.135 -95.5079 223.016 -96.6876 -91.5674
  poly 118: 200.456 -141.135 -95.5079 223.016 -96.6876 -91.5674
  poly 119: 200.456 -141.135 -95.5079 223.016 -96.6876 -91.5674
  poly 120: 231.322 -149.319 -179.913 253.882 -104.872 -175.972
  poly 121: 231.322 -149.319 -179.913 253.882 -104.872 -175.972
  poly 122: 231.322 -149.319 -179.913 253.882 -104.872 -175.972
  poly 123: 231.322 -149.319 -179.913 253.882 -104.872 -175.972
  poly 124: 262.189 -157.503 -264.317 284.749 -113.056 -260.377
  poly 125: 262.189 -157.503 -264.317 284.749 -113.056 -260.377
  poly 126: 262.189 -157.503 -264.317 284.749 -113.056 -260.377
  poly 127: 262.189 -157.503 -264.317 284.749 -113.056 -260.377
  poly 128: 293.056 -165.687 -348.722 315.616 -121.24 -344.781
  poly 129: 293.056 -165.687 -348.722 315.616 -121.24 -344.781
  poly 130: 293.056 -165.687 -348.722 315.616 -121.24 -344.781
  poly 131: 293.056 -165.687 -348.722 315.616 -121.24 -344.781
  poly 132: 323.923 -173.871 -433.127 346.483 -129.424 -429.186
  poly 133: 323.923 -173.871 -433.127 346.483 -129.424 -429.186
  poly 134: 323.923 -173.871 -433.127 346.483 -129.424 -429.186
  poly 135: 323.923 -173.871 -433.127 346.483 -129.424 -429.186
  poly 136: 354.79 -182.055 -517.531 377.349 -137.608 -513.591
  poly 137: 354.79 -182.055 -517.531 377.349 -137.608 -513.591
  poly 138: 354.79 -182.055 -517.531 377.349 -137.608 -513.591
  poly 139: 354.79 -182.055 -517.531 377.349 -137.608 -513.591
  poly 140: 385.656 -190.239 -601.936 408.216 -145.792 -597.995
  poly 141: 385.656 -190.239 -601.936 408.216 -145.792 -597.995
  poly 142: 385.656 -190.239 -601.936 408.216 -145.792 -597.995
  poly 143: 385.656 -190.239 -601.936 408.216 -145.792 -597.995
  poly 144: 416.523 -198.423 -686.34 439.083 -153.976 -682.4
  poly 145: 416.523 -198.423 -686.34 439.083 -153.976 -682.4
  poly 146: -75.5461 5.38017 466.464 -33.8521 -17.3292 483.913 82.3802 -48.1472 166.079 40.6862 -25.4378 148.629 -75.5461 5.38017 466.464
  poly 147: -59.2969 53.2639 467.763 -17.6028 30.5546 485.213 98.6295 -0.263469 167.378 56.9354 22.4459 149.929 -59.2969 53.2639 467.763
  poly 148: 156.918 -56.2559 -169.205 198.613 -78.9652 -151.756 314.845 -109.783 -469.59 273.151 -87.0739 -487.04 156.918 -56.2559 -169.205
  poly 149: 173.168 -8.37212 -167.906 214.862 -31.0815 -150.456 331.094 -61.8995 -468.291 289.4 -39.1901 -485.74 173.168 -8.37212 -167.906
  poly 150: 571.519 -245.736 -405.604 451.437 -213.879 -77.4566 493.108 -236.577 -60.0041 613.19 -268.434 -388.152 571.519 -245.736 -405.604
  poly 151: 587.898 -197.923 -404.252 467.816 -166.065 -76.1048 509.487 -188.764 -58.6523 629.569 -220.621 -386.8 587.898 -197.923 -404.252
  poly 152: 331.356 -182.021 250.691 211.274 -150.164 578.839 252.945 -172.862 596.291 373.027 -204.719 268.143 331.356 -182.021 250.691
  poly 153: 347.735 -134.208 252.043 227.653 -102.351 580.19 269.324 -125.049 597.643 389.406 -156.906 269.495 347.735 -134.208 252.043
  poly 154: -8879.5 4779.41 -2978.62 63.7148 -103.649 898.972 72.5267 -106.051 875.623 7.43614 -70.5112 847.402 -10.1875 -65.7061 894.1 -75.2781 -30.1662 865.878 -57.6544 -34.9713 819.18 -122.745 0.568591 790.958 -131.557 2.97118 814.307 -234.504 59.1813 769.671 342.292 -93.7513 -807.566 455.511 -153.581 -780.911 466.438 -154.775 -830.006 536.134 -191.605 -813.598 525.206 -190.411 -764.503 594.902 -227.241 -748.095 605.829 -228.435 -797.19 675.525 -265.264 -780.782 664.597 -264.071 -731.687 794.661 -328.221 -752.734 -8879.5 4779.41 -2978.62
  poly 155: -8865.11 4828.69 -2982.33 87.6097 -59.566 899.375 96.4215 -61.9686 876.026 31.331 -26.4286 847.804 13.7073 -21.6235 894.502 -51.3833 13.9164 866.281 -33.7596 9.11127 819.582 -98.8501 44.6512 791.36 -107.662 47.0538 814.71 -216.925 106.712 767.335 360.083 -46.2767 -810.483 479.284 -109.267 -782.42 490.211 -110.461 -831.515 559.906 -147.291 -815.107 548.979 -146.097 -766.012 618.674 -182.927 -749.604 629.602 -184.12 -798.699 699.297 -220.95 -782.29 688.37 -219.756 -733.196 795.183 -276.201 -708.05 -8865.11 4828.69 -2982.33
element 3
  poly 0: -8851.51 4854.87 -2983.3 759.086 -32.3172 -744.633 767.104 -38.9531 -793.541 696.897 -3.2513 -809.895 688.879 3.38453 -760.987 618.672 39.0863 -777.341 626.69 32.4505 -826.248 556.482 68.1522 -842.602 548.465 74.788 -793.695 428.344 135.872 -821.675 -79.2585 479.111 749.179 31.2139 424.005 796.184 38.6388 418.965 772.824 104.822 385.952 800.985 89.972 396.032 847.703 156.155 363.019 875.863 171.005 352.939 829.145 237.188 319.925 857.305 229.763 324.965 880.664 335.351 272.296 925.59 -8851.51 4854.87 -2983.3
  poly 1: -8865.77 4806.06 -2979.62 736.126 -76.7077 -742.977 744.144 -83.3435 -791.884 673.937 -47.6418 -808.238 665.919 -41.0059 -759.331 595.712 -5.30417 -775.685 603.73 -11.94 -824.592 533.523 23.7618 -840.946 525.505 30.3976 -792.038 410.696 88.7804 -818.782 -96.7206 431.894 751.5 8.80165 379.258 796.398 16.2266 374.218 773.039 82.4098 341.204 801.199 67.5598 351.284 847.917 133.743 318.271 876.077 148.593 308.191 829.359 214.776 275.178 857.519 207.351 280.218 880.878 317.758 225.144 927.855 -8865.77 4806.06 -2979.62
element 4
  poly 0: 670.841 -94.9456 -853.948 662.552 -88.8331 -805.021
  poly 1: 670.841 -94.9456 -853.948 662.552 -88.8331 -805.021
  poly 2: 670.841 -94.9456 -853.948 662.552 -88.8331 -805.021
  poly 3: 670.841 -94.9456 -853.948 662.552 -88.8331 -805.021
  poly 4: 611.461 -63.5641 -867.928 603.172 -57.4516 -819.001
  poly 5: 611.461 -63.5641 -867.928 603.172 -57.4516 -819.001
  poly 6: 611.461 -63.5641 -867.928 603.172 -57.4516 -819.001
  poly 7: 611.461 -63.5641 -867.928 603.172 -57.4516 -819.001
  poly 8: 552.081 -32.1826 -881.908 543.792 -26.0701 -832.981
  poly 9: 552.081 -32.1826 -881.908 543.792 -26.0701 -832.981
  poly 10: 552.081 -32.1826 -881.908 543.792 -26.0701 -832.981
  poly 11: 552.081 -32.1826 -881.908 543.792 -26.0701 -832.981
  poly 12: 530.831 -88.8874 -878.424 522.542 -82.7749 -829.497
  poly 13: 530.831 -88.8874 -878.424 522.542 -82.7749 -829.497
  poly 14: 530.831 -88.8874 -878.424 522.542 -82.7749 -829.497
  poly 15: 530.831 -88.8874 -878.424 522.542 -82.7749 -829.497
  poly 16: 604.047 -126.117 -861.369 595.758 -120.004 -812.442
  poly 17: 604.047 -126.117 -861.369 595.758 -120.004 -812.442
  poly 18: 604.047 -126.117 -861.369 595.758 -120.004 -812.442
  poly 19: 604.047 -126.117 -861.369 595.758 -120.004 -812.442
  poly 20: 650.971 -149.979 -850.439 642.682 -143.866 -801.512
  poly 21: 650.971 -149.979 -850.439 642.682 -143.866 -801.512
  poly 22: 650.971 -149.979 -850.439 642.682 -143.866 -801.512
  poly 23: 650.971 -149.979 -850.439 642.682 -143.866 -801.512
  poly 24: 697.895 -173.841 -839.508 689.606 -167.728 -790.582
  poly 25: 697.895 -173.841 -839.508 689.606 -167.728 -790.582
  poly 26: 697.895 -173.841 -839.508 689.606 -167.728 -790.582
  poly 27: 697.895 -173.841 -839.508 689.606 -167.728 -790.582
  poly 28: 719.87 -120.854 -842.405 711.581 -114.742 -793.478
  poly 29: 719.87 -120.854 -842.405 711.581 -114.742 -793.478
  poly 30: 435.953 -36.3644 -849.962 482.655 -53.2505 -839.94 499.665 -7.86138 -842.73 452.963 9.02467 -852.752 435.953 -36.3644 -849.962
  poly 31: 420.138 -27.5306 -802.65 466.84 -44.4167 -792.628 483.85 0.97241 -795.418 437.148 17.8585 -805.44 420.138 -27.5306 -802.65
  poly 32: 756.854 -147.458 -781.721 739.075 -194.464 -778.861 785.721 -211.497 -768.829 803.501 -164.491 -771.69 756.854 -147.458 -781.721
  poly 33: 741.05 -138.601 -734.41 723.271 -185.607 -731.55 769.917 -202.64 -721.518 787.697 -155.635 -724.379 741.05 -138.601 -734.41
  poly 34: -13023.9 6974.08 -4005.99 675.525 -265.264 -780.782 699.297 -220.95 -782.29 629.602 -184.12 -798.699 605.829 -228.435 -797.19 536.134 -191.605 -813.598 559.906 -147.291 -815.107 490.211 -110.461 -831.515 466.438 -154.775 -830.006 359.688 -98.3639 -855.138 443.602 125.554 -868.896 556.482 68.1522 -842.602 533.523 23.7618 -840.946 603.73 -11.94 -824.592 626.69 32.4505 -826.248 696.897 -3.2513 -809.895 673.937 -47.6418 -808.238 744.144 -83.3435 -791.884 767.104 -38.9531 -793.541 881.979 -97.3696 -766.782 -13023.9 6974.08 -4005.99
  poly 35: -13382.3 7158.9 -4038.7 664.597 -264.071 -731.687 688.37 -219.756 -733.196 618.674 -182.927 -749.604 594.902 -227.241 -748.095 525.206 -190.411 -764.503 548.979 -146.097 -766.012 479.284 -109.267 -782.42 455.511 -153.581 -780.911 342.292 -93.7513 -807.566 428.344 135.872 -821.675 548.465 74.788 -793.695 525.505 30.3976 -792.038 595.712 -5.30417 -775.685 618.672 39.0863 -777.341 688.879 3.38453 -760.987 665.919 -41.0059 -759.331 736.126 -76.7077 -742.977 759.086 -32.3172 -744.633 848.941 -134.076 -716.7 -13382.3 7158.9 -4038.7
element 5
  poly 0: 960.489 -311.283 -2527.44 531.247 -277.614 -449.71 550.669 -231.515 -446.444 479.461 -225.929 -101.762 460.039 -272.029 -105.027 388.83 -266.443 239.656 408.252 -220.344 242.921 337.043 -214.758 587.604 317.621 -260.858 584.338 245.509 -255.202 933.394 226.672 -297.862 934.418 218.193 -292.922 984.19 198.47 -337.588 985.262 206.948 -342.528 935.491 186.216 -389.479 936.619 240.182 -435.433 590.181 219.589 -481.213 593.045 272.915 -526.622 250.715 293.508 -480.841 247.85 346.833 -526.25 -94.4811 326.241 -572.031 -91.6162 379.567 -617.44 -433.947 400.159 -571.659 -436.812 453.496 -617.077 -779.211 527.328 -617.706 -1126.05 508.007 -663.947 -1130.08 581.777 -664.576 -1476.62 601.098 -618.334 -1472.59 674.867 -618.963 -1819.14 655.547 -665.204 -1823.16 729.316 -665.833 -2169.71 748.637 -619.591 -2165.68 823.128 -620.226 -2515.61 845.512 -569.88 -2517.54 853.691 -575.415 -2567.12 875.178 -527.089 -2568.97 866.999 -521.554 -2519.39 887.74 -474.905 -2521.17 960.489 -311.283 -2527.44
  poly 1: 915.467 -288.223 -2529.79 487.674 -254.668 -459.083 507.096 -208.568 -455.818 435.888 -202.983 -111.135 416.466 -249.082 -114.401 345.257 -243.497 230.282 364.679 -197.397 233.547 293.47 -191.812 578.23 274.048 -237.911 574.965 203.741 -232.397 915.282 183.132 -279.069 916.403 174.654 -274.129 966.174 154.931 -318.795 967.247 163.409 -323.735 917.475 144.695 -366.115 918.493 197.381 -410.979 580.27 176.789 -456.76 583.135 230.115 -502.169 240.804 250.707 -456.388 237.939 304.033 -501.797 -104.392 283.44 -547.577 -101.527 336.766 -592.986 -443.858 357.359 -547.205 -446.723 410.674 -592.605 -788.983 484.381 -593.233 -1135.24 465.061 -639.474 -1139.26 538.83 -640.103 -1485.81 558.151 -593.861 -1481.78 631.921 -594.49 -1828.32 612.6 -640.731 -1832.35 686.37 -641.36 -2178.9 705.69 -595.118 -2174.87 778.739 -595.741 -2518.02 799.328 -549.432 -2519.79 807.507 -554.967 -2569.38 828.994 -506.641 -2571.23 820.815 -501.106 -2521.64 843.048 -451.1 -2523.56 915.467 -288.223 -2529.79
element 6
  poly 0: 649.403 -151.94 -2543.74 234.849 -119.968 -530.97 254.228 -73.8455 -527.711 185.453 -68.5414 -193.795 166.075 -114.664 -197.054 97.3012 -109.36 136.863 116.679 -63.2374 140.121 47.9053 -57.9333 474.037 28.5272 -104.056 470.779 -41.1506 -98.6823 809.082 -59.3738 -140.062 810.094 -67.8226 -135.125 859.876 -86.9407 -178.537 860.937 -78.4919 -183.474 811.155 -98.6283 -229.199 812.273 -46.6061 -273.542 477.241 -67.1521 -319.35 480.114 -15.7701 -363.148 149.205 4.77595 -317.34 146.332 56.158 -361.138 -184.577 35.6119 -406.946 -181.704 86.9939 -450.744 -512.613 107.54 -404.937 -515.486 158.93 -448.742 -846.449 230.399 -449.235 -1183.19 211.122 -495.501 -1187.21 282.524 -495.994 -1523.64 301.801 -449.729 -1519.62 373.204 -450.222 -1856.04 353.926 -496.487 -1860.07 425.329 -496.981 -2196.5 444.606 -450.715 -2192.47 516.723 -451.213 -2532.27 538.372 -402.383 -2534.14 546.527 -407.898 -2583.73 567.269 -361.112 -2585.52 559.114 -355.596 -2535.93 579.101 -310.513 -2537.66 649.403 -151.94 -2543.74
  poly 1: 604.383 -128.879 -2546.1 191.267 -97.0187 -540.31 210.645 -50.896 -537.052 141.871 -45.592 -203.136 122.493 -91.7146 -206.394 53.7186 -86.4106 127.522 73.0967 -40.2879 130.78 4.32261 -34.9839 464.696 -15.0555 -81.1066 461.438 -82.926 -75.8722 790.966 -102.939 -121.317 792.077 -111.388 -116.38 841.859 -130.506 -159.792 842.92 -122.057 -164.729 793.138 -140.157 -205.83 794.143 -89.4154 -249.082 467.356 -109.961 -294.889 470.229 -58.5795 -338.687 139.32 -38.0334 -292.88 136.447 13.3486 -336.678 -194.462 -7.19747 -382.485 -191.589 44.1845 -426.283 -522.498 64.7306 -380.476 -525.371 116.105 -424.267 -856.228 187.44 -424.76 -1192.34 168.163 -471.026 -1196.37 239.565 -471.519 -1532.79 258.843 -425.253 -1528.77 330.245 -425.747 -1865.2 310.968 -472.012 -1869.22 382.37 -472.505 -2205.65 401.647 -426.24 -2201.63 472.335 -426.728 -2534.68 492.171 -381.986 -2536.4 500.326 -387.502 -2585.98 521.068 -340.715 -2587.78 512.913 -335.2 -2538.19 534.41 -286.709 -2540.05 604.383 -128.879 -2546.1
element 7
  poly 0: 465.061 -639.474 -1139.26 508.007 -663.947 -1130.08 581.777 -664.576 -1476.62 538.83 -640.103 -1485.81 465.061 -639.474 -1139.26
  poly 1: 484.381 -593.233 -1135.24 527.328 -617.706 -1126.05 601.098 -618.334 -1472.59 558.151 -593.861 -1481.78 484.381 -593.233 -1135.24
  poly 2: 612.6 -640.731 -1832.35 655.547 -665.204 -1823.16 729.316 -665.833 -2169.71 686.37 -641.36 -2178.9 612.6 -640.731 -1832.35
  poly 3: 631.921 -594.49 -1828.32 674.867 -618.963 -1819.14 748.637 -619.591 -2165.68 705.69 -595.118 -2174.87 631.921 -594.49 -1828.32
  poly 4: 168.163 -471.026 -1196.37 211.122 -495.501 -1187.21 282.524 -495.994 -1523.64 239.565 -471.519 -1532.79 168.163 -471.026 -1196.37
  poly 5: 187.44 -424.76 -1192.34 230.399 -449.235 -1183.19 301.801 -449.729 -1519.62 258.843 -425.253 -1528.77 187.44 -424.76 -1192.34
  poly 6: 310.968 -472.012 -1869.22 353.926 -496.487 -1860.07 425.329 -496.981 -2196.5 382.37 -472.505 -2205.65 310.968 -472.012 -1869.22
  poly 7: 330.245 -425.747 -1865.2 373.204 -450.222 -1856.04 444.606 -450.715 -2192.47 401.647 -426.24 -2201.63 330.245 -425.747 -1865.2
  poly 8: -9654.13 5101.45 -3082.49 363.844 -623.541 -795.656 369.317 -623.731 -820.111 301.747 -585.117 -835.536 290.8 -584.736 -786.626 223.23 -546.122 -802.05 234.177 -546.503 -850.96 166.607 -507.888 -866.385 161.133 -507.698 -841.93 53.2641 -446.053 -866.553 407.438 -448.5 -2535.33 522.659 -512.056 -2529.06 527.184 -508.796 -2579.18 597.604 -547.639 -2575.35 593.079 -550.9 -2525.23 663.499 -589.743 -2521.4 668.023 -586.483 -2571.52 738.443 -625.326 -2567.7 733.919 -628.587 -2517.57 857.561 -691.031 -2561.22 -9654.13 5101.45 -3082.49
  poly 9: -9647.64 5155.43 -3085.02 388.425 -579.89 -794.062 393.898 -580.081 -818.517 326.328 -541.466 -833.942 315.381 -541.085 -785.032 247.811 -502.471 -800.456 258.758 -502.852 -849.366 191.188 -464.238 -864.79 185.715 -464.047 -840.336 73.2786 -399.793 -866.002 427.946 -402.244 -2537.1 547.072 -467.953 -2530.62 551.596 -464.692 -2580.74 622.016 -503.536 -2576.91 617.491 -506.797 -2526.79 687.911 -545.64 -2522.96 692.436 -542.379 -2573.08 762.855 -581.223 -2569.26 758.331 -584.484 -2519.13 867.517 -644.71 -2513.2 -9647.64 5155.43 -3085.02
element 8
  poly 0: -27.2172 -111.419 923.018 -11.3847 -119.534 876.29
  poly 1: -27.2172 -111.419 923.018 -11.3847 -119.534 876.29
  poly 2: -27.2172 -111.419 923.018 -11.3847 -119.534 876.29
  poly 3: -27.2172 -111.419 923.018 -11.3847 -119.534 876.29
  poly 4: -47.451 -157.366 924.141 -31.6185 -165.48 877.413
  poly 5: -47.451 -157.366 924.141 -31.6185 -165.48 877.413
  poly 6: -47.451 -157.366 924.141 -31.6185 -165.48 877.413
  poly 7: -47.451 -157.366 924.141 -31.6185 -165.48 877.413
  poly 8: -67.6847 -203.312 925.264 -51.8522 -211.426 878.536
  poly 9: -67.6847 -203.312 925.264 -51.8522 -211.426 878.536
  poly 10: -67.6847 -203.312 925.264 -51.8522 -211.426 878.536
  poly 11: -67.6847 -203.312 925.264 -51.8522 -211.426 878.536
  poly 12: -27.6134 -225.191 942.64 -11.7809 -233.305 895.912
  poly 13: -27.6134 -225.191 942.64 -11.7809 -233.305 895.912
  poly 14: -27.6134 -225.191 942.64 -11.7809 -233.305 895.912
  poly 15: -27.6134 -225.191 942.64 -11.7809 -233.305 895.912
  poly 16: 34.7868 -259.262 969.699 50.6193 -267.377 922.972
  poly 17: 34.7868 -259.262 969.699 50.6193 -267.377 922.972
  poly 18: 34.7868 -259.262 969.699 50.6193 -267.377 922.972
  poly 19: 34.7868 -259.262 969.699 50.6193 -267.377 922.972
  poly 20: 97.1871 -293.334 996.759 113.02 -301.448 950.031
  poly 21: 97.1871 -293.334 996.759 113.02 -301.448 950.031
  poly 22: 97.1871 -293.334 996.759 113.02 -301.448 950.031
  poly 23: 97.1871 -293.334 996.759 113.02 -301.448 950.031
  poly 24: 129.561 -219.946 994.984 145.394 -228.06 948.256
  poly 25: 129.561 -219.946 994.984 145.394 -228.06 948.256
  poly 26: 129.561 -219.946 994.984 145.394 -228.06 948.256
  poly 27: 129.561 -219.946 994.984 145.394 -228.06 948.256
  poly 28: 121.936 -237.213 995.399 137.769 -245.328 948.671
  poly 29: 121.936 -237.213 995.399 137.769 -245.328 948.671
  poly 30: 121.936 -237.213 995.399 137.769 -245.328 948.671
  poly 31: 121.936 -237.213 995.399 137.769 -245.328 948.671
  poly 32: 56.9209 -200.629 967.017 72.7534 -208.744 920.29
  poly 33: 56.9209 -200.629 967.017 72.7534 -208.744 920.29
  poly 34: 56.9209 -200.629 967.017 72.7534 -208.744 920.29
  poly 35: 56.9209 -200.629 967.017 72.7534 -208.744 920.29
  poly 36: -8.09454 -164.046 938.636 7.73796 -172.16 891.908
  poly 37: -8.09454 -164.046 938.636 7.73796 -172.16 891.908
  poly 38: -8.09454 -164.046 938.636 7.73796 -172.16 891.908
  poly 39: -8.09454 -164.046 938.636 7.73796 -172.16 891.908
  poly 40: -73.11 -127.462 910.254 -57.2775 -135.576 863.526
  poly 41: -73.11 -127.462 910.254 -57.2775 -135.576 863.526
  poly 42: -73.11 -127.462 910.254 -57.2775 -135.576 863.526
  poly 43: -73.11 -127.462 910.254 -57.2775 -135.576 863.526
  poly 44: -41.9805 -144.978 923.843 -26.148 -153.092 877.116
  poly 45: -41.9805 -144.978 923.843 -26.148 -153.092 877.116
  poly 46: 174.654 -274.129 966.174 218.193 -292.922 984.19 198.47 -337.588 985.262 154.931 -318.795 967.247 174.654 -274.129 966.174
  poly 47: 183.132 -279.069 916.403 226.672 -297.862 934.418 206.948 -342.528 935.491 163.409 -323.735 917.475 183.132 -279.069 916.403
  poly 48: -111.388 -116.38 841.859 -67.8226 -135.125 859.876 -86.9407 -178.537 860.937 -130.506 -159.792 842.92 -111.388 -116.38 841.859
  poly 49: -102.939 -121.317 792.077 -59.3738 -140.062 810.094 -78.4919 -183.474 811.155 -122.057 -164.729 793.138 -102.939 -121.317 792.077
  poly 50: -9379.8 4995.53 -3186.18 164.529 -215.803 952.612 188.411 -171.717 953.048 122.42 -135.685 924.432 98.5369 -179.771 923.995 32.5453 -143.739 895.379 56.428 -99.6523 895.815 -9.56362 -63.62 867.199 -33.4463 -107.706 866.762 -134.976 -52.2698 822.735 -189.411 -175.878 825.756 -84.4769 -234.923 871.563 -108.814 -278.676 870.915 -43.2265 -315.582 899.546 -18.8897 -271.829 900.194 46.6975 -308.735 928.825 22.3608 -352.488 928.177 87.948 -389.394 956.808 112.285 -345.641 957.457 199.672 -452.26 1005.58 -9379.8 4995.53 -3186.18
  poly 51: -9802.67 5231.24 -3423.89 182.153 -220.609 905.916 206.036 -176.523 906.353 140.045 -140.491 877.736 116.162 -184.577 877.3 50.1702 -148.545 848.683 74.0529 -104.458 849.12 8.06133 -68.4261 820.503 -15.8214 -112.513 820.067 -124.702 -53.0623 772.852 -181.687 -182.461 776.014 -69.9289 -245.347 824.8 -94.2656 -289.1 824.152 -28.6784 -326.006 852.783 -4.34163 -282.253 853.432 61.2456 -319.159 882.063 36.9088 -362.912 881.415 102.496 -399.817 910.046 126.833 -356.064 910.694 227.737 -412.843 954.745 -9802.67 5231.24 -3423.89
element 9
  poly 0: 531.485 -152.931 -1713.58 507.942 -197.03 -1712.57
  poly 1: 531.485 -152.931 -1713.58 507.942 -197.03 -1712.57
  poly 2: 531.485 -152.931 -1713.58 507.942 -197.03 -1712.57
  poly 3: 531.485 -152.931 -1713.58 507.942 -197.03 -1712.57
  poly 4: 528.732 -149.369 -1621.79 505.19 -193.469 -1620.78
  poly 5: 528.732 -149.369 -1621.79 505.19 -193.469 -1620.78
  poly 6: 528.732 -149.369 -1621.79 505.19 -193.469 -1620.78
  poly 7: 528.732 -149.369 -1621.79 505.19 -193.469 -1620.78
  poly 8: 525.98 -145.808 -1530 502.437 -189.907 -1528.99
  poly 9: 525.98 -145.808 -1530 502.437 -189.907 -1528.99
  poly 10: 525.98 -145.808 -1530 502.437 -189.907 -1528.99
  poly 11: 525.98 -145.808 -1530 502.437 -189.907 -1528.99
  poly 12: 523.227 -142.246 -1438.21 499.685 -186.346 -1437.2
  poly 13: 523.227 -142.246 -1438.21 499.685 -186.346 -1437.2
  poly 14: 523.227 -142.246 -1438.21 499.685 -186.346 -1437.2
  poly 15: 523.227 -142.246 -1438.21 499.685 -186.346 -1437.2
  poly 16: 520.475 -138.685 -1346.42 496.933 -182.784 -1345.42
  poly 17: 520.475 -138.685 -1346.42 496.933 -182.784 -1345.42
  poly 18: 520.475 -138.685 -1346.42 496.933 -182.784 -1345.42
  poly 19: 520.475 -138.685 -1346.42 496.933 -182.784 -1345.42
  poly 20: 517.723 -135.124 -1254.63 494.18 -179.223 -1253.63
  poly 21: 517.723 -135.124 -1254.63 494.18 -179.223 -1253.63
  poly 22: 517.723 -135.124 -1254.63 494.18 -179.223 -1253.63
  poly 23: 517.723 -135.124 -1254.63 494.18 -179.223 -1253.63
  poly 24: 514.97 -131.562 -1162.84 491.428 -175.661 -1161.84
  poly 25: 514.97 -131.562 -1162.84 491.428 -175.661 -1161.84
  poly 26: 514.97 -131.562 -1162.84 491.428 -175.661 -1161.84
  poly 27: 514.97 -131.562 -1162.84 491.428 -175.661 -1161.84
  poly 28: 512.218 -128.001 -1071.05 488.675 -172.1 -1070.05
  poly 29: 512.218 -128.001 -1071.05 488.675 -172.1 -1070.05
  poly 30: 512.218 -128.001 -1071.05 488.675 -172.1 -1070.05
  poly 31: 512.218 -128.001 -1071.05 488.675 -172.1 -1070.05
  poly 32: 509.465 -124.439 -979.261 485.923 -168.538 -978.256
  poly 33: 509.465 -124.439 -979.261 485.923 -168.538 -978.256
  poly 34: 509.465 -124.439 -979.261 485.923 -168.538 -978.256
  poly 35: 509.465 -124.439 -979.261 485.923 -168.538 -978.256
  poly 36: 490.791 -114.57 -983.665 467.249 -158.67 -982.66
  poly 37: 490.791 -114.57 -983.665 467.249 -158.67 -982.66
  poly 38: 490.791 -114.57 -983.665 467.249 -158.67 -982.66
  poly 39: 490.791 -114.57 -983.665 467.249 -158.67 -982.66
  poly 40: 537.261 -139.129 -972.725 513.719 -183.228 -971.72
  poly 41: 537.261 -139.129 -972.725 513.719 -183.228 -971.72
  poly 42: 537.261 -139.129 -972.725 513.719 -183.228 -971.72
  poly 43: 537.261 -139.129 -972.725 513.719 -183.228 -971.72
  poly 44: 583.731 -163.688 -961.785 560.189 -207.787 -960.78
  poly 45: 583.731 -163.688 -961.785 560.189 -207.787 -960.78
  poly 46: 583.731 -163.688 -961.785 560.189 -207.787 -960.78
  poly 47: 583.731 -163.688 -961.785 560.189 -207.787 -960.78
  poly 48: 598.788 -173.803 -1052.92 575.246 -217.902 -1051.91
  poly 49: 598.788 -173.803 -1052.92 575.246 -217.902 -1051.91
  poly 50: 598.788 -173.803 -1052.92 575.246 -217.902 -1051.91
  poly 51: 598.788 -173.803 -1052.92 575.246 -217.902 -1051.91
  poly 52: 613.846 -183.919 -1144.05 590.303 -228.018 -1143.05
  poly 53: 613.846 -183.919 -1144.05 590.303 -228.018 -1143.05
  poly 54: 613.846 -183.919 -1144.05 590.303 -228.018 -1143.05
  poly 55: 613.846 -183.919 -1144.05 590.303 -228.018 -1143.05
  poly 56: 628.903 -194.034 -1235.19 605.36 -238.133 -1234.18
  poly 57: 628.903 -194.034 -1235.19 605.36 -238.133 -1234.18
  poly 58: 628.903 -194.034 -1235.19 605.36 -238.133 -1234.18
  poly 59: 628.903 -194.034 -1235.19 605.36 -238.133 -1234.18
  poly 60: 643.96 -204.149 -1326.32 620.418 -248.249 -1325.31
  poly 61: 643.96 -204.149 -1326.32 620.418 -248.249 -1325.31
  poly 62: 643.96 -204.149 -1326.32 620.418 -248.249 -1325.31
  poly 63: 643.96 -204.149 -1326.32 620.418 -248.249 -1325.31
  poly 64: 659.017 -214.265 -1417.45 635.475 -258.364 -1416.45
  poly 65: 659.017 -214.265 -1417.45 635.475 -258.364 -1416.45
  poly 66: 659.017 -214.265 -1417.45 635.475 -258.364 -1416.45
  poly 67: 659.017 -214.265 -1417.45 635.475 -258.364 -1416.45
  poly 68: 674.075 -224.38 -1508.59 650.532 -268.48 -1507.58
  poly 69: 674.075 -224.38 -1508.59 650.532 -268.48 -1507.58
  poly 70: 674.075 -224.38 -1508.59 650.532 -268.48 -1507.58
  poly 71: 674.075 -224.38 -1508.59 650.532 -268.48 -1507.58
  poly 72: 689.132 -234.496 -1599.72 665.589 -278.595 -1598.71
  poly 73: 689.132 -234.496 -1599.72 665.589 -278.595 -1598.71
  poly 74: 689.132 -234.496 -1599.72 665.589 -278.595 -1598.71
  poly 75: 689.132 -234.496 -1599.72 665.589 -278.595 -1598.71
  poly 76: 704.189 -244.611 -1690.85 680.647 -288.71 -1689.85
  poly 77: 704.189 -244.611 -1690.85 680.647 -288.71 -1689.85
  poly 78: 704.189 -244.611 -1690.85 680.647 -288.71 -1689.85
  poly 79: 704.189 -244.611 -1690.85 680.647 -288.71 -1689.85
  poly 80: 707.045 -248.255 -1783.85 683.502 -292.355 -1782.84
  poly 81: 707.045 -248.255 -1783.85 683.502 -292.355 -1782.84
  poly 82: 707.045 -248.255 -1783.85 683.502 -292.355 -1782.84
  poly 83: 707.045 -248.255 -1783.85 683.502 -292.355 -1782.84
  poly 84: 709.901 -251.9 -1876.84 686.358 -295.999 -1875.84
  poly 85: 709.901 -251.9 -1876.84 686.358 -295.999 -1875.84
  poly 86: 709.901 -251.9 -1876.84 686.358 -295.999 -1875.84
  poly 87: 709.901 -251.9 -1876.84 686.358 -295.999 -1875.84
  poly 88: 712.757 -255.544 -1969.84 689.214 -299.643 -1968.83
  poly 89: 712.757 -255.544 -1969.84 689.214 -299.643 -1968.83
  poly 90: 712.757 -255.544 -1969.84 689.214 -299.643 -1968.83
  poly 91: 712.757 -255.544 -1969.84 689.214 -299.643 -1968.83
  poly 92: 715.612 -259.188 -2062.83 692.07 -303.287 -2061.83
  poly 93: 715.612 -259.188 -2062.83 692.07 -303.287 -2061.83
  poly 94: 715.612 -259.188 -2062.83 692.07 -303.287 -2061.83
  poly 95: 715.612 -259.188 -2062.83 692.07 -303.287 -2061.83
  poly 96: 718.468 -262.832 -2155.83 694.926 -306.931 -2154.82
  poly 97: 718.468 -262.832 -2155.83 694.926 -306.931 -2154.82
  poly 98: 718.468 -262.832 -2155.83 694.926 -306.931 -2154.82
  poly 99: 718.468 -262.832 -2155.83 694.926 -306.931 -2154.82
  poly 100: 721.324 -266.476 -2248.83 697.782 -310.575 -2247.82
  poly 101: 721.324 -266.476 -2248.83 697.782 -310.575 -2247.82
  poly 102: 721.324 -266.476 -2248.83 697.782 -310.575 -2247.82
  poly 103: 721.324 -266.476 -2248.83 697.782 -310.575 -2247.82
  poly 104: 724.18 -270.12 -2341.82 700.637 -314.219 -2340.82
  poly 105: 724.18 -270.12 -2341.82 700.637 -314.219 -2340.82
  poly 106: 724.18 -270.12 -2341.82 700.637 -314.219 -2340.82
  poly 107: 724.18 -270.12 -2341.82 700.637 -314.219 -2340.82
  poly 108: 727.036 -273.764 -2434.82 703.493 -317.864 -2433.81
  poly 109: 727.036 -273.764 -2434.82 703.493 -317.864 -2433.81
  poly 110: 727.036 -273.764 -2434.82 703.493 -317.864 -2433.81
  poly 111: 727.036 -273.764 -2434.82 703.493 -317.864 -2433.81
  poly 112: 661.983 -239.115 -2438.3 638.44 -283.214 -2437.3
  poly 113: 661.983 -239.115 -2438.3 638.44 -283.214 -2437.3
  poly 114: 661.983 -239.115 -2438.3 638.44 -283.214 -2437.3
  poly 115: 661.983 -239.115 -2438.3 638.44 -283.214 -2437.3
  poly 116: 650.939 -233.233 -2438.89 627.397 -277.332 -2437.89
  poly 117: 650.939 -233.233 -2438.89 627.397 -277.332 -2437.89
  poly 118: 650.939 -233.233 -2438.89 627.397 -277.332 -2437.89
  poly 119: 650.939 -233.233 -2438.89 627.397 -277.332 -2437.89
  poly 120: 636.007 -223.195 -2348.23 612.465 -267.295 -2347.22
  poly 121: 636.007 -223.195 -2348.23 612.465 -267.295 -2347.22
  poly 122: 636.007 -223.195 -2348.23 612.465 -267.295 -2347.22
  poly 123: 636.007 -223.195 -2348.23 612.465 -267.295 -2347.22
  poly 124: 621.076 -213.158 -2257.56 597.533 -257.257 -2256.56
  poly 125: 621.076 -213.158 -2257.56 597.533 -257.257 -2256.56
  poly 126: 621.076 -213.158 -2257.56 597.533 -257.257 -2256.56
  poly 127: 621.076 -213.158 -2257.56 597.533 -257.257 -2256.56
  poly 128: 606.144 -203.12 -2166.9 582.601 -247.219 -2165.89
  poly 129: 606.144 -203.12 -2166.9 582.601 -247.219 -2165.89
  poly 130: 606.144 -203.12 -2166.9 582.601 -247.219 -2165.89
  poly 131: 606.144 -203.12 -2166.9 582.601 -247.219 -2165.89
  poly 132: 591.212 -193.082 -2076.23 567.67 -237.181 -2075.23
  poly 133: 591.212 -193.082 -2076.23 567.67 -237.181 -2075.23
  poly 134: 591.212 -193.082 -2076.23 567.67 -237.181 -2075.23
  poly 135: 591.212 -193.082 -2076.23 567.67 -237.181 -2075.23
  poly 136: 576.28 -183.044 -1985.57 552.738 -227.143 -1984.57
  poly 137: 576.28 -183.044 -1985.57 552.738 -227.143 -1984.57
  poly 138: 576.28 -183.044 -1985.57 552.738 -227.143 -1984.57
  poly 139: 576.28 -183.044 -1985.57 552.738 -227.143 -1984.57
  poly 140: 561.348 -173.006 -1894.91 537.806 -217.106 -1893.9
  poly 141: 561.348 -173.006 -1894.91 537.806 -217.106 -1893.9
  poly 142: 561.348 -173.006 -1894.91 537.806 -217.106 -1893.9
  poly 143: 561.348 -173.006 -1894.91 537.806 -217.106 -1893.9
  poly 144: 546.416 -162.969 -1804.24 522.874 -207.068 -1803.24
  poly 145: 546.416 -162.969 -1804.24 522.874 -207.068 -1803.24
  poly 146: -8944.03 4818.44 -3049.33 842.685 -394.282 -2526.42 844.29 -396.277 -2576.36 773.373 -358.504 -2580.15 771.768 -356.509 -2530.21 700.851 -318.736 -2534 702.456 -320.731 -2583.94 631.539 -282.959 -2587.72 629.933 -280.963 -2537.79 510.028 -217.098 -2544.19 236.635 -33.3119 -884.193 350.015 -93.2307 -857.454 354.292 -96.072 -881.954 422.792 -132.273 -865.799 414.239 -126.59 -816.799 482.739 -162.79 -800.644 491.292 -168.473 -849.644 559.792 -204.674 -833.489 555.515 -201.832 -808.99 665.709 -260.067 -783.002 -8944.03 4818.44 -3049.33
  poly 147: -8950.26 4765.14 -3046.82 819.124 -438.358 -2524.84 820.729 -440.353 -2574.78 749.812 -402.58 -2578.56 748.207 -400.585 -2528.63 677.289 -362.812 -2532.42 678.895 -364.808 -2582.35 607.978 -327.035 -2586.14 606.372 -325.04 -2536.21 489.72 -262.907 -2542.44 216.734 -79.3947 -884.909 326.906 -137.617 -858.927 331.182 -140.459 -883.427 399.682 -176.659 -867.272 391.129 -170.977 -818.272 459.629 -207.177 -802.118 468.182 -212.86 -851.117 536.682 -249.06 -834.963 532.405 -246.219 -810.463 645.763 -306.125 -783.729 -8950.26 4765.14 -3046.82
element 10
  poly 0: 807.507 -554.967 -2569.38 853.691 -575.415 -2567.12 875.178 -527.089 -2568.97 828.994 -506.641 -2571.23 807.507 -554.967 -2569.38
  poly 1: 799.328 -549.432 -2519.79 845.512 -569.88 -2517.54 866.999 -521.554 -2519.39 820.815 -501.106 -2521.64 799.328 -549.432 -2519.79
  poly 2: 500.326 -387.502 -2585.98 546.527 -407.898 -2583.73 567.269 -361.112 -2585.52 521.068 -340.715 -2587.78 500.326 -387.502 -2585.98
  poly 3: 492.171 -381.986 -2536.4 538.372 -402.383 -2534.14 559.114 -355.596 -2535.93 512.913 -335.2 -2538.19 492.171 -381.986 -2536.4
  poly 4: -14311.4 7676.15 -3386.13 738.443 -625.326 -2567.7 762.855 -581.223 -2569.26 692.436 -542.379 -2573.08 668.023 -586.483 -2571.52 597.604 -547.639 -2575.35 622.016 -503.536 -2576.91 551.596 -464.692 -2580.74 527.184 -508.796 -2579.18 418.006 -448.574 -2585.12 518.194 -222.588 -2593.78 631.539 -282.959 -2587.72 607.978 -327.035 -2586.14 678.895 -364.808 -2582.35 702.456 -320.731 -2583.94 773.373 -358.504 -2580.15 749.812 -402.58 -2578.56 820.729 -440.353 -2574.78 844.29 -396.277 -2576.36 960.98 -458.43 -2570.12 -14311.4 7676.15 -3386.13
  poly 5: -14675 7870.97 -3355.53 733.919 -628.587 -2517.57 758.331 -584.484 -2519.13 687.911 -545.64 -2522.96 663.499 -589.743 -2521.4 593.079 -550.9 -2525.23 617.491 -506.797 -2526.79 547.072 -467.953 -2530.62 522.659 -512.056 -2529.06 407.438 -448.501 -2535.33 510.028 -217.098 -2544.19 629.933 -280.963 -2537.79 606.372 -325.04 -2536.21 677.289 -362.812 -2532.42 700.851 -318.736 -2534 771.768 -356.509 -2530.21 748.207 -400.585 -2528.63 819.124 -438.358 -2524.84 842.685 -394.282 -2526.42 932.431 -498.709 -2518.78 -14675 7870.97 -3355.53
element 11
  poly 0: 484.4 -241.129 -1711.57 507.942 -197.03 -1712.57
  poly 1: 484.4 -241.129 -1711.57 507.942 -197.03 -1712.57
  poly 2: 484.4 -241.129 -1711.57 507.942 -197.03 -1712.57
  poly 3: 484.4 -241.129 -1711.57 507.942 -197.03 -1712.57
  poly 4: 481.647 -237.568 -1619.78 505.19 -193.469 -1620.78
  poly 5: 481.647 -237.568 -1619.78 505.19 -193.469 -1620.78
  poly 6: 481.647 -237.568 -1619.78 505.19 -193.469 -1620.78
  poly 7: 481.647 -237.568 -1619.78 505.19 -193.469 -1620.78
  poly 8: 478.895 -234.007 -1527.99 502.437 -189.907 -1528.99
  poly 9: 478.895 -234.007 -1527.99 502.437 -189.907 -1528.99
  poly 10: 478.895 -234.007 -1527.99 502.437 -189.907 -1528.99
  poly 11: 478.895 -234.007 -1527.99 502.437 -189.907 -1528.99
  poly 12: 476.142 -230.445 -1436.2 499.685 -186.346 -1437.2
  poly 13: 476.142 -230.445 -1436.2 499.685 -186.346 -1437.2
  poly 14: 476.142 -230.445 -1436.2 499.685 -186.346 -1437.2
  poly 15: 476.142 -230.445 -1436.2 499.685 -186.346 -1437.2
  poly 16: 473.39 -226.884 -1344.41 496.933 -182.784 -1345.42
  poly 17: 473.39 -226.884 -1344.41 496.933 -182.784 -1345.42
  poly 18: 473.39 -226.884 -1344.41 496.933 -182.784 -1345.42
  poly 19: 473.39 -226.884 -1344.41 496.933 -182.784 -1345.42
  poly 20: 470.638 -223.322 -1252.62 494.18 -179.223 -1253.63
  poly 21: 470.638 -223.322 -1252.62 494.18 -179.223 -1253.63
  poly 22: 470.638 -223.322 -1252.62 494.18 -179.223 -1253.63
  poly 23: 470.638 -223.322 -1252.62 494.18 -179.223 -1253.63
  poly 24: 467.885 -219.761 -1160.83 491.428 -175.661 -1161.84
  poly 25: 467.885 -219.761 -1160.83 491.428 -175.661 -1161.84
  poly 26: 467.885 -219.761 -1160.83 491.428 -175.661 -1161.84
  poly 27: 467.885 -219.761 -1160.83 491.428 -175.661 -1161.84
  poly 28: 465.133 -216.199 -1069.04 488.675 -172.1 -1070.05
  poly 29: 465.133 -216.199 -1069.04 488.675 -172.1 -1070.05
  poly 30: 465.133 -216.199 -1069.04 488.675 -172.1 -1070.05
  poly 31: 465.133 -216.199 -1069.04 488.675 -172.1 -1070.05
  poly 32: 462.38 -212.638 -977.251 485.923 -168.538 -978.256
  poly 33: 462.38 -212.638 -977.251 485.923 -168.538 -978.256
  poly 34: 462.38 -212.638 -977.251 485.923 -168.538 -978.256
  poly 35: 462.38 -212.638 -977.251 485.923 -168.538 -978.256
  poly 36: 443.706 -202.769 -981.655 467.249 -158.67 -982.66
  poly 37: 443.706 -202.769 -981.655 467.249 -158.67 -982.66
  poly 38: 443.706 -202.769 -981.655 467.249 -158.67 -982.66
  poly 39: 443.706 -202.769 -981.655 467.249 -158.67 -982.66
  poly 40: 490.176 -227.328 -970.715 513.719 -183.228 -971.72
  poly 41: 490.176 -227.328 -970.715 513.719 -183.228 -971.72
  poly 42: 490.176 -227.328 -970.715 513.719 -183.228 -971.72
  poly 43: 490.176 -227.328 -970.715 513.719 -183.228 -971.72
  poly 44: 536.646 -251.886 -959.775 560.189 -207.787 -960.78
  poly 45: 536.646 -251.886 -959.775 560.189 -207.787 -960.78
  poly 46: 536.646 -251.886 -959.775 560.189 -207.787 -960.78
  poly 47: 536.646 -251.886 -959.775 560.189 -207.787 -960.78
  poly 48: 551.703 -262.002 -1050.91 575.246 -217.902 -1051.91
  poly 49: 551.703 -262.002 -1050.91 575.246 -217.902 -1051.91
  poly 50: 551.703 -262.002 -1050.91 575.246 -217.902 -1051.91
  poly 51: 551.703 -262.002 -1050.91 575.246 -217.902 -1051.91
  poly 52: 566.761 -272.117 -1142.04 590.303 -228.018 -1143.05
  poly 53: 566.761 -272.117 -1142.04 590.303 -228.018 -1143.05
  poly 54: 566.761 -272.117 -1142.04 590.303 -228.018 -1143.05
  poly 55: 566.761 -272.117 -1142.04 590.303 -228.018 -1143.05
  poly 56: 581.818 -282.233 -1233.18 605.36 -238.133 -1234.18
  poly 57: 581.818 -282.233 -1233.18 605.36 -238.133 -1234.18
  poly 58: 581.818 -282.233 -1233.18 605.36 -238.133 -1234.18
  poly 59: 581.818 -282.233 -1233.18 605.36 -238.133 -1234.18
  poly 60: 596.875 -292.348 -1324.31 620.418 -248.249 -1325.31
  poly 61: 596.875 -292.348 -1324.31 620.418 -248.249 -1325.31
  poly 62: 596.875 -292.348 -1324.31 620.418 -248.249 -1325.31
  poly 63: 596.875 -292.348 -1324.31 620.418 -248.249 -1325.31
  poly 64: 611.932 -302.464 -1415.44 635.475 -258.364 -1416.45
  poly 65: 611.932 -302.464 -1415.44 635.475 -258.364 -1416.45
  poly 66: 611.932 -302.464 -1415.44 635.475 -258.364 -1416.45
  poly 67: 611.932 -302.464 -1415.44 635.475 -258.364 -1416.45
  poly 68: 626.99 -312.579 -1506.58 650.532 -268.48 -1507.58
  poly 69: 626.99 -312.579 -1506.58 650.532 -268.48 -1507.58
  poly 70: 626.99 -312.579 -1506.58 650.532 -268.48 -1507.58
  poly 71: 626.99 -312.579 -1506.58 650.532 -268.48 -1507.58
  poly 72: 642.047 -322.694 -1597.71 665.589 -278.595 -1598.71
  poly 73: 642.047 -322.694 -1597.71 665.589 -278.595 -1598.71
  poly 74: 642.047 -322.694 -1597.71 665.589 -278.595 -1598.71
  poly 75: 642.047 -322.694 -1597.71 665.589 -278.595 -1598.71
  poly 76: 657.104 -332.81 -1688.84 680.647 -288.71 -1689.85
  poly 77: 657.104 -332.81 -1688.84 680.647 -288.71 -1689.85
  poly 78: 657.104 -332.81 -1688.84 680.647 -288.71 -1689.85
  poly 79: 657.104 -332.81 -1688.84 680.647 -288.71 -1689.85
  poly 80: 659.96 -336.454 -1781.84 683.502 -292.355 -1782.84
  poly 81: 659.96 -336.454 -1781.84 683.502 -292.355 -1782.84
  poly 82: 659.96 -336.454 -1781.84 683.502 -292.355 -1782.84
  poly 83: 659.96 -336.454 -1781.84 683.502 -292.355 -1782.84
  poly 84: 662.816 -340.098 -1874.83 686.358 -295.999 -1875.84
  poly 85: 662.816 -340.098 -1874.83 686.358 -295.999 -1875.84
  poly 86: 662.816 -340.098 -1874.83 686.358 -295.999 -1875.84
  poly 87: 662.816 -340.098 -1874.83 686.358 -295.999 -1875.84
  poly 88: 665.672 -343.742 -1967.83 689.214 -299.643 -1968.83
  poly 89: 665.672 -343.742 -1967.83 689.214 -299.643 -1968.83
  poly 90: 665.672 -343.742 -1967.83 689.214 -299.643 -1968.83
  poly 91: 665.672 -343.742 -1967.83 689.214 -299.643 -1968.83
  poly 92: 668.528 -347.386 -2060.82 692.07 -303.287 -2061.83
  poly 93: 668.528 -347.386 -2060.82 692.07 -303.287 -2061.83
  poly 94: 668.528 -347.386 -2060.82 692.07 -303.287 -2061.83
  poly 95: 668.528 -347.386 -2060.82 692.07 -303.287 -2061.83
  poly 96: 671.383 -351.031 -2153.82 694.926 -306.931 -2154.82
  poly 97: 671.383 -351.031 -2153.82 694.926 -306.931 -2154.82
  poly 98: 671.383 -351.031 -2153.82 694.926 -306.931 -2154.82
  poly 99: 671.383 -351.031 -2153.82 694.926 -306.931 -2154.82
  poly 100: 674.239 -354.675 -2246.82 697.782 -310.575 -2247.82
  poly 101: 674.239 -354.675 -2246.82 697.782 -310.575 -2247.82
  poly 102: 674.239 -354.675 -2246.82 697.782 -310.575 -2247.82
  poly 103: 674.239 -354.675 -2246.82 697.782 -310.575 -2247.82
  poly 104: 677.095 -358.319 -2339.81 700.637 -314.219 -2340.82
  poly 105: 677.095 -358.319 -2339.81 700.637 -314.219 -2340.82
  poly 106: 677.095 -358.319 -2339.81 700.637 -314.219 -2340.82
  poly 107: 677.095 -358.319 -2339.81 700.637 -314.219 -2340.82
  poly 108: 679.951 -361.963 -2432.81 703.493 -317.864 -2433.81
  poly 109: 679.951 -361.963 -2432.81 703.493 -317.864 -2433.81
  poly 110: 679.951 -361.963 -2432.81 703.493 -317.864 -2433.81
  poly 111: 679.951 -361.963 -2432.81 703.493 -317.864 -2433.81
  poly 112: 614.898 -327.314 -2436.29 638.44 -283.214 -2437.3
  poly 113: 614.898 -327.314 -2436.29 638.44 -283.214 -2437.3
  poly 114: 614.898 -327.314 -2436.29 638.44 -283.214 -2437.3
  poly 115: 614.898 -327.314 -2436.29 638.44 -283.214 -2437.3
  poly 116: 603.854 -321.432 -2436.88 627.397 -277.332 -2437.89
  poly 117: 603.854 -321.432 -2436.88 627.397 -277.332 -2437.89
  poly 118: 603.854 -321.432 -2436.88 627.397 -277.332 -2437.89
  poly 119: 603.854 -321.432 -2436.88 627.397 -277.332 -2437.89
  poly 120: 588.923 -311.394 -2346.22 612.465 -267.295 -2347.22
  poly 121: 588.923 -311.394 -2346.22 612.465 -267.295 -2347.22
  poly 122: 588.923 -311.394 -2346.22 612.465 -267.295 -2347.22
  poly 123: 588.923 -311.394 -2346.22 612.465 -267.295 -2347.22
  poly 124: 573.991 -301.356 -2255.55 597.533 -257.257 -2256.56
  poly 125: 573.991 -301.356 -2255.55 597.533 -257.257 -2256.56
  poly 126: 573.991 -301.356 -2255.55 597.533 -257.257 -2256.56
  poly 127: 573.991 -301.356 -2255.55 597.533 -257.257 -2256.56
  poly 128: 559.059 -291.318 -2164.89 582.601 -247.219 -2165.89
  poly 129: 559.059 -291.318 -2164.89 582.601 -247.219 -2165.89
  poly 130: 559.059 -291.318 -2164.89 582.601 -247.219 -2165.89
  poly 131: 559.059 -291.318 -2164.89 582.601 -247.219 -2165.89
  poly 132: 544.127 -281.281 -2074.22 567.67 -237.181 -2075.23
  poly 133: 544.127 -281.281 -2074.22 567.67 -237.181 -2075.23
  poly 134: 544.127 -281.281 -2074.22 567.67 -237.181 -2075.23
  poly 135: 544.127 -281.281 -2074.22 567.67 -237.181 -2075.23
  poly 136: 529.195 -271.243 -1983.56 552.738 -227.143 -1984.57
  poly 137: 529.195 -271.243 -1983.56 552.738 -227.143 -1984.57
  poly 138: 529.195 -271.243 -1983.56 552.738 -227.143 -1984.57
  poly 139: 529.195 -271.243 -1983.56 552.738 -227.143 -1984.57
  poly 140: 514.263 -261.205 -1892.9 537.806 -217.106 -1893.9
  poly 141: 514.263 -261.205 -1892.9 537.806 -217.106 -1893.9
  poly 142: 514.263 -261.205 -1892.9 537.806 -217.106 -1893.9
  poly 143: 514.263 -261.205 -1892.9 537.806 -217.106 -1893.9
  poly 144: 499.332 -251.167 -1802.23 522.874 -207.068 -1803.24
  poly 145: 499.332 -251.167 -1802.23 522.874 -207.068 -1803.24
  poly 146: 435.668 -170.478 -2240 425.585 -157.431 -1903.74 469.89 -181.032 -1901.49 479.974 -194.079 -2237.76 435.668 -170.478 -2240
  poly 147: 454.804 -124.032 -2241.23 444.721 -110.985 -1904.96 489.026 -134.586 -1902.72 499.11 -147.633 -2238.99 454.804 -124.032 -2241.23
  poly 148: 415.501 -144.384 -1567.47 405.418 -131.338 -1231.2 449.723 -154.939 -1228.96 459.807 -167.985 -1565.22 415.501 -144.384 -1567.47
  poly 149: 434.638 -97.938 -1568.7 424.554 -84.8911 -1232.43 468.859 -108.492 -1230.18 478.943 -121.539 -1566.45 434.638 -97.938 -1568.7
  poly 150: 740.365 -332.474 -2210.77 729.716 -318.886 -1864.01 774.014 -342.483 -1861.73 784.663 -356.071 -2208.49 740.365 -332.474 -2210.77
  poly 151: 759.554 -286.056 -2212 748.905 -272.468 -1865.24 793.204 -296.065 -1862.96 803.853 -309.653 -2209.72 759.554 -286.056 -2212
  poly 152: 719.067 -305.299 -1517.26 708.418 -291.711 -1170.5 752.716 -315.308 -1168.21 763.365 -328.896 -1514.97 719.067 -305.299 -1517.26
  poly 153: 738.256 -258.88 -1518.49 727.607 -245.292 -1171.73 771.906 -268.889 -1169.44 782.555 -282.477 -1516.2 738.256 -258.88 -1518.49
  poly 154: -8966.9 4829.47 -3101.8 674.352 -265.81 -832.007 665.825 -260.142 -783.065 596.215 -223.354 -799.453 604.742 -229.022 -848.395 535.133 -192.234 -864.783 526.606 -186.567 -815.841 456.996 -149.779 -832.229 465.523 -155.446 -881.171 351.356 -95.1107 -908.049 402.093 -160.758 -2600.01 840.333 -394.18 -2576.54 -8966.9 4829.47 -3101.8
  poly 155: -8921.49 4862 -3098.17 697.98 -221.768 -833.507 689.453 -216.1 -784.565 619.844 -179.312 -800.953 628.371 -184.98 -849.895 558.761 -148.192 -866.283 550.234 -142.525 -817.341 480.625 -105.737 -833.728 489.152 -111.405 -882.67 370.532 -48.7153 -910.597 421.125 -114.178 -2597.8 859.418 -347.627 -2574.32 -8921.49 4862 -3098.17
element 12
  poly 0: -8622.27 4511.84 -2845.52 -108.768 -278.702 870.935 -125.85 -272.834 917.629 -60.2626 -309.74 946.26 -43.1807 -315.608 899.566 22.4067 -352.514 928.197 5.3248 -346.646 974.892 70.9122 -383.552 1003.52 87.9941 -389.42 956.829 199.73 -452.294 1005.61 -653.238 -106.001 2566.6 -1023.73 108.686 2314.99 -8622.27 4511.84 -2845.52
  poly 1: -8593.34 4553 -2842.87 -84.4334 -234.953 871.583 -101.515 -229.085 918.277 -35.9278 -265.991 946.909 -18.846 -271.859 900.214 46.7414 -308.765 928.846 29.6596 -302.897 975.54 95.247 -339.803 1004.17 112.329 -345.671 957.477 220.031 -406.275 1004.49 -632.105 -60.3198 2563.96 -1002.63 154.389 2312.32 -8593.34 4553 -2842.87
element 13
  poly 0: -342.989 243.199 1643.93 -367.944 199.986 1647.07
  poly 1: -342.989 243.199 1643.93 -367.944 199.986 1647.07
  poly 2: -342.989 243.199 1643.93 -367.944 199.986 1647.07
  poly 3: -342.989 243.199 1643.93 -367.944 199.986 1647.07
  poly 4: -369.063 264.341 1727.7 -394.018 221.128 1730.83
  poly 5: -369.063 264.341 1727.7 -394.018 221.128 1730.83
  poly 6: -369.063 264.341 1727.7 -394.018 221.128 1730.83
  poly 7: -369.063 264.341 1727.7 -394.018 221.128 1730.83
  poly 8: -395.137 285.483 1811.46 -420.092 242.27 1814.6
  poly 9: -395.137 285.483 1811.46 -420.092 242.27 1814.6
  poly 10: -395.137 285.483 1811.46 -420.092 242.27 1814.6
  poly 11: -395.137 285.483 1811.46 -420.092 242.27 1814.6
  poly 12: -421.211 306.624 1895.23 -446.166 263.411 1898.37
  poly 13: -421.211 306.624 1895.23 -446.166 263.411 1898.37
  poly 14: -421.211 306.624 1895.23 -446.166 263.411 1898.37
  poly 15: -421.211 306.624 1895.23 -446.166 263.411 1898.37
  poly 16: -447.285 327.766 1978.99 -472.24 284.553 1982.13
  poly 17: -447.285 327.766 1978.99 -472.24 284.553 1982.13
  poly 18: -447.285 327.766 1978.99 -472.24 284.553 1982.13
  poly 19: -447.285 327.766 1978.99 -472.24 284.553 1982.13
  poly 20: -473.359 348.908 2062.76 -498.314 305.695 2065.9
  poly 21: -473.359 348.908 2062.76 -498.314 305.695 2065.9
  poly 22: -473.359 348.908 2062.76 -498.314 305.695 2065.9
  poly 23: -473.359 348.908 2062.76 -498.314 305.695 2065.9
  poly 24: -499.433 370.05 2146.53 -524.388 326.836 2149.66
  poly 25: -499.433 370.05 2146.53 -524.388 326.836 2149.66
  poly 26: -499.433 370.05 2146.53 -524.388 326.836 2149.66
  poly 27: -499.433 370.05 2146.53 -524.388 326.836 2149.66
  poly 28: -525.507 391.191 2230.29 -550.462 347.978 2233.43
  poly 29: -525.507 391.191 2230.29 -550.462 347.978 2233.43
  poly 30: -525.507 391.191 2230.29 -550.462 347.978 2233.43
  poly 31: -525.507 391.191 2230.29 -550.462 347.978 2233.43
  poly 32: -551.581 412.333 2314.06 -576.536 369.12 2317.2
  poly 33: -551.581 412.333 2314.06 -576.536 369.12 2317.2
  poly 34: -551.581 412.333 2314.06 -576.536 369.12 2317.2
  poly 35: -551.581 412.333 2314.06 -576.536 369.12 2317.2
  poly 36: -579.171 426.961 2296.09 -604.127 383.748 2299.23
  poly 37: -579.171 426.961 2296.09 -604.127 383.748 2299.23
  poly 38: -579.171 426.961 2296.09 -604.127 383.748 2299.23
  poly 39: -579.171 426.961 2296.09 -604.127 383.748 2299.23
  poly 40: -535.975 404.058 2324.21 -560.931 360.845 2327.35
  poly 41: -535.975 404.058 2324.21 -560.931 360.845 2327.35
  poly 42: -535.975 404.058 2324.21 -560.931 360.845 2327.35
  poly 43: -535.975 404.058 2324.21 -560.931 360.845 2327.35
  poly 44: -492.78 381.156 2352.33 -517.735 337.942 2355.47
  poly 45: -492.78 381.156 2352.33 -517.735 337.942 2355.47
  poly 46: -492.78 381.156 2352.33 -517.735 337.942 2355.47
  poly 47: -492.78 381.156 2352.33 -517.735 337.942 2355.47
  poly 48: -454.146 353.114 2273.42 -479.102 309.9 2276.56
  poly 49: -454.146 353.114 2273.42 -479.102 309.9 2276.56
  poly 50: -454.146 353.114 2273.42 -479.102 309.9 2276.56
  poly 51: -454.146 353.114 2273.42 -479.102 309.9 2276.56
  poly 52: -415.513 325.071 2194.51 -440.468 281.858 2197.65
  poly 53: -415.513 325.071 2194.51 -440.468 281.858 2197.65
  poly 54: -415.513 325.071 2194.51 -440.468 281.858 2197.65
  poly 55: -415.513 325.071 2194.51 -440.468 281.858 2197.65
  poly 56: -376.879 297.029 2115.6 -401.835 253.816 2118.74
  poly 57: -376.879 297.029 2115.6 -401.835 253.816 2118.74
  poly 58: -376.879 297.029 2115.6 -401.835 253.816 2118.74
  poly 59: -376.879 297.029 2115.6 -401.835 253.816 2118.74
  poly 60: -338.246 268.987 2036.69 -363.201 225.774 2039.83
  poly 61: -338.246 268.987 2036.69 -363.201 225.774 2039.83
  poly 62: -338.246 268.987 2036.69 -363.201 225.774 2039.83
  poly 63: -338.246 268.987 2036.69 -363.201 225.774 2039.83
  poly 64: -299.612 240.945 1957.78 -324.568 197.732 1960.92
  poly 65: -299.612 240.945 1957.78 -324.568 197.732 1960.92
  poly 66: -299.612 240.945 1957.78 -324.568 197.732 1960.92
  poly 67: -299.612 240.945 1957.78 -324.568 197.732 1960.92
  poly 68: -260.979 212.903 1878.87 -285.934 169.69 1882.01
  poly 69: -260.979 212.903 1878.87 -285.934 169.69 1882.01
  poly 70: -260.979 212.903 1878.87 -285.934 169.69 1882.01
  poly 71: -260.979 212.903 1878.87 -285.934 169.69 1882.01
  poly 72: -222.345 184.861 1799.96 -247.3 141.648 1803.1
  poly 73: -222.345 184.861 1799.96 -247.3 141.648 1803.1
  poly 74: -222.345 184.861 1799.96 -247.3 141.648 1803.1
  poly 75: -222.345 184.861 1799.96 -247.3 141.648 1803.1
  poly 76: -183.711 156.819 1721.06 -208.667 113.605 1724.19
  poly 77: -183.711 156.819 1721.06 -208.667 113.605 1724.19
  poly 78: -183.711 156.819 1721.06 -208.667 113.605 1724.19
  poly 79: -183.711 156.819 1721.06 -208.667 113.605 1724.19
  poly 80: -156.809 135 1634.56 -181.764 91.7871 1637.7
  poly 81: -156.809 135 1634.56 -181.764 91.7871 1637.7
  poly 82: -156.809 135 1634.56 -181.764 91.7871 1637.7
  poly 83: -156.809 135 1634.56 -181.764 91.7871 1637.7
  poly 84: -129.906 113.182 1548.06 -154.862 69.9687 1551.2
  poly 85: -129.906 113.182 1548.06 -154.862 69.9687 1551.2
  poly 86: -129.906 113.182 1548.06 -154.862 69.9687 1551.2
  poly 87: -129.906 113.182 1548.06 -154.862 69.9687 1551.2
  poly 88: -103.004 91.3634 1461.57 -127.959 48.1503 1464.71
  poly 89: -103.004 91.3634 1461.57 -127.959 48.1503 1464.71
  poly 90: -103.004 91.3634 1461.57 -127.959 48.1503 1464.71
  poly 91: -103.004 91.3634 1461.57 -127.959 48.1503 1464.71
  poly 92: -76.1014 69.545 1375.07 -101.057 26.3318 1378.21
  poly 93: -76.1014 69.545 1375.07 -101.057 26.3318 1378.21
  poly 94: -76.1014 69.545 1375.07 -101.057 26.3318 1378.21
  poly 95: -76.1014 69.545 1375.07 -101.057 26.3318 1378.21
  poly 96: -49.1989 47.7266 1288.58 -74.1544 4.51343 1291.72
  poly 97: -49.1989 47.7266 1288.58 -74.1544 4.51343 1291.72
  poly 98: -49.1989 47.7266 1288.58 -74.1544 4.51343 1291.72
  poly 99: -49.1989 47.7266 1288.58 -74.1544 4.51343 1291.72
  poly 100: -22.2964 25.9082 1202.08 -47.2519 -17.305 1205.22
  poly 101: -22.2964 25.9082 1202.08 -47.2519 -17.305 1205.22
  poly 102: -22.2964 25.9082 1202.08 -47.2519 -17.305 1205.22
  poly 103: -22.2964 25.9082 1202.08 -47.2519 -17.305 1205.22
  poly 104: 4.60606 4.08977 1115.59 -20.3495 -39.1234 1118.72
  poly 105: 4.60606 4.08977 1115.59 -20.3495 -39.1234 1118.72
  poly 106: 4.60606 4.08977 1115.59 -20.3495 -39.1234 1118.72
  poly 107: 4.60606 4.08977 1115.59 -20.3495 -39.1234 1118.72
  poly 108: 31.5086 -17.7286 1029.09 6.55304 -60.9418 1032.23
  poly 109: 31.5086 -17.7286 1029.09 6.55304 -60.9418 1032.23
  poly 110: 31.5086 -17.7286 1029.09 6.55304 -60.9418 1032.23
  poly 111: 31.5086 -17.7286 1029.09 6.55304 -60.9418 1032.23
  poly 112: -16.3703 8.41329 1008.33 -41.3258 -34.7999 1011.47
  poly 113: -16.3703 8.41329 1008.33 -41.3258 -34.7999 1011.47
  poly 114: -16.3703 8.41329 1008.33 -41.3258 -34.7999 1011.47
  poly 115: -16.3703 8.41329 1008.33 -41.3258 -34.7999 1011.47
  poly 116: -64.2491 34.5552 987.565 -89.2046 -8.65795 990.704
  poly 117: -64.2491 34.5552 987.565 -89.2046 -8.65795 990.704
  poly 118: -64.2491 34.5552 987.565 -89.2046 -8.65795 990.704
  poly 119: -64.2491 34.5552 987.565 -89.2046 -8.65795 990.704
  poly 120: -28.6752 15.1316 1002.99 -53.6307 -28.0815 1006.13
  poly 121: -28.6752 15.1316 1002.99 -53.6307 -28.0815 1006.13
  poly 122: -28.6752 15.1316 1002.99 -53.6307 -28.0815 1006.13
  poly 123: -28.6752 15.1316 1002.99 -53.6307 -28.0815 1006.13
  poly 124: -67.9644 43.6401 1083.11 -92.9199 0.426926 1086.25
  poly 125: -67.9644 43.6401 1083.11 -92.9199 0.426926 1086.25
  poly 126: -67.9644 43.6401 1083.11 -92.9199 0.426926 1086.25
  poly 127: -67.9644 43.6401 1083.11 -92.9199 0.426926 1086.25
  poly 128: -107.254 72.1486 1163.22 -132.209 28.9354 1166.36
  poly 129: -107.254 72.1486 1163.22 -132.209 28.9354 1166.36
  poly 130: -107.254 72.1486 1163.22 -132.209 28.9354 1166.36
  poly 131: -107.254 72.1486 1163.22 -132.209 28.9354 1166.36
  poly 132: -146.543 100.657 1243.34 -171.498 57.4438 1246.48
  poly 133: -146.543 100.657 1243.34 -171.498 57.4438 1246.48
  poly 134: -146.543 100.657 1243.34 -171.498 57.4438 1246.48
  poly 135: -146.543 100.657 1243.34 -171.498 57.4438 1246.48
  poly 136: -185.832 129.165 1323.46 -210.788 85.9523 1326.6
  poly 137: -185.832 129.165 1323.46 -210.788 85.9523 1326.6
  poly 138: -185.832 129.165 1323.46 -210.788 85.9523 1326.6
  poly 139: -185.832 129.165 1323.46 -210.788 85.9523 1326.6
  poly 140: -225.121 157.674 1403.58 -250.077 114.461 1406.72
  poly 141: -225.121 157.674 1403.58 -250.077 114.461 1406.72
  poly 142: -225.121 157.674 1403.58 -250.077 114.461 1406.72
  poly 143: -225.121 157.674 1403.58 -250.077 114.461 1406.72
  poly 144: -264.41 186.182 1483.69 -289.366 142.969 1486.83
  poly 145: -264.41 186.182 1483.69 -289.366 142.969 1486.83
  poly 146: -264.41 186.182 1483.69 -289.366 142.969 1486.83
  poly 147: -264.41 186.182 1483.69 -289.366 142.969 1486.83
  poly 148: -303.7 214.691 1563.81 -328.655 171.478 1566.95
  poly 149: -303.7 214.691 1563.81 -328.655 171.478 1566.95
  poly 150: -661.128 397.775 2039.14 -518.477 294.267 1748.24 -480.461 274.186 1774.03 -623.113 377.695 2064.92 -661.128 397.775 2039.14
  poly 151: -683.303 353.093 2044.16 -540.652 249.585 1753.27 -502.636 229.504 1779.06 -645.287 333.013 2069.95 -683.303 353.093 2044.16
  poly 152: -375.826 190.759 1457.35 -233.175 87.2503 1166.46 -195.159 67.1696 1192.25 -337.81 170.678 1483.14 -375.826 190.759 1457.35
  poly 153: -398.001 146.077 1462.38 -255.349 42.5682 1171.49 -217.334 22.4874 1197.28 -359.985 125.996 1488.17 -398.001 146.077 1462.38
  poly 154: -389.233 252.123 2195.62 -242.883 145.895 1896.7 -204.855 125.805 1922.46 -351.206 232.034 2221.38 -389.233 252.123 2195.62
  poly 155: -411.445 207.461 2200.62 -265.095 101.233 1901.7 -227.068 81.1429 1927.45 -373.418 187.371 2226.38 -411.445 207.461 2200.62
  poly 156: -96.532 39.6668 1597.78 49.8186 -66.5614 1298.85 87.8458 -86.6512 1324.61 -58.5048 19.5771 1623.53 -96.532 39.6668 1597.78
  poly 157: -118.744 -4.99555 1602.77 27.6062 -111.224 1303.85 65.6334 -131.314 1329.61 -80.7172 -25.0853 1628.53 -118.744 -4.99555 1602.77
  poly 158: -9154.05 4929.29 -3098.19 -465.687 322.641 2558.64 297.282 -231.159 1000.26 188.396 -171.707 953.042 174.39 -160.222 999.803 108.397 -124.19 971.186 122.404 -135.675 924.425 56.4112 -99.6431 895.808 42.4046 -88.158 942.569 -23.5878 -52.126 913.952 -9.58126 -63.6111 867.191 -114.717 -6.20655 821.6 -9154.05 4929.29 -3098.19
  poly 159: -9184.43 4888.74 -3101.45 -486.811 277.189 2561.41 276.971 -277.202 1001.37 164.511 -215.798 952.605 150.505 -204.313 999.366 84.5125 -168.281 970.75 98.519 -179.766 923.989 32.5266 -143.734 895.372 18.52 -132.249 942.133 -47.4724 -96.2173 913.516 -33.4659 -107.702 866.755 -156.35 -36.77 866.303 -9184.43 4888.74 -3101.45
element 14
  poly 0: 858.447 31.4154 -735.762 159.559 288.921 1237.83 176.425 336.34 1237.61 60.2753 379.135 1565.61 43.4087 331.716 1565.82 -72.7412 374.512 1893.82 -55.8747 421.931 1893.6 -172.025 464.726 2221.6 -188.891 417.307 2221.81 -306.421 460.611 2553.71 -322.741 416.227 2555.24 -339.007 423.845 2602.61 -356.362 376.647 2604.24 -340.097 369.029 2556.87 -358.623 318.645 2558.61 -256.219 235.593 2229.36 -275.049 189.042 2235.25 -173.729 106.869 1909.49 -154.899 153.421 1903.61 -53.5793 71.248 1577.85 -72.4089 24.6968 1583.73 28.9109 -57.4757 1257.97 47.7406 -10.9245 1252.09 149.145 -93.1655 926.057 269.324 -125.049 597.643 252.945 -172.862 596.291 373.027 -204.719 268.143 389.406 -156.906 269.495 509.487 -188.764 -58.6523 493.108 -236.577 -60.0041 613.19 -268.434 -388.152 629.569 -220.621 -386.8 750.937 -252.82 -718.465 769.917 -202.64 -721.518 785.721 -211.497 -768.829 803.501 -164.491 -771.69 787.697 -155.635 -724.379 804.416 -111.433 -727.069 858.447 31.4154 -735.762
  poly 1: 813.673 53.3994 -746.095 117.386 309.946 1220.15 134.253 357.366 1219.93 18.1026 400.161 1547.93 1.23607 352.742 1548.14 -114.914 395.537 1876.14 -98.0474 442.956 1875.93 -214.197 485.752 2203.92 -231.064 438.333 2204.14 -345.835 480.62 2528.24 -364.225 430.608 2529.96 -380.49 438.225 2577.33 -397.846 391.027 2578.96 -381.58 383.409 2531.6 -397.764 339.397 2533.12 -297.527 258.103 2210.84 -316.356 211.552 2216.72 -215.037 129.379 1890.97 -196.207 175.931 1885.08 -94.887 93.7581 1559.32 -113.717 47.2068 1565.21 -12.3968 -34.9657 1239.45 6.4329 11.5856 1233.56 107.669 -70.5191 908.072 227.653 -102.351 580.19 211.274 -150.164 578.839 331.356 -182.021 250.691 347.735 -134.208 252.043 467.816 -166.065 -76.1048 451.437 -213.879 -77.4566 571.519 -245.736 -405.604 587.898 -197.923 -404.252 706.692 -229.439 -728.882 723.271 -185.607 -731.55 739.075 -194.464 -778.861 756.854 -147.458 -781.721 741.05 -138.601 -734.41 759.891 -88.7915 -737.441 813.673 53.3994 -746.095
element 15
  poly 0: -297.527 258.103 2210.84 -196.207 175.931 1885.08 -154.899 153.421 1903.61 -256.219 235.593 2229.36 -297.527 258.103 2210.84
  poly 1: -316.356 211.552 2216.72 -215.037 129.379 1890.97 -173.729 106.869 1909.49 -275.049 189.042 2235.25 -316.356 211.552 2216.72
  poly 2: -94.887 93.7581 1559.32 6.4329 11.5856 1233.56 47.7406 -10.9245 1252.09 -53.5793 71.248 1577.85 -94.887 93.7581 1559.32
  poly 3: -113.717 47.2068 1565.21 -12.3968 -34.9657 1239.45 28.9109 -57.4757 1257.97 -72.4089 24.6968 1583.73 -113.717 47.2068 1565.21
  poly 4: -568.122 402.465 2046.9 -469.927 322.845 1731.44 -428.604 300.328 1749.98 -526.798 379.948 2065.45 -568.122 402.465 2046.9
  poly 5: -586.824 355.844 2052.85 -488.629 276.224 1737.38 -447.306 253.707 1755.93 -545.5 333.327 2071.39 -586.824 355.844 2052.85
  poly 6: -371.733 243.225 1415.98 -273.538 163.605 1100.51 -232.215 141.088 1119.06 -330.409 220.708 1434.52 -371.733 243.225 1415.98
  poly 7: -390.435 196.605 1421.92 -292.241 116.985 1106.46 -250.917 94.4678 1125 -349.112 174.088 1440.47 -390.435 196.605 1421.92
  poly 8: -392.9 156.773 1650.21 -367.944 199.986 1647.07
  poly 9: -392.9 156.773 1650.21 -367.944 199.986 1647.07
  poly 10: -392.9 156.773 1650.21 -367.944 199.986 1647.07
  poly 11: -392.9 156.773 1650.21 -367.944 199.986 1647.07
  poly 12: -418.974 177.915 1733.97 -394.018 221.128 1730.83
  poly 13: -418.974 177.915 1733.97 -394.018 221.128 1730.83
  poly 14: -418.974 177.915 1733.97 -394.018 221.128 1730.83
  poly 15: -418.974 177.915 1733.97 -394.018 221.128 1730.83
  poly 16: -445.048 199.056 1817.74 -420.092 242.27 1814.6
  poly 17: -445.048 199.056 1817.74 -420.092 242.27 1814.6
  poly 18: -445.048 199.056 1817.74 -420.092 242.27 1814.6
  poly 19: -445.048 199.056 1817.74 -420.092 242.27 1814.6
  poly 20: -471.122 220.198 1901.51 -446.166 263.411 1898.37
  poly 21: -471.122 220.198 1901.51 -446.166 263.411 1898.37
  poly 22: -471.122 220.198 1901.51 -446.166 263.411 1898.37
  poly 23: -471.122 220.198 1901.51 -446.166 263.411 1898.37
  poly 24: -497.196 241.34 1985.27 -472.24 284.553 1982.13
  poly 25: -497.196 241.34 1985.27 -472.24 284.553 1982.13
  poly 26: -497.196 241.34 1985.27 -472.24 284.553 1982.13
  poly 27: -497.196 241.34 1985.27 -472.24 284.553 1982.13
  poly 28: -523.27 262.481 2069.04 -498.314 305.695 2065.9
  poly 29: -523.27 262.481 2069.04 -498.314 305.695 2065.9
  poly 30: -523.27 262.481 2069.04 -498.314 305.695 2065.9
  poly 31: -523.27 262.481 2069.04 -498.314 305.695 2065.9
  poly 32: -549.344 283.623 2152.8 -524.388 326.836 2149.66
  poly 33: -549.344 283.623 2152.8 -524.388 326.836 2149.66
  poly 34: -549.344 283.623 2152.8 -524.388 326.836 2149.66
  poly 35: -549.344 283.623 2152.8 -524.388 326.836 2149.66
  poly 36: -575.418 304.765 2236.57 -550.462 347.978 2233.43
  poly 37: -575.418 304.765 2236.57 -550.462 347.978 2233.43
  poly 38: -575.418 304.765 2236.57 -550.462 347.978 2233.43
  poly 39: -575.418 304.765 2236.57 -550.462 347.978 2233.43
  poly 40: -601.492 325.907 2320.34 -576.536 369.12 2317.2
  poly 41: -601.492 325.907 2320.34 -576.536 369.12 2317.2
  poly 42: -601.492 325.907 2320.34 -576.536 369.12 2317.2
  poly 43: -601.492 325.907 2320.34 -576.536 369.12 2317.2
  poly 44: -629.082 340.535 2302.36 -604.127 383.748 2299.23
  poly 45: -629.082 340.535 2302.36 -604.127 383.748 2299.23
  poly 46: -629.082 340.535 2302.36 -604.127 383.748 2299.23
  poly 47: -629.082 340.535 2302.36 -604.127 383.748 2299.23
  poly 48: -585.887 317.632 2330.49 -560.931 360.845 2327.35
  poly 49: -585.887 317.632 2330.49 -560.931 360.845 2327.35
  poly 50: -585.887 317.632 2330.49 -560.931 360.845 2327.35
  poly 51: -585.887 317.632 2330.49 -560.931 360.845 2327.35
  poly 52: -542.691 294.729 2358.61 -517.735 337.942 2355.47
  poly 53: -542.691 294.729 2358.61 -517.735 337.942 2355.47
  poly 54: -542.691 294.729 2358.61 -517.735 337.942 2355.47
  poly 55: -542.691 294.729 2358.61 -517.735 337.942 2355.47
  poly 56: -504.057 266.687 2279.7 -479.102 309.9 2276.56
  poly 57: -504.057 266.687 2279.7 -479.102 309.9 2276.56
  poly 58: -504.057 266.687 2279.7 -479.102 309.9 2276.56
  poly 59: -504.057 266.687 2279.7 -479.102 309.9 2276.56
  poly 60: -465.424 238.645 2200.79 -440.468 281.858 2197.65
  poly 61: -465.424 238.645 2200.79 -440.468 281.858 2197.65
  poly 62: -465.424 238.645 2200.79 -440.468 281.858 2197.65
  poly 63: -465.424 238.645 2200.79 -440.468 281.858 2197.65
  poly 64: -426.79 210.603 2121.88 -401.835 253.816 2118.74
  poly 65: -426.79 210.603 2121.88 -401.835 253.816 2118.74
  poly 66: -426.79 210.603 2121.88 -401.835 253.816 2118.74
  poly 67: -426.79 210.603 2121.88 -401.835 253.816 2118.74
  poly 68: -388.157 182.561 2042.97 -363.201 225.774 2039.83
  poly 69: -388.157 182.561 2042.97 -363.201 225.774 2039.83
  poly 70: -388.157 182.561 2042.97 -363.201 225.774 2039.83
  poly 71: -388.157 182.561 2042.97 -363.201 225.774 2039.83
  poly 72: -349.523 154.519 1964.06 -324.568 197.732 1960.92
  poly 73: -349.523 154.519 1964.06 -324.568 197.732 1960.92
  poly 74: -349.523 154.519 1964.06 -324.568 197.732 1960.92
  poly 75: -349.523 154.519 1964.06 -324.568 197.732 1960.92
  poly 76: -310.89 126.477 1885.15 -285.934 169.69 1882.01
  poly 77: -310.89 126.477 1885.15 -285.934 169.69 1882.01
  poly 78: -310.89 126.477 1885.15 -285.934 169.69 1882.01
  poly 79: -310.89 126.477 1885.15 -285.934 169.69 1882.01
  poly 80: -272.256 98.4344 1806.24 -247.3 141.648 1803.1
  poly 81: -272.256 98.4344 1806.24 -247.3 141.648 1803.1
  poly 82: -272.256 98.4344 1806.24 -247.3 141.648 1803.1
  poly 83: -272.256 98.4344 1806.24 -247.3 141.648 1803.1
  poly 84: -233.622 70.3923 1727.33 -208.667 113.605 1724.19
  poly 85: -233.622 70.3923 1727.33 -208.667 113.605 1724.19
  poly 86: -233.622 70.3923 1727.33 -208.667 113.605 1724.19
  poly 87: -233.622 70.3923 1727.33 -208.667 113.605 1724.19
  poly 88: -206.72 48.5739 1640.84 -181.764 91.7871 1637.7
  poly 89: -206.72 48.5739 1640.84 -181.764 91.7871 1637.7
  poly 90: -206.72 48.5739 1640.84 -181.764 91.7871 1637.7
  poly 91: -206.72 48.5739 1640.84 -181.764 91.7871 1637.7
  poly 92: -179.817 26.7555 1554.34 -154.862 69.9687 1551.2
  poly 93: -179.817 26.7555 1554.34 -154.862 69.9687 1551.2
  poly 94: -179.817 26.7555 1554.34 -154.862 69.9687 1551.2
  poly 95: -179.817 26.7555 1554.34 -154.862 69.9687 1551.2
  poly 96: -152.915 4.93707 1467.85 -127.959 48.1503 1464.71
  poly 97: -152.915 4.93707 1467.85 -127.959 48.1503 1464.71
  poly 98: -152.915 4.93707 1467.85 -127.959 48.1503 1464.71
  poly 99: -152.915 4.93707 1467.85 -127.959 48.1503 1464.71
  poly 100: -126.012 -16.8813 1381.35 -101.057 26.3318 1378.21
  poly 101: -126.012 -16.8813 1381.35 -101.057 26.3318 1378.21
  poly 102: -126.012 -16.8813 1381.35 -101.057 26.3318 1378.21
  poly 103: -126.012 -16.8813 1381.35 -101.057 26.3318 1378.21
  poly 104: -99.11 -38.6998 1294.85 -74.1544 4.51343 1291.72
  poly 105: -99.11 -38.6998 1294.85 -74.1544 4.51343 1291.72
  poly 106: -99.11 -38.6998 1294.85 -74.1544 4.51343 1291.72
  poly 107: -99.11 -38.6998 1294.85 -74.1544 4.51343 1291.72
  poly 108: -72.2075 -60.5182 1208.36 -47.2519 -17.305 1205.22
  poly 109: -72.2075 -60.5182 1208.36 -47.2519 -17.305 1205.22
  poly 110: -72.2075 -60.5182 1208.36 -47.2519 -17.305 1205.22
  poly 111: -72.2075 -60.5182 1208.36 -47.2519 -17.305 1205.22
  poly 112: -45.305 -82.3366 1121.86 -20.3495 -39.1234 1118.72
  poly 113: -45.305 -82.3366 1121.86 -20.3495 -39.1234 1118.72
  poly 114: -45.305 -82.3366 1121.86 -20.3495 -39.1234 1118.72
  poly 115: -45.305 -82.3366 1121.86 -20.3495 -39.1234 1118.72
  poly 116: -18.4025 -104.155 1035.37 6.55304 -60.9418 1032.23
  poly 117: -18.4025 -104.155 1035.37 6.55304 -60.9418 1032.23
  poly 118: -18.4025 -104.155 1035.37 6.55304 -60.9418 1032.23
  poly 119: -18.4025 -104.155 1035.37 6.55304 -60.9418 1032.23
  poly 120: -66.2813 -78.0131 1014.6 -41.3258 -34.7999 1011.47
  poly 121: -66.2813 -78.0131 1014.6 -41.3258 -34.7999 1011.47
  poly 122: -66.2813 -78.0131 1014.6 -41.3258 -34.7999 1011.47
  poly 123: -66.2813 -78.0131 1014.6 -41.3258 -34.7999 1011.47
  poly 124: -114.16 -51.8711 993.843 -89.2046 -8.65795 990.704
  poly 125: -114.16 -51.8711 993.843 -89.2046 -8.65795 990.704
  poly 126: -114.16 -51.8711 993.843 -89.2046 -8.65795 990.704
  poly 127: -114.16 -51.8711 993.843 -89.2046 -8.65795 990.704
  poly 128: -78.5862 -71.2947 1009.27 -53.6307 -28.0815 1006.13
  poly 129: -78.5862 -71.2947 1009.27 -53.6307 -28.0815 1006.13
  poly 130: -78.5862 -71.2947 1009.27 -53.6307 -28.0815 1006.13
  poly 131: -78.5862 -71.2947 1009.27 -53.6307 -28.0815 1006.13
  poly 132: -117.875 -42.7863 1089.38 -92.9199 0.426926 1086.25
  poly 133: -117.875 -42.7863 1089.38 -92.9199 0.426926 1086.25
  poly 134: -117.875 -42.7863 1089.38 -92.9199 0.426926 1086.25
  poly 135: -117.875 -42.7863 1089.38 -92.9199 0.426926 1086.25
  poly 136: -157.165 -14.2778 1169.5 -132.209 28.9354 1166.36
  poly 137: -157.165 -14.2778 1169.5 -132.209 28.9354 1166.36
  poly 138: -157.165 -14.2778 1169.5 -132.209 28.9354 1166.36
  poly 139: -157.165 -14.2778 1169.5 -132.209 28.9354 1166.36
  poly 140: -196.454 14.2307 1249.62 -171.498 57.4438 1246.48
  poly 141: -196.454 14.2307 1249.62 -171.498 57.4438 1246.48
  poly 142: -196.454 14.2307 1249.62 -171.498 57.4438 1246.48
  poly 143: -196.454 14.2307 1249.62 -171.498 57.4438 1246.48
  poly 144: -235.743 42.7391 1329.74 -210.788 85.9523 1326.6
  poly 145: -235.743 42.7391 1329.74 -210.788 85.9523 1326.6
  poly 146: -235.743 42.7391 1329.74 -210.788 85.9523 1326.6
  poly 147: -235.743 42.7391 1329.74 -210.788 85.9523 1326.6
  poly 148: -275.032 71.2476 1409.85 -250.077 114.461 1406.72
  poly 149: -275.032 71.2476 1409.85 -250.077 114.461 1406.72
  poly 150: -275.032 71.2476 1409.85 -250.077 114.461 1406.72
  poly 151: -275.032 71.2476 1409.85 -250.077 114.461 1406.72
  poly 152: -314.321 99.756 1489.97 -289.366 142.969 1486.83
  poly 153: -314.321 99.756 1489.97 -289.366 142.969 1486.83
  poly 154: -314.321 99.756 1489.97 -289.366 142.969 1486.83
  poly 155: -314.321 99.756 1489.97 -289.366 142.969 1486.83
  poly 156: -353.611 128.264 1570.09 -328.655 171.478 1566.95
  poly 157: -353.611 128.264 1570.09 -328.655 171.478 1566.95
  poly 158: -8864.41 4828.31 -2982.03 -413.982 347.995 2522.55 -434.391 362.94 2566.04 -496.046 395.629 2525.88 -475.637 380.684 2482.39 -537.293 413.373 2442.22 -557.701 428.318 2485.72 -619.356 461.006 2445.56 -598.948 446.062 2402.06 -704.39 501.966 2333.38 -216.926 106.713 767.335 -107.662 47.0541 814.71 -100.66 41.3124 791.33 -35.5694 5.77245 819.552 -49.5732 17.2558 866.311 15.5174 -18.2842 894.533 29.5212 -29.7675 847.774 94.6117 -65.3074 875.996 87.6098 -59.5658 899.375 190.622 -115.812 944.039 -8864.41 4828.31 -2982.03
  poly 159: -8878.62 4778.93 -2978.23 -436.659 303.113 2520.83 -457.067 318.058 2564.32 -518.722 350.747 2524.16 -498.314 335.802 2480.67 -559.969 368.491 2440.51 -580.377 383.435 2484 -642.032 416.124 2443.84 -621.624 401.179 2400.34 -721.778 454.28 2335.1 -234.504 59.1814 769.671 -131.557 2.97121 814.307 -124.555 -2.77046 790.927 -59.4643 -38.3104 819.149 -73.4681 -26.8271 865.908 -8.3776 -62.367 894.13 5.6262 -73.8503 847.371 70.7167 -109.39 875.593 63.7148 -103.649 898.972 172.914 -163.272 946.319 -8878.62 4778.93 -2978.23
element 16
  poly 0: -649.447 576.716 2403.07 -607.91 562.484 2428.34 -624.526 516.917 2429.99 -666.063 531.15 2404.72 -649.447 576.716 2403.07
  poly 1: -633.192 569.075 2355.71 -591.654 554.843 2380.98 -608.27 509.276 2382.62 -649.807 523.508 2357.35 -633.192 569.075 2355.71
  poly 2: -380.49 438.225 2577.33 -339.007 423.845 2602.61 -356.362 376.647 2604.24 -397.846 391.027 2578.96 -380.49 438.225 2577.33
  poly 3: -364.225 430.608 2529.96 -322.741 416.227 2555.24 -340.097 369.029 2556.87 -381.58 383.409 2531.6 -364.225 430.608 2529.96
  poly 4: -10082.6 5421.42 -3705.75 -390.061 500.735 2557.92 -368.117 545.647 2559.25 -430.265 577.198 2519.09 -452.21 532.286 2517.76 -514.358 563.838 2477.6 -492.414 608.749 2478.92 -554.562 640.3 2438.76 -576.506 595.389 2437.44 -671.736 643.734 2375.9 -736.475 466.196 2382.32 -642.032 416.124 2443.84 -619.356 461.006 2445.56 -557.701 428.318 2485.72 -580.377 383.435 2484 -518.722 350.747 2524.16 -496.046 395.629 2525.88 -434.391 362.94 2566.04 -457.067 318.058 2564.32 -351.681 262.183 2632.97 -10082.6 5421.42 -3705.75
  poly 5: -10369.7 5569.49 -3949.52 -366.876 491.303 2514.64 -344.932 536.214 2515.96 -407.08 567.765 2475.8 -429.025 522.854 2474.47 -491.173 554.405 2434.31 -469.229 599.316 2435.64 -531.377 630.867 2395.47 -553.321 585.956 2394.15 -654.949 637.55 2328.47 -721.778 454.28 2335.1 -621.624 401.179 2400.34 -598.948 446.062 2402.06 -537.293 413.373 2442.22 -559.969 368.491 2440.51 -498.314 335.802 2480.67 -475.637 380.684 2482.39 -413.982 347.995 2522.55 -436.659 303.113 2520.83 -319.483 297.893 2584.1 -10369.7 5569.49 -3949.52
element 17
  poly 0: 117.386 309.946 1220.15 1.23607 352.742 1548.14 43.4087 331.716 1565.82 159.559 288.921 1237.83 117.386 309.946 1220.15
  poly 1: 134.253 357.366 1219.93 18.1026 400.161 1547.93 60.2753 379.135 1565.61 176.425 336.34 1237.61 134.253 357.366 1219.93
  poly 2: -114.914 395.537 1876.14 -231.064 438.333 2204.14 -188.891 417.307 2221.81 -72.7412 374.512 1893.82 -114.914 395.537 1876.14
  poly 3: -98.0474 442.956 1875.93 -214.197 485.752 2203.92 -172.025 464.726 2221.6 -55.8747 421.931 1893.6 -98.0474 442.956 1875.93
  poly 4: -167.106 452.334 1087.2 -279.555 493.761 1404.86 -237.366 472.727 1422.54 -124.917 431.3 1104.88 -167.106 452.334 1087.2
  poly 5: -150.37 499.818 1086.93 -262.819 541.245 1404.59 -220.63 520.211 1422.27 -108.181 478.784 1104.61 -150.37 499.818 1086.93
  poly 6: -392.004 535.188 1722.53 -504.453 576.615 2040.19 -462.263 555.581 2057.87 -349.814 514.154 1740.2 -392.004 535.188 1722.53
  poly 7: -375.268 582.672 1722.26 -487.717 624.1 2039.92 -445.527 603.066 2057.6 -333.079 561.638 1739.94 -375.268 582.672 1722.26
  poly 8: -9138.74 4942.22 -3095.77 207.351 280.218 880.878 215.745 277.111 857.51 149.562 310.125 829.35 132.774 316.337 876.086 66.5912 349.35 847.926 83.3784 343.138 801.19 17.1952 376.152 773.03 8.80166 379.258 796.398 -96.7209 431.894 751.499 -671.736 643.734 2375.9 -576.506 595.389 2437.44 -553.321 585.956 2394.15 -491.173 554.405 2434.31 -514.358 563.838 2477.6 -452.21 532.286 2517.76 -429.025 522.854 2474.47 -366.876 491.303 2514.64 -390.061 500.735 2557.92 -267.008 440.602 2579.18 -9138.74 4942.22 -3095.77
  poly 9: -9124.68 4991.13 -3099.53 229.763 324.965 880.664 238.157 321.859 857.295 171.974 354.873 829.135 155.187 361.085 875.872 89.0034 394.098 847.712 105.791 387.886 800.975 39.6075 420.899 772.815 31.2139 424.005 796.184 -79.2585 479.111 749.179 -654.489 691.031 2374.18 -554.562 640.3 2438.76 -531.377 630.867 2395.47 -469.229 599.316 2435.64 -492.414 608.749 2478.92 -430.265 577.198 2519.09 -407.08 567.765 2475.8 -344.932 536.214 2515.96 -368.117 545.647 2559.25 -266.431 494.023 2624.96 -9124.68 4991.13 -3099.53
element 18
  poly 0: 176.789 -456.76 583.135 219.589 -481.213 593.045 272.915 -526.622 250.715 230.115 -502.169 240.804 176.789 -456.76 583.135
  poly 1: 197.381 -410.979 580.27 240.182 -435.433 590.181 293.508 -480.841 247.85 250.707 -456.388 237.939 197.381 -410.979 580.27
  poly 2: 283.44 -547.577 -101.527 326.241 -572.031 -91.6162 379.567 -617.44 -433.947 336.766 -592.986 -443.858 283.44 -547.577 -101.527
  poly 3: 304.033 -501.797 -104.392 346.833 -526.25 -94.4811 400.159 -571.659 -436.812 357.359 -547.205 -446.723 304.033 -501.797 -104.392
  poly 4: -109.961 -294.889 470.229 -67.1521 -319.35 480.114 -15.7701 -363.148 149.205 -58.5795 -338.687 139.32 -109.961 -294.889 470.229
  poly 5: -89.4154 -249.082 467.356 -46.6061 -273.542 477.241 4.77595 -317.34 146.332 -38.0334 -292.88 136.447 -89.4154 -249.082 467.356
  poly 6: -7.19747 -382.485 -191.589 35.6119 -406.946 -181.704 86.9939 -450.744 -512.613 44.1845 -426.283 -522.498 -7.19747 -382.485 -191.589
  poly 7: 13.3486 -336.678 -194.462 56.158 -361.138 -184.577 107.54 -404.937 -515.486 64.7306 -380.476 -525.371 13.3486 -336.678 -194.462
  poly 8: -8629.12 4515.67 -2848.51 87.948 -389.394 956.808 102.496 -399.817 910.046 36.9088 -362.912 881.415 22.3608 -352.488 928.177 -43.2265 -315.582 899.546 -28.6784 -326.006 852.783 -94.2656 -289.1 824.152 -108.814 -278.676 870.915 -209.685 -221.916 826.881 53.264 -446.054 -866.553 161.133 -507.698 -841.93 164.899 -510.921 -866.495 232.469 -549.535 -851.071 224.938 -543.089 -801.94 292.508 -581.703 -786.515 300.039 -588.15 -835.647 367.61 -626.764 -820.222 363.844 -623.541 -795.656 476.258 -687.783 -769.995 -8629.12 4515.67 -2848.51
  poly 9: -8600.5 4557.02 -2845.99 112.285 -345.641 957.457 126.833 -356.064 910.694 61.2456 -319.159 882.063 46.6975 -308.735 928.825 -18.8897 -271.829 900.194 -4.34163 -282.253 853.432 -69.9289 -245.347 824.8 -84.4769 -234.923 871.563 -189.411 -175.877 825.755 73.2776 -399.792 -866.002 185.715 -464.047 -840.336 189.48 -467.27 -864.901 257.051 -505.884 -849.477 249.519 -499.438 -800.346 317.089 -538.053 -784.921 324.621 -544.499 -834.052 392.191 -583.113 -818.628 388.425 -579.89 -794.062 496.318 -641.547 -769.436 -8600.5 4557.02 -2845.99
element 19
  poly 0: 434.119 -94.9849 -684.939 411.559 -139.431 -688.88
  poly 1: 434.119 -94.9849 -684.939 411.559 -139.431 -688.88
  poly 2: 434.119 -94.9849 -684.939 411.559 -139.431 -688.88
  poly 3: 434.119 -94.9849 -684.939 411.559 -139.431 -688.88
  poly 4: 481.092 -119.809 -673.861 458.533 -164.256 -677.802
  poly 5: 481.092 -119.809 -673.861 458.533 -164.256 -677.802
  poly 6: 481.092 -119.809 -673.861 458.533 -164.256 -677.802
  poly 7: 481.092 -119.809 -673.861 458.533 -164.256 -677.802
  poly 8: 528.065 -144.633 -662.783 505.506 -189.08 -666.724
  poly 9: 528.065 -144.633 -662.783 505.506 -189.08 -666.724
  poly 10: 528.065 -144.633 -662.783 505.506 -189.08 -666.724
  poly 11: 528.065 -144.633 -662.783 505.506 -189.08 -666.724
  poly 12: 509.411 -143.17 -572.488 486.851 -187.617 -576.429
  poly 13: 509.411 -143.17 -572.488 486.851 -187.617 -576.429
  poly 14: 509.411 -143.17 -572.488 486.851 -187.617 -576.429
  poly 15: 509.411 -143.17 -572.488 486.851 -187.617 -576.429
  poly 16: 490.757 -141.707 -482.193 468.197 -186.153 -486.134
  poly 17: 490.757 -141.707 -482.193 468.197 -186.153 -486.134
  poly 18: 490.757 -141.707 -482.193 468.197 -186.153 -486.134
  poly 19: 490.757 -141.707 -482.193 468.197 -186.153 -486.134
  poly 20: 472.103 -140.244 -391.899 449.543 -184.69 -395.839
  poly 21: 472.103 -140.244 -391.899 449.543 -184.69 -395.839
  poly 22: 472.103 -140.244 -391.899 449.543 -184.69 -395.839
  poly 23: 472.103 -140.244 -391.899 449.543 -184.69 -395.839
  poly 24: 453.448 -138.781 -301.604 430.889 -183.227 -305.544
  poly 25: 453.448 -138.781 -301.604 430.889 -183.227 -305.544
  poly 26: 453.448 -138.781 -301.604 430.889 -183.227 -305.544
  poly 27: 453.448 -138.781 -301.604 430.889 -183.227 -305.544
  poly 28: 434.794 -137.317 -211.309 412.234 -181.764 -215.249
  poly 29: 434.794 -137.317 -211.309 412.234 -181.764 -215.249
  poly 30: 434.794 -137.317 -211.309 412.234 -181.764 -215.249
  poly 31: 434.794 -137.317 -211.309 412.234 -181.764 -215.249
  poly 32: 416.14 -135.854 -121.014 393.58 -180.301 -124.954
  poly 33: 416.14 -135.854 -121.014 393.58 -180.301 -124.954
  poly 34: 416.14 -135.854 -121.014 393.58 -180.301 -124.954
  poly 35: 416.14 -135.854 -121.014 393.58 -180.301 -124.954
  poly 36: 397.485 -134.391 -30.7187 374.926 -178.838 -34.6591
  poly 37: 397.485 -134.391 -30.7187 374.926 -178.838 -34.6591
  poly 38: 397.485 -134.391 -30.7187 374.926 -178.838 -34.6591
  poly 39: 397.485 -134.391 -30.7187 374.926 -178.838 -34.6591
  poly 40: 378.831 -132.928 59.5763 356.272 -177.374 55.6359
  poly 41: 378.831 -132.928 59.5763 356.272 -177.374 55.6359
  poly 42: 378.831 -132.928 59.5763 356.272 -177.374 55.6359
  poly 43: 378.831 -132.928 59.5763 356.272 -177.374 55.6359
  poly 44: 346.947 -124.469 146.706 324.387 -168.916 142.766
  poly 45: 346.947 -124.469 146.706 324.387 -168.916 142.766
  poly 46: 346.947 -124.469 146.706 324.387 -168.916 142.766
  poly 47: 346.947 -124.469 146.706 324.387 -168.916 142.766
  poly 48: 315.063 -116.01 233.836 292.503 -160.457 229.895
  poly 49: 315.063 -116.01 233.836 292.503 -160.457 229.895
  poly 50: 315.063 -116.01 233.836 292.503 -160.457 229.895
  poly 51: 315.063 -116.01 233.836 292.503 -160.457 229.895
  poly 52: 283.179 -107.551 320.966 260.619 -151.998 317.025
  poly 53: 283.179 -107.551 320.966 260.619 -151.998 317.025
  poly 54: 283.179 -107.551 320.966 260.619 -151.998 317.025
  poly 55: 283.179 -107.551 320.966 260.619 -151.998 317.025
  poly 56: 251.295 -99.0926 408.095 228.735 -143.539 404.155
  poly 57: 251.295 -99.0926 408.095 228.735 -143.539 404.155
  poly 58: 251.295 -99.0926 408.095 228.735 -143.539 404.155
  poly 59: 251.295 -99.0926 408.095 228.735 -143.539 404.155
  poly 60: 219.411 -90.6338 495.225 196.851 -135.08 491.285
  poly 61: 219.411 -90.6338 495.225 196.851 -135.08 491.285
  poly 62: 219.411 -90.6338 495.225 196.851 -135.08 491.285
  poly 63: 219.411 -90.6338 495.225 196.851 -135.08 491.285
  poly 64: 187.527 -82.175 582.355 164.967 -126.622 578.415
  poly 65: 187.527 -82.175 582.355 164.967 -126.622 578.415
  poly 66: 187.527 -82.175 582.355 164.967 -126.622 578.415
  poly 67: 187.527 -82.175 582.355 164.967 -126.622 578.415
  poly 68: 155.643 -73.7162 669.485 133.083 -118.163 665.544
  poly 69: 155.643 -73.7162 669.485 133.083 -118.163 665.544
  poly 70: 155.643 -73.7162 669.485 133.083 -118.163 665.544
  poly 71: 155.643 -73.7162 669.485 133.083 -118.163 665.544
  poly 72: 123.759 -65.2574 756.615 101.199 -109.704 752.674
  poly 73: 123.759 -65.2574 756.615 101.199 -109.704 752.674
  poly 74: 123.759 -65.2574 756.615 101.199 -109.704 752.674
  poly 75: 123.759 -65.2574 756.615 101.199 -109.704 752.674
  poly 76: 71.0161 -36.4595 733.746 48.4564 -80.9062 729.806
  poly 77: 71.0161 -36.4595 733.746 48.4564 -80.9062 729.806
  poly 78: 71.0161 -36.4595 733.746 48.4564 -80.9062 729.806
  poly 79: 71.0161 -36.4595 733.746 48.4564 -80.9062 729.806
  poly 80: 63.5846 -32.4019 730.524 41.0249 -76.8485 726.583
  poly 81: 63.5846 -32.4019 730.524 41.0249 -76.8485 726.583
  poly 82: 63.5846 -32.4019 730.524 41.0249 -76.8485 726.583
  poly 83: 63.5846 -32.4019 730.524 41.0249 -76.8485 726.583
  poly 84: 82.4751 -33.8587 638.806 59.9154 -78.3054 634.865
  poly 85: 82.4751 -33.8587 638.806 59.9154 -78.3054 634.865
  poly 86: 82.4751 -33.8587 638.806 59.9154 -78.3054 634.865
  poly 87: 82.4751 -33.8587 638.806 59.9154 -78.3054 634.865
  poly 88: 101.366 -35.3156 547.087 78.8059 -79.7622 543.147
  poly 89: 101.366 -35.3156 547.087 78.8059 -79.7622 543.147
  poly 90: 101.366 -35.3156 547.087 78.8059 -79.7622 543.147
  poly 91: 101.366 -35.3156 547.087 78.8059 -79.7622 543.147
  poly 92: 120.256 -36.7725 455.369 97.6963 -81.2191 451.429
  poly 93: 120.256 -36.7725 455.369 97.6963 -81.2191 451.429
  poly 94: 120.256 -36.7725 455.369 97.6963 -81.2191 451.429
  poly 95: 120.256 -36.7725 455.369 97.6963 -81.2191 451.429
  poly 96: 139.147 -38.2294 363.651 116.587 -82.676 359.71
  poly 97: 139.147 -38.2294 363.651 116.587 -82.676 359.71
  poly 98: 139.147 -38.2294 363.651 116.587 -82.676 359.71
  poly 99: 139.147 -38.2294 363.651 116.587 -82.676 359.71
  poly 100: 158.037 -39.6862 271.932 135.477 -84.1329 267.992
  poly 101: 158.037 -39.6862 271.932 135.477 -84.1329 267.992
  poly 102: 158.037 -39.6862 271.932 135.477 -84.1329 267.992
  poly 103: 158.037 -39.6862 271.932 135.477 -84.1329 267.992
  poly 104: 176.927 -41.1431 180.214 154.368 -85.5898 176.274
  poly 105: 176.927 -41.1431 180.214 154.368 -85.5898 176.274
  poly 106: 176.927 -41.1431 180.214 154.368 -85.5898 176.274
  poly 107: 176.927 -41.1431 180.214 154.368 -85.5898 176.274
  poly 108: 195.818 -42.6 88.496 173.258 -87.0466 84.5555
  poly 109: 195.818 -42.6 88.496 173.258 -87.0466 84.5555
  poly 110: 195.818 -42.6 88.496 173.258 -87.0466 84.5555
  poly 111: 195.818 -42.6 88.496 173.258 -87.0466 84.5555
  poly 112: 214.708 -44.0569 -3.2223 192.149 -88.5035 -7.16274
  poly 113: 214.708 -44.0569 -3.2223 192.149 -88.5035 -7.16274
  poly 114: 214.708 -44.0569 -3.2223 192.149 -88.5035 -7.16274
  poly 115: 214.708 -44.0569 -3.2223 192.149 -88.5035 -7.16274
  poly 116: 245.575 -52.2409 -87.627 223.016 -96.6876 -91.5674
  poly 117: 245.575 -52.2409 -87.627 223.016 -96.6876 -91.5674
  poly 118: 245.575 -52.2409 -87.627 223.016 -96.6876 -91.5674
  poly 119: 245.575 -52.2409 -87.627 223.016 -96.6876 -91.5674
  poly 120: 276.442 -60.425 -172.032 253.882 -104.872 -175.972
  poly 121: 276.442 -60.425 -172.032 253.882 -104.872 -175.972
  poly 122: 276.442 -60.425 -172.032 253.882 -104.872 -175.972
  poly 123: 276.442 -60.425 -172.032 253.882 -104.872 -175.972
  poly 124: 307.309 -68.6091 -256.436 284.749 -113.056 -260.377
  poly 125: 307.309 -68.6091 -256.436 284.749 -113.056 -260.377
  poly 126: 307.309 -68.6091 -256.436 284.749 -113.056 -260.377
  poly 127: 307.309 -68.6091 -256.436 284.749 -113.056 -260.377
  poly 128: 338.176 -76.7932 -340.841 315.616 -121.24 -344.781
  poly 129: 338.176 -76.7932 -340.841 315.616 -121.24 -344.781
  poly 130: 338.176 -76.7932 -340.841 315.616 -121.24 -344.781
  poly 131: 338.176 -76.7932 -340.841 315.616 -121.24 -344.781
  poly 132: 369.042 -84.9772 -425.246 346.483 -129.424 -429.186
  poly 133: 369.042 -84.9772 -425.246 346.483 -129.424 -429.186
  poly 134: 369.042 -84.9772 -425.246 346.483 -129.424 -429.186
  poly 135: 369.042 -84.9772 -425.246 346.483 -129.424 -429.186
  poly 136: 399.909 -93.1613 -509.65 377.349 -137.608 -513.591
  poly 137: 399.909 -93.1613 -509.65 377.349 -137.608 -513.591
  poly 138: 399.909 -93.1613 -509.65 377.349 -137.608 -513.591
  poly 139: 399.909 -93.1613 -509.65 377.349 -137.608 -513.591
  poly 140: 430.776 -101.345 -594.055 408.216 -145.792 -597.995
  poly 141: 430.776 -101.345 -594.055 408.216 -145.792 -597.995
  poly 142: 430.776 -101.345 -594.055 408.216 -145.792 -597.995
  poly 143: 430.776 -101.345 -594.055 408.216 -145.792 -597.995
  poly 144: 461.643 -109.529 -678.46 439.083 -153.976 -682.4
  poly 145: 461.643 -109.529 -678.46 439.083 -153.976 -682.4
  poly 146: 507.096 -208.568 -455.818 550.669 -231.515 -446.444 479.461 -225.929 -101.762 435.888 -202.983 -111.135 507.096 -208.568 -455.818
  poly 147: 487.674 -254.668 -459.083 531.247 -277.614 -449.71 460.039 -272.029 -105.027 416.466 -249.082 -114.401 487.674 -254.668 -459.083
  poly 148: 364.679 -197.397 233.547 408.252 -220.344 242.921 337.043 -214.758 587.604 293.47 -191.812 578.23 364.679 -197.397 233.547
  poly 149: 345.257 -243.497 230.282 388.83 -266.443 239.656 317.621 -260.858 584.338 274.048 -237.911 574.965 345.257 -243.497 230.282
  poly 150: 210.645 -50.896 -537.052 254.228 -73.8455 -527.711 185.453 -68.5414 -193.795 141.871 -45.592 -203.136 210.645 -50.896 -537.052
  poly 151: 191.267 -97.0187 -540.31 234.849 -119.968 -530.97 166.075 -114.664 -197.054 122.493 -91.7146 -206.394 191.267 -97.0187 -540.31
  poly 152: 73.0967 -40.2879 130.78 116.679 -63.2374 140.121 47.9053 -57.9333 474.037 4.32261 -34.9839 464.696 73.0967 -40.2879 130.78
  poly 153: 53.7186 -86.4106 127.522 97.3012 -109.36 136.863 28.5272 -104.056 470.779 -15.0555 -81.1066 461.438 53.7186 -86.4106 127.522
  poly 154: -9157.33 4931.18 -3099.63 555.515 -201.832 -808.99 560.959 -202.43 -833.415 492.46 -166.23 -849.57 481.571 -165.034 -800.719 413.071 -128.833 -816.874 423.96 -130.029 -865.725 355.46 -93.8285 -881.879 350.015 -93.2306 -857.454 236.635 -33.3117 -884.193 -114.695 -6.21664 821.609 -9.56362 -63.62 867.199 8.06133 -68.4261 820.503 74.0529 -104.458 849.12 56.428 -99.6523 895.815 122.42 -135.685 924.432 140.045 -140.491 877.736 206.036 -176.523 906.353 188.411 -171.717 953.048 297.299 -231.171 1000.27 -9157.33 4931.18 -3099.63
  poly 155: -9187.38 4890.46 -3102.74 532.405 -246.219 -810.463 537.85 -246.817 -834.888 469.35 -210.617 -851.043 458.461 -209.421 -802.192 389.961 -173.22 -818.347 400.85 -174.416 -867.198 332.35 -138.215 -883.353 326.906 -137.617 -858.927 216.735 -79.3946 -884.909 -134.975 -52.2703 822.735 -33.4463 -107.706 866.762 -15.8214 -112.513 820.067 50.1702 -148.545 848.683 32.5453 -143.739 895.379 98.5369 -179.771 923.995 116.162 -184.577 877.3 182.153 -220.609 905.916 164.529 -215.803 952.612 287.278 -278.008 951.503 -9187.38 4890.46 -3102.74
element 20
  poly 0: 654.264 -82.7206 -756.094 662.552 -88.8331 -805.021
  poly 1: 654.264 -82.7206 -756.094 662.552 -88.8331 -805.021
  poly 2: 654.264 -82.7206 -756.094 662.552 -88.8331 -805.021
  poly 3: 654.264 -82.7206 -756.094 662.552 -88.8331 -805.021
  poly 4: 594.884 -51.3391 -770.074 603.172 -57.4516 -819.001
  poly 5: 594.884 -51.3391 -770.074 603.172 -57.4516 -819.001
  poly 6: 594.884 -51.3391 -770.074 603.172 -57.4516 -819.001
  poly 7: 594.884 -51.3391 -770.074 603.172 -57.4516 -819.001
  poly 8: 535.504 -19.9576 -784.054 543.792 -26.0701 -832.981
  poly 9: 535.504 -19.9576 -784.054 543.792 -26.0701 -832.981
  poly 10: 535.504 -19.9576 -784.054 543.792 -26.0701 -832.981
  poly 11: 535.504 -19.9576 -784.054 543.792 -26.0701 -832.981
  poly 12: 514.253 -76.6624 -780.57 522.542 -82.7749 -829.497
  poly 13: 514.253 -76.6624 -780.57 522.542 -82.7749 -829.497
  poly 14: 514.253 -76.6624 -780.57 522.542 -82.7749 -829.497
  poly 15: 514.253 -76.6624 -780.57 522.542 -82.7749 -829.497
  poly 16: 587.469 -113.892 -763.515 595.758 -120.004 -812.442
  poly 17: 587.469 -113.892 -763.515 595.758 -120.004 -812.442
  poly 18: 587.469 -113.892 -763.515 595.758 -120.004 -812.442
  poly 19: 587.469 -113.892 -763.515 595.758 -120.004 -812.442
  poly 20: 634.393 -137.754 -752.585 642.682 -143.866 -801.512
  poly 21: 634.393 -137.754 -752.585 642.682 -143.866 -801.512
  poly 22: 634.393 -137.754 -752.585 642.682 -143.866 -801.512
  poly 23: 634.393 -137.754 -752.585 642.682 -143.866 -801.512
  poly 24: 681.317 -161.616 -741.655 689.606 -167.728 -790.582
  poly 25: 681.317 -161.616 -741.655 689.606 -167.728 -790.582
  poly 26: 681.317 -161.616 -741.655 689.606 -167.728 -790.582
  poly 27: 681.317 -161.616 -741.655 689.606 -167.728 -790.582
  poly 28: 703.292 -108.629 -744.551 711.581 -114.742 -793.478
  poly 29: 703.292 -108.629 -744.551 711.581 -114.742 -793.478
  poly 30: 734.254 -184.73 -780.894 753.459 -138.42 -783.426 799.479 -156.952 -773.315 780.273 -203.262 -770.783 734.254 -184.73 -780.894
  poly 31: 735.303 -187.927 -831.411 754.509 -141.617 -833.943 800.528 -160.15 -823.832 781.323 -206.459 -821.3 735.303 -187.927 -831.411
  poly 32: -10138.6 5449.88 -3326.71 739.823 -81.7004 -792.823 763.009 -36.8679 -794.496 692.907 -1.22153 -810.825 669.72 -46.0541 -809.152 599.618 -10.4078 -825.481 622.804 34.4248 -827.154 552.702 70.0711 -843.482 529.515 25.2385 -841.809 421.475 80.176 -866.975 349.839 -93.1477 -857.456 456.996 -149.779 -832.229 480.625 -105.737 -833.728 550.234 -142.525 -817.341 526.606 -186.567 -815.841 596.215 -223.354 -799.453 619.844 -179.312 -800.953 689.453 -216.1 -784.565 665.825 -260.142 -783.065 784.399 -322.807 -755.15 -10138.6 5449.88 -3326.71
  poly 33: -10499.8 5639.57 -3462.68 751.37 -81.5115 -841.985 774.556 -36.6789 -843.658 704.454 -1.03257 -859.987 681.267 -45.8652 -858.314 611.165 -10.2188 -874.643 634.352 34.6137 -876.316 564.249 70.2601 -892.645 541.063 25.4275 -890.971 425.469 84.2056 -917.896 351.356 -95.1108 -908.049 465.523 -155.446 -881.171 489.152 -111.405 -882.67 558.761 -148.192 -866.283 535.133 -192.234 -864.783 604.742 -229.022 -848.395 628.371 -184.98 -849.895 697.98 -221.768 -833.507 674.352 -265.81 -832.007 805.182 -278.422 -808.268 -10499.8 5639.57 -3462.68
element 21
  poly 0: 514.89 134.387 -1238.06 541.548 161.284 -1577.94 586.58 139.402 -1576.14 559.922 112.505 -1236.26 514.89 134.387 -1238.06
  poly 1: 496.155 88.207 -1243.18 522.813 115.104 -1583.06 567.844 93.2219 -1581.26 541.187 66.3249 -1241.38 496.155 88.207 -1243.18
  poly 2: 568.206 188.181 -1917.82 594.864 215.078 -2257.7 639.895 193.196 -2255.9 613.237 166.299 -1916.02 568.206 188.181 -1917.82
  poly 3: 549.471 142.001 -1922.94 576.128 168.898 -2262.82 621.16 147.016 -2261.02 594.502 120.119 -1921.14 549.471 142.001 -1922.94
  poly 4: -10735.3 5809.9 -3472.76 578.936 266.325 -2630.55 440.813 126.965 -869.544 552.702 70.0711 -843.482 564.249 70.2601 -892.645 634.352 34.6137 -876.316 622.804 34.4248 -827.154 692.907 -1.22153 -810.825 704.454 -1.03257 -859.987 774.556 -36.6789 -843.658 763.009 -36.8679 -794.496 878.609 -95.6489 -767.57 -10735.3 5809.9 -3472.76
  poly 5: -10786.3 5779.2 -3477.56 559.987 219.93 -2632.97 421.476 80.1754 -866.975 529.515 25.2385 -841.809 541.063 25.4275 -890.971 611.165 -10.2188 -874.643 599.618 -10.4078 -825.481 669.72 -46.0541 -809.152 681.267 -45.8652 -858.314 751.37 -81.5115 -841.985 739.823 -81.7004 -792.823 863.252 -138.402 -815.923 -10786.3 5779.2 -3477.56
element 22
  poly 0: 424.636 -51.2714 244.613 468.859 -108.492 -1230.18 449.723 -154.939 -1228.96 459.807 -167.985 -1565.22 478.943 -121.539 -1566.45 489.026 -134.586 -1902.72 469.89 -181.032 -1901.49 479.974 -194.079 -2237.76 499.11 -147.633 -2238.99 509.186 -160.67 -2575.02 647.787 173.881 -2600.51 621.16 147.016 -2261.02 639.895 193.196 -2255.9 613.237 166.299 -1916.02 594.502 120.119 -1921.14 567.844 93.2219 -1581.26 586.58 139.402 -1576.14 559.922 112.505 -1236.26 541.187 66.3249 -1241.38 514.194 39.0903 -897.233 424.636 -51.2714 244.613
  poly 1: 380.759 -28.2243 228.092 424.554 -84.8911 -1232.43 405.418 -131.338 -1231.2 415.501 -144.384 -1567.47 434.638 -97.938 -1568.7 444.721 -110.985 -1904.96 425.585 -157.431 -1903.74 435.668 -170.478 -2240 454.804 -124.032 -2241.23 464.895 -137.088 -2577.74 602.818 195.827 -2603.1 576.128 168.898 -2262.82 594.864 215.078 -2257.7 568.206 188.181 -1917.82 549.471 142.001 -1922.94 522.813 115.104 -1583.06 541.548 161.284 -1577.94 514.89 134.387 -1238.06 496.155 88.207 -1243.18 469.831 61.6479 -907.564 380.759 -28.2243 228.092
element 23
  poly 0: -32875.2 -81360.7 3615.75 800.528 -160.15 -823.832 799.479 -156.952 -773.315 780.273 -203.262 -770.783 781.323 -206.459 -821.3 761.132 -255.143 -818.638 771.906 -268.889 -1169.44 752.716 -315.308 -1168.21 763.365 -328.896 -1514.97 782.555 -282.477 -1516.2 793.204 -296.065 -1862.96 774.014 -342.483 -1861.73 784.663 -356.071 -2208.49 803.853 -309.653 -2209.72 814.495 -323.233 -2556.26 958.186 22.4028 -2582.58 -32875.2 -81360.7 3615.75
  poly 1: -32771.2 -80980.4 3585.85 754.509 -141.617 -833.943 753.459 -138.42 -783.426 734.254 -184.73 -780.894 735.303 -187.927 -831.411 717.082 -231.863 -829.009 727.607 -245.292 -1171.73 708.418 -291.711 -1170.5 719.067 -305.299 -1517.26 738.256 -258.88 -1518.49 748.905 -272.468 -1865.24 729.716 -318.886 -1864.01 740.365 -332.474 -2210.77 759.554 -286.056 -2212 770.21 -299.653 -2558.98 913.221 44.3462 -2585.18 -32771.2 -80980.4 3585.85
element 24
  poly 0: -25851.2 -58681.6 2342.52 -110.099 -167.19 904.62 -86.8785 -178.479 860.947 -67.7774 -135.059 859.88 -90.9977 -123.77 903.553 -72.7951 -82.392 902.537 -72.8038 -82.3842 902.555 -217.334 22.4874 1197.28 -195.159 67.1696 1192.25 -337.81 170.678 1483.14 -359.985 125.996 1488.17 -502.636 229.504 1779.06 -480.461 274.186 1774.03 -623.113 377.695 2064.92 -645.287 333.013 2069.95 -787.473 436.183 2359.89 -925.702 110.141 2359.79 -25851.2 -58681.6 2342.52
  poly 1: -25790.9 -58426.7 2318.7 -153.673 -148.464 886.604 -130.453 -159.753 842.931 -111.352 -116.333 841.864 -134.572 -105.044 885.537 -114.573 -59.5815 884.42 -114.581 -59.5743 884.437 -255.349 42.5682 1171.49 -233.175 87.2503 1166.46 -375.826 190.759 1457.35 -398.001 146.077 1462.38 -540.652 249.585 1753.27 -518.477 294.267 1748.24 -661.128 397.775 2039.14 -683.303 353.093 2044.16 -826.42 456.94 2336 -964.084 132.232 2335.9 -25790.9 -58426.7 2318.7
element 25
  poly 0: -26175.6 -60061.4 2472.46 175.337 -326.24 1028.95 198.528 -337.527 985.269 218.235 -292.853 984.19 195.044 -281.566 1027.87 213.862 -238.908 1026.84 213.852 -238.898 1026.87 65.6334 -131.314 1329.61 87.8458 -86.6512 1324.61 -58.5048 19.5771 1623.53 -80.7172 -25.0853 1628.53 -227.068 81.1429 1927.45 -204.855 125.805 1922.46 -351.206 232.034 2221.38 -373.418 187.371 2226.38 -519.311 293.267 2524.37 -661.738 -41.7827 2524.08 -26175.6 -60061.4 2472.46
  poly 1: -26115.7 -59807.9 2448.77 131.789 -307.465 1010.94 154.98 -318.752 967.254 174.687 -274.078 966.174 151.497 -262.791 1009.86 172.093 -216.101 1008.73 172.088 -216.096 1008.74 27.6062 -111.224 1303.85 49.8186 -66.5614 1298.85 -96.532 39.6668 1597.78 -118.744 -4.99555 1602.77 -265.095 101.233 1901.7 -242.883 145.895 1896.7 -389.233 252.123 2195.62 -411.445 207.461 2200.62 -558.254 314.022 2500.48 -700.115 -19.6948 2500.19 -26115.7 -59807.9 2448.77
