# wood joints after construct_joint_by_index
# count=50
joint 0 type=12 v0=0 v1=3 f0_0=3 f1_0=7 name=ss_e_ip_1 orient=1 div=5 shift=0.5
  jv[0] pts=5 (-440.999,-628.258,-117.71) (-434.235,-626.998,-110.818) (-410.179,-599.279,-144.387) (-416.943,-600.54,-151.279) (-440.999,-628.258,-117.71)
  jv[1] pts=5 (-524.903,-487.003,-61.2025) (-518.139,-485.742,-54.3103) (-494.082,-458.024,-87.8799) (-500.846,-459.285,-94.7721) (-524.903,-487.003,-61.2025)
  jv[2] pts=5 (-441.884,-629.062,-117.013) (-433.351,-626.194,-111.514) (-409.294,-598.475,-145.084) (-417.827,-601.344,-150.583) (-441.884,-629.062,-117.013)
  jv[3] pts=5 (-525.787,-487.807,-60.5058) (-517.255,-484.938,-55.007) (-493.198,-457.22,-88.5765) (-501.731,-460.088,-94.0754) (-525.787,-487.807,-60.5058)
  m[0][0] pts=12 (-509.535,-506.552,-65.8288) (-512.917,-507.182,-69.2749) (-500.931,-527.362,-77.3474) (-494.167,-526.101,-70.4552) (-482.18,-546.28,-78.5277) (-488.944,-547.541,-85.4199) (-476.958,-567.72,-93.4924) (-470.194,-566.46,-86.6002) (-458.208,-586.639,-94.6727) (-464.972,-587.9,-101.565) (-452.986,-608.079,-109.637) (-449.604,-607.449,-106.191)
  m[0][1] pts=2 (-509.535,-506.552,-65.8288) (-449.604,-607.449,-106.191)
  f[0][0] pts=12 (-509.535,-506.552,-65.8288) (-513.801,-507.986,-68.5782) (-501.815,-528.165,-76.6507) (-493.282,-525.297,-71.1519) (-481.296,-545.476,-79.2244) (-489.829,-548.345,-84.7232) (-477.842,-568.524,-92.7957) (-469.31,-565.656,-87.2969) (-457.324,-585.835,-95.3694) (-465.856,-588.704,-100.868) (-453.87,-608.883,-108.941) (-449.604,-607.449,-106.191)
  f[0][1] pts=2 (-509.535,-506.552,-65.8288) (-449.604,-607.449,-106.191)
  m[1][0] pts=12 (-485.478,-478.834,-99.3984) (-488.86,-479.464,-102.845) (-476.874,-499.643,-110.917) (-470.11,-498.383,-104.025) (-458.124,-518.562,-112.097) (-464.888,-519.823,-118.99) (-452.901,-540.002,-127.062) (-446.137,-538.741,-120.17) (-434.151,-558.921,-128.242) (-440.915,-560.181,-135.134) (-428.929,-580.361,-143.207) (-425.547,-579.73,-139.761)
  m[1][1] pts=2 (-485.478,-478.834,-99.3984) (-425.547,-579.73,-139.761)
  f[1][0] pts=12 (-485.478,-478.834,-99.3984) (-489.744,-480.268,-102.148) (-477.758,-500.447,-110.22) (-469.226,-497.579,-104.722) (-457.239,-517.758,-112.794) (-465.772,-520.626,-118.293) (-453.786,-540.806,-126.365) (-445.253,-537.937,-120.866) (-433.267,-558.117,-128.939) (-441.799,-560.985,-134.438) (-429.813,-581.164,-142.51) (-425.547,-579.73,-139.761)
  f[1][1] pts=2 (-485.478,-478.834,-99.3984) (-425.547,-579.73,-139.761)
joint 1 type=12 v0=0 v1=5 f0_0=4 f1_0=5 name=ss_e_ip_1 orient=1 div=3 shift=0.5
  jv[0] pts=5 (-534.077,-480.739,-63.3329) (-538.016,-472.606,-59.321) (-509.494,-448.695,-92.5407) (-505.555,-456.828,-96.5526) (-534.077,-480.739,-63.3329)
  jv[1] pts=5 (-609.357,-484.117,-130.397) (-613.296,-475.984,-126.385) (-584.775,-452.073,-159.605) (-580.836,-460.206,-163.617) (-609.357,-484.117,-130.397)
  jv[2] pts=5 (-534.778,-481.485,-62.5077) (-537.314,-471.86,-60.1461) (-508.793,-447.949,-93.3659) (-506.257,-457.574,-95.7274) (-534.778,-481.485,-62.5077)
  jv[3] pts=5 (-610.059,-484.863,-129.572) (-612.594,-475.238,-127.21) (-584.073,-451.327,-160.43) (-581.537,-460.952,-162.792) (-610.059,-484.863,-129.572)
  m[0][0] pts=8 (-596.27,-479.375,-114.978) (-594.301,-483.441,-116.984) (-579.245,-482.766,-103.571) (-583.184,-474.633,-99.5596) (-568.128,-473.957,-86.1467) (-564.189,-482.09,-90.1586) (-549.133,-481.414,-76.7457) (-551.102,-477.348,-74.7398)
  m[0][1] pts=2 (-596.27,-479.375,-114.978) (-551.102,-477.348,-74.7398)
  f[0][0] pts=8 (-596.27,-479.375,-114.978) (-595.002,-484.187,-116.159) (-579.946,-483.511,-102.746) (-582.482,-473.887,-100.385) (-567.426,-473.211,-86.9719) (-564.89,-482.836,-89.3334) (-549.834,-482.16,-75.9206) (-551.102,-477.348,-74.7398)
  f[0][1] pts=2 (-596.27,-479.375,-114.978) (-551.102,-477.348,-74.7398)
  m[1][0] pts=8 (-567.749,-455.464,-148.198) (-565.779,-459.531,-150.204) (-550.723,-458.855,-136.791) (-554.662,-450.722,-132.779) (-539.606,-450.046,-119.366) (-535.667,-458.179,-123.378) (-520.611,-457.504,-109.965) (-522.581,-453.437,-107.96)
  m[1][1] pts=2 (-567.749,-455.464,-148.198) (-522.581,-453.437,-107.96)
  f[1][0] pts=8 (-567.749,-455.464,-148.198) (-566.481,-460.276,-149.379) (-551.425,-459.601,-135.966) (-553.961,-449.976,-133.604) (-538.905,-449.3,-120.192) (-536.369,-458.925,-122.553) (-521.313,-458.249,-109.14) (-522.581,-453.437,-107.96)
  f[1][1] pts=2 (-567.749,-455.464,-148.198) (-522.581,-453.437,-107.96)
joint 2 type=12 v0=1 v1=3 f0_0=5 f1_0=3 name=ss_e_ip_1 orient=1 div=5 shift=0.5
  jv[0] pts=5 (-127,-575.613,49.3243) (-135.556,-572.187,52.7147) (-127.154,-541.173,14.6405) (-118.598,-544.599,11.2501) (-127,-575.613,49.3243)
  jv[1] pts=5 (-213.249,-684.436,-58.3507) (-221.805,-681.009,-54.9603) (-213.404,-649.995,-93.0344) (-204.848,-653.422,-96.4248) (-213.249,-684.436,-58.3507)
  jv[2] pts=5 (-127.307,-576.827,50.7973) (-135.249,-570.973,51.2417) (-126.847,-539.959,13.1675) (-118.906,-545.813,12.7231) (-127.307,-576.827,50.7973)
  jv[3] pts=5 (-213.557,-685.65,-56.8777) (-221.498,-679.795,-56.4333) (-213.096,-648.781,-94.5074) (-205.155,-654.636,-94.9518) (-213.557,-685.65,-56.8777)
  m[0][0] pts=12 (-205.206,-667.176,-41.2733) (-200.928,-668.89,-42.9686) (-188.607,-653.344,-27.5864) (-197.163,-649.917,-24.196) (-184.841,-634.371,-8.81385) (-176.285,-637.797,-12.2043) (-163.964,-622.251,3.17784) (-172.52,-618.825,6.56829) (-160.199,-603.279,21.9504) (-151.643,-606.705,18.56) (-139.321,-591.159,33.9421) (-143.599,-589.446,35.6373)
  m[0][1] pts=2 (-205.206,-667.176,-41.2733) (-143.599,-589.446,35.6373)
  f[0][0] pts=12 (-205.206,-667.176,-41.2733) (-201.235,-670.103,-41.4955) (-188.914,-654.557,-26.1134) (-196.855,-648.703,-25.669) (-184.534,-633.157,-10.2869) (-176.593,-639.011,-10.7313) (-164.271,-623.465,4.65088) (-172.213,-617.611,5.09525) (-159.891,-602.065,20.4774) (-151.95,-607.919,20.033) (-139.629,-592.373,35.4151) (-143.599,-589.446,35.6373)
  f[0][1] pts=2 (-205.206,-667.176,-41.2733) (-143.599,-589.446,35.6373)
  m[1][0] pts=12 (-196.804,-636.162,-79.3475) (-192.526,-637.876,-81.0427) (-180.205,-622.33,-65.6606) (-188.761,-618.903,-62.2701) (-176.44,-603.357,-46.888) (-167.884,-606.784,-50.2784) (-155.562,-591.238,-34.8963) (-164.118,-587.811,-31.5059) (-151.797,-572.265,-16.1237) (-143.241,-575.692,-19.5142) (-130.92,-560.146,-4.13203) (-135.198,-558.432,-2.43681)
  m[1][1] pts=2 (-196.804,-636.162,-79.3475) (-135.198,-558.432,-2.43681)
  f[1][0] pts=12 (-196.804,-636.162,-79.3475) (-192.834,-639.09,-79.5697) (-180.512,-623.544,-64.1875) (-188.454,-617.689,-63.7432) (-176.132,-602.143,-48.361) (-168.191,-607.998,-48.8054) (-155.87,-592.452,-33.4233) (-163.811,-586.597,-32.9789) (-151.49,-571.051,-17.5968) (-143.548,-576.906,-18.0411) (-131.227,-561.359,-2.659) (-135.198,-558.432,-2.43681)
  f[1][1] pts=2 (-196.804,-636.162,-79.3475) (-135.198,-558.432,-2.43681)
joint 3 type=12 v0=1 v1=4 f0_0=3 f1_0=7 name=ss_e_ip_1 orient=1 div=5 shift=0.5
  jv[0] pts=5 (202.592,-684.783,-58.6941) (211.344,-681.688,-55.6324) (202.926,-650.286,-93.3222) (194.175,-653.38,-96.3839) (202.592,-684.783,-58.6941)
  jv[1] pts=5 (126.34,-575.814,49.126) (135.091,-572.719,52.1878) (126.674,-541.317,14.498) (117.922,-544.411,11.4363) (126.34,-575.814,49.126)
  jv[2] pts=5 (202.893,-685.973,-57.2785) (211.043,-680.498,-57.0481) (202.626,-649.096,-94.7378) (194.476,-654.571,-94.9683) (202.893,-685.973,-57.2785)
  jv[3] pts=5 (126.64,-577.004,50.5417) (134.79,-571.529,50.7721) (126.373,-540.127,13.0823) (118.223,-545.602,12.8519) (126.64,-577.004,50.5417)
  m[0][0] pts=12 (141.609,-589.833,35.254) (137.233,-591.381,33.7232) (148.126,-606.948,18.3203) (156.878,-603.853,21.382) (167.771,-619.42,5.97914) (159.019,-622.515,2.91739) (169.913,-638.082,-12.4855) (178.664,-634.987,-9.42374) (189.557,-650.554,-24.8266) (180.806,-653.649,-27.8884) (191.699,-669.216,-43.2913) (196.075,-667.669,-41.7604)
  m[0][1] pts=2 (141.609,-589.833,35.254) (196.075,-667.669,-41.7604)
  f[0][0] pts=12 (141.609,-589.833,35.254) (137.534,-592.571,35.1388) (148.427,-608.138,19.7359) (156.577,-602.663,19.9664) (167.47,-618.23,4.56348) (159.32,-623.705,4.33306) (170.213,-639.272,-11.0698) (178.363,-633.797,-10.8394) (189.257,-649.364,-26.2423) (181.107,-654.839,-26.4727) (192,-670.406,-41.8756) (196.075,-667.669,-41.7604)
  f[0][1] pts=2 (141.609,-589.833,35.254) (196.075,-667.669,-41.7604)
  m[1][0] pts=12 (133.191,-558.431,-2.43575) (128.816,-559.978,-3.96663) (139.709,-575.545,-19.3695) (148.46,-572.451,-16.3078) (159.353,-588.018,-31.7106) (150.602,-591.112,-34.7724) (161.495,-606.679,-50.1753) (170.247,-603.585,-47.1135) (181.14,-619.152,-62.5164) (172.389,-622.246,-65.5782) (183.282,-637.813,-80.981) (187.657,-636.266,-79.4502)
  m[1][1] pts=2 (133.191,-558.431,-2.43575) (187.657,-636.266,-79.4502)
  f[1][0] pts=12 (133.191,-558.431,-2.43575) (129.116,-561.169,-2.55096) (140.01,-576.736,-17.9538) (148.16,-571.261,-17.7234) (159.053,-586.828,-33.1263) (150.903,-592.303,-33.3567) (161.796,-607.87,-48.7596) (169.946,-602.395,-48.5292) (180.839,-617.962,-63.9321) (172.689,-623.437,-64.1625) (183.582,-639.004,-79.5654) (187.657,-636.266,-79.4502)
  f[1][1] pts=2 (133.191,-558.431,-2.43575) (187.657,-636.266,-79.4502)
joint 4 type=12 v0=1 v1=6 f0_0=4 f1_0=2 name=ss_e_ip_1 orient=1 div=6 shift=0.5
  jv[0] pts=5 (112.053,-569.777,55.0988) (112.053,-562.941,61.8625) (112.053,-534.623,21.1209) (112.053,-541.459,14.3573) (112.053,-569.777,55.0988)
  jv[1] pts=5 (-112.169,-569.777,55.0988) (-112.169,-562.941,61.8625) (-112.169,-534.623,21.1209) (-112.169,-541.459,14.3573) (-112.169,-569.777,55.0988)
  jv[2] pts=5 (112.053,-570.95,56.5469) (112.053,-561.768,60.4144) (112.053,-533.451,19.6728) (112.053,-542.632,15.8054) (112.053,-570.95,56.5469)
  jv[3] pts=5 (-112.169,-570.95,56.5469) (-112.169,-561.768,60.4144) (-112.169,-533.451,19.6728) (-112.169,-542.632,15.8054) (-112.169,-570.95,56.5469)
  m[0][0] pts=12 (-80.1374,-566.359,58.4806) (-80.1374,-569.777,55.0988) (-48.1056,-569.777,55.0988) (-48.1056,-562.941,61.8625) (-16.0738,-562.941,61.8625) (-16.0738,-569.777,55.0988) (15.958,-569.777,55.0988) (15.958,-562.941,61.8625) (47.9898,-562.941,61.8625) (47.9898,-569.777,55.0988) (80.0217,-569.777,55.0988) (80.0217,-566.359,58.4806)
  m[0][1] pts=2 (-80.1374,-566.359,58.4806) (80.0217,-566.359,58.4806)
  f[0][0] pts=12 (-80.1374,-566.359,58.4806) (-80.1374,-570.95,56.5469) (-48.1056,-570.95,56.5469) (-48.1056,-561.768,60.4144) (-16.0738,-561.768,60.4144) (-16.0738,-570.95,56.5469) (15.958,-570.95,56.5469) (15.958,-561.768,60.4144) (47.9898,-561.768,60.4144) (47.9898,-570.95,56.5469) (80.0217,-570.95,56.5469) (80.0217,-566.359,58.4806)
  f[0][1] pts=2 (-80.1374,-566.359,58.4806) (80.0217,-566.359,58.4806)
  m[1][0] pts=12 (-80.1374,-538.041,17.7391) (-80.1374,-541.459,14.3573) (-48.1056,-541.459,14.3573) (-48.1056,-534.623,21.1209) (-16.0738,-534.623,21.1209) (-16.0738,-541.459,14.3573) (15.958,-541.459,14.3573) (15.958,-534.623,21.1209) (47.9898,-534.623,21.1209) (47.9898,-541.459,14.3573) (80.0217,-541.459,14.3573) (80.0217,-538.041,17.7391)
  m[1][1] pts=2 (-80.1374,-538.041,17.7391) (80.0217,-538.041,17.7391)
  f[1][0] pts=12 (-80.1374,-538.041,17.7391) (-80.1374,-542.632,15.8054) (-48.1056,-542.632,15.8054) (-48.1056,-533.451,19.6728) (-16.0738,-533.451,19.6728) (-16.0738,-542.632,15.8054) (15.958,-542.632,15.8054) (15.958,-533.451,19.6728) (47.9898,-533.451,19.6728) (47.9898,-542.632,15.8054) (80.0217,-542.632,15.8054) (80.0217,-538.041,17.7391)
  f[1][1] pts=2 (-80.1374,-538.041,17.7391) (80.0217,-538.041,17.7391)
joint 5 type=12 v0=2 v1=4 f0_0=5 f1_0=3 name=ss_e_ip_1 orient=1 div=5 shift=0.5
  jv[0] pts=5 (522.498,-476.623,-53.4514) (515.046,-476.72,-47.2292) (490.486,-449.536,-80.8258) (497.938,-449.438,-87.048) (522.498,-476.623,-53.4514)
  jv[1] pts=5 (464.351,-617.965,-125.312) (456.899,-618.063,-119.09) (432.339,-590.878,-152.686) (439.791,-590.78,-158.909) (464.351,-617.965,-125.312)
  jv[2] pts=5 (523.379,-477.325,-52.7833) (514.165,-476.018,-47.8973) (489.605,-448.834,-81.4939) (498.819,-450.14,-86.3799) (523.379,-477.325,-52.7833)
  jv[3] pts=5 (465.232,-618.667,-124.644) (456.017,-617.361,-119.758) (431.457,-590.176,-153.354) (440.672,-591.483,-158.24) (465.232,-618.667,-124.644)
  m[0][0] pts=12 (468.931,-597.822,-111.935) (472.657,-597.773,-115.046) (480.964,-577.582,-104.78) (473.512,-577.679,-98.5582) (481.819,-557.488,-88.2924) (489.271,-557.39,-94.5145) (497.578,-537.198,-84.2487) (490.126,-537.296,-78.0266) (498.433,-517.104,-67.7608) (505.884,-517.006,-73.9829) (514.191,-496.815,-63.7171) (510.465,-496.863,-60.6061)
  m[0][1] pts=2 (468.931,-597.822,-111.935) (510.465,-496.863,-60.6061)
  f[0][0] pts=12 (468.931,-597.822,-111.935) (473.538,-598.476,-114.378) (481.845,-578.284,-104.112) (472.631,-576.977,-99.2262) (480.938,-556.785,-88.9604) (490.152,-558.092,-93.8464) (498.459,-537.9,-83.5806) (489.245,-536.594,-78.6947) (497.551,-516.402,-68.4289) (506.766,-517.708,-73.3149) (515.072,-497.517,-63.0491) (510.465,-496.863,-60.6061)
  f[0][1] pts=2 (468.931,-597.822,-111.935) (510.465,-496.863,-60.6061)
  m[1][0] pts=12 (444.371,-570.638,-145.532) (448.097,-570.589,-148.643) (456.404,-550.397,-138.377) (448.952,-550.495,-132.155) (457.259,-530.303,-121.889) (464.711,-530.205,-128.111) (473.018,-510.013,-117.845) (465.566,-510.111,-111.623) (473.872,-489.919,-101.357) (481.324,-489.821,-107.58) (489.631,-469.63,-97.3138) (485.905,-469.679,-94.2027)
  m[1][1] pts=2 (444.371,-570.638,-145.532) (485.905,-469.679,-94.2027)
  f[1][0] pts=12 (444.371,-570.638,-145.532) (448.978,-571.291,-147.975) (457.285,-551.099,-137.709) (448.071,-549.792,-132.823) (456.378,-529.601,-122.557) (465.592,-530.907,-127.443) (473.899,-510.715,-117.177) (464.685,-509.409,-112.291) (472.991,-489.217,-102.025) (482.206,-490.524,-106.911) (490.512,-470.332,-96.6457) (485.905,-469.679,-94.2027)
  f[1][1] pts=2 (444.371,-570.638,-145.532) (485.905,-469.679,-94.2027)
joint 6 type=12 v0=2 v1=7 f0_0=4 f1_0=3 name=ss_e_ip_1 orient=1 div=3 shift=0.5
  jv[0] pts=5 (611.51,-476.004,-128.244) (615.382,-467.8,-124.493) (586.814,-444.333,-157.883) (582.942,-452.538,-161.633) (611.51,-476.004,-128.244)
  jv[1] pts=5 (529.712,-471.001,-54.7401) (533.584,-462.797,-50.9895) (505.015,-439.33,-84.3791) (501.143,-447.534,-88.1297) (529.712,-471.001,-54.7401)
  jv[2] pts=5 (612.139,-476.679,-127.498) (614.753,-467.124,-125.239) (586.185,-443.658,-158.628) (583.57,-453.213,-160.888) (612.139,-476.679,-127.498)
  jv[3] pts=5 (530.34,-471.676,-53.9946) (532.955,-462.121,-51.735) (504.387,-438.655,-85.1246) (501.772,-448.21,-87.3842) (530.34,-471.676,-53.9946)
  m[0][0] pts=8 (548.007,-467.899,-67.5655) (546.071,-472.001,-69.4408) (562.431,-473.002,-84.1415) (566.303,-464.798,-80.3909) (582.663,-465.799,-95.0917) (578.791,-474.003,-98.8422) (595.15,-475.003,-113.543) (597.086,-470.901,-111.668)
  m[0][1] pts=2 (548.007,-467.899,-67.5655) (597.086,-470.901,-111.668)
  f[0][0] pts=8 (548.007,-467.899,-67.5655) (546.7,-472.677,-68.6953) (563.06,-473.677,-83.396) (565.674,-464.123,-81.1364) (582.034,-465.123,-95.8371) (579.419,-474.678,-98.0967) (595.779,-475.679,-112.797) (597.086,-470.901,-111.668)
  f[0][1] pts=2 (548.007,-467.899,-67.5655) (597.086,-470.901,-111.668)
  m[1][0] pts=8 (519.439,-444.433,-100.955) (517.503,-448.535,-102.83) (533.863,-449.536,-117.531) (537.735,-441.332,-113.781) (554.094,-442.332,-128.481) (550.222,-450.536,-132.232) (566.582,-451.537,-146.933) (568.518,-447.435,-145.057)
  m[1][1] pts=2 (519.439,-444.433,-100.955) (568.518,-447.435,-145.057)
  f[1][0] pts=8 (519.439,-444.433,-100.955) (518.131,-449.21,-102.085) (534.491,-450.211,-116.786) (537.106,-440.656,-114.526) (553.466,-441.657,-129.227) (550.851,-451.212,-131.486) (567.211,-452.212,-146.187) (568.518,-447.435,-145.057)
  f[1][1] pts=2 (519.439,-444.433,-100.955) (568.518,-447.435,-145.057)
joint 7 type=12 v0=3 v1=5 f0_0=6 f1_0=6 name=ss_e_ip_1 orient=1 div=4 shift=0.5
  jv[0] pts=5 (-481.092,-373.519,33.071) (-489.865,-369.236,32.1368) (-464.682,-348.4,-5.44561) (-455.91,-352.683,-4.51148) (-481.092,-373.519,33.071)
  jv[1] pts=5 (-519.572,-469.565,-45.9605) (-528.345,-465.282,-46.8946) (-503.162,-444.446,-84.477) (-494.39,-448.73,-83.5429) (-519.572,-469.565,-45.9605)
  jv[2] pts=5 (-456.891,-353.275,-3.31458) (-463.701,-347.808,-6.64251) (-488.883,-368.644,30.9399) (-482.074,-374.111,34.2679) (-456.891,-353.275,-3.31458)
  jv[3] pts=5 (-495.371,-449.321,-82.346) (-502.181,-443.855,-85.6739) (-527.363,-464.69,-48.0915) (-520.554,-470.157,-44.7636) (-495.371,-449.321,-82.346)
  m[0][0] pts=8 (-516.262,-448.214,-30.6213) (-511.876,-450.356,-30.1542) (-504.18,-431.147,-14.3479) (-512.953,-426.864,-15.282) (-505.257,-407.654,0.524257) (-496.484,-411.937,1.45839) (-488.788,-392.728,17.2647) (-493.174,-390.587,16.7976)
  m[0][1] pts=2 (-516.262,-448.214,-30.6213) (-493.174,-390.587,16.7976)
  f[0][0] pts=8 (-491.08,-427.379,-68.2037) (-487.675,-430.112,-66.5397) (-479.979,-410.903,-50.7334) (-486.789,-405.436,-54.0614) (-479.093,-386.227,-38.2551) (-472.283,-391.694,-34.9272) (-464.587,-372.484,-19.1209) (-467.992,-369.751,-20.7848)
  f[0][1] pts=2 (-491.08,-427.379,-68.2037) (-467.992,-369.751,-20.7848)
  m[1][0] pts=8 (-491.08,-427.379,-68.2037) (-486.694,-429.52,-67.7366) (-478.998,-410.311,-51.9303) (-487.77,-406.028,-52.8645) (-480.074,-386.819,-37.0582) (-471.302,-391.102,-36.1241) (-463.606,-371.893,-20.3178) (-467.992,-369.751,-20.7848)
  m[1][1] pts=2 (-491.08,-427.379,-68.2037) (-467.992,-369.751,-20.7848)
  f[1][0] pts=8 (-516.262,-448.214,-30.6213) (-512.858,-450.948,-28.9573) (-505.162,-431.738,-13.151) (-511.971,-426.272,-16.4789) (-504.275,-407.063,-0.672642) (-497.466,-412.529,2.65528) (-489.77,-393.32,18.4616) (-493.174,-390.587,16.7976)
  f[1][1] pts=2 (-516.262,-448.214,-30.6213) (-493.174,-390.587,16.7976)
joint 8 type=12 v0=3 v1=8 f0_0=5 f1_0=2 name=ss_e_ip_1 orient=1 div=7 shift=0.5
  jv[0] pts=5 (-245.851,-369.731,135.543) (-247.641,-361.599,140.089) (-229.742,-343.387,97.6981) (-227.952,-351.519,93.1522) (-245.851,-369.731,135.543)
  jv[1] pts=5 (-468.757,-366.875,42.65) (-470.548,-358.742,47.1959) (-452.649,-340.53,4.80533) (-450.858,-348.663,0.259423) (-468.757,-366.875,42.65)
  jv[2] pts=5 (-246.456,-370.457,136.972) (-247.036,-360.873,138.66) (-229.137,-342.661,96.2692) (-228.557,-352.245,94.581) (-246.456,-370.457,136.972)
  jv[3] pts=5 (-469.362,-367.6,44.0789) (-469.943,-358.017,45.767) (-452.044,-339.805,3.37644) (-451.463,-349.388,1.68831) (-469.362,-367.6,44.0789)
  m[0][0] pts=16 (-444.885,-363.126,55.2444) (-443.99,-367.192,52.9714) (-419.223,-367.51,63.2928) (-421.013,-359.377,67.8387) (-396.245,-359.694,78.1601) (-394.455,-367.827,73.6142) (-369.688,-368.144,83.9356) (-371.478,-360.012,88.4816) (-346.711,-360.329,98.803) (-344.92,-368.462,94.2571) (-320.153,-368.779,104.578) (-321.943,-360.646,109.124) (-297.176,-360.964,119.446) (-295.386,-369.097,114.9) (-270.618,-369.414,125.221) (-271.513,-365.348,127.494)
  m[0][1] pts=2 (-444.885,-363.126,55.2444) (-271.513,-365.348,127.494)
  f[0][0] pts=16 (-444.885,-363.126,55.2444) (-444.595,-367.918,54.4003) (-419.827,-368.235,64.7217) (-420.408,-358.652,66.4098) (-395.641,-358.969,76.7313) (-395.06,-368.553,75.0431) (-370.293,-368.87,85.3645) (-370.873,-359.286,87.0527) (-346.106,-359.604,97.3741) (-345.525,-369.187,95.686) (-320.758,-369.505,106.007) (-321.338,-359.921,107.695) (-296.571,-360.238,118.017) (-295.99,-369.822,116.329) (-271.223,-370.139,126.65) (-271.513,-365.348,127.494)
  f[0][1] pts=2 (-444.885,-363.126,55.2444) (-271.513,-365.348,127.494)
  m[1][0] pts=16 (-426.986,-344.914,12.8538) (-426.091,-348.98,10.5808) (-401.324,-349.298,20.9023) (-403.114,-341.165,25.4482) (-378.346,-341.482,35.7696) (-376.556,-349.615,31.2237) (-351.789,-349.933,41.5451) (-353.579,-341.8,46.091) (-328.812,-342.117,56.4124) (-327.021,-350.25,51.8665) (-302.254,-350.567,62.1879) (-304.044,-342.435,66.7338) (-279.277,-342.752,77.0552) (-277.487,-350.885,72.5093) (-252.719,-351.202,82.8307) (-253.614,-347.136,85.1037)
  m[1][1] pts=2 (-426.986,-344.914,12.8538) (-253.614,-347.136,85.1037)
  f[1][0] pts=16 (-426.986,-344.914,12.8538) (-426.696,-349.706,12.0097) (-401.928,-350.023,22.3311) (-402.509,-340.44,24.0193) (-377.742,-340.757,34.3407) (-377.161,-350.341,32.6526) (-352.394,-350.658,42.974) (-352.974,-341.074,44.6621) (-328.207,-341.392,54.9835) (-327.626,-350.975,53.2954) (-302.859,-351.293,63.6168) (-303.44,-341.709,65.3049) (-278.672,-342.026,75.6263) (-278.091,-351.61,73.9382) (-253.324,-351.928,84.2596) (-253.614,-347.136,85.1037)
  f[1][1] pts=2 (-426.986,-344.914,12.8538) (-253.614,-347.136,85.1037)
joint 9 type=12 v0=3 v1=6 f0_0=4 f1_0=7 name=ss_e_ip_1 orient=1 div=6 shift=0.5
  jv[0] pts=5 (-135.193,-556.632,60.6235) (-127.237,-554.353,65.4921) (-118.111,-531.293,22.5359) (-126.066,-533.572,17.6673) (-135.193,-556.632,60.6235)
  jv[1] pts=5 (-232.623,-377.584,136.041) (-224.668,-375.306,140.91) (-215.542,-352.246,97.9536) (-223.497,-354.524,93.085) (-232.623,-377.584,136.041)
  jv[2] pts=5 (-135.636,-557.536,62.1971) (-126.794,-553.449,63.9185) (-117.667,-530.389,20.9623) (-126.51,-534.476,19.2409) (-135.636,-557.536,62.1971)
  jv[3] pts=5 (-233.067,-378.489,137.615) (-224.224,-374.402,139.336) (-215.098,-351.342,96.38) (-223.941,-355.429,94.6586) (-233.067,-378.489,137.615)
  m[0][0] pts=12 (-214.727,-402.023,127.702) (-218.705,-403.163,125.267) (-204.786,-428.741,114.493) (-196.83,-426.462,119.362) (-182.912,-452.041,108.588) (-190.867,-454.319,103.719) (-176.949,-479.897,92.9454) (-168.993,-477.619,97.814) (-155.074,-503.197,87.0401) (-163.03,-505.475,82.1714) (-149.111,-531.054,71.3975) (-145.133,-529.914,73.8318)
  m[0][1] pts=2 (-214.727,-402.023,127.702) (-145.133,-529.914,73.8318)
  f[0][0] pts=12 (-214.727,-402.023,127.702) (-219.148,-404.067,126.841) (-205.229,-429.645,116.067) (-196.387,-425.558,117.788) (-182.468,-451.136,107.014) (-191.311,-455.223,105.293) (-177.392,-480.801,94.519) (-168.55,-476.715,96.2404) (-154.631,-502.293,85.4664) (-163.473,-506.38,83.7451) (-149.555,-531.958,72.9711) (-145.133,-529.914,73.8318)
  f[0][1] pts=2 (-214.727,-402.023,127.702) (-145.133,-529.914,73.8318)
  m[1][0] pts=12 (-205.601,-378.963,84.7453) (-209.578,-380.103,82.311) (-195.66,-405.681,71.5371) (-187.704,-403.402,76.4057) (-173.786,-428.981,65.6317) (-181.741,-431.259,60.7631) (-167.822,-456.837,49.9892) (-159.867,-454.559,54.8578) (-145.948,-480.137,44.0838) (-153.904,-482.415,39.2152) (-139.985,-507.994,28.4412) (-136.007,-506.854,30.8755)
  m[1][1] pts=2 (-205.601,-378.963,84.7453) (-136.007,-506.854,30.8755)
  f[1][0] pts=12 (-205.601,-378.963,84.7453) (-210.022,-381.007,83.8847) (-196.103,-406.585,73.1107) (-187.261,-402.498,74.8321) (-173.342,-428.076,64.0581) (-182.185,-432.163,62.3367) (-168.266,-457.741,51.5628) (-159.423,-453.655,53.2841) (-145.505,-479.233,42.5102) (-154.347,-483.32,40.7888) (-140.428,-508.898,30.0148) (-136.007,-506.854,30.8755)
  f[1][1] pts=2 (-205.601,-378.963,84.7453) (-136.007,-506.854,30.8755)
joint 10 type=12 v0=4 v1=6 f0_0=6 f1_0=3 name=ss_e_ip_1 orient=1 div=6 shift=0.5
  jv[0] pts=5 (236.352,-392.578,129.656) (228.591,-389.987,134.796) (219.442,-366.383,92.0683) (227.204,-368.975,86.9288) (236.352,-392.578,129.656)
  jv[1] pts=5 (135.425,-557.274,60.2834) (127.663,-554.683,65.423) (118.515,-531.079,22.6956) (126.277,-533.671,17.5561) (135.425,-557.274,60.2834)
  jv[2] pts=5 (236.809,-393.54,131.275) (228.134,-389.025,133.177) (218.986,-365.421,90.4495) (227.661,-369.936,88.5476) (236.809,-393.54,131.275)
  jv[3] pts=5 (135.881,-558.236,61.9023) (127.206,-553.721,63.8041) (118.058,-530.117,21.0768) (126.733,-534.633,19.1749) (135.881,-558.236,61.9023)
  m[0][0] pts=12 (145.962,-532.45,72.7636) (149.843,-533.746,70.1938) (164.261,-510.218,80.1042) (156.499,-507.627,85.2437) (170.918,-484.099,95.1541) (178.679,-486.69,90.0146) (193.098,-463.162,99.925) (185.336,-460.571,105.065) (199.754,-437.043,114.975) (207.516,-439.634,109.835) (221.934,-416.106,119.746) (218.053,-414.81,122.316)
  m[0][1] pts=2 (145.962,-532.45,72.7636) (218.053,-414.81,122.316)
  f[0][0] pts=12 (145.962,-532.45,72.7636) (150.3,-534.708,71.8126) (164.718,-511.18,81.723) (156.043,-506.665,83.6249) (170.461,-483.137,93.5353) (179.136,-487.652,91.6334) (193.554,-464.124,101.544) (184.879,-459.609,103.446) (199.297,-436.081,113.356) (207.973,-440.596,111.454) (222.391,-417.068,121.365) (218.053,-414.81,122.316)
  f[0][1] pts=2 (145.962,-532.45,72.7636) (218.053,-414.81,122.316)
  m[1][0] pts=12 (136.814,-508.847,30.0363) (140.695,-510.143,27.4665) (155.113,-486.615,37.3769) (147.351,-484.023,42.5164) (161.769,-460.495,52.4268) (169.531,-463.087,47.2873) (183.95,-439.559,57.1977) (176.188,-436.967,62.3372) (190.606,-413.439,72.2476) (198.368,-416.031,67.108) (212.786,-392.503,77.0184) (208.905,-391.207,79.5882)
  m[1][1] pts=2 (136.814,-508.847,30.0363) (208.905,-391.207,79.5882)
  f[1][0] pts=12 (136.814,-508.847,30.0363) (141.152,-511.105,29.0853) (155.57,-487.577,38.9957) (146.895,-483.061,40.8976) (161.313,-459.533,50.808) (169.988,-464.049,48.9061) (184.406,-440.521,58.8165) (175.731,-436.005,60.7184) (190.149,-412.477,70.6287) (198.825,-416.992,68.7269) (213.243,-393.464,78.6372) (208.905,-391.207,79.5882)
  f[1][1] pts=2 (136.814,-508.847,30.0363) (208.905,-391.207,79.5882)
joint 11 type=12 v0=4 v1=7 f0_0=4 f1_0=2 name=ss_e_ip_1 orient=1 div=3 shift=0.5
  jv[0] pts=5 (514.797,-460.694,-37.6506) (523.439,-456.02,-38.183) (498.271,-434.725,-75.5596) (489.629,-439.399,-75.0273) (514.797,-460.694,-37.6506)
  jv[1] pts=5 (478.291,-385.522,29.7603) (486.933,-380.848,29.228) (461.765,-359.552,-8.14865) (453.123,-364.226,-7.61631) (478.291,-385.522,29.7603)
  jv[2] pts=5 (490.623,-440.016,-73.8015) (497.278,-434.108,-76.7855) (522.446,-455.403,-39.4088) (515.791,-461.311,-36.4248) (490.623,-440.016,-73.8015)
  jv[3] pts=5 (454.117,-364.843,-6.39046) (460.772,-358.935,-9.37449) (485.94,-380.231,28.0022) (479.285,-386.139,30.9862) (454.117,-364.843,-6.39046)
  m[0][0] pts=8 (489.913,-398.219,16.012) (485.593,-400.556,16.2781) (492.894,-415.591,2.79595) (501.535,-410.917,2.26361) (508.837,-425.951,-11.2186) (500.195,-430.625,-10.6862) (507.496,-445.659,-24.1684) (511.817,-443.322,-24.4346)
  m[0][1] pts=2 (489.913,-398.219,16.012) (511.817,-443.322,-24.4346)
  f[0][0] pts=8 (464.745,-376.924,-21.3647) (461.418,-379.878,-19.8727) (468.719,-394.912,-33.3549) (475.374,-389.004,-36.3389) (482.675,-404.039,-49.8211) (476.02,-409.947,-46.8371) (483.321,-424.981,-60.3193) (486.649,-422.027,-61.8113)
  f[0][1] pts=2 (464.745,-376.924,-21.3647) (486.649,-422.027,-61.8113)
  m[1][0] pts=8 (464.745,-376.924,-21.3647) (460.425,-379.261,-21.0985) (467.726,-394.295,-34.5807) (476.367,-389.621,-35.113) (483.669,-404.656,-48.5952) (475.027,-409.33,-48.0629) (482.328,-424.364,-61.5451) (486.649,-422.027,-61.8113)
  m[1][1] pts=2 (464.745,-376.924,-21.3647) (486.649,-422.027,-61.8113)
  f[1][0] pts=8 (489.913,-398.219,16.012) (486.586,-401.173,17.504) (493.887,-416.207,4.02179) (500.542,-410.3,1.03777) (507.843,-425.334,-12.4444) (501.188,-431.242,-9.4604) (508.489,-446.276,-22.9426) (511.817,-443.322,-24.4346)
  f[1][1] pts=2 (489.913,-398.219,16.012) (511.817,-443.322,-24.4346)
joint 12 type=12 v0=4 v1=9 f0_0=5 f1_0=2 name=ss_e_ip_1 orient=1 div=6 shift=0.5
  jv[0] pts=5 (465.499,-379.259,39.5978) (467.28,-371.177,44.3751) (449.294,-352.281,2.24212) (447.513,-360.363,-2.53523) (465.499,-379.259,39.5978)
  jv[1] pts=5 (250.15,-384.71,129.085) (251.931,-376.628,133.862) (233.945,-357.732,91.7289) (232.164,-365.814,86.9516) (250.15,-384.71,129.085)
  jv[2] pts=5 (466.135,-380.039,41.08) (466.644,-370.397,42.8928) (448.658,-351.501,0.759837) (448.149,-361.143,-1.05295) (466.135,-380.039,41.08)
  jv[3] pts=5 (250.786,-385.49,130.567) (251.295,-375.848,132.38) (233.309,-356.952,90.2466) (232.8,-366.594,88.4339) (250.786,-385.49,130.567)
  m[0][0] pts=12 (281.805,-379.89,118.689) (280.914,-383.931,116.301) (311.679,-383.153,103.517) (313.459,-375.071,108.294) (344.223,-374.292,95.5104) (342.443,-382.374,90.7331) (373.207,-381.595,77.9492) (374.987,-373.513,82.7266) (405.752,-372.735,69.9428) (403.971,-380.816,65.1654) (434.735,-380.038,52.3816) (435.625,-375.997,54.7703)
  m[0][1] pts=2 (281.805,-379.89,118.689) (435.625,-375.997,54.7703)
  f[0][0] pts=12 (281.805,-379.89,118.689) (281.55,-384.711,117.783) (312.314,-383.933,104.999) (312.823,-374.291,106.812) (343.588,-373.512,94.0281) (343.078,-383.154,92.2154) (373.843,-382.375,79.4315) (374.352,-372.733,81.2443) (405.116,-371.954,68.4605) (404.607,-381.597,66.6477) (435.371,-380.818,53.8639) (435.625,-375.997,54.7703)
  f[0][1] pts=2 (281.805,-379.89,118.689) (435.625,-375.997,54.7703)
  m[1][0] pts=12 (263.818,-360.994,76.5564) (262.928,-365.035,74.1677) (293.692,-364.257,61.3839) (295.473,-356.175,66.1613) (326.237,-355.396,53.3774) (324.456,-363.478,48.6001) (355.22,-362.699,35.8163) (357.001,-354.618,40.5936) (387.765,-353.839,27.8098) (385.985,-361.921,23.0324) (416.749,-361.142,10.2486) (417.639,-357.101,12.6373)
  m[1][1] pts=2 (263.818,-360.994,76.5564) (417.639,-357.101,12.6373)
  f[1][0] pts=12 (263.818,-360.994,76.5564) (263.564,-365.816,75.65) (294.328,-365.037,62.8662) (294.837,-355.395,64.679) (325.601,-354.616,51.8952) (325.092,-364.258,50.0824) (355.856,-363.479,37.2985) (356.365,-353.837,39.1113) (387.13,-353.059,26.3275) (386.62,-362.701,24.5147) (417.384,-361.922,11.7309) (417.639,-357.101,12.6373)
  f[1][1] pts=2 (263.818,-360.994,76.5564) (417.639,-357.101,12.6373)
joint 13 type=12 v0=5 v1=8 f0_0=2 f1_0=7 name=ss_e_ip_1 orient=1 div=5 shift=0.5
  jv[0] pts=5 (-464.692,-339.945,-3.77336) (-458.946,-336.104,3.04618) (-485.531,-350.135,42.6372) (-491.277,-353.977,35.8176) (-464.692,-339.945,-3.77336)
  jv[1] pts=5 (-565.393,-173.805,-12.5127) (-559.646,-169.964,-5.69313) (-586.231,-183.995,33.8979) (-591.978,-187.837,27.0783) (-565.393,-173.805,-12.5127)
  jv[2] pts=5 (-492.404,-354.596,37.0381) (-484.404,-349.516,41.4167) (-457.819,-335.485,1.82571) (-465.819,-340.564,-2.55288) (-492.404,-354.596,37.0381)
  jv[3] pts=5 (-593.105,-188.456,28.2988) (-585.104,-183.376,32.6774) (-558.519,-169.345,-6.91361) (-566.52,-174.424,-11.2922) (-593.105,-188.456,28.2988)
  m[0][0] pts=12 (-548.134,-195.619,-7.85443) (-551.007,-197.54,-11.2642) (-536.621,-221.274,-10.0157) (-530.875,-217.432,-3.19618) (-516.489,-241.167,-1.94771) (-522.235,-245.008,-8.76725) (-507.849,-268.743,-7.51878) (-502.103,-264.901,-0.699237) (-487.717,-288.635,0.549237) (-493.464,-292.477,-6.2703) (-479.078,-316.211,-5.02183) (-476.205,-314.29,-1.61206)
  m[0][1] pts=2 (-548.134,-195.619,-7.85443) (-476.205,-314.29,-1.61206)
  f[0][0] pts=12 (-574.719,-209.65,31.7366) (-578.719,-212.19,29.5473) (-564.333,-235.924,30.7958) (-556.333,-230.844,35.1743) (-541.947,-254.579,36.4228) (-549.947,-259.658,32.0442) (-535.562,-283.393,33.2927) (-527.561,-278.313,37.6713) (-513.175,-302.047,38.9198) (-521.176,-307.127,34.5412) (-506.79,-330.861,35.7896) (-502.79,-328.321,37.9789)
  f[0][1] pts=2 (-574.719,-209.65,31.7366) (-502.79,-328.321,37.9789)
  m[1][0] pts=12 (-574.719,-209.65,31.7366) (-577.592,-211.571,28.3268) (-563.206,-235.305,29.5753) (-557.46,-231.463,36.3948) (-543.074,-255.198,37.6433) (-548.82,-259.039,30.8238) (-534.434,-282.774,32.0722) (-528.688,-278.932,38.8918) (-514.302,-302.666,40.1402) (-520.049,-306.508,33.3207) (-505.663,-330.242,34.5692) (-502.79,-328.321,37.9789)
  m[1][1] pts=2 (-574.719,-209.65,31.7366) (-502.79,-328.321,37.9789)
  f[1][0] pts=12 (-548.134,-195.619,-7.85443) (-552.134,-198.159,-10.0437) (-537.748,-221.893,-8.79525) (-529.747,-216.813,-4.41666) (-515.362,-240.548,-3.16819) (-523.362,-245.627,-7.54678) (-508.977,-269.362,-6.2983) (-500.976,-264.282,-1.91971) (-486.59,-288.016,-0.671238) (-494.591,-293.096,-5.04983) (-480.205,-316.83,-3.80136) (-476.205,-314.29,-1.61206)
  f[1][1] pts=2 (-548.134,-195.619,-7.85443) (-476.205,-314.29,-1.61206)
joint 14 type=12 v0=5 v1=10 f0_0=3 f1_0=5 name=ss_e_ip_1 orient=1 div=3 shift=0.5
  jv[0] pts=5 (-571.438,-170.553,-16.2262) (-573.516,-161.144,-13.5699) (-605.712,-169.828,23.6791) (-603.634,-179.237,21.0227) (-571.438,-170.553,-16.2262)
  jv[1] pts=5 (-655.872,-168.723,-88.7803) (-657.951,-159.315,-86.124) (-690.147,-167.999,-48.8751) (-688.068,-177.407,-51.5314) (-655.872,-168.723,-88.7803)
  jv[2] pts=5 (-604.736,-179.553,22.2971) (-604.61,-169.513,22.4047) (-572.415,-160.829,-14.8443) (-572.54,-170.869,-14.9518) (-604.736,-179.553,22.2971)
  jv[3] pts=5 (-689.17,-177.723,-50.257) (-689.045,-167.683,-50.1494) (-656.849,-158.999,-87.3984) (-656.974,-169.039,-87.5059) (-689.17,-177.723,-50.257)
  m[0][0] pts=8 (-640.025,-164.385,-72.9413) (-638.986,-169.089,-74.2695) (-622.099,-169.455,-59.7587) (-624.177,-160.047,-57.1023) (-607.29,-160.413,-42.5915) (-605.212,-169.821,-45.2478) (-588.325,-170.187,-30.737) (-589.364,-165.483,-29.4088)
  m[0][1] pts=2 (-640.025,-164.385,-72.9413) (-589.364,-165.483,-29.4088)
  f[0][0] pts=8 (-672.221,-173.069,-35.6924) (-672.283,-178.089,-35.7462) (-655.396,-178.455,-21.2353) (-655.271,-168.415,-21.1278) (-638.384,-168.781,-6.61698) (-638.509,-178.821,-6.72451) (-621.623,-179.187,7.78631) (-621.56,-174.167,7.84008)
  f[0][1] pts=2 (-672.221,-173.069,-35.6924) (-621.56,-174.167,7.84008)
  m[1][0] pts=8 (-672.221,-173.069,-35.6924) (-671.181,-177.773,-37.0206) (-654.294,-178.139,-22.5097) (-656.373,-168.731,-19.8534) (-639.486,-169.097,-5.34258) (-637.408,-178.505,-7.99891) (-620.521,-178.871,6.51191) (-621.56,-174.167,7.84008)
  m[1][1] pts=2 (-672.221,-173.069,-35.6924) (-621.56,-174.167,7.84008)
  f[1][0] pts=8 (-640.025,-164.385,-72.9413) (-640.087,-169.405,-72.9951) (-623.201,-169.771,-58.4843) (-623.075,-159.731,-58.3767) (-606.188,-160.097,-43.8659) (-606.314,-170.137,-43.9734) (-589.427,-170.503,-29.4626) (-589.364,-165.483,-29.4088)
  f[1][1] pts=2 (-640.025,-164.385,-72.9413) (-589.364,-165.483,-29.4088)
joint 15 type=12 v0=6 v1=8 f0_0=6 f1_0=3 name=ss_e_ip_1 orient=1 div=5 shift=0.5
  jv[0] pts=5 (-150.801,-216.502,205.846) (-159.563,-212.604,207.488) (-149.823,-198.095,160.93) (-141.061,-201.994,159.288) (-150.801,-216.502,205.846)
  jv[1] pts=5 (-224.706,-357.58,146.422) (-233.468,-353.681,148.064) (-223.728,-339.173,101.506) (-214.966,-343.071,99.8638) (-224.706,-357.58,146.422)
  jv[2] pts=5 (-151.222,-217.11,207.812) (-159.141,-211.997,205.522) (-149.402,-197.488,158.964) (-141.482,-202.601,161.254) (-151.222,-217.11,207.812)
  jv[3] pts=5 (-225.127,-358.187,148.388) (-233.046,-353.074,146.098) (-223.306,-338.565,99.5398) (-215.387,-343.678,101.83) (-225.127,-358.187,148.388)
  m[0][0] pts=12 (-218.529,-335.477,155.732) (-214.148,-337.426,154.911) (-203.59,-317.272,163.4) (-212.352,-313.373,165.042) (-201.794,-293.22,173.532) (-193.032,-297.118,171.89) (-182.474,-276.964,180.379) (-191.236,-273.066,182.021) (-180.678,-252.912,190.51) (-171.916,-256.81,188.868) (-161.359,-236.656,197.357) (-165.74,-234.707,198.178)
  m[0][1] pts=2 (-218.529,-335.477,155.732) (-165.74,-234.707,198.178)
  f[0][0] pts=12 (-218.529,-335.477,155.732) (-214.569,-338.033,156.877) (-204.011,-317.879,165.366) (-211.93,-312.766,163.076) (-201.373,-292.612,171.566) (-193.454,-297.725,173.856) (-182.896,-277.571,182.345) (-190.815,-272.458,180.055) (-180.257,-252.304,188.544) (-172.338,-257.417,190.834) (-161.78,-237.264,199.323) (-165.74,-234.707,198.178)
  f[0][1] pts=2 (-218.529,-335.477,155.732) (-165.74,-234.707,198.178)
  m[1][0] pts=12 (-208.789,-320.968,109.174) (-204.408,-322.917,108.353) (-193.85,-302.763,116.842) (-202.612,-298.865,118.484) (-192.054,-278.711,126.973) (-183.292,-282.609,125.331) (-172.734,-262.455,133.82) (-181.496,-258.557,135.463) (-170.939,-238.403,143.952) (-162.177,-242.301,142.31) (-151.619,-222.147,150.799) (-156,-220.198,151.62)
  m[1][1] pts=2 (-208.789,-320.968,109.174) (-156,-220.198,151.62)
  f[1][0] pts=12 (-208.789,-320.968,109.174) (-204.829,-323.524,110.319) (-194.271,-303.37,118.808) (-202.191,-298.257,116.518) (-191.633,-278.103,125.007) (-183.714,-283.217,127.297) (-173.156,-263.063,135.787) (-181.075,-257.95,133.496) (-170.517,-237.796,141.986) (-162.598,-242.909,144.276) (-152.04,-222.755,152.765) (-156,-220.198,151.62)
  f[1][1] pts=2 (-208.789,-320.968,109.174) (-156,-220.198,151.62)
joint 16 type=12 v0=6 v1=9 f0_0=4 f1_0=7 name=ss_e_ip_1 orient=1 div=5 shift=0.5
  jv[0] pts=5 (229.09,-372.311,140.217) (237.908,-368.557,141.798) (228.155,-353.867,95.3162) (219.336,-357.622,93.7347) (229.09,-372.311,140.217)
  jv[1] pts=5 (151.024,-216.588,205.81) (159.843,-212.833,207.392) (150.089,-198.144,160.909) (141.271,-201.899,159.328) (151.024,-216.588,205.81)
  jv[2] pts=5 (229.509,-372.921,142.164) (237.489,-367.947,139.851) (227.735,-353.257,93.3691) (219.755,-358.232,95.6818) (229.509,-372.921,142.164)
  jv[3] pts=5 (151.444,-217.198,207.757) (159.424,-212.223,205.444) (149.67,-197.534,158.962) (141.69,-202.509,161.275) (151.444,-217.198,207.757)
  m[0][0] pts=12 (166.586,-236.957,197.23) (162.177,-238.834,196.44) (173.329,-261.08,187.069) (182.147,-257.326,188.651) (193.299,-279.572,179.28) (184.481,-283.327,177.699) (195.633,-305.573,168.328) (204.452,-301.818,169.91) (215.604,-324.064,160.539) (206.785,-327.819,158.958) (217.938,-350.065,149.587) (222.347,-348.188,150.378)
  m[0][1] pts=2 (166.586,-236.957,197.23) (222.347,-348.188,150.378)
  f[0][0] pts=12 (166.586,-236.957,197.23) (162.596,-239.444,198.387) (173.748,-261.69,189.016) (181.728,-256.716,186.704) (192.88,-278.962,177.333) (184.9,-283.937,179.646) (196.052,-306.183,170.275) (204.032,-301.208,167.963) (215.185,-323.454,158.592) (207.205,-328.429,160.905) (218.357,-350.675,151.534) (222.347,-348.188,150.378)
  f[0][1] pts=2 (166.586,-236.957,197.23) (222.347,-348.188,150.378)
  m[1][0] pts=12 (156.832,-222.268,150.748) (152.423,-224.145,149.957) (163.575,-246.391,140.587) (172.393,-242.636,142.169) (183.546,-264.883,132.798) (174.727,-268.637,131.217) (185.879,-290.883,121.846) (194.698,-287.129,123.428) (205.85,-309.375,114.057) (197.032,-313.13,112.476) (208.184,-335.376,103.105) (212.593,-333.498,103.896)
  m[1][1] pts=2 (156.832,-222.268,150.748) (212.593,-333.498,103.896)
  f[1][0] pts=12 (156.832,-222.268,150.748) (152.842,-224.755,151.905) (163.994,-247.001,142.534) (171.974,-242.026,140.221) (183.126,-264.273,130.851) (175.146,-269.247,133.164) (186.299,-291.493,123.793) (194.279,-286.519,121.48) (205.431,-308.765,112.11) (197.451,-313.74,114.423) (208.603,-335.986,105.052) (212.593,-333.498,103.896)
  f[1][1] pts=2 (156.832,-222.268,150.748) (212.593,-333.498,103.896)
joint 17 type=12 v0=6 v1=11 f0_0=5 f1_0=2 name=ss_e_ip_1 orient=1 div=7 shift=0.5
  jv[0] pts=5 (136.362,-208.451,209.238) (136.362,-199.755,212.9) (136.362,-189.55,164.529) (136.362,-198.246,160.867) (136.362,-208.451,209.238)
  jv[1] pts=5 (-135.962,-208.451,209.238) (-135.962,-199.755,212.9) (-135.962,-189.55,164.529) (-135.962,-198.246,160.867) (-135.962,-208.451,209.238)
  jv[2] pts=5 (136.362,-208.907,211.069) (136.362,-199.299,211.069) (136.362,-189.094,162.698) (136.362,-198.702,162.698) (136.362,-208.907,211.069)
  jv[3] pts=5 (-135.962,-208.907,211.069) (-135.962,-199.299,211.069) (-135.962,-189.094,162.698) (-135.962,-198.702,162.698) (-135.962,-208.907,211.069)
  m[0][0] pts=16 (-105.704,-204.103,211.069) (-105.704,-208.451,209.238) (-75.4458,-208.451,209.238) (-75.4458,-199.755,212.9) (-45.1876,-199.755,212.9) (-45.1876,-208.451,209.238) (-14.9293,-208.451,209.238) (-14.9293,-199.755,212.9) (15.329,-199.755,212.9) (15.329,-208.451,209.238) (45.5873,-208.451,209.238) (45.5873,-199.755,212.9) (75.8455,-199.755,212.9) (75.8455,-208.451,209.238) (106.104,-208.451,209.238) (106.104,-204.103,211.069)
  m[0][1] pts=2 (-105.704,-204.103,211.069) (106.104,-204.103,211.069)
  f[0][0] pts=16 (-105.704,-204.103,211.069) (-105.704,-208.907,211.069) (-75.4458,-208.907,211.069) (-75.4458,-199.299,211.069) (-45.1876,-199.299,211.069) (-45.1876,-208.907,211.069) (-14.9293,-208.907,211.069) (-14.9293,-199.299,211.069) (15.329,-199.299,211.069) (15.329,-208.907,211.069) (45.5873,-208.907,211.069) (45.5873,-199.299,211.069) (75.8455,-199.299,211.069) (75.8455,-208.907,211.069) (106.104,-208.907,211.069) (106.104,-204.103,211.069)
  f[0][1] pts=2 (-105.704,-204.103,211.069) (106.104,-204.103,211.069)
  m[1][0] pts=16 (-105.704,-193.898,162.698) (-105.704,-198.246,160.867) (-75.4458,-198.246,160.867) (-75.4458,-189.55,164.529) (-45.1876,-189.55,164.529) (-45.1876,-198.246,160.867) (-14.9293,-198.246,160.867) (-14.9293,-189.55,164.529) (15.329,-189.55,164.529) (15.329,-198.246,160.867) (45.5873,-198.246,160.867) (45.5873,-189.55,164.529) (75.8455,-189.55,164.529) (75.8455,-198.246,160.867) (106.104,-198.246,160.867) (106.104,-193.898,162.698)
  m[1][1] pts=2 (-105.704,-193.898,162.698) (106.104,-193.898,162.698)
  f[1][0] pts=16 (-105.704,-193.898,162.698) (-105.704,-198.702,162.698) (-75.4458,-198.702,162.698) (-75.4458,-189.094,162.698) (-45.1876,-189.094,162.698) (-45.1876,-198.702,162.698) (-14.9293,-198.702,162.698) (-14.9293,-189.094,162.698) (15.329,-189.094,162.698) (15.329,-198.702,162.698) (45.5873,-198.702,162.698) (45.5873,-189.094,162.698) (75.8455,-189.094,162.698) (75.8455,-198.702,162.698) (106.104,-198.702,162.698) (106.104,-193.898,162.698)
  f[1][1] pts=2 (-105.704,-193.898,162.698) (106.104,-193.898,162.698)
joint 18 type=12 v0=7 v1=9 f0_0=6 f1_0=3 name=ss_e_ip_1 orient=1 div=6 shift=0.5
  jv[0] pts=5 (566.104,-173.705,-13.084) (560.281,-170.019,-6.2712) (586.895,-184.207,33.2207) (592.718,-187.892,26.4079) (566.104,-173.705,-13.084)
  jv[1] pts=5 (461.304,-351.675,-6.39254) (455.48,-347.99,0.420263) (482.094,-362.177,39.9121) (487.918,-365.862,33.0993) (461.304,-351.675,-6.39254)
  jv[2] pts=5 (593.834,-188.504,27.6031) (585.779,-183.594,32.0255) (559.165,-169.407,-7.46643) (567.22,-174.317,-11.8888) (593.834,-188.504,27.6031)
  jv[3] pts=5 (489.034,-366.474,34.2946) (480.978,-361.565,38.7169) (454.364,-347.378,-0.774969) (462.42,-352.287,-5.19731) (489.034,-366.474,34.2946)
  m[0][0] pts=12 (473.364,-324.408,-3.94206) (476.275,-326.251,-7.34846) (491.247,-300.827,-8.30439) (485.423,-297.141,-1.49158) (500.395,-271.717,-2.44751) (506.218,-275.402,-9.26031) (521.19,-249.978,-10.2162) (515.366,-246.292,-3.40343) (530.338,-220.868,-4.35935) (536.161,-224.554,-11.1722) (551.133,-199.129,-12.1281) (548.221,-197.287,-8.72168)
  m[0][1] pts=2 (473.364,-324.408,-3.94206) (548.221,-197.287,-8.72168)
  f[0][0] pts=12 (499.977,-338.595,35.5498) (504.005,-341.05,33.3387) (518.977,-315.626,32.3827) (510.921,-310.716,36.8051) (525.893,-285.292,35.8491) (533.948,-290.201,31.4268) (548.92,-264.777,30.4709) (540.864,-259.867,34.8932) (555.836,-234.443,33.9373) (563.891,-239.353,29.515) (578.863,-213.929,28.559) (574.835,-211.474,30.7702)
  f[0][1] pts=2 (499.977,-338.595,35.5498) (574.835,-211.474,30.7702)
  m[1][0] pts=12 (499.977,-338.595,35.5498) (502.889,-340.438,32.1434) (517.861,-315.014,31.1875) (512.037,-311.328,38.0003) (527.009,-285.904,37.0444) (532.832,-289.589,30.2316) (547.804,-264.165,29.2756) (541.98,-260.48,36.0885) (556.952,-235.055,35.1325) (562.775,-238.741,28.3197) (577.747,-213.316,27.3638) (574.835,-211.474,30.7702)
  m[1][1] pts=2 (499.977,-338.595,35.5498) (574.835,-211.474,30.7702)
  f[1][0] pts=12 (473.364,-324.408,-3.94206) (477.391,-326.863,-6.15323) (492.363,-301.439,-7.10916) (484.307,-296.529,-2.68682) (499.279,-271.105,-3.64274) (507.334,-276.014,-8.06508) (522.306,-250.59,-9.021) (514.25,-245.68,-4.59866) (529.222,-220.256,-5.55459) (537.277,-225.166,-9.97693) (552.249,-199.741,-10.9328) (548.221,-197.287,-8.72168)
  f[1][1] pts=2 (473.364,-324.408,-3.94206) (548.221,-197.287,-8.72168)
joint 19 type=12 v0=7 v1=12 f0_0=5 f1_0=3 name=ss_e_ip_1 orient=1 div=3 shift=0.5
  jv[0] pts=5 (655.875,-168.723,-88.7822) (657.953,-159.315,-86.1259) (690.149,-167.999,-48.8769) (688.071,-177.407,-51.5333) (655.875,-168.723,-88.7822)
  jv[1] pts=5 (572.017,-170.54,-16.7243) (574.096,-161.132,-14.068) (606.292,-169.816,23.1809) (604.213,-179.224,20.5246) (572.017,-170.54,-16.7243)
  jv[2] pts=5 (689.172,-177.723,-50.2589) (689.047,-167.683,-50.1513) (656.851,-158.999,-87.4003) (656.977,-169.039,-87.5078) (689.172,-177.723,-50.2589)
  jv[3] pts=5 (605.315,-179.54,21.799) (605.19,-169.5,21.9065) (572.994,-160.816,-15.3424) (573.119,-170.856,-15.4499) (605.315,-179.54,21.799)
  m[0][0] pts=8 (589.828,-165.473,-29.8077) (588.789,-170.177,-31.1359) (605.56,-169.813,-45.5475) (607.639,-160.405,-42.8911) (624.41,-160.042,-57.3027) (622.332,-169.45,-59.959) (639.103,-169.087,-74.3706) (640.143,-164.382,-73.0425)
  m[0][1] pts=2 (589.828,-165.473,-29.8077) (640.143,-164.382,-73.0425)
  f[0][0] pts=8 (622.024,-174.157,7.44118) (622.087,-179.177,7.38741) (638.858,-178.813,-7.02416) (638.733,-168.773,-6.91662) (655.504,-168.41,-21.3282) (655.63,-178.45,-21.4357) (672.401,-178.086,-35.8473) (672.338,-173.066,-35.7935)
  f[0][1] pts=2 (622.024,-174.157,7.44118) (672.338,-173.066,-35.7935)
  m[1][0] pts=8 (622.024,-174.157,7.44118) (620.985,-178.861,6.11302) (637.756,-178.497,-8.29855) (639.835,-169.089,-5.64222) (656.606,-168.726,-20.0538) (654.528,-178.134,-22.7101) (671.299,-177.771,-37.1217) (672.338,-173.066,-35.7935)
  m[1][1] pts=2 (622.024,-174.157,7.44118) (672.338,-173.066,-35.7935)
  f[1][0] pts=8 (589.828,-165.473,-29.8077) (589.891,-170.493,-29.8615) (606.662,-170.129,-44.2731) (606.537,-160.089,-44.1655) (623.309,-159.726,-58.5771) (623.434,-169.766,-58.6846) (640.205,-169.402,-73.0962) (640.143,-164.382,-73.0425)
  f[1][1] pts=2 (589.828,-165.473,-29.8077) (640.143,-164.382,-73.0425)
joint 20 type=12 v0=8 v1=11 f0_0=4 f1_0=7 name=ss_e_ip_1 orient=1 div=6 shift=0.5
  jv[0] pts=5 (-159.269,-194.301,209.035) (-151.389,-190.513,213.103) (-141.324,-185.675,164.732) (-149.204,-189.463,160.664) (-159.269,-194.301,209.035)
  jv[1] pts=5 (-246.259,-13.3258,209.035) (-238.379,-9.53798,213.103) (-228.314,-4.69995,164.732) (-236.194,-8.4878,160.664) (-246.259,-13.3258,209.035)
  jv[2] pts=5 (-159.766,-194.54,211.069) (-150.893,-190.275,211.069) (-140.827,-185.437,162.698) (-149.701,-189.702,162.698) (-159.766,-194.54,211.069)
  jv[3] pts=5 (-246.756,-13.5645,211.069) (-237.882,-9.29933,211.069) (-227.817,-4.46129,162.698) (-236.69,-8.72645,162.698) (-246.756,-13.5645,211.069)
  m[0][0] pts=12 (-229.892,-37.2855,211.069) (-233.832,-39.1795,209.035) (-221.405,-65.0331,209.035) (-213.525,-61.2452,213.103) (-201.097,-87.0988,213.103) (-208.978,-90.8867,209.035) (-196.551,-116.74,209.035) (-188.67,-112.952,213.103) (-176.243,-138.806,213.103) (-184.124,-142.594,209.035) (-171.697,-168.448,209.035) (-167.756,-166.554,211.069)
  m[0][1] pts=2 (-229.892,-37.2855,211.069) (-167.756,-166.554,211.069)
  f[0][0] pts=12 (-229.892,-37.2855,211.069) (-234.328,-39.4181,211.069) (-221.901,-65.2717,211.069) (-213.028,-61.0066,211.069) (-200.601,-86.8602,211.069) (-209.474,-91.1253,211.069) (-197.047,-116.979,211.069) (-188.174,-112.714,211.069) (-175.747,-138.567,211.069) (-184.62,-142.833,211.069) (-172.193,-168.686,211.069) (-167.756,-166.554,211.069)
  f[0][1] pts=2 (-229.892,-37.2855,211.069) (-167.756,-166.554,211.069)
  m[1][0] pts=12 (-219.827,-32.4475,162.698) (-223.767,-34.3414,160.664) (-211.34,-60.195,160.664) (-203.459,-56.4072,164.732) (-191.032,-82.2608,164.732) (-198.913,-86.0487,160.664) (-186.486,-111.902,160.664) (-178.605,-108.114,164.732) (-166.178,-133.968,164.732) (-174.058,-137.756,160.664) (-161.631,-163.609,160.664) (-157.691,-161.716,162.698)
  m[1][1] pts=2 (-219.827,-32.4475,162.698) (-157.691,-161.716,162.698)
  f[1][0] pts=12 (-219.827,-32.4475,162.698) (-224.263,-34.5801,162.698) (-211.836,-60.4337,162.698) (-202.963,-56.1685,162.698) (-190.536,-82.0221,162.698) (-199.409,-86.2873,162.698) (-186.982,-112.141,162.698) (-178.109,-107.876,162.698) (-165.682,-133.729,162.698) (-174.555,-137.995,162.698) (-162.128,-163.848,162.698) (-157.691,-161.716,162.698)
  f[1][1] pts=2 (-219.827,-32.4475,162.698) (-157.691,-161.716,162.698)
joint 21 type=12 v0=8 v1=10 f0_0=6 f1_0=6 name=ss_e_ip_1 orient=1 div=5 shift=0.5
  jv[0] pts=5 (-516.529,-12.7539,95.8214) (-524.692,-8.04114,93.3485) (-497.217,-4.36791,52.0431) (-489.054,-9.08069,54.5159) (-516.529,-12.7539,95.8214)
  jv[1] pts=5 (-586.726,-165.987,35.5021) (-594.889,-161.275,33.0292) (-567.413,-157.601,-8.27623) (-559.251,-162.314,-5.80335) (-586.726,-165.987,35.5021)
  jv[2] pts=5 (-490.191,-9.06912,55.8096) (-496.08,-4.37949,50.7494) (-523.555,-8.05272,92.0548) (-517.666,-12.7423,97.1151) (-490.191,-9.06912,55.8096)
  jv[3] pts=5 (-560.388,-162.303,-4.50966) (-566.277,-157.613,-9.56992) (-593.752,-161.286,31.7355) (-587.863,-165.976,36.7958) (-560.388,-162.303,-4.50966)
  m[0][0] pts=12 (-580.779,-141.74,42.8827) (-576.698,-144.097,44.1192) (-566.67,-122.206,52.7362) (-574.832,-117.494,50.2633) (-564.804,-95.6031,58.8804) (-556.642,-100.316,61.3532) (-546.614,-78.4254,69.9703) (-554.776,-73.7126,67.4974) (-544.748,-51.8221,76.1144) (-536.586,-56.5349,78.5873) (-526.557,-34.6444,87.2044) (-530.639,-32.288,85.9679)
  m[0][1] pts=2 (-580.779,-141.74,42.8827) (-530.639,-32.288,85.9679)
  f[0][0] pts=12 (-553.304,-138.067,1.57725) (-550.36,-140.412,4.10738) (-540.332,-118.522,12.7244) (-546.22,-113.832,7.66416) (-536.192,-91.9414,16.2812) (-530.303,-96.6311,21.3415) (-520.275,-74.7406,29.9585) (-526.164,-70.0509,24.8982) (-516.136,-48.1605,33.5153) (-510.247,-52.8501,38.5755) (-500.219,-30.9596,47.1926) (-503.164,-28.6148,44.6625)
  f[0][1] pts=2 (-553.304,-138.067,1.57725) (-503.164,-28.6148,44.6625)
  m[1][0] pts=12 (-553.304,-138.067,1.57725) (-549.223,-140.424,2.81369) (-539.195,-118.533,11.4307) (-547.357,-113.82,8.95785) (-537.329,-91.9298,17.5749) (-529.167,-96.6426,20.0478) (-519.139,-74.7521,28.6648) (-527.301,-70.0394,26.1919) (-517.273,-48.1489,34.809) (-509.11,-52.8617,37.2819) (-499.082,-30.9712,45.8989) (-503.164,-28.6148,44.6625)
  m[1][1] pts=2 (-553.304,-138.067,1.57725) (-503.164,-28.6148,44.6625)
  f[1][0] pts=12 (-580.779,-141.74,42.8827) (-577.835,-144.085,45.4128) (-567.807,-122.195,54.0299) (-573.696,-117.505,48.9696) (-563.667,-95.6147,57.5867) (-557.779,-100.304,62.6469) (-547.751,-78.4138,71.264) (-553.639,-73.7242,66.2037) (-543.611,-51.8337,74.8207) (-537.722,-56.5233,79.881) (-527.694,-34.6328,88.498) (-530.639,-32.288,85.9679)
  f[1][1] pts=2 (-580.779,-141.74,42.8827) (-530.639,-32.288,85.9679)
joint 22 type=12 v0=8 v1=13 f0_0=5 f1_0=2 name=ss_e_ip_1 orient=1 div=7 shift=0.5
  jv[0] pts=5 (-260.059,-4.6206,205.003) (-260.724,4.6206,206.587) (-241.621,4.6206,161.03) (-240.957,-4.6206,159.446) (-260.059,-4.6206,205.003)
  jv[1] pts=5 (-502.947,-4.6206,103.156) (-503.612,4.6206,104.74) (-484.509,4.6206,59.1834) (-483.845,-4.6206,57.5993) (-502.947,-4.6206,103.156)
  jv[2] pts=5 (-260.724,-4.6206,206.587) (-260.059,4.6206,205.003) (-240.957,4.6206,159.446) (-241.621,-4.6206,161.03) (-260.724,-4.6206,206.587)
  jv[3] pts=5 (-503.612,-4.6206,104.74) (-502.947,4.6206,103.156) (-483.845,4.6206,57.5993) (-484.509,-4.6206,59.1834) (-503.612,-4.6206,104.74)
  m[0][0] pts=16 (-476.292,-4.66688e-12,115.264) (-475.96,-4.6206,114.472) (-448.972,-4.6206,125.789) (-449.636,4.6206,127.373) (-422.649,4.6206,138.689) (-421.985,-4.6206,137.105) (-394.997,-4.6206,148.421) (-395.661,4.6206,150.005) (-368.674,4.6206,161.322) (-368.01,-4.6206,159.738) (-341.022,-4.6206,171.054) (-341.686,4.6206,172.638) (-314.699,4.6206,183.954) (-314.035,-4.6206,182.37) (-287.047,-4.6206,193.687) (-287.379,-1.03877e-12,194.479)
  m[0][1] pts=2 (-476.292,-4.66688e-12,115.264) (-287.379,-1.03877e-12,194.479)
  f[0][0] pts=16 (-476.292,-4.66688e-12,115.264) (-476.624,-4.6206,116.056) (-449.636,-4.6206,127.373) (-448.972,4.6206,125.789) (-421.985,4.6206,137.105) (-422.649,-4.6206,138.689) (-395.661,-4.6206,150.005) (-394.997,4.6206,148.421) (-368.01,4.6206,159.738) (-368.674,-4.6206,161.322) (-341.686,-4.6206,172.638) (-341.022,4.6206,171.054) (-314.035,4.6206,182.37) (-314.699,-4.6206,183.954) (-287.711,-4.6206,195.271) (-287.379,-1.03877e-12,194.479)
  f[0][1] pts=2 (-476.292,-4.66688e-12,115.264) (-287.379,-1.03877e-12,194.479)
  m[1][0] pts=16 (-457.189,-2.97579e-12,69.7077) (-456.857,-4.6206,68.9157) (-429.87,-4.6206,80.232) (-430.534,4.6206,81.8161) (-403.546,4.6206,93.1324) (-402.882,-4.6206,91.5484) (-375.895,-4.6206,102.865) (-376.559,4.6206,104.449) (-349.571,4.6206,115.765) (-348.907,-4.6206,114.181) (-321.919,-4.6206,125.497) (-322.584,4.6206,127.081) (-295.596,4.6206,138.398) (-294.932,-4.6206,136.814) (-267.944,-4.6206,148.13) (-268.276,6.52318e-13,148.922)
  m[1][1] pts=2 (-457.189,-2.97579e-12,69.7077) (-268.276,6.52318e-13,148.922)
  f[1][0] pts=16 (-457.189,-2.97579e-12,69.7077) (-457.521,-4.6206,70.4998) (-430.534,-4.6206,81.8161) (-429.87,4.6206,80.232) (-402.882,4.6206,91.5484) (-403.546,-4.6206,93.1324) (-376.559,-4.6206,104.449) (-375.895,4.6206,102.865) (-348.907,4.6206,114.181) (-349.571,-4.6206,115.765) (-322.584,-4.6206,127.081) (-321.919,4.6206,125.497) (-294.932,4.6206,136.814) (-295.596,-4.6206,138.398) (-268.609,-4.6206,149.714) (-268.276,6.52318e-13,148.922)
  f[1][1] pts=2 (-457.189,-2.97579e-12,69.7077) (-268.276,6.52318e-13,148.922)
joint 23 type=12 v0=9 v1=11 f0_0=6 f1_0=3 name=ss_e_ip_1 orient=1 div=6 shift=0.5
  jv[0] pts=5 (250.256,-13.4203,209.011) (242.431,-9.51107,213.127) (232.344,-4.47252,164.756) (240.17,-8.38176,160.64) (250.256,-13.4203,209.011)
  jv[1] pts=5 (159.789,-194.527,209.011) (151.963,-190.617,213.127) (141.876,-185.579,164.756) (149.702,-189.488,160.64) (159.789,-194.527,209.011)
  jv[2] pts=5 (250.759,-13.6712,211.069) (241.928,-9.26013,211.069) (231.842,-4.22158,162.698) (240.672,-8.6327,162.698) (250.759,-13.6712,211.069)
  jv[3] pts=5 (160.291,-194.778,211.069) (151.461,-190.367,211.069) (141.374,-185.328,162.698) (150.205,-189.739,162.698) (160.291,-194.778,211.069)
  m[0][0] pts=12 (168.8,-166.7,211.069) (172.713,-168.654,209.011) (185.637,-142.782,209.011) (177.811,-138.873,213.127) (190.735,-113,213.127) (198.561,-116.91,209.011) (211.485,-91.0374,209.011) (203.659,-87.1281,213.127) (216.583,-61.2558,213.127) (224.409,-65.165,209.011) (237.333,-39.2927,209.011) (233.42,-37.338,211.069)
  m[0][1] pts=2 (168.8,-166.7,211.069) (233.42,-37.338,211.069)
  f[0][0] pts=12 (168.8,-166.7,211.069) (173.215,-168.905,211.069) (186.139,-143.033,211.069) (177.308,-138.622,211.069) (190.232,-112.75,211.069) (199.063,-117.161,211.069) (211.987,-91.2883,211.069) (203.156,-86.8772,211.069) (216.08,-61.0048,211.069) (224.911,-65.4159,211.069) (237.835,-39.5436,211.069) (233.42,-37.338,211.069)
  f[0][1] pts=2 (168.8,-166.7,211.069) (233.42,-37.338,211.069)
  m[1][0] pts=12 (158.713,-161.661,162.698) (162.626,-163.616,160.64) (175.55,-137.743,160.64) (167.724,-133.834,164.756) (180.648,-107.962,164.756) (188.474,-111.871,160.64) (201.398,-85.9988,160.64) (193.572,-82.0896,164.756) (206.496,-56.2172,164.756) (214.322,-60.1265,160.64) (227.246,-34.2541,160.64) (223.333,-32.2995,162.698)
  m[1][1] pts=2 (158.713,-161.661,162.698) (223.333,-32.2995,162.698)
  f[1][0] pts=12 (158.713,-161.661,162.698) (163.128,-163.867,162.698) (176.052,-137.994,162.698) (167.222,-133.583,162.698) (180.146,-107.711,162.698) (188.976,-112.122,162.698) (201.9,-86.2497,162.698) (193.07,-81.8386,162.698) (205.994,-55.9663,162.698) (214.824,-60.3774,162.698) (227.748,-34.505,162.698) (223.333,-32.2995,162.698)
  f[1][1] pts=2 (158.713,-161.661,162.698) (223.333,-32.2995,162.698)
joint 24 type=12 v0=9 v1=12 f0_0=4 f1_0=2 name=ss_e_ip_1 orient=1 div=5 shift=0.5
  jv[0] pts=5 (587.203,-166.248,35.0727) (595.312,-161.376,32.6844) (567.834,-157.533,-8.61864) (559.725,-162.405,-6.2303) (587.203,-166.248,35.0727)
  jv[1] pts=5 (513.627,-12.8091,98.2964) (521.736,-7.93669,95.9081) (494.258,-4.09412,54.6051) (486.149,-8.9665,56.9934) (513.627,-12.8091,98.2964)
  jv[2] pts=5 (560.868,-162.396,-4.92235) (566.692,-157.542,-9.92659) (594.17,-161.385,31.3764) (588.346,-166.239,36.3807) (560.868,-162.396,-4.92235)
  jv[3] pts=5 (487.291,-8.95757,58.3014) (493.115,-4.10305,53.2971) (520.593,-7.94562,94.6001) (514.769,-12.8001,99.6044) (487.291,-8.95757,58.3014)
  m[0][0] pts=12 (528.192,-32.2927,88.0703) (524.138,-34.7289,89.2645) (534.649,-56.6487,80.2325) (542.757,-51.7764,77.8442) (553.268,-73.6962,68.8122) (545.16,-78.5686,71.2006) (555.671,-100.488,62.1686) (563.779,-95.6161,59.7803) (574.29,-117.536,50.7483) (566.182,-122.408,53.1366) (576.692,-144.328,44.1047) (580.747,-141.892,42.9105)
  m[0][1] pts=2 (528.192,-32.2927,88.0703) (580.747,-141.892,42.9105)
  f[0][0] pts=12 (500.714,-28.4501,46.7673) (497.802,-30.8774,49.2694) (508.313,-52.7972,40.2374) (514.137,-47.9427,35.2332) (524.648,-69.8626,26.2013) (518.824,-74.7171,31.2055) (529.335,-96.6369,22.1735) (535.159,-91.7824,17.1693) (545.67,-113.702,8.13733) (539.846,-118.557,13.1416) (550.357,-140.477,4.10961) (553.269,-138.049,1.60749)
  f[0][1] pts=2 (500.714,-28.4501,46.7673) (553.269,-138.049,1.60749)
  m[1][0] pts=12 (500.714,-28.4501,46.7673) (496.66,-30.8863,47.9615) (507.171,-52.8062,38.9295) (515.28,-47.9338,36.5412) (525.79,-69.8536,27.5092) (517.682,-74.726,29.8975) (528.193,-96.6459,20.8656) (536.301,-91.7735,18.4772) (546.812,-113.693,9.44528) (538.704,-118.566,11.8336) (549.214,-140.486,2.80166) (553.269,-138.049,1.60749)
  m[1][1] pts=2 (500.714,-28.4501,46.7673) (553.269,-138.049,1.60749)
  f[1][0] pts=12 (528.192,-32.2927,88.0703) (525.28,-34.72,90.5724) (535.791,-56.6398,81.5405) (541.615,-51.7853,76.5362) (552.126,-73.7051,67.5043) (546.302,-78.5597,72.5085) (556.813,-100.48,63.4765) (562.637,-95.625,58.4723) (573.148,-117.545,49.4403) (567.324,-122.399,54.4446) (577.835,-144.319,45.4126) (580.747,-141.892,42.9105)
  f[1][1] pts=2 (528.192,-32.2927,88.0703) (580.747,-141.892,42.9105)
joint 25 type=12 v0=9 v1=14 f0_0=5 f1_0=2 name=ss_e_ip_1 orient=1 div=7 shift=0.5
  jv[0] pts=5 (499.919,-4.64972,105.781) (500.618,4.64972,107.442) (481.427,4.64972,61.8433) (480.728,-4.64972,60.1825) (499.919,-4.64972,105.781)
  jv[1] pts=5 (264.232,-4.64972,204.973) (264.931,4.64972,206.634) (245.741,4.64972,161.035) (245.042,-4.64972,159.374) (264.232,-4.64972,204.973)
  jv[2] pts=5 (500.618,-4.64972,107.442) (499.919,4.64972,105.781) (480.728,4.64972,60.1825) (481.427,-4.64972,61.8433) (500.618,-4.64972,107.442)
  jv[3] pts=5 (264.931,-4.64972,206.634) (264.232,4.64972,204.973) (245.042,4.64972,159.374) (245.741,-4.64972,161.035) (264.931,-4.64972,206.634)
  m[0][0] pts=16 (290.769,3.01981e-14,194.782) (290.42,-4.64972,193.952) (316.607,-4.64972,182.93) (317.306,4.64972,184.591) (343.494,4.64972,173.57) (342.795,-4.64972,171.909) (368.982,-4.64972,160.888) (369.681,4.64972,162.549) (395.868,4.64972,151.527) (395.169,-4.64972,149.866) (421.357,-4.64972,138.845) (422.056,4.64972,140.506) (448.243,4.64972,129.485) (447.544,-4.64972,127.824) (473.731,-4.64972,116.802) (474.081,3.01981e-14,117.633)
  m[0][1] pts=2 (290.769,3.01981e-14,194.782) (474.081,3.01981e-14,117.633)
  f[0][0] pts=16 (290.769,2.70401e-14,194.782) (291.119,-4.64972,195.613) (317.306,-4.64972,184.591) (316.607,4.64972,182.93) (342.795,4.64972,171.909) (343.494,-4.64972,173.57) (369.681,-4.64972,162.549) (368.982,4.64972,160.888) (395.169,4.64972,149.866) (395.868,-4.64972,151.527) (422.056,-4.64972,140.506) (421.357,4.64972,138.845) (447.544,4.64972,127.824) (448.243,-4.64972,129.485) (474.43,-4.64972,118.463) (474.081,2.98033e-14,117.633)
  f[0][1] pts=2 (290.769,2.70401e-14,194.782) (474.081,2.98033e-14,117.633)
  m[1][0] pts=16 (271.578,-9.06475e-12,149.184) (271.229,-4.64972,148.353) (297.416,-4.64972,137.332) (298.115,4.64972,138.993) (324.303,4.64972,127.971) (323.604,-4.64972,126.31) (349.791,-4.64972,115.289) (350.49,4.64972,116.95) (376.677,4.64972,105.929) (375.978,-4.64972,104.268) (402.166,-4.64972,93.2465) (402.865,4.64972,94.9073) (429.052,4.64972,83.886) (428.353,-4.64972,82.2251) (454.541,-4.64972,71.2038) (454.89,-9.06475e-12,72.0342)
  m[1][1] pts=2 (271.578,-9.06475e-12,149.184) (454.89,-9.06475e-12,72.0342)
  f[1][0] pts=16 (271.578,-9.06791e-12,149.184) (271.928,-4.64972,150.014) (298.115,-4.64972,138.993) (297.416,4.64972,137.332) (323.604,4.64972,126.31) (324.303,-4.64972,127.971) (350.49,-4.64972,116.95) (349.791,4.64972,115.289) (375.978,4.64972,104.268) (376.677,-4.64972,105.929) (402.865,-4.64972,94.9073) (402.166,4.64972,93.2465) (428.353,4.64972,82.2251) (429.052,-4.64972,83.886) (455.24,-4.64972,72.8647) (454.89,-9.06514e-12,72.0342)
  f[1][1] pts=2 (271.578,-9.06791e-12,149.184) (454.89,-9.06514e-12,72.0342)
joint 26 type=12 v0=10 v1=13 f0_0=2 f1_0=7 name=ss_e_ip_1 orient=1 div=5 shift=0.5
  jv[0] pts=5 (-496.299,4.20531,50.5614) (-489.973,9.2433,55.9976) (-517.448,12.9165,97.303) (-523.774,7.87854,91.8669) (-496.299,4.20531,50.5614)
  jv[1] pts=5 (-566.495,157.439,-9.75787) (-560.169,162.477,-4.32172) (-587.644,166.15,36.9837) (-593.97,161.112,31.5476) (-566.495,157.439,-9.75787)
  jv[2] pts=5 (-524.978,7.87597,93.2618) (-516.243,12.9191,95.9081) (-488.768,9.24587,54.6026) (-497.503,4.20274,51.9564) (-524.978,7.87597,93.2618)
  jv[3] pts=5 (-595.175,161.109,32.9426) (-586.44,166.152,35.5888) (-558.965,162.479,-5.71668) (-567.7,157.436,-8.3629) (-595.175,161.109,32.9426)
  m[0][0] pts=12 (-553.304,138.067,1.57725) (-556.467,135.548,-1.14082) (-546.439,113.658,7.47622) (-540.113,118.696,12.9124) (-530.085,96.8052,21.5294) (-536.411,91.7672,16.0933) (-526.383,69.8768,24.7103) (-520.057,74.9147,30.1464) (-510.029,53.0243,38.7635) (-516.355,47.9863,33.3273) (-506.327,26.0958,41.9444) (-503.164,28.6148,44.6625)
  m[0][1] pts=2 (-553.304,138.067,1.57725) (-503.164,28.6148,44.6625)
  f[0][0] pts=12 (-580.779,141.74,42.8827) (-585.147,139.219,41.5596) (-575.119,117.328,50.1766) (-566.384,122.372,52.8229) (-556.356,100.481,61.4399) (-565.09,95.4379,58.7937) (-555.062,73.5474,67.4107) (-546.328,78.5906,70.0569) (-536.299,56.7001,78.674) (-545.034,51.6569,76.0278) (-535.006,29.7665,84.6448) (-530.639,32.288,85.9679)
  f[0][1] pts=2 (-580.779,141.74,42.8827) (-530.639,32.288,85.9679)
  m[1][0] pts=12 (-580.779,141.74,42.8827) (-583.942,139.221,40.1646) (-573.914,117.331,48.7817) (-567.588,122.369,54.2178) (-557.56,100.478,62.8349) (-563.886,95.4405,57.3987) (-553.858,73.55,66.0158) (-547.532,78.588,71.4519) (-537.504,56.6975,80.0689) (-543.83,51.6595,74.6328) (-533.802,29.769,83.2498) (-530.639,32.288,85.9679)
  m[1][1] pts=2 (-580.779,141.74,42.8827) (-530.639,32.288,85.9679)
  f[1][0] pts=12 (-553.304,138.067,1.57725) (-557.671,135.546,0.254137) (-547.643,113.655,8.87118) (-538.909,118.698,11.5174) (-528.88,96.8078,20.1344) (-537.615,91.7647,17.4882) (-527.587,69.8742,26.1053) (-518.852,74.9173,28.7515) (-508.824,53.0268,37.3685) (-517.559,47.9837,34.7223) (-507.531,26.0932,43.3393) (-503.164,28.6148,44.6625)
  f[1][1] pts=2 (-553.304,138.067,1.57725) (-503.164,28.6148,44.6625)
joint 27 type=12 v0=10 v1=15 f0_0=3 f1_0=5 name=ss_e_ip_1 orient=1 div=3 shift=0.5
  jv[0] pts=5 (-572.415,160.852,-14.8445) (-572.539,170.845,-14.9515) (-604.735,179.529,22.2974) (-604.611,169.536,22.4044) (-572.415,160.852,-14.8445)
  jv[1] pts=5 (-656.85,159.022,-87.3986) (-656.974,169.016,-87.5057) (-689.17,177.7,-50.2567) (-689.045,167.706,-50.1497) (-656.85,159.022,-87.3986)
  jv[2] pts=5 (-573.512,161.166,-13.576) (-571.443,170.531,-16.22) (-603.638,179.215,21.0289) (-605.708,169.85,23.6729) (-573.512,161.166,-13.576)
  jv[3] pts=5 (-657.946,159.337,-86.1302) (-655.877,168.701,-88.7741) (-688.073,177.385,-51.5252) (-690.142,168.021,-48.8812) (-657.946,159.337,-86.1302)
  m[0][0] pts=8 (-640.025,164.385,-72.9413) (-639.963,159.388,-72.8878) (-623.076,159.754,-58.377) (-623.2,169.748,-58.484) (-606.313,170.113,-43.9732) (-606.189,160.12,-43.8662) (-589.302,160.486,-29.3553) (-589.364,165.483,-29.4088)
  m[0][1] pts=2 (-640.025,164.385,-72.9413) (-589.364,165.483,-29.4088)
  f[0][0] pts=8 (-640.025,164.385,-72.9413) (-641.059,159.703,-71.6193) (-624.172,160.069,-57.1085) (-622.103,169.433,-59.7525) (-605.216,169.799,-45.2417) (-607.286,160.434,-42.5977) (-590.399,160.8,-28.0869) (-589.364,165.483,-29.4088)
  f[0][1] pts=2 (-640.025,164.385,-72.9413) (-589.364,165.483,-29.4088)
  m[1][0] pts=8 (-672.221,173.069,-35.6924) (-672.158,168.072,-35.6389) (-655.272,168.438,-21.1281) (-655.396,178.432,-21.2351) (-638.509,178.798,-6.72426) (-638.385,168.804,-6.61723) (-621.498,169.17,7.89359) (-621.56,174.167,7.84008)
  m[1][1] pts=2 (-672.221,173.069,-35.6924) (-621.56,174.167,7.84008)
  f[1][0] pts=8 (-672.221,173.069,-35.6924) (-673.255,168.387,-34.3704) (-656.368,168.753,-19.8596) (-654.299,178.117,-22.5036) (-637.412,178.483,-7.99273) (-639.481,169.119,-5.34876) (-622.594,169.484,9.16206) (-621.56,174.167,7.84008)
  f[1][1] pts=2 (-672.221,173.069,-35.6924) (-621.56,174.167,7.84008)
joint 28 type=12 v0=11 v1=14 f0_0=4 f1_0=7 name=ss_e_ip_1 orient=1 div=6 shift=0.5
  jv[0] pts=5 (242.019,9.30557,211.069) (250.668,13.6258,211.069) (240.581,8.58727,162.698) (231.933,4.26702,162.698) (242.019,9.30557,211.069)
  jv[1] pts=5 (151.552,190.412,211.069) (160.2,194.732,211.069) (150.114,189.694,162.698) (141.465,185.373,162.698) (151.552,190.412,211.069)
  jv[2] pts=5 (232.426,4.51346,164.713) (240.088,8.34082,160.683) (250.174,13.3794,209.054) (242.513,9.55201,213.084) (232.426,4.51346,164.713)
  jv[3] pts=5 (141.958,185.62,164.713) (149.62,189.447,160.683) (159.707,194.486,209.054) (152.045,190.658,213.084) (141.958,185.62,164.713)
  m[0][0] pts=12 (168.8,166.7,211.069) (164.475,164.54,211.069) (177.399,138.667,211.069) (186.048,142.988,211.069) (198.972,117.115,211.069) (190.323,112.795,211.069) (203.247,86.9226,211.069) (211.896,91.2429,211.069) (224.82,65.3705,211.069) (216.171,61.0503,211.069) (229.095,35.1779,211.069) (233.42,37.338,211.069)
  m[0][1] pts=2 (168.8,166.7,211.069) (233.42,37.338,211.069)
  f[0][0] pts=12 (158.713,161.661,162.698) (154.882,159.748,164.713) (167.806,133.875,164.713) (175.468,137.703,160.683) (188.392,111.83,160.683) (180.73,108.003,164.713) (193.654,82.1305,164.713) (201.316,85.9579,160.683) (214.24,60.0855,160.683) (206.578,56.2582,164.713) (219.502,30.3858,164.713) (223.333,32.2995,162.698)
  f[0][1] pts=2 (158.713,161.661,162.698) (223.333,32.2995,162.698)
  m[1][0] pts=12 (158.713,161.661,162.698) (154.389,159.501,162.698) (167.313,133.629,162.698) (175.961,137.949,162.698) (188.885,112.077,162.698) (180.237,107.756,162.698) (193.161,81.8841,162.698) (201.809,86.2043,162.698) (214.733,60.332,162.698) (206.085,56.0117,162.698) (219.009,30.1394,162.698) (223.333,32.2995,162.698)
  m[1][1] pts=2 (158.713,161.661,162.698) (223.333,32.2995,162.698)
  f[1][0] pts=12 (168.8,166.7,211.069) (164.969,164.786,213.084) (177.893,138.914,213.084) (185.555,142.741,209.054) (198.479,116.869,209.054) (190.817,113.041,213.084) (203.741,87.1691,213.084) (211.403,90.9964,209.054) (224.327,65.1241,209.054) (216.665,61.2967,213.084) (229.589,35.4244,213.084) (233.42,37.338,211.069)
  f[1][1] pts=2 (168.8,166.7,211.069) (233.42,37.338,211.069)
joint 29 type=12 v0=11 v1=13 f0_0=6 f1_0=3 name=ss_e_ip_1 orient=1 div=6 shift=0.5
  jv[0] pts=5 (-150.984,190.318,211.069) (-159.675,194.496,211.069) (-149.61,189.658,162.698) (-140.918,185.48,162.698) (-150.984,190.318,211.069)
  jv[1] pts=5 (-237.973,9.34304,211.069) (-246.665,13.5208,211.069) (-236.599,8.68274,162.698) (-227.908,4.50501,162.698) (-237.973,9.34304,211.069)
  jv[2] pts=5 (-141.406,185.715,164.689) (-149.122,189.424,160.706) (-159.187,194.262,209.077) (-151.471,190.553,213.06) (-141.406,185.715,164.689)
  jv[3] pts=5 (-228.396,4.73942,164.689) (-236.112,8.44833,160.706) (-246.177,13.2864,209.077) (-238.461,9.57746,213.06) (-228.396,4.73942,164.689)
  m[0][0] pts=12 (-229.892,37.2855,211.069) (-225.546,35.1967,211.069) (-213.119,61.0503,211.069) (-221.81,65.228,211.069) (-209.383,91.0816,211.069) (-200.692,86.9039,211.069) (-188.265,112.758,211.069) (-196.956,116.935,211.069) (-184.529,142.789,211.069) (-175.838,138.611,211.069) (-163.411,164.465,211.069) (-167.756,166.554,211.069)
  m[0][1] pts=2 (-229.892,37.2855,211.069) (-167.756,166.554,211.069)
  f[0][0] pts=12 (-219.827,32.4475,162.698) (-215.969,30.593,164.689) (-203.542,56.4467,164.689) (-211.258,60.1556,160.706) (-198.831,86.0092,160.706) (-191.114,82.3003,164.689) (-178.687,108.154,164.689) (-186.403,111.863,160.706) (-173.976,137.716,160.706) (-166.26,134.008,164.689) (-153.833,159.861,164.689) (-157.691,161.716,162.698)
  f[0][1] pts=2 (-219.827,32.4475,162.698) (-157.691,161.716,162.698)
  m[1][0] pts=12 (-219.827,32.4475,162.698) (-215.481,30.3586,162.698) (-203.054,56.2122,162.698) (-211.745,60.39,162.698) (-199.318,86.2436,162.698) (-190.627,82.0659,162.698) (-178.2,107.919,162.698) (-186.891,112.097,162.698) (-174.464,137.951,162.698) (-165.773,133.773,162.698) (-153.345,159.627,162.698) (-157.691,161.716,162.698)
  m[1][1] pts=2 (-219.827,32.4475,162.698) (-157.691,161.716,162.698)
  f[1][0] pts=12 (-229.892,37.2855,211.069) (-226.034,35.4311,213.06) (-213.607,61.2847,213.06) (-221.323,64.9936,209.077) (-208.896,90.8472,209.077) (-201.18,87.1383,213.06) (-188.753,112.992,213.06) (-196.469,116.701,209.077) (-184.042,142.554,209.077) (-176.325,138.846,213.06) (-163.898,164.699,213.06) (-167.756,166.554,211.069)
  f[1][1] pts=2 (-229.892,37.2855,211.069) (-167.756,166.554,211.069)
joint 30 type=12 v0=11 v1=16 f0_0=5 f1_0=2 name=ss_e_ip_1 orient=1 div=7 shift=0.5
  jv[0] pts=5 (136.362,199.385,211.069) (136.362,208.821,211.069) (136.362,198.616,162.698) (136.362,189.18,162.698) (136.362,199.385,211.069)
  jv[1] pts=5 (-135.962,199.385,211.069) (-135.962,208.821,211.069) (-135.962,198.616,162.698) (-135.962,189.18,162.698) (-135.962,199.385,211.069)
  jv[2] pts=5 (136.362,189.629,164.496) (136.362,198.167,160.9) (136.362,208.372,209.271) (136.362,199.834,212.867) (136.362,189.629,164.496)
  jv[3] pts=5 (-135.962,189.629,164.496) (-135.962,198.167,160.9) (-135.962,208.372,209.271) (-135.962,199.834,212.867) (-135.962,189.629,164.496)
  m[0][0] pts=16 (-105.704,204.103,211.069) (-105.704,199.385,211.069) (-75.4458,199.385,211.069) (-75.4458,208.821,211.069) (-45.1876,208.821,211.069) (-45.1876,199.385,211.069) (-14.9293,199.385,211.069) (-14.9293,208.821,211.069) (15.329,208.821,211.069) (15.329,199.385,211.069) (45.5873,199.385,211.069) (45.5873,208.821,211.069) (75.8455,208.821,211.069) (75.8455,199.385,211.069) (106.104,199.385,211.069) (106.104,204.103,211.069)
  m[0][1] pts=2 (-105.704,204.103,211.069) (106.104,204.103,211.069)
  f[0][0] pts=16 (-105.704,193.898,162.698) (-105.704,189.629,164.496) (-75.4458,189.629,164.496) (-75.4458,198.167,160.9) (-45.1876,198.167,160.9) (-45.1876,189.629,164.496) (-14.9293,189.629,164.496) (-14.9293,198.167,160.9) (15.329,198.167,160.9) (15.329,189.629,164.496) (45.5873,189.629,164.496) (45.5873,198.167,160.9) (75.8455,198.167,160.9) (75.8455,189.629,164.496) (106.104,189.629,164.496) (106.104,193.898,162.698)
  f[0][1] pts=2 (-105.704,193.898,162.698) (106.104,193.898,162.698)
  m[1][0] pts=16 (-105.704,193.898,162.698) (-105.704,189.18,162.698) (-75.4458,189.18,162.698) (-75.4458,198.616,162.698) (-45.1876,198.616,162.698) (-45.1876,189.18,162.698) (-14.9293,189.18,162.698) (-14.9293,198.616,162.698) (15.329,198.616,162.698) (15.329,189.18,162.698) (45.5873,189.18,162.698) (45.5873,198.616,162.698) (75.8455,198.616,162.698) (75.8455,189.18,162.698) (106.104,189.18,162.698) (106.104,193.898,162.698)
  m[1][1] pts=2 (-105.704,193.898,162.698) (106.104,193.898,162.698)
  f[1][0] pts=16 (-105.704,204.103,211.069) (-105.704,199.834,212.867) (-75.4458,199.834,212.867) (-75.4458,208.372,209.271) (-45.1876,208.372,209.271) (-45.1876,199.834,212.867) (-14.9293,199.834,212.867) (-14.9293,208.372,209.271) (15.329,208.372,209.271) (15.329,199.834,212.867) (45.5873,199.834,212.867) (45.5873,208.372,209.271) (75.8455,208.372,209.271) (75.8455,199.834,212.867) (106.104,199.834,212.867) (106.104,204.103,211.069)
  f[1][1] pts=2 (-105.704,204.103,211.069) (106.104,204.103,211.069)
joint 31 type=12 v0=12 v1=14 f0_0=6 f1_0=3 name=ss_e_ip_1 orient=1 div=5 shift=0.5
  jv[0] pts=5 (566.907,157.362,-10.1118) (560.652,162.576,-4.7371) (588.13,166.419,36.5659) (594.385,161.205,31.1912) (566.907,157.362,-10.1118)
  jv[1] pts=5 (493.331,3.92334,53.1119) (487.076,9.13727,58.4866) (514.554,12.9798,99.7896) (520.809,7.76592,94.4149) (493.331,3.92334,53.1119)
  jv[2] pts=5 (595.595,161.205,32.6009) (586.92,166.418,35.1562) (559.442,162.576,-6.14685) (568.117,157.363,-8.70208) (595.595,161.205,32.6009)
  jv[3] pts=5 (522.019,7.76646,95.8246) (513.344,12.9793,98.3799) (485.866,9.13673,57.0769) (494.541,3.92389,54.5216) (522.019,7.76646,95.8246)
  m[0][0] pts=12 (500.714,28.4501,46.7673) (503.842,25.8432,44.0799) (514.353,47.763,35.048) (508.098,52.977,40.4227) (518.609,74.8968,31.3907) (524.863,69.6829,26.016) (535.374,91.6027,16.984) (529.12,96.8166,22.3588) (539.631,118.736,13.3268) (545.885,113.523,7.95208) (556.396,135.442,-1.07987) (553.269,138.049,1.60749)
  m[0][1] pts=2 (500.714,28.4501,46.7673) (553.269,138.049,1.60749)
  f[0][0] pts=12 (528.192,32.2927,88.0703) (532.53,29.6863,86.7927) (543.041,51.6061,77.7607) (534.365,56.819,80.316) (544.876,78.7388,71.284) (553.552,73.526,68.7288) (564.063,95.4458,59.6968) (555.387,100.659,62.252) (565.898,122.579,53.2201) (574.574,117.366,50.6649) (585.084,139.286,41.6329) (580.747,141.892,42.9105)
  f[0][1] pts=2 (528.192,32.2927,88.0703) (580.747,141.892,42.9105)
  m[1][0] pts=12 (528.192,32.2927,88.0703) (531.32,29.6858,85.3829) (541.831,51.6056,76.351) (535.576,56.8195,81.7257) (546.087,78.7394,72.6938) (552.341,73.5254,67.319) (562.852,95.4453,58.2871) (556.598,100.659,63.6618) (567.108,122.579,54.6298) (573.363,117.365,49.2551) (583.874,139.285,40.2231) (580.747,141.892,42.9105)
  m[1][1] pts=2 (528.192,32.2927,88.0703) (580.747,141.892,42.9105)
  f[1][0] pts=12 (500.714,28.4501,46.7673) (505.052,25.8437,45.4897) (515.563,47.7636,36.4577) (506.887,52.9764,39.0129) (517.398,74.8963,29.981) (526.074,69.6834,27.4258) (536.585,91.6033,18.3938) (527.909,96.8161,20.949) (538.42,118.736,11.9171) (547.096,113.523,9.36183) (557.607,135.443,0.329876) (553.269,138.049,1.60749)
  f[1][1] pts=2 (500.714,28.4501,46.7673) (553.269,138.049,1.60749)
joint 32 type=12 v0=12 v1=17 f0_0=5 f1_0=3 name=ss_e_ip_1 orient=1 div=3 shift=0.5
  jv[0] pts=5 (656.852,159.022,-87.4007) (656.977,169.016,-87.5078) (689.172,177.7,-50.2588) (689.048,167.706,-50.1518) (656.852,159.022,-87.4007)
  jv[1] pts=5 (572.993,160.839,-15.3415) (573.118,170.833,-15.4486) (605.314,179.517,21.8003) (605.189,169.523,21.9074) (572.993,160.839,-15.3415)
  jv[2] pts=5 (657.949,159.337,-86.1323) (655.88,168.701,-88.7762) (688.076,177.385,-51.5273) (690.145,168.021,-48.8833) (657.949,159.337,-86.1323)
  jv[3] pts=5 (574.09,161.154,-14.0731) (572.021,170.518,-16.717) (604.217,179.202,20.5319) (606.286,169.838,23.1758) (574.09,161.154,-14.0731)
  m[0][0] pts=8 (589.827,165.473,-29.8069) (589.765,160.476,-29.7534) (606.537,160.113,-44.1652) (606.661,170.106,-44.2723) (623.433,169.742,-58.6841) (623.308,159.749,-58.5771) (640.08,159.386,-72.9889) (640.143,164.382,-73.0424)
  m[0][1] pts=2 (589.827,165.473,-29.8069) (640.143,164.382,-73.0424)
  f[0][0] pts=8 (589.827,165.473,-29.8069) (590.862,160.79,-28.4849) (607.634,160.427,-42.8968) (605.565,169.791,-45.5407) (622.336,169.428,-59.9526) (624.405,160.063,-57.3086) (641.177,159.7,-71.7204) (640.143,164.382,-73.0424)
  f[0][1] pts=2 (589.827,165.473,-29.8069) (640.143,164.382,-73.0424)
  m[1][0] pts=8 (622.023,174.157,7.44202) (621.961,169.16,7.49554) (638.733,168.797,-6.9163) (638.857,178.79,-7.02333) (655.629,178.427,-21.4352) (655.504,168.433,-21.3281) (672.276,168.07,-35.74) (672.338,173.066,-35.7935)
  m[1][1] pts=2 (622.023,174.157,7.44202) (672.338,173.066,-35.7935)
  f[1][0] pts=8 (622.023,174.157,7.44202) (623.058,169.474,8.76401) (639.829,169.111,-5.64783) (637.76,178.476,-8.2918) (654.532,178.112,-22.7036) (656.601,168.748,-20.0597) (673.373,168.384,-34.4715) (672.338,173.066,-35.7935)
  f[1][1] pts=2 (622.023,174.157,7.44202) (672.338,173.066,-35.7935)
joint 33 type=12 v0=13 v1=15 f0_0=6 f1_0=6 name=ss_e_ip_1 orient=1 div=5 shift=0.5
  jv[0] pts=5 (-458.098,335.662,1.67272) (-465.54,340.387,-2.39989) (-492.125,354.418,37.1911) (-484.683,349.693,41.2637) (-458.098,335.662,1.67272)
  jv[1] pts=5 (-558.799,169.522,-7.06659) (-566.24,174.247,-11.1392) (-592.825,188.278,28.4518) (-585.384,183.553,32.5244) (-558.799,169.522,-7.06659)
  jv[2] pts=5 (-459.158,336.246,2.79371) (-464.479,339.803,-3.52088) (-491.064,353.834,36.0701) (-485.744,350.277,42.3847) (-459.158,336.246,2.79371)
  jv[3] pts=5 (-559.859,170.106,-5.9456) (-565.18,173.663,-12.2602) (-591.765,187.694,27.3308) (-586.444,184.137,33.6454) (-559.859,170.106,-5.9456)
  m[0][0] pts=12 (-548.134,195.619,-7.85443) (-544.413,193.257,-5.81812) (-530.027,216.991,-4.56965) (-537.469,221.715,-8.64226) (-523.083,245.45,-7.39379) (-515.641,240.725,-3.32117) (-501.255,264.459,-2.0727) (-508.697,269.184,-6.14531) (-494.311,292.918,-4.89684) (-486.87,288.194,-0.824227) (-472.484,311.928,0.424246) (-476.205,314.29,-1.61206)
  m[0][1] pts=2 (-548.134,195.619,-7.85443) (-476.205,314.29,-1.61206)
  f[0][0] pts=12 (-548.134,195.619,-7.85443) (-545.473,193.84,-4.69713) (-531.087,217.575,-3.44866) (-536.408,221.132,-9.76325) (-522.022,244.866,-8.51478) (-516.702,241.309,-2.20018) (-502.316,265.043,-0.951709) (-507.637,268.6,-7.2663) (-493.251,292.335,-6.01783) (-487.93,288.777,0.296765) (-473.544,312.512,1.54524) (-476.205,314.29,-1.61206)
  f[0][1] pts=2 (-548.134,195.619,-7.85443) (-476.205,314.29,-1.61206)
  m[1][0] pts=12 (-574.719,209.65,31.7366) (-570.998,207.288,33.7729) (-556.612,231.022,35.0214) (-564.054,235.747,30.9487) (-549.668,259.481,32.1972) (-542.226,254.756,36.2698) (-527.841,278.491,37.5183) (-535.282,283.215,33.4457) (-520.896,306.949,34.6942) (-513.455,302.225,38.7668) (-499.069,325.959,40.0153) (-502.79,328.321,37.9789)
  m[1][1] pts=2 (-574.719,209.65,31.7366) (-502.79,328.321,37.9789)
  f[1][0] pts=12 (-574.719,209.65,31.7366) (-572.058,207.871,34.8939) (-557.672,231.606,36.1423) (-562.993,235.163,29.8278) (-548.607,258.897,31.0762) (-543.287,255.34,37.3908) (-528.901,279.074,38.6393) (-534.222,282.631,32.3247) (-519.836,306.366,33.5732) (-514.515,302.809,39.8878) (-500.129,326.543,41.1362) (-502.79,328.321,37.9789)
  f[1][1] pts=2 (-574.719,209.65,31.7366) (-502.79,328.321,37.9789)
joint 34 type=12 v0=13 v1=18 f0_0=5 f1_0=2 name=ss_e_ip_1 orient=1 div=7 shift=0.5
  jv[0] pts=5 (-229.13,342.79,96.2466) (-228.564,352.117,94.6036) (-246.463,370.329,136.994) (-247.029,361.001,138.637) (-229.13,342.79,96.2466)
  jv[1] pts=5 (-452.036,339.933,3.35384) (-451.471,349.26,1.71092) (-469.37,367.472,44.1015) (-469.935,358.145,45.7444) (-452.036,339.933,3.35384)
  jv[2] pts=5 (-229.718,343.498,97.6358) (-227.976,351.408,93.2144) (-245.875,369.62,135.605) (-247.617,361.71,140.026) (-229.718,343.498,97.6358)
  jv[3] pts=5 (-452.624,340.642,4.74312) (-450.883,348.552,0.321634) (-468.782,366.764,42.7122) (-470.523,358.853,47.1337) (-452.624,340.642,4.74312)
  m[0][0] pts=16 (-426.986,344.914,12.8538) (-427.269,340.251,13.6753) (-402.501,340.568,23.9967) (-401.936,349.895,22.3537) (-377.169,350.212,32.6752) (-377.734,340.885,34.3181) (-352.967,341.203,44.6395) (-352.401,350.53,42.9966) (-327.634,350.847,53.318) (-328.199,341.52,54.9609) (-303.432,341.837,65.2823) (-302.867,351.164,63.6394) (-278.099,351.482,73.9608) (-278.664,342.155,75.6037) (-253.897,342.472,85.9252) (-253.614,347.136,85.1037)
  m[0][1] pts=2 (-426.986,344.914,12.8538) (-253.614,347.136,85.1037)
  f[0][0] pts=16 (-426.986,344.914,12.8538) (-427.857,340.959,15.0645) (-403.089,341.276,25.3859) (-401.348,349.186,20.9645) (-376.581,349.504,31.2859) (-378.322,341.594,35.7074) (-353.555,341.911,46.0288) (-351.813,349.821,41.6073) (-327.046,350.139,51.9287) (-328.787,342.228,56.3502) (-304.02,342.546,66.6716) (-302.279,350.456,62.2501) (-277.511,350.773,72.5715) (-279.252,342.863,76.993) (-254.485,343.181,87.3144) (-253.614,347.136,85.1037)
  f[0][1] pts=2 (-426.986,344.914,12.8538) (-253.614,347.136,85.1037)
  m[1][0] pts=16 (-444.885,363.126,55.2444) (-445.168,358.462,56.0658) (-420.4,358.78,66.3872) (-419.835,368.107,64.7443) (-395.068,368.424,75.0657) (-395.633,359.097,76.7086) (-370.865,359.415,87.0301) (-370.3,368.742,85.3871) (-345.533,369.059,95.7086) (-346.098,359.732,97.3515) (-321.331,360.049,107.673) (-320.766,369.376,106.03) (-295.998,369.694,116.351) (-296.563,360.367,117.994) (-271.796,360.684,128.316) (-271.513,365.348,127.494)
  m[1][1] pts=2 (-444.885,363.126,55.2444) (-271.513,365.348,127.494)
  f[1][0] pts=16 (-444.885,363.126,55.2444) (-445.756,359.171,57.4551) (-420.988,359.488,67.7765) (-419.247,367.398,63.355) (-394.48,367.716,73.6764) (-396.221,359.806,78.0979) (-371.454,360.123,88.4193) (-369.712,368.033,83.9979) (-344.945,368.351,94.3193) (-346.686,360.44,98.7408) (-321.919,360.758,109.062) (-320.178,368.668,104.641) (-295.41,368.985,114.962) (-297.151,361.075,119.384) (-272.384,361.393,129.705) (-271.513,365.348,127.494)
  f[1][1] pts=2 (-444.885,363.126,55.2444) (-271.513,365.348,127.494)
joint 35 type=12 v0=13 v1=16 f0_0=4 f1_0=7 name=ss_e_ip_1 orient=1 div=5 shift=0.5
  jv[0] pts=5 (-149.413,197.48,158.961) (-141.471,202.609,161.257) (-151.21,217.117,207.816) (-159.153,211.989,205.519) (-149.413,197.48,158.961)
  jv[1] pts=5 (-223.318,338.558,99.5364) (-215.375,343.686,101.833) (-225.115,358.195,148.392) (-233.058,353.066,146.095) (-223.318,338.558,99.5364)
  jv[2] pts=5 (-149.836,198.089,160.932) (-141.048,201.999,159.286) (-150.788,216.508,205.844) (-159.576,212.598,207.491) (-149.836,198.089,160.932)
  jv[3] pts=5 (-223.741,339.167,101.508) (-214.953,343.077,99.8614) (-224.692,357.586,146.42) (-233.481,353.676,148.067) (-223.741,339.167,101.508)
  m[0][0] pts=12 (-208.789,320.968,109.174) (-212.76,318.404,108.026) (-202.202,298.25,116.515) (-194.26,303.378,118.812) (-183.702,283.224,127.301) (-191.645,278.096,125.004) (-181.087,257.942,133.493) (-173.144,263.07,135.79) (-162.586,242.916,144.279) (-170.529,237.788,141.982) (-159.971,217.634,150.471) (-156,220.198,151.62)
  m[0][1] pts=2 (-208.789,320.968,109.174) (-156,220.198,151.62)
  f[0][0] pts=12 (-208.789,320.968,109.174) (-213.183,319.013,109.998) (-202.625,298.859,118.487) (-193.837,302.769,116.84) (-183.279,282.615,125.329) (-192.067,278.705,126.976) (-181.509,258.551,135.465) (-172.721,262.461,133.818) (-162.164,242.307,142.307) (-170.952,238.397,143.954) (-160.394,218.243,152.443) (-156,220.198,151.62)
  f[0][1] pts=2 (-208.789,320.968,109.174) (-156,220.198,151.62)
  m[1][0] pts=12 (-218.529,335.477,155.732) (-222.5,332.912,154.584) (-211.942,312.758,163.073) (-203.999,317.887,165.37) (-193.442,297.733,173.859) (-201.385,292.605,171.562) (-190.827,272.451,180.051) (-182.884,277.579,182.348) (-172.326,257.425,190.837) (-180.269,252.297,188.54) (-169.711,232.143,197.03) (-165.74,234.707,198.178)
  m[1][1] pts=2 (-218.529,335.477,155.732) (-165.74,234.707,198.178)
  f[1][0] pts=12 (-218.529,335.477,155.732) (-222.923,333.522,156.556) (-212.365,313.368,165.045) (-203.577,317.278,163.398) (-193.019,297.124,171.887) (-201.807,293.214,173.534) (-191.249,273.06,182.023) (-182.461,276.97,180.376) (-171.903,256.816,188.865) (-180.692,252.906,190.512) (-170.134,232.752,199.002) (-165.74,234.707,198.178)
  f[1][1] pts=2 (-218.529,335.477,155.732) (-165.74,234.707,198.178)
joint 36 type=12 v0=14 v1=16 f0_0=6 f1_0=3 name=ss_e_ip_1 orient=1 div=5 shift=0.5
  jv[0] pts=5 (237.502,367.939,139.848) (229.496,372.929,142.168) (219.743,358.24,95.6854) (227.748,353.25,93.3655) (237.502,367.939,139.848)
  jv[1] pts=5 (159.436,212.216,205.441) (151.431,217.206,207.761) (141.677,202.516,161.279) (149.682,197.526,158.959) (159.436,212.216,205.441)
  jv[2] pts=5 (237.922,368.551,141.801) (229.076,372.317,140.214) (219.322,357.628,93.7322) (228.168,353.861,95.3187) (237.922,368.551,141.801)
  jv[3] pts=5 (159.857,212.827,207.394) (151.01,216.594,205.808) (141.257,201.905,159.325) (150.103,198.138,160.912) (159.857,212.827,207.394)
  m[0][0] pts=12 (166.586,236.957,197.23) (170.588,234.462,196.07) (181.741,256.708,186.7) (173.735,261.698,189.02) (184.888,283.944,179.649) (192.893,278.954,177.329) (204.045,301.2,167.959) (196.04,306.191,170.279) (207.192,328.437,160.908) (215.197,323.447,158.589) (226.349,345.693,149.218) (222.347,348.188,150.378)
  m[0][1] pts=2 (166.586,236.957,197.23) (222.347,348.188,150.378)
  f[0][0] pts=12 (166.586,236.957,197.23) (171.009,235.074,198.024) (182.161,257.32,188.653) (173.315,261.086,187.067) (184.467,283.332,177.696) (193.313,279.566,179.283) (204.466,301.812,169.912) (195.619,305.579,168.326) (206.772,327.825,158.955) (215.618,324.058,160.542) (226.77,346.305,151.171) (222.347,348.188,150.378)
  f[0][1] pts=2 (166.586,236.957,197.23) (222.347,348.188,150.378)
  m[1][0] pts=12 (156.832,222.268,150.748) (160.835,219.772,149.588) (171.987,242.019,140.218) (163.982,247.009,142.538) (175.134,269.255,133.167) (183.139,264.265,130.847) (194.291,286.511,121.477) (186.286,291.501,123.797) (197.438,313.747,114.426) (205.443,308.757,112.106) (216.596,331.003,102.736) (212.593,333.498,103.896)
  m[1][1] pts=2 (156.832,222.268,150.748) (212.593,333.498,103.896)
  f[1][0] pts=12 (156.832,222.268,150.748) (161.255,220.384,151.541) (172.407,242.63,142.171) (163.561,246.397,140.585) (174.713,268.643,131.214) (183.56,264.877,132.801) (194.712,287.123,123.43) (185.866,290.889,121.844) (197.018,313.136,112.473) (205.864,309.369,114.06) (217.016,331.615,104.689) (212.593,333.498,103.896)
  f[1][1] pts=2 (156.832,222.268,150.748) (212.593,333.498,103.896)
joint 37 type=12 v0=14 v1=17 f0_0=4 f1_0=2 name=ss_e_ip_1 orient=1 div=6 shift=0.5
  jv[0] pts=5 (586.06,183.766,31.871) (593.553,188.333,27.7576) (566.939,174.146,-11.7343) (559.446,169.579,-7.62089) (586.06,183.766,31.871)
  jv[1] pts=5 (481.26,361.736,38.5625) (488.752,366.303,34.449) (462.138,352.116,-5.04285) (454.646,347.549,-0.929429) (481.26,361.736,38.5625)
  jv[2] pts=5 (560.496,170.156,-6.52333) (565.889,173.569,-12.8319) (592.503,187.756,26.66) (587.11,184.343,32.9686) (560.496,170.156,-6.52333)
  jv[3] pts=5 (455.696,348.126,0.168134) (461.088,351.539,-6.14041) (487.702,365.726,33.3515) (482.31,362.313,39.66) (455.696,348.126,0.168134)
  m[0][0] pts=12 (499.977,338.595,35.5498) (496.231,336.312,37.6065) (511.203,310.888,36.6506) (518.695,315.454,32.5372) (533.667,290.03,31.5813) (526.174,285.463,35.6947) (541.146,260.039,34.7388) (548.638,264.606,30.6253) (563.61,239.181,29.6694) (556.117,234.615,33.7828) (571.089,209.19,32.8269) (574.835,211.474,30.7702)
  m[0][1] pts=2 (499.977,338.595,35.5498) (574.835,211.474,30.7702)
  f[0][0] pts=12 (473.364,324.408,-3.94206) (470.667,322.702,-0.78779) (485.639,297.277,-1.74371) (491.031,300.69,-8.05226) (506.003,275.266,-9.00818) (500.61,271.853,-2.69964) (515.582,246.429,-3.65556) (520.974,249.842,-9.9641) (535.946,224.417,-10.92) (530.553,221.004,-4.61148) (545.525,195.58,-5.56741) (548.221,197.287,-8.72168)
  f[0][1] pts=2 (473.364,324.408,-3.94206) (548.221,197.287,-8.72168)
  m[1][0] pts=12 (473.364,324.408,-3.94206) (469.617,322.125,-1.88535) (484.589,296.7,-2.84128) (492.081,301.267,-6.9547) (507.053,275.843,-7.91062) (499.56,271.276,-3.7972) (514.532,245.852,-4.75312) (522.024,250.419,-8.86654) (536.996,224.994,-9.82247) (529.503,220.427,-5.70905) (544.475,195.003,-6.66497) (548.221,197.287,-8.72168)
  m[1][1] pts=2 (473.364,324.408,-3.94206) (548.221,197.287,-8.72168)
  f[1][0] pts=12 (499.977,338.595,35.5498) (497.281,336.889,38.7041) (512.253,311.465,37.7482) (517.645,314.877,31.4396) (532.617,289.453,30.4837) (527.224,286.04,36.7922) (542.196,260.616,35.8363) (547.588,264.029,29.5278) (562.56,238.604,28.5719) (557.167,235.192,34.8804) (572.139,209.767,33.9245) (574.835,211.474,30.7702)
  f[1][1] pts=2 (499.977,338.595,35.5498) (574.835,211.474,30.7702)
joint 38 type=12 v0=14 v1=19 f0_0=5 f1_0=2 name=ss_e_ip_1 orient=1 div=6 shift=0.5
  jv[0] pts=5 (466.637,370.529,42.868) (466.142,379.907,41.1048) (448.156,361.012,-1.02815) (448.651,351.633,0.735043) (466.637,370.529,42.868)
  jv[1] pts=5 (251.288,375.98,132.355) (250.793,385.358,130.592) (232.807,366.462,88.4586) (233.302,357.084,90.2218) (251.288,375.98,132.355)
  jv[2] pts=5 (449.269,352.395,2.17531) (447.538,360.25,-2.46842) (465.524,379.146,39.6646) (467.255,371.29,44.3083) (449.269,352.395,2.17531)
  jv[3] pts=5 (233.92,357.845,91.6621) (232.189,365.701,87.0184) (250.175,384.597,129.151) (251.906,376.741,133.795) (233.92,357.845,91.6621)
  m[0][0] pts=12 (281.805,379.89,118.689) (282.052,375.201,119.571) (312.816,374.422,106.787) (312.321,383.801,105.024) (343.085,383.022,92.2401) (343.581,373.644,94.0033) (374.345,372.865,81.2195) (373.849,382.243,79.4563) (404.614,381.465,66.6725) (405.109,372.086,68.4357) (435.873,371.308,55.6519) (435.625,375.997,54.7703)
  m[0][1] pts=2 (281.805,379.89,118.689) (435.625,375.997,54.7703)
  f[0][0] pts=12 (263.818,360.994,76.5564) (264.684,357.067,78.8783) (295.448,356.288,66.0944) (293.717,364.144,61.4507) (324.481,363.365,48.6669) (326.212,355.509,53.3106) (356.976,354.731,40.5268) (355.245,362.586,35.8831) (386.009,361.808,23.0992) (387.74,353.952,27.743) (418.504,353.173,14.9591) (417.639,357.101,12.6373)
  f[0][1] pts=2 (263.818,360.994,76.5564) (417.639,357.101,12.6373)
  m[1][0] pts=12 (263.818,360.994,76.5564) (264.066,356.305,77.438) (294.83,355.527,64.6542) (294.335,364.905,62.891) (325.099,364.126,50.1072) (325.594,354.748,51.8704) (356.358,353.969,39.0865) (355.863,363.348,37.3233) (386.627,362.569,24.5395) (387.123,353.191,26.3027) (417.887,352.412,13.5189) (417.639,357.101,12.6373)
  m[1][1] pts=2 (263.818,360.994,76.5564) (417.639,357.101,12.6373)
  f[1][0] pts=12 (281.805,379.89,118.689) (282.67,375.962,121.011) (313.434,375.184,108.227) (311.703,383.039,103.584) (342.468,382.261,90.7999) (344.198,374.405,95.4436) (374.963,373.626,82.6598) (373.232,381.482,78.0161) (403.996,380.703,65.2322) (405.727,372.848,69.8759) (436.491,372.069,57.0921) (435.625,375.997,54.7703)
  f[1][1] pts=2 (281.805,379.89,118.689) (435.625,375.997,54.7703)
joint 39 type=12 v0=15 v1=18 f0_0=2 f1_0=7 name=ss_e_ip_1 orient=1 div=3 shift=0.5
  jv[0] pts=5 (-463.869,347.673,-6.72467) (-456.723,353.41,-3.23242) (-481.905,374.246,34.35) (-489.052,368.509,30.8578) (-463.869,347.673,-6.72467)
  jv[1] pts=5 (-498.487,434.079,-77.823) (-491.341,439.815,-74.3307) (-516.523,460.651,-36.7483) (-523.669,454.914,-40.2406) (-498.487,434.079,-77.823)
  jv[2] pts=5 (-490.073,369.134,32.1146) (-480.884,373.621,33.0931) (-455.702,352.785,-4.4893) (-464.891,348.298,-5.46779) (-490.073,369.134,32.1146)
  jv[3] pts=5 (-524.69,455.539,-38.9837) (-515.501,460.026,-38.0052) (-490.319,439.19,-75.5876) (-499.508,434.704,-76.5661) (-524.69,455.539,-38.9837)
  m[0][0] pts=8 (-487.99,419.666,-61.8572) (-491.563,416.798,-63.6033) (-484.64,399.517,-49.3837) (-477.494,405.253,-45.8914) (-470.57,387.972,-31.6718) (-477.716,382.235,-35.164) (-470.793,364.954,-20.9443) (-467.22,367.823,-19.1982)
  m[0][1] pts=2 (-487.99,419.666,-61.8572) (-467.22,367.823,-19.1982)
  f[0][0] pts=8 (-513.172,440.502,-24.2748) (-517.767,438.258,-24.764) (-510.843,420.977,-10.5443) (-501.654,425.464,-9.56585) (-494.731,408.183,4.65381) (-503.92,403.696,3.67532) (-496.996,386.415,17.895) (-492.402,388.658,18.3842)
  f[0][1] pts=2 (-513.172,440.502,-24.2748) (-492.402,388.658,18.3842)
  m[1][0] pts=8 (-513.172,440.502,-24.2748) (-516.745,437.633,-26.0209) (-509.822,420.352,-11.8012) (-502.676,426.089,-8.30898) (-495.752,408.808,5.91069) (-502.898,403.071,2.41844) (-495.975,385.79,16.6381) (-492.402,388.658,18.3842)
  m[1][1] pts=2 (-513.172,440.502,-24.2748) (-492.402,388.658,18.3842)
  f[1][0] pts=8 (-487.99,419.666,-61.8572) (-492.585,417.423,-62.3465) (-485.661,400.142,-48.1268) (-476.472,404.628,-47.1483) (-469.549,387.347,-32.9286) (-478.738,382.86,-33.9071) (-471.814,365.579,-19.6875) (-467.22,367.823,-19.1982)
  f[1][1] pts=2 (-487.99,419.666,-61.8572) (-467.22,367.823,-19.1982)
joint 40 type=12 v0=15 v1=20 f0_0=3 f1_0=2 name=ss_e_ip_1 orient=1 div=3 shift=0.5
  jv[0] pts=5 (-504.871,438.849,-85.6381) (-502.345,448.08,-87.8212) (-530.913,471.547,-54.4315) (-533.44,462.315,-52.2484) (-504.871,438.849,-85.6381)
  jv[1] pts=5 (-586.14,443.82,-158.666) (-583.614,453.051,-160.849) (-612.182,476.518,-127.46) (-614.709,467.286,-125.276) (-586.14,443.82,-158.666)
  jv[2] pts=5 (-505.477,439.505,-84.9196) (-501.739,447.424,-88.5396) (-530.308,470.89,-55.15) (-534.045,462.972,-51.53) (-505.477,439.505,-84.9196)
  jv[3] pts=5 (-586.746,444.476,-157.948) (-583.009,452.395,-161.568) (-611.577,475.861,-128.178) (-615.314,467.943,-124.558) (-586.746,444.476,-157.948)
  m[0][0] pts=8 (-568.623,447.441,-145.152) (-569.887,442.826,-144.06) (-553.633,441.831,-129.455) (-551.106,451.063,-131.638) (-534.853,450.069,-117.032) (-537.379,440.837,-114.849) (-521.125,439.843,-100.244) (-519.862,444.459,-101.335)
  m[0][1] pts=2 (-568.623,447.441,-145.152) (-519.862,444.459,-101.335)
  f[0][0] pts=8 (-568.623,447.441,-145.152) (-570.492,443.482,-143.342) (-554.238,442.488,-128.736) (-550.501,450.406,-132.356) (-534.247,449.412,-117.751) (-537.984,441.494,-114.131) (-521.73,440.5,-99.5252) (-519.862,444.459,-101.335)
  f[0][1] pts=2 (-568.623,447.441,-145.152) (-519.862,444.459,-101.335)
  m[1][0] pts=8 (-597.192,470.908,-111.762) (-598.455,466.292,-110.671) (-582.201,465.298,-96.0653) (-579.675,474.529,-98.2483) (-563.421,473.535,-83.6427) (-565.947,464.304,-81.4597) (-549.693,463.31,-66.8541) (-548.43,467.925,-67.9456)
  m[1][1] pts=2 (-597.192,470.908,-111.762) (-548.43,467.925,-67.9456)
  f[1][0] pts=8 (-597.192,470.908,-111.762) (-599.06,466.949,-109.952) (-582.807,465.954,-95.3468) (-579.069,473.873,-98.9668) (-562.815,472.879,-84.3612) (-566.553,464.96,-80.7412) (-550.299,463.966,-66.1356) (-548.43,467.925,-67.9456)
  f[1][1] pts=2 (-597.192,470.908,-111.762) (-548.43,467.925,-67.9456)
joint 41 type=12 v0=16 v1=18 f0_0=6 f1_0=3 name=ss_e_ip_1 orient=1 div=6 shift=0.5
  jv[0] pts=5 (-126.923,553.509,63.8932) (-135.506,557.476,62.2224) (-126.38,534.416,19.2662) (-117.797,530.449,20.937) (-126.923,553.509,63.8932)
  jv[1] pts=5 (-224.354,374.462,139.311) (-232.937,378.428,137.64) (-223.811,355.368,94.6839) (-215.228,351.402,96.3547) (-224.354,374.462,139.311)
  jv[2] pts=5 (-118.231,531.328,22.4626) (-125.947,533.538,17.7406) (-135.073,556.598,60.6968) (-127.357,554.388,65.4188) (-118.231,531.328,22.4626)
  jv[3] pts=5 (-215.661,352.28,97.8803) (-223.377,354.49,93.1583) (-232.504,377.55,136.115) (-224.788,375.34,140.837) (-215.661,352.28,97.8803)
  m[0][0] pts=12 (-214.727,402.023,127.702) (-210.436,400.04,128.537) (-196.517,425.618,117.763) (-205.1,429.585,116.092) (-191.181,455.163,105.318) (-182.598,451.197,106.989) (-168.68,476.775,96.2151) (-177.262,480.741,94.5443) (-163.343,506.32,83.7704) (-154.761,502.353,85.4411) (-140.842,527.931,74.6672) (-145.133,529.914,73.8318)
  m[0][1] pts=2 (-214.727,402.023,127.702) (-145.133,529.914,73.8318)
  f[0][0] pts=12 (-205.601,378.963,84.7453) (-201.743,377.858,87.1064) (-187.824,403.437,76.3324) (-195.54,405.646,71.6104) (-181.621,431.225,60.8364) (-173.905,429.015,65.5584) (-159.987,454.593,54.7845) (-167.703,456.803,50.0624) (-153.784,482.381,39.2885) (-146.068,480.171,44.0105) (-132.149,505.75,33.2366) (-136.007,506.854,30.8755)
  f[0][1] pts=2 (-205.601,378.963,84.7453) (-136.007,506.854,30.8755)
  m[1][0] pts=12 (-205.601,378.963,84.7453) (-201.309,376.98,85.5807) (-187.391,402.558,74.8068) (-195.973,406.525,73.136) (-182.055,432.103,62.362) (-173.472,428.137,64.0328) (-159.553,453.715,53.2588) (-168.136,457.681,51.5881) (-154.217,483.26,40.8141) (-145.635,479.293,42.4849) (-131.716,504.871,31.7109) (-136.007,506.854,30.8755)
  m[1][1] pts=2 (-205.601,378.963,84.7453) (-136.007,506.854,30.8755)
  f[1][0] pts=12 (-214.727,402.023,127.702) (-210.869,400.919,130.063) (-196.95,426.497,119.289) (-204.666,428.707,114.567) (-190.748,454.285,103.793) (-183.032,452.075,108.515) (-169.113,477.653,97.7407) (-176.829,479.863,93.0187) (-162.91,505.441,82.2447) (-155.194,503.231,86.9668) (-141.275,528.81,76.1928) (-145.133,529.914,73.8318)
  f[1][1] pts=2 (-214.727,402.023,127.702) (-145.133,529.914,73.8318)
joint 42 type=12 v0=16 v1=19 f0_0=4 f1_0=7 name=ss_e_ip_1 orient=1 div=6 shift=0.5
  jv[0] pts=5 (228.264,389.093,133.148) (236.679,393.472,131.304) (227.53,369.869,88.5763) (219.116,365.489,90.4209) (228.264,389.093,133.148)
  jv[1] pts=5 (127.337,553.789,63.7755) (135.751,558.168,61.9309) (126.603,534.565,19.2036) (118.189,530.185,21.0482) (127.337,553.789,63.7755)
  jv[2] pts=5 (219.562,366.423,91.9891) (227.085,368.935,87.0081) (236.233,392.538,129.735) (228.71,390.027,134.716) (219.562,366.423,91.9891)
  jv[3] pts=5 (118.634,531.119,22.6164) (126.157,533.631,17.6354) (135.305,557.234,60.3627) (127.783,554.723,65.3437) (118.634,531.119,22.6164)
  m[0][0] pts=12 (145.962,532.45,72.7636) (141.755,530.261,73.6859) (156.173,506.733,83.5963) (164.587,511.112,81.7517) (179.006,487.584,91.662) (170.591,483.205,93.5067) (185.01,459.677,103.417) (193.424,464.056,101.572) (207.842,440.528,111.483) (199.428,436.149,113.327) (213.846,412.621,123.238) (218.053,414.81,122.316)
  m[0][1] pts=2 (145.962,532.45,72.7636) (218.053,414.81,122.316)
  f[0][0] pts=12 (136.814,508.847,30.0363) (133.053,507.591,32.5267) (147.471,484.063,42.4371) (154.993,486.575,37.4562) (169.412,463.047,47.3666) (161.889,460.535,52.3475) (176.307,437.007,62.2579) (183.83,439.519,57.2769) (198.248,415.991,67.1873) (190.726,413.479,72.1683) (205.144,389.951,82.0787) (208.905,391.207,79.5882)
  f[0][1] pts=2 (136.814,508.847,30.0363) (208.905,391.207,79.5882)
  m[1][0] pts=12 (136.814,508.847,30.0363) (132.607,506.657,30.9586) (147.025,483.129,40.869) (155.439,487.509,39.0243) (169.857,463.981,48.9347) (161.443,459.601,50.7794) (175.862,436.073,60.6897) (184.276,440.453,58.8451) (198.694,416.925,68.7555) (190.28,412.545,70.6001) (204.698,389.017,80.5105) (208.905,391.207,79.5882)
  m[1][1] pts=2 (136.814,508.847,30.0363) (208.905,391.207,79.5882)
  f[1][0] pts=12 (145.962,532.45,72.7636) (142.201,531.195,75.2541) (156.619,507.667,85.1645) (164.142,510.178,80.1835) (178.56,486.65,90.0939) (171.037,484.139,95.0748) (185.456,460.611,104.985) (192.978,463.122,100.004) (207.396,439.594,109.915) (199.874,437.083,114.896) (214.292,413.555,124.806) (218.053,414.81,122.316)
  f[1][1] pts=2 (145.962,532.45,72.7636) (218.053,414.81,122.316)
joint 43 type=12 v0=16 v1=21 f0_0=5 f1_0=2 name=ss_e_ip_1 orient=1 div=6 shift=0.5
  jv[0] pts=5 (112.053,561.928,60.3471) (112.053,570.79,56.6142) (112.053,542.472,15.8726) (112.053,533.61,19.6056) (112.053,561.928,60.3471)
  jv[1] pts=5 (-112.169,561.928,60.3471) (-112.169,570.79,56.6142) (-112.169,542.472,15.8726) (-112.169,533.61,19.6056) (-112.169,561.928,60.3471)
  jv[2] pts=5 (112.053,534.746,20.9999) (112.053,541.337,14.4783) (112.053,569.655,55.2199) (112.053,563.064,61.7414) (112.053,534.746,20.9999)
  jv[3] pts=5 (-112.169,534.746,20.9999) (-112.169,541.337,14.4783) (-112.169,569.655,55.2199) (-112.169,563.064,61.7414) (-112.169,534.746,20.9999)
  m[0][0] pts=12 (-80.1374,566.359,58.4806) (-80.1374,561.928,60.3471) (-48.1056,561.928,60.3471) (-48.1056,570.79,56.6142) (-16.0738,570.79,56.6142) (-16.0738,561.928,60.3471) (15.958,561.928,60.3471) (15.958,570.79,56.6142) (47.9898,570.79,56.6142) (47.9898,561.928,60.3471) (80.0217,561.928,60.3471) (80.0217,566.359,58.4806)
  m[0][1] pts=2 (-80.1374,566.359,58.4806) (80.0217,566.359,58.4806)
  f[0][0] pts=12 (-80.1374,538.041,17.7391) (-80.1374,534.746,20.9999) (-48.1056,534.746,20.9999) (-48.1056,541.337,14.4783) (-16.0738,541.337,14.4783) (-16.0738,534.746,20.9999) (15.958,534.746,20.9999) (15.958,541.337,14.4783) (47.9898,541.337,14.4783) (47.9898,534.746,20.9999) (80.0217,534.746,20.9999) (80.0217,538.041,17.7391)
  f[0][1] pts=2 (-80.1374,538.041,17.7391) (80.0217,538.041,17.7391)
  m[1][0] pts=12 (-80.1374,538.041,17.7391) (-80.1374,533.61,19.6056) (-48.1056,533.61,19.6056) (-48.1056,542.472,15.8726) (-16.0738,542.472,15.8726) (-16.0738,533.61,19.6056) (15.958,533.61,19.6056) (15.958,542.472,15.8726) (47.9898,542.472,15.8726) (47.9898,533.61,19.6056) (80.0217,533.61,19.6056) (80.0217,538.041,17.7391)
  m[1][1] pts=2 (-80.1374,538.041,17.7391) (80.0217,538.041,17.7391)
  f[1][0] pts=12 (-80.1374,566.359,58.4806) (-80.1374,563.064,61.7414) (-48.1056,563.064,61.7414) (-48.1056,569.655,55.2199) (-16.0738,569.655,55.2199) (-16.0738,563.064,61.7414) (15.958,563.064,61.7414) (15.958,569.655,55.2199) (47.9898,569.655,55.2199) (47.9898,563.064,61.7414) (80.0217,563.064,61.7414) (80.0217,566.359,58.4806)
  f[1][1] pts=2 (-80.1374,566.359,58.4806) (80.0217,566.359,58.4806)
joint 44 type=12 v0=17 v1=19 f0_0=6 f1_0=3 name=ss_e_ip_1 orient=1 div=4 shift=0.5
  jv[0] pts=5 (502.143,443.652,-85.5442) (495.166,449.845,-82.4161) (520.334,471.14,-45.0395) (527.311,464.947,-48.1675) (502.143,443.652,-85.5442)
  jv[1] pts=5 (460.933,358.794,-9.44709) (453.956,364.987,-6.31902) (479.124,386.282,31.0576) (486.101,380.089,27.9296) (460.933,358.794,-9.44709)
  jv[2] pts=5 (528.344,465.598,-46.882) (519.301,470.489,-46.3249) (494.133,449.194,-83.7016) (503.176,444.303,-84.2587) (528.344,465.598,-46.882)
  jv[3] pts=5 (487.134,380.74,29.2151) (478.091,385.631,29.7721) (452.923,364.336,-7.60452) (461.966,359.444,-8.1616) (487.134,380.74,29.2151)
  m[0][0] pts=8 (465.687,378.862,-23.1025) (469.175,375.765,-24.6665) (477.417,392.737,-39.8859) (470.44,398.93,-36.7579) (478.682,415.902,-51.9773) (485.659,409.709,-55.1053) (493.901,426.68,-70.3247) (490.412,429.777,-68.7607)
  m[0][1] pts=2 (465.687,378.862,-23.1025) (490.412,429.777,-68.7607)
  f[0][0] pts=8 (490.855,400.157,14.2742) (495.376,397.711,13.9956) (503.618,414.683,-1.22377) (494.575,419.574,-0.666695) (502.817,436.546,-15.8861) (511.86,431.655,-16.4432) (520.102,448.626,-31.6626) (515.58,451.072,-31.3841)
  f[0][1] pts=2 (490.855,400.157,14.2742) (515.58,451.072,-31.3841)
  m[1][0] pts=8 (490.855,400.157,14.2742) (494.343,397.06,12.7102) (502.585,414.032,-2.50927) (495.608,420.225,0.618796) (503.85,437.197,-14.6006) (510.827,431.004,-17.7287) (519.069,447.975,-32.9481) (515.58,451.072,-31.3841)
  m[1][1] pts=2 (490.855,400.157,14.2742) (515.58,451.072,-31.3841)
  f[1][0] pts=8 (465.687,378.862,-23.1025) (470.208,376.416,-23.381) (478.45,393.388,-38.6004) (469.407,398.279,-38.0433) (477.649,415.251,-53.2628) (486.692,410.359,-53.8198) (494.934,427.331,-69.0393) (490.412,429.777,-68.7607)
  f[1][1] pts=2 (465.687,378.862,-23.1025) (490.412,429.777,-68.7607)
joint 45 type=12 v0=17 v1=22 f0_0=5 f1_0=2 name=ss_e_ip_1 orient=1 div=3 shift=0.5
  jv[0] pts=5 (584.032,451.488,-160.471) (581.581,460.791,-162.754) (610.102,484.702,-129.534) (612.553,475.399,-127.251) (584.032,451.488,-160.471)
  jv[1] pts=5 (509.065,448.124,-93.6859) (506.614,457.427,-95.9685) (535.136,481.338,-62.7487) (537.587,472.035,-60.4662) (509.065,448.124,-93.6859)
  jv[2] pts=5 (584.708,452.213,-159.675) (580.905,460.066,-163.549) (609.426,483.977,-130.33) (613.23,476.124,-126.456) (584.708,452.213,-159.675)
  jv[3] pts=5 (509.742,448.849,-92.8902) (505.938,456.702,-96.7642) (534.459,480.613,-63.5445) (538.263,472.76,-59.6704) (509.742,448.849,-92.8902)
  m[0][0] pts=8 (522.833,453.448,-108.184) (524.059,448.797,-107.043) (539.052,449.47,-120.4) (536.601,458.773,-122.683) (551.594,459.445,-136.04) (554.045,450.143,-133.757) (569.039,450.815,-147.114) (567.813,455.467,-148.255)
  m[0][1] pts=2 (522.833,453.448,-108.184) (567.813,455.467,-148.255)
  f[0][0] pts=8 (522.833,453.448,-108.184) (524.735,449.522,-106.247) (539.728,450.194,-119.604) (535.925,458.048,-123.478) (550.918,458.721,-136.835) (554.722,450.867,-132.961) (569.715,451.54,-146.318) (567.813,455.467,-148.255)
  f[0][1] pts=2 (522.833,453.448,-108.184) (567.813,455.467,-148.255)
  m[1][0] pts=8 (551.354,477.359,-74.9645) (552.58,472.708,-73.8232) (567.573,473.381,-87.1802) (565.122,482.683,-89.4628) (580.116,483.356,-102.82) (582.567,474.053,-100.537) (597.56,474.726,-113.894) (596.334,479.378,-115.036)
  m[1][1] pts=2 (551.354,477.359,-74.9645) (596.334,479.378,-115.036)
  f[1][0] pts=8 (551.354,477.359,-74.9645) (553.256,473.432,-73.0275) (568.25,474.105,-86.3845) (564.446,481.959,-90.2585) (579.439,482.632,-103.616) (583.243,474.778,-99.7415) (598.236,475.451,-113.099) (596.334,479.378,-115.036)
  f[1][1] pts=2 (551.354,477.359,-74.9645) (596.334,479.378,-115.036)
joint 46 type=12 v0=18 v1=20 f0_0=6 f1_0=3 name=ss_e_ip_1 orient=1 div=5 shift=0.5
  jv[0] pts=5 (-418.509,596.39,-147.64) (-426.786,598.278,-152.391) (-451.196,625.247,-118.482) (-442.919,623.359,-113.732) (-418.509,596.39,-147.64)
  jv[1] pts=5 (-490.071,448.668,-81.6665) (-498.348,450.556,-86.4172) (-522.758,477.525,-52.5087) (-514.481,475.637,-47.7579) (-490.071,448.668,-81.6665)
  jv[2] pts=5 (-419.354,597.08,-147.011) (-425.941,597.588,-153.02) (-450.351,624.557,-119.111) (-443.764,624.049,-113.103) (-419.354,597.08,-147.011)
  jv[3] pts=5 (-490.916,449.358,-81.0376) (-497.503,449.866,-87.0461) (-521.913,476.834,-53.1376) (-515.326,476.327,-47.129) (-490.916,449.358,-81.0376)
  m[0][0] pts=12 (-483.986,470.715,-93.4666) (-479.848,469.771,-91.0913) (-469.625,490.874,-100.516) (-477.902,492.762,-105.267) (-467.679,513.865,-114.692) (-459.401,511.977,-109.941) (-449.178,533.08,-119.366) (-457.456,534.969,-124.116) (-447.233,556.072,-133.541) (-438.955,554.184,-128.79) (-428.732,575.287,-138.215) (-432.871,576.231,-140.591)
  m[0][1] pts=2 (-483.986,470.715,-93.4666) (-432.871,576.231,-140.591)
  f[0][0] pts=12 (-483.986,470.715,-93.4666) (-480.693,470.461,-90.4624) (-470.47,491.564,-99.8872) (-477.057,492.072,-105.896) (-466.834,513.175,-115.321) (-460.247,512.668,-109.312) (-450.024,533.771,-118.737) (-456.61,534.278,-124.745) (-446.387,555.381,-134.17) (-439.8,554.874,-128.162) (-429.577,575.977,-137.586) (-432.871,576.231,-140.591)
  f[0][1] pts=2 (-483.986,470.715,-93.4666) (-432.871,576.231,-140.591)
  m[1][0] pts=12 (-508.396,497.684,-59.5581) (-504.258,496.74,-57.1827) (-494.035,517.843,-66.6075) (-502.312,519.731,-71.3583) (-492.089,540.834,-80.7831) (-483.811,538.946,-76.0323) (-473.588,560.049,-85.4571) (-481.866,561.937,-90.2079) (-471.643,583.041,-99.6327) (-463.365,581.152,-94.8819) (-453.142,602.256,-104.307) (-457.281,603.2,-106.682)
  m[1][1] pts=2 (-508.396,497.684,-59.5581) (-457.281,603.2,-106.682)
  f[1][0] pts=12 (-508.396,497.684,-59.5581) (-505.103,497.43,-56.5538) (-494.88,518.533,-65.9786) (-501.467,519.041,-71.9872) (-491.244,540.144,-81.412) (-484.657,539.636,-75.4034) (-474.434,560.74,-84.8282) (-481.021,561.247,-90.8368) (-470.797,582.35,-100.262) (-464.21,581.843,-94.253) (-453.987,602.946,-103.678) (-457.281,603.2,-106.682)
  f[1][1] pts=2 (-508.396,497.684,-59.5581) (-457.281,603.2,-106.682)
joint 47 type=12 v0=18 v1=21 f0_0=4 f1_0=5 name=ss_e_ip_1 orient=1 div=5 shift=0.5
  jv[0] pts=5 (-126.825,539.975,13.1663) (-118.928,545.797,12.7244) (-127.33,576.811,50.7985) (-135.226,570.989,51.2404) (-126.825,539.975,13.1663)
  jv[1] pts=5 (-213.074,648.798,-94.5087) (-205.177,654.619,-94.9506) (-213.579,685.633,-56.8764) (-221.476,679.812,-56.4345) (-213.074,648.798,-94.5087)
  jv[2] pts=5 (-127.13,541.183,14.631) (-118.623,544.59,11.2597) (-127.024,575.604,49.3338) (-135.532,572.196,52.7051) (-127.13,541.183,14.631)
  jv[3] pts=5 (-213.38,650.005,-93.044) (-204.872,653.412,-96.4153) (-213.274,684.426,-58.3411) (-221.781,681.019,-54.9698) (-213.38,650.005,-93.044)
  m[0][0] pts=12 (-196.804,636.162,-79.3475) (-200.753,633.252,-79.1265) (-188.431,617.706,-63.7444) (-180.535,623.527,-64.1863) (-168.213,607.981,-48.8042) (-176.11,602.16,-48.3623) (-163.789,586.614,-32.9801) (-155.892,592.435,-33.422) (-143.571,576.889,-18.0399) (-151.467,571.068,-17.598) (-139.146,555.522,-2.21587) (-135.198,558.432,-2.43681)
  m[0][1] pts=2 (-196.804,636.162,-79.3475) (-135.198,558.432,-2.43681)
  f[0][0] pts=12 (-196.804,636.162,-79.3475) (-201.058,634.459,-77.6619) (-188.737,618.913,-62.2797) (-180.229,622.32,-65.651) (-167.908,606.774,-50.2688) (-176.416,603.367,-46.8976) (-164.094,587.821,-31.5154) (-155.587,591.228,-34.8867) (-143.265,575.682,-19.5046) (-151.773,572.275,-16.1333) (-139.452,556.729,-0.751178) (-135.198,558.432,-2.43681)
  f[0][1] pts=2 (-196.804,636.162,-79.3475) (-135.198,558.432,-2.43681)
  m[1][0] pts=12 (-205.206,667.176,-41.2733) (-209.154,664.266,-41.0524) (-196.833,648.719,-25.6703) (-188.936,654.541,-26.1121) (-176.615,638.995,-10.73) (-184.512,633.173,-10.2881) (-172.19,617.627,5.094) (-164.294,623.449,4.65213) (-151.972,607.903,20.0343) (-159.869,602.081,20.4761) (-147.548,586.535,35.8583) (-143.599,589.446,35.6373)
  m[1][1] pts=2 (-205.206,667.176,-41.2733) (-143.599,589.446,35.6373)
  f[1][0] pts=12 (-205.206,667.176,-41.2733) (-209.46,665.473,-39.5877) (-197.139,649.927,-24.2056) (-188.631,653.334,-27.5768) (-176.31,637.788,-12.1947) (-184.817,634.381,-8.82344) (-172.496,618.835,6.5587) (-163.988,622.242,3.18743) (-151.667,606.696,18.5696) (-160.175,603.288,21.9408) (-147.853,587.742,37.323) (-143.599,589.446,35.6373)
  f[1][1] pts=2 (-205.206,667.176,-41.2733) (-143.599,589.446,35.6373)
joint 48 type=12 v0=19 v1=21 f0_0=6 f1_0=3 name=ss_e_ip_1 orient=1 div=5 shift=0.5
  jv[0] pts=5 (211.024,680.512,-57.0492) (202.913,685.961,-57.2785) (194.495,654.558,-94.9683) (202.607,649.109,-94.7389) (211.024,680.512,-57.0492)
  jv[1] pts=5 (134.773,571.544,50.7693) (126.661,576.993,50.54) (118.244,545.591,12.8502) (126.355,540.142,13.0795) (134.773,571.544,50.7693)
  jv[2] pts=5 (202.906,650.294,-93.3301) (194.196,653.374,-96.3772) (202.614,684.776,-58.6874) (211.323,681.696,-55.6403) (202.906,650.294,-93.3301)
  jv[3] pts=5 (126.654,541.327,14.4884) (117.945,544.406,11.4413) (126.362,575.808,49.1311) (135.072,572.729,52.1782) (126.654,541.327,14.4884)
  m[0][0] pts=12 (141.61,589.835,35.252) (145.666,587.111,35.3666) (156.559,602.678,19.964) (148.448,608.127,19.7347) (159.341,623.694,4.33205) (167.452,618.245,4.56138) (178.345,633.811,-10.8413) (170.234,639.26,-11.0706) (181.127,654.827,-26.4732) (189.238,649.378,-26.2439) (200.131,664.945,-41.6465) (196.075,667.669,-41.7612)
  m[0][1] pts=2 (141.61,589.835,35.252) (196.075,667.669,-41.7612)
  f[0][0] pts=12 (133.193,558.433,-2.4378) (137.547,556.893,-0.914249) (148.441,572.46,-16.3169) (139.731,575.54,-19.364) (150.624,591.107,-34.7666) (159.334,588.027,-31.7195) (170.227,603.594,-47.1222) (161.517,606.673,-50.1693) (172.41,622.24,-65.5719) (181.12,619.161,-62.5248) (192.013,634.727,-77.9274) (187.658,636.267,-79.451)
  f[0][1] pts=2 (133.193,558.433,-2.4378) (187.658,636.267,-79.451)
  m[1][0] pts=12 (133.193,558.433,-2.4378) (137.248,555.709,-2.32314) (148.141,571.276,-17.7258) (140.03,576.725,-17.9551) (150.923,592.291,-33.3577) (159.034,586.842,-33.1284) (169.927,602.409,-48.531) (161.816,607.858,-48.7604) (172.709,623.425,-64.163) (180.821,617.976,-63.9337) (191.714,633.543,-79.3363) (187.658,636.267,-79.451)
  m[1][1] pts=2 (133.193,558.433,-2.4378) (187.658,636.267,-79.451)
  f[1][0] pts=12 (141.61,589.835,35.252) (145.965,588.296,36.7755) (156.858,603.862,21.3729) (148.148,606.942,18.3258) (159.041,622.509,2.92316) (167.751,619.429,5.97027) (178.644,634.996,-9.43237) (169.935,638.076,-12.4795) (180.828,653.642,-27.8821) (189.537,650.563,-24.835) (200.43,666.13,-40.2376) (196.075,667.669,-41.7612)
  f[1][1] pts=2 (141.61,589.835,35.252) (196.075,667.669,-41.7612)
joint 49 type=12 v0=19 v1=22 f0_0=4 f1_0=5 name=ss_e_ip_1 orient=1 div=5 shift=0.5
  jv[0] pts=5 (518.383,485.574,-56.2832) (526.523,487.582,-61.1865) (502.301,459.626,-94.3992) (494.16,457.617,-89.4959) (518.383,485.574,-56.2832)
  jv[1] pts=5 (447.948,620.067,-118.122) (456.088,622.076,-123.025) (431.866,594.119,-156.238) (423.725,592.11,-151.335) (447.948,620.067,-118.122)
  jv[2] pts=5 (494.978,458.317,-88.9064) (501.482,458.926,-94.9886) (525.705,486.883,-61.7759) (519.201,486.273,-55.6937) (494.978,458.317,-88.9064)
  jv[3] pts=5 (424.543,592.81,-150.745) (431.047,593.42,-156.828) (455.27,621.376,-123.615) (448.766,620.767,-117.533) (424.543,592.81,-150.745)
  m[0][0] pts=12 (462.08,601.858,-111.74) (458.01,600.854,-109.288) (468.072,581.64,-100.454) (476.213,583.649,-105.357) (486.275,564.436,-96.523) (478.134,562.427,-91.6197) (488.196,543.214,-82.7856) (496.337,545.222,-87.6889) (506.399,526.009,-78.8547) (498.259,524,-73.9515) (508.321,504.787,-65.1173) (512.391,505.791,-67.569)
  m[0][1] pts=2 (462.08,601.858,-111.74) (512.391,505.791,-67.569)
  f[0][0] pts=12 (437.857,573.901,-144.952) (434.605,573.597,-141.911) (444.667,554.383,-133.077) (451.172,554.993,-139.159) (461.234,535.78,-130.325) (454.73,535.17,-124.243) (464.792,515.957,-115.409) (471.296,516.566,-121.491) (481.358,497.353,-112.657) (474.854,496.743,-106.575) (484.916,477.53,-97.7406) (488.168,477.835,-100.782)
  f[0][1] pts=2 (437.857,573.901,-144.952) (488.168,477.835,-100.782)
  m[1][0] pts=12 (437.857,573.901,-144.952) (433.787,572.897,-142.501) (443.849,553.684,-133.667) (451.99,555.693,-138.57) (462.052,536.479,-129.736) (453.911,534.47,-124.832) (463.974,515.257,-115.998) (472.114,517.266,-120.902) (482.176,498.053,-112.067) (474.036,496.044,-107.164) (484.098,476.83,-98.33) (488.168,477.835,-100.782)
  m[1][1] pts=2 (437.857,573.901,-144.952) (488.168,477.835,-100.782)
  f[1][0] pts=12 (462.08,601.858,-111.74) (458.828,601.553,-108.699) (468.89,582.34,-99.8645) (475.395,582.95,-105.947) (485.457,563.736,-97.1125) (478.952,563.127,-91.0303) (489.015,543.913,-82.1962) (495.519,544.523,-88.2783) (505.581,525.31,-79.4442) (499.077,524.7,-73.362) (509.139,505.486,-64.5279) (512.391,505.791,-67.569)
  f[1][1] pts=2 (462.08,601.858,-111.74) (512.391,505.791,-67.569)
