# wood joints after construct_joint_by_index
# count=94
joint 0 type=11 v0=1 v1=0 f0_0=4 f1_0=2 name=ss_e_op_1 orient=1 div=1 shift=0.66
  jv[0] pts=5 (284.645,71.4212,232.673) (284.645,71.4212,214.673) (301.962,76.3328,214.673) (301.962,76.3328,232.673) (284.645,71.4212,232.673)
  jv[1] pts=5 (379.066,-261.481,232.673) (379.066,-261.481,214.673) (396.383,-256.569,214.673) (396.383,-256.569,232.673) (379.066,-261.481,232.673)
  m[0][0] pts=4 (316.119,-39.5462,232.673) (316.119,-39.5462,214.673) (352.628,-168.268,214.673) (352.628,-168.268,232.673)
  m[0][1] pts=2 (316.119,-39.5462,232.673) (352.628,-168.268,232.673)
  f[0][0] pts=4 (338.471,-52.3894,214.673) (316.119,-39.5462,214.673) (352.628,-168.268,214.673) (364.909,-145.602,214.673)
  f[0][1] pts=2 (338.471,-52.3894,214.673) (364.909,-145.602,214.673)
  m[1][0] pts=4 (338.471,-52.3894,232.673) (338.471,-52.3894,214.673) (364.909,-145.602,214.673) (364.909,-145.602,232.673)
  m[1][1] pts=2 (338.471,-52.3894,232.673) (364.909,-145.602,232.673)
  f[1][0] pts=4 (338.471,-52.3894,232.673) (316.119,-39.5462,232.673) (352.628,-168.268,232.673) (364.909,-145.602,232.673)
  f[1][1] pts=2 (338.471,-52.3894,232.673) (364.909,-145.602,232.673)
joint 1 type=11 v0=2 v1=0 f0_0=3 f1_0=5 name=ss_e_op_1 orient=1 div=1 shift=0.66
  jv[0] pts=5 (436.697,102.956,232.673) (436.697,102.956,214.673) (439.183,85.1283,214.673) (439.183,85.1283,232.673) (436.697,102.956,232.673)
  jv[1] pts=5 (292.059,82.7892,232.673) (292.059,82.7892,214.673) (294.545,64.9616,214.673) (294.545,64.9616,232.673) (292.059,82.7892,232.673)
  m[0][0] pts=4 (388.484,96.2336,232.673) (388.484,96.2336,214.673) (332.558,88.4359,214.673) (332.558,88.4359,232.673)
  m[0][1] pts=2 (388.484,96.2336,232.673) (332.558,88.4359,232.673)
  f[0][0] pts=4 (383.256,77.3305,214.673) (388.484,96.2336,214.673) (332.558,88.4359,214.673) (342.757,71.6839,214.673)
  f[0][1] pts=2 (383.256,77.3305,214.673) (342.757,71.6839,214.673)
  m[1][0] pts=4 (383.256,77.3305,232.673) (383.256,77.3305,214.673) (342.757,71.6839,214.673) (342.757,71.6839,232.673)
  m[1][1] pts=2 (383.256,77.3305,232.673) (342.757,71.6839,232.673)
  f[1][0] pts=4 (383.256,77.3305,232.673) (388.484,96.2336,232.673) (332.558,88.4359,232.673) (342.757,71.6839,232.673)
  f[1][1] pts=2 (383.256,77.3305,232.673) (342.757,71.6839,232.673)
joint 2 type=11 v0=3 v1=0 f0_0=4 f1_0=4 name=ss_e_op_1 orient=1 div=1 shift=0.66
  jv[0] pts=5 (446.941,-252.04,232.673) (446.941,-252.04,214.673) (428.941,-252.04,214.673) (428.941,-252.04,232.673) (446.941,-252.04,232.673)
  jv[1] pts=5 (446.941,94.0409,232.673) (446.941,94.0409,214.673) (428.941,94.0409,214.673) (428.941,94.0409,232.673) (446.941,94.0409,232.673)
  m[0][0] pts=4 (446.941,-136.68,232.673) (446.941,-136.68,214.673) (446.941,-2.86175,214.673) (446.941,-2.86175,232.673)
  m[0][1] pts=2 (446.941,-136.68,232.673) (446.941,-2.86175,232.673)
  f[0][0] pts=4 (428.941,-118.222,214.673) (446.941,-136.68,214.673) (446.941,-2.86175,214.673) (428.941,-21.3194,214.673)
  f[0][1] pts=2 (428.941,-118.222,214.673) (428.941,-21.3194,214.673)
  m[1][0] pts=4 (428.941,-118.222,232.673) (428.941,-118.222,214.673) (428.941,-21.3194,214.673) (428.941,-21.3194,232.673)
  m[1][1] pts=2 (428.941,-118.222,232.673) (428.941,-21.3194,232.673)
  f[1][0] pts=4 (428.941,-118.222,232.673) (446.941,-136.68,232.673) (446.941,-2.86175,232.673) (428.941,-21.3194,232.673)
  f[1][1] pts=2 (428.941,-118.222,232.673) (428.941,-21.3194,232.673)
joint 3 type=11 v0=2 v1=1 f0_0=2 f1_0=5 name=ss_e_op_1 orient=1 div=1 shift=0.66
  jv[0] pts=5 (281.825,81.3624,223.672) (299.824,83.8718,223.672) (304.782,66.3891,223.672) (286.784,63.8796,223.672) (281.825,81.3624,223.672)
  jv[1] pts=5 (281.825,81.3624,-48.7765) (299.824,83.8718,-48.7765) (304.782,66.3891,-48.7765) (286.784,63.8796,-48.7765) (281.825,81.3624,-48.7765)
  m[0][0] pts=4 (281.825,81.3624,132.856) (299.824,83.8718,132.856) (299.824,83.8718,27.5092) (281.825,81.3624,27.5092)
  m[0][1] pts=2 (281.825,81.3624,132.856) (281.825,81.3624,27.5092)
  f[0][0] pts=4 (304.782,66.3891,118.326) (299.824,83.8718,132.856) (299.824,83.8718,27.5092) (304.782,66.3891,42.0398)
  f[0][1] pts=2 (304.782,66.3891,118.326) (304.782,66.3891,42.0398)
  m[1][0] pts=4 (286.784,63.8796,118.326) (304.782,66.3891,118.326) (304.782,66.3891,42.0398) (286.784,63.8796,42.0398)
  m[1][1] pts=2 (286.784,63.8796,118.326) (286.784,63.8796,42.0398)
  f[1][0] pts=4 (286.784,63.8796,118.326) (281.825,81.3624,132.856) (281.825,81.3624,27.5092) (286.784,63.8796,42.0398)
  f[1][1] pts=2 (286.784,63.8796,118.326) (286.784,63.8796,42.0398)
joint 4 type=40 v0=1 v1=7 f0_0=0 f1_0=0 name=tt_e_p_3 orient=0 div=1 shift=45
  jv[0] pts=5 (299.142,86.274,232.671) (396.042,-255.367,232.671) (361.408,-265.19,232.671) (264.509,76.4508,232.671) (299.142,86.274,232.671)
  jv[1] pts=5 (299.142,86.274,-225.047) (396.042,-255.367,-225.047) (361.408,-265.19,-225.047) (264.509,76.4508,-225.047) (299.142,86.274,-225.047)
  m[0][0] pts=2 (366.446,-216.987,187.671) (349.129,-221.898,187.671)
  m[0][1] pts=2 (366.446,-216.987,187.671) (349.129,-221.898,187.671)
  m[0][2] pts=2 (342.332,-131.967,187.671) (325.015,-136.878,187.671)
  m[0][3] pts=2 (342.332,-131.967,187.671) (325.015,-136.878,187.671)
  m[0][4] pts=2 (318.218,-46.947,187.671) (300.901,-51.8586,187.671)
  m[0][5] pts=2 (318.218,-46.947,187.671) (300.901,-51.8586,187.671)
  m[0][6] pts=2 (294.104,38.0727,187.671) (276.787,33.1611,187.671)
  m[0][7] pts=2 (294.104,38.0727,187.671) (276.787,33.1611,187.671)
  m[0][8] pts=2 (294.104,38.0727,119.871) (276.787,33.1611,119.871)
  m[0][9] pts=2 (294.104,38.0727,119.871) (276.787,33.1611,119.871)
  m[0][10] pts=2 (294.104,38.0727,52.0714) (276.787,33.1611,52.0714)
  m[0][11] pts=2 (294.104,38.0727,52.0714) (276.787,33.1611,52.0714)
  m[0][12] pts=2 (294.104,38.0727,-15.7286) (276.787,33.1611,-15.7286)
  m[0][13] pts=2 (294.104,38.0727,-15.7286) (276.787,33.1611,-15.7286)
  m[0][14] pts=2 (318.218,-46.947,-60.9686) (300.901,-51.8586,-60.9686)
  m[0][15] pts=2 (318.218,-46.947,-60.9686) (300.901,-51.8586,-60.9686)
  m[0][16] pts=2 (342.332,-131.967,-106.209) (325.015,-136.878,-106.209)
  m[0][17] pts=2 (342.332,-131.967,-106.209) (325.015,-136.878,-106.209)
  m[0][18] pts=2 (366.446,-216.987,-151.449) (349.129,-221.898,-151.449)
  m[0][19] pts=2 (366.446,-216.987,-151.449) (349.129,-221.898,-151.449)
  m[0][20] pts=2 (366.446,-216.987,-66.6686) (349.129,-221.898,-66.6686)
  m[0][21] pts=2 (366.446,-216.987,-66.6686) (349.129,-221.898,-66.6686)
  m[0][22] pts=2 (366.446,-216.987,18.1114) (349.129,-221.898,18.1114)
  m[0][23] pts=2 (366.446,-216.987,18.1114) (349.129,-221.898,18.1114)
  m[0][24] pts=2 (366.446,-216.987,102.891) (349.129,-221.898,102.891)
  m[0][25] pts=2 (366.446,-216.987,102.891) (349.129,-221.898,102.891)
  f[0][0] pts=2 (366.446,-216.987,187.671) (383.763,-212.075,187.671)
  f[0][1] pts=2 (366.446,-216.987,187.671) (383.763,-212.075,187.671)
  f[0][2] pts=2 (342.332,-131.967,187.671) (359.649,-127.055,187.671)
  f[0][3] pts=2 (342.332,-131.967,187.671) (359.649,-127.055,187.671)
  f[0][4] pts=2 (318.218,-46.947,187.671) (335.535,-42.0354,187.671)
  f[0][5] pts=2 (318.218,-46.947,187.671) (335.535,-42.0354,187.671)
  f[0][6] pts=2 (294.104,38.0727,187.671) (311.421,42.9843,187.671)
  f[0][7] pts=2 (294.104,38.0727,187.671) (311.421,42.9843,187.671)
  f[0][8] pts=2 (294.104,38.0727,119.871) (311.421,42.9843,119.871)
  f[0][9] pts=2 (294.104,38.0727,119.871) (311.421,42.9843,119.871)
  f[0][10] pts=2 (294.104,38.0727,52.0714) (311.421,42.9843,52.0714)
  f[0][11] pts=2 (294.104,38.0727,52.0714) (311.421,42.9843,52.0714)
  f[0][12] pts=2 (294.104,38.0727,-15.7286) (311.421,42.9843,-15.7286)
  f[0][13] pts=2 (294.104,38.0727,-15.7286) (311.421,42.9843,-15.7286)
  f[0][14] pts=2 (318.218,-46.947,-60.9686) (335.535,-42.0354,-60.9686)
  f[0][15] pts=2 (318.218,-46.947,-60.9686) (335.535,-42.0354,-60.9686)
  f[0][16] pts=2 (342.332,-131.967,-106.209) (359.649,-127.055,-106.209)
  f[0][17] pts=2 (342.332,-131.967,-106.209) (359.649,-127.055,-106.209)
  f[0][18] pts=2 (366.446,-216.987,-151.449) (383.763,-212.075,-151.449)
  f[0][19] pts=2 (366.446,-216.987,-151.449) (383.763,-212.075,-151.449)
  f[0][20] pts=2 (366.446,-216.987,-66.6686) (383.763,-212.075,-66.6686)
  f[0][21] pts=2 (366.446,-216.987,-66.6686) (383.763,-212.075,-66.6686)
  f[0][22] pts=2 (366.446,-216.987,18.1114) (383.763,-212.075,18.1114)
  f[0][23] pts=2 (366.446,-216.987,18.1114) (383.763,-212.075,18.1114)
  f[0][24] pts=2 (366.446,-216.987,102.891) (383.763,-212.075,102.891)
  f[0][25] pts=2 (366.446,-216.987,102.891) (383.763,-212.075,102.891)
  m[1][0] pts=2 (366.446,-216.987,187.671) (349.129,-221.898,187.671)
  m[1][1] pts=2 (366.446,-216.987,187.671) (349.129,-221.898,187.671)
  m[1][2] pts=2 (342.332,-131.967,187.671) (325.015,-136.878,187.671)
  m[1][3] pts=2 (342.332,-131.967,187.671) (325.015,-136.878,187.671)
  m[1][4] pts=2 (318.218,-46.947,187.671) (300.901,-51.8586,187.671)
  m[1][5] pts=2 (318.218,-46.947,187.671) (300.901,-51.8586,187.671)
  m[1][6] pts=2 (294.104,38.0727,187.671) (276.787,33.1611,187.671)
  m[1][7] pts=2 (294.104,38.0727,187.671) (276.787,33.1611,187.671)
  m[1][8] pts=2 (294.104,38.0727,119.871) (276.787,33.1611,119.871)
  m[1][9] pts=2 (294.104,38.0727,119.871) (276.787,33.1611,119.871)
  m[1][10] pts=2 (294.104,38.0727,52.0714) (276.787,33.1611,52.0714)
  m[1][11] pts=2 (294.104,38.0727,52.0714) (276.787,33.1611,52.0714)
  m[1][12] pts=2 (294.104,38.0727,-15.7286) (276.787,33.1611,-15.7286)
  m[1][13] pts=2 (294.104,38.0727,-15.7286) (276.787,33.1611,-15.7286)
  m[1][14] pts=2 (318.218,-46.947,-60.9686) (300.901,-51.8586,-60.9686)
  m[1][15] pts=2 (318.218,-46.947,-60.9686) (300.901,-51.8586,-60.9686)
  m[1][16] pts=2 (342.332,-131.967,-106.209) (325.015,-136.878,-106.209)
  m[1][17] pts=2 (342.332,-131.967,-106.209) (325.015,-136.878,-106.209)
  m[1][18] pts=2 (366.446,-216.987,-151.449) (349.129,-221.898,-151.449)
  m[1][19] pts=2 (366.446,-216.987,-151.449) (349.129,-221.898,-151.449)
  m[1][20] pts=2 (366.446,-216.987,-66.6686) (349.129,-221.898,-66.6686)
  m[1][21] pts=2 (366.446,-216.987,-66.6686) (349.129,-221.898,-66.6686)
  m[1][22] pts=2 (366.446,-216.987,18.1114) (349.129,-221.898,18.1114)
  m[1][23] pts=2 (366.446,-216.987,18.1114) (349.129,-221.898,18.1114)
  m[1][24] pts=2 (366.446,-216.987,102.891) (349.129,-221.898,102.891)
  m[1][25] pts=2 (366.446,-216.987,102.891) (349.129,-221.898,102.891)
  f[1][0] pts=2 (366.446,-216.987,187.671) (383.763,-212.075,187.671)
  f[1][1] pts=2 (366.446,-216.987,187.671) (383.763,-212.075,187.671)
  f[1][2] pts=2 (342.332,-131.967,187.671) (359.649,-127.055,187.671)
  f[1][3] pts=2 (342.332,-131.967,187.671) (359.649,-127.055,187.671)
  f[1][4] pts=2 (318.218,-46.947,187.671) (335.535,-42.0354,187.671)
  f[1][5] pts=2 (318.218,-46.947,187.671) (335.535,-42.0354,187.671)
  f[1][6] pts=2 (294.104,38.0727,187.671) (311.421,42.9843,187.671)
  f[1][7] pts=2 (294.104,38.0727,187.671) (311.421,42.9843,187.671)
  f[1][8] pts=2 (294.104,38.0727,119.871) (311.421,42.9843,119.871)
  f[1][9] pts=2 (294.104,38.0727,119.871) (311.421,42.9843,119.871)
  f[1][10] pts=2 (294.104,38.0727,52.0714) (311.421,42.9843,52.0714)
  f[1][11] pts=2 (294.104,38.0727,52.0714) (311.421,42.9843,52.0714)
  f[1][12] pts=2 (294.104,38.0727,-15.7286) (311.421,42.9843,-15.7286)
  f[1][13] pts=2 (294.104,38.0727,-15.7286) (311.421,42.9843,-15.7286)
  f[1][14] pts=2 (318.218,-46.947,-60.9686) (335.535,-42.0354,-60.9686)
  f[1][15] pts=2 (318.218,-46.947,-60.9686) (335.535,-42.0354,-60.9686)
  f[1][16] pts=2 (342.332,-131.967,-106.209) (359.649,-127.055,-106.209)
  f[1][17] pts=2 (342.332,-131.967,-106.209) (359.649,-127.055,-106.209)
  f[1][18] pts=2 (366.446,-216.987,-151.449) (383.763,-212.075,-151.449)
  f[1][19] pts=2 (366.446,-216.987,-151.449) (383.763,-212.075,-151.449)
  f[1][20] pts=2 (366.446,-216.987,-66.6686) (383.763,-212.075,-66.6686)
  f[1][21] pts=2 (366.446,-216.987,-66.6686) (383.763,-212.075,-66.6686)
  f[1][22] pts=2 (366.446,-216.987,18.1114) (383.763,-212.075,18.1114)
  f[1][23] pts=2 (366.446,-216.987,18.1114) (383.763,-212.075,18.1114)
  f[1][24] pts=2 (366.446,-216.987,102.891) (383.763,-212.075,102.891)
  f[1][25] pts=2 (366.446,-216.987,102.891) (383.763,-212.075,102.891)
joint 5 type=11 v0=3 v1=2 f0_0=3 f1_0=4 name=ss_e_op_1 orient=1 div=1 shift=0.66
  jv[0] pts=5 (446.941,104.384,223.674) (446.941,86.21,223.674) (428.941,83.7003,223.674) (428.941,101.874,223.674) (446.941,104.384,223.674)
  jv[1] pts=5 (446.941,104.384,-62.7445) (446.941,86.21,-62.7445) (428.941,83.7003,-62.7445) (428.941,101.874,-62.7445) (446.941,104.384,-62.7445)
  m[0][0] pts=4 (446.941,104.384,128.201) (446.941,86.21,128.201) (446.941,86.21,17.4527) (446.941,104.384,17.4527)
  m[0][1] pts=2 (446.941,104.384,128.201) (446.941,104.384,17.4527)
  f[0][0] pts=4 (428.941,83.7003,112.925) (446.941,86.21,128.201) (446.941,86.21,17.4527) (428.941,83.7003,32.7283)
  f[0][1] pts=2 (428.941,83.7003,112.925) (428.941,83.7003,32.7283)
  m[1][0] pts=4 (428.941,101.874,112.925) (428.941,83.7003,112.925) (428.941,83.7003,32.7283) (428.941,101.874,32.7283)
  m[1][1] pts=2 (428.941,101.874,112.925) (428.941,101.874,32.7283)
  f[1][0] pts=4 (428.941,101.874,112.925) (446.941,104.384,128.201) (446.941,104.384,17.4527) (428.941,101.874,32.7283)
  f[1][1] pts=2 (428.941,101.874,112.925) (428.941,101.874,32.7283)
joint 6 type=40 v0=2 v1=27 f0_0=0 f1_0=0 name=tt_e_p_3 orient=0 div=1 shift=45
  jv[0] pts=5 (449.425,86.5563,232.671) (284.311,63.5348,232.671) (279.34,99.1899,232.671) (444.454,122.211,232.671) (449.425,86.5563,232.671)
  jv[1] pts=5 (449.425,86.5563,-59.1958) (284.311,63.5348,-59.1958) (279.34,99.1899,-59.1958) (444.454,122.211,-59.1958) (449.425,86.5563,-59.1958)
  m[0][0] pts=2 (326.394,87.5765,-2.35826) (323.909,105.404,-2.35826)
  m[0][1] pts=2 (326.394,87.5765,-2.35826) (323.909,105.404,-2.35826)
  m[0][2] pts=2 (326.394,87.5765,92.6567) (323.909,105.404,92.6567)
  m[0][3] pts=2 (326.394,87.5765,92.6567) (323.909,105.404,92.6567)
  m[0][4] pts=2 (326.394,87.5765,187.672) (323.909,105.404,187.672)
  m[0][5] pts=2 (326.394,87.5765,187.672) (323.909,105.404,187.672)
  m[0][6] pts=2 (402.369,98.1696,187.672) (399.884,115.997,187.672)
  m[0][7] pts=2 (402.369,98.1696,187.672) (399.884,115.997,187.672)
  m[0][8] pts=2 (402.369,98.1696,88.9917) (399.884,115.997,88.9917)
  m[0][9] pts=2 (402.369,98.1696,88.9917) (399.884,115.997,88.9917)
  m[0][10] pts=2 (402.369,98.1696,-9.68826) (399.884,115.997,-9.68826)
  m[0][11] pts=2 (402.369,98.1696,-9.68826) (399.884,115.997,-9.68826)
  f[0][0] pts=2 (326.394,87.5765,-2.35826) (328.88,69.749,-2.35826)
  f[0][1] pts=2 (326.394,87.5765,-2.35826) (328.88,69.749,-2.35826)
  f[0][2] pts=2 (326.394,87.5765,92.6567) (328.88,69.749,92.6567)
  f[0][3] pts=2 (326.394,87.5765,92.6567) (328.88,69.749,92.6567)
  f[0][4] pts=2 (326.394,87.5765,187.672) (328.88,69.749,187.672)
  f[0][5] pts=2 (326.394,87.5765,187.672) (328.88,69.749,187.672)
  f[0][6] pts=2 (402.369,98.1696,187.672) (404.855,80.342,187.672)
  f[0][7] pts=2 (402.369,98.1696,187.672) (404.855,80.342,187.672)
  f[0][8] pts=2 (402.369,98.1696,88.9917) (404.855,80.342,88.9917)
  f[0][9] pts=2 (402.369,98.1696,88.9917) (404.855,80.342,88.9917)
  f[0][10] pts=2 (402.369,98.1696,-9.68826) (404.855,80.342,-9.68826)
  f[0][11] pts=2 (402.369,98.1696,-9.68826) (404.855,80.342,-9.68826)
  m[1][0] pts=2 (326.394,87.5765,-2.35826) (323.909,105.404,-2.35826)
  m[1][1] pts=2 (326.394,87.5765,-2.35826) (323.909,105.404,-2.35826)
  m[1][2] pts=2 (326.394,87.5765,92.6567) (323.909,105.404,92.6567)
  m[1][3] pts=2 (326.394,87.5765,92.6567) (323.909,105.404,92.6567)
  m[1][4] pts=2 (326.394,87.5765,187.672) (323.909,105.404,187.672)
  m[1][5] pts=2 (326.394,87.5765,187.672) (323.909,105.404,187.672)
  m[1][6] pts=2 (402.369,98.1696,187.672) (399.884,115.997,187.672)
  m[1][7] pts=2 (402.369,98.1696,187.672) (399.884,115.997,187.672)
  m[1][8] pts=2 (402.369,98.1696,88.9917) (399.884,115.997,88.9917)
  m[1][9] pts=2 (402.369,98.1696,88.9917) (399.884,115.997,88.9917)
  m[1][10] pts=2 (402.369,98.1696,-9.68826) (399.884,115.997,-9.68826)
  m[1][11] pts=2 (402.369,98.1696,-9.68826) (399.884,115.997,-9.68826)
  f[1][0] pts=2 (326.394,87.5765,-2.35826) (328.88,69.749,-2.35826)
  f[1][1] pts=2 (326.394,87.5765,-2.35826) (328.88,69.749,-2.35826)
  f[1][2] pts=2 (326.394,87.5765,92.6567) (328.88,69.749,92.6567)
  f[1][3] pts=2 (326.394,87.5765,92.6567) (328.88,69.749,92.6567)
  f[1][4] pts=2 (326.394,87.5765,187.672) (328.88,69.749,187.672)
  f[1][5] pts=2 (326.394,87.5765,187.672) (328.88,69.749,187.672)
  f[1][6] pts=2 (402.369,98.1696,187.672) (404.855,80.342,187.672)
  f[1][7] pts=2 (402.369,98.1696,187.672) (404.855,80.342,187.672)
  f[1][8] pts=2 (402.369,98.1696,88.9917) (404.855,80.342,88.9917)
  f[1][9] pts=2 (402.369,98.1696,88.9917) (404.855,80.342,88.9917)
  f[1][10] pts=2 (402.369,98.1696,-9.68826) (404.855,80.342,-9.68826)
  f[1][11] pts=2 (402.369,98.1696,-9.68826) (404.855,80.342,-9.68826)
joint 7 type=11 v0=7 v1=4 f0_0=4 f1_0=4 name=ss_e_op_1 orient=1 div=1 shift=0.66
  jv[0] pts=5 (378.993,-261.225,232.673) (378.993,-261.225,214.673) (361.676,-266.137,214.673) (361.676,-266.137,232.673) (378.993,-261.225,232.673)
  jv[1] pts=5 (284.903,70.5102,232.673) (284.903,70.5102,214.673) (267.586,65.5987,214.673) (267.586,65.5987,232.673) (284.903,70.5102,232.673)
  m[0][0] pts=4 (347.63,-150.647,232.673) (347.63,-150.647,214.673) (311.249,-22.3756,214.673) (311.249,-22.3756,232.673)
  m[0][1] pts=2 (347.63,-150.647,232.673) (311.249,-22.3756,232.673)
  f[0][0] pts=4 (325.295,-137.866,214.673) (347.63,-150.647,214.673) (311.249,-22.3756,214.673) (298.95,-44.9797,214.673)
  f[0][1] pts=2 (325.295,-137.866,214.673) (298.95,-44.9797,214.673)
  m[1][0] pts=4 (325.295,-137.866,232.673) (325.295,-137.866,214.673) (298.95,-44.9797,214.673) (298.95,-44.9797,232.673)
  m[1][1] pts=2 (325.295,-137.866,232.673) (298.95,-44.9797,232.673)
  f[1][0] pts=4 (325.295,-137.866,232.673) (347.63,-150.647,232.673) (311.249,-22.3756,232.673) (298.95,-44.9797,232.673)
  f[1][1] pts=2 (325.295,-137.866,232.673) (298.95,-44.9797,232.673)
joint 8 type=11 v0=6 v1=4 f0_0=3 f1_0=5 name=ss_e_op_1 orient=1 div=1 shift=0.66
  jv[0] pts=5 (271.929,75.9574,232.673) (271.929,75.9574,214.673) (280.556,60.1598,214.673) (280.556,60.1598,232.673) (271.929,75.9574,232.673)
  jv[1] pts=5 (174.834,22.9317,232.673) (174.834,22.9317,214.673) (183.462,7.13409,214.673) (183.462,7.13409,232.673) (174.834,22.9317,232.673)
  m[0][0] pts=4 (239.564,58.2822,232.673) (239.564,58.2822,214.673) (202.021,37.7789,214.673) (202.021,37.7789,232.673)
  m[0][1] pts=2 (239.564,58.2822,232.673) (202.021,37.7789,232.673)
  f[0][0] pts=4 (243.013,39.6565,214.673) (239.564,58.2822,214.673) (202.021,37.7789,214.673) (215.827,24.8093,214.673)
  f[0][1] pts=2 (243.013,39.6565,214.673) (215.827,24.8093,214.673)
  m[1][0] pts=4 (243.013,39.6565,232.673) (243.013,39.6565,214.673) (215.827,24.8093,214.673) (215.827,24.8093,232.673)
  m[1][1] pts=2 (243.013,39.6565,232.673) (215.827,24.8093,232.673)
  f[1][0] pts=4 (243.013,39.6565,232.673) (239.564,58.2822,232.673) (202.021,37.7789,232.673) (215.827,24.8093,232.673)
  f[1][1] pts=2 (243.013,39.6565,232.673) (215.827,24.8093,232.673)
joint 9 type=11 v0=5 v1=4 f0_0=4 f1_0=2 name=ss_e_op_1 orient=1 div=1 shift=0.66
  jv[0] pts=5 (171.227,10.7623,232.673) (171.227,10.7623,214.673) (187.072,19.3024,214.673) (187.072,19.3024,232.673) (171.227,10.7623,232.673)
  jv[1] pts=5 (328.797,-281.588,232.673) (328.797,-281.588,214.673) (344.642,-273.048,214.673) (344.642,-273.048,232.673) (328.797,-281.588,232.673)
  m[0][0] pts=4 (223.75,-86.6879,232.673) (223.75,-86.6879,214.673) (284.677,-199.73,214.673) (284.677,-199.73,232.673)
  m[0][1] pts=2 (223.75,-86.6879,232.673) (284.677,-199.73,232.673)
  f[0][0] pts=4 (247.999,-93.7399,214.673) (223.75,-86.6879,214.673) (284.677,-199.73,214.673) (292.119,-175.598,214.673)
  f[0][1] pts=2 (247.999,-93.7399,214.673) (292.119,-175.598,214.673)
  m[1][0] pts=4 (247.999,-93.7399,232.673) (247.999,-93.7399,214.673) (292.119,-175.598,214.673) (292.119,-175.598,232.673)
  m[1][1] pts=2 (247.999,-93.7399,232.673) (292.119,-175.598,232.673)
  f[1][0] pts=4 (247.999,-93.7399,232.673) (223.75,-86.6879,232.673) (284.677,-199.73,232.673) (292.119,-175.598,232.673)
  f[1][1] pts=2 (247.999,-93.7399,232.673) (292.119,-175.598,232.673)
joint 10 type=11 v0=6 v1=5 f0_0=2 f1_0=5 name=ss_e_op_1 orient=1 div=1 shift=0.66
  jv[0] pts=5 (166.98,18.6422,223.672) (182.778,27.2698,223.672) (191.318,11.4245,223.672) (175.52,2.79683,223.672) (166.98,18.6422,223.672)
  jv[1] pts=5 (166.98,18.6422,-44.4252) (182.778,27.2698,-44.4252) (191.318,11.4245,-44.4252) (175.52,2.79683,-44.4252) (166.98,18.6422,-44.4252)
  m[0][0] pts=4 (166.98,18.6422,134.306) (182.778,27.2698,134.306) (182.778,27.2698,30.6421) (166.98,18.6422,30.6421)
  m[0][1] pts=2 (166.98,18.6422,134.306) (166.98,18.6422,30.6421)
  f[0][0] pts=4 (191.318,11.4245,120.008) (182.778,27.2698,134.306) (182.778,27.2698,30.6421) (191.318,11.4245,44.9406)
  f[0][1] pts=2 (191.318,11.4245,120.008) (191.318,11.4245,44.9406)
  m[1][0] pts=4 (175.52,2.79683,120.008) (191.318,11.4245,120.008) (191.318,11.4245,44.9406) (175.52,2.79683,44.9406)
  m[1][1] pts=2 (175.52,2.79683,120.008) (175.52,2.79683,44.9406)
  f[1][0] pts=4 (175.52,2.79683,120.008) (166.98,18.6422,134.306) (166.98,18.6422,30.6421) (175.52,2.79683,44.9406)
  f[1][1] pts=2 (175.52,2.79683,120.008) (175.52,2.79683,44.9406)
joint 11 type=40 v0=5 v1=11 f0_0=0 f1_0=0 name=tt_e_p_3 orient=0 div=1 shift=45
  jv[0] pts=5 (182.825,27.1823,232.674) (344.175,-272.182,232.674) (312.485,-289.263,232.674) (151.135,10.102,232.674) (182.825,27.1823,232.674)
  jv[1] pts=5 (182.825,27.1823,-217.748) (344.175,-272.182,-217.748) (312.485,-289.263,-217.748) (151.135,10.102,-217.748) (182.825,27.1823,-217.748)
  m[0][0] pts=2 (306.98,-241.11,187.674) (291.135,-249.65,187.674)
  m[0][1] pts=2 (306.98,-241.11,187.674) (291.135,-249.65,187.674)
  m[0][2] pts=2 (267.43,-167.73,187.674) (251.585,-176.27,187.674)
  m[0][3] pts=2 (267.43,-167.73,187.674) (251.585,-176.27,187.674)
  m[0][4] pts=2 (227.879,-94.3492,187.674) (212.034,-102.889,187.674)
  m[0][5] pts=2 (227.879,-94.3492,187.674) (212.034,-102.889,187.674)
  m[0][6] pts=2 (188.329,-20.9689,187.674) (172.484,-29.509,187.674)
  m[0][7] pts=2 (188.329,-20.9689,187.674) (172.484,-29.509,187.674)
  m[0][8] pts=2 (188.329,-20.9689,91.319) (172.484,-29.509,91.319)
  m[0][9] pts=2 (188.329,-20.9689,91.319) (172.484,-29.509,91.319)
  m[0][10] pts=2 (188.329,-20.9689,-5.03604) (172.484,-29.509,-5.03604)
  m[0][11] pts=2 (188.329,-20.9689,-5.03604) (172.484,-29.509,-5.03604)
  m[0][12] pts=2 (227.879,-94.3492,-50.6327) (212.034,-102.889,-50.6327)
  m[0][13] pts=2 (227.879,-94.3492,-50.6327) (212.034,-102.889,-50.6327)
  m[0][14] pts=2 (267.43,-167.73,-96.2294) (251.585,-176.27,-96.2294)
  m[0][15] pts=2 (267.43,-167.73,-96.2294) (251.585,-176.27,-96.2294)
  m[0][16] pts=2 (306.98,-241.11,-141.826) (291.135,-249.65,-141.826)
  m[0][17] pts=2 (306.98,-241.11,-141.826) (291.135,-249.65,-141.826)
  m[0][18] pts=2 (306.98,-241.11,-59.451) (291.135,-249.65,-59.451)
  m[0][19] pts=2 (306.98,-241.11,-59.451) (291.135,-249.65,-59.451)
  m[0][20] pts=2 (306.98,-241.11,22.924) (291.135,-249.65,22.924)
  m[0][21] pts=2 (306.98,-241.11,22.924) (291.135,-249.65,22.924)
  m[0][22] pts=2 (306.98,-241.11,105.299) (291.135,-249.65,105.299)
  m[0][23] pts=2 (306.98,-241.11,105.299) (291.135,-249.65,105.299)
  f[0][0] pts=2 (306.98,-241.11,187.674) (322.825,-232.57,187.674)
  f[0][1] pts=2 (306.98,-241.11,187.674) (322.825,-232.57,187.674)
  f[0][2] pts=2 (267.43,-167.73,187.674) (283.275,-159.189,187.674)
  f[0][3] pts=2 (267.43,-167.73,187.674) (283.275,-159.189,187.674)
  f[0][4] pts=2 (227.879,-94.3492,187.674) (243.724,-85.8091,187.674)
  f[0][5] pts=2 (227.879,-94.3492,187.674) (243.724,-85.8091,187.674)
  f[0][6] pts=2 (188.329,-20.9689,187.674) (204.174,-12.4288,187.674)
  f[0][7] pts=2 (188.329,-20.9689,187.674) (204.174,-12.4288,187.674)
  f[0][8] pts=2 (188.329,-20.9689,91.319) (204.174,-12.4288,91.319)
  f[0][9] pts=2 (188.329,-20.9689,91.319) (204.174,-12.4288,91.319)
  f[0][10] pts=2 (188.329,-20.9689,-5.03604) (204.174,-12.4288,-5.03604)
  f[0][11] pts=2 (188.329,-20.9689,-5.03604) (204.174,-12.4288,-5.03604)
  f[0][12] pts=2 (227.879,-94.3492,-50.6327) (243.724,-85.8091,-50.6327)
  f[0][13] pts=2 (227.879,-94.3492,-50.6327) (243.724,-85.8091,-50.6327)
  f[0][14] pts=2 (267.43,-167.73,-96.2294) (283.275,-159.189,-96.2294)
  f[0][15] pts=2 (267.43,-167.73,-96.2294) (283.275,-159.189,-96.2294)
  f[0][16] pts=2 (306.98,-241.11,-141.826) (322.825,-232.57,-141.826)
  f[0][17] pts=2 (306.98,-241.11,-141.826) (322.825,-232.57,-141.826)
  f[0][18] pts=2 (306.98,-241.11,-59.451) (322.825,-232.57,-59.451)
  f[0][19] pts=2 (306.98,-241.11,-59.451) (322.825,-232.57,-59.451)
  f[0][20] pts=2 (306.98,-241.11,22.924) (322.825,-232.57,22.924)
  f[0][21] pts=2 (306.98,-241.11,22.924) (322.825,-232.57,22.924)
  f[0][22] pts=2 (306.98,-241.11,105.299) (322.825,-232.57,105.299)
  f[0][23] pts=2 (306.98,-241.11,105.299) (322.825,-232.57,105.299)
  m[1][0] pts=2 (306.98,-241.11,187.674) (291.135,-249.65,187.674)
  m[1][1] pts=2 (306.98,-241.11,187.674) (291.135,-249.65,187.674)
  m[1][2] pts=2 (267.43,-167.73,187.674) (251.585,-176.27,187.674)
  m[1][3] pts=2 (267.43,-167.73,187.674) (251.585,-176.27,187.674)
  m[1][4] pts=2 (227.879,-94.3492,187.674) (212.034,-102.889,187.674)
  m[1][5] pts=2 (227.879,-94.3492,187.674) (212.034,-102.889,187.674)
  m[1][6] pts=2 (188.329,-20.9689,187.674) (172.484,-29.509,187.674)
  m[1][7] pts=2 (188.329,-20.9689,187.674) (172.484,-29.509,187.674)
  m[1][8] pts=2 (188.329,-20.9689,91.319) (172.484,-29.509,91.319)
  m[1][9] pts=2 (188.329,-20.9689,91.319) (172.484,-29.509,91.319)
  m[1][10] pts=2 (188.329,-20.9689,-5.03604) (172.484,-29.509,-5.03604)
  m[1][11] pts=2 (188.329,-20.9689,-5.03604) (172.484,-29.509,-5.03604)
  m[1][12] pts=2 (227.879,-94.3492,-50.6327) (212.034,-102.889,-50.6327)
  m[1][13] pts=2 (227.879,-94.3492,-50.6327) (212.034,-102.889,-50.6327)
  m[1][14] pts=2 (267.43,-167.73,-96.2294) (251.585,-176.27,-96.2294)
  m[1][15] pts=2 (267.43,-167.73,-96.2294) (251.585,-176.27,-96.2294)
  m[1][16] pts=2 (306.98,-241.11,-141.826) (291.135,-249.65,-141.826)
  m[1][17] pts=2 (306.98,-241.11,-141.826) (291.135,-249.65,-141.826)
  m[1][18] pts=2 (306.98,-241.11,-59.451) (291.135,-249.65,-59.451)
  m[1][19] pts=2 (306.98,-241.11,-59.451) (291.135,-249.65,-59.451)
  m[1][20] pts=2 (306.98,-241.11,22.924) (291.135,-249.65,22.924)
  m[1][21] pts=2 (306.98,-241.11,22.924) (291.135,-249.65,22.924)
  m[1][22] pts=2 (306.98,-241.11,105.299) (291.135,-249.65,105.299)
  m[1][23] pts=2 (306.98,-241.11,105.299) (291.135,-249.65,105.299)
  f[1][0] pts=2 (306.98,-241.11,187.674) (322.825,-232.57,187.674)
  f[1][1] pts=2 (306.98,-241.11,187.674) (322.825,-232.57,187.674)
  f[1][2] pts=2 (267.43,-167.73,187.674) (283.275,-159.189,187.674)
  f[1][3] pts=2 (267.43,-167.73,187.674) (283.275,-159.189,187.674)
  f[1][4] pts=2 (227.879,-94.3492,187.674) (243.724,-85.8091,187.674)
  f[1][5] pts=2 (227.879,-94.3492,187.674) (243.724,-85.8091,187.674)
  f[1][6] pts=2 (188.329,-20.9689,187.674) (204.174,-12.4288,187.674)
  f[1][7] pts=2 (188.329,-20.9689,187.674) (204.174,-12.4288,187.674)
  f[1][8] pts=2 (188.329,-20.9689,91.319) (204.174,-12.4288,91.319)
  f[1][9] pts=2 (188.329,-20.9689,91.319) (204.174,-12.4288,91.319)
  f[1][10] pts=2 (188.329,-20.9689,-5.03604) (204.174,-12.4288,-5.03604)
  f[1][11] pts=2 (188.329,-20.9689,-5.03604) (204.174,-12.4288,-5.03604)
  f[1][12] pts=2 (227.879,-94.3492,-50.6327) (243.724,-85.8091,-50.6327)
  f[1][13] pts=2 (227.879,-94.3492,-50.6327) (243.724,-85.8091,-50.6327)
  f[1][14] pts=2 (267.43,-167.73,-96.2294) (283.275,-159.189,-96.2294)
  f[1][15] pts=2 (267.43,-167.73,-96.2294) (283.275,-159.189,-96.2294)
  f[1][16] pts=2 (306.98,-241.11,-141.826) (322.825,-232.57,-141.826)
  f[1][17] pts=2 (306.98,-241.11,-141.826) (322.825,-232.57,-141.826)
  f[1][18] pts=2 (306.98,-241.11,-59.451) (322.825,-232.57,-59.451)
  f[1][19] pts=2 (306.98,-241.11,-59.451) (322.825,-232.57,-59.451)
  f[1][20] pts=2 (306.98,-241.11,22.924) (322.825,-232.57,22.924)
  f[1][21] pts=2 (306.98,-241.11,22.924) (322.825,-232.57,22.924)
  f[1][22] pts=2 (306.98,-241.11,105.299) (322.825,-232.57,105.299)
  f[1][23] pts=2 (306.98,-241.11,105.299) (322.825,-232.57,105.299)
joint 12 type=11 v0=7 v1=6 f0_0=3 f1_0=4 name=ss_e_op_1 orient=1 div=1 shift=0.66
  jv[0] pts=5 (281.825,81.3624,223.673) (286.862,63.6038,223.673) (270.662,54.7562,223.673) (265.625,72.5148,223.673) (281.825,81.3624,223.673)
  jv[1] pts=5 (281.825,81.3624,-52.6826) (286.862,63.6038,-52.6826) (270.662,54.7562,-52.6826) (265.625,72.5148,-52.6826) (281.825,81.3624,-52.6826)
  m[0][0] pts=4 (281.825,81.3624,131.554) (286.862,63.6038,131.554) (286.862,63.6038,24.6969) (281.825,81.3624,24.6969)
  m[0][1] pts=2 (281.825,81.3624,131.554) (281.825,81.3624,24.6969)
  f[0][0] pts=4 (270.662,54.7562,116.815) (286.862,63.6038,131.554) (286.862,63.6038,24.6969) (270.662,54.7562,39.4358)
  f[0][1] pts=2 (270.662,54.7562,116.815) (270.662,54.7562,39.4358)
  m[1][0] pts=4 (265.625,72.5148,116.815) (270.662,54.7562,116.815) (270.662,54.7562,39.4358) (265.625,72.5148,39.4358)
  m[1][1] pts=2 (265.625,72.5148,116.815) (265.625,72.5148,39.4358)
  f[1][0] pts=4 (265.625,72.5148,116.815) (281.825,81.3624,131.554) (281.825,81.3624,24.6969) (265.625,72.5148,39.4358)
  f[1][1] pts=2 (265.625,72.5148,116.815) (265.625,72.5148,39.4358)
joint 13 type=40 v0=6 v1=32 f0_0=0 f1_0=0 name=tt_e_p_3 orient=0 div=1 shift=45
  jv[0] pts=5 (290.456,65.5663,232.674) (175.607,2.8445,232.674) (158.352,34.4398,232.674) (273.201,97.1616,232.674) (290.456,65.5663,232.674)
  jv[1] pts=5 (290.456,65.5663,-43.2557) (175.607,2.8445,-43.2557) (158.352,34.4398,-43.2557) (273.201,97.1616,-43.2557) (290.456,65.5663,-43.2557)
  m[0][0] pts=2 (206.474,40.2109,4.54865) (197.846,56.0086,4.54865)
  m[0][1] pts=2 (206.474,40.2109,4.54865) (197.846,56.0086,4.54865)
  m[0][2] pts=2 (206.474,40.2109,96.1136) (197.846,56.0086,96.1136)
  m[0][3] pts=2 (206.474,40.2109,96.1136) (197.846,56.0086,96.1136)
  m[0][4] pts=2 (206.474,40.2109,187.679) (197.846,56.0086,187.679)
  m[0][5] pts=2 (206.474,40.2109,187.679) (197.846,56.0086,187.679)
  m[0][6] pts=2 (242.335,59.7954,187.679) (233.707,75.5931,187.679)
  m[0][7] pts=2 (242.335,59.7954,187.679) (233.707,75.5931,187.679)
  m[0][8] pts=2 (242.335,59.7954,95.4536) (233.707,75.5931,95.4536)
  m[0][9] pts=2 (242.335,59.7954,95.4536) (233.707,75.5931,95.4536)
  m[0][10] pts=2 (242.335,59.7954,3.22865) (233.707,75.5931,3.22865)
  m[0][11] pts=2 (242.335,59.7954,3.22865) (233.707,75.5931,3.22865)
  f[0][0] pts=2 (206.474,40.2109,4.54865) (215.102,24.4133,4.54865)
  f[0][1] pts=2 (206.474,40.2109,4.54865) (215.102,24.4133,4.54865)
  f[0][2] pts=2 (206.474,40.2109,96.1136) (215.102,24.4133,96.1136)
  f[0][3] pts=2 (206.474,40.2109,96.1136) (215.102,24.4133,96.1136)
  f[0][4] pts=2 (206.474,40.2109,187.679) (215.102,24.4133,187.679)
  f[0][5] pts=2 (206.474,40.2109,187.679) (215.102,24.4133,187.679)
  f[0][6] pts=2 (242.335,59.7954,187.679) (250.962,43.9978,187.679)
  f[0][7] pts=2 (242.335,59.7954,187.679) (250.962,43.9978,187.679)
  f[0][8] pts=2 (242.335,59.7954,95.4536) (250.962,43.9978,95.4536)
  f[0][9] pts=2 (242.335,59.7954,95.4536) (250.962,43.9978,95.4536)
  f[0][10] pts=2 (242.335,59.7954,3.22865) (250.962,43.9978,3.22865)
  f[0][11] pts=2 (242.335,59.7954,3.22865) (250.962,43.9978,3.22865)
  m[1][0] pts=2 (206.474,40.2109,4.54865) (197.846,56.0086,4.54865)
  m[1][1] pts=2 (206.474,40.2109,4.54865) (197.846,56.0086,4.54865)
  m[1][2] pts=2 (206.474,40.2109,96.1136) (197.846,56.0086,96.1136)
  m[1][3] pts=2 (206.474,40.2109,96.1136) (197.846,56.0086,96.1136)
  m[1][4] pts=2 (206.474,40.2109,187.679) (197.846,56.0086,187.679)
  m[1][5] pts=2 (206.474,40.2109,187.679) (197.846,56.0086,187.679)
  m[1][6] pts=2 (242.335,59.7954,187.679) (233.707,75.5931,187.679)
  m[1][7] pts=2 (242.335,59.7954,187.679) (233.707,75.5931,187.679)
  m[1][8] pts=2 (242.335,59.7954,95.4536) (233.707,75.5931,95.4536)
  m[1][9] pts=2 (242.335,59.7954,95.4536) (233.707,75.5931,95.4536)
  m[1][10] pts=2 (242.335,59.7954,3.22865) (233.707,75.5931,3.22865)
  m[1][11] pts=2 (242.335,59.7954,3.22865) (233.707,75.5931,3.22865)
  f[1][0] pts=2 (206.474,40.2109,4.54865) (215.102,24.4133,4.54865)
  f[1][1] pts=2 (206.474,40.2109,4.54865) (215.102,24.4133,4.54865)
  f[1][2] pts=2 (206.474,40.2109,96.1136) (215.102,24.4133,96.1136)
  f[1][3] pts=2 (206.474,40.2109,96.1136) (215.102,24.4133,96.1136)
  f[1][4] pts=2 (206.474,40.2109,187.679) (215.102,24.4133,187.679)
  f[1][5] pts=2 (206.474,40.2109,187.679) (215.102,24.4133,187.679)
  f[1][6] pts=2 (242.335,59.7954,187.679) (250.962,43.9978,187.679)
  f[1][7] pts=2 (242.335,59.7954,187.679) (250.962,43.9978,187.679)
  f[1][8] pts=2 (242.335,59.7954,95.4536) (250.962,43.9978,95.4536)
  f[1][9] pts=2 (242.335,59.7954,95.4536) (250.962,43.9978,95.4536)
  f[1][10] pts=2 (242.335,59.7954,3.22865) (250.962,43.9978,3.22865)
  f[1][11] pts=2 (242.335,59.7954,3.22865) (250.962,43.9978,3.22865)
joint 14 type=11 v0=9 v1=8 f0_0=4 f1_0=2 name=ss_e_op_1 orient=1 div=1 shift=0.66
  jv[0] pts=5 (70.8416,-81.1435,232.673) (70.8416,-81.1435,214.673) (84.246,-69.1301,214.673) (84.246,-69.1301,232.673) (70.8416,-81.1435,232.673)
  jv[1] pts=5 (280.799,-315.411,232.673) (280.799,-315.411,214.673) (294.203,-303.398,214.673) (294.203,-303.398,232.673) (280.799,-315.411,232.673)
  m[0][0] pts=4 (140.827,-159.233,232.673) (140.827,-159.233,214.673) (222.011,-249.816,214.673) (222.011,-249.816,232.673)
  m[0][1] pts=2 (140.827,-159.233,232.673) (222.011,-249.816,232.673)
  f[0][0] pts=4 (165.429,-159.714,214.673) (140.827,-159.233,214.673) (222.011,-249.816,214.673) (224.218,-225.308,214.673)
  f[0][1] pts=2 (165.429,-159.714,214.673) (224.218,-225.308,214.673)
  m[1][0] pts=4 (165.429,-159.714,232.673) (165.429,-159.714,214.673) (224.218,-225.308,214.673) (224.218,-225.308,232.673)
  m[1][1] pts=2 (165.429,-159.714,232.673) (224.218,-225.308,232.673)
  f[1][0] pts=4 (165.429,-159.714,232.673) (140.827,-159.233,232.673) (222.011,-249.816,232.673) (224.218,-225.308,232.673)
  f[1][1] pts=2 (165.429,-159.714,232.673) (224.218,-225.308,232.673)
joint 15 type=11 v0=11 v1=8 f0_0=4 f1_0=4 name=ss_e_op_1 orient=1 div=1 shift=0.66
  jv[0] pts=5 (328.836,-281.661,232.673) (328.836,-281.661,214.673) (312.99,-290.201,214.673) (312.99,-290.201,232.673) (328.836,-281.661,232.673)
  jv[1] pts=5 (172.449,8.49472,232.673) (172.449,8.49472,214.673) (156.604,-0.0453864,214.673) (156.604,-0.0453864,232.673) (172.449,8.49472,232.673)
  m[0][0] pts=4 (276.707,-184.942,232.673) (276.707,-184.942,214.673) (216.237,-72.7487,214.673) (216.237,-72.7487,232.673)
  m[0][1] pts=2 (276.707,-184.942,232.673) (216.237,-72.7487,232.673)
  f[0][0] pts=4 (252.521,-178.007,214.673) (276.707,-184.942,214.673) (216.237,-72.7487,214.673) (208.733,-96.7638,214.673)
  f[0][1] pts=2 (252.521,-178.007,214.673) (208.733,-96.7638,214.673)
  m[1][0] pts=4 (252.521,-178.007,232.673) (252.521,-178.007,214.673) (208.733,-96.7638,214.673) (208.733,-96.7638,232.673)
  m[1][1] pts=2 (252.521,-178.007,232.673) (208.733,-96.7638,232.673)
  f[1][0] pts=4 (252.521,-178.007,232.673) (276.707,-184.942,232.673) (216.237,-72.7487,232.673) (208.733,-96.7638,232.673)
  f[1][1] pts=2 (252.521,-178.007,232.673) (208.733,-96.7638,232.673)
joint 16 type=11 v0=10 v1=8 f0_0=3 f1_0=5 name=ss_e_op_1 orient=1 div=1 shift=0.66
  jv[0] pts=5 (158.462,10.8711,232.673) (158.462,10.8711,214.673) (170.594,-2.42641,214.673) (170.594,-2.42641,232.673) (158.462,10.8711,232.673)
  jv[1] pts=5 (71.48,-68.4849,232.673) (71.48,-68.4849,214.673) (83.6117,-81.7824,214.673) (83.6117,-81.7824,232.673) (71.48,-68.4849,232.673)
  m[0][0] pts=4 (129.468,-15.5809,232.673) (129.468,-15.5809,214.673) (95.835,-46.2652,214.673) (95.835,-46.2652,232.673)
  m[0][1] pts=2 (129.468,-15.5809,232.673) (95.835,-46.2652,232.673)
  f[0][0] pts=4 (136.961,-33.1107,214.673) (129.468,-15.5809,214.673) (95.835,-46.2652,214.673) (112.606,-55.3304,214.673)
  f[0][1] pts=2 (136.961,-33.1107,214.673) (112.606,-55.3304,214.673)
  m[1][0] pts=4 (136.961,-33.1107,232.673) (136.961,-33.1107,214.673) (112.606,-55.3304,214.673) (112.606,-55.3304,232.673)
  m[1][1] pts=2 (136.961,-33.1107,232.673) (112.606,-55.3304,232.673)
  f[1][0] pts=4 (136.961,-33.1107,232.673) (129.468,-15.5809,232.673) (95.835,-46.2652,232.673) (112.606,-55.3304,232.673)
  f[1][1] pts=2 (136.961,-33.1107,232.673) (112.606,-55.3304,232.673)
joint 17 type=40 v0=9 v1=15 f0_0=0 f1_0=0 name=tt_e_p_3 orient=0 div=1 shift=45
  jv[0] pts=5 (78.2916,-62.4863,232.677) (293.49,-302.602,232.677) (266.681,-326.629,232.677) (51.4828,-86.5131,232.677) (78.2916,-62.4863,232.677)
  jv[1] pts=5 (78.2916,-62.4863,-212.628) (293.49,-302.602,-212.628) (266.681,-326.629,-212.628) (51.4828,-86.5131,-212.628) (78.2916,-62.4863,-212.628)
  m[0][0] pts=2 (250.052,-281.104,187.677) (236.648,-293.118,187.677)
  m[0][1] pts=2 (250.052,-281.104,187.677) (236.648,-293.118,187.677)
  m[0][2] pts=2 (198.341,-223.406,187.677) (184.937,-235.419,187.677)
  m[0][3] pts=2 (198.341,-223.406,187.677) (184.937,-235.419,187.677)
  m[0][4] pts=2 (146.63,-165.707,187.677) (133.226,-177.721,187.677)
  m[0][5] pts=2 (146.63,-165.707,187.677) (133.226,-177.721,187.677)
  m[0][6] pts=2 (94.9191,-108.009,187.677) (81.5147,-120.022,187.677)
  m[0][7] pts=2 (94.9191,-108.009,187.677) (81.5147,-120.022,187.677)
  m[0][8] pts=2 (94.9191,-108.009,94.8116) (81.5147,-120.022,94.8116)
  m[0][9] pts=2 (94.9191,-108.009,94.8116) (81.5147,-120.022,94.8116)
  m[0][10] pts=2 (94.9191,-108.009,1.94659) (81.5147,-120.022,1.94659)
  m[0][11] pts=2 (94.9191,-108.009,1.94659) (81.5147,-120.022,1.94659)
  m[0][12] pts=2 (146.63,-165.707,-43.4134) (133.226,-177.721,-43.4134)
  m[0][13] pts=2 (146.63,-165.707,-43.4134) (133.226,-177.721,-43.4134)
  m[0][14] pts=2 (198.341,-223.406,-88.7734) (184.937,-235.419,-88.7734)
  m[0][15] pts=2 (198.341,-223.406,-88.7734) (184.937,-235.419,-88.7734)
  m[0][16] pts=2 (250.052,-281.104,-134.133) (236.648,-293.118,-134.133)
  m[0][17] pts=2 (250.052,-281.104,-134.133) (236.648,-293.118,-134.133)
  m[0][18] pts=2 (250.052,-281.104,-53.6809) (236.648,-293.118,-53.6809)
  m[0][19] pts=2 (250.052,-281.104,-53.6809) (236.648,-293.118,-53.6809)
  m[0][20] pts=2 (250.052,-281.104,26.7716) (236.648,-293.118,26.7716)
  m[0][21] pts=2 (250.052,-281.104,26.7716) (236.648,-293.118,26.7716)
  m[0][22] pts=2 (250.052,-281.104,107.224) (236.648,-293.118,107.224)
  m[0][23] pts=2 (250.052,-281.104,107.224) (236.648,-293.118,107.224)
  f[0][0] pts=2 (250.052,-281.104,187.677) (263.457,-269.091,187.677)
  f[0][1] pts=2 (250.052,-281.104,187.677) (263.457,-269.091,187.677)
  f[0][2] pts=2 (198.341,-223.406,187.677) (211.746,-211.392,187.677)
  f[0][3] pts=2 (198.341,-223.406,187.677) (211.746,-211.392,187.677)
  f[0][4] pts=2 (146.63,-165.707,187.677) (160.035,-153.694,187.677)
  f[0][5] pts=2 (146.63,-165.707,187.677) (160.035,-153.694,187.677)
  f[0][6] pts=2 (94.9191,-108.009,187.677) (108.323,-95.9954,187.677)
  f[0][7] pts=2 (94.9191,-108.009,187.677) (108.323,-95.9954,187.677)
  f[0][8] pts=2 (94.9191,-108.009,94.8116) (108.323,-95.9954,94.8116)
  f[0][9] pts=2 (94.9191,-108.009,94.8116) (108.323,-95.9954,94.8116)
  f[0][10] pts=2 (94.9191,-108.009,1.94659) (108.323,-95.9954,1.94659)
  f[0][11] pts=2 (94.9191,-108.009,1.94659) (108.323,-95.9954,1.94659)
  f[0][12] pts=2 (146.63,-165.707,-43.4134) (160.035,-153.694,-43.4134)
  f[0][13] pts=2 (146.63,-165.707,-43.4134) (160.035,-153.694,-43.4134)
  f[0][14] pts=2 (198.341,-223.406,-88.7734) (211.746,-211.392,-88.7734)
  f[0][15] pts=2 (198.341,-223.406,-88.7734) (211.746,-211.392,-88.7734)
  f[0][16] pts=2 (250.052,-281.104,-134.133) (263.457,-269.091,-134.133)
  f[0][17] pts=2 (250.052,-281.104,-134.133) (263.457,-269.091,-134.133)
  f[0][18] pts=2 (250.052,-281.104,-53.6809) (263.457,-269.091,-53.6809)
  f[0][19] pts=2 (250.052,-281.104,-53.6809) (263.457,-269.091,-53.6809)
  f[0][20] pts=2 (250.052,-281.104,26.7716) (263.457,-269.091,26.7716)
  f[0][21] pts=2 (250.052,-281.104,26.7716) (263.457,-269.091,26.7716)
  f[0][22] pts=2 (250.052,-281.104,107.224) (263.457,-269.091,107.224)
  f[0][23] pts=2 (250.052,-281.104,107.224) (263.457,-269.091,107.224)
  m[1][0] pts=2 (250.052,-281.104,187.677) (236.648,-293.118,187.677)
  m[1][1] pts=2 (250.052,-281.104,187.677) (236.648,-293.118,187.677)
  m[1][2] pts=2 (198.341,-223.406,187.677) (184.937,-235.419,187.677)
  m[1][3] pts=2 (198.341,-223.406,187.677) (184.937,-235.419,187.677)
  m[1][4] pts=2 (146.63,-165.707,187.677) (133.226,-177.721,187.677)
  m[1][5] pts=2 (146.63,-165.707,187.677) (133.226,-177.721,187.677)
  m[1][6] pts=2 (94.9191,-108.009,187.677) (81.5147,-120.022,187.677)
  m[1][7] pts=2 (94.9191,-108.009,187.677) (81.5147,-120.022,187.677)
  m[1][8] pts=2 (94.9191,-108.009,94.8116) (81.5147,-120.022,94.8116)
  m[1][9] pts=2 (94.9191,-108.009,94.8116) (81.5147,-120.022,94.8116)
  m[1][10] pts=2 (94.9191,-108.009,1.94659) (81.5147,-120.022,1.94659)
  m[1][11] pts=2 (94.9191,-108.009,1.94659) (81.5147,-120.022,1.94659)
  m[1][12] pts=2 (146.63,-165.707,-43.4134) (133.226,-177.721,-43.4134)
  m[1][13] pts=2 (146.63,-165.707,-43.4134) (133.226,-177.721,-43.4134)
  m[1][14] pts=2 (198.341,-223.406,-88.7734) (184.937,-235.419,-88.7734)
  m[1][15] pts=2 (198.341,-223.406,-88.7734) (184.937,-235.419,-88.7734)
  m[1][16] pts=2 (250.052,-281.104,-134.133) (236.648,-293.118,-134.133)
  m[1][17] pts=2 (250.052,-281.104,-134.133) (236.648,-293.118,-134.133)
  m[1][18] pts=2 (250.052,-281.104,-53.6809) (236.648,-293.118,-53.6809)
  m[1][19] pts=2 (250.052,-281.104,-53.6809) (236.648,-293.118,-53.6809)
  m[1][20] pts=2 (250.052,-281.104,26.7716) (236.648,-293.118,26.7716)
  m[1][21] pts=2 (250.052,-281.104,26.7716) (236.648,-293.118,26.7716)
  m[1][22] pts=2 (250.052,-281.104,107.224) (236.648,-293.118,107.224)
  m[1][23] pts=2 (250.052,-281.104,107.224) (236.648,-293.118,107.224)
  f[1][0] pts=2 (250.052,-281.104,187.677) (263.457,-269.091,187.677)
  f[1][1] pts=2 (250.052,-281.104,187.677) (263.457,-269.091,187.677)
  f[1][2] pts=2 (198.341,-223.406,187.677) (211.746,-211.392,187.677)
  f[1][3] pts=2 (198.341,-223.406,187.677) (211.746,-211.392,187.677)
  f[1][4] pts=2 (146.63,-165.707,187.677) (160.035,-153.694,187.677)
  f[1][5] pts=2 (146.63,-165.707,187.677) (160.035,-153.694,187.677)
  f[1][6] pts=2 (94.9191,-108.009,187.677) (108.323,-95.9954,187.677)
  f[1][7] pts=2 (94.9191,-108.009,187.677) (108.323,-95.9954,187.677)
  f[1][8] pts=2 (94.9191,-108.009,94.8116) (108.323,-95.9954,94.8116)
  f[1][9] pts=2 (94.9191,-108.009,94.8116) (108.323,-95.9954,94.8116)
  f[1][10] pts=2 (94.9191,-108.009,1.94659) (108.323,-95.9954,1.94659)
  f[1][11] pts=2 (94.9191,-108.009,1.94659) (108.323,-95.9954,1.94659)
  f[1][12] pts=2 (146.63,-165.707,-43.4134) (160.035,-153.694,-43.4134)
  f[1][13] pts=2 (146.63,-165.707,-43.4134) (160.035,-153.694,-43.4134)
  f[1][14] pts=2 (198.341,-223.406,-88.7734) (211.746,-211.392,-88.7734)
  f[1][15] pts=2 (198.341,-223.406,-88.7734) (211.746,-211.392,-88.7734)
  f[1][16] pts=2 (250.052,-281.104,-134.133) (263.457,-269.091,-134.133)
  f[1][17] pts=2 (250.052,-281.104,-134.133) (263.457,-269.091,-134.133)
  f[1][18] pts=2 (250.052,-281.104,-53.6809) (263.457,-269.091,-53.6809)
  f[1][19] pts=2 (250.052,-281.104,-53.6809) (263.457,-269.091,-53.6809)
  f[1][20] pts=2 (250.052,-281.104,26.7716) (263.457,-269.091,26.7716)
  f[1][21] pts=2 (250.052,-281.104,26.7716) (263.457,-269.091,26.7716)
  f[1][22] pts=2 (250.052,-281.104,107.224) (263.457,-269.091,107.224)
  f[1][23] pts=2 (250.052,-281.104,107.224) (263.457,-269.091,107.224)
joint 18 type=11 v0=10 v1=9 f0_0=2 f1_0=5 name=ss_e_op_1 orient=1 div=1 shift=0.66
  jv[0] pts=5 (64.8872,-74.4997,223.673) (78.1852,-62.3676,223.673) (90.1991,-75.7725,223.673) (76.9011,-87.9046,223.673) (64.8872,-74.4997,223.673)
  jv[1] pts=5 (64.8872,-74.4997,-34.8816) (78.1852,-62.3676,-34.8816) (90.1991,-75.7725,-34.8816) (76.9011,-87.9046,-34.8816) (64.8872,-74.4997,-34.8816)
  m[0][0] pts=4 (64.8872,-74.4997,137.488) (78.1852,-62.3676,137.488) (78.1852,-62.3676,37.5137) (64.8872,-74.4997,37.5137)
  m[0][1] pts=2 (64.8872,-74.4997,137.488) (64.8872,-74.4997,37.5137)
  f[0][0] pts=4 (90.1991,-75.7725,123.699) (78.1852,-62.3676,137.488) (78.1852,-62.3676,37.5137) (90.1991,-75.7725,51.3033)
  f[0][1] pts=2 (90.1991,-75.7725,123.699) (90.1991,-75.7725,51.3033)
  m[1][0] pts=4 (76.9011,-87.9046,123.699) (90.1991,-75.7725,123.699) (90.1991,-75.7725,51.3033) (76.9011,-87.9046,51.3033)
  m[1][1] pts=2 (76.9011,-87.9046,123.699) (76.9011,-87.9046,51.3033)
  f[1][0] pts=4 (76.9011,-87.9046,123.699) (64.8872,-74.4997,137.488) (64.8872,-74.4997,37.5137) (76.9011,-87.9046,51.3033)
  f[1][1] pts=2 (76.9011,-87.9046,123.699) (76.9011,-87.9046,51.3033)
joint 19 type=11 v0=11 v1=10 f0_0=3 f1_0=4 name=ss_e_op_1 orient=1 div=1 shift=0.66
  jv[0] pts=5 (166.98,18.6422,223.672) (175.783,2.30833,223.672) (162.076,-10.1975,223.672) (153.272,6.1363,223.672) (166.98,18.6422,223.672)
  jv[1] pts=5 (166.98,18.6422,-36.6556) (175.783,2.30833,-36.6556) (162.076,-10.1975,-36.6556) (153.272,6.1363,-36.6556) (166.98,18.6422,-36.6556)
  m[0][0] pts=4 (166.98,18.6422,136.896) (175.783,2.30833,136.896) (175.783,2.30833,36.2361) (166.98,18.6422,36.2361)
  m[0][1] pts=2 (166.98,18.6422,136.896) (166.98,18.6422,36.2361)
  f[0][0] pts=4 (162.076,-10.1975,123.012) (175.783,2.30833,136.896) (175.783,2.30833,36.2361) (162.076,-10.1975,50.1203)
  f[0][1] pts=2 (162.076,-10.1975,123.012) (162.076,-10.1975,50.1203)
  m[1][0] pts=4 (153.272,6.1363,123.012) (162.076,-10.1975,123.012) (162.076,-10.1975,50.1203) (153.272,6.1363,50.1203)
  m[1][1] pts=2 (153.272,6.1363,123.012) (153.272,6.1363,50.1203)
  f[1][0] pts=4 (153.272,6.1363,123.012) (166.98,18.6422,136.896) (166.98,18.6422,36.2361) (153.272,6.1363,50.1203)
  f[1][1] pts=2 (153.272,6.1363,123.012) (153.272,6.1363,50.1203)
joint 20 type=40 v0=10 v1=37 f0_0=0 f1_0=0 name=tt_e_p_3 orient=0 div=1 shift=45
  jv[0] pts=5 (179.111,5.34377,232.677) (77.0189,-87.7972,232.677) (52.7556,-61.2022,232.677) (154.847,31.9387,232.677) (179.111,5.34377,232.677)
  jv[1] pts=5 (179.111,5.34377,-31.7218) (77.0189,-87.7972,-31.7218) (52.7556,-61.2022,-31.7218) (154.847,31.9387,-31.7218) (179.111,5.34377,-31.7218)
  m[0][0] pts=2 (98.1309,-44.1706,14.6741) (85.9993,-30.8731,14.6741)
  m[0][1] pts=2 (98.1309,-44.1706,14.6741) (85.9993,-30.8731,14.6741)
  m[0][2] pts=2 (98.1309,-44.1706,101.174) (85.9993,-30.8731,101.174)
  m[0][3] pts=2 (98.1309,-44.1706,101.174) (85.9993,-30.8731,101.174)
  m[0][4] pts=2 (98.1309,-44.1706,187.674) (85.9993,-30.8731,187.674)
  m[0][5] pts=2 (98.1309,-44.1706,187.674) (85.9993,-30.8731,187.674)
  m[0][6] pts=2 (133.739,-11.6847,187.674) (121.607,1.61277,187.674)
  m[0][7] pts=2 (133.739,-11.6847,187.674) (121.607,1.61277,187.674)
  m[0][8] pts=2 (133.739,-11.6847,100.814) (121.607,1.61277,100.814)
  m[0][9] pts=2 (133.739,-11.6847,100.814) (121.607,1.61277,100.814)
  m[0][10] pts=2 (133.739,-11.6847,13.9541) (121.607,1.61277,13.9541)
  m[0][11] pts=2 (133.739,-11.6847,13.9541) (121.607,1.61277,13.9541)
  f[0][0] pts=2 (98.1309,-44.1706,14.6741) (110.263,-57.4681,14.6741)
  f[0][1] pts=2 (98.1309,-44.1706,14.6741) (110.263,-57.4681,14.6741)
  f[0][2] pts=2 (98.1309,-44.1706,101.174) (110.263,-57.4681,101.174)
  f[0][3] pts=2 (98.1309,-44.1706,101.174) (110.263,-57.4681,101.174)
  f[0][4] pts=2 (98.1309,-44.1706,187.674) (110.263,-57.4681,187.674)
  f[0][5] pts=2 (98.1309,-44.1706,187.674) (110.263,-57.4681,187.674)
  f[0][6] pts=2 (133.739,-11.6847,187.674) (145.87,-24.9822,187.674)
  f[0][7] pts=2 (133.739,-11.6847,187.674) (145.87,-24.9822,187.674)
  f[0][8] pts=2 (133.739,-11.6847,100.814) (145.87,-24.9822,100.814)
  f[0][9] pts=2 (133.739,-11.6847,100.814) (145.87,-24.9822,100.814)
  f[0][10] pts=2 (133.739,-11.6847,13.9541) (145.87,-24.9822,13.9541)
  f[0][11] pts=2 (133.739,-11.6847,13.9541) (145.87,-24.9822,13.9541)
  m[1][0] pts=2 (98.1309,-44.1706,14.6741) (85.9993,-30.8731,14.6741)
  m[1][1] pts=2 (98.1309,-44.1706,14.6741) (85.9993,-30.8731,14.6741)
  m[1][2] pts=2 (98.1309,-44.1706,101.174) (85.9993,-30.8731,101.174)
  m[1][3] pts=2 (98.1309,-44.1706,101.174) (85.9993,-30.8731,101.174)
  m[1][4] pts=2 (98.1309,-44.1706,187.674) (85.9993,-30.8731,187.674)
  m[1][5] pts=2 (98.1309,-44.1706,187.674) (85.9993,-30.8731,187.674)
  m[1][6] pts=2 (133.739,-11.6847,187.674) (121.607,1.61277,187.674)
  m[1][7] pts=2 (133.739,-11.6847,187.674) (121.607,1.61277,187.674)
  m[1][8] pts=2 (133.739,-11.6847,100.814) (121.607,1.61277,100.814)
  m[1][9] pts=2 (133.739,-11.6847,100.814) (121.607,1.61277,100.814)
  m[1][10] pts=2 (133.739,-11.6847,13.9541) (121.607,1.61277,13.9541)
  m[1][11] pts=2 (133.739,-11.6847,13.9541) (121.607,1.61277,13.9541)
  f[1][0] pts=2 (98.1309,-44.1706,14.6741) (110.263,-57.4681,14.6741)
  f[1][1] pts=2 (98.1309,-44.1706,14.6741) (110.263,-57.4681,14.6741)
  f[1][2] pts=2 (98.1309,-44.1706,101.174) (110.263,-57.4681,101.174)
  f[1][3] pts=2 (98.1309,-44.1706,101.174) (110.263,-57.4681,101.174)
  f[1][4] pts=2 (98.1309,-44.1706,187.674) (110.263,-57.4681,187.674)
  f[1][5] pts=2 (98.1309,-44.1706,187.674) (110.263,-57.4681,187.674)
  f[1][6] pts=2 (133.739,-11.6847,187.674) (145.87,-24.9822,187.674)
  f[1][7] pts=2 (133.739,-11.6847,187.674) (145.87,-24.9822,187.674)
  f[1][8] pts=2 (133.739,-11.6847,100.814) (145.87,-24.9822,100.814)
  f[1][9] pts=2 (133.739,-11.6847,100.814) (145.87,-24.9822,100.814)
  f[1][10] pts=2 (133.739,-11.6847,13.9541) (145.87,-24.9822,13.9541)
  f[1][11] pts=2 (133.739,-11.6847,13.9541) (145.87,-24.9822,13.9541)
joint 21 type=11 v0=13 v1=12 f0_0=4 f1_0=2 name=ss_e_op_1 orient=1 div=1 shift=0.66
  jv[0] pts=5 (-10.7975,-193.64,232.673) (-10.7975,-193.64,214.673) (-0.767943,-178.693,214.673) (-0.767943,-178.693,232.673) (-10.7975,-193.64,232.673)
  jv[1] pts=5 (240.28,-362.117,232.673) (240.28,-362.117,214.673) (250.31,-347.17,214.673) (250.31,-347.17,232.673) (240.28,-362.117,232.673)
  m[0][0] pts=4 (72.8951,-249.799,232.673) (72.8951,-249.799,214.673) (169.979,-314.944,214.673) (169.979,-314.944,232.673)
  m[0][1] pts=2 (72.8951,-249.799,232.673) (169.979,-314.944,232.673)
  f[0][0] pts=4 (96.3155,-243.837,214.673) (72.8951,-249.799,214.673) (169.979,-314.944,214.673) (166.617,-291.011,214.673)
  f[0][1] pts=2 (96.3155,-243.837,214.673) (166.617,-291.011,214.673)
  m[1][0] pts=4 (96.3155,-243.837,232.673) (96.3155,-243.837,214.673) (166.617,-291.011,214.673) (166.617,-291.011,232.673)
  m[1][1] pts=2 (96.3155,-243.837,232.673) (166.617,-291.011,232.673)
  f[1][0] pts=4 (96.3155,-243.837,232.673) (72.8951,-249.799,232.673) (169.979,-314.944,232.673) (166.617,-291.011,232.673)
  f[1][1] pts=2 (96.3155,-243.837,232.673) (166.617,-291.011,232.673)
joint 22 type=11 v0=15 v1=12 f0_0=4 f1_0=4 name=ss_e_op_1 orient=1 div=1 shift=0.66
  jv[0] pts=5 (280.84,-315.457,232.673) (280.84,-315.457,214.673) (267.436,-327.47,214.673) (267.436,-327.47,232.673) (280.84,-315.457,232.673)
  jv[1] pts=5 (72.2906,-82.7603,232.673) (72.2906,-82.7603,214.673) (58.8862,-94.7737,214.673) (58.8862,-94.7737,232.673) (72.2906,-82.7603,232.673)
  m[0][0] pts=4 (211.324,-237.891,232.673) (211.324,-237.891,214.673) (130.684,-147.915,214.673) (130.684,-147.915,232.673)
  m[0][1] pts=2 (211.324,-237.891,232.673) (130.684,-147.915,232.673)
  f[0][0] pts=4 (186.797,-237.494,214.673) (211.324,-237.891,214.673) (130.684,-147.915,214.673) (128.403,-172.339,214.673)
  f[0][1] pts=2 (186.797,-237.494,214.673) (128.403,-172.339,214.673)
  m[1][0] pts=4 (186.797,-237.494,232.673) (186.797,-237.494,214.673) (128.403,-172.339,214.673) (128.403,-172.339,232.673)
  m[1][1] pts=2 (186.797,-237.494,232.673) (128.403,-172.339,232.673)
  f[1][0] pts=4 (186.797,-237.494,232.673) (211.324,-237.891,232.673) (130.684,-147.915,232.673) (128.403,-172.339,232.673)
  f[1][1] pts=2 (186.797,-237.494,232.673) (128.403,-172.339,232.673)
joint 23 type=11 v0=14 v1=12 f0_0=3 f1_0=5 name=ss_e_op_1 orient=1 div=1 shift=0.66
  jv[0] pts=5 (58.3283,-83.4502,232.673) (58.3283,-83.4502,214.673) (72.8473,-94.0897,214.673) (72.8473,-94.0897,232.673) (58.3283,-83.4502,232.673)
  jv[1] pts=5 (-13.0432,-180.846,232.673) (-13.0432,-180.846,214.673) (1.47577,-191.486,214.673) (1.47577,-191.486,232.673) (-13.0432,-180.846,232.673)
  m[0][0] pts=4 (34.5378,-115.916,232.673) (34.5378,-115.916,214.673) (6.94078,-153.575,214.673) (6.94078,-153.575,232.673)
  m[0][1] pts=2 (34.5378,-115.916,232.673) (6.94078,-153.575,232.673)
  f[0][0] pts=4 (45.2503,-131.75,214.673) (34.5378,-115.916,214.673) (6.94078,-153.575,214.673) (25.2663,-159.02,214.673)
  f[0][1] pts=2 (45.2503,-131.75,214.673) (25.2663,-159.02,214.673)
  m[1][0] pts=4 (45.2503,-131.75,232.673) (45.2503,-131.75,214.673) (25.2663,-159.02,214.673) (25.2663,-159.02,232.673)
  m[1][1] pts=2 (45.2503,-131.75,232.673) (25.2663,-159.02,232.673)
  f[1][0] pts=4 (45.2503,-131.75,232.673) (34.5378,-115.916,232.673) (6.94078,-153.575,232.673) (25.2663,-159.02,232.673)
  f[1][1] pts=2 (45.2503,-131.75,232.673) (25.2663,-159.02,232.673)
joint 24 type=11 v0=14 v1=13 f0_0=2 f1_0=5 name=ss_e_op_1 orient=1 div=1 shift=0.66
  jv[0] pts=5 (-18.5875,-188.412,223.673) (-7.93893,-173.881,223.673) (7.0207,-183.919,223.673) (-3.62789,-198.45,223.673) (-18.5875,-188.412,223.673)
  jv[1] pts=5 (-18.5875,-188.412,-36.9635) (-7.93893,-173.881,-36.9635) (7.0207,-183.919,-36.9635) (-3.62789,-198.45,-36.9635) (-18.5875,-188.412,-36.9635)
  m[0][0] pts=4 (-18.5875,-188.412,136.794) (-7.93893,-173.881,136.794) (-7.93893,-173.881,36.0148) (-18.5875,-188.412,36.0148)
  m[0][1] pts=2 (-18.5875,-188.412,136.794) (-18.5875,-188.412,36.0148)
  f[0][0] pts=4 (7.0207,-183.919,122.894) (-7.93893,-173.881,136.794) (-7.93893,-173.881,36.0148) (7.0207,-183.919,49.9155)
  f[0][1] pts=2 (7.0207,-183.919,122.894) (7.0207,-183.919,49.9155)
  m[1][0] pts=4 (-3.62789,-198.45,122.894) (7.0207,-183.919,122.894) (7.0207,-183.919,49.9155) (-3.62789,-198.45,49.9155)
  m[1][1] pts=2 (-3.62789,-198.45,122.894) (-3.62789,-198.45,49.9155)
  f[1][0] pts=4 (-3.62789,-198.45,122.894) (-18.5875,-188.412,136.794) (-18.5875,-188.412,36.0148) (-3.62789,-198.45,49.9155)
  f[1][1] pts=2 (-3.62789,-198.45,122.894) (-3.62789,-198.45,49.9155)
joint 25 type=40 v0=13 v1=19 f0_0=0 f1_0=0 name=tt_e_p_3 orient=0 div=1 shift=45
  jv[0] pts=5 (-8.55794,-173.465,232.674) (249.379,-346.545,232.674) (229.319,-376.439,232.674) (-28.6171,-203.359,232.674) (-8.55794,-173.465,232.674)
  jv[1] pts=5 (-8.55794,-173.465,-213.287) (249.379,-346.545,-213.287) (229.319,-376.439,-213.287) (-28.6171,-203.359,-213.287) (-8.55794,-173.465,-213.287)
  m[0][0] pts=2 (201.982,-336.418,187.674) (191.952,-351.365,187.674)
  m[0][1] pts=2 (201.982,-336.418,187.674) (191.952,-351.365,187.674)
  m[0][2] pts=2 (140.913,-295.44,187.674) (130.883,-310.387,187.674)
  m[0][3] pts=2 (140.913,-295.44,187.674) (130.883,-310.387,187.674)
  m[0][4] pts=2 (79.8442,-254.462,187.674) (69.8146,-269.409,187.674)
  m[0][5] pts=2 (79.8442,-254.462,187.674) (69.8146,-269.409,187.674)
  m[0][6] pts=2 (18.7754,-213.483,187.674) (8.74579,-228.43,187.674)
  m[0][7] pts=2 (18.7754,-213.483,187.674) (8.74579,-228.43,187.674)
  m[0][8] pts=2 (18.7754,-213.483,95.3142) (8.74579,-228.43,95.3142)
  m[0][9] pts=2 (18.7754,-213.483,95.3142) (8.74579,-228.43,95.3142)
  m[0][10] pts=2 (18.7754,-213.483,2.95423) (8.74579,-228.43,2.95423)
  m[0][11] pts=2 (18.7754,-213.483,2.95423) (8.74579,-228.43,2.95423)
  m[0][12] pts=2 (79.8442,-254.462,-42.2858) (69.8146,-269.409,-42.2858)
  m[0][13] pts=2 (79.8442,-254.462,-42.2858) (69.8146,-269.409,-42.2858)
  m[0][14] pts=2 (140.913,-295.44,-87.5258) (130.883,-310.387,-87.5258)
  m[0][15] pts=2 (140.913,-295.44,-87.5258) (130.883,-310.387,-87.5258)
  m[0][16] pts=2 (201.982,-336.418,-132.766) (191.952,-351.365,-132.766)
  m[0][17] pts=2 (201.982,-336.418,-132.766) (191.952,-351.365,-132.766)
  m[0][18] pts=2 (201.982,-336.418,-52.6558) (191.952,-351.365,-52.6558)
  m[0][19] pts=2 (201.982,-336.418,-52.6558) (191.952,-351.365,-52.6558)
  m[0][20] pts=2 (201.982,-336.418,27.4542) (191.952,-351.365,27.4542)
  m[0][21] pts=2 (201.982,-336.418,27.4542) (191.952,-351.365,27.4542)
  m[0][22] pts=2 (201.982,-336.418,107.564) (191.952,-351.365,107.564)
  m[0][23] pts=2 (201.982,-336.418,107.564) (191.952,-351.365,107.564)
  f[0][0] pts=2 (201.982,-336.418,187.674) (212.011,-321.471,187.674)
  f[0][1] pts=2 (201.982,-336.418,187.674) (212.011,-321.471,187.674)
  f[0][2] pts=2 (140.913,-295.44,187.674) (150.943,-280.493,187.674)
  f[0][3] pts=2 (140.913,-295.44,187.674) (150.943,-280.493,187.674)
  f[0][4] pts=2 (79.8442,-254.462,187.674) (89.8738,-239.515,187.674)
  f[0][5] pts=2 (79.8442,-254.462,187.674) (89.8738,-239.515,187.674)
  f[0][6] pts=2 (18.7754,-213.483,187.674) (28.805,-198.537,187.674)
  f[0][7] pts=2 (18.7754,-213.483,187.674) (28.805,-198.537,187.674)
  f[0][8] pts=2 (18.7754,-213.483,95.3142) (28.805,-198.537,95.3142)
  f[0][9] pts=2 (18.7754,-213.483,95.3142) (28.805,-198.537,95.3142)
  f[0][10] pts=2 (18.7754,-213.483,2.95423) (28.805,-198.537,2.95423)
  f[0][11] pts=2 (18.7754,-213.483,2.95423) (28.805,-198.537,2.95423)
  f[0][12] pts=2 (79.8442,-254.462,-42.2858) (89.8738,-239.515,-42.2858)
  f[0][13] pts=2 (79.8442,-254.462,-42.2858) (89.8738,-239.515,-42.2858)
  f[0][14] pts=2 (140.913,-295.44,-87.5258) (150.943,-280.493,-87.5258)
  f[0][15] pts=2 (140.913,-295.44,-87.5258) (150.943,-280.493,-87.5258)
  f[0][16] pts=2 (201.982,-336.418,-132.766) (212.011,-321.471,-132.766)
  f[0][17] pts=2 (201.982,-336.418,-132.766) (212.011,-321.471,-132.766)
  f[0][18] pts=2 (201.982,-336.418,-52.6558) (212.011,-321.471,-52.6558)
  f[0][19] pts=2 (201.982,-336.418,-52.6558) (212.011,-321.471,-52.6558)
  f[0][20] pts=2 (201.982,-336.418,27.4542) (212.011,-321.471,27.4542)
  f[0][21] pts=2 (201.982,-336.418,27.4542) (212.011,-321.471,27.4542)
  f[0][22] pts=2 (201.982,-336.418,107.564) (212.011,-321.471,107.564)
  f[0][23] pts=2 (201.982,-336.418,107.564) (212.011,-321.471,107.564)
  m[1][0] pts=2 (201.982,-336.418,187.674) (191.952,-351.365,187.674)
  m[1][1] pts=2 (201.982,-336.418,187.674) (191.952,-351.365,187.674)
  m[1][2] pts=2 (140.913,-295.44,187.674) (130.883,-310.387,187.674)
  m[1][3] pts=2 (140.913,-295.44,187.674) (130.883,-310.387,187.674)
  m[1][4] pts=2 (79.8442,-254.462,187.674) (69.8146,-269.409,187.674)
  m[1][5] pts=2 (79.8442,-254.462,187.674) (69.8146,-269.409,187.674)
  m[1][6] pts=2 (18.7754,-213.483,187.674) (8.74579,-228.43,187.674)
  m[1][7] pts=2 (18.7754,-213.483,187.674) (8.74579,-228.43,187.674)
  m[1][8] pts=2 (18.7754,-213.483,95.3142) (8.74579,-228.43,95.3142)
  m[1][9] pts=2 (18.7754,-213.483,95.3142) (8.74579,-228.43,95.3142)
  m[1][10] pts=2 (18.7754,-213.483,2.95423) (8.74579,-228.43,2.95423)
  m[1][11] pts=2 (18.7754,-213.483,2.95423) (8.74579,-228.43,2.95423)
  m[1][12] pts=2 (79.8442,-254.462,-42.2858) (69.8146,-269.409,-42.2858)
  m[1][13] pts=2 (79.8442,-254.462,-42.2858) (69.8146,-269.409,-42.2858)
  m[1][14] pts=2 (140.913,-295.44,-87.5258) (130.883,-310.387,-87.5258)
  m[1][15] pts=2 (140.913,-295.44,-87.5258) (130.883,-310.387,-87.5258)
  m[1][16] pts=2 (201.982,-336.418,-132.766) (191.952,-351.365,-132.766)
  m[1][17] pts=2 (201.982,-336.418,-132.766) (191.952,-351.365,-132.766)
  m[1][18] pts=2 (201.982,-336.418,-52.6558) (191.952,-351.365,-52.6558)
  m[1][19] pts=2 (201.982,-336.418,-52.6558) (191.952,-351.365,-52.6558)
  m[1][20] pts=2 (201.982,-336.418,27.4542) (191.952,-351.365,27.4542)
  m[1][21] pts=2 (201.982,-336.418,27.4542) (191.952,-351.365,27.4542)
  m[1][22] pts=2 (201.982,-336.418,107.564) (191.952,-351.365,107.564)
  m[1][23] pts=2 (201.982,-336.418,107.564) (191.952,-351.365,107.564)
  f[1][0] pts=2 (201.982,-336.418,187.674) (212.011,-321.471,187.674)
  f[1][1] pts=2 (201.982,-336.418,187.674) (212.011,-321.471,187.674)
  f[1][2] pts=2 (140.913,-295.44,187.674) (150.943,-280.493,187.674)
  f[1][3] pts=2 (140.913,-295.44,187.674) (150.943,-280.493,187.674)
  f[1][4] pts=2 (79.8442,-254.462,187.674) (89.8738,-239.515,187.674)
  f[1][5] pts=2 (79.8442,-254.462,187.674) (89.8738,-239.515,187.674)
  f[1][6] pts=2 (18.7754,-213.483,187.674) (28.805,-198.537,187.674)
  f[1][7] pts=2 (18.7754,-213.483,187.674) (28.805,-198.537,187.674)
  f[1][8] pts=2 (18.7754,-213.483,95.3142) (28.805,-198.537,95.3142)
  f[1][9] pts=2 (18.7754,-213.483,95.3142) (28.805,-198.537,95.3142)
  f[1][10] pts=2 (18.7754,-213.483,2.95423) (28.805,-198.537,2.95423)
  f[1][11] pts=2 (18.7754,-213.483,2.95423) (28.805,-198.537,2.95423)
  f[1][12] pts=2 (79.8442,-254.462,-42.2858) (89.8738,-239.515,-42.2858)
  f[1][13] pts=2 (79.8442,-254.462,-42.2858) (89.8738,-239.515,-42.2858)
  f[1][14] pts=2 (140.913,-295.44,-87.5258) (150.943,-280.493,-87.5258)
  f[1][15] pts=2 (140.913,-295.44,-87.5258) (150.943,-280.493,-87.5258)
  f[1][16] pts=2 (201.982,-336.418,-132.766) (212.011,-321.471,-132.766)
  f[1][17] pts=2 (201.982,-336.418,-132.766) (212.011,-321.471,-132.766)
  f[1][18] pts=2 (201.982,-336.418,-52.6558) (212.011,-321.471,-52.6558)
  f[1][19] pts=2 (201.982,-336.418,-52.6558) (212.011,-321.471,-52.6558)
  f[1][20] pts=2 (201.982,-336.418,27.4542) (212.011,-321.471,27.4542)
  f[1][21] pts=2 (201.982,-336.418,27.4542) (212.011,-321.471,27.4542)
  f[1][22] pts=2 (201.982,-336.418,107.564) (212.011,-321.471,107.564)
  f[1][23] pts=2 (201.982,-336.418,107.564) (212.011,-321.471,107.564)
joint 26 type=11 v0=15 v1=14 f0_0=3 f1_0=4 name=ss_e_op_1 orient=1 div=1 shift=0.66
  jv[0] pts=5 (64.8872,-74.4997,223.673) (77.1644,-88.1984,223.673) (66.2913,-103.036,223.673) (54.0141,-89.3375,223.673) (64.8872,-74.4997,223.673)
  jv[1] pts=5 (64.8872,-74.4997,-29.784) (77.1644,-88.1984,-29.784) (66.2913,-103.036,-29.784) (54.0141,-89.3375,-29.784) (64.8872,-74.4997,-29.784)
  m[0][0] pts=4 (64.8872,-74.4997,139.187) (77.1644,-88.1984,139.187) (77.1644,-88.1984,41.1839) (64.8872,-74.4997,41.1839)
  m[0][1] pts=2 (64.8872,-74.4997,139.187) (64.8872,-74.4997,41.1839)
  f[0][0] pts=4 (66.2913,-103.036,125.67) (77.1644,-88.1984,139.187) (77.1644,-88.1984,41.1839) (66.2913,-103.036,54.7016)
  f[0][1] pts=2 (66.2913,-103.036,125.67) (66.2913,-103.036,54.7016)
  m[1][0] pts=4 (54.0141,-89.3375,125.67) (66.2913,-103.036,125.67) (66.2913,-103.036,54.7016) (54.0141,-89.3375,54.7016)
  m[1][1] pts=2 (54.0141,-89.3375,125.67) (54.0141,-89.3375,54.7016)
  f[1][0] pts=4 (54.0141,-89.3375,125.67) (64.8872,-74.4997,139.187) (64.8872,-74.4997,41.1839) (54.0141,-89.3375,54.7016)
  f[1][1] pts=2 (54.0141,-89.3375,125.67) (54.0141,-89.3375,54.7016)
joint 27 type=40 v0=14 v1=42 f0_0=0 f1_0=0 name=tt_e_p_3 orient=0 div=1 shift=45
  jv[0] pts=5 (79.4079,-85.1368,232.674) (-4.06852,-199.052,232.674) (-33.1065,-177.773,232.674) (50.3699,-63.8578,232.674) (79.4079,-85.1368,232.674)
  jv[1] pts=5 (79.4079,-85.1368,-32.2476) (-4.06852,-199.052,-32.2476) (-33.1065,-177.773,-32.2476) (50.3699,-63.8578,-32.2476) (79.4079,-85.1368,-32.2476)
  m[0][0] pts=2 (8.01116,-152.115,187.674) (-6.50785,-141.475,187.674)
  m[0][1] pts=2 (8.01116,-152.115,187.674) (-6.50785,-141.475,187.674)
  m[0][2] pts=2 (38.2923,-110.792,187.674) (23.7733,-100.153,187.674)
  m[0][3] pts=2 (38.2923,-110.792,187.674) (23.7733,-100.153,187.674)
  m[0][4] pts=2 (38.2923,-110.792,103.114) (23.7733,-100.153,103.114)
  m[0][5] pts=2 (38.2923,-110.792,103.114) (23.7733,-100.153,103.114)
  m[0][6] pts=2 (38.2923,-110.792,18.5542) (23.7733,-100.153,18.5542)
  m[0][7] pts=2 (38.2923,-110.792,18.5542) (23.7733,-100.153,18.5542)
  m[0][8] pts=2 (8.01116,-152.115,15.5142) (-6.50785,-141.475,15.5142)
  m[0][9] pts=2 (8.01116,-152.115,15.5142) (-6.50785,-141.475,15.5142)
  m[0][10] pts=2 (8.01116,-152.115,101.594) (-6.50785,-141.475,101.594)
  m[0][11] pts=2 (8.01116,-152.115,101.594) (-6.50785,-141.475,101.594)
  f[0][0] pts=2 (8.01116,-152.115,187.674) (22.5302,-162.754,187.674)
  f[0][1] pts=2 (8.01116,-152.115,187.674) (22.5302,-162.754,187.674)
  f[0][2] pts=2 (38.2923,-110.792,187.674) (52.8113,-121.432,187.674)
  f[0][3] pts=2 (38.2923,-110.792,187.674) (52.8113,-121.432,187.674)
  f[0][4] pts=2 (38.2923,-110.792,103.114) (52.8113,-121.432,103.114)
  f[0][5] pts=2 (38.2923,-110.792,103.114) (52.8113,-121.432,103.114)
  f[0][6] pts=2 (38.2923,-110.792,18.5542) (52.8113,-121.432,18.5542)
  f[0][7] pts=2 (38.2923,-110.792,18.5542) (52.8113,-121.432,18.5542)
  f[0][8] pts=2 (8.01116,-152.115,15.5142) (22.5302,-162.754,15.5142)
  f[0][9] pts=2 (8.01116,-152.115,15.5142) (22.5302,-162.754,15.5142)
  f[0][10] pts=2 (8.01116,-152.115,101.594) (22.5302,-162.754,101.594)
  f[0][11] pts=2 (8.01116,-152.115,101.594) (22.5302,-162.754,101.594)
  m[1][0] pts=2 (8.01116,-152.115,187.674) (-6.50785,-141.475,187.674)
  m[1][1] pts=2 (8.01116,-152.115,187.674) (-6.50785,-141.475,187.674)
  m[1][2] pts=2 (38.2923,-110.792,187.674) (23.7733,-100.153,187.674)
  m[1][3] pts=2 (38.2923,-110.792,187.674) (23.7733,-100.153,187.674)
  m[1][4] pts=2 (38.2923,-110.792,103.114) (23.7733,-100.153,103.114)
  m[1][5] pts=2 (38.2923,-110.792,103.114) (23.7733,-100.153,103.114)
  m[1][6] pts=2 (38.2923,-110.792,18.5542) (23.7733,-100.153,18.5542)
  m[1][7] pts=2 (38.2923,-110.792,18.5542) (23.7733,-100.153,18.5542)
  m[1][8] pts=2 (8.01116,-152.115,15.5142) (-6.50785,-141.475,15.5142)
  m[1][9] pts=2 (8.01116,-152.115,15.5142) (-6.50785,-141.475,15.5142)
  m[1][10] pts=2 (8.01116,-152.115,101.594) (-6.50785,-141.475,101.594)
  m[1][11] pts=2 (8.01116,-152.115,101.594) (-6.50785,-141.475,101.594)
  f[1][0] pts=2 (8.01116,-152.115,187.674) (22.5302,-162.754,187.674)
  f[1][1] pts=2 (8.01116,-152.115,187.674) (22.5302,-162.754,187.674)
  f[1][2] pts=2 (38.2923,-110.792,187.674) (52.8113,-121.432,187.674)
  f[1][3] pts=2 (38.2923,-110.792,187.674) (52.8113,-121.432,187.674)
  f[1][4] pts=2 (38.2923,-110.792,103.114) (52.8113,-121.432,103.114)
  f[1][5] pts=2 (38.2923,-110.792,103.114) (52.8113,-121.432,103.114)
  f[1][6] pts=2 (38.2923,-110.792,18.5542) (52.8113,-121.432,18.5542)
  f[1][7] pts=2 (38.2923,-110.792,18.5542) (52.8113,-121.432,18.5542)
  f[1][8] pts=2 (8.01116,-152.115,15.5142) (22.5302,-162.754,15.5142)
  f[1][9] pts=2 (8.01116,-152.115,15.5142) (22.5302,-162.754,15.5142)
  f[1][10] pts=2 (8.01116,-152.115,101.594) (22.5302,-162.754,101.594)
  f[1][11] pts=2 (8.01116,-152.115,101.594) (22.5302,-162.754,101.594)
joint 28 type=11 v0=18 v1=16 f0_0=3 f1_0=5 name=ss_e_op_1 orient=1 div=1 shift=0.66
  jv[0] pts=5 (-22.2561,-199.77,232.673) (-22.2561,-199.77,214.673) (-5.12751,-205.303,214.673) (-5.12751,-205.303,232.673) (-22.2561,-199.77,232.673)
  jv[1] pts=5 (-56.3829,-305.423,232.673) (-56.3829,-305.423,214.673) (-39.2543,-310.956,214.673) (-39.2543,-310.956,232.673) (-56.3829,-305.423,232.673)
  m[0][0] pts=4 (-33.6317,-234.988,232.673) (-33.6317,-234.988,214.673) (-46.8274,-275.84,214.673) (-46.8274,-275.84,232.673)
  m[0][1] pts=2 (-33.6317,-234.988,232.673) (-46.8274,-275.84,232.673)
  f[0][0] pts=4 (-18.3232,-246.155,214.673) (-33.6317,-234.988,214.673) (-46.8274,-275.84,214.673) (-27.8787,-275.738,214.673)
  f[0][1] pts=2 (-18.3232,-246.155,214.673) (-27.8787,-275.738,214.673)
  m[1][0] pts=4 (-18.3232,-246.155,232.673) (-18.3232,-246.155,214.673) (-27.8787,-275.738,214.673) (-27.8787,-275.738,232.673)
  m[1][1] pts=2 (-18.3232,-246.155,232.673) (-27.8787,-275.738,232.673)
  f[1][0] pts=4 (-18.3232,-246.155,232.673) (-33.6317,-234.988,232.673) (-46.8274,-275.84,232.673) (-27.8787,-275.738,232.673)
  f[1][1] pts=2 (-18.3232,-246.155,232.673) (-27.8787,-275.738,232.673)
joint 29 type=11 v0=17 v1=16 f0_0=4 f1_0=2 name=ss_e_op_1 orient=1 div=1 shift=0.66
  jv[0] pts=5 (-50.9408,-316.632,232.673) (-50.9408,-316.632,214.673) (-44.6964,-299.75,214.673) (-44.6964,-299.75,232.673) (-50.9408,-316.632,232.673)
  jv[1] pts=5 (213.471,-414.434,232.673) (213.471,-414.434,214.673) (219.716,-397.551,214.673) (219.716,-397.551,232.673) (213.471,-414.434,232.673)
  m[0][0] pts=4 (37.1965,-349.233,232.673) (37.1965,-349.233,214.673) (139.436,-387.049,214.673) (139.436,-387.049,232.673)
  m[0][1] pts=2 (37.1965,-349.233,232.673) (139.436,-387.049,232.673)
  f[0][0] pts=4 (57.5429,-337.566,214.673) (37.1965,-349.233,214.673) (139.436,-387.049,214.673) (131.578,-364.951,214.673)
  f[0][1] pts=2 (57.5429,-337.566,214.673) (131.578,-364.951,214.673)
  m[1][0] pts=4 (57.5429,-337.566,232.673) (57.5429,-337.566,214.673) (131.578,-364.951,214.673) (131.578,-364.951,232.673)
  m[1][1] pts=2 (57.5429,-337.566,232.673) (131.578,-364.951,232.673)
  f[1][0] pts=4 (57.5429,-337.566,232.673) (37.1965,-349.233,232.673) (139.436,-387.049,232.673) (131.578,-364.951,232.673)
  f[1][1] pts=2 (57.5429,-337.566,232.673) (131.578,-364.951,232.673)
joint 30 type=11 v0=19 v1=16 f0_0=4 f1_0=4 name=ss_e_op_1 orient=1 div=1 shift=0.66
  jv[0] pts=5 (240.235,-362.087,232.673) (240.235,-362.087,214.673) (230.206,-377.034,214.673) (230.206,-377.034,232.673) (240.235,-362.087,232.673)
  jv[1] pts=5 (-8.6787,-195.061,232.673) (-8.6787,-195.061,214.673) (-18.7083,-210.008,214.673) (-18.7083,-210.008,232.673) (-8.6787,-195.061,232.673)
  m[0][0] pts=4 (157.264,-306.412,232.673) (157.264,-306.412,214.673) (61.0172,-241.829,214.673) (61.0172,-241.829,232.673)
  m[0][1] pts=2 (157.264,-306.412,232.673) (61.0172,-241.829,232.673)
  f[0][0] pts=4 (133.959,-312.451,214.673) (157.264,-306.412,214.673) (61.0172,-241.829,214.673) (64.2631,-265.683,214.673)
  f[0][1] pts=2 (133.959,-312.451,214.673) (64.2631,-265.683,214.673)
  m[1][0] pts=4 (133.959,-312.451,232.673) (133.959,-312.451,214.673) (64.2631,-265.683,214.673) (64.2631,-265.683,232.673)
  m[1][1] pts=2 (133.959,-312.451,232.673) (64.2631,-265.683,232.673)
  f[1][0] pts=4 (133.959,-312.451,232.673) (157.264,-306.412,232.673) (61.0172,-241.829,232.673) (64.2631,-265.683,232.673)
  f[1][1] pts=2 (133.959,-312.451,232.673) (64.2631,-265.683,232.673)
joint 31 type=11 v0=18 v1=17 f0_0=2 f1_0=5 name=ss_e_op_1 orient=1 div=1 shift=0.66
  jv[0] pts=5 (-59.0363,-313.638,223.672) (-53.4987,-296.494,223.672) (-36.6018,-302.744,223.672) (-42.1393,-319.888,223.672) (-59.0363,-313.638,223.672)
  jv[1] pts=5 (-59.0363,-313.638,-50.6045) (-53.4987,-296.494,-50.6045) (-36.6018,-302.744,-50.6045) (-42.1393,-319.888,-50.6045) (-59.0363,-313.638,-50.6045)
  m[0][0] pts=4 (-59.0363,-313.638,132.247) (-53.4987,-296.494,132.247) (-53.4987,-296.494,26.193) (-59.0363,-313.638,26.193)
  m[0][1] pts=2 (-59.0363,-313.638,132.247) (-59.0363,-313.638,26.193)
  f[0][0] pts=4 (-36.6018,-302.744,117.619) (-53.4987,-296.494,132.247) (-53.4987,-296.494,26.193) (-36.6018,-302.744,40.8211)
  f[0][1] pts=2 (-36.6018,-302.744,117.619) (-36.6018,-302.744,40.8211)
  m[1][0] pts=4 (-42.1393,-319.888,117.619) (-36.6018,-302.744,117.619) (-36.6018,-302.744,40.8211) (-42.1393,-319.888,40.8211)
  m[1][1] pts=2 (-42.1393,-319.888,117.619) (-42.1393,-319.888,40.8211)
  f[1][0] pts=4 (-42.1393,-319.888,117.619) (-59.0363,-313.638,132.247) (-59.0363,-313.638,26.193) (-42.1393,-319.888,40.8211)
  f[1][1] pts=2 (-42.1393,-319.888,117.619) (-42.1393,-319.888,40.8211)
joint 32 type=40 v0=17 v1=23 f0_0=0 f1_0=0 name=tt_e_p_3 orient=0 div=1 shift=45
  jv[0] pts=5 (-52.7918,-296.755,232.671) (218.708,-397.179,232.671) (206.219,-430.943,232.671) (-65.2807,-330.52,232.671) (-52.7918,-296.755,232.671)
  jv[1] pts=5 (-52.7918,-296.755,-218.728) (218.708,-397.179,-218.728) (206.219,-430.943,-218.728) (-65.2807,-330.52,-218.728) (-52.7918,-296.755,-218.728)
  m[0][0] pts=2 (170.258,-398.45,187.671) (164.013,-415.332,187.671)
  m[0][1] pts=2 (170.258,-398.45,187.671) (164.013,-415.332,187.671)
  m[0][2] pts=2 (76.7118,-363.849,187.671) (70.4674,-380.731,187.671)
  m[0][3] pts=2 (76.7118,-363.849,187.671) (70.4674,-380.731,187.671)
  m[0][4] pts=2 (-16.8341,-329.248,187.671) (-23.0785,-346.13,187.671)
  m[0][5] pts=2 (-16.8341,-329.248,187.671) (-23.0785,-346.13,187.671)
  m[0][6] pts=2 (-16.8341,-329.248,88.4557) (-23.0785,-346.13,88.4557)
  m[0][7] pts=2 (-16.8341,-329.248,88.4557) (-23.0785,-346.13,88.4557)
  m[0][8] pts=2 (-16.8341,-329.248,-10.7593) (-23.0785,-346.13,-10.7593)
  m[0][9] pts=2 (-16.8341,-329.248,-10.7593) (-23.0785,-346.13,-10.7593)
  m[0][10] pts=2 (45.5298,-352.315,-52.836) (39.2854,-369.197,-52.836)
  m[0][11] pts=2 (45.5298,-352.315,-52.836) (39.2854,-369.197,-52.836)
  m[0][12] pts=2 (107.894,-375.382,-94.9126) (101.649,-392.264,-94.9126)
  m[0][13] pts=2 (107.894,-375.382,-94.9126) (101.649,-392.264,-94.9126)
  m[0][14] pts=2 (170.258,-398.45,-136.989) (164.013,-415.332,-136.989)
  m[0][15] pts=2 (170.258,-398.45,-136.989) (164.013,-415.332,-136.989)
  m[0][16] pts=2 (170.258,-398.45,-55.8243) (164.013,-415.332,-55.8243)
  m[0][17] pts=2 (170.258,-398.45,-55.8243) (164.013,-415.332,-55.8243)
  m[0][18] pts=2 (170.258,-398.45,25.3407) (164.013,-415.332,25.3407)
  m[0][19] pts=2 (170.258,-398.45,25.3407) (164.013,-415.332,25.3407)
  m[0][20] pts=2 (170.258,-398.45,106.506) (164.013,-415.332,106.506)
  m[0][21] pts=2 (170.258,-398.45,106.506) (164.013,-415.332,106.506)
  f[0][0] pts=2 (170.258,-398.45,187.671) (176.502,-381.567,187.671)
  f[0][1] pts=2 (170.258,-398.45,187.671) (176.502,-381.567,187.671)
  f[0][2] pts=2 (76.7118,-363.849,187.671) (82.9562,-346.966,187.671)
  f[0][3] pts=2 (76.7118,-363.849,187.671) (82.9562,-346.966,187.671)
  f[0][4] pts=2 (-16.8341,-329.248,187.671) (-10.5897,-312.365,187.671)
  f[0][5] pts=2 (-16.8341,-329.248,187.671) (-10.5897,-312.365,187.671)
  f[0][6] pts=2 (-16.8341,-329.248,88.4557) (-10.5897,-312.365,88.4557)
  f[0][7] pts=2 (-16.8341,-329.248,88.4557) (-10.5897,-312.365,88.4557)
  f[0][8] pts=2 (-16.8341,-329.248,-10.7593) (-10.5897,-312.365,-10.7593)
  f[0][9] pts=2 (-16.8341,-329.248,-10.7593) (-10.5897,-312.365,-10.7593)
  f[0][10] pts=2 (45.5298,-352.315,-52.836) (51.7743,-335.433,-52.836)
  f[0][11] pts=2 (45.5298,-352.315,-52.836) (51.7743,-335.433,-52.836)
  f[0][12] pts=2 (107.894,-375.382,-94.9126) (114.138,-358.5,-94.9126)
  f[0][13] pts=2 (107.894,-375.382,-94.9126) (114.138,-358.5,-94.9126)
  f[0][14] pts=2 (170.258,-398.45,-136.989) (176.502,-381.567,-136.989)
  f[0][15] pts=2 (170.258,-398.45,-136.989) (176.502,-381.567,-136.989)
  f[0][16] pts=2 (170.258,-398.45,-55.8243) (176.502,-381.567,-55.8243)
  f[0][17] pts=2 (170.258,-398.45,-55.8243) (176.502,-381.567,-55.8243)
  f[0][18] pts=2 (170.258,-398.45,25.3407) (176.502,-381.567,25.3407)
  f[0][19] pts=2 (170.258,-398.45,25.3407) (176.502,-381.567,25.3407)
  f[0][20] pts=2 (170.258,-398.45,106.506) (176.502,-381.567,106.506)
  f[0][21] pts=2 (170.258,-398.45,106.506) (176.502,-381.567,106.506)
  m[1][0] pts=2 (170.258,-398.45,187.671) (164.013,-415.332,187.671)
  m[1][1] pts=2 (170.258,-398.45,187.671) (164.013,-415.332,187.671)
  m[1][2] pts=2 (76.7118,-363.849,187.671) (70.4674,-380.731,187.671)
  m[1][3] pts=2 (76.7118,-363.849,187.671) (70.4674,-380.731,187.671)
  m[1][4] pts=2 (-16.8341,-329.248,187.671) (-23.0785,-346.13,187.671)
  m[1][5] pts=2 (-16.8341,-329.248,187.671) (-23.0785,-346.13,187.671)
  m[1][6] pts=2 (-16.8341,-329.248,88.4557) (-23.0785,-346.13,88.4557)
  m[1][7] pts=2 (-16.8341,-329.248,88.4557) (-23.0785,-346.13,88.4557)
  m[1][8] pts=2 (-16.8341,-329.248,-10.7593) (-23.0785,-346.13,-10.7593)
  m[1][9] pts=2 (-16.8341,-329.248,-10.7593) (-23.0785,-346.13,-10.7593)
  m[1][10] pts=2 (45.5298,-352.315,-52.836) (39.2854,-369.197,-52.836)
  m[1][11] pts=2 (45.5298,-352.315,-52.836) (39.2854,-369.197,-52.836)
  m[1][12] pts=2 (107.894,-375.382,-94.9126) (101.649,-392.264,-94.9126)
  m[1][13] pts=2 (107.894,-375.382,-94.9126) (101.649,-392.264,-94.9126)
  m[1][14] pts=2 (170.258,-398.45,-136.989) (164.013,-415.332,-136.989)
  m[1][15] pts=2 (170.258,-398.45,-136.989) (164.013,-415.332,-136.989)
  m[1][16] pts=2 (170.258,-398.45,-55.8243) (164.013,-415.332,-55.8243)
  m[1][17] pts=2 (170.258,-398.45,-55.8243) (164.013,-415.332,-55.8243)
  m[1][18] pts=2 (170.258,-398.45,25.3407) (164.013,-415.332,25.3407)
  m[1][19] pts=2 (170.258,-398.45,25.3407) (164.013,-415.332,25.3407)
  m[1][20] pts=2 (170.258,-398.45,106.506) (164.013,-415.332,106.506)
  m[1][21] pts=2 (170.258,-398.45,106.506) (164.013,-415.332,106.506)
  f[1][0] pts=2 (170.258,-398.45,187.671) (176.502,-381.567,187.671)
  f[1][1] pts=2 (170.258,-398.45,187.671) (176.502,-381.567,187.671)
  f[1][2] pts=2 (76.7118,-363.849,187.671) (82.9562,-346.966,187.671)
  f[1][3] pts=2 (76.7118,-363.849,187.671) (82.9562,-346.966,187.671)
  f[1][4] pts=2 (-16.8341,-329.248,187.671) (-10.5897,-312.365,187.671)
  f[1][5] pts=2 (-16.8341,-329.248,187.671) (-10.5897,-312.365,187.671)
  f[1][6] pts=2 (-16.8341,-329.248,88.4557) (-10.5897,-312.365,88.4557)
  f[1][7] pts=2 (-16.8341,-329.248,88.4557) (-10.5897,-312.365,88.4557)
  f[1][8] pts=2 (-16.8341,-329.248,-10.7593) (-10.5897,-312.365,-10.7593)
  f[1][9] pts=2 (-16.8341,-329.248,-10.7593) (-10.5897,-312.365,-10.7593)
  f[1][10] pts=2 (45.5298,-352.315,-52.836) (51.7743,-335.433,-52.836)
  f[1][11] pts=2 (45.5298,-352.315,-52.836) (51.7743,-335.433,-52.836)
  f[1][12] pts=2 (107.894,-375.382,-94.9126) (114.138,-358.5,-94.9126)
  f[1][13] pts=2 (107.894,-375.382,-94.9126) (114.138,-358.5,-94.9126)
  f[1][14] pts=2 (170.258,-398.45,-136.989) (176.502,-381.567,-136.989)
  f[1][15] pts=2 (170.258,-398.45,-136.989) (176.502,-381.567,-136.989)
  f[1][16] pts=2 (170.258,-398.45,-55.8243) (176.502,-381.567,-55.8243)
  f[1][17] pts=2 (170.258,-398.45,-55.8243) (176.502,-381.567,-55.8243)
  f[1][18] pts=2 (170.258,-398.45,25.3407) (176.502,-381.567,25.3407)
  f[1][19] pts=2 (170.258,-398.45,25.3407) (176.502,-381.567,25.3407)
  f[1][20] pts=2 (170.258,-398.45,106.506) (176.502,-381.567,106.506)
  f[1][21] pts=2 (170.258,-398.45,106.506) (176.502,-381.567,106.506)
joint 33 type=40 v0=18 v1=47 f0_0=0 f1_0=0 name=tt_e_p_3 orient=0 div=1 shift=45
  jv[0] pts=5 (-1.45957,-193.947,232.671) (-41.9076,-319.17,232.671) (-76.1649,-308.105,232.671) (-35.7168,-182.882,232.671) (-1.45957,-193.947,232.671)
  jv[1] pts=5 (-1.45957,-193.947,-46.9543) (-41.9076,-319.17,-46.9543) (-76.1649,-308.105,-46.9543) (-35.7168,-182.882,-46.9543) (-1.45957,-193.947,-46.9543)
  m[0][0] pts=2 (-45.2046,-270.816,187.671) (-62.3332,-265.283,187.671)
  m[0][1] pts=2 (-45.2046,-270.816,187.671) (-62.3332,-265.283,187.671)
  m[0][2] pts=2 (-32.421,-231.239,187.671) (-49.5496,-225.707,187.671)
  m[0][3] pts=2 (-32.421,-231.239,187.671) (-49.5496,-225.707,187.671)
  m[0][4] pts=2 (-32.421,-231.239,101.396) (-49.5496,-225.707,101.396)
  m[0][5] pts=2 (-32.421,-231.239,101.396) (-49.5496,-225.707,101.396)
  m[0][6] pts=2 (-32.421,-231.239,15.1207) (-49.5496,-225.707,15.1207)
  m[0][7] pts=2 (-32.421,-231.239,15.1207) (-49.5496,-225.707,15.1207)
  m[0][8] pts=2 (-45.2046,-270.816,7.3007) (-62.3332,-265.283,7.3007)
  m[0][9] pts=2 (-45.2046,-270.816,7.3007) (-62.3332,-265.283,7.3007)
  m[0][10] pts=2 (-45.2046,-270.816,97.4857) (-62.3332,-265.283,97.4857)
  m[0][11] pts=2 (-45.2046,-270.816,97.4857) (-62.3332,-265.283,97.4857)
  f[0][0] pts=2 (-45.2046,-270.816,187.671) (-28.076,-276.349,187.671)
  f[0][1] pts=2 (-45.2046,-270.816,187.671) (-28.076,-276.349,187.671)
  f[0][2] pts=2 (-32.421,-231.239,187.671) (-15.2924,-236.772,187.671)
  f[0][3] pts=2 (-32.421,-231.239,187.671) (-15.2924,-236.772,187.671)
  f[0][4] pts=2 (-32.421,-231.239,101.396) (-15.2924,-236.772,101.396)
  f[0][5] pts=2 (-32.421,-231.239,101.396) (-15.2924,-236.772,101.396)
  f[0][6] pts=2 (-32.421,-231.239,15.1207) (-15.2924,-236.772,15.1207)
  f[0][7] pts=2 (-32.421,-231.239,15.1207) (-15.2924,-236.772,15.1207)
  f[0][8] pts=2 (-45.2046,-270.816,7.3007) (-28.076,-276.349,7.3007)
  f[0][9] pts=2 (-45.2046,-270.816,7.3007) (-28.076,-276.349,7.3007)
  f[0][10] pts=2 (-45.2046,-270.816,97.4857) (-28.076,-276.349,97.4857)
  f[0][11] pts=2 (-45.2046,-270.816,97.4857) (-28.076,-276.349,97.4857)
  m[1][0] pts=2 (-45.2046,-270.816,187.671) (-62.3332,-265.283,187.671)
  m[1][1] pts=2 (-45.2046,-270.816,187.671) (-62.3332,-265.283,187.671)
  m[1][2] pts=2 (-32.421,-231.239,187.671) (-49.5496,-225.707,187.671)
  m[1][3] pts=2 (-32.421,-231.239,187.671) (-49.5496,-225.707,187.671)
  m[1][4] pts=2 (-32.421,-231.239,101.396) (-49.5496,-225.707,101.396)
  m[1][5] pts=2 (-32.421,-231.239,101.396) (-49.5496,-225.707,101.396)
  m[1][6] pts=2 (-32.421,-231.239,15.1207) (-49.5496,-225.707,15.1207)
  m[1][7] pts=2 (-32.421,-231.239,15.1207) (-49.5496,-225.707,15.1207)
  m[1][8] pts=2 (-45.2046,-270.816,7.3007) (-62.3332,-265.283,7.3007)
  m[1][9] pts=2 (-45.2046,-270.816,7.3007) (-62.3332,-265.283,7.3007)
  m[1][10] pts=2 (-45.2046,-270.816,97.4857) (-62.3332,-265.283,97.4857)
  m[1][11] pts=2 (-45.2046,-270.816,97.4857) (-62.3332,-265.283,97.4857)
  f[1][0] pts=2 (-45.2046,-270.816,187.671) (-28.076,-276.349,187.671)
  f[1][1] pts=2 (-45.2046,-270.816,187.671) (-28.076,-276.349,187.671)
  f[1][2] pts=2 (-32.421,-231.239,187.671) (-15.2924,-236.772,187.671)
  f[1][3] pts=2 (-32.421,-231.239,187.671) (-15.2924,-236.772,187.671)
  f[1][4] pts=2 (-32.421,-231.239,101.396) (-15.2924,-236.772,101.396)
  f[1][5] pts=2 (-32.421,-231.239,101.396) (-15.2924,-236.772,101.396)
  f[1][6] pts=2 (-32.421,-231.239,15.1207) (-15.2924,-236.772,15.1207)
  f[1][7] pts=2 (-32.421,-231.239,15.1207) (-15.2924,-236.772,15.1207)
  f[1][8] pts=2 (-45.2046,-270.816,7.3007) (-28.076,-276.349,7.3007)
  f[1][9] pts=2 (-45.2046,-270.816,7.3007) (-28.076,-276.349,7.3007)
  f[1][10] pts=2 (-45.2046,-270.816,97.4857) (-28.076,-276.349,97.4857)
  f[1][11] pts=2 (-45.2046,-270.816,97.4857) (-28.076,-276.349,97.4857)
joint 34 type=11 v0=19 v1=18 f0_0=3 f1_0=4 name=ss_e_op_1 orient=1 div=1 shift=0.66
  jv[0] pts=5 (-18.5875,-188.412,223.674) (-3.04135,-198.844,223.674) (-8.79588,-216.66,223.674) (-24.3421,-206.228,223.674) (-18.5875,-188.412,223.674)
  jv[1] pts=5 (-18.5875,-188.412,-29.7208) (-3.04135,-198.844,-29.7208) (-8.79588,-216.66,-29.7208) (-24.3421,-206.228,-29.7208) (-18.5875,-188.412,-29.7208)
  m[0][0] pts=4 (-18.5875,-188.412,139.209) (-3.04135,-198.844,139.209) (-3.04135,-198.844,41.2297) (-18.5875,-188.412,41.2297)
  m[0][1] pts=2 (-18.5875,-188.412,139.209) (-18.5875,-188.412,41.2297)
  f[0][0] pts=4 (-8.79588,-216.66,125.695) (-3.04135,-198.844,139.209) (-3.04135,-198.844,41.2297) (-8.79588,-216.66,54.7441)
  f[0][1] pts=2 (-8.79588,-216.66,125.695) (-8.79588,-216.66,54.7441)
  m[1][0] pts=4 (-24.3421,-206.228,125.695) (-8.79588,-216.66,125.695) (-8.79588,-216.66,54.7441) (-24.3421,-206.228,54.7441)
  m[1][1] pts=2 (-24.3421,-206.228,125.695) (-24.3421,-206.228,54.7441)
  f[1][0] pts=4 (-24.3421,-206.228,125.695) (-18.5875,-188.412,139.209) (-18.5875,-188.412,41.2297) (-24.3421,-206.228,54.7441)
  f[1][1] pts=2 (-24.3421,-206.228,125.695) (-24.3421,-206.228,54.7441)
joint 35 type=11 v0=21 v1=20 f0_0=4 f1_0=2 name=ss_e_op_1 orient=1 div=1 shift=0.66
  jv[0] pts=5 (-83.1716,-500.79,232.673) (-83.1716,-500.79,214.673) (-83.1716,-482.79,214.673) (-83.1716,-482.79,232.673) (-83.1716,-500.79,232.673)
  jv[1] pts=5 (198.554,-500.79,232.673) (198.554,-500.79,214.673) (198.554,-482.79,214.673) (198.554,-482.79,232.673) (198.554,-500.79,232.673)
  m[0][0] pts=4 (10.737,-500.79,232.673) (10.737,-500.79,214.673) (119.671,-500.79,214.673) (119.671,-500.79,232.673)
  m[0][1] pts=2 (10.737,-500.79,232.673) (119.671,-500.79,232.673)
  f[0][0] pts=4 (25.7623,-482.79,214.673) (10.737,-500.79,214.673) (119.671,-500.79,214.673) (104.645,-482.79,214.673)
  f[0][1] pts=2 (25.7623,-482.79,214.673) (104.645,-482.79,214.673)
  m[1][0] pts=4 (25.7623,-482.79,232.673) (25.7623,-482.79,214.673) (104.645,-482.79,214.673) (104.645,-482.79,232.673)
  m[1][1] pts=2 (25.7623,-482.79,232.673) (104.645,-482.79,232.673)
  f[1][0] pts=4 (25.7623,-482.79,232.673) (10.737,-500.79,232.673) (119.671,-500.79,232.673) (104.645,-482.79,232.673)
  f[1][1] pts=2 (25.7623,-482.79,232.673) (104.645,-482.79,232.673)
joint 36 type=11 v0=22 v1=20 f0_0=3 f1_0=5 name=ss_e_op_1 orient=1 div=1 shift=0.66
  jv[0] pts=5 (-60.9966,-324.128,232.673) (-60.9966,-324.128,214.673) (-43.3029,-327.435,214.673) (-43.3029,-327.435,232.673) (-60.9966,-324.128,232.673)
  jv[1] pts=5 (-92.0175,-490.134,232.673) (-92.0175,-490.134,214.673) (-74.3237,-493.441,214.673) (-74.3237,-493.441,232.673) (-92.0175,-490.134,232.673)
  m[0][0] pts=4 (-71.3369,-379.464,232.673) (-71.3369,-379.464,214.673) (-83.3316,-443.653,214.673) (-83.3316,-443.653,232.673)
  m[0][1] pts=2 (-71.3369,-379.464,232.673) (-83.3316,-443.653,232.673)
  f[0][0] pts=4 (-55.2976,-391.624,214.673) (-71.3369,-379.464,214.673) (-83.3316,-443.653,214.673) (-63.9835,-438.105,214.673)
  f[0][1] pts=2 (-55.2976,-391.624,214.673) (-63.9835,-438.105,214.673)
  m[1][0] pts=4 (-55.2976,-391.624,232.673) (-55.2976,-391.624,214.673) (-63.9835,-438.105,214.673) (-63.9835,-438.105,232.673)
  m[1][1] pts=2 (-55.2976,-391.624,232.673) (-63.9835,-438.105,232.673)
  f[1][0] pts=4 (-55.2976,-391.624,232.673) (-71.3369,-379.464,232.673) (-83.3316,-443.653,232.673) (-63.9835,-438.105,232.673)
  f[1][1] pts=2 (-55.2976,-391.624,232.673) (-63.9835,-438.105,232.673)
joint 37 type=11 v0=23 v1=20 f0_0=4 f1_0=4 name=ss_e_op_1 orient=1 div=1 shift=0.66
  jv[0] pts=5 (213.979,-414.622,232.673) (213.979,-414.622,214.673) (207.735,-431.504,214.673) (207.735,-431.504,232.673) (213.979,-414.622,232.673)
  jv[1] pts=5 (-49.0287,-317.339,232.673) (-49.0287,-317.339,214.673) (-55.2731,-334.221,214.673) (-55.2731,-334.221,232.673) (-49.0287,-317.339,232.673)
  m[0][0] pts=4 (126.31,-382.194,232.673) (126.31,-382.194,214.673) (24.6136,-344.578,214.673) (24.6136,-344.578,232.673)
  m[0][1] pts=2 (126.31,-382.194,232.673) (24.6136,-344.578,232.673)
  f[0][0] pts=4 (106.039,-393.888,214.673) (126.31,-382.194,214.673) (24.6136,-344.578,214.673) (32.3962,-366.649,214.673)
  f[0][1] pts=2 (106.039,-393.888,214.673) (32.3962,-366.649,214.673)
  m[1][0] pts=4 (106.039,-393.888,232.673) (106.039,-393.888,214.673) (32.3962,-366.649,214.673) (32.3962,-366.649,232.673)
  m[1][1] pts=2 (106.039,-393.888,232.673) (32.3962,-366.649,232.673)
  f[1][0] pts=4 (106.039,-393.888,232.673) (126.31,-382.194,232.673) (24.6136,-344.578,232.673) (32.3962,-366.649,232.673)
  f[1][1] pts=2 (106.039,-393.888,232.673) (32.3962,-366.649,232.673)
joint 38 type=11 v0=22 v1=21 f0_0=2 f1_0=5 name=ss_e_op_1 orient=1 div=1 shift=0.66
  jv[0] pts=5 (-94.0087,-500.79,223.672) (-90.6451,-482.79,223.672) (-72.3335,-482.79,223.672) (-75.6971,-500.79,223.672) (-94.0087,-500.79,223.672)
  jv[1] pts=5 (-94.0087,-500.79,-68.6632) (-90.6451,-482.79,-68.6632) (-72.3335,-482.79,-68.6632) (-75.6971,-500.79,-68.6632) (-94.0087,-500.79,-68.6632)
  m[0][0] pts=4 (-94.0087,-500.79,126.227) (-90.6451,-482.79,126.227) (-90.6451,-482.79,13.1907) (-94.0087,-500.79,13.1907)
  m[0][1] pts=2 (-94.0087,-500.79,126.227) (-94.0087,-500.79,13.1907)
  f[0][0] pts=4 (-72.3335,-482.79,110.636) (-90.6451,-482.79,126.227) (-90.6451,-482.79,13.1907) (-72.3335,-482.79,28.782)
  f[0][1] pts=2 (-72.3335,-482.79,110.636) (-72.3335,-482.79,28.782)
  m[1][0] pts=4 (-75.6971,-500.79,110.636) (-72.3335,-482.79,110.636) (-72.3335,-482.79,28.782) (-75.6971,-500.79,28.782)
  m[1][1] pts=2 (-75.6971,-500.79,110.636) (-75.6971,-500.79,28.782)
  f[1][0] pts=4 (-75.6971,-500.79,110.636) (-94.0087,-500.79,126.227) (-94.0087,-500.79,13.1907) (-75.6971,-500.79,28.782)
  f[1][1] pts=2 (-75.6971,-500.79,110.636) (-75.6971,-500.79,28.782)
joint 39 type=11 v0=23 v1=22 f0_0=3 f1_0=4 name=ss_e_op_1 orient=1 div=1 shift=0.66
  jv[0] pts=5 (-59.0363,-313.638,223.674) (-41.9085,-319.973,223.674) (-45.263,-337.924,223.674) (-62.3907,-331.589,223.674) (-59.0363,-313.638,223.674)
  jv[1] pts=5 (-59.0363,-313.638,-42.7209) (-41.9085,-319.973,-42.7209) (-45.263,-337.924,-42.7209) (-62.3907,-331.589,-42.7209) (-59.0363,-313.638,-42.7209)
  m[0][0] pts=4 (-59.0363,-313.638,134.876) (-41.9085,-319.973,134.876) (-41.9085,-319.973,31.8696) (-59.0363,-313.638,31.8696)
  m[0][1] pts=2 (-59.0363,-313.638,134.876) (-59.0363,-313.638,31.8696)
  f[0][0] pts=4 (-45.263,-337.924,120.668) (-41.9085,-319.973,134.876) (-41.9085,-319.973,31.8696) (-45.263,-337.924,46.0773)
  f[0][1] pts=2 (-45.263,-337.924,120.668) (-45.263,-337.924,46.0773)
  m[1][0] pts=4 (-62.3907,-331.589,120.668) (-45.263,-337.924,120.668) (-45.263,-337.924,46.0773) (-62.3907,-331.589,46.0773)
  m[1][1] pts=2 (-62.3907,-331.589,120.668) (-62.3907,-331.589,46.0773)
  f[1][0] pts=4 (-62.3907,-331.589,120.668) (-59.0363,-313.638,134.876) (-59.0363,-313.638,31.8696) (-62.3907,-331.589,46.0773)
  f[1][1] pts=2 (-62.3907,-331.589,120.668) (-62.3907,-331.589,46.0773)
joint 40 type=40 v0=22 v1=52 f0_0=0 f1_0=0 name=tt_e_p_3 orient=0 div=1 shift=45
  jv[0] pts=5 (-41.3428,-316.945,232.675) (-76.3149,-504.096,232.675) (-111.702,-497.484,232.675) (-76.7302,-310.333,232.675) (-41.3428,-316.945,232.675)
  jv[1] pts=5 (-41.3428,-316.945,-64.7862) (-76.3149,-504.096,-64.7862) (-111.702,-497.484,-64.7862) (-76.7302,-310.333,-64.7862) (-41.3428,-316.945,-64.7862)
  m[0][0] pts=2 (-85.7428,-456.556,187.675) (-103.437,-453.249,187.675)
  m[0][1] pts=2 (-85.7428,-456.556,187.675) (-103.437,-453.249,187.675)
  m[0][2] pts=2 (-76.5226,-407.215,187.675) (-94.2164,-403.908,187.675)
  m[0][3] pts=2 (-76.5226,-407.215,187.675) (-94.2164,-403.908,187.675)
  m[0][4] pts=2 (-67.3025,-357.874,187.675) (-84.9962,-354.567,187.675)
  m[0][5] pts=2 (-67.3025,-357.874,187.675) (-84.9962,-354.567,187.675)
  m[0][6] pts=2 (-67.3025,-357.874,95.3748) (-84.9962,-354.567,95.3748)
  m[0][7] pts=2 (-67.3025,-357.874,95.3748) (-84.9962,-354.567,95.3748)
  m[0][8] pts=2 (-67.3025,-357.874,3.07476) (-84.9962,-354.567,3.07476)
  m[0][9] pts=2 (-67.3025,-357.874,3.07476) (-84.9962,-354.567,3.07476)
  m[0][10] pts=2 (-76.5226,-407.215,-4.63024) (-94.2164,-403.908,-4.63024)
  m[0][11] pts=2 (-76.5226,-407.215,-4.63024) (-94.2164,-403.908,-4.63024)
  m[0][12] pts=2 (-85.7428,-456.556,-12.3352) (-103.437,-453.249,-12.3352)
  m[0][13] pts=2 (-85.7428,-456.556,-12.3352) (-103.437,-453.249,-12.3352)
  m[0][14] pts=2 (-85.7428,-456.556,54.3348) (-103.437,-453.249,54.3348)
  m[0][15] pts=2 (-85.7428,-456.556,54.3348) (-103.437,-453.249,54.3348)
  m[0][16] pts=2 (-85.7428,-456.556,121.005) (-103.437,-453.249,121.005)
  m[0][17] pts=2 (-85.7428,-456.556,121.005) (-103.437,-453.249,121.005)
  f[0][0] pts=2 (-85.7428,-456.556,187.675) (-68.049,-459.862,187.675)
  f[0][1] pts=2 (-85.7428,-456.556,187.675) (-68.049,-459.862,187.675)
  f[0][2] pts=2 (-76.5226,-407.215,187.675) (-58.8289,-410.521,187.675)
  f[0][3] pts=2 (-76.5226,-407.215,187.675) (-58.8289,-410.521,187.675)
  f[0][4] pts=2 (-67.3025,-357.874,187.675) (-49.6088,-361.18,187.675)
  f[0][5] pts=2 (-67.3025,-357.874,187.675) (-49.6088,-361.18,187.675)
  f[0][6] pts=2 (-67.3025,-357.874,95.3748) (-49.6088,-361.18,95.3748)
  f[0][7] pts=2 (-67.3025,-357.874,95.3748) (-49.6088,-361.18,95.3748)
  f[0][8] pts=2 (-67.3025,-357.874,3.07476) (-49.6088,-361.18,3.07476)
  f[0][9] pts=2 (-67.3025,-357.874,3.07476) (-49.6088,-361.18,3.07476)
  f[0][10] pts=2 (-76.5226,-407.215,-4.63024) (-58.8289,-410.521,-4.63024)
  f[0][11] pts=2 (-76.5226,-407.215,-4.63024) (-58.8289,-410.521,-4.63024)
  f[0][12] pts=2 (-85.7428,-456.556,-12.3352) (-68.049,-459.862,-12.3352)
  f[0][13] pts=2 (-85.7428,-456.556,-12.3352) (-68.049,-459.862,-12.3352)
  f[0][14] pts=2 (-85.7428,-456.556,54.3348) (-68.049,-459.862,54.3348)
  f[0][15] pts=2 (-85.7428,-456.556,54.3348) (-68.049,-459.862,54.3348)
  f[0][16] pts=2 (-85.7428,-456.556,121.005) (-68.049,-459.862,121.005)
  f[0][17] pts=2 (-85.7428,-456.556,121.005) (-68.049,-459.862,121.005)
  m[1][0] pts=2 (-85.7428,-456.556,187.675) (-103.437,-453.249,187.675)
  m[1][1] pts=2 (-85.7428,-456.556,187.675) (-103.437,-453.249,187.675)
  m[1][2] pts=2 (-76.5226,-407.215,187.675) (-94.2164,-403.908,187.675)
  m[1][3] pts=2 (-76.5226,-407.215,187.675) (-94.2164,-403.908,187.675)
  m[1][4] pts=2 (-67.3025,-357.874,187.675) (-84.9962,-354.567,187.675)
  m[1][5] pts=2 (-67.3025,-357.874,187.675) (-84.9962,-354.567,187.675)
  m[1][6] pts=2 (-67.3025,-357.874,95.3748) (-84.9962,-354.567,95.3748)
  m[1][7] pts=2 (-67.3025,-357.874,95.3748) (-84.9962,-354.567,95.3748)
  m[1][8] pts=2 (-67.3025,-357.874,3.07476) (-84.9962,-354.567,3.07476)
  m[1][9] pts=2 (-67.3025,-357.874,3.07476) (-84.9962,-354.567,3.07476)
  m[1][10] pts=2 (-76.5226,-407.215,-4.63024) (-94.2164,-403.908,-4.63024)
  m[1][11] pts=2 (-76.5226,-407.215,-4.63024) (-94.2164,-403.908,-4.63024)
  m[1][12] pts=2 (-85.7428,-456.556,-12.3352) (-103.437,-453.249,-12.3352)
  m[1][13] pts=2 (-85.7428,-456.556,-12.3352) (-103.437,-453.249,-12.3352)
  m[1][14] pts=2 (-85.7428,-456.556,54.3348) (-103.437,-453.249,54.3348)
  m[1][15] pts=2 (-85.7428,-456.556,54.3348) (-103.437,-453.249,54.3348)
  m[1][16] pts=2 (-85.7428,-456.556,121.005) (-103.437,-453.249,121.005)
  m[1][17] pts=2 (-85.7428,-456.556,121.005) (-103.437,-453.249,121.005)
  f[1][0] pts=2 (-85.7428,-456.556,187.675) (-68.049,-459.862,187.675)
  f[1][1] pts=2 (-85.7428,-456.556,187.675) (-68.049,-459.862,187.675)
  f[1][2] pts=2 (-76.5226,-407.215,187.675) (-58.8289,-410.521,187.675)
  f[1][3] pts=2 (-76.5226,-407.215,187.675) (-58.8289,-410.521,187.675)
  f[1][4] pts=2 (-67.3025,-357.874,187.675) (-49.6088,-361.18,187.675)
  f[1][5] pts=2 (-67.3025,-357.874,187.675) (-49.6088,-361.18,187.675)
  f[1][6] pts=2 (-67.3025,-357.874,95.3748) (-49.6088,-361.18,95.3748)
  f[1][7] pts=2 (-67.3025,-357.874,95.3748) (-49.6088,-361.18,95.3748)
  f[1][8] pts=2 (-67.3025,-357.874,3.07476) (-49.6088,-361.18,3.07476)
  f[1][9] pts=2 (-67.3025,-357.874,3.07476) (-49.6088,-361.18,3.07476)
  f[1][10] pts=2 (-76.5226,-407.215,-4.63024) (-58.8289,-410.521,-4.63024)
  f[1][11] pts=2 (-76.5226,-407.215,-4.63024) (-58.8289,-410.521,-4.63024)
  f[1][12] pts=2 (-85.7428,-456.556,-12.3352) (-68.049,-459.862,-12.3352)
  f[1][13] pts=2 (-85.7428,-456.556,-12.3352) (-68.049,-459.862,-12.3352)
  f[1][14] pts=2 (-85.7428,-456.556,54.3348) (-68.049,-459.862,54.3348)
  f[1][15] pts=2 (-85.7428,-456.556,54.3348) (-68.049,-459.862,54.3348)
  f[1][16] pts=2 (-85.7428,-456.556,121.005) (-68.049,-459.862,121.005)
  f[1][17] pts=2 (-85.7428,-456.556,121.005) (-68.049,-459.862,121.005)
joint 41 type=11 v0=25 v1=24 f0_0=4 f1_0=2 name=ss_e_op_1 orient=1 div=1 shift=0.66
  jv[0] pts=5 (165.446,464.538,232.673) (165.446,464.538,214.673) (182.669,469.769,214.673) (182.669,469.769,232.673) (165.446,464.538,232.673)
  jv[1] pts=5 (279.591,88.7205,232.673) (279.591,88.7205,214.673) (296.814,93.9515,214.673) (296.814,93.9515,232.673) (279.591,88.7205,232.673)
  m[0][0] pts=4 (203.494,339.265,232.673) (203.494,339.265,214.673) (247.63,193.949,214.673) (247.63,193.949,232.673)
  m[0][1] pts=2 (203.494,339.265,232.673) (247.63,193.949,232.673)
  f[0][0] pts=4 (226.805,324.453,214.673) (203.494,339.265,214.673) (247.63,193.949,214.673) (258.766,219.224,214.673)
  f[0][1] pts=2 (226.805,324.453,214.673) (258.766,219.224,214.673)
  m[1][0] pts=4 (226.805,324.453,232.673) (226.805,324.453,214.673) (258.766,219.224,214.673) (258.766,219.224,232.673)
  m[1][1] pts=2 (226.805,324.453,232.673) (258.766,219.224,232.673)
  f[1][0] pts=4 (226.805,324.453,232.673) (203.494,339.265,232.673) (247.63,193.949,232.673) (258.766,219.224,232.673)
  f[1][1] pts=2 (226.805,324.453,232.673) (258.766,219.224,232.673)
joint 42 type=11 v0=27 v1=24 f0_0=4 f1_0=3 name=ss_e_op_1 orient=1 div=1 shift=0.66
  jv[0] pts=5 (289.444,82.4245,232.673) (289.444,82.4245,214.673) (286.958,100.252,214.673) (286.958,100.252,232.673) (289.444,82.4245,232.673)
  jv[1] pts=5 (439.184,103.303,232.673) (439.184,103.303,214.673) (436.698,121.13,214.673) (436.698,121.13,232.673) (439.184,103.303,232.673)
  m[0][0] pts=4 (339.357,89.3839,232.673) (339.357,89.3839,214.673) (397.257,97.4567,214.673) (397.257,97.4567,232.673)
  m[0][1] pts=2 (339.357,89.3839,232.673) (397.257,97.4567,232.673)
  f[0][0] pts=4 (344.858,108.325,214.673) (339.357,89.3839,214.673) (397.257,97.4567,214.673) (386.785,114.171,214.673)
  f[0][1] pts=2 (344.858,108.325,214.673) (386.785,114.171,214.673)
  m[1][0] pts=4 (344.858,108.325,232.673) (344.858,108.325,214.673) (386.785,114.171,214.673) (386.785,114.171,232.673)
  m[1][1] pts=2 (344.858,108.325,232.673) (386.785,114.171,232.673)
  f[1][0] pts=4 (344.858,108.325,232.673) (339.357,89.3839,232.673) (397.257,97.4567,232.673) (386.785,114.171,232.673)
  f[1][1] pts=2 (344.858,108.325,232.673) (386.785,114.171,232.673)
joint 43 type=11 v0=28 v1=24 f0_0=4 f1_0=4 name=ss_e_op_1 orient=1 div=1 shift=0.66
  jv[0] pts=5 (446.941,112.217,232.673) (446.941,112.217,214.673) (428.941,112.217,214.673) (428.941,112.217,232.673) (446.941,112.217,232.673)
  jv[1] pts=5 (446.941,490.942,232.673) (446.941,490.942,214.673) (428.941,490.942,214.673) (428.941,490.942,232.673) (446.941,490.942,232.673)
  m[0][0] pts=4 (446.941,238.459,232.673) (446.941,238.459,214.673) (446.941,384.899,214.673) (446.941,384.899,232.673)
  m[0][1] pts=2 (446.941,238.459,232.673) (446.941,384.899,232.673)
  f[0][0] pts=4 (428.941,258.657,214.673) (446.941,238.459,214.673) (446.941,384.899,214.673) (428.941,364.7,214.673)
  f[0][1] pts=2 (428.941,258.657,214.673) (428.941,364.7,214.673)
  m[1][0] pts=4 (428.941,258.657,232.673) (428.941,258.657,214.673) (428.941,364.7,214.673) (428.941,364.7,232.673)
  m[1][1] pts=2 (428.941,258.657,232.673) (428.941,364.7,232.673)
  f[1][0] pts=4 (428.941,258.657,232.673) (446.941,238.459,232.673) (446.941,384.899,232.673) (428.941,364.7,232.673)
  f[1][1] pts=2 (428.941,258.657,232.673) (428.941,364.7,232.673)
joint 44 type=11 v0=26 v1=24 f0_0=3 f1_0=5 name=ss_e_op_1 orient=1 div=1 shift=0.66
  jv[0] pts=5 (437.131,499.906,232.673) (437.131,499.906,214.673) (438.747,481.978,214.673) (438.747,481.978,232.673) (437.131,499.906,232.673)
  jv[1] pts=5 (173.247,476.118,232.673) (173.247,476.118,214.673) (174.863,458.191,214.673) (174.863,458.191,232.673) (173.247,476.118,232.673)
  m[0][0] pts=4 (349.17,491.976,232.673) (349.17,491.976,214.673) (247.134,482.778,214.673) (247.134,482.778,232.673)
  m[0][1] pts=2 (349.17,491.976,232.673) (247.134,482.778,232.673)
  f[0][0] pts=4 (336.712,472.78,214.673) (349.17,491.976,214.673) (247.134,482.778,214.673) (262.824,466.12,214.673)
  f[0][1] pts=2 (336.712,472.78,214.673) (262.824,466.12,214.673)
  m[1][0] pts=4 (336.712,472.78,232.673) (336.712,472.78,214.673) (262.824,466.12,214.673) (262.824,466.12,232.673)
  m[1][1] pts=2 (336.712,472.78,232.673) (262.824,466.12,232.673)
  f[1][0] pts=4 (336.712,472.78,232.673) (349.17,491.976,232.673) (247.134,482.778,232.673) (262.824,466.12,232.673)
  f[1][1] pts=2 (336.712,472.78,232.673) (262.824,466.12,232.673)
joint 45 type=11 v0=27 v1=25 f0_0=5 f1_0=3 name=ss_e_op_1 orient=1 div=1 shift=0.66
  jv[0] pts=5 (281.825,81.3624,-42.4614) (299.873,83.8787,-42.4614) (294.577,101.314,-42.4614) (276.53,98.7981,-42.4614) (281.825,81.3624,-42.4614)
  jv[1] pts=5 (281.825,81.3624,223.672) (299.873,83.8787,223.672) (294.577,101.314,223.672) (276.53,98.7981,223.672) (281.825,81.3624,223.672)
  m[0][0] pts=4 (281.825,81.3624,46.2496) (299.873,83.8787,46.2496) (299.873,83.8787,149.154) (281.825,81.3624,149.154)
  m[0][1] pts=2 (281.825,81.3624,46.2496) (281.825,81.3624,149.154)
  f[0][0] pts=4 (294.577,101.314,60.4434) (299.873,83.8787,46.2496) (299.873,83.8787,149.154) (294.577,101.314,134.961)
  f[0][1] pts=2 (294.577,101.314,60.4434) (294.577,101.314,134.961)
  m[1][0] pts=4 (276.53,98.7981,60.4434) (294.577,101.314,60.4434) (294.577,101.314,134.961) (276.53,98.7981,134.961)
  m[1][1] pts=2 (276.53,98.7981,60.4434) (276.53,98.7981,134.961)
  f[1][0] pts=4 (276.53,98.7981,60.4434) (281.825,81.3624,46.2496) (281.825,81.3624,149.154) (276.53,98.7981,134.961)
  f[1][1] pts=2 (276.53,98.7981,60.4434) (276.53,98.7981,134.961)
joint 46 type=40 v0=25 v1=33 f0_0=0 f1_0=0 name=tt_e_p_3 orient=0 div=1 shift=45
  jv[0] pts=5 (179.454,480.356,-43.2613) (179.454,480.356,232.676) (145.007,469.894,232.676) (145.007,469.894,-43.2613) (179.454,480.356,-43.2613)
  jv[1] pts=5 (299.048,86.5938,-43.2613) (299.048,86.5938,232.676) (264.602,76.1316,232.676) (264.602,76.1316,-43.2613) (299.048,86.5938,-43.2613)
  m[0][0] pts=2 (268.748,124.421,187.676) (251.525,119.189,187.676)
  m[0][1] pts=2 (268.748,124.421,187.676) (251.525,119.189,187.676)
  m[0][2] pts=2 (245.388,201.331,187.676) (228.165,196.1,187.676)
  m[0][3] pts=2 (245.388,201.331,187.676) (228.165,196.1,187.676)
  m[0][4] pts=2 (222.028,278.242,187.676) (204.805,273.011,187.676)
  m[0][5] pts=2 (222.028,278.242,187.676) (204.805,273.011,187.676)
  m[0][6] pts=2 (198.669,355.153,187.676) (181.446,349.922,187.676)
  m[0][7] pts=2 (198.669,355.153,187.676) (181.446,349.922,187.676)
  m[0][8] pts=2 (175.309,432.064,187.676) (158.086,426.833,187.676)
  m[0][9] pts=2 (175.309,432.064,187.676) (158.086,426.833,187.676)
  m[0][10] pts=2 (175.309,432.064,134.191) (158.086,426.833,134.191)
  m[0][11] pts=2 (175.309,432.064,134.191) (158.086,426.833,134.191)
  m[0][12] pts=2 (175.309,432.064,80.7062) (158.086,426.833,80.7062)
  m[0][13] pts=2 (175.309,432.064,80.7062) (158.086,426.833,80.7062)
  m[0][14] pts=2 (198.669,355.153,63.6087) (181.446,349.922,63.6087)
  m[0][15] pts=2 (198.669,355.153,63.6087) (181.446,349.922,63.6087)
  m[0][16] pts=2 (222.028,278.242,46.5112) (204.805,273.011,46.5112)
  m[0][17] pts=2 (222.028,278.242,46.5112) (204.805,273.011,46.5112)
  m[0][18] pts=2 (245.388,201.331,29.4137) (228.165,196.1,29.4137)
  m[0][19] pts=2 (245.388,201.331,29.4137) (228.165,196.1,29.4137)
  m[0][20] pts=2 (268.748,124.421,12.3162) (251.525,119.189,12.3162)
  m[0][21] pts=2 (268.748,124.421,12.3162) (251.525,119.189,12.3162)
  m[0][22] pts=2 (268.748,124.421,99.9962) (251.525,119.189,99.9962)
  m[0][23] pts=2 (268.748,124.421,99.9962) (251.525,119.189,99.9962)
  f[0][0] pts=2 (268.748,124.421,187.676) (285.971,129.652,187.676)
  f[0][1] pts=2 (268.748,124.421,187.676) (285.971,129.652,187.676)
  f[0][2] pts=2 (245.388,201.331,187.676) (262.611,206.562,187.676)
  f[0][3] pts=2 (245.388,201.331,187.676) (262.611,206.562,187.676)
  f[0][4] pts=2 (222.028,278.242,187.676) (239.252,283.473,187.676)
  f[0][5] pts=2 (222.028,278.242,187.676) (239.252,283.473,187.676)
  f[0][6] pts=2 (198.669,355.153,187.676) (215.892,360.384,187.676)
  f[0][7] pts=2 (198.669,355.153,187.676) (215.892,360.384,187.676)
  f[0][8] pts=2 (175.309,432.064,187.676) (192.532,437.295,187.676)
  f[0][9] pts=2 (175.309,432.064,187.676) (192.532,437.295,187.676)
  f[0][10] pts=2 (175.309,432.064,134.191) (192.532,437.295,134.191)
  f[0][11] pts=2 (175.309,432.064,134.191) (192.532,437.295,134.191)
  f[0][12] pts=2 (175.309,432.064,80.7062) (192.532,437.295,80.7062)
  f[0][13] pts=2 (175.309,432.064,80.7062) (192.532,437.295,80.7062)
  f[0][14] pts=2 (198.669,355.153,63.6087) (215.892,360.384,63.6087)
  f[0][15] pts=2 (198.669,355.153,63.6087) (215.892,360.384,63.6087)
  f[0][16] pts=2 (222.028,278.242,46.5112) (239.252,283.473,46.5112)
  f[0][17] pts=2 (222.028,278.242,46.5112) (239.252,283.473,46.5112)
  f[0][18] pts=2 (245.388,201.331,29.4137) (262.611,206.562,29.4137)
  f[0][19] pts=2 (245.388,201.331,29.4137) (262.611,206.562,29.4137)
  f[0][20] pts=2 (268.748,124.421,12.3162) (285.971,129.652,12.3162)
  f[0][21] pts=2 (268.748,124.421,12.3162) (285.971,129.652,12.3162)
  f[0][22] pts=2 (268.748,124.421,99.9962) (285.971,129.652,99.9962)
  f[0][23] pts=2 (268.748,124.421,99.9962) (285.971,129.652,99.9962)
  m[1][0] pts=2 (268.748,124.421,187.676) (251.525,119.189,187.676)
  m[1][1] pts=2 (268.748,124.421,187.676) (251.525,119.189,187.676)
  m[1][2] pts=2 (245.388,201.331,187.676) (228.165,196.1,187.676)
  m[1][3] pts=2 (245.388,201.331,187.676) (228.165,196.1,187.676)
  m[1][4] pts=2 (222.028,278.242,187.676) (204.805,273.011,187.676)
  m[1][5] pts=2 (222.028,278.242,187.676) (204.805,273.011,187.676)
  m[1][6] pts=2 (198.669,355.153,187.676) (181.446,349.922,187.676)
  m[1][7] pts=2 (198.669,355.153,187.676) (181.446,349.922,187.676)
  m[1][8] pts=2 (175.309,432.064,187.676) (158.086,426.833,187.676)
  m[1][9] pts=2 (175.309,432.064,187.676) (158.086,426.833,187.676)
  m[1][10] pts=2 (175.309,432.064,134.191) (158.086,426.833,134.191)
  m[1][11] pts=2 (175.309,432.064,134.191) (158.086,426.833,134.191)
  m[1][12] pts=2 (175.309,432.064,80.7062) (158.086,426.833,80.7062)
  m[1][13] pts=2 (175.309,432.064,80.7062) (158.086,426.833,80.7062)
  m[1][14] pts=2 (198.669,355.153,63.6087) (181.446,349.922,63.6087)
  m[1][15] pts=2 (198.669,355.153,63.6087) (181.446,349.922,63.6087)
  m[1][16] pts=2 (222.028,278.242,46.5112) (204.805,273.011,46.5112)
  m[1][17] pts=2 (222.028,278.242,46.5112) (204.805,273.011,46.5112)
  m[1][18] pts=2 (245.388,201.331,29.4137) (228.165,196.1,29.4137)
  m[1][19] pts=2 (245.388,201.331,29.4137) (228.165,196.1,29.4137)
  m[1][20] pts=2 (268.748,124.421,12.3162) (251.525,119.189,12.3162)
  m[1][21] pts=2 (268.748,124.421,12.3162) (251.525,119.189,12.3162)
  m[1][22] pts=2 (268.748,124.421,99.9962) (251.525,119.189,99.9962)
  m[1][23] pts=2 (268.748,124.421,99.9962) (251.525,119.189,99.9962)
  f[1][0] pts=2 (268.748,124.421,187.676) (285.971,129.652,187.676)
  f[1][1] pts=2 (268.748,124.421,187.676) (285.971,129.652,187.676)
  f[1][2] pts=2 (245.388,201.331,187.676) (262.611,206.562,187.676)
  f[1][3] pts=2 (245.388,201.331,187.676) (262.611,206.562,187.676)
  f[1][4] pts=2 (222.028,278.242,187.676) (239.252,283.473,187.676)
  f[1][5] pts=2 (222.028,278.242,187.676) (239.252,283.473,187.676)
  f[1][6] pts=2 (198.669,355.153,187.676) (215.892,360.384,187.676)
  f[1][7] pts=2 (198.669,355.153,187.676) (215.892,360.384,187.676)
  f[1][8] pts=2 (175.309,432.064,187.676) (192.532,437.295,187.676)
  f[1][9] pts=2 (175.309,432.064,187.676) (192.532,437.295,187.676)
  f[1][10] pts=2 (175.309,432.064,134.191) (192.532,437.295,134.191)
  f[1][11] pts=2 (175.309,432.064,134.191) (192.532,437.295,134.191)
  f[1][12] pts=2 (175.309,432.064,80.7062) (192.532,437.295,80.7062)
  f[1][13] pts=2 (175.309,432.064,80.7062) (192.532,437.295,80.7062)
  f[1][14] pts=2 (198.669,355.153,63.6087) (215.892,360.384,63.6087)
  f[1][15] pts=2 (198.669,355.153,63.6087) (215.892,360.384,63.6087)
  f[1][16] pts=2 (222.028,278.242,46.5112) (239.252,283.473,46.5112)
  f[1][17] pts=2 (222.028,278.242,46.5112) (239.252,283.473,46.5112)
  f[1][18] pts=2 (245.388,201.331,29.4137) (262.611,206.562,29.4137)
  f[1][19] pts=2 (245.388,201.331,29.4137) (262.611,206.562,29.4137)
  f[1][20] pts=2 (268.748,124.421,12.3162) (285.971,129.652,12.3162)
  f[1][21] pts=2 (268.748,124.421,12.3162) (285.971,129.652,12.3162)
  f[1][22] pts=2 (268.748,124.421,99.9962) (285.971,129.652,99.9962)
  f[1][23] pts=2 (268.748,124.421,99.9962) (285.971,129.652,99.9962)
joint 47 type=11 v0=26 v1=25 f0_0=2 f1_0=5 name=ss_e_op_0 orient=1 div=1 shift=0.66
  jv[0] pts=5 (162.23,475.125,223.673) (180.541,476.775,223.673) (185.884,459.184,223.673) (167.573,457.533,223.673) (162.23,475.125,223.673)
  jv[1] pts=5 (162.23,475.125,41.0677) (180.541,476.775,41.0677) (185.884,459.184,41.0677) (167.573,457.533,41.0677) (162.23,475.125,41.0677)
  m[0][0] pts=12 (167.573,457.533,67.1541) (185.884,459.184,67.1541) (185.884,459.184,93.2406) (167.573,457.533,93.2406) (167.573,457.533,119.327) (185.884,459.184,119.327) (185.884,459.184,145.414) (167.573,457.533,145.414) (167.573,457.533,171.5) (185.884,459.184,171.5) (185.884,459.184,197.587) (167.573,457.533,197.587)
  m[0][1] pts=2 (167.573,457.533,41.0677) (167.573,457.533,223.673)
  f[0][0] pts=12 (185.884,459.184,197.587) (180.541,476.775,197.587) (180.541,476.775,171.5) (185.884,459.184,171.5) (185.884,459.184,145.414) (180.541,476.775,145.414) (180.541,476.775,119.327) (185.884,459.184,119.327) (185.884,459.184,93.2406) (180.541,476.775,93.2406) (180.541,476.775,67.1541) (185.884,459.184,67.1541)
  f[0][1] pts=2 (185.884,459.184,223.673) (185.884,459.184,41.0677)
  m[1][0] pts=12 (162.23,475.125,67.1541) (180.541,476.775,67.1541) (180.541,476.775,93.2406) (162.23,475.125,93.2406) (162.23,475.125,119.327) (180.541,476.775,119.327) (180.541,476.775,145.414) (162.23,475.125,145.414) (162.23,475.125,171.5) (180.541,476.775,171.5) (180.541,476.775,197.587) (162.23,475.125,197.587)
  m[1][1] pts=2 (162.23,475.125,41.0677) (162.23,475.125,223.673)
  f[1][0] pts=12 (167.573,457.533,197.587) (162.23,475.125,197.587) (162.23,475.125,171.5) (167.573,457.533,171.5) (167.573,457.533,145.414) (162.23,475.125,145.414) (162.23,475.125,119.327) (167.573,457.533,119.327) (167.573,457.533,93.2406) (162.23,475.125,93.2406) (162.23,475.125,67.1541) (167.573,457.533,67.1541)
  f[1][1] pts=2 (167.573,457.533,223.673) (167.573,457.533,41.0677)
joint 48 type=11 v0=28 v1=26 f0_0=3 f1_0=4 name=ss_e_op_1 orient=1 div=1 shift=0.66
  jv[0] pts=5 (446.941,500.79,223.672) (446.941,482.717,223.672) (428.941,481.094,223.672) (428.941,499.167,223.672) (446.941,500.79,223.672)
  jv[1] pts=5 (446.941,500.79,5.36842) (446.941,482.717,5.36842) (428.941,481.094,5.36842) (428.941,499.167,5.36842) (446.941,500.79,5.36842)
  m[0][0] pts=4 (446.941,500.79,150.904) (446.941,482.717,150.904) (446.941,482.717,66.4935) (446.941,500.79,66.4935)
  m[0][1] pts=2 (446.941,500.79,150.904) (446.941,500.79,66.4935)
  f[0][0] pts=4 (428.941,481.094,139.262) (446.941,482.717,150.904) (446.941,482.717,66.4935) (428.941,481.094,78.1364)
  f[0][1] pts=2 (428.941,481.094,139.262) (428.941,481.094,78.1364)
  m[1][0] pts=4 (428.941,499.167,139.262) (428.941,481.094,139.262) (428.941,481.094,78.1364) (428.941,499.167,78.1364)
  m[1][1] pts=2 (428.941,499.167,139.262) (428.941,499.167,78.1364)
  f[1][0] pts=4 (428.941,499.167,139.262) (446.941,500.79,150.904) (446.941,500.79,66.4935) (428.941,499.167,78.1364)
  f[1][1] pts=2 (428.941,499.167,139.262) (428.941,499.167,78.1364)
joint 49 type=11 v0=28 v1=27 f0_0=5 f1_0=3 name=ss_e_op_0 orient=1 div=1 shift=0.66
  jv[0] pts=5 (446.941,104.384,-61.4173) (446.941,122.558,-61.4173) (428.941,120.049,-61.4173) (428.941,101.874,-61.4173) (446.941,104.384,-61.4173)
  jv[1] pts=5 (446.941,104.384,223.675) (446.941,122.558,223.675) (428.941,120.049,223.675) (428.941,101.874,223.675) (446.941,104.384,223.675)
  m[0][0] pts=12 (428.941,101.874,182.948) (428.941,120.049,182.948) (428.941,120.049,142.22) (428.941,101.874,142.22) (428.941,101.874,101.493) (428.941,120.049,101.493) (428.941,120.049,60.7653) (428.941,101.874,60.7653) (428.941,101.874,20.0378) (428.941,120.049,20.0378) (428.941,120.049,-20.6898) (428.941,101.874,-20.6898)
  m[0][1] pts=2 (428.941,101.874,223.675) (428.941,101.874,-61.4173)
  f[0][0] pts=12 (428.941,120.049,-20.6898) (446.941,122.558,-20.6898) (446.941,122.558,20.0378) (428.941,120.049,20.0378) (428.941,120.049,60.7653) (446.941,122.558,60.7653) (446.941,122.558,101.493) (428.941,120.049,101.493) (428.941,120.049,142.22) (446.941,122.558,142.22) (446.941,122.558,182.948) (428.941,120.049,182.948)
  f[0][1] pts=2 (428.941,120.049,-61.4173) (428.941,120.049,223.675)
  m[1][0] pts=12 (446.941,104.384,182.948) (446.941,122.558,182.948) (446.941,122.558,142.22) (446.941,104.384,142.22) (446.941,104.384,101.493) (446.941,122.558,101.493) (446.941,122.558,60.7653) (446.941,104.384,60.7653) (446.941,104.384,20.0378) (446.941,122.558,20.0378) (446.941,122.558,-20.6898) (446.941,104.384,-20.6898)
  m[1][1] pts=2 (446.941,104.384,223.675) (446.941,104.384,-61.4173)
  f[1][0] pts=12 (428.941,101.874,-20.6898) (446.941,104.384,-20.6898) (446.941,104.384,20.0378) (428.941,101.874,20.0378) (428.941,101.874,60.7653) (446.941,104.384,60.7653) (446.941,104.384,101.493) (428.941,101.874,101.493) (428.941,101.874,142.22) (446.941,104.384,142.22) (446.941,104.384,182.948) (428.941,101.874,182.948)
  f[1][1] pts=2 (428.941,101.874,-61.4173) (428.941,101.874,223.675)
joint 50 type=11 v0=32 v1=29 f0_0=4 f1_0=3 name=ss_e_op_1 orient=1 div=1 shift=0.66
  jv[0] pts=5 (174.616,22.8124,232.673) (174.616,22.8124,214.673) (165.988,38.61,214.673) (165.988,38.61,232.673) (174.616,22.8124,232.673)
  jv[1] pts=5 (275.4,77.8532,232.673) (275.4,77.8532,214.673) (266.772,93.6508,214.673) (266.772,93.6508,232.673) (275.4,77.8532,232.673)
  m[0][0] pts=4 (208.21,41.1593,232.673) (208.21,41.1593,214.673) (247.18,62.4417,214.673) (247.18,62.4417,232.673)
  m[0][1] pts=2 (208.21,41.1593,232.673) (247.18,62.4417,232.673)
  f[0][0] pts=4 (204.958,59.8925,214.673) (208.21,41.1593,214.673) (247.18,62.4417,214.673) (233.178,75.3039,214.673)
  f[0][1] pts=2 (204.958,59.8925,214.673) (233.178,75.3039,214.673)
  m[1][0] pts=4 (204.958,59.8925,232.673) (204.958,59.8925,214.673) (233.178,75.3039,214.673) (233.178,75.3039,232.673)
  m[1][1] pts=2 (204.958,59.8925,232.673) (233.178,75.3039,232.673)
  f[1][0] pts=4 (204.958,59.8925,232.673) (208.21,41.1593,232.673) (247.18,62.4417,232.673) (233.178,75.3039,232.673)
  f[1][1] pts=2 (204.958,59.8925,232.673) (233.178,75.3039,232.673)
joint 51 type=11 v0=33 v1=29 f0_0=4 f1_0=4 name=ss_e_op_1 orient=1 div=1 shift=0.66
  jv[0] pts=5 (279.698,88.3668,232.673) (279.698,88.3668,214.673) (262.475,83.1358,214.673) (262.475,83.1358,232.673) (279.698,88.3668,232.673)
  jv[1] pts=5 (164.665,467.109,232.673) (164.665,467.109,214.673) (147.442,461.878,214.673) (147.442,461.878,232.673) (164.665,467.109,232.673)
  m[0][0] pts=4 (241.354,214.614,232.673) (241.354,214.614,214.673) (196.874,361.061,214.673) (196.874,361.061,232.673)
  m[0][1] pts=2 (241.354,214.614,232.673) (196.874,361.061,232.673)
  f[0][0] pts=4 (217.995,229.583,214.673) (241.354,214.614,214.673) (196.874,361.061,214.673) (185.786,335.631,214.673)
  f[0][1] pts=2 (217.995,229.583,214.673) (185.786,335.631,214.673)
  m[1][0] pts=4 (217.995,229.583,232.673) (217.995,229.583,214.673) (185.786,335.631,214.673) (185.786,335.631,232.673)
  m[1][1] pts=2 (217.995,229.583,232.673) (185.786,335.631,232.673)
  f[1][0] pts=4 (217.995,229.583,232.673) (241.354,214.614,232.673) (196.874,361.061,232.673) (185.786,335.631,232.673)
  f[1][1] pts=2 (217.995,229.583,232.673) (185.786,335.631,232.673)
joint 52 type=11 v0=30 v1=29 f0_0=4 f1_0=2 name=ss_e_op_1 orient=1 div=1 shift=0.66
  jv[0] pts=5 (-65.0624,411.45,232.673) (-65.0624,411.45,214.673) (-49.5645,420.605,214.673) (-49.5645,420.605,232.673) (-65.0624,411.45,232.673)
  jv[1] pts=5 (162.556,26.1318,232.673) (162.556,26.1318,214.673) (178.053,35.2868,214.673) (178.053,35.2868,232.673) (162.556,26.1318,232.673)
  m[0][0] pts=4 (10.8103,283.01,232.673) (10.8103,283.01,214.673) (98.8225,134.021,214.673) (98.8225,134.021,232.673)
  m[0][1] pts=2 (10.8103,283.01,232.673) (98.8225,134.021,232.673)
  f[0][0] pts=4 (38.4478,271.615,214.673) (10.8103,283.01,214.673) (98.8225,134.021,214.673) (102.181,163.726,214.673)
  f[0][1] pts=2 (38.4478,271.615,214.673) (102.181,163.726,214.673)
  m[1][0] pts=4 (38.4478,271.615,232.673) (38.4478,271.615,214.673) (102.181,163.726,214.673) (102.181,163.726,232.673)
  m[1][1] pts=2 (38.4478,271.615,232.673) (102.181,163.726,232.673)
  f[1][0] pts=4 (38.4478,271.615,232.673) (10.8103,283.01,232.673) (98.8225,134.021,232.673) (102.181,163.726,232.673)
  f[1][1] pts=2 (38.4478,271.615,232.673) (102.181,163.726,232.673)
joint 53 type=11 v0=31 v1=29 f0_0=3 f1_0=5 name=ss_e_op_1 orient=1 div=1 shift=0.66
  jv[0] pts=5 (154.06,473.269,232.673) (154.06,473.269,214.673) (158.047,455.716,214.673) (158.047,455.716,232.673) (154.06,473.269,232.673)
  jv[1] pts=5 (-59.3039,424.803,232.673) (-59.3039,424.803,214.673) (-55.3168,407.25,214.673) (-55.3168,407.25,232.673) (-59.3039,424.803,232.673)
  m[0][0] pts=4 (82.9385,457.114,232.673) (82.9385,457.114,214.673) (0.437902,438.374,214.673) (0.437902,438.374,232.673)
  m[0][1] pts=2 (82.9385,457.114,232.673) (0.437902,438.374,232.673)
  f[0][0] pts=4 (75.5462,436.976,214.673) (82.9385,457.114,214.673) (0.437902,438.374,214.673) (15.8044,423.405,214.673)
  f[0][1] pts=2 (75.5462,436.976,214.673) (15.8044,423.405,214.673)
  m[1][0] pts=4 (75.5462,436.976,232.673) (75.5462,436.976,214.673) (15.8044,423.405,214.673) (15.8044,423.405,232.673)
  m[1][1] pts=2 (75.5462,436.976,232.673) (15.8044,423.405,232.673)
  f[1][0] pts=4 (75.5462,436.976,232.673) (82.9385,457.114,232.673) (0.437902,438.374,232.673) (15.8044,423.405,232.673)
  f[1][1] pts=2 (75.5462,436.976,232.673) (15.8044,423.405,232.673)
joint 54 type=11 v0=32 v1=30 f0_0=5 f1_0=3 name=ss_e_op_1 orient=1 div=1 shift=0.66
  jv[0] pts=5 (166.98,18.6422,-37.2871) (182.786,27.2746,-37.2871) (173.626,42.7813,-37.2871) (157.82,34.1489,-37.2871) (166.98,18.6422,-37.2871)
  jv[1] pts=5 (166.98,18.6422,223.675) (182.786,27.2746,223.675) (173.626,42.7813,223.675) (157.82,34.1489,223.675) (166.98,18.6422,223.675)
  m[0][0] pts=4 (166.98,18.6422,49.7001) (182.786,27.2746,49.7001) (182.786,27.2746,150.605) (166.98,18.6422,150.605)
  m[0][1] pts=2 (166.98,18.6422,49.7001) (166.98,18.6422,150.605)
  f[0][0] pts=4 (173.626,42.7813,63.6181) (182.786,27.2746,49.7001) (182.786,27.2746,150.605) (173.626,42.7813,136.687)
  f[0][1] pts=2 (173.626,42.7813,63.6181) (173.626,42.7813,136.687)
  m[1][0] pts=4 (157.82,34.1489,63.6181) (173.626,42.7813,63.6181) (173.626,42.7813,136.687) (157.82,34.1489,136.687)
  m[1][1] pts=2 (157.82,34.1489,63.6181) (157.82,34.1489,136.687)
  f[1][0] pts=4 (157.82,34.1489,63.6181) (166.98,18.6422,49.7001) (166.98,18.6422,150.605) (157.82,34.1489,136.687)
  f[1][1] pts=2 (157.82,34.1489,63.6181) (157.82,34.1489,136.687)
joint 55 type=11 v0=31 v1=30 f0_0=2 f1_0=5 name=ss_e_op_0 orient=1 div=1 shift=0.66
  jv[0] pts=5 (-71.3361,422.07,223.673) (-52.9034,426.257,223.673) (-43.2895,409.982,223.673) (-61.7221,405.795,223.673) (-71.3361,422.07,223.673)
  jv[1] pts=5 (-71.3361,422.07,63.3683) (-52.9034,426.257,63.3683) (-43.2895,409.982,63.3683) (-61.7221,405.795,63.3683) (-71.3361,422.07,63.3683)
  m[0][0] pts=12 (-61.7221,405.795,86.2689) (-43.2895,409.982,86.2689) (-43.2895,409.982,109.17) (-61.7221,405.795,109.17) (-61.7221,405.795,132.07) (-43.2895,409.982,132.07) (-43.2895,409.982,154.971) (-61.7221,405.795,154.971) (-61.7221,405.795,177.871) (-43.2895,409.982,177.871) (-43.2895,409.982,200.772) (-61.7221,405.795,200.772)
  m[0][1] pts=2 (-61.7221,405.795,63.3683) (-61.7221,405.795,223.673)
  f[0][0] pts=12 (-43.2895,409.982,200.772) (-52.9034,426.257,200.772) (-52.9034,426.257,177.871) (-43.2895,409.982,177.871) (-43.2895,409.982,154.971) (-52.9034,426.257,154.971) (-52.9034,426.257,132.07) (-43.2895,409.982,132.07) (-43.2895,409.982,109.17) (-52.9034,426.257,109.17) (-52.9034,426.257,86.2689) (-43.2895,409.982,86.2689)
  f[0][1] pts=2 (-43.2895,409.982,223.673) (-43.2895,409.982,63.3683)
  m[1][0] pts=12 (-71.3361,422.07,86.2689) (-52.9034,426.257,86.2689) (-52.9034,426.257,109.17) (-71.3361,422.07,109.17) (-71.3361,422.07,132.07) (-52.9034,426.257,132.07) (-52.9034,426.257,154.971) (-71.3361,422.07,154.971) (-71.3361,422.07,177.871) (-52.9034,426.257,177.871) (-52.9034,426.257,200.772) (-71.3361,422.07,200.772)
  m[1][1] pts=2 (-71.3361,422.07,63.3683) (-71.3361,422.07,223.673)
  f[1][0] pts=12 (-61.7221,405.795,200.772) (-71.3361,422.07,200.772) (-71.3361,422.07,177.871) (-61.7221,405.795,177.871) (-61.7221,405.795,154.971) (-71.3361,422.07,154.971) (-71.3361,422.07,132.07) (-61.7221,405.795,132.07) (-61.7221,405.795,109.17) (-71.3361,422.07,109.17) (-71.3361,422.07,86.2689) (-61.7221,405.795,86.2689)
  f[1][1] pts=2 (-61.7221,405.795,223.673) (-61.7221,405.795,63.3683)
joint 56 type=40 v0=30 v1=38 f0_0=0 f1_0=0 name=tt_e_p_3 orient=0 div=1 shift=45
  jv[0] pts=5 (-55.8382,431.225,232.671) (182.479,27.7951,232.671) (151.483,9.48499,232.671) (-86.834,412.915,232.671) (-55.8382,431.225,232.671)
  jv[1] pts=5 (-55.8382,431.225,-32.243) (182.479,27.7951,-32.243) (151.483,9.48499,-32.243) (-86.834,412.915,-32.243) (-55.8382,431.225,-32.243)
  m[0][0] pts=2 (144.094,57.3848,187.671) (128.596,48.2298,187.671)
  m[0][1] pts=2 (144.094,57.3848,187.671) (128.596,48.2298,187.671)
  m[0][2] pts=2 (95.9583,138.869,187.671) (80.4604,129.714,187.671)
  m[0][3] pts=2 (95.9583,138.869,187.671) (80.4604,129.714,187.671)
  m[0][4] pts=2 (47.8232,220.354,187.671) (32.3252,211.199,187.671)
  m[0][5] pts=2 (47.8232,220.354,187.671) (32.3252,211.199,187.671)
  m[0][6] pts=2 (-0.312014,301.839,187.671) (-15.8099,292.683,187.671)
  m[0][7] pts=2 (-0.312014,301.839,187.671) (-15.8099,292.683,187.671)
  m[0][8] pts=2 (-48.4472,383.323,187.671) (-63.9451,374.168,187.671)
  m[0][9] pts=2 (-48.4472,383.323,187.671) (-63.9451,374.168,187.671)
  m[0][10] pts=2 (-48.4472,383.323,102.901) (-63.9451,374.168,102.901)
  m[0][11] pts=2 (-48.4472,383.323,102.901) (-63.9451,374.168,102.901)
  m[0][12] pts=2 (-0.312014,301.839,82.9835) (-15.8099,292.683,82.9835)
  m[0][13] pts=2 (-0.312014,301.839,82.9835) (-15.8099,292.683,82.9835)
  m[0][14] pts=2 (47.8232,220.354,63.066) (32.3252,211.199,63.066)
  m[0][15] pts=2 (47.8232,220.354,63.066) (32.3252,211.199,63.066)
  m[0][16] pts=2 (95.9583,138.869,43.1485) (80.4604,129.714,43.1485)
  m[0][17] pts=2 (95.9583,138.869,43.1485) (80.4604,129.714,43.1485)
  m[0][18] pts=2 (144.094,57.3848,23.231) (128.596,48.2298,23.231)
  m[0][19] pts=2 (144.094,57.3848,23.231) (128.596,48.2298,23.231)
  m[0][20] pts=2 (144.094,57.3848,105.451) (128.596,48.2298,105.451)
  m[0][21] pts=2 (144.094,57.3848,105.451) (128.596,48.2298,105.451)
  f[0][0] pts=2 (144.094,57.3848,187.671) (159.591,66.5399,187.671)
  f[0][1] pts=2 (144.094,57.3848,187.671) (159.591,66.5399,187.671)
  f[0][2] pts=2 (95.9583,138.869,187.671) (111.456,148.024,187.671)
  f[0][3] pts=2 (95.9583,138.869,187.671) (111.456,148.024,187.671)
  f[0][4] pts=2 (47.8232,220.354,187.671) (63.3211,229.509,187.671)
  f[0][5] pts=2 (47.8232,220.354,187.671) (63.3211,229.509,187.671)
  f[0][6] pts=2 (-0.312014,301.839,187.671) (15.1859,310.994,187.671)
  f[0][7] pts=2 (-0.312014,301.839,187.671) (15.1859,310.994,187.671)
  f[0][8] pts=2 (-48.4472,383.323,187.671) (-32.9493,392.478,187.671)
  f[0][9] pts=2 (-48.4472,383.323,187.671) (-32.9493,392.478,187.671)
  f[0][10] pts=2 (-48.4472,383.323,102.901) (-32.9493,392.478,102.901)
  f[0][11] pts=2 (-48.4472,383.323,102.901) (-32.9493,392.478,102.901)
  f[0][12] pts=2 (-0.312014,301.839,82.9835) (15.1859,310.994,82.9835)
  f[0][13] pts=2 (-0.312014,301.839,82.9835) (15.1859,310.994,82.9835)
  f[0][14] pts=2 (47.8232,220.354,63.066) (63.3211,229.509,63.066)
  f[0][15] pts=2 (47.8232,220.354,63.066) (63.3211,229.509,63.066)
  f[0][16] pts=2 (95.9583,138.869,43.1485) (111.456,148.024,43.1485)
  f[0][17] pts=2 (95.9583,138.869,43.1485) (111.456,148.024,43.1485)
  f[0][18] pts=2 (144.094,57.3848,23.231) (159.591,66.5399,23.231)
  f[0][19] pts=2 (144.094,57.3848,23.231) (159.591,66.5399,23.231)
  f[0][20] pts=2 (144.094,57.3848,105.451) (159.591,66.5399,105.451)
  f[0][21] pts=2 (144.094,57.3848,105.451) (159.591,66.5399,105.451)
  m[1][0] pts=2 (144.094,57.3848,187.671) (128.596,48.2298,187.671)
  m[1][1] pts=2 (144.094,57.3848,187.671) (128.596,48.2298,187.671)
  m[1][2] pts=2 (95.9583,138.869,187.671) (80.4604,129.714,187.671)
  m[1][3] pts=2 (95.9583,138.869,187.671) (80.4604,129.714,187.671)
  m[1][4] pts=2 (47.8232,220.354,187.671) (32.3252,211.199,187.671)
  m[1][5] pts=2 (47.8232,220.354,187.671) (32.3252,211.199,187.671)
  m[1][6] pts=2 (-0.312014,301.839,187.671) (-15.8099,292.683,187.671)
  m[1][7] pts=2 (-0.312014,301.839,187.671) (-15.8099,292.683,187.671)
  m[1][8] pts=2 (-48.4472,383.323,187.671) (-63.9451,374.168,187.671)
  m[1][9] pts=2 (-48.4472,383.323,187.671) (-63.9451,374.168,187.671)
  m[1][10] pts=2 (-48.4472,383.323,102.901) (-63.9451,374.168,102.901)
  m[1][11] pts=2 (-48.4472,383.323,102.901) (-63.9451,374.168,102.901)
  m[1][12] pts=2 (-0.312014,301.839,82.9835) (-15.8099,292.683,82.9835)
  m[1][13] pts=2 (-0.312014,301.839,82.9835) (-15.8099,292.683,82.9835)
  m[1][14] pts=2 (47.8232,220.354,63.066) (32.3252,211.199,63.066)
  m[1][15] pts=2 (47.8232,220.354,63.066) (32.3252,211.199,63.066)
  m[1][16] pts=2 (95.9583,138.869,43.1485) (80.4604,129.714,43.1485)
  m[1][17] pts=2 (95.9583,138.869,43.1485) (80.4604,129.714,43.1485)
  m[1][18] pts=2 (144.094,57.3848,23.231) (128.596,48.2298,23.231)
  m[1][19] pts=2 (144.094,57.3848,23.231) (128.596,48.2298,23.231)
  m[1][20] pts=2 (144.094,57.3848,105.451) (128.596,48.2298,105.451)
  m[1][21] pts=2 (144.094,57.3848,105.451) (128.596,48.2298,105.451)
  f[1][0] pts=2 (144.094,57.3848,187.671) (159.591,66.5399,187.671)
  f[1][1] pts=2 (144.094,57.3848,187.671) (159.591,66.5399,187.671)
  f[1][2] pts=2 (95.9583,138.869,187.671) (111.456,148.024,187.671)
  f[1][3] pts=2 (95.9583,138.869,187.671) (111.456,148.024,187.671)
  f[1][4] pts=2 (47.8232,220.354,187.671) (63.3211,229.509,187.671)
  f[1][5] pts=2 (47.8232,220.354,187.671) (63.3211,229.509,187.671)
  f[1][6] pts=2 (-0.312014,301.839,187.671) (15.1859,310.994,187.671)
  f[1][7] pts=2 (-0.312014,301.839,187.671) (15.1859,310.994,187.671)
  f[1][8] pts=2 (-48.4472,383.323,187.671) (-32.9493,392.478,187.671)
  f[1][9] pts=2 (-48.4472,383.323,187.671) (-32.9493,392.478,187.671)
  f[1][10] pts=2 (-48.4472,383.323,102.901) (-32.9493,392.478,102.901)
  f[1][11] pts=2 (-48.4472,383.323,102.901) (-32.9493,392.478,102.901)
  f[1][12] pts=2 (-0.312014,301.839,82.9835) (15.1859,310.994,82.9835)
  f[1][13] pts=2 (-0.312014,301.839,82.9835) (15.1859,310.994,82.9835)
  f[1][14] pts=2 (47.8232,220.354,63.066) (63.3211,229.509,63.066)
  f[1][15] pts=2 (47.8232,220.354,63.066) (63.3211,229.509,63.066)
  f[1][16] pts=2 (95.9583,138.869,43.1485) (111.456,148.024,43.1485)
  f[1][17] pts=2 (95.9583,138.869,43.1485) (111.456,148.024,43.1485)
  f[1][18] pts=2 (144.094,57.3848,23.231) (159.591,66.5399,23.231)
  f[1][19] pts=2 (144.094,57.3848,23.231) (159.591,66.5399,23.231)
  f[1][20] pts=2 (144.094,57.3848,105.451) (159.591,66.5399,105.451)
  f[1][21] pts=2 (144.094,57.3848,105.451) (159.591,66.5399,105.451)
joint 57 type=11 v0=33 v1=31 f0_0=3 f1_0=4 name=ss_e_op_1 orient=1 div=1 shift=0.66
  jv[0] pts=5 (162.23,475.125,223.674) (167.475,457.858,223.674) (149.877,453.86,223.674) (144.633,471.127,223.674) (162.23,475.125,223.674)
  jv[1] pts=5 (162.23,475.125,43.1732) (167.475,457.858,43.1732) (149.877,453.86,43.1732) (144.633,471.127,43.1732) (162.23,475.125,43.1732)
  m[0][0] pts=4 (162.23,475.125,163.507) (167.475,457.858,163.507) (167.475,457.858,93.7133) (162.23,475.125,93.7133)
  m[0][1] pts=2 (162.23,475.125,163.507) (162.23,475.125,93.7133)
  f[0][0] pts=4 (149.877,453.86,153.88) (167.475,457.858,163.507) (167.475,457.858,93.7133) (149.877,453.86,103.34)
  f[0][1] pts=2 (149.877,453.86,153.88) (149.877,453.86,103.34)
  m[1][0] pts=4 (144.633,471.127,153.88) (149.877,453.86,153.88) (149.877,453.86,103.34) (144.633,471.127,103.34)
  m[1][1] pts=2 (144.633,471.127,153.88) (144.633,471.127,103.34)
  f[1][0] pts=4 (144.633,471.127,153.88) (162.23,475.125,163.507) (162.23,475.125,93.7133) (144.633,471.127,103.34)
  f[1][1] pts=2 (144.633,471.127,153.88) (144.633,471.127,103.34)
joint 58 type=11 v0=33 v1=32 f0_0=5 f1_0=3 name=ss_e_op_0 orient=1 div=1 shift=0.66
  jv[0] pts=5 (281.825,81.3624,-41.0043) (276.482,98.9538,-41.0043) (260.347,90.1418,-41.0043) (265.69,72.5503,-41.0043) (281.825,81.3624,-41.0043)
  jv[1] pts=5 (281.825,81.3624,223.671) (276.482,98.9538,223.671) (260.347,90.1418,223.671) (265.69,72.5503,223.671) (281.825,81.3624,223.671)
  m[0][0] pts=12 (265.69,72.5503,185.86) (260.347,90.1418,185.86) (260.347,90.1418,148.05) (265.69,72.5503,148.05) (265.69,72.5503,110.239) (260.347,90.1418,110.239) (260.347,90.1418,72.4281) (265.69,72.5503,72.4281) (265.69,72.5503,34.6173) (260.347,90.1418,34.6173) (260.347,90.1418,-3.19352) (265.69,72.5503,-3.19352)
  m[0][1] pts=2 (265.69,72.5503,223.671) (265.69,72.5503,-41.0043)
  f[0][0] pts=12 (260.347,90.1418,-3.19352) (276.482,98.9538,-3.19352) (276.482,98.9538,34.6173) (260.347,90.1418,34.6173) (260.347,90.1418,72.4281) (276.482,98.9538,72.4281) (276.482,98.9538,110.239) (260.347,90.1418,110.239) (260.347,90.1418,148.05) (276.482,98.9538,148.05) (276.482,98.9538,185.86) (260.347,90.1418,185.86)
  f[0][1] pts=2 (260.347,90.1418,-41.0043) (260.347,90.1418,223.671)
  m[1][0] pts=12 (281.825,81.3624,185.86) (276.482,98.9538,185.86) (276.482,98.9538,148.05) (281.825,81.3624,148.05) (281.825,81.3624,110.239) (276.482,98.9538,110.239) (276.482,98.9538,72.4281) (281.825,81.3624,72.4281) (281.825,81.3624,34.6173) (276.482,98.9538,34.6173) (276.482,98.9538,-3.19352) (281.825,81.3624,-3.19352)
  m[1][1] pts=2 (281.825,81.3624,223.671) (281.825,81.3624,-41.0043)
  f[1][0] pts=12 (265.69,72.5503,-3.19352) (281.825,81.3624,-3.19352) (281.825,81.3624,34.6173) (265.69,72.5503,34.6173) (265.69,72.5503,72.4281) (281.825,81.3624,72.4281) (281.825,81.3624,110.239) (265.69,72.5503,110.239) (265.69,72.5503,148.05) (281.825,81.3624,148.05) (281.825,81.3624,185.86) (265.69,72.5503,185.86)
  f[1][1] pts=2 (265.69,72.5503,-41.0043) (265.69,72.5503,223.671)
joint 59 type=11 v0=37 v1=34 f0_0=4 f1_0=3 name=ss_e_op_1 orient=1 div=1 shift=0.66
  jv[0] pts=5 (71.5952,-68.3798,232.673) (71.5952,-68.3798,214.673) (59.4636,-55.0823,214.673) (59.4636,-55.0823,232.673) (71.5952,-68.3798,232.673)
  jv[1] pts=5 (161.575,13.7109,232.673) (161.575,13.7109,214.673) (149.443,27.0083,214.673) (149.443,27.0083,232.673) (161.575,13.7109,232.673)
  m[0][0] pts=4 (101.588,-41.0162,232.673) (101.588,-41.0162,214.673) (136.38,-9.27452,214.673) (136.38,-9.27452,232.673)
  m[0][1] pts=2 (101.588,-41.0162,232.673) (136.38,-9.27452,232.673)
  f[0][0] pts=4 (94.2556,-23.3406,214.673) (101.588,-41.0162,214.673) (136.38,-9.27452,214.673) (119.45,-0.3552,214.673)
  f[0][1] pts=2 (94.2556,-23.3406,214.673) (119.45,-0.3552,214.673)
  m[1][0] pts=4 (94.2556,-23.3406,232.673) (94.2556,-23.3406,214.673) (119.45,-0.3552,214.673) (119.45,-0.3552,232.673)
  m[1][1] pts=2 (94.2556,-23.3406,232.673) (119.45,-0.3552,232.673)
  f[1][0] pts=4 (94.2556,-23.3406,232.673) (101.588,-41.0162,232.673) (136.38,-9.27452,232.673) (119.45,-0.3552,232.673)
  f[1][1] pts=2 (94.2556,-23.3406,232.673) (119.45,-0.3552,232.673)
joint 60 type=11 v0=36 v1=34 f0_0=3 f1_0=5 name=ss_e_op_1 orient=1 div=1 shift=0.66
  jv[0] pts=5 (-79.5191,414.556,232.673) (-79.5191,414.556,214.673) (-67.3448,401.298,214.673) (-67.3448,401.298,232.673) (-79.5191,414.556,232.673)
  jv[1] pts=5 (-234.19,272.533,232.673) (-234.19,272.533,214.673) (-222.015,259.275,214.673) (-222.015,259.275,232.673) (-234.19,272.533,232.673)
  m[0][0] pts=4 (-131.076,367.215,232.673) (-131.076,367.215,214.673) (-190.882,312.3,214.673) (-190.882,312.3,232.673)
  m[0][1] pts=2 (-131.076,367.215,232.673) (-190.882,312.3,232.673)
  f[0][0] pts=4 (-127.151,346.382,214.673) (-131.076,367.215,214.673) (-190.882,312.3,214.673) (-170.459,306.616,214.673)
  f[0][1] pts=2 (-127.151,346.382,214.673) (-170.459,306.616,214.673)
  m[1][0] pts=4 (-127.151,346.382,232.673) (-127.151,346.382,214.673) (-170.459,306.616,214.673) (-170.459,306.616,232.673)
  m[1][1] pts=2 (-127.151,346.382,232.673) (-170.459,306.616,232.673)
  f[1][0] pts=4 (-127.151,346.382,232.673) (-131.076,367.215,232.673) (-190.882,312.3,232.673) (-170.459,306.616,232.673)
  f[1][1] pts=2 (-127.151,346.382,232.673) (-170.459,306.616,232.673)
joint 61 type=11 v0=38 v1=34 f0_0=4 f1_0=4 name=ss_e_op_1 orient=1 div=1 shift=0.66
  jv[0] pts=5 (163.259,24.9402,232.673) (163.259,24.9402,214.673) (147.762,15.7852,214.673) (147.762,15.7852,232.673) (163.259,24.9402,232.673)
  jv[1] pts=5 (-65.6861,412.506,232.673) (-65.6861,412.506,214.673) (-81.184,403.351,214.673) (-81.184,403.351,232.673) (-65.6861,412.506,232.673)
  m[0][0] pts=4 (86.9442,154.129,232.673) (86.9442,154.129,214.673) (-1.58135,303.987,214.673) (-1.58135,303.987,232.673)
  m[0][1] pts=2 (86.9442,154.129,232.673) (-1.58135,303.987,232.673)
  f[0][0] pts=4 (59.2359,165.644,214.673) (86.9442,154.129,214.673) (-1.58135,303.987,214.673) (-4.86883,274.162,214.673)
  f[0][1] pts=2 (59.2359,165.644,214.673) (-4.86883,274.162,214.673)
  m[1][0] pts=4 (59.2359,165.644,232.673) (59.2359,165.644,214.673) (-4.86883,274.162,214.673) (-4.86883,274.162,232.673)
  m[1][1] pts=2 (59.2359,165.644,232.673) (-4.86883,274.162,232.673)
  f[1][0] pts=4 (59.2359,165.644,232.673) (86.9442,154.129,232.673) (-1.58135,303.987,232.673) (-4.86883,274.162,232.673)
  f[1][1] pts=2 (59.2359,165.644,232.673) (-4.86883,274.162,232.673)
joint 62 type=11 v0=35 v1=34 f0_0=4 f1_0=2 name=ss_e_op_1 orient=1 div=1 shift=0.66
  jv[0] pts=5 (-234.805,259.895,232.673) (-234.805,259.895,214.673) (-221.401,271.908,214.673) (-221.401,271.908,232.673) (-234.805,259.895,232.673)
  jv[1] pts=5 (58.8263,-67.7369,232.673) (58.8263,-67.7369,214.673) (72.2307,-55.7236,214.673) (72.2307,-55.7236,232.673) (58.8263,-67.7369,232.673)
  m[0][0] pts=4 (-136.928,150.684,232.673) (-136.928,150.684,214.673) (-23.3905,23.9999,214.673) (-23.3905,23.9999,232.673)
  m[0][1] pts=2 (-136.928,150.684,232.673) (-23.3905,23.9999,232.673)
  f[0][0] pts=4 (-107.863,145.224,214.673) (-136.928,150.684,214.673) (-23.3905,23.9999,214.673) (-25.6464,53.487,214.673)
  f[0][1] pts=2 (-107.863,145.224,214.673) (-25.6464,53.487,214.673)
  m[1][0] pts=4 (-107.863,145.224,232.673) (-107.863,145.224,214.673) (-25.6464,53.487,214.673) (-25.6464,53.487,232.673)
  m[1][1] pts=2 (-107.863,145.224,232.673) (-25.6464,53.487,232.673)
  f[1][0] pts=4 (-107.863,145.224,232.673) (-136.928,150.684,232.673) (-23.3905,23.9999,232.673) (-25.6464,53.487,232.673)
  f[1][1] pts=2 (-107.863,145.224,232.673) (-25.6464,53.487,232.673)
joint 63 type=11 v0=37 v1=35 f0_0=5 f1_0=3 name=ss_e_op_1 orient=1 div=1 shift=0.66
  jv[0] pts=5 (64.8872,-74.4997,-27.8352) (78.1852,-62.3676,-27.8352) (66.1714,-48.9626,-27.8352) (52.8734,-61.0947,-27.8352) (64.8872,-74.4997,-27.8352)
  jv[1] pts=5 (64.8872,-74.4997,223.677) (78.1852,-62.3676,223.677) (66.1714,-48.9626,223.677) (52.8734,-61.0947,223.677) (64.8872,-74.4997,223.677)
  m[0][0] pts=4 (64.8872,-74.4997,56.0022) (78.1852,-62.3676,56.0022) (78.1852,-62.3676,153.254) (64.8872,-74.4997,153.254)
  m[0][1] pts=2 (64.8872,-74.4997,56.0022) (64.8872,-74.4997,153.254)
  f[0][0] pts=4 (66.1714,-48.9626,69.4162) (78.1852,-62.3676,56.0022) (78.1852,-62.3676,153.254) (66.1714,-48.9626,139.84)
  f[0][1] pts=2 (66.1714,-48.9626,69.4162) (66.1714,-48.9626,139.84)
  m[1][0] pts=4 (52.8734,-61.0947,69.4162) (66.1714,-48.9626,69.4162) (66.1714,-48.9626,139.84) (52.8734,-61.0947,139.84)
  m[1][1] pts=2 (52.8734,-61.0947,69.4162) (52.8734,-61.0947,139.84)
  f[1][0] pts=4 (52.8734,-61.0947,69.4162) (64.8872,-74.4997,56.0022) (64.8872,-74.4997,153.254) (52.8734,-61.0947,139.84)
  f[1][1] pts=2 (52.8734,-61.0947,69.4162) (52.8734,-61.0947,139.84)
joint 64 type=11 v0=36 v1=35 f0_0=2 f1_0=5 name=ss_e_op_0 orient=1 div=1 shift=0.66
  jv[0] pts=5 (-240.741,266.518,223.674) (-227.481,278.693,223.674) (-215.467,265.288,223.674) (-228.727,253.112,223.674) (-240.741,266.518,223.674)
  jv[1] pts=5 (-240.741,266.518,68.4154) (-227.481,278.693,68.4154) (-215.467,265.288,68.4154) (-228.727,253.112,68.4154) (-240.741,266.518,68.4154)
  m[0][0] pts=12 (-228.727,253.112,90.5952) (-215.467,265.288,90.5952) (-215.467,265.288,112.775) (-228.727,253.112,112.775) (-228.727,253.112,134.955) (-215.467,265.288,134.955) (-215.467,265.288,157.134) (-228.727,253.112,157.134) (-228.727,253.112,179.314) (-215.467,265.288,179.314) (-215.467,265.288,201.494) (-228.727,253.112,201.494)
  m[0][1] pts=2 (-228.727,253.112,68.4154) (-228.727,253.112,223.674)
  f[0][0] pts=12 (-215.467,265.288,201.494) (-227.481,278.693,201.494) (-227.481,278.693,179.314) (-215.467,265.288,179.314) (-215.467,265.288,157.134) (-227.481,278.693,157.134) (-227.481,278.693,134.955) (-215.467,265.288,134.955) (-215.467,265.288,112.775) (-227.481,278.693,112.775) (-227.481,278.693,90.5952) (-215.467,265.288,90.5952)
  f[0][1] pts=2 (-215.467,265.288,223.674) (-215.467,265.288,68.4154)
  m[1][0] pts=12 (-240.741,266.518,90.5952) (-227.481,278.693,90.5952) (-227.481,278.693,112.775) (-240.741,266.518,112.775) (-240.741,266.518,134.955) (-227.481,278.693,134.955) (-227.481,278.693,157.134) (-240.741,266.518,157.134) (-240.741,266.518,179.314) (-227.481,278.693,179.314) (-227.481,278.693,201.494) (-240.741,266.518,201.494)
  m[1][1] pts=2 (-240.741,266.518,68.4154) (-240.741,266.518,223.674)
  f[1][0] pts=12 (-228.727,253.112,201.494) (-240.741,266.518,201.494) (-240.741,266.518,179.314) (-228.727,253.112,179.314) (-228.727,253.112,157.134) (-240.741,266.518,157.134) (-240.741,266.518,134.955) (-228.727,253.112,134.955) (-228.727,253.112,112.775) (-240.741,266.518,112.775) (-240.741,266.518,90.5952) (-228.727,253.112,90.5952)
  f[1][1] pts=2 (-228.727,253.112,223.674) (-228.727,253.112,68.4154)
joint 65 type=40 v0=35 v1=43 f0_0=0 f1_0=0 name=tt_e_p_3 orient=0 div=1 shift=45
  jv[0] pts=5 (-227.336,278.531,232.67) (78.2903,-62.4849,232.67) (51.4815,-86.5116,232.67) (-254.145,254.504,232.67) (-227.336,278.531,232.67)
  jv[1] pts=5 (-227.336,278.531,-29.6345) (78.2903,-62.4849,-29.6345) (51.4815,-86.5116,-29.6345) (-254.145,254.504,-29.6345) (-227.336,278.531,-29.6345)
  m[0][0] pts=2 (34.8525,-40.9872,187.67) (21.448,-53.0005,187.67)
  m[0][1] pts=2 (34.8525,-40.9872,187.67) (21.448,-53.0005,187.67)
  m[0][2] pts=2 (-26.5375,27.5114,187.67) (-39.942,15.498,187.67)
  m[0][3] pts=2 (-26.5375,27.5114,187.67) (-39.942,15.498,187.67)
  m[0][4] pts=2 (-87.9275,96.0099,187.67) (-101.332,83.9965,187.67)
  m[0][5] pts=2 (-87.9275,96.0099,187.67) (-101.332,83.9965,187.67)
  m[0][6] pts=2 (-149.318,164.508,187.67) (-162.722,152.495,187.67)
  m[0][7] pts=2 (-149.318,164.508,187.67) (-162.722,152.495,187.67)
  m[0][8] pts=2 (-210.708,233.007,187.67) (-224.112,220.994,187.67)
  m[0][9] pts=2 (-210.708,233.007,187.67) (-224.112,220.994,187.67)
  m[0][10] pts=2 (-210.708,233.007,106.76) (-224.112,220.994,106.76)
  m[0][11] pts=2 (-210.708,233.007,106.76) (-224.112,220.994,106.76)
  m[0][12] pts=2 (-149.318,164.508,86.6402) (-162.722,152.495,86.6402)
  m[0][13] pts=2 (-149.318,164.508,86.6402) (-162.722,152.495,86.6402)
  m[0][14] pts=2 (-87.9275,96.0099,66.5202) (-101.332,83.9965,66.5202)
  m[0][15] pts=2 (-87.9275,96.0099,66.5202) (-101.332,83.9965,66.5202)
  m[0][16] pts=2 (-26.5375,27.5114,46.4002) (-39.942,15.498,46.4002)
  m[0][17] pts=2 (-26.5375,27.5114,46.4002) (-39.942,15.498,46.4002)
  m[0][18] pts=2 (34.8525,-40.9872,26.2802) (21.448,-53.0005,26.2802)
  m[0][19] pts=2 (34.8525,-40.9872,26.2802) (21.448,-53.0005,26.2802)
  m[0][20] pts=2 (34.8525,-40.9872,106.975) (21.448,-53.0005,106.975)
  m[0][21] pts=2 (34.8525,-40.9872,106.975) (21.448,-53.0005,106.975)
  f[0][0] pts=2 (34.8525,-40.9872,187.67) (48.2569,-28.9738,187.67)
  f[0][1] pts=2 (34.8525,-40.9872,187.67) (48.2569,-28.9738,187.67)
  f[0][2] pts=2 (-26.5375,27.5114,187.67) (-13.1331,39.5247,187.67)
  f[0][3] pts=2 (-26.5375,27.5114,187.67) (-13.1331,39.5247,187.67)
  f[0][4] pts=2 (-87.9275,96.0099,187.67) (-74.5231,108.023,187.67)
  f[0][5] pts=2 (-87.9275,96.0099,187.67) (-74.5231,108.023,187.67)
  f[0][6] pts=2 (-149.318,164.508,187.67) (-135.913,176.522,187.67)
  f[0][7] pts=2 (-149.318,164.508,187.67) (-135.913,176.522,187.67)
  f[0][8] pts=2 (-210.708,233.007,187.67) (-197.303,245.02,187.67)
  f[0][9] pts=2 (-210.708,233.007,187.67) (-197.303,245.02,187.67)
  f[0][10] pts=2 (-210.708,233.007,106.76) (-197.303,245.02,106.76)
  f[0][11] pts=2 (-210.708,233.007,106.76) (-197.303,245.02,106.76)
  f[0][12] pts=2 (-149.318,164.508,86.6402) (-135.913,176.522,86.6402)
  f[0][13] pts=2 (-149.318,164.508,86.6402) (-135.913,176.522,86.6402)
  f[0][14] pts=2 (-87.9275,96.0099,66.5202) (-74.5231,108.023,66.5202)
  f[0][15] pts=2 (-87.9275,96.0099,66.5202) (-74.5231,108.023,66.5202)
  f[0][16] pts=2 (-26.5375,27.5114,46.4002) (-13.1331,39.5247,46.4002)
  f[0][17] pts=2 (-26.5375,27.5114,46.4002) (-13.1331,39.5247,46.4002)
  f[0][18] pts=2 (34.8525,-40.9872,26.2802) (48.2569,-28.9738,26.2802)
  f[0][19] pts=2 (34.8525,-40.9872,26.2802) (48.2569,-28.9738,26.2802)
  f[0][20] pts=2 (34.8525,-40.9872,106.975) (48.2569,-28.9738,106.975)
  f[0][21] pts=2 (34.8525,-40.9872,106.975) (48.2569,-28.9738,106.975)
  m[1][0] pts=2 (34.8525,-40.9872,187.67) (21.448,-53.0005,187.67)
  m[1][1] pts=2 (34.8525,-40.9872,187.67) (21.448,-53.0005,187.67)
  m[1][2] pts=2 (-26.5375,27.5114,187.67) (-39.942,15.498,187.67)
  m[1][3] pts=2 (-26.5375,27.5114,187.67) (-39.942,15.498,187.67)
  m[1][4] pts=2 (-87.9275,96.0099,187.67) (-101.332,83.9965,187.67)
  m[1][5] pts=2 (-87.9275,96.0099,187.67) (-101.332,83.9965,187.67)
  m[1][6] pts=2 (-149.318,164.508,187.67) (-162.722,152.495,187.67)
  m[1][7] pts=2 (-149.318,164.508,187.67) (-162.722,152.495,187.67)
  m[1][8] pts=2 (-210.708,233.007,187.67) (-224.112,220.994,187.67)
  m[1][9] pts=2 (-210.708,233.007,187.67) (-224.112,220.994,187.67)
  m[1][10] pts=2 (-210.708,233.007,106.76) (-224.112,220.994,106.76)
  m[1][11] pts=2 (-210.708,233.007,106.76) (-224.112,220.994,106.76)
  m[1][12] pts=2 (-149.318,164.508,86.6402) (-162.722,152.495,86.6402)
  m[1][13] pts=2 (-149.318,164.508,86.6402) (-162.722,152.495,86.6402)
  m[1][14] pts=2 (-87.9275,96.0099,66.5202) (-101.332,83.9965,66.5202)
  m[1][15] pts=2 (-87.9275,96.0099,66.5202) (-101.332,83.9965,66.5202)
  m[1][16] pts=2 (-26.5375,27.5114,46.4002) (-39.942,15.498,46.4002)
  m[1][17] pts=2 (-26.5375,27.5114,46.4002) (-39.942,15.498,46.4002)
  m[1][18] pts=2 (34.8525,-40.9872,26.2802) (21.448,-53.0005,26.2802)
  m[1][19] pts=2 (34.8525,-40.9872,26.2802) (21.448,-53.0005,26.2802)
  m[1][20] pts=2 (34.8525,-40.9872,106.975) (21.448,-53.0005,106.975)
  m[1][21] pts=2 (34.8525,-40.9872,106.975) (21.448,-53.0005,106.975)
  f[1][0] pts=2 (34.8525,-40.9872,187.67) (48.2569,-28.9738,187.67)
  f[1][1] pts=2 (34.8525,-40.9872,187.67) (48.2569,-28.9738,187.67)
  f[1][2] pts=2 (-26.5375,27.5114,187.67) (-13.1331,39.5247,187.67)
  f[1][3] pts=2 (-26.5375,27.5114,187.67) (-13.1331,39.5247,187.67)
  f[1][4] pts=2 (-87.9275,96.0099,187.67) (-74.5231,108.023,187.67)
  f[1][5] pts=2 (-87.9275,96.0099,187.67) (-74.5231,108.023,187.67)
  f[1][6] pts=2 (-149.318,164.508,187.67) (-135.913,176.522,187.67)
  f[1][7] pts=2 (-149.318,164.508,187.67) (-135.913,176.522,187.67)
  f[1][8] pts=2 (-210.708,233.007,187.67) (-197.303,245.02,187.67)
  f[1][9] pts=2 (-210.708,233.007,187.67) (-197.303,245.02,187.67)
  f[1][10] pts=2 (-210.708,233.007,106.76) (-197.303,245.02,106.76)
  f[1][11] pts=2 (-210.708,233.007,106.76) (-197.303,245.02,106.76)
  f[1][12] pts=2 (-149.318,164.508,86.6402) (-135.913,176.522,86.6402)
  f[1][13] pts=2 (-149.318,164.508,86.6402) (-135.913,176.522,86.6402)
  f[1][14] pts=2 (-87.9275,96.0099,66.5202) (-74.5231,108.023,66.5202)
  f[1][15] pts=2 (-87.9275,96.0099,66.5202) (-74.5231,108.023,66.5202)
  f[1][16] pts=2 (-26.5375,27.5114,46.4002) (-13.1331,39.5247,46.4002)
  f[1][17] pts=2 (-26.5375,27.5114,46.4002) (-13.1331,39.5247,46.4002)
  f[1][18] pts=2 (34.8525,-40.9872,26.2802) (48.2569,-28.9738,26.2802)
  f[1][19] pts=2 (34.8525,-40.9872,26.2802) (48.2569,-28.9738,26.2802)
  f[1][20] pts=2 (34.8525,-40.9872,106.975) (48.2569,-28.9738,106.975)
  f[1][21] pts=2 (34.8525,-40.9872,106.975) (48.2569,-28.9738,106.975)
joint 66 type=11 v0=38 v1=36 f0_0=3 f1_0=4 name=ss_e_op_1 orient=1 div=1 shift=0.66
  jv[0] pts=5 (-71.3361,422.07,223.674) (-61.9769,406.227,223.674) (-75.531,393.781,223.674) (-84.8901,409.624,223.674) (-71.3361,422.07,223.674)
  jv[1] pts=5 (-71.3361,422.07,64.5991) (-61.9769,406.227,64.5991) (-75.531,393.781,64.5991) (-84.8901,409.624,64.5991) (-71.3361,422.07,64.5991)
  m[0][0] pts=4 (-71.3361,422.07,170.649) (-61.9769,406.227,170.649) (-61.9769,406.227,109.14) (-71.3361,422.07,109.14)
  m[0][1] pts=2 (-71.3361,422.07,170.649) (-71.3361,422.07,109.14)
  f[0][0] pts=4 (-75.531,393.781,162.165) (-61.9769,406.227,170.649) (-61.9769,406.227,109.14) (-75.531,393.781,117.624)
  f[0][1] pts=2 (-75.531,393.781,162.165) (-75.531,393.781,117.624)
  m[1][0] pts=4 (-84.8901,409.624,162.165) (-75.531,393.781,162.165) (-75.531,393.781,117.624) (-84.8901,409.624,117.624)
  m[1][1] pts=2 (-84.8901,409.624,162.165) (-84.8901,409.624,117.624)
  f[1][0] pts=4 (-84.8901,409.624,162.165) (-71.3361,422.07,170.649) (-71.3361,422.07,109.14) (-84.8901,409.624,117.624)
  f[1][1] pts=2 (-84.8901,409.624,162.165) (-84.8901,409.624,117.624)
joint 67 type=11 v0=38 v1=37 f0_0=5 f1_0=3 name=ss_e_op_0 orient=1 div=1 shift=0.66
  jv[0] pts=5 (166.98,18.6422,-30.1349) (157.627,34.4748,-30.1349) (144.042,22.0811,-30.1349) (153.395,6.24844,-30.1349) (166.98,18.6422,-30.1349)
  jv[1] pts=5 (166.98,18.6422,223.67) (157.627,34.4748,223.67) (144.042,22.0811,223.67) (153.395,6.24844,223.67) (166.98,18.6422,223.67)
  m[0][0] pts=12 (153.395,6.24844,187.413) (144.042,22.0811,187.413) (144.042,22.0811,151.155) (153.395,6.24844,151.155) (153.395,6.24844,114.897) (144.042,22.0811,114.897) (144.042,22.0811,78.6389) (153.395,6.24844,78.6389) (153.395,6.24844,42.381) (144.042,22.0811,42.381) (144.042,22.0811,6.12304) (153.395,6.24844,6.12304)
  m[0][1] pts=2 (153.395,6.24844,223.67) (153.395,6.24844,-30.1349)
  f[0][0] pts=12 (144.042,22.0811,6.12304) (157.627,34.4748,6.12304) (157.627,34.4748,42.381) (144.042,22.0811,42.381) (144.042,22.0811,78.6389) (157.627,34.4748,78.6389) (157.627,34.4748,114.897) (144.042,22.0811,114.897) (144.042,22.0811,151.155) (157.627,34.4748,151.155) (157.627,34.4748,187.413) (144.042,22.0811,187.413)
  f[0][1] pts=2 (144.042,22.0811,-30.1349) (144.042,22.0811,223.67)
  m[1][0] pts=12 (166.98,18.6422,187.413) (157.627,34.4748,187.413) (157.627,34.4748,151.155) (166.98,18.6422,151.155) (166.98,18.6422,114.897) (157.627,34.4748,114.897) (157.627,34.4748,78.6389) (166.98,18.6422,78.6389) (166.98,18.6422,42.381) (157.627,34.4748,42.381) (157.627,34.4748,6.12304) (166.98,18.6422,6.12304)
  m[1][1] pts=2 (166.98,18.6422,223.67) (166.98,18.6422,-30.1349)
  f[1][0] pts=12 (153.395,6.24844,6.12304) (166.98,18.6422,6.12304) (166.98,18.6422,42.381) (153.395,6.24844,42.381) (153.395,6.24844,78.6389) (166.98,18.6422,78.6389) (166.98,18.6422,114.897) (153.395,6.24844,114.897) (153.395,6.24844,151.155) (166.98,18.6422,151.155) (166.98,18.6422,187.413) (153.395,6.24844,187.413)
  f[1][1] pts=2 (153.395,6.24844,-30.1349) (153.395,6.24844,223.67)
joint 68 type=11 v0=41 v1=39 f0_0=3 f1_0=5 name=ss_e_op_1 orient=1 div=1 shift=0.66
  jv[0] pts=5 (-247.305,257.618,232.673) (-247.305,257.618,214.673) (-232.819,246.934,214.673) (-232.819,246.934,232.673) (-247.305,257.618,232.673)
  jv[1] pts=5 (-374.802,84.7518,232.673) (-374.802,84.7518,214.673) (-360.315,74.0676,214.673) (-360.315,74.0676,232.673) (-374.802,84.7518,232.673)
  m[0][0] pts=4 (-289.804,199.996,232.673) (-289.804,199.996,214.673) (-339.102,133.154,214.673) (-339.102,133.154,232.673)
  m[0][1] pts=2 (-289.804,199.996,232.673) (-339.102,133.154,232.673)
  f[0][0] pts=4 (-282.117,180.092,214.673) (-289.804,199.996,214.673) (-339.102,133.154,214.673) (-317.817,131.69,214.673)
  f[0][1] pts=2 (-282.117,180.092,214.673) (-317.817,131.69,214.673)
  m[1][0] pts=4 (-282.117,180.092,232.673) (-282.117,180.092,214.673) (-317.817,131.69,214.673) (-317.817,131.69,232.673)
  m[1][1] pts=2 (-282.117,180.092,232.673) (-317.817,131.69,232.673)
  f[1][0] pts=4 (-282.117,180.092,232.673) (-289.804,199.996,232.673) (-339.102,133.154,232.673) (-317.817,131.69,232.673)
  f[1][1] pts=2 (-282.117,180.092,232.673) (-317.817,131.69,232.673)
joint 69 type=11 v0=40 v1=39 f0_0=4 f1_0=2 name=ss_e_op_1 orient=1 div=1 shift=0.66
  jv[0] pts=5 (-372.891,72.1576,232.673) (-372.891,72.1576,214.673) (-362.226,86.6582,214.673) (-362.226,86.6582,232.673) (-372.891,72.1576,232.673)
  jv[1] pts=5 (-25.8502,-183.071,232.673) (-25.8502,-183.071,214.673) (-15.1857,-168.57,214.673) (-15.1857,-168.57,232.673) (-25.8502,-183.071,232.673)
  m[0][0] pts=4 (-257.211,-12.9186,232.673) (-257.211,-12.9186,214.673) (-123.022,-111.607,214.673) (-123.022,-111.607,232.673)
  m[0][1] pts=2 (-257.211,-12.9186,232.673) (-123.022,-111.607,232.673)
  f[0][0] pts=4 (-228.037,-12.0301,214.673) (-257.211,-12.9186,214.673) (-123.022,-111.607,214.673) (-130.866,-83.4941,214.673)
  f[0][1] pts=2 (-228.037,-12.0301,214.673) (-130.866,-83.4941,214.673)
  m[1][0] pts=4 (-228.037,-12.0301,232.673) (-228.037,-12.0301,214.673) (-130.866,-83.4941,214.673) (-130.866,-83.4941,232.673)
  m[1][1] pts=2 (-228.037,-12.0301,232.673) (-130.866,-83.4941,232.673)
  f[1][0] pts=4 (-228.037,-12.0301,232.673) (-257.211,-12.9186,232.673) (-123.022,-111.607,232.673) (-130.866,-83.4941,232.673)
  f[1][1] pts=2 (-228.037,-12.0301,232.673) (-130.866,-83.4941,232.673)
joint 70 type=11 v0=43 v1=39 f0_0=4 f1_0=4 name=ss_e_op_1 orient=1 div=1 shift=0.66
  jv[0] pts=5 (60.0131,-69.0612,232.673) (60.0131,-69.0612,214.673) (46.6087,-81.0746,214.673) (46.6087,-81.0746,232.673) (60.0131,-69.0612,232.673)
  jv[1] pts=5 (-233.36,258.282,232.673) (-233.36,258.282,214.673) (-246.764,246.269,214.673) (-246.764,246.269,232.673) (-233.36,258.282,232.673)
  m[0][0] pts=4 (-37.7778,40.0531,232.673) (-37.7778,40.0531,214.673) (-151.215,166.626,214.673) (-151.215,166.626,232.673)
  m[0][1] pts=2 (-37.7778,40.0531,232.673) (-151.215,166.626,232.673)
  f[0][0] pts=4 (-66.8288,45.4981,214.673) (-37.7778,40.0531,214.673) (-151.215,166.626,214.673) (-148.973,137.154,214.673)
  f[0][1] pts=2 (-66.8288,45.4981,214.673) (-148.973,137.154,214.673)
  m[1][0] pts=4 (-66.8288,45.4981,232.673) (-66.8288,45.4981,214.673) (-148.973,137.154,214.673) (-148.973,137.154,232.673)
  m[1][1] pts=2 (-66.8288,45.4981,232.673) (-148.973,137.154,232.673)
  f[1][0] pts=4 (-66.8288,45.4981,232.673) (-37.7778,40.0531,232.673) (-151.215,166.626,232.673) (-148.973,137.154,232.673)
  f[1][1] pts=2 (-66.8288,45.4981,232.673) (-148.973,137.154,232.673)
joint 71 type=11 v0=42 v1=39 f0_0=4 f1_0=3 name=ss_e_op_1 orient=1 div=1 shift=0.66
  jv[0] pts=5 (-13.2585,-181.14,232.673) (-13.2585,-181.14,214.673) (-27.7775,-170.501,214.673) (-27.7775,-170.501,232.673) (-13.2585,-181.14,232.673)
  jv[1] pts=5 (60.5705,-80.3904,232.673) (60.5705,-80.3904,214.673) (46.0515,-69.7509,214.673) (46.0515,-69.7509,232.673) (60.5705,-80.3904,232.673)
  m[0][0] pts=4 (11.3512,-147.557,232.673) (11.3512,-147.557,214.673) (39.8984,-108.6,214.673) (39.8984,-108.6,232.673)
  m[0][1] pts=2 (11.3512,-147.557,232.673) (39.8984,-108.6,232.673)
  f[0][0] pts=4 (0.76974,-131.544,214.673) (11.3512,-147.557,214.673) (39.8984,-108.6,214.673) (21.4419,-103.334,214.673)
  f[0][1] pts=2 (0.76974,-131.544,214.673) (21.4419,-103.334,214.673)
  m[1][0] pts=4 (0.76974,-131.544,232.673) (0.76974,-131.544,214.673) (21.4419,-103.334,214.673) (21.4419,-103.334,232.673)
  m[1][1] pts=2 (0.76974,-131.544,232.673) (21.4419,-103.334,232.673)
  f[1][0] pts=4 (0.76974,-131.544,232.673) (11.3512,-147.557,232.673) (39.8984,-108.6,232.673) (21.4419,-103.334,232.673)
  f[1][1] pts=2 (0.76974,-131.544,232.673) (21.4419,-103.334,232.673)
joint 72 type=11 v0=41 v1=40 f0_0=2 f1_0=5 name=ss_e_op_0 orient=1 div=1 shift=0.66
  jv[0] pts=5 (-380.152,77.4976,223.674) (-369.468,91.9838,223.674) (-354.967,81.3193,223.674) (-365.651,66.8332,223.674) (-380.152,77.4976,223.674)
  jv[1] pts=5 (-380.152,77.4976,64.5445) (-369.468,91.9838,64.5445) (-354.967,81.3193,64.5445) (-365.651,66.8332,64.5445) (-380.152,77.4976,64.5445)
  m[0][0] pts=12 (-365.651,66.8332,87.2773) (-354.967,81.3193,87.2773) (-354.967,81.3193,110.01) (-365.651,66.8332,110.01) (-365.651,66.8332,132.743) (-354.967,81.3193,132.743) (-354.967,81.3193,155.476) (-365.651,66.8332,155.476) (-365.651,66.8332,178.209) (-354.967,81.3193,178.209) (-354.967,81.3193,200.941) (-365.651,66.8332,200.941)
  m[0][1] pts=2 (-365.651,66.8332,64.5445) (-365.651,66.8332,223.674)
  f[0][0] pts=12 (-354.967,81.3193,200.941) (-369.468,91.9838,200.941) (-369.468,91.9838,178.209) (-354.967,81.3193,178.209) (-354.967,81.3193,155.476) (-369.468,91.9838,155.476) (-369.468,91.9838,132.743) (-354.967,81.3193,132.743) (-354.967,81.3193,110.01) (-369.468,91.9838,110.01) (-369.468,91.9838,87.2773) (-354.967,81.3193,87.2773)
  f[0][1] pts=2 (-354.967,81.3193,223.674) (-354.967,81.3193,64.5445)
  m[1][0] pts=12 (-380.152,77.4976,87.2773) (-369.468,91.9838,87.2773) (-369.468,91.9838,110.01) (-380.152,77.4976,110.01) (-380.152,77.4976,132.743) (-369.468,91.9838,132.743) (-369.468,91.9838,155.476) (-380.152,77.4976,155.476) (-380.152,77.4976,178.209) (-369.468,91.9838,178.209) (-369.468,91.9838,200.941) (-380.152,77.4976,200.941)
  m[1][1] pts=2 (-380.152,77.4976,64.5445) (-380.152,77.4976,223.674)
  f[1][0] pts=12 (-365.651,66.8332,200.941) (-380.152,77.4976,200.941) (-380.152,77.4976,178.209) (-365.651,66.8332,178.209) (-365.651,66.8332,155.476) (-380.152,77.4976,155.476) (-380.152,77.4976,132.743) (-365.651,66.8332,132.743) (-365.651,66.8332,110.01) (-380.152,77.4976,110.01) (-380.152,77.4976,87.2773) (-365.651,66.8332,87.2773)
  f[1][1] pts=2 (-365.651,66.8332,223.674) (-365.651,66.8332,64.5445)
joint 73 type=40 v0=40 v1=48 f0_0=0 f1_0=0 name=tt_e_p_3 orient=0 div=1 shift=45
  jv[0] pts=5 (-369.487,91.9983,232.673) (-7.92052,-173.914,232.673) (-29.2494,-202.915,232.673) (-390.816,62.9969,232.673) (-369.487,91.9983,232.673)
  jv[1] pts=5 (-369.487,91.9983,-32.2487) (-7.92052,-173.914,-32.2487) (-29.2494,-202.915,-32.2487) (-390.816,62.9969,-32.2487) (-369.487,91.9983,-32.2487)
  m[0][0] pts=2 (-54.8367,-161.753,187.673) (-65.5011,-176.254,187.673)
  m[0][1] pts=2 (-54.8367,-161.753,187.673) (-65.5011,-176.254,187.673)
  m[0][2] pts=2 (-127.102,-108.606,187.673) (-137.767,-123.106,187.673)
  m[0][3] pts=2 (-127.102,-108.606,187.673) (-137.767,-123.106,187.673)
  m[0][4] pts=2 (-199.368,-55.4584,187.673) (-210.033,-69.9591,187.673)
  m[0][5] pts=2 (-199.368,-55.4584,187.673) (-210.033,-69.9591,187.673)
  m[0][6] pts=2 (-271.634,-2.31101,187.673) (-282.298,-16.8117,187.673)
  m[0][7] pts=2 (-271.634,-2.31101,187.673) (-282.298,-16.8117,187.673)
  m[0][8] pts=2 (-343.9,50.8364,187.673) (-354.564,36.3357,187.673)
  m[0][9] pts=2 (-343.9,50.8364,187.673) (-354.564,36.3357,187.673)
  m[0][10] pts=2 (-343.9,50.8364,102.553) (-354.564,36.3357,102.553)
  m[0][11] pts=2 (-343.9,50.8364,102.553) (-354.564,36.3357,102.553)
  m[0][12] pts=2 (-271.634,-2.31101,82.8432) (-282.298,-16.8117,82.8432)
  m[0][13] pts=2 (-271.634,-2.31101,82.8432) (-282.298,-16.8117,82.8432)
  m[0][14] pts=2 (-199.368,-55.4584,63.1332) (-210.033,-69.9591,63.1332)
  m[0][15] pts=2 (-199.368,-55.4584,63.1332) (-210.033,-69.9591,63.1332)
  m[0][16] pts=2 (-127.102,-108.606,43.4232) (-137.767,-123.106,43.4232)
  m[0][17] pts=2 (-127.102,-108.606,43.4232) (-137.767,-123.106,43.4232)
  m[0][18] pts=2 (-54.8367,-161.753,23.7132) (-65.5011,-176.254,23.7132)
  m[0][19] pts=2 (-54.8367,-161.753,23.7132) (-65.5011,-176.254,23.7132)
  m[0][20] pts=2 (-54.8367,-161.753,105.693) (-65.5011,-176.254,105.693)
  m[0][21] pts=2 (-54.8367,-161.753,105.693) (-65.5011,-176.254,105.693)
  f[0][0] pts=2 (-54.8367,-161.753,187.673) (-44.1722,-147.252,187.673)
  f[0][1] pts=2 (-54.8367,-161.753,187.673) (-44.1722,-147.252,187.673)
  f[0][2] pts=2 (-127.102,-108.606,187.673) (-116.438,-94.1051,187.673)
  f[0][3] pts=2 (-127.102,-108.606,187.673) (-116.438,-94.1051,187.673)
  f[0][4] pts=2 (-199.368,-55.4584,187.673) (-188.704,-40.9577,187.673)
  f[0][5] pts=2 (-199.368,-55.4584,187.673) (-188.704,-40.9577,187.673)
  f[0][6] pts=2 (-271.634,-2.31101,187.673) (-260.97,12.1897,187.673)
  f[0][7] pts=2 (-271.634,-2.31101,187.673) (-260.97,12.1897,187.673)
  f[0][8] pts=2 (-343.9,50.8364,187.673) (-333.235,65.337,187.673)
  f[0][9] pts=2 (-343.9,50.8364,187.673) (-333.235,65.337,187.673)
  f[0][10] pts=2 (-343.9,50.8364,102.553) (-333.235,65.337,102.553)
  f[0][11] pts=2 (-343.9,50.8364,102.553) (-333.235,65.337,102.553)
  f[0][12] pts=2 (-271.634,-2.31101,82.8432) (-260.97,12.1897,82.8432)
  f[0][13] pts=2 (-271.634,-2.31101,82.8432) (-260.97,12.1897,82.8432)
  f[0][14] pts=2 (-199.368,-55.4584,63.1332) (-188.704,-40.9577,63.1332)
  f[0][15] pts=2 (-199.368,-55.4584,63.1332) (-188.704,-40.9577,63.1332)
  f[0][16] pts=2 (-127.102,-108.606,43.4232) (-116.438,-94.1051,43.4232)
  f[0][17] pts=2 (-127.102,-108.606,43.4232) (-116.438,-94.1051,43.4232)
  f[0][18] pts=2 (-54.8367,-161.753,23.7132) (-44.1722,-147.252,23.7132)
  f[0][19] pts=2 (-54.8367,-161.753,23.7132) (-44.1722,-147.252,23.7132)
  f[0][20] pts=2 (-54.8367,-161.753,105.693) (-44.1722,-147.252,105.693)
  f[0][21] pts=2 (-54.8367,-161.753,105.693) (-44.1722,-147.252,105.693)
  m[1][0] pts=2 (-54.8367,-161.753,187.673) (-65.5011,-176.254,187.673)
  m[1][1] pts=2 (-54.8367,-161.753,187.673) (-65.5011,-176.254,187.673)
  m[1][2] pts=2 (-127.102,-108.606,187.673) (-137.767,-123.106,187.673)
  m[1][3] pts=2 (-127.102,-108.606,187.673) (-137.767,-123.106,187.673)
  m[1][4] pts=2 (-199.368,-55.4584,187.673) (-210.033,-69.9591,187.673)
  m[1][5] pts=2 (-199.368,-55.4584,187.673) (-210.033,-69.9591,187.673)
  m[1][6] pts=2 (-271.634,-2.31101,187.673) (-282.298,-16.8117,187.673)
  m[1][7] pts=2 (-271.634,-2.31101,187.673) (-282.298,-16.8117,187.673)
  m[1][8] pts=2 (-343.9,50.8364,187.673) (-354.564,36.3357,187.673)
  m[1][9] pts=2 (-343.9,50.8364,187.673) (-354.564,36.3357,187.673)
  m[1][10] pts=2 (-343.9,50.8364,102.553) (-354.564,36.3357,102.553)
  m[1][11] pts=2 (-343.9,50.8364,102.553) (-354.564,36.3357,102.553)
  m[1][12] pts=2 (-271.634,-2.31101,82.8432) (-282.298,-16.8117,82.8432)
  m[1][13] pts=2 (-271.634,-2.31101,82.8432) (-282.298,-16.8117,82.8432)
  m[1][14] pts=2 (-199.368,-55.4584,63.1332) (-210.033,-69.9591,63.1332)
  m[1][15] pts=2 (-199.368,-55.4584,63.1332) (-210.033,-69.9591,63.1332)
  m[1][16] pts=2 (-127.102,-108.606,43.4232) (-137.767,-123.106,43.4232)
  m[1][17] pts=2 (-127.102,-108.606,43.4232) (-137.767,-123.106,43.4232)
  m[1][18] pts=2 (-54.8367,-161.753,23.7132) (-65.5011,-176.254,23.7132)
  m[1][19] pts=2 (-54.8367,-161.753,23.7132) (-65.5011,-176.254,23.7132)
  m[1][20] pts=2 (-54.8367,-161.753,105.693) (-65.5011,-176.254,105.693)
  m[1][21] pts=2 (-54.8367,-161.753,105.693) (-65.5011,-176.254,105.693)
  f[1][0] pts=2 (-54.8367,-161.753,187.673) (-44.1722,-147.252,187.673)
  f[1][1] pts=2 (-54.8367,-161.753,187.673) (-44.1722,-147.252,187.673)
  f[1][2] pts=2 (-127.102,-108.606,187.673) (-116.438,-94.1051,187.673)
  f[1][3] pts=2 (-127.102,-108.606,187.673) (-116.438,-94.1051,187.673)
  f[1][4] pts=2 (-199.368,-55.4584,187.673) (-188.704,-40.9577,187.673)
  f[1][5] pts=2 (-199.368,-55.4584,187.673) (-188.704,-40.9577,187.673)
  f[1][6] pts=2 (-271.634,-2.31101,187.673) (-260.97,12.1897,187.673)
  f[1][7] pts=2 (-271.634,-2.31101,187.673) (-260.97,12.1897,187.673)
  f[1][8] pts=2 (-343.9,50.8364,187.673) (-333.235,65.337,187.673)
  f[1][9] pts=2 (-343.9,50.8364,187.673) (-333.235,65.337,187.673)
  f[1][10] pts=2 (-343.9,50.8364,102.553) (-333.235,65.337,102.553)
  f[1][11] pts=2 (-343.9,50.8364,102.553) (-333.235,65.337,102.553)
  f[1][12] pts=2 (-271.634,-2.31101,82.8432) (-260.97,12.1897,82.8432)
  f[1][13] pts=2 (-271.634,-2.31101,82.8432) (-260.97,12.1897,82.8432)
  f[1][14] pts=2 (-199.368,-55.4584,63.1332) (-188.704,-40.9577,63.1332)
  f[1][15] pts=2 (-199.368,-55.4584,63.1332) (-188.704,-40.9577,63.1332)
  f[1][16] pts=2 (-127.102,-108.606,43.4232) (-116.438,-94.1051,43.4232)
  f[1][17] pts=2 (-127.102,-108.606,43.4232) (-116.438,-94.1051,43.4232)
  f[1][18] pts=2 (-54.8367,-161.753,23.7132) (-44.1722,-147.252,23.7132)
  f[1][19] pts=2 (-54.8367,-161.753,23.7132) (-44.1722,-147.252,23.7132)
  f[1][20] pts=2 (-54.8367,-161.753,105.693) (-44.1722,-147.252,105.693)
  f[1][21] pts=2 (-54.8367,-161.753,105.693) (-44.1722,-147.252,105.693)
joint 74 type=11 v0=42 v1=40 f0_0=5 f1_0=3 name=ss_e_op_1 orient=1 div=1 shift=0.66
  jv[0] pts=5 (-18.5875,-188.412,-30.103) (-7.94803,-173.893,-30.103) (-22.4487,-163.229,-30.103) (-33.0882,-177.748,-30.103) (-18.5875,-188.412,-30.103)
  jv[1] pts=5 (-18.5875,-188.412,223.674) (-7.94803,-173.893,223.674) (-22.4487,-163.229,223.674) (-33.0882,-177.748,223.674) (-18.5875,-188.412,223.674)
  m[0][0] pts=4 (-18.5875,-188.412,54.4893) (-7.94803,-173.893,54.4893) (-7.94803,-173.893,152.616) (-18.5875,-188.412,152.616)
  m[0][1] pts=2 (-18.5875,-188.412,54.4893) (-18.5875,-188.412,152.616)
  f[0][0] pts=4 (-22.4487,-163.229,68.024) (-7.94803,-173.893,54.4893) (-7.94803,-173.893,152.616) (-22.4487,-163.229,139.082)
  f[0][1] pts=2 (-22.4487,-163.229,68.024) (-22.4487,-163.229,139.082)
  m[1][0] pts=4 (-33.0882,-177.748,68.024) (-22.4487,-163.229,68.024) (-22.4487,-163.229,139.082) (-33.0882,-177.748,139.082)
  m[1][1] pts=2 (-33.0882,-177.748,68.024) (-33.0882,-177.748,139.082)
  f[1][0] pts=4 (-33.0882,-177.748,68.024) (-18.5875,-188.412,54.4893) (-18.5875,-188.412,152.616) (-33.0882,-177.748,139.082)
  f[1][1] pts=2 (-33.0882,-177.748,68.024) (-33.0882,-177.748,139.082)
joint 75 type=11 v0=43 v1=41 f0_0=3 f1_0=4 name=ss_e_op_1 orient=1 div=1 shift=0.66
  jv[0] pts=5 (-240.741,266.518,223.673) (-228.472,252.828,223.673) (-239.383,238.033,223.673) (-251.653,251.723,223.673) (-240.741,266.518,223.673)
  jv[1] pts=5 (-240.741,266.518,68.3723) (-228.472,252.828,68.3723) (-239.383,238.033,68.3723) (-251.653,251.723,68.3723) (-240.741,266.518,68.3723)
  m[0][0] pts=4 (-240.741,266.518,171.906) (-228.472,252.828,171.906) (-228.472,252.828,111.856) (-240.741,266.518,111.856)
  m[0][1] pts=2 (-240.741,266.518,171.906) (-240.741,266.518,111.856)
  f[0][0] pts=4 (-239.383,238.033,163.623) (-228.472,252.828,171.906) (-228.472,252.828,111.856) (-239.383,238.033,120.139)
  f[0][1] pts=2 (-239.383,238.033,163.623) (-239.383,238.033,120.139)
  m[1][0] pts=4 (-251.653,251.723,163.623) (-239.383,238.033,163.623) (-239.383,238.033,120.139) (-251.653,251.723,120.139)
  m[1][1] pts=2 (-251.653,251.723,163.623) (-251.653,251.723,120.139)
  f[1][0] pts=4 (-251.653,251.723,163.623) (-240.741,266.518,171.906) (-240.741,266.518,111.856) (-251.653,251.723,120.139)
  f[1][1] pts=2 (-251.653,251.723,163.623) (-251.653,251.723,120.139)
joint 76 type=11 v0=43 v1=42 f0_0=5 f1_0=3 name=ss_e_op_0 orient=1 div=1 shift=0.66
  jv[0] pts=5 (64.8872,-74.4997,-27.7923) (52.61,-60.8009,-27.7923) (41.7369,-75.6387,-27.7923) (54.0141,-89.3375,-27.7923) (64.8872,-74.4997,-27.7923)
  jv[1] pts=5 (64.8872,-74.4997,223.677) (52.61,-60.8009,223.677) (41.7369,-75.6387,223.677) (54.0141,-89.3375,223.677) (64.8872,-74.4997,223.677)
  m[0][0] pts=12 (54.0141,-89.3375,187.753) (41.7369,-75.6387,187.753) (41.7369,-75.6387,151.829) (54.0141,-89.3375,151.829) (54.0141,-89.3375,115.905) (41.7369,-75.6387,115.905) (41.7369,-75.6387,79.9803) (54.0141,-89.3375,79.9803) (54.0141,-89.3375,44.0561) (41.7369,-75.6387,44.0561) (41.7369,-75.6387,8.13194) (54.0141,-89.3375,8.13194)
  m[0][1] pts=2 (54.0141,-89.3375,223.677) (54.0141,-89.3375,-27.7923)
  f[0][0] pts=12 (41.7369,-75.6387,8.13194) (52.61,-60.8009,8.13194) (52.61,-60.8009,44.0561) (41.7369,-75.6387,44.0561) (41.7369,-75.6387,79.9803) (52.61,-60.8009,79.9803) (52.61,-60.8009,115.905) (41.7369,-75.6387,115.905) (41.7369,-75.6387,151.829) (52.61,-60.8009,151.829) (52.61,-60.8009,187.753) (41.7369,-75.6387,187.753)
  f[0][1] pts=2 (41.7369,-75.6387,-27.7923) (41.7369,-75.6387,223.677)
  m[1][0] pts=12 (64.8872,-74.4997,187.753) (52.61,-60.8009,187.753) (52.61,-60.8009,151.829) (64.8872,-74.4997,151.829) (64.8872,-74.4997,115.905) (52.61,-60.8009,115.905) (52.61,-60.8009,79.9803) (64.8872,-74.4997,79.9803) (64.8872,-74.4997,44.0561) (52.61,-60.8009,44.0561) (52.61,-60.8009,8.13194) (64.8872,-74.4997,8.13194)
  m[1][1] pts=2 (64.8872,-74.4997,223.677) (64.8872,-74.4997,-27.7923)
  f[1][0] pts=12 (54.0141,-89.3375,8.13194) (64.8872,-74.4997,8.13194) (64.8872,-74.4997,44.0561) (54.0141,-89.3375,44.0561) (54.0141,-89.3375,79.9803) (64.8872,-74.4997,79.9803) (64.8872,-74.4997,115.905) (54.0141,-89.3375,115.905) (54.0141,-89.3375,151.829) (64.8872,-74.4997,151.829) (64.8872,-74.4997,187.753) (54.0141,-89.3375,187.753)
  f[1][1] pts=2 (54.0141,-89.3375,-27.7923) (54.0141,-89.3375,223.677)
joint 77 type=11 v0=47 v1=44 f0_0=4 f1_0=3 name=ss_e_op_1 orient=1 div=1 shift=0.66
  jv[0] pts=5 (-56.1919,-304.832,232.673) (-56.1919,-304.832,214.673) (-73.3205,-299.299,214.673) (-73.3205,-299.299,232.673) (-56.1919,-304.832,232.673)
  jv[1] pts=5 (-20.5819,-194.587,232.673) (-20.5819,-194.587,214.673) (-37.7105,-189.054,214.673) (-37.7105,-189.054,232.673) (-20.5819,-194.587,232.673)
  m[0][0] pts=4 (-44.3219,-268.083,232.673) (-44.3219,-268.083,214.673) (-30.5527,-225.455,214.673) (-30.5527,-225.455,232.673)
  m[0][1] pts=2 (-44.3219,-268.083,232.673) (-30.5527,-225.455,232.673)
  f[0][0] pts=4 (-59.5513,-256.671,214.673) (-44.3219,-268.083,214.673) (-30.5527,-225.455,214.673) (-49.5805,-225.802,214.673)
  f[0][1] pts=2 (-59.5513,-256.671,214.673) (-49.5805,-225.802,214.673)
  m[1][0] pts=4 (-59.5513,-256.671,232.673) (-59.5513,-256.671,214.673) (-49.5805,-225.802,214.673) (-49.5805,-225.802,232.673)
  m[1][1] pts=2 (-59.5513,-256.671,232.673) (-49.5805,-225.802,232.673)
  f[1][0] pts=4 (-59.5513,-256.671,232.673) (-44.3219,-268.083,232.673) (-30.5527,-225.455,232.673) (-49.5805,-225.802,232.673)
  f[1][1] pts=2 (-59.5513,-256.671,232.673) (-49.5805,-225.802,232.673)
joint 78 type=11 v0=48 v1=44 f0_0=4 f1_0=4 name=ss_e_op_1 orient=1 div=1 shift=0.66
  jv[0] pts=5 (-23.813,-184.569,232.673) (-23.813,-184.569,214.673) (-34.4774,-199.07,214.673) (-34.4774,-199.07,232.673) (-23.813,-184.569,232.673)
  jv[1] pts=5 (-368.551,68.9656,232.673) (-368.551,68.9656,214.673) (-379.215,54.4649,214.673) (-379.215,54.4649,232.673) (-368.551,68.9656,232.673)
  m[0][0] pts=4 (-138.726,-100.058,232.673) (-138.726,-100.058,214.673) (-272.024,-2.02415,214.673) (-272.024,-2.02415,232.673)
  m[0][1] pts=2 (-138.726,-100.058,232.673) (-272.024,-2.02415,232.673)
  f[0][0] pts=4 (-167.776,-101.036,214.673) (-138.726,-100.058,214.673) (-272.024,-2.02415,214.673) (-264.303,-30.0467,214.673)
  f[0][1] pts=2 (-167.776,-101.036,214.673) (-264.303,-30.0467,214.673)
  m[1][0] pts=4 (-167.776,-101.036,232.673) (-167.776,-101.036,214.673) (-264.303,-30.0467,214.673) (-264.303,-30.0467,232.673)
  m[1][1] pts=2 (-167.776,-101.036,232.673) (-264.303,-30.0467,232.673)
  f[1][0] pts=4 (-167.776,-101.036,232.673) (-138.726,-100.058,232.673) (-272.024,-2.02415,232.673) (-264.303,-30.0467,232.673)
  f[1][1] pts=2 (-167.776,-101.036,232.673) (-264.303,-30.0467,232.673)
joint 79 type=11 v0=45 v1=44 f0_0=4 f1_0=2 name=ss_e_op_1 orient=1 div=1 shift=0.66
  jv[0] pts=5 (-420.473,-185.672,232.673) (-420.473,-185.672,214.673) (-414.465,-168.704,214.673) (-414.465,-168.704,232.673) (-420.473,-185.672,232.673)
  jv[1] pts=5 (-67.7565,-310.55,232.673) (-67.7565,-310.55,214.673) (-61.749,-293.582,214.673) (-61.749,-293.582,232.673) (-67.7565,-310.55,232.673)
  m[0][0] pts=4 (-302.901,-227.298,232.673) (-302.901,-227.298,214.673) (-166.517,-275.584,214.673) (-166.517,-275.584,232.673)
  m[0][1] pts=2 (-302.901,-227.298,232.673) (-166.517,-275.584,232.673)
  f[0][0] pts=4 (-278.082,-216.99,214.673) (-302.901,-227.298,214.673) (-166.517,-275.584,214.673) (-179.321,-251.956,214.673)
  f[0][1] pts=2 (-278.082,-216.99,214.673) (-179.321,-251.956,214.673)
  m[1][0] pts=4 (-278.082,-216.99,232.673) (-278.082,-216.99,214.673) (-179.321,-251.956,214.673) (-179.321,-251.956,232.673)
  m[1][1] pts=2 (-278.082,-216.99,232.673) (-179.321,-251.956,232.673)
  f[1][0] pts=4 (-278.082,-216.99,232.673) (-302.901,-227.298,232.673) (-166.517,-275.584,232.673) (-179.321,-251.956,232.673)
  f[1][1] pts=2 (-278.082,-216.99,232.673) (-179.321,-251.956,232.673)
joint 80 type=11 v0=46 v1=44 f0_0=3 f1_0=5 name=ss_e_op_1 orient=1 div=1 shift=0.66
  jv[0] pts=5 (-382.736,63.332,232.673) (-382.736,63.332,214.673) (-365.029,60.1013,214.673) (-365.029,60.1013,232.673) (-382.736,63.332,232.673)
  jv[1] pts=5 (-426.324,-175.572,232.673) (-426.324,-175.572,214.673) (-408.616,-178.802,214.673) (-408.616,-178.802,232.673) (-426.324,-175.572,232.673)
  m[0][0] pts=4 (-397.265,-16.3026,232.673) (-397.265,-16.3026,214.673) (-414.119,-108.679,214.673) (-414.119,-108.679,232.673)
  m[0][1] pts=2 (-397.265,-16.3026,232.673) (-414.119,-108.679,232.673)
  f[0][0] pts=4 (-381.882,-32.2748,214.673) (-397.265,-16.3026,214.673) (-414.119,-108.679,214.673) (-394.087,-99.1679,214.673)
  f[0][1] pts=2 (-381.882,-32.2748,214.673) (-394.087,-99.1679,214.673)
  m[1][0] pts=4 (-381.882,-32.2748,232.673) (-381.882,-32.2748,214.673) (-394.087,-99.1679,214.673) (-394.087,-99.1679,232.673)
  m[1][1] pts=2 (-381.882,-32.2748,232.673) (-394.087,-99.1679,232.673)
  f[1][0] pts=4 (-381.882,-32.2748,232.673) (-397.265,-16.3026,232.673) (-414.119,-108.679,232.673) (-394.087,-99.1679,232.673)
  f[1][1] pts=2 (-381.882,-32.2748,232.673) (-394.087,-99.1679,232.673)
joint 81 type=11 v0=47 v1=45 f0_0=5 f1_0=3 name=ss_e_op_1 orient=1 div=1 shift=0.66
  jv[0] pts=5 (-59.0363,-313.638,-44.3647) (-53.5014,-296.502,-44.3647) (-70.4759,-290.493,-44.3647) (-76.0108,-307.628,-44.3647) (-59.0363,-313.638,-44.3647)
  jv[1] pts=5 (-59.0363,-313.638,223.672) (-53.5014,-296.502,223.672) (-70.4759,-290.493,223.672) (-76.0108,-307.628,223.672) (-59.0363,-313.638,223.672)
  m[0][0] pts=4 (-59.0363,-313.638,44.9807) (-53.5014,-296.502,44.9807) (-53.5014,-296.502,148.621) (-59.0363,-313.638,148.621)
  m[0][1] pts=2 (-59.0363,-313.638,44.9807) (-59.0363,-313.638,148.621)
  f[0][0] pts=4 (-70.4759,-290.493,59.276) (-53.5014,-296.502,44.9807) (-53.5014,-296.502,148.621) (-70.4759,-290.493,134.326)
  f[0][1] pts=2 (-70.4759,-290.493,59.276) (-70.4759,-290.493,134.326)
  m[1][0] pts=4 (-76.0108,-307.628,59.276) (-70.4759,-290.493,59.276) (-70.4759,-290.493,134.326) (-76.0108,-307.628,134.326)
  m[1][1] pts=2 (-76.0108,-307.628,59.276) (-76.0108,-307.628,134.326)
  f[1][0] pts=4 (-76.0108,-307.628,59.276) (-59.0363,-313.638,44.9807) (-59.0363,-313.638,148.621) (-76.0108,-307.628,134.326)
  f[1][1] pts=2 (-76.0108,-307.628,59.276) (-76.0108,-307.628,134.326)
joint 82 type=11 v0=46 v1=45 f0_0=2 f1_0=5 name=ss_e_op_0 orient=1 div=1 shift=0.66
  jv[0] pts=5 (-427.7,-183.113,223.672) (-424.427,-165.177,223.672) (-407.24,-171.262,223.672) (-410.513,-189.198,223.672) (-427.7,-183.113,223.672)
  jv[1] pts=5 (-427.7,-183.113,42.2237) (-424.427,-165.177,42.2237) (-407.24,-171.262,42.2237) (-410.513,-189.198,42.2237) (-427.7,-183.113,42.2237)
  m[0][0] pts=12 (-410.513,-189.198,68.1449) (-407.24,-171.262,68.1449) (-407.24,-171.262,94.0661) (-410.513,-189.198,94.0661) (-410.513,-189.198,119.987) (-407.24,-171.262,119.987) (-407.24,-171.262,145.908) (-410.513,-189.198,145.908) (-410.513,-189.198,171.83) (-407.24,-171.262,171.83) (-407.24,-171.262,197.751) (-410.513,-189.198,197.751)
  m[0][1] pts=2 (-410.513,-189.198,42.2237) (-410.513,-189.198,223.672)
  f[0][0] pts=12 (-407.24,-171.262,197.751) (-424.427,-165.177,197.751) (-424.427,-165.177,171.83) (-407.24,-171.262,171.83) (-407.24,-171.262,145.908) (-424.427,-165.177,145.908) (-424.427,-165.177,119.987) (-407.24,-171.262,119.987) (-407.24,-171.262,94.0661) (-424.427,-165.177,94.0661) (-424.427,-165.177,68.1449) (-407.24,-171.262,68.1449)
  f[0][1] pts=2 (-407.24,-171.262,223.672) (-407.24,-171.262,42.2237)
  m[1][0] pts=12 (-427.7,-183.113,68.1449) (-424.427,-165.177,68.1449) (-424.427,-165.177,94.0661) (-427.7,-183.113,94.0661) (-427.7,-183.113,119.987) (-424.427,-165.177,119.987) (-424.427,-165.177,145.908) (-427.7,-183.113,145.908) (-427.7,-183.113,171.83) (-424.427,-165.177,171.83) (-424.427,-165.177,197.751) (-427.7,-183.113,197.751)
  m[1][1] pts=2 (-427.7,-183.113,42.2237) (-427.7,-183.113,223.672)
  f[1][0] pts=12 (-410.513,-189.198,197.751) (-427.7,-183.113,197.751) (-427.7,-183.113,171.83) (-410.513,-189.198,171.83) (-410.513,-189.198,145.908) (-427.7,-183.113,145.908) (-427.7,-183.113,119.987) (-410.513,-189.198,119.987) (-410.513,-189.198,94.0661) (-427.7,-183.113,94.0661) (-427.7,-183.113,68.1449) (-410.513,-189.198,68.1449)
  f[1][1] pts=2 (-410.513,-189.198,223.672) (-410.513,-189.198,42.2237)
joint 83 type=40 v0=45 v1=53 f0_0=0 f1_0=0 name=tt_e_p_3 orient=0 div=1 shift=45
  jv[0] pts=5 (-421.692,-166.145,232.672) (-53.0302,-296.669,232.672) (-65.0451,-330.605,232.672) (-433.707,-200.081,232.672) (-421.692,-166.145,232.672)
  jv[1] pts=5 (-421.692,-166.145,-46.9533) (-53.0302,-296.669,-46.9533) (-65.0451,-330.605,-46.9533) (-433.707,-200.081,-46.9533) (-421.692,-166.145,-46.9533)
  m[0][0] pts=2 (-101.457,-298.618,187.672) (-107.465,-315.586,187.672)
  m[0][1] pts=2 (-101.457,-298.618,187.672) (-107.465,-315.586,187.672)
  m[0][2] pts=2 (-172.414,-273.496,187.672) (-178.421,-290.464,187.672)
  m[0][3] pts=2 (-172.414,-273.496,187.672) (-178.421,-290.464,187.672)
  m[0][4] pts=2 (-243.371,-248.374,187.672) (-249.378,-265.342,187.672)
  m[0][5] pts=2 (-243.371,-248.374,187.672) (-249.378,-265.342,187.672)
  m[0][6] pts=2 (-314.327,-223.252,187.672) (-320.335,-240.22,187.672)
  m[0][7] pts=2 (-314.327,-223.252,187.672) (-320.335,-240.22,187.672)
  m[0][8] pts=2 (-385.284,-198.13,187.672) (-391.291,-215.098,187.672)
  m[0][9] pts=2 (-385.284,-198.13,187.672) (-391.291,-215.098,187.672)
  m[0][10] pts=2 (-385.284,-198.13,133.497) (-391.291,-215.098,133.497)
  m[0][11] pts=2 (-385.284,-198.13,133.497) (-391.291,-215.098,133.497)
  m[0][12] pts=2 (-385.284,-198.13,79.3217) (-391.291,-215.098,79.3217)
  m[0][13] pts=2 (-385.284,-198.13,79.3217) (-391.291,-215.098,79.3217)
  m[0][14] pts=2 (-314.327,-223.252,61.9042) (-320.335,-240.22,61.9042)
  m[0][15] pts=2 (-314.327,-223.252,61.9042) (-320.335,-240.22,61.9042)
  m[0][16] pts=2 (-243.371,-248.374,44.4867) (-249.378,-265.342,44.4867)
  m[0][17] pts=2 (-243.371,-248.374,44.4867) (-249.378,-265.342,44.4867)
  m[0][18] pts=2 (-172.414,-273.496,27.0692) (-178.421,-290.464,27.0692)
  m[0][19] pts=2 (-172.414,-273.496,27.0692) (-178.421,-290.464,27.0692)
  m[0][20] pts=2 (-101.457,-298.618,9.65167) (-107.465,-315.586,9.65167)
  m[0][21] pts=2 (-101.457,-298.618,9.65167) (-107.465,-315.586,9.65167)
  m[0][22] pts=2 (-101.457,-298.618,98.6617) (-107.465,-315.586,98.6617)
  m[0][23] pts=2 (-101.457,-298.618,98.6617) (-107.465,-315.586,98.6617)
  f[0][0] pts=2 (-101.457,-298.618,187.672) (-95.45,-281.651,187.672)
  f[0][1] pts=2 (-101.457,-298.618,187.672) (-95.45,-281.651,187.672)
  f[0][2] pts=2 (-172.414,-273.496,187.672) (-166.407,-256.529,187.672)
  f[0][3] pts=2 (-172.414,-273.496,187.672) (-166.407,-256.529,187.672)
  f[0][4] pts=2 (-243.371,-248.374,187.672) (-237.363,-231.406,187.672)
  f[0][5] pts=2 (-243.371,-248.374,187.672) (-237.363,-231.406,187.672)
  f[0][6] pts=2 (-314.327,-223.252,187.672) (-308.32,-206.284,187.672)
  f[0][7] pts=2 (-314.327,-223.252,187.672) (-308.32,-206.284,187.672)
  f[0][8] pts=2 (-385.284,-198.13,187.672) (-379.276,-181.162,187.672)
  f[0][9] pts=2 (-385.284,-198.13,187.672) (-379.276,-181.162,187.672)
  f[0][10] pts=2 (-385.284,-198.13,133.497) (-379.276,-181.162,133.497)
  f[0][11] pts=2 (-385.284,-198.13,133.497) (-379.276,-181.162,133.497)
  f[0][12] pts=2 (-385.284,-198.13,79.3217) (-379.276,-181.162,79.3217)
  f[0][13] pts=2 (-385.284,-198.13,79.3217) (-379.276,-181.162,79.3217)
  f[0][14] pts=2 (-314.327,-223.252,61.9042) (-308.32,-206.284,61.9042)
  f[0][15] pts=2 (-314.327,-223.252,61.9042) (-308.32,-206.284,61.9042)
  f[0][16] pts=2 (-243.371,-248.374,44.4867) (-237.363,-231.406,44.4867)
  f[0][17] pts=2 (-243.371,-248.374,44.4867) (-237.363,-231.406,44.4867)
  f[0][18] pts=2 (-172.414,-273.496,27.0692) (-166.407,-256.529,27.0692)
  f[0][19] pts=2 (-172.414,-273.496,27.0692) (-166.407,-256.529,27.0692)
  f[0][20] pts=2 (-101.457,-298.618,9.65167) (-95.45,-281.651,9.65167)
  f[0][21] pts=2 (-101.457,-298.618,9.65167) (-95.45,-281.651,9.65167)
  f[0][22] pts=2 (-101.457,-298.618,98.6617) (-95.45,-281.651,98.6617)
  f[0][23] pts=2 (-101.457,-298.618,98.6617) (-95.45,-281.651,98.6617)
  m[1][0] pts=2 (-101.457,-298.618,187.672) (-107.465,-315.586,187.672)
  m[1][1] pts=2 (-101.457,-298.618,187.672) (-107.465,-315.586,187.672)
  m[1][2] pts=2 (-172.414,-273.496,187.672) (-178.421,-290.464,187.672)
  m[1][3] pts=2 (-172.414,-273.496,187.672) (-178.421,-290.464,187.672)
  m[1][4] pts=2 (-243.371,-248.374,187.672) (-249.378,-265.342,187.672)
  m[1][5] pts=2 (-243.371,-248.374,187.672) (-249.378,-265.342,187.672)
  m[1][6] pts=2 (-314.327,-223.252,187.672) (-320.335,-240.22,187.672)
  m[1][7] pts=2 (-314.327,-223.252,187.672) (-320.335,-240.22,187.672)
  m[1][8] pts=2 (-385.284,-198.13,187.672) (-391.291,-215.098,187.672)
  m[1][9] pts=2 (-385.284,-198.13,187.672) (-391.291,-215.098,187.672)
  m[1][10] pts=2 (-385.284,-198.13,133.497) (-391.291,-215.098,133.497)
  m[1][11] pts=2 (-385.284,-198.13,133.497) (-391.291,-215.098,133.497)
  m[1][12] pts=2 (-385.284,-198.13,79.3217) (-391.291,-215.098,79.3217)
  m[1][13] pts=2 (-385.284,-198.13,79.3217) (-391.291,-215.098,79.3217)
  m[1][14] pts=2 (-314.327,-223.252,61.9042) (-320.335,-240.22,61.9042)
  m[1][15] pts=2 (-314.327,-223.252,61.9042) (-320.335,-240.22,61.9042)
  m[1][16] pts=2 (-243.371,-248.374,44.4867) (-249.378,-265.342,44.4867)
  m[1][17] pts=2 (-243.371,-248.374,44.4867) (-249.378,-265.342,44.4867)
  m[1][18] pts=2 (-172.414,-273.496,27.0692) (-178.421,-290.464,27.0692)
  m[1][19] pts=2 (-172.414,-273.496,27.0692) (-178.421,-290.464,27.0692)
  m[1][20] pts=2 (-101.457,-298.618,9.65167) (-107.465,-315.586,9.65167)
  m[1][21] pts=2 (-101.457,-298.618,9.65167) (-107.465,-315.586,9.65167)
  m[1][22] pts=2 (-101.457,-298.618,98.6617) (-107.465,-315.586,98.6617)
  m[1][23] pts=2 (-101.457,-298.618,98.6617) (-107.465,-315.586,98.6617)
  f[1][0] pts=2 (-101.457,-298.618,187.672) (-95.45,-281.651,187.672)
  f[1][1] pts=2 (-101.457,-298.618,187.672) (-95.45,-281.651,187.672)
  f[1][2] pts=2 (-172.414,-273.496,187.672) (-166.407,-256.529,187.672)
  f[1][3] pts=2 (-172.414,-273.496,187.672) (-166.407,-256.529,187.672)
  f[1][4] pts=2 (-243.371,-248.374,187.672) (-237.363,-231.406,187.672)
  f[1][5] pts=2 (-243.371,-248.374,187.672) (-237.363,-231.406,187.672)
  f[1][6] pts=2 (-314.327,-223.252,187.672) (-308.32,-206.284,187.672)
  f[1][7] pts=2 (-314.327,-223.252,187.672) (-308.32,-206.284,187.672)
  f[1][8] pts=2 (-385.284,-198.13,187.672) (-379.276,-181.162,187.672)
  f[1][9] pts=2 (-385.284,-198.13,187.672) (-379.276,-181.162,187.672)
  f[1][10] pts=2 (-385.284,-198.13,133.497) (-379.276,-181.162,133.497)
  f[1][11] pts=2 (-385.284,-198.13,133.497) (-379.276,-181.162,133.497)
  f[1][12] pts=2 (-385.284,-198.13,79.3217) (-379.276,-181.162,79.3217)
  f[1][13] pts=2 (-385.284,-198.13,79.3217) (-379.276,-181.162,79.3217)
  f[1][14] pts=2 (-314.327,-223.252,61.9042) (-308.32,-206.284,61.9042)
  f[1][15] pts=2 (-314.327,-223.252,61.9042) (-308.32,-206.284,61.9042)
  f[1][16] pts=2 (-243.371,-248.374,44.4867) (-237.363,-231.406,44.4867)
  f[1][17] pts=2 (-243.371,-248.374,44.4867) (-237.363,-231.406,44.4867)
  f[1][18] pts=2 (-172.414,-273.496,27.0692) (-166.407,-256.529,27.0692)
  f[1][19] pts=2 (-172.414,-273.496,27.0692) (-166.407,-256.529,27.0692)
  f[1][20] pts=2 (-101.457,-298.618,9.65167) (-95.45,-281.651,9.65167)
  f[1][21] pts=2 (-101.457,-298.618,9.65167) (-95.45,-281.651,9.65167)
  f[1][22] pts=2 (-101.457,-298.618,98.6617) (-95.45,-281.651,98.6617)
  f[1][23] pts=2 (-101.457,-298.618,98.6617) (-95.45,-281.651,98.6617)
joint 84 type=11 v0=48 v1=46 f0_0=3 f1_0=4 name=ss_e_op_1 orient=1 div=1 shift=0.66
  jv[0] pts=5 (-380.152,77.4976,223.672) (-364.019,65.6331,223.672) (-367.614,45.9327,223.672) (-383.746,57.7972,223.672) (-380.152,77.4976,223.672)
  jv[1] pts=5 (-380.152,77.4976,63.1338) (-364.019,65.6331,63.1338) (-367.614,45.9327,63.1338) (-383.746,57.7972,63.1338) (-380.152,77.4976,63.1338)
  m[0][0] pts=4 (-380.152,77.4976,170.159) (-364.019,65.6331,170.159) (-364.019,65.6331,108.085) (-380.152,77.4976,108.085)
  m[0][1] pts=2 (-380.152,77.4976,170.159) (-380.152,77.4976,108.085)
  f[0][0] pts=4 (-367.614,45.9327,161.597) (-364.019,65.6331,170.159) (-364.019,65.6331,108.085) (-367.614,45.9327,116.647)
  f[0][1] pts=2 (-367.614,45.9327,161.597) (-367.614,45.9327,116.647)
  m[1][0] pts=4 (-383.746,57.7972,161.597) (-367.614,45.9327,161.597) (-367.614,45.9327,116.647) (-383.746,57.7972,116.647)
  m[1][1] pts=2 (-383.746,57.7972,161.597) (-383.746,57.7972,116.647)
  f[1][0] pts=4 (-383.746,57.7972,161.597) (-380.152,77.4976,170.159) (-380.152,77.4976,108.085) (-383.746,57.7972,116.647)
  f[1][1] pts=2 (-383.746,57.7972,161.597) (-383.746,57.7972,116.647)
joint 85 type=11 v0=48 v1=47 f0_0=5 f1_0=3 name=ss_e_op_0 orient=1 div=1 shift=0.66
  jv[0] pts=5 (-18.5875,-188.412,-37.8351) (-33.8723,-177.171,-37.8351) (-39.7041,-195.226,-37.8351) (-24.4194,-206.467,-37.8351) (-18.5875,-188.412,-37.8351)
  jv[1] pts=5 (-18.5875,-188.412,223.672) (-33.8723,-177.171,223.672) (-39.7041,-195.226,223.672) (-24.4194,-206.467,223.672) (-18.5875,-188.412,223.672)
  m[0][0] pts=12 (-24.4194,-206.467,186.314) (-39.7041,-195.226,186.314) (-39.7041,-195.226,148.956) (-24.4194,-206.467,148.956) (-24.4194,-206.467,111.598) (-39.7041,-195.226,111.598) (-39.7041,-195.226,74.2395) (-24.4194,-206.467,74.2395) (-24.4194,-206.467,36.8813) (-39.7041,-195.226,36.8813) (-39.7041,-195.226,-0.47689) (-24.4194,-206.467,-0.47689)
  m[0][1] pts=2 (-24.4194,-206.467,223.672) (-24.4194,-206.467,-37.8351)
  f[0][0] pts=12 (-39.7041,-195.226,-0.47689) (-33.8723,-177.171,-0.47689) (-33.8723,-177.171,36.8813) (-39.7041,-195.226,36.8813) (-39.7041,-195.226,74.2395) (-33.8723,-177.171,74.2395) (-33.8723,-177.171,111.598) (-39.7041,-195.226,111.598) (-39.7041,-195.226,148.956) (-33.8723,-177.171,148.956) (-33.8723,-177.171,186.314) (-39.7041,-195.226,186.314)
  f[0][1] pts=2 (-39.7041,-195.226,-37.8351) (-39.7041,-195.226,223.672)
  m[1][0] pts=12 (-18.5875,-188.412,186.314) (-33.8723,-177.171,186.314) (-33.8723,-177.171,148.956) (-18.5875,-188.412,148.956) (-18.5875,-188.412,111.598) (-33.8723,-177.171,111.598) (-33.8723,-177.171,74.2395) (-18.5875,-188.412,74.2395) (-18.5875,-188.412,36.8813) (-33.8723,-177.171,36.8813) (-33.8723,-177.171,-0.47689) (-18.5875,-188.412,-0.47689)
  m[1][1] pts=2 (-18.5875,-188.412,223.672) (-18.5875,-188.412,-37.8351)
  f[1][0] pts=12 (-24.4194,-206.467,-0.47689) (-18.5875,-188.412,-0.47689) (-18.5875,-188.412,36.8813) (-24.4194,-206.467,36.8813) (-24.4194,-206.467,74.2395) (-18.5875,-188.412,74.2395) (-18.5875,-188.412,111.598) (-24.4194,-206.467,111.598) (-24.4194,-206.467,148.956) (-18.5875,-188.412,148.956) (-18.5875,-188.412,186.314) (-24.4194,-206.467,186.314)
  f[1][1] pts=2 (-24.4194,-206.467,-37.8351) (-24.4194,-206.467,223.672)
joint 86 type=11 v0=50 v1=49 f0_0=4 f1_0=2 name=ss_e_op_1 orient=1 div=1 shift=0.66
  jv[0] pts=5 (-437.377,-500.79,232.673) (-437.377,-500.79,214.673) (-437.377,-482.79,214.673) (-437.377,-482.79,232.673) (-437.377,-500.79,232.673)
  jv[1] pts=5 (-101.485,-500.79,232.673) (-101.485,-500.79,214.673) (-101.485,-482.79,214.673) (-101.485,-482.79,232.673) (-101.485,-500.79,232.673)
  m[0][0] pts=4 (-325.413,-500.79,232.673) (-325.413,-500.79,214.673) (-195.535,-500.79,214.673) (-195.535,-500.79,232.673)
  m[0][1] pts=2 (-325.413,-500.79,232.673) (-195.535,-500.79,232.673)
  f[0][0] pts=4 (-307.499,-482.79,214.673) (-325.413,-500.79,214.673) (-195.535,-500.79,214.673) (-213.449,-482.79,214.673)
  f[0][1] pts=2 (-307.499,-482.79,214.673) (-213.449,-482.79,214.673)
  m[1][0] pts=4 (-307.499,-482.79,232.673) (-307.499,-482.79,214.673) (-213.449,-482.79,214.673) (-213.449,-482.79,232.673)
  m[1][1] pts=2 (-307.499,-482.79,232.673) (-213.449,-482.79,232.673)
  f[1][0] pts=4 (-307.499,-482.79,232.673) (-325.413,-500.79,232.673) (-195.535,-500.79,232.673) (-213.449,-482.79,232.673)
  f[1][1] pts=2 (-307.499,-482.79,232.673) (-213.449,-482.79,232.673)
joint 87 type=11 v0=51 v1=49 f0_0=3 f1_0=5 name=ss_e_op_1 orient=1 div=1 shift=0.66
  jv[0] pts=5 (-428.422,-195.044,232.673) (-428.422,-195.044,214.673) (-410.455,-196.132,214.673) (-410.455,-196.132,232.673) (-428.422,-195.044,232.673)
  jv[1] pts=5 (-446.363,-491.248,232.673) (-446.363,-491.248,214.673) (-428.396,-492.336,214.673) (-428.396,-492.336,232.673) (-446.363,-491.248,232.673)
  m[0][0] pts=4 (-434.402,-293.778,232.673) (-434.402,-293.778,214.673) (-441.34,-408.311,214.673) (-441.34,-408.311,232.673)
  m[0][1] pts=2 (-434.402,-293.778,232.673) (-441.34,-408.311,232.673)
  f[0][0] pts=4 (-417.392,-310.664,214.673) (-434.402,-293.778,214.673) (-441.34,-408.311,214.673) (-422.416,-393.601,214.673)
  f[0][1] pts=2 (-417.392,-310.664,214.673) (-422.416,-393.601,214.673)
  m[1][0] pts=4 (-417.392,-310.664,232.673) (-417.392,-310.664,214.673) (-422.416,-393.601,214.673) (-422.416,-393.601,232.673)
  m[1][1] pts=2 (-417.392,-310.664,232.673) (-422.416,-393.601,232.673)
  f[1][0] pts=4 (-417.392,-310.664,232.673) (-434.402,-293.778,232.673) (-441.34,-408.311,232.673) (-422.416,-393.601,232.673)
  f[1][1] pts=2 (-417.392,-310.664,232.673) (-422.416,-393.601,232.673)
joint 88 type=11 v0=52 v1=49 f0_0=4 f1_0=3 name=ss_e_op_1 orient=1 div=1 shift=0.66
  jv[0] pts=5 (-92.6358,-493.443,232.673) (-92.6358,-493.443,214.673) (-110.33,-490.137,214.673) (-110.33,-490.137,232.673) (-92.6358,-493.443,232.673)
  jv[1] pts=5 (-60.4505,-321.206,232.673) (-60.4505,-321.206,214.673) (-78.1442,-317.9,214.673) (-78.1442,-317.9,232.673) (-60.4505,-321.206,232.673)
  m[0][0] pts=4 (-81.9074,-436.031,232.673) (-81.9074,-436.031,214.673) (-69.4624,-369.432,214.673) (-69.4624,-369.432,232.673)
  m[0][1] pts=2 (-81.9074,-436.031,232.673) (-69.4624,-369.432,232.673)
  f[0][0] pts=4 (-97.8845,-423.538,214.673) (-81.9074,-436.031,214.673) (-69.4624,-369.432,214.673) (-88.8727,-375.312,214.673)
  f[0][1] pts=2 (-97.8845,-423.538,214.673) (-88.8727,-375.312,214.673)
  m[1][0] pts=4 (-97.8845,-423.538,232.673) (-97.8845,-423.538,214.673) (-88.8727,-375.312,214.673) (-88.8727,-375.312,232.673)
  m[1][1] pts=2 (-97.8845,-423.538,232.673) (-88.8727,-375.312,232.673)
  f[1][0] pts=4 (-97.8845,-423.538,232.673) (-81.9074,-436.031,232.673) (-69.4624,-369.432,232.673) (-88.8727,-375.312,232.673)
  f[1][1] pts=2 (-97.8845,-423.538,232.673) (-88.8727,-375.312,232.673)
joint 89 type=11 v0=53 v1=49 f0_0=4 f1_0=4 name=ss_e_op_1 orient=1 div=1 shift=0.66
  jv[0] pts=5 (-66.2935,-311.068,232.673) (-66.2935,-311.068,214.673) (-72.301,-328.036,214.673) (-72.301,-328.036,232.673) (-66.2935,-311.068,232.673)
  jv[1] pts=5 (-416.437,-187.1,232.673) (-416.437,-187.1,214.673) (-422.445,-204.068,214.673) (-422.445,-204.068,232.673) (-416.437,-187.1,232.673)
  m[0][0] pts=4 (-183.008,-269.746,232.673) (-183.008,-269.746,214.673) (-318.397,-221.811,214.673) (-318.397,-221.811,232.673)
  m[0][1] pts=2 (-183.008,-269.746,232.673) (-318.397,-221.811,232.673)
  f[0][0] pts=4 (-207.69,-280.102,214.673) (-183.008,-269.746,214.673) (-318.397,-221.811,214.673) (-305.73,-245.391,214.673)
  f[0][1] pts=2 (-207.69,-280.102,214.673) (-305.73,-245.391,214.673)
  m[1][0] pts=4 (-207.69,-280.102,232.673) (-207.69,-280.102,214.673) (-305.73,-245.391,214.673) (-305.73,-245.391,232.673)
  m[1][1] pts=2 (-207.69,-280.102,232.673) (-305.73,-245.391,232.673)
  f[1][0] pts=4 (-207.69,-280.102,232.673) (-183.008,-269.746,232.673) (-318.397,-221.811,232.673) (-305.73,-245.391,232.673)
  f[1][1] pts=2 (-207.69,-280.102,232.673) (-305.73,-245.391,232.673)
joint 90 type=11 v0=51 v1=50 f0_0=2 f1_0=5 name=ss_e_op_0 orient=1 div=1 shift=0.66
  jv[0] pts=5 (-446.941,-500.79,223.674) (-445.851,-482.79,223.674) (-427.818,-482.79,223.674) (-428.908,-500.79,223.674) (-446.941,-500.79,223.674)
  jv[1] pts=5 (-446.941,-500.79,4.59902) (-445.851,-482.79,4.59902) (-427.818,-482.79,4.59902) (-428.908,-500.79,4.59902) (-446.941,-500.79,4.59902)
  m[0][0] pts=12 (-428.908,-500.79,35.8955) (-427.818,-482.79,35.8955) (-427.818,-482.79,67.192) (-428.908,-500.79,67.192) (-428.908,-500.79,98.4884) (-427.818,-482.79,98.4884) (-427.818,-482.79,129.785) (-428.908,-500.79,129.785) (-428.908,-500.79,161.081) (-427.818,-482.79,161.081) (-427.818,-482.79,192.378) (-428.908,-500.79,192.378)
  m[0][1] pts=2 (-428.908,-500.79,4.59902) (-428.908,-500.79,223.674)
  f[0][0] pts=12 (-427.818,-482.79,192.378) (-445.851,-482.79,192.378) (-445.851,-482.79,161.081) (-427.818,-482.79,161.081) (-427.818,-482.79,129.785) (-445.851,-482.79,129.785) (-445.851,-482.79,98.4884) (-427.818,-482.79,98.4884) (-427.818,-482.79,67.192) (-445.851,-482.79,67.192) (-445.851,-482.79,35.8955) (-427.818,-482.79,35.8955)
  f[0][1] pts=2 (-427.818,-482.79,223.674) (-427.818,-482.79,4.59902)
  m[1][0] pts=12 (-446.941,-500.79,35.8955) (-445.851,-482.79,35.8955) (-445.851,-482.79,67.192) (-446.941,-500.79,67.192) (-446.941,-500.79,98.4884) (-445.851,-482.79,98.4884) (-445.851,-482.79,129.785) (-446.941,-500.79,129.785) (-446.941,-500.79,161.081) (-445.851,-482.79,161.081) (-445.851,-482.79,192.378) (-446.941,-500.79,192.378)
  m[1][1] pts=2 (-446.941,-500.79,4.59902) (-446.941,-500.79,223.674)
  f[1][0] pts=12 (-428.908,-500.79,192.378) (-446.941,-500.79,192.378) (-446.941,-500.79,161.081) (-428.908,-500.79,161.081) (-428.908,-500.79,129.785) (-446.941,-500.79,129.785) (-446.941,-500.79,98.4884) (-428.908,-500.79,98.4884) (-428.908,-500.79,67.192) (-446.941,-500.79,67.192) (-446.941,-500.79,35.8955) (-428.908,-500.79,35.8955)
  f[1][1] pts=2 (-428.908,-500.79,223.674) (-428.908,-500.79,4.59902)
joint 91 type=11 v0=52 v1=50 f0_0=5 f1_0=3 name=ss_e_op_1 orient=1 div=1 shift=0.66
  jv[0] pts=5 (-94.0087,-500.79,-62.1105) (-90.6451,-482.79,-62.1105) (-108.957,-482.79,-62.1105) (-112.32,-500.79,-62.1105) (-94.0087,-500.79,-62.1105)
  jv[1] pts=5 (-94.0087,-500.79,223.675) (-90.6451,-482.79,223.675) (-108.957,-482.79,223.675) (-112.32,-500.79,223.675) (-94.0087,-500.79,223.675)
  m[0][0] pts=4 (-94.0087,-500.79,33.1514) (-90.6451,-482.79,33.1514) (-90.6451,-482.79,143.655) (-94.0087,-500.79,143.655)
  m[0][1] pts=2 (-94.0087,-500.79,33.1514) (-94.0087,-500.79,143.655)
  f[0][0] pts=4 (-108.957,-482.79,48.3933) (-90.6451,-482.79,33.1514) (-90.6451,-482.79,143.655) (-108.957,-482.79,128.413)
  f[0][1] pts=2 (-108.957,-482.79,48.3933) (-108.957,-482.79,128.413)
  m[1][0] pts=4 (-112.32,-500.79,48.3933) (-108.957,-482.79,48.3933) (-108.957,-482.79,128.413) (-112.32,-500.79,128.413)
  m[1][1] pts=2 (-112.32,-500.79,48.3933) (-112.32,-500.79,128.413)
  f[1][0] pts=4 (-112.32,-500.79,48.3933) (-94.0087,-500.79,33.1514) (-94.0087,-500.79,143.655) (-112.32,-500.79,128.413)
  f[1][1] pts=2 (-112.32,-500.79,48.3933) (-112.32,-500.79,128.413)
joint 92 type=11 v0=53 v1=51 f0_0=3 f1_0=4 name=ss_e_op_1 orient=1 div=1 shift=0.66
  jv[0] pts=5 (-427.7,-183.113,223.674) (-410.045,-189.363,223.674) (-411.178,-208.057,223.674) (-428.832,-201.807,223.674) (-427.7,-183.113,223.674)
  jv[1] pts=5 (-427.7,-183.113,40.2554) (-410.045,-189.363,40.2554) (-411.178,-208.057,40.2554) (-428.832,-201.807,40.2554) (-427.7,-183.113,40.2554)
  m[0][0] pts=4 (-427.7,-183.113,162.534) (-410.045,-189.363,162.534) (-410.045,-189.363,91.6125) (-427.7,-183.113,91.6125)
  m[0][1] pts=2 (-427.7,-183.113,162.534) (-427.7,-183.113,91.6125)
  f[0][0] pts=4 (-411.178,-208.057,152.752) (-410.045,-189.363,162.534) (-410.045,-189.363,91.6125) (-411.178,-208.057,101.395)
  f[0][1] pts=2 (-411.178,-208.057,152.752) (-411.178,-208.057,101.395)
  m[1][0] pts=4 (-428.832,-201.807,152.752) (-411.178,-208.057,152.752) (-411.178,-208.057,101.395) (-428.832,-201.807,101.395)
  m[1][1] pts=2 (-428.832,-201.807,152.752) (-428.832,-201.807,101.395)
  f[1][0] pts=4 (-428.832,-201.807,152.752) (-427.7,-183.113,162.534) (-427.7,-183.113,91.6125) (-428.832,-201.807,101.395)
  f[1][1] pts=2 (-428.832,-201.807,152.752) (-428.832,-201.807,101.395)
joint 93 type=11 v0=53 v1=52 f0_0=5 f1_0=3 name=ss_e_op_0 orient=1 div=1 shift=0.66
  jv[0] pts=5 (-59.0363,-313.638,-45.7004) (-76.2115,-307.557,-45.7004) (-79.5583,-325.467,-45.7004) (-62.383,-331.548,-45.7004) (-59.0363,-313.638,-45.7004)
  jv[1] pts=5 (-59.0363,-313.638,223.671) (-76.2115,-307.557,223.671) (-79.5583,-325.467,223.671) (-62.383,-331.548,223.671) (-59.0363,-313.638,223.671)
  m[0][0] pts=12 (-62.383,-331.548,185.189) (-79.5583,-325.467,185.189) (-79.5583,-325.467,146.708) (-62.383,-331.548,146.708) (-62.383,-331.548,108.226) (-79.5583,-325.467,108.226) (-79.5583,-325.467,69.7444) (-62.383,-331.548,69.7444) (-62.383,-331.548,31.2628) (-79.5583,-325.467,31.2628) (-79.5583,-325.467,-7.2188) (-62.383,-331.548,-7.2188)
  m[0][1] pts=2 (-62.383,-331.548,223.671) (-62.383,-331.548,-45.7004)
  f[0][0] pts=12 (-79.5583,-325.467,-7.2188) (-76.2115,-307.557,-7.2188) (-76.2115,-307.557,31.2628) (-79.5583,-325.467,31.2628) (-79.5583,-325.467,69.7444) (-76.2115,-307.557,69.7444) (-76.2115,-307.557,108.226) (-79.5583,-325.467,108.226) (-79.5583,-325.467,146.708) (-76.2115,-307.557,146.708) (-76.2115,-307.557,185.189) (-79.5583,-325.467,185.189)
  f[0][1] pts=2 (-79.5583,-325.467,-45.7004) (-79.5583,-325.467,223.671)
  m[1][0] pts=12 (-59.0363,-313.638,185.189) (-76.2115,-307.557,185.189) (-76.2115,-307.557,146.708) (-59.0363,-313.638,146.708) (-59.0363,-313.638,108.226) (-76.2115,-307.557,108.226) (-76.2115,-307.557,69.7444) (-59.0363,-313.638,69.7444) (-59.0363,-313.638,31.2628) (-76.2115,-307.557,31.2628) (-76.2115,-307.557,-7.2188) (-59.0363,-313.638,-7.2188)
  m[1][1] pts=2 (-59.0363,-313.638,223.671) (-59.0363,-313.638,-45.7004)
  f[1][0] pts=12 (-62.383,-331.548,-7.2188) (-59.0363,-313.638,-7.2188) (-59.0363,-313.638,31.2628) (-62.383,-331.548,31.2628) (-62.383,-331.548,69.7444) (-59.0363,-313.638,69.7444) (-59.0363,-313.638,108.226) (-62.383,-331.548,108.226) (-62.383,-331.548,146.708) (-59.0363,-313.638,146.708) (-59.0363,-313.638,185.189) (-62.383,-331.548,185.189)
  f[1][1] pts=2 (-62.383,-331.548,-45.7004) (-62.383,-331.548,223.671)
