ISO-10303-21;
HEADER;
/* Generated by software containing ST-Developer
 * from STEP Tools, Inc. (www.steptools.com) 
 */
/* OPTION: using custom schema-name function */

FILE_DESCRIPTION(
/* description */ (''),
/* implementation_level */ '2;1');

FILE_NAME(
/* name */ 'schoring_head_0',
/* time_stamp */ '2025-09-21T23:05:37+02:00',
/* author */ (''),
/* organization */ (''),
/* preprocessor_version */ 'ST-DEVELOPER v19.2',
/* originating_system */ 'Rhino 8.23',
/* authorisation */ '');

FILE_SCHEMA (('CONFIG_CONTROL_DESIGN'));
ENDSEC;

DATA;
#10=SHAPE_REPRESENTATION_RELATIONSHIP('','',#1314,#182);
#11=(
BOUNDED_SURFACE()
B_SPLINE_SURFACE(2,1,((#1707,#1708),(#1709,#1710),(#1711,#1712),(#1713,
#1714),(#1715,#1716),(#1717,#1718),(#1719,#1720),(#1721,#1722),(#1723,#1724)),
 .UNSPECIFIED.,.T.,.F.,.F.)
B_SPLINE_SURFACE_WITH_KNOTS((3,2,2,2,3),(2,2),(0.,0.00785398163397448,0.015707963267949,
0.0235619449019235,0.0314159265358979),(-0.0252506198862916,-0.0218150859803645),
 .UNSPECIFIED.)
GEOMETRIC_REPRESENTATION_ITEM()
RATIONAL_B_SPLINE_SURFACE(((1.,1.),(0.707106781186548,0.707106781186548),
(1.,1.),(0.707106781186548,0.707106781186548),(1.,1.),(0.707106781186548,
0.707106781186548),(1.,1.),(0.707106781186548,0.707106781186548),(1.,1.)))
REPRESENTATION_ITEM('')
SURFACE()
);
#12=(
BOUNDED_SURFACE()
B_SPLINE_SURFACE(2,1,((#1726,#1727),(#1728,#1729),(#1730,#1731),(#1732,
#1733),(#1734,#1735),(#1736,#1737),(#1738,#1739),(#1740,#1741),(#1742,#1743)),
 .UNSPECIFIED.,.T.,.F.,.F.)
B_SPLINE_SURFACE_WITH_KNOTS((3,2,2,2,3),(2,2),(0.,0.00785398163397448,0.015707963267949,
0.0235619449019235,0.0314159265358979),(-0.0252506198862916,-0.0218150859803645),
 .UNSPECIFIED.)
GEOMETRIC_REPRESENTATION_ITEM()
RATIONAL_B_SPLINE_SURFACE(((1.,1.),(0.707106781186548,0.707106781186548),
(1.,1.),(0.707106781186548,0.707106781186548),(1.,1.),(0.707106781186548,
0.707106781186548),(1.,1.),(0.707106781186548,0.707106781186548),(1.,1.)))
REPRESENTATION_ITEM('')
SURFACE()
);
#13=(
BOUNDED_SURFACE()
B_SPLINE_SURFACE(2,1,((#1746,#1747),(#1748,#1749),(#1750,#1751),(#1752,
#1753),(#1754,#1755),(#1756,#1757),(#1758,#1759),(#1760,#1761),(#1762,#1763)),
 .UNSPECIFIED.,.T.,.F.,.F.)
B_SPLINE_SURFACE_WITH_KNOTS((3,2,2,2,3),(2,2),(0.,0.00785398163397448,0.015707963267949,
0.0235619449019235,0.0314159265358979),(-0.0252506198862916,-0.0218150859803645),
 .UNSPECIFIED.)
GEOMETRIC_REPRESENTATION_ITEM()
RATIONAL_B_SPLINE_SURFACE(((1.,1.),(0.707106781186548,0.707106781186548),
(1.,1.),(0.707106781186548,0.707106781186548),(1.,1.),(0.707106781186548,
0.707106781186548),(1.,1.),(0.707106781186548,0.707106781186548),(1.,1.)))
REPRESENTATION_ITEM('')
SURFACE()
);
#14=(
BOUNDED_SURFACE()
B_SPLINE_SURFACE(2,1,((#1766,#1767),(#1768,#1769),(#1770,#1771),(#1772,
#1773),(#1774,#1775),(#1776,#1777),(#1778,#1779),(#1780,#1781),(#1782,#1783)),
 .UNSPECIFIED.,.T.,.F.,.F.)
B_SPLINE_SURFACE_WITH_KNOTS((3,2,2,2,3),(2,2),(0.,0.00785398163397448,0.015707963267949,
0.0235619449019235,0.0314159265358979),(-0.0252506198862916,-0.0218150859803645),
 .UNSPECIFIED.)
GEOMETRIC_REPRESENTATION_ITEM()
RATIONAL_B_SPLINE_SURFACE(((1.,1.),(0.707106781186548,0.707106781186548),
(1.,1.),(0.707106781186548,0.707106781186548),(1.,1.),(0.707106781186548,
0.707106781186548),(1.,1.),(0.707106781186548,0.707106781186548),(1.,1.)))
REPRESENTATION_ITEM('')
SURFACE()
);
#15=FACE_BOUND('',#350,.T.);
#16=FACE_BOUND('',#356,.T.);
#17=FACE_BOUND('',#357,.T.);
#18=FACE_BOUND('',#358,.T.);
#19=FACE_BOUND('',#359,.T.);
#20=FACE_BOUND('',#360,.T.);
#21=FACE_BOUND('',#361,.T.);
#22=FACE_BOUND('',#363,.T.);
#23=FACE_BOUND('',#364,.T.);
#24=FACE_BOUND('',#365,.T.);
#25=FACE_BOUND('',#366,.T.);
#26=FACE_BOUND('',#367,.T.);
#27=FACE_BOUND('',#368,.T.);
#28=FACE_BOUND('',#389,.T.);
#29=FACE_BOUND('',#390,.T.);
#30=FACE_BOUND('',#391,.T.);
#31=FACE_BOUND('',#398,.T.);
#32=FACE_BOUND('',#399,.T.);
#33=FACE_BOUND('',#400,.T.);
#34=FACE_BOUND('',#412,.T.);
#35=FACE_BOUND('',#413,.T.);
#36=FACE_BOUND('',#416,.T.);
#37=FACE_BOUND('',#417,.T.);
#38=FACE_BOUND('',#419,.T.);
#39=FACE_BOUND('',#420,.T.);
#40=FACE_BOUND('',#423,.T.);
#41=FACE_BOUND('',#424,.T.);
#42=FACE_BOUND('',#435,.T.);
#43=B_SPLINE_CURVE_WITH_KNOTS('',1,(#1681,#1682),.UNSPECIFIED.,.F.,.F.,
(2,2),(0.0100000000000104,110.010000000003),.UNSPECIFIED.);
#44=B_SPLINE_CURVE_WITH_KNOTS('',1,(#1695,#1696),.UNSPECIFIED.,.F.,.F.,
(2,2),(0.0100000000000031,5.01000000000021),.UNSPECIFIED.);
#45=B_SPLINE_CURVE_WITH_KNOTS('',1,(#1813,#1814),.UNSPECIFIED.,.F.,.F.,
(2,2),(0.0248861800815839,0.154886180081576),.UNSPECIFIED.);
#46=B_SPLINE_CURVE_WITH_KNOTS('',1,(#1815,#1816),.UNSPECIFIED.,.F.,.F.,
(2,2),(0.,0.02),.UNSPECIFIED.);
#47=B_SPLINE_CURVE_WITH_KNOTS('',1,(#1817,#1818),.UNSPECIFIED.,.F.,.F.,
(2,2),(0.0248861800815839,0.154886180081576),.UNSPECIFIED.);
#48=B_SPLINE_CURVE_WITH_KNOTS('',1,(#1819,#1820),.UNSPECIFIED.,.F.,.F.,
(2,2),(0.,0.02),.UNSPECIFIED.);
#49=B_SPLINE_CURVE_WITH_KNOTS('',1,(#1821,#1822),.UNSPECIFIED.,.F.,.F.,
(2,2),(0.154886180081576,0.489886180081573),.UNSPECIFIED.);
#50=B_SPLINE_CURVE_WITH_KNOTS('',1,(#1823,#1824),.UNSPECIFIED.,.F.,.F.,
(2,2),(0.,0.02),.UNSPECIFIED.);
#51=B_SPLINE_CURVE_WITH_KNOTS('',1,(#1825,#1826),.UNSPECIFIED.,.F.,.F.,
(2,2),(0.154886180081576,0.489886180081573),.UNSPECIFIED.);
#52=B_SPLINE_CURVE_WITH_KNOTS('',1,(#1827,#1828),.UNSPECIFIED.,.F.,.F.,
(2,2),(0.489886180081573,0.619886180081552),.UNSPECIFIED.);
#53=B_SPLINE_CURVE_WITH_KNOTS('',1,(#1829,#1830),.UNSPECIFIED.,.F.,.F.,
(2,2),(0.,0.02),.UNSPECIFIED.);
#54=B_SPLINE_CURVE_WITH_KNOTS('',1,(#1831,#1832),.UNSPECIFIED.,.F.,.F.,
(2,2),(0.489886180081573,0.619886180081552),.UNSPECIFIED.);
#55=B_SPLINE_CURVE_WITH_KNOTS('',1,(#1833,#1834),.UNSPECIFIED.,.F.,.F.,
(2,2),(0.619886180081552,0.95488618008155),.UNSPECIFIED.);
#56=B_SPLINE_CURVE_WITH_KNOTS('',1,(#1835,#1836),.UNSPECIFIED.,.F.,.F.,
(2,2),(0.619886180081552,0.95488618008155),.UNSPECIFIED.);
#57=B_SPLINE_CURVE_WITH_KNOTS('',1,(#1839,#1840),.UNSPECIFIED.,.F.,.F.,
(2,2),(0.353688932482692,0.373688932482692),.UNSPECIFIED.);
#58=B_SPLINE_CURVE_WITH_KNOTS('',1,(#1843,#1844),.UNSPECIFIED.,.F.,.F.,
(2,2),(0.444873196774128,0.464873196774128),.UNSPECIFIED.);
#59=B_SPLINE_CURVE_WITH_KNOTS('',3,(#1869,#1870,#1871,#1872,#1873,#1874,
#1875,#1876,#1877,#1878,#1879,#1880,#1881),.UNSPECIFIED.,.T.,.F.,(4,3,3,
3,4),(0.,0.0109288356579668,0.0218732154055129,0.0328175951530545,0.0437464282053896),
 .UNSPECIFIED.);
#60=B_SPLINE_CURVE_WITH_KNOTS('',3,(#1882,#1883,#1884,#1885,#1886,#1887,
#1888,#1889,#1890,#1891,#1892,#1893,#1894),.UNSPECIFIED.,.T.,.F.,(4,3,3,
3,4),(0.,0.0163502562744452,0.0327005164471316,0.0490507766198224,0.0654010328942785),
 .UNSPECIFIED.);
#61=B_SPLINE_CURVE_WITH_KNOTS('',3,(#1911,#1912,#1913,#1914,#1915,#1916,
#1917,#1918,#1919,#1920,#1921,#1922,#1923),.UNSPECIFIED.,.T.,.F.,(4,3,3,
3,4),(0.,0.0109288350070265,0.0218732141027078,0.0328175931983771,0.0437464282053974),
 .UNSPECIFIED.);
#62=B_SPLINE_CURVE_WITH_KNOTS('',3,(#1924,#1925,#1926,#1927,#1928,#1929,
#1930,#1931,#1932,#1933,#1934,#1935,#1936),.UNSPECIFIED.,.T.,.F.,(4,3,3,
3,4),(0.,0.0163502562744433,0.0327005164471369,0.0490507766198281,0.0654010328942751),
 .UNSPECIFIED.);
#63=B_SPLINE_CURVE_WITH_KNOTS('',3,(#1953,#1954,#1955,#1956,#1957,#1958,
#1959,#1960,#1961,#1962,#1963,#1964,#1965),.UNSPECIFIED.,.T.,.F.,(4,3,3,
3,4),(0.,0.0109288350070296,0.021873214102702,0.0328175931983755,0.0437464282054006),
 .UNSPECIFIED.);
#64=B_SPLINE_CURVE_WITH_KNOTS('',3,(#1966,#1967,#1968,#1969,#1970,#1971,
#1972,#1973,#1974,#1975,#1976,#1977,#1978),.UNSPECIFIED.,.T.,.F.,(4,3,3,
3,4),(0.,0.0163502562744415,0.0327005164471295,0.0490507766198233,0.065401032894272),
 .UNSPECIFIED.);
#65=B_SPLINE_CURVE_WITH_KNOTS('',1,(#2044,#2045),.UNSPECIFIED.,.F.,.F.,
(2,2),(0.0100000000000354,7.99005014916502),.UNSPECIFIED.);
#66=B_SPLINE_CURVE_WITH_KNOTS('',1,(#2058,#2059),.UNSPECIFIED.,.F.,.F.,
(2,2),(0.0100000000000231,7.990050149165),.UNSPECIFIED.);
#67=B_SPLINE_CURVE_WITH_KNOTS('',1,(#2060,#2061),.UNSPECIFIED.,.F.,.F.,
(2,2),(8.97954284604714E-28,8.),.UNSPECIFIED.);
#68=B_SPLINE_CURVE_WITH_KNOTS('',1,(#2062,#2063),.UNSPECIFIED.,.F.,.F.,
(2,2),(-310.000000000001,0.),.UNSPECIFIED.);
#69=B_SPLINE_CURVE_WITH_KNOTS('',1,(#2064,#2065),.UNSPECIFIED.,.F.,.F.,
(2,2),(-8.,0.),.UNSPECIFIED.);
#70=B_SPLINE_CURVE_WITH_KNOTS('',1,(#2066,#2067),.UNSPECIFIED.,.F.,.F.,
(2,2),(0.,310.000000000001),.UNSPECIFIED.);
#71=B_SPLINE_CURVE_WITH_KNOTS('',1,(#2068,#2069),.UNSPECIFIED.,.F.,.F.,
(2,2),(-7.10542735760115E-15,31.8431457505076),.UNSPECIFIED.);
#72=B_SPLINE_CURVE_WITH_KNOTS('',1,(#2070,#2071),.UNSPECIFIED.,.F.,.F.,
(2,2),(-310.000000000001,0.),.UNSPECIFIED.);
#73=B_SPLINE_CURVE_WITH_KNOTS('',1,(#2072,#2073),.UNSPECIFIED.,.F.,.F.,
(2,2),(-31.8431457505076,0.),.UNSPECIFIED.);
#74=B_SPLINE_CURVE_WITH_KNOTS('',1,(#2074,#2075),.UNSPECIFIED.,.F.,.F.,
(2,2),(-7.38657096712759E-28,8.48528137423857),.UNSPECIFIED.);
#75=B_SPLINE_CURVE_WITH_KNOTS('',1,(#2076,#2077),.UNSPECIFIED.,.F.,.F.,
(2,2),(-310.000000000001,0.),.UNSPECIFIED.);
#76=B_SPLINE_CURVE_WITH_KNOTS('',1,(#2078,#2079),.UNSPECIFIED.,.F.,.F.,
(2,2),(-8.48528137423857,0.),.UNSPECIFIED.);
#77=B_SPLINE_CURVE_WITH_KNOTS('',1,(#2080,#2081),.UNSPECIFIED.,.F.,.F.,
(2,2),(-1.46664599509605E-28,40.3137084989849),.UNSPECIFIED.);
#78=B_SPLINE_CURVE_WITH_KNOTS('',1,(#2082,#2083),.UNSPECIFIED.,.F.,.F.,
(2,2),(-310.000000000001,0.),.UNSPECIFIED.);
#79=B_SPLINE_CURVE_WITH_KNOTS('',1,(#2084,#2085),.UNSPECIFIED.,.F.,.F.,
(2,2),(-40.3137084989849,0.),.UNSPECIFIED.);
#80=B_SPLINE_CURVE_WITH_KNOTS('',1,(#2086,#2087),.UNSPECIFIED.,.F.,.F.,
(2,2),(5.31242030966258E-28,8.48528137423857),.UNSPECIFIED.);
#81=B_SPLINE_CURVE_WITH_KNOTS('',1,(#2088,#2089),.UNSPECIFIED.,.F.,.F.,
(2,2),(-310.000000000001,0.),.UNSPECIFIED.);
#82=B_SPLINE_CURVE_WITH_KNOTS('',1,(#2090,#2091),.UNSPECIFIED.,.F.,.F.,
(2,2),(-8.48528137423857,0.),.UNSPECIFIED.);
#83=B_SPLINE_CURVE_WITH_KNOTS('',1,(#2092,#2093),.UNSPECIFIED.,.F.,.F.,
(2,2),(-1.46664599509605E-28,31.8431457505076),.UNSPECIFIED.);
#84=B_SPLINE_CURVE_WITH_KNOTS('',1,(#2094,#2095),.UNSPECIFIED.,.F.,.F.,
(2,2),(-310.000000000001,0.),.UNSPECIFIED.);
#85=B_SPLINE_CURVE_WITH_KNOTS('',1,(#2096,#2097),.UNSPECIFIED.,.F.,.F.,
(2,2),(-31.8431457505076,0.),.UNSPECIFIED.);
#86=B_SPLINE_CURVE_WITH_KNOTS('',1,(#2098,#2099),.UNSPECIFIED.,.F.,.F.,
(2,2),(-9.04265171846482E-28,8.),.UNSPECIFIED.);
#87=B_SPLINE_CURVE_WITH_KNOTS('',1,(#2100,#2101),.UNSPECIFIED.,.F.,.F.,
(2,2),(-310.000000000001,0.),.UNSPECIFIED.);
#88=B_SPLINE_CURVE_WITH_KNOTS('',1,(#2102,#2103),.UNSPECIFIED.,.F.,.F.,
(2,2),(-8.,0.),.UNSPECIFIED.);
#89=B_SPLINE_CURVE_WITH_KNOTS('',1,(#2104,#2105),.UNSPECIFIED.,.F.,.F.,
(2,2),(1.46664599509605E-28,28.5294372515228),.UNSPECIFIED.);
#90=B_SPLINE_CURVE_WITH_KNOTS('',1,(#2106,#2107),.UNSPECIFIED.,.F.,.F.,
(2,2),(-310.000000000001,0.),.UNSPECIFIED.);
#91=B_SPLINE_CURVE_WITH_KNOTS('',1,(#2108,#2109),.UNSPECIFIED.,.F.,.F.,
(2,2),(-28.5294372515228,0.),.UNSPECIFIED.);
#92=B_SPLINE_CURVE_WITH_KNOTS('',1,(#2110,#2111),.UNSPECIFIED.,.F.,.F.,
(2,2),(-5.31242030966244E-28,8.45706802462052),.UNSPECIFIED.);
#93=B_SPLINE_CURVE_WITH_KNOTS('',1,(#2112,#2113),.UNSPECIFIED.,.F.,.F.,
(2,2),(-310.000000000001,0.),.UNSPECIFIED.);
#94=B_SPLINE_CURVE_WITH_KNOTS('',1,(#2114,#2115),.UNSPECIFIED.,.F.,.F.,
(2,2),(-8.45706802462052,0.),.UNSPECIFIED.);
#95=B_SPLINE_CURVE_WITH_KNOTS('',1,(#2116,#2117),.UNSPECIFIED.,.F.,.F.,
(2,2),(1.46664599509605E-28,46.9810251986241),.UNSPECIFIED.);
#96=B_SPLINE_CURVE_WITH_KNOTS('',1,(#2118,#2119),.UNSPECIFIED.,.F.,.F.,
(2,2),(-310.000000000001,0.),.UNSPECIFIED.);
#97=B_SPLINE_CURVE_WITH_KNOTS('',1,(#2120,#2121),.UNSPECIFIED.,.F.,.F.,
(2,2),(-46.9810251986241,0.),.UNSPECIFIED.);
#98=B_SPLINE_CURVE_WITH_KNOTS('',1,(#2122,#2123),.UNSPECIFIED.,.F.,.F.,
(2,2),(7.38657096712754E-28,8.45706802462045),.UNSPECIFIED.);
#99=B_SPLINE_CURVE_WITH_KNOTS('',1,(#2124,#2125),.UNSPECIFIED.,.F.,.F.,
(2,2),(-310.000000000001,0.),.UNSPECIFIED.);
#100=B_SPLINE_CURVE_WITH_KNOTS('',1,(#2126,#2127),.UNSPECIFIED.,.F.,.F.,
(2,2),(-8.45706802462045,0.),.UNSPECIFIED.);
#101=B_SPLINE_CURVE_WITH_KNOTS('',1,(#2128,#2129),.UNSPECIFIED.,.F.,.F.,
(2,2),(1.46664599509605E-28,28.5294372515227),.UNSPECIFIED.);
#102=B_SPLINE_CURVE_WITH_KNOTS('',1,(#2130,#2131),.UNSPECIFIED.,.F.,.F.,
(2,2),(-28.5294372515227,0.),.UNSPECIFIED.);
#103=B_SPLINE_CURVE_WITH_KNOTS('',1,(#2196,#2197),.UNSPECIFIED.,.F.,.F.,
(2,2),(0.0100000000000056,8.00999999999978),.UNSPECIFIED.);
#104=B_SPLINE_CURVE_WITH_KNOTS('',1,(#2210,#2211),.UNSPECIFIED.,.F.,.F.,
(2,2),(0.0100000000000056,8.00999999999978),.UNSPECIFIED.);
#105=B_SPLINE_CURVE_WITH_KNOTS('',1,(#2212,#2213),.UNSPECIFIED.,.F.,.F.,
(2,2),(-40.,40.),.UNSPECIFIED.);
#106=B_SPLINE_CURVE_WITH_KNOTS('',1,(#2214,#2215),.UNSPECIFIED.,.F.,.F.,
(2,2),(-3.99999999999989,3.99999999999989),.UNSPECIFIED.);
#107=B_SPLINE_CURVE_WITH_KNOTS('',1,(#2216,#2217),.UNSPECIFIED.,.F.,.F.,
(2,2),(-40.,40.),.UNSPECIFIED.);
#108=B_SPLINE_CURVE_WITH_KNOTS('',1,(#2218,#2219),.UNSPECIFIED.,.F.,.F.,
(2,2),(-3.99999999999989,3.99999999999989),.UNSPECIFIED.);
#109=B_SPLINE_CURVE_WITH_KNOTS('',1,(#2220,#2221),.UNSPECIFIED.,.F.,.F.,
(2,2),(-40.,40.),.UNSPECIFIED.);
#110=B_SPLINE_CURVE_WITH_KNOTS('',1,(#2222,#2223),.UNSPECIFIED.,.F.,.F.,
(2,2),(-3.99999999999989,3.99999999999989),.UNSPECIFIED.);
#111=B_SPLINE_CURVE_WITH_KNOTS('',1,(#2224,#2225),.UNSPECIFIED.,.F.,.F.,
(2,2),(-40.,40.),.UNSPECIFIED.);
#112=B_SPLINE_CURVE_WITH_KNOTS('',1,(#2226,#2227),.UNSPECIFIED.,.F.,.F.,
(2,2),(-3.99999999999989,3.99999999999989),.UNSPECIFIED.);
#113=B_SPLINE_CURVE_WITH_KNOTS('',1,(#2228,#2229),.UNSPECIFIED.,.F.,.F.,
(2,2),(-90.5,90.5),.UNSPECIFIED.);
#114=B_SPLINE_CURVE_WITH_KNOTS('',1,(#2230,#2231),.UNSPECIFIED.,.F.,.F.,
(2,2),(-90.5,90.5),.UNSPECIFIED.);
#115=B_SPLINE_CURVE_WITH_KNOTS('',1,(#2232,#2233),.UNSPECIFIED.,.F.,.F.,
(2,2),(-90.5,90.5),.UNSPECIFIED.);
#116=B_SPLINE_CURVE_WITH_KNOTS('',1,(#2234,#2235),.UNSPECIFIED.,.F.,.F.,
(2,2),(-90.5,90.5),.UNSPECIFIED.);
#117=B_SPLINE_CURVE_WITH_KNOTS('',1,(#2236,#2237),.UNSPECIFIED.,.F.,.F.,
(2,2),(-90.5,90.5),.UNSPECIFIED.);
#118=B_SPLINE_CURVE_WITH_KNOTS('',1,(#2238,#2239),.UNSPECIFIED.,.F.,.F.,
(2,2),(-40.,40.),.UNSPECIFIED.);
#119=B_SPLINE_CURVE_WITH_KNOTS('',1,(#2240,#2241),.UNSPECIFIED.,.F.,.F.,
(2,2),(-90.5,90.5),.UNSPECIFIED.);
#120=B_SPLINE_CURVE_WITH_KNOTS('',1,(#2242,#2243),.UNSPECIFIED.,.F.,.F.,
(2,2),(-40.,40.),.UNSPECIFIED.);
#121=B_SPLINE_CURVE_WITH_KNOTS('',1,(#2244,#2245),.UNSPECIFIED.,.F.,.F.,
(2,2),(-3.99999999999989,3.99999999999989),.UNSPECIFIED.);
#122=B_SPLINE_CURVE_WITH_KNOTS('',1,(#2246,#2247),.UNSPECIFIED.,.F.,.F.,
(2,2),(-90.5,90.5),.UNSPECIFIED.);
#123=B_SPLINE_CURVE_WITH_KNOTS('',1,(#2248,#2249),.UNSPECIFIED.,.F.,.F.,
(2,2),(-3.99999999999989,3.99999999999989),.UNSPECIFIED.);
#124=B_SPLINE_CURVE_WITH_KNOTS('',1,(#2250,#2251),.UNSPECIFIED.,.F.,.F.,
(2,2),(-40.,40.),.UNSPECIFIED.);
#125=B_SPLINE_CURVE_WITH_KNOTS('',1,(#2252,#2253),.UNSPECIFIED.,.F.,.F.,
(2,2),(-90.5,90.5),.UNSPECIFIED.);
#126=B_SPLINE_CURVE_WITH_KNOTS('',1,(#2254,#2255),.UNSPECIFIED.,.F.,.F.,
(2,2),(-40.,40.),.UNSPECIFIED.);
#127=B_SPLINE_CURVE_WITH_KNOTS('',1,(#2256,#2257),.UNSPECIFIED.,.F.,.F.,
(2,2),(-3.99999999999989,3.99999999999989),.UNSPECIFIED.);
#128=B_SPLINE_CURVE_WITH_KNOTS('',1,(#2258,#2259),.UNSPECIFIED.,.F.,.F.,
(2,2),(-3.99999999999989,3.99999999999989),.UNSPECIFIED.);
#129=B_SPLINE_CURVE_WITH_KNOTS('',1,(#2272,#2273),.UNSPECIFIED.,.F.,.F.,
(2,2),(0.00999999999999401,8.00999999999977),.UNSPECIFIED.);
#130=B_SPLINE_CURVE_WITH_KNOTS('',1,(#2286,#2287),.UNSPECIFIED.,.F.,.F.,
(2,2),(0.00999999999999401,8.00999999999977),.UNSPECIFIED.);
#131=B_SPLINE_CURVE_WITH_KNOTS('',1,(#2313,#2314),.UNSPECIFIED.,.F.,.F.,
(2,2),(0.0100000000000104,110.010000000003),.UNSPECIFIED.);
#132=B_SPLINE_CURVE_WITH_KNOTS('',1,(#2327,#2328),.UNSPECIFIED.,.F.,.F.,
(2,2),(0.0100000000000031,5.01000000000021),.UNSPECIFIED.);
#133=TRIMMED_CURVE($,#980,(#1670),(#1671),.T.,.CARTESIAN.);
#134=TRIMMED_CURVE($,#981,(#1673),(#1674),.T.,.CARTESIAN.);
#135=TRIMMED_CURVE($,#982,(#1676),(#1677),.T.,.CARTESIAN.);
#136=TRIMMED_CURVE($,#983,(#1679),(#1680),.T.,.CARTESIAN.);
#137=TRIMMED_CURVE($,#984,(#1684),(#1685),.T.,.CARTESIAN.);
#138=TRIMMED_CURVE($,#985,(#1687),(#1688),.T.,.CARTESIAN.);
#139=TRIMMED_CURVE($,#986,(#1690),(#1691),.T.,.CARTESIAN.);
#140=TRIMMED_CURVE($,#987,(#1693),(#1694),.T.,.CARTESIAN.);
#141=TRIMMED_CURVE($,#999,(#2033),(#2034),.T.,.CARTESIAN.);
#142=TRIMMED_CURVE($,#1000,(#2036),(#2037),.T.,.CARTESIAN.);
#143=TRIMMED_CURVE($,#1001,(#2039),(#2040),.T.,.CARTESIAN.);
#144=TRIMMED_CURVE($,#1002,(#2042),(#2043),.T.,.CARTESIAN.);
#145=TRIMMED_CURVE($,#1003,(#2047),(#2048),.T.,.CARTESIAN.);
#146=TRIMMED_CURVE($,#1004,(#2050),(#2051),.T.,.CARTESIAN.);
#147=TRIMMED_CURVE($,#1005,(#2053),(#2054),.T.,.CARTESIAN.);
#148=TRIMMED_CURVE($,#1006,(#2056),(#2057),.T.,.CARTESIAN.);
#149=TRIMMED_CURVE($,#1009,(#2185),(#2186),.T.,.CARTESIAN.);
#150=TRIMMED_CURVE($,#1010,(#2188),(#2189),.T.,.CARTESIAN.);
#151=TRIMMED_CURVE($,#1011,(#2191),(#2192),.T.,.CARTESIAN.);
#152=TRIMMED_CURVE($,#1012,(#2194),(#2195),.T.,.CARTESIAN.);
#153=TRIMMED_CURVE($,#1013,(#2199),(#2200),.T.,.CARTESIAN.);
#154=TRIMMED_CURVE($,#1014,(#2202),(#2203),.T.,.CARTESIAN.);
#155=TRIMMED_CURVE($,#1015,(#2205),(#2206),.T.,.CARTESIAN.);
#156=TRIMMED_CURVE($,#1016,(#2208),(#2209),.T.,.CARTESIAN.);
#157=TRIMMED_CURVE($,#1017,(#2261),(#2262),.T.,.CARTESIAN.);
#158=TRIMMED_CURVE($,#1018,(#2264),(#2265),.T.,.CARTESIAN.);
#159=TRIMMED_CURVE($,#1019,(#2267),(#2268),.T.,.CARTESIAN.);
#160=TRIMMED_CURVE($,#1020,(#2270),(#2271),.T.,.CARTESIAN.);
#161=TRIMMED_CURVE($,#1021,(#2275),(#2276),.T.,.CARTESIAN.);
#162=TRIMMED_CURVE($,#1022,(#2278),(#2279),.T.,.CARTESIAN.);
#163=TRIMMED_CURVE($,#1023,(#2281),(#2282),.T.,.CARTESIAN.);
#164=TRIMMED_CURVE($,#1024,(#2284),(#2285),.T.,.CARTESIAN.);
#165=TRIMMED_CURVE($,#1025,(#2302),(#2303),.T.,.CARTESIAN.);
#166=TRIMMED_CURVE($,#1026,(#2305),(#2306),.T.,.CARTESIAN.);
#167=TRIMMED_CURVE($,#1027,(#2308),(#2309),.T.,.CARTESIAN.);
#168=TRIMMED_CURVE($,#1028,(#2311),(#2312),.T.,.CARTESIAN.);
#169=TRIMMED_CURVE($,#1029,(#2316),(#2317),.T.,.CARTESIAN.);
#170=TRIMMED_CURVE($,#1030,(#2319),(#2320),.T.,.CARTESIAN.);
#171=TRIMMED_CURVE($,#1031,(#2322),(#2323),.T.,.CARTESIAN.);
#172=TRIMMED_CURVE($,#1032,(#2325),(#2326),.T.,.CARTESIAN.);
#173=MANIFOLD_SOLID_BREP('brep_1',#183);
#174=MANIFOLD_SOLID_BREP('brep_2',#184);
#175=MANIFOLD_SOLID_BREP('brep_3',#185);
#176=MANIFOLD_SOLID_BREP('brep_4',#186);
#177=MANIFOLD_SOLID_BREP('brep_5',#187);
#178=MANIFOLD_SOLID_BREP('brep_6',#188);
#179=MANIFOLD_SOLID_BREP('brep_7',#189);
#180=MANIFOLD_SOLID_BREP('brep_8',#190);
#181=MANIFOLD_SOLID_BREP('brep_9',#191);
#182=ADVANCED_BREP_SHAPE_REPRESENTATION('brep_rep_0',(#173,#174,#175,#176,
#177,#178,#179,#180,#181,#1448),#1313);
#183=CLOSED_SHELL('',(#192,#193,#194));
#184=CLOSED_SHELL('',(#195,#196,#197,#198,#199));
#185=CLOSED_SHELL('',(#200,#201,#202,#203,#204,#205,#206,#207,#208,#209,
#210,#211,#212,#213,#214,#215,#216,#217,#218,#219));
#186=CLOSED_SHELL('',(#220,#221,#222,#223,#224,#225,#226,#227,#228,#229,
#230,#231,#232,#233,#234,#235,#236));
#187=CLOSED_SHELL('',(#237,#238,#239,#240,#241,#242,#243,#244,#245,#246,
#247,#248,#249,#250,#251,#252));
#188=CLOSED_SHELL('',(#253,#254,#255,#256,#257));
#189=CLOSED_SHELL('',(#258,#259,#260));
#190=CLOSED_SHELL('',(#261,#262,#263));
#191=CLOSED_SHELL('',(#264,#265,#266));
#192=ADVANCED_FACE('',(#267),#1203,.T.);
#193=ADVANCED_FACE('',(#268),#1157,.T.);
#194=ADVANCED_FACE('',(#269),#1158,.T.);
#195=ADVANCED_FACE('',(#270),#1204,.T.);
#196=ADVANCED_FACE('',(#271),#1159,.T.);
#197=ADVANCED_FACE('',(#272),#1205,.T.);
#198=ADVANCED_FACE('',(#273),#1160,.T.);
#199=ADVANCED_FACE('',(#274,#15),#1161,.T.);
#200=ADVANCED_FACE('',(#275),#1162,.T.);
#201=ADVANCED_FACE('',(#276),#1163,.T.);
#202=ADVANCED_FACE('',(#277),#1164,.T.);
#203=ADVANCED_FACE('',(#278),#1165,.T.);
#204=ADVANCED_FACE('',(#279,#16,#17,#18,#19,#20,#21),#1166,.T.);
#205=ADVANCED_FACE('',(#280,#22,#23,#24,#25,#26,#27),#1167,.T.);
#206=ADVANCED_FACE('',(#281),#1206,.F.);
#207=ADVANCED_FACE('',(#282),#1207,.F.);
#208=ADVANCED_FACE('',(#283),#1208,.F.);
#209=ADVANCED_FACE('',(#284),#1209,.F.);
#210=ADVANCED_FACE('',(#285),#11,.T.);
#211=ADVANCED_FACE('',(#286),#1210,.F.);
#212=ADVANCED_FACE('',(#287),#12,.T.);
#213=ADVANCED_FACE('',(#288),#1211,.F.);
#214=ADVANCED_FACE('',(#289),#1212,.F.);
#215=ADVANCED_FACE('',(#290),#13,.T.);
#216=ADVANCED_FACE('',(#291),#1213,.F.);
#217=ADVANCED_FACE('',(#292),#1214,.F.);
#218=ADVANCED_FACE('',(#293),#14,.T.);
#219=ADVANCED_FACE('',(#294),#1215,.F.);
#220=ADVANCED_FACE('',(#295),#1216,.F.);
#221=ADVANCED_FACE('',(#296),#1217,.F.);
#222=ADVANCED_FACE('',(#297),#1168,.T.);
#223=ADVANCED_FACE('',(#298),#1169,.T.);
#224=ADVANCED_FACE('',(#299),#1170,.T.);
#225=ADVANCED_FACE('',(#300,#28,#29,#30),#1171,.T.);
#226=ADVANCED_FACE('',(#301),#1172,.T.);
#227=ADVANCED_FACE('',(#302),#1173,.T.);
#228=ADVANCED_FACE('',(#303),#1174,.T.);
#229=ADVANCED_FACE('',(#304),#1175,.T.);
#230=ADVANCED_FACE('',(#305),#1176,.T.);
#231=ADVANCED_FACE('',(#306,#31,#32,#33),#1177,.T.);
#232=ADVANCED_FACE('',(#307),#1178,.T.);
#233=ADVANCED_FACE('',(#308),#1179,.T.);
#234=ADVANCED_FACE('',(#309),#1180,.T.);
#235=ADVANCED_FACE('',(#310),#1181,.T.);
#236=ADVANCED_FACE('',(#311),#1218,.F.);
#237=ADVANCED_FACE('',(#312),#1219,.F.);
#238=ADVANCED_FACE('',(#313),#1220,.F.);
#239=ADVANCED_FACE('',(#314),#1182,.T.);
#240=ADVANCED_FACE('',(#315),#1183,.T.);
#241=ADVANCED_FACE('',(#316),#1184,.T.);
#242=ADVANCED_FACE('',(#317,#34,#35),#1185,.T.);
#243=ADVANCED_FACE('',(#318),#1186,.T.);
#244=ADVANCED_FACE('',(#319,#36,#37),#1187,.T.);
#245=ADVANCED_FACE('',(#320,#38,#39),#1188,.T.);
#246=ADVANCED_FACE('',(#321),#1189,.T.);
#247=ADVANCED_FACE('',(#322,#40,#41),#1190,.T.);
#248=ADVANCED_FACE('',(#323),#1191,.T.);
#249=ADVANCED_FACE('',(#324),#1192,.T.);
#250=ADVANCED_FACE('',(#325),#1193,.T.);
#251=ADVANCED_FACE('',(#326),#1221,.F.);
#252=ADVANCED_FACE('',(#327),#1222,.F.);
#253=ADVANCED_FACE('',(#328),#1223,.T.);
#254=ADVANCED_FACE('',(#329),#1194,.T.);
#255=ADVANCED_FACE('',(#330),#1224,.T.);
#256=ADVANCED_FACE('',(#331),#1195,.T.);
#257=ADVANCED_FACE('',(#332,#42),#1196,.T.);
#258=ADVANCED_FACE('',(#333),#1225,.T.);
#259=ADVANCED_FACE('',(#334),#1197,.T.);
#260=ADVANCED_FACE('',(#335),#1198,.T.);
#261=ADVANCED_FACE('',(#336),#1226,.T.);
#262=ADVANCED_FACE('',(#337),#1199,.T.);
#263=ADVANCED_FACE('',(#338),#1200,.T.);
#264=ADVANCED_FACE('',(#339),#1227,.T.);
#265=ADVANCED_FACE('',(#340),#1201,.T.);
#266=ADVANCED_FACE('',(#341),#1202,.T.);
#267=FACE_OUTER_BOUND('',#342,.T.);
#268=FACE_OUTER_BOUND('',#343,.T.);
#269=FACE_OUTER_BOUND('',#344,.T.);
#270=FACE_OUTER_BOUND('',#345,.T.);
#271=FACE_OUTER_BOUND('',#346,.T.);
#272=FACE_OUTER_BOUND('',#347,.T.);
#273=FACE_OUTER_BOUND('',#348,.T.);
#274=FACE_OUTER_BOUND('',#349,.T.);
#275=FACE_OUTER_BOUND('',#351,.T.);
#276=FACE_OUTER_BOUND('',#352,.T.);
#277=FACE_OUTER_BOUND('',#353,.T.);
#278=FACE_OUTER_BOUND('',#354,.T.);
#279=FACE_OUTER_BOUND('',#355,.T.);
#280=FACE_OUTER_BOUND('',#362,.T.);
#281=FACE_OUTER_BOUND('',#369,.T.);
#282=FACE_OUTER_BOUND('',#370,.T.);
#283=FACE_OUTER_BOUND('',#371,.T.);
#284=FACE_OUTER_BOUND('',#372,.T.);
#285=FACE_OUTER_BOUND('',#373,.T.);
#286=FACE_OUTER_BOUND('',#374,.T.);
#287=FACE_OUTER_BOUND('',#375,.T.);
#288=FACE_OUTER_BOUND('',#376,.T.);
#289=FACE_OUTER_BOUND('',#377,.T.);
#290=FACE_OUTER_BOUND('',#378,.T.);
#291=FACE_OUTER_BOUND('',#379,.T.);
#292=FACE_OUTER_BOUND('',#380,.T.);
#293=FACE_OUTER_BOUND('',#381,.T.);
#294=FACE_OUTER_BOUND('',#382,.T.);
#295=FACE_OUTER_BOUND('',#383,.T.);
#296=FACE_OUTER_BOUND('',#384,.T.);
#297=FACE_OUTER_BOUND('',#385,.T.);
#298=FACE_OUTER_BOUND('',#386,.T.);
#299=FACE_OUTER_BOUND('',#387,.T.);
#300=FACE_OUTER_BOUND('',#388,.T.);
#301=FACE_OUTER_BOUND('',#392,.T.);
#302=FACE_OUTER_BOUND('',#393,.T.);
#303=FACE_OUTER_BOUND('',#394,.T.);
#304=FACE_OUTER_BOUND('',#395,.T.);
#305=FACE_OUTER_BOUND('',#396,.T.);
#306=FACE_OUTER_BOUND('',#397,.T.);
#307=FACE_OUTER_BOUND('',#401,.T.);
#308=FACE_OUTER_BOUND('',#402,.T.);
#309=FACE_OUTER_BOUND('',#403,.T.);
#310=FACE_OUTER_BOUND('',#404,.T.);
#311=FACE_OUTER_BOUND('',#405,.T.);
#312=FACE_OUTER_BOUND('',#406,.T.);
#313=FACE_OUTER_BOUND('',#407,.T.);
#314=FACE_OUTER_BOUND('',#408,.T.);
#315=FACE_OUTER_BOUND('',#409,.T.);
#316=FACE_OUTER_BOUND('',#410,.T.);
#317=FACE_OUTER_BOUND('',#411,.T.);
#318=FACE_OUTER_BOUND('',#414,.T.);
#319=FACE_OUTER_BOUND('',#415,.T.);
#320=FACE_OUTER_BOUND('',#418,.T.);
#321=FACE_OUTER_BOUND('',#421,.T.);
#322=FACE_OUTER_BOUND('',#422,.T.);
#323=FACE_OUTER_BOUND('',#425,.T.);
#324=FACE_OUTER_BOUND('',#426,.T.);
#325=FACE_OUTER_BOUND('',#427,.T.);
#326=FACE_OUTER_BOUND('',#428,.T.);
#327=FACE_OUTER_BOUND('',#429,.T.);
#328=FACE_OUTER_BOUND('',#430,.T.);
#329=FACE_OUTER_BOUND('',#431,.T.);
#330=FACE_OUTER_BOUND('',#432,.T.);
#331=FACE_OUTER_BOUND('',#433,.T.);
#332=FACE_OUTER_BOUND('',#434,.T.);
#333=FACE_OUTER_BOUND('',#436,.T.);
#334=FACE_OUTER_BOUND('',#437,.T.);
#335=FACE_OUTER_BOUND('',#438,.T.);
#336=FACE_OUTER_BOUND('',#439,.T.);
#337=FACE_OUTER_BOUND('',#440,.T.);
#338=FACE_OUTER_BOUND('',#441,.T.);
#339=FACE_OUTER_BOUND('',#442,.T.);
#340=FACE_OUTER_BOUND('',#443,.T.);
#341=FACE_OUTER_BOUND('',#444,.T.);
#342=EDGE_LOOP('',(#445,#446,#447,#448));
#343=EDGE_LOOP('',(#449));
#344=EDGE_LOOP('',(#450));
#345=EDGE_LOOP('',(#451,#452,#453,#454,#455,#456));
#346=EDGE_LOOP('',(#457,#458));
#347=EDGE_LOOP('',(#459,#460,#461,#462,#463,#464));
#348=EDGE_LOOP('',(#465,#466));
#349=EDGE_LOOP('',(#467,#468));
#350=EDGE_LOOP('',(#469,#470));
#351=EDGE_LOOP('',(#471,#472,#473,#474));
#352=EDGE_LOOP('',(#475,#476,#477,#478));
#353=EDGE_LOOP('',(#479,#480,#481,#482));
#354=EDGE_LOOP('',(#483,#484,#485,#486));
#355=EDGE_LOOP('',(#487,#488,#489,#490));
#356=EDGE_LOOP('',(#491));
#357=EDGE_LOOP('',(#492));
#358=EDGE_LOOP('',(#493));
#359=EDGE_LOOP('',(#494));
#360=EDGE_LOOP('',(#495));
#361=EDGE_LOOP('',(#496));
#362=EDGE_LOOP('',(#497,#498,#499,#500));
#363=EDGE_LOOP('',(#501));
#364=EDGE_LOOP('',(#502));
#365=EDGE_LOOP('',(#503));
#366=EDGE_LOOP('',(#504));
#367=EDGE_LOOP('',(#505));
#368=EDGE_LOOP('',(#506));
#369=EDGE_LOOP('',(#507,#508,#509,#510));
#370=EDGE_LOOP('',(#511,#512,#513,#514));
#371=EDGE_LOOP('',(#515,#516,#517,#518));
#372=EDGE_LOOP('',(#519,#520,#521,#522));
#373=EDGE_LOOP('',(#523,#524,#525,#526));
#374=EDGE_LOOP('',(#527,#528,#529,#530));
#375=EDGE_LOOP('',(#531,#532,#533,#534));
#376=EDGE_LOOP('',(#535,#536,#537,#538));
#377=EDGE_LOOP('',(#539,#540,#541,#542));
#378=EDGE_LOOP('',(#543,#544,#545,#546));
#379=EDGE_LOOP('',(#547,#548,#549,#550));
#380=EDGE_LOOP('',(#551,#552,#553,#554));
#381=EDGE_LOOP('',(#555,#556,#557,#558));
#382=EDGE_LOOP('',(#559,#560,#561,#562));
#383=EDGE_LOOP('',(#563,#564,#565,#566,#567,#568));
#384=EDGE_LOOP('',(#569,#570,#571,#572,#573,#574));
#385=EDGE_LOOP('',(#575,#576,#577,#578));
#386=EDGE_LOOP('',(#579,#580,#581,#582));
#387=EDGE_LOOP('',(#583,#584,#585,#586));
#388=EDGE_LOOP('',(#587,#588,#589,#590));
#389=EDGE_LOOP('',(#591,#592));
#390=EDGE_LOOP('',(#593,#594));
#391=EDGE_LOOP('',(#595));
#392=EDGE_LOOP('',(#596,#597,#598,#599));
#393=EDGE_LOOP('',(#600,#601,#602,#603));
#394=EDGE_LOOP('',(#604,#605,#606,#607));
#395=EDGE_LOOP('',(#608,#609,#610,#611));
#396=EDGE_LOOP('',(#612,#613,#614,#615));
#397=EDGE_LOOP('',(#616,#617,#618,#619));
#398=EDGE_LOOP('',(#620,#621));
#399=EDGE_LOOP('',(#622,#623));
#400=EDGE_LOOP('',(#624));
#401=EDGE_LOOP('',(#625,#626,#627,#628));
#402=EDGE_LOOP('',(#629,#630,#631,#632));
#403=EDGE_LOOP('',(#633,#634,#635,#636,#637,#638,#639,#640,#641,#642,#643,
#644));
#404=EDGE_LOOP('',(#645,#646,#647,#648,#649,#650,#651,#652,#653,#654,#655,
#656));
#405=EDGE_LOOP('',(#657,#658,#659,#660));
#406=EDGE_LOOP('',(#661,#662,#663,#664,#665,#666));
#407=EDGE_LOOP('',(#667,#668,#669,#670,#671,#672));
#408=EDGE_LOOP('',(#673,#674,#675,#676));
#409=EDGE_LOOP('',(#677,#678,#679,#680));
#410=EDGE_LOOP('',(#681,#682,#683,#684));
#411=EDGE_LOOP('',(#685,#686,#687,#688));
#412=EDGE_LOOP('',(#689,#690));
#413=EDGE_LOOP('',(#691,#692));
#414=EDGE_LOOP('',(#693,#694,#695,#696));
#415=EDGE_LOOP('',(#697,#698,#699,#700));
#416=EDGE_LOOP('',(#701,#702));
#417=EDGE_LOOP('',(#703,#704));
#418=EDGE_LOOP('',(#705,#706,#707,#708));
#419=EDGE_LOOP('',(#709,#710));
#420=EDGE_LOOP('',(#711,#712));
#421=EDGE_LOOP('',(#713,#714,#715,#716));
#422=EDGE_LOOP('',(#717,#718,#719,#720));
#423=EDGE_LOOP('',(#721,#722));
#424=EDGE_LOOP('',(#723,#724));
#425=EDGE_LOOP('',(#725,#726,#727,#728));
#426=EDGE_LOOP('',(#729,#730,#731,#732));
#427=EDGE_LOOP('',(#733,#734,#735,#736));
#428=EDGE_LOOP('',(#737,#738,#739,#740,#741,#742));
#429=EDGE_LOOP('',(#743,#744,#745,#746,#747,#748));
#430=EDGE_LOOP('',(#749,#750,#751,#752,#753,#754));
#431=EDGE_LOOP('',(#755,#756));
#432=EDGE_LOOP('',(#757,#758,#759,#760,#761,#762));
#433=EDGE_LOOP('',(#763,#764));
#434=EDGE_LOOP('',(#765,#766));
#435=EDGE_LOOP('',(#767,#768));
#436=EDGE_LOOP('',(#769,#770,#771,#772));
#437=EDGE_LOOP('',(#773));
#438=EDGE_LOOP('',(#774));
#439=EDGE_LOOP('',(#775,#776,#777,#778));
#440=EDGE_LOOP('',(#779));
#441=EDGE_LOOP('',(#780));
#442=EDGE_LOOP('',(#781,#782,#783,#784));
#443=EDGE_LOOP('',(#785));
#444=EDGE_LOOP('',(#786));
#445=ORIENTED_EDGE('',*,*,#787,.T.);
#446=ORIENTED_EDGE('',*,*,#788,.T.);
#447=ORIENTED_EDGE('',*,*,#789,.F.);
#448=ORIENTED_EDGE('',*,*,#788,.F.);
#449=ORIENTED_EDGE('',*,*,#787,.F.);
#450=ORIENTED_EDGE('',*,*,#789,.T.);
#451=ORIENTED_EDGE('',*,*,#790,.T.);
#452=ORIENTED_EDGE('',*,*,#791,.T.);
#453=ORIENTED_EDGE('',*,*,#794,.F.);
#454=ORIENTED_EDGE('',*,*,#792,.T.);
#455=ORIENTED_EDGE('',*,*,#793,.T.);
#456=ORIENTED_EDGE('',*,*,#794,.T.);
#457=ORIENTED_EDGE('',*,*,#793,.F.);
#458=ORIENTED_EDGE('',*,*,#792,.F.);
#459=ORIENTED_EDGE('',*,*,#795,.T.);
#460=ORIENTED_EDGE('',*,*,#796,.T.);
#461=ORIENTED_EDGE('',*,*,#799,.T.);
#462=ORIENTED_EDGE('',*,*,#797,.T.);
#463=ORIENTED_EDGE('',*,*,#798,.T.);
#464=ORIENTED_EDGE('',*,*,#799,.F.);
#465=ORIENTED_EDGE('',*,*,#796,.F.);
#466=ORIENTED_EDGE('',*,*,#795,.F.);
#467=ORIENTED_EDGE('',*,*,#797,.F.);
#468=ORIENTED_EDGE('',*,*,#798,.F.);
#469=ORIENTED_EDGE('',*,*,#791,.F.);
#470=ORIENTED_EDGE('',*,*,#790,.F.);
#471=ORIENTED_EDGE('',*,*,#800,.T.);
#472=ORIENTED_EDGE('',*,*,#801,.T.);
#473=ORIENTED_EDGE('',*,*,#802,.F.);
#474=ORIENTED_EDGE('',*,*,#803,.F.);
#475=ORIENTED_EDGE('',*,*,#804,.T.);
#476=ORIENTED_EDGE('',*,*,#805,.T.);
#477=ORIENTED_EDGE('',*,*,#806,.F.);
#478=ORIENTED_EDGE('',*,*,#801,.F.);
#479=ORIENTED_EDGE('',*,*,#807,.T.);
#480=ORIENTED_EDGE('',*,*,#808,.T.);
#481=ORIENTED_EDGE('',*,*,#809,.F.);
#482=ORIENTED_EDGE('',*,*,#805,.F.);
#483=ORIENTED_EDGE('',*,*,#810,.T.);
#484=ORIENTED_EDGE('',*,*,#803,.T.);
#485=ORIENTED_EDGE('',*,*,#811,.F.);
#486=ORIENTED_EDGE('',*,*,#808,.F.);
#487=ORIENTED_EDGE('',*,*,#810,.F.);
#488=ORIENTED_EDGE('',*,*,#807,.F.);
#489=ORIENTED_EDGE('',*,*,#804,.F.);
#490=ORIENTED_EDGE('',*,*,#800,.F.);
#491=ORIENTED_EDGE('',*,*,#812,.F.);
#492=ORIENTED_EDGE('',*,*,#815,.F.);
#493=ORIENTED_EDGE('',*,*,#818,.F.);
#494=ORIENTED_EDGE('',*,*,#829,.T.);
#495=ORIENTED_EDGE('',*,*,#836,.T.);
#496=ORIENTED_EDGE('',*,*,#843,.T.);
#497=ORIENTED_EDGE('',*,*,#802,.T.);
#498=ORIENTED_EDGE('',*,*,#806,.T.);
#499=ORIENTED_EDGE('',*,*,#809,.T.);
#500=ORIENTED_EDGE('',*,*,#811,.T.);
#501=ORIENTED_EDGE('',*,*,#813,.T.);
#502=ORIENTED_EDGE('',*,*,#816,.T.);
#503=ORIENTED_EDGE('',*,*,#820,.F.);
#504=ORIENTED_EDGE('',*,*,#830,.F.);
#505=ORIENTED_EDGE('',*,*,#837,.F.);
#506=ORIENTED_EDGE('',*,*,#844,.F.);
#507=ORIENTED_EDGE('',*,*,#812,.T.);
#508=ORIENTED_EDGE('',*,*,#814,.F.);
#509=ORIENTED_EDGE('',*,*,#813,.F.);
#510=ORIENTED_EDGE('',*,*,#814,.T.);
#511=ORIENTED_EDGE('',*,*,#815,.T.);
#512=ORIENTED_EDGE('',*,*,#817,.F.);
#513=ORIENTED_EDGE('',*,*,#816,.F.);
#514=ORIENTED_EDGE('',*,*,#817,.T.);
#515=ORIENTED_EDGE('',*,*,#824,.T.);
#516=ORIENTED_EDGE('',*,*,#821,.T.);
#517=ORIENTED_EDGE('',*,*,#820,.T.);
#518=ORIENTED_EDGE('',*,*,#821,.F.);
#519=ORIENTED_EDGE('',*,*,#819,.F.);
#520=ORIENTED_EDGE('',*,*,#818,.T.);
#521=ORIENTED_EDGE('',*,*,#819,.T.);
#522=ORIENTED_EDGE('',*,*,#823,.F.);
#523=ORIENTED_EDGE('',*,*,#822,.F.);
#524=ORIENTED_EDGE('',*,*,#823,.T.);
#525=ORIENTED_EDGE('',*,*,#822,.T.);
#526=ORIENTED_EDGE('',*,*,#824,.F.);
#527=ORIENTED_EDGE('',*,*,#830,.T.);
#528=ORIENTED_EDGE('',*,*,#825,.F.);
#529=ORIENTED_EDGE('',*,*,#826,.T.);
#530=ORIENTED_EDGE('',*,*,#825,.T.);
#531=ORIENTED_EDGE('',*,*,#828,.F.);
#532=ORIENTED_EDGE('',*,*,#827,.T.);
#533=ORIENTED_EDGE('',*,*,#828,.T.);
#534=ORIENTED_EDGE('',*,*,#826,.F.);
#535=ORIENTED_EDGE('',*,*,#831,.T.);
#536=ORIENTED_EDGE('',*,*,#827,.F.);
#537=ORIENTED_EDGE('',*,*,#831,.F.);
#538=ORIENTED_EDGE('',*,*,#829,.F.);
#539=ORIENTED_EDGE('',*,*,#837,.T.);
#540=ORIENTED_EDGE('',*,*,#832,.F.);
#541=ORIENTED_EDGE('',*,*,#833,.T.);
#542=ORIENTED_EDGE('',*,*,#832,.T.);
#543=ORIENTED_EDGE('',*,*,#835,.F.);
#544=ORIENTED_EDGE('',*,*,#834,.T.);
#545=ORIENTED_EDGE('',*,*,#835,.T.);
#546=ORIENTED_EDGE('',*,*,#833,.F.);
#547=ORIENTED_EDGE('',*,*,#838,.T.);
#548=ORIENTED_EDGE('',*,*,#834,.F.);
#549=ORIENTED_EDGE('',*,*,#838,.F.);
#550=ORIENTED_EDGE('',*,*,#836,.F.);
#551=ORIENTED_EDGE('',*,*,#844,.T.);
#552=ORIENTED_EDGE('',*,*,#839,.F.);
#553=ORIENTED_EDGE('',*,*,#840,.T.);
#554=ORIENTED_EDGE('',*,*,#839,.T.);
#555=ORIENTED_EDGE('',*,*,#842,.F.);
#556=ORIENTED_EDGE('',*,*,#841,.T.);
#557=ORIENTED_EDGE('',*,*,#842,.T.);
#558=ORIENTED_EDGE('',*,*,#840,.F.);
#559=ORIENTED_EDGE('',*,*,#845,.T.);
#560=ORIENTED_EDGE('',*,*,#841,.F.);
#561=ORIENTED_EDGE('',*,*,#845,.F.);
#562=ORIENTED_EDGE('',*,*,#843,.F.);
#563=ORIENTED_EDGE('',*,*,#850,.T.);
#564=ORIENTED_EDGE('',*,*,#849,.F.);
#565=ORIENTED_EDGE('',*,*,#848,.F.);
#566=ORIENTED_EDGE('',*,*,#850,.F.);
#567=ORIENTED_EDGE('',*,*,#847,.F.);
#568=ORIENTED_EDGE('',*,*,#846,.F.);
#569=ORIENTED_EDGE('',*,*,#855,.T.);
#570=ORIENTED_EDGE('',*,*,#854,.F.);
#571=ORIENTED_EDGE('',*,*,#853,.F.);
#572=ORIENTED_EDGE('',*,*,#855,.F.);
#573=ORIENTED_EDGE('',*,*,#852,.F.);
#574=ORIENTED_EDGE('',*,*,#851,.F.);
#575=ORIENTED_EDGE('',*,*,#856,.T.);
#576=ORIENTED_EDGE('',*,*,#857,.T.);
#577=ORIENTED_EDGE('',*,*,#858,.T.);
#578=ORIENTED_EDGE('',*,*,#859,.T.);
#579=ORIENTED_EDGE('',*,*,#860,.T.);
#580=ORIENTED_EDGE('',*,*,#861,.T.);
#581=ORIENTED_EDGE('',*,*,#862,.T.);
#582=ORIENTED_EDGE('',*,*,#857,.F.);
#583=ORIENTED_EDGE('',*,*,#863,.T.);
#584=ORIENTED_EDGE('',*,*,#864,.T.);
#585=ORIENTED_EDGE('',*,*,#865,.T.);
#586=ORIENTED_EDGE('',*,*,#861,.F.);
#587=ORIENTED_EDGE('',*,*,#864,.F.);
#588=ORIENTED_EDGE('',*,*,#866,.T.);
#589=ORIENTED_EDGE('',*,*,#867,.T.);
#590=ORIENTED_EDGE('',*,*,#868,.T.);
#591=ORIENTED_EDGE('',*,*,#847,.T.);
#592=ORIENTED_EDGE('',*,*,#846,.T.);
#593=ORIENTED_EDGE('',*,*,#851,.T.);
#594=ORIENTED_EDGE('',*,*,#852,.T.);
#595=ORIENTED_EDGE('',*,*,#892,.T.);
#596=ORIENTED_EDGE('',*,*,#869,.T.);
#597=ORIENTED_EDGE('',*,*,#870,.T.);
#598=ORIENTED_EDGE('',*,*,#871,.T.);
#599=ORIENTED_EDGE('',*,*,#867,.F.);
#600=ORIENTED_EDGE('',*,*,#872,.T.);
#601=ORIENTED_EDGE('',*,*,#873,.T.);
#602=ORIENTED_EDGE('',*,*,#874,.T.);
#603=ORIENTED_EDGE('',*,*,#870,.F.);
#604=ORIENTED_EDGE('',*,*,#875,.T.);
#605=ORIENTED_EDGE('',*,*,#876,.T.);
#606=ORIENTED_EDGE('',*,*,#877,.T.);
#607=ORIENTED_EDGE('',*,*,#873,.F.);
#608=ORIENTED_EDGE('',*,*,#878,.T.);
#609=ORIENTED_EDGE('',*,*,#879,.T.);
#610=ORIENTED_EDGE('',*,*,#880,.T.);
#611=ORIENTED_EDGE('',*,*,#876,.F.);
#612=ORIENTED_EDGE('',*,*,#881,.T.);
#613=ORIENTED_EDGE('',*,*,#882,.T.);
#614=ORIENTED_EDGE('',*,*,#883,.T.);
#615=ORIENTED_EDGE('',*,*,#879,.F.);
#616=ORIENTED_EDGE('',*,*,#882,.F.);
#617=ORIENTED_EDGE('',*,*,#884,.T.);
#618=ORIENTED_EDGE('',*,*,#885,.T.);
#619=ORIENTED_EDGE('',*,*,#886,.T.);
#620=ORIENTED_EDGE('',*,*,#849,.T.);
#621=ORIENTED_EDGE('',*,*,#848,.T.);
#622=ORIENTED_EDGE('',*,*,#853,.T.);
#623=ORIENTED_EDGE('',*,*,#854,.T.);
#624=ORIENTED_EDGE('',*,*,#893,.T.);
#625=ORIENTED_EDGE('',*,*,#887,.T.);
#626=ORIENTED_EDGE('',*,*,#888,.T.);
#627=ORIENTED_EDGE('',*,*,#889,.T.);
#628=ORIENTED_EDGE('',*,*,#885,.F.);
#629=ORIENTED_EDGE('',*,*,#890,.T.);
#630=ORIENTED_EDGE('',*,*,#859,.F.);
#631=ORIENTED_EDGE('',*,*,#891,.T.);
#632=ORIENTED_EDGE('',*,*,#888,.F.);
#633=ORIENTED_EDGE('',*,*,#890,.F.);
#634=ORIENTED_EDGE('',*,*,#887,.F.);
#635=ORIENTED_EDGE('',*,*,#884,.F.);
#636=ORIENTED_EDGE('',*,*,#881,.F.);
#637=ORIENTED_EDGE('',*,*,#878,.F.);
#638=ORIENTED_EDGE('',*,*,#875,.F.);
#639=ORIENTED_EDGE('',*,*,#872,.F.);
#640=ORIENTED_EDGE('',*,*,#869,.F.);
#641=ORIENTED_EDGE('',*,*,#866,.F.);
#642=ORIENTED_EDGE('',*,*,#863,.F.);
#643=ORIENTED_EDGE('',*,*,#860,.F.);
#644=ORIENTED_EDGE('',*,*,#856,.F.);
#645=ORIENTED_EDGE('',*,*,#891,.F.);
#646=ORIENTED_EDGE('',*,*,#858,.F.);
#647=ORIENTED_EDGE('',*,*,#862,.F.);
#648=ORIENTED_EDGE('',*,*,#865,.F.);
#649=ORIENTED_EDGE('',*,*,#868,.F.);
#650=ORIENTED_EDGE('',*,*,#871,.F.);
#651=ORIENTED_EDGE('',*,*,#874,.F.);
#652=ORIENTED_EDGE('',*,*,#877,.F.);
#653=ORIENTED_EDGE('',*,*,#880,.F.);
#654=ORIENTED_EDGE('',*,*,#883,.F.);
#655=ORIENTED_EDGE('',*,*,#886,.F.);
#656=ORIENTED_EDGE('',*,*,#889,.F.);
#657=ORIENTED_EDGE('',*,*,#894,.T.);
#658=ORIENTED_EDGE('',*,*,#893,.F.);
#659=ORIENTED_EDGE('',*,*,#894,.F.);
#660=ORIENTED_EDGE('',*,*,#892,.F.);
#661=ORIENTED_EDGE('',*,*,#899,.T.);
#662=ORIENTED_EDGE('',*,*,#898,.F.);
#663=ORIENTED_EDGE('',*,*,#897,.F.);
#664=ORIENTED_EDGE('',*,*,#899,.F.);
#665=ORIENTED_EDGE('',*,*,#896,.F.);
#666=ORIENTED_EDGE('',*,*,#895,.F.);
#667=ORIENTED_EDGE('',*,*,#904,.T.);
#668=ORIENTED_EDGE('',*,*,#903,.F.);
#669=ORIENTED_EDGE('',*,*,#902,.F.);
#670=ORIENTED_EDGE('',*,*,#904,.F.);
#671=ORIENTED_EDGE('',*,*,#901,.F.);
#672=ORIENTED_EDGE('',*,*,#900,.F.);
#673=ORIENTED_EDGE('',*,*,#905,.T.);
#674=ORIENTED_EDGE('',*,*,#906,.T.);
#675=ORIENTED_EDGE('',*,*,#907,.T.);
#676=ORIENTED_EDGE('',*,*,#908,.T.);
#677=ORIENTED_EDGE('',*,*,#910,.F.);
#678=ORIENTED_EDGE('',*,*,#911,.F.);
#679=ORIENTED_EDGE('',*,*,#912,.F.);
#680=ORIENTED_EDGE('',*,*,#909,.F.);
#681=ORIENTED_EDGE('',*,*,#910,.T.);
#682=ORIENTED_EDGE('',*,*,#916,.T.);
#683=ORIENTED_EDGE('',*,*,#908,.F.);
#684=ORIENTED_EDGE('',*,*,#913,.T.);
#685=ORIENTED_EDGE('',*,*,#915,.T.);
#686=ORIENTED_EDGE('',*,*,#911,.T.);
#687=ORIENTED_EDGE('',*,*,#913,.F.);
#688=ORIENTED_EDGE('',*,*,#907,.F.);
#689=ORIENTED_EDGE('',*,*,#897,.T.);
#690=ORIENTED_EDGE('',*,*,#898,.T.);
#691=ORIENTED_EDGE('',*,*,#903,.T.);
#692=ORIENTED_EDGE('',*,*,#902,.T.);
#693=ORIENTED_EDGE('',*,*,#912,.T.);
#694=ORIENTED_EDGE('',*,*,#915,.F.);
#695=ORIENTED_EDGE('',*,*,#906,.F.);
#696=ORIENTED_EDGE('',*,*,#914,.F.);
#697=ORIENTED_EDGE('',*,*,#916,.F.);
#698=ORIENTED_EDGE('',*,*,#909,.T.);
#699=ORIENTED_EDGE('',*,*,#914,.T.);
#700=ORIENTED_EDGE('',*,*,#905,.F.);
#701=ORIENTED_EDGE('',*,*,#895,.T.);
#702=ORIENTED_EDGE('',*,*,#896,.T.);
#703=ORIENTED_EDGE('',*,*,#901,.T.);
#704=ORIENTED_EDGE('',*,*,#900,.T.);
#705=ORIENTED_EDGE('',*,*,#917,.F.);
#706=ORIENTED_EDGE('',*,*,#918,.F.);
#707=ORIENTED_EDGE('',*,*,#919,.F.);
#708=ORIENTED_EDGE('',*,*,#920,.F.);
#709=ORIENTED_EDGE('',*,*,#936,.F.);
#710=ORIENTED_EDGE('',*,*,#937,.F.);
#711=ORIENTED_EDGE('',*,*,#932,.F.);
#712=ORIENTED_EDGE('',*,*,#931,.F.);
#713=ORIENTED_EDGE('',*,*,#921,.F.);
#714=ORIENTED_EDGE('',*,*,#922,.F.);
#715=ORIENTED_EDGE('',*,*,#923,.F.);
#716=ORIENTED_EDGE('',*,*,#919,.T.);
#717=ORIENTED_EDGE('',*,*,#922,.T.);
#718=ORIENTED_EDGE('',*,*,#924,.F.);
#719=ORIENTED_EDGE('',*,*,#925,.F.);
#720=ORIENTED_EDGE('',*,*,#926,.F.);
#721=ORIENTED_EDGE('',*,*,#934,.F.);
#722=ORIENTED_EDGE('',*,*,#935,.F.);
#723=ORIENTED_EDGE('',*,*,#930,.F.);
#724=ORIENTED_EDGE('',*,*,#929,.F.);
#725=ORIENTED_EDGE('',*,*,#927,.F.);
#726=ORIENTED_EDGE('',*,*,#917,.T.);
#727=ORIENTED_EDGE('',*,*,#928,.F.);
#728=ORIENTED_EDGE('',*,*,#925,.T.);
#729=ORIENTED_EDGE('',*,*,#927,.T.);
#730=ORIENTED_EDGE('',*,*,#924,.T.);
#731=ORIENTED_EDGE('',*,*,#921,.T.);
#732=ORIENTED_EDGE('',*,*,#918,.T.);
#733=ORIENTED_EDGE('',*,*,#920,.T.);
#734=ORIENTED_EDGE('',*,*,#923,.T.);
#735=ORIENTED_EDGE('',*,*,#926,.T.);
#736=ORIENTED_EDGE('',*,*,#928,.T.);
#737=ORIENTED_EDGE('',*,*,#933,.T.);
#738=ORIENTED_EDGE('',*,*,#932,.T.);
#739=ORIENTED_EDGE('',*,*,#931,.T.);
#740=ORIENTED_EDGE('',*,*,#933,.F.);
#741=ORIENTED_EDGE('',*,*,#930,.T.);
#742=ORIENTED_EDGE('',*,*,#929,.T.);
#743=ORIENTED_EDGE('',*,*,#938,.T.);
#744=ORIENTED_EDGE('',*,*,#937,.T.);
#745=ORIENTED_EDGE('',*,*,#936,.T.);
#746=ORIENTED_EDGE('',*,*,#938,.F.);
#747=ORIENTED_EDGE('',*,*,#935,.T.);
#748=ORIENTED_EDGE('',*,*,#934,.T.);
#749=ORIENTED_EDGE('',*,*,#939,.T.);
#750=ORIENTED_EDGE('',*,*,#940,.T.);
#751=ORIENTED_EDGE('',*,*,#943,.F.);
#752=ORIENTED_EDGE('',*,*,#941,.T.);
#753=ORIENTED_EDGE('',*,*,#942,.T.);
#754=ORIENTED_EDGE('',*,*,#943,.T.);
#755=ORIENTED_EDGE('',*,*,#942,.F.);
#756=ORIENTED_EDGE('',*,*,#941,.F.);
#757=ORIENTED_EDGE('',*,*,#944,.T.);
#758=ORIENTED_EDGE('',*,*,#945,.T.);
#759=ORIENTED_EDGE('',*,*,#948,.T.);
#760=ORIENTED_EDGE('',*,*,#946,.T.);
#761=ORIENTED_EDGE('',*,*,#947,.T.);
#762=ORIENTED_EDGE('',*,*,#948,.F.);
#763=ORIENTED_EDGE('',*,*,#945,.F.);
#764=ORIENTED_EDGE('',*,*,#944,.F.);
#765=ORIENTED_EDGE('',*,*,#946,.F.);
#766=ORIENTED_EDGE('',*,*,#947,.F.);
#767=ORIENTED_EDGE('',*,*,#940,.F.);
#768=ORIENTED_EDGE('',*,*,#939,.F.);
#769=ORIENTED_EDGE('',*,*,#949,.T.);
#770=ORIENTED_EDGE('',*,*,#950,.T.);
#771=ORIENTED_EDGE('',*,*,#951,.F.);
#772=ORIENTED_EDGE('',*,*,#950,.F.);
#773=ORIENTED_EDGE('',*,*,#949,.F.);
#774=ORIENTED_EDGE('',*,*,#951,.T.);
#775=ORIENTED_EDGE('',*,*,#952,.T.);
#776=ORIENTED_EDGE('',*,*,#953,.T.);
#777=ORIENTED_EDGE('',*,*,#954,.F.);
#778=ORIENTED_EDGE('',*,*,#953,.F.);
#779=ORIENTED_EDGE('',*,*,#952,.F.);
#780=ORIENTED_EDGE('',*,*,#954,.T.);
#781=ORIENTED_EDGE('',*,*,#955,.T.);
#782=ORIENTED_EDGE('',*,*,#956,.T.);
#783=ORIENTED_EDGE('',*,*,#957,.F.);
#784=ORIENTED_EDGE('',*,*,#956,.F.);
#785=ORIENTED_EDGE('',*,*,#955,.F.);
#786=ORIENTED_EDGE('',*,*,#957,.T.);
#787=EDGE_CURVE('',#1039,#1039,#978,.T.);
#788=EDGE_CURVE('',#1039,#1040,#958,.T.);
#789=EDGE_CURVE('',#1040,#1040,#979,.T.);
#790=EDGE_CURVE('',#1041,#1042,#133,.T.);
#791=EDGE_CURVE('',#1042,#1041,#134,.T.);
#792=EDGE_CURVE('',#1043,#1044,#135,.T.);
#793=EDGE_CURVE('',#1044,#1043,#136,.T.);
#794=EDGE_CURVE('',#1043,#1041,#43,.T.);
#795=EDGE_CURVE('',#1045,#1046,#137,.T.);
#796=EDGE_CURVE('',#1046,#1045,#138,.T.);
#797=EDGE_CURVE('',#1047,#1048,#139,.T.);
#798=EDGE_CURVE('',#1048,#1047,#140,.T.);
#799=EDGE_CURVE('',#1045,#1047,#44,.T.);
#800=EDGE_CURVE('',#1049,#1050,#45,.T.);
#801=EDGE_CURVE('',#1050,#1051,#46,.T.);
#802=EDGE_CURVE('',#1052,#1051,#47,.T.);
#803=EDGE_CURVE('',#1049,#1052,#48,.T.);
#804=EDGE_CURVE('',#1050,#1053,#49,.T.);
#805=EDGE_CURVE('',#1053,#1054,#50,.T.);
#806=EDGE_CURVE('',#1051,#1054,#51,.T.);
#807=EDGE_CURVE('',#1053,#1055,#52,.T.);
#808=EDGE_CURVE('',#1055,#1056,#53,.T.);
#809=EDGE_CURVE('',#1054,#1056,#54,.T.);
#810=EDGE_CURVE('',#1055,#1049,#55,.T.);
#811=EDGE_CURVE('',#1056,#1052,#56,.T.);
#812=EDGE_CURVE('',#1057,#1057,#988,.T.);
#813=EDGE_CURVE('',#1058,#1058,#989,.T.);
#814=EDGE_CURVE('',#1058,#1057,#57,.T.);
#815=EDGE_CURVE('',#1059,#1059,#990,.T.);
#816=EDGE_CURVE('',#1060,#1060,#991,.T.);
#817=EDGE_CURVE('',#1060,#1059,#58,.T.);
#818=EDGE_CURVE('',#1063,#1063,#992,.T.);
#819=EDGE_CURVE('',#1063,#1062,#959,.T.);
#820=EDGE_CURVE('',#1064,#1064,#993,.T.);
#821=EDGE_CURVE('',#1061,#1064,#960,.T.);
#822=EDGE_CURVE('',#1062,#1061,#961,.T.);
#823=EDGE_CURVE('',#1062,#1062,#994,.T.);
#824=EDGE_CURVE('',#1061,#1061,#995,.T.);
#825=EDGE_CURVE('',#1065,#1068,#962,.T.);
#826=EDGE_CURVE('',#1065,#1065,#996,.T.);
#827=EDGE_CURVE('',#1066,#1066,#963,.T.);
#828=EDGE_CURVE('',#1066,#1065,#964,.T.);
#829=EDGE_CURVE('',#1067,#1067,#59,.T.);
#830=EDGE_CURVE('',#1068,#1068,#60,.T.);
#831=EDGE_CURVE('',#1067,#1066,#965,.T.);
#832=EDGE_CURVE('',#1069,#1072,#966,.T.);
#833=EDGE_CURVE('',#1069,#1069,#997,.T.);
#834=EDGE_CURVE('',#1070,#1070,#967,.T.);
#835=EDGE_CURVE('',#1070,#1069,#968,.T.);
#836=EDGE_CURVE('',#1071,#1071,#61,.T.);
#837=EDGE_CURVE('',#1072,#1072,#62,.T.);
#838=EDGE_CURVE('',#1071,#1070,#969,.T.);
#839=EDGE_CURVE('',#1073,#1076,#970,.T.);
#840=EDGE_CURVE('',#1073,#1073,#998,.T.);
#841=EDGE_CURVE('',#1074,#1074,#971,.T.);
#842=EDGE_CURVE('',#1074,#1073,#972,.T.);
#843=EDGE_CURVE('',#1075,#1075,#63,.T.);
#844=EDGE_CURVE('',#1076,#1076,#64,.T.);
#845=EDGE_CURVE('',#1075,#1074,#973,.T.);
#846=EDGE_CURVE('',#1077,#1078,#141,.T.);
#847=EDGE_CURVE('',#1078,#1077,#142,.T.);
#848=EDGE_CURVE('',#1079,#1080,#143,.T.);
#849=EDGE_CURVE('',#1080,#1079,#144,.T.);
#850=EDGE_CURVE('',#1077,#1079,#65,.T.);
#851=EDGE_CURVE('',#1081,#1082,#145,.T.);
#852=EDGE_CURVE('',#1082,#1081,#146,.T.);
#853=EDGE_CURVE('',#1083,#1084,#147,.T.);
#854=EDGE_CURVE('',#1084,#1083,#148,.T.);
#855=EDGE_CURVE('',#1081,#1083,#66,.T.);
#856=EDGE_CURVE('',#1085,#1086,#67,.T.);
#857=EDGE_CURVE('',#1086,#1087,#68,.T.);
#858=EDGE_CURVE('',#1087,#1088,#69,.T.);
#859=EDGE_CURVE('',#1088,#1085,#70,.T.);
#860=EDGE_CURVE('',#1086,#1089,#71,.T.);
#861=EDGE_CURVE('',#1089,#1090,#72,.T.);
#862=EDGE_CURVE('',#1090,#1087,#73,.T.);
#863=EDGE_CURVE('',#1089,#1091,#74,.T.);
#864=EDGE_CURVE('',#1091,#1092,#75,.T.);
#865=EDGE_CURVE('',#1092,#1090,#76,.T.);
#866=EDGE_CURVE('',#1091,#1093,#77,.T.);
#867=EDGE_CURVE('',#1093,#1094,#78,.T.);
#868=EDGE_CURVE('',#1094,#1092,#79,.T.);
#869=EDGE_CURVE('',#1093,#1095,#80,.T.);
#870=EDGE_CURVE('',#1095,#1096,#81,.T.);
#871=EDGE_CURVE('',#1096,#1094,#82,.T.);
#872=EDGE_CURVE('',#1095,#1097,#83,.T.);
#873=EDGE_CURVE('',#1097,#1098,#84,.T.);
#874=EDGE_CURVE('',#1098,#1096,#85,.T.);
#875=EDGE_CURVE('',#1097,#1099,#86,.T.);
#876=EDGE_CURVE('',#1099,#1100,#87,.T.);
#877=EDGE_CURVE('',#1100,#1098,#88,.T.);
#878=EDGE_CURVE('',#1099,#1101,#89,.T.);
#879=EDGE_CURVE('',#1101,#1102,#90,.T.);
#880=EDGE_CURVE('',#1102,#1100,#91,.T.);
#881=EDGE_CURVE('',#1101,#1103,#92,.T.);
#882=EDGE_CURVE('',#1103,#1104,#93,.T.);
#883=EDGE_CURVE('',#1104,#1102,#94,.T.);
#884=EDGE_CURVE('',#1103,#1105,#95,.T.);
#885=EDGE_CURVE('',#1105,#1106,#96,.T.);
#886=EDGE_CURVE('',#1106,#1104,#97,.T.);
#887=EDGE_CURVE('',#1105,#1107,#98,.T.);
#888=EDGE_CURVE('',#1107,#1108,#99,.T.);
#889=EDGE_CURVE('',#1108,#1106,#100,.T.);
#890=EDGE_CURVE('',#1107,#1085,#101,.T.);
#891=EDGE_CURVE('',#1088,#1108,#102,.T.);
#892=EDGE_CURVE('',#1109,#1109,#1007,.T.);
#893=EDGE_CURVE('',#1110,#1110,#1008,.T.);
#894=EDGE_CURVE('',#1109,#1110,#974,.T.);
#895=EDGE_CURVE('',#1111,#1112,#149,.T.);
#896=EDGE_CURVE('',#1112,#1111,#150,.T.);
#897=EDGE_CURVE('',#1113,#1114,#151,.T.);
#898=EDGE_CURVE('',#1114,#1113,#152,.T.);
#899=EDGE_CURVE('',#1111,#1113,#103,.T.);
#900=EDGE_CURVE('',#1115,#1116,#153,.T.);
#901=EDGE_CURVE('',#1116,#1115,#154,.T.);
#902=EDGE_CURVE('',#1117,#1118,#155,.T.);
#903=EDGE_CURVE('',#1118,#1117,#156,.T.);
#904=EDGE_CURVE('',#1115,#1117,#104,.T.);
#905=EDGE_CURVE('',#1119,#1120,#105,.T.);
#906=EDGE_CURVE('',#1120,#1121,#106,.T.);
#907=EDGE_CURVE('',#1121,#1122,#107,.T.);
#908=EDGE_CURVE('',#1122,#1119,#108,.T.);
#909=EDGE_CURVE('',#1123,#1124,#109,.T.);
#910=EDGE_CURVE('',#1125,#1123,#110,.T.);
#911=EDGE_CURVE('',#1126,#1125,#111,.T.);
#912=EDGE_CURVE('',#1124,#1126,#112,.T.);
#913=EDGE_CURVE('',#1122,#1125,#113,.T.);
#914=EDGE_CURVE('',#1124,#1120,#114,.T.);
#915=EDGE_CURVE('',#1121,#1126,#115,.T.);
#916=EDGE_CURVE('',#1123,#1119,#116,.T.);
#917=EDGE_CURVE('',#1131,#1132,#117,.T.);
#918=EDGE_CURVE('',#1133,#1131,#118,.T.);
#919=EDGE_CURVE('',#1134,#1133,#119,.T.);
#920=EDGE_CURVE('',#1132,#1134,#120,.T.);
#921=EDGE_CURVE('',#1135,#1133,#121,.T.);
#922=EDGE_CURVE('',#1136,#1135,#122,.T.);
#923=EDGE_CURVE('',#1134,#1136,#123,.T.);
#924=EDGE_CURVE('',#1141,#1135,#124,.T.);
#925=EDGE_CURVE('',#1142,#1141,#125,.T.);
#926=EDGE_CURVE('',#1136,#1142,#126,.T.);
#927=EDGE_CURVE('',#1131,#1141,#127,.T.);
#928=EDGE_CURVE('',#1142,#1132,#128,.T.);
#929=EDGE_CURVE('',#1140,#1139,#157,.T.);
#930=EDGE_CURVE('',#1139,#1140,#158,.T.);
#931=EDGE_CURVE('',#1130,#1129,#159,.T.);
#932=EDGE_CURVE('',#1129,#1130,#160,.T.);
#933=EDGE_CURVE('',#1139,#1129,#129,.T.);
#934=EDGE_CURVE('',#1138,#1137,#161,.T.);
#935=EDGE_CURVE('',#1137,#1138,#162,.T.);
#936=EDGE_CURVE('',#1128,#1127,#163,.T.);
#937=EDGE_CURVE('',#1127,#1128,#164,.T.);
#938=EDGE_CURVE('',#1137,#1127,#130,.T.);
#939=EDGE_CURVE('',#1143,#1144,#165,.T.);
#940=EDGE_CURVE('',#1144,#1143,#166,.T.);
#941=EDGE_CURVE('',#1145,#1146,#167,.T.);
#942=EDGE_CURVE('',#1146,#1145,#168,.T.);
#943=EDGE_CURVE('',#1145,#1143,#131,.T.);
#944=EDGE_CURVE('',#1147,#1148,#169,.T.);
#945=EDGE_CURVE('',#1148,#1147,#170,.T.);
#946=EDGE_CURVE('',#1149,#1150,#171,.T.);
#947=EDGE_CURVE('',#1150,#1149,#172,.T.);
#948=EDGE_CURVE('',#1147,#1149,#132,.T.);
#949=EDGE_CURVE('',#1151,#1151,#1033,.T.);
#950=EDGE_CURVE('',#1151,#1152,#975,.T.);
#951=EDGE_CURVE('',#1152,#1152,#1034,.T.);
#952=EDGE_CURVE('',#1153,#1153,#1035,.T.);
#953=EDGE_CURVE('',#1153,#1154,#976,.T.);
#954=EDGE_CURVE('',#1154,#1154,#1036,.T.);
#955=EDGE_CURVE('',#1155,#1155,#1037,.T.);
#956=EDGE_CURVE('',#1155,#1156,#977,.T.);
#957=EDGE_CURVE('',#1156,#1156,#1038,.T.);
#958=(
BOUNDED_CURVE()
B_SPLINE_CURVE(1,(#1653,#1654),.UNSPECIFIED.,.F.,.F.)
B_SPLINE_CURVE_WITH_KNOTS((2,2),(0.,0.07),.UNSPECIFIED.)
CURVE()
GEOMETRIC_REPRESENTATION_ITEM()
RATIONAL_B_SPLINE_CURVE((1.,1.))
REPRESENTATION_ITEM('')
);
#959=(
BOUNDED_CURVE()
B_SPLINE_CURVE(1,(#1846,#1847),.UNSPECIFIED.,.F.,.F.)
B_SPLINE_CURVE_WITH_KNOTS((2,2),(-0.0350840799194417,-0.0252506198862916),
 .UNSPECIFIED.)
CURVE()
GEOMETRIC_REPRESENTATION_ITEM()
RATIONAL_B_SPLINE_CURVE((1.,1.))
REPRESENTATION_ITEM('')
);
#960=(
BOUNDED_CURVE()
B_SPLINE_CURVE(1,(#1849,#1850),.UNSPECIFIED.,.F.,.F.)
B_SPLINE_CURVE_WITH_KNOTS((2,2),(-0.0218150859803645,-0.0196150859803661),
 .UNSPECIFIED.)
CURVE()
GEOMETRIC_REPRESENTATION_ITEM()
RATIONAL_B_SPLINE_CURVE((1.,1.))
REPRESENTATION_ITEM('')
);
#961=(
BOUNDED_CURVE()
B_SPLINE_CURVE(1,(#1851,#1852),.UNSPECIFIED.,.F.,.F.)
B_SPLINE_CURVE_WITH_KNOTS((2,2),(-0.0252506198862916,-0.0218150859803645),
 .UNSPECIFIED.)
CURVE()
GEOMETRIC_REPRESENTATION_ITEM()
RATIONAL_B_SPLINE_CURVE((1.,1.))
REPRESENTATION_ITEM('')
);
#962=(
BOUNDED_CURVE()
B_SPLINE_CURVE(1,(#1855,#1856),.UNSPECIFIED.,.F.,.F.)
B_SPLINE_CURVE_WITH_KNOTS((2,2),(-0.0218150859803645,-0.021689305675534),
 .UNSPECIFIED.)
CURVE()
GEOMETRIC_REPRESENTATION_ITEM()
RATIONAL_B_SPLINE_CURVE((1.,1.))
REPRESENTATION_ITEM('')
);
#963=(
BOUNDED_CURVE()
B_SPLINE_CURVE(2,(#1858,#1859,#1860,#1861,#1862,#1863,#1864,#1865,#1866),
 .UNSPECIFIED.,.T.,.F.)
B_SPLINE_CURVE_WITH_KNOTS((3,2,2,2,3),(0.,0.00785398163397448,0.015707963267949,
0.0235619449019235,0.0314159265358979),.UNSPECIFIED.)
CURVE()
GEOMETRIC_REPRESENTATION_ITEM()
RATIONAL_B_SPLINE_CURVE((1.,0.707106781186548,1.,0.707106781186548,1.,0.707106781186548,
1.,0.707106781186548,1.))
REPRESENTATION_ITEM('')
);
#964=(
BOUNDED_CURVE()
B_SPLINE_CURVE(1,(#1867,#1868),.UNSPECIFIED.,.F.,.F.)
B_SPLINE_CURVE_WITH_KNOTS((2,2),(-0.0252506198862916,-0.0218150859803645),
 .UNSPECIFIED.)
CURVE()
GEOMETRIC_REPRESENTATION_ITEM()
RATIONAL_B_SPLINE_CURVE((1.,1.))
REPRESENTATION_ITEM('')
);
#965=(
BOUNDED_CURVE()
B_SPLINE_CURVE(1,(#1895,#1896),.UNSPECIFIED.,.F.,.F.)
B_SPLINE_CURVE_WITH_KNOTS((2,2),(-0.0299997925692473,-0.0252506198862916),
 .UNSPECIFIED.)
CURVE()
GEOMETRIC_REPRESENTATION_ITEM()
RATIONAL_B_SPLINE_CURVE((1.,1.))
REPRESENTATION_ITEM('')
);
#966=(
BOUNDED_CURVE()
B_SPLINE_CURVE(1,(#1897,#1898),.UNSPECIFIED.,.F.,.F.)
B_SPLINE_CURVE_WITH_KNOTS((2,2),(-0.0218150859803645,-0.021689305675534),
 .UNSPECIFIED.)
CURVE()
GEOMETRIC_REPRESENTATION_ITEM()
RATIONAL_B_SPLINE_CURVE((1.,1.))
REPRESENTATION_ITEM('')
);
#967=(
BOUNDED_CURVE()
B_SPLINE_CURVE(2,(#1900,#1901,#1902,#1903,#1904,#1905,#1906,#1907,#1908),
 .UNSPECIFIED.,.T.,.F.)
B_SPLINE_CURVE_WITH_KNOTS((3,2,2,2,3),(0.,0.00785398163397448,0.015707963267949,
0.0235619449019235,0.0314159265358979),.UNSPECIFIED.)
CURVE()
GEOMETRIC_REPRESENTATION_ITEM()
RATIONAL_B_SPLINE_CURVE((1.,0.707106781186548,1.,0.707106781186548,1.,0.707106781186548,
1.,0.707106781186548,1.))
REPRESENTATION_ITEM('')
);
#968=(
BOUNDED_CURVE()
B_SPLINE_CURVE(1,(#1909,#1910),.UNSPECIFIED.,.F.,.F.)
B_SPLINE_CURVE_WITH_KNOTS((2,2),(-0.0252506198862916,-0.0218150859803645),
 .UNSPECIFIED.)
CURVE()
GEOMETRIC_REPRESENTATION_ITEM()
RATIONAL_B_SPLINE_CURVE((1.,1.))
REPRESENTATION_ITEM('')
);
#969=(
BOUNDED_CURVE()
B_SPLINE_CURVE(1,(#1937,#1938),.UNSPECIFIED.,.F.,.F.)
B_SPLINE_CURVE_WITH_KNOTS((2,2),(-0.0299997925692473,-0.0252506198862916),
 .UNSPECIFIED.)
CURVE()
GEOMETRIC_REPRESENTATION_ITEM()
RATIONAL_B_SPLINE_CURVE((1.,1.))
REPRESENTATION_ITEM('')
);
#970=(
BOUNDED_CURVE()
B_SPLINE_CURVE(1,(#1939,#1940),.UNSPECIFIED.,.F.,.F.)
B_SPLINE_CURVE_WITH_KNOTS((2,2),(-0.0218150859803645,-0.021689305675534),
 .UNSPECIFIED.)
CURVE()
GEOMETRIC_REPRESENTATION_ITEM()
RATIONAL_B_SPLINE_CURVE((1.,1.))
REPRESENTATION_ITEM('')
);
#971=(
BOUNDED_CURVE()
B_SPLINE_CURVE(2,(#1942,#1943,#1944,#1945,#1946,#1947,#1948,#1949,#1950),
 .UNSPECIFIED.,.T.,.F.)
B_SPLINE_CURVE_WITH_KNOTS((3,2,2,2,3),(0.,0.00785398163397448,0.015707963267949,
0.0235619449019235,0.0314159265358979),.UNSPECIFIED.)
CURVE()
GEOMETRIC_REPRESENTATION_ITEM()
RATIONAL_B_SPLINE_CURVE((1.,0.707106781186548,1.,0.707106781186548,1.,0.707106781186548,
1.,0.707106781186548,1.))
REPRESENTATION_ITEM('')
);
#972=(
BOUNDED_CURVE()
B_SPLINE_CURVE(1,(#1951,#1952),.UNSPECIFIED.,.F.,.F.)
B_SPLINE_CURVE_WITH_KNOTS((2,2),(-0.0252506198862916,-0.0218150859803645),
 .UNSPECIFIED.)
CURVE()
GEOMETRIC_REPRESENTATION_ITEM()
RATIONAL_B_SPLINE_CURVE((1.,1.))
REPRESENTATION_ITEM('')
);
#973=(
BOUNDED_CURVE()
B_SPLINE_CURVE(1,(#1979,#1980),.UNSPECIFIED.,.F.,.F.)
B_SPLINE_CURVE_WITH_KNOTS((2,2),(-0.0299997925692473,-0.0252506198862916),
 .UNSPECIFIED.)
CURVE()
GEOMETRIC_REPRESENTATION_ITEM()
RATIONAL_B_SPLINE_CURVE((1.,1.))
REPRESENTATION_ITEM('')
);
#974=(
BOUNDED_CURVE()
B_SPLINE_CURVE(1,(#2134,#2135),.UNSPECIFIED.,.F.,.F.)
B_SPLINE_CURVE_WITH_KNOTS((2,2),(0.0853747099135285,0.0933547600626935),
 .UNSPECIFIED.)
CURVE()
GEOMETRIC_REPRESENTATION_ITEM()
RATIONAL_B_SPLINE_CURVE((1.,1.))
REPRESENTATION_ITEM('')
);
#975=(
BOUNDED_CURVE()
B_SPLINE_CURVE(1,(#2335,#2336),.UNSPECIFIED.,.F.,.F.)
B_SPLINE_CURVE_WITH_KNOTS((2,2),(0.,0.07),.UNSPECIFIED.)
CURVE()
GEOMETRIC_REPRESENTATION_ITEM()
RATIONAL_B_SPLINE_CURVE((1.,1.))
REPRESENTATION_ITEM('')
);
#976=(
BOUNDED_CURVE()
B_SPLINE_CURVE(1,(#2344,#2345),.UNSPECIFIED.,.F.,.F.)
B_SPLINE_CURVE_WITH_KNOTS((2,2),(0.,0.07),.UNSPECIFIED.)
CURVE()
GEOMETRIC_REPRESENTATION_ITEM()
RATIONAL_B_SPLINE_CURVE((1.,1.))
REPRESENTATION_ITEM('')
);
#977=(
BOUNDED_CURVE()
B_SPLINE_CURVE(1,(#2353,#2354),.UNSPECIFIED.,.F.,.F.)
B_SPLINE_CURVE_WITH_KNOTS((2,2),(0.,0.07),.UNSPECIFIED.)
CURVE()
GEOMETRIC_REPRESENTATION_ITEM()
RATIONAL_B_SPLINE_CURVE((1.,1.))
REPRESENTATION_ITEM('')
);
#978=CIRCLE('',#1319,0.015);
#979=CIRCLE('',#1320,0.015);
#980=CIRCLE('',#1326,0.0125000000000011);
#981=CIRCLE('',#1327,0.0125000000000011);
#982=CIRCLE('',#1328,0.0125000000000011);
#983=CIRCLE('',#1329,0.0125000000000011);
#984=CIRCLE('',#1330,0.0150000000000006);
#985=CIRCLE('',#1331,0.0150000000000006);
#986=CIRCLE('',#1332,0.0150000000000006);
#987=CIRCLE('',#1333,0.0150000000000006);
#988=CIRCLE('',#1350,0.00899999999999678);
#989=CIRCLE('',#1351,0.0089999999999968);
#990=CIRCLE('',#1352,0.00899999999999857);
#991=CIRCLE('',#1353,0.00899999999999856);
#992=CIRCLE('',#1354,0.00500000000000969);
#993=CIRCLE('',#1355,0.00750000000000389);
#994=CIRCLE('',#1356,0.00503535533907851);
#995=CIRCLE('',#1357,0.00750000000000384);
#996=CIRCLE('',#1358,0.00750000000000891);
#997=CIRCLE('',#1359,0.0075000000000089);
#998=CIRCLE('',#1360,0.00750000000000891);
#999=CIRCLE('',#1378,0.0139999999999993);
#1000=CIRCLE('',#1379,0.0139999999999993);
#1001=CIRCLE('',#1380,0.0139999999999993);
#1002=CIRCLE('',#1381,0.0139999999999993);
#1003=CIRCLE('',#1382,0.00900000000000034);
#1004=CIRCLE('',#1383,0.00900000000000031);
#1005=CIRCLE('',#1384,0.00900000000000034);
#1006=CIRCLE('',#1385,0.00900000000000031);
#1007=CIRCLE('',#1386,0.009);
#1008=CIRCLE('',#1387,0.00899999999999999);
#1009=CIRCLE('',#1404,0.0129999999999999);
#1010=CIRCLE('',#1405,0.0129999999999999);
#1011=CIRCLE('',#1406,0.0129999999999999);
#1012=CIRCLE('',#1407,0.0129999999999999);
#1013=CIRCLE('',#1408,0.0129999999999999);
#1014=CIRCLE('',#1409,0.0129999999999999);
#1015=CIRCLE('',#1410,0.0129999999999999);
#1016=CIRCLE('',#1411,0.0129999999999999);
#1017=CIRCLE('',#1412,0.0129999999999999);
#1018=CIRCLE('',#1413,0.0129999999999999);
#1019=CIRCLE('',#1414,0.0129999999999999);
#1020=CIRCLE('',#1415,0.0129999999999999);
#1021=CIRCLE('',#1416,0.0129999999999999);
#1022=CIRCLE('',#1417,0.0129999999999999);
#1023=CIRCLE('',#1418,0.0129999999999999);
#1024=CIRCLE('',#1419,0.0129999999999999);
#1025=CIRCLE('',#1425,0.0125000000000011);
#1026=CIRCLE('',#1426,0.0125000000000011);
#1027=CIRCLE('',#1427,0.0125000000000011);
#1028=CIRCLE('',#1428,0.0125000000000011);
#1029=CIRCLE('',#1429,0.0150000000000006);
#1030=CIRCLE('',#1430,0.0150000000000005);
#1031=CIRCLE('',#1431,0.0150000000000006);
#1032=CIRCLE('',#1432,0.0150000000000005);
#1033=CIRCLE('',#1436,0.015);
#1034=CIRCLE('',#1437,0.015);
#1035=CIRCLE('',#1441,0.015);
#1036=CIRCLE('',#1442,0.015);
#1037=CIRCLE('',#1446,0.015);
#1038=CIRCLE('',#1447,0.015);
#1039=VERTEX_POINT('',#1650);
#1040=VERTEX_POINT('',#1651);
#1041=VERTEX_POINT('',#1661);
#1042=VERTEX_POINT('',#1662);
#1043=VERTEX_POINT('',#1663);
#1044=VERTEX_POINT('',#1664);
#1045=VERTEX_POINT('',#1665);
#1046=VERTEX_POINT('',#1666);
#1047=VERTEX_POINT('',#1667);
#1048=VERTEX_POINT('',#1668);
#1049=VERTEX_POINT('',#1785);
#1050=VERTEX_POINT('',#1786);
#1051=VERTEX_POINT('',#1787);
#1052=VERTEX_POINT('',#1788);
#1053=VERTEX_POINT('',#1789);
#1054=VERTEX_POINT('',#1790);
#1055=VERTEX_POINT('',#1791);
#1056=VERTEX_POINT('',#1792);
#1057=VERTEX_POINT('',#1793);
#1058=VERTEX_POINT('',#1794);
#1059=VERTEX_POINT('',#1795);
#1060=VERTEX_POINT('',#1796);
#1061=VERTEX_POINT('',#1797);
#1062=VERTEX_POINT('',#1798);
#1063=VERTEX_POINT('',#1799);
#1064=VERTEX_POINT('',#1800);
#1065=VERTEX_POINT('',#1801);
#1066=VERTEX_POINT('',#1802);
#1067=VERTEX_POINT('',#1803);
#1068=VERTEX_POINT('',#1804);
#1069=VERTEX_POINT('',#1805);
#1070=VERTEX_POINT('',#1806);
#1071=VERTEX_POINT('',#1807);
#1072=VERTEX_POINT('',#1808);
#1073=VERTEX_POINT('',#1809);
#1074=VERTEX_POINT('',#1810);
#1075=VERTEX_POINT('',#1811);
#1076=VERTEX_POINT('',#1812);
#1077=VERTEX_POINT('',#1998);
#1078=VERTEX_POINT('',#1999);
#1079=VERTEX_POINT('',#2000);
#1080=VERTEX_POINT('',#2001);
#1081=VERTEX_POINT('',#2002);
#1082=VERTEX_POINT('',#2003);
#1083=VERTEX_POINT('',#2004);
#1084=VERTEX_POINT('',#2005);
#1085=VERTEX_POINT('',#2006);
#1086=VERTEX_POINT('',#2007);
#1087=VERTEX_POINT('',#2008);
#1088=VERTEX_POINT('',#2009);
#1089=VERTEX_POINT('',#2010);
#1090=VERTEX_POINT('',#2011);
#1091=VERTEX_POINT('',#2012);
#1092=VERTEX_POINT('',#2013);
#1093=VERTEX_POINT('',#2014);
#1094=VERTEX_POINT('',#2015);
#1095=VERTEX_POINT('',#2016);
#1096=VERTEX_POINT('',#2017);
#1097=VERTEX_POINT('',#2018);
#1098=VERTEX_POINT('',#2019);
#1099=VERTEX_POINT('',#2020);
#1100=VERTEX_POINT('',#2021);
#1101=VERTEX_POINT('',#2022);
#1102=VERTEX_POINT('',#2023);
#1103=VERTEX_POINT('',#2024);
#1104=VERTEX_POINT('',#2025);
#1105=VERTEX_POINT('',#2026);
#1106=VERTEX_POINT('',#2027);
#1107=VERTEX_POINT('',#2028);
#1108=VERTEX_POINT('',#2029);
#1109=VERTEX_POINT('',#2030);
#1110=VERTEX_POINT('',#2031);
#1111=VERTEX_POINT('',#2152);
#1112=VERTEX_POINT('',#2153);
#1113=VERTEX_POINT('',#2154);
#1114=VERTEX_POINT('',#2155);
#1115=VERTEX_POINT('',#2156);
#1116=VERTEX_POINT('',#2157);
#1117=VERTEX_POINT('',#2158);
#1118=VERTEX_POINT('',#2159);
#1119=VERTEX_POINT('',#2160);
#1120=VERTEX_POINT('',#2161);
#1121=VERTEX_POINT('',#2162);
#1122=VERTEX_POINT('',#2163);
#1123=VERTEX_POINT('',#2164);
#1124=VERTEX_POINT('',#2165);
#1125=VERTEX_POINT('',#2166);
#1126=VERTEX_POINT('',#2167);
#1127=VERTEX_POINT('',#2168);
#1128=VERTEX_POINT('',#2169);
#1129=VERTEX_POINT('',#2170);
#1130=VERTEX_POINT('',#2171);
#1131=VERTEX_POINT('',#2172);
#1132=VERTEX_POINT('',#2173);
#1133=VERTEX_POINT('',#2174);
#1134=VERTEX_POINT('',#2175);
#1135=VERTEX_POINT('',#2176);
#1136=VERTEX_POINT('',#2177);
#1137=VERTEX_POINT('',#2178);
#1138=VERTEX_POINT('',#2179);
#1139=VERTEX_POINT('',#2180);
#1140=VERTEX_POINT('',#2181);
#1141=VERTEX_POINT('',#2182);
#1142=VERTEX_POINT('',#2183);
#1143=VERTEX_POINT('',#2293);
#1144=VERTEX_POINT('',#2294);
#1145=VERTEX_POINT('',#2295);
#1146=VERTEX_POINT('',#2296);
#1147=VERTEX_POINT('',#2297);
#1148=VERTEX_POINT('',#2298);
#1149=VERTEX_POINT('',#2299);
#1150=VERTEX_POINT('',#2300);
#1151=VERTEX_POINT('',#2332);
#1152=VERTEX_POINT('',#2333);
#1153=VERTEX_POINT('',#2341);
#1154=VERTEX_POINT('',#2342);
#1155=VERTEX_POINT('',#2350);
#1156=VERTEX_POINT('',#2351);
#1157=PLANE('',#1317);
#1158=PLANE('',#1318);
#1159=PLANE('',#1322);
#1160=PLANE('',#1324);
#1161=PLANE('',#1325);
#1162=PLANE('',#1334);
#1163=PLANE('',#1335);
#1164=PLANE('',#1336);
#1165=PLANE('',#1337);
#1166=PLANE('',#1338);
#1167=PLANE('',#1339);
#1168=PLANE('',#1363);
#1169=PLANE('',#1364);
#1170=PLANE('',#1365);
#1171=PLANE('',#1366);
#1172=PLANE('',#1367);
#1173=PLANE('',#1368);
#1174=PLANE('',#1369);
#1175=PLANE('',#1370);
#1176=PLANE('',#1371);
#1177=PLANE('',#1372);
#1178=PLANE('',#1373);
#1179=PLANE('',#1374);
#1180=PLANE('',#1375);
#1181=PLANE('',#1376);
#1182=PLANE('',#1390);
#1183=PLANE('',#1391);
#1184=PLANE('',#1392);
#1185=PLANE('',#1393);
#1186=PLANE('',#1394);
#1187=PLANE('',#1395);
#1188=PLANE('',#1396);
#1189=PLANE('',#1397);
#1190=PLANE('',#1398);
#1191=PLANE('',#1399);
#1192=PLANE('',#1400);
#1193=PLANE('',#1401);
#1194=PLANE('',#1421);
#1195=PLANE('',#1423);
#1196=PLANE('',#1424);
#1197=PLANE('',#1434);
#1198=PLANE('',#1435);
#1199=PLANE('',#1439);
#1200=PLANE('',#1440);
#1201=PLANE('',#1444);
#1202=PLANE('',#1445);
#1203=CYLINDRICAL_SURFACE('',#1316,0.015);
#1204=CYLINDRICAL_SURFACE('',#1321,0.0125000000000011);
#1205=CYLINDRICAL_SURFACE('',#1323,0.0150000000000006);
#1206=CYLINDRICAL_SURFACE('',#1340,0.00899999999999679);
#1207=CYLINDRICAL_SURFACE('',#1341,0.00899999999999858);
#1208=CYLINDRICAL_SURFACE('',#1342,0.00750000000000384);
#1209=CYLINDRICAL_SURFACE('',#1343,0.00501767766954409);
#1210=CYLINDRICAL_SURFACE('',#1344,0.00750000000000388);
#1211=CYLINDRICAL_SURFACE('',#1345,0.00501777262904473);
#1212=CYLINDRICAL_SURFACE('',#1346,0.00750000000000388);
#1213=CYLINDRICAL_SURFACE('',#1347,0.00501777262904473);
#1214=CYLINDRICAL_SURFACE('',#1348,0.00750000000000389);
#1215=CYLINDRICAL_SURFACE('',#1349,0.00501777262904473);
#1216=CYLINDRICAL_SURFACE('',#1361,0.0139999999999993);
#1217=CYLINDRICAL_SURFACE('',#1362,0.00900000000000034);
#1218=CYLINDRICAL_SURFACE('',#1377,0.009);
#1219=CYLINDRICAL_SURFACE('',#1388,0.0129999999999999);
#1220=CYLINDRICAL_SURFACE('',#1389,0.0129999999999999);
#1221=CYLINDRICAL_SURFACE('',#1402,0.0129999999999999);
#1222=CYLINDRICAL_SURFACE('',#1403,0.0129999999999999);
#1223=CYLINDRICAL_SURFACE('',#1420,0.0125000000000011);
#1224=CYLINDRICAL_SURFACE('',#1422,0.0150000000000005);
#1225=CYLINDRICAL_SURFACE('',#1433,0.015);
#1226=CYLINDRICAL_SURFACE('',#1438,0.015);
#1227=CYLINDRICAL_SURFACE('',#1443,0.015);
#1228=SHAPE_DEFINITION_REPRESENTATION(#1229,#1314);
#1229=PRODUCT_DEFINITION_SHAPE($,$,#1231);
#1230=PRODUCT_DEFINITION_CONTEXT('3D Mechanical Parts',#1303,'design');
#1231=PRODUCT_DEFINITION('A','First version',#1273,#1230);
#1232=DATE_TIME_ROLE('classification_date');
#1233=DATE_TIME_ROLE('creation_date');
#1234=APPLIED_DATE_AND_TIME_ASSIGNMENT(#1258,#1232,(#1237));
#1235=APPLIED_DATE_AND_TIME_ASSIGNMENT(#1260,#1233,(#1231));
#1236=SECURITY_CLASSIFICATION_LEVEL('unclassified');
#1237=SECURITY_CLASSIFICATION('A','Security for version',#1236);
#1238=APPLIED_SECURITY_CLASSIFICATION_ASSIGNMENT(#1237,(#1273));
#1239=APPROVAL_ROLE('Version approval');
#1240=APPROVAL_ROLE('Version Security approval');
#1241=APPROVAL_ROLE('Definition approval');
#1242=APPROVAL_PERSON_ORGANIZATION(#1291,#1267,#1239);
#1243=APPROVAL_PERSON_ORGANIZATION(#1292,#1268,#1240);
#1244=APPROVAL_PERSON_ORGANIZATION(#1295,#1269,#1241);
#1245=COORDINATED_UNIVERSAL_TIME_OFFSET(5,0,.BEHIND.);
#1246=LOCAL_TIME(0,0,0.,#1245);
#1247=LOCAL_TIME(0,0,0.,#1245);
#1248=LOCAL_TIME(0,0,0.,#1245);
#1249=LOCAL_TIME(0,0,0.,#1245);
#1250=LOCAL_TIME(0,0,0.,#1245);
#1251=CALENDAR_DATE(1999,1,1);
#1252=CALENDAR_DATE(1999,1,1);
#1253=CALENDAR_DATE(1999,1,1);
#1254=CALENDAR_DATE(1999,1,1);
#1255=CALENDAR_DATE(1999,1,1);
#1256=DATE_AND_TIME(#1251,#1246);
#1257=DATE_AND_TIME(#1252,#1247);
#1258=DATE_AND_TIME(#1253,#1248);
#1259=DATE_AND_TIME(#1254,#1249);
#1260=DATE_AND_TIME(#1255,#1250);
#1261=APPROVAL_DATE_TIME(#1256,#1267);
#1262=APPROVAL_DATE_TIME(#1257,#1268);
#1263=APPROVAL_DATE_TIME(#1259,#1269);
#1264=APPROVAL_STATUS('not_yet_approved');
#1265=APPROVAL_STATUS('not_yet_approved');
#1266=APPROVAL_STATUS('approved');
#1267=APPROVAL(#1264,'Version approval');
#1268=APPROVAL(#1265,'Version Security approval');
#1269=APPROVAL(#1266,'Definition approval');
#1270=APPLIED_APPROVAL_ASSIGNMENT(#1267,(#1273));
#1271=APPLIED_APPROVAL_ASSIGNMENT(#1268,(#1237));
#1272=APPLIED_APPROVAL_ASSIGNMENT(#1269,(#1231));
#1273=PRODUCT_DEFINITION_FORMATION_WITH_SPECIFIED_SOURCE('A',
'First version',#1305,.MADE.);
#1274=PERSON_AND_ORGANIZATION_ROLE('design_owner');
#1275=PERSON_AND_ORGANIZATION_ROLE('creator');
#1276=PERSON_AND_ORGANIZATION_ROLE('design_supplier');
#1277=PERSON_AND_ORGANIZATION_ROLE('classification_officer');
#1278=PERSON_AND_ORGANIZATION_ROLE('creator');
#1279=ORGANIZATION('STI','lab','lab');
#1280=ORGANIZATION('STI','unknown','unknown');
#1281=ORGANIZATION('STI','unknown','unknown');
#1282=ORGANIZATION('STI','unknown','unknown');
#1283=ORGANIZATION('STI','unknown','unknown');
#1284=ORGANIZATION('STI','unknown','unknown');
#1285=ORGANIZATION('STI','unknown','unknown');
#1286=PERSON('1','Box','vc60',$,$,$);
#1287=PERSON('2','last','first',$,$,$);
#1288=PERSON('3','President','Mr.',$,$,$);
#1289=PERSON_AND_ORGANIZATION(#1286,#1279);
#1290=PERSON_AND_ORGANIZATION(#1287,#1280);
#1291=PERSON_AND_ORGANIZATION(#1288,#1281);
#1292=PERSON_AND_ORGANIZATION(#1288,#1282);
#1293=PERSON_AND_ORGANIZATION(#1288,#1283);
#1294=PERSON_AND_ORGANIZATION(#1287,#1284);
#1295=PERSON_AND_ORGANIZATION(#1288,#1285);
#1296=APPLIED_PERSON_AND_ORGANIZATION_ASSIGNMENT(#1289,#1274,(#1305));
#1297=APPLIED_PERSON_AND_ORGANIZATION_ASSIGNMENT(#1290,#1275,(#1273));
#1298=APPLIED_PERSON_AND_ORGANIZATION_ASSIGNMENT(#1290,#1276,(#1273));
#1299=APPLIED_PERSON_AND_ORGANIZATION_ASSIGNMENT(#1293,#1277,(#1237));
#1300=APPLIED_PERSON_AND_ORGANIZATION_ASSIGNMENT(#1294,#1278,(#1231));
#1301=PRODUCT_RELATED_PRODUCT_CATEGORY('detail','detail',(#1305));
#1302=APPLICATION_PROTOCOL_DEFINITION('International Standard',
'config_control_design',1994,#1303);
#1303=APPLICATION_CONTEXT(
'configuration controlled 3d designs of mechanical parts and assemblie
s');
#1304=PRODUCT_CONTEXT('3D Mechanical Parts',#1303,'mechanical');
#1305=PRODUCT('Document','Document','',(#1304));
#1306=(
LENGTH_UNIT()
NAMED_UNIT(*)
SI_UNIT(.MILLI.,.METRE.)
);
#1307=(
NAMED_UNIT(*)
PLANE_ANGLE_UNIT()
SI_UNIT($,.RADIAN.)
);
#1308=DIMENSIONAL_EXPONENTS(0.,0.,0.,0.,0.,0.,0.);
#1309=PLANE_ANGLE_MEASURE_WITH_UNIT(PLANE_ANGLE_MEASURE(0.01745329252),
#1307);
#1310=(
CONVERSION_BASED_UNIT('DEGREES',#1309)
NAMED_UNIT(#1308)
PLANE_ANGLE_UNIT()
);
#1311=(
NAMED_UNIT(*)
SI_UNIT($,.STERADIAN.)
SOLID_ANGLE_UNIT()
);
#1312=UNCERTAINTY_MEASURE_WITH_UNIT(LENGTH_MEASURE(0.001),#1306,
'DISTANCE_ACCURACY_VALUE',
'Maximum model space distance between geometric entities at asserted c
onnectivities');
#1313=(
GEOMETRIC_REPRESENTATION_CONTEXT(3)
GLOBAL_UNCERTAINTY_ASSIGNED_CONTEXT((#1312))
GLOBAL_UNIT_ASSIGNED_CONTEXT((#1311,#1310,#1306))
REPRESENTATION_CONTEXT('ID1','3D')
);
#1314=SHAPE_REPRESENTATION('Document',(#1315,#1448),#1313);
#1315=AXIS2_PLACEMENT_3D($,#1646,#1449,#1450);
#1316=AXIS2_PLACEMENT_3D('',#1647,#1451,$);
#1317=AXIS2_PLACEMENT_3D('',#1648,#1452,$);
#1318=AXIS2_PLACEMENT_3D('',#1649,#1453,$);
#1319=AXIS2_PLACEMENT_3D($,#1652,#1454,#1455);
#1320=AXIS2_PLACEMENT_3D($,#1655,#1456,#1457);
#1321=AXIS2_PLACEMENT_3D('',#1656,#1458,$);
#1322=AXIS2_PLACEMENT_3D('',#1657,#1459,$);
#1323=AXIS2_PLACEMENT_3D('',#1658,#1460,$);
#1324=AXIS2_PLACEMENT_3D('',#1659,#1461,$);
#1325=AXIS2_PLACEMENT_3D('',#1660,#1462,$);
#1326=AXIS2_PLACEMENT_3D($,#1669,#1463,#1464);
#1327=AXIS2_PLACEMENT_3D($,#1672,#1465,#1466);
#1328=AXIS2_PLACEMENT_3D($,#1675,#1467,#1468);
#1329=AXIS2_PLACEMENT_3D($,#1678,#1469,#1470);
#1330=AXIS2_PLACEMENT_3D($,#1683,#1471,#1472);
#1331=AXIS2_PLACEMENT_3D($,#1686,#1473,#1474);
#1332=AXIS2_PLACEMENT_3D($,#1689,#1475,#1476);
#1333=AXIS2_PLACEMENT_3D($,#1692,#1477,#1478);
#1334=AXIS2_PLACEMENT_3D('',#1697,#1479,$);
#1335=AXIS2_PLACEMENT_3D('',#1698,#1480,$);
#1336=AXIS2_PLACEMENT_3D('',#1699,#1481,$);
#1337=AXIS2_PLACEMENT_3D('',#1700,#1482,$);
#1338=AXIS2_PLACEMENT_3D('',#1701,#1483,$);
#1339=AXIS2_PLACEMENT_3D('',#1702,#1484,$);
#1340=AXIS2_PLACEMENT_3D('',#1703,#1485,$);
#1341=AXIS2_PLACEMENT_3D('',#1704,#1486,$);
#1342=AXIS2_PLACEMENT_3D('',#1705,#1487,$);
#1343=AXIS2_PLACEMENT_3D('',#1706,#1488,$);
#1344=AXIS2_PLACEMENT_3D('',#1725,#1489,$);
#1345=AXIS2_PLACEMENT_3D('',#1744,#1490,$);
#1346=AXIS2_PLACEMENT_3D('',#1745,#1491,$);
#1347=AXIS2_PLACEMENT_3D('',#1764,#1492,$);
#1348=AXIS2_PLACEMENT_3D('',#1765,#1493,$);
#1349=AXIS2_PLACEMENT_3D('',#1784,#1494,$);
#1350=AXIS2_PLACEMENT_3D($,#1837,#1495,#1496);
#1351=AXIS2_PLACEMENT_3D($,#1838,#1497,#1498);
#1352=AXIS2_PLACEMENT_3D($,#1841,#1499,#1500);
#1353=AXIS2_PLACEMENT_3D($,#1842,#1501,#1502);
#1354=AXIS2_PLACEMENT_3D($,#1845,#1503,#1504);
#1355=AXIS2_PLACEMENT_3D($,#1848,#1505,#1506);
#1356=AXIS2_PLACEMENT_3D($,#1853,#1507,#1508);
#1357=AXIS2_PLACEMENT_3D($,#1854,#1509,#1510);
#1358=AXIS2_PLACEMENT_3D($,#1857,#1511,#1512);
#1359=AXIS2_PLACEMENT_3D($,#1899,#1513,#1514);
#1360=AXIS2_PLACEMENT_3D($,#1941,#1515,#1516);
#1361=AXIS2_PLACEMENT_3D('',#1981,#1517,$);
#1362=AXIS2_PLACEMENT_3D('',#1982,#1518,$);
#1363=AXIS2_PLACEMENT_3D('',#1983,#1519,$);
#1364=AXIS2_PLACEMENT_3D('',#1984,#1520,$);
#1365=AXIS2_PLACEMENT_3D('',#1985,#1521,$);
#1366=AXIS2_PLACEMENT_3D('',#1986,#1522,$);
#1367=AXIS2_PLACEMENT_3D('',#1987,#1523,$);
#1368=AXIS2_PLACEMENT_3D('',#1988,#1524,$);
#1369=AXIS2_PLACEMENT_3D('',#1989,#1525,$);
#1370=AXIS2_PLACEMENT_3D('',#1990,#1526,$);
#1371=AXIS2_PLACEMENT_3D('',#1991,#1527,$);
#1372=AXIS2_PLACEMENT_3D('',#1992,#1528,$);
#1373=AXIS2_PLACEMENT_3D('',#1993,#1529,$);
#1374=AXIS2_PLACEMENT_3D('',#1994,#1530,$);
#1375=AXIS2_PLACEMENT_3D('',#1995,#1531,$);
#1376=AXIS2_PLACEMENT_3D('',#1996,#1532,$);
#1377=AXIS2_PLACEMENT_3D('',#1997,#1533,$);
#1378=AXIS2_PLACEMENT_3D($,#2032,#1534,#1535);
#1379=AXIS2_PLACEMENT_3D($,#2035,#1536,#1537);
#1380=AXIS2_PLACEMENT_3D($,#2038,#1538,#1539);
#1381=AXIS2_PLACEMENT_3D($,#2041,#1540,#1541);
#1382=AXIS2_PLACEMENT_3D($,#2046,#1542,#1543);
#1383=AXIS2_PLACEMENT_3D($,#2049,#1544,#1545);
#1384=AXIS2_PLACEMENT_3D($,#2052,#1546,#1547);
#1385=AXIS2_PLACEMENT_3D($,#2055,#1548,#1549);
#1386=AXIS2_PLACEMENT_3D($,#2132,#1550,#1551);
#1387=AXIS2_PLACEMENT_3D($,#2133,#1552,#1553);
#1388=AXIS2_PLACEMENT_3D('',#2136,#1554,$);
#1389=AXIS2_PLACEMENT_3D('',#2137,#1555,$);
#1390=AXIS2_PLACEMENT_3D('',#2138,#1556,$);
#1391=AXIS2_PLACEMENT_3D('',#2139,#1557,$);
#1392=AXIS2_PLACEMENT_3D('',#2140,#1558,$);
#1393=AXIS2_PLACEMENT_3D('',#2141,#1559,$);
#1394=AXIS2_PLACEMENT_3D('',#2142,#1560,$);
#1395=AXIS2_PLACEMENT_3D('',#2143,#1561,$);
#1396=AXIS2_PLACEMENT_3D('',#2144,#1562,$);
#1397=AXIS2_PLACEMENT_3D('',#2145,#1563,$);
#1398=AXIS2_PLACEMENT_3D('',#2146,#1564,$);
#1399=AXIS2_PLACEMENT_3D('',#2147,#1565,$);
#1400=AXIS2_PLACEMENT_3D('',#2148,#1566,$);
#1401=AXIS2_PLACEMENT_3D('',#2149,#1567,$);
#1402=AXIS2_PLACEMENT_3D('',#2150,#1568,$);
#1403=AXIS2_PLACEMENT_3D('',#2151,#1569,$);
#1404=AXIS2_PLACEMENT_3D($,#2184,#1570,#1571);
#1405=AXIS2_PLACEMENT_3D($,#2187,#1572,#1573);
#1406=AXIS2_PLACEMENT_3D($,#2190,#1574,#1575);
#1407=AXIS2_PLACEMENT_3D($,#2193,#1576,#1577);
#1408=AXIS2_PLACEMENT_3D($,#2198,#1578,#1579);
#1409=AXIS2_PLACEMENT_3D($,#2201,#1580,#1581);
#1410=AXIS2_PLACEMENT_3D($,#2204,#1582,#1583);
#1411=AXIS2_PLACEMENT_3D($,#2207,#1584,#1585);
#1412=AXIS2_PLACEMENT_3D($,#2260,#1586,#1587);
#1413=AXIS2_PLACEMENT_3D($,#2263,#1588,#1589);
#1414=AXIS2_PLACEMENT_3D($,#2266,#1590,#1591);
#1415=AXIS2_PLACEMENT_3D($,#2269,#1592,#1593);
#1416=AXIS2_PLACEMENT_3D($,#2274,#1594,#1595);
#1417=AXIS2_PLACEMENT_3D($,#2277,#1596,#1597);
#1418=AXIS2_PLACEMENT_3D($,#2280,#1598,#1599);
#1419=AXIS2_PLACEMENT_3D($,#2283,#1600,#1601);
#1420=AXIS2_PLACEMENT_3D('',#2288,#1602,$);
#1421=AXIS2_PLACEMENT_3D('',#2289,#1603,$);
#1422=AXIS2_PLACEMENT_3D('',#2290,#1604,$);
#1423=AXIS2_PLACEMENT_3D('',#2291,#1605,$);
#1424=AXIS2_PLACEMENT_3D('',#2292,#1606,$);
#1425=AXIS2_PLACEMENT_3D($,#2301,#1607,#1608);
#1426=AXIS2_PLACEMENT_3D($,#2304,#1609,#1610);
#1427=AXIS2_PLACEMENT_3D($,#2307,#1611,#1612);
#1428=AXIS2_PLACEMENT_3D($,#2310,#1613,#1614);
#1429=AXIS2_PLACEMENT_3D($,#2315,#1615,#1616);
#1430=AXIS2_PLACEMENT_3D($,#2318,#1617,#1618);
#1431=AXIS2_PLACEMENT_3D($,#2321,#1619,#1620);
#1432=AXIS2_PLACEMENT_3D($,#2324,#1621,#1622);
#1433=AXIS2_PLACEMENT_3D('',#2329,#1623,$);
#1434=AXIS2_PLACEMENT_3D('',#2330,#1624,$);
#1435=AXIS2_PLACEMENT_3D('',#2331,#1625,$);
#1436=AXIS2_PLACEMENT_3D($,#2334,#1626,#1627);
#1437=AXIS2_PLACEMENT_3D($,#2337,#1628,#1629);
#1438=AXIS2_PLACEMENT_3D('',#2338,#1630,$);
#1439=AXIS2_PLACEMENT_3D('',#2339,#1631,$);
#1440=AXIS2_PLACEMENT_3D('',#2340,#1632,$);
#1441=AXIS2_PLACEMENT_3D($,#2343,#1633,#1634);
#1442=AXIS2_PLACEMENT_3D($,#2346,#1635,#1636);
#1443=AXIS2_PLACEMENT_3D('',#2347,#1637,$);
#1444=AXIS2_PLACEMENT_3D('',#2348,#1638,$);
#1445=AXIS2_PLACEMENT_3D('',#2349,#1639,$);
#1446=AXIS2_PLACEMENT_3D($,#2352,#1640,#1641);
#1447=AXIS2_PLACEMENT_3D($,#2355,#1642,#1643);
#1448=AXIS2_PLACEMENT_3D($,#2356,#1644,#1645);
#1449=DIRECTION('',(0.,0.,1.));
#1450=DIRECTION('',(1.,0.,0.));
#1451=DIRECTION('',(0.,0.,-1.));
#1452=DIRECTION('',(0.,0.,1.));
#1453=DIRECTION('',(0.,0.,-1.));
#1454=DIRECTION('',(0.,0.,-1.));
#1455=DIRECTION('',(0.,1.,0.));
#1456=DIRECTION('',(0.,0.,-1.));
#1457=DIRECTION('',(0.,1.,0.));
#1458=DIRECTION('',(-2.77555756156265E-16,-1.,1.11022302462519E-15));
#1459=DIRECTION('',(0.,1.,0.));
#1460=DIRECTION('',(0.,1.,-1.38777878078145E-15));
#1461=DIRECTION('',(0.,-1.,0.));
#1462=DIRECTION('',(0.,1.,0.));
#1463=DIRECTION('',(0.,1.,-1.66533453693774E-15));
#1464=DIRECTION('',(-1.,0.,8.65973959207549E-14));
#1465=DIRECTION('',(0.,1.,-1.66533453693773E-15));
#1466=DIRECTION('',(1.,0.,-8.43769498715047E-14));
#1467=DIRECTION('',(-5.55111512312531E-16,-1.,5.55111512312657E-16));
#1468=DIRECTION('',(-1.,0.,-8.43769498715047E-14));
#1469=DIRECTION('',(-5.55111512312531E-16,-1.,2.77555756156282E-15));
#1470=DIRECTION('',(1.,-1.11022302462506E-15,8.77076189453798E-14));
#1471=DIRECTION('',(0.,1.,-1.38777878078144E-15));
#1472=DIRECTION('',(-1.,0.,3.70074341541705E-14));
#1473=DIRECTION('',(0.,1.,-1.8503717077086E-15));
#1474=DIRECTION('',(1.,0.,-3.8857805861879E-14));
#1475=DIRECTION('',(0.,-1.,1.85037170770859E-15));
#1476=DIRECTION('',(-1.,0.,-3.79326200080247E-14));
#1477=DIRECTION('',(0.,-1.,1.38777878078145E-15));
#1478=DIRECTION('',(1.,0.,3.70074341541705E-14));
#1479=DIRECTION('',(1.,0.,0.));
#1480=DIRECTION('',(0.,1.,0.));
#1481=DIRECTION('',(-1.,0.,0.));
#1482=DIRECTION('',(0.,-1.,0.));
#1483=DIRECTION('',(0.,0.,-1.));
#1484=DIRECTION('',(0.,0.,1.));
#1485=DIRECTION('',(0.,0.,-1.));
#1486=DIRECTION('',(0.,0.,-1.));
#1487=DIRECTION('',(1.18423789293289E-13,-1.85037170776287E-15,-1.));
#1488=DIRECTION('',(1.77701304343269E-13,-6.91444764044257E-16,-1.));
#1489=DIRECTION('',(0.707106781041123,-6.70880210951411E-13,-0.707106781331972));
#1490=DIRECTION('',(0.710115778322682,-6.84285779449292E-14,-0.704084924833057));
#1491=DIRECTION('',(0.707106781041123,-6.70579043681277E-13,-0.707106781331972));
#1492=DIRECTION('',(0.710115778322682,-6.74865916212036E-14,-0.704084924833057));
#1493=DIRECTION('',(0.707106781041124,-6.71211494948558E-13,-0.707106781331971));
#1494=DIRECTION('',(0.710115778322682,-6.79575847830664E-14,-0.704084924833058));
#1495=DIRECTION('',(-7.70988211545218E-16,-7.70988211545827E-16,-1.));
#1496=DIRECTION('',(-3.94745964311308E-13,1.,-7.70988211545523E-16));
#1497=DIRECTION('',(-1.54197642309165E-15,1.54197642309044E-15,-1.));
#1498=DIRECTION('',(-3.94745964311307E-13,1.,1.15648231731828E-15));
#1499=DIRECTION('',(-2.31296463463566E-15,7.70988211545371E-16,-1.));
#1500=DIRECTION('',(-2.00456935001796E-13,1.,7.7098821728968E-16));
#1501=DIRECTION('',(-7.70988211545219E-16,-7.70988211545371E-16,-1.));
#1502=DIRECTION('',(-2.00456935001796E-13,1.,-7.70988211545371E-16));
#1503=DIRECTION('',(1.77635683939682E-13,0.,-1.));
#1504=DIRECTION('',(1.,3.43822192937937E-13,1.77635683939681E-13));
#1505=DIRECTION('',(-1.18423789293289E-13,1.85037170765067E-15,1.));
#1506=DIRECTION('',(1.,-4.80865347540521E-13,1.18423789293289E-13));
#1507=DIRECTION('',(1.77766463998516E-13,-1.37803460476459E-15,-1.));
#1508=DIRECTION('',(1.,3.57255471252831E-13,1.77766463998516E-13));
#1509=DIRECTION('',(1.18423789293289E-13,-1.85037170776287E-15,-1.));
#1510=DIRECTION('',(1.,4.69763117294279E-13,1.18423789293289E-13));
#1511=DIRECTION('',(0.707106781041597,-1.34112797063464E-12,-0.707106781331498));
#1512=DIRECTION('',(0.707106781331498,-2.00765330286144E-13,0.707106781041597));
#1513=DIRECTION('',(0.707106781041597,-1.34112797063464E-12,-0.707106781331498));
#1514=DIRECTION('',(0.707106781331498,-2.01323847598823E-13,0.707106781041597));
#1515=DIRECTION('',(0.707106781041597,-1.34046540264035E-12,-0.707106781331498));
#1516=DIRECTION('',(0.707106781331497,-1.99840144432291E-13,0.707106781041598));
#1517=DIRECTION('',(2.4781763942527E-16,2.4781763942527E-16,1.));
#1518=DIRECTION('',(-2.22908558378179E-31,-2.31296463463611E-15,1.));
#1519=DIRECTION('',(0.,1.,0.));
#1520=DIRECTION('',(0.,0.,-1.));
#1521=DIRECTION('',(-1.72495509376881E-16,-0.707106781186519,-0.707106781186576));
#1522=DIRECTION('',(0.,0.,-1.));
#1523=DIRECTION('',(-1.43746257814147E-17,0.707106781186513,-0.707106781186582));
#1524=DIRECTION('',(0.,0.,-1.));
#1525=DIRECTION('',(0.,-1.,0.));
#1526=DIRECTION('',(0.,0.,1.));
#1527=DIRECTION('',(2.03640531903256E-15,-0.70710678118653,0.707106781186565));
#1528=DIRECTION('',(0.,0.,1.));
#1529=DIRECTION('',(-1.86390980965569E-15,0.707106781186538,0.707106781186557));
#1530=DIRECTION('',(0.,0.,1.));
#1531=DIRECTION('',(1.,0.,0.));
#1532=DIRECTION('',(-1.,0.,0.));
#1533=DIRECTION('',(-4.06579766170359E-16,1.67535280029299E-15,1.));
#1534=DIRECTION('',(0.,0.,1.));
#1535=DIRECTION('',(-1.,-9.91270557701079E-16,0.));
#1536=DIRECTION('',(-1.2282716482061E-31,-9.91270557700953E-16,1.));
#1537=DIRECTION('',(1.,-1.26139178467462E-13,0.));
#1538=DIRECTION('',(-4.95635278850539E-16,-4.95635278850476E-16,-1.));
#1539=DIRECTION('',(-1.,-1.26882631385738E-13,4.95635278850539E-16));
#1540=DIRECTION('',(-4.95635278850539E-16,-4.95635278850539E-16,-1.));
#1541=DIRECTION('',(1.,-2.4781763942527E-16,-4.95635278850539E-16));
#1542=DIRECTION('',(-2.97211411170906E-31,-3.08395284618148E-15,1.));
#1543=DIRECTION('',(-1.,-1.98621406149433E-13,0.));
#1544=DIRECTION('',(2.97211411170847E-31,3.08395284618087E-15,1.));
#1545=DIRECTION('',(1.,-3.71885789879673E-16,0.));
#1546=DIRECTION('',(-2.97211411170847E-31,-3.08395284618087E-15,-1.));
#1547=DIRECTION('',(-1.,1.17009063321076E-15,0.));
#1548=DIRECTION('',(-1.48605705585453E-31,-1.54197642309074E-15,-1.));
#1549=DIRECTION('',(1.,-1.97464923832116E-13,0.));
#1550=DIRECTION('',(-1.08652763340987E-15,9.11227003563781E-17,1.));
#1551=DIRECTION('',(-0.645538361123871,0.763727847022424,-1.15648231731787E-15));
#1552=DIRECTION('',(-1.82245400712763E-16,-2.17305526681973E-15,-1.));
#1553=DIRECTION('',(-0.645538361123871,0.763727847022424,-1.5419764230905E-15));
#1554=DIRECTION('',(0.,1.,-1.60128320859397E-15));
#1555=DIRECTION('',(0.,1.,-1.60128320859397E-15));
#1556=DIRECTION('',(1.,0.,0.));
#1557=DIRECTION('',(-1.,0.,0.));
#1558=DIRECTION('',(0.,0.,1.));
#1559=DIRECTION('',(0.,1.,0.));
#1560=DIRECTION('',(0.,0.,-1.));
#1561=DIRECTION('',(0.,-1.,0.));
#1562=DIRECTION('',(0.,1.,0.));
#1563=DIRECTION('',(0.,0.,1.));
#1564=DIRECTION('',(0.,-1.,0.));
#1565=DIRECTION('',(0.,0.,-1.));
#1566=DIRECTION('',(-1.,0.,0.));
#1567=DIRECTION('',(1.,0.,0.));
#1568=DIRECTION('',(0.,1.,-1.60128320859398E-15));
#1569=DIRECTION('',(0.,1.,-1.60128320859397E-15));
#1570=DIRECTION('',(0.,1.,-1.60128320859397E-15));
#1571=DIRECTION('',(-1.,0.,-8.54017711250127E-15));
#1572=DIRECTION('',(0.,1.,-1.60128320859398E-15));
#1573=DIRECTION('',(1.,0.,6.40513283437595E-15));
#1574=DIRECTION('',(6.83214169000102E-14,-1.,6.99227001086037E-14));
#1575=DIRECTION('',(-1.,-6.83214169000101E-14,8.54017711250127E-15));
#1576=DIRECTION('',(6.83214169000101E-14,-1.,-6.67201336914156E-14));
#1577=DIRECTION('',(1.,6.83214169000102E-14,-8.54017711250128E-15));
#1578=DIRECTION('',(0.,1.,-1.60128320859397E-15));
#1579=DIRECTION('',(-1.,0.,-9.60769925156396E-15));
#1580=DIRECTION('',(0.,1.,-1.60128320859398E-15));
#1581=DIRECTION('',(1.,5.3376106953133E-16,9.60769925156395E-15));
#1582=DIRECTION('',(6.83214169000103E-14,-1.,6.99227001085945E-14));
#1583=DIRECTION('',(-1.,-6.88551779695417E-14,9.60769925156396E-15));
#1584=DIRECTION('',(6.83214169000103E-14,-1.,-6.67201336914064E-14));
#1585=DIRECTION('',(1.,6.83214169000102E-14,-8.54017711250128E-15));
#1586=DIRECTION('',(0.,-1.,1.60128320859398E-15));
#1587=DIRECTION('',(1.,0.,-7.47265497343863E-15));
#1588=DIRECTION('',(0.,-1.,1.60128320859398E-15));
#1589=DIRECTION('',(-1.,5.33761069531328E-16,5.33761069531328E-15));
#1590=DIRECTION('',(0.,1.,-1.60128320859398E-15));
#1591=DIRECTION('',(1.,5.33761069531329E-16,7.4726549734386E-15));
#1592=DIRECTION('',(0.,1.,-1.60128320859398E-15));
#1593=DIRECTION('',(-1.,0.,-7.47265497343862E-15));
#1594=DIRECTION('',(0.,-1.,1.60128320859397E-15));
#1595=DIRECTION('',(1.,0.,-8.54017711250127E-15));
#1596=DIRECTION('',(0.,-1.,1.60128320859398E-15));
#1597=DIRECTION('',(-1.,0.,7.47265497343861E-15));
#1598=DIRECTION('',(0.,1.,-1.60128320859398E-15));
#1599=DIRECTION('',(1.,0.,6.40513283437595E-15));
#1600=DIRECTION('',(0.,1.,-1.60128320859397E-15));
#1601=DIRECTION('',(-1.,0.,-8.54017711250127E-15));
#1602=DIRECTION('',(0.,-1.,1.38777878078145E-15));
#1603=DIRECTION('',(0.,1.,0.));
#1604=DIRECTION('',(2.31296463463566E-16,1.,-1.15648231731787E-15));
#1605=DIRECTION('',(0.,-1.,0.));
#1606=DIRECTION('',(0.,1.,0.));
#1607=DIRECTION('',(0.,1.,-1.66533453693774E-15));
#1608=DIRECTION('',(-1.,0.,8.32667268468797E-14));
#1609=DIRECTION('',(0.,1.,-1.66533453693774E-15));
#1610=DIRECTION('',(1.,0.,-8.32667268468797E-14));
#1611=DIRECTION('',(0.,-1.,1.11022302462516E-15));
#1612=DIRECTION('',(-1.,0.,-8.54871728961298E-14));
#1613=DIRECTION('',(0.,-1.,2.22044604925031E-15));
#1614=DIRECTION('',(1.,0.,8.65973959207547E-14));
#1615=DIRECTION('',(2.31296463463566E-16,1.,-1.15648231731787E-15));
#1616=DIRECTION('',(-1.,4.62592926927131E-16,3.60822483003163E-14));
#1617=DIRECTION('',(2.31296463463566E-16,1.,-2.08166817117217E-15));
#1618=DIRECTION('',(1.,-4.62592926927132E-16,-3.5157062446462E-14));
#1619=DIRECTION('',(-2.31296463463566E-16,-1.,2.08166817117217E-15));
#1620=DIRECTION('',(-1.,0.,-3.79326200080248E-14));
#1621=DIRECTION('',(-2.31296463463566E-16,-1.,1.15648231731787E-15));
#1622=DIRECTION('',(1.,0.,3.60822483003163E-14));
#1623=DIRECTION('',(0.,0.,-1.));
#1624=DIRECTION('',(0.,0.,1.));
#1625=DIRECTION('',(0.,0.,-1.));
#1626=DIRECTION('',(0.,0.,-1.));
#1627=DIRECTION('',(1.85037170770859E-15,1.,0.));
#1628=DIRECTION('',(0.,0.,-1.));
#1629=DIRECTION('',(1.85037170770859E-15,1.,0.));
#1630=DIRECTION('',(0.,0.,-1.));
#1631=DIRECTION('',(0.,0.,1.));
#1632=DIRECTION('',(0.,0.,-1.));
#1633=DIRECTION('',(0.,0.,-1.));
#1634=DIRECTION('',(0.,1.,0.));
#1635=DIRECTION('',(0.,0.,-1.));
#1636=DIRECTION('',(0.,1.,0.));
#1637=DIRECTION('',(0.,0.,-1.));
#1638=DIRECTION('',(0.,0.,1.));
#1639=DIRECTION('',(0.,0.,-1.));
#1640=DIRECTION('',(0.,0.,-1.));
#1641=DIRECTION('',(1.85037170770859E-15,1.,0.));
#1642=DIRECTION('',(0.,0.,-1.));
#1643=DIRECTION('',(1.85037170770859E-15,1.,0.));
#1644=DIRECTION('',(0.,0.,1.));
#1645=DIRECTION('',(1.,0.,0.));
#1646=CARTESIAN_POINT('',(0.,0.,0.));
#1647=CARTESIAN_POINT('',(0.0620000000000041,2.38418831205456E-9,0.0200000002384176));
#1648=CARTESIAN_POINT('',(0.043250000000004,-0.0187499976158117,0.0550000002384176));
#1649=CARTESIAN_POINT('',(0.043250000000004,-0.0187499976158117,-0.0149999997615824));
#1650=CARTESIAN_POINT('',(0.0620000000000041,0.0150000023841883,0.0550000002384176));
#1651=CARTESIAN_POINT('',(0.0620000000000041,0.0150000023841883,-0.0149999997615824));
#1652=CARTESIAN_POINT('',(0.0620000000000041,2.38418831205456E-9,0.0550000002384176));
#1653=CARTESIAN_POINT('',(0.0620000000000041,0.0150000023841883,0.0550000002384176));
#1654=CARTESIAN_POINT('',(0.0620000000000041,0.0150000023841883,-0.0149999997615824));
#1655=CARTESIAN_POINT('',(0.0620000000000041,2.38418831205456E-9,-0.0149999997615824));
#1656=CARTESIAN_POINT('',(1.01307850997046E-15,0.0100000023841846,0.0810000002384201));
#1657=CARTESIAN_POINT('',(0.0125100000000017,0.0650000023841861,0.0684900002384189));
#1658=CARTESIAN_POINT('',(-7.7715611723761E-16,-0.0474999976158155,0.0810000002384182));
#1659=CARTESIAN_POINT('',(-0.015010000000001,-0.0499999976158159,0.0659900002384187));
#1660=CARTESIAN_POINT('',(0.0150099999999994,-0.0449999976158169,0.0659900002384187));
#1661=CARTESIAN_POINT('',(-0.0125000000000001,-0.0449999976158169,0.0810000002384191));
#1662=CARTESIAN_POINT('',(0.0125000000000021,-0.0449999976158169,0.0810000002384191));
#1663=CARTESIAN_POINT('',(-0.0125000000000001,0.0650000023841861,0.0810000002384189));
#1664=CARTESIAN_POINT('',(0.0125000000000021,0.0650000023841861,0.0810000002384189));
#1665=CARTESIAN_POINT('',(-0.0150000000000013,-0.0499999976158159,0.0810000002384187));
#1666=CARTESIAN_POINT('',(0.0149999999999998,-0.0499999976158159,0.0810000002384187));
#1667=CARTESIAN_POINT('',(-0.0150000000000013,-0.0449999976158169,0.0810000002384187));
#1668=CARTESIAN_POINT('',(0.0149999999999998,-0.0449999976158169,0.0810000002384187));
#1669=CARTESIAN_POINT('',(9.85322934354826E-16,-0.0449999976158169,0.081000000238418));
#1670=CARTESIAN_POINT('',(-0.0125000000000001,-0.0449999976158169,0.0810000002384191));
#1671=CARTESIAN_POINT('',(0.012500000000002,-0.0449999976158169,0.0810000002384191));
#1672=CARTESIAN_POINT('',(9.99200722162641E-16,-0.0449999976158169,0.0810000002384202));
#1673=CARTESIAN_POINT('',(0.0125000000000021,-0.0449999976158169,0.0810000002384191));
#1674=CARTESIAN_POINT('',(-0.0125000000000001,-0.0449999976158169,0.0810000002384191));
#1675=CARTESIAN_POINT('',(9.99200722162641E-16,0.0650000023841861,0.08100000023842));
#1676=CARTESIAN_POINT('',(-0.0125000000000001,0.0650000023841861,0.0810000002384189));
#1677=CARTESIAN_POINT('',(0.0125000000000021,0.0650000023841861,0.0810000002384189));
#1678=CARTESIAN_POINT('',(9.85322934354826E-16,0.0650000023841861,0.0810000002384178));
#1679=CARTESIAN_POINT('',(0.0125000000000021,0.0650000023841861,0.0810000002384189));
#1680=CARTESIAN_POINT('',(-0.0125000000000001,0.0650000023841861,0.0810000002384189));
#1681=CARTESIAN_POINT('',(-0.0125000000000001,0.0650000023841861,0.0810000002384189));
#1682=CARTESIAN_POINT('',(-0.0125000000000001,-0.0449999976158169,0.0810000002384191));
#1683=CARTESIAN_POINT('',(-7.7715611723761E-16,-0.0499999976158159,0.0810000002384182));
#1684=CARTESIAN_POINT('',(-0.0150000000000013,-0.0499999976158159,0.0810000002384187));
#1685=CARTESIAN_POINT('',(0.0149999999999998,-0.0499999976158159,0.0810000002384187));
#1686=CARTESIAN_POINT('',(-7.7715611723761E-16,-0.0499999976158159,0.0810000002384193));
#1687=CARTESIAN_POINT('',(0.0149999999999998,-0.0499999976158159,0.0810000002384187));
#1688=CARTESIAN_POINT('',(-0.0150000000000013,-0.0499999976158159,0.0810000002384187));
#1689=CARTESIAN_POINT('',(-7.7715611723761E-16,-0.0449999976158169,0.0810000002384193));
#1690=CARTESIAN_POINT('',(-0.0150000000000013,-0.0449999976158169,0.0810000002384187));
#1691=CARTESIAN_POINT('',(0.0149999999999998,-0.0449999976158169,0.0810000002384187));
#1692=CARTESIAN_POINT('',(-7.7715611723761E-16,-0.0449999976158169,0.0810000002384182));
#1693=CARTESIAN_POINT('',(0.0149999999999998,-0.0449999976158169,0.0810000002384187));
#1694=CARTESIAN_POINT('',(-0.0150000000000013,-0.0449999976158169,0.0810000002384187));
#1695=CARTESIAN_POINT('',(-0.0150000000000013,-0.0499999976158159,0.0810000002384187));
#1696=CARTESIAN_POINT('',(-0.0150000000000013,-0.0449999976158169,0.0810000002384187));
#1697=CARTESIAN_POINT('',(0.239999999999996,-0.0649999976158095,2.38417785514144E-10));
#1698=CARTESIAN_POINT('',(0.239999999999996,0.0650000023841824,2.38417577347327E-10));
#1699=CARTESIAN_POINT('',(-0.0950000000000014,0.0650000023841824,2.38417424691661E-10));
#1700=CARTESIAN_POINT('',(-0.0950000000000032,-0.0649999976158059,2.38417632858479E-10));
#1701=CARTESIAN_POINT('',(-0.0950000000000032,-0.0649999976158095,2.38417631618818E-10));
#1702=CARTESIAN_POINT('',(-0.0950000000000032,-0.0649999976158094,0.0200000002384176));
#1703=CARTESIAN_POINT('',(0.0620000000000042,2.38418823449176E-9,0.0100000002384177));
#1704=CARTESIAN_POINT('',(0.177000000000001,2.38418643161431E-9,0.0100000002384176));
#1705=CARTESIAN_POINT('',(0.209999999999998,2.38418293441178E-9,0.0189000061117194));
#1706=CARTESIAN_POINT('',(0.209999999999997,2.3841846275019E-9,0.0076676808445954));
#1707=CARTESIAN_POINT('',(0.215035355339077,2.38418645416572E-9,0.015335361450774));
#1708=CARTESIAN_POINT('',(0.217500000000002,2.38418645763516E-9,0.0178000061117211));
#1709=CARTESIAN_POINT('',(0.215035355339077,-0.00503535295489254,0.015335361450774));
#1710=CARTESIAN_POINT('',(0.217500000000001,-0.00749999761581909,0.0178000061117211));
#1711=CARTESIAN_POINT('',(0.209999999999995,-0.00503535295489383,0.0153353614507731));
#1712=CARTESIAN_POINT('',(0.209999999999995,-0.00749999761582093,0.0178000061117202));
#1713=CARTESIAN_POINT('',(0.20496464466092,-0.00503535295489254,0.0153353614507722));
#1714=CARTESIAN_POINT('',(0.202499999999993,-0.00749999761581909,0.0178000061117193));
#1715=CARTESIAN_POINT('',(0.20496464466092,2.38418645590044E-9,0.0153353614507722));
#1716=CARTESIAN_POINT('',(0.202499999999994,2.38418645936989E-9,0.0178000061117193));
#1717=CARTESIAN_POINT('',(0.20496464466092,0.00503535772326464,0.0153353614507722));
#1718=CARTESIAN_POINT('',(0.202499999999993,0.00750000238418869,0.0178000061117193));
#1719=CARTESIAN_POINT('',(0.209999999999995,0.00503535772326674,0.0153353614507731));
#1720=CARTESIAN_POINT('',(0.209999999999995,0.00750000238419385,0.0178000061117202));
#1721=CARTESIAN_POINT('',(0.215035355339077,0.00503535772326464,0.015335361450774));
#1722=CARTESIAN_POINT('',(0.217500000000001,0.00750000238418868,0.0178000061117211));
#1723=CARTESIAN_POINT('',(0.215035355339077,2.38418645416572E-9,0.015335361450774));
#1724=CARTESIAN_POINT('',(0.217500000000002,2.38418645763516E-9,0.0178000061117211));
#1725=CARTESIAN_POINT('',(-0.0764424243909233,-0.0449999976158187,0.026745725487922));
#1726=CARTESIAN_POINT('',(-0.0575344625046846,-0.0449999976158152,0.0149588314138903));
#1727=CARTESIAN_POINT('',(-0.0575344625047006,-0.0449999976158152,0.0184443653198155));
#1728=CARTESIAN_POINT('',(-0.0575344625046822,-0.0500353529548944,0.0149588314138878));
#1729=CARTESIAN_POINT('',(-0.0575344625046998,-0.052499997615821,0.0184443653198127));
#1730=CARTESIAN_POINT('',(-0.0610949964106319,-0.0500353529548955,0.0113982975079395));
#1731=CARTESIAN_POINT('',(-0.0628377633636025,-0.0524999976158226,0.0131410644609101));
#1732=CARTESIAN_POINT('',(-0.0646555303165748,-0.0500353529548944,0.00783776360199399));
#1733=CARTESIAN_POINT('',(-0.0681410642225009,-0.052499997615821,0.0078377636020078));
#1734=CARTESIAN_POINT('',(-0.0646555303165756,-0.0449999976158152,0.00783776360199584));
#1735=CARTESIAN_POINT('',(-0.0681410642225025,-0.0449999976158152,0.00783776360201005));
#1736=CARTESIAN_POINT('',(-0.0646555303165748,-0.0399646422767373,0.00783776360199397));
#1737=CARTESIAN_POINT('',(-0.0681410642225009,-0.0374999976158132,0.00783776360200778));
#1738=CARTESIAN_POINT('',(-0.0610949964106319,-0.0399646422767349,0.0113982975079395));
#1739=CARTESIAN_POINT('',(-0.0628377633636025,-0.0374999976158078,0.0131410644609101));
#1740=CARTESIAN_POINT('',(-0.0575344625046822,-0.0399646422767373,0.0149588314138878));
#1741=CARTESIAN_POINT('',(-0.0575344625046998,-0.0374999976158132,0.0184443653198127));
#1742=CARTESIAN_POINT('',(-0.0575344625046846,-0.0449999976158152,0.0149588314138903));
#1743=CARTESIAN_POINT('',(-0.0575344625047006,-0.0449999976158152,0.0184443653198155));
#1744=CARTESIAN_POINT('',(-0.0456520450674945,-0.0449999026563164,-0.00409096738157488));
#1745=CARTESIAN_POINT('',(-0.0764424243909251,2.38418477047457E-9,0.026745725487922));
#1746=CARTESIAN_POINT('',(-0.0575344625046864,2.38418826001285E-9,0.0149588314138902));
#1747=CARTESIAN_POINT('',(-0.0575344625047024,2.38418826521702E-9,0.0184443653198155));
#1748=CARTESIAN_POINT('',(-0.0575344625046847,-0.00503535295489125,0.0149588314138878));
#1749=CARTESIAN_POINT('',(-0.0575344625047023,-0.00749999761581781,0.0184443653198126));
#1750=CARTESIAN_POINT('',(-0.0610949964106337,-0.00503535295489203,0.0113982975079395));
#1751=CARTESIAN_POINT('',(-0.0628377633636042,-0.00749999761581913,0.0131410644609101));
#1752=CARTESIAN_POINT('',(-0.0646555303165773,-0.00503535295489126,0.00783776360199391));
#1753=CARTESIAN_POINT('',(-0.0681410642225034,-0.00749999761581782,0.00783776360200775));
#1754=CARTESIAN_POINT('',(-0.0646555303165773,2.38418824786979E-9,0.00783776360199576));
#1755=CARTESIAN_POINT('',(-0.0681410642225043,2.38418824960451E-9,0.00783776360200997));
#1756=CARTESIAN_POINT('',(-0.0646555303165773,0.00503535772326591,0.00783776360199391));
#1757=CARTESIAN_POINT('',(-0.0681410642225034,0.00750000238418996,0.00783776360200771));
#1758=CARTESIAN_POINT('',(-0.0610949964106337,0.00503535772326854,0.0113982975079394));
#1759=CARTESIAN_POINT('',(-0.0628377633636042,0.00750000238419565,0.01314106446091));
#1760=CARTESIAN_POINT('',(-0.0575344625046847,0.00503535772326592,0.0149588314138878));
#1761=CARTESIAN_POINT('',(-0.0575344625047023,0.00750000238418997,0.0184443653198126));
#1762=CARTESIAN_POINT('',(-0.0575344625046864,2.38418826001285E-9,0.0149588314138902));
#1763=CARTESIAN_POINT('',(-0.0575344625047024,2.38418826521702E-9,0.0184443653198155));
#1764=CARTESIAN_POINT('',(-0.0456520450674963,9.73436870957435E-8,-0.00409096738157496));
#1765=CARTESIAN_POINT('',(-0.0764424243909251,0.0450000023841829,0.0267457254879219));
#1766=CARTESIAN_POINT('',(-0.0575344625046864,0.0450000023841864,0.0149588314138902));
#1767=CARTESIAN_POINT('',(-0.0575344625047024,0.0450000023841864,0.0184443653198154));
#1768=CARTESIAN_POINT('',(-0.0575344625046847,0.0399646470451069,0.0149588314138877));
#1769=CARTESIAN_POINT('',(-0.0575344625047023,0.0375000023841804,0.0184443653198126));
#1770=CARTESIAN_POINT('',(-0.0610949964106337,0.0399646470451061,0.0113982975079394));
#1771=CARTESIAN_POINT('',(-0.0628377633636042,0.037500002384179,0.01314106446091));
#1772=CARTESIAN_POINT('',(-0.0646555303165773,0.0399646470451069,0.00783776360199385));
#1773=CARTESIAN_POINT('',(-0.0681410642225034,0.0375000023841804,0.00783776360200767));
#1774=CARTESIAN_POINT('',(-0.0646555303165773,0.0450000023841864,0.00783776360199569));
#1775=CARTESIAN_POINT('',(-0.0681410642225043,0.0450000023841864,0.0078377636020099));
#1776=CARTESIAN_POINT('',(-0.0646555303165773,0.050035357723264,0.00783776360199383));
#1777=CARTESIAN_POINT('',(-0.0681410642225034,0.0525000023841881,0.00783776360200765));
#1778=CARTESIAN_POINT('',(-0.0610949964106337,0.0500353577232667,0.0113982975079394));
#1779=CARTESIAN_POINT('',(-0.0628377633636042,0.0525000023841938,0.01314106446091));
#1780=CARTESIAN_POINT('',(-0.0575344625046847,0.0500353577232641,0.0149588314138877));
#1781=CARTESIAN_POINT('',(-0.0575344625047023,0.0525000023841881,0.0184443653198125));
#1782=CARTESIAN_POINT('',(-0.0575344625046864,0.0450000023841864,0.0149588314138902));
#1783=CARTESIAN_POINT('',(-0.0575344625047024,0.0450000023841864,0.0184443653198154));
#1784=CARTESIAN_POINT('',(-0.0456520450674963,0.0450000973436852,-0.00409096738157503));
#1785=CARTESIAN_POINT('',(0.239999999999996,-0.0649999976158095,2.38417785514144E-10));
#1786=CARTESIAN_POINT('',(0.239999999999996,0.0650000023841824,2.38417577347327E-10));
#1787=CARTESIAN_POINT('',(0.239999999999996,0.0650000023841824,0.0200000002384176));
#1788=CARTESIAN_POINT('',(0.239999999999996,-0.0649999976158095,0.0200000002384178));
#1789=CARTESIAN_POINT('',(-0.0950000000000014,0.0650000023841824,2.38417424691661E-10));
#1790=CARTESIAN_POINT('',(-0.0950000000000014,0.0650000023841824,0.0200000002384174));
#1791=CARTESIAN_POINT('',(-0.0950000000000032,-0.0649999976158059,2.38417632858479E-10));
#1792=CARTESIAN_POINT('',(-0.0950000000000032,-0.0649999976158059,0.0200000002384176));
#1793=CARTESIAN_POINT('',(0.0620000000000005,0.00900000238418501,2.38417591225115E-10));
#1794=CARTESIAN_POINT('',(0.0620000000000005,0.00900000238418504,0.0200000002384176));
#1795=CARTESIAN_POINT('',(0.177000000000001,0.00900000238418322,2.38417632858479E-10));
#1796=CARTESIAN_POINT('',(0.177000000000001,0.00900000238418325,0.0200000002384176));
#1797=CARTESIAN_POINT('',(0.217500000000002,2.38418645763516E-9,0.0178000061117211));
#1798=CARTESIAN_POINT('',(0.215035355339077,2.38418645416572E-9,0.015335361450774));
#1799=CARTESIAN_POINT('',(0.215000000000004,2.38418642987959E-9,2.38418562670262E-10));
#1800=CARTESIAN_POINT('',(0.217500000000002,2.38418646110461E-9,0.0200000061117195));
#1801=CARTESIAN_POINT('',(-0.0575344625041517,-0.0449999976158152,0.0184443653192729));
#1802=CARTESIAN_POINT('',(-0.0575344625046864,-0.0449999976158152,0.0149588314138903));
#1803=CARTESIAN_POINT('',(-0.0426444471904109,-0.0449999976158152,2.38417618980691E-10));
#1804=CARTESIAN_POINT('',(-0.0590900974233318,-0.0449999976158152,0.0200000002384176));
#1805=CARTESIAN_POINT('',(-0.0575344625041535,2.38418826521702E-9,0.0184443653192729));
#1806=CARTESIAN_POINT('',(-0.0575344625046882,2.38418826001285E-9,0.0149588314138902));
#1807=CARTESIAN_POINT('',(-0.0426444471904109,2.384188233992E-9,2.38417549591752E-10));
#1808=CARTESIAN_POINT('',(-0.0590900974233354,2.38418826868647E-9,0.0200000002384175));
#1809=CARTESIAN_POINT('',(-0.0575344625041535,0.0450000023841864,0.0184443653192728));
#1810=CARTESIAN_POINT('',(-0.0575344625046882,0.0450000023841864,0.0149588314138902));
#1811=CARTESIAN_POINT('',(-0.0426444471904109,0.0450000023841864,2.38417480202813E-10));
#1812=CARTESIAN_POINT('',(-0.0590900974233354,0.0450000023841864,0.0200000002384175));
#1813=CARTESIAN_POINT('',(0.239999999999996,-0.0649999976158095,2.38417785514144E-10));
#1814=CARTESIAN_POINT('',(0.239999999999996,0.0650000023841824,2.38417577347327E-10));
#1815=CARTESIAN_POINT('',(0.239999999999996,0.0650000023841824,2.38417577347327E-10));
#1816=CARTESIAN_POINT('',(0.239999999999996,0.0650000023841824,0.0200000002384176));
#1817=CARTESIAN_POINT('',(0.239999999999996,-0.0649999976158095,0.0200000002384178));
#1818=CARTESIAN_POINT('',(0.239999999999996,0.0650000023841824,0.0200000002384176));
#1819=CARTESIAN_POINT('',(0.239999999999996,-0.0649999976158095,2.38417785514144E-10));
#1820=CARTESIAN_POINT('',(0.239999999999996,-0.0649999976158095,0.0200000002384178));
#1821=CARTESIAN_POINT('',(0.239999999999996,0.0650000023841824,2.38417577347327E-10));
#1822=CARTESIAN_POINT('',(-0.0950000000000014,0.0650000023841824,2.38417424691661E-10));
#1823=CARTESIAN_POINT('',(-0.0950000000000014,0.0650000023841824,2.38417424691661E-10));
#1824=CARTESIAN_POINT('',(-0.0950000000000014,0.0650000023841824,0.0200000002384174));
#1825=CARTESIAN_POINT('',(0.239999999999996,0.0650000023841824,0.0200000002384176));
#1826=CARTESIAN_POINT('',(-0.0950000000000014,0.0650000023841824,0.0200000002384174));
#1827=CARTESIAN_POINT('',(-0.0950000000000014,0.0650000023841824,2.38417424691661E-10));
#1828=CARTESIAN_POINT('',(-0.0950000000000032,-0.0649999976158059,2.38417632858479E-10));
#1829=CARTESIAN_POINT('',(-0.0950000000000032,-0.0649999976158059,2.38417632858479E-10));
#1830=CARTESIAN_POINT('',(-0.0950000000000032,-0.0649999976158059,0.0200000002384176));
#1831=CARTESIAN_POINT('',(-0.0950000000000014,0.0650000023841824,0.0200000002384174));
#1832=CARTESIAN_POINT('',(-0.0950000000000032,-0.0649999976158059,0.0200000002384176));
#1833=CARTESIAN_POINT('',(-0.0950000000000032,-0.0649999976158059,2.38417632858479E-10));
#1834=CARTESIAN_POINT('',(0.239999999999996,-0.0649999976158095,2.38417785514144E-10));
#1835=CARTESIAN_POINT('',(-0.0950000000000032,-0.0649999976158059,0.0200000002384176));
#1836=CARTESIAN_POINT('',(0.239999999999996,-0.0649999976158095,0.0200000002384178));
#1837=CARTESIAN_POINT('',(0.0620000000000041,2.38418822467868E-9,2.38417598164009E-10));
#1838=CARTESIAN_POINT('',(0.0620000000000041,2.38418824960451E-9,0.0200000002384176));
#1839=CARTESIAN_POINT('',(0.0620000000000005,0.00900000238418504,0.0200000002384176));
#1840=CARTESIAN_POINT('',(0.0620000000000005,0.00900000238418501,2.38417591225115E-10));
#1841=CARTESIAN_POINT('',(0.177000000000002,2.38418465271763E-9,2.38417625919585E-10));
#1842=CARTESIAN_POINT('',(0.177000000000002,2.38418469196994E-9,0.0200000002384176));
#1843=CARTESIAN_POINT('',(0.177000000000001,0.00900000238418325,0.0200000002384176));
#1844=CARTESIAN_POINT('',(0.177000000000001,0.00900000238418322,2.38417632858479E-10));
#1845=CARTESIAN_POINT('',(0.209999999999995,2.38418471076862E-9,2.38417674491842E-10));
#1846=CARTESIAN_POINT('',(0.215000000000004,2.38418642987959E-9,2.38418562670262E-10));
#1847=CARTESIAN_POINT('',(0.215035355339077,2.38418645416572E-9,0.015335361450774));
#1848=CARTESIAN_POINT('',(0.209999999999998,2.38419006759472E-9,0.0200000061117186));
#1849=CARTESIAN_POINT('',(0.217500000000002,2.38418645763516E-9,0.0178000061117211));
#1850=CARTESIAN_POINT('',(0.217500000000002,2.38418646110461E-9,0.0200000061117195));
#1851=CARTESIAN_POINT('',(0.215035355339077,2.38418645416572E-9,0.015335361450774));
#1852=CARTESIAN_POINT('',(0.217500000000002,2.38418645763516E-9,0.0178000061117211));
#1853=CARTESIAN_POINT('',(0.209999999999998,2.38418465525747E-9,0.0153353614507731));
#1854=CARTESIAN_POINT('',(0.209999999999998,2.38418293441178E-9,0.0178000061117202));
#1855=CARTESIAN_POINT('',(-0.0575344625041517,-0.0449999976158152,0.0184443653192729));
#1856=CARTESIAN_POINT('',(-0.0590900974233318,-0.0449999976158152,0.0200000002384176));
#1857=CARTESIAN_POINT('',(-0.0628377633635936,-0.0449999976158137,0.0131410644609121));
#1858=CARTESIAN_POINT('',(-0.0575344625046846,-0.0449999976158152,0.0149588314138903));
#1859=CARTESIAN_POINT('',(-0.0575344625046822,-0.0500353529548944,0.0149588314138878));
#1860=CARTESIAN_POINT('',(-0.0610798473845805,-0.0500353529548955,0.0113830784689753));
#1861=CARTESIAN_POINT('',(-0.0646252322644688,-0.0500353529548944,0.00780732552406847));
#1862=CARTESIAN_POINT('',(-0.0646252322644675,-0.0449999976158152,0.00780732552406926));
#1863=CARTESIAN_POINT('',(-0.0646252322644688,-0.0399646422767373,0.00780732552406845));
#1864=CARTESIAN_POINT('',(-0.0610798473845805,-0.0399646422767349,0.0113830784689753));
#1865=CARTESIAN_POINT('',(-0.0575344625046822,-0.0399646422767373,0.0149588314138878));
#1866=CARTESIAN_POINT('',(-0.0575344625046846,-0.0449999976158152,0.0149588314138903));
#1867=CARTESIAN_POINT('',(-0.0575344625046864,-0.0449999976158152,0.0149588314138903));
#1868=CARTESIAN_POINT('',(-0.0575344625041517,-0.0449999976158152,0.0184443653192729));
#1869=CARTESIAN_POINT('',(-0.0426444471904109,-0.0449999976158152,2.38417618980691E-10));
#1870=CARTESIAN_POINT('',(-0.0426444471904056,-0.0413657900523325,2.38417618980691E-10));
#1871=CARTESIAN_POINT('',(-0.0471561379577395,-0.0399791255339134,2.38417618980691E-10));
#1872=CARTESIAN_POINT('',(-0.0497307870032796,-0.0399776463932528,2.38417618980691E-10));
#1873=CARTESIAN_POINT('',(-0.0523069681750624,-0.0399761663723843,2.38417618980691E-10));
#1874=CARTESIAN_POINT('',(-0.0568286338383243,-0.041360684994683,2.38417618980691E-10));
#1875=CARTESIAN_POINT('',(-0.0568286338383243,-0.0449999976158135,2.38417618980691E-10));
#1876=CARTESIAN_POINT('',(-0.0568286338383243,-0.0486393102369369,2.38417632858479E-10));
#1877=CARTESIAN_POINT('',(-0.0523069681750518,-0.0500238288592462,2.38417632858479E-10));
#1878=CARTESIAN_POINT('',(-0.0497307870032796,-0.0500223488383759,2.38417632858479E-10));
#1879=CARTESIAN_POINT('',(-0.0471561385715774,-0.0500208696980688,2.38417632858479E-10));
#1880=CARTESIAN_POINT('',(-0.0426444493417496,-0.0486342058405166,2.38417632858479E-10));
#1881=CARTESIAN_POINT('',(-0.0426444471904109,-0.0449999976158152,2.38417618980691E-10));
#1882=CARTESIAN_POINT('',(-0.0590900974233318,-0.0449999976158152,0.0200000002384176));
#1883=CARTESIAN_POINT('',(-0.05909010064821,-0.0395644008572399,0.0200000002384176));
#1884=CARTESIAN_POINT('',(-0.06585315342594,-0.0374999976158096,0.0200000002384176));
#1885=CARTESIAN_POINT('',(-0.0696966991412492,-0.037499997615806,0.0200000002384176));
#1886=CARTESIAN_POINT('',(-0.0735402457729241,-0.0374999976158078,0.0200000002384176));
#1887=CARTESIAN_POINT('',(-0.080303300859195,-0.0395644018416169,0.0200000002384176));
#1888=CARTESIAN_POINT('',(-0.0803033008591915,-0.0449999976158152,0.0200000002384176));
#1889=CARTESIAN_POINT('',(-0.0803033008591932,-0.0504355933900224,0.0200000002384176));
#1890=CARTESIAN_POINT('',(-0.0735402457729294,-0.0524999976158208,0.0200000002384176));
#1891=CARTESIAN_POINT('',(-0.0696966991412492,-0.0524999976158208,0.0200000002384176));
#1892=CARTESIAN_POINT('',(-0.0658531534259311,-0.0524999976158208,0.0200000002384176));
#1893=CARTESIAN_POINT('',(-0.0590901006482082,-0.0504355943743994,0.0200000002384176));
#1894=CARTESIAN_POINT('',(-0.0590900974233318,-0.0449999976158152,0.0200000002384176));
#1895=CARTESIAN_POINT('',(-0.0426444471904109,-0.0449999976158152,2.38417618980691E-10));
#1896=CARTESIAN_POINT('',(-0.0575344625046864,-0.0449999976158152,0.0149588314138903));
#1897=CARTESIAN_POINT('',(-0.0575344625041535,2.38418826521702E-9,0.0184443653192729));
#1898=CARTESIAN_POINT('',(-0.0590900974233354,2.38418826868647E-9,0.0200000002384175));
#1899=CARTESIAN_POINT('',(-0.0628377633635954,2.38418977514588E-9,0.013141064460912));
#1900=CARTESIAN_POINT('',(-0.0575344625046864,2.38418826001285E-9,0.0149588314138902));
#1901=CARTESIAN_POINT('',(-0.0575344625046847,-0.00503535295489125,0.0149588314138878));
#1902=CARTESIAN_POINT('',(-0.0610798473845823,-0.00503535295489203,0.0113830784689753));
#1903=CARTESIAN_POINT('',(-0.0646252322644713,-0.00503535295489126,0.00780732552406839));
#1904=CARTESIAN_POINT('',(-0.0646252322644693,2.38418824786979E-9,0.00780732552406918));
#1905=CARTESIAN_POINT('',(-0.0646252322644713,0.00503535772326591,0.00780732552406839));
#1906=CARTESIAN_POINT('',(-0.0610798473845823,0.00503535772326854,0.0113830784689753));
#1907=CARTESIAN_POINT('',(-0.0575344625046847,0.00503535772326592,0.0149588314138878));
#1908=CARTESIAN_POINT('',(-0.0575344625046864,2.38418826001285E-9,0.0149588314138902));
#1909=CARTESIAN_POINT('',(-0.0575344625046882,2.38418826001285E-9,0.0149588314138902));
#1910=CARTESIAN_POINT('',(-0.0575344625041535,2.38418826521702E-9,0.0184443653192729));
#1911=CARTESIAN_POINT('',(-0.0426444471904109,2.384188233992E-9,2.38417549591752E-10));
#1912=CARTESIAN_POINT('',(-0.0426444471904109,0.00363420994767988,2.38417549591752E-10));
#1913=CARTESIAN_POINT('',(-0.0471561379577342,0.00502087446608829,2.38417549591752E-10));
#1914=CARTESIAN_POINT('',(-0.0497307870032832,0.00502235360675068,2.38417549591752E-10));
#1915=CARTESIAN_POINT('',(-0.0523069681750518,0.00502383362761921,2.38417549591752E-10));
#1916=CARTESIAN_POINT('',(-0.0568286338383278,0.00363931500532938,2.38417549591752E-10));
#1917=CARTESIAN_POINT('',(-0.0568286338383243,2.38418823572673E-9,2.38417549591752E-10));
#1918=CARTESIAN_POINT('',(-0.0568286338383278,-0.00363931023693514,2.38417549591752E-10));
#1919=CARTESIAN_POINT('',(-0.0523069681750535,-0.00502382885924452,2.3841756346954E-10));
#1920=CARTESIAN_POINT('',(-0.0497307870032832,-0.00502234883837421,2.3841756346954E-10));
#1921=CARTESIAN_POINT('',(-0.047156137957736,-0.00502086969771537,2.3841756346954E-10));
#1922=CARTESIAN_POINT('',(-0.0426444471904145,-0.00363420517929808,2.3841756346954E-10));
#1923=CARTESIAN_POINT('',(-0.0426444471904109,2.384188233992E-9,2.38417549591752E-10));
#1924=CARTESIAN_POINT('',(-0.0590900974233354,2.38418826868647E-9,0.0200000002384175));
#1925=CARTESIAN_POINT('',(-0.0590901006482135,0.00543559914276534,0.0200000002384175));
#1926=CARTESIAN_POINT('',(-0.0658531534259347,0.00750000238419388,0.0200000002384175));
#1927=CARTESIAN_POINT('',(-0.0696966991412492,0.00750000238419566,0.0200000002384175));
#1928=CARTESIAN_POINT('',(-0.0735402457729365,0.00750000238419388,0.0200000002384175));
#1929=CARTESIAN_POINT('',(-0.0803033008591932,0.00543559815839898,0.0200000002384175));
#1930=CARTESIAN_POINT('',(-0.0803033008591915,2.38418827042119E-9,0.0200000002384175));
#1931=CARTESIAN_POINT('',(-0.0803033008591932,-0.00543559339001889,0.0200000002384176));
#1932=CARTESIAN_POINT('',(-0.0735402457729294,-0.00749999761581912,0.0200000002384176));
#1933=CARTESIAN_POINT('',(-0.0696966991412492,-0.00749999761581912,0.0200000002384176));
#1934=CARTESIAN_POINT('',(-0.0658531534259187,-0.00749999761581912,0.0200000002384176));
#1935=CARTESIAN_POINT('',(-0.0590901006482135,-0.00543559437439236,0.0200000002384176));
#1936=CARTESIAN_POINT('',(-0.0590900974233354,2.38418826868647E-9,0.0200000002384175));
#1937=CARTESIAN_POINT('',(-0.0426444471904109,2.384188233992E-9,2.38417549591752E-10));
#1938=CARTESIAN_POINT('',(-0.0575344625046882,2.38418826001285E-9,0.0149588314138902));
#1939=CARTESIAN_POINT('',(-0.0575344625041535,0.0450000023841864,0.0184443653192728));
#1940=CARTESIAN_POINT('',(-0.0590900974233354,0.0450000023841864,0.0200000002384175));
#1941=CARTESIAN_POINT('',(-0.0628377633635954,0.0450000023841879,0.0131410644609119));
#1942=CARTESIAN_POINT('',(-0.0575344625046864,0.0450000023841864,0.0149588314138902));
#1943=CARTESIAN_POINT('',(-0.0575344625046847,0.0399646470451069,0.0149588314138877));
#1944=CARTESIAN_POINT('',(-0.0610798473845823,0.0399646470451061,0.0113830784689752));
#1945=CARTESIAN_POINT('',(-0.0646252322644713,0.0399646470451069,0.00780732552406833));
#1946=CARTESIAN_POINT('',(-0.0646252322644693,0.0450000023841864,0.00780732552406911));
#1947=CARTESIAN_POINT('',(-0.0646252322644713,0.050035357723264,0.00780732552406831));
#1948=CARTESIAN_POINT('',(-0.0610798473845823,0.0500353577232667,0.0113830784689752));
#1949=CARTESIAN_POINT('',(-0.0575344625046847,0.0500353577232641,0.0149588314138877));
#1950=CARTESIAN_POINT('',(-0.0575344625046864,0.0450000023841864,0.0149588314138902));
#1951=CARTESIAN_POINT('',(-0.0575344625046882,0.0450000023841864,0.0149588314138902));
#1952=CARTESIAN_POINT('',(-0.0575344625041535,0.0450000023841864,0.0184443653192728));
#1953=CARTESIAN_POINT('',(-0.0426444471904109,0.0450000023841864,2.38417480202813E-10));
#1954=CARTESIAN_POINT('',(-0.0426444471904109,0.0486342099476816,2.38417480202813E-10));
#1955=CARTESIAN_POINT('',(-0.0471561379577324,0.0500208744660882,2.38417466325025E-10));
#1956=CARTESIAN_POINT('',(-0.0497307870032832,0.0500223536067506,2.38417466325025E-10));
#1957=CARTESIAN_POINT('',(-0.052306968175066,0.0500238336276191,2.38417466325025E-10));
#1958=CARTESIAN_POINT('',(-0.0568286338383278,0.0486393150053133,2.38417466325025E-10));
#1959=CARTESIAN_POINT('',(-0.0568286338383243,0.0450000023841864,2.38417480202813E-10));
#1960=CARTESIAN_POINT('',(-0.0568286338383278,0.0413606897630577,2.38417480202813E-10));
#1961=CARTESIAN_POINT('',(-0.0523069681750642,0.0399761711407536,2.38417480202813E-10));
#1962=CARTESIAN_POINT('',(-0.0497307870032832,0.0399776511616239,2.38417494080601E-10));
#1963=CARTESIAN_POINT('',(-0.0471561379577289,0.0399791303022846,2.38417494080601E-10));
#1964=CARTESIAN_POINT('',(-0.0426444471904145,0.041365794820693,2.38417494080601E-10));
#1965=CARTESIAN_POINT('',(-0.0426444471904109,0.0450000023841864,2.38417480202813E-10));
#1966=CARTESIAN_POINT('',(-0.0590900974233354,0.0450000023841864,0.0200000002384175));
#1967=CARTESIAN_POINT('',(-0.0590901006482135,0.0504355991427582,0.0200000002384175));
#1968=CARTESIAN_POINT('',(-0.0658531534259365,0.0525000023841903,0.0200000002384175));
#1969=CARTESIAN_POINT('',(-0.0696966991412492,0.0525000023841938,0.0200000002384175));
#1970=CARTESIAN_POINT('',(-0.0735402457729258,0.052500002384192,0.0200000002384175));
#1971=CARTESIAN_POINT('',(-0.0803033008591932,0.05043559815839,0.0200000002384175));
#1972=CARTESIAN_POINT('',(-0.0803033008591915,0.0450000023841864,0.0200000002384175));
#1973=CARTESIAN_POINT('',(-0.0803033008591932,0.0395644066099757,0.0200000002384175));
#1974=CARTESIAN_POINT('',(-0.0735402457729312,0.037500002384179,0.0200000002384175));
#1975=CARTESIAN_POINT('',(-0.0696966991412492,0.037500002384179,0.0200000002384175));
#1976=CARTESIAN_POINT('',(-0.0658531534259276,0.0375000023841808,0.0200000002384175));
#1977=CARTESIAN_POINT('',(-0.0590901006482135,0.0395644056256058,0.0200000002384175));
#1978=CARTESIAN_POINT('',(-0.0590900974233354,0.0450000023841864,0.0200000002384175));
#1979=CARTESIAN_POINT('',(-0.0426444471904109,0.0450000023841864,2.38417480202813E-10));
#1980=CARTESIAN_POINT('',(-0.0575344625046882,0.0450000023841864,0.0149588314138902));
#1981=CARTESIAN_POINT('',(0.210000000000002,2.38418293441178E-9,0.0299900253130012));
#1982=CARTESIAN_POINT('',(0.177000000000001,2.3841847115961E-9,0.0299900253130013));
#1983=CARTESIAN_POINT('',(0.267010000000004,0.0580000023841845,0.0199900002384187));
#1984=CARTESIAN_POINT('',(0.267010000000004,0.0580100023841841,0.0200000002384188));
#1985=CARTESIAN_POINT('',(-0.0430099999999979,0.0261639277014888,0.0199929291706068));
#1986=CARTESIAN_POINT('',(0.267010000000004,0.0201668566336769,0.0260000002384188));
#1987=CARTESIAN_POINT('',(0.267010000000004,-0.0261639229331211,0.0199929291706068));
#1988=CARTESIAN_POINT('',(0.267010000000004,-0.0261468518653085,0.0200000002384188));
#1989=CARTESIAN_POINT('',(-0.0430099999999979,-0.0579999976158169,0.0199900002384188));
#1990=CARTESIAN_POINT('',(0.267010000000004,-0.0580099976158165,0.0280000002384188));
#1991=CARTESIAN_POINT('',(-0.0430099999999979,-0.0294776314321054,0.0279929291706068));
#1992=CARTESIAN_POINT('',(0.267010000000004,-0.0235005102151279,0.0339800503875838));
#1993=CARTESIAN_POINT('',(0.267010000000004,0.029477636200473,0.0279929291706067));
#1994=CARTESIAN_POINT('',(0.267010000000004,0.0294605651326603,0.0280000002384188));
#1995=CARTESIAN_POINT('',(0.267000000000004,0.0580100023841841,0.0199900002384186));
#1996=CARTESIAN_POINT('',(-0.0429999999999983,0.0580100023841842,0.0199900002384186));
#1997=CARTESIAN_POINT('',(0.0620000000000006,2.38434988419911E-9,0.0260000002384187));
#1998=CARTESIAN_POINT('',(0.196000000000003,2.38418292053399E-9,0.0260000002384188));
#1999=CARTESIAN_POINT('',(0.224000000000001,2.38418291706455E-9,0.0260000002384188));
#2000=CARTESIAN_POINT('',(0.196000000000003,2.38418293441178E-9,0.0339800503875838));
#2001=CARTESIAN_POINT('',(0.224000000000001,2.38418293094234E-9,0.0339800503875837));
#2002=CARTESIAN_POINT('',(0.168,2.38418292400344E-9,0.0260000002384188));
#2003=CARTESIAN_POINT('',(0.186000000000001,2.38418292226872E-9,0.0260000002384188));
#2004=CARTESIAN_POINT('',(0.168,2.38418293614651E-9,0.0339800503875838));
#2005=CARTESIAN_POINT('',(0.186000000000001,2.38418293441178E-9,0.0339800503875838));
#2006=CARTESIAN_POINT('',(0.267000000000004,0.0580000023841845,0.0280000002384188));
#2007=CARTESIAN_POINT('',(0.267000000000004,0.0580000023841845,0.0200000002384188));
#2008=CARTESIAN_POINT('',(-0.0429999999999983,0.0580000023841846,0.0200000002384188));
#2009=CARTESIAN_POINT('',(-0.0429999999999983,0.0580000023841846,0.0280000002384188));
#2010=CARTESIAN_POINT('',(0.267000000000004,0.0261568566336757,0.0200000002384188));
#2011=CARTESIAN_POINT('',(-0.0429999999999983,0.0261568566336757,0.0200000002384188));
#2012=CARTESIAN_POINT('',(0.267000000000004,0.0201568566336755,0.0260000002384188));
#2013=CARTESIAN_POINT('',(-0.0429999999999983,0.0201568566336755,0.0260000002384188));
#2014=CARTESIAN_POINT('',(0.267000000000004,-0.0201568518653078,0.0260000002384188));
#2015=CARTESIAN_POINT('',(-0.0429999999999983,-0.0201568518653096,0.0260000002384188));
#2016=CARTESIAN_POINT('',(0.267000000000004,-0.0261568518653081,0.0200000002384188));
#2017=CARTESIAN_POINT('',(-0.0429999999999983,-0.0261568518653081,0.0200000002384188));
#2018=CARTESIAN_POINT('',(0.267000000000004,-0.0579999976158169,0.0200000002384188));
#2019=CARTESIAN_POINT('',(-0.0429999999999983,-0.0579999976158169,0.0200000002384188));
#2020=CARTESIAN_POINT('',(0.267000000000004,-0.0579999976158169,0.0280000002384188));
#2021=CARTESIAN_POINT('',(-0.0429999999999983,-0.0579999976158169,0.0280000002384188));
#2022=CARTESIAN_POINT('',(0.267000000000004,-0.0294705603642941,0.0280000002384188));
#2023=CARTESIAN_POINT('',(-0.0429999999999983,-0.0294705603642941,0.0280000002384188));
#2024=CARTESIAN_POINT('',(0.267000000000004,-0.0234905102151283,0.0339800503875838));
#2025=CARTESIAN_POINT('',(-0.0429999999999983,-0.0234905102151283,0.0339800503875838));
#2026=CARTESIAN_POINT('',(0.267000000000004,0.0234905149834959,0.0339800503875838));
#2027=CARTESIAN_POINT('',(-0.0429999999999983,0.023490514983496,0.0339800503875837));
#2028=CARTESIAN_POINT('',(0.267000000000004,0.0294705651326617,0.0280000002384188));
#2029=CARTESIAN_POINT('',(-0.0429999999999983,0.0294705651326618,0.0280000002384188));
#2030=CARTESIAN_POINT('',(0.0561901547498858,0.00687355300755173,0.0260000002384188));
#2031=CARTESIAN_POINT('',(0.0561901547498858,0.00687355300755174,0.0339800503875838));
#2032=CARTESIAN_POINT('',(0.210000000000002,2.38418293441178E-9,0.0260000002384188));
#2033=CARTESIAN_POINT('',(0.196000000000003,2.38418292053399E-9,0.0260000002384188));
#2034=CARTESIAN_POINT('',(0.224000000000001,2.38418291548882E-9,0.0260000002384188));
#2035=CARTESIAN_POINT('',(0.210000000000002,2.38418468301305E-9,0.0260000002384188));
#2036=CARTESIAN_POINT('',(0.224000000000001,2.38418291706455E-9,0.0260000002384188));
#2037=CARTESIAN_POINT('',(0.196000000000003,2.3841829254959E-9,0.0260000002384188));
#2038=CARTESIAN_POINT('',(0.210000000000002,2.38418471076862E-9,0.0339800503875837));
#2039=CARTESIAN_POINT('',(0.196000000000003,2.38418293441178E-9,0.0339800503875838));
#2040=CARTESIAN_POINT('',(0.224000000000001,2.38418293257357E-9,0.0339800503875837));
#2041=CARTESIAN_POINT('',(0.210000000000002,2.38418293441178E-9,0.0339800503875837));
#2042=CARTESIAN_POINT('',(0.224000000000001,2.38418293094234E-9,0.0339800503875837));
#2043=CARTESIAN_POINT('',(0.196000000000003,2.38418293616672E-9,0.0339800503875838));
#2044=CARTESIAN_POINT('',(0.196000000000003,2.38418292053399E-9,0.0260000002384188));
#2045=CARTESIAN_POINT('',(0.196000000000003,2.38418293441178E-9,0.0339800503875838));
#2046=CARTESIAN_POINT('',(0.177000000000001,2.3841847115961E-9,0.0260000002384188));
#2047=CARTESIAN_POINT('',(0.168,2.38418292400344E-9,0.0260000002384188));
#2048=CARTESIAN_POINT('',(0.186000000000001,2.38418292094799E-9,0.0260000002384188));
#2049=CARTESIAN_POINT('',(0.177000000000001,2.38418292561569E-9,0.0260000002384188));
#2050=CARTESIAN_POINT('',(0.186000000000001,2.38418292226872E-9,0.0260000002384188));
#2051=CARTESIAN_POINT('',(0.168,2.38418292606804E-9,0.0260000002384188));
#2052=CARTESIAN_POINT('',(0.177000000000001,2.38418292561569E-9,0.0339800503875838));
#2053=CARTESIAN_POINT('',(0.168,2.38418293614651E-9,0.0339800503875838));
#2054=CARTESIAN_POINT('',(0.186000000000001,2.38418293617107E-9,0.0339800503875838));
#2055=CARTESIAN_POINT('',(0.177000000000001,2.3841847115961E-9,0.0339800503875838));
#2056=CARTESIAN_POINT('',(0.186000000000001,2.38418293441178E-9,0.0339800503875838));
#2057=CARTESIAN_POINT('',(0.168,2.38418293452046E-9,0.0339800503875838));
#2058=CARTESIAN_POINT('',(0.168,2.38418292400344E-9,0.0260000002384188));
#2059=CARTESIAN_POINT('',(0.168,2.38418293614651E-9,0.0339800503875838));
#2060=CARTESIAN_POINT('',(0.267000000000004,0.0580000023841845,0.0280000002384188));
#2061=CARTESIAN_POINT('',(0.267000000000004,0.0580000023841845,0.0200000002384188));
#2062=CARTESIAN_POINT('',(0.267000000000004,0.0580000023841845,0.0200000002384188));
#2063=CARTESIAN_POINT('',(-0.0429999999999983,0.0580000023841846,0.0200000002384188));
#2064=CARTESIAN_POINT('',(-0.0429999999999983,0.0580000023841846,0.0200000002384188));
#2065=CARTESIAN_POINT('',(-0.0429999999999983,0.0580000023841846,0.0280000002384188));
#2066=CARTESIAN_POINT('',(-0.0429999999999983,0.0580000023841846,0.0280000002384188));
#2067=CARTESIAN_POINT('',(0.267000000000004,0.0580000023841845,0.0280000002384188));
#2068=CARTESIAN_POINT('',(0.267000000000004,0.0580000023841845,0.0200000002384188));
#2069=CARTESIAN_POINT('',(0.267000000000004,0.0261568566336757,0.0200000002384188));
#2070=CARTESIAN_POINT('',(0.267000000000004,0.0261568566336757,0.0200000002384188));
#2071=CARTESIAN_POINT('',(-0.0429999999999983,0.0261568566336757,0.0200000002384188));
#2072=CARTESIAN_POINT('',(-0.0429999999999983,0.0261568566336757,0.0200000002384188));
#2073=CARTESIAN_POINT('',(-0.0429999999999983,0.0580000023841846,0.0200000002384188));
#2074=CARTESIAN_POINT('',(0.267000000000004,0.0261568566336757,0.0200000002384188));
#2075=CARTESIAN_POINT('',(0.267000000000004,0.0201568566336755,0.0260000002384188));
#2076=CARTESIAN_POINT('',(0.267000000000004,0.0201568566336755,0.0260000002384188));
#2077=CARTESIAN_POINT('',(-0.0429999999999983,0.0201568566336755,0.0260000002384188));
#2078=CARTESIAN_POINT('',(-0.0429999999999983,0.0201568566336755,0.0260000002384188));
#2079=CARTESIAN_POINT('',(-0.0429999999999983,0.0261568566336757,0.0200000002384188));
#2080=CARTESIAN_POINT('',(0.267000000000004,0.0201568566336755,0.0260000002384188));
#2081=CARTESIAN_POINT('',(0.267000000000004,-0.0201568518653078,0.0260000002384188));
#2082=CARTESIAN_POINT('',(0.267000000000004,-0.0201568518653078,0.0260000002384188));
#2083=CARTESIAN_POINT('',(-0.0429999999999983,-0.0201568518653096,0.0260000002384188));
#2084=CARTESIAN_POINT('',(-0.0429999999999983,-0.0201568518653096,0.0260000002384188));
#2085=CARTESIAN_POINT('',(-0.0429999999999983,0.0201568566336755,0.0260000002384188));
#2086=CARTESIAN_POINT('',(0.267000000000004,-0.0201568518653078,0.0260000002384188));
#2087=CARTESIAN_POINT('',(0.267000000000004,-0.0261568518653081,0.0200000002384188));
#2088=CARTESIAN_POINT('',(0.267000000000004,-0.0261568518653081,0.0200000002384188));
#2089=CARTESIAN_POINT('',(-0.0429999999999983,-0.0261568518653081,0.0200000002384188));
#2090=CARTESIAN_POINT('',(-0.0429999999999983,-0.0261568518653081,0.0200000002384188));
#2091=CARTESIAN_POINT('',(-0.0429999999999983,-0.0201568518653096,0.0260000002384188));
#2092=CARTESIAN_POINT('',(0.267000000000004,-0.0261568518653081,0.0200000002384188));
#2093=CARTESIAN_POINT('',(0.267000000000004,-0.0579999976158169,0.0200000002384188));
#2094=CARTESIAN_POINT('',(0.267000000000004,-0.0579999976158169,0.0200000002384188));
#2095=CARTESIAN_POINT('',(-0.0429999999999983,-0.0579999976158169,0.0200000002384188));
#2096=CARTESIAN_POINT('',(-0.0429999999999983,-0.0579999976158169,0.0200000002384188));
#2097=CARTESIAN_POINT('',(-0.0429999999999983,-0.0261568518653081,0.0200000002384188));
#2098=CARTESIAN_POINT('',(0.267000000000004,-0.0579999976158169,0.0200000002384188));
#2099=CARTESIAN_POINT('',(0.267000000000004,-0.0579999976158169,0.0280000002384188));
#2100=CARTESIAN_POINT('',(0.267000000000004,-0.0579999976158169,0.0280000002384188));
#2101=CARTESIAN_POINT('',(-0.0429999999999983,-0.0579999976158169,0.0280000002384188));
#2102=CARTESIAN_POINT('',(-0.0429999999999983,-0.0579999976158169,0.0280000002384188));
#2103=CARTESIAN_POINT('',(-0.0429999999999983,-0.0579999976158169,0.0200000002384188));
#2104=CARTESIAN_POINT('',(0.267000000000004,-0.0579999976158169,0.0280000002384188));
#2105=CARTESIAN_POINT('',(0.267000000000004,-0.0294705603642941,0.0280000002384188));
#2106=CARTESIAN_POINT('',(0.267000000000004,-0.0294705603642941,0.0280000002384188));
#2107=CARTESIAN_POINT('',(-0.0429999999999983,-0.0294705603642941,0.0280000002384188));
#2108=CARTESIAN_POINT('',(-0.0429999999999983,-0.0294705603642941,0.0280000002384188));
#2109=CARTESIAN_POINT('',(-0.0429999999999983,-0.0579999976158169,0.0280000002384188));
#2110=CARTESIAN_POINT('',(0.267000000000004,-0.0294705603642941,0.0280000002384188));
#2111=CARTESIAN_POINT('',(0.267000000000004,-0.0234905102151283,0.0339800503875838));
#2112=CARTESIAN_POINT('',(0.267000000000004,-0.0234905102151283,0.0339800503875838));
#2113=CARTESIAN_POINT('',(-0.0429999999999983,-0.0234905102151283,0.0339800503875838));
#2114=CARTESIAN_POINT('',(-0.0429999999999983,-0.0234905102151283,0.0339800503875838));
#2115=CARTESIAN_POINT('',(-0.0429999999999983,-0.0294705603642941,0.0280000002384188));
#2116=CARTESIAN_POINT('',(0.267000000000004,-0.0234905102151283,0.0339800503875838));
#2117=CARTESIAN_POINT('',(0.267000000000004,0.0234905149834959,0.0339800503875838));
#2118=CARTESIAN_POINT('',(0.267000000000004,0.0234905149834959,0.0339800503875838));
#2119=CARTESIAN_POINT('',(-0.0429999999999983,0.023490514983496,0.0339800503875837));
#2120=CARTESIAN_POINT('',(-0.0429999999999983,0.023490514983496,0.0339800503875837));
#2121=CARTESIAN_POINT('',(-0.0429999999999983,-0.0234905102151283,0.0339800503875838));
#2122=CARTESIAN_POINT('',(0.267000000000004,0.0234905149834959,0.0339800503875838));
#2123=CARTESIAN_POINT('',(0.267000000000004,0.0294705651326617,0.0280000002384188));
#2124=CARTESIAN_POINT('',(0.267000000000004,0.0294705651326617,0.0280000002384188));
#2125=CARTESIAN_POINT('',(-0.0429999999999983,0.0294705651326618,0.0280000002384188));
#2126=CARTESIAN_POINT('',(-0.0429999999999983,0.0294705651326618,0.0280000002384188));
#2127=CARTESIAN_POINT('',(-0.0429999999999983,0.023490514983496,0.0339800503875837));
#2128=CARTESIAN_POINT('',(0.267000000000004,0.0294705651326617,0.0280000002384188));
#2129=CARTESIAN_POINT('',(0.267000000000004,0.0580000023841845,0.0280000002384188));
#2130=CARTESIAN_POINT('',(-0.0429999999999983,0.0580000023841846,0.0280000002384188));
#2131=CARTESIAN_POINT('',(-0.0429999999999983,0.0294705651326618,0.0280000002384188));
#2132=CARTESIAN_POINT('',(0.0620000000000006,2.38434991455677E-9,0.0260000002384188));
#2133=CARTESIAN_POINT('',(0.0620000000000006,2.38434992630169E-9,0.0339800503875838));
#2134=CARTESIAN_POINT('',(0.0561901547498858,0.00687355300755173,0.0260000002384188));
#2135=CARTESIAN_POINT('',(0.0561901547498858,0.00687355300755174,0.0339800503875838));
#2136=CARTESIAN_POINT('',(1.00093394241091E-15,-0.0389999976158158,0.0810000002384188));
#2137=CARTESIAN_POINT('',(0.110000000000002,-0.0389999976158158,0.0810000002384188));
#2138=CARTESIAN_POINT('',(0.138000000000003,-0.0349899976158157,0.108010000238419));
#2139=CARTESIAN_POINT('',(-0.0429999999999983,-0.0349899976158157,0.108010000238419));
#2140=CARTESIAN_POINT('',(-0.0430099999999979,-0.0349899976158157,0.108000000238419));
#2141=CARTESIAN_POINT('',(0.138010000000002,-0.0349999976158171,0.108010000238419));
#2142=CARTESIAN_POINT('',(0.138010000000002,-0.0349899976158158,0.0280000002384188));
#2143=CARTESIAN_POINT('',(-0.0430099999999979,-0.0429999976158162,0.108010000238419));
#2144=CARTESIAN_POINT('',(-0.0430099999999979,0.043000002384184,0.0279900002384188));
#2145=CARTESIAN_POINT('',(0.138010000000002,0.0349900023841836,0.108000000238419));
#2146=CARTESIAN_POINT('',(0.138010000000002,0.0350000023841831,0.0279900002384188));
#2147=CARTESIAN_POINT('',(-0.0430099999999979,0.0349900023841835,0.0280000002384188));
#2148=CARTESIAN_POINT('',(-0.0429999999999983,0.0349900023841835,0.0279900002384188));
#2149=CARTESIAN_POINT('',(0.138000000000003,0.0349900023841835,0.0279900002384188));
#2150=CARTESIAN_POINT('',(0.110000000000002,0.0390000023841836,0.0810000002384187));
#2151=CARTESIAN_POINT('',(1.00093394241091E-15,0.0390000023841836,0.0810000002384187));
#2152=CARTESIAN_POINT('',(-0.0129999999999989,-0.0429999976158162,0.0810000002384187));
#2153=CARTESIAN_POINT('',(0.0130000000000009,-0.0429999976158162,0.0810000002384187));
#2154=CARTESIAN_POINT('',(-0.0129999999999989,-0.0349999976158171,0.0810000002384187));
#2155=CARTESIAN_POINT('',(0.0130000000000009,-0.0349999976158153,0.0810000002384187));
#2156=CARTESIAN_POINT('',(0.0970000000000023,-0.0429999976158162,0.0810000002384187));
#2157=CARTESIAN_POINT('',(0.123000000000002,-0.0429999976158162,0.0810000002384187));
#2158=CARTESIAN_POINT('',(0.0970000000000023,-0.0349999976158171,0.0810000002384187));
#2159=CARTESIAN_POINT('',(0.123000000000002,-0.0349999976158153,0.0810000002384187));
#2160=CARTESIAN_POINT('',(0.138000000000003,-0.0429999976158162,0.108000000238419));
#2161=CARTESIAN_POINT('',(0.138000000000003,-0.0429999976158163,0.0280000002384189));
#2162=CARTESIAN_POINT('',(0.138000000000003,-0.0349999976158172,0.0280000002384188));
#2163=CARTESIAN_POINT('',(0.138000000000003,-0.0349999976158171,0.108000000238419));
#2164=CARTESIAN_POINT('',(-0.0429999999999983,-0.0429999976158162,0.108000000238419));
#2165=CARTESIAN_POINT('',(-0.0429999999999983,-0.0429999976158163,0.0280000002384188));
#2166=CARTESIAN_POINT('',(-0.0429999999999983,-0.0349999976158171,0.108000000238419));
#2167=CARTESIAN_POINT('',(-0.0429999999999983,-0.0349999976158172,0.0280000002384188));
#2168=CARTESIAN_POINT('',(-0.0129999999999989,0.0430000023841841,0.0810000002384186));
#2169=CARTESIAN_POINT('',(0.0130000000000009,0.0430000023841841,0.0810000002384186));
#2170=CARTESIAN_POINT('',(0.0970000000000023,0.0430000023841841,0.0810000002384186));
#2171=CARTESIAN_POINT('',(0.123000000000002,0.0430000023841841,0.0810000002384186));
#2172=CARTESIAN_POINT('',(-0.0429999999999983,0.043000002384184,0.0280000002384188));
#2173=CARTESIAN_POINT('',(0.138000000000003,0.043000002384184,0.0280000002384188));
#2174=CARTESIAN_POINT('',(-0.0429999999999983,0.0430000023841841,0.108000000238419));
#2175=CARTESIAN_POINT('',(0.138000000000003,0.0430000023841841,0.108000000238419));
#2176=CARTESIAN_POINT('',(-0.0429999999999983,0.0350000023841832,0.108000000238419));
#2177=CARTESIAN_POINT('',(0.138000000000003,0.0350000023841832,0.108000000238419));
#2178=CARTESIAN_POINT('',(-0.0129999999999989,0.0350000023841832,0.0810000002384186));
#2179=CARTESIAN_POINT('',(0.0130000000000009,0.0350000023841832,0.0810000002384186));
#2180=CARTESIAN_POINT('',(0.0970000000000023,0.0350000023841832,0.0810000002384186));
#2181=CARTESIAN_POINT('',(0.123000000000002,0.0350000023841832,0.0810000002384186));
#2182=CARTESIAN_POINT('',(-0.0429999999999983,0.0350000023841831,0.0280000002384188));
#2183=CARTESIAN_POINT('',(0.138000000000003,0.0350000023841831,0.0280000002384188));
#2184=CARTESIAN_POINT('',(9.96027403477524E-16,-0.0429999976158162,0.0810000002384188));
#2185=CARTESIAN_POINT('',(-0.0129999999999989,-0.0429999976158162,0.0810000002384187));
#2186=CARTESIAN_POINT('',(0.0130000000000009,-0.0429999976158162,0.0810000002384187));
#2187=CARTESIAN_POINT('',(1.00093394241091E-15,-0.0429999976158162,0.0810000002384186));
#2188=CARTESIAN_POINT('',(0.0130000000000009,-0.0429999976158162,0.0810000002384187));
#2189=CARTESIAN_POINT('',(-0.0129999999999989,-0.0429999976158162,0.0810000002384187));
#2190=CARTESIAN_POINT('',(1.0058404813443E-15,-0.0349999976158162,0.0810000002384186));
#2191=CARTESIAN_POINT('',(-0.0129999999999989,-0.0349999976158171,0.0810000002384187));
#2192=CARTESIAN_POINT('',(0.0130000000000009,-0.0349999976158153,0.0810000002384187));
#2193=CARTESIAN_POINT('',(1.01074702027768E-15,-0.0349999976158162,0.0810000002384188));
#2194=CARTESIAN_POINT('',(0.0130000000000009,-0.0349999976158153,0.0810000002384187));
#2195=CARTESIAN_POINT('',(-0.0129999999999989,-0.0349999976158171,0.0810000002384187));
#2196=CARTESIAN_POINT('',(-0.0129999999999989,-0.0429999976158162,0.0810000002384187));
#2197=CARTESIAN_POINT('',(-0.0129999999999989,-0.0349999976158171,0.0810000002384187));
#2198=CARTESIAN_POINT('',(0.110000000000002,-0.0429999976158162,0.0810000002384189));
#2199=CARTESIAN_POINT('',(0.0970000000000023,-0.0429999976158162,0.0810000002384187));
#2200=CARTESIAN_POINT('',(0.123000000000002,-0.0429999976158162,0.0810000002384187));
#2201=CARTESIAN_POINT('',(0.110000000000002,-0.0429999976158163,0.0810000002384186));
#2202=CARTESIAN_POINT('',(0.123000000000002,-0.0429999976158162,0.0810000002384187));
#2203=CARTESIAN_POINT('',(0.0970000000000023,-0.0429999976158163,0.0810000002384187));
#2204=CARTESIAN_POINT('',(0.110000000000002,-0.0349999976158162,0.0810000002384186));
#2205=CARTESIAN_POINT('',(0.0970000000000023,-0.0349999976158171,0.0810000002384187));
#2206=CARTESIAN_POINT('',(0.123000000000002,-0.0349999976158153,0.0810000002384187));
#2207=CARTESIAN_POINT('',(0.110000000000002,-0.0349999976158162,0.0810000002384188));
#2208=CARTESIAN_POINT('',(0.123000000000002,-0.0349999976158153,0.0810000002384187));
#2209=CARTESIAN_POINT('',(0.0970000000000023,-0.0349999976158171,0.0810000002384187));
#2210=CARTESIAN_POINT('',(0.0970000000000023,-0.0429999976158162,0.0810000002384187));
#2211=CARTESIAN_POINT('',(0.0970000000000023,-0.0349999976158171,0.0810000002384187));
#2212=CARTESIAN_POINT('',(0.138000000000003,-0.0429999976158162,0.108000000238419));
#2213=CARTESIAN_POINT('',(0.138000000000003,-0.0429999976158163,0.0280000002384189));
#2214=CARTESIAN_POINT('',(0.138000000000003,-0.0429999976158163,0.0280000002384189));
#2215=CARTESIAN_POINT('',(0.138000000000003,-0.0349999976158172,0.0280000002384188));
#2216=CARTESIAN_POINT('',(0.138000000000003,-0.0349999976158172,0.0280000002384188));
#2217=CARTESIAN_POINT('',(0.138000000000003,-0.0349999976158171,0.108000000238419));
#2218=CARTESIAN_POINT('',(0.138000000000003,-0.0349999976158171,0.108000000238419));
#2219=CARTESIAN_POINT('',(0.138000000000003,-0.0429999976158162,0.108000000238419));
#2220=CARTESIAN_POINT('',(-0.0429999999999983,-0.0429999976158162,0.108000000238419));
#2221=CARTESIAN_POINT('',(-0.0429999999999983,-0.0429999976158163,0.0280000002384188));
#2222=CARTESIAN_POINT('',(-0.0429999999999983,-0.0349999976158171,0.108000000238419));
#2223=CARTESIAN_POINT('',(-0.0429999999999983,-0.0429999976158162,0.108000000238419));
#2224=CARTESIAN_POINT('',(-0.0429999999999983,-0.0349999976158172,0.0280000002384188));
#2225=CARTESIAN_POINT('',(-0.0429999999999983,-0.0349999976158171,0.108000000238419));
#2226=CARTESIAN_POINT('',(-0.0429999999999983,-0.0429999976158163,0.0280000002384188));
#2227=CARTESIAN_POINT('',(-0.0429999999999983,-0.0349999976158172,0.0280000002384188));
#2228=CARTESIAN_POINT('',(0.138000000000003,-0.0349999976158171,0.108000000238419));
#2229=CARTESIAN_POINT('',(-0.0429999999999983,-0.0349999976158171,0.108000000238419));
#2230=CARTESIAN_POINT('',(-0.0429999999999983,-0.0429999976158163,0.0280000002384188));
#2231=CARTESIAN_POINT('',(0.138000000000003,-0.0429999976158163,0.0280000002384189));
#2232=CARTESIAN_POINT('',(0.138000000000003,-0.0349999976158172,0.0280000002384188));
#2233=CARTESIAN_POINT('',(-0.0429999999999983,-0.0349999976158172,0.0280000002384188));
#2234=CARTESIAN_POINT('',(-0.0429999999999983,-0.0429999976158162,0.108000000238419));
#2235=CARTESIAN_POINT('',(0.138000000000003,-0.0429999976158162,0.108000000238419));
#2236=CARTESIAN_POINT('',(-0.0429999999999983,0.043000002384184,0.0280000002384188));
#2237=CARTESIAN_POINT('',(0.138000000000003,0.043000002384184,0.0280000002384188));
#2238=CARTESIAN_POINT('',(-0.0429999999999983,0.0430000023841841,0.108000000238419));
#2239=CARTESIAN_POINT('',(-0.0429999999999983,0.043000002384184,0.0280000002384188));
#2240=CARTESIAN_POINT('',(0.138000000000003,0.0430000023841841,0.108000000238419));
#2241=CARTESIAN_POINT('',(-0.0429999999999983,0.0430000023841841,0.108000000238419));
#2242=CARTESIAN_POINT('',(0.138000000000003,0.043000002384184,0.0280000002384188));
#2243=CARTESIAN_POINT('',(0.138000000000003,0.0430000023841841,0.108000000238419));
#2244=CARTESIAN_POINT('',(-0.0429999999999983,0.0350000023841832,0.108000000238419));
#2245=CARTESIAN_POINT('',(-0.0429999999999983,0.0430000023841841,0.108000000238419));
#2246=CARTESIAN_POINT('',(0.138000000000003,0.0350000023841832,0.108000000238419));
#2247=CARTESIAN_POINT('',(-0.0429999999999983,0.0350000023841832,0.108000000238419));
#2248=CARTESIAN_POINT('',(0.138000000000003,0.0430000023841841,0.108000000238419));
#2249=CARTESIAN_POINT('',(0.138000000000003,0.0350000023841832,0.108000000238419));
#2250=CARTESIAN_POINT('',(-0.0429999999999983,0.0350000023841831,0.0280000002384188));
#2251=CARTESIAN_POINT('',(-0.0429999999999983,0.0350000023841832,0.108000000238419));
#2252=CARTESIAN_POINT('',(0.138000000000003,0.0350000023841831,0.0280000002384188));
#2253=CARTESIAN_POINT('',(-0.0429999999999983,0.0350000023841831,0.0280000002384188));
#2254=CARTESIAN_POINT('',(0.138000000000003,0.0350000023841832,0.108000000238419));
#2255=CARTESIAN_POINT('',(0.138000000000003,0.0350000023841831,0.0280000002384188));
#2256=CARTESIAN_POINT('',(-0.0429999999999983,0.043000002384184,0.0280000002384188));
#2257=CARTESIAN_POINT('',(-0.0429999999999983,0.0350000023841831,0.0280000002384188));
#2258=CARTESIAN_POINT('',(0.138000000000003,0.0350000023841831,0.0280000002384188));
#2259=CARTESIAN_POINT('',(0.138000000000003,0.043000002384184,0.0280000002384188));
#2260=CARTESIAN_POINT('',(0.110000000000002,0.0350000023841832,0.0810000002384187));
#2261=CARTESIAN_POINT('',(0.123000000000002,0.0350000023841832,0.0810000002384186));
#2262=CARTESIAN_POINT('',(0.0970000000000024,0.0350000023841832,0.0810000002384186));
#2263=CARTESIAN_POINT('',(0.110000000000002,0.0350000023841832,0.0810000002384185));
#2264=CARTESIAN_POINT('',(0.0970000000000023,0.0350000023841832,0.0810000002384186));
#2265=CARTESIAN_POINT('',(0.123000000000002,0.0350000023841831,0.0810000002384186));
#2266=CARTESIAN_POINT('',(0.110000000000002,0.043000002384184,0.0810000002384185));
#2267=CARTESIAN_POINT('',(0.123000000000002,0.0430000023841841,0.0810000002384186));
#2268=CARTESIAN_POINT('',(0.0970000000000023,0.043000002384184,0.0810000002384186));
#2269=CARTESIAN_POINT('',(0.110000000000002,0.0430000023841841,0.0810000002384187));
#2270=CARTESIAN_POINT('',(0.0970000000000023,0.0430000023841841,0.0810000002384186));
#2271=CARTESIAN_POINT('',(0.123000000000002,0.0430000023841841,0.0810000002384186));
#2272=CARTESIAN_POINT('',(0.0970000000000023,0.0350000023841832,0.0810000002384186));
#2273=CARTESIAN_POINT('',(0.0970000000000023,0.0430000023841841,0.0810000002384186));
#2274=CARTESIAN_POINT('',(9.96027403477524E-16,0.0350000023841832,0.0810000002384187));
#2275=CARTESIAN_POINT('',(0.0130000000000009,0.0350000023841832,0.0810000002384186));
#2276=CARTESIAN_POINT('',(-0.0129999999999989,0.0350000023841832,0.0810000002384186));
#2277=CARTESIAN_POINT('',(1.0058404813443E-15,0.0350000023841832,0.0810000002384185));
#2278=CARTESIAN_POINT('',(-0.0129999999999989,0.0350000023841832,0.0810000002384186));
#2279=CARTESIAN_POINT('',(0.0130000000000009,0.0350000023841832,0.0810000002384186));
#2280=CARTESIAN_POINT('',(1.00093394241091E-15,0.0430000023841841,0.0810000002384185));
#2281=CARTESIAN_POINT('',(0.0130000000000009,0.0430000023841841,0.0810000002384186));
#2282=CARTESIAN_POINT('',(-0.0129999999999989,0.0430000023841841,0.0810000002384186));
#2283=CARTESIAN_POINT('',(9.96027403477524E-16,0.0430000023841841,0.0810000002384187));
#2284=CARTESIAN_POINT('',(-0.0129999999999989,0.0430000023841841,0.0810000002384186));
#2285=CARTESIAN_POINT('',(0.0130000000000009,0.0430000023841841,0.0810000002384186));
#2286=CARTESIAN_POINT('',(-0.0129999999999989,0.0350000023841832,0.0810000002384186));
#2287=CARTESIAN_POINT('',(-0.0129999999999989,0.0430000023841841,0.0810000002384186));
#2288=CARTESIAN_POINT('',(0.110000000000002,0.0100000023841846,0.0810000002384201));
#2289=CARTESIAN_POINT('',(0.122510000000003,0.0650000023841861,0.0684900002384189));
#2290=CARTESIAN_POINT('',(0.11,-0.0474999976158155,0.0810000002384182));
#2291=CARTESIAN_POINT('',(0.0949900000000002,-0.0499999976158159,0.0659900002384187));
#2292=CARTESIAN_POINT('',(0.125010000000001,-0.0449999976158169,0.0659900002384187));
#2293=CARTESIAN_POINT('',(0.0975000000000011,-0.0449999976158169,0.0810000002384191));
#2294=CARTESIAN_POINT('',(0.122500000000003,-0.0449999976158169,0.0810000002384191));
#2295=CARTESIAN_POINT('',(0.0975000000000011,0.0650000023841861,0.0810000002384189));
#2296=CARTESIAN_POINT('',(0.122500000000003,0.0650000023841861,0.0810000002384189));
#2297=CARTESIAN_POINT('',(0.0949999999999999,-0.0499999976158159,0.0810000002384187));
#2298=CARTESIAN_POINT('',(0.125000000000001,-0.0499999976158159,0.0810000002384187));
#2299=CARTESIAN_POINT('',(0.0949999999999999,-0.0449999976158169,0.0810000002384187));
#2300=CARTESIAN_POINT('',(0.125000000000001,-0.0449999976158169,0.0810000002384187));
#2301=CARTESIAN_POINT('',(0.110000000000002,-0.0449999976158169,0.0810000002384181));
#2302=CARTESIAN_POINT('',(0.0975000000000011,-0.0449999976158169,0.0810000002384191));
#2303=CARTESIAN_POINT('',(0.122500000000003,-0.0449999976158169,0.0810000002384191));
#2304=CARTESIAN_POINT('',(0.110000000000002,-0.0449999976158169,0.0810000002384201));
#2305=CARTESIAN_POINT('',(0.122500000000003,-0.0449999976158169,0.0810000002384191));
#2306=CARTESIAN_POINT('',(0.0975000000000011,-0.0449999976158169,0.0810000002384191));
#2307=CARTESIAN_POINT('',(0.110000000000002,0.0650000023841861,0.08100000023842));
#2308=CARTESIAN_POINT('',(0.0975000000000011,0.0650000023841861,0.0810000002384189));
#2309=CARTESIAN_POINT('',(0.122500000000003,0.0650000023841861,0.0810000002384189));
#2310=CARTESIAN_POINT('',(0.110000000000002,0.0650000023841861,0.0810000002384178));
#2311=CARTESIAN_POINT('',(0.122500000000003,0.0650000023841861,0.0810000002384189));
#2312=CARTESIAN_POINT('',(0.0975000000000011,0.0650000023841861,0.0810000002384189));
#2313=CARTESIAN_POINT('',(0.0975000000000011,0.0650000023841861,0.0810000002384189));
#2314=CARTESIAN_POINT('',(0.0975000000000011,-0.0449999976158169,0.0810000002384191));
#2315=CARTESIAN_POINT('',(0.11,-0.0499999976158159,0.0810000002384182));
#2316=CARTESIAN_POINT('',(0.0949999999999999,-0.0499999976158159,0.0810000002384187));
#2317=CARTESIAN_POINT('',(0.125000000000001,-0.0499999976158159,0.0810000002384187));
#2318=CARTESIAN_POINT('',(0.11,-0.0499999976158159,0.0810000002384193));
#2319=CARTESIAN_POINT('',(0.125000000000001,-0.0499999976158159,0.0810000002384187));
#2320=CARTESIAN_POINT('',(0.0949999999999999,-0.0499999976158159,0.0810000002384187));
#2321=CARTESIAN_POINT('',(0.11,-0.0449999976158169,0.0810000002384193));
#2322=CARTESIAN_POINT('',(0.0949999999999999,-0.0449999976158169,0.0810000002384187));
#2323=CARTESIAN_POINT('',(0.125000000000001,-0.0449999976158169,0.0810000002384187));
#2324=CARTESIAN_POINT('',(0.11,-0.0449999976158169,0.0810000002384182));
#2325=CARTESIAN_POINT('',(0.125000000000001,-0.0449999976158169,0.0810000002384187));
#2326=CARTESIAN_POINT('',(0.0949999999999999,-0.0449999976158169,0.0810000002384187));
#2327=CARTESIAN_POINT('',(0.0949999999999999,-0.0499999976158159,0.0810000002384187));
#2328=CARTESIAN_POINT('',(0.0949999999999999,-0.0449999976158169,0.0810000002384187));
#2329=CARTESIAN_POINT('',(0.177000000000002,2.3841847385242E-9,0.0200000002384176));
#2330=CARTESIAN_POINT('',(0.158250000000002,-0.0187499976158153,0.0550000002384176));
#2331=CARTESIAN_POINT('',(0.158250000000002,-0.0187499976158153,-0.0149999997615824));
#2332=CARTESIAN_POINT('',(0.177000000000002,0.0150000023841847,0.0550000002384176));
#2333=CARTESIAN_POINT('',(0.177000000000002,0.0150000023841847,-0.0149999997615824));
#2334=CARTESIAN_POINT('',(0.177000000000002,2.3841847385242E-9,0.0550000002384176));
#2335=CARTESIAN_POINT('',(0.177000000000002,0.0150000023841847,0.0550000002384176));
#2336=CARTESIAN_POINT('',(0.177000000000002,0.0150000023841847,-0.0149999997615824));
#2337=CARTESIAN_POINT('',(0.177000000000002,2.3841847385242E-9,-0.0149999997615824));
#2338=CARTESIAN_POINT('',(0.0620000000000041,2.38418831205456E-9,0.0200000002384176));
#2339=CARTESIAN_POINT('',(0.043250000000004,-0.0187499976158117,0.0550000002384176));
#2340=CARTESIAN_POINT('',(0.043250000000004,-0.0187499976158117,-0.0149999997615824));
#2341=CARTESIAN_POINT('',(0.0620000000000041,0.0150000023841883,0.0550000002384176));
#2342=CARTESIAN_POINT('',(0.0620000000000041,0.0150000023841883,-0.0149999997615824));
#2343=CARTESIAN_POINT('',(0.0620000000000041,2.38418831205456E-9,0.0550000002384176));
#2344=CARTESIAN_POINT('',(0.0620000000000041,0.0150000023841883,0.0550000002384176));
#2345=CARTESIAN_POINT('',(0.0620000000000041,0.0150000023841883,-0.0149999997615824));
#2346=CARTESIAN_POINT('',(0.0620000000000041,2.38418831205456E-9,-0.0149999997615824));
#2347=CARTESIAN_POINT('',(0.177000000000002,2.3841847385242E-9,0.0200000002384176));
#2348=CARTESIAN_POINT('',(0.158250000000002,-0.0187499976158153,0.0550000002384176));
#2349=CARTESIAN_POINT('',(0.158250000000002,-0.0187499976158153,-0.0149999997615824));
#2350=CARTESIAN_POINT('',(0.177000000000002,0.0150000023841847,0.0550000002384176));
#2351=CARTESIAN_POINT('',(0.177000000000002,0.0150000023841847,-0.0149999997615824));
#2352=CARTESIAN_POINT('',(0.177000000000002,2.3841847385242E-9,0.0550000002384176));
#2353=CARTESIAN_POINT('',(0.177000000000002,0.0150000023841847,0.0550000002384176));
#2354=CARTESIAN_POINT('',(0.177000000000002,0.0150000023841847,-0.0149999997615824));
#2355=CARTESIAN_POINT('',(0.177000000000002,2.3841847385242E-9,-0.0149999997615824));
#2356=CARTESIAN_POINT('',(0.,0.,0.));
ENDSEC;
END-ISO-10303-21;
