ISO-10303-21;
HEADER;
/* Generated by software containing ST-Developer
 * from STEP Tools, Inc. (www.steptools.com) 
 */
/* OPTION: using custom schema-name function */

FILE_DESCRIPTION(
/* description */ (''),
/* implementation_level */ '2;1');

FILE_NAME(
/* name */ 'schoring_body_start_1',
/* time_stamp */ '2025-09-21T23:05:36+02:00',
/* author */ (''),
/* organization */ (''),
/* preprocessor_version */ 'ST-DEVELOPER v19.2',
/* originating_system */ 'Rhino 8.23',
/* authorisation */ '');

FILE_SCHEMA (('TECHNICAL_DATA_PACKAGING'));
ENDSEC;

DATA;
#10=SHAPE_REPRESENTATION_RELATIONSHIP('','',#2958,#15);
#11=MANIFOLD_SOLID_BREP('brep_1',#16);
#12=MANIFOLD_SOLID_BREP('brep_2',#17);
#13=MANIFOLD_SOLID_BREP('brep_3',#18);
#14=MANIFOLD_SOLID_BREP('brep_4',#19);
#15=ADVANCED_BREP_SHAPE_REPRESENTATION('brep_rep_0',(#11,#12,#13,#14,#3120),
#2957);
#16=CLOSED_SHELL('',(#23,#24,#25,#26,#27,#28,#29,#30,#31,#32,#33,#34,#35,
#36,#37,#38,#39,#40,#41,#42,#43,#44,#45,#46,#47,#48,#49,#50,#51,#52,#53,
#54,#55,#56,#57,#58,#59,#60,#61,#62,#63,#64,#65,#66,#67,#68,#69,#70,#71,
#72,#73,#74,#75,#76,#77,#78,#79,#80,#81,#82,#83));
#17=CLOSED_SHELL('',(#84,#85,#86,#87,#88,#89,#90,#91,#92,#93,#94,#95,#96,
#97,#98,#99,#100,#101));
#18=CLOSED_SHELL('',(#102,#103,#104,#105,#106,#107,#108,#109,#110,#111,
#112,#113,#114,#115,#116,#117,#118,#119));
#19=CLOSED_SHELL('',(#120,#121,#122,#123,#124,#125,#126,#127,#128,#129,
#130,#131,#132,#133,#134,#135,#136,#137,#138,#139,#140,#141,#142,#143,#144,
#145,#146,#147,#148,#149,#150,#151,#152,#153,#154,#155,#156,#157,#158,#159,
#160,#161,#162,#163,#164,#165,#166,#167,#168,#169,#170,#171,#172,#173,#174,
#175,#176,#177,#178,#179,#180,#181,#182));
#20=FACE_BOUND('',#400,.T.);
#21=FACE_BOUND('',#402,.T.);
#22=FACE_BOUND('',#404,.T.);
#23=ADVANCED_FACE('',(#183),#2712,.T.);
#24=ADVANCED_FACE('',(#184),#2713,.T.);
#25=ADVANCED_FACE('',(#185),#2714,.T.);
#26=ADVANCED_FACE('',(#186),#2715,.T.);
#27=ADVANCED_FACE('',(#187),#2716,.T.);
#28=ADVANCED_FACE('',(#188),#2717,.T.);
#29=ADVANCED_FACE('',(#189),#2718,.T.);
#30=ADVANCED_FACE('',(#190),#2719,.T.);
#31=ADVANCED_FACE('',(#191),#2720,.T.);
#32=ADVANCED_FACE('',(#192),#2721,.T.);
#33=ADVANCED_FACE('',(#193),#2722,.T.);
#34=ADVANCED_FACE('',(#194),#2723,.T.);
#35=ADVANCED_FACE('',(#195),#2724,.T.);
#36=ADVANCED_FACE('',(#196),#2725,.T.);
#37=ADVANCED_FACE('',(#197),#2726,.T.);
#38=ADVANCED_FACE('',(#198),#2727,.T.);
#39=ADVANCED_FACE('',(#199),#2728,.T.);
#40=ADVANCED_FACE('',(#200),#2729,.T.);
#41=ADVANCED_FACE('',(#201),#2730,.T.);
#42=ADVANCED_FACE('',(#202),#2731,.T.);
#43=ADVANCED_FACE('',(#203),#2732,.T.);
#44=ADVANCED_FACE('',(#204),#2733,.T.);
#45=ADVANCED_FACE('',(#205),#2734,.T.);
#46=ADVANCED_FACE('',(#206),#2735,.T.);
#47=ADVANCED_FACE('',(#207),#2736,.T.);
#48=ADVANCED_FACE('',(#208),#2737,.T.);
#49=ADVANCED_FACE('',(#209),#2738,.T.);
#50=ADVANCED_FACE('',(#210),#2739,.T.);
#51=ADVANCED_FACE('',(#211),#2740,.T.);
#52=ADVANCED_FACE('',(#212),#2741,.T.);
#53=ADVANCED_FACE('',(#213),#2742,.T.);
#54=ADVANCED_FACE('',(#214),#2743,.T.);
#55=ADVANCED_FACE('',(#215),#2744,.T.);
#56=ADVANCED_FACE('',(#216),#2745,.T.);
#57=ADVANCED_FACE('',(#217),#2746,.T.);
#58=ADVANCED_FACE('',(#218),#2747,.T.);
#59=ADVANCED_FACE('',(#219),#2748,.T.);
#60=ADVANCED_FACE('',(#220),#2749,.T.);
#61=ADVANCED_FACE('',(#221),#2750,.T.);
#62=ADVANCED_FACE('',(#222),#2751,.T.);
#63=ADVANCED_FACE('',(#223),#2752,.T.);
#64=ADVANCED_FACE('',(#224),#2753,.T.);
#65=ADVANCED_FACE('',(#225),#2754,.T.);
#66=ADVANCED_FACE('',(#226),#2755,.T.);
#67=ADVANCED_FACE('',(#227),#2756,.T.);
#68=ADVANCED_FACE('',(#228),#2757,.T.);
#69=ADVANCED_FACE('',(#229),#2758,.T.);
#70=ADVANCED_FACE('',(#230),#2759,.T.);
#71=ADVANCED_FACE('',(#231),#2760,.T.);
#72=ADVANCED_FACE('',(#232),#2761,.T.);
#73=ADVANCED_FACE('',(#233),#2762,.T.);
#74=ADVANCED_FACE('',(#234),#2763,.T.);
#75=ADVANCED_FACE('',(#235),#2764,.T.);
#76=ADVANCED_FACE('',(#236),#2765,.T.);
#77=ADVANCED_FACE('',(#237),#2766,.T.);
#78=ADVANCED_FACE('',(#238),#2767,.T.);
#79=ADVANCED_FACE('',(#239,#20),#2768,.T.);
#80=ADVANCED_FACE('',(#240,#21),#2769,.T.);
#81=ADVANCED_FACE('',(#241,#22),#2770,.T.);
#82=ADVANCED_FACE('',(#242),#2771,.T.);
#83=ADVANCED_FACE('',(#243),#2772,.T.);
#84=ADVANCED_FACE('',(#244),#2773,.T.);
#85=ADVANCED_FACE('',(#245),#2774,.T.);
#86=ADVANCED_FACE('',(#246),#2775,.T.);
#87=ADVANCED_FACE('',(#247),#2776,.T.);
#88=ADVANCED_FACE('',(#248),#2777,.T.);
#89=ADVANCED_FACE('',(#249),#2778,.T.);
#90=ADVANCED_FACE('',(#250),#2779,.T.);
#91=ADVANCED_FACE('',(#251),#2780,.T.);
#92=ADVANCED_FACE('',(#252),#2781,.T.);
#93=ADVANCED_FACE('',(#253),#2782,.T.);
#94=ADVANCED_FACE('',(#254),#2783,.T.);
#95=ADVANCED_FACE('',(#255),#2784,.T.);
#96=ADVANCED_FACE('',(#256),#2785,.T.);
#97=ADVANCED_FACE('',(#257),#2786,.T.);
#98=ADVANCED_FACE('',(#258),#2787,.T.);
#99=ADVANCED_FACE('',(#259),#2788,.T.);
#100=ADVANCED_FACE('',(#260),#2789,.T.);
#101=ADVANCED_FACE('',(#261),#2790,.T.);
#102=ADVANCED_FACE('',(#262),#2791,.T.);
#103=ADVANCED_FACE('',(#263),#2792,.T.);
#104=ADVANCED_FACE('',(#264),#2793,.T.);
#105=ADVANCED_FACE('',(#265),#2794,.T.);
#106=ADVANCED_FACE('',(#266),#2795,.T.);
#107=ADVANCED_FACE('',(#267),#2796,.T.);
#108=ADVANCED_FACE('',(#268),#2797,.T.);
#109=ADVANCED_FACE('',(#269),#2798,.T.);
#110=ADVANCED_FACE('',(#270),#2799,.T.);
#111=ADVANCED_FACE('',(#271),#2800,.T.);
#112=ADVANCED_FACE('',(#272),#2801,.T.);
#113=ADVANCED_FACE('',(#273),#2802,.T.);
#114=ADVANCED_FACE('',(#274),#2803,.T.);
#115=ADVANCED_FACE('',(#275),#2804,.T.);
#116=ADVANCED_FACE('',(#276),#2805,.T.);
#117=ADVANCED_FACE('',(#277),#2806,.T.);
#118=ADVANCED_FACE('',(#278),#2807,.T.);
#119=ADVANCED_FACE('',(#279),#2808,.T.);
#120=ADVANCED_FACE('',(#280),#2809,.T.);
#121=ADVANCED_FACE('',(#281),#2810,.T.);
#122=ADVANCED_FACE('',(#282),#2811,.T.);
#123=ADVANCED_FACE('',(#283),#2812,.T.);
#124=ADVANCED_FACE('',(#284),#2813,.T.);
#125=ADVANCED_FACE('',(#285),#2814,.T.);
#126=ADVANCED_FACE('',(#286),#2815,.T.);
#127=ADVANCED_FACE('',(#287),#2816,.T.);
#128=ADVANCED_FACE('',(#288),#2817,.T.);
#129=ADVANCED_FACE('',(#289),#2818,.T.);
#130=ADVANCED_FACE('',(#290),#2819,.T.);
#131=ADVANCED_FACE('',(#291),#2820,.T.);
#132=ADVANCED_FACE('',(#292),#2821,.T.);
#133=ADVANCED_FACE('',(#293),#2822,.T.);
#134=ADVANCED_FACE('',(#294),#2823,.T.);
#135=ADVANCED_FACE('',(#295),#2824,.T.);
#136=ADVANCED_FACE('',(#296),#2825,.T.);
#137=ADVANCED_FACE('',(#297),#2826,.T.);
#138=ADVANCED_FACE('',(#298),#2827,.T.);
#139=ADVANCED_FACE('',(#299),#2828,.T.);
#140=ADVANCED_FACE('',(#300),#2829,.T.);
#141=ADVANCED_FACE('',(#301),#2830,.T.);
#142=ADVANCED_FACE('',(#302),#2831,.T.);
#143=ADVANCED_FACE('',(#303),#2832,.T.);
#144=ADVANCED_FACE('',(#304),#2833,.T.);
#145=ADVANCED_FACE('',(#305),#2834,.T.);
#146=ADVANCED_FACE('',(#306),#2835,.T.);
#147=ADVANCED_FACE('',(#307),#2836,.T.);
#148=ADVANCED_FACE('',(#308),#2837,.T.);
#149=ADVANCED_FACE('',(#309),#2838,.T.);
#150=ADVANCED_FACE('',(#310),#2839,.T.);
#151=ADVANCED_FACE('',(#311),#2840,.T.);
#152=ADVANCED_FACE('',(#312),#2841,.T.);
#153=ADVANCED_FACE('',(#313),#2842,.T.);
#154=ADVANCED_FACE('',(#314),#2843,.T.);
#155=ADVANCED_FACE('',(#315),#2844,.T.);
#156=ADVANCED_FACE('',(#316),#2845,.T.);
#157=ADVANCED_FACE('',(#317),#2846,.T.);
#158=ADVANCED_FACE('',(#318),#2847,.T.);
#159=ADVANCED_FACE('',(#319),#2848,.T.);
#160=ADVANCED_FACE('',(#320),#2849,.T.);
#161=ADVANCED_FACE('',(#321),#2850,.T.);
#162=ADVANCED_FACE('',(#322),#2851,.T.);
#163=ADVANCED_FACE('',(#323),#2852,.T.);
#164=ADVANCED_FACE('',(#324),#2853,.T.);
#165=ADVANCED_FACE('',(#325),#2854,.T.);
#166=ADVANCED_FACE('',(#326),#2855,.T.);
#167=ADVANCED_FACE('',(#327),#2856,.T.);
#168=ADVANCED_FACE('',(#328),#2857,.T.);
#169=ADVANCED_FACE('',(#329),#2858,.T.);
#170=ADVANCED_FACE('',(#330),#2859,.T.);
#171=ADVANCED_FACE('',(#331),#2860,.T.);
#172=ADVANCED_FACE('',(#332),#2861,.T.);
#173=ADVANCED_FACE('',(#333),#2862,.T.);
#174=ADVANCED_FACE('',(#334),#2863,.T.);
#175=ADVANCED_FACE('',(#335),#2864,.T.);
#176=ADVANCED_FACE('',(#336),#2865,.T.);
#177=ADVANCED_FACE('',(#337),#2866,.T.);
#178=ADVANCED_FACE('',(#338),#2867,.T.);
#179=ADVANCED_FACE('',(#339),#2868,.T.);
#180=ADVANCED_FACE('',(#340),#2869,.T.);
#181=ADVANCED_FACE('',(#341),#2870,.T.);
#182=ADVANCED_FACE('',(#342),#2871,.T.);
#183=FACE_OUTER_BOUND('',#343,.T.);
#184=FACE_OUTER_BOUND('',#344,.T.);
#185=FACE_OUTER_BOUND('',#345,.T.);
#186=FACE_OUTER_BOUND('',#346,.T.);
#187=FACE_OUTER_BOUND('',#347,.T.);
#188=FACE_OUTER_BOUND('',#348,.T.);
#189=FACE_OUTER_BOUND('',#349,.T.);
#190=FACE_OUTER_BOUND('',#350,.T.);
#191=FACE_OUTER_BOUND('',#351,.T.);
#192=FACE_OUTER_BOUND('',#352,.T.);
#193=FACE_OUTER_BOUND('',#353,.T.);
#194=FACE_OUTER_BOUND('',#354,.T.);
#195=FACE_OUTER_BOUND('',#355,.T.);
#196=FACE_OUTER_BOUND('',#356,.T.);
#197=FACE_OUTER_BOUND('',#357,.T.);
#198=FACE_OUTER_BOUND('',#358,.T.);
#199=FACE_OUTER_BOUND('',#359,.T.);
#200=FACE_OUTER_BOUND('',#360,.T.);
#201=FACE_OUTER_BOUND('',#361,.T.);
#202=FACE_OUTER_BOUND('',#362,.T.);
#203=FACE_OUTER_BOUND('',#363,.T.);
#204=FACE_OUTER_BOUND('',#364,.T.);
#205=FACE_OUTER_BOUND('',#365,.T.);
#206=FACE_OUTER_BOUND('',#366,.T.);
#207=FACE_OUTER_BOUND('',#367,.T.);
#208=FACE_OUTER_BOUND('',#368,.T.);
#209=FACE_OUTER_BOUND('',#369,.T.);
#210=FACE_OUTER_BOUND('',#370,.T.);
#211=FACE_OUTER_BOUND('',#371,.T.);
#212=FACE_OUTER_BOUND('',#372,.T.);
#213=FACE_OUTER_BOUND('',#373,.T.);
#214=FACE_OUTER_BOUND('',#374,.T.);
#215=FACE_OUTER_BOUND('',#375,.T.);
#216=FACE_OUTER_BOUND('',#376,.T.);
#217=FACE_OUTER_BOUND('',#377,.T.);
#218=FACE_OUTER_BOUND('',#378,.T.);
#219=FACE_OUTER_BOUND('',#379,.T.);
#220=FACE_OUTER_BOUND('',#380,.T.);
#221=FACE_OUTER_BOUND('',#381,.T.);
#222=FACE_OUTER_BOUND('',#382,.T.);
#223=FACE_OUTER_BOUND('',#383,.T.);
#224=FACE_OUTER_BOUND('',#384,.T.);
#225=FACE_OUTER_BOUND('',#385,.T.);
#226=FACE_OUTER_BOUND('',#386,.T.);
#227=FACE_OUTER_BOUND('',#387,.T.);
#228=FACE_OUTER_BOUND('',#388,.T.);
#229=FACE_OUTER_BOUND('',#389,.T.);
#230=FACE_OUTER_BOUND('',#390,.T.);
#231=FACE_OUTER_BOUND('',#391,.T.);
#232=FACE_OUTER_BOUND('',#392,.T.);
#233=FACE_OUTER_BOUND('',#393,.T.);
#234=FACE_OUTER_BOUND('',#394,.T.);
#235=FACE_OUTER_BOUND('',#395,.T.);
#236=FACE_OUTER_BOUND('',#396,.T.);
#237=FACE_OUTER_BOUND('',#397,.T.);
#238=FACE_OUTER_BOUND('',#398,.T.);
#239=FACE_OUTER_BOUND('',#399,.T.);
#240=FACE_OUTER_BOUND('',#401,.T.);
#241=FACE_OUTER_BOUND('',#403,.T.);
#242=FACE_OUTER_BOUND('',#405,.T.);
#243=FACE_OUTER_BOUND('',#406,.T.);
#244=FACE_OUTER_BOUND('',#407,.T.);
#245=FACE_OUTER_BOUND('',#408,.T.);
#246=FACE_OUTER_BOUND('',#409,.T.);
#247=FACE_OUTER_BOUND('',#410,.T.);
#248=FACE_OUTER_BOUND('',#411,.T.);
#249=FACE_OUTER_BOUND('',#412,.T.);
#250=FACE_OUTER_BOUND('',#413,.T.);
#251=FACE_OUTER_BOUND('',#414,.T.);
#252=FACE_OUTER_BOUND('',#415,.T.);
#253=FACE_OUTER_BOUND('',#416,.T.);
#254=FACE_OUTER_BOUND('',#417,.T.);
#255=FACE_OUTER_BOUND('',#418,.T.);
#256=FACE_OUTER_BOUND('',#419,.T.);
#257=FACE_OUTER_BOUND('',#420,.T.);
#258=FACE_OUTER_BOUND('',#421,.T.);
#259=FACE_OUTER_BOUND('',#422,.T.);
#260=FACE_OUTER_BOUND('',#423,.T.);
#261=FACE_OUTER_BOUND('',#424,.T.);
#262=FACE_OUTER_BOUND('',#425,.T.);
#263=FACE_OUTER_BOUND('',#426,.T.);
#264=FACE_OUTER_BOUND('',#427,.T.);
#265=FACE_OUTER_BOUND('',#428,.T.);
#266=FACE_OUTER_BOUND('',#429,.T.);
#267=FACE_OUTER_BOUND('',#430,.T.);
#268=FACE_OUTER_BOUND('',#431,.T.);
#269=FACE_OUTER_BOUND('',#432,.T.);
#270=FACE_OUTER_BOUND('',#433,.T.);
#271=FACE_OUTER_BOUND('',#434,.T.);
#272=FACE_OUTER_BOUND('',#435,.T.);
#273=FACE_OUTER_BOUND('',#436,.T.);
#274=FACE_OUTER_BOUND('',#437,.T.);
#275=FACE_OUTER_BOUND('',#438,.T.);
#276=FACE_OUTER_BOUND('',#439,.T.);
#277=FACE_OUTER_BOUND('',#440,.T.);
#278=FACE_OUTER_BOUND('',#441,.T.);
#279=FACE_OUTER_BOUND('',#442,.T.);
#280=FACE_OUTER_BOUND('',#443,.T.);
#281=FACE_OUTER_BOUND('',#444,.T.);
#282=FACE_OUTER_BOUND('',#445,.T.);
#283=FACE_OUTER_BOUND('',#446,.T.);
#284=FACE_OUTER_BOUND('',#447,.T.);
#285=FACE_OUTER_BOUND('',#448,.T.);
#286=FACE_OUTER_BOUND('',#449,.T.);
#287=FACE_OUTER_BOUND('',#450,.T.);
#288=FACE_OUTER_BOUND('',#451,.T.);
#289=FACE_OUTER_BOUND('',#452,.T.);
#290=FACE_OUTER_BOUND('',#453,.T.);
#291=FACE_OUTER_BOUND('',#454,.T.);
#292=FACE_OUTER_BOUND('',#455,.T.);
#293=FACE_OUTER_BOUND('',#456,.T.);
#294=FACE_OUTER_BOUND('',#457,.T.);
#295=FACE_OUTER_BOUND('',#458,.T.);
#296=FACE_OUTER_BOUND('',#459,.T.);
#297=FACE_OUTER_BOUND('',#460,.T.);
#298=FACE_OUTER_BOUND('',#461,.T.);
#299=FACE_OUTER_BOUND('',#462,.T.);
#300=FACE_OUTER_BOUND('',#463,.T.);
#301=FACE_OUTER_BOUND('',#464,.T.);
#302=FACE_OUTER_BOUND('',#465,.T.);
#303=FACE_OUTER_BOUND('',#466,.T.);
#304=FACE_OUTER_BOUND('',#467,.T.);
#305=FACE_OUTER_BOUND('',#468,.T.);
#306=FACE_OUTER_BOUND('',#469,.T.);
#307=FACE_OUTER_BOUND('',#470,.T.);
#308=FACE_OUTER_BOUND('',#471,.T.);
#309=FACE_OUTER_BOUND('',#472,.T.);
#310=FACE_OUTER_BOUND('',#473,.T.);
#311=FACE_OUTER_BOUND('',#474,.T.);
#312=FACE_OUTER_BOUND('',#475,.T.);
#313=FACE_OUTER_BOUND('',#476,.T.);
#314=FACE_OUTER_BOUND('',#477,.T.);
#315=FACE_OUTER_BOUND('',#478,.T.);
#316=FACE_OUTER_BOUND('',#479,.T.);
#317=FACE_OUTER_BOUND('',#480,.T.);
#318=FACE_OUTER_BOUND('',#481,.T.);
#319=FACE_OUTER_BOUND('',#482,.T.);
#320=FACE_OUTER_BOUND('',#483,.T.);
#321=FACE_OUTER_BOUND('',#484,.T.);
#322=FACE_OUTER_BOUND('',#485,.T.);
#323=FACE_OUTER_BOUND('',#486,.T.);
#324=FACE_OUTER_BOUND('',#487,.T.);
#325=FACE_OUTER_BOUND('',#488,.T.);
#326=FACE_OUTER_BOUND('',#489,.T.);
#327=FACE_OUTER_BOUND('',#490,.T.);
#328=FACE_OUTER_BOUND('',#491,.T.);
#329=FACE_OUTER_BOUND('',#492,.T.);
#330=FACE_OUTER_BOUND('',#493,.T.);
#331=FACE_OUTER_BOUND('',#494,.T.);
#332=FACE_OUTER_BOUND('',#495,.T.);
#333=FACE_OUTER_BOUND('',#496,.T.);
#334=FACE_OUTER_BOUND('',#497,.T.);
#335=FACE_OUTER_BOUND('',#498,.T.);
#336=FACE_OUTER_BOUND('',#499,.T.);
#337=FACE_OUTER_BOUND('',#500,.T.);
#338=FACE_OUTER_BOUND('',#501,.T.);
#339=FACE_OUTER_BOUND('',#502,.T.);
#340=FACE_OUTER_BOUND('',#503,.T.);
#341=FACE_OUTER_BOUND('',#504,.T.);
#342=FACE_OUTER_BOUND('',#505,.T.);
#343=EDGE_LOOP('',(#506,#507,#508,#509));
#344=EDGE_LOOP('',(#510,#511,#512,#513));
#345=EDGE_LOOP('',(#514,#515,#516,#517));
#346=EDGE_LOOP('',(#518,#519,#520,#521));
#347=EDGE_LOOP('',(#522,#523,#524,#525));
#348=EDGE_LOOP('',(#526,#527,#528,#529));
#349=EDGE_LOOP('',(#530,#531,#532,#533));
#350=EDGE_LOOP('',(#534,#535,#536,#537));
#351=EDGE_LOOP('',(#538,#539,#540,#541));
#352=EDGE_LOOP('',(#542,#543,#544,#545));
#353=EDGE_LOOP('',(#546,#547,#548,#549));
#354=EDGE_LOOP('',(#550,#551,#552,#553));
#355=EDGE_LOOP('',(#554,#555,#556,#557));
#356=EDGE_LOOP('',(#558,#559,#560,#561));
#357=EDGE_LOOP('',(#562,#563,#564,#565));
#358=EDGE_LOOP('',(#566,#567,#568,#569));
#359=EDGE_LOOP('',(#570,#571,#572,#573));
#360=EDGE_LOOP('',(#574,#575,#576,#577));
#361=EDGE_LOOP('',(#578,#579,#580,#581));
#362=EDGE_LOOP('',(#582,#583,#584,#585));
#363=EDGE_LOOP('',(#586,#587,#588,#589));
#364=EDGE_LOOP('',(#590,#591,#592,#593));
#365=EDGE_LOOP('',(#594,#595,#596,#597));
#366=EDGE_LOOP('',(#598,#599,#600,#601));
#367=EDGE_LOOP('',(#602,#603,#604,#605));
#368=EDGE_LOOP('',(#606,#607,#608,#609));
#369=EDGE_LOOP('',(#610,#611,#612,#613));
#370=EDGE_LOOP('',(#614,#615,#616,#617));
#371=EDGE_LOOP('',(#618,#619,#620,#621));
#372=EDGE_LOOP('',(#622,#623,#624,#625));
#373=EDGE_LOOP('',(#626,#627,#628,#629));
#374=EDGE_LOOP('',(#630,#631,#632,#633));
#375=EDGE_LOOP('',(#634,#635,#636,#637));
#376=EDGE_LOOP('',(#638,#639,#640,#641));
#377=EDGE_LOOP('',(#642,#643,#644,#645));
#378=EDGE_LOOP('',(#646,#647,#648,#649));
#379=EDGE_LOOP('',(#650,#651,#652,#653));
#380=EDGE_LOOP('',(#654,#655,#656,#657));
#381=EDGE_LOOP('',(#658,#659,#660,#661));
#382=EDGE_LOOP('',(#662,#663,#664,#665));
#383=EDGE_LOOP('',(#666,#667,#668,#669));
#384=EDGE_LOOP('',(#670,#671,#672,#673));
#385=EDGE_LOOP('',(#674,#675,#676,#677));
#386=EDGE_LOOP('',(#678,#679,#680,#681));
#387=EDGE_LOOP('',(#682,#683,#684,#685));
#388=EDGE_LOOP('',(#686,#687,#688,#689));
#389=EDGE_LOOP('',(#690,#691,#692,#693));
#390=EDGE_LOOP('',(#694,#695,#696,#697));
#391=EDGE_LOOP('',(#698,#699,#700,#701));
#392=EDGE_LOOP('',(#702,#703,#704,#705));
#393=EDGE_LOOP('',(#706,#707,#708,#709));
#394=EDGE_LOOP('',(#710,#711,#712,#713));
#395=EDGE_LOOP('',(#714,#715,#716,#717));
#396=EDGE_LOOP('',(#718,#719,#720,#721));
#397=EDGE_LOOP('',(#722,#723,#724,#725));
#398=EDGE_LOOP('',(#726,#727,#728,#729));
#399=EDGE_LOOP('',(#730,#731,#732,#733,#734,#735,#736,#737,#738,#739,#740,
#741,#742,#743,#744,#745,#746,#747,#748,#749,#750,#751,#752,#753,#754,#755,
#756,#757));
#400=EDGE_LOOP('',(#758,#759,#760,#761,#762,#763,#764,#765,#766,#767,#768,
#769,#770,#771));
#401=EDGE_LOOP('',(#772,#773,#774,#775,#776,#777,#778,#779,#780,#781,#782,
#783,#784,#785,#786,#787,#788,#789,#790,#791,#792,#793,#794,#795,#796,#797,
#798,#799));
#402=EDGE_LOOP('',(#800,#801,#802,#803,#804,#805,#806,#807,#808,#809,#810,
#811,#812,#813,#814,#815));
#403=EDGE_LOOP('',(#816,#817,#818,#819,#820,#821,#822,#823,#824,#825,#826,
#827,#828,#829,#830,#831,#832,#833,#834,#835,#836,#837,#838,#839,#840,#841,
#842,#843));
#404=EDGE_LOOP('',(#844,#845,#846,#847,#848,#849,#850,#851,#852,#853,#854,
#855,#856,#857,#858,#859,#860,#861,#862,#863,#864,#865,#866,#867,#868,#869,
#870,#871));
#405=EDGE_LOOP('',(#872,#873,#874,#875,#876,#877,#878,#879,#880,#881,#882,
#883,#884,#885));
#406=EDGE_LOOP('',(#886,#887,#888,#889,#890,#891,#892,#893,#894,#895,#896,
#897,#898,#899,#900,#901));
#407=EDGE_LOOP('',(#902,#903,#904,#905));
#408=EDGE_LOOP('',(#906,#907,#908,#909));
#409=EDGE_LOOP('',(#910,#911,#912,#913));
#410=EDGE_LOOP('',(#914,#915,#916,#917));
#411=EDGE_LOOP('',(#918,#919,#920,#921));
#412=EDGE_LOOP('',(#922,#923,#924,#925));
#413=EDGE_LOOP('',(#926,#927,#928,#929));
#414=EDGE_LOOP('',(#930,#931,#932,#933));
#415=EDGE_LOOP('',(#934,#935,#936,#937));
#416=EDGE_LOOP('',(#938,#939,#940,#941));
#417=EDGE_LOOP('',(#942,#943,#944,#945));
#418=EDGE_LOOP('',(#946,#947,#948,#949));
#419=EDGE_LOOP('',(#950,#951,#952,#953));
#420=EDGE_LOOP('',(#954,#955,#956,#957));
#421=EDGE_LOOP('',(#958,#959,#960,#961));
#422=EDGE_LOOP('',(#962,#963,#964,#965));
#423=EDGE_LOOP('',(#966,#967,#968,#969,#970,#971,#972,#973,#974,#975,#976,
#977,#978,#979,#980,#981));
#424=EDGE_LOOP('',(#982,#983,#984,#985,#986,#987,#988,#989,#990,#991,#992,
#993,#994,#995,#996,#997));
#425=EDGE_LOOP('',(#998,#999,#1000,#1001));
#426=EDGE_LOOP('',(#1002,#1003,#1004,#1005));
#427=EDGE_LOOP('',(#1006,#1007,#1008,#1009));
#428=EDGE_LOOP('',(#1010,#1011,#1012,#1013));
#429=EDGE_LOOP('',(#1014,#1015,#1016,#1017));
#430=EDGE_LOOP('',(#1018,#1019,#1020,#1021));
#431=EDGE_LOOP('',(#1022,#1023,#1024,#1025));
#432=EDGE_LOOP('',(#1026,#1027,#1028,#1029));
#433=EDGE_LOOP('',(#1030,#1031,#1032,#1033));
#434=EDGE_LOOP('',(#1034,#1035,#1036,#1037));
#435=EDGE_LOOP('',(#1038,#1039,#1040,#1041));
#436=EDGE_LOOP('',(#1042,#1043,#1044,#1045));
#437=EDGE_LOOP('',(#1046,#1047,#1048,#1049));
#438=EDGE_LOOP('',(#1050,#1051,#1052,#1053));
#439=EDGE_LOOP('',(#1054,#1055,#1056,#1057));
#440=EDGE_LOOP('',(#1058,#1059,#1060,#1061));
#441=EDGE_LOOP('',(#1062,#1063,#1064,#1065,#1066,#1067,#1068,#1069,#1070,
#1071,#1072,#1073,#1074,#1075,#1076,#1077));
#442=EDGE_LOOP('',(#1078,#1079,#1080,#1081,#1082,#1083,#1084,#1085,#1086,
#1087,#1088,#1089,#1090,#1091,#1092,#1093));
#443=EDGE_LOOP('',(#1094,#1095,#1096,#1097,#1098,#1099));
#444=EDGE_LOOP('',(#1100,#1101,#1102,#1103,#1104,#1105));
#445=EDGE_LOOP('',(#1106,#1107,#1108,#1109));
#446=EDGE_LOOP('',(#1110,#1111,#1112,#1113,#1114));
#447=EDGE_LOOP('',(#1115,#1116,#1117,#1118));
#448=EDGE_LOOP('',(#1119,#1120,#1121,#1122,#1123,#1124));
#449=EDGE_LOOP('',(#1125,#1126,#1127,#1128));
#450=EDGE_LOOP('',(#1129,#1130,#1131,#1132,#1133));
#451=EDGE_LOOP('',(#1134,#1135,#1136,#1137));
#452=EDGE_LOOP('',(#1138,#1139,#1140,#1141));
#453=EDGE_LOOP('',(#1142,#1143,#1144,#1145));
#454=EDGE_LOOP('',(#1146,#1147,#1148,#1149));
#455=EDGE_LOOP('',(#1150,#1151,#1152,#1153,#1154));
#456=EDGE_LOOP('',(#1155,#1156,#1157,#1158));
#457=EDGE_LOOP('',(#1159,#1160,#1161,#1162));
#458=EDGE_LOOP('',(#1163,#1164,#1165,#1166));
#459=EDGE_LOOP('',(#1167,#1168,#1169,#1170,#1171));
#460=EDGE_LOOP('',(#1172,#1173,#1174,#1175));
#461=EDGE_LOOP('',(#1176,#1177,#1178,#1179));
#462=EDGE_LOOP('',(#1180,#1181,#1182,#1183));
#463=EDGE_LOOP('',(#1184,#1185,#1186,#1187,#1188));
#464=EDGE_LOOP('',(#1189,#1190,#1191,#1192,#1193,#1194));
#465=EDGE_LOOP('',(#1195,#1196,#1197,#1198));
#466=EDGE_LOOP('',(#1199,#1200,#1201,#1202));
#467=EDGE_LOOP('',(#1203,#1204,#1205,#1206));
#468=EDGE_LOOP('',(#1207,#1208,#1209,#1210));
#469=EDGE_LOOP('',(#1211,#1212,#1213,#1214,#1215,#1216));
#470=EDGE_LOOP('',(#1217,#1218,#1219,#1220));
#471=EDGE_LOOP('',(#1221,#1222,#1223,#1224,#1225));
#472=EDGE_LOOP('',(#1226,#1227,#1228,#1229,#1230));
#473=EDGE_LOOP('',(#1231,#1232,#1233,#1234));
#474=EDGE_LOOP('',(#1235,#1236,#1237,#1238));
#475=EDGE_LOOP('',(#1239,#1240,#1241,#1242));
#476=EDGE_LOOP('',(#1243,#1244,#1245,#1246));
#477=EDGE_LOOP('',(#1247,#1248,#1249,#1250));
#478=EDGE_LOOP('',(#1251,#1252,#1253,#1254));
#479=EDGE_LOOP('',(#1255,#1256,#1257,#1258,#1259));
#480=EDGE_LOOP('',(#1260,#1261,#1262,#1263));
#481=EDGE_LOOP('',(#1264,#1265,#1266,#1267));
#482=EDGE_LOOP('',(#1268,#1269,#1270,#1271));
#483=EDGE_LOOP('',(#1272,#1273,#1274,#1275));
#484=EDGE_LOOP('',(#1276,#1277,#1278,#1279));
#485=EDGE_LOOP('',(#1280,#1281,#1282,#1283));
#486=EDGE_LOOP('',(#1284,#1285,#1286,#1287));
#487=EDGE_LOOP('',(#1288,#1289,#1290,#1291));
#488=EDGE_LOOP('',(#1292,#1293,#1294,#1295));
#489=EDGE_LOOP('',(#1296,#1297,#1298,#1299));
#490=EDGE_LOOP('',(#1300,#1301,#1302,#1303));
#491=EDGE_LOOP('',(#1304,#1305,#1306,#1307));
#492=EDGE_LOOP('',(#1308,#1309,#1310,#1311,#1312,#1313,#1314,#1315,#1316,
#1317,#1318,#1319,#1320,#1321,#1322,#1323,#1324));
#493=EDGE_LOOP('',(#1325,#1326,#1327,#1328,#1329,#1330,#1331));
#494=EDGE_LOOP('',(#1332,#1333,#1334,#1335,#1336,#1337));
#495=EDGE_LOOP('',(#1338,#1339,#1340,#1341,#1342,#1343));
#496=EDGE_LOOP('',(#1344,#1345,#1346,#1347,#1348,#1349));
#497=EDGE_LOOP('',(#1350,#1351,#1352,#1353,#1354,#1355));
#498=EDGE_LOOP('',(#1356,#1357,#1358,#1359));
#499=EDGE_LOOP('',(#1360,#1361,#1362,#1363,#1364,#1365));
#500=EDGE_LOOP('',(#1366,#1367,#1368,#1369,#1370,#1371));
#501=EDGE_LOOP('',(#1372,#1373,#1374,#1375,#1376,#1377));
#502=EDGE_LOOP('',(#1378,#1379,#1380,#1381));
#503=EDGE_LOOP('',(#1382,#1383,#1384,#1385,#1386,#1387,#1388,#1389,#1390,
#1391,#1392,#1393,#1394,#1395,#1396,#1397,#1398,#1399,#1400));
#504=EDGE_LOOP('',(#1401,#1402,#1403,#1404,#1405,#1406,#1407,#1408,#1409,
#1410,#1411,#1412,#1413,#1414,#1415,#1416,#1417,#1418,#1419));
#505=EDGE_LOOP('',(#1420,#1421,#1422,#1423,#1424,#1425,#1426,#1427,#1428,
#1429,#1430,#1431,#1432,#1433,#1434,#1435,#1436,#1437,#1438,#1439,#1440,
#1441,#1442,#1443,#1444,#1445,#1446,#1447));
#506=ORIENTED_EDGE('',*,*,#1493,.T.);
#507=ORIENTED_EDGE('',*,*,#1516,.T.);
#508=ORIENTED_EDGE('',*,*,#1491,.F.);
#509=ORIENTED_EDGE('',*,*,#1490,.T.);
#510=ORIENTED_EDGE('',*,*,#1519,.T.);
#511=ORIENTED_EDGE('',*,*,#1476,.F.);
#512=ORIENTED_EDGE('',*,*,#1473,.F.);
#513=ORIENTED_EDGE('',*,*,#1474,.T.);
#514=ORIENTED_EDGE('',*,*,#1517,.F.);
#515=ORIENTED_EDGE('',*,*,#1493,.F.);
#516=ORIENTED_EDGE('',*,*,#1492,.T.);
#517=ORIENTED_EDGE('',*,*,#1495,.T.);
#518=ORIENTED_EDGE('',*,*,#1494,.T.);
#519=ORIENTED_EDGE('',*,*,#1498,.T.);
#520=ORIENTED_EDGE('',*,*,#1522,.F.);
#521=ORIENTED_EDGE('',*,*,#1495,.F.);
#522=ORIENTED_EDGE('',*,*,#1452,.T.);
#523=ORIENTED_EDGE('',*,*,#1524,.T.);
#524=ORIENTED_EDGE('',*,*,#1458,.F.);
#525=ORIENTED_EDGE('',*,*,#1451,.F.);
#526=ORIENTED_EDGE('',*,*,#1481,.F.);
#527=ORIENTED_EDGE('',*,*,#1477,.F.);
#528=ORIENTED_EDGE('',*,*,#1478,.T.);
#529=ORIENTED_EDGE('',*,*,#1527,.F.);
#530=ORIENTED_EDGE('',*,*,#1476,.T.);
#531=ORIENTED_EDGE('',*,*,#1521,.T.);
#532=ORIENTED_EDGE('',*,*,#1478,.F.);
#533=ORIENTED_EDGE('',*,*,#1475,.F.);
#534=ORIENTED_EDGE('',*,*,#1484,.F.);
#535=ORIENTED_EDGE('',*,*,#1480,.F.);
#536=ORIENTED_EDGE('',*,*,#1481,.T.);
#537=ORIENTED_EDGE('',*,*,#1528,.T.);
#538=ORIENTED_EDGE('',*,*,#1523,.F.);
#539=ORIENTED_EDGE('',*,*,#1498,.F.);
#540=ORIENTED_EDGE('',*,*,#1497,.T.);
#541=ORIENTED_EDGE('',*,*,#1501,.T.);
#542=ORIENTED_EDGE('',*,*,#1467,.F.);
#543=ORIENTED_EDGE('',*,*,#1468,.T.);
#544=ORIENTED_EDGE('',*,*,#1531,.T.);
#545=ORIENTED_EDGE('',*,*,#1469,.F.);
#546=ORIENTED_EDGE('',*,*,#1525,.F.);
#547=ORIENTED_EDGE('',*,*,#1452,.F.);
#548=ORIENTED_EDGE('',*,*,#1448,.F.);
#549=ORIENTED_EDGE('',*,*,#1450,.T.);
#550=ORIENTED_EDGE('',*,*,#1449,.T.);
#551=ORIENTED_EDGE('',*,*,#1469,.T.);
#552=ORIENTED_EDGE('',*,*,#1533,.T.);
#553=ORIENTED_EDGE('',*,*,#1450,.F.);
#554=ORIENTED_EDGE('',*,*,#1484,.T.);
#555=ORIENTED_EDGE('',*,*,#1529,.T.);
#556=ORIENTED_EDGE('',*,*,#1486,.F.);
#557=ORIENTED_EDGE('',*,*,#1483,.F.);
#558=ORIENTED_EDGE('',*,*,#1514,.F.);
#559=ORIENTED_EDGE('',*,*,#1513,.T.);
#560=ORIENTED_EDGE('',*,*,#1515,.T.);
#561=ORIENTED_EDGE('',*,*,#1535,.F.);
#562=ORIENTED_EDGE('',*,*,#1515,.F.);
#563=ORIENTED_EDGE('',*,*,#1510,.F.);
#564=ORIENTED_EDGE('',*,*,#1511,.T.);
#565=ORIENTED_EDGE('',*,*,#1537,.F.);
#566=ORIENTED_EDGE('',*,*,#1509,.T.);
#567=ORIENTED_EDGE('',*,*,#1538,.F.);
#568=ORIENTED_EDGE('',*,*,#1511,.F.);
#569=ORIENTED_EDGE('',*,*,#1507,.F.);
#570=ORIENTED_EDGE('',*,*,#1539,.F.);
#571=ORIENTED_EDGE('',*,*,#1509,.F.);
#572=ORIENTED_EDGE('',*,*,#1508,.T.);
#573=ORIENTED_EDGE('',*,*,#1512,.T.);
#574=ORIENTED_EDGE('',*,*,#1514,.T.);
#575=ORIENTED_EDGE('',*,*,#1536,.T.);
#576=ORIENTED_EDGE('',*,*,#1505,.F.);
#577=ORIENTED_EDGE('',*,*,#1504,.T.);
#578=ORIENTED_EDGE('',*,*,#1532,.F.);
#579=ORIENTED_EDGE('',*,*,#1468,.F.);
#580=ORIENTED_EDGE('',*,*,#1464,.F.);
#581=ORIENTED_EDGE('',*,*,#1466,.T.);
#582=ORIENTED_EDGE('',*,*,#1540,.F.);
#583=ORIENTED_EDGE('',*,*,#1512,.F.);
#584=ORIENTED_EDGE('',*,*,#1488,.F.);
#585=ORIENTED_EDGE('',*,*,#1489,.T.);
#586=ORIENTED_EDGE('',*,*,#1466,.F.);
#587=ORIENTED_EDGE('',*,*,#1465,.T.);
#588=ORIENTED_EDGE('',*,*,#1472,.T.);
#589=ORIENTED_EDGE('',*,*,#1542,.F.);
#590=ORIENTED_EDGE('',*,*,#1491,.T.);
#591=ORIENTED_EDGE('',*,*,#1518,.T.);
#592=ORIENTED_EDGE('',*,*,#1472,.F.);
#593=ORIENTED_EDGE('',*,*,#1471,.T.);
#594=ORIENTED_EDGE('',*,*,#1489,.F.);
#595=ORIENTED_EDGE('',*,*,#1485,.F.);
#596=ORIENTED_EDGE('',*,*,#1486,.T.);
#597=ORIENTED_EDGE('',*,*,#1534,.T.);
#598=ORIENTED_EDGE('',*,*,#1530,.F.);
#599=ORIENTED_EDGE('',*,*,#1501,.F.);
#600=ORIENTED_EDGE('',*,*,#1500,.T.);
#601=ORIENTED_EDGE('',*,*,#1503,.T.);
#602=ORIENTED_EDGE('',*,*,#1505,.T.);
#603=ORIENTED_EDGE('',*,*,#1541,.T.);
#604=ORIENTED_EDGE('',*,*,#1503,.F.);
#605=ORIENTED_EDGE('',*,*,#1502,.T.);
#606=ORIENTED_EDGE('',*,*,#1458,.T.);
#607=ORIENTED_EDGE('',*,*,#1526,.T.);
#608=ORIENTED_EDGE('',*,*,#1460,.F.);
#609=ORIENTED_EDGE('',*,*,#1457,.F.);
#610=ORIENTED_EDGE('',*,*,#1520,.F.);
#611=ORIENTED_EDGE('',*,*,#1474,.F.);
#612=ORIENTED_EDGE('',*,*,#1461,.F.);
#613=ORIENTED_EDGE('',*,*,#1462,.T.);
#614=ORIENTED_EDGE('',*,*,#1460,.T.);
#615=ORIENTED_EDGE('',*,*,#1543,.T.);
#616=ORIENTED_EDGE('',*,*,#1462,.F.);
#617=ORIENTED_EDGE('',*,*,#1459,.F.);
#618=ORIENTED_EDGE('',*,*,#1544,.T.);
#619=ORIENTED_EDGE('',*,*,#1547,.T.);
#620=ORIENTED_EDGE('',*,*,#1549,.T.);
#621=ORIENTED_EDGE('',*,*,#1545,.F.);
#622=ORIENTED_EDGE('',*,*,#1552,.T.);
#623=ORIENTED_EDGE('',*,*,#1555,.T.);
#624=ORIENTED_EDGE('',*,*,#1556,.T.);
#625=ORIENTED_EDGE('',*,*,#1553,.F.);
#626=ORIENTED_EDGE('',*,*,#1558,.T.);
#627=ORIENTED_EDGE('',*,*,#1561,.T.);
#628=ORIENTED_EDGE('',*,*,#1563,.T.);
#629=ORIENTED_EDGE('',*,*,#1559,.F.);
#630=ORIENTED_EDGE('',*,*,#1566,.T.);
#631=ORIENTED_EDGE('',*,*,#1569,.T.);
#632=ORIENTED_EDGE('',*,*,#1571,.T.);
#633=ORIENTED_EDGE('',*,*,#1567,.F.);
#634=ORIENTED_EDGE('',*,*,#1574,.T.);
#635=ORIENTED_EDGE('',*,*,#1577,.T.);
#636=ORIENTED_EDGE('',*,*,#1578,.T.);
#637=ORIENTED_EDGE('',*,*,#1575,.F.);
#638=ORIENTED_EDGE('',*,*,#1562,.T.);
#639=ORIENTED_EDGE('',*,*,#1577,.F.);
#640=ORIENTED_EDGE('',*,*,#1564,.F.);
#641=ORIENTED_EDGE('',*,*,#1561,.F.);
#642=ORIENTED_EDGE('',*,*,#1580,.T.);
#643=ORIENTED_EDGE('',*,*,#1583,.T.);
#644=ORIENTED_EDGE('',*,*,#1585,.T.);
#645=ORIENTED_EDGE('',*,*,#1581,.F.);
#646=ORIENTED_EDGE('',*,*,#1554,.F.);
#647=ORIENTED_EDGE('',*,*,#1553,.T.);
#648=ORIENTED_EDGE('',*,*,#1557,.T.);
#649=ORIENTED_EDGE('',*,*,#1591,.F.);
#650=ORIENTED_EDGE('',*,*,#1573,.T.);
#651=ORIENTED_EDGE('',*,*,#1594,.T.);
#652=ORIENTED_EDGE('',*,*,#1568,.F.);
#653=ORIENTED_EDGE('',*,*,#1567,.T.);
#654=ORIENTED_EDGE('',*,*,#1597,.T.);
#655=ORIENTED_EDGE('',*,*,#1600,.T.);
#656=ORIENTED_EDGE('',*,*,#1601,.T.);
#657=ORIENTED_EDGE('',*,*,#1598,.F.);
#658=ORIENTED_EDGE('',*,*,#1595,.T.);
#659=ORIENTED_EDGE('',*,*,#1603,.T.);
#660=ORIENTED_EDGE('',*,*,#1596,.F.);
#661=ORIENTED_EDGE('',*,*,#1594,.F.);
#662=ORIENTED_EDGE('',*,*,#1592,.F.);
#663=ORIENTED_EDGE('',*,*,#1591,.T.);
#664=ORIENTED_EDGE('',*,*,#1593,.T.);
#665=ORIENTED_EDGE('',*,*,#1604,.F.);
#666=ORIENTED_EDGE('',*,*,#1548,.T.);
#667=ORIENTED_EDGE('',*,*,#1604,.T.);
#668=ORIENTED_EDGE('',*,*,#1550,.F.);
#669=ORIENTED_EDGE('',*,*,#1547,.F.);
#670=ORIENTED_EDGE('',*,*,#1570,.T.);
#671=ORIENTED_EDGE('',*,*,#1605,.T.);
#672=ORIENTED_EDGE('',*,*,#1572,.F.);
#673=ORIENTED_EDGE('',*,*,#1569,.F.);
#674=ORIENTED_EDGE('',*,*,#1606,.T.);
#675=ORIENTED_EDGE('',*,*,#1608,.T.);
#676=ORIENTED_EDGE('',*,*,#1607,.F.);
#677=ORIENTED_EDGE('',*,*,#1605,.F.);
#678=ORIENTED_EDGE('',*,*,#1576,.F.);
#679=ORIENTED_EDGE('',*,*,#1575,.T.);
#680=ORIENTED_EDGE('',*,*,#1579,.T.);
#681=ORIENTED_EDGE('',*,*,#1611,.F.);
#682=ORIENTED_EDGE('',*,*,#1599,.F.);
#683=ORIENTED_EDGE('',*,*,#1598,.T.);
#684=ORIENTED_EDGE('',*,*,#1602,.T.);
#685=ORIENTED_EDGE('',*,*,#1614,.F.);
#686=ORIENTED_EDGE('',*,*,#1584,.T.);
#687=ORIENTED_EDGE('',*,*,#1616,.F.);
#688=ORIENTED_EDGE('',*,*,#1586,.F.);
#689=ORIENTED_EDGE('',*,*,#1583,.F.);
#690=ORIENTED_EDGE('',*,*,#1600,.F.);
#691=ORIENTED_EDGE('',*,*,#1582,.F.);
#692=ORIENTED_EDGE('',*,*,#1581,.T.);
#693=ORIENTED_EDGE('',*,*,#1587,.T.);
#694=ORIENTED_EDGE('',*,*,#1560,.F.);
#695=ORIENTED_EDGE('',*,*,#1559,.T.);
#696=ORIENTED_EDGE('',*,*,#1565,.T.);
#697=ORIENTED_EDGE('',*,*,#1618,.F.);
#698=ORIENTED_EDGE('',*,*,#1621,.T.);
#699=ORIENTED_EDGE('',*,*,#1590,.F.);
#700=ORIENTED_EDGE('',*,*,#1588,.F.);
#701=ORIENTED_EDGE('',*,*,#1589,.T.);
#702=ORIENTED_EDGE('',*,*,#1620,.T.);
#703=ORIENTED_EDGE('',*,*,#1621,.F.);
#704=ORIENTED_EDGE('',*,*,#1619,.F.);
#705=ORIENTED_EDGE('',*,*,#1618,.T.);
#706=ORIENTED_EDGE('',*,*,#1608,.F.);
#707=ORIENTED_EDGE('',*,*,#1609,.T.);
#708=ORIENTED_EDGE('',*,*,#1615,.F.);
#709=ORIENTED_EDGE('',*,*,#1610,.F.);
#710=ORIENTED_EDGE('',*,*,#1545,.T.);
#711=ORIENTED_EDGE('',*,*,#1551,.T.);
#712=ORIENTED_EDGE('',*,*,#1603,.F.);
#713=ORIENTED_EDGE('',*,*,#1546,.F.);
#714=ORIENTED_EDGE('',*,*,#1617,.F.);
#715=ORIENTED_EDGE('',*,*,#1612,.F.);
#716=ORIENTED_EDGE('',*,*,#1611,.T.);
#717=ORIENTED_EDGE('',*,*,#1613,.T.);
#718=ORIENTED_EDGE('',*,*,#1588,.T.);
#719=ORIENTED_EDGE('',*,*,#1634,.T.);
#720=ORIENTED_EDGE('',*,*,#1555,.F.);
#721=ORIENTED_EDGE('',*,*,#1638,.F.);
#722=ORIENTED_EDGE('',*,*,#1635,.T.);
#723=ORIENTED_EDGE('',*,*,#1615,.T.);
#724=ORIENTED_EDGE('',*,*,#1639,.F.);
#725=ORIENTED_EDGE('',*,*,#1614,.T.);
#726=ORIENTED_EDGE('',*,*,#1636,.T.);
#727=ORIENTED_EDGE('',*,*,#1616,.T.);
#728=ORIENTED_EDGE('',*,*,#1637,.T.);
#729=ORIENTED_EDGE('',*,*,#1617,.T.);
#730=ORIENTED_EDGE('',*,*,#1448,.T.);
#731=ORIENTED_EDGE('',*,*,#1451,.T.);
#732=ORIENTED_EDGE('',*,*,#1457,.T.);
#733=ORIENTED_EDGE('',*,*,#1459,.T.);
#734=ORIENTED_EDGE('',*,*,#1461,.T.);
#735=ORIENTED_EDGE('',*,*,#1473,.T.);
#736=ORIENTED_EDGE('',*,*,#1475,.T.);
#737=ORIENTED_EDGE('',*,*,#1477,.T.);
#738=ORIENTED_EDGE('',*,*,#1480,.T.);
#739=ORIENTED_EDGE('',*,*,#1483,.T.);
#740=ORIENTED_EDGE('',*,*,#1485,.T.);
#741=ORIENTED_EDGE('',*,*,#1488,.T.);
#742=ORIENTED_EDGE('',*,*,#1508,.F.);
#743=ORIENTED_EDGE('',*,*,#1507,.T.);
#744=ORIENTED_EDGE('',*,*,#1510,.T.);
#745=ORIENTED_EDGE('',*,*,#1513,.F.);
#746=ORIENTED_EDGE('',*,*,#1504,.F.);
#747=ORIENTED_EDGE('',*,*,#1502,.F.);
#748=ORIENTED_EDGE('',*,*,#1500,.F.);
#749=ORIENTED_EDGE('',*,*,#1497,.F.);
#750=ORIENTED_EDGE('',*,*,#1494,.F.);
#751=ORIENTED_EDGE('',*,*,#1492,.F.);
#752=ORIENTED_EDGE('',*,*,#1490,.F.);
#753=ORIENTED_EDGE('',*,*,#1471,.F.);
#754=ORIENTED_EDGE('',*,*,#1465,.F.);
#755=ORIENTED_EDGE('',*,*,#1464,.T.);
#756=ORIENTED_EDGE('',*,*,#1467,.T.);
#757=ORIENTED_EDGE('',*,*,#1449,.F.);
#758=ORIENTED_EDGE('',*,*,#1487,.F.);
#759=ORIENTED_EDGE('',*,*,#1482,.F.);
#760=ORIENTED_EDGE('',*,*,#1479,.F.);
#761=ORIENTED_EDGE('',*,*,#1641,.F.);
#762=ORIENTED_EDGE('',*,*,#1456,.F.);
#763=ORIENTED_EDGE('',*,*,#1454,.F.);
#764=ORIENTED_EDGE('',*,*,#1453,.T.);
#765=ORIENTED_EDGE('',*,*,#1455,.T.);
#766=ORIENTED_EDGE('',*,*,#1463,.T.);
#767=ORIENTED_EDGE('',*,*,#1470,.T.);
#768=ORIENTED_EDGE('',*,*,#1640,.T.);
#769=ORIENTED_EDGE('',*,*,#1496,.T.);
#770=ORIENTED_EDGE('',*,*,#1499,.T.);
#771=ORIENTED_EDGE('',*,*,#1506,.F.);
#772=ORIENTED_EDGE('',*,*,#1546,.T.);
#773=ORIENTED_EDGE('',*,*,#1595,.F.);
#774=ORIENTED_EDGE('',*,*,#1573,.F.);
#775=ORIENTED_EDGE('',*,*,#1571,.F.);
#776=ORIENTED_EDGE('',*,*,#1572,.T.);
#777=ORIENTED_EDGE('',*,*,#1607,.T.);
#778=ORIENTED_EDGE('',*,*,#1610,.T.);
#779=ORIENTED_EDGE('',*,*,#1635,.F.);
#780=ORIENTED_EDGE('',*,*,#1602,.F.);
#781=ORIENTED_EDGE('',*,*,#1601,.F.);
#782=ORIENTED_EDGE('',*,*,#1587,.F.);
#783=ORIENTED_EDGE('',*,*,#1585,.F.);
#784=ORIENTED_EDGE('',*,*,#1586,.T.);
#785=ORIENTED_EDGE('',*,*,#1636,.F.);
#786=ORIENTED_EDGE('',*,*,#1613,.F.);
#787=ORIENTED_EDGE('',*,*,#1579,.F.);
#788=ORIENTED_EDGE('',*,*,#1578,.F.);
#789=ORIENTED_EDGE('',*,*,#1562,.F.);
#790=ORIENTED_EDGE('',*,*,#1558,.F.);
#791=ORIENTED_EDGE('',*,*,#1560,.T.);
#792=ORIENTED_EDGE('',*,*,#1619,.T.);
#793=ORIENTED_EDGE('',*,*,#1589,.F.);
#794=ORIENTED_EDGE('',*,*,#1638,.T.);
#795=ORIENTED_EDGE('',*,*,#1552,.F.);
#796=ORIENTED_EDGE('',*,*,#1554,.T.);
#797=ORIENTED_EDGE('',*,*,#1592,.T.);
#798=ORIENTED_EDGE('',*,*,#1548,.F.);
#799=ORIENTED_EDGE('',*,*,#1544,.F.);
#800=ORIENTED_EDGE('',*,*,#1626,.F.);
#801=ORIENTED_EDGE('',*,*,#1625,.F.);
#802=ORIENTED_EDGE('',*,*,#1624,.F.);
#803=ORIENTED_EDGE('',*,*,#1644,.F.);
#804=ORIENTED_EDGE('',*,*,#1622,.T.);
#805=ORIENTED_EDGE('',*,*,#1623,.T.);
#806=ORIENTED_EDGE('',*,*,#1627,.T.);
#807=ORIENTED_EDGE('',*,*,#1643,.T.);
#808=ORIENTED_EDGE('',*,*,#1628,.T.);
#809=ORIENTED_EDGE('',*,*,#1629,.T.);
#810=ORIENTED_EDGE('',*,*,#1630,.T.);
#811=ORIENTED_EDGE('',*,*,#1642,.T.);
#812=ORIENTED_EDGE('',*,*,#1633,.T.);
#813=ORIENTED_EDGE('',*,*,#1632,.F.);
#814=ORIENTED_EDGE('',*,*,#1631,.F.);
#815=ORIENTED_EDGE('',*,*,#1645,.F.);
#816=ORIENTED_EDGE('',*,*,#1637,.F.);
#817=ORIENTED_EDGE('',*,*,#1584,.F.);
#818=ORIENTED_EDGE('',*,*,#1580,.F.);
#819=ORIENTED_EDGE('',*,*,#1582,.T.);
#820=ORIENTED_EDGE('',*,*,#1597,.F.);
#821=ORIENTED_EDGE('',*,*,#1599,.T.);
#822=ORIENTED_EDGE('',*,*,#1639,.T.);
#823=ORIENTED_EDGE('',*,*,#1609,.F.);
#824=ORIENTED_EDGE('',*,*,#1606,.F.);
#825=ORIENTED_EDGE('',*,*,#1570,.F.);
#826=ORIENTED_EDGE('',*,*,#1566,.F.);
#827=ORIENTED_EDGE('',*,*,#1568,.T.);
#828=ORIENTED_EDGE('',*,*,#1596,.T.);
#829=ORIENTED_EDGE('',*,*,#1551,.F.);
#830=ORIENTED_EDGE('',*,*,#1549,.F.);
#831=ORIENTED_EDGE('',*,*,#1550,.T.);
#832=ORIENTED_EDGE('',*,*,#1593,.F.);
#833=ORIENTED_EDGE('',*,*,#1557,.F.);
#834=ORIENTED_EDGE('',*,*,#1556,.F.);
#835=ORIENTED_EDGE('',*,*,#1634,.F.);
#836=ORIENTED_EDGE('',*,*,#1590,.T.);
#837=ORIENTED_EDGE('',*,*,#1620,.F.);
#838=ORIENTED_EDGE('',*,*,#1565,.F.);
#839=ORIENTED_EDGE('',*,*,#1563,.F.);
#840=ORIENTED_EDGE('',*,*,#1564,.T.);
#841=ORIENTED_EDGE('',*,*,#1574,.F.);
#842=ORIENTED_EDGE('',*,*,#1576,.T.);
#843=ORIENTED_EDGE('',*,*,#1612,.T.);
#844=ORIENTED_EDGE('',*,*,#1522,.T.);
#845=ORIENTED_EDGE('',*,*,#1523,.T.);
#846=ORIENTED_EDGE('',*,*,#1530,.T.);
#847=ORIENTED_EDGE('',*,*,#1541,.F.);
#848=ORIENTED_EDGE('',*,*,#1536,.F.);
#849=ORIENTED_EDGE('',*,*,#1535,.T.);
#850=ORIENTED_EDGE('',*,*,#1537,.T.);
#851=ORIENTED_EDGE('',*,*,#1538,.T.);
#852=ORIENTED_EDGE('',*,*,#1539,.T.);
#853=ORIENTED_EDGE('',*,*,#1540,.T.);
#854=ORIENTED_EDGE('',*,*,#1534,.F.);
#855=ORIENTED_EDGE('',*,*,#1529,.F.);
#856=ORIENTED_EDGE('',*,*,#1528,.F.);
#857=ORIENTED_EDGE('',*,*,#1527,.T.);
#858=ORIENTED_EDGE('',*,*,#1521,.F.);
#859=ORIENTED_EDGE('',*,*,#1519,.F.);
#860=ORIENTED_EDGE('',*,*,#1520,.T.);
#861=ORIENTED_EDGE('',*,*,#1543,.F.);
#862=ORIENTED_EDGE('',*,*,#1526,.F.);
#863=ORIENTED_EDGE('',*,*,#1524,.F.);
#864=ORIENTED_EDGE('',*,*,#1525,.T.);
#865=ORIENTED_EDGE('',*,*,#1533,.F.);
#866=ORIENTED_EDGE('',*,*,#1531,.F.);
#867=ORIENTED_EDGE('',*,*,#1532,.T.);
#868=ORIENTED_EDGE('',*,*,#1542,.T.);
#869=ORIENTED_EDGE('',*,*,#1518,.F.);
#870=ORIENTED_EDGE('',*,*,#1516,.F.);
#871=ORIENTED_EDGE('',*,*,#1517,.T.);
#872=ORIENTED_EDGE('',*,*,#1499,.F.);
#873=ORIENTED_EDGE('',*,*,#1496,.F.);
#874=ORIENTED_EDGE('',*,*,#1640,.F.);
#875=ORIENTED_EDGE('',*,*,#1470,.F.);
#876=ORIENTED_EDGE('',*,*,#1463,.F.);
#877=ORIENTED_EDGE('',*,*,#1455,.F.);
#878=ORIENTED_EDGE('',*,*,#1453,.F.);
#879=ORIENTED_EDGE('',*,*,#1454,.T.);
#880=ORIENTED_EDGE('',*,*,#1456,.T.);
#881=ORIENTED_EDGE('',*,*,#1641,.T.);
#882=ORIENTED_EDGE('',*,*,#1479,.T.);
#883=ORIENTED_EDGE('',*,*,#1482,.T.);
#884=ORIENTED_EDGE('',*,*,#1487,.T.);
#885=ORIENTED_EDGE('',*,*,#1506,.T.);
#886=ORIENTED_EDGE('',*,*,#1633,.F.);
#887=ORIENTED_EDGE('',*,*,#1642,.F.);
#888=ORIENTED_EDGE('',*,*,#1630,.F.);
#889=ORIENTED_EDGE('',*,*,#1629,.F.);
#890=ORIENTED_EDGE('',*,*,#1628,.F.);
#891=ORIENTED_EDGE('',*,*,#1643,.F.);
#892=ORIENTED_EDGE('',*,*,#1627,.F.);
#893=ORIENTED_EDGE('',*,*,#1623,.F.);
#894=ORIENTED_EDGE('',*,*,#1622,.F.);
#895=ORIENTED_EDGE('',*,*,#1644,.T.);
#896=ORIENTED_EDGE('',*,*,#1624,.T.);
#897=ORIENTED_EDGE('',*,*,#1625,.T.);
#898=ORIENTED_EDGE('',*,*,#1626,.T.);
#899=ORIENTED_EDGE('',*,*,#1645,.T.);
#900=ORIENTED_EDGE('',*,*,#1631,.T.);
#901=ORIENTED_EDGE('',*,*,#1632,.T.);
#902=ORIENTED_EDGE('',*,*,#1647,.T.);
#903=ORIENTED_EDGE('',*,*,#1660,.T.);
#904=ORIENTED_EDGE('',*,*,#1649,.F.);
#905=ORIENTED_EDGE('',*,*,#1661,.F.);
#906=ORIENTED_EDGE('',*,*,#1648,.T.);
#907=ORIENTED_EDGE('',*,*,#1662,.T.);
#908=ORIENTED_EDGE('',*,*,#1651,.T.);
#909=ORIENTED_EDGE('',*,*,#1663,.F.);
#910=ORIENTED_EDGE('',*,*,#1664,.T.);
#911=ORIENTED_EDGE('',*,*,#1649,.T.);
#912=ORIENTED_EDGE('',*,*,#1665,.T.);
#913=ORIENTED_EDGE('',*,*,#1652,.T.);
#914=ORIENTED_EDGE('',*,*,#1667,.F.);
#915=ORIENTED_EDGE('',*,*,#1646,.F.);
#916=ORIENTED_EDGE('',*,*,#1668,.T.);
#917=ORIENTED_EDGE('',*,*,#1652,.F.);
#918=ORIENTED_EDGE('',*,*,#1688,.T.);
#919=ORIENTED_EDGE('',*,*,#1670,.F.);
#920=ORIENTED_EDGE('',*,*,#1646,.T.);
#921=ORIENTED_EDGE('',*,*,#1669,.T.);
#922=ORIENTED_EDGE('',*,*,#1650,.T.);
#923=ORIENTED_EDGE('',*,*,#1672,.F.);
#924=ORIENTED_EDGE('',*,*,#1648,.F.);
#925=ORIENTED_EDGE('',*,*,#1666,.T.);
#926=ORIENTED_EDGE('',*,*,#1690,.F.);
#927=ORIENTED_EDGE('',*,*,#1671,.F.);
#928=ORIENTED_EDGE('',*,*,#1650,.F.);
#929=ORIENTED_EDGE('',*,*,#1673,.F.);
#930=ORIENTED_EDGE('',*,*,#1674,.F.);
#931=ORIENTED_EDGE('',*,*,#1647,.F.);
#932=ORIENTED_EDGE('',*,*,#1675,.T.);
#933=ORIENTED_EDGE('',*,*,#1651,.F.);
#934=ORIENTED_EDGE('',*,*,#1676,.T.);
#935=ORIENTED_EDGE('',*,*,#1658,.F.);
#936=ORIENTED_EDGE('',*,*,#1677,.F.);
#937=ORIENTED_EDGE('',*,*,#1653,.F.);
#938=ORIENTED_EDGE('',*,*,#1679,.T.);
#939=ORIENTED_EDGE('',*,*,#1658,.T.);
#940=ORIENTED_EDGE('',*,*,#1680,.T.);
#941=ORIENTED_EDGE('',*,*,#1659,.F.);
#942=ORIENTED_EDGE('',*,*,#1681,.T.);
#943=ORIENTED_EDGE('',*,*,#1659,.T.);
#944=ORIENTED_EDGE('',*,*,#1682,.T.);
#945=ORIENTED_EDGE('',*,*,#1656,.F.);
#946=ORIENTED_EDGE('',*,*,#1657,.F.);
#947=ORIENTED_EDGE('',*,*,#1683,.T.);
#948=ORIENTED_EDGE('',*,*,#1655,.F.);
#949=ORIENTED_EDGE('',*,*,#1684,.T.);
#950=ORIENTED_EDGE('',*,*,#1685,.F.);
#951=ORIENTED_EDGE('',*,*,#1653,.T.);
#952=ORIENTED_EDGE('',*,*,#1686,.T.);
#953=ORIENTED_EDGE('',*,*,#1654,.F.);
#954=ORIENTED_EDGE('',*,*,#1655,.T.);
#955=ORIENTED_EDGE('',*,*,#1687,.F.);
#956=ORIENTED_EDGE('',*,*,#1654,.T.);
#957=ORIENTED_EDGE('',*,*,#1678,.F.);
#958=ORIENTED_EDGE('',*,*,#1688,.F.);
#959=ORIENTED_EDGE('',*,*,#1692,.T.);
#960=ORIENTED_EDGE('',*,*,#1657,.T.);
#961=ORIENTED_EDGE('',*,*,#1693,.F.);
#962=ORIENTED_EDGE('',*,*,#1690,.T.);
#963=ORIENTED_EDGE('',*,*,#1691,.T.);
#964=ORIENTED_EDGE('',*,*,#1656,.T.);
#965=ORIENTED_EDGE('',*,*,#1689,.T.);
#966=ORIENTED_EDGE('',*,*,#1662,.F.);
#967=ORIENTED_EDGE('',*,*,#1672,.T.);
#968=ORIENTED_EDGE('',*,*,#1671,.T.);
#969=ORIENTED_EDGE('',*,*,#1689,.F.);
#970=ORIENTED_EDGE('',*,*,#1682,.F.);
#971=ORIENTED_EDGE('',*,*,#1680,.F.);
#972=ORIENTED_EDGE('',*,*,#1676,.F.);
#973=ORIENTED_EDGE('',*,*,#1685,.T.);
#974=ORIENTED_EDGE('',*,*,#1687,.T.);
#975=ORIENTED_EDGE('',*,*,#1683,.F.);
#976=ORIENTED_EDGE('',*,*,#1692,.F.);
#977=ORIENTED_EDGE('',*,*,#1669,.F.);
#978=ORIENTED_EDGE('',*,*,#1667,.T.);
#979=ORIENTED_EDGE('',*,*,#1665,.F.);
#980=ORIENTED_EDGE('',*,*,#1660,.F.);
#981=ORIENTED_EDGE('',*,*,#1674,.T.);
#982=ORIENTED_EDGE('',*,*,#1678,.T.);
#983=ORIENTED_EDGE('',*,*,#1686,.F.);
#984=ORIENTED_EDGE('',*,*,#1677,.T.);
#985=ORIENTED_EDGE('',*,*,#1679,.F.);
#986=ORIENTED_EDGE('',*,*,#1681,.F.);
#987=ORIENTED_EDGE('',*,*,#1691,.F.);
#988=ORIENTED_EDGE('',*,*,#1673,.T.);
#989=ORIENTED_EDGE('',*,*,#1666,.F.);
#990=ORIENTED_EDGE('',*,*,#1663,.T.);
#991=ORIENTED_EDGE('',*,*,#1675,.F.);
#992=ORIENTED_EDGE('',*,*,#1661,.T.);
#993=ORIENTED_EDGE('',*,*,#1664,.F.);
#994=ORIENTED_EDGE('',*,*,#1668,.F.);
#995=ORIENTED_EDGE('',*,*,#1670,.T.);
#996=ORIENTED_EDGE('',*,*,#1693,.T.);
#997=ORIENTED_EDGE('',*,*,#1684,.F.);
#998=ORIENTED_EDGE('',*,*,#1708,.T.);
#999=ORIENTED_EDGE('',*,*,#1694,.T.);
#1000=ORIENTED_EDGE('',*,*,#1709,.F.);
#1001=ORIENTED_EDGE('',*,*,#1699,.F.);
#1002=ORIENTED_EDGE('',*,*,#1712,.F.);
#1003=ORIENTED_EDGE('',*,*,#1695,.F.);
#1004=ORIENTED_EDGE('',*,*,#1713,.T.);
#1005=ORIENTED_EDGE('',*,*,#1699,.T.);
#1006=ORIENTED_EDGE('',*,*,#1700,.T.);
#1007=ORIENTED_EDGE('',*,*,#1714,.T.);
#1008=ORIENTED_EDGE('',*,*,#1694,.F.);
#1009=ORIENTED_EDGE('',*,*,#1715,.T.);
#1010=ORIENTED_EDGE('',*,*,#1716,.T.);
#1011=ORIENTED_EDGE('',*,*,#1696,.F.);
#1012=ORIENTED_EDGE('',*,*,#1717,.T.);
#1013=ORIENTED_EDGE('',*,*,#1700,.F.);
#1014=ORIENTED_EDGE('',*,*,#1738,.T.);
#1015=ORIENTED_EDGE('',*,*,#1718,.F.);
#1016=ORIENTED_EDGE('',*,*,#1695,.T.);
#1017=ORIENTED_EDGE('',*,*,#1710,.F.);
#1018=ORIENTED_EDGE('',*,*,#1697,.T.);
#1019=ORIENTED_EDGE('',*,*,#1719,.F.);
#1020=ORIENTED_EDGE('',*,*,#1696,.T.);
#1021=ORIENTED_EDGE('',*,*,#1711,.F.);
#1022=ORIENTED_EDGE('',*,*,#1741,.F.);
#1023=ORIENTED_EDGE('',*,*,#1698,.T.);
#1024=ORIENTED_EDGE('',*,*,#1740,.T.);
#1025=ORIENTED_EDGE('',*,*,#1736,.F.);
#1026=ORIENTED_EDGE('',*,*,#1697,.F.);
#1027=ORIENTED_EDGE('',*,*,#1721,.T.);
#1028=ORIENTED_EDGE('',*,*,#1698,.F.);
#1029=ORIENTED_EDGE('',*,*,#1720,.T.);
#1030=ORIENTED_EDGE('',*,*,#1722,.T.);
#1031=ORIENTED_EDGE('',*,*,#1701,.T.);
#1032=ORIENTED_EDGE('',*,*,#1723,.T.);
#1033=ORIENTED_EDGE('',*,*,#1705,.F.);
#1034=ORIENTED_EDGE('',*,*,#1726,.T.);
#1035=ORIENTED_EDGE('',*,*,#1704,.T.);
#1036=ORIENTED_EDGE('',*,*,#1727,.T.);
#1037=ORIENTED_EDGE('',*,*,#1703,.F.);
#1038=ORIENTED_EDGE('',*,*,#1702,.T.);
#1039=ORIENTED_EDGE('',*,*,#1728,.F.);
#1040=ORIENTED_EDGE('',*,*,#1701,.F.);
#1041=ORIENTED_EDGE('',*,*,#1724,.T.);
#1042=ORIENTED_EDGE('',*,*,#1729,.F.);
#1043=ORIENTED_EDGE('',*,*,#1704,.F.);
#1044=ORIENTED_EDGE('',*,*,#1730,.T.);
#1045=ORIENTED_EDGE('',*,*,#1706,.F.);
#1046=ORIENTED_EDGE('',*,*,#1731,.T.);
#1047=ORIENTED_EDGE('',*,*,#1706,.T.);
#1048=ORIENTED_EDGE('',*,*,#1732,.T.);
#1049=ORIENTED_EDGE('',*,*,#1707,.F.);
#1050=ORIENTED_EDGE('',*,*,#1733,.T.);
#1051=ORIENTED_EDGE('',*,*,#1705,.T.);
#1052=ORIENTED_EDGE('',*,*,#1734,.T.);
#1053=ORIENTED_EDGE('',*,*,#1707,.T.);
#1054=ORIENTED_EDGE('',*,*,#1736,.T.);
#1055=ORIENTED_EDGE('',*,*,#1737,.T.);
#1056=ORIENTED_EDGE('',*,*,#1703,.T.);
#1057=ORIENTED_EDGE('',*,*,#1725,.F.);
#1058=ORIENTED_EDGE('',*,*,#1738,.F.);
#1059=ORIENTED_EDGE('',*,*,#1735,.T.);
#1060=ORIENTED_EDGE('',*,*,#1702,.F.);
#1061=ORIENTED_EDGE('',*,*,#1739,.T.);
#1062=ORIENTED_EDGE('',*,*,#1716,.F.);
#1063=ORIENTED_EDGE('',*,*,#1715,.F.);
#1064=ORIENTED_EDGE('',*,*,#1708,.F.);
#1065=ORIENTED_EDGE('',*,*,#1713,.F.);
#1066=ORIENTED_EDGE('',*,*,#1718,.T.);
#1067=ORIENTED_EDGE('',*,*,#1739,.F.);
#1068=ORIENTED_EDGE('',*,*,#1724,.F.);
#1069=ORIENTED_EDGE('',*,*,#1722,.F.);
#1070=ORIENTED_EDGE('',*,*,#1733,.F.);
#1071=ORIENTED_EDGE('',*,*,#1732,.F.);
#1072=ORIENTED_EDGE('',*,*,#1730,.F.);
#1073=ORIENTED_EDGE('',*,*,#1726,.F.);
#1074=ORIENTED_EDGE('',*,*,#1737,.F.);
#1075=ORIENTED_EDGE('',*,*,#1740,.F.);
#1076=ORIENTED_EDGE('',*,*,#1721,.F.);
#1077=ORIENTED_EDGE('',*,*,#1711,.T.);
#1078=ORIENTED_EDGE('',*,*,#1710,.T.);
#1079=ORIENTED_EDGE('',*,*,#1712,.T.);
#1080=ORIENTED_EDGE('',*,*,#1709,.T.);
#1081=ORIENTED_EDGE('',*,*,#1714,.F.);
#1082=ORIENTED_EDGE('',*,*,#1717,.F.);
#1083=ORIENTED_EDGE('',*,*,#1719,.T.);
#1084=ORIENTED_EDGE('',*,*,#1720,.F.);
#1085=ORIENTED_EDGE('',*,*,#1741,.T.);
#1086=ORIENTED_EDGE('',*,*,#1725,.T.);
#1087=ORIENTED_EDGE('',*,*,#1727,.F.);
#1088=ORIENTED_EDGE('',*,*,#1729,.T.);
#1089=ORIENTED_EDGE('',*,*,#1731,.F.);
#1090=ORIENTED_EDGE('',*,*,#1734,.F.);
#1091=ORIENTED_EDGE('',*,*,#1723,.F.);
#1092=ORIENTED_EDGE('',*,*,#1728,.T.);
#1093=ORIENTED_EDGE('',*,*,#1735,.F.);
#1094=ORIENTED_EDGE('',*,*,#1905,.T.);
#1095=ORIENTED_EDGE('',*,*,#1743,.F.);
#1096=ORIENTED_EDGE('',*,*,#1744,.F.);
#1097=ORIENTED_EDGE('',*,*,#1742,.T.);
#1098=ORIENTED_EDGE('',*,*,#1906,.T.);
#1099=ORIENTED_EDGE('',*,*,#1907,.F.);
#1100=ORIENTED_EDGE('',*,*,#1908,.T.);
#1101=ORIENTED_EDGE('',*,*,#1914,.T.);
#1102=ORIENTED_EDGE('',*,*,#1745,.T.);
#1103=ORIENTED_EDGE('',*,*,#1915,.F.);
#1104=ORIENTED_EDGE('',*,*,#1909,.F.);
#1105=ORIENTED_EDGE('',*,*,#1910,.F.);
#1106=ORIENTED_EDGE('',*,*,#1746,.T.);
#1107=ORIENTED_EDGE('',*,*,#1744,.T.);
#1108=ORIENTED_EDGE('',*,*,#1747,.F.);
#1109=ORIENTED_EDGE('',*,*,#1745,.F.);
#1110=ORIENTED_EDGE('',*,*,#1742,.F.);
#1111=ORIENTED_EDGE('',*,*,#1746,.F.);
#1112=ORIENTED_EDGE('',*,*,#1914,.F.);
#1113=ORIENTED_EDGE('',*,*,#1911,.F.);
#1114=ORIENTED_EDGE('',*,*,#1912,.F.);
#1115=ORIENTED_EDGE('',*,*,#1913,.T.);
#1116=ORIENTED_EDGE('',*,*,#1915,.T.);
#1117=ORIENTED_EDGE('',*,*,#1747,.T.);
#1118=ORIENTED_EDGE('',*,*,#1743,.T.);
#1119=ORIENTED_EDGE('',*,*,#1891,.T.);
#1120=ORIENTED_EDGE('',*,*,#1749,.F.);
#1121=ORIENTED_EDGE('',*,*,#1750,.F.);
#1122=ORIENTED_EDGE('',*,*,#1748,.T.);
#1123=ORIENTED_EDGE('',*,*,#1893,.T.);
#1124=ORIENTED_EDGE('',*,*,#1892,.F.);
#1125=ORIENTED_EDGE('',*,*,#1752,.T.);
#1126=ORIENTED_EDGE('',*,*,#1750,.T.);
#1127=ORIENTED_EDGE('',*,*,#1753,.F.);
#1128=ORIENTED_EDGE('',*,*,#1751,.F.);
#1129=ORIENTED_EDGE('',*,*,#1748,.F.);
#1130=ORIENTED_EDGE('',*,*,#1752,.F.);
#1131=ORIENTED_EDGE('',*,*,#1899,.F.);
#1132=ORIENTED_EDGE('',*,*,#1896,.F.);
#1133=ORIENTED_EDGE('',*,*,#1897,.F.);
#1134=ORIENTED_EDGE('',*,*,#1898,.T.);
#1135=ORIENTED_EDGE('',*,*,#1900,.T.);
#1136=ORIENTED_EDGE('',*,*,#1753,.T.);
#1137=ORIENTED_EDGE('',*,*,#1749,.T.);
#1138=ORIENTED_EDGE('',*,*,#1884,.T.);
#1139=ORIENTED_EDGE('',*,*,#1755,.F.);
#1140=ORIENTED_EDGE('',*,*,#1756,.F.);
#1141=ORIENTED_EDGE('',*,*,#1754,.T.);
#1142=ORIENTED_EDGE('',*,*,#1885,.T.);
#1143=ORIENTED_EDGE('',*,*,#1888,.T.);
#1144=ORIENTED_EDGE('',*,*,#1757,.T.);
#1145=ORIENTED_EDGE('',*,*,#1889,.F.);
#1146=ORIENTED_EDGE('',*,*,#1758,.T.);
#1147=ORIENTED_EDGE('',*,*,#1756,.T.);
#1148=ORIENTED_EDGE('',*,*,#1759,.F.);
#1149=ORIENTED_EDGE('',*,*,#1757,.F.);
#1150=ORIENTED_EDGE('',*,*,#1754,.F.);
#1151=ORIENTED_EDGE('',*,*,#1758,.F.);
#1152=ORIENTED_EDGE('',*,*,#1888,.F.);
#1153=ORIENTED_EDGE('',*,*,#1886,.F.);
#1154=ORIENTED_EDGE('',*,*,#1887,.F.);
#1155=ORIENTED_EDGE('',*,*,#1877,.T.);
#1156=ORIENTED_EDGE('',*,*,#1881,.T.);
#1157=ORIENTED_EDGE('',*,*,#1760,.T.);
#1158=ORIENTED_EDGE('',*,*,#1882,.F.);
#1159=ORIENTED_EDGE('',*,*,#1761,.T.);
#1160=ORIENTED_EDGE('',*,*,#1762,.T.);
#1161=ORIENTED_EDGE('',*,*,#1763,.F.);
#1162=ORIENTED_EDGE('',*,*,#1760,.F.);
#1163=ORIENTED_EDGE('',*,*,#1878,.T.);
#1164=ORIENTED_EDGE('',*,*,#1765,.F.);
#1165=ORIENTED_EDGE('',*,*,#1762,.F.);
#1166=ORIENTED_EDGE('',*,*,#1764,.T.);
#1167=ORIENTED_EDGE('',*,*,#1879,.T.);
#1168=ORIENTED_EDGE('',*,*,#1880,.T.);
#1169=ORIENTED_EDGE('',*,*,#1882,.T.);
#1170=ORIENTED_EDGE('',*,*,#1763,.T.);
#1171=ORIENTED_EDGE('',*,*,#1765,.T.);
#1172=ORIENTED_EDGE('',*,*,#1766,.T.);
#1173=ORIENTED_EDGE('',*,*,#1767,.T.);
#1174=ORIENTED_EDGE('',*,*,#1768,.F.);
#1175=ORIENTED_EDGE('',*,*,#1769,.F.);
#1176=ORIENTED_EDGE('',*,*,#1871,.T.);
#1177=ORIENTED_EDGE('',*,*,#1771,.F.);
#1178=ORIENTED_EDGE('',*,*,#1767,.F.);
#1179=ORIENTED_EDGE('',*,*,#1770,.T.);
#1180=ORIENTED_EDGE('',*,*,#1876,.T.);
#1181=ORIENTED_EDGE('',*,*,#1874,.T.);
#1182=ORIENTED_EDGE('',*,*,#1769,.T.);
#1183=ORIENTED_EDGE('',*,*,#1875,.F.);
#1184=ORIENTED_EDGE('',*,*,#1872,.T.);
#1185=ORIENTED_EDGE('',*,*,#1873,.T.);
#1186=ORIENTED_EDGE('',*,*,#1875,.T.);
#1187=ORIENTED_EDGE('',*,*,#1768,.T.);
#1188=ORIENTED_EDGE('',*,*,#1771,.T.);
#1189=ORIENTED_EDGE('',*,*,#1772,.T.);
#1190=ORIENTED_EDGE('',*,*,#1773,.T.);
#1191=ORIENTED_EDGE('',*,*,#1774,.F.);
#1192=ORIENTED_EDGE('',*,*,#1876,.F.);
#1193=ORIENTED_EDGE('',*,*,#1916,.F.);
#1194=ORIENTED_EDGE('',*,*,#1905,.F.);
#1195=ORIENTED_EDGE('',*,*,#1775,.T.);
#1196=ORIENTED_EDGE('',*,*,#1776,.T.);
#1197=ORIENTED_EDGE('',*,*,#1777,.F.);
#1198=ORIENTED_EDGE('',*,*,#1773,.F.);
#1199=ORIENTED_EDGE('',*,*,#1778,.T.);
#1200=ORIENTED_EDGE('',*,*,#1779,.T.);
#1201=ORIENTED_EDGE('',*,*,#1780,.F.);
#1202=ORIENTED_EDGE('',*,*,#1776,.F.);
#1203=ORIENTED_EDGE('',*,*,#1781,.T.);
#1204=ORIENTED_EDGE('',*,*,#1782,.T.);
#1205=ORIENTED_EDGE('',*,*,#1783,.F.);
#1206=ORIENTED_EDGE('',*,*,#1779,.F.);
#1207=ORIENTED_EDGE('',*,*,#1784,.T.);
#1208=ORIENTED_EDGE('',*,*,#1785,.T.);
#1209=ORIENTED_EDGE('',*,*,#1786,.F.);
#1210=ORIENTED_EDGE('',*,*,#1782,.F.);
#1211=ORIENTED_EDGE('',*,*,#1886,.T.);
#1212=ORIENTED_EDGE('',*,*,#1885,.F.);
#1213=ORIENTED_EDGE('',*,*,#1789,.F.);
#1214=ORIENTED_EDGE('',*,*,#1785,.F.);
#1215=ORIENTED_EDGE('',*,*,#1787,.T.);
#1216=ORIENTED_EDGE('',*,*,#1788,.T.);
#1217=ORIENTED_EDGE('',*,*,#1792,.T.);
#1218=ORIENTED_EDGE('',*,*,#1793,.T.);
#1219=ORIENTED_EDGE('',*,*,#1794,.F.);
#1220=ORIENTED_EDGE('',*,*,#1791,.F.);
#1221=ORIENTED_EDGE('',*,*,#1795,.T.);
#1222=ORIENTED_EDGE('',*,*,#1894,.T.);
#1223=ORIENTED_EDGE('',*,*,#1901,.T.);
#1224=ORIENTED_EDGE('',*,*,#1796,.F.);
#1225=ORIENTED_EDGE('',*,*,#1793,.F.);
#1226=ORIENTED_EDGE('',*,*,#1798,.T.);
#1227=ORIENTED_EDGE('',*,*,#1799,.T.);
#1228=ORIENTED_EDGE('',*,*,#1800,.F.);
#1229=ORIENTED_EDGE('',*,*,#1902,.F.);
#1230=ORIENTED_EDGE('',*,*,#1891,.F.);
#1231=ORIENTED_EDGE('',*,*,#1801,.T.);
#1232=ORIENTED_EDGE('',*,*,#1802,.T.);
#1233=ORIENTED_EDGE('',*,*,#1803,.F.);
#1234=ORIENTED_EDGE('',*,*,#1799,.F.);
#1235=ORIENTED_EDGE('',*,*,#1809,.T.);
#1236=ORIENTED_EDGE('',*,*,#1810,.T.);
#1237=ORIENTED_EDGE('',*,*,#1811,.F.);
#1238=ORIENTED_EDGE('',*,*,#1808,.F.);
#1239=ORIENTED_EDGE('',*,*,#1812,.T.);
#1240=ORIENTED_EDGE('',*,*,#1813,.T.);
#1241=ORIENTED_EDGE('',*,*,#1814,.F.);
#1242=ORIENTED_EDGE('',*,*,#1810,.F.);
#1243=ORIENTED_EDGE('',*,*,#1815,.T.);
#1244=ORIENTED_EDGE('',*,*,#1816,.T.);
#1245=ORIENTED_EDGE('',*,*,#1817,.F.);
#1246=ORIENTED_EDGE('',*,*,#1813,.F.);
#1247=ORIENTED_EDGE('',*,*,#1818,.T.);
#1248=ORIENTED_EDGE('',*,*,#1819,.T.);
#1249=ORIENTED_EDGE('',*,*,#1820,.F.);
#1250=ORIENTED_EDGE('',*,*,#1816,.F.);
#1251=ORIENTED_EDGE('',*,*,#1823,.T.);
#1252=ORIENTED_EDGE('',*,*,#1824,.T.);
#1253=ORIENTED_EDGE('',*,*,#1825,.F.);
#1254=ORIENTED_EDGE('',*,*,#1826,.F.);
#1255=ORIENTED_EDGE('',*,*,#1827,.T.);
#1256=ORIENTED_EDGE('',*,*,#1828,.T.);
#1257=ORIENTED_EDGE('',*,*,#1903,.T.);
#1258=ORIENTED_EDGE('',*,*,#1829,.F.);
#1259=ORIENTED_EDGE('',*,*,#1824,.F.);
#1260=ORIENTED_EDGE('',*,*,#1896,.T.);
#1261=ORIENTED_EDGE('',*,*,#1828,.F.);
#1262=ORIENTED_EDGE('',*,*,#1830,.T.);
#1263=ORIENTED_EDGE('',*,*,#1831,.T.);
#1264=ORIENTED_EDGE('',*,*,#1834,.T.);
#1265=ORIENTED_EDGE('',*,*,#1835,.T.);
#1266=ORIENTED_EDGE('',*,*,#1836,.F.);
#1267=ORIENTED_EDGE('',*,*,#1833,.F.);
#1268=ORIENTED_EDGE('',*,*,#1837,.T.);
#1269=ORIENTED_EDGE('',*,*,#1838,.T.);
#1270=ORIENTED_EDGE('',*,*,#1839,.F.);
#1271=ORIENTED_EDGE('',*,*,#1835,.F.);
#1272=ORIENTED_EDGE('',*,*,#1840,.T.);
#1273=ORIENTED_EDGE('',*,*,#1841,.T.);
#1274=ORIENTED_EDGE('',*,*,#1842,.F.);
#1275=ORIENTED_EDGE('',*,*,#1838,.F.);
#1276=ORIENTED_EDGE('',*,*,#1843,.T.);
#1277=ORIENTED_EDGE('',*,*,#1844,.T.);
#1278=ORIENTED_EDGE('',*,*,#1845,.F.);
#1279=ORIENTED_EDGE('',*,*,#1841,.F.);
#1280=ORIENTED_EDGE('',*,*,#1846,.T.);
#1281=ORIENTED_EDGE('',*,*,#1847,.T.);
#1282=ORIENTED_EDGE('',*,*,#1848,.F.);
#1283=ORIENTED_EDGE('',*,*,#1844,.F.);
#1284=ORIENTED_EDGE('',*,*,#1849,.T.);
#1285=ORIENTED_EDGE('',*,*,#1850,.T.);
#1286=ORIENTED_EDGE('',*,*,#1851,.F.);
#1287=ORIENTED_EDGE('',*,*,#1847,.F.);
#1288=ORIENTED_EDGE('',*,*,#1857,.T.);
#1289=ORIENTED_EDGE('',*,*,#1858,.T.);
#1290=ORIENTED_EDGE('',*,*,#1859,.F.);
#1291=ORIENTED_EDGE('',*,*,#1856,.F.);
#1292=ORIENTED_EDGE('',*,*,#1860,.T.);
#1293=ORIENTED_EDGE('',*,*,#1861,.T.);
#1294=ORIENTED_EDGE('',*,*,#1862,.F.);
#1295=ORIENTED_EDGE('',*,*,#1858,.F.);
#1296=ORIENTED_EDGE('',*,*,#1863,.T.);
#1297=ORIENTED_EDGE('',*,*,#1864,.T.);
#1298=ORIENTED_EDGE('',*,*,#1865,.F.);
#1299=ORIENTED_EDGE('',*,*,#1861,.F.);
#1300=ORIENTED_EDGE('',*,*,#1866,.T.);
#1301=ORIENTED_EDGE('',*,*,#1867,.T.);
#1302=ORIENTED_EDGE('',*,*,#1868,.F.);
#1303=ORIENTED_EDGE('',*,*,#1864,.F.);
#1304=ORIENTED_EDGE('',*,*,#1869,.T.);
#1305=ORIENTED_EDGE('',*,*,#1826,.T.);
#1306=ORIENTED_EDGE('',*,*,#1870,.F.);
#1307=ORIENTED_EDGE('',*,*,#1867,.F.);
#1308=ORIENTED_EDGE('',*,*,#1869,.F.);
#1309=ORIENTED_EDGE('',*,*,#1866,.F.);
#1310=ORIENTED_EDGE('',*,*,#1863,.F.);
#1311=ORIENTED_EDGE('',*,*,#1860,.F.);
#1312=ORIENTED_EDGE('',*,*,#1857,.F.);
#1313=ORIENTED_EDGE('',*,*,#1855,.F.);
#1314=ORIENTED_EDGE('',*,*,#1852,.F.);
#1315=ORIENTED_EDGE('',*,*,#1849,.F.);
#1316=ORIENTED_EDGE('',*,*,#1846,.F.);
#1317=ORIENTED_EDGE('',*,*,#1843,.F.);
#1318=ORIENTED_EDGE('',*,*,#1840,.F.);
#1319=ORIENTED_EDGE('',*,*,#1837,.F.);
#1320=ORIENTED_EDGE('',*,*,#1834,.F.);
#1321=ORIENTED_EDGE('',*,*,#1832,.F.);
#1322=ORIENTED_EDGE('',*,*,#1830,.F.);
#1323=ORIENTED_EDGE('',*,*,#1827,.F.);
#1324=ORIENTED_EDGE('',*,*,#1823,.F.);
#1325=ORIENTED_EDGE('',*,*,#1871,.F.);
#1326=ORIENTED_EDGE('',*,*,#1822,.F.);
#1327=ORIENTED_EDGE('',*,*,#1819,.F.);
#1328=ORIENTED_EDGE('',*,*,#1821,.T.);
#1329=ORIENTED_EDGE('',*,*,#1909,.T.);
#1330=ORIENTED_EDGE('',*,*,#1917,.T.);
#1331=ORIENTED_EDGE('',*,*,#1872,.F.);
#1332=ORIENTED_EDGE('',*,*,#1878,.F.);
#1333=ORIENTED_EDGE('',*,*,#1806,.F.);
#1334=ORIENTED_EDGE('',*,*,#1802,.F.);
#1335=ORIENTED_EDGE('',*,*,#1804,.T.);
#1336=ORIENTED_EDGE('',*,*,#1805,.T.);
#1337=ORIENTED_EDGE('',*,*,#1879,.F.);
#1338=ORIENTED_EDGE('',*,*,#1880,.F.);
#1339=ORIENTED_EDGE('',*,*,#1805,.F.);
#1340=ORIENTED_EDGE('',*,*,#1807,.T.);
#1341=ORIENTED_EDGE('',*,*,#1808,.T.);
#1342=ORIENTED_EDGE('',*,*,#1883,.F.);
#1343=ORIENTED_EDGE('',*,*,#1877,.F.);
#1344=ORIENTED_EDGE('',*,*,#1887,.T.);
#1345=ORIENTED_EDGE('',*,*,#1788,.F.);
#1346=ORIENTED_EDGE('',*,*,#1790,.T.);
#1347=ORIENTED_EDGE('',*,*,#1791,.T.);
#1348=ORIENTED_EDGE('',*,*,#1890,.F.);
#1349=ORIENTED_EDGE('',*,*,#1884,.F.);
#1350=ORIENTED_EDGE('',*,*,#1895,.F.);
#1351=ORIENTED_EDGE('',*,*,#1903,.F.);
#1352=ORIENTED_EDGE('',*,*,#1899,.T.);
#1353=ORIENTED_EDGE('',*,*,#1751,.T.);
#1354=ORIENTED_EDGE('',*,*,#1900,.F.);
#1355=ORIENTED_EDGE('',*,*,#1894,.F.);
#1356=ORIENTED_EDGE('',*,*,#1902,.T.);
#1357=ORIENTED_EDGE('',*,*,#1797,.F.);
#1358=ORIENTED_EDGE('',*,*,#1901,.F.);
#1359=ORIENTED_EDGE('',*,*,#1898,.F.);
#1360=ORIENTED_EDGE('',*,*,#1897,.T.);
#1361=ORIENTED_EDGE('',*,*,#1831,.F.);
#1362=ORIENTED_EDGE('',*,*,#1832,.T.);
#1363=ORIENTED_EDGE('',*,*,#1833,.T.);
#1364=ORIENTED_EDGE('',*,*,#1904,.F.);
#1365=ORIENTED_EDGE('',*,*,#1893,.F.);
#1366=ORIENTED_EDGE('',*,*,#1854,.F.);
#1367=ORIENTED_EDGE('',*,*,#1850,.F.);
#1368=ORIENTED_EDGE('',*,*,#1852,.T.);
#1369=ORIENTED_EDGE('',*,*,#1853,.T.);
#1370=ORIENTED_EDGE('',*,*,#1911,.T.);
#1371=ORIENTED_EDGE('',*,*,#1908,.F.);
#1372=ORIENTED_EDGE('',*,*,#1912,.T.);
#1373=ORIENTED_EDGE('',*,*,#1853,.F.);
#1374=ORIENTED_EDGE('',*,*,#1855,.T.);
#1375=ORIENTED_EDGE('',*,*,#1856,.T.);
#1376=ORIENTED_EDGE('',*,*,#1918,.F.);
#1377=ORIENTED_EDGE('',*,*,#1906,.F.);
#1378=ORIENTED_EDGE('',*,*,#1916,.T.);
#1379=ORIENTED_EDGE('',*,*,#1873,.F.);
#1380=ORIENTED_EDGE('',*,*,#1917,.F.);
#1381=ORIENTED_EDGE('',*,*,#1913,.F.);
#1382=ORIENTED_EDGE('',*,*,#1910,.T.);
#1383=ORIENTED_EDGE('',*,*,#1821,.F.);
#1384=ORIENTED_EDGE('',*,*,#1818,.F.);
#1385=ORIENTED_EDGE('',*,*,#1815,.F.);
#1386=ORIENTED_EDGE('',*,*,#1812,.F.);
#1387=ORIENTED_EDGE('',*,*,#1809,.F.);
#1388=ORIENTED_EDGE('',*,*,#1807,.F.);
#1389=ORIENTED_EDGE('',*,*,#1804,.F.);
#1390=ORIENTED_EDGE('',*,*,#1801,.F.);
#1391=ORIENTED_EDGE('',*,*,#1798,.F.);
#1392=ORIENTED_EDGE('',*,*,#1892,.T.);
#1393=ORIENTED_EDGE('',*,*,#1904,.T.);
#1394=ORIENTED_EDGE('',*,*,#1836,.T.);
#1395=ORIENTED_EDGE('',*,*,#1839,.T.);
#1396=ORIENTED_EDGE('',*,*,#1842,.T.);
#1397=ORIENTED_EDGE('',*,*,#1845,.T.);
#1398=ORIENTED_EDGE('',*,*,#1848,.T.);
#1399=ORIENTED_EDGE('',*,*,#1851,.T.);
#1400=ORIENTED_EDGE('',*,*,#1854,.T.);
#1401=ORIENTED_EDGE('',*,*,#1907,.T.);
#1402=ORIENTED_EDGE('',*,*,#1918,.T.);
#1403=ORIENTED_EDGE('',*,*,#1859,.T.);
#1404=ORIENTED_EDGE('',*,*,#1862,.T.);
#1405=ORIENTED_EDGE('',*,*,#1865,.T.);
#1406=ORIENTED_EDGE('',*,*,#1868,.T.);
#1407=ORIENTED_EDGE('',*,*,#1870,.T.);
#1408=ORIENTED_EDGE('',*,*,#1825,.T.);
#1409=ORIENTED_EDGE('',*,*,#1829,.T.);
#1410=ORIENTED_EDGE('',*,*,#1895,.T.);
#1411=ORIENTED_EDGE('',*,*,#1795,.F.);
#1412=ORIENTED_EDGE('',*,*,#1792,.F.);
#1413=ORIENTED_EDGE('',*,*,#1790,.F.);
#1414=ORIENTED_EDGE('',*,*,#1787,.F.);
#1415=ORIENTED_EDGE('',*,*,#1784,.F.);
#1416=ORIENTED_EDGE('',*,*,#1781,.F.);
#1417=ORIENTED_EDGE('',*,*,#1778,.F.);
#1418=ORIENTED_EDGE('',*,*,#1775,.F.);
#1419=ORIENTED_EDGE('',*,*,#1772,.F.);
#1420=ORIENTED_EDGE('',*,*,#1774,.T.);
#1421=ORIENTED_EDGE('',*,*,#1777,.T.);
#1422=ORIENTED_EDGE('',*,*,#1780,.T.);
#1423=ORIENTED_EDGE('',*,*,#1783,.T.);
#1424=ORIENTED_EDGE('',*,*,#1786,.T.);
#1425=ORIENTED_EDGE('',*,*,#1789,.T.);
#1426=ORIENTED_EDGE('',*,*,#1889,.T.);
#1427=ORIENTED_EDGE('',*,*,#1759,.T.);
#1428=ORIENTED_EDGE('',*,*,#1755,.T.);
#1429=ORIENTED_EDGE('',*,*,#1890,.T.);
#1430=ORIENTED_EDGE('',*,*,#1794,.T.);
#1431=ORIENTED_EDGE('',*,*,#1796,.T.);
#1432=ORIENTED_EDGE('',*,*,#1797,.T.);
#1433=ORIENTED_EDGE('',*,*,#1800,.T.);
#1434=ORIENTED_EDGE('',*,*,#1803,.T.);
#1435=ORIENTED_EDGE('',*,*,#1806,.T.);
#1436=ORIENTED_EDGE('',*,*,#1764,.F.);
#1437=ORIENTED_EDGE('',*,*,#1761,.F.);
#1438=ORIENTED_EDGE('',*,*,#1881,.F.);
#1439=ORIENTED_EDGE('',*,*,#1883,.T.);
#1440=ORIENTED_EDGE('',*,*,#1811,.T.);
#1441=ORIENTED_EDGE('',*,*,#1814,.T.);
#1442=ORIENTED_EDGE('',*,*,#1817,.T.);
#1443=ORIENTED_EDGE('',*,*,#1820,.T.);
#1444=ORIENTED_EDGE('',*,*,#1822,.T.);
#1445=ORIENTED_EDGE('',*,*,#1770,.F.);
#1446=ORIENTED_EDGE('',*,*,#1766,.F.);
#1447=ORIENTED_EDGE('',*,*,#1874,.F.);
#1448=EDGE_CURVE('',#2390,#2391,#1919,.T.);
#1449=EDGE_CURVE('',#2390,#2401,#1920,.T.);
#1450=EDGE_CURVE('',#2390,#2446,#1921,.T.);
#1451=EDGE_CURVE('',#2391,#2395,#1922,.T.);
#1452=EDGE_CURVE('',#2391,#2438,#1923,.T.);
#1453=EDGE_CURVE('',#2392,#2393,#1924,.T.);
#1454=EDGE_CURVE('',#2392,#2394,#1925,.T.);
#1455=EDGE_CURVE('',#2393,#2398,#1926,.T.);
#1456=EDGE_CURVE('',#2394,#2405,#1927,.T.);
#1457=EDGE_CURVE('',#2395,#2396,#1928,.T.);
#1458=EDGE_CURVE('',#2395,#2439,#1929,.T.);
#1459=EDGE_CURVE('',#2396,#2397,#1930,.T.);
#1460=EDGE_CURVE('',#2396,#2458,#1931,.T.);
#1461=EDGE_CURVE('',#2397,#2404,#1932,.T.);
#1462=EDGE_CURVE('',#2397,#2459,#1933,.T.);
#1463=EDGE_CURVE('',#2398,#2402,#1934,.T.);
#1464=EDGE_CURVE('',#2399,#2400,#1935,.T.);
#1465=EDGE_CURVE('',#2399,#2403,#1936,.T.);
#1466=EDGE_CURVE('',#2399,#2454,#1937,.T.);
#1467=EDGE_CURVE('',#2400,#2401,#1938,.T.);
#1468=EDGE_CURVE('',#2400,#2444,#1939,.T.);
#1469=EDGE_CURVE('',#2401,#2445,#1940,.T.);
#1470=EDGE_CURVE('',#2402,#2417,#1941,.T.);
#1471=EDGE_CURVE('',#2403,#2415,#1942,.T.);
#1472=EDGE_CURVE('',#2403,#2456,#1943,.T.);
#1473=EDGE_CURVE('',#2404,#2406,#1944,.T.);
#1474=EDGE_CURVE('',#2404,#2434,#1945,.T.);
#1475=EDGE_CURVE('',#2406,#2407,#1946,.T.);
#1476=EDGE_CURVE('',#2406,#2435,#1947,.T.);
#1477=EDGE_CURVE('',#2407,#2409,#1948,.T.);
#1478=EDGE_CURVE('',#2407,#2441,#1949,.T.);
#1479=EDGE_CURVE('',#2408,#2410,#1950,.T.);
#1480=EDGE_CURVE('',#2409,#2411,#1951,.T.);
#1481=EDGE_CURVE('',#2409,#2440,#1952,.T.);
#1482=EDGE_CURVE('',#2410,#2413,#1953,.T.);
#1483=EDGE_CURVE('',#2411,#2412,#1954,.T.);
#1484=EDGE_CURVE('',#2411,#2442,#1955,.T.);
#1485=EDGE_CURVE('',#2412,#2414,#1956,.T.);
#1486=EDGE_CURVE('',#2412,#2447,#1957,.T.);
#1487=EDGE_CURVE('',#2413,#2425,#1958,.T.);
#1488=EDGE_CURVE('',#2414,#2428,#1959,.T.);
#1489=EDGE_CURVE('',#2414,#2455,#1960,.T.);
#1490=EDGE_CURVE('',#2415,#2416,#1961,.T.);
#1491=EDGE_CURVE('',#2415,#2433,#1962,.T.);
#1492=EDGE_CURVE('',#2416,#2418,#1963,.T.);
#1493=EDGE_CURVE('',#2416,#2432,#1964,.T.);
#1494=EDGE_CURVE('',#2418,#2420,#1965,.T.);
#1495=EDGE_CURVE('',#2418,#2436,#1966,.T.);
#1496=EDGE_CURVE('',#2419,#2421,#1967,.T.);
#1497=EDGE_CURVE('',#2420,#2422,#1968,.T.);
#1498=EDGE_CURVE('',#2420,#2437,#1969,.T.);
#1499=EDGE_CURVE('',#2421,#2429,#1970,.T.);
#1500=EDGE_CURVE('',#2422,#2423,#1971,.T.);
#1501=EDGE_CURVE('',#2422,#2443,#1972,.T.);
#1502=EDGE_CURVE('',#2423,#2424,#1973,.T.);
#1503=EDGE_CURVE('',#2423,#2457,#1974,.T.);
#1504=EDGE_CURVE('',#2424,#2430,#1975,.T.);
#1505=EDGE_CURVE('',#2424,#2453,#1976,.T.);
#1506=EDGE_CURVE('',#2425,#2429,#1977,.T.);
#1507=EDGE_CURVE('',#2426,#2427,#1978,.T.);
#1508=EDGE_CURVE('',#2426,#2428,#1979,.T.);
#1509=EDGE_CURVE('',#2426,#2451,#1980,.T.);
#1510=EDGE_CURVE('',#2427,#2431,#1981,.T.);
#1511=EDGE_CURVE('',#2427,#2450,#1982,.T.);
#1512=EDGE_CURVE('',#2428,#2452,#1983,.T.);
#1513=EDGE_CURVE('',#2430,#2431,#1984,.T.);
#1514=EDGE_CURVE('',#2430,#2448,#1985,.T.);
#1515=EDGE_CURVE('',#2431,#2449,#1986,.T.);
#1516=EDGE_CURVE('',#2432,#2433,#1987,.T.);
#1517=EDGE_CURVE('',#2432,#2436,#1988,.T.);
#1518=EDGE_CURVE('',#2433,#2456,#1989,.T.);
#1519=EDGE_CURVE('',#2434,#2435,#1990,.T.);
#1520=EDGE_CURVE('',#2434,#2459,#1991,.T.);
#1521=EDGE_CURVE('',#2435,#2441,#1992,.T.);
#1522=EDGE_CURVE('',#2436,#2437,#1993,.T.);
#1523=EDGE_CURVE('',#2437,#2443,#1994,.T.);
#1524=EDGE_CURVE('',#2438,#2439,#1995,.T.);
#1525=EDGE_CURVE('',#2438,#2446,#1996,.T.);
#1526=EDGE_CURVE('',#2439,#2458,#1997,.T.);
#1527=EDGE_CURVE('',#2440,#2441,#1998,.T.);
#1528=EDGE_CURVE('',#2440,#2442,#1999,.T.);
#1529=EDGE_CURVE('',#2442,#2447,#2000,.T.);
#1530=EDGE_CURVE('',#2443,#2457,#2001,.T.);
#1531=EDGE_CURVE('',#2444,#2445,#2002,.T.);
#1532=EDGE_CURVE('',#2444,#2454,#2003,.T.);
#1533=EDGE_CURVE('',#2445,#2446,#2004,.T.);
#1534=EDGE_CURVE('',#2447,#2455,#2005,.T.);
#1535=EDGE_CURVE('',#2448,#2449,#2006,.T.);
#1536=EDGE_CURVE('',#2448,#2453,#2007,.T.);
#1537=EDGE_CURVE('',#2449,#2450,#2008,.T.);
#1538=EDGE_CURVE('',#2450,#2451,#2009,.T.);
#1539=EDGE_CURVE('',#2451,#2452,#2010,.T.);
#1540=EDGE_CURVE('',#2452,#2455,#2011,.T.);
#1541=EDGE_CURVE('',#2453,#2457,#2012,.T.);
#1542=EDGE_CURVE('',#2454,#2456,#2013,.T.);
#1543=EDGE_CURVE('',#2458,#2459,#2014,.T.);
#1544=EDGE_CURVE('',#2460,#2461,#2015,.T.);
#1545=EDGE_CURVE('',#2460,#2463,#2016,.T.);
#1546=EDGE_CURVE('',#2460,#2494,#2017,.T.);
#1547=EDGE_CURVE('',#2461,#2462,#2018,.T.);
#1548=EDGE_CURVE('',#2461,#2496,#2019,.T.);
#1549=EDGE_CURVE('',#2462,#2463,#2020,.T.);
#1550=EDGE_CURVE('',#2462,#2497,#2021,.T.);
#1551=EDGE_CURVE('',#2463,#2495,#2022,.T.);
#1552=EDGE_CURVE('',#2464,#2465,#2023,.T.);
#1553=EDGE_CURVE('',#2464,#2467,#2024,.T.);
#1554=EDGE_CURVE('',#2464,#2486,#2025,.T.);
#1555=EDGE_CURVE('',#2465,#2466,#2026,.T.);
#1556=EDGE_CURVE('',#2466,#2467,#2027,.T.);
#1557=EDGE_CURVE('',#2467,#2487,#2028,.T.);
#1558=EDGE_CURVE('',#2468,#2469,#2029,.T.);
#1559=EDGE_CURVE('',#2468,#2471,#2030,.T.);
#1560=EDGE_CURVE('',#2468,#2512,#2031,.T.);
#1561=EDGE_CURVE('',#2469,#2470,#2032,.T.);
#1562=EDGE_CURVE('',#2469,#2478,#2033,.T.);
#1563=EDGE_CURVE('',#2470,#2471,#2034,.T.);
#1564=EDGE_CURVE('',#2470,#2477,#2035,.T.);
#1565=EDGE_CURVE('',#2471,#2513,#2036,.T.);
#1566=EDGE_CURVE('',#2472,#2473,#2037,.T.);
#1567=EDGE_CURVE('',#2472,#2475,#2038,.T.);
#1568=EDGE_CURVE('',#2472,#2489,#2039,.T.);
#1569=EDGE_CURVE('',#2473,#2474,#2040,.T.);
#1570=EDGE_CURVE('',#2473,#2498,#2041,.T.);
#1571=EDGE_CURVE('',#2474,#2475,#2042,.T.);
#1572=EDGE_CURVE('',#2474,#2499,#2043,.T.);
#1573=EDGE_CURVE('',#2475,#2488,#2044,.T.);
#1574=EDGE_CURVE('',#2476,#2477,#2045,.T.);
#1575=EDGE_CURVE('',#2476,#2479,#2046,.T.);
#1576=EDGE_CURVE('',#2476,#2502,#2047,.T.);
#1577=EDGE_CURVE('',#2477,#2478,#2048,.T.);
#1578=EDGE_CURVE('',#2478,#2479,#2049,.T.);
#1579=EDGE_CURVE('',#2479,#2503,#2050,.T.);
#1580=EDGE_CURVE('',#2480,#2481,#2051,.T.);
#1581=EDGE_CURVE('',#2480,#2483,#2052,.T.);
#1582=EDGE_CURVE('',#2480,#2491,#2053,.T.);
#1583=EDGE_CURVE('',#2481,#2482,#2054,.T.);
#1584=EDGE_CURVE('',#2481,#2509,#2055,.T.);
#1585=EDGE_CURVE('',#2482,#2483,#2056,.T.);
#1586=EDGE_CURVE('',#2482,#2508,#2057,.T.);
#1587=EDGE_CURVE('',#2483,#2492,#2058,.T.);
#1588=EDGE_CURVE('',#2484,#2485,#2059,.T.);
#1589=EDGE_CURVE('',#2484,#2514,#2060,.T.);
#1590=EDGE_CURVE('',#2485,#2515,#2061,.T.);
#1591=EDGE_CURVE('',#2486,#2487,#2062,.T.);
#1592=EDGE_CURVE('',#2486,#2496,#2063,.T.);
#1593=EDGE_CURVE('',#2487,#2497,#2064,.T.);
#1594=EDGE_CURVE('',#2488,#2489,#2065,.T.);
#1595=EDGE_CURVE('',#2488,#2494,#2066,.T.);
#1596=EDGE_CURVE('',#2489,#2495,#2067,.T.);
#1597=EDGE_CURVE('',#2490,#2491,#2068,.T.);
#1598=EDGE_CURVE('',#2490,#2493,#2069,.T.);
#1599=EDGE_CURVE('',#2490,#2504,#2070,.T.);
#1600=EDGE_CURVE('',#2491,#2492,#2071,.T.);
#1601=EDGE_CURVE('',#2492,#2493,#2072,.T.);
#1602=EDGE_CURVE('',#2493,#2505,#2073,.T.);
#1603=EDGE_CURVE('',#2494,#2495,#2074,.T.);
#1604=EDGE_CURVE('',#2496,#2497,#2075,.T.);
#1605=EDGE_CURVE('',#2498,#2499,#2076,.T.);
#1606=EDGE_CURVE('',#2498,#2500,#2077,.T.);
#1607=EDGE_CURVE('',#2499,#2501,#2078,.T.);
#1608=EDGE_CURVE('',#2500,#2501,#2079,.T.);
#1609=EDGE_CURVE('',#2500,#2507,#2080,.T.);
#1610=EDGE_CURVE('',#2501,#2506,#2081,.T.);
#1611=EDGE_CURVE('',#2502,#2503,#2082,.T.);
#1612=EDGE_CURVE('',#2502,#2510,#2083,.T.);
#1613=EDGE_CURVE('',#2503,#2511,#2084,.T.);
#1614=EDGE_CURVE('',#2504,#2505,#2085,.T.);
#1615=EDGE_CURVE('',#2506,#2507,#2086,.T.);
#1616=EDGE_CURVE('',#2508,#2509,#2087,.T.);
#1617=EDGE_CURVE('',#2510,#2511,#2088,.T.);
#1618=EDGE_CURVE('',#2512,#2513,#2089,.T.);
#1619=EDGE_CURVE('',#2512,#2514,#2090,.T.);
#1620=EDGE_CURVE('',#2513,#2515,#2091,.T.);
#1621=EDGE_CURVE('',#2514,#2515,#2092,.T.);
#1622=EDGE_CURVE('',#2516,#2517,#2093,.T.);
#1623=EDGE_CURVE('',#2517,#2521,#2094,.T.);
#1624=EDGE_CURVE('',#2518,#2519,#2095,.T.);
#1625=EDGE_CURVE('',#2519,#2520,#2096,.T.);
#1626=EDGE_CURVE('',#2520,#2526,#2097,.T.);
#1627=EDGE_CURVE('',#2521,#2522,#2098,.T.);
#1628=EDGE_CURVE('',#2523,#2524,#2099,.T.);
#1629=EDGE_CURVE('',#2524,#2525,#2100,.T.);
#1630=EDGE_CURVE('',#2525,#2529,#2101,.T.);
#1631=EDGE_CURVE('',#2527,#2528,#2102,.T.);
#1632=EDGE_CURVE('',#2528,#2531,#2103,.T.);
#1633=EDGE_CURVE('',#2530,#2531,#2104,.T.);
#1634=EDGE_CURVE('',#2485,#2466,#2105,.T.);
#1635=EDGE_CURVE('',#2505,#2506,#2106,.T.);
#1636=EDGE_CURVE('',#2511,#2508,#2107,.T.);
#1637=EDGE_CURVE('',#2509,#2510,#2108,.T.);
#1638=EDGE_CURVE('',#2484,#2465,#2109,.T.);
#1639=EDGE_CURVE('',#2504,#2507,#2110,.T.);
#1640=EDGE_CURVE('',#2417,#2419,#2111,.T.);
#1641=EDGE_CURVE('',#2405,#2408,#2112,.T.);
#1642=EDGE_CURVE('',#2529,#2530,#2113,.T.);
#1643=EDGE_CURVE('',#2522,#2523,#2114,.T.);
#1644=EDGE_CURVE('',#2516,#2518,#2115,.T.);
#1645=EDGE_CURVE('',#2526,#2527,#2116,.T.);
#1646=EDGE_CURVE('',#2532,#2533,#2117,.T.);
#1647=EDGE_CURVE('',#2534,#2535,#2118,.T.);
#1648=EDGE_CURVE('',#2536,#2537,#2119,.T.);
#1649=EDGE_CURVE('',#2538,#2539,#2120,.T.);
#1650=EDGE_CURVE('',#2540,#2547,#2121,.T.);
#1651=EDGE_CURVE('',#2541,#2542,#2122,.T.);
#1652=EDGE_CURVE('',#2543,#2544,#2123,.T.);
#1653=EDGE_CURVE('',#2550,#2551,#2124,.T.);
#1654=EDGE_CURVE('',#2552,#2563,#2125,.T.);
#1655=EDGE_CURVE('',#2553,#2562,#2126,.T.);
#1656=EDGE_CURVE('',#2554,#2555,#2127,.T.);
#1657=EDGE_CURVE('',#2556,#2557,#2128,.T.);
#1658=EDGE_CURVE('',#2558,#2559,#2129,.T.);
#1659=EDGE_CURVE('',#2560,#2561,#2130,.T.);
#1660=EDGE_CURVE('',#2535,#2539,#2131,.T.);
#1661=EDGE_CURVE('',#2534,#2538,#2132,.T.);
#1662=EDGE_CURVE('',#2537,#2541,#2133,.T.);
#1663=EDGE_CURVE('',#2536,#2542,#2134,.T.);
#1664=EDGE_CURVE('',#2544,#2538,#2135,.T.);
#1665=EDGE_CURVE('',#2539,#2543,#2136,.T.);
#1666=EDGE_CURVE('',#2536,#2540,#2137,.T.);
#1667=EDGE_CURVE('',#2533,#2543,#2138,.T.);
#1668=EDGE_CURVE('',#2532,#2544,#2139,.T.);
#1669=EDGE_CURVE('',#2533,#2545,#2140,.T.);
#1670=EDGE_CURVE('',#2532,#2546,#2141,.T.);
#1671=EDGE_CURVE('',#2547,#2548,#2142,.T.);
#1672=EDGE_CURVE('',#2537,#2547,#2143,.T.);
#1673=EDGE_CURVE('',#2549,#2540,#2144,.T.);
#1674=EDGE_CURVE('',#2535,#2541,#2145,.T.);
#1675=EDGE_CURVE('',#2534,#2542,#2146,.T.);
#1676=EDGE_CURVE('',#2550,#2559,#2147,.T.);
#1677=EDGE_CURVE('',#2551,#2558,#2148,.T.);
#1678=EDGE_CURVE('',#2553,#2563,#2149,.T.);
#1679=EDGE_CURVE('',#2560,#2558,#2150,.T.);
#1680=EDGE_CURVE('',#2559,#2561,#2151,.T.);
#1681=EDGE_CURVE('',#2554,#2560,#2152,.T.);
#1682=EDGE_CURVE('',#2561,#2555,#2153,.T.);
#1683=EDGE_CURVE('',#2556,#2562,#2154,.T.);
#1684=EDGE_CURVE('',#2553,#2557,#2155,.T.);
#1685=EDGE_CURVE('',#2550,#2552,#2156,.T.);
#1686=EDGE_CURVE('',#2551,#2563,#2157,.T.);
#1687=EDGE_CURVE('',#2552,#2562,#2158,.T.);
#1688=EDGE_CURVE('',#2545,#2546,#2159,.T.);
#1689=EDGE_CURVE('',#2555,#2548,#2160,.T.);
#1690=EDGE_CURVE('',#2548,#2549,#2161,.T.);
#1691=EDGE_CURVE('',#2549,#2554,#2162,.T.);
#1692=EDGE_CURVE('',#2545,#2556,#2163,.T.);
#1693=EDGE_CURVE('',#2546,#2557,#2164,.T.);
#1694=EDGE_CURVE('',#2565,#2566,#2165,.T.);
#1695=EDGE_CURVE('',#2567,#2568,#2166,.T.);
#1696=EDGE_CURVE('',#2569,#2577,#2167,.T.);
#1697=EDGE_CURVE('',#2570,#2580,#2168,.T.);
#1698=EDGE_CURVE('',#2571,#2572,#2169,.T.);
#1699=EDGE_CURVE('',#2573,#2574,#2170,.T.);
#1700=EDGE_CURVE('',#2575,#2576,#2171,.T.);
#1701=EDGE_CURVE('',#2582,#2583,#2172,.T.);
#1702=EDGE_CURVE('',#2584,#2589,#2173,.T.);
#1703=EDGE_CURVE('',#2585,#2586,#2174,.T.);
#1704=EDGE_CURVE('',#2587,#2588,#2175,.T.);
#1705=EDGE_CURVE('',#2590,#2591,#2176,.T.);
#1706=EDGE_CURVE('',#2592,#2593,#2177,.T.);
#1707=EDGE_CURVE('',#2594,#2595,#2178,.T.);
#1708=EDGE_CURVE('',#2573,#2565,#2179,.T.);
#1709=EDGE_CURVE('',#2574,#2566,#2180,.T.);
#1710=EDGE_CURVE('',#2564,#2568,#2181,.T.);
#1711=EDGE_CURVE('',#2570,#2577,#2182,.T.);
#1712=EDGE_CURVE('',#2568,#2574,#2183,.T.);
#1713=EDGE_CURVE('',#2567,#2573,#2184,.T.);
#1714=EDGE_CURVE('',#2576,#2566,#2185,.T.);
#1715=EDGE_CURVE('',#2565,#2575,#2186,.T.);
#1716=EDGE_CURVE('',#2575,#2577,#2187,.T.);
#1717=EDGE_CURVE('',#2569,#2576,#2188,.T.);
#1718=EDGE_CURVE('',#2567,#2578,#2189,.T.);
#1719=EDGE_CURVE('',#2569,#2580,#2190,.T.);
#1720=EDGE_CURVE('',#2571,#2580,#2191,.T.);
#1721=EDGE_CURVE('',#2570,#2572,#2192,.T.);
#1722=EDGE_CURVE('',#2590,#2582,#2193,.T.);
#1723=EDGE_CURVE('',#2583,#2591,#2194,.T.);
#1724=EDGE_CURVE('',#2582,#2584,#2195,.T.);
#1725=EDGE_CURVE('',#2579,#2586,#2196,.T.);
#1726=EDGE_CURVE('',#2585,#2587,#2197,.T.);
#1727=EDGE_CURVE('',#2588,#2586,#2198,.T.);
#1728=EDGE_CURVE('',#2583,#2589,#2199,.T.);
#1729=EDGE_CURVE('',#2588,#2592,#2200,.T.);
#1730=EDGE_CURVE('',#2587,#2593,#2201,.T.);
#1731=EDGE_CURVE('',#2594,#2592,#2202,.T.);
#1732=EDGE_CURVE('',#2593,#2595,#2203,.T.);
#1733=EDGE_CURVE('',#2595,#2590,#2204,.T.);
#1734=EDGE_CURVE('',#2591,#2594,#2205,.T.);
#1735=EDGE_CURVE('',#2564,#2589,#2206,.T.);
#1736=EDGE_CURVE('',#2579,#2581,#2207,.T.);
#1737=EDGE_CURVE('',#2581,#2585,#2208,.T.);
#1738=EDGE_CURVE('',#2564,#2578,#2209,.T.);
#1739=EDGE_CURVE('',#2584,#2578,#2210,.T.);
#1740=EDGE_CURVE('',#2572,#2581,#2211,.T.);
#1741=EDGE_CURVE('',#2571,#2579,#2212,.T.);
#1742=EDGE_CURVE('',#2596,#2705,#2213,.T.);
#1743=EDGE_CURVE('',#2597,#2704,#2214,.T.);
#1744=EDGE_CURVE('',#2596,#2597,#2215,.T.);
#1745=EDGE_CURVE('',#2598,#2599,#2216,.T.);
#1746=EDGE_CURVE('',#2598,#2596,#2217,.T.);
#1747=EDGE_CURVE('',#2599,#2597,#2218,.T.);
#1748=EDGE_CURVE('',#2600,#2697,#2219,.T.);
#1749=EDGE_CURVE('',#2601,#2695,#2220,.T.);
#1750=EDGE_CURVE('',#2600,#2601,#2221,.T.);
#1751=EDGE_CURVE('',#2602,#2603,#2222,.T.);
#1752=EDGE_CURVE('',#2602,#2600,#2223,.T.);
#1753=EDGE_CURVE('',#2603,#2601,#2224,.T.);
#1754=EDGE_CURVE('',#2604,#2689,#2225,.T.);
#1755=EDGE_CURVE('',#2605,#2690,#2226,.T.);
#1756=EDGE_CURVE('',#2604,#2605,#2227,.T.);
#1757=EDGE_CURVE('',#2606,#2607,#2228,.T.);
#1758=EDGE_CURVE('',#2606,#2604,#2229,.T.);
#1759=EDGE_CURVE('',#2607,#2605,#2230,.T.);
#1760=EDGE_CURVE('',#2608,#2609,#2231,.T.);
#1761=EDGE_CURVE('',#2608,#2610,#2232,.T.);
#1762=EDGE_CURVE('',#2610,#2611,#2233,.T.);
#1763=EDGE_CURVE('',#2609,#2611,#2234,.T.);
#1764=EDGE_CURVE('',#2610,#2686,#2235,.T.);
#1765=EDGE_CURVE('',#2611,#2687,#2236,.T.);
#1766=EDGE_CURVE('',#2612,#2613,#2237,.T.);
#1767=EDGE_CURVE('',#2613,#2614,#2238,.T.);
#1768=EDGE_CURVE('',#2615,#2614,#2239,.T.);
#1769=EDGE_CURVE('',#2612,#2615,#2240,.T.);
#1770=EDGE_CURVE('',#2613,#2679,#2241,.T.);
#1771=EDGE_CURVE('',#2614,#2680,#2242,.T.);
#1772=EDGE_CURVE('',#2703,#2616,#2243,.T.);
#1773=EDGE_CURVE('',#2616,#2617,#2244,.T.);
#1774=EDGE_CURVE('',#2682,#2617,#2245,.T.);
#1775=EDGE_CURVE('',#2616,#2618,#2246,.T.);
#1776=EDGE_CURVE('',#2618,#2619,#2247,.T.);
#1777=EDGE_CURVE('',#2617,#2619,#2248,.T.);
#1778=EDGE_CURVE('',#2618,#2620,#2249,.T.);
#1779=EDGE_CURVE('',#2620,#2621,#2250,.T.);
#1780=EDGE_CURVE('',#2619,#2621,#2251,.T.);
#1781=EDGE_CURVE('',#2620,#2622,#2252,.T.);
#1782=EDGE_CURVE('',#2622,#2623,#2253,.T.);
#1783=EDGE_CURVE('',#2621,#2623,#2254,.T.);
#1784=EDGE_CURVE('',#2622,#2624,#2255,.T.);
#1785=EDGE_CURVE('',#2624,#2625,#2256,.T.);
#1786=EDGE_CURVE('',#2623,#2625,#2257,.T.);
#1787=EDGE_CURVE('',#2624,#2626,#2258,.T.);
#1788=EDGE_CURVE('',#2626,#2693,#2259,.T.);
#1789=EDGE_CURVE('',#2625,#2691,#2260,.T.);
#1790=EDGE_CURVE('',#2626,#2627,#2261,.T.);
#1791=EDGE_CURVE('',#2627,#2628,#2262,.T.);
#1792=EDGE_CURVE('',#2627,#2629,#2263,.T.);
#1793=EDGE_CURVE('',#2629,#2630,#2264,.T.);
#1794=EDGE_CURVE('',#2628,#2630,#2265,.T.);
#1795=EDGE_CURVE('',#2629,#2698,#2266,.T.);
#1796=EDGE_CURVE('',#2630,#2631,#2267,.T.);
#1797=EDGE_CURVE('',#2631,#2632,#2268,.T.);
#1798=EDGE_CURVE('',#2694,#2633,#2269,.T.);
#1799=EDGE_CURVE('',#2633,#2634,#2270,.T.);
#1800=EDGE_CURVE('',#2632,#2634,#2271,.T.);
#1801=EDGE_CURVE('',#2633,#2635,#2272,.T.);
#1802=EDGE_CURVE('',#2635,#2636,#2273,.T.);
#1803=EDGE_CURVE('',#2634,#2636,#2274,.T.);
#1804=EDGE_CURVE('',#2635,#2637,#2275,.T.);
#1805=EDGE_CURVE('',#2637,#2688,#2276,.T.);
#1806=EDGE_CURVE('',#2636,#2686,#2277,.T.);
#1807=EDGE_CURVE('',#2637,#2638,#2278,.T.);
#1808=EDGE_CURVE('',#2638,#2639,#2279,.T.);
#1809=EDGE_CURVE('',#2638,#2640,#2280,.T.);
#1810=EDGE_CURVE('',#2640,#2641,#2281,.T.);
#1811=EDGE_CURVE('',#2639,#2641,#2282,.T.);
#1812=EDGE_CURVE('',#2640,#2642,#2283,.T.);
#1813=EDGE_CURVE('',#2642,#2643,#2284,.T.);
#1814=EDGE_CURVE('',#2641,#2643,#2285,.T.);
#1815=EDGE_CURVE('',#2642,#2644,#2286,.T.);
#1816=EDGE_CURVE('',#2644,#2645,#2287,.T.);
#1817=EDGE_CURVE('',#2643,#2645,#2288,.T.);
#1818=EDGE_CURVE('',#2644,#2646,#2289,.T.);
#1819=EDGE_CURVE('',#2646,#2647,#2290,.T.);
#1820=EDGE_CURVE('',#2645,#2647,#2291,.T.);
#1821=EDGE_CURVE('',#2646,#2709,#2292,.T.);
#1822=EDGE_CURVE('',#2647,#2679,#2293,.T.);
#1823=EDGE_CURVE('',#2648,#2649,#2294,.T.);
#1824=EDGE_CURVE('',#2649,#2666,#2295,.T.);
#1825=EDGE_CURVE('',#2665,#2666,#2296,.T.);
#1826=EDGE_CURVE('',#2648,#2665,#2297,.T.);
#1827=EDGE_CURVE('',#2649,#2650,#2298,.T.);
#1828=EDGE_CURVE('',#2650,#2701,#2299,.T.);
#1829=EDGE_CURVE('',#2666,#2700,#2300,.T.);
#1830=EDGE_CURVE('',#2650,#2651,#2301,.T.);
#1831=EDGE_CURVE('',#2651,#2702,#2302,.T.);
#1832=EDGE_CURVE('',#2651,#2652,#2303,.T.);
#1833=EDGE_CURVE('',#2652,#2667,#2304,.T.);
#1834=EDGE_CURVE('',#2652,#2653,#2305,.T.);
#1835=EDGE_CURVE('',#2653,#2668,#2306,.T.);
#1836=EDGE_CURVE('',#2667,#2668,#2307,.T.);
#1837=EDGE_CURVE('',#2653,#2654,#2308,.T.);
#1838=EDGE_CURVE('',#2654,#2669,#2309,.T.);
#1839=EDGE_CURVE('',#2668,#2669,#2310,.T.);
#1840=EDGE_CURVE('',#2654,#2655,#2311,.T.);
#1841=EDGE_CURVE('',#2655,#2670,#2312,.T.);
#1842=EDGE_CURVE('',#2669,#2670,#2313,.T.);
#1843=EDGE_CURVE('',#2655,#2656,#2314,.T.);
#1844=EDGE_CURVE('',#2656,#2671,#2315,.T.);
#1845=EDGE_CURVE('',#2670,#2671,#2316,.T.);
#1846=EDGE_CURVE('',#2656,#2657,#2317,.T.);
#1847=EDGE_CURVE('',#2657,#2672,#2318,.T.);
#1848=EDGE_CURVE('',#2671,#2672,#2319,.T.);
#1849=EDGE_CURVE('',#2657,#2658,#2320,.T.);
#1850=EDGE_CURVE('',#2658,#2673,#2321,.T.);
#1851=EDGE_CURVE('',#2672,#2673,#2322,.T.);
#1852=EDGE_CURVE('',#2658,#2659,#2323,.T.);
#1853=EDGE_CURVE('',#2659,#2711,#2324,.T.);
#1854=EDGE_CURVE('',#2673,#2707,#2325,.T.);
#1855=EDGE_CURVE('',#2659,#2660,#2326,.T.);
#1856=EDGE_CURVE('',#2660,#2674,#2327,.T.);
#1857=EDGE_CURVE('',#2660,#2661,#2328,.T.);
#1858=EDGE_CURVE('',#2661,#2675,#2329,.T.);
#1859=EDGE_CURVE('',#2674,#2675,#2330,.T.);
#1860=EDGE_CURVE('',#2661,#2662,#2331,.T.);
#1861=EDGE_CURVE('',#2662,#2676,#2332,.T.);
#1862=EDGE_CURVE('',#2675,#2676,#2333,.T.);
#1863=EDGE_CURVE('',#2662,#2663,#2334,.T.);
#1864=EDGE_CURVE('',#2663,#2677,#2335,.T.);
#1865=EDGE_CURVE('',#2676,#2677,#2336,.T.);
#1866=EDGE_CURVE('',#2663,#2664,#2337,.T.);
#1867=EDGE_CURVE('',#2664,#2678,#2338,.T.);
#1868=EDGE_CURVE('',#2677,#2678,#2339,.T.);
#1869=EDGE_CURVE('',#2664,#2648,#2340,.T.);
#1870=EDGE_CURVE('',#2678,#2665,#2341,.T.);
#1871=EDGE_CURVE('',#2679,#2680,#2342,.T.);
#1872=EDGE_CURVE('',#2680,#2683,#2343,.T.);
#1873=EDGE_CURVE('',#2683,#2681,#2344,.T.);
#1874=EDGE_CURVE('',#2682,#2612,#2345,.T.);
#1875=EDGE_CURVE('',#2681,#2615,#2346,.T.);
#1876=EDGE_CURVE('',#2681,#2682,#2347,.T.);
#1877=EDGE_CURVE('',#2684,#2685,#2348,.T.);
#1878=EDGE_CURVE('',#2686,#2687,#2349,.T.);
#1879=EDGE_CURVE('',#2687,#2688,#2350,.T.);
#1880=EDGE_CURVE('',#2688,#2684,#2351,.T.);
#1881=EDGE_CURVE('',#2685,#2608,#2352,.T.);
#1882=EDGE_CURVE('',#2684,#2609,#2353,.T.);
#1883=EDGE_CURVE('',#2685,#2639,#2354,.T.);
#1884=EDGE_CURVE('',#2689,#2690,#2355,.T.);
#1885=EDGE_CURVE('',#2691,#2692,#2356,.T.);
#1886=EDGE_CURVE('',#2693,#2692,#2357,.T.);
#1887=EDGE_CURVE('',#2689,#2693,#2358,.T.);
#1888=EDGE_CURVE('',#2692,#2606,#2359,.T.);
#1889=EDGE_CURVE('',#2691,#2607,#2360,.T.);
#1890=EDGE_CURVE('',#2690,#2628,#2361,.T.);
#1891=EDGE_CURVE('',#2694,#2695,#2362,.T.);
#1892=EDGE_CURVE('',#2694,#2696,#2363,.T.);
#1893=EDGE_CURVE('',#2697,#2696,#2364,.T.);
#1894=EDGE_CURVE('',#2698,#2699,#2365,.T.);
#1895=EDGE_CURVE('',#2700,#2698,#2366,.T.);
#1896=EDGE_CURVE('',#2702,#2701,#2367,.T.);
#1897=EDGE_CURVE('',#2697,#2702,#2368,.T.);
#1898=EDGE_CURVE('',#2695,#2699,#2369,.T.);
#1899=EDGE_CURVE('',#2701,#2602,#2370,.T.);
#1900=EDGE_CURVE('',#2699,#2603,#2371,.T.);
#1901=EDGE_CURVE('',#2699,#2631,#2372,.T.);
#1902=EDGE_CURVE('',#2695,#2632,#2373,.T.);
#1903=EDGE_CURVE('',#2701,#2700,#2374,.T.);
#1904=EDGE_CURVE('',#2696,#2667,#2375,.T.);
#1905=EDGE_CURVE('',#2703,#2704,#2376,.T.);
#1906=EDGE_CURVE('',#2705,#2706,#2377,.T.);
#1907=EDGE_CURVE('',#2703,#2706,#2378,.T.);
#1908=EDGE_CURVE('',#2707,#2708,#2379,.T.);
#1909=EDGE_CURVE('',#2709,#2710,#2380,.T.);
#1910=EDGE_CURVE('',#2707,#2709,#2381,.T.);
#1911=EDGE_CURVE('',#2711,#2708,#2382,.T.);
#1912=EDGE_CURVE('',#2705,#2711,#2383,.T.);
#1913=EDGE_CURVE('',#2704,#2710,#2384,.T.);
#1914=EDGE_CURVE('',#2708,#2598,#2385,.T.);
#1915=EDGE_CURVE('',#2710,#2599,#2386,.T.);
#1916=EDGE_CURVE('',#2704,#2681,#2387,.T.);
#1917=EDGE_CURVE('',#2710,#2683,#2388,.T.);
#1918=EDGE_CURVE('',#2706,#2674,#2389,.T.);
#1919=B_SPLINE_CURVE_WITH_KNOTS('',1,(#3489,#3490),.UNSPECIFIED.,.F.,.F.,
(2,2),(0.,1.),.UNSPECIFIED.);
#1920=B_SPLINE_CURVE_WITH_KNOTS('',1,(#3491,#3492),.UNSPECIFIED.,.F.,.F.,
(2,2),(0.,1.),.UNSPECIFIED.);
#1921=B_SPLINE_CURVE_WITH_KNOTS('',1,(#3493,#3494),.UNSPECIFIED.,.F.,.F.,
(2,2),(0.,1.),.UNSPECIFIED.);
#1922=B_SPLINE_CURVE_WITH_KNOTS('',1,(#3495,#3496),.UNSPECIFIED.,.F.,.F.,
(2,2),(0.,1.),.UNSPECIFIED.);
#1923=B_SPLINE_CURVE_WITH_KNOTS('',1,(#3497,#3498),.UNSPECIFIED.,.F.,.F.,
(2,2),(0.,1.),.UNSPECIFIED.);
#1924=B_SPLINE_CURVE_WITH_KNOTS('',1,(#3499,#3500),.UNSPECIFIED.,.F.,.F.,
(2,2),(0.,1.),.UNSPECIFIED.);
#1925=B_SPLINE_CURVE_WITH_KNOTS('',1,(#3501,#3502),.UNSPECIFIED.,.F.,.F.,
(2,2),(0.,1.),.UNSPECIFIED.);
#1926=B_SPLINE_CURVE_WITH_KNOTS('',1,(#3503,#3504),.UNSPECIFIED.,.F.,.F.,
(2,2),(0.,1.),.UNSPECIFIED.);
#1927=B_SPLINE_CURVE_WITH_KNOTS('',1,(#3505,#3506),.UNSPECIFIED.,.F.,.F.,
(2,2),(0.,1.),.UNSPECIFIED.);
#1928=B_SPLINE_CURVE_WITH_KNOTS('',1,(#3507,#3508),.UNSPECIFIED.,.F.,.F.,
(2,2),(0.,1.),.UNSPECIFIED.);
#1929=B_SPLINE_CURVE_WITH_KNOTS('',1,(#3509,#3510),.UNSPECIFIED.,.F.,.F.,
(2,2),(0.,1.),.UNSPECIFIED.);
#1930=B_SPLINE_CURVE_WITH_KNOTS('',1,(#3511,#3512),.UNSPECIFIED.,.F.,.F.,
(2,2),(0.,1.),.UNSPECIFIED.);
#1931=B_SPLINE_CURVE_WITH_KNOTS('',1,(#3513,#3514),.UNSPECIFIED.,.F.,.F.,
(2,2),(0.,1.),.UNSPECIFIED.);
#1932=B_SPLINE_CURVE_WITH_KNOTS('',1,(#3515,#3516),.UNSPECIFIED.,.F.,.F.,
(2,2),(0.,1.),.UNSPECIFIED.);
#1933=B_SPLINE_CURVE_WITH_KNOTS('',1,(#3517,#3518),.UNSPECIFIED.,.F.,.F.,
(2,2),(0.,1.),.UNSPECIFIED.);
#1934=B_SPLINE_CURVE_WITH_KNOTS('',1,(#3519,#3520),.UNSPECIFIED.,.F.,.F.,
(2,2),(0.,1.),.UNSPECIFIED.);
#1935=B_SPLINE_CURVE_WITH_KNOTS('',1,(#3521,#3522),.UNSPECIFIED.,.F.,.F.,
(2,2),(0.,1.),.UNSPECIFIED.);
#1936=B_SPLINE_CURVE_WITH_KNOTS('',1,(#3523,#3524),.UNSPECIFIED.,.F.,.F.,
(2,2),(0.,1.),.UNSPECIFIED.);
#1937=B_SPLINE_CURVE_WITH_KNOTS('',1,(#3525,#3526),.UNSPECIFIED.,.F.,.F.,
(2,2),(0.,1.),.UNSPECIFIED.);
#1938=B_SPLINE_CURVE_WITH_KNOTS('',1,(#3527,#3528),.UNSPECIFIED.,.F.,.F.,
(2,2),(0.,1.),.UNSPECIFIED.);
#1939=B_SPLINE_CURVE_WITH_KNOTS('',1,(#3529,#3530),.UNSPECIFIED.,.F.,.F.,
(2,2),(0.,1.),.UNSPECIFIED.);
#1940=B_SPLINE_CURVE_WITH_KNOTS('',1,(#3531,#3532),.UNSPECIFIED.,.F.,.F.,
(2,2),(0.,1.),.UNSPECIFIED.);
#1941=B_SPLINE_CURVE_WITH_KNOTS('',1,(#3533,#3534),.UNSPECIFIED.,.F.,.F.,
(2,2),(0.,1.),.UNSPECIFIED.);
#1942=B_SPLINE_CURVE_WITH_KNOTS('',1,(#3535,#3536),.UNSPECIFIED.,.F.,.F.,
(2,2),(0.,1.),.UNSPECIFIED.);
#1943=B_SPLINE_CURVE_WITH_KNOTS('',1,(#3537,#3538),.UNSPECIFIED.,.F.,.F.,
(2,2),(0.,1.),.UNSPECIFIED.);
#1944=B_SPLINE_CURVE_WITH_KNOTS('',1,(#3539,#3540),.UNSPECIFIED.,.F.,.F.,
(2,2),(0.,1.),.UNSPECIFIED.);
#1945=B_SPLINE_CURVE_WITH_KNOTS('',1,(#3541,#3542),.UNSPECIFIED.,.F.,.F.,
(2,2),(0.,1.),.UNSPECIFIED.);
#1946=B_SPLINE_CURVE_WITH_KNOTS('',1,(#3543,#3544),.UNSPECIFIED.,.F.,.F.,
(2,2),(0.,1.),.UNSPECIFIED.);
#1947=B_SPLINE_CURVE_WITH_KNOTS('',1,(#3545,#3546),.UNSPECIFIED.,.F.,.F.,
(2,2),(0.,1.),.UNSPECIFIED.);
#1948=B_SPLINE_CURVE_WITH_KNOTS('',1,(#3547,#3548),.UNSPECIFIED.,.F.,.F.,
(2,2),(0.,1.),.UNSPECIFIED.);
#1949=B_SPLINE_CURVE_WITH_KNOTS('',1,(#3549,#3550),.UNSPECIFIED.,.F.,.F.,
(2,2),(0.,1.),.UNSPECIFIED.);
#1950=B_SPLINE_CURVE_WITH_KNOTS('',1,(#3551,#3552),.UNSPECIFIED.,.F.,.F.,
(2,2),(0.,1.),.UNSPECIFIED.);
#1951=B_SPLINE_CURVE_WITH_KNOTS('',1,(#3553,#3554),.UNSPECIFIED.,.F.,.F.,
(2,2),(0.,1.),.UNSPECIFIED.);
#1952=B_SPLINE_CURVE_WITH_KNOTS('',1,(#3555,#3556),.UNSPECIFIED.,.F.,.F.,
(2,2),(0.,1.),.UNSPECIFIED.);
#1953=B_SPLINE_CURVE_WITH_KNOTS('',1,(#3557,#3558),.UNSPECIFIED.,.F.,.F.,
(2,2),(0.,1.),.UNSPECIFIED.);
#1954=B_SPLINE_CURVE_WITH_KNOTS('',1,(#3559,#3560),.UNSPECIFIED.,.F.,.F.,
(2,2),(0.,1.),.UNSPECIFIED.);
#1955=B_SPLINE_CURVE_WITH_KNOTS('',1,(#3561,#3562),.UNSPECIFIED.,.F.,.F.,
(2,2),(0.,1.),.UNSPECIFIED.);
#1956=B_SPLINE_CURVE_WITH_KNOTS('',1,(#3563,#3564),.UNSPECIFIED.,.F.,.F.,
(2,2),(0.,1.),.UNSPECIFIED.);
#1957=B_SPLINE_CURVE_WITH_KNOTS('',1,(#3565,#3566),.UNSPECIFIED.,.F.,.F.,
(2,2),(0.,1.),.UNSPECIFIED.);
#1958=B_SPLINE_CURVE_WITH_KNOTS('',1,(#3567,#3568),.UNSPECIFIED.,.F.,.F.,
(2,2),(0.,1.),.UNSPECIFIED.);
#1959=B_SPLINE_CURVE_WITH_KNOTS('',1,(#3569,#3570),.UNSPECIFIED.,.F.,.F.,
(2,2),(0.,1.),.UNSPECIFIED.);
#1960=B_SPLINE_CURVE_WITH_KNOTS('',1,(#3571,#3572),.UNSPECIFIED.,.F.,.F.,
(2,2),(0.,1.),.UNSPECIFIED.);
#1961=B_SPLINE_CURVE_WITH_KNOTS('',1,(#3573,#3574),.UNSPECIFIED.,.F.,.F.,
(2,2),(0.,1.),.UNSPECIFIED.);
#1962=B_SPLINE_CURVE_WITH_KNOTS('',1,(#3575,#3576),.UNSPECIFIED.,.F.,.F.,
(2,2),(0.,1.),.UNSPECIFIED.);
#1963=B_SPLINE_CURVE_WITH_KNOTS('',1,(#3577,#3578),.UNSPECIFIED.,.F.,.F.,
(2,2),(0.,1.),.UNSPECIFIED.);
#1964=B_SPLINE_CURVE_WITH_KNOTS('',1,(#3579,#3580),.UNSPECIFIED.,.F.,.F.,
(2,2),(0.,1.),.UNSPECIFIED.);
#1965=B_SPLINE_CURVE_WITH_KNOTS('',1,(#3581,#3582),.UNSPECIFIED.,.F.,.F.,
(2,2),(0.,1.),.UNSPECIFIED.);
#1966=B_SPLINE_CURVE_WITH_KNOTS('',1,(#3583,#3584),.UNSPECIFIED.,.F.,.F.,
(2,2),(0.,1.),.UNSPECIFIED.);
#1967=B_SPLINE_CURVE_WITH_KNOTS('',1,(#3585,#3586),.UNSPECIFIED.,.F.,.F.,
(2,2),(0.,1.),.UNSPECIFIED.);
#1968=B_SPLINE_CURVE_WITH_KNOTS('',1,(#3587,#3588),.UNSPECIFIED.,.F.,.F.,
(2,2),(0.,1.),.UNSPECIFIED.);
#1969=B_SPLINE_CURVE_WITH_KNOTS('',1,(#3589,#3590),.UNSPECIFIED.,.F.,.F.,
(2,2),(0.,1.),.UNSPECIFIED.);
#1970=B_SPLINE_CURVE_WITH_KNOTS('',1,(#3591,#3592),.UNSPECIFIED.,.F.,.F.,
(2,2),(0.,1.),.UNSPECIFIED.);
#1971=B_SPLINE_CURVE_WITH_KNOTS('',1,(#3593,#3594),.UNSPECIFIED.,.F.,.F.,
(2,2),(0.,1.),.UNSPECIFIED.);
#1972=B_SPLINE_CURVE_WITH_KNOTS('',1,(#3595,#3596),.UNSPECIFIED.,.F.,.F.,
(2,2),(0.,1.),.UNSPECIFIED.);
#1973=B_SPLINE_CURVE_WITH_KNOTS('',1,(#3597,#3598),.UNSPECIFIED.,.F.,.F.,
(2,2),(0.,1.),.UNSPECIFIED.);
#1974=B_SPLINE_CURVE_WITH_KNOTS('',1,(#3599,#3600),.UNSPECIFIED.,.F.,.F.,
(2,2),(0.,1.),.UNSPECIFIED.);
#1975=B_SPLINE_CURVE_WITH_KNOTS('',1,(#3601,#3602),.UNSPECIFIED.,.F.,.F.,
(2,2),(0.,1.),.UNSPECIFIED.);
#1976=B_SPLINE_CURVE_WITH_KNOTS('',1,(#3603,#3604),.UNSPECIFIED.,.F.,.F.,
(2,2),(0.,1.),.UNSPECIFIED.);
#1977=B_SPLINE_CURVE_WITH_KNOTS('',1,(#3605,#3606),.UNSPECIFIED.,.F.,.F.,
(2,2),(0.,1.),.UNSPECIFIED.);
#1978=B_SPLINE_CURVE_WITH_KNOTS('',1,(#3607,#3608),.UNSPECIFIED.,.F.,.F.,
(2,2),(0.,1.),.UNSPECIFIED.);
#1979=B_SPLINE_CURVE_WITH_KNOTS('',1,(#3609,#3610),.UNSPECIFIED.,.F.,.F.,
(2,2),(0.,1.),.UNSPECIFIED.);
#1980=B_SPLINE_CURVE_WITH_KNOTS('',1,(#3611,#3612),.UNSPECIFIED.,.F.,.F.,
(2,2),(0.,1.),.UNSPECIFIED.);
#1981=B_SPLINE_CURVE_WITH_KNOTS('',1,(#3613,#3614),.UNSPECIFIED.,.F.,.F.,
(2,2),(0.,1.),.UNSPECIFIED.);
#1982=B_SPLINE_CURVE_WITH_KNOTS('',1,(#3615,#3616),.UNSPECIFIED.,.F.,.F.,
(2,2),(0.,1.),.UNSPECIFIED.);
#1983=B_SPLINE_CURVE_WITH_KNOTS('',1,(#3617,#3618),.UNSPECIFIED.,.F.,.F.,
(2,2),(0.,1.),.UNSPECIFIED.);
#1984=B_SPLINE_CURVE_WITH_KNOTS('',1,(#3619,#3620),.UNSPECIFIED.,.F.,.F.,
(2,2),(0.,1.),.UNSPECIFIED.);
#1985=B_SPLINE_CURVE_WITH_KNOTS('',1,(#3621,#3622),.UNSPECIFIED.,.F.,.F.,
(2,2),(0.,1.),.UNSPECIFIED.);
#1986=B_SPLINE_CURVE_WITH_KNOTS('',1,(#3623,#3624),.UNSPECIFIED.,.F.,.F.,
(2,2),(0.,1.),.UNSPECIFIED.);
#1987=B_SPLINE_CURVE_WITH_KNOTS('',1,(#3625,#3626),.UNSPECIFIED.,.F.,.F.,
(2,2),(0.,1.),.UNSPECIFIED.);
#1988=B_SPLINE_CURVE_WITH_KNOTS('',1,(#3627,#3628),.UNSPECIFIED.,.F.,.F.,
(2,2),(0.,1.),.UNSPECIFIED.);
#1989=B_SPLINE_CURVE_WITH_KNOTS('',1,(#3629,#3630),.UNSPECIFIED.,.F.,.F.,
(2,2),(0.,1.),.UNSPECIFIED.);
#1990=B_SPLINE_CURVE_WITH_KNOTS('',1,(#3631,#3632),.UNSPECIFIED.,.F.,.F.,
(2,2),(0.,1.),.UNSPECIFIED.);
#1991=B_SPLINE_CURVE_WITH_KNOTS('',1,(#3633,#3634),.UNSPECIFIED.,.F.,.F.,
(2,2),(0.,1.),.UNSPECIFIED.);
#1992=B_SPLINE_CURVE_WITH_KNOTS('',1,(#3635,#3636),.UNSPECIFIED.,.F.,.F.,
(2,2),(0.,1.),.UNSPECIFIED.);
#1993=B_SPLINE_CURVE_WITH_KNOTS('',1,(#3637,#3638),.UNSPECIFIED.,.F.,.F.,
(2,2),(0.,1.),.UNSPECIFIED.);
#1994=B_SPLINE_CURVE_WITH_KNOTS('',1,(#3639,#3640),.UNSPECIFIED.,.F.,.F.,
(2,2),(0.,1.),.UNSPECIFIED.);
#1995=B_SPLINE_CURVE_WITH_KNOTS('',1,(#3641,#3642),.UNSPECIFIED.,.F.,.F.,
(2,2),(0.,1.),.UNSPECIFIED.);
#1996=B_SPLINE_CURVE_WITH_KNOTS('',1,(#3643,#3644),.UNSPECIFIED.,.F.,.F.,
(2,2),(0.,1.),.UNSPECIFIED.);
#1997=B_SPLINE_CURVE_WITH_KNOTS('',1,(#3645,#3646),.UNSPECIFIED.,.F.,.F.,
(2,2),(0.,1.),.UNSPECIFIED.);
#1998=B_SPLINE_CURVE_WITH_KNOTS('',1,(#3647,#3648),.UNSPECIFIED.,.F.,.F.,
(2,2),(0.,1.),.UNSPECIFIED.);
#1999=B_SPLINE_CURVE_WITH_KNOTS('',1,(#3649,#3650),.UNSPECIFIED.,.F.,.F.,
(2,2),(0.,1.),.UNSPECIFIED.);
#2000=B_SPLINE_CURVE_WITH_KNOTS('',1,(#3651,#3652),.UNSPECIFIED.,.F.,.F.,
(2,2),(0.,1.),.UNSPECIFIED.);
#2001=B_SPLINE_CURVE_WITH_KNOTS('',1,(#3653,#3654),.UNSPECIFIED.,.F.,.F.,
(2,2),(0.,1.),.UNSPECIFIED.);
#2002=B_SPLINE_CURVE_WITH_KNOTS('',1,(#3655,#3656),.UNSPECIFIED.,.F.,.F.,
(2,2),(0.,1.),.UNSPECIFIED.);
#2003=B_SPLINE_CURVE_WITH_KNOTS('',1,(#3657,#3658),.UNSPECIFIED.,.F.,.F.,
(2,2),(0.,1.),.UNSPECIFIED.);
#2004=B_SPLINE_CURVE_WITH_KNOTS('',1,(#3659,#3660),.UNSPECIFIED.,.F.,.F.,
(2,2),(0.,1.),.UNSPECIFIED.);
#2005=B_SPLINE_CURVE_WITH_KNOTS('',1,(#3661,#3662),.UNSPECIFIED.,.F.,.F.,
(2,2),(0.,1.),.UNSPECIFIED.);
#2006=B_SPLINE_CURVE_WITH_KNOTS('',1,(#3663,#3664),.UNSPECIFIED.,.F.,.F.,
(2,2),(0.,1.),.UNSPECIFIED.);
#2007=B_SPLINE_CURVE_WITH_KNOTS('',1,(#3665,#3666),.UNSPECIFIED.,.F.,.F.,
(2,2),(0.,1.),.UNSPECIFIED.);
#2008=B_SPLINE_CURVE_WITH_KNOTS('',1,(#3667,#3668),.UNSPECIFIED.,.F.,.F.,
(2,2),(0.,1.),.UNSPECIFIED.);
#2009=B_SPLINE_CURVE_WITH_KNOTS('',1,(#3669,#3670),.UNSPECIFIED.,.F.,.F.,
(2,2),(0.,1.),.UNSPECIFIED.);
#2010=B_SPLINE_CURVE_WITH_KNOTS('',1,(#3671,#3672),.UNSPECIFIED.,.F.,.F.,
(2,2),(0.,1.),.UNSPECIFIED.);
#2011=B_SPLINE_CURVE_WITH_KNOTS('',1,(#3673,#3674),.UNSPECIFIED.,.F.,.F.,
(2,2),(0.,1.),.UNSPECIFIED.);
#2012=B_SPLINE_CURVE_WITH_KNOTS('',1,(#3675,#3676),.UNSPECIFIED.,.F.,.F.,
(2,2),(0.,1.),.UNSPECIFIED.);
#2013=B_SPLINE_CURVE_WITH_KNOTS('',1,(#3677,#3678),.UNSPECIFIED.,.F.,.F.,
(2,2),(0.,1.),.UNSPECIFIED.);
#2014=B_SPLINE_CURVE_WITH_KNOTS('',1,(#3679,#3680),.UNSPECIFIED.,.F.,.F.,
(2,2),(0.,1.),.UNSPECIFIED.);
#2015=B_SPLINE_CURVE_WITH_KNOTS('',1,(#3681,#3682),.UNSPECIFIED.,.F.,.F.,
(2,2),(0.,1.),.UNSPECIFIED.);
#2016=B_SPLINE_CURVE_WITH_KNOTS('',1,(#3683,#3684),.UNSPECIFIED.,.F.,.F.,
(2,2),(0.,1.),.UNSPECIFIED.);
#2017=B_SPLINE_CURVE_WITH_KNOTS('',1,(#3685,#3686),.UNSPECIFIED.,.F.,.F.,
(2,2),(0.,1.),.UNSPECIFIED.);
#2018=B_SPLINE_CURVE_WITH_KNOTS('',1,(#3687,#3688),.UNSPECIFIED.,.F.,.F.,
(2,2),(0.,1.),.UNSPECIFIED.);
#2019=B_SPLINE_CURVE_WITH_KNOTS('',1,(#3689,#3690),.UNSPECIFIED.,.F.,.F.,
(2,2),(0.,1.),.UNSPECIFIED.);
#2020=B_SPLINE_CURVE_WITH_KNOTS('',1,(#3691,#3692),.UNSPECIFIED.,.F.,.F.,
(2,2),(0.,1.),.UNSPECIFIED.);
#2021=B_SPLINE_CURVE_WITH_KNOTS('',1,(#3693,#3694),.UNSPECIFIED.,.F.,.F.,
(2,2),(0.,1.),.UNSPECIFIED.);
#2022=B_SPLINE_CURVE_WITH_KNOTS('',1,(#3695,#3696),.UNSPECIFIED.,.F.,.F.,
(2,2),(0.,1.),.UNSPECIFIED.);
#2023=B_SPLINE_CURVE_WITH_KNOTS('',1,(#3697,#3698),.UNSPECIFIED.,.F.,.F.,
(2,2),(0.,1.),.UNSPECIFIED.);
#2024=B_SPLINE_CURVE_WITH_KNOTS('',1,(#3699,#3700),.UNSPECIFIED.,.F.,.F.,
(2,2),(0.,1.),.UNSPECIFIED.);
#2025=B_SPLINE_CURVE_WITH_KNOTS('',1,(#3701,#3702),.UNSPECIFIED.,.F.,.F.,
(2,2),(0.,1.),.UNSPECIFIED.);
#2026=B_SPLINE_CURVE_WITH_KNOTS('',1,(#3703,#3704),.UNSPECIFIED.,.F.,.F.,
(2,2),(0.,1.),.UNSPECIFIED.);
#2027=B_SPLINE_CURVE_WITH_KNOTS('',1,(#3705,#3706),.UNSPECIFIED.,.F.,.F.,
(2,2),(0.,1.),.UNSPECIFIED.);
#2028=B_SPLINE_CURVE_WITH_KNOTS('',1,(#3707,#3708),.UNSPECIFIED.,.F.,.F.,
(2,2),(0.,1.),.UNSPECIFIED.);
#2029=B_SPLINE_CURVE_WITH_KNOTS('',1,(#3709,#3710),.UNSPECIFIED.,.F.,.F.,
(2,2),(0.,1.),.UNSPECIFIED.);
#2030=B_SPLINE_CURVE_WITH_KNOTS('',1,(#3711,#3712),.UNSPECIFIED.,.F.,.F.,
(2,2),(0.,1.),.UNSPECIFIED.);
#2031=B_SPLINE_CURVE_WITH_KNOTS('',1,(#3713,#3714),.UNSPECIFIED.,.F.,.F.,
(2,2),(0.,1.),.UNSPECIFIED.);
#2032=B_SPLINE_CURVE_WITH_KNOTS('',1,(#3715,#3716),.UNSPECIFIED.,.F.,.F.,
(2,2),(0.,1.),.UNSPECIFIED.);
#2033=B_SPLINE_CURVE_WITH_KNOTS('',1,(#3717,#3718),.UNSPECIFIED.,.F.,.F.,
(2,2),(0.,1.),.UNSPECIFIED.);
#2034=B_SPLINE_CURVE_WITH_KNOTS('',1,(#3719,#3720),.UNSPECIFIED.,.F.,.F.,
(2,2),(0.,1.),.UNSPECIFIED.);
#2035=B_SPLINE_CURVE_WITH_KNOTS('',1,(#3721,#3722),.UNSPECIFIED.,.F.,.F.,
(2,2),(0.,1.),.UNSPECIFIED.);
#2036=B_SPLINE_CURVE_WITH_KNOTS('',1,(#3723,#3724),.UNSPECIFIED.,.F.,.F.,
(2,2),(0.,1.),.UNSPECIFIED.);
#2037=B_SPLINE_CURVE_WITH_KNOTS('',1,(#3725,#3726),.UNSPECIFIED.,.F.,.F.,
(2,2),(0.,1.),.UNSPECIFIED.);
#2038=B_SPLINE_CURVE_WITH_KNOTS('',1,(#3727,#3728),.UNSPECIFIED.,.F.,.F.,
(2,2),(0.,1.),.UNSPECIFIED.);
#2039=B_SPLINE_CURVE_WITH_KNOTS('',1,(#3729,#3730),.UNSPECIFIED.,.F.,.F.,
(2,2),(0.,1.),.UNSPECIFIED.);
#2040=B_SPLINE_CURVE_WITH_KNOTS('',1,(#3731,#3732),.UNSPECIFIED.,.F.,.F.,
(2,2),(0.,1.),.UNSPECIFIED.);
#2041=B_SPLINE_CURVE_WITH_KNOTS('',1,(#3733,#3734),.UNSPECIFIED.,.F.,.F.,
(2,2),(0.,1.),.UNSPECIFIED.);
#2042=B_SPLINE_CURVE_WITH_KNOTS('',1,(#3735,#3736),.UNSPECIFIED.,.F.,.F.,
(2,2),(0.,1.),.UNSPECIFIED.);
#2043=B_SPLINE_CURVE_WITH_KNOTS('',1,(#3737,#3738),.UNSPECIFIED.,.F.,.F.,
(2,2),(0.,1.),.UNSPECIFIED.);
#2044=B_SPLINE_CURVE_WITH_KNOTS('',1,(#3739,#3740),.UNSPECIFIED.,.F.,.F.,
(2,2),(0.,1.),.UNSPECIFIED.);
#2045=B_SPLINE_CURVE_WITH_KNOTS('',1,(#3741,#3742),.UNSPECIFIED.,.F.,.F.,
(2,2),(0.,1.),.UNSPECIFIED.);
#2046=B_SPLINE_CURVE_WITH_KNOTS('',1,(#3743,#3744),.UNSPECIFIED.,.F.,.F.,
(2,2),(0.,1.),.UNSPECIFIED.);
#2047=B_SPLINE_CURVE_WITH_KNOTS('',1,(#3745,#3746),.UNSPECIFIED.,.F.,.F.,
(2,2),(0.,1.),.UNSPECIFIED.);
#2048=B_SPLINE_CURVE_WITH_KNOTS('',1,(#3747,#3748),.UNSPECIFIED.,.F.,.F.,
(2,2),(0.,1.),.UNSPECIFIED.);
#2049=B_SPLINE_CURVE_WITH_KNOTS('',1,(#3749,#3750),.UNSPECIFIED.,.F.,.F.,
(2,2),(0.,1.),.UNSPECIFIED.);
#2050=B_SPLINE_CURVE_WITH_KNOTS('',1,(#3751,#3752),.UNSPECIFIED.,.F.,.F.,
(2,2),(0.,1.),.UNSPECIFIED.);
#2051=B_SPLINE_CURVE_WITH_KNOTS('',1,(#3753,#3754),.UNSPECIFIED.,.F.,.F.,
(2,2),(0.,1.),.UNSPECIFIED.);
#2052=B_SPLINE_CURVE_WITH_KNOTS('',1,(#3755,#3756),.UNSPECIFIED.,.F.,.F.,
(2,2),(0.,1.),.UNSPECIFIED.);
#2053=B_SPLINE_CURVE_WITH_KNOTS('',1,(#3757,#3758),.UNSPECIFIED.,.F.,.F.,
(2,2),(0.,1.),.UNSPECIFIED.);
#2054=B_SPLINE_CURVE_WITH_KNOTS('',1,(#3759,#3760),.UNSPECIFIED.,.F.,.F.,
(2,2),(0.,1.),.UNSPECIFIED.);
#2055=B_SPLINE_CURVE_WITH_KNOTS('',1,(#3761,#3762),.UNSPECIFIED.,.F.,.F.,
(2,2),(0.,1.),.UNSPECIFIED.);
#2056=B_SPLINE_CURVE_WITH_KNOTS('',1,(#3763,#3764),.UNSPECIFIED.,.F.,.F.,
(2,2),(0.,1.),.UNSPECIFIED.);
#2057=B_SPLINE_CURVE_WITH_KNOTS('',1,(#3765,#3766),.UNSPECIFIED.,.F.,.F.,
(2,2),(0.,1.),.UNSPECIFIED.);
#2058=B_SPLINE_CURVE_WITH_KNOTS('',1,(#3767,#3768),.UNSPECIFIED.,.F.,.F.,
(2,2),(0.,1.),.UNSPECIFIED.);
#2059=B_SPLINE_CURVE_WITH_KNOTS('',1,(#3769,#3770),.UNSPECIFIED.,.F.,.F.,
(2,2),(0.,1.),.UNSPECIFIED.);
#2060=B_SPLINE_CURVE_WITH_KNOTS('',1,(#3771,#3772),.UNSPECIFIED.,.F.,.F.,
(2,2),(0.,1.),.UNSPECIFIED.);
#2061=B_SPLINE_CURVE_WITH_KNOTS('',1,(#3773,#3774),.UNSPECIFIED.,.F.,.F.,
(2,2),(0.,1.),.UNSPECIFIED.);
#2062=B_SPLINE_CURVE_WITH_KNOTS('',1,(#3775,#3776),.UNSPECIFIED.,.F.,.F.,
(2,2),(0.,1.),.UNSPECIFIED.);
#2063=B_SPLINE_CURVE_WITH_KNOTS('',1,(#3777,#3778),.UNSPECIFIED.,.F.,.F.,
(2,2),(0.,1.),.UNSPECIFIED.);
#2064=B_SPLINE_CURVE_WITH_KNOTS('',1,(#3779,#3780),.UNSPECIFIED.,.F.,.F.,
(2,2),(0.,1.),.UNSPECIFIED.);
#2065=B_SPLINE_CURVE_WITH_KNOTS('',1,(#3781,#3782),.UNSPECIFIED.,.F.,.F.,
(2,2),(0.,1.),.UNSPECIFIED.);
#2066=B_SPLINE_CURVE_WITH_KNOTS('',1,(#3783,#3784),.UNSPECIFIED.,.F.,.F.,
(2,2),(0.,1.),.UNSPECIFIED.);
#2067=B_SPLINE_CURVE_WITH_KNOTS('',1,(#3785,#3786),.UNSPECIFIED.,.F.,.F.,
(2,2),(0.,1.),.UNSPECIFIED.);
#2068=B_SPLINE_CURVE_WITH_KNOTS('',1,(#3787,#3788),.UNSPECIFIED.,.F.,.F.,
(2,2),(0.,1.),.UNSPECIFIED.);
#2069=B_SPLINE_CURVE_WITH_KNOTS('',1,(#3789,#3790),.UNSPECIFIED.,.F.,.F.,
(2,2),(0.,1.),.UNSPECIFIED.);
#2070=B_SPLINE_CURVE_WITH_KNOTS('',1,(#3791,#3792),.UNSPECIFIED.,.F.,.F.,
(2,2),(0.,1.),.UNSPECIFIED.);
#2071=B_SPLINE_CURVE_WITH_KNOTS('',1,(#3793,#3794),.UNSPECIFIED.,.F.,.F.,
(2,2),(0.,1.),.UNSPECIFIED.);
#2072=B_SPLINE_CURVE_WITH_KNOTS('',1,(#3795,#3796),.UNSPECIFIED.,.F.,.F.,
(2,2),(0.,1.),.UNSPECIFIED.);
#2073=B_SPLINE_CURVE_WITH_KNOTS('',1,(#3797,#3798),.UNSPECIFIED.,.F.,.F.,
(2,2),(0.,1.),.UNSPECIFIED.);
#2074=B_SPLINE_CURVE_WITH_KNOTS('',1,(#3799,#3800),.UNSPECIFIED.,.F.,.F.,
(2,2),(0.,1.),.UNSPECIFIED.);
#2075=B_SPLINE_CURVE_WITH_KNOTS('',1,(#3801,#3802),.UNSPECIFIED.,.F.,.F.,
(2,2),(0.,1.),.UNSPECIFIED.);
#2076=B_SPLINE_CURVE_WITH_KNOTS('',1,(#3803,#3804),.UNSPECIFIED.,.F.,.F.,
(2,2),(0.,1.),.UNSPECIFIED.);
#2077=B_SPLINE_CURVE_WITH_KNOTS('',1,(#3805,#3806),.UNSPECIFIED.,.F.,.F.,
(2,2),(0.,1.),.UNSPECIFIED.);
#2078=B_SPLINE_CURVE_WITH_KNOTS('',1,(#3807,#3808),.UNSPECIFIED.,.F.,.F.,
(2,2),(0.,1.),.UNSPECIFIED.);
#2079=B_SPLINE_CURVE_WITH_KNOTS('',1,(#3809,#3810),.UNSPECIFIED.,.F.,.F.,
(2,2),(0.,1.),.UNSPECIFIED.);
#2080=B_SPLINE_CURVE_WITH_KNOTS('',1,(#3811,#3812),.UNSPECIFIED.,.F.,.F.,
(2,2),(0.,1.),.UNSPECIFIED.);
#2081=B_SPLINE_CURVE_WITH_KNOTS('',1,(#3813,#3814),.UNSPECIFIED.,.F.,.F.,
(2,2),(0.,1.),.UNSPECIFIED.);
#2082=B_SPLINE_CURVE_WITH_KNOTS('',1,(#3815,#3816),.UNSPECIFIED.,.F.,.F.,
(2,2),(0.,1.),.UNSPECIFIED.);
#2083=B_SPLINE_CURVE_WITH_KNOTS('',1,(#3817,#3818),.UNSPECIFIED.,.F.,.F.,
(2,2),(0.,1.),.UNSPECIFIED.);
#2084=B_SPLINE_CURVE_WITH_KNOTS('',1,(#3819,#3820),.UNSPECIFIED.,.F.,.F.,
(2,2),(0.,1.),.UNSPECIFIED.);
#2085=B_SPLINE_CURVE_WITH_KNOTS('',1,(#3821,#3822),.UNSPECIFIED.,.F.,.F.,
(2,2),(0.,1.),.UNSPECIFIED.);
#2086=B_SPLINE_CURVE_WITH_KNOTS('',1,(#3823,#3824),.UNSPECIFIED.,.F.,.F.,
(2,2),(0.,1.),.UNSPECIFIED.);
#2087=B_SPLINE_CURVE_WITH_KNOTS('',1,(#3825,#3826),.UNSPECIFIED.,.F.,.F.,
(2,2),(0.,1.),.UNSPECIFIED.);
#2088=B_SPLINE_CURVE_WITH_KNOTS('',1,(#3827,#3828),.UNSPECIFIED.,.F.,.F.,
(2,2),(0.,1.),.UNSPECIFIED.);
#2089=B_SPLINE_CURVE_WITH_KNOTS('',1,(#3829,#3830),.UNSPECIFIED.,.F.,.F.,
(2,2),(0.,1.),.UNSPECIFIED.);
#2090=B_SPLINE_CURVE_WITH_KNOTS('',1,(#3831,#3832),.UNSPECIFIED.,.F.,.F.,
(2,2),(0.,1.),.UNSPECIFIED.);
#2091=B_SPLINE_CURVE_WITH_KNOTS('',1,(#3833,#3834),.UNSPECIFIED.,.F.,.F.,
(2,2),(0.,1.),.UNSPECIFIED.);
#2092=B_SPLINE_CURVE_WITH_KNOTS('',1,(#3835,#3836),.UNSPECIFIED.,.F.,.F.,
(2,2),(0.,1.),.UNSPECIFIED.);
#2093=B_SPLINE_CURVE_WITH_KNOTS('',1,(#3837,#3838),.UNSPECIFIED.,.F.,.F.,
(2,2),(0.,1.),.UNSPECIFIED.);
#2094=B_SPLINE_CURVE_WITH_KNOTS('',1,(#3839,#3840),.UNSPECIFIED.,.F.,.F.,
(2,2),(0.,1.),.UNSPECIFIED.);
#2095=B_SPLINE_CURVE_WITH_KNOTS('',1,(#3841,#3842),.UNSPECIFIED.,.F.,.F.,
(2,2),(0.,1.),.UNSPECIFIED.);
#2096=B_SPLINE_CURVE_WITH_KNOTS('',1,(#3843,#3844),.UNSPECIFIED.,.F.,.F.,
(2,2),(0.,1.),.UNSPECIFIED.);
#2097=B_SPLINE_CURVE_WITH_KNOTS('',1,(#3845,#3846),.UNSPECIFIED.,.F.,.F.,
(2,2),(0.,1.),.UNSPECIFIED.);
#2098=B_SPLINE_CURVE_WITH_KNOTS('',1,(#3847,#3848),.UNSPECIFIED.,.F.,.F.,
(2,2),(0.,1.),.UNSPECIFIED.);
#2099=B_SPLINE_CURVE_WITH_KNOTS('',1,(#3849,#3850),.UNSPECIFIED.,.F.,.F.,
(2,2),(0.,1.),.UNSPECIFIED.);
#2100=B_SPLINE_CURVE_WITH_KNOTS('',1,(#3851,#3852),.UNSPECIFIED.,.F.,.F.,
(2,2),(0.,1.),.UNSPECIFIED.);
#2101=B_SPLINE_CURVE_WITH_KNOTS('',1,(#3853,#3854),.UNSPECIFIED.,.F.,.F.,
(2,2),(0.,1.),.UNSPECIFIED.);
#2102=B_SPLINE_CURVE_WITH_KNOTS('',1,(#3855,#3856),.UNSPECIFIED.,.F.,.F.,
(2,2),(0.,1.),.UNSPECIFIED.);
#2103=B_SPLINE_CURVE_WITH_KNOTS('',1,(#3857,#3858),.UNSPECIFIED.,.F.,.F.,
(2,2),(0.,1.),.UNSPECIFIED.);
#2104=B_SPLINE_CURVE_WITH_KNOTS('',1,(#3859,#3860),.UNSPECIFIED.,.F.,.F.,
(2,2),(0.,1.),.UNSPECIFIED.);
#2105=B_SPLINE_CURVE_WITH_KNOTS('',1,(#3861,#3862,#3863),.UNSPECIFIED.,
 .F.,.F.,(2,1,2),(0.,1.,2.),.UNSPECIFIED.);
#2106=B_SPLINE_CURVE_WITH_KNOTS('',1,(#3864,#3865,#3866),.UNSPECIFIED.,
 .F.,.F.,(2,1,2),(0.,1.,2.),.UNSPECIFIED.);
#2107=B_SPLINE_CURVE_WITH_KNOTS('',1,(#3867,#3868,#3869),.UNSPECIFIED.,
 .F.,.F.,(2,1,2),(-1.,0.,1.),.UNSPECIFIED.);
#2108=B_SPLINE_CURVE_WITH_KNOTS('',1,(#3870,#3871,#3872),.UNSPECIFIED.,
 .F.,.F.,(2,1,2),(0.,1.,2.),.UNSPECIFIED.);
#2109=B_SPLINE_CURVE_WITH_KNOTS('',1,(#3873,#3874,#3875),.UNSPECIFIED.,
 .F.,.F.,(2,1,2),(0.,1.,2.),.UNSPECIFIED.);
#2110=B_SPLINE_CURVE_WITH_KNOTS('',1,(#3876,#3877,#3878),.UNSPECIFIED.,
 .F.,.F.,(2,1,2),(0.,1.,2.),.UNSPECIFIED.);
#2111=B_SPLINE_CURVE_WITH_KNOTS('',1,(#3879,#3880),.UNSPECIFIED.,.F.,.F.,
(2,2),(4.,5.),.UNSPECIFIED.);
#2112=B_SPLINE_CURVE_WITH_KNOTS('',1,(#3881,#3882),.UNSPECIFIED.,.F.,.F.,
(2,2),(2.,3.),.UNSPECIFIED.);
#2113=B_SPLINE_CURVE_WITH_KNOTS('',1,(#3883,#3884),.UNSPECIFIED.,.F.,.F.,
(2,2),(7.,8.),.UNSPECIFIED.);
#2114=B_SPLINE_CURVE_WITH_KNOTS('',1,(#3885,#3886),.UNSPECIFIED.,.F.,.F.,
(2,2),(3.,4.),.UNSPECIFIED.);
#2115=B_SPLINE_CURVE_WITH_KNOTS('',1,(#3887,#3888),.UNSPECIFIED.,.F.,.F.,
(2,2),(0.,1.),.UNSPECIFIED.);
#2116=B_SPLINE_CURVE_WITH_KNOTS('',1,(#3889,#3890),.UNSPECIFIED.,.F.,.F.,
(2,2),(4.,5.),.UNSPECIFIED.);
#2117=B_SPLINE_CURVE_WITH_KNOTS('',1,(#3941,#3942),.UNSPECIFIED.,.F.,.F.,
(2,2),(0.,1.),.UNSPECIFIED.);
#2118=B_SPLINE_CURVE_WITH_KNOTS('',1,(#3943,#3944),.UNSPECIFIED.,.F.,.F.,
(2,2),(0.,1.),.UNSPECIFIED.);
#2119=B_SPLINE_CURVE_WITH_KNOTS('',1,(#3945,#3946),.UNSPECIFIED.,.F.,.F.,
(2,2),(0.,1.),.UNSPECIFIED.);
#2120=B_SPLINE_CURVE_WITH_KNOTS('',1,(#3947,#3948),.UNSPECIFIED.,.F.,.F.,
(2,2),(0.,1.),.UNSPECIFIED.);
#2121=B_SPLINE_CURVE_WITH_KNOTS('',1,(#3949,#3950),.UNSPECIFIED.,.F.,.F.,
(2,2),(0.,1.),.UNSPECIFIED.);
#2122=B_SPLINE_CURVE_WITH_KNOTS('',1,(#3951,#3952),.UNSPECIFIED.,.F.,.F.,
(2,2),(0.,1.),.UNSPECIFIED.);
#2123=B_SPLINE_CURVE_WITH_KNOTS('',1,(#3953,#3954),.UNSPECIFIED.,.F.,.F.,
(2,2),(0.,1.),.UNSPECIFIED.);
#2124=B_SPLINE_CURVE_WITH_KNOTS('',1,(#3955,#3956),.UNSPECIFIED.,.F.,.F.,
(2,2),(0.,1.),.UNSPECIFIED.);
#2125=B_SPLINE_CURVE_WITH_KNOTS('',1,(#3957,#3958),.UNSPECIFIED.,.F.,.F.,
(2,2),(0.,1.),.UNSPECIFIED.);
#2126=B_SPLINE_CURVE_WITH_KNOTS('',1,(#3959,#3960),.UNSPECIFIED.,.F.,.F.,
(2,2),(0.,1.),.UNSPECIFIED.);
#2127=B_SPLINE_CURVE_WITH_KNOTS('',1,(#3961,#3962),.UNSPECIFIED.,.F.,.F.,
(2,2),(0.,1.),.UNSPECIFIED.);
#2128=B_SPLINE_CURVE_WITH_KNOTS('',1,(#3963,#3964),.UNSPECIFIED.,.F.,.F.,
(2,2),(0.,1.),.UNSPECIFIED.);
#2129=B_SPLINE_CURVE_WITH_KNOTS('',1,(#3965,#3966),.UNSPECIFIED.,.F.,.F.,
(2,2),(0.,1.),.UNSPECIFIED.);
#2130=B_SPLINE_CURVE_WITH_KNOTS('',1,(#3967,#3968),.UNSPECIFIED.,.F.,.F.,
(2,2),(0.,1.),.UNSPECIFIED.);
#2131=B_SPLINE_CURVE_WITH_KNOTS('',1,(#3969,#3970),.UNSPECIFIED.,.F.,.F.,
(2,2),(0.,0.026337193955014),.UNSPECIFIED.);
#2132=B_SPLINE_CURVE_WITH_KNOTS('',1,(#3971,#3972),.UNSPECIFIED.,.F.,.F.,
(2,2),(0.,0.026337193955014),.UNSPECIFIED.);
#2133=B_SPLINE_CURVE_WITH_KNOTS('',1,(#3973,#3974),.UNSPECIFIED.,.F.,.F.,
(2,2),(0.,0.026337193040814),.UNSPECIFIED.);
#2134=B_SPLINE_CURVE_WITH_KNOTS('',1,(#3975,#3976),.UNSPECIFIED.,.F.,.F.,
(2,2),(0.,0.026337193040814),.UNSPECIFIED.);
#2135=B_SPLINE_CURVE_WITH_KNOTS('',1,(#3977,#3978),.UNSPECIFIED.,.F.,.F.,
(2,2),(0.,0.0263371930408292),.UNSPECIFIED.);
#2136=B_SPLINE_CURVE_WITH_KNOTS('',1,(#3979,#3980),.UNSPECIFIED.,.F.,.F.,
(2,2),(0.,0.0263371930408292),.UNSPECIFIED.);
#2137=B_SPLINE_CURVE_WITH_KNOTS('',1,(#3981,#3982),.UNSPECIFIED.,.F.,.F.,
(2,2),(0.,0.0263371930408282),.UNSPECIFIED.);
#2138=B_SPLINE_CURVE_WITH_KNOTS('',1,(#3983,#3984),.UNSPECIFIED.,.F.,.F.,
(2,2),(0.,0.0263371930408125),.UNSPECIFIED.);
#2139=B_SPLINE_CURVE_WITH_KNOTS('',1,(#3985,#3986),.UNSPECIFIED.,.F.,.F.,
(2,2),(0.,0.0263371930408125),.UNSPECIFIED.);
#2140=B_SPLINE_CURVE_WITH_KNOTS('',1,(#3987,#3988),.UNSPECIFIED.,.F.,.F.,
(2,2),(0.,0.0263371939550135),.UNSPECIFIED.);
#2141=B_SPLINE_CURVE_WITH_KNOTS('',1,(#3989,#3990),.UNSPECIFIED.,.F.,.F.,
(2,2),(0.,0.0263371939550135),.UNSPECIFIED.);
#2142=B_SPLINE_CURVE_WITH_KNOTS('',1,(#3991,#3992),.UNSPECIFIED.,.F.,.F.,
(2,2),(0.,0.0263371939550143),.UNSPECIFIED.);
#2143=B_SPLINE_CURVE_WITH_KNOTS('',1,(#3993,#3994),.UNSPECIFIED.,.F.,.F.,
(2,2),(0.,0.0263371930408282),.UNSPECIFIED.);
#2144=B_SPLINE_CURVE_WITH_KNOTS('',1,(#3995,#3996),.UNSPECIFIED.,.F.,.F.,
(2,2),(0.,0.0263371939550143),.UNSPECIFIED.);
#2145=B_SPLINE_CURVE_WITH_KNOTS('',1,(#3997,#3998),.UNSPECIFIED.,.F.,.F.,
(2,2),(0.,0.0263371939550135),.UNSPECIFIED.);
#2146=B_SPLINE_CURVE_WITH_KNOTS('',1,(#3999,#4000),.UNSPECIFIED.,.F.,.F.,
(2,2),(0.,0.0263371939550135),.UNSPECIFIED.);
#2147=B_SPLINE_CURVE_WITH_KNOTS('',1,(#4001,#4002),.UNSPECIFIED.,.F.,.F.,
(2,2),(0.,0.0263371939550123),.UNSPECIFIED.);
#2148=B_SPLINE_CURVE_WITH_KNOTS('',1,(#4003,#4004),.UNSPECIFIED.,.F.,.F.,
(2,2),(0.,0.0263371939550123),.UNSPECIFIED.);
#2149=B_SPLINE_CURVE_WITH_KNOTS('',1,(#4005,#4006),.UNSPECIFIED.,.F.,.F.,
(2,2),(0.,0.0263371930408298),.UNSPECIFIED.);
#2150=B_SPLINE_CURVE_WITH_KNOTS('',1,(#4007,#4008),.UNSPECIFIED.,.F.,.F.,
(2,2),(0.,0.0263371930408134),.UNSPECIFIED.);
#2151=B_SPLINE_CURVE_WITH_KNOTS('',1,(#4009,#4010),.UNSPECIFIED.,.F.,.F.,
(2,2),(0.,0.0263371930408134),.UNSPECIFIED.);
#2152=B_SPLINE_CURVE_WITH_KNOTS('',1,(#4011,#4012),.UNSPECIFIED.,.F.,.F.,
(2,2),(0.,0.0263371930408298),.UNSPECIFIED.);
#2153=B_SPLINE_CURVE_WITH_KNOTS('',1,(#4013,#4014),.UNSPECIFIED.,.F.,.F.,
(2,2),(0.,0.0263371930408298),.UNSPECIFIED.);
#2154=B_SPLINE_CURVE_WITH_KNOTS('',1,(#4015,#4016),.UNSPECIFIED.,.F.,.F.,
(2,2),(0.,0.0263371930408168),.UNSPECIFIED.);
#2155=B_SPLINE_CURVE_WITH_KNOTS('',1,(#4017,#4018),.UNSPECIFIED.,.F.,.F.,
(2,2),(0.,0.0263371930408144),.UNSPECIFIED.);
#2156=B_SPLINE_CURVE_WITH_KNOTS('',1,(#4019,#4020),.UNSPECIFIED.,.F.,.F.,
(2,2),(0.,0.0263371939550131),.UNSPECIFIED.);
#2157=B_SPLINE_CURVE_WITH_KNOTS('',1,(#4021,#4022),.UNSPECIFIED.,.F.,.F.,
(2,2),(0.,0.0263371939550131),.UNSPECIFIED.);
#2158=B_SPLINE_CURVE_WITH_KNOTS('',1,(#4023,#4024),.UNSPECIFIED.,.F.,.F.,
(2,2),(0.,0.0263371930408273),.UNSPECIFIED.);
#2159=B_SPLINE_CURVE_WITH_KNOTS('',1,(#4025,#4026),.UNSPECIFIED.,.F.,.F.,
(2,2),(0.,0.0668149987220756),.UNSPECIFIED.);
#2160=B_SPLINE_CURVE_WITH_KNOTS('',1,(#4027,#4028),.UNSPECIFIED.,.F.,.F.,
(2,2),(0.,0.0263371939550135),.UNSPECIFIED.);
#2161=B_SPLINE_CURVE_WITH_KNOTS('',1,(#4029,#4030),.UNSPECIFIED.,.F.,.F.,
(2,2),(0.,0.0668149987220756),.UNSPECIFIED.);
#2162=B_SPLINE_CURVE_WITH_KNOTS('',1,(#4031,#4032),.UNSPECIFIED.,.F.,.F.,
(2,2),(0.,0.0263371939550135),.UNSPECIFIED.);
#2163=B_SPLINE_CURVE_WITH_KNOTS('',1,(#4033,#4034),.UNSPECIFIED.,.F.,.F.,
(2,2),(0.0263371939550135,0.0526743879100275),.UNSPECIFIED.);
#2164=B_SPLINE_CURVE_WITH_KNOTS('',1,(#4035,#4036),.UNSPECIFIED.,.F.,.F.,
(2,2),(0.0263371939550135,0.0526743879100275),.UNSPECIFIED.);
#2165=B_SPLINE_CURVE_WITH_KNOTS('',1,(#4087,#4088),.UNSPECIFIED.,.F.,.F.,
(2,2),(0.,1.),.UNSPECIFIED.);
#2166=B_SPLINE_CURVE_WITH_KNOTS('',1,(#4089,#4090),.UNSPECIFIED.,.F.,.F.,
(2,2),(0.,1.),.UNSPECIFIED.);
#2167=B_SPLINE_CURVE_WITH_KNOTS('',1,(#4091,#4092),.UNSPECIFIED.,.F.,.F.,
(2,2),(0.,1.),.UNSPECIFIED.);
#2168=B_SPLINE_CURVE_WITH_KNOTS('',1,(#4093,#4094),.UNSPECIFIED.,.F.,.F.,
(2,2),(0.,1.),.UNSPECIFIED.);
#2169=B_SPLINE_CURVE_WITH_KNOTS('',1,(#4095,#4096),.UNSPECIFIED.,.F.,.F.,
(2,2),(0.,1.),.UNSPECIFIED.);
#2170=B_SPLINE_CURVE_WITH_KNOTS('',1,(#4097,#4098),.UNSPECIFIED.,.F.,.F.,
(2,2),(0.,1.),.UNSPECIFIED.);
#2171=B_SPLINE_CURVE_WITH_KNOTS('',1,(#4099,#4100),.UNSPECIFIED.,.F.,.F.,
(2,2),(0.,1.),.UNSPECIFIED.);
#2172=B_SPLINE_CURVE_WITH_KNOTS('',1,(#4101,#4102),.UNSPECIFIED.,.F.,.F.,
(2,2),(0.,1.),.UNSPECIFIED.);
#2173=B_SPLINE_CURVE_WITH_KNOTS('',1,(#4103,#4104),.UNSPECIFIED.,.F.,.F.,
(2,2),(0.,1.),.UNSPECIFIED.);
#2174=B_SPLINE_CURVE_WITH_KNOTS('',1,(#4105,#4106),.UNSPECIFIED.,.F.,.F.,
(2,2),(0.,1.),.UNSPECIFIED.);
#2175=B_SPLINE_CURVE_WITH_KNOTS('',1,(#4107,#4108),.UNSPECIFIED.,.F.,.F.,
(2,2),(0.,1.),.UNSPECIFIED.);
#2176=B_SPLINE_CURVE_WITH_KNOTS('',1,(#4109,#4110),.UNSPECIFIED.,.F.,.F.,
(2,2),(0.,1.),.UNSPECIFIED.);
#2177=B_SPLINE_CURVE_WITH_KNOTS('',1,(#4111,#4112),.UNSPECIFIED.,.F.,.F.,
(2,2),(0.,1.),.UNSPECIFIED.);
#2178=B_SPLINE_CURVE_WITH_KNOTS('',1,(#4113,#4114),.UNSPECIFIED.,.F.,.F.,
(2,2),(0.,1.),.UNSPECIFIED.);
#2179=B_SPLINE_CURVE_WITH_KNOTS('',1,(#4115,#4116),.UNSPECIFIED.,.F.,.F.,
(2,2),(0.,0.0263371930408292),.UNSPECIFIED.);
#2180=B_SPLINE_CURVE_WITH_KNOTS('',1,(#4117,#4118),.UNSPECIFIED.,.F.,.F.,
(2,2),(0.,0.0263371930408292),.UNSPECIFIED.);
#2181=B_SPLINE_CURVE_WITH_KNOTS('',1,(#4119,#4120),.UNSPECIFIED.,.F.,.F.,
(2,2),(0.,0.0263371939550135),.UNSPECIFIED.);
#2182=B_SPLINE_CURVE_WITH_KNOTS('',1,(#4121,#4122),.UNSPECIFIED.,.F.,.F.,
(2,2),(0.,0.026337193040814),.UNSPECIFIED.);
#2183=B_SPLINE_CURVE_WITH_KNOTS('',1,(#4123,#4124),.UNSPECIFIED.,.F.,.F.,
(2,2),(0.,0.0263371930408125),.UNSPECIFIED.);
#2184=B_SPLINE_CURVE_WITH_KNOTS('',1,(#4125,#4126),.UNSPECIFIED.,.F.,.F.,
(2,2),(0.,0.0263371930408125),.UNSPECIFIED.);
#2185=B_SPLINE_CURVE_WITH_KNOTS('',1,(#4127,#4128),.UNSPECIFIED.,.F.,.F.,
(2,2),(0.,0.026337193955014),.UNSPECIFIED.);
#2186=B_SPLINE_CURVE_WITH_KNOTS('',1,(#4129,#4130),.UNSPECIFIED.,.F.,.F.,
(2,2),(0.,0.026337193955014),.UNSPECIFIED.);
#2187=B_SPLINE_CURVE_WITH_KNOTS('',1,(#4131,#4132),.UNSPECIFIED.,.F.,.F.,
(2,2),(0.,0.0263371939550135),.UNSPECIFIED.);
#2188=B_SPLINE_CURVE_WITH_KNOTS('',1,(#4133,#4134),.UNSPECIFIED.,.F.,.F.,
(2,2),(0.,0.0263371939550135),.UNSPECIFIED.);
#2189=B_SPLINE_CURVE_WITH_KNOTS('',1,(#4135,#4136),.UNSPECIFIED.,.F.,.F.,
(2,2),(0.,0.0263371939550135),.UNSPECIFIED.);
#2190=B_SPLINE_CURVE_WITH_KNOTS('',1,(#4137,#4138),.UNSPECIFIED.,.F.,.F.,
(2,2),(0.,0.026337193040814),.UNSPECIFIED.);
#2191=B_SPLINE_CURVE_WITH_KNOTS('',1,(#4139,#4140),.UNSPECIFIED.,.F.,.F.,
(2,2),(0.,0.0263371930408282),.UNSPECIFIED.);
#2192=B_SPLINE_CURVE_WITH_KNOTS('',1,(#4141,#4142),.UNSPECIFIED.,.F.,.F.,
(2,2),(0.,0.0263371930408282),.UNSPECIFIED.);
#2193=B_SPLINE_CURVE_WITH_KNOTS('',1,(#4143,#4144),.UNSPECIFIED.,.F.,.F.,
(2,2),(0.,0.0263371930408273),.UNSPECIFIED.);
#2194=B_SPLINE_CURVE_WITH_KNOTS('',1,(#4145,#4146),.UNSPECIFIED.,.F.,.F.,
(2,2),(0.,0.0263371930408298),.UNSPECIFIED.);
#2195=B_SPLINE_CURVE_WITH_KNOTS('',1,(#4147,#4148),.UNSPECIFIED.,.F.,.F.,
(2,2),(0.,0.0263371930408168),.UNSPECIFIED.);
#2196=B_SPLINE_CURVE_WITH_KNOTS('',1,(#4149,#4150),.UNSPECIFIED.,.F.,.F.,
(2,2),(0.,0.0263371939550135),.UNSPECIFIED.);
#2197=B_SPLINE_CURVE_WITH_KNOTS('',1,(#4151,#4152),.UNSPECIFIED.,.F.,.F.,
(2,2),(0.,0.0263371930408298),.UNSPECIFIED.);
#2198=B_SPLINE_CURVE_WITH_KNOTS('',1,(#4153,#4154),.UNSPECIFIED.,.F.,.F.,
(2,2),(0.,0.0263371930408298),.UNSPECIFIED.);
#2199=B_SPLINE_CURVE_WITH_KNOTS('',1,(#4155,#4156),.UNSPECIFIED.,.F.,.F.,
(2,2),(0.,0.0263371930408144),.UNSPECIFIED.);
#2200=B_SPLINE_CURVE_WITH_KNOTS('',1,(#4157,#4158),.UNSPECIFIED.,.F.,.F.,
(2,2),(0.,0.0263371930408134),.UNSPECIFIED.);
#2201=B_SPLINE_CURVE_WITH_KNOTS('',1,(#4159,#4160),.UNSPECIFIED.,.F.,.F.,
(2,2),(0.,0.0263371930408134),.UNSPECIFIED.);
#2202=B_SPLINE_CURVE_WITH_KNOTS('',1,(#4161,#4162),.UNSPECIFIED.,.F.,.F.,
(2,2),(0.,0.0263371939550123),.UNSPECIFIED.);
#2203=B_SPLINE_CURVE_WITH_KNOTS('',1,(#4163,#4164),.UNSPECIFIED.,.F.,.F.,
(2,2),(0.,0.0263371939550123),.UNSPECIFIED.);
#2204=B_SPLINE_CURVE_WITH_KNOTS('',1,(#4165,#4166),.UNSPECIFIED.,.F.,.F.,
(2,2),(0.,0.0263371939550131),.UNSPECIFIED.);
#2205=B_SPLINE_CURVE_WITH_KNOTS('',1,(#4167,#4168),.UNSPECIFIED.,.F.,.F.,
(2,2),(0.,0.0263371939550131),.UNSPECIFIED.);
#2206=B_SPLINE_CURVE_WITH_KNOTS('',1,(#4169,#4170),.UNSPECIFIED.,.F.,.F.,
(2,2),(0.,0.026337193955014),.UNSPECIFIED.);
#2207=B_SPLINE_CURVE_WITH_KNOTS('',1,(#4171,#4172),.UNSPECIFIED.,.F.,.F.,
(2,2),(0.,0.0716850003361733),.UNSPECIFIED.);
#2208=B_SPLINE_CURVE_WITH_KNOTS('',1,(#4173,#4174),.UNSPECIFIED.,.F.,.F.,
(2,2),(0.,0.0263371939550135),.UNSPECIFIED.);
#2209=B_SPLINE_CURVE_WITH_KNOTS('',1,(#4175,#4176),.UNSPECIFIED.,.F.,.F.,
(2,2),(0.,0.0716850003361733),.UNSPECIFIED.);
#2210=B_SPLINE_CURVE_WITH_KNOTS('',1,(#4177,#4178),.UNSPECIFIED.,.F.,.F.,
(2,2),(0.,0.026337193955014),.UNSPECIFIED.);
#2211=B_SPLINE_CURVE_WITH_KNOTS('',1,(#4179,#4180),.UNSPECIFIED.,.F.,.F.,
(2,2),(0.0263371930408282,0.0526743869958425),.UNSPECIFIED.);
#2212=B_SPLINE_CURVE_WITH_KNOTS('',1,(#4181,#4182),.UNSPECIFIED.,.F.,.F.,
(2,2),(0.,0.0263371939550143),.UNSPECIFIED.);
#2213=B_SPLINE_CURVE_WITH_KNOTS('',1,(#4362,#4363),.UNSPECIFIED.,.F.,.F.,
(2,2),(-0.118442292748012,-0.0962888651239011),.UNSPECIFIED.);
#2214=B_SPLINE_CURVE_WITH_KNOTS('',1,(#4364,#4365),.UNSPECIFIED.,.F.,.F.,
(2,2),(-0.118442292748012,-0.105852871812785),.UNSPECIFIED.);
#2215=B_SPLINE_CURVE_WITH_KNOTS('',1,(#4366,#4367),.UNSPECIFIED.,.F.,.F.,
(2,2),(0.,0.0577657781839367),.UNSPECIFIED.);
#2216=B_SPLINE_CURVE_WITH_KNOTS('',1,(#4368,#4369),.UNSPECIFIED.,.F.,.F.,
(2,2),(0.,0.0577657781839367),.UNSPECIFIED.);
#2217=B_SPLINE_CURVE_WITH_KNOTS('',1,(#4370,#4371),.UNSPECIFIED.,.F.,.F.,
(2,2),(-0.0329999978673665,0.),.UNSPECIFIED.);
#2218=B_SPLINE_CURVE_WITH_KNOTS('',1,(#4372,#4373),.UNSPECIFIED.,.F.,.F.,
(2,2),(-0.0329999978673665,0.),.UNSPECIFIED.);
#2219=B_SPLINE_CURVE_WITH_KNOTS('',1,(#4374,#4375),.UNSPECIFIED.,.F.,.F.,
(2,2),(-0.118442292748012,-0.102968424653816),.UNSPECIFIED.);
#2220=B_SPLINE_CURVE_WITH_KNOTS('',1,(#4376,#4377),.UNSPECIFIED.,.F.,.F.,
(2,2),(-0.118442292748012,-0.109408259632125),.UNSPECIFIED.);
#2221=B_SPLINE_CURVE_WITH_KNOTS('',1,(#4378,#4379),.UNSPECIFIED.,.F.,.F.,
(2,2),(0.,0.0577657781839367),.UNSPECIFIED.);
#2222=B_SPLINE_CURVE_WITH_KNOTS('',1,(#4380,#4381),.UNSPECIFIED.,.F.,.F.,
(2,2),(0.,0.0577657781839367),.UNSPECIFIED.);
#2223=B_SPLINE_CURVE_WITH_KNOTS('',1,(#4382,#4383),.UNSPECIFIED.,.F.,.F.,
(2,2),(-0.0329999978673665,0.),.UNSPECIFIED.);
#2224=B_SPLINE_CURVE_WITH_KNOTS('',1,(#4384,#4385),.UNSPECIFIED.,.F.,.F.,
(2,2),(-0.0329999978673665,0.),.UNSPECIFIED.);
#2225=B_SPLINE_CURVE_WITH_KNOTS('',1,(#4386,#4387),.UNSPECIFIED.,.F.,.F.,
(2,2),(0.,0.0323004103866017),.UNSPECIFIED.);
#2226=B_SPLINE_CURVE_WITH_KNOTS('',1,(#4388,#4389),.UNSPECIFIED.,.F.,.F.,
(2,2),(0.,0.0323004103866017),.UNSPECIFIED.);
#2227=B_SPLINE_CURVE_WITH_KNOTS('',1,(#4390,#4391),.UNSPECIFIED.,.F.,.F.,
(2,2),(0.,0.044252213501931),.UNSPECIFIED.);
#2228=B_SPLINE_CURVE_WITH_KNOTS('',1,(#4392,#4393),.UNSPECIFIED.,.F.,.F.,
(2,2),(0.,0.044252213501931),.UNSPECIFIED.);
#2229=B_SPLINE_CURVE_WITH_KNOTS('',1,(#4394,#4395),.UNSPECIFIED.,.F.,.F.,
(2,2),(0.123104722049851,0.165295288040115),.UNSPECIFIED.);
#2230=B_SPLINE_CURVE_WITH_KNOTS('',1,(#4396,#4397),.UNSPECIFIED.,.F.,.F.,
(2,2),(0.123104722049851,0.165295288040115),.UNSPECIFIED.);
#2231=B_SPLINE_CURVE_WITH_KNOTS('',1,(#4398,#4399),.UNSPECIFIED.,.F.,.F.,
(2,2),(0.,0.044252213501931),.UNSPECIFIED.);
#2232=B_SPLINE_CURVE_WITH_KNOTS('',1,(#4400,#4401),.UNSPECIFIED.,.F.,.F.,
(2,2),(0.0404181727570163,0.0826087352967415),.UNSPECIFIED.);
#2233=B_SPLINE_CURVE_WITH_KNOTS('',1,(#4402,#4403),.UNSPECIFIED.,.F.,.F.,
(2,2),(0.,0.044252213501931),.UNSPECIFIED.);
#2234=B_SPLINE_CURVE_WITH_KNOTS('',1,(#4404,#4405),.UNSPECIFIED.,.F.,.F.,
(2,2),(0.0404181727570163,0.0826087352967415),.UNSPECIFIED.);
#2235=B_SPLINE_CURVE_WITH_KNOTS('',1,(#4406,#4407),.UNSPECIFIED.,.F.,.F.,
(2,2),(0.0826087352967415,0.115184574465499),.UNSPECIFIED.);
#2236=B_SPLINE_CURVE_WITH_KNOTS('',1,(#4408,#4409),.UNSPECIFIED.,.F.,.F.,
(2,2),(0.0826087352967415,0.115184574465499),.UNSPECIFIED.);
#2237=B_SPLINE_CURVE_WITH_KNOTS('',1,(#4410,#4411),.UNSPECIFIED.,.F.,.F.,
(2,2),(0.,0.0421905636431632),.UNSPECIFIED.);
#2238=B_SPLINE_CURVE_WITH_KNOTS('',1,(#4412,#4413),.UNSPECIFIED.,.F.,.F.,
(2,2),(0.,0.044252213501931),.UNSPECIFIED.);
#2239=B_SPLINE_CURVE_WITH_KNOTS('',1,(#4414,#4415),.UNSPECIFIED.,.F.,.F.,
(2,2),(0.,0.0421905636431632),.UNSPECIFIED.);
#2240=B_SPLINE_CURVE_WITH_KNOTS('',1,(#4416,#4417),.UNSPECIFIED.,.F.,.F.,
(2,2),(0.,0.044252213501931),.UNSPECIFIED.);
#2241=B_SPLINE_CURVE_WITH_KNOTS('',1,(#4418,#4419),.UNSPECIFIED.,.F.,.F.,
(2,2),(0.0421905636431632,0.071615228853467),.UNSPECIFIED.);
#2242=B_SPLINE_CURVE_WITH_KNOTS('',1,(#4420,#4421),.UNSPECIFIED.,.F.,.F.,
(2,2),(0.0421905636431632,0.071615228853467),.UNSPECIFIED.);
#2243=B_SPLINE_CURVE_WITH_KNOTS('',1,(#4422,#4423),.UNSPECIFIED.,.F.,.F.,
(2,2),(-0.578747560972406,-0.553659739953765),.UNSPECIFIED.);
#2244=B_SPLINE_CURVE_WITH_KNOTS('',1,(#4424,#4425),.UNSPECIFIED.,.F.,.F.,
(2,2),(0.,0.0660000048637404),.UNSPECIFIED.);
#2245=B_SPLINE_CURVE_WITH_KNOTS('',1,(#4426,#4427),.UNSPECIFIED.,.F.,.F.,
(2,2),(-0.578747560972406,-0.553659739953765),.UNSPECIFIED.);
#2246=B_SPLINE_CURVE_WITH_KNOTS('',1,(#4428,#4429),.UNSPECIFIED.,.F.,.F.,
(2,2),(-0.553659739953765,-0.528571921870332),.UNSPECIFIED.);
#2247=B_SPLINE_CURVE_WITH_KNOTS('',1,(#4430,#4431),.UNSPECIFIED.,.F.,.F.,
(2,2),(0.,0.0660000048637404),.UNSPECIFIED.);
#2248=B_SPLINE_CURVE_WITH_KNOTS('',1,(#4432,#4433),.UNSPECIFIED.,.F.,.F.,
(2,2),(-0.553659739953765,-0.528571921870332),.UNSPECIFIED.);
#2249=B_SPLINE_CURVE_WITH_KNOTS('',1,(#4434,#4435),.UNSPECIFIED.,.F.,.F.,
(2,2),(-0.528571921870332,-0.503484103644909),.UNSPECIFIED.);
#2250=B_SPLINE_CURVE_WITH_KNOTS('',1,(#4436,#4437),.UNSPECIFIED.,.F.,.F.,
(2,2),(0.,0.0660000048637404),.UNSPECIFIED.);
#2251=B_SPLINE_CURVE_WITH_KNOTS('',1,(#4438,#4439),.UNSPECIFIED.,.F.,.F.,
(2,2),(-0.528571921870332,-0.503484103644909),.UNSPECIFIED.);
#2252=B_SPLINE_CURVE_WITH_KNOTS('',1,(#4440,#4441),.UNSPECIFIED.,.F.,.F.,
(2,2),(-0.503484103644909,-0.47329905221851),.UNSPECIFIED.);
#2253=B_SPLINE_CURVE_WITH_KNOTS('',1,(#4442,#4443),.UNSPECIFIED.,.F.,.F.,
(2,2),(0.,0.0660000048637404),.UNSPECIFIED.);
#2254=B_SPLINE_CURVE_WITH_KNOTS('',1,(#4444,#4445),.UNSPECIFIED.,.F.,.F.,
(2,2),(-0.503484103644909,-0.47329905221851),.UNSPECIFIED.);
#2255=B_SPLINE_CURVE_WITH_KNOTS('',1,(#4446,#4447),.UNSPECIFIED.,.F.,.F.,
(2,2),(-0.47329905221851,-0.443113994355515),.UNSPECIFIED.);
#2256=B_SPLINE_CURVE_WITH_KNOTS('',1,(#4448,#4449),.UNSPECIFIED.,.F.,.F.,
(2,2),(0.,0.0660000048637404),.UNSPECIFIED.);
#2257=B_SPLINE_CURVE_WITH_KNOTS('',1,(#4450,#4451),.UNSPECIFIED.,.F.,.F.,
(2,2),(-0.47329905221851,-0.443113994355515),.UNSPECIFIED.);
#2258=B_SPLINE_CURVE_WITH_KNOTS('',1,(#4452,#4453),.UNSPECIFIED.,.F.,.F.,
(2,2),(-0.443113994355515,-0.412928941121437),.UNSPECIFIED.);
#2259=B_SPLINE_CURVE_WITH_KNOTS('',1,(#4454,#4455),.UNSPECIFIED.,.F.,.F.,
(2,2),(0.,0.0217477913618098),.UNSPECIFIED.);
#2260=B_SPLINE_CURVE_WITH_KNOTS('',1,(#4456,#4457),.UNSPECIFIED.,.F.,.F.,
(2,2),(-0.443113994355515,-0.428612251086757),.UNSPECIFIED.);
#2261=B_SPLINE_CURVE_WITH_KNOTS('',1,(#4458,#4459),.UNSPECIFIED.,.F.,.F.,
(2,2),(-0.412928941121437,-0.382743887171282),.UNSPECIFIED.);
#2262=B_SPLINE_CURVE_WITH_KNOTS('',1,(#4460,#4461),.UNSPECIFIED.,.F.,.F.,
(2,2),(0.,0.0660000048637404),.UNSPECIFIED.);
#2263=B_SPLINE_CURVE_WITH_KNOTS('',1,(#4462,#4463),.UNSPECIFIED.,.F.,.F.,
(2,2),(-0.382743887171282,-0.352558833478095),.UNSPECIFIED.);
#2264=B_SPLINE_CURVE_WITH_KNOTS('',1,(#4464,#4465),.UNSPECIFIED.,.F.,.F.,
(2,2),(0.,0.0660000048637404),.UNSPECIFIED.);
#2265=B_SPLINE_CURVE_WITH_KNOTS('',1,(#4466,#4467),.UNSPECIFIED.,.F.,.F.,
(2,2),(-0.382743887171282,-0.352558833478095),.UNSPECIFIED.);
#2266=B_SPLINE_CURVE_WITH_KNOTS('',1,(#4468,#4469),.UNSPECIFIED.,.F.,.F.,
(2,2),(-0.352558833478095,-0.322373778353569),.UNSPECIFIED.);
#2267=B_SPLINE_CURVE_WITH_KNOTS('',1,(#4470,#4471),.UNSPECIFIED.,.F.,.F.,
(2,2),(-0.352558833478095,-0.322373778353569),.UNSPECIFIED.);
#2268=B_SPLINE_CURVE_WITH_KNOTS('',1,(#4472,#4473),.UNSPECIFIED.,.F.,.F.,
(2,2),(-0.322373778353569,-0.289373780486202),.UNSPECIFIED.);
#2269=B_SPLINE_CURVE_WITH_KNOTS('',1,(#4474,#4475),.UNSPECIFIED.,.F.,.F.,
(2,2),(-0.289373780486202,-0.264285959467563),.UNSPECIFIED.);
#2270=B_SPLINE_CURVE_WITH_KNOTS('',1,(#4476,#4477),.UNSPECIFIED.,.F.,.F.,
(2,2),(0.,0.0660000048637404),.UNSPECIFIED.);
#2271=B_SPLINE_CURVE_WITH_KNOTS('',1,(#4478,#4479),.UNSPECIFIED.,.F.,.F.,
(2,2),(-0.289373780486202,-0.264285959467563),.UNSPECIFIED.);
#2272=B_SPLINE_CURVE_WITH_KNOTS('',1,(#4480,#4481),.UNSPECIFIED.,.F.,.F.,
(2,2),(-0.264285959467563,-0.23919814138413),.UNSPECIFIED.);
#2273=B_SPLINE_CURVE_WITH_KNOTS('',1,(#4482,#4483),.UNSPECIFIED.,.F.,.F.,
(2,2),(0.,0.0660000048637404),.UNSPECIFIED.);
#2274=B_SPLINE_CURVE_WITH_KNOTS('',1,(#4484,#4485),.UNSPECIFIED.,.F.,.F.,
(2,2),(-0.264285959467563,-0.23919814138413),.UNSPECIFIED.);
#2275=B_SPLINE_CURVE_WITH_KNOTS('',1,(#4486,#4487),.UNSPECIFIED.,.F.,.F.,
(2,2),(-0.23919814138413,-0.214110323158707),.UNSPECIFIED.);
#2276=B_SPLINE_CURVE_WITH_KNOTS('',1,(#4488,#4489),.UNSPECIFIED.,.F.,.F.,
(2,2),(0.,0.021747791361586),.UNSPECIFIED.);
#2277=B_SPLINE_CURVE_WITH_KNOTS('',1,(#4490,#4491),.UNSPECIFIED.,.F.,.F.,
(2,2),(-0.23919814138413,-0.235486129001628),.UNSPECIFIED.);
#2278=B_SPLINE_CURVE_WITH_KNOTS('',1,(#4492,#4493),.UNSPECIFIED.,.F.,.F.,
(2,2),(-0.214110323158707,-0.183925271732308),.UNSPECIFIED.);
#2279=B_SPLINE_CURVE_WITH_KNOTS('',1,(#4494,#4495),.UNSPECIFIED.,.F.,.F.,
(2,2),(0.,0.0660000048637404),.UNSPECIFIED.);
#2280=B_SPLINE_CURVE_WITH_KNOTS('',1,(#4496,#4497),.UNSPECIFIED.,.F.,.F.,
(2,2),(-0.183925271732308,-0.153740213869313),.UNSPECIFIED.);
#2281=B_SPLINE_CURVE_WITH_KNOTS('',1,(#4498,#4499),.UNSPECIFIED.,.F.,.F.,
(2,2),(0.,0.0660000048637404),.UNSPECIFIED.);
#2282=B_SPLINE_CURVE_WITH_KNOTS('',1,(#4500,#4501),.UNSPECIFIED.,.F.,.F.,
(2,2),(-0.183925271732308,-0.153740213869313),.UNSPECIFIED.);
#2283=B_SPLINE_CURVE_WITH_KNOTS('',1,(#4502,#4503),.UNSPECIFIED.,.F.,.F.,
(2,2),(-0.153740213869313,-0.123555160635233),.UNSPECIFIED.);
#2284=B_SPLINE_CURVE_WITH_KNOTS('',1,(#4504,#4505),.UNSPECIFIED.,.F.,.F.,
(2,2),(0.,0.0660000048637404),.UNSPECIFIED.);
#2285=B_SPLINE_CURVE_WITH_KNOTS('',1,(#4506,#4507),.UNSPECIFIED.,.F.,.F.,
(2,2),(-0.153740213869313,-0.123555160635233),.UNSPECIFIED.);
#2286=B_SPLINE_CURVE_WITH_KNOTS('',1,(#4508,#4509),.UNSPECIFIED.,.F.,.F.,
(2,2),(-0.123555160635233,-0.0933701066850778),.UNSPECIFIED.);
#2287=B_SPLINE_CURVE_WITH_KNOTS('',1,(#4510,#4511),.UNSPECIFIED.,.F.,.F.,
(2,2),(0.,0.0660000048637404),.UNSPECIFIED.);
#2288=B_SPLINE_CURVE_WITH_KNOTS('',1,(#4512,#4513),.UNSPECIFIED.,.F.,.F.,
(2,2),(-0.123555160635233,-0.0933701066850778),.UNSPECIFIED.);
#2289=B_SPLINE_CURVE_WITH_KNOTS('',1,(#4514,#4515),.UNSPECIFIED.,.F.,.F.,
(2,2),(-0.0933701066850778,-0.0631850529918931),.UNSPECIFIED.);
#2290=B_SPLINE_CURVE_WITH_KNOTS('',1,(#4516,#4517),.UNSPECIFIED.,.F.,.F.,
(2,2),(0.,0.0660000048637404),.UNSPECIFIED.);
#2291=B_SPLINE_CURVE_WITH_KNOTS('',1,(#4518,#4519),.UNSPECIFIED.,.F.,.F.,
(2,2),(-0.0933701066850778,-0.0631850529918931),.UNSPECIFIED.);
#2292=B_SPLINE_CURVE_WITH_KNOTS('',1,(#4520,#4521),.UNSPECIFIED.,.F.,.F.,
(2,2),(-0.0631850529918931,-0.0329999978673665),.UNSPECIFIED.);
#2293=B_SPLINE_CURVE_WITH_KNOTS('',1,(#4522,#4523),.UNSPECIFIED.,.F.,.F.,
(2,2),(-0.0631850529918931,-0.0428167964759115),.UNSPECIFIED.);
#2294=B_SPLINE_CURVE_WITH_KNOTS('',1,(#4524,#4525),.UNSPECIFIED.,.F.,.F.,
(2,2),(0.,0.0300218106783636),.UNSPECIFIED.);
#2295=B_SPLINE_CURVE_WITH_KNOTS('',1,(#4526,#4527),.UNSPECIFIED.,.F.,.F.,
(2,2),(0.,0.0450000012516982),.UNSPECIFIED.);
#2296=B_SPLINE_CURVE_WITH_KNOTS('',1,(#4528,#4529),.UNSPECIFIED.,.F.,.F.,
(2,2),(0.,0.0300218106783636),.UNSPECIFIED.);
#2297=B_SPLINE_CURVE_WITH_KNOTS('',1,(#4530,#4531),.UNSPECIFIED.,.F.,.F.,
(2,2),(0.,0.0450000012516982),.UNSPECIFIED.);
#2298=B_SPLINE_CURVE_WITH_KNOTS('',1,(#4532,#4533),.UNSPECIFIED.,.F.,.F.,
(2,2),(0.0300218106783636,0.0600436219422733),.UNSPECIFIED.);
#2299=B_SPLINE_CURVE_WITH_KNOTS('',1,(#4534,#4535),.UNSPECIFIED.,.F.,.F.,
(2,2),(0.,0.00623421703577151),.UNSPECIFIED.);
#2300=B_SPLINE_CURVE_WITH_KNOTS('',1,(#4536,#4537),.UNSPECIFIED.,.F.,.F.,
(2,2),(0.0300218106783636,0.0600436219422733),.UNSPECIFIED.);
#2301=B_SPLINE_CURVE_WITH_KNOTS('',1,(#4538,#4539,#4540,#4541),
 .UNSPECIFIED.,.F.,.F.,(2,1,1,2),(0.0600436219422733,0.0659255806069665,
0.0718075426652946,0.0835714599946796),.UNSPECIFIED.);
#2302=B_SPLINE_CURVE_WITH_KNOTS('',1,(#4542,#4543),.UNSPECIFIED.,.F.,.F.,
(2,2),(0.,0.00623421703577097),.UNSPECIFIED.);
#2303=B_SPLINE_CURVE_WITH_KNOTS('',1,(#4544,#4545,#4546,#4547),
 .UNSPECIFIED.,.F.,.F.,(2,1,1,2),(0.0835714599946796,0.0894534206405191,
0.0953353827409322,0.107099301631738),.UNSPECIFIED.);
#2304=B_SPLINE_CURVE_WITH_KNOTS('',1,(#4548,#4549),.UNSPECIFIED.,.F.,.F.,
(2,2),(0.,0.0450000012516982),.UNSPECIFIED.);
#2305=B_SPLINE_CURVE_WITH_KNOTS('',1,(#4550,#4551),.UNSPECIFIED.,.F.,.F.,
(2,2),(0.107099301631738,0.139211168938982),.UNSPECIFIED.);
#2306=B_SPLINE_CURVE_WITH_KNOTS('',1,(#4552,#4553),.UNSPECIFIED.,.F.,.F.,
(2,2),(0.,0.0450000012516982),.UNSPECIFIED.);
#2307=B_SPLINE_CURVE_WITH_KNOTS('',1,(#4554,#4555),.UNSPECIFIED.,.F.,.F.,
(2,2),(0.107099301631738,0.139211168938982),.UNSPECIFIED.);
#2308=B_SPLINE_CURVE_WITH_KNOTS('',1,(#4556,#4557,#4558),.UNSPECIFIED.,
 .F.,.F.,(2,1,2),(0.139211168938982,0.155267103671577,0.171323036678216),
 .UNSPECIFIED.);
#2309=B_SPLINE_CURVE_WITH_KNOTS('',1,(#4559,#4560),.UNSPECIFIED.,.F.,.F.,
(2,2),(0.,0.0450000012516982),.UNSPECIFIED.);
#2310=B_SPLINE_CURVE_WITH_KNOTS('',1,(#4561,#4562,#4563),.UNSPECIFIED.,
 .F.,.F.,(2,1,2),(0.139211168938982,0.155267103671577,0.171323036678216),
 .UNSPECIFIED.);
#2311=B_SPLINE_CURVE_WITH_KNOTS('',1,(#4564,#4565,#4566),.UNSPECIFIED.,
 .F.,.F.,(2,1,2),(0.171323036678216,0.187378970547728,0.203434902503155),
 .UNSPECIFIED.);
#2312=B_SPLINE_CURVE_WITH_KNOTS('',1,(#4567,#4568),.UNSPECIFIED.,.F.,.F.,
(2,2),(0.,0.0450000012516982),.UNSPECIFIED.);
#2313=B_SPLINE_CURVE_WITH_KNOTS('',1,(#4569,#4570,#4571),.UNSPECIFIED.,
 .F.,.F.,(2,1,2),(0.171323036678216,0.187378970547728,0.203434902503155),
 .UNSPECIFIED.);
#2314=B_SPLINE_CURVE_WITH_KNOTS('',1,(#4572,#4573,#4574),.UNSPECIFIED.,
 .F.,.F.,(2,1,2),(0.203434902503155,0.219490840010816,0.235546771193984),
 .UNSPECIFIED.);
#2315=B_SPLINE_CURVE_WITH_KNOTS('',1,(#4575,#4576),.UNSPECIFIED.,.F.,.F.,
(2,2),(0.,0.0450000012516982),.UNSPECIFIED.);
#2316=B_SPLINE_CURVE_WITH_KNOTS('',1,(#4577,#4578,#4579),.UNSPECIFIED.,
 .F.,.F.,(2,1,2),(0.203434902503155,0.219490840010816,0.235546771193984),
 .UNSPECIFIED.);
#2317=B_SPLINE_CURVE_WITH_KNOTS('',1,(#4580,#4581,#4582),.UNSPECIFIED.,
 .F.,.F.,(2,1,2),(0.235546771193984,0.251602703448908,0.26765863850123),
 .UNSPECIFIED.);
#2318=B_SPLINE_CURVE_WITH_KNOTS('',1,(#4583,#4584),.UNSPECIFIED.,.F.,.F.,
(2,2),(0.,0.0450000012516982),.UNSPECIFIED.);
#2319=B_SPLINE_CURVE_WITH_KNOTS('',1,(#4585,#4586,#4587),.UNSPECIFIED.,
 .F.,.F.,(2,1,2),(0.235546771193984,0.251602703448908,0.26765863850123),
 .UNSPECIFIED.);
#2320=B_SPLINE_CURVE_WITH_KNOTS('',1,(#4588,#4589,#4590),.UNSPECIFIED.,
 .F.,.F.,(2,1,2),(0.26765863850123,0.283714573233826,0.299770506240466),
 .UNSPECIFIED.);
#2321=B_SPLINE_CURVE_WITH_KNOTS('',1,(#4591,#4592),.UNSPECIFIED.,.F.,.F.,
(2,2),(0.,0.0450000012516982),.UNSPECIFIED.);
#2322=B_SPLINE_CURVE_WITH_KNOTS('',1,(#4593,#4594,#4595),.UNSPECIFIED.,
 .F.,.F.,(2,1,2),(0.26765863850123,0.283714573233826,0.299770506240466),
 .UNSPECIFIED.);
#2323=B_SPLINE_CURVE_WITH_KNOTS('',1,(#4596,#4597,#4598),.UNSPECIFIED.,
 .F.,.F.,(2,1,2),(0.299770506240466,0.323854405395669,0.331882372065403),
 .UNSPECIFIED.);
#2324=B_SPLINE_CURVE_WITH_KNOTS('',1,(#4599,#4600),.UNSPECIFIED.,.F.,.F.,
(2,2),(0.,0.00623421703577008),.UNSPECIFIED.);
#2325=B_SPLINE_CURVE_WITH_KNOTS('',1,(#4601,#4602),.UNSPECIFIED.,.F.,.F.,
(2,2),(0.299770506240466,0.316740870821322),.UNSPECIFIED.);
#2326=B_SPLINE_CURVE_WITH_KNOTS('',1,(#4603,#4604,#4605,#4606,#4607),
 .UNSPECIFIED.,.F.,.F.,(2,1,1,1,2),(0.331882372065403,0.339910339518516,
0.347938309573066,0.355966273303123,0.363994240756235),.UNSPECIFIED.);
#2327=B_SPLINE_CURVE_WITH_KNOTS('',1,(#4608,#4609),.UNSPECIFIED.,.F.,.F.,
(2,2),(0.,0.0450000012516982),.UNSPECIFIED.);
#2328=B_SPLINE_CURVE_WITH_KNOTS('',1,(#4610,#4611),.UNSPECIFIED.,.F.,.F.,
(2,2),(0.363994240756235,0.394016050519607),.UNSPECIFIED.);
#2329=B_SPLINE_CURVE_WITH_KNOTS('',1,(#4612,#4613),.UNSPECIFIED.,.F.,.F.,
(2,2),(0.,0.0450000012516982),.UNSPECIFIED.);
#2330=B_SPLINE_CURVE_WITH_KNOTS('',1,(#4614,#4615),.UNSPECIFIED.,.F.,.F.,
(2,2),(0.363994240756235,0.394016050519607),.UNSPECIFIED.);
#2331=B_SPLINE_CURVE_WITH_KNOTS('',1,(#4616,#4617),.UNSPECIFIED.,.F.,.F.,
(2,2),(0.394016050519607,0.424037862513953),.UNSPECIFIED.);
#2332=B_SPLINE_CURVE_WITH_KNOTS('',1,(#4618,#4619),.UNSPECIFIED.,.F.,.F.,
(2,2),(0.,0.0450000012516982),.UNSPECIFIED.);
#2333=B_SPLINE_CURVE_WITH_KNOTS('',1,(#4620,#4621),.UNSPECIFIED.,.F.,.F.,
(2,2),(0.394016050519607,0.424037862513953),.UNSPECIFIED.);
#2334=B_SPLINE_CURVE_WITH_KNOTS('',1,(#4622,#4623),.UNSPECIFIED.,.F.,.F.,
(2,2),(0.424037862513953,0.454059671312042),.UNSPECIFIED.);
#2335=B_SPLINE_CURVE_WITH_KNOTS('',1,(#4624,#4625),.UNSPECIFIED.,.F.,.F.,
(2,2),(0.,0.0450000012516982),.UNSPECIFIED.);
#2336=B_SPLINE_CURVE_WITH_KNOTS('',1,(#4626,#4627),.UNSPECIFIED.,.F.,.F.,
(2,2),(0.424037862513953,0.454059671312042),.UNSPECIFIED.);
#2337=B_SPLINE_CURVE_WITH_KNOTS('',1,(#4628,#4629),.UNSPECIFIED.,.F.,.F.,
(2,2),(0.454059671312042,0.48408148551852),.UNSPECIFIED.);
#2338=B_SPLINE_CURVE_WITH_KNOTS('',1,(#4630,#4631),.UNSPECIFIED.,.F.,.F.,
(2,2),(0.,0.0450000012516982),.UNSPECIFIED.);
#2339=B_SPLINE_CURVE_WITH_KNOTS('',1,(#4632,#4633),.UNSPECIFIED.,.F.,.F.,
(2,2),(0.454059671312042,0.48408148551852),.UNSPECIFIED.);
#2340=B_SPLINE_CURVE_WITH_KNOTS('',1,(#4634,#4635),.UNSPECIFIED.,.F.,.F.,
(2,2),(0.48408148551852,0.5141032930213),.UNSPECIFIED.);
#2341=B_SPLINE_CURVE_WITH_KNOTS('',1,(#4636,#4637),.UNSPECIFIED.,.F.,.F.,
(2,2),(0.48408148551852,0.5141032930213),.UNSPECIFIED.);
#2342=B_SPLINE_CURVE_WITH_KNOTS('',1,(#4638,#4639),.UNSPECIFIED.,.F.,.F.,
(2,2),(-0.0660000048637404,-0.0217477913618094),.UNSPECIFIED.);
#2343=B_SPLINE_CURVE_WITH_KNOTS('',1,(#4640,#4641),.UNSPECIFIED.,.F.,.F.,
(2,2),(-0.0428167964759112,-0.0329999978673665),.UNSPECIFIED.);
#2344=B_SPLINE_CURVE_WITH_KNOTS('',1,(#4642,#4643),.UNSPECIFIED.,.F.,.F.,
(2,2),(-0.0329999978673665,-0.000168121501159142),.UNSPECIFIED.);
#2345=B_SPLINE_CURVE_WITH_KNOTS('',1,(#4644,#4645),.UNSPECIFIED.,.F.,.F.,
(2,2),(0.136589398588382,0.165217475018786),.UNSPECIFIED.);
#2346=B_SPLINE_CURVE_WITH_KNOTS('',1,(#4646,#4647),.UNSPECIFIED.,.F.,.F.,
(2,2),(0.136583251250205,0.165217475018786),.UNSPECIFIED.);
#2347=B_SPLINE_CURVE_WITH_KNOTS('',1,(#4648,#4649),.UNSPECIFIED.,.F.,.F.,
(2,2),(0.0217477913618094,0.0660000048637404),.UNSPECIFIED.);
#2348=B_SPLINE_CURVE_WITH_KNOTS('',1,(#4650,#4651),.UNSPECIFIED.,.F.,.F.,
(2,2),(-0.044252213501931,0.),.UNSPECIFIED.);
#2349=B_SPLINE_CURVE_WITH_KNOTS('',1,(#4652,#4653),.UNSPECIFIED.,.F.,.F.,
(2,2),(0.,0.044252213501931),.UNSPECIFIED.);
#2350=B_SPLINE_CURVE_WITH_KNOTS('',1,(#4654,#4655),.UNSPECIFIED.,.F.,.F.,
(2,2),(-0.235486129001628,-0.214110323158707),.UNSPECIFIED.);
#2351=B_SPLINE_CURVE_WITH_KNOTS('',1,(#4656,#4657),.UNSPECIFIED.,.F.,.F.,
(2,2),(-0.214110323158707,-0.192812699845464),.UNSPECIFIED.);
#2352=B_SPLINE_CURVE_WITH_KNOTS('',1,(#4658,#4659),.UNSPECIFIED.,.F.,.F.,
(2,2),(0.00738339138012603,0.0404181727570163),.UNSPECIFIED.);
#2353=B_SPLINE_CURVE_WITH_KNOTS('',1,(#4660,#4661),.UNSPECIFIED.,.F.,.F.,
(2,2),(0.00738339138012596,0.0404181727570163),.UNSPECIFIED.);
#2354=B_SPLINE_CURVE_WITH_KNOTS('',1,(#4662,#4663),.UNSPECIFIED.,.F.,.F.,
(2,2),(-0.192812699845464,-0.183925271732308),.UNSPECIFIED.);
#2355=B_SPLINE_CURVE_WITH_KNOTS('',1,(#4664,#4665),.UNSPECIFIED.,.F.,.F.,
(2,2),(0.,0.044252213501931),.UNSPECIFIED.);
#2356=B_SPLINE_CURVE_WITH_KNOTS('',1,(#4666,#4667),.UNSPECIFIED.,.F.,.F.,
(2,2),(-0.044252213501931,0.),.UNSPECIFIED.);
#2357=B_SPLINE_CURVE_WITH_KNOTS('',1,(#4668,#4669),.UNSPECIFIED.,.F.,.F.,
(2,2),(0.412928941121437,0.428612251086757),.UNSPECIFIED.);
#2358=B_SPLINE_CURVE_WITH_KNOTS('',1,(#4670,#4671),.UNSPECIFIED.,.F.,.F.,
(2,2),(0.385881483804359,0.412928941121437),.UNSPECIFIED.);
#2359=B_SPLINE_CURVE_WITH_KNOTS('',1,(#4672,#4673),.UNSPECIFIED.,.F.,.F.,
(2,2),(0.0901419307422798,0.123104722049851),.UNSPECIFIED.);
#2360=B_SPLINE_CURVE_WITH_KNOTS('',1,(#4674,#4675),.UNSPECIFIED.,.F.,.F.,
(2,2),(0.0901419307422798,0.123104722049851),.UNSPECIFIED.);
#2361=B_SPLINE_CURVE_WITH_KNOTS('',1,(#4676,#4677),.UNSPECIFIED.,.F.,.F.,
(2,2),(-0.385881483804359,-0.382743887171282),.UNSPECIFIED.);
#2362=B_SPLINE_CURVE_WITH_KNOTS('',1,(#4678,#4679),.UNSPECIFIED.,.F.,.F.,
(2,2),(0.,0.0184999972343451),.UNSPECIFIED.);
#2363=B_SPLINE_CURVE_WITH_KNOTS('',1,(#4680,#4681),.UNSPECIFIED.,.F.,.F.,
(2,2),(-0.109408259632125,-0.102968424653816),.UNSPECIFIED.);
#2364=B_SPLINE_CURVE_WITH_KNOTS('',1,(#4682,#4683),.UNSPECIFIED.,.F.,.F.,
(2,2),(0.00623421703577076,0.0450000012516982),.UNSPECIFIED.);
#2365=B_SPLINE_CURVE_WITH_KNOTS('',1,(#4684,#4685),.UNSPECIFIED.,.F.,.F.,
(2,2),(0.,0.0184999972343451),.UNSPECIFIED.);
#2366=B_SPLINE_CURVE_WITH_KNOTS('',1,(#4686,#4687),.UNSPECIFIED.,.F.,.F.,
(2,2),(-0.047994450640414,-0.042035246776601),.UNSPECIFIED.);
#2367=B_SPLINE_CURVE_WITH_KNOTS('',1,(#4688,#4689,#4690,#4691),
 .UNSPECIFIED.,.F.,.F.,(2,1,1,2),(-0.0835714599946796,-0.0718075426652946,
-0.0659255806069665,-0.0600436219422733),.UNSPECIFIED.);
#2368=B_SPLINE_CURVE_WITH_KNOTS('',1,(#4692,#4693,#4694),.UNSPECIFIED.,
 .F.,.F.,(2,1,2),(-0.0933374708953189,-0.0894534206405191,-0.0835714599946796),
 .UNSPECIFIED.);
#2369=B_SPLINE_CURVE_WITH_KNOTS('',1,(#4695,#4696),.UNSPECIFIED.,.F.,.F.,
(2,2),(0.289373780486202,0.322373778353569),.UNSPECIFIED.);
#2370=B_SPLINE_CURVE_WITH_KNOTS('',1,(#4697,#4698),.UNSPECIFIED.,.F.,.F.,
(2,2),(-0.0479944506404142,-0.0329999978673665),.UNSPECIFIED.);
#2371=B_SPLINE_CURVE_WITH_KNOTS('',1,(#4699,#4700),.UNSPECIFIED.,.F.,.F.,
(2,2),(-0.042035246776601,-0.0329999978673665),.UNSPECIFIED.);
#2372=B_SPLINE_CURVE_WITH_KNOTS('',1,(#4701,#4702),.UNSPECIFIED.,.F.,.F.,
(2,2),(0.0184999972343451,0.0660000048637404),.UNSPECIFIED.);
#2373=B_SPLINE_CURVE_WITH_KNOTS('',1,(#4703,#4704),.UNSPECIFIED.,.F.,.F.,
(2,2),(0.0184999972343451,0.0660000048637404),.UNSPECIFIED.);
#2374=B_SPLINE_CURVE_WITH_KNOTS('',1,(#4705,#4706),.UNSPECIFIED.,.F.,.F.,
(2,2),(0.00623421703577151,0.0450000012516982),.UNSPECIFIED.);
#2375=B_SPLINE_CURVE_WITH_KNOTS('',1,(#4707,#4708,#4709),.UNSPECIFIED.,
 .F.,.F.,(2,1,2),(0.0933374708953193,0.0953353827409322,0.107099301631738),
 .UNSPECIFIED.);
#2376=B_SPLINE_CURVE_WITH_KNOTS('',1,(#4710,#4711),.UNSPECIFIED.,.F.,.F.,
(2,2),(0.,0.0184999972343451),.UNSPECIFIED.);
#2377=B_SPLINE_CURVE_WITH_KNOTS('',1,(#4712,#4713),.UNSPECIFIED.,.F.,.F.,
(2,2),(0.,0.0387657842159279),.UNSPECIFIED.);
#2378=B_SPLINE_CURVE_WITH_KNOTS('',1,(#4714,#4715),.UNSPECIFIED.,.F.,.F.,
(2,2),(-0.105852871812785,-0.0962888651239009),.UNSPECIFIED.);
#2379=B_SPLINE_CURVE_WITH_KNOTS('',1,(#4716,#4717),.UNSPECIFIED.,.F.,.F.,
(2,2),(-0.0387657842159284,0.),.UNSPECIFIED.);
#2380=B_SPLINE_CURVE_WITH_KNOTS('',1,(#4718,#4719),.UNSPECIFIED.,.F.,.F.,
(2,2),(0.,0.0184999972343455),.UNSPECIFIED.);
#2381=B_SPLINE_CURVE_WITH_KNOTS('',1,(#4720,#4721),.UNSPECIFIED.,.F.,.F.,
(2,2),(-0.0551799395813242,-0.0455899909992957),.UNSPECIFIED.);
#2382=B_SPLINE_CURVE_WITH_KNOTS('',1,(#4722,#4723,#4724),.UNSPECIFIED.,
 .F.,.F.,(2,1,2),(-0.331882372065403,-0.323854405395669,-0.316740870821323),
 .UNSPECIFIED.);
#2383=B_SPLINE_CURVE_WITH_KNOTS('',1,(#4725,#4726,#4727,#4728),
 .UNSPECIFIED.,.F.,.F.,(2,1,1,2),(-0.350380767177245,-0.347938309573066,
-0.339910339518516,-0.331882372065403),.UNSPECIFIED.);
#2384=B_SPLINE_CURVE_WITH_KNOTS('',1,(#4729,#4730),.UNSPECIFIED.,.F.,.F.,
(2,2),(0.,0.0329999978673665),.UNSPECIFIED.);
#2385=B_SPLINE_CURVE_WITH_KNOTS('',1,(#4731,#4732),.UNSPECIFIED.,.F.,.F.,
(2,2),(-0.055179939581324,-0.0329999978673665),.UNSPECIFIED.);
#2386=B_SPLINE_CURVE_WITH_KNOTS('',1,(#4733,#4734),.UNSPECIFIED.,.F.,.F.,
(2,2),(-0.0455899909992957,-0.0329999978673665),.UNSPECIFIED.);
#2387=B_SPLINE_CURVE_WITH_KNOTS('',1,(#4735,#4736),.UNSPECIFIED.,.F.,.F.,
(2,2),(0.0184999972343451,0.0217477913618094),.UNSPECIFIED.);
#2388=B_SPLINE_CURVE_WITH_KNOTS('',1,(#4737,#4738),.UNSPECIFIED.,.F.,.F.,
(2,2),(0.0184999972343455,0.0217477913618098),.UNSPECIFIED.);
#2389=B_SPLINE_CURVE_WITH_KNOTS('',1,(#4739,#4740,#4741),.UNSPECIFIED.,
 .F.,.F.,(2,1,2),(0.350380767177244,0.355966273303123,0.363994240756235),
 .UNSPECIFIED.);
#2390=VERTEX_POINT('',#3347);
#2391=VERTEX_POINT('',#3348);
#2392=VERTEX_POINT('',#3349);
#2393=VERTEX_POINT('',#3350);
#2394=VERTEX_POINT('',#3351);
#2395=VERTEX_POINT('',#3352);
#2396=VERTEX_POINT('',#3353);
#2397=VERTEX_POINT('',#3354);
#2398=VERTEX_POINT('',#3355);
#2399=VERTEX_POINT('',#3356);
#2400=VERTEX_POINT('',#3357);
#2401=VERTEX_POINT('',#3358);
#2402=VERTEX_POINT('',#3359);
#2403=VERTEX_POINT('',#3360);
#2404=VERTEX_POINT('',#3361);
#2405=VERTEX_POINT('',#3362);
#2406=VERTEX_POINT('',#3363);
#2407=VERTEX_POINT('',#3364);
#2408=VERTEX_POINT('',#3365);
#2409=VERTEX_POINT('',#3366);
#2410=VERTEX_POINT('',#3367);
#2411=VERTEX_POINT('',#3368);
#2412=VERTEX_POINT('',#3369);
#2413=VERTEX_POINT('',#3370);
#2414=VERTEX_POINT('',#3371);
#2415=VERTEX_POINT('',#3372);
#2416=VERTEX_POINT('',#3373);
#2417=VERTEX_POINT('',#3374);
#2418=VERTEX_POINT('',#3375);
#2419=VERTEX_POINT('',#3376);
#2420=VERTEX_POINT('',#3377);
#2421=VERTEX_POINT('',#3378);
#2422=VERTEX_POINT('',#3379);
#2423=VERTEX_POINT('',#3380);
#2424=VERTEX_POINT('',#3381);
#2425=VERTEX_POINT('',#3382);
#2426=VERTEX_POINT('',#3383);
#2427=VERTEX_POINT('',#3384);
#2428=VERTEX_POINT('',#3385);
#2429=VERTEX_POINT('',#3386);
#2430=VERTEX_POINT('',#3387);
#2431=VERTEX_POINT('',#3388);
#2432=VERTEX_POINT('',#3389);
#2433=VERTEX_POINT('',#3390);
#2434=VERTEX_POINT('',#3391);
#2435=VERTEX_POINT('',#3392);
#2436=VERTEX_POINT('',#3393);
#2437=VERTEX_POINT('',#3394);
#2438=VERTEX_POINT('',#3395);
#2439=VERTEX_POINT('',#3396);
#2440=VERTEX_POINT('',#3397);
#2441=VERTEX_POINT('',#3398);
#2442=VERTEX_POINT('',#3399);
#2443=VERTEX_POINT('',#3400);
#2444=VERTEX_POINT('',#3401);
#2445=VERTEX_POINT('',#3402);
#2446=VERTEX_POINT('',#3403);
#2447=VERTEX_POINT('',#3404);
#2448=VERTEX_POINT('',#3405);
#2449=VERTEX_POINT('',#3406);
#2450=VERTEX_POINT('',#3407);
#2451=VERTEX_POINT('',#3408);
#2452=VERTEX_POINT('',#3409);
#2453=VERTEX_POINT('',#3410);
#2454=VERTEX_POINT('',#3411);
#2455=VERTEX_POINT('',#3412);
#2456=VERTEX_POINT('',#3413);
#2457=VERTEX_POINT('',#3414);
#2458=VERTEX_POINT('',#3415);
#2459=VERTEX_POINT('',#3416);
#2460=VERTEX_POINT('',#3417);
#2461=VERTEX_POINT('',#3418);
#2462=VERTEX_POINT('',#3419);
#2463=VERTEX_POINT('',#3420);
#2464=VERTEX_POINT('',#3421);
#2465=VERTEX_POINT('',#3422);
#2466=VERTEX_POINT('',#3423);
#2467=VERTEX_POINT('',#3424);
#2468=VERTEX_POINT('',#3425);
#2469=VERTEX_POINT('',#3426);
#2470=VERTEX_POINT('',#3427);
#2471=VERTEX_POINT('',#3428);
#2472=VERTEX_POINT('',#3429);
#2473=VERTEX_POINT('',#3430);
#2474=VERTEX_POINT('',#3431);
#2475=VERTEX_POINT('',#3432);
#2476=VERTEX_POINT('',#3433);
#2477=VERTEX_POINT('',#3434);
#2478=VERTEX_POINT('',#3435);
#2479=VERTEX_POINT('',#3436);
#2480=VERTEX_POINT('',#3437);
#2481=VERTEX_POINT('',#3438);
#2482=VERTEX_POINT('',#3439);
#2483=VERTEX_POINT('',#3440);
#2484=VERTEX_POINT('',#3441);
#2485=VERTEX_POINT('',#3442);
#2486=VERTEX_POINT('',#3443);
#2487=VERTEX_POINT('',#3444);
#2488=VERTEX_POINT('',#3445);
#2489=VERTEX_POINT('',#3446);
#2490=VERTEX_POINT('',#3447);
#2491=VERTEX_POINT('',#3448);
#2492=VERTEX_POINT('',#3449);
#2493=VERTEX_POINT('',#3450);
#2494=VERTEX_POINT('',#3451);
#2495=VERTEX_POINT('',#3452);
#2496=VERTEX_POINT('',#3453);
#2497=VERTEX_POINT('',#3454);
#2498=VERTEX_POINT('',#3455);
#2499=VERTEX_POINT('',#3456);
#2500=VERTEX_POINT('',#3457);
#2501=VERTEX_POINT('',#3458);
#2502=VERTEX_POINT('',#3459);
#2503=VERTEX_POINT('',#3460);
#2504=VERTEX_POINT('',#3461);
#2505=VERTEX_POINT('',#3462);
#2506=VERTEX_POINT('',#3463);
#2507=VERTEX_POINT('',#3464);
#2508=VERTEX_POINT('',#3465);
#2509=VERTEX_POINT('',#3466);
#2510=VERTEX_POINT('',#3467);
#2511=VERTEX_POINT('',#3468);
#2512=VERTEX_POINT('',#3469);
#2513=VERTEX_POINT('',#3470);
#2514=VERTEX_POINT('',#3471);
#2515=VERTEX_POINT('',#3472);
#2516=VERTEX_POINT('',#3473);
#2517=VERTEX_POINT('',#3474);
#2518=VERTEX_POINT('',#3475);
#2519=VERTEX_POINT('',#3476);
#2520=VERTEX_POINT('',#3477);
#2521=VERTEX_POINT('',#3478);
#2522=VERTEX_POINT('',#3479);
#2523=VERTEX_POINT('',#3480);
#2524=VERTEX_POINT('',#3481);
#2525=VERTEX_POINT('',#3482);
#2526=VERTEX_POINT('',#3483);
#2527=VERTEX_POINT('',#3484);
#2528=VERTEX_POINT('',#3485);
#2529=VERTEX_POINT('',#3486);
#2530=VERTEX_POINT('',#3487);
#2531=VERTEX_POINT('',#3488);
#2532=VERTEX_POINT('',#3909);
#2533=VERTEX_POINT('',#3910);
#2534=VERTEX_POINT('',#3911);
#2535=VERTEX_POINT('',#3912);
#2536=VERTEX_POINT('',#3913);
#2537=VERTEX_POINT('',#3914);
#2538=VERTEX_POINT('',#3915);
#2539=VERTEX_POINT('',#3916);
#2540=VERTEX_POINT('',#3917);
#2541=VERTEX_POINT('',#3918);
#2542=VERTEX_POINT('',#3919);
#2543=VERTEX_POINT('',#3920);
#2544=VERTEX_POINT('',#3921);
#2545=VERTEX_POINT('',#3922);
#2546=VERTEX_POINT('',#3923);
#2547=VERTEX_POINT('',#3924);
#2548=VERTEX_POINT('',#3925);
#2549=VERTEX_POINT('',#3926);
#2550=VERTEX_POINT('',#3927);
#2551=VERTEX_POINT('',#3928);
#2552=VERTEX_POINT('',#3929);
#2553=VERTEX_POINT('',#3930);
#2554=VERTEX_POINT('',#3931);
#2555=VERTEX_POINT('',#3932);
#2556=VERTEX_POINT('',#3933);
#2557=VERTEX_POINT('',#3934);
#2558=VERTEX_POINT('',#3935);
#2559=VERTEX_POINT('',#3936);
#2560=VERTEX_POINT('',#3937);
#2561=VERTEX_POINT('',#3938);
#2562=VERTEX_POINT('',#3939);
#2563=VERTEX_POINT('',#3940);
#2564=VERTEX_POINT('',#4055);
#2565=VERTEX_POINT('',#4056);
#2566=VERTEX_POINT('',#4057);
#2567=VERTEX_POINT('',#4058);
#2568=VERTEX_POINT('',#4059);
#2569=VERTEX_POINT('',#4060);
#2570=VERTEX_POINT('',#4061);
#2571=VERTEX_POINT('',#4062);
#2572=VERTEX_POINT('',#4063);
#2573=VERTEX_POINT('',#4064);
#2574=VERTEX_POINT('',#4065);
#2575=VERTEX_POINT('',#4066);
#2576=VERTEX_POINT('',#4067);
#2577=VERTEX_POINT('',#4068);
#2578=VERTEX_POINT('',#4069);
#2579=VERTEX_POINT('',#4070);
#2580=VERTEX_POINT('',#4071);
#2581=VERTEX_POINT('',#4072);
#2582=VERTEX_POINT('',#4073);
#2583=VERTEX_POINT('',#4074);
#2584=VERTEX_POINT('',#4075);
#2585=VERTEX_POINT('',#4076);
#2586=VERTEX_POINT('',#4077);
#2587=VERTEX_POINT('',#4078);
#2588=VERTEX_POINT('',#4079);
#2589=VERTEX_POINT('',#4080);
#2590=VERTEX_POINT('',#4081);
#2591=VERTEX_POINT('',#4082);
#2592=VERTEX_POINT('',#4083);
#2593=VERTEX_POINT('',#4084);
#2594=VERTEX_POINT('',#4085);
#2595=VERTEX_POINT('',#4086);
#2596=VERTEX_POINT('',#4246);
#2597=VERTEX_POINT('',#4247);
#2598=VERTEX_POINT('',#4248);
#2599=VERTEX_POINT('',#4249);
#2600=VERTEX_POINT('',#4250);
#2601=VERTEX_POINT('',#4251);
#2602=VERTEX_POINT('',#4252);
#2603=VERTEX_POINT('',#4253);
#2604=VERTEX_POINT('',#4254);
#2605=VERTEX_POINT('',#4255);
#2606=VERTEX_POINT('',#4256);
#2607=VERTEX_POINT('',#4257);
#2608=VERTEX_POINT('',#4258);
#2609=VERTEX_POINT('',#4259);
#2610=VERTEX_POINT('',#4260);
#2611=VERTEX_POINT('',#4261);
#2612=VERTEX_POINT('',#4262);
#2613=VERTEX_POINT('',#4263);
#2614=VERTEX_POINT('',#4264);
#2615=VERTEX_POINT('',#4265);
#2616=VERTEX_POINT('',#4266);
#2617=VERTEX_POINT('',#4267);
#2618=VERTEX_POINT('',#4268);
#2619=VERTEX_POINT('',#4269);
#2620=VERTEX_POINT('',#4270);
#2621=VERTEX_POINT('',#4271);
#2622=VERTEX_POINT('',#4272);
#2623=VERTEX_POINT('',#4273);
#2624=VERTEX_POINT('',#4274);
#2625=VERTEX_POINT('',#4275);
#2626=VERTEX_POINT('',#4276);
#2627=VERTEX_POINT('',#4277);
#2628=VERTEX_POINT('',#4278);
#2629=VERTEX_POINT('',#4279);
#2630=VERTEX_POINT('',#4280);
#2631=VERTEX_POINT('',#4281);
#2632=VERTEX_POINT('',#4282);
#2633=VERTEX_POINT('',#4283);
#2634=VERTEX_POINT('',#4284);
#2635=VERTEX_POINT('',#4285);
#2636=VERTEX_POINT('',#4286);
#2637=VERTEX_POINT('',#4287);
#2638=VERTEX_POINT('',#4288);
#2639=VERTEX_POINT('',#4289);
#2640=VERTEX_POINT('',#4290);
#2641=VERTEX_POINT('',#4291);
#2642=VERTEX_POINT('',#4292);
#2643=VERTEX_POINT('',#4293);
#2644=VERTEX_POINT('',#4294);
#2645=VERTEX_POINT('',#4295);
#2646=VERTEX_POINT('',#4296);
#2647=VERTEX_POINT('',#4297);
#2648=VERTEX_POINT('',#4298);
#2649=VERTEX_POINT('',#4299);
#2650=VERTEX_POINT('',#4300);
#2651=VERTEX_POINT('',#4301);
#2652=VERTEX_POINT('',#4302);
#2653=VERTEX_POINT('',#4303);
#2654=VERTEX_POINT('',#4304);
#2655=VERTEX_POINT('',#4305);
#2656=VERTEX_POINT('',#4306);
#2657=VERTEX_POINT('',#4307);
#2658=VERTEX_POINT('',#4308);
#2659=VERTEX_POINT('',#4309);
#2660=VERTEX_POINT('',#4310);
#2661=VERTEX_POINT('',#4311);
#2662=VERTEX_POINT('',#4312);
#2663=VERTEX_POINT('',#4313);
#2664=VERTEX_POINT('',#4314);
#2665=VERTEX_POINT('',#4315);
#2666=VERTEX_POINT('',#4316);
#2667=VERTEX_POINT('',#4317);
#2668=VERTEX_POINT('',#4318);
#2669=VERTEX_POINT('',#4319);
#2670=VERTEX_POINT('',#4320);
#2671=VERTEX_POINT('',#4321);
#2672=VERTEX_POINT('',#4322);
#2673=VERTEX_POINT('',#4323);
#2674=VERTEX_POINT('',#4324);
#2675=VERTEX_POINT('',#4325);
#2676=VERTEX_POINT('',#4326);
#2677=VERTEX_POINT('',#4327);
#2678=VERTEX_POINT('',#4328);
#2679=VERTEX_POINT('',#4329);
#2680=VERTEX_POINT('',#4330);
#2681=VERTEX_POINT('',#4331);
#2682=VERTEX_POINT('',#4332);
#2683=VERTEX_POINT('',#4333);
#2684=VERTEX_POINT('',#4334);
#2685=VERTEX_POINT('',#4335);
#2686=VERTEX_POINT('',#4336);
#2687=VERTEX_POINT('',#4337);
#2688=VERTEX_POINT('',#4338);
#2689=VERTEX_POINT('',#4339);
#2690=VERTEX_POINT('',#4340);
#2691=VERTEX_POINT('',#4341);
#2692=VERTEX_POINT('',#4342);
#2693=VERTEX_POINT('',#4343);
#2694=VERTEX_POINT('',#4344);
#2695=VERTEX_POINT('',#4345);
#2696=VERTEX_POINT('',#4346);
#2697=VERTEX_POINT('',#4347);
#2698=VERTEX_POINT('',#4348);
#2699=VERTEX_POINT('',#4349);
#2700=VERTEX_POINT('',#4350);
#2701=VERTEX_POINT('',#4351);
#2702=VERTEX_POINT('',#4352);
#2703=VERTEX_POINT('',#4353);
#2704=VERTEX_POINT('',#4354);
#2705=VERTEX_POINT('',#4355);
#2706=VERTEX_POINT('',#4356);
#2707=VERTEX_POINT('',#4357);
#2708=VERTEX_POINT('',#4358);
#2709=VERTEX_POINT('',#4359);
#2710=VERTEX_POINT('',#4360);
#2711=VERTEX_POINT('',#4361);
#2712=PLANE('',#2960);
#2713=PLANE('',#2961);
#2714=PLANE('',#2962);
#2715=PLANE('',#2963);
#2716=PLANE('',#2964);
#2717=PLANE('',#2965);
#2718=PLANE('',#2966);
#2719=PLANE('',#2967);
#2720=PLANE('',#2968);
#2721=PLANE('',#2969);
#2722=PLANE('',#2970);
#2723=PLANE('',#2971);
#2724=PLANE('',#2972);
#2725=PLANE('',#2973);
#2726=PLANE('',#2974);
#2727=PLANE('',#2975);
#2728=PLANE('',#2976);
#2729=PLANE('',#2977);
#2730=PLANE('',#2978);
#2731=PLANE('',#2979);
#2732=PLANE('',#2980);
#2733=PLANE('',#2981);
#2734=PLANE('',#2982);
#2735=PLANE('',#2983);
#2736=PLANE('',#2984);
#2737=PLANE('',#2985);
#2738=PLANE('',#2986);
#2739=PLANE('',#2987);
#2740=PLANE('',#2988);
#2741=PLANE('',#2989);
#2742=PLANE('',#2990);
#2743=PLANE('',#2991);
#2744=PLANE('',#2992);
#2745=PLANE('',#2993);
#2746=PLANE('',#2994);
#2747=PLANE('',#2995);
#2748=PLANE('',#2996);
#2749=PLANE('',#2997);
#2750=PLANE('',#2998);
#2751=PLANE('',#2999);
#2752=PLANE('',#3000);
#2753=PLANE('',#3001);
#2754=PLANE('',#3002);
#2755=PLANE('',#3003);
#2756=PLANE('',#3004);
#2757=PLANE('',#3005);
#2758=PLANE('',#3006);
#2759=PLANE('',#3007);
#2760=PLANE('',#3008);
#2761=PLANE('',#3009);
#2762=PLANE('',#3010);
#2763=PLANE('',#3011);
#2764=PLANE('',#3012);
#2765=PLANE('',#3013);
#2766=PLANE('',#3014);
#2767=PLANE('',#3015);
#2768=PLANE('',#3016);
#2769=PLANE('',#3017);
#2770=PLANE('',#3018);
#2771=PLANE('',#3019);
#2772=PLANE('',#3020);
#2773=PLANE('',#3021);
#2774=PLANE('',#3022);
#2775=PLANE('',#3023);
#2776=PLANE('',#3024);
#2777=PLANE('',#3025);
#2778=PLANE('',#3026);
#2779=PLANE('',#3027);
#2780=PLANE('',#3028);
#2781=PLANE('',#3029);
#2782=PLANE('',#3030);
#2783=PLANE('',#3031);
#2784=PLANE('',#3032);
#2785=PLANE('',#3033);
#2786=PLANE('',#3034);
#2787=PLANE('',#3035);
#2788=PLANE('',#3036);
#2789=PLANE('',#3037);
#2790=PLANE('',#3038);
#2791=PLANE('',#3039);
#2792=PLANE('',#3040);
#2793=PLANE('',#3041);
#2794=PLANE('',#3042);
#2795=PLANE('',#3043);
#2796=PLANE('',#3044);
#2797=PLANE('',#3045);
#2798=PLANE('',#3046);
#2799=PLANE('',#3047);
#2800=PLANE('',#3048);
#2801=PLANE('',#3049);
#2802=PLANE('',#3050);
#2803=PLANE('',#3051);
#2804=PLANE('',#3052);
#2805=PLANE('',#3053);
#2806=PLANE('',#3054);
#2807=PLANE('',#3055);
#2808=PLANE('',#3056);
#2809=PLANE('',#3057);
#2810=PLANE('',#3058);
#2811=PLANE('',#3059);
#2812=PLANE('',#3060);
#2813=PLANE('',#3061);
#2814=PLANE('',#3062);
#2815=PLANE('',#3063);
#2816=PLANE('',#3064);
#2817=PLANE('',#3065);
#2818=PLANE('',#3066);
#2819=PLANE('',#3067);
#2820=PLANE('',#3068);
#2821=PLANE('',#3069);
#2822=PLANE('',#3070);
#2823=PLANE('',#3071);
#2824=PLANE('',#3072);
#2825=PLANE('',#3073);
#2826=PLANE('',#3074);
#2827=PLANE('',#3075);
#2828=PLANE('',#3076);
#2829=PLANE('',#3077);
#2830=PLANE('',#3078);
#2831=PLANE('',#3079);
#2832=PLANE('',#3080);
#2833=PLANE('',#3081);
#2834=PLANE('',#3082);
#2835=PLANE('',#3083);
#2836=PLANE('',#3084);
#2837=PLANE('',#3085);
#2838=PLANE('',#3086);
#2839=PLANE('',#3087);
#2840=PLANE('',#3088);
#2841=PLANE('',#3089);
#2842=PLANE('',#3090);
#2843=PLANE('',#3091);
#2844=PLANE('',#3092);
#2845=PLANE('',#3093);
#2846=PLANE('',#3094);
#2847=PLANE('',#3095);
#2848=PLANE('',#3096);
#2849=PLANE('',#3097);
#2850=PLANE('',#3098);
#2851=PLANE('',#3099);
#2852=PLANE('',#3100);
#2853=PLANE('',#3101);
#2854=PLANE('',#3102);
#2855=PLANE('',#3103);
#2856=PLANE('',#3104);
#2857=PLANE('',#3105);
#2858=PLANE('',#3106);
#2859=PLANE('',#3107);
#2860=PLANE('',#3108);
#2861=PLANE('',#3109);
#2862=PLANE('',#3110);
#2863=PLANE('',#3111);
#2864=PLANE('',#3112);
#2865=PLANE('',#3113);
#2866=PLANE('',#3114);
#2867=PLANE('',#3115);
#2868=PLANE('',#3116);
#2869=PLANE('',#3117);
#2870=PLANE('',#3118);
#2871=PLANE('',#3119);
#2872=SHAPE_DEFINITION_REPRESENTATION(#2873,#2958);
#2873=PRODUCT_DEFINITION_SHAPE($,$,#2875);
#2874=PRODUCT_DEFINITION_CONTEXT('3D Mechanical Parts',#2947,'design');
#2875=PRODUCT_DEFINITION('A','First version',#2917,#2874);
#2876=DATE_TIME_ROLE('classification_date');
#2877=DATE_TIME_ROLE('creation_date');
#2878=APPLIED_DATE_AND_TIME_ASSIGNMENT(#2902,#2876,(#2881));
#2879=APPLIED_DATE_AND_TIME_ASSIGNMENT(#2904,#2877,(#2875));
#2880=SECURITY_CLASSIFICATION_LEVEL('unclassified');
#2881=SECURITY_CLASSIFICATION('A','Security for version',#2880);
#2882=APPLIED_SECURITY_CLASSIFICATION_ASSIGNMENT(#2881,(#2917));
#2883=APPROVAL_ROLE('Version approval');
#2884=APPROVAL_ROLE('Version Security approval');
#2885=APPROVAL_ROLE('Definition approval');
#2886=APPROVAL_PERSON_ORGANIZATION(#2935,#2911,#2883);
#2887=APPROVAL_PERSON_ORGANIZATION(#2936,#2912,#2884);
#2888=APPROVAL_PERSON_ORGANIZATION(#2939,#2913,#2885);
#2889=COORDINATED_UNIVERSAL_TIME_OFFSET(5,0,.BEHIND.);
#2890=LOCAL_TIME(0,0,0.,#2889);
#2891=LOCAL_TIME(0,0,0.,#2889);
#2892=LOCAL_TIME(0,0,0.,#2889);
#2893=LOCAL_TIME(0,0,0.,#2889);
#2894=LOCAL_TIME(0,0,0.,#2889);
#2895=CALENDAR_DATE(1999,1,1);
#2896=CALENDAR_DATE(1999,1,1);
#2897=CALENDAR_DATE(1999,1,1);
#2898=CALENDAR_DATE(1999,1,1);
#2899=CALENDAR_DATE(1999,1,1);
#2900=DATE_AND_TIME(#2895,#2890);
#2901=DATE_AND_TIME(#2896,#2891);
#2902=DATE_AND_TIME(#2897,#2892);
#2903=DATE_AND_TIME(#2898,#2893);
#2904=DATE_AND_TIME(#2899,#2894);
#2905=APPROVAL_DATE_TIME(#2900,#2911);
#2906=APPROVAL_DATE_TIME(#2901,#2912);
#2907=APPROVAL_DATE_TIME(#2903,#2913);
#2908=APPROVAL_STATUS('not_yet_approved');
#2909=APPROVAL_STATUS('not_yet_approved');
#2910=APPROVAL_STATUS('approved');
#2911=APPROVAL(#2908,'Version approval');
#2912=APPROVAL(#2909,'Version Security approval');
#2913=APPROVAL(#2910,'Definition approval');
#2914=APPLIED_APPROVAL_ASSIGNMENT(#2911,(#2917));
#2915=APPLIED_APPROVAL_ASSIGNMENT(#2912,(#2881));
#2916=APPLIED_APPROVAL_ASSIGNMENT(#2913,(#2875));
#2917=PRODUCT_DEFINITION_FORMATION_WITH_SPECIFIED_SOURCE('A',
'First version',#2949,.MADE.);
#2918=PERSON_AND_ORGANIZATION_ROLE('design_owner');
#2919=PERSON_AND_ORGANIZATION_ROLE('creator');
#2920=PERSON_AND_ORGANIZATION_ROLE('design_supplier');
#2921=PERSON_AND_ORGANIZATION_ROLE('classification_officer');
#2922=PERSON_AND_ORGANIZATION_ROLE('creator');
#2923=ORGANIZATION('STI','lab','lab');
#2924=ORGANIZATION('STI','unknown','unknown');
#2925=ORGANIZATION('STI','unknown','unknown');
#2926=ORGANIZATION('STI','unknown','unknown');
#2927=ORGANIZATION('STI','unknown','unknown');
#2928=ORGANIZATION('STI','unknown','unknown');
#2929=ORGANIZATION('STI','unknown','unknown');
#2930=PERSON('1','Box','vc60',$,$,$);
#2931=PERSON('2','last','first',$,$,$);
#2932=PERSON('3','President','Mr.',$,$,$);
#2933=PERSON_AND_ORGANIZATION(#2930,#2923);
#2934=PERSON_AND_ORGANIZATION(#2931,#2924);
#2935=PERSON_AND_ORGANIZATION(#2932,#2925);
#2936=PERSON_AND_ORGANIZATION(#2932,#2926);
#2937=PERSON_AND_ORGANIZATION(#2932,#2927);
#2938=PERSON_AND_ORGANIZATION(#2931,#2928);
#2939=PERSON_AND_ORGANIZATION(#2932,#2929);
#2940=APPLIED_PERSON_AND_ORGANIZATION_ASSIGNMENT(#2933,#2918,(#2949));
#2941=APPLIED_PERSON_AND_ORGANIZATION_ASSIGNMENT(#2934,#2919,(#2917));
#2942=APPLIED_PERSON_AND_ORGANIZATION_ASSIGNMENT(#2934,#2920,(#2917));
#2943=APPLIED_PERSON_AND_ORGANIZATION_ASSIGNMENT(#2937,#2921,(#2881));
#2944=APPLIED_PERSON_AND_ORGANIZATION_ASSIGNMENT(#2938,#2922,(#2875));
#2945=PRODUCT_RELATED_PRODUCT_CATEGORY('detail','detail',(#2949));
#2946=APPLICATION_PROTOCOL_DEFINITION('International Standard',
'config_control_design',1994,#2947);
#2947=APPLICATION_CONTEXT(
'configuration controlled 3d designs of mechanical parts and assemblie
s');
#2948=PRODUCT_CONTEXT('3D Mechanical Parts',#2947,'mechanical');
#2949=PRODUCT('Document','Document','',(#2948));
#2950=(
LENGTH_UNIT()
NAMED_UNIT(*)
SI_UNIT(.MILLI.,.METRE.)
);
#2951=(
NAMED_UNIT(*)
PLANE_ANGLE_UNIT()
SI_UNIT($,.RADIAN.)
);
#2952=DIMENSIONAL_EXPONENTS(0.,0.,0.,0.,0.,0.,0.);
#2953=PLANE_ANGLE_MEASURE_WITH_UNIT(PLANE_ANGLE_MEASURE(0.01745329252),
#2951);
#2954=(
CONVERSION_BASED_UNIT('DEGREES',#2953)
NAMED_UNIT(#2952)
PLANE_ANGLE_UNIT()
);
#2955=(
NAMED_UNIT(*)
SI_UNIT($,.STERADIAN.)
SOLID_ANGLE_UNIT()
);
#2956=UNCERTAINTY_MEASURE_WITH_UNIT(LENGTH_MEASURE(0.001),#2950,
'DISTANCE_ACCURACY_VALUE',
'Maximum model space distance between geometric entities at asserted c
onnectivities');
#2957=(
GEOMETRIC_REPRESENTATION_CONTEXT(3)
GLOBAL_UNCERTAINTY_ASSIGNED_CONTEXT((#2956))
GLOBAL_UNIT_ASSIGNED_CONTEXT((#2955,#2954,#2950))
REPRESENTATION_CONTEXT('ID1','3D')
);
#2958=SHAPE_REPRESENTATION('Document',(#2959,#3120),#2957);
#2959=AXIS2_PLACEMENT_3D($,#3285,#3121,#3122);
#2960=AXIS2_PLACEMENT_3D('',#3286,#3123,$);
#2961=AXIS2_PLACEMENT_3D('',#3287,#3124,$);
#2962=AXIS2_PLACEMENT_3D('',#3288,#3125,$);
#2963=AXIS2_PLACEMENT_3D('',#3289,#3126,$);
#2964=AXIS2_PLACEMENT_3D('',#3290,#3127,$);
#2965=AXIS2_PLACEMENT_3D('',#3291,#3128,$);
#2966=AXIS2_PLACEMENT_3D('',#3292,#3129,$);
#2967=AXIS2_PLACEMENT_3D('',#3293,#3130,$);
#2968=AXIS2_PLACEMENT_3D('',#3294,#3131,$);
#2969=AXIS2_PLACEMENT_3D('',#3295,#3132,$);
#2970=AXIS2_PLACEMENT_3D('',#3296,#3133,$);
#2971=AXIS2_PLACEMENT_3D('',#3297,#3134,$);
#2972=AXIS2_PLACEMENT_3D('',#3298,#3135,$);
#2973=AXIS2_PLACEMENT_3D('',#3299,#3136,$);
#2974=AXIS2_PLACEMENT_3D('',#3300,#3137,$);
#2975=AXIS2_PLACEMENT_3D('',#3301,#3138,$);
#2976=AXIS2_PLACEMENT_3D('',#3302,#3139,$);
#2977=AXIS2_PLACEMENT_3D('',#3303,#3140,$);
#2978=AXIS2_PLACEMENT_3D('',#3304,#3141,$);
#2979=AXIS2_PLACEMENT_3D('',#3305,#3142,$);
#2980=AXIS2_PLACEMENT_3D('',#3306,#3143,$);
#2981=AXIS2_PLACEMENT_3D('',#3307,#3144,$);
#2982=AXIS2_PLACEMENT_3D('',#3308,#3145,$);
#2983=AXIS2_PLACEMENT_3D('',#3309,#3146,$);
#2984=AXIS2_PLACEMENT_3D('',#3310,#3147,$);
#2985=AXIS2_PLACEMENT_3D('',#3311,#3148,$);
#2986=AXIS2_PLACEMENT_3D('',#3312,#3149,$);
#2987=AXIS2_PLACEMENT_3D('',#3313,#3150,$);
#2988=AXIS2_PLACEMENT_3D('',#3314,#3151,$);
#2989=AXIS2_PLACEMENT_3D('',#3315,#3152,$);
#2990=AXIS2_PLACEMENT_3D('',#3316,#3153,$);
#2991=AXIS2_PLACEMENT_3D('',#3317,#3154,$);
#2992=AXIS2_PLACEMENT_3D('',#3318,#3155,$);
#2993=AXIS2_PLACEMENT_3D('',#3319,#3156,$);
#2994=AXIS2_PLACEMENT_3D('',#3320,#3157,$);
#2995=AXIS2_PLACEMENT_3D('',#3321,#3158,$);
#2996=AXIS2_PLACEMENT_3D('',#3322,#3159,$);
#2997=AXIS2_PLACEMENT_3D('',#3323,#3160,$);
#2998=AXIS2_PLACEMENT_3D('',#3324,#3161,$);
#2999=AXIS2_PLACEMENT_3D('',#3325,#3162,$);
#3000=AXIS2_PLACEMENT_3D('',#3326,#3163,$);
#3001=AXIS2_PLACEMENT_3D('',#3327,#3164,$);
#3002=AXIS2_PLACEMENT_3D('',#3328,#3165,$);
#3003=AXIS2_PLACEMENT_3D('',#3329,#3166,$);
#3004=AXIS2_PLACEMENT_3D('',#3330,#3167,$);
#3005=AXIS2_PLACEMENT_3D('',#3331,#3168,$);
#3006=AXIS2_PLACEMENT_3D('',#3332,#3169,$);
#3007=AXIS2_PLACEMENT_3D('',#3333,#3170,$);
#3008=AXIS2_PLACEMENT_3D('',#3334,#3171,$);
#3009=AXIS2_PLACEMENT_3D('',#3335,#3172,$);
#3010=AXIS2_PLACEMENT_3D('',#3336,#3173,$);
#3011=AXIS2_PLACEMENT_3D('',#3337,#3174,$);
#3012=AXIS2_PLACEMENT_3D('',#3338,#3175,$);
#3013=AXIS2_PLACEMENT_3D('',#3339,#3176,$);
#3014=AXIS2_PLACEMENT_3D('',#3340,#3177,$);
#3015=AXIS2_PLACEMENT_3D('',#3341,#3178,$);
#3016=AXIS2_PLACEMENT_3D('',#3342,#3179,$);
#3017=AXIS2_PLACEMENT_3D('',#3343,#3180,$);
#3018=AXIS2_PLACEMENT_3D('',#3344,#3181,$);
#3019=AXIS2_PLACEMENT_3D('',#3345,#3182,$);
#3020=AXIS2_PLACEMENT_3D('',#3346,#3183,$);
#3021=AXIS2_PLACEMENT_3D('',#3891,#3184,$);
#3022=AXIS2_PLACEMENT_3D('',#3892,#3185,$);
#3023=AXIS2_PLACEMENT_3D('',#3893,#3186,$);
#3024=AXIS2_PLACEMENT_3D('',#3894,#3187,$);
#3025=AXIS2_PLACEMENT_3D('',#3895,#3188,$);
#3026=AXIS2_PLACEMENT_3D('',#3896,#3189,$);
#3027=AXIS2_PLACEMENT_3D('',#3897,#3190,$);
#3028=AXIS2_PLACEMENT_3D('',#3898,#3191,$);
#3029=AXIS2_PLACEMENT_3D('',#3899,#3192,$);
#3030=AXIS2_PLACEMENT_3D('',#3900,#3193,$);
#3031=AXIS2_PLACEMENT_3D('',#3901,#3194,$);
#3032=AXIS2_PLACEMENT_3D('',#3902,#3195,$);
#3033=AXIS2_PLACEMENT_3D('',#3903,#3196,$);
#3034=AXIS2_PLACEMENT_3D('',#3904,#3197,$);
#3035=AXIS2_PLACEMENT_3D('',#3905,#3198,$);
#3036=AXIS2_PLACEMENT_3D('',#3906,#3199,$);
#3037=AXIS2_PLACEMENT_3D('',#3907,#3200,$);
#3038=AXIS2_PLACEMENT_3D('',#3908,#3201,$);
#3039=AXIS2_PLACEMENT_3D('',#4037,#3202,$);
#3040=AXIS2_PLACEMENT_3D('',#4038,#3203,$);
#3041=AXIS2_PLACEMENT_3D('',#4039,#3204,$);
#3042=AXIS2_PLACEMENT_3D('',#4040,#3205,$);
#3043=AXIS2_PLACEMENT_3D('',#4041,#3206,$);
#3044=AXIS2_PLACEMENT_3D('',#4042,#3207,$);
#3045=AXIS2_PLACEMENT_3D('',#4043,#3208,$);
#3046=AXIS2_PLACEMENT_3D('',#4044,#3209,$);
#3047=AXIS2_PLACEMENT_3D('',#4045,#3210,$);
#3048=AXIS2_PLACEMENT_3D('',#4046,#3211,$);
#3049=AXIS2_PLACEMENT_3D('',#4047,#3212,$);
#3050=AXIS2_PLACEMENT_3D('',#4048,#3213,$);
#3051=AXIS2_PLACEMENT_3D('',#4049,#3214,$);
#3052=AXIS2_PLACEMENT_3D('',#4050,#3215,$);
#3053=AXIS2_PLACEMENT_3D('',#4051,#3216,$);
#3054=AXIS2_PLACEMENT_3D('',#4052,#3217,$);
#3055=AXIS2_PLACEMENT_3D('',#4053,#3218,$);
#3056=AXIS2_PLACEMENT_3D('',#4054,#3219,$);
#3057=AXIS2_PLACEMENT_3D('',#4183,#3220,$);
#3058=AXIS2_PLACEMENT_3D('',#4184,#3221,$);
#3059=AXIS2_PLACEMENT_3D('',#4185,#3222,$);
#3060=AXIS2_PLACEMENT_3D('',#4186,#3223,$);
#3061=AXIS2_PLACEMENT_3D('',#4187,#3224,$);
#3062=AXIS2_PLACEMENT_3D('',#4188,#3225,$);
#3063=AXIS2_PLACEMENT_3D('',#4189,#3226,$);
#3064=AXIS2_PLACEMENT_3D('',#4190,#3227,$);
#3065=AXIS2_PLACEMENT_3D('',#4191,#3228,$);
#3066=AXIS2_PLACEMENT_3D('',#4192,#3229,$);
#3067=AXIS2_PLACEMENT_3D('',#4193,#3230,$);
#3068=AXIS2_PLACEMENT_3D('',#4194,#3231,$);
#3069=AXIS2_PLACEMENT_3D('',#4195,#3232,$);
#3070=AXIS2_PLACEMENT_3D('',#4196,#3233,$);
#3071=AXIS2_PLACEMENT_3D('',#4197,#3234,$);
#3072=AXIS2_PLACEMENT_3D('',#4198,#3235,$);
#3073=AXIS2_PLACEMENT_3D('',#4199,#3236,$);
#3074=AXIS2_PLACEMENT_3D('',#4200,#3237,$);
#3075=AXIS2_PLACEMENT_3D('',#4201,#3238,$);
#3076=AXIS2_PLACEMENT_3D('',#4202,#3239,$);
#3077=AXIS2_PLACEMENT_3D('',#4203,#3240,$);
#3078=AXIS2_PLACEMENT_3D('',#4204,#3241,$);
#3079=AXIS2_PLACEMENT_3D('',#4205,#3242,$);
#3080=AXIS2_PLACEMENT_3D('',#4206,#3243,$);
#3081=AXIS2_PLACEMENT_3D('',#4207,#3244,$);
#3082=AXIS2_PLACEMENT_3D('',#4208,#3245,$);
#3083=AXIS2_PLACEMENT_3D('',#4209,#3246,$);
#3084=AXIS2_PLACEMENT_3D('',#4210,#3247,$);
#3085=AXIS2_PLACEMENT_3D('',#4211,#3248,$);
#3086=AXIS2_PLACEMENT_3D('',#4212,#3249,$);
#3087=AXIS2_PLACEMENT_3D('',#4213,#3250,$);
#3088=AXIS2_PLACEMENT_3D('',#4214,#3251,$);
#3089=AXIS2_PLACEMENT_3D('',#4215,#3252,$);
#3090=AXIS2_PLACEMENT_3D('',#4216,#3253,$);
#3091=AXIS2_PLACEMENT_3D('',#4217,#3254,$);
#3092=AXIS2_PLACEMENT_3D('',#4218,#3255,$);
#3093=AXIS2_PLACEMENT_3D('',#4219,#3256,$);
#3094=AXIS2_PLACEMENT_3D('',#4220,#3257,$);
#3095=AXIS2_PLACEMENT_3D('',#4221,#3258,$);
#3096=AXIS2_PLACEMENT_3D('',#4222,#3259,$);
#3097=AXIS2_PLACEMENT_3D('',#4223,#3260,$);
#3098=AXIS2_PLACEMENT_3D('',#4224,#3261,$);
#3099=AXIS2_PLACEMENT_3D('',#4225,#3262,$);
#3100=AXIS2_PLACEMENT_3D('',#4226,#3263,$);
#3101=AXIS2_PLACEMENT_3D('',#4227,#3264,$);
#3102=AXIS2_PLACEMENT_3D('',#4228,#3265,$);
#3103=AXIS2_PLACEMENT_3D('',#4229,#3266,$);
#3104=AXIS2_PLACEMENT_3D('',#4230,#3267,$);
#3105=AXIS2_PLACEMENT_3D('',#4231,#3268,$);
#3106=AXIS2_PLACEMENT_3D('',#4232,#3269,$);
#3107=AXIS2_PLACEMENT_3D('',#4233,#3270,$);
#3108=AXIS2_PLACEMENT_3D('',#4234,#3271,$);
#3109=AXIS2_PLACEMENT_3D('',#4235,#3272,$);
#3110=AXIS2_PLACEMENT_3D('',#4236,#3273,$);
#3111=AXIS2_PLACEMENT_3D('',#4237,#3274,$);
#3112=AXIS2_PLACEMENT_3D('',#4238,#3275,$);
#3113=AXIS2_PLACEMENT_3D('',#4239,#3276,$);
#3114=AXIS2_PLACEMENT_3D('',#4240,#3277,$);
#3115=AXIS2_PLACEMENT_3D('',#4241,#3278,$);
#3116=AXIS2_PLACEMENT_3D('',#4242,#3279,$);
#3117=AXIS2_PLACEMENT_3D('',#4243,#3280,$);
#3118=AXIS2_PLACEMENT_3D('',#4244,#3281,$);
#3119=AXIS2_PLACEMENT_3D('',#4245,#3282,$);
#3120=AXIS2_PLACEMENT_3D($,#4742,#3283,#3284);
#3121=DIRECTION('',(0.,0.,1.));
#3122=DIRECTION('',(1.,0.,0.));
#3123=DIRECTION('',(-0.862594789467244,-0.505895472586937,0.));
#3124=DIRECTION('',(0.865982167253355,-0.500074880392108,0.));
#3125=DIRECTION('',(-0.986758649784048,0.16219545948134,0.));
#3126=DIRECTION('',(-0.987048925476826,-0.160419508523879,0.));
#3127=DIRECTION('',(-0.505895472587048,0.862594789467179,7.48181715771993E-19));
#3128=DIRECTION('',(0.98675864978405,-0.162195459481327,-4.94585633072643E-21));
#3129=DIRECTION('',(0.987048925476813,0.160419508523959,-8.61020173408832E-19));
#3130=DIRECTION('',(0.862594789467244,0.505895472586937,5.28784527600315E-19));
#3131=DIRECTION('',(-0.86598216725342,0.500074880391997,0.));
#3132=DIRECTION('',(0.500074880391933,0.865982167253457,0.));
#3133=DIRECTION('',(0.16219545948142,0.986758649784035,0.));
#3134=DIRECTION('',(-0.160419508523879,0.987048925476826,0.));
#3135=DIRECTION('',(0.999999996242247,-8.66920181739061E-5,-7.51933395530415E-23));
#3136=DIRECTION('',(0.505895472587002,-0.862594789467206,7.48181715772017E-19));
#3137=DIRECTION('',(-0.162195459481407,-0.986758649784037,-8.62333787661335E-19));
#3138=DIRECTION('',(0.160419508523958,-0.987048925476813,-8.62514860108955E-19));
#3139=DIRECTION('',(-0.500074880391933,-0.865982167253457,0.));
#3140=DIRECTION('',(-8.6692018054002E-5,-0.999999996242247,-8.67361734729072E-19));
#3141=DIRECTION('',(8.61513187730978E-5,0.999999996288975,0.));
#3142=DIRECTION('',(-8.61513187730978E-5,-0.999999996288975,0.));
#3143=DIRECTION('',(-0.70704566919816,0.707167887893763,0.));
#3144=DIRECTION('',(-0.999999996242247,8.66920181739061E-5,8.67436928068625E-19));
#3145=DIRECTION('',(0.707045669198133,-0.70716788789379,-1.22663472876601E-18));
#3146=DIRECTION('',(-0.999999996288975,8.61513187722096E-5,0.));
#3147=DIRECTION('',(-0.70716788789379,-0.707045669198133,6.13264360472866E-19));
#3148=DIRECTION('',(8.66920181739062E-5,0.999999996242247,-8.67361734729072E-19));
#3149=DIRECTION('',(0.999999996288975,-8.61513187730978E-5,0.));
#3150=DIRECTION('',(0.707167887893763,0.70704566919816,6.13370368293123E-19));
#3151=DIRECTION('',(-0.868557173530563,-0.495588979204138,0.));
#3152=DIRECTION('',(0.495739096120896,0.868471501304008,0.));
#3153=DIRECTION('',(8.63779965740718E-5,0.999999996269421,0.));
#3154=DIRECTION('',(-0.70716788789379,-0.707045669198133,0.));
#3155=DIRECTION('',(0.999999996261872,-8.6465340377373E-5,0.));
#3156=DIRECTION('',(0.70716788789379,0.707045669198133,0.));
#3157=DIRECTION('',(0.999999996269421,-8.63779966708833E-5,0.));
#3158=DIRECTION('',(8.6465340377373E-5,0.999999996261872,0.));
#3159=DIRECTION('',(-0.999999996261872,8.64653402805615E-5,0.));
#3160=DIRECTION('',(-8.64653402805615E-5,-0.999999996261872,0.));
#3161=DIRECTION('',(-0.868471501303978,0.495739096120948,0.));
#3162=DIRECTION('',(-0.707045669198157,0.707167887893766,0.));
#3163=DIRECTION('',(-0.999999996269421,8.63779966708833E-5,0.));
#3164=DIRECTION('',(-8.63779965740718E-5,-0.999999996269421,0.));
#3165=DIRECTION('',(0.495588979204138,-0.868557173530563,0.));
#3166=DIRECTION('',(0.868471501304047,-0.495739096120827,0.));
#3167=DIRECTION('',(-0.495739096120948,-0.868471501303978,0.));
#3168=DIRECTION('',(0.868557173530563,0.495588979204137,0.));
#3169=DIRECTION('',(0.707045669198133,-0.70716788789379,3.14045628566055E-16));
#3170=DIRECTION('',(-0.495588860346656,0.868557241349298,0.));
#3171=DIRECTION('',(0.00702465457401358,0.999975326809675,0.));
#3172=DIRECTION('',(-0.999975290495277,0.00702982210920305,0.));
#3173=DIRECTION('',(-0.00138753739673025,-0.999999037369523,4.44088782356204E-16));
#3174=DIRECTION('',(-0.999999996265648,8.64216684623997E-5,0.));
#3175=DIRECTION('',(0.999996826875404,0.0025191742937769,-4.44087800699618E-16));
#3176=DIRECTION('',(-0.283495208928341,0.958973652669705,4.25869851681069E-16));
#3177=DIRECTION('',(0.28346928157333,-0.958981317025676,1.19765799260853E-15));
#3178=DIRECTION('',(0.958747047665295,-0.284260617379686,0.));
#3179=DIRECTION('',(0.,0.,-1.));
#3180=DIRECTION('',(0.,0.,1.));
#3181=DIRECTION('',(0.,0.,-1.));
#3182=DIRECTION('',(0.,0.,-1.));
#3183=DIRECTION('',(0.,0.,1.));
#3184=DIRECTION('',(0.980802100979792,0.195005740206858,5.44454537554254E-17));
#3185=DIRECTION('',(0.831421588799698,-0.555642098547065,-3.08443325629E-17));
#3186=DIRECTION('',(0.831517615414481,0.555498384565981,1.88853692694799E-17));
#3187=DIRECTION('',(0.555642098547158,0.831421588799636,0.));
#3188=DIRECTION('',(0.195175202568323,0.980768392793331,4.16333634234434E-17));
#3189=DIRECTION('',(0.555498384565981,-0.831517615414481,3.0836354834362E-17));
#3190=DIRECTION('',(0.195005680371751,-0.980802112876369,-2.17781817663269E-16));
#3191=DIRECTION('',(0.980768380886417,-0.195175262401348,2.27215639969908E-18));
#3192=DIRECTION('',(-0.980802100979819,-0.195005740206728,0.));
#3193=DIRECTION('',(-0.831517615414523,-0.555498384565919,0.));
#3194=DIRECTION('',(-0.555642098547344,-0.831421588799511,0.));
#3195=DIRECTION('',(-0.555498384566075,0.831517615414419,7.69948549350926E-17));
#3196=DIRECTION('',(-0.980768380886423,0.195175262401322,0.));
#3197=DIRECTION('',(-0.831421588799595,0.555642098547219,7.33293291815195E-15));
#3198=DIRECTION('',(-0.195005680371614,0.980802112876397,-2.77555756156289E-17));
#3199=DIRECTION('',(-0.195175202568323,-0.980768392793331,1.63330747725566E-16));
#3200=DIRECTION('',(0.,0.,-1.));
#3201=DIRECTION('',(0.,0.,1.));
#3202=DIRECTION('',(0.831517615414481,0.555498384565981,-6.1576677517909E-17));
#3203=DIRECTION('',(0.555642098547158,0.831421588799636,7.55429865817575E-17));
#3204=DIRECTION('',(0.980802100979792,0.195005740206858,0.));
#3205=DIRECTION('',(0.980768436857849,-0.195174981141055,0.));
#3206=DIRECTION('',(0.195175127703273,0.980768407691648,-9.02056207507939E-17));
#3207=DIRECTION('',(0.831421588799698,-0.555642098547065,0.));
#3208=DIRECTION('',(0.195005605504245,-0.980802127761723,1.38777878078145E-17));
#3209=DIRECTION('',(0.555498384566168,-0.831517615414357,0.));
#3210=DIRECTION('',(-0.831421588799584,0.555642098547235,-3.41939563614905E-15));
#3211=DIRECTION('',(-0.555642098547344,-0.831421588799511,0.));
#3212=DIRECTION('',(-0.555498384566075,0.831517615414419,-3.08363548343668E-17));
#3213=DIRECTION('',(-0.831517615414439,-0.555498384566044,0.));
#3214=DIRECTION('',(-0.980802100979819,-0.195005740206728,0.));
#3215=DIRECTION('',(-0.980768380886423,0.195175262401322,0.));
#3216=DIRECTION('',(-0.195175127703274,-0.980768407691648,1.08887166804422E-16));
#3217=DIRECTION('',(-0.195005605504098,0.980802127761752,-5.9857948071163E-17));
#3218=DIRECTION('',(0.,0.,1.));
#3219=DIRECTION('',(0.,0.,-1.));
#3220=DIRECTION('',(8.64216685042145E-5,0.999999996265648,0.));
#3221=DIRECTION('',(-8.64216685007534E-5,-0.999999996265648,0.));
#3222=DIRECTION('',(-0.999999994155786,0.000108113031075486,0.));
#3223=DIRECTION('',(0.,0.,1.));
#3224=DIRECTION('',(0.,0.,-1.));
#3225=DIRECTION('',(-8.64216684351003E-5,-0.999999996265648,0.));
#3226=DIRECTION('',(0.999999988653621,-0.000150641157360417,0.));
#3227=DIRECTION('',(0.,0.,1.));
#3228=DIRECTION('',(0.,0.,-1.));
#3229=DIRECTION('',(0.89066101830419,-0.454667956286062,0.));
#3230=DIRECTION('',(-0.89066101830419,0.454667956286062,0.));
#3231=DIRECTION('',(0.454667956286062,0.89066101830419,0.));
#3232=DIRECTION('',(0.,0.,1.));
#3233=DIRECTION('',(-0.839084589807607,-0.544000966127267,0.));
#3234=DIRECTION('',(0.544000966127267,-0.839084589807607,0.));
#3235=DIRECTION('',(0.839084589807607,0.544000966127267,0.));
#3236=DIRECTION('',(0.,0.,1.));
#3237=DIRECTION('',(-0.99866904976446,-0.0515764388316155,0.));
#3238=DIRECTION('',(0.0515764388316126,-0.99866904976446,0.));
#3239=DIRECTION('',(-0.0515764388316164,0.99866904976446,0.));
#3240=DIRECTION('',(0.,0.,1.));
#3241=DIRECTION('',(-0.950655823873906,0.310247489167319,0.));
#3242=DIRECTION('',(-0.832322509856048,0.55429165570747,0.));
#3243=DIRECTION('',(-0.6527637240864,0.757561562196007,0.));
#3244=DIRECTION('',(-0.399804059188938,0.916600629639784,0.));
#3245=DIRECTION('',(-0.0834152688294295,0.996514873409381,0.));
#3246=DIRECTION('',(0.241855979271487,0.970312158684323,0.));
#3247=DIRECTION('',(0.783239243179565,0.621720425869621,0.));
#3248=DIRECTION('',(0.941700511092377,0.336452295888075,0.));
#3249=DIRECTION('',(0.950655823873899,-0.31024748916734,0.));
#3250=DIRECTION('',(0.832322509856048,-0.55429165570747,0.));
#3251=DIRECTION('',(0.083415268829488,-0.996514873409376,0.));
#3252=DIRECTION('',(-0.241855979271528,-0.970312158684313,0.));
#3253=DIRECTION('',(-0.541372325959482,-0.840782971215058,0.));
#3254=DIRECTION('',(-0.783239243179571,-0.621720425869613,0.));
#3255=DIRECTION('',(0.73030675031199,0.6831193530041,1.21391150036907E-14));
#3256=DIRECTION('',(0.926728261930566,0.375732256452853,1.05031801158308E-14));
#3257=DIRECTION('',(0.998298862446831,0.0583042128611909,7.89110997280594E-15));
#3258=DIRECTION('',(0.842814485280297,-0.53820418374601,1.04485449688611E-15));
#3259=DIRECTION('',(0.572696769293533,-0.819767290418903,-3.99470116589119E-15));
#3260=DIRECTION('',(0.215391951819668,-0.976527678609938,-7.95040377106943E-15));
#3261=DIRECTION('',(-0.174704769965037,-0.984620862744368,-1.09192494500878E-14));
#3262=DIRECTION('',(-0.538203833723344,-0.842814708797548,-1.22376953952577E-14));
#3263=DIRECTION('',(-0.819767290418938,-0.572696769293483,-1.16020478630439E-14));
#3264=DIRECTION('',(-0.849702869963462,0.527261825638701,-1.07484563043135E-15));
#3265=DIRECTION('',(-0.604057795583068,0.796940511955142,3.41480867557626E-15));
#3266=DIRECTION('',(-0.278031934730931,0.96057183139512,7.42711529600312E-15));
#3267=DIRECTION('',(0.0849913700828604,0.99638168741273,1.04727222771931E-14));
#3268=DIRECTION('',(0.436704943438033,0.899604797884485,1.21888008660102E-14));
#3269=DIRECTION('',(0.,0.,1.));
#3270=DIRECTION('',(-0.941700511092358,-0.336452295888128,0.));
#3271=DIRECTION('',(0.6527637240864,-0.757561562196007,0.));
#3272=DIRECTION('',(0.399804059188938,-0.916600629639784,0.));
#3273=DIRECTION('',(0.541372325959482,0.840782971215058,0.));
#3274=DIRECTION('',(8.64216684326164E-5,0.999999996265648,0.));
#3275=DIRECTION('',(0.999999996265648,-8.64216684615115E-5,0.));
#3276=DIRECTION('',(0.974001517020112,-0.226541485919293,5.11478758353229E-15));
#3277=DIRECTION('',(-0.97652771212243,-0.21539179988322,-9.50059526760103E-15));
#3278=DIRECTION('',(-0.984620903254925,0.174704541650916,-5.48852912095538E-15));
#3279=DIRECTION('',(-0.999999996265648,8.64216685152464E-5,0.));
#3280=DIRECTION('',(0.,0.,1.));
#3281=DIRECTION('',(0.,0.,1.));
#3282=DIRECTION('',(0.,0.,-1.));
#3283=DIRECTION('',(0.,0.,1.));
#3284=DIRECTION('',(1.,0.,0.));
#3285=CARTESIAN_POINT('',(0.,0.,0.));
#3286=CARTESIAN_POINT('',(-0.0639526448030541,0.0215489054540345,0.));
#3287=CARTESIAN_POINT('',(0.0700180278919262,0.0318173279762171,4.9911025273023));
#3288=CARTESIAN_POINT('',(-0.0674846974879575,6.07358747721776E-5,4.9911025273023));
#3289=CARTESIAN_POINT('',(-0.0674846974879575,6.07358747721776E-5,0.));
#3290=CARTESIAN_POINT('',(0.0215641810956448,0.0639679210159105,0.));
#3291=CARTESIAN_POINT('',(0.0639831966575226,-0.0215489048827884,4.9911025273023));
#3292=CARTESIAN_POINT('',(0.0640218710520788,0.0214337532377886,0.));
#3293=CARTESIAN_POINT('',(0.070012527433196,-0.0318294264389021,4.9911025273023));
#3294=CARTESIAN_POINT('',(-0.0699874760374577,-0.0318173274049691,4.9911025273023));
#3295=CARTESIAN_POINT('',(-0.0214184770249304,0.0640065954104703,0.));
#3296=CARTESIAN_POINT('',(7.60115163824793E-5,0.0674999737008157,4.9911025273023));
#3297=CARTESIAN_POINT('',(7.60115163824793E-5,0.0674999737008157,0.));
#3298=CARTESIAN_POINT('',(0.070012527433196,-0.0318294264389021,0.));
#3299=CARTESIAN_POINT('',(-0.03181415079729,-0.0699972512203377,4.9911025273023));
#3300=CARTESIAN_POINT('',(-0.0215336292411781,-0.0639679204446644,4.9911025273023));
#3301=CARTESIAN_POINT('',(0.0214490288793989,-0.0640065948392223,0.));
#3302=CARTESIAN_POINT('',(0.0318326036178291,-0.070002751679068,4.9911025273023));
#3303=CARTESIAN_POINT('',(-0.03181415079729,-0.0699972512203377,0.));
#3304=CARTESIAN_POINT('',(-0.0466512910469881,0.0700040315318677,4.9911025273023));
#3305=CARTESIAN_POINT('',(0.0466818429014566,-0.0700040309606198,4.9911025273023));
#3306=CARTESIAN_POINT('',(-0.0466512910469881,0.0700040315318677,4.9911025273023));
#3307=CARTESIAN_POINT('',(-0.0699819755787274,0.0318294270101482,0.));
#3308=CARTESIAN_POINT('',(0.0466818429014566,-0.0700040309606198,4.9911025273023));
#3309=CARTESIAN_POINT('',(-0.0699887553190095,-0.0466665666886001,4.9911025273023));
#3310=CARTESIAN_POINT('',(-0.0466633900802265,-0.0699959639098129,0.));
#3311=CARTESIAN_POINT('',(0.0318447026517585,0.0699972517915857,0.));
#3312=CARTESIAN_POINT('',(0.070019307173478,0.0466665672598463,4.9911025273023));
#3313=CARTESIAN_POINT('',(0.0466939419346932,0.069995964481059,0.));
#3314=CARTESIAN_POINT('',(-0.0694669200502567,0.0206996226262071,5.0011025164781));
#3315=CARTESIAN_POINT('',(-0.0303371523498779,0.0750026230597669,5.0011025164781));
#3316=CARTESIAN_POINT('',(0.0303806674545104,0.074997375724454,5.0011025164781));
#3317=CARTESIAN_POINT('',(-0.0749889364929484,-0.0487372053694717,4.9911025273023));
#3318=CARTESIAN_POINT('',(0.0750178987013772,0.0303524285627361,4.9911025273023));
#3319=CARTESIAN_POINT('',(0.0487654448326325,0.0749957876842107,5.0011025164781));
#3320=CARTESIAN_POINT('',(0.075011063325821,-0.048750168619776,4.9911025273023));
#3321=CARTESIAN_POINT('',(-0.0487219297278614,0.0750042127058066,5.0011025164781));
#3322=CARTESIAN_POINT('',(-0.0749889364929484,-0.0487372053694717,5.0011025164781));
#3323=CARTESIAN_POINT('',(0.0303677042043464,-0.0750026224885207,4.9911025273023));
#3324=CARTESIAN_POINT('',(-0.0749873468469104,-0.0303524279914882,5.0011025164781));
#3325=CARTESIAN_POINT('',(-0.0749805114713524,0.0487501691910222,5.0011025164781));
#3326=CARTESIAN_POINT('',(-0.0749820995115975,0.0303653918129001,5.0011025164781));
#3327=CARTESIAN_POINT('',(-0.0487348929781639,-0.0749957871129645,4.9911025273023));
#3328=CARTESIAN_POINT('',(-0.0303501156000419,-0.0749973751532078,4.9911025273023));
#3329=CARTESIAN_POINT('',(0.0695010486586263,0.0206876127824422,4.9911025273023));
#3330=CARTESIAN_POINT('',(0.0207028884240525,-0.069485772445768,4.9911025273023));
#3331=CARTESIAN_POINT('',(0.0750126513660661,-0.0303653912416539,4.9911025273023));
#3332=CARTESIAN_POINT('',(0.0487524815823299,-0.0750042121345587,5.0011025164781));
#3333=CARTESIAN_POINT('',(0.020951973464582,0.0696174704210719,5.0011025164781));
#3334=CARTESIAN_POINT('',(0.0209493738405886,0.0692476801592985,5.0011025164781));
#3335=CARTESIAN_POINT('',(0.020951973464582,0.0696174704210719,4.9911025273023));
#3336=CARTESIAN_POINT('',(-0.0206843464133488,-0.069482195691867,5.0011025164781));
#3337=CARTESIAN_POINT('',(-0.0694669200502567,0.0206996226262071,5.0011025164781));
#3338=CARTESIAN_POINT('',(0.0696043977782956,-0.0203372547644474,5.0011025164781));
#3339=CARTESIAN_POINT('',(-0.0204933549002071,0.0695388081963646,5.0011025164781));
#3340=CARTESIAN_POINT('',(0.0207029235654622,-0.0694858913296158,5.0011025164781));
#3341=CARTESIAN_POINT('',(0.0696048693707386,-0.0203373945877295,5.0011025164781));
#3342=CARTESIAN_POINT('',(-0.144504022171424,0.0870644834542354,0.));
#3343=CARTESIAN_POINT('',(0.100979994515443,-0.122544821922469,5.0011025164781));
#3344=CARTESIAN_POINT('',(0.103759494906435,-0.137206958145804,4.9911025273023));
#3345=CARTESIAN_POINT('',(0.0589640322439261,0.0755695413352199,0.));
#3346=CARTESIAN_POINT('',(-0.0598647823235876,-0.0896000840156391,5.0011025164781));
#3347=CARTESIAN_POINT('',(7.60115163824793E-5,0.0674999737008157,0.));
#3348=CARTESIAN_POINT('',(0.0215641810956448,0.0639679210159105,0.));
#3349=CARTESIAN_POINT('',(0.0193413738411703,0.0552155062257302,0.));
#3350=CARTESIAN_POINT('',(-0.00652962206470242,0.0581327319497653,0.));
#3351=CARTESIAN_POINT('',(0.0413845969137885,0.0413621714785748,0.));
#3352=CARTESIAN_POINT('',(0.0318447026517585,0.0699972517915857,0.));
#3353=CARTESIAN_POINT('',(0.0466939419346932,0.069995964481059,0.));
#3354=CARTESIAN_POINT('',(0.070019307173478,0.0466665672598463,0.));
#3355=CARTESIAN_POINT('',(-0.031104319395201,0.049536055900516,0.));
#3356=CARTESIAN_POINT('',(-0.0466512910469881,0.0700040315318677,0.));
#3357=CARTESIAN_POINT('',(-0.0318020517633606,0.0700027522503159,0.));
#3358=CARTESIAN_POINT('',(-0.0214184770249304,0.0640065954104703,0.));
#3359=CARTESIAN_POINT('',(-0.0495154001330373,0.0311281571203317,0.));
#3360=CARTESIAN_POINT('',(-0.0699806882682008,0.0466786662930829,0.));
#3361=CARTESIAN_POINT('',(0.0700180278919262,0.0318173279762171,0.));
#3362=CARTESIAN_POINT('',(0.0552341214298053,0.0193165542786176,0.));
#3363=CARTESIAN_POINT('',(0.0640218710520788,0.0214337532377886,0.));
#3364=CARTESIAN_POINT('',(0.067515249342426,-6.07353035242397E-5,0.));
#3365=CARTESIAN_POINT('',(0.0581468754810182,-0.00655494546383828,0.));
#3366=CARTESIAN_POINT('',(0.0639831966575226,-0.0215489048827884,0.));
#3367=CARTESIAN_POINT('',(0.0495459519875059,-0.0311281565490855,0.));
#3368=CARTESIAN_POINT('',(0.070012527433196,-0.0318294264389021,0.));
#3369=CARTESIAN_POINT('',(0.0700112401226693,-0.0466786657218368,0.));
#3370=CARTESIAN_POINT('',(0.0311348712496695,-0.0495360553292681,0.));
#3371=CARTESIAN_POINT('',(0.0466818429014566,-0.0700040309606198,0.));
#3372=CARTESIAN_POINT('',(-0.0699819755787274,0.0318294270101482,0.));
#3373=CARTESIAN_POINT('',(-0.0639526448030541,0.0215489054540345,0.));
#3374=CARTESIAN_POINT('',(-0.0581163236265496,0.00655494603508444,0.));
#3375=CARTESIAN_POINT('',(-0.0674846974879575,6.07358747721776E-5,0.));
#3376=CARTESIAN_POINT('',(-0.0552035695753368,-0.0193165537073696,0.));
#3377=CARTESIAN_POINT('',(-0.063991319197612,-0.0214337526665407,0.));
#3378=CARTESIAN_POINT('',(-0.0413540450593324,-0.0413621709073162,0.));
#3379=CARTESIAN_POINT('',(-0.0699874760374577,-0.0318173274049691,0.));
#3380=CARTESIAN_POINT('',(-0.0699887553190095,-0.0466665666886001,0.));
#3381=CARTESIAN_POINT('',(-0.0466633900802265,-0.0699959639098129,0.));
#3382=CARTESIAN_POINT('',(0.00656017391916919,-0.0581327313785174,0.));
#3383=CARTESIAN_POINT('',(0.0214490288793989,-0.0640065948392223,0.));
#3384=CARTESIAN_POINT('',(-4.5459661913938E-5,-0.0674999731295696,0.));
#3385=CARTESIAN_POINT('',(0.0318326036178291,-0.070002751679068,0.));
#3386=CARTESIAN_POINT('',(-0.0193108219867035,-0.0552155056544823,0.));
#3387=CARTESIAN_POINT('',(-0.03181415079729,-0.0699972512203377,0.));
#3388=CARTESIAN_POINT('',(-0.0215336292411781,-0.0639679204446644,0.));
#3389=CARTESIAN_POINT('',(-0.0639526448030541,0.0215489054540345,4.9911025273023));
#3390=CARTESIAN_POINT('',(-0.0699819755787274,0.0318294270101482,4.9911025273023));
#3391=CARTESIAN_POINT('',(0.0700180278919262,0.0318173279762171,4.9911025273023));
#3392=CARTESIAN_POINT('',(0.0640218710520788,0.0214337532377886,4.9911025273023));
#3393=CARTESIAN_POINT('',(-0.0674846974879575,6.07358747721776E-5,4.9911025273023));
#3394=CARTESIAN_POINT('',(-0.063991319197612,-0.0214337526665407,4.9911025273023));
#3395=CARTESIAN_POINT('',(0.0215641810956448,0.0639679210159105,4.9911025273023));
#3396=CARTESIAN_POINT('',(0.0318447026517585,0.0699972517915857,4.9911025273023));
#3397=CARTESIAN_POINT('',(0.0639831966575226,-0.0215489048827884,4.9911025273023));
#3398=CARTESIAN_POINT('',(0.067515249342426,-6.07353035242397E-5,4.9911025273023));
#3399=CARTESIAN_POINT('',(0.070012527433196,-0.0318294264389021,4.9911025273023));
#3400=CARTESIAN_POINT('',(-0.0699874760374577,-0.0318173274049691,4.9911025273023));
#3401=CARTESIAN_POINT('',(-0.0318020517633606,0.0700027522503159,4.9911025273023));
#3402=CARTESIAN_POINT('',(-0.0214184770249304,0.0640065954104703,4.9911025273023));
#3403=CARTESIAN_POINT('',(7.60115163824793E-5,0.0674999737008157,4.9911025273023));
#3404=CARTESIAN_POINT('',(0.0700112401226693,-0.0466786657218368,4.9911025273023));
#3405=CARTESIAN_POINT('',(-0.03181415079729,-0.0699972512203377,4.9911025273023));
#3406=CARTESIAN_POINT('',(-0.0215336292411781,-0.0639679204446644,4.9911025273023));
#3407=CARTESIAN_POINT('',(-4.5459661913938E-5,-0.0674999731295696,4.9911025273023));
#3408=CARTESIAN_POINT('',(0.0214490288793989,-0.0640065948392223,4.9911025273023));
#3409=CARTESIAN_POINT('',(0.0318326036178291,-0.070002751679068,4.9911025273023));
#3410=CARTESIAN_POINT('',(-0.0466633900802265,-0.0699959639098129,4.9911025273023));
#3411=CARTESIAN_POINT('',(-0.0466512910469881,0.0700040315318677,4.9911025273023));
#3412=CARTESIAN_POINT('',(0.0466818429014566,-0.0700040309606198,4.9911025273023));
#3413=CARTESIAN_POINT('',(-0.0699806882682008,0.0466786662930829,4.9911025273023));
#3414=CARTESIAN_POINT('',(-0.0699887553190095,-0.0466665666886001,4.9911025273023));
#3415=CARTESIAN_POINT('',(0.0466939419346932,0.069995964481059,4.9911025273023));
#3416=CARTESIAN_POINT('',(0.070019307173478,0.0466665672598463,4.9911025273023));
#3417=CARTESIAN_POINT('',(-0.0694669200502567,0.0206996226262071,5.0011025164781));
#3418=CARTESIAN_POINT('',(-0.0749820995115975,0.0303653918129001,5.0011025164781));
#3419=CARTESIAN_POINT('',(-0.0749820995115975,0.0303653918129001,4.9911025273023));
#3420=CARTESIAN_POINT('',(-0.0694669200502567,0.0206996226262071,4.9911025273023));
#3421=CARTESIAN_POINT('',(-0.0303371523498779,0.0750026230597669,5.0011025164781));
#3422=CARTESIAN_POINT('',(-0.0206723365695858,0.069485773017016,5.0011025164781));
#3423=CARTESIAN_POINT('',(-0.0206723365695858,0.069485773017016,4.9911025273023));
#3424=CARTESIAN_POINT('',(-0.0303371523498779,0.0750026230597669,4.9911025273023));
#3425=CARTESIAN_POINT('',(0.0303806674545104,0.074997375724454,5.0011025164781));
#3426=CARTESIAN_POINT('',(0.0487654448326325,0.0749957876842107,5.0011025164781));
#3427=CARTESIAN_POINT('',(0.0487654448326325,0.0749957876842107,4.9911025273023));
#3428=CARTESIAN_POINT('',(0.0303806674545104,0.074997375724454,4.9911025273023));
#3429=CARTESIAN_POINT('',(-0.0749889364929484,-0.0487372053694717,4.9911025273023));
#3430=CARTESIAN_POINT('',(-0.0487348929781639,-0.0749957871129645,4.9911025273023));
#3431=CARTESIAN_POINT('',(-0.0487348929781639,-0.0749957871129645,5.0011025164781));
#3432=CARTESIAN_POINT('',(-0.0749889364929484,-0.0487372053694717,5.0011025164781));
#3433=CARTESIAN_POINT('',(0.0750178987013772,0.0303524285627361,4.9911025273023));
#3434=CARTESIAN_POINT('',(0.0750194883474169,0.0487372059407178,4.9911025273023));
#3435=CARTESIAN_POINT('',(0.0750194883474169,0.0487372059407178,5.0011025164781));
#3436=CARTESIAN_POINT('',(0.0750178987013772,0.0303524285627361,5.0011025164781));
#3437=CARTESIAN_POINT('',(0.075011063325821,-0.048750168619776,4.9911025273023));
#3438=CARTESIAN_POINT('',(0.0750126513660661,-0.0303653912416539,4.9911025273023));
#3439=CARTESIAN_POINT('',(0.0750126513660661,-0.0303653912416539,5.0011025164781));
#3440=CARTESIAN_POINT('',(0.075011063325821,-0.048750168619776,5.0011025164781));
#3441=CARTESIAN_POINT('',(-0.0204933549002071,0.0695388081963646,5.0011025164781));
#3442=CARTESIAN_POINT('',(-0.0204933549002071,0.0695388081963646,4.9911025273023));
#3443=CARTESIAN_POINT('',(-0.0487219297278614,0.0750042127058066,5.0011025164781));
#3444=CARTESIAN_POINT('',(-0.0487219297278614,0.0750042127058066,4.9911025273023));
#3445=CARTESIAN_POINT('',(-0.0749873468469104,-0.0303524279914882,5.0011025164781));
#3446=CARTESIAN_POINT('',(-0.0749873468469104,-0.0303524279914882,4.9911025273023));
#3447=CARTESIAN_POINT('',(0.0303677042043464,-0.0750026224885207,4.9911025273023));
#3448=CARTESIAN_POINT('',(0.0487524815823299,-0.0750042121345587,4.9911025273023));
#3449=CARTESIAN_POINT('',(0.0487524815823299,-0.0750042121345587,5.0011025164781));
#3450=CARTESIAN_POINT('',(0.0303677042043464,-0.0750026224885207,5.0011025164781));
#3451=CARTESIAN_POINT('',(-0.0694704968041577,-0.0206876122111943,5.0011025164781));
#3452=CARTESIAN_POINT('',(-0.0694704968041577,-0.0206876122111943,4.9911025273023));
#3453=CARTESIAN_POINT('',(-0.0749805114713524,0.0487501691910222,5.0011025164781));
#3454=CARTESIAN_POINT('',(-0.0749805114713524,0.0487501691910222,4.9911025273023));
#3455=CARTESIAN_POINT('',(-0.0303501156000419,-0.0749973751532078,4.9911025273023));
#3456=CARTESIAN_POINT('',(-0.0303501156000419,-0.0749973751532078,5.0011025164781));
#3457=CARTESIAN_POINT('',(-0.0206843464133488,-0.069482195691867,4.9911025273023));
#3458=CARTESIAN_POINT('',(-0.0206843464133488,-0.069482195691867,5.0011025164781));
#3459=CARTESIAN_POINT('',(0.0695010486586263,0.0206876127824422,4.9911025273023));
#3460=CARTESIAN_POINT('',(0.0695010486586263,0.0206876127824422,5.0011025164781));
#3461=CARTESIAN_POINT('',(0.0207028884240525,-0.069485772445768,4.9911025273023));
#3462=CARTESIAN_POINT('',(0.0207028884240525,-0.069485772445768,5.0011025164781));
#3463=CARTESIAN_POINT('',(0.0205220006273947,-0.0695393710944074,5.0011025164781));
#3464=CARTESIAN_POINT('',(0.0205220006273947,-0.0695393710944074,4.9911025273023));
#3465=CARTESIAN_POINT('',(0.0694974719047252,-0.0206996220549609,5.0011025164781));
#3466=CARTESIAN_POINT('',(0.0694974719047252,-0.0206996220549609,4.9911025273023));
#3467=CARTESIAN_POINT('',(0.0696043977782956,-0.0203372547644474,4.9911025273023));
#3468=CARTESIAN_POINT('',(0.0696043977782956,-0.0203372547644474,5.0011025164781));
#3469=CARTESIAN_POINT('',(0.020951973464582,0.0696174704210719,5.0011025164781));
#3470=CARTESIAN_POINT('',(0.020951973464582,0.0696174704210719,4.9911025273023));
#3471=CARTESIAN_POINT('',(0.0209493738405886,0.0692476801592985,5.0011025164781));
#3472=CARTESIAN_POINT('',(0.0209493738405886,0.0692476801592985,4.9911025273023));
#3473=CARTESIAN_POINT('',(9.44246453471465E-6,-0.067500000355432,5.0011025164781));
#3474=CARTESIAN_POINT('',(-0.0258212453448809,-0.0623596353181508,5.0011025164781));
#3475=CARTESIAN_POINT('',(0.0258410183659503,-0.0623641000571933,5.0011025164781));
#3476=CARTESIAN_POINT('',(0.047740858319969,-0.0477338318690084,5.0011025164781));
#3477=CARTESIAN_POINT('',(0.0623749115310073,-0.0258365209864913,5.0011025164781));
#3478=CARTESIAN_POINT('',(-0.0477185562274087,-0.0477255821071001,5.0011025164781));
#3479=CARTESIAN_POINT('',(-0.062348824415583,-0.0258257421530921,5.0011025164781));
#3480=CARTESIAN_POINT('',(-0.0674847247138199,5.83374832174854E-6,5.0011025164781));
#3481=CARTESIAN_POINT('',(-0.0623443596765405,0.0258365215577374,5.0011025164781));
#3482=CARTESIAN_POINT('',(-0.0477103064654916,0.0477338324402634,5.0011025164781));
#3483=CARTESIAN_POINT('',(0.0675152765682885,-5.83317707558706E-6,5.0011025164781));
#3484=CARTESIAN_POINT('',(0.0623793762700515,0.02582574272434,5.0011025164781));
#3485=CARTESIAN_POINT('',(0.0477491080818648,0.0477255826783587,5.0011025164781));
#3486=CARTESIAN_POINT('',(-0.0258104665114818,0.0623641006284412,5.0011025164781));
#3487=CARTESIAN_POINT('',(2.11093899338266E-5,0.0675000009266782,5.0011025164781));
#3488=CARTESIAN_POINT('',(0.0258517971993495,0.062359635889397,5.0011025164781));
#3489=CARTESIAN_POINT('',(7.60115163824793E-5,0.0674999737008157,0.));
#3490=CARTESIAN_POINT('',(0.0215641810956448,0.0639679210159105,0.));
#3491=CARTESIAN_POINT('',(7.60115163824793E-5,0.0674999737008157,0.));
#3492=CARTESIAN_POINT('',(-0.0214184770249304,0.0640065954104703,0.));
#3493=CARTESIAN_POINT('',(7.60115163824793E-5,0.0674999737008157,0.));
#3494=CARTESIAN_POINT('',(7.60115163824793E-5,0.0674999737008157,4.9911025273023));
#3495=CARTESIAN_POINT('',(0.0215641810956448,0.0639679210159105,0.));
#3496=CARTESIAN_POINT('',(0.0318447026517585,0.0699972517915857,0.));
#3497=CARTESIAN_POINT('',(0.0215641810956448,0.0639679210159105,0.));
#3498=CARTESIAN_POINT('',(0.0215641810956448,0.0639679210159105,4.9911025273023));
#3499=CARTESIAN_POINT('',(0.0193413738411703,0.0552155062257302,0.));
#3500=CARTESIAN_POINT('',(-0.00652962206470242,0.0581327319497653,0.));
#3501=CARTESIAN_POINT('',(0.0193413738411703,0.0552155062257302,0.));
#3502=CARTESIAN_POINT('',(0.0413845969137885,0.0413621714785748,0.));
#3503=CARTESIAN_POINT('',(-0.00652962206470242,0.0581327319497653,0.));
#3504=CARTESIAN_POINT('',(-0.031104319395201,0.049536055900516,0.));
#3505=CARTESIAN_POINT('',(0.0413845969137885,0.0413621714785748,0.));
#3506=CARTESIAN_POINT('',(0.0552341214298053,0.0193165542786176,0.));
#3507=CARTESIAN_POINT('',(0.0318447026517585,0.0699972517915857,0.));
#3508=CARTESIAN_POINT('',(0.0466939419346932,0.069995964481059,0.));
#3509=CARTESIAN_POINT('',(0.0318447026517585,0.0699972517915857,0.));
#3510=CARTESIAN_POINT('',(0.0318447026517585,0.0699972517915857,4.9911025273023));
#3511=CARTESIAN_POINT('',(0.0466939419346932,0.069995964481059,0.));
#3512=CARTESIAN_POINT('',(0.070019307173478,0.0466665672598463,0.));
#3513=CARTESIAN_POINT('',(0.0466939419346932,0.069995964481059,0.));
#3514=CARTESIAN_POINT('',(0.0466939419346932,0.069995964481059,4.9911025273023));
#3515=CARTESIAN_POINT('',(0.070019307173478,0.0466665672598463,0.));
#3516=CARTESIAN_POINT('',(0.0700180278919262,0.0318173279762171,0.));
#3517=CARTESIAN_POINT('',(0.070019307173478,0.0466665672598463,0.));
#3518=CARTESIAN_POINT('',(0.070019307173478,0.0466665672598463,4.9911025273023));
#3519=CARTESIAN_POINT('',(-0.031104319395201,0.049536055900516,0.));
#3520=CARTESIAN_POINT('',(-0.0495154001330373,0.0311281571203317,0.));
#3521=CARTESIAN_POINT('',(-0.0466512910469881,0.0700040315318677,0.));
#3522=CARTESIAN_POINT('',(-0.0318020517633606,0.0700027522503159,0.));
#3523=CARTESIAN_POINT('',(-0.0466512910469881,0.0700040315318677,0.));
#3524=CARTESIAN_POINT('',(-0.0699806882682008,0.0466786662930829,0.));
#3525=CARTESIAN_POINT('',(-0.0466512910469881,0.0700040315318677,0.));
#3526=CARTESIAN_POINT('',(-0.0466512910469881,0.0700040315318677,4.9911025273023));
#3527=CARTESIAN_POINT('',(-0.0318020517633606,0.0700027522503159,0.));
#3528=CARTESIAN_POINT('',(-0.0214184770249304,0.0640065954104703,0.));
#3529=CARTESIAN_POINT('',(-0.0318020517633606,0.0700027522503159,0.));
#3530=CARTESIAN_POINT('',(-0.0318020517633606,0.0700027522503159,4.9911025273023));
#3531=CARTESIAN_POINT('',(-0.0214184770249304,0.0640065954104703,0.));
#3532=CARTESIAN_POINT('',(-0.0214184770249304,0.0640065954104703,4.9911025273023));
#3533=CARTESIAN_POINT('',(-0.0495154001330373,0.0311281571203317,0.));
#3534=CARTESIAN_POINT('',(-0.0581163236265496,0.00655494603508444,0.));
#3535=CARTESIAN_POINT('',(-0.0699806882682008,0.0466786662930829,0.));
#3536=CARTESIAN_POINT('',(-0.0699819755787274,0.0318294270101482,0.));
#3537=CARTESIAN_POINT('',(-0.0699806882682008,0.0466786662930829,0.));
#3538=CARTESIAN_POINT('',(-0.0699806882682008,0.0466786662930829,4.9911025273023));
#3539=CARTESIAN_POINT('',(0.0700180278919262,0.0318173279762171,0.));
#3540=CARTESIAN_POINT('',(0.0640218710520788,0.0214337532377886,0.));
#3541=CARTESIAN_POINT('',(0.0700180278919262,0.0318173279762171,0.));
#3542=CARTESIAN_POINT('',(0.0700180278919262,0.0318173279762171,4.9911025273023));
#3543=CARTESIAN_POINT('',(0.0640218710520788,0.0214337532377886,0.));
#3544=CARTESIAN_POINT('',(0.067515249342426,-6.07353035242397E-5,0.));
#3545=CARTESIAN_POINT('',(0.0640218710520788,0.0214337532377886,0.));
#3546=CARTESIAN_POINT('',(0.0640218710520788,0.0214337532377886,4.9911025273023));
#3547=CARTESIAN_POINT('',(0.067515249342426,-6.07353035242397E-5,0.));
#3548=CARTESIAN_POINT('',(0.0639831966575226,-0.0215489048827884,0.));
#3549=CARTESIAN_POINT('',(0.067515249342426,-6.07353035242397E-5,0.));
#3550=CARTESIAN_POINT('',(0.067515249342426,-6.07353035242397E-5,4.9911025273023));
#3551=CARTESIAN_POINT('',(0.0581468754810182,-0.00655494546383828,0.));
#3552=CARTESIAN_POINT('',(0.0495459519875059,-0.0311281565490855,0.));
#3553=CARTESIAN_POINT('',(0.0639831966575226,-0.0215489048827884,0.));
#3554=CARTESIAN_POINT('',(0.070012527433196,-0.0318294264389021,0.));
#3555=CARTESIAN_POINT('',(0.0639831966575226,-0.0215489048827884,0.));
#3556=CARTESIAN_POINT('',(0.0639831966575226,-0.0215489048827884,4.9911025273023));
#3557=CARTESIAN_POINT('',(0.0495459519875059,-0.0311281565490855,0.));
#3558=CARTESIAN_POINT('',(0.0311348712496695,-0.0495360553292681,0.));
#3559=CARTESIAN_POINT('',(0.070012527433196,-0.0318294264389021,0.));
#3560=CARTESIAN_POINT('',(0.0700112401226693,-0.0466786657218368,0.));
#3561=CARTESIAN_POINT('',(0.070012527433196,-0.0318294264389021,0.));
#3562=CARTESIAN_POINT('',(0.070012527433196,-0.0318294264389021,4.9911025273023));
#3563=CARTESIAN_POINT('',(0.0700112401226693,-0.0466786657218368,0.));
#3564=CARTESIAN_POINT('',(0.0466818429014566,-0.0700040309606198,0.));
#3565=CARTESIAN_POINT('',(0.0700112401226693,-0.0466786657218368,0.));
#3566=CARTESIAN_POINT('',(0.0700112401226693,-0.0466786657218368,4.9911025273023));
#3567=CARTESIAN_POINT('',(0.0311348712496695,-0.0495360553292681,0.));
#3568=CARTESIAN_POINT('',(0.00656017391916919,-0.0581327313785174,0.));
#3569=CARTESIAN_POINT('',(0.0466818429014566,-0.0700040309606198,0.));
#3570=CARTESIAN_POINT('',(0.0318326036178291,-0.070002751679068,0.));
#3571=CARTESIAN_POINT('',(0.0466818429014566,-0.0700040309606198,0.));
#3572=CARTESIAN_POINT('',(0.0466818429014566,-0.0700040309606198,4.9911025273023));
#3573=CARTESIAN_POINT('',(-0.0699819755787274,0.0318294270101482,0.));
#3574=CARTESIAN_POINT('',(-0.0639526448030541,0.0215489054540345,0.));
#3575=CARTESIAN_POINT('',(-0.0699819755787274,0.0318294270101482,0.));
#3576=CARTESIAN_POINT('',(-0.0699819755787274,0.0318294270101482,4.9911025273023));
#3577=CARTESIAN_POINT('',(-0.0639526448030541,0.0215489054540345,0.));
#3578=CARTESIAN_POINT('',(-0.0674846974879575,6.07358747721776E-5,0.));
#3579=CARTESIAN_POINT('',(-0.0639526448030541,0.0215489054540345,0.));
#3580=CARTESIAN_POINT('',(-0.0639526448030541,0.0215489054540345,4.9911025273023));
#3581=CARTESIAN_POINT('',(-0.0674846974879575,6.07358747721776E-5,0.));
#3582=CARTESIAN_POINT('',(-0.063991319197612,-0.0214337526665407,0.));
#3583=CARTESIAN_POINT('',(-0.0674846974879575,6.07358747721776E-5,0.));
#3584=CARTESIAN_POINT('',(-0.0674846974879575,6.07358747721776E-5,4.9911025273023));
#3585=CARTESIAN_POINT('',(-0.0552035695753368,-0.0193165537073696,0.));
#3586=CARTESIAN_POINT('',(-0.0413540450593324,-0.0413621709073162,0.));
#3587=CARTESIAN_POINT('',(-0.063991319197612,-0.0214337526665407,0.));
#3588=CARTESIAN_POINT('',(-0.0699874760374577,-0.0318173274049691,0.));
#3589=CARTESIAN_POINT('',(-0.063991319197612,-0.0214337526665407,0.));
#3590=CARTESIAN_POINT('',(-0.063991319197612,-0.0214337526665407,4.9911025273023));
#3591=CARTESIAN_POINT('',(-0.0413540450593324,-0.0413621709073162,0.));
#3592=CARTESIAN_POINT('',(-0.0193108219867035,-0.0552155056544823,0.));
#3593=CARTESIAN_POINT('',(-0.0699874760374577,-0.0318173274049691,0.));
#3594=CARTESIAN_POINT('',(-0.0699887553190095,-0.0466665666886001,0.));
#3595=CARTESIAN_POINT('',(-0.0699874760374577,-0.0318173274049691,0.));
#3596=CARTESIAN_POINT('',(-0.0699874760374577,-0.0318173274049691,4.9911025273023));
#3597=CARTESIAN_POINT('',(-0.0699887553190095,-0.0466665666886001,0.));
#3598=CARTESIAN_POINT('',(-0.0466633900802265,-0.0699959639098129,0.));
#3599=CARTESIAN_POINT('',(-0.0699887553190095,-0.0466665666886001,0.));
#3600=CARTESIAN_POINT('',(-0.0699887553190095,-0.0466665666886001,4.9911025273023));
#3601=CARTESIAN_POINT('',(-0.0466633900802265,-0.0699959639098129,0.));
#3602=CARTESIAN_POINT('',(-0.03181415079729,-0.0699972512203377,0.));
#3603=CARTESIAN_POINT('',(-0.0466633900802265,-0.0699959639098129,0.));
#3604=CARTESIAN_POINT('',(-0.0466633900802265,-0.0699959639098129,4.9911025273023));
#3605=CARTESIAN_POINT('',(0.00656017391916919,-0.0581327313785174,0.));
#3606=CARTESIAN_POINT('',(-0.0193108219867035,-0.0552155056544823,0.));
#3607=CARTESIAN_POINT('',(0.0214490288793989,-0.0640065948392223,0.));
#3608=CARTESIAN_POINT('',(-4.5459661913938E-5,-0.0674999731295696,0.));
#3609=CARTESIAN_POINT('',(0.0214490288793989,-0.0640065948392223,0.));
#3610=CARTESIAN_POINT('',(0.0318326036178291,-0.070002751679068,0.));
#3611=CARTESIAN_POINT('',(0.0214490288793989,-0.0640065948392223,0.));
#3612=CARTESIAN_POINT('',(0.0214490288793989,-0.0640065948392223,4.9911025273023));
#3613=CARTESIAN_POINT('',(-4.5459661913938E-5,-0.0674999731295696,0.));
#3614=CARTESIAN_POINT('',(-0.0215336292411781,-0.0639679204446644,0.));
#3615=CARTESIAN_POINT('',(-4.5459661913938E-5,-0.0674999731295696,0.));
#3616=CARTESIAN_POINT('',(-4.5459661913938E-5,-0.0674999731295696,4.9911025273023));
#3617=CARTESIAN_POINT('',(0.0318326036178291,-0.070002751679068,0.));
#3618=CARTESIAN_POINT('',(0.0318326036178291,-0.070002751679068,4.9911025273023));
#3619=CARTESIAN_POINT('',(-0.03181415079729,-0.0699972512203377,0.));
#3620=CARTESIAN_POINT('',(-0.0215336292411781,-0.0639679204446644,0.));
#3621=CARTESIAN_POINT('',(-0.03181415079729,-0.0699972512203377,0.));
#3622=CARTESIAN_POINT('',(-0.03181415079729,-0.0699972512203377,4.9911025273023));
#3623=CARTESIAN_POINT('',(-0.0215336292411781,-0.0639679204446644,0.));
#3624=CARTESIAN_POINT('',(-0.0215336292411781,-0.0639679204446644,4.9911025273023));
#3625=CARTESIAN_POINT('',(-0.0639526448030541,0.0215489054540345,4.9911025273023));
#3626=CARTESIAN_POINT('',(-0.0699819755787274,0.0318294270101482,4.9911025273023));
#3627=CARTESIAN_POINT('',(-0.0639526448030541,0.0215489054540345,4.9911025273023));
#3628=CARTESIAN_POINT('',(-0.0674846974879575,6.07358747721776E-5,4.9911025273023));
#3629=CARTESIAN_POINT('',(-0.0699819755787274,0.0318294270101482,4.9911025273023));
#3630=CARTESIAN_POINT('',(-0.0699806882682008,0.0466786662930829,4.9911025273023));
#3631=CARTESIAN_POINT('',(0.0700180278919262,0.0318173279762171,4.9911025273023));
#3632=CARTESIAN_POINT('',(0.0640218710520788,0.0214337532377886,4.9911025273023));
#3633=CARTESIAN_POINT('',(0.0700180278919262,0.0318173279762171,4.9911025273023));
#3634=CARTESIAN_POINT('',(0.070019307173478,0.0466665672598463,4.9911025273023));
#3635=CARTESIAN_POINT('',(0.0640218710520788,0.0214337532377886,4.9911025273023));
#3636=CARTESIAN_POINT('',(0.067515249342426,-6.07353035242397E-5,4.9911025273023));
#3637=CARTESIAN_POINT('',(-0.0674846974879575,6.07358747721776E-5,4.9911025273023));
#3638=CARTESIAN_POINT('',(-0.063991319197612,-0.0214337526665407,4.9911025273023));
#3639=CARTESIAN_POINT('',(-0.063991319197612,-0.0214337526665407,4.9911025273023));
#3640=CARTESIAN_POINT('',(-0.0699874760374577,-0.0318173274049691,4.9911025273023));
#3641=CARTESIAN_POINT('',(0.0215641810956448,0.0639679210159105,4.9911025273023));
#3642=CARTESIAN_POINT('',(0.0318447026517585,0.0699972517915857,4.9911025273023));
#3643=CARTESIAN_POINT('',(0.0215641810956448,0.0639679210159105,4.9911025273023));
#3644=CARTESIAN_POINT('',(7.60115163824793E-5,0.0674999737008157,4.9911025273023));
#3645=CARTESIAN_POINT('',(0.0318447026517585,0.0699972517915857,4.9911025273023));
#3646=CARTESIAN_POINT('',(0.0466939419346932,0.069995964481059,4.9911025273023));
#3647=CARTESIAN_POINT('',(0.0639831966575226,-0.0215489048827884,4.9911025273023));
#3648=CARTESIAN_POINT('',(0.067515249342426,-6.07353035242397E-5,4.9911025273023));
#3649=CARTESIAN_POINT('',(0.0639831966575226,-0.0215489048827884,4.9911025273023));
#3650=CARTESIAN_POINT('',(0.070012527433196,-0.0318294264389021,4.9911025273023));
#3651=CARTESIAN_POINT('',(0.070012527433196,-0.0318294264389021,4.9911025273023));
#3652=CARTESIAN_POINT('',(0.0700112401226693,-0.0466786657218368,4.9911025273023));
#3653=CARTESIAN_POINT('',(-0.0699874760374577,-0.0318173274049691,4.9911025273023));
#3654=CARTESIAN_POINT('',(-0.0699887553190095,-0.0466665666886001,4.9911025273023));
#3655=CARTESIAN_POINT('',(-0.0318020517633606,0.0700027522503159,4.9911025273023));
#3656=CARTESIAN_POINT('',(-0.0214184770249304,0.0640065954104703,4.9911025273023));
#3657=CARTESIAN_POINT('',(-0.0318020517633606,0.0700027522503159,4.9911025273023));
#3658=CARTESIAN_POINT('',(-0.0466512910469881,0.0700040315318677,4.9911025273023));
#3659=CARTESIAN_POINT('',(-0.0214184770249304,0.0640065954104703,4.9911025273023));
#3660=CARTESIAN_POINT('',(7.60115163824793E-5,0.0674999737008157,4.9911025273023));
#3661=CARTESIAN_POINT('',(0.0700112401226693,-0.0466786657218368,4.9911025273023));
#3662=CARTESIAN_POINT('',(0.0466818429014566,-0.0700040309606198,4.9911025273023));
#3663=CARTESIAN_POINT('',(-0.03181415079729,-0.0699972512203377,4.9911025273023));
#3664=CARTESIAN_POINT('',(-0.0215336292411781,-0.0639679204446644,4.9911025273023));
#3665=CARTESIAN_POINT('',(-0.03181415079729,-0.0699972512203377,4.9911025273023));
#3666=CARTESIAN_POINT('',(-0.0466633900802265,-0.0699959639098129,4.9911025273023));
#3667=CARTESIAN_POINT('',(-0.0215336292411781,-0.0639679204446644,4.9911025273023));
#3668=CARTESIAN_POINT('',(-4.5459661913938E-5,-0.0674999731295696,4.9911025273023));
#3669=CARTESIAN_POINT('',(-4.5459661913938E-5,-0.0674999731295696,4.9911025273023));
#3670=CARTESIAN_POINT('',(0.0214490288793989,-0.0640065948392223,4.9911025273023));
#3671=CARTESIAN_POINT('',(0.0214490288793989,-0.0640065948392223,4.9911025273023));
#3672=CARTESIAN_POINT('',(0.0318326036178291,-0.070002751679068,4.9911025273023));
#3673=CARTESIAN_POINT('',(0.0318326036178291,-0.070002751679068,4.9911025273023));
#3674=CARTESIAN_POINT('',(0.0466818429014566,-0.0700040309606198,4.9911025273023));
#3675=CARTESIAN_POINT('',(-0.0466633900802265,-0.0699959639098129,4.9911025273023));
#3676=CARTESIAN_POINT('',(-0.0699887553190095,-0.0466665666886001,4.9911025273023));
#3677=CARTESIAN_POINT('',(-0.0466512910469881,0.0700040315318677,4.9911025273023));
#3678=CARTESIAN_POINT('',(-0.0699806882682008,0.0466786662930829,4.9911025273023));
#3679=CARTESIAN_POINT('',(0.0466939419346932,0.069995964481059,4.9911025273023));
#3680=CARTESIAN_POINT('',(0.070019307173478,0.0466665672598463,4.9911025273023));
#3681=CARTESIAN_POINT('',(-0.0694669200502567,0.0206996226262071,5.0011025164781));
#3682=CARTESIAN_POINT('',(-0.0749820995115975,0.0303653918129001,5.0011025164781));
#3683=CARTESIAN_POINT('',(-0.0694669200502567,0.0206996226262071,5.0011025164781));
#3684=CARTESIAN_POINT('',(-0.0694669200502567,0.0206996226262071,4.9911025273023));
#3685=CARTESIAN_POINT('',(-0.0694669200502567,0.0206996226262071,5.0011025164781));
#3686=CARTESIAN_POINT('',(-0.0694704968041577,-0.0206876122111943,5.0011025164781));
#3687=CARTESIAN_POINT('',(-0.0749820995115975,0.0303653918129001,5.0011025164781));
#3688=CARTESIAN_POINT('',(-0.0749820995115975,0.0303653918129001,4.9911025273023));
#3689=CARTESIAN_POINT('',(-0.0749820995115975,0.0303653918129001,5.0011025164781));
#3690=CARTESIAN_POINT('',(-0.0749805114713524,0.0487501691910222,5.0011025164781));
#3691=CARTESIAN_POINT('',(-0.0749820995115975,0.0303653918129001,4.9911025273023));
#3692=CARTESIAN_POINT('',(-0.0694669200502567,0.0206996226262071,4.9911025273023));
#3693=CARTESIAN_POINT('',(-0.0749820995115975,0.0303653918129001,4.9911025273023));
#3694=CARTESIAN_POINT('',(-0.0749805114713524,0.0487501691910222,4.9911025273023));
#3695=CARTESIAN_POINT('',(-0.0694669200502567,0.0206996226262071,4.9911025273023));
#3696=CARTESIAN_POINT('',(-0.0694704968041577,-0.0206876122111943,4.9911025273023));
#3697=CARTESIAN_POINT('',(-0.0303371523498779,0.0750026230597669,5.0011025164781));
#3698=CARTESIAN_POINT('',(-0.0206723365695858,0.069485773017016,5.0011025164781));
#3699=CARTESIAN_POINT('',(-0.0303371523498779,0.0750026230597669,5.0011025164781));
#3700=CARTESIAN_POINT('',(-0.0303371523498779,0.0750026230597669,4.9911025273023));
#3701=CARTESIAN_POINT('',(-0.0303371523498779,0.0750026230597669,5.0011025164781));
#3702=CARTESIAN_POINT('',(-0.0487219297278614,0.0750042127058066,5.0011025164781));
#3703=CARTESIAN_POINT('',(-0.0206723365695858,0.069485773017016,5.0011025164781));
#3704=CARTESIAN_POINT('',(-0.0206723365695858,0.069485773017016,4.9911025273023));
#3705=CARTESIAN_POINT('',(-0.0206723365695858,0.069485773017016,4.9911025273023));
#3706=CARTESIAN_POINT('',(-0.0303371523498779,0.0750026230597669,4.9911025273023));
#3707=CARTESIAN_POINT('',(-0.0303371523498779,0.0750026230597669,4.9911025273023));
#3708=CARTESIAN_POINT('',(-0.0487219297278614,0.0750042127058066,4.9911025273023));
#3709=CARTESIAN_POINT('',(0.0303806674545104,0.074997375724454,5.0011025164781));
#3710=CARTESIAN_POINT('',(0.0487654448326325,0.0749957876842107,5.0011025164781));
#3711=CARTESIAN_POINT('',(0.0303806674545104,0.074997375724454,5.0011025164781));
#3712=CARTESIAN_POINT('',(0.0303806674545104,0.074997375724454,4.9911025273023));
#3713=CARTESIAN_POINT('',(0.0303806674545104,0.074997375724454,5.0011025164781));
#3714=CARTESIAN_POINT('',(0.020951973464582,0.0696174704210719,5.0011025164781));
#3715=CARTESIAN_POINT('',(0.0487654448326325,0.0749957876842107,5.0011025164781));
#3716=CARTESIAN_POINT('',(0.0487654448326325,0.0749957876842107,4.9911025273023));
#3717=CARTESIAN_POINT('',(0.0487654448326325,0.0749957876842107,5.0011025164781));
#3718=CARTESIAN_POINT('',(0.0750194883474169,0.0487372059407178,5.0011025164781));
#3719=CARTESIAN_POINT('',(0.0487654448326325,0.0749957876842107,4.9911025273023));
#3720=CARTESIAN_POINT('',(0.0303806674545104,0.074997375724454,4.9911025273023));
#3721=CARTESIAN_POINT('',(0.0487654448326325,0.0749957876842107,4.9911025273023));
#3722=CARTESIAN_POINT('',(0.0750194883474169,0.0487372059407178,4.9911025273023));
#3723=CARTESIAN_POINT('',(0.0303806674545104,0.074997375724454,4.9911025273023));
#3724=CARTESIAN_POINT('',(0.020951973464582,0.0696174704210719,4.9911025273023));
#3725=CARTESIAN_POINT('',(-0.0749889364929484,-0.0487372053694717,4.9911025273023));
#3726=CARTESIAN_POINT('',(-0.0487348929781639,-0.0749957871129645,4.9911025273023));
#3727=CARTESIAN_POINT('',(-0.0749889364929484,-0.0487372053694717,4.9911025273023));
#3728=CARTESIAN_POINT('',(-0.0749889364929484,-0.0487372053694717,5.0011025164781));
#3729=CARTESIAN_POINT('',(-0.0749889364929484,-0.0487372053694717,4.9911025273023));
#3730=CARTESIAN_POINT('',(-0.0749873468469104,-0.0303524279914882,4.9911025273023));
#3731=CARTESIAN_POINT('',(-0.0487348929781639,-0.0749957871129645,4.9911025273023));
#3732=CARTESIAN_POINT('',(-0.0487348929781639,-0.0749957871129645,5.0011025164781));
#3733=CARTESIAN_POINT('',(-0.0487348929781639,-0.0749957871129645,4.9911025273023));
#3734=CARTESIAN_POINT('',(-0.0303501156000419,-0.0749973751532078,4.9911025273023));
#3735=CARTESIAN_POINT('',(-0.0487348929781639,-0.0749957871129645,5.0011025164781));
#3736=CARTESIAN_POINT('',(-0.0749889364929484,-0.0487372053694717,5.0011025164781));
#3737=CARTESIAN_POINT('',(-0.0487348929781639,-0.0749957871129645,5.0011025164781));
#3738=CARTESIAN_POINT('',(-0.0303501156000419,-0.0749973751532078,5.0011025164781));
#3739=CARTESIAN_POINT('',(-0.0749889364929484,-0.0487372053694717,5.0011025164781));
#3740=CARTESIAN_POINT('',(-0.0749873468469104,-0.0303524279914882,5.0011025164781));
#3741=CARTESIAN_POINT('',(0.0750178987013772,0.0303524285627361,4.9911025273023));
#3742=CARTESIAN_POINT('',(0.0750194883474169,0.0487372059407178,4.9911025273023));
#3743=CARTESIAN_POINT('',(0.0750178987013772,0.0303524285627361,4.9911025273023));
#3744=CARTESIAN_POINT('',(0.0750178987013772,0.0303524285627361,5.0011025164781));
#3745=CARTESIAN_POINT('',(0.0750178987013772,0.0303524285627361,4.9911025273023));
#3746=CARTESIAN_POINT('',(0.0695010486586263,0.0206876127824422,4.9911025273023));
#3747=CARTESIAN_POINT('',(0.0750194883474169,0.0487372059407178,4.9911025273023));
#3748=CARTESIAN_POINT('',(0.0750194883474169,0.0487372059407178,5.0011025164781));
#3749=CARTESIAN_POINT('',(0.0750194883474169,0.0487372059407178,5.0011025164781));
#3750=CARTESIAN_POINT('',(0.0750178987013772,0.0303524285627361,5.0011025164781));
#3751=CARTESIAN_POINT('',(0.0750178987013772,0.0303524285627361,5.0011025164781));
#3752=CARTESIAN_POINT('',(0.0695010486586263,0.0206876127824422,5.0011025164781));
#3753=CARTESIAN_POINT('',(0.075011063325821,-0.048750168619776,4.9911025273023));
#3754=CARTESIAN_POINT('',(0.0750126513660661,-0.0303653912416539,4.9911025273023));
#3755=CARTESIAN_POINT('',(0.075011063325821,-0.048750168619776,4.9911025273023));
#3756=CARTESIAN_POINT('',(0.075011063325821,-0.048750168619776,5.0011025164781));
#3757=CARTESIAN_POINT('',(0.075011063325821,-0.048750168619776,4.9911025273023));
#3758=CARTESIAN_POINT('',(0.0487524815823299,-0.0750042121345587,4.9911025273023));
#3759=CARTESIAN_POINT('',(0.0750126513660661,-0.0303653912416539,4.9911025273023));
#3760=CARTESIAN_POINT('',(0.0750126513660661,-0.0303653912416539,5.0011025164781));
#3761=CARTESIAN_POINT('',(0.0750126513660661,-0.0303653912416539,4.9911025273023));
#3762=CARTESIAN_POINT('',(0.0694974719047252,-0.0206996220549609,4.9911025273023));
#3763=CARTESIAN_POINT('',(0.0750126513660661,-0.0303653912416539,5.0011025164781));
#3764=CARTESIAN_POINT('',(0.075011063325821,-0.048750168619776,5.0011025164781));
#3765=CARTESIAN_POINT('',(0.0750126513660661,-0.0303653912416539,5.0011025164781));
#3766=CARTESIAN_POINT('',(0.0694974719047252,-0.0206996220549609,5.0011025164781));
#3767=CARTESIAN_POINT('',(0.075011063325821,-0.048750168619776,5.0011025164781));
#3768=CARTESIAN_POINT('',(0.0487524815823299,-0.0750042121345587,5.0011025164781));
#3769=CARTESIAN_POINT('',(-0.0204933549002071,0.0695388081963646,5.0011025164781));
#3770=CARTESIAN_POINT('',(-0.0204933549002071,0.0695388081963646,4.9911025273023));
#3771=CARTESIAN_POINT('',(-0.0204933549002071,0.0695388081963646,5.0011025164781));
#3772=CARTESIAN_POINT('',(0.0209493738405886,0.0692476801592985,5.0011025164781));
#3773=CARTESIAN_POINT('',(-0.0204933549002071,0.0695388081963646,4.9911025273023));
#3774=CARTESIAN_POINT('',(0.0209493738405886,0.0692476801592985,4.9911025273023));
#3775=CARTESIAN_POINT('',(-0.0487219297278614,0.0750042127058066,5.0011025164781));
#3776=CARTESIAN_POINT('',(-0.0487219297278614,0.0750042127058066,4.9911025273023));
#3777=CARTESIAN_POINT('',(-0.0487219297278614,0.0750042127058066,5.0011025164781));
#3778=CARTESIAN_POINT('',(-0.0749805114713524,0.0487501691910222,5.0011025164781));
#3779=CARTESIAN_POINT('',(-0.0487219297278614,0.0750042127058066,4.9911025273023));
#3780=CARTESIAN_POINT('',(-0.0749805114713524,0.0487501691910222,4.9911025273023));
#3781=CARTESIAN_POINT('',(-0.0749873468469104,-0.0303524279914882,5.0011025164781));
#3782=CARTESIAN_POINT('',(-0.0749873468469104,-0.0303524279914882,4.9911025273023));
#3783=CARTESIAN_POINT('',(-0.0749873468469104,-0.0303524279914882,5.0011025164781));
#3784=CARTESIAN_POINT('',(-0.0694704968041577,-0.0206876122111943,5.0011025164781));
#3785=CARTESIAN_POINT('',(-0.0749873468469104,-0.0303524279914882,4.9911025273023));
#3786=CARTESIAN_POINT('',(-0.0694704968041577,-0.0206876122111943,4.9911025273023));
#3787=CARTESIAN_POINT('',(0.0303677042043464,-0.0750026224885207,4.9911025273023));
#3788=CARTESIAN_POINT('',(0.0487524815823299,-0.0750042121345587,4.9911025273023));
#3789=CARTESIAN_POINT('',(0.0303677042043464,-0.0750026224885207,4.9911025273023));
#3790=CARTESIAN_POINT('',(0.0303677042043464,-0.0750026224885207,5.0011025164781));
#3791=CARTESIAN_POINT('',(0.0303677042043464,-0.0750026224885207,4.9911025273023));
#3792=CARTESIAN_POINT('',(0.0207028884240525,-0.069485772445768,4.9911025273023));
#3793=CARTESIAN_POINT('',(0.0487524815823299,-0.0750042121345587,4.9911025273023));
#3794=CARTESIAN_POINT('',(0.0487524815823299,-0.0750042121345587,5.0011025164781));
#3795=CARTESIAN_POINT('',(0.0487524815823299,-0.0750042121345587,5.0011025164781));
#3796=CARTESIAN_POINT('',(0.0303677042043464,-0.0750026224885207,5.0011025164781));
#3797=CARTESIAN_POINT('',(0.0303677042043464,-0.0750026224885207,5.0011025164781));
#3798=CARTESIAN_POINT('',(0.0207028884240525,-0.069485772445768,5.0011025164781));
#3799=CARTESIAN_POINT('',(-0.0694704968041577,-0.0206876122111943,5.0011025164781));
#3800=CARTESIAN_POINT('',(-0.0694704968041577,-0.0206876122111943,4.9911025273023));
#3801=CARTESIAN_POINT('',(-0.0749805114713524,0.0487501691910222,5.0011025164781));
#3802=CARTESIAN_POINT('',(-0.0749805114713524,0.0487501691910222,4.9911025273023));
#3803=CARTESIAN_POINT('',(-0.0303501156000419,-0.0749973751532078,4.9911025273023));
#3804=CARTESIAN_POINT('',(-0.0303501156000419,-0.0749973751532078,5.0011025164781));
#3805=CARTESIAN_POINT('',(-0.0303501156000419,-0.0749973751532078,4.9911025273023));
#3806=CARTESIAN_POINT('',(-0.0206843464133488,-0.069482195691867,4.9911025273023));
#3807=CARTESIAN_POINT('',(-0.0303501156000419,-0.0749973751532078,5.0011025164781));
#3808=CARTESIAN_POINT('',(-0.0206843464133488,-0.069482195691867,5.0011025164781));
#3809=CARTESIAN_POINT('',(-0.0206843464133488,-0.069482195691867,4.9911025273023));
#3810=CARTESIAN_POINT('',(-0.0206843464133488,-0.069482195691867,5.0011025164781));
#3811=CARTESIAN_POINT('',(-0.0206843464133488,-0.069482195691867,4.9911025273023));
#3812=CARTESIAN_POINT('',(0.0205220006273947,-0.0695393710944074,4.9911025273023));
#3813=CARTESIAN_POINT('',(-0.0206843464133488,-0.069482195691867,5.0011025164781));
#3814=CARTESIAN_POINT('',(0.0205220006273947,-0.0695393710944074,5.0011025164781));
#3815=CARTESIAN_POINT('',(0.0695010486586263,0.0206876127824422,4.9911025273023));
#3816=CARTESIAN_POINT('',(0.0695010486586263,0.0206876127824422,5.0011025164781));
#3817=CARTESIAN_POINT('',(0.0695010486586263,0.0206876127824422,4.9911025273023));
#3818=CARTESIAN_POINT('',(0.0696043977782956,-0.0203372547644474,4.9911025273023));
#3819=CARTESIAN_POINT('',(0.0695010486586263,0.0206876127824422,5.0011025164781));
#3820=CARTESIAN_POINT('',(0.0696043977782956,-0.0203372547644474,5.0011025164781));
#3821=CARTESIAN_POINT('',(0.0207028884240525,-0.069485772445768,4.9911025273023));
#3822=CARTESIAN_POINT('',(0.0207028884240525,-0.069485772445768,5.0011025164781));
#3823=CARTESIAN_POINT('',(0.0205220006273947,-0.0695393710944074,5.0011025164781));
#3824=CARTESIAN_POINT('',(0.0205220006273947,-0.0695393710944074,4.9911025273023));
#3825=CARTESIAN_POINT('',(0.0694974719047252,-0.0206996220549609,5.0011025164781));
#3826=CARTESIAN_POINT('',(0.0694974719047252,-0.0206996220549609,4.9911025273023));
#3827=CARTESIAN_POINT('',(0.0696043977782956,-0.0203372547644474,4.9911025273023));
#3828=CARTESIAN_POINT('',(0.0696043977782956,-0.0203372547644474,5.0011025164781));
#3829=CARTESIAN_POINT('',(0.020951973464582,0.0696174704210719,5.0011025164781));
#3830=CARTESIAN_POINT('',(0.020951973464582,0.0696174704210719,4.9911025273023));
#3831=CARTESIAN_POINT('',(0.020951973464582,0.0696174704210719,5.0011025164781));
#3832=CARTESIAN_POINT('',(0.0209493738405886,0.0692476801592985,5.0011025164781));
#3833=CARTESIAN_POINT('',(0.020951973464582,0.0696174704210719,4.9911025273023));
#3834=CARTESIAN_POINT('',(0.0209493738405886,0.0692476801592985,4.9911025273023));
#3835=CARTESIAN_POINT('',(0.0209493738405886,0.0692476801592985,5.0011025164781));
#3836=CARTESIAN_POINT('',(0.0209493738405886,0.0692476801592985,4.9911025273023));
#3837=CARTESIAN_POINT('',(9.44246453471465E-6,-0.067500000355432,5.0011025164781));
#3838=CARTESIAN_POINT('',(-0.0258212453448809,-0.0623596353181508,5.0011025164781));
#3839=CARTESIAN_POINT('',(-0.0258212453448809,-0.0623596353181508,5.0011025164781));
#3840=CARTESIAN_POINT('',(-0.0477185562274087,-0.0477255821071001,5.0011025164781));
#3841=CARTESIAN_POINT('',(0.0258410183659503,-0.0623641000571933,5.0011025164781));
#3842=CARTESIAN_POINT('',(0.047740858319969,-0.0477338318690084,5.0011025164781));
#3843=CARTESIAN_POINT('',(0.047740858319969,-0.0477338318690084,5.0011025164781));
#3844=CARTESIAN_POINT('',(0.0623749115310073,-0.0258365209864913,5.0011025164781));
#3845=CARTESIAN_POINT('',(0.0623749115310073,-0.0258365209864913,5.0011025164781));
#3846=CARTESIAN_POINT('',(0.0675152765682885,-5.83317707558706E-6,5.0011025164781));
#3847=CARTESIAN_POINT('',(-0.0477185562274087,-0.0477255821071001,5.0011025164781));
#3848=CARTESIAN_POINT('',(-0.062348824415583,-0.0258257421530921,5.0011025164781));
#3849=CARTESIAN_POINT('',(-0.0674847247138199,5.83374832174854E-6,5.0011025164781));
#3850=CARTESIAN_POINT('',(-0.0623443596765405,0.0258365215577374,5.0011025164781));
#3851=CARTESIAN_POINT('',(-0.0623443596765405,0.0258365215577374,5.0011025164781));
#3852=CARTESIAN_POINT('',(-0.0477103064654916,0.0477338324402634,5.0011025164781));
#3853=CARTESIAN_POINT('',(-0.0477103064654916,0.0477338324402634,5.0011025164781));
#3854=CARTESIAN_POINT('',(-0.0258104665114818,0.0623641006284412,5.0011025164781));
#3855=CARTESIAN_POINT('',(0.0623793762700515,0.02582574272434,5.0011025164781));
#3856=CARTESIAN_POINT('',(0.0477491080818648,0.0477255826783587,5.0011025164781));
#3857=CARTESIAN_POINT('',(0.0477491080818648,0.0477255826783587,5.0011025164781));
#3858=CARTESIAN_POINT('',(0.0258517971993495,0.062359635889397,5.0011025164781));
#3859=CARTESIAN_POINT('',(2.11093899338266E-5,0.0675000009266782,5.0011025164781));
#3860=CARTESIAN_POINT('',(0.0258517971993495,0.062359635889397,5.0011025164781));
#3861=CARTESIAN_POINT('',(-0.0204933549002071,0.0695388081963646,4.9911025273023));
#3862=CARTESIAN_POINT('',(-0.0205828625908175,0.0695123476138662,4.9911025273023));
#3863=CARTESIAN_POINT('',(-0.0206723365695858,0.069485773017016,4.9911025273023));
#3864=CARTESIAN_POINT('',(0.0207028884240525,-0.069485772445768,5.0011025164781));
#3865=CARTESIAN_POINT('',(0.0206124621843333,-0.0695126311860275,5.0011025164781));
#3866=CARTESIAN_POINT('',(0.0205220006273947,-0.0695393710944074,5.0011025164781));
#3867=CARTESIAN_POINT('',(0.0696043977782956,-0.0203372547644474,5.0011025164781));
#3868=CARTESIAN_POINT('',(0.0695511708873955,-0.0205185074792862,5.0011025164781));
#3869=CARTESIAN_POINT('',(0.0694974719047252,-0.0206996220549609,5.0011025164781));
#3870=CARTESIAN_POINT('',(0.0694974719047252,-0.0206996220549609,4.9911025273023));
#3871=CARTESIAN_POINT('',(0.0695511708873955,-0.0205185074792862,4.9911025273023));
#3872=CARTESIAN_POINT('',(0.0696043977782956,-0.0203372547644474,4.9911025273023));
#3873=CARTESIAN_POINT('',(-0.0204933549002071,0.0695388081963646,5.0011025164781));
#3874=CARTESIAN_POINT('',(-0.0205828625908175,0.0695123476138662,5.0011025164781));
#3875=CARTESIAN_POINT('',(-0.0206723365695858,0.069485773017016,5.0011025164781));
#3876=CARTESIAN_POINT('',(0.0207028884240525,-0.069485772445768,4.9911025273023));
#3877=CARTESIAN_POINT('',(0.0206124621843333,-0.0695126311860275,4.9911025273023));
#3878=CARTESIAN_POINT('',(0.0205220006273947,-0.0695393710944074,4.9911025273023));
#3879=CARTESIAN_POINT('',(-0.0581163236265496,0.00655494603508444,0.));
#3880=CARTESIAN_POINT('',(-0.0552035695753368,-0.0193165537073696,0.));
#3881=CARTESIAN_POINT('',(0.0552341214298053,0.0193165542786176,0.));
#3882=CARTESIAN_POINT('',(0.0581468754810182,-0.00655494546383828,0.));
#3883=CARTESIAN_POINT('',(-0.0258104665114818,0.0623641006284412,5.0011025164781));
#3884=CARTESIAN_POINT('',(2.11093899338266E-5,0.0675000009266782,5.0011025164781));
#3885=CARTESIAN_POINT('',(-0.062348824415583,-0.0258257421530921,5.0011025164781));
#3886=CARTESIAN_POINT('',(-0.0674847247138199,5.83374832174854E-6,5.0011025164781));
#3887=CARTESIAN_POINT('',(9.44246453471465E-6,-0.067500000355432,5.0011025164781));
#3888=CARTESIAN_POINT('',(0.0258410183659503,-0.0623641000571933,5.0011025164781));
#3889=CARTESIAN_POINT('',(0.0675152765682885,-5.83317707558706E-6,5.0011025164781));
#3890=CARTESIAN_POINT('',(0.0623793762700515,0.02582574272434,5.0011025164781));
#3891=CARTESIAN_POINT('',(0.0675152765682885,-5.83317707558446E-6,5.06791751520017));
#3892=CARTESIAN_POINT('',(0.047740858319969,-0.0477338318690084,5.06791751520017));
#3893=CARTESIAN_POINT('',(0.0477491080818675,0.0477255826783627,5.06791751520017));
#3894=CARTESIAN_POINT('',(0.0477491080818646,0.0477255826783583,5.0011025164781));
#3895=CARTESIAN_POINT('',(0.0826539130134075,0.0510558798635329,5.07194104388291));
#3896=CARTESIAN_POINT('',(0.0258410183659486,-0.0623641000571944,5.07459901507238));
#3897=CARTESIAN_POINT('',(-0.00257371508329623,-0.06801359059806,5.08462125579694));
#3898=CARTESIAN_POINT('',(0.0623749078272036,-0.0258365202494254,5.06791751520017));
#3899=CARTESIAN_POINT('',(-0.0674847247138199,5.83374832174768E-6,5.0011025164781));
#3900=CARTESIAN_POINT('',(-0.0477185562274104,-0.0477255821071012,5.06791751520017));
#3901=CARTESIAN_POINT('',(-0.0258212453448826,-0.0623596353181533,5.06791751520017));
#3902=CARTESIAN_POINT('',(-0.0258104665114818,0.0623641006284412,5.06791751520017));
#3903=CARTESIAN_POINT('',(-0.0623443559727358,0.0258365208206714,5.0011025164781));
#3904=CARTESIAN_POINT('',(-0.0477103064654874,0.0477338324402688,5.06791751520017));
#3905=CARTESIAN_POINT('',(0.0315021891550469,0.0737591527961874,5.04377422914922));
#3906=CARTESIAN_POINT('',(0.0276301407118128,-0.0729965838659765,4.98845037901405));
#3907=CARTESIAN_POINT('',(-0.0598647823235876,-0.0896000840156391,5.0011025164781));
#3908=CARTESIAN_POINT('',(-0.0598647823235876,-0.0896000840156391,5.06791751520017));
#3909=CARTESIAN_POINT('',(0.0258517971993495,0.062359635889397,5.06791751520018));
#3910=CARTESIAN_POINT('',(0.0258517971993495,0.062359635889397,5.0011025164781));
#3911=CARTESIAN_POINT('',(0.0675152765682885,-5.83317707558706E-6,5.06791751520018));
#3912=CARTESIAN_POINT('',(0.0675152765682885,-5.83317707558706E-6,5.0011025164781));
#3913=CARTESIAN_POINT('',(0.047740858319969,-0.0477338318690084,5.06791751520018));
#3914=CARTESIAN_POINT('',(0.047740858319969,-0.0477338318690084,5.0011025164781));
#3915=CARTESIAN_POINT('',(0.0623793762700515,0.02582574272434,5.06791751520018));
#3916=CARTESIAN_POINT('',(0.0623793762700515,0.02582574272434,5.0011025164781));
#3917=CARTESIAN_POINT('',(0.0258410183659503,-0.0623641000571933,5.06791751520018));
#3918=CARTESIAN_POINT('',(0.0623749115310073,-0.0258365209864913,5.0011025164781));
#3919=CARTESIAN_POINT('',(0.0623749115310073,-0.0258365209864913,5.06791751520018));
#3920=CARTESIAN_POINT('',(0.0477491080818648,0.0477255826783587,5.0011025164781));
#3921=CARTESIAN_POINT('',(0.0477491080818648,0.0477255826783587,5.06791751520018));
#3922=CARTESIAN_POINT('',(2.11093899338266E-5,0.0675000009266782,5.0011025164781));
#3923=CARTESIAN_POINT('',(2.11093899338266E-5,0.0675000009266782,5.06791751520018));
#3924=CARTESIAN_POINT('',(0.0258410183659503,-0.0623641000571933,5.0011025164781));
#3925=CARTESIAN_POINT('',(9.44246453471465E-6,-0.067500000355432,5.0011025164781));
#3926=CARTESIAN_POINT('',(9.44246453471465E-6,-0.067500000355432,5.06791751520018));
#3927=CARTESIAN_POINT('',(-0.0674847247138199,5.83374832174854E-6,5.0011025164781));
#3928=CARTESIAN_POINT('',(-0.0674847247138199,5.83374832174854E-6,5.06791751520018));
#3929=CARTESIAN_POINT('',(-0.0623443596765405,0.0258365215577374,5.0011025164781));
#3930=CARTESIAN_POINT('',(-0.0477103064654898,0.0477338324402652,5.06791751520018));
#3931=CARTESIAN_POINT('',(-0.0258212453448809,-0.0623596353181508,5.06791751520018));
#3932=CARTESIAN_POINT('',(-0.0258212453448809,-0.0623596353181508,5.0011025164781));
#3933=CARTESIAN_POINT('',(-0.0258104665114818,0.0623641006284412,5.0011025164781));
#3934=CARTESIAN_POINT('',(-0.0258104665114818,0.0623641006284412,5.06791751520018));
#3935=CARTESIAN_POINT('',(-0.062348824415583,-0.0258257421530921,5.06791751520018));
#3936=CARTESIAN_POINT('',(-0.062348824415583,-0.0258257421530921,5.0011025164781));
#3937=CARTESIAN_POINT('',(-0.0477185562274087,-0.0477255821071001,5.06791751520018));
#3938=CARTESIAN_POINT('',(-0.0477185562274087,-0.0477255821071001,5.0011025164781));
#3939=CARTESIAN_POINT('',(-0.0477103064654916,0.0477338324402634,5.0011025164781));
#3940=CARTESIAN_POINT('',(-0.0623443596765405,0.0258365215577374,5.06791751520018));
#3941=CARTESIAN_POINT('',(0.0258517971993495,0.062359635889397,5.06791751520018));
#3942=CARTESIAN_POINT('',(0.0258517971993495,0.062359635889397,5.0011025164781));
#3943=CARTESIAN_POINT('',(0.0675152765682885,-5.83317707558706E-6,5.06791751520018));
#3944=CARTESIAN_POINT('',(0.0675152765682885,-5.83317707558706E-6,5.0011025164781));
#3945=CARTESIAN_POINT('',(0.047740858319969,-0.0477338318690084,5.06791751520018));
#3946=CARTESIAN_POINT('',(0.047740858319969,-0.0477338318690084,5.0011025164781));
#3947=CARTESIAN_POINT('',(0.0623793762700515,0.02582574272434,5.06791751520018));
#3948=CARTESIAN_POINT('',(0.0623793762700515,0.02582574272434,5.0011025164781));
#3949=CARTESIAN_POINT('',(0.0258410183659503,-0.0623641000571933,5.06791751520018));
#3950=CARTESIAN_POINT('',(0.0258410183659503,-0.0623641000571933,5.0011025164781));
#3951=CARTESIAN_POINT('',(0.0623749115310073,-0.0258365209864913,5.0011025164781));
#3952=CARTESIAN_POINT('',(0.0623749115310073,-0.0258365209864913,5.06791751520018));
#3953=CARTESIAN_POINT('',(0.0477491080818648,0.0477255826783587,5.0011025164781));
#3954=CARTESIAN_POINT('',(0.0477491080818648,0.0477255826783587,5.06791751520018));
#3955=CARTESIAN_POINT('',(-0.0674847247138199,5.83374832174854E-6,5.0011025164781));
#3956=CARTESIAN_POINT('',(-0.0674847247138199,5.83374832174854E-6,5.06791751520018));
#3957=CARTESIAN_POINT('',(-0.0623443596765405,0.0258365215577374,5.0011025164781));
#3958=CARTESIAN_POINT('',(-0.0623443596765405,0.0258365215577374,5.06791751520018));
#3959=CARTESIAN_POINT('',(-0.0477103064654898,0.0477338324402652,5.06791751520018));
#3960=CARTESIAN_POINT('',(-0.0477103064654916,0.0477338324402634,5.0011025164781));
#3961=CARTESIAN_POINT('',(-0.0258212453448809,-0.0623596353181508,5.06791751520018));
#3962=CARTESIAN_POINT('',(-0.0258212453448809,-0.0623596353181508,5.0011025164781));
#3963=CARTESIAN_POINT('',(-0.0258104665114818,0.0623641006284412,5.0011025164781));
#3964=CARTESIAN_POINT('',(-0.0258104665114818,0.0623641006284412,5.06791751520018));
#3965=CARTESIAN_POINT('',(-0.062348824415583,-0.0258257421530921,5.06791751520018));
#3966=CARTESIAN_POINT('',(-0.062348824415583,-0.0258257421530921,5.0011025164781));
#3967=CARTESIAN_POINT('',(-0.0477185562274087,-0.0477255821071001,5.06791751520018));
#3968=CARTESIAN_POINT('',(-0.0477185562274087,-0.0477255821071001,5.0011025164781));
#3969=CARTESIAN_POINT('',(0.0675152765682885,-5.83317707558706E-6,5.0011025164781));
#3970=CARTESIAN_POINT('',(0.0623793762700515,0.02582574272434,5.0011025164781));
#3971=CARTESIAN_POINT('',(0.0675152765682885,-5.83317707558706E-6,5.06791751520018));
#3972=CARTESIAN_POINT('',(0.0623793762700515,0.02582574272434,5.06791751520018));
#3973=CARTESIAN_POINT('',(0.047740858319969,-0.0477338318690084,5.0011025164781));
#3974=CARTESIAN_POINT('',(0.0623749115310073,-0.0258365209864913,5.0011025164781));
#3975=CARTESIAN_POINT('',(0.047740858319969,-0.0477338318690084,5.06791751520018));
#3976=CARTESIAN_POINT('',(0.0623749115310073,-0.0258365209864913,5.06791751520018));
#3977=CARTESIAN_POINT('',(0.0477491080818648,0.0477255826783587,5.06791751520018));
#3978=CARTESIAN_POINT('',(0.0623793762700515,0.02582574272434,5.06791751520018));
#3979=CARTESIAN_POINT('',(0.0623793762700515,0.02582574272434,5.0011025164781));
#3980=CARTESIAN_POINT('',(0.0477491080818648,0.0477255826783587,5.0011025164781));
#3981=CARTESIAN_POINT('',(0.047740858319969,-0.0477338318690084,5.06791751520018));
#3982=CARTESIAN_POINT('',(0.0258410183659503,-0.0623641000571933,5.06791751520018));
#3983=CARTESIAN_POINT('',(0.0258517971993495,0.062359635889397,5.0011025164781));
#3984=CARTESIAN_POINT('',(0.0477491080818648,0.0477255826783587,5.0011025164781));
#3985=CARTESIAN_POINT('',(0.0258517971993495,0.062359635889397,5.06791751520018));
#3986=CARTESIAN_POINT('',(0.0477491080818648,0.0477255826783587,5.06791751520018));
#3987=CARTESIAN_POINT('',(0.0258517971993495,0.062359635889397,5.0011025164781));
#3988=CARTESIAN_POINT('',(2.11093899338266E-5,0.0675000009266782,5.0011025164781));
#3989=CARTESIAN_POINT('',(0.0258517971993495,0.062359635889397,5.06791751520018));
#3990=CARTESIAN_POINT('',(2.11093899338266E-5,0.0675000009266782,5.06791751520018));
#3991=CARTESIAN_POINT('',(0.0258410183659503,-0.0623641000571933,5.0011025164781));
#3992=CARTESIAN_POINT('',(9.44246453471465E-6,-0.067500000355432,5.0011025164781));
#3993=CARTESIAN_POINT('',(0.047740858319969,-0.0477338318690084,5.0011025164781));
#3994=CARTESIAN_POINT('',(0.0258410183659503,-0.0623641000571933,5.0011025164781));
#3995=CARTESIAN_POINT('',(9.44246453471465E-6,-0.067500000355432,5.06791751520018));
#3996=CARTESIAN_POINT('',(0.0258410183659503,-0.0623641000571933,5.06791751520018));
#3997=CARTESIAN_POINT('',(0.0675152765682885,-5.83317707558706E-6,5.0011025164781));
#3998=CARTESIAN_POINT('',(0.0623749115310073,-0.0258365209864913,5.0011025164781));
#3999=CARTESIAN_POINT('',(0.0675152765682885,-5.83317707558706E-6,5.06791751520018));
#4000=CARTESIAN_POINT('',(0.0623749115310073,-0.0258365209864913,5.06791751520018));
#4001=CARTESIAN_POINT('',(-0.0674847247138199,5.83374832174854E-6,5.0011025164781));
#4002=CARTESIAN_POINT('',(-0.062348824415583,-0.0258257421530921,5.0011025164781));
#4003=CARTESIAN_POINT('',(-0.0674847247138199,5.83374832174854E-6,5.06791751520018));
#4004=CARTESIAN_POINT('',(-0.062348824415583,-0.0258257421530921,5.06791751520018));
#4005=CARTESIAN_POINT('',(-0.0477103064654898,0.0477338324402652,5.06791751520018));
#4006=CARTESIAN_POINT('',(-0.0623443596765405,0.0258365215577374,5.06791751520018));
#4007=CARTESIAN_POINT('',(-0.0477185562274087,-0.0477255821071001,5.06791751520018));
#4008=CARTESIAN_POINT('',(-0.062348824415583,-0.0258257421530921,5.06791751520018));
#4009=CARTESIAN_POINT('',(-0.062348824415583,-0.0258257421530921,5.0011025164781));
#4010=CARTESIAN_POINT('',(-0.0477185562274087,-0.0477255821071001,5.0011025164781));
#4011=CARTESIAN_POINT('',(-0.0258212453448809,-0.0623596353181508,5.06791751520018));
#4012=CARTESIAN_POINT('',(-0.0477185562274087,-0.0477255821071001,5.06791751520018));
#4013=CARTESIAN_POINT('',(-0.0477185562274087,-0.0477255821071001,5.0011025164781));
#4014=CARTESIAN_POINT('',(-0.0258212453448809,-0.0623596353181508,5.0011025164781));
#4015=CARTESIAN_POINT('',(-0.0258104665114818,0.0623641006284412,5.0011025164781));
#4016=CARTESIAN_POINT('',(-0.0477103064654916,0.0477338324402634,5.0011025164781));
#4017=CARTESIAN_POINT('',(-0.0477103064654898,0.0477338324402652,5.06791751520018));
#4018=CARTESIAN_POINT('',(-0.0258104665114818,0.0623641006284412,5.06791751520018));
#4019=CARTESIAN_POINT('',(-0.0674847247138199,5.83374832174854E-6,5.0011025164781));
#4020=CARTESIAN_POINT('',(-0.0623443596765405,0.0258365215577374,5.0011025164781));
#4021=CARTESIAN_POINT('',(-0.0674847247138199,5.83374832174854E-6,5.06791751520018));
#4022=CARTESIAN_POINT('',(-0.0623443596765405,0.0258365215577374,5.06791751520018));
#4023=CARTESIAN_POINT('',(-0.0623443596765405,0.0258365215577374,5.0011025164781));
#4024=CARTESIAN_POINT('',(-0.0477103064654916,0.0477338324402634,5.0011025164781));
#4025=CARTESIAN_POINT('',(2.11093899338266E-5,0.0675000009266782,5.0011025164781));
#4026=CARTESIAN_POINT('',(2.11093899338266E-5,0.0675000009266782,5.06791751520018));
#4027=CARTESIAN_POINT('',(-0.0258212453448809,-0.0623596353181508,5.0011025164781));
#4028=CARTESIAN_POINT('',(9.44246453471465E-6,-0.067500000355432,5.0011025164781));
#4029=CARTESIAN_POINT('',(9.44246453471465E-6,-0.067500000355432,5.0011025164781));
#4030=CARTESIAN_POINT('',(9.44246453471465E-6,-0.067500000355432,5.06791751520018));
#4031=CARTESIAN_POINT('',(9.44246453471465E-6,-0.067500000355432,5.06791751520018));
#4032=CARTESIAN_POINT('',(-0.0258212453448809,-0.0623596353181508,5.06791751520018));
#4033=CARTESIAN_POINT('',(2.11093899338266E-5,0.0675000009266782,5.0011025164781));
#4034=CARTESIAN_POINT('',(-0.0258104665114818,0.0623641006284412,5.0011025164781));
#4035=CARTESIAN_POINT('',(2.11093899338266E-5,0.0675000009266782,5.06791751520018));
#4036=CARTESIAN_POINT('',(-0.0258104665114818,0.0623641006284412,5.06791751520018));
#4037=CARTESIAN_POINT('',(0.0477491080818685,0.0477255826783612,5.17941751804928));
#4038=CARTESIAN_POINT('',(0.0477491080818646,0.0477255826783583,5.17941751804928));
#4039=CARTESIAN_POINT('',(0.0675152765682885,-5.83317707558446E-6,5.25110251838545));
#4040=CARTESIAN_POINT('',(0.0675152728644853,-5.83244001095898E-6,5.17941751804928));
#4041=CARTESIAN_POINT('',(-0.0145993736418978,0.0704095100630271,5.1826646036391));
#4042=CARTESIAN_POINT('',(0.0477408583199679,-0.0477338318690101,5.25110251838545));
#4043=CARTESIAN_POINT('',(-0.0517272658541634,-0.0777864259727052,5.2318510256974));
#4044=CARTESIAN_POINT('',(0.00465608532238998,-0.0765167720688125,5.31810729254423));
#4045=CARTESIAN_POINT('',(-0.0623443596765404,0.0258365215577373,5.25110251838545));
#4046=CARTESIAN_POINT('',(-0.0258212453448826,-0.0623596353181533,5.25110251838545));
#4047=CARTESIAN_POINT('',(-0.0258104665114816,0.0623641006284413,5.25110251838545));
#4048=CARTESIAN_POINT('',(-0.0623488244155846,-0.0258257421530932,5.17941751804928));
#4049=CARTESIAN_POINT('',(-0.0674847247138199,5.83374832174768E-6,5.17941751804928));
#4050=CARTESIAN_POINT('',(-0.0674847247138199,5.83374832174681E-6,5.25110251838545));
#4051=CARTESIAN_POINT('',(0.00259251124236943,-0.0680140368747841,5.17405485732436));
#4052=CARTESIAN_POINT('',(0.0146420953734314,0.0704069830223282,5.26902376846949));
#4053=CARTESIAN_POINT('',(0.0896153602284974,-0.0598800579651979,5.25110251838545));
#4054=CARTESIAN_POINT('',(-0.0598647823235876,-0.0896000840156392,5.17941751804928));
#4055=CARTESIAN_POINT('',(2.11093899338266E-5,0.0675000009266782,5.17941751804928));
#4056=CARTESIAN_POINT('',(0.0623793762700515,0.02582574272434,5.25110251838545));
#4057=CARTESIAN_POINT('',(0.0623793762700515,0.02582574272434,5.17941751804928));
#4058=CARTESIAN_POINT('',(0.0258517971993495,0.062359635889397,5.25110251838545));
#4059=CARTESIAN_POINT('',(0.0258517971993495,0.062359635889397,5.17941751804928));
#4060=CARTESIAN_POINT('',(0.0623749115310073,-0.0258365209864913,5.17941751804928));
#4061=CARTESIAN_POINT('',(0.047740858319969,-0.0477338318690084,5.25110251838545));
#4062=CARTESIAN_POINT('',(0.0258410183659503,-0.0623641000571933,5.17941751804928));
#4063=CARTESIAN_POINT('',(0.0258410183659503,-0.0623641000571933,5.25110251838545));
#4064=CARTESIAN_POINT('',(0.0477491080818648,0.0477255826783587,5.25110251838545));
#4065=CARTESIAN_POINT('',(0.0477491080818648,0.0477255826783587,5.17941751804928));
#4066=CARTESIAN_POINT('',(0.0675152765682885,-5.83317707558706E-6,5.25110251838545));
#4067=CARTESIAN_POINT('',(0.0675152765682885,-5.83317707558706E-6,5.17941751804928));
#4068=CARTESIAN_POINT('',(0.0623749115310073,-0.0258365209864913,5.25110251838545));
#4069=CARTESIAN_POINT('',(2.11093899338266E-5,0.0675000009266782,5.25110251838545));
#4070=CARTESIAN_POINT('',(9.44246453471465E-6,-0.067500000355432,5.17941751804928));
#4071=CARTESIAN_POINT('',(0.047740858319969,-0.0477338318690084,5.17941751804928));
#4072=CARTESIAN_POINT('',(9.44246453471465E-6,-0.067500000355432,5.25110251838545));
#4073=CARTESIAN_POINT('',(-0.0477103064654916,0.0477338324402634,5.25110251838545));
#4074=CARTESIAN_POINT('',(-0.0477103064654898,0.0477338324402652,5.17941751804928));
#4075=CARTESIAN_POINT('',(-0.0258104665114818,0.0623641006284412,5.25110251838545));
#4076=CARTESIAN_POINT('',(-0.0258212453448809,-0.0623596353181508,5.25110251838545));
#4077=CARTESIAN_POINT('',(-0.0258212453448809,-0.0623596353181508,5.17941751804928));
#4078=CARTESIAN_POINT('',(-0.0477185562274087,-0.0477255821071001,5.25110251838545));
#4079=CARTESIAN_POINT('',(-0.0477185562274087,-0.0477255821071001,5.17941751804928));
#4080=CARTESIAN_POINT('',(-0.0258104665114818,0.0623641006284412,5.17941751804928));
#4081=CARTESIAN_POINT('',(-0.0623443596765405,0.0258365215577374,5.25110251838545));
#4082=CARTESIAN_POINT('',(-0.0623443596765405,0.0258365215577374,5.17941751804928));
#4083=CARTESIAN_POINT('',(-0.062348824415583,-0.0258257421530921,5.17941751804928));
#4084=CARTESIAN_POINT('',(-0.062348824415583,-0.0258257421530921,5.25110251838545));
#4085=CARTESIAN_POINT('',(-0.0674847247138199,5.83374832174854E-6,5.17941751804928));
#4086=CARTESIAN_POINT('',(-0.0674847247138199,5.83374832174854E-6,5.25110251838545));
#4087=CARTESIAN_POINT('',(0.0623793762700515,0.02582574272434,5.25110251838545));
#4088=CARTESIAN_POINT('',(0.0623793762700515,0.02582574272434,5.17941751804928));
#4089=CARTESIAN_POINT('',(0.0258517971993495,0.062359635889397,5.25110251838545));
#4090=CARTESIAN_POINT('',(0.0258517971993495,0.062359635889397,5.17941751804928));
#4091=CARTESIAN_POINT('',(0.0623749115310073,-0.0258365209864913,5.17941751804928));
#4092=CARTESIAN_POINT('',(0.0623749115310073,-0.0258365209864913,5.25110251838545));
#4093=CARTESIAN_POINT('',(0.047740858319969,-0.0477338318690084,5.25110251838545));
#4094=CARTESIAN_POINT('',(0.047740858319969,-0.0477338318690084,5.17941751804928));
#4095=CARTESIAN_POINT('',(0.0258410183659503,-0.0623641000571933,5.17941751804928));
#4096=CARTESIAN_POINT('',(0.0258410183659503,-0.0623641000571933,5.25110251838545));
#4097=CARTESIAN_POINT('',(0.0477491080818648,0.0477255826783587,5.25110251838545));
#4098=CARTESIAN_POINT('',(0.0477491080818648,0.0477255826783587,5.17941751804928));
#4099=CARTESIAN_POINT('',(0.0675152765682885,-5.83317707558706E-6,5.25110251838545));
#4100=CARTESIAN_POINT('',(0.0675152765682885,-5.83317707558706E-6,5.17941751804928));
#4101=CARTESIAN_POINT('',(-0.0477103064654916,0.0477338324402634,5.25110251838545));
#4102=CARTESIAN_POINT('',(-0.0477103064654898,0.0477338324402652,5.17941751804928));
#4103=CARTESIAN_POINT('',(-0.0258104665114818,0.0623641006284412,5.25110251838545));
#4104=CARTESIAN_POINT('',(-0.0258104665114818,0.0623641006284412,5.17941751804928));
#4105=CARTESIAN_POINT('',(-0.0258212453448809,-0.0623596353181508,5.25110251838545));
#4106=CARTESIAN_POINT('',(-0.0258212453448809,-0.0623596353181508,5.17941751804928));
#4107=CARTESIAN_POINT('',(-0.0477185562274087,-0.0477255821071001,5.25110251838545));
#4108=CARTESIAN_POINT('',(-0.0477185562274087,-0.0477255821071001,5.17941751804928));
#4109=CARTESIAN_POINT('',(-0.0623443596765405,0.0258365215577374,5.25110251838545));
#4110=CARTESIAN_POINT('',(-0.0623443596765405,0.0258365215577374,5.17941751804928));
#4111=CARTESIAN_POINT('',(-0.062348824415583,-0.0258257421530921,5.17941751804928));
#4112=CARTESIAN_POINT('',(-0.062348824415583,-0.0258257421530921,5.25110251838545));
#4113=CARTESIAN_POINT('',(-0.0674847247138199,5.83374832174854E-6,5.17941751804928));
#4114=CARTESIAN_POINT('',(-0.0674847247138199,5.83374832174854E-6,5.25110251838545));
#4115=CARTESIAN_POINT('',(0.0477491080818648,0.0477255826783587,5.25110251838545));
#4116=CARTESIAN_POINT('',(0.0623793762700515,0.02582574272434,5.25110251838545));
#4117=CARTESIAN_POINT('',(0.0477491080818648,0.0477255826783587,5.17941751804928));
#4118=CARTESIAN_POINT('',(0.0623793762700515,0.02582574272434,5.17941751804928));
#4119=CARTESIAN_POINT('',(2.11093899338266E-5,0.0675000009266782,5.17941751804928));
#4120=CARTESIAN_POINT('',(0.0258517971993495,0.062359635889397,5.17941751804928));
#4121=CARTESIAN_POINT('',(0.047740858319969,-0.0477338318690084,5.25110251838545));
#4122=CARTESIAN_POINT('',(0.0623749115310073,-0.0258365209864913,5.25110251838545));
#4123=CARTESIAN_POINT('',(0.0258517971993495,0.062359635889397,5.17941751804928));
#4124=CARTESIAN_POINT('',(0.0477491080818648,0.0477255826783587,5.17941751804928));
#4125=CARTESIAN_POINT('',(0.0258517971993495,0.062359635889397,5.25110251838545));
#4126=CARTESIAN_POINT('',(0.0477491080818648,0.0477255826783587,5.25110251838545));
#4127=CARTESIAN_POINT('',(0.0675152765682885,-5.83317707558706E-6,5.17941751804928));
#4128=CARTESIAN_POINT('',(0.0623793762700515,0.02582574272434,5.17941751804928));
#4129=CARTESIAN_POINT('',(0.0623793762700515,0.02582574272434,5.25110251838545));
#4130=CARTESIAN_POINT('',(0.0675152765682885,-5.83317707558706E-6,5.25110251838545));
#4131=CARTESIAN_POINT('',(0.0675152765682885,-5.83317707558706E-6,5.25110251838545));
#4132=CARTESIAN_POINT('',(0.0623749115310073,-0.0258365209864913,5.25110251838545));
#4133=CARTESIAN_POINT('',(0.0623749115310073,-0.0258365209864913,5.17941751804928));
#4134=CARTESIAN_POINT('',(0.0675152765682885,-5.83317707558706E-6,5.17941751804928));
#4135=CARTESIAN_POINT('',(0.0258517971993495,0.062359635889397,5.25110251838545));
#4136=CARTESIAN_POINT('',(2.11093899338266E-5,0.0675000009266782,5.25110251838545));
#4137=CARTESIAN_POINT('',(0.0623749115310073,-0.0258365209864913,5.17941751804928));
#4138=CARTESIAN_POINT('',(0.047740858319969,-0.0477338318690084,5.17941751804928));
#4139=CARTESIAN_POINT('',(0.0258410183659503,-0.0623641000571933,5.17941751804928));
#4140=CARTESIAN_POINT('',(0.047740858319969,-0.0477338318690084,5.17941751804928));
#4141=CARTESIAN_POINT('',(0.047740858319969,-0.0477338318690084,5.25110251838545));
#4142=CARTESIAN_POINT('',(0.0258410183659503,-0.0623641000571933,5.25110251838545));
#4143=CARTESIAN_POINT('',(-0.0623443596765405,0.0258365215577374,5.25110251838545));
#4144=CARTESIAN_POINT('',(-0.0477103064654916,0.0477338324402634,5.25110251838545));
#4145=CARTESIAN_POINT('',(-0.0477103064654898,0.0477338324402652,5.17941751804928));
#4146=CARTESIAN_POINT('',(-0.0623443596765405,0.0258365215577374,5.17941751804928));
#4147=CARTESIAN_POINT('',(-0.0477103064654916,0.0477338324402634,5.25110251838545));
#4148=CARTESIAN_POINT('',(-0.0258104665114818,0.0623641006284412,5.25110251838545));
#4149=CARTESIAN_POINT('',(9.44246453471465E-6,-0.067500000355432,5.17941751804928));
#4150=CARTESIAN_POINT('',(-0.0258212453448809,-0.0623596353181508,5.17941751804928));
#4151=CARTESIAN_POINT('',(-0.0258212453448809,-0.0623596353181508,5.25110251838545));
#4152=CARTESIAN_POINT('',(-0.0477185562274087,-0.0477255821071001,5.25110251838545));
#4153=CARTESIAN_POINT('',(-0.0477185562274087,-0.0477255821071001,5.17941751804928));
#4154=CARTESIAN_POINT('',(-0.0258212453448809,-0.0623596353181508,5.17941751804928));
#4155=CARTESIAN_POINT('',(-0.0477103064654898,0.0477338324402652,5.17941751804928));
#4156=CARTESIAN_POINT('',(-0.0258104665114818,0.0623641006284412,5.17941751804928));
#4157=CARTESIAN_POINT('',(-0.0477185562274087,-0.0477255821071001,5.17941751804928));
#4158=CARTESIAN_POINT('',(-0.062348824415583,-0.0258257421530921,5.17941751804928));
#4159=CARTESIAN_POINT('',(-0.0477185562274087,-0.0477255821071001,5.25110251838545));
#4160=CARTESIAN_POINT('',(-0.062348824415583,-0.0258257421530921,5.25110251838545));
#4161=CARTESIAN_POINT('',(-0.0674847247138199,5.83374832174854E-6,5.17941751804928));
#4162=CARTESIAN_POINT('',(-0.062348824415583,-0.0258257421530921,5.17941751804928));
#4163=CARTESIAN_POINT('',(-0.062348824415583,-0.0258257421530921,5.25110251838545));
#4164=CARTESIAN_POINT('',(-0.0674847247138199,5.83374832174854E-6,5.25110251838545));
#4165=CARTESIAN_POINT('',(-0.0674847247138199,5.83374832174854E-6,5.25110251838545));
#4166=CARTESIAN_POINT('',(-0.0623443596765405,0.0258365215577374,5.25110251838545));
#4167=CARTESIAN_POINT('',(-0.0623443596765405,0.0258365215577374,5.17941751804928));
#4168=CARTESIAN_POINT('',(-0.0674847247138199,5.83374832174854E-6,5.17941751804928));
#4169=CARTESIAN_POINT('',(2.11093899338266E-5,0.0675000009266782,5.17941751804928));
#4170=CARTESIAN_POINT('',(-0.0258104665114818,0.0623641006284412,5.17941751804928));
#4171=CARTESIAN_POINT('',(9.44246453471465E-6,-0.067500000355432,5.17941751804928));
#4172=CARTESIAN_POINT('',(9.44246453471465E-6,-0.067500000355432,5.25110251838545));
#4173=CARTESIAN_POINT('',(9.44246453471465E-6,-0.067500000355432,5.25110251838545));
#4174=CARTESIAN_POINT('',(-0.0258212453448809,-0.0623596353181508,5.25110251838545));
#4175=CARTESIAN_POINT('',(2.11093899338266E-5,0.0675000009266782,5.17941751804928));
#4176=CARTESIAN_POINT('',(2.11093899338266E-5,0.0675000009266782,5.25110251838545));
#4177=CARTESIAN_POINT('',(-0.0258104665114818,0.0623641006284412,5.25110251838545));
#4178=CARTESIAN_POINT('',(2.11093899338266E-5,0.0675000009266782,5.25110251838545));
#4179=CARTESIAN_POINT('',(0.0258410183659503,-0.0623641000571933,5.25110251838545));
#4180=CARTESIAN_POINT('',(9.44246453471465E-6,-0.067500000355432,5.25110251838545));
#4181=CARTESIAN_POINT('',(0.0258410183659503,-0.0623641000571933,5.17941751804928));
#4182=CARTESIAN_POINT('',(9.44246453471465E-6,-0.067500000355432,5.17941751804928));
#4183=CARTESIAN_POINT('',(-0.10674907617131,0.0165092260343993,5.17318330101351));
#4184=CARTESIAN_POINT('',(-0.0740557096894858,-0.0164935973714917,5.17318330101351));
#4185=CARTESIAN_POINT('',(-0.106752643901106,-0.0164907716478717,5.17318330101351));
#4186=CARTESIAN_POINT('',(-0.0699645792170131,-0.0206189502972281,5.17318330101351));
#4187=CARTESIAN_POINT('',(-0.0699645792170131,-0.0206189502972281,5.11541752282957));
#4188=CARTESIAN_POINT('',(0.106777507597681,-0.0165092252799004,5.17318330101351));
#4189=CARTESIAN_POINT('',(0.106782478755563,0.016490772281084,5.17318330101351));
#4190=CARTESIAN_POINT('',(0.112477954841661,-0.0206347171338692,5.17318330101351));
#4191=CARTESIAN_POINT('',(0.112477954841661,-0.0206347171338692,5.11541752282957));
#4192=CARTESIAN_POINT('',(0.0780642277335275,0.106677671600615,5.1121697287021));
#4193=CARTESIAN_POINT('',(0.017200316139887,0.0802439911057828,5.1121697287021));
#4194=CARTESIAN_POINT('',(0.0404867352658087,0.12586037001396,5.1121697287021));
#4195=CARTESIAN_POINT('',(0.0780642277335275,0.106677671600615,5.1121697287021));
#4196=CARTESIAN_POINT('',(0.0257711658856778,-0.0783520471200509,5.0679175152004));
#4197=CARTESIAN_POINT('',(0.0533763741532383,-0.120931208367939,5.0679175152004));
#4198=CARTESIAN_POINT('',(0.0887778250156358,-0.0979795015848752,5.0679175152004));
#4199=CARTESIAN_POINT('',(0.0257711658856778,-0.0783520471200509,5.11216972870233));
#4200=CARTESIAN_POINT('',(-0.131394774105063,0.014253537624194,5.06791751520017));
#4201=CARTESIAN_POINT('',(-0.12921873508005,-0.0278808724783506,5.06791751520017));
#4202=CARTESIAN_POINT('',(-0.0743636525173561,0.0171989199355419,5.06791751520017));
#4203=CARTESIAN_POINT('',(-0.131394774105063,0.014253537624194,5.1121697287021));
#4204=CARTESIAN_POINT('',(-0.0909997800022229,0.0165078649539421,5.13391752006391));
#4205=CARTESIAN_POINT('',(-0.0832163465225104,0.0403577481136193,5.13391752006391));
#4206=CARTESIAN_POINT('',(-0.0693103782989564,0.0612389038276344,5.13391752006391));
#4207=CARTESIAN_POINT('',(-0.0503048115320155,0.0776153214816642,5.13391752006391));
#4208=CARTESIAN_POINT('',(-0.0226371743888691,0.0896834275687652,5.13391752006391));
#4209=CARTESIAN_POINT('',(0.00744268472632825,0.0922013222850389,5.13391752006391));
#4210=CARTESIAN_POINT('',(0.0621106882363858,0.0685595338095411,5.13391752006391));
#4211=CARTESIAN_POINT('',(0.0808773526734115,0.0449174151995546,5.13391752006391));
#4212=CARTESIAN_POINT('',(0.0910303318566914,-0.0165078643826959,5.13391752006391));
#4213=CARTESIAN_POINT('',(0.083246898376979,-0.0403577475423713,5.13391752006391));
#4214=CARTESIAN_POINT('',(0.0226677262433377,-0.0896834269975173,5.13391752006391));
#4215=CARTESIAN_POINT('',(-0.00741213287185971,-0.0922013217137927,5.13391752006391));
#4216=CARTESIAN_POINT('',(-0.0367010570354207,-0.0849008861045011,5.13391752006391));
#4217=CARTESIAN_POINT('',(-0.062080136381919,-0.0685595332382931,5.13391752006391));
#4218=CARTESIAN_POINT('',(0.0488570839968467,0.0662402230304142,5.17941751804928));
#4219=CARTESIAN_POINT('',(0.069365563883462,0.0443150920354167,5.17941751804928));
#4220=CARTESIAN_POINT('',(0.0806457267724525,0.0164930310628063,5.17941751804928));
#4221=CARTESIAN_POINT('',(0.0766874721309119,-0.0299109402539539,5.17941751804928));
#4222=CARTESIAN_POINT('',(0.0594047307982564,-0.0569752871698981,5.17941751804928));
#4223=CARTESIAN_POINT('',(0.033080477099487,-0.0753656573919681,5.17941751804928));
#4224=CARTESIAN_POINT('',(0.00172235104640346,-0.0822822936551955,5.17941751804928));
#4225=CARTESIAN_POINT('',(-0.0298956646123437,-0.0766721959180536,5.17941751804928));
#4226=CARTESIAN_POINT('',(-0.0569600115282878,-0.0593894545853999,5.17941751804928));
#4227=CARTESIAN_POINT('',(-0.0766569202764434,0.029910940825202,5.17941751804928));
#4228=CARTESIAN_POINT('',(-0.0608275660516302,0.0554205587426361,5.17941751804928));
#4229=CARTESIAN_POINT('',(-0.0369019678310352,0.07355546831535,5.17941751804928));
#4230=CARTESIAN_POINT('',(-0.00806386397206009,0.0819024898996049,5.17941751804928));
#4231=CARTESIAN_POINT('',(0.0218493219261813,0.0793508947778233,5.17941751804928));
#4232=CARTESIAN_POINT('',(0.140244115476246,0.0320326141960037,5.17941751804928));
#4233=CARTESIAN_POINT('',(-0.0808468008189429,-0.0449174146283084,5.13391752006391));
#4234=CARTESIAN_POINT('',(0.0693409301534249,-0.0612389032563865,5.13391752006391));
#4235=CARTESIAN_POINT('',(0.050335363386484,-0.0776153209104162,5.13391752006391));
#4236=CARTESIAN_POINT('',(0.0367316088898875,0.084900886675749,5.13391752006391));
#4237=CARTESIAN_POINT('',(0.0612236412246593,0.01649470955185,5.17318330101351));
#4238=CARTESIAN_POINT('',(0.0910331837715663,0.016492133361437,5.13391752006391));
#4239=CARTESIAN_POINT('',(0.0820174898100756,-0.0069947834287305,5.17941751804928));
#4240=CARTESIAN_POINT('',(-0.0753503817503579,-0.0330652008866288,5.17941751804928));
#4241=CARTESIAN_POINT('',(-0.0822670180135851,-0.00170707483354682,5.17941751804928));
#4242=CARTESIAN_POINT('',(-0.0910026319170996,-0.0164921327901908,5.13391752006391));
#4243=CARTESIAN_POINT('',(0.11378766073265,-0.115251652213647,5.13391752006391));
#4244=CARTESIAN_POINT('',(0.11378766073265,-0.115251652213647,5.13391752006391));
#4245=CARTESIAN_POINT('',(-0.176801146265623,0.174291126123878,5.06791751520017));
#4246=CARTESIAN_POINT('',(-0.10674907617131,0.0165092260343993,5.17318330101351));
#4247=CARTESIAN_POINT('',(-0.10674907617131,0.0165092260343993,5.11541752282957));
#4248=CARTESIAN_POINT('',(-0.106752643901106,-0.0164907716478717,5.17318330101351));
#4249=CARTESIAN_POINT('',(-0.106752643901106,-0.0164907716478717,5.11541752282957));
#4250=CARTESIAN_POINT('',(0.106777507597681,-0.0165092252799004,5.17318330101351));
#4251=CARTESIAN_POINT('',(0.106777507597681,-0.0165092252799004,5.11541752282957));
#4252=CARTESIAN_POINT('',(0.106782478755563,0.016490772281084,5.17318330101351));
#4253=CARTESIAN_POINT('',(0.106782478755563,0.016490772281084,5.11541752282957));
#4254=CARTESIAN_POINT('',(0.0780642277335275,0.106677671600615,5.1121697287021));
#4255=CARTESIAN_POINT('',(0.0780642277335275,0.106677671600615,5.06791751520017));
#4256=CARTESIAN_POINT('',(0.0404867352658087,0.12586037001396,5.1121697287021));
#4257=CARTESIAN_POINT('',(0.0404867352658087,0.12586037001396,5.06791751520017));
#4258=CARTESIAN_POINT('',(0.0533763741532383,-0.120931208367939,5.0679175152004));
#4259=CARTESIAN_POINT('',(0.0533763741532383,-0.120931208367939,5.11216972870233));
#4260=CARTESIAN_POINT('',(0.0887778250156358,-0.0979795015848752,5.0679175152004));
#4261=CARTESIAN_POINT('',(0.0887778250156358,-0.0979795015848752,5.11216972870233));
#4262=CARTESIAN_POINT('',(-0.131394774105063,0.014253537624194,5.06791751520017));
#4263=CARTESIAN_POINT('',(-0.12921873508005,-0.0278808724783506,5.06791751520017));
#4264=CARTESIAN_POINT('',(-0.12921873508005,-0.0278808724783506,5.1121697287021));
#4265=CARTESIAN_POINT('',(-0.131394774105063,0.014253537624194,5.1121697287021));
#4266=CARTESIAN_POINT('',(-0.0832163465225104,0.0403577481136193,5.13391752006391));
#4267=CARTESIAN_POINT('',(-0.0832163465225104,0.0403577481136193,5.06791751520017));
#4268=CARTESIAN_POINT('',(-0.0693103782989564,0.0612389038276344,5.13391752006391));
#4269=CARTESIAN_POINT('',(-0.0693103782989564,0.0612389038276344,5.06791751520017));
#4270=CARTESIAN_POINT('',(-0.0503048115320155,0.0776153214816642,5.13391752006391));
#4271=CARTESIAN_POINT('',(-0.0503048115320155,0.0776153214816642,5.06791751520017));
#4272=CARTESIAN_POINT('',(-0.0226371743888691,0.0896834275687652,5.13391752006391));
#4273=CARTESIAN_POINT('',(-0.0226371743888691,0.0896834275687652,5.06791751520017));
#4274=CARTESIAN_POINT('',(0.00744268472632825,0.0922013222850389,5.13391752006391));
#4275=CARTESIAN_POINT('',(0.00744268472632825,0.0922013222850389,5.06791751520017));
#4276=CARTESIAN_POINT('',(0.0367316088898875,0.084900886675749,5.13391752006391));
#4277=CARTESIAN_POINT('',(0.0621106882363858,0.0685595338095411,5.13391752006391));
#4278=CARTESIAN_POINT('',(0.0621106882363858,0.0685595338095411,5.06791751520017));
#4279=CARTESIAN_POINT('',(0.0808773526734115,0.0449174151995546,5.13391752006391));
#4280=CARTESIAN_POINT('',(0.0808773526734115,0.0449174151995546,5.06791751520017));
#4281=CARTESIAN_POINT('',(0.0910331837715663,0.016492133361437,5.06791751520017));
#4282=CARTESIAN_POINT('',(0.0910303318566914,-0.0165078643826959,5.06791751520017));
#4283=CARTESIAN_POINT('',(0.083246898376979,-0.0403577475423713,5.13391752006391));
#4284=CARTESIAN_POINT('',(0.083246898376979,-0.0403577475423713,5.06791751520017));
#4285=CARTESIAN_POINT('',(0.0693409301534249,-0.0612389032563865,5.13391752006391));
#4286=CARTESIAN_POINT('',(0.0693409301534249,-0.0612389032563865,5.06791751520017));
#4287=CARTESIAN_POINT('',(0.050335363386484,-0.0776153209104162,5.13391752006391));
#4288=CARTESIAN_POINT('',(0.0226677262433377,-0.0896834269975173,5.13391752006391));
#4289=CARTESIAN_POINT('',(0.0226677262433377,-0.0896834269975173,5.06791751520017));
#4290=CARTESIAN_POINT('',(-0.00741213287185971,-0.0922013217137927,5.13391752006391));
#4291=CARTESIAN_POINT('',(-0.00741213287185971,-0.0922013217137927,5.06791751520017));
#4292=CARTESIAN_POINT('',(-0.0367010570354207,-0.0849008861045011,5.13391752006391));
#4293=CARTESIAN_POINT('',(-0.0367010570354207,-0.0849008861045011,5.06791751520017));
#4294=CARTESIAN_POINT('',(-0.062080136381919,-0.0685595332382931,5.13391752006391));
#4295=CARTESIAN_POINT('',(-0.062080136381919,-0.0685595332382931,5.06791751520017));
#4296=CARTESIAN_POINT('',(-0.0808468008189429,-0.0449174146283084,5.13391752006391));
#4297=CARTESIAN_POINT('',(-0.0808468008189429,-0.0449174146283084,5.06791751520017));
#4298=CARTESIAN_POINT('',(0.0488570839968467,0.0662402230304142,5.17941751804928));
#4299=CARTESIAN_POINT('',(0.069365563883462,0.0443150920354167,5.17941751804928));
#4300=CARTESIAN_POINT('',(0.0806457267724525,0.0164930310628063,5.17941751804928));
#4301=CARTESIAN_POINT('',(0.0820174898100756,-0.0069947834287305,5.17941751804928));
#4302=CARTESIAN_POINT('',(0.0766874721309119,-0.0299109402539539,5.17941751804928));
#4303=CARTESIAN_POINT('',(0.0594047307982564,-0.0569752871698981,5.17941751804928));
#4304=CARTESIAN_POINT('',(0.033080477099487,-0.0753656573919681,5.17941751804928));
#4305=CARTESIAN_POINT('',(0.00172235104640346,-0.0822822936551955,5.17941751804928));
#4306=CARTESIAN_POINT('',(-0.0298956646123437,-0.0766721959180536,5.17941751804928));
#4307=CARTESIAN_POINT('',(-0.0569600115282878,-0.0593894545853999,5.17941751804928));
#4308=CARTESIAN_POINT('',(-0.0753503817503579,-0.0330652008866288,5.17941751804928));
#4309=CARTESIAN_POINT('',(-0.0822670180135851,-0.00170707483354682,5.17941751804928));
#4310=CARTESIAN_POINT('',(-0.0766569202764434,0.029910940825202,5.17941751804928));
#4311=CARTESIAN_POINT('',(-0.0608275660516302,0.0554205587426361,5.17941751804928));
#4312=CARTESIAN_POINT('',(-0.0369019678310352,0.07355546831535,5.17941751804928));
#4313=CARTESIAN_POINT('',(-0.00806386397206009,0.0819024898996049,5.17941751804928));
#4314=CARTESIAN_POINT('',(0.0218493219261813,0.0793508947778233,5.17941751804928));
#4315=CARTESIAN_POINT('',(0.0488570839968471,0.0662402230304147,5.13441751679758));
#4316=CARTESIAN_POINT('',(0.0693655638834624,0.0443150920354172,5.13441751679758));
#4317=CARTESIAN_POINT('',(0.0766874721309122,-0.0299109402539535,5.13441751679758));
#4318=CARTESIAN_POINT('',(0.0594047307982567,-0.0569752871698976,5.13441751679758));
#4319=CARTESIAN_POINT('',(0.0330804770994873,-0.0753656573919677,5.13441751679758));
#4320=CARTESIAN_POINT('',(0.00172235104640379,-0.082282293655195,5.13441751679758));
#4321=CARTESIAN_POINT('',(-0.0298956646123434,-0.0766721959180532,5.13441751679758));
#4322=CARTESIAN_POINT('',(-0.0569600115282874,-0.0593894545853995,5.13441751679758));
#4323=CARTESIAN_POINT('',(-0.0753503817503575,-0.0330652008866283,5.13441751679758));
#4324=CARTESIAN_POINT('',(-0.0766569202764431,0.0299109408252024,5.13441751679758));
#4325=CARTESIAN_POINT('',(-0.0608275660516299,0.0554205587426365,5.13441751679758));
#4326=CARTESIAN_POINT('',(-0.0369019678310348,0.0735554683153504,5.13441751679758));
#4327=CARTESIAN_POINT('',(-0.00806386397205976,0.0819024898996054,5.13441751679758));
#4328=CARTESIAN_POINT('',(0.0218493219261817,0.0793508947778238,5.13441751679758));
#4329=CARTESIAN_POINT('',(-0.0876997474869832,-0.0257366170571482,5.06791751520017));
#4330=CARTESIAN_POINT('',(-0.0876997474869832,-0.0257366170571482,5.1121697287021));
#4331=CARTESIAN_POINT('',(-0.0909997800022229,0.0165078649539421,5.1121697287021));
#4332=CARTESIAN_POINT('',(-0.0909997800022229,0.0165078649539421,5.06791751520017));
#4333=CARTESIAN_POINT('',(-0.0910026319170996,-0.0164921327901908,5.1121697287021));
#4334=CARTESIAN_POINT('',(0.0308139484477347,-0.0861301971621273,5.11216972870233));
#4335=CARTESIAN_POINT('',(0.0308139484477348,-0.0861301971621278,5.06791751520029));
#4336=CARTESIAN_POINT('',(0.0665288522540458,-0.0636619702830432,5.06791751520029));
#4337=CARTESIAN_POINT('',(0.0665288522540458,-0.0636619702830432,5.11216972870233));
#4338=CARTESIAN_POINT('',(0.050335363386484,-0.0776153209104162,5.11216972870233));
#4339=CARTESIAN_POINT('',(0.059472650416753,0.0702581417967126,5.1121697287021));
#4340=CARTESIAN_POINT('',(0.059472650416753,0.0702581417967125,5.06791751520017));
#4341=CARTESIAN_POINT('',(0.0215139025421225,0.0886939889656297,5.06791751520017));
#4342=CARTESIAN_POINT('',(0.0215139025421225,0.0886939889656297,5.1121697287021));
#4343=CARTESIAN_POINT('',(0.0367316088898875,0.084900886675749,5.1121697287021));
#4344=CARTESIAN_POINT('',(0.0910303318566914,-0.0165078643826959,5.13391752006391));
#4345=CARTESIAN_POINT('',(0.0910303318566914,-0.0165078643826959,5.11541752282957));
#4346=CARTESIAN_POINT('',(0.0798050892828,-0.0165068942784994,5.13441751679758));
#4347=CARTESIAN_POINT('',(0.0798050892827998,-0.0165068942784994,5.17318330101351));
#4348=CARTESIAN_POINT('',(0.0910331837715663,0.016492133361437,5.13391752006391));
#4349=CARTESIAN_POINT('',(0.0910331837715663,0.016492133361437,5.11541752282957));
#4350=CARTESIAN_POINT('',(0.0806457267724528,0.0164930310628062,5.13391752006391));
#4351=CARTESIAN_POINT('',(0.0806457267724525,0.0164930310628062,5.17318330101351));
#4352=CARTESIAN_POINT('',(0.0820174898100756,-0.0069947834287305,5.17318330101351));
#4353=CARTESIAN_POINT('',(-0.0909997800022229,0.0165078649539421,5.13391752006391));
#4354=CARTESIAN_POINT('',(-0.0909997800022229,0.0165078649539421,5.11541752282957));
#4355=CARTESIAN_POINT('',(-0.0790352603725008,0.0165068309601883,5.17318330101351));
#4356=CARTESIAN_POINT('',(-0.0790352603725006,0.0165068309601883,5.13441751679758));
#4357=CARTESIAN_POINT('',(-0.0790056591221027,-0.016493169588601,5.13441751679758));
#4358=CARTESIAN_POINT('',(-0.079005659122103,-0.016493169588601,5.17318330101351));
#4359=CARTESIAN_POINT('',(-0.0910026319170996,-0.0164921327901908,5.13391752006391));
#4360=CARTESIAN_POINT('',(-0.0910026319170996,-0.0164921327901908,5.11541752282957));
#4361=CARTESIAN_POINT('',(-0.0822670180135851,-0.00170707483354704,5.17318330101351));
#4362=CARTESIAN_POINT('',(-0.10674907617131,0.0165092260343993,5.17318330101351));
#4363=CARTESIAN_POINT('',(-0.0790352603725008,0.0165068309601883,5.17318330101351));
#4364=CARTESIAN_POINT('',(-0.10674907617131,0.0165092260343993,5.11541752282957));
#4365=CARTESIAN_POINT('',(-0.0909997800022229,0.0165078649539421,5.11541752282957));
#4366=CARTESIAN_POINT('',(-0.10674907617131,0.0165092260343993,5.17318330101351));
#4367=CARTESIAN_POINT('',(-0.10674907617131,0.0165092260343993,5.11541752282957));
#4368=CARTESIAN_POINT('',(-0.106752643901106,-0.0164907716478717,5.17318330101351));
#4369=CARTESIAN_POINT('',(-0.106752643901106,-0.0164907716478717,5.11541752282957));
#4370=CARTESIAN_POINT('',(-0.106752643901106,-0.0164907716478717,5.17318330101351));
#4371=CARTESIAN_POINT('',(-0.10674907617131,0.0165092260343993,5.17318330101351));
#4372=CARTESIAN_POINT('',(-0.106752643901106,-0.0164907716478717,5.11541752282957));
#4373=CARTESIAN_POINT('',(-0.10674907617131,0.0165092260343993,5.11541752282957));
#4374=CARTESIAN_POINT('',(0.106777507597681,-0.0165092252799004,5.17318330101351));
#4375=CARTESIAN_POINT('',(0.0798050892827998,-0.0165068942784994,5.17318330101351));
#4376=CARTESIAN_POINT('',(0.106777507597681,-0.0165092252799004,5.11541752282957));
#4377=CARTESIAN_POINT('',(0.0910303318566914,-0.0165078643826959,5.11541752282957));
#4378=CARTESIAN_POINT('',(0.106777507597681,-0.0165092252799004,5.17318330101351));
#4379=CARTESIAN_POINT('',(0.106777507597681,-0.0165092252799004,5.11541752282957));
#4380=CARTESIAN_POINT('',(0.106782478755563,0.016490772281084,5.17318330101351));
#4381=CARTESIAN_POINT('',(0.106782478755563,0.016490772281084,5.11541752282957));
#4382=CARTESIAN_POINT('',(0.106782478755563,0.016490772281084,5.17318330101351));
#4383=CARTESIAN_POINT('',(0.106777507597681,-0.0165092252799004,5.17318330101351));
#4384=CARTESIAN_POINT('',(0.106782478755563,0.016490772281084,5.11541752282957));
#4385=CARTESIAN_POINT('',(0.106777507597681,-0.0165092252799004,5.11541752282957));
#4386=CARTESIAN_POINT('',(0.0780642277335275,0.106677671600615,5.1121697287021));
#4387=CARTESIAN_POINT('',(0.059472650416753,0.0702581417967126,5.1121697287021));
#4388=CARTESIAN_POINT('',(0.0780642277335275,0.106677671600615,5.06791751520017));
#4389=CARTESIAN_POINT('',(0.059472650416753,0.0702581417967125,5.06791751520017));
#4390=CARTESIAN_POINT('',(0.0780642277335275,0.106677671600615,5.1121697287021));
#4391=CARTESIAN_POINT('',(0.0780642277335275,0.106677671600615,5.06791751520017));
#4392=CARTESIAN_POINT('',(0.0404867352658087,0.12586037001396,5.1121697287021));
#4393=CARTESIAN_POINT('',(0.0404867352658087,0.12586037001396,5.06791751520017));
#4394=CARTESIAN_POINT('',(0.0404867352658087,0.12586037001396,5.1121697287021));
#4395=CARTESIAN_POINT('',(0.0780642277335275,0.106677671600615,5.1121697287021));
#4396=CARTESIAN_POINT('',(0.0404867352658087,0.12586037001396,5.06791751520017));
#4397=CARTESIAN_POINT('',(0.0780642277335275,0.106677671600615,5.06791751520017));
#4398=CARTESIAN_POINT('',(0.0533763741532383,-0.120931208367939,5.0679175152004));
#4399=CARTESIAN_POINT('',(0.0533763741532383,-0.120931208367939,5.11216972870233));
#4400=CARTESIAN_POINT('',(0.0533763741532383,-0.120931208367939,5.0679175152004));
#4401=CARTESIAN_POINT('',(0.0887778250156358,-0.0979795015848752,5.0679175152004));
#4402=CARTESIAN_POINT('',(0.0887778250156358,-0.0979795015848752,5.0679175152004));
#4403=CARTESIAN_POINT('',(0.0887778250156358,-0.0979795015848752,5.11216972870233));
#4404=CARTESIAN_POINT('',(0.0533763741532383,-0.120931208367939,5.11216972870233));
#4405=CARTESIAN_POINT('',(0.0887778250156358,-0.0979795015848752,5.11216972870233));
#4406=CARTESIAN_POINT('',(0.0887778250156358,-0.0979795015848752,5.0679175152004));
#4407=CARTESIAN_POINT('',(0.0665288522540458,-0.0636619702830432,5.06791751520029));
#4408=CARTESIAN_POINT('',(0.0887778250156358,-0.0979795015848752,5.11216972870233));
#4409=CARTESIAN_POINT('',(0.0665288522540458,-0.0636619702830432,5.11216972870233));
#4410=CARTESIAN_POINT('',(-0.131394774105063,0.014253537624194,5.06791751520017));
#4411=CARTESIAN_POINT('',(-0.12921873508005,-0.0278808724783506,5.06791751520017));
#4412=CARTESIAN_POINT('',(-0.12921873508005,-0.0278808724783506,5.06791751520017));
#4413=CARTESIAN_POINT('',(-0.12921873508005,-0.0278808724783506,5.1121697287021));
#4414=CARTESIAN_POINT('',(-0.131394774105063,0.014253537624194,5.1121697287021));
#4415=CARTESIAN_POINT('',(-0.12921873508005,-0.0278808724783506,5.1121697287021));
#4416=CARTESIAN_POINT('',(-0.131394774105063,0.014253537624194,5.06791751520017));
#4417=CARTESIAN_POINT('',(-0.131394774105063,0.014253537624194,5.1121697287021));
#4418=CARTESIAN_POINT('',(-0.12921873508005,-0.0278808724783506,5.06791751520017));
#4419=CARTESIAN_POINT('',(-0.0876997474869832,-0.0257366170571482,5.06791751520017));
#4420=CARTESIAN_POINT('',(-0.12921873508005,-0.0278808724783506,5.1121697287021));
#4421=CARTESIAN_POINT('',(-0.0876997474869832,-0.0257366170571482,5.1121697287021));
#4422=CARTESIAN_POINT('',(-0.0909997800022229,0.0165078649539421,5.13391752006391));
#4423=CARTESIAN_POINT('',(-0.0832163465225104,0.0403577481136193,5.13391752006391));
#4424=CARTESIAN_POINT('',(-0.0832163465225104,0.0403577481136193,5.13391752006391));
#4425=CARTESIAN_POINT('',(-0.0832163465225104,0.0403577481136193,5.06791751520017));
#4426=CARTESIAN_POINT('',(-0.0909997800022229,0.0165078649539421,5.06791751520017));
#4427=CARTESIAN_POINT('',(-0.0832163465225104,0.0403577481136193,5.06791751520017));
#4428=CARTESIAN_POINT('',(-0.0832163465225104,0.0403577481136193,5.13391752006391));
#4429=CARTESIAN_POINT('',(-0.0693103782989564,0.0612389038276344,5.13391752006391));
#4430=CARTESIAN_POINT('',(-0.0693103782989564,0.0612389038276344,5.13391752006391));
#4431=CARTESIAN_POINT('',(-0.0693103782989564,0.0612389038276344,5.06791751520017));
#4432=CARTESIAN_POINT('',(-0.0832163465225104,0.0403577481136193,5.06791751520017));
#4433=CARTESIAN_POINT('',(-0.0693103782989564,0.0612389038276344,5.06791751520017));
#4434=CARTESIAN_POINT('',(-0.0693103782989564,0.0612389038276344,5.13391752006391));
#4435=CARTESIAN_POINT('',(-0.0503048115320155,0.0776153214816642,5.13391752006391));
#4436=CARTESIAN_POINT('',(-0.0503048115320155,0.0776153214816642,5.13391752006391));
#4437=CARTESIAN_POINT('',(-0.0503048115320155,0.0776153214816642,5.06791751520017));
#4438=CARTESIAN_POINT('',(-0.0693103782989564,0.0612389038276344,5.06791751520017));
#4439=CARTESIAN_POINT('',(-0.0503048115320155,0.0776153214816642,5.06791751520017));
#4440=CARTESIAN_POINT('',(-0.0503048115320155,0.0776153214816642,5.13391752006391));
#4441=CARTESIAN_POINT('',(-0.0226371743888691,0.0896834275687652,5.13391752006391));
#4442=CARTESIAN_POINT('',(-0.0226371743888691,0.0896834275687652,5.13391752006391));
#4443=CARTESIAN_POINT('',(-0.0226371743888691,0.0896834275687652,5.06791751520017));
#4444=CARTESIAN_POINT('',(-0.0503048115320155,0.0776153214816642,5.06791751520017));
#4445=CARTESIAN_POINT('',(-0.0226371743888691,0.0896834275687652,5.06791751520017));
#4446=CARTESIAN_POINT('',(-0.0226371743888691,0.0896834275687652,5.13391752006391));
#4447=CARTESIAN_POINT('',(0.00744268472632825,0.0922013222850389,5.13391752006391));
#4448=CARTESIAN_POINT('',(0.00744268472632825,0.0922013222850389,5.13391752006391));
#4449=CARTESIAN_POINT('',(0.00744268472632825,0.0922013222850389,5.06791751520017));
#4450=CARTESIAN_POINT('',(-0.0226371743888691,0.0896834275687652,5.06791751520017));
#4451=CARTESIAN_POINT('',(0.00744268472632825,0.0922013222850389,5.06791751520017));
#4452=CARTESIAN_POINT('',(0.00744268472632825,0.0922013222850389,5.13391752006391));
#4453=CARTESIAN_POINT('',(0.0367316088898875,0.084900886675749,5.13391752006391));
#4454=CARTESIAN_POINT('',(0.0367316088898875,0.084900886675749,5.13391752006391));
#4455=CARTESIAN_POINT('',(0.0367316088898875,0.084900886675749,5.1121697287021));
#4456=CARTESIAN_POINT('',(0.00744268472632825,0.0922013222850389,5.06791751520017));
#4457=CARTESIAN_POINT('',(0.0215139025421225,0.0886939889656297,5.06791751520017));
#4458=CARTESIAN_POINT('',(0.0367316088898875,0.084900886675749,5.13391752006391));
#4459=CARTESIAN_POINT('',(0.0621106882363858,0.0685595338095411,5.13391752006391));
#4460=CARTESIAN_POINT('',(0.0621106882363858,0.0685595338095411,5.13391752006391));
#4461=CARTESIAN_POINT('',(0.0621106882363858,0.0685595338095411,5.06791751520017));
#4462=CARTESIAN_POINT('',(0.0621106882363858,0.0685595338095411,5.13391752006391));
#4463=CARTESIAN_POINT('',(0.0808773526734115,0.0449174151995546,5.13391752006391));
#4464=CARTESIAN_POINT('',(0.0808773526734115,0.0449174151995546,5.13391752006391));
#4465=CARTESIAN_POINT('',(0.0808773526734115,0.0449174151995546,5.06791751520017));
#4466=CARTESIAN_POINT('',(0.0621106882363858,0.0685595338095411,5.06791751520017));
#4467=CARTESIAN_POINT('',(0.0808773526734115,0.0449174151995546,5.06791751520017));
#4468=CARTESIAN_POINT('',(0.0808773526734115,0.0449174151995546,5.13391752006391));
#4469=CARTESIAN_POINT('',(0.0910331837715663,0.016492133361437,5.13391752006391));
#4470=CARTESIAN_POINT('',(0.0808773526734115,0.0449174151995546,5.06791751520017));
#4471=CARTESIAN_POINT('',(0.0910331837715663,0.016492133361437,5.06791751520017));
#4472=CARTESIAN_POINT('',(0.0910331837715663,0.016492133361437,5.06791751520017));
#4473=CARTESIAN_POINT('',(0.0910303318566914,-0.0165078643826959,5.06791751520017));
#4474=CARTESIAN_POINT('',(0.0910303318566914,-0.0165078643826959,5.13391752006391));
#4475=CARTESIAN_POINT('',(0.083246898376979,-0.0403577475423713,5.13391752006391));
#4476=CARTESIAN_POINT('',(0.083246898376979,-0.0403577475423713,5.13391752006391));
#4477=CARTESIAN_POINT('',(0.083246898376979,-0.0403577475423713,5.06791751520017));
#4478=CARTESIAN_POINT('',(0.0910303318566914,-0.0165078643826959,5.06791751520017));
#4479=CARTESIAN_POINT('',(0.083246898376979,-0.0403577475423713,5.06791751520017));
#4480=CARTESIAN_POINT('',(0.083246898376979,-0.0403577475423713,5.13391752006391));
#4481=CARTESIAN_POINT('',(0.0693409301534249,-0.0612389032563865,5.13391752006391));
#4482=CARTESIAN_POINT('',(0.0693409301534249,-0.0612389032563865,5.13391752006391));
#4483=CARTESIAN_POINT('',(0.0693409301534249,-0.0612389032563865,5.06791751520017));
#4484=CARTESIAN_POINT('',(0.083246898376979,-0.0403577475423713,5.06791751520017));
#4485=CARTESIAN_POINT('',(0.0693409301534249,-0.0612389032563865,5.06791751520017));
#4486=CARTESIAN_POINT('',(0.0693409301534249,-0.0612389032563865,5.13391752006391));
#4487=CARTESIAN_POINT('',(0.050335363386484,-0.0776153209104162,5.13391752006391));
#4488=CARTESIAN_POINT('',(0.050335363386484,-0.0776153209104162,5.13391752006391));
#4489=CARTESIAN_POINT('',(0.050335363386484,-0.0776153209104162,5.11216972870233));
#4490=CARTESIAN_POINT('',(0.0693409301534249,-0.0612389032563865,5.06791751520017));
#4491=CARTESIAN_POINT('',(0.0665288522540458,-0.0636619702830432,5.06791751520029));
#4492=CARTESIAN_POINT('',(0.050335363386484,-0.0776153209104162,5.13391752006391));
#4493=CARTESIAN_POINT('',(0.0226677262433377,-0.0896834269975173,5.13391752006391));
#4494=CARTESIAN_POINT('',(0.0226677262433377,-0.0896834269975173,5.13391752006391));
#4495=CARTESIAN_POINT('',(0.0226677262433377,-0.0896834269975173,5.06791751520017));
#4496=CARTESIAN_POINT('',(0.0226677262433377,-0.0896834269975173,5.13391752006391));
#4497=CARTESIAN_POINT('',(-0.00741213287185971,-0.0922013217137927,5.13391752006391));
#4498=CARTESIAN_POINT('',(-0.00741213287185971,-0.0922013217137927,5.13391752006391));
#4499=CARTESIAN_POINT('',(-0.00741213287185971,-0.0922013217137927,5.06791751520017));
#4500=CARTESIAN_POINT('',(0.0226677262433377,-0.0896834269975173,5.06791751520017));
#4501=CARTESIAN_POINT('',(-0.00741213287185971,-0.0922013217137927,5.06791751520017));
#4502=CARTESIAN_POINT('',(-0.00741213287185971,-0.0922013217137927,5.13391752006391));
#4503=CARTESIAN_POINT('',(-0.0367010570354207,-0.0849008861045011,5.13391752006391));
#4504=CARTESIAN_POINT('',(-0.0367010570354207,-0.0849008861045011,5.13391752006391));
#4505=CARTESIAN_POINT('',(-0.0367010570354207,-0.0849008861045011,5.06791751520017));
#4506=CARTESIAN_POINT('',(-0.00741213287185971,-0.0922013217137927,5.06791751520017));
#4507=CARTESIAN_POINT('',(-0.0367010570354207,-0.0849008861045011,5.06791751520017));
#4508=CARTESIAN_POINT('',(-0.0367010570354207,-0.0849008861045011,5.13391752006391));
#4509=CARTESIAN_POINT('',(-0.062080136381919,-0.0685595332382931,5.13391752006391));
#4510=CARTESIAN_POINT('',(-0.062080136381919,-0.0685595332382931,5.13391752006391));
#4511=CARTESIAN_POINT('',(-0.062080136381919,-0.0685595332382931,5.06791751520017));
#4512=CARTESIAN_POINT('',(-0.0367010570354207,-0.0849008861045011,5.06791751520017));
#4513=CARTESIAN_POINT('',(-0.062080136381919,-0.0685595332382931,5.06791751520017));
#4514=CARTESIAN_POINT('',(-0.062080136381919,-0.0685595332382931,5.13391752006391));
#4515=CARTESIAN_POINT('',(-0.0808468008189429,-0.0449174146283084,5.13391752006391));
#4516=CARTESIAN_POINT('',(-0.0808468008189429,-0.0449174146283084,5.13391752006391));
#4517=CARTESIAN_POINT('',(-0.0808468008189429,-0.0449174146283084,5.06791751520017));
#4518=CARTESIAN_POINT('',(-0.062080136381919,-0.0685595332382931,5.06791751520017));
#4519=CARTESIAN_POINT('',(-0.0808468008189429,-0.0449174146283084,5.06791751520017));
#4520=CARTESIAN_POINT('',(-0.0808468008189429,-0.0449174146283084,5.13391752006391));
#4521=CARTESIAN_POINT('',(-0.0910026319170996,-0.0164921327901908,5.13391752006391));
#4522=CARTESIAN_POINT('',(-0.0808468008189429,-0.0449174146283084,5.06791751520017));
#4523=CARTESIAN_POINT('',(-0.0876997474869832,-0.0257366170571482,5.06791751520017));
#4524=CARTESIAN_POINT('',(0.0488570839968467,0.0662402230304142,5.17941751804928));
#4525=CARTESIAN_POINT('',(0.069365563883462,0.0443150920354167,5.17941751804928));
#4526=CARTESIAN_POINT('',(0.069365563883462,0.0443150920354167,5.17941751804928));
#4527=CARTESIAN_POINT('',(0.0693655638834624,0.0443150920354172,5.13441751679758));
#4528=CARTESIAN_POINT('',(0.0488570839968471,0.0662402230304147,5.13441751679758));
#4529=CARTESIAN_POINT('',(0.0693655638834624,0.0443150920354172,5.13441751679758));
#4530=CARTESIAN_POINT('',(0.0488570839968467,0.0662402230304142,5.17941751804928));
#4531=CARTESIAN_POINT('',(0.0488570839968471,0.0662402230304147,5.13441751679758));
#4532=CARTESIAN_POINT('',(0.069365563883462,0.0443150920354167,5.17941751804928));
#4533=CARTESIAN_POINT('',(0.0806457267724525,0.0164930310628063,5.17941751804928));
#4534=CARTESIAN_POINT('',(0.0806457267724525,0.0164930310628063,5.17941751804928));
#4535=CARTESIAN_POINT('',(0.0806457267724525,0.0164930310628062,5.17318330101351));
#4536=CARTESIAN_POINT('',(0.0693655638834624,0.0443150920354172,5.13441751679758));
#4537=CARTESIAN_POINT('',(0.0806457267724528,0.0164930310628062,5.13391752006391));
#4538=CARTESIAN_POINT('',(0.0806457267724525,0.0164930310628063,5.17941751804928));
#4539=CARTESIAN_POINT('',(0.080988666729029,0.0106210782428882,5.17941751804928));
#4540=CARTESIAN_POINT('',(0.0813316098969192,0.00474912221110391,5.17941751804928));
#4541=CARTESIAN_POINT('',(0.0820174898100756,-0.0069947834287305,5.17941751804928));
#4542=CARTESIAN_POINT('',(0.0820174898100756,-0.0069947834287305,5.17941751804928));
#4543=CARTESIAN_POINT('',(0.0820174898100756,-0.0069947834287305,5.17318330101351));
#4544=CARTESIAN_POINT('',(0.0820174898100756,-0.0069947834287305,5.17941751804928));
#4545=CARTESIAN_POINT('',(0.0806849877989073,-0.0127238234381417,5.17941751804928));
#4546=CARTESIAN_POINT('',(0.0793524793645587,-0.0184528634469991,5.17941751804928));
#4547=CARTESIAN_POINT('',(0.0766874721309119,-0.0299109402539539,5.17941751804928));
#4548=CARTESIAN_POINT('',(0.0766874721309119,-0.0299109402539539,5.17941751804928));
#4549=CARTESIAN_POINT('',(0.0766874721309122,-0.0299109402539535,5.13441751679758));
#4550=CARTESIAN_POINT('',(0.0766874721309119,-0.0299109402539539,5.17941751804928));
#4551=CARTESIAN_POINT('',(0.0594047307982564,-0.0569752871698981,5.17941751804928));
#4552=CARTESIAN_POINT('',(0.0594047307982564,-0.0569752871698981,5.17941751804928));
#4553=CARTESIAN_POINT('',(0.0594047307982567,-0.0569752871698976,5.13441751679758));
#4554=CARTESIAN_POINT('',(0.0766874721309122,-0.0299109402539535,5.13441751679758));
#4555=CARTESIAN_POINT('',(0.0594047307982567,-0.0569752871698976,5.13441751679758));
#4556=CARTESIAN_POINT('',(0.0594047307982564,-0.0569752871698981,5.17941751804928));
#4557=CARTESIAN_POINT('',(0.0462426006873749,-0.0661704691192426,5.17941751804928));
#4558=CARTESIAN_POINT('',(0.033080477099487,-0.0753656573919681,5.17941751804928));
#4559=CARTESIAN_POINT('',(0.033080477099487,-0.0753656573919681,5.17941751804928));
#4560=CARTESIAN_POINT('',(0.0330804770994873,-0.0753656573919677,5.13441751679758));
#4561=CARTESIAN_POINT('',(0.0594047307982567,-0.0569752871698976,5.13441751679758));
#4562=CARTESIAN_POINT('',(0.0462426006873752,-0.0661704691192422,5.13441751679758));
#4563=CARTESIAN_POINT('',(0.0330804770994873,-0.0753656573919677,5.13441751679758));
#4564=CARTESIAN_POINT('',(0.033080477099487,-0.0753656573919681,5.17941751804928));
#4565=CARTESIAN_POINT('',(0.0174014132699777,-0.0788239763264098,5.17941751804928));
#4566=CARTESIAN_POINT('',(0.00172235104640346,-0.0822822936551955,5.17941751804928));
#4567=CARTESIAN_POINT('',(0.00172235104640346,-0.0822822936551955,5.17941751804928));
#4568=CARTESIAN_POINT('',(0.00172235104640379,-0.082282293655195,5.13441751679758));
#4569=CARTESIAN_POINT('',(0.0330804770994873,-0.0753656573919677,5.13441751679758));
#4570=CARTESIAN_POINT('',(0.0174014132699781,-0.0788239763264094,5.13441751679758));
#4571=CARTESIAN_POINT('',(0.00172235104640379,-0.082282293655195,5.13441751679758));
#4572=CARTESIAN_POINT('',(0.00172235104640346,-0.0822822936551955,5.17941751804928));
#4573=CARTESIAN_POINT('',(-0.0140866599945593,-0.0794772447863465,5.17941751804928));
#4574=CARTESIAN_POINT('',(-0.0298956646123437,-0.0766721959180536,5.17941751804928));
#4575=CARTESIAN_POINT('',(-0.0298956646123437,-0.0766721959180536,5.17941751804928));
#4576=CARTESIAN_POINT('',(-0.0298956646123434,-0.0766721959180532,5.13441751679758));
#4577=CARTESIAN_POINT('',(0.00172235104640379,-0.082282293655195,5.13441751679758));
#4578=CARTESIAN_POINT('',(-0.014086659994559,-0.0794772447863461,5.13441751679758));
#4579=CARTESIAN_POINT('',(-0.0298956646123434,-0.0766721959180532,5.13441751679758));
#4580=CARTESIAN_POINT('',(-0.0298956646123437,-0.0766721959180536,5.17941751804928));
#4581=CARTESIAN_POINT('',(-0.0434278333026921,-0.068030820384573,5.17941751804928));
#4582=CARTESIAN_POINT('',(-0.0569600115282878,-0.0593894545853999,5.17941751804928));
#4583=CARTESIAN_POINT('',(-0.0569600115282878,-0.0593894545853999,5.17941751804928));
#4584=CARTESIAN_POINT('',(-0.0569600115282874,-0.0593894545853995,5.13441751679758));
#4585=CARTESIAN_POINT('',(-0.0298956646123434,-0.0766721959180532,5.13441751679758));
#4586=CARTESIAN_POINT('',(-0.0434278333026918,-0.0680308203845725,5.13441751679758));
#4587=CARTESIAN_POINT('',(-0.0569600115282874,-0.0593894545853995,5.13441751679758));
#4588=CARTESIAN_POINT('',(-0.0569600115282878,-0.0593894545853999,5.17941751804928));
#4589=CARTESIAN_POINT('',(-0.0661551934776324,-0.0462273244745166,5.17941751804928));
#4590=CARTESIAN_POINT('',(-0.0753503817503579,-0.0330652008866288,5.17941751804928));
#4591=CARTESIAN_POINT('',(-0.0753503817503579,-0.0330652008866288,5.17941751804928));
#4592=CARTESIAN_POINT('',(-0.0753503817503575,-0.0330652008866283,5.13441751679758));
#4593=CARTESIAN_POINT('',(-0.0569600115282874,-0.0593894545853995,5.13441751679758));
#4594=CARTESIAN_POINT('',(-0.066155193477632,-0.0462273244745162,5.13441751679758));
#4595=CARTESIAN_POINT('',(-0.0753503817503575,-0.0330652008866283,5.13441751679758));
#4596=CARTESIAN_POINT('',(-0.0753503817503579,-0.0330652008866288,5.17941751804928));
#4597=CARTESIAN_POINT('',(-0.0805378561376032,-0.00954660594561041,5.17941751804928));
#4598=CARTESIAN_POINT('',(-0.0822670180135851,-0.00170707483354682,5.17941751804928));
#4599=CARTESIAN_POINT('',(-0.0822670180135851,-0.00170707483354682,5.17941751804928));
#4600=CARTESIAN_POINT('',(-0.0822670180135851,-0.00170707483354704,5.17318330101351));
#4601=CARTESIAN_POINT('',(-0.0753503817503575,-0.0330652008866283,5.13441751679758));
#4602=CARTESIAN_POINT('',(-0.0790056591221027,-0.016493169588601,5.13441751679758));
#4603=CARTESIAN_POINT('',(-0.0822670180135851,-0.00170707483354682,5.17941751804928));
#4604=CARTESIAN_POINT('',(-0.0808644919735038,0.00619742908100218,5.17941751804928));
#4605=CARTESIAN_POINT('',(-0.0794619691447362,0.0141019362074176,5.17941751804928));
#4606=CARTESIAN_POINT('',(-0.0780594463165231,0.0220064369106528,5.17941751804928));
#4607=CARTESIAN_POINT('',(-0.0766569202764434,0.029910940825202,5.17941751804928));
#4608=CARTESIAN_POINT('',(-0.0766569202764434,0.029910940825202,5.17941751804928));
#4609=CARTESIAN_POINT('',(-0.0766569202764431,0.0299109408252024,5.13441751679758));
#4610=CARTESIAN_POINT('',(-0.0766569202764434,0.029910940825202,5.17941751804928));
#4611=CARTESIAN_POINT('',(-0.0608275660516302,0.0554205587426361,5.17941751804928));
#4612=CARTESIAN_POINT('',(-0.0608275660516302,0.0554205587426361,5.17941751804928));
#4613=CARTESIAN_POINT('',(-0.0608275660516299,0.0554205587426365,5.13441751679758));
#4614=CARTESIAN_POINT('',(-0.0766569202764431,0.0299109408252024,5.13441751679758));
#4615=CARTESIAN_POINT('',(-0.0608275660516299,0.0554205587426365,5.13441751679758));
#4616=CARTESIAN_POINT('',(-0.0608275660516302,0.0554205587426361,5.17941751804928));
#4617=CARTESIAN_POINT('',(-0.0369019678310352,0.07355546831535,5.17941751804928));
#4618=CARTESIAN_POINT('',(-0.0369019678310352,0.07355546831535,5.17941751804928));
#4619=CARTESIAN_POINT('',(-0.0369019678310348,0.0735554683153504,5.13441751679758));
#4620=CARTESIAN_POINT('',(-0.0608275660516299,0.0554205587426365,5.13441751679758));
#4621=CARTESIAN_POINT('',(-0.0369019678310348,0.0735554683153504,5.13441751679758));
#4622=CARTESIAN_POINT('',(-0.0369019678310352,0.07355546831535,5.17941751804928));
#4623=CARTESIAN_POINT('',(-0.00806386397206009,0.0819024898996049,5.17941751804928));
#4624=CARTESIAN_POINT('',(-0.00806386397206009,0.0819024898996049,5.17941751804928));
#4625=CARTESIAN_POINT('',(-0.00806386397205976,0.0819024898996054,5.13441751679758));
#4626=CARTESIAN_POINT('',(-0.0369019678310348,0.0735554683153504,5.13441751679758));
#4627=CARTESIAN_POINT('',(-0.00806386397205976,0.0819024898996054,5.13441751679758));
#4628=CARTESIAN_POINT('',(-0.00806386397206009,0.0819024898996049,5.17941751804928));
#4629=CARTESIAN_POINT('',(0.0218493219261813,0.0793508947778233,5.17941751804928));
#4630=CARTESIAN_POINT('',(0.0218493219261813,0.0793508947778233,5.17941751804928));
#4631=CARTESIAN_POINT('',(0.0218493219261817,0.0793508947778238,5.13441751679758));
#4632=CARTESIAN_POINT('',(-0.00806386397205976,0.0819024898996054,5.13441751679758));
#4633=CARTESIAN_POINT('',(0.0218493219261817,0.0793508947778238,5.13441751679758));
#4634=CARTESIAN_POINT('',(0.0218493219261813,0.0793508947778233,5.17941751804928));
#4635=CARTESIAN_POINT('',(0.0488570839968467,0.0662402230304142,5.17941751804928));
#4636=CARTESIAN_POINT('',(0.0218493219261817,0.0793508947778238,5.13441751679758));
#4637=CARTESIAN_POINT('',(0.0488570839968471,0.0662402230304147,5.13441751679758));
#4638=CARTESIAN_POINT('',(-0.0876997474869832,-0.0257366170571482,5.06791751520017));
#4639=CARTESIAN_POINT('',(-0.0876997474869832,-0.0257366170571482,5.1121697287021));
#4640=CARTESIAN_POINT('',(-0.0876997474869832,-0.0257366170571482,5.1121697287021));
#4641=CARTESIAN_POINT('',(-0.0910026319170996,-0.0164921327901908,5.1121697287021));
#4642=CARTESIAN_POINT('',(-0.0910026319170996,-0.0164921327901908,5.1121697287021));
#4643=CARTESIAN_POINT('',(-0.0909997800022229,0.0165078649539421,5.1121697287021));
#4644=CARTESIAN_POINT('',(-0.0909997800022229,0.0165078649539421,5.06791751520017));
#4645=CARTESIAN_POINT('',(-0.131394774105063,0.014253537624194,5.06791751520017));
#4646=CARTESIAN_POINT('',(-0.0909997800022229,0.0165078649539421,5.1121697287021));
#4647=CARTESIAN_POINT('',(-0.131394774105063,0.014253537624194,5.1121697287021));
#4648=CARTESIAN_POINT('',(-0.0909997800022229,0.0165078649539421,5.1121697287021));
#4649=CARTESIAN_POINT('',(-0.0909997800022229,0.0165078649539421,5.06791751520017));
#4650=CARTESIAN_POINT('',(0.0308139484477347,-0.0861301971621273,5.11216972870233));
#4651=CARTESIAN_POINT('',(0.0308139484477348,-0.0861301971621278,5.06791751520029));
#4652=CARTESIAN_POINT('',(0.0665288522540458,-0.0636619702830432,5.06791751520029));
#4653=CARTESIAN_POINT('',(0.0665288522540458,-0.0636619702830432,5.11216972870233));
#4654=CARTESIAN_POINT('',(0.0665288522540458,-0.0636619702830432,5.11216972870233));
#4655=CARTESIAN_POINT('',(0.050335363386484,-0.0776153209104162,5.11216972870233));
#4656=CARTESIAN_POINT('',(0.050335363386484,-0.0776153209104162,5.11216972870233));
#4657=CARTESIAN_POINT('',(0.0308139484477347,-0.0861301971621273,5.11216972870233));
#4658=CARTESIAN_POINT('',(0.0308139484477348,-0.0861301971621278,5.06791751520029));
#4659=CARTESIAN_POINT('',(0.0533763741532383,-0.120931208367939,5.0679175152004));
#4660=CARTESIAN_POINT('',(0.0308139484477347,-0.0861301971621273,5.11216972870233));
#4661=CARTESIAN_POINT('',(0.0533763741532383,-0.120931208367939,5.11216972870233));
#4662=CARTESIAN_POINT('',(0.0308139484477348,-0.0861301971621278,5.06791751520029));
#4663=CARTESIAN_POINT('',(0.0226677262433377,-0.0896834269975173,5.06791751520017));
#4664=CARTESIAN_POINT('',(0.059472650416753,0.0702581417967126,5.1121697287021));
#4665=CARTESIAN_POINT('',(0.059472650416753,0.0702581417967125,5.06791751520017));
#4666=CARTESIAN_POINT('',(0.0215139025421225,0.0886939889656297,5.06791751520017));
#4667=CARTESIAN_POINT('',(0.0215139025421225,0.0886939889656297,5.1121697287021));
#4668=CARTESIAN_POINT('',(0.0367316088898875,0.084900886675749,5.1121697287021));
#4669=CARTESIAN_POINT('',(0.0215139025421225,0.0886939889656297,5.1121697287021));
#4670=CARTESIAN_POINT('',(0.059472650416753,0.0702581417967126,5.1121697287021));
#4671=CARTESIAN_POINT('',(0.0367316088898875,0.084900886675749,5.1121697287021));
#4672=CARTESIAN_POINT('',(0.0215139025421225,0.0886939889656297,5.1121697287021));
#4673=CARTESIAN_POINT('',(0.0404867352658087,0.12586037001396,5.1121697287021));
#4674=CARTESIAN_POINT('',(0.0215139025421225,0.0886939889656297,5.06791751520017));
#4675=CARTESIAN_POINT('',(0.0404867352658087,0.12586037001396,5.06791751520017));
#4676=CARTESIAN_POINT('',(0.059472650416753,0.0702581417967125,5.06791751520017));
#4677=CARTESIAN_POINT('',(0.0621106882363858,0.0685595338095411,5.06791751520017));
#4678=CARTESIAN_POINT('',(0.0910303318566914,-0.0165078643826959,5.13391752006391));
#4679=CARTESIAN_POINT('',(0.0910303318566914,-0.0165078643826959,5.11541752282957));
#4680=CARTESIAN_POINT('',(0.0910303318566914,-0.0165078643826959,5.13391752006391));
#4681=CARTESIAN_POINT('',(0.0798050892828,-0.0165068942784994,5.13441751679758));
#4682=CARTESIAN_POINT('',(0.0798050892827998,-0.0165068942784994,5.17318330101351));
#4683=CARTESIAN_POINT('',(0.0798050892828,-0.0165068942784994,5.13441751679758));
#4684=CARTESIAN_POINT('',(0.0910331837715663,0.016492133361437,5.13391752006391));
#4685=CARTESIAN_POINT('',(0.0910331837715663,0.016492133361437,5.11541752282957));
#4686=CARTESIAN_POINT('',(0.0806457267724528,0.0164930310628062,5.13391752006391));
#4687=CARTESIAN_POINT('',(0.0910331837715663,0.016492133361437,5.13391752006391));
#4688=CARTESIAN_POINT('',(0.0820174898100756,-0.0069947834287305,5.17318330101351));
#4689=CARTESIAN_POINT('',(0.0813316098969192,0.00474912221110391,5.1731833010135));
#4690=CARTESIAN_POINT('',(0.080988666729029,0.0106210782428882,5.17318330101351));
#4691=CARTESIAN_POINT('',(0.0806457267724525,0.0164930310628062,5.17318330101351));
#4692=CARTESIAN_POINT('',(0.0798050892827998,-0.0165068942784994,5.17318330101351));
#4693=CARTESIAN_POINT('',(0.0806849877989074,-0.0127238234381417,5.17318330101351));
#4694=CARTESIAN_POINT('',(0.0820174898100756,-0.0069947834287305,5.17318330101351));
#4695=CARTESIAN_POINT('',(0.0910303318566914,-0.0165078643826959,5.11541752282957));
#4696=CARTESIAN_POINT('',(0.0910331837715663,0.016492133361437,5.11541752282957));
#4697=CARTESIAN_POINT('',(0.0806457267724525,0.0164930310628062,5.17318330101351));
#4698=CARTESIAN_POINT('',(0.106782478755563,0.016490772281084,5.17318330101351));
#4699=CARTESIAN_POINT('',(0.0910331837715663,0.016492133361437,5.11541752282957));
#4700=CARTESIAN_POINT('',(0.106782478755563,0.016490772281084,5.11541752282957));
#4701=CARTESIAN_POINT('',(0.0910331837715663,0.016492133361437,5.11541752282957));
#4702=CARTESIAN_POINT('',(0.0910331837715663,0.016492133361437,5.06791751520017));
#4703=CARTESIAN_POINT('',(0.0910303318566914,-0.0165078643826959,5.11541752282957));
#4704=CARTESIAN_POINT('',(0.0910303318566914,-0.0165078643826959,5.06791751520017));
#4705=CARTESIAN_POINT('',(0.0806457267724525,0.0164930310628062,5.17318330101351));
#4706=CARTESIAN_POINT('',(0.0806457267724528,0.0164930310628062,5.13391752006391));
#4707=CARTESIAN_POINT('',(0.0798050892828,-0.0165068942784994,5.13441751679758));
#4708=CARTESIAN_POINT('',(0.0793524793645591,-0.0184528634469989,5.13441751679758));
#4709=CARTESIAN_POINT('',(0.0766874721309122,-0.0299109402539535,5.13441751679758));
#4710=CARTESIAN_POINT('',(-0.0909997800022229,0.0165078649539421,5.13391752006391));
#4711=CARTESIAN_POINT('',(-0.0909997800022229,0.0165078649539421,5.11541752282957));
#4712=CARTESIAN_POINT('',(-0.0790352603725008,0.0165068309601883,5.17318330101351));
#4713=CARTESIAN_POINT('',(-0.0790352603725006,0.0165068309601883,5.13441751679758));
#4714=CARTESIAN_POINT('',(-0.0909997800022229,0.0165078649539421,5.13391752006391));
#4715=CARTESIAN_POINT('',(-0.0790352603725006,0.0165068309601883,5.13441751679758));
#4716=CARTESIAN_POINT('',(-0.0790056591221027,-0.016493169588601,5.13441751679758));
#4717=CARTESIAN_POINT('',(-0.079005659122103,-0.016493169588601,5.17318330101351));
#4718=CARTESIAN_POINT('',(-0.0910026319170996,-0.0164921327901908,5.13391752006391));
#4719=CARTESIAN_POINT('',(-0.0910026319170996,-0.0164921327901908,5.11541752282957));
#4720=CARTESIAN_POINT('',(-0.0790056591221027,-0.016493169588601,5.13441751679758));
#4721=CARTESIAN_POINT('',(-0.0910026319170996,-0.0164921327901908,5.13391752006391));
#4722=CARTESIAN_POINT('',(-0.0822670180135851,-0.00170707483354704,5.17318330101351));
#4723=CARTESIAN_POINT('',(-0.0805378561376031,-0.00954660594561041,5.17318330101351));
#4724=CARTESIAN_POINT('',(-0.079005659122103,-0.016493169588601,5.17318330101351));
#4725=CARTESIAN_POINT('',(-0.0790352603725008,0.0165068309601883,5.17318330101351));
#4726=CARTESIAN_POINT('',(-0.0794619691447361,0.0141019362074175,5.17318330101351));
#4727=CARTESIAN_POINT('',(-0.0808644919735038,0.00619742908100218,5.17318330101351));
#4728=CARTESIAN_POINT('',(-0.0822670180135851,-0.00170707483354704,5.17318330101351));
#4729=CARTESIAN_POINT('',(-0.0909997800022229,0.0165078649539421,5.11541752282957));
#4730=CARTESIAN_POINT('',(-0.0910026319170996,-0.0164921327901908,5.11541752282957));
#4731=CARTESIAN_POINT('',(-0.079005659122103,-0.016493169588601,5.17318330101351));
#4732=CARTESIAN_POINT('',(-0.106752643901106,-0.0164907716478717,5.17318330101351));
#4733=CARTESIAN_POINT('',(-0.0910026319170996,-0.0164921327901908,5.11541752282957));
#4734=CARTESIAN_POINT('',(-0.106752643901106,-0.0164907716478717,5.11541752282957));
#4735=CARTESIAN_POINT('',(-0.0909997800022229,0.0165078649539421,5.11541752282957));
#4736=CARTESIAN_POINT('',(-0.0909997800022229,0.0165078649539421,5.1121697287021));
#4737=CARTESIAN_POINT('',(-0.0910026319170996,-0.0164921327901908,5.11541752282957));
#4738=CARTESIAN_POINT('',(-0.0910026319170996,-0.0164921327901908,5.1121697287021));
#4739=CARTESIAN_POINT('',(-0.0790352603725006,0.0165068309601883,5.13441751679758));
#4740=CARTESIAN_POINT('',(-0.0780594463165228,0.0220064369106533,5.13441751679758));
#4741=CARTESIAN_POINT('',(-0.0766569202764431,0.0299109408252024,5.13441751679758));
#4742=CARTESIAN_POINT('',(0.,0.,0.));
ENDSEC;
END-ISO-10303-21;
