ISO-10303-21;
HEADER;
/* Generated by software containing ST-Developer
 * from STEP Tools, Inc. (www.steptools.com) 
 */
/* OPTION: using custom schema-name function */

FILE_DESCRIPTION(
/* description */ (''),
/* implementation_level */ '2;1');

FILE_NAME(
/* name */ 'schoring_body_start_0',
/* time_stamp */ '2026-04-21T09:35:41+02:00',
/* author */ (''),
/* organization */ (''),
/* preprocessor_version */ 'ST-DEVELOPER v19.2',
/* originating_system */ 'Rhino 8.30',
/* authorisation */ '');

FILE_SCHEMA (('CONFIG_CONTROL_DESIGN'));
ENDSEC;

DATA;
#10=SHAPE_REPRESENTATION_RELATIONSHIP('','',#1494,#51);
#11=(
BOUNDED_CURVE()
B_SPLINE_CURVE(3,(#2705,#2706,#2707,#2708),.UNSPECIFIED.,.F.,.F.)
B_SPLINE_CURVE_WITH_KNOTS((4,4),(0.,0.00571052588301741),.UNSPECIFIED.)
CURVE()
GEOMETRIC_REPRESENTATION_ITEM()
RATIONAL_B_SPLINE_CURVE((1.,1.,1.,1.))
REPRESENTATION_ITEM('')
);
#12=(
BOUNDED_CURVE()
B_SPLINE_CURVE(3,(#2709,#2710,#2711,#2712),.UNSPECIFIED.,.F.,.F.)
B_SPLINE_CURVE_WITH_KNOTS((4,4),(0.,0.120285617809157),.UNSPECIFIED.)
CURVE()
GEOMETRIC_REPRESENTATION_ITEM()
RATIONAL_B_SPLINE_CURVE((1.,0.861867404160636,0.861867413258984,1.))
REPRESENTATION_ITEM('')
);
#13=(
BOUNDED_CURVE()
B_SPLINE_CURVE(3,(#2721,#2722,#2723,#2724),.UNSPECIFIED.,.F.,.F.)
B_SPLINE_CURVE_WITH_KNOTS((4,4),(0.,0.120285624068725),.UNSPECIFIED.)
CURVE()
GEOMETRIC_REPRESENTATION_ITEM()
RATIONAL_B_SPLINE_CURVE((1.,0.861867351941384,0.861867347392206,1.))
REPRESENTATION_ITEM('')
);
#14=(
BOUNDED_CURVE()
B_SPLINE_CURVE(3,(#2725,#2726,#2727,#2728),.UNSPECIFIED.,.F.,.F.)
B_SPLINE_CURVE_WITH_KNOTS((4,4),(0.,0.00571052588301596),.UNSPECIFIED.)
CURVE()
GEOMETRIC_REPRESENTATION_ITEM()
RATIONAL_B_SPLINE_CURVE((1.,1.,1.,1.))
REPRESENTATION_ITEM('')
);
#15=(
BOUNDED_CURVE()
B_SPLINE_CURVE(1,(#2758,#2759),.UNSPECIFIED.,.F.,.F.)
B_SPLINE_CURVE_WITH_KNOTS((2,2),(0.,0.0759827906142503),.UNSPECIFIED.)
CURVE()
GEOMETRIC_REPRESENTATION_ITEM()
RATIONAL_B_SPLINE_CURVE((1.,1.))
REPRESENTATION_ITEM('')
);
#16=(
BOUNDED_CURVE()
B_SPLINE_CURVE(1,(#2773,#2774),.UNSPECIFIED.,.F.,.F.)
B_SPLINE_CURVE_WITH_KNOTS((2,2),(-0.0759827906142503,0.),.UNSPECIFIED.)
CURVE()
GEOMETRIC_REPRESENTATION_ITEM()
RATIONAL_B_SPLINE_CURVE((1.,1.))
REPRESENTATION_ITEM('')
);
#17=(
BOUNDED_CURVE()
B_SPLINE_CURVE(3,(#2775,#2776,#2777,#2778,#2779,#2780,#2781),
 .UNSPECIFIED.,.F.,.F.)
B_SPLINE_CURVE_WITH_KNOTS((4,3,4),(-0.0348718995023184,-0.00936615477618012,
0.),.UNSPECIFIED.)
CURVE()
GEOMETRIC_REPRESENTATION_ITEM()
RATIONAL_B_SPLINE_CURVE((1.,1.,1.,1.,1.,1.,1.))
REPRESENTATION_ITEM('')
);
#18=(
BOUNDED_CURVE()
B_SPLINE_CURVE(3,(#2782,#2783,#2784,#2785,#2786,#2787,#2788),
 .UNSPECIFIED.,.F.,.F.)
B_SPLINE_CURVE_WITH_KNOTS((4,3,4),(-0.0348718995023168,-0.0255057447261347,
0.),.UNSPECIFIED.)
CURVE()
GEOMETRIC_REPRESENTATION_ITEM()
RATIONAL_B_SPLINE_CURVE((1.,1.,1.,1.,1.,1.,1.))
REPRESENTATION_ITEM('')
);
#19=(
BOUNDED_CURVE()
B_SPLINE_CURVE(1,(#2797,#2798),.UNSPECIFIED.,.F.,.F.)
B_SPLINE_CURVE_WITH_KNOTS((2,2),(0.,0.0759827906142503),.UNSPECIFIED.)
CURVE()
GEOMETRIC_REPRESENTATION_ITEM()
RATIONAL_B_SPLINE_CURVE((1.,1.))
REPRESENTATION_ITEM('')
);
#20=(
BOUNDED_CURVE()
B_SPLINE_CURVE(3,(#2799,#2800,#2801,#2802),.UNSPECIFIED.,.F.,.F.)
B_SPLINE_CURVE_WITH_KNOTS((4,4),(-0.0169021596680502,0.),.UNSPECIFIED.)
CURVE()
GEOMETRIC_REPRESENTATION_ITEM()
RATIONAL_B_SPLINE_CURVE((1.,1.,1.,1.))
REPRESENTATION_ITEM('')
);
#21=(
BOUNDED_CURVE()
B_SPLINE_CURVE(3,(#2803,#2804,#2805,#2806),.UNSPECIFIED.,.F.,.F.)
B_SPLINE_CURVE_WITH_KNOTS((4,4),(-0.0169021596680498,0.),.UNSPECIFIED.)
CURVE()
GEOMETRIC_REPRESENTATION_ITEM()
RATIONAL_B_SPLINE_CURVE((1.,1.,1.,1.))
REPRESENTATION_ITEM('')
);
#22=(
BOUNDED_CURVE()
B_SPLINE_CURVE(1,(#2815,#2816),.UNSPECIFIED.,.F.,.F.)
B_SPLINE_CURVE_WITH_KNOTS((2,2),(0.,0.0759827906142503),.UNSPECIFIED.)
CURVE()
GEOMETRIC_REPRESENTATION_ITEM()
RATIONAL_B_SPLINE_CURVE((1.,1.))
REPRESENTATION_ITEM('')
);
#23=(
BOUNDED_CURVE()
B_SPLINE_CURVE(3,(#2817,#2818,#2819,#2820,#2821,#2822,#2823),
 .UNSPECIFIED.,.F.,.F.)
B_SPLINE_CURVE_WITH_KNOTS((4,3,4),(-0.0347983080468018,-0.0254321532706201,
0.),.UNSPECIFIED.)
CURVE()
GEOMETRIC_REPRESENTATION_ITEM()
RATIONAL_B_SPLINE_CURVE((1.,1.,1.,1.,1.,1.,1.))
REPRESENTATION_ITEM('')
);
#24=(
BOUNDED_CURVE()
B_SPLINE_CURVE(3,(#2824,#2825,#2826,#2827,#2828,#2829,#2830),
 .UNSPECIFIED.,.F.,.F.)
B_SPLINE_CURVE_WITH_KNOTS((4,3,4),(-0.034798308046802,-0.00936615477618183,
0.),.UNSPECIFIED.)
CURVE()
GEOMETRIC_REPRESENTATION_ITEM()
RATIONAL_B_SPLINE_CURVE((1.,1.,1.,1.,1.,1.,1.))
REPRESENTATION_ITEM('')
);
#25=(
BOUNDED_CURVE()
B_SPLINE_CURVE(1,(#2839,#2840),.UNSPECIFIED.,.F.,.F.)
B_SPLINE_CURVE_WITH_KNOTS((2,2),(-0.0759827906142503,0.),.UNSPECIFIED.)
CURVE()
GEOMETRIC_REPRESENTATION_ITEM()
RATIONAL_B_SPLINE_CURVE((1.,1.))
REPRESENTATION_ITEM('')
);
#26=(
BOUNDED_CURVE()
B_SPLINE_CURVE(1,(#2844,#2845),.UNSPECIFIED.,.F.,.F.)
B_SPLINE_CURVE_WITH_KNOTS((2,2),(0.,0.0759827906142503),.UNSPECIFIED.)
CURVE()
GEOMETRIC_REPRESENTATION_ITEM()
RATIONAL_B_SPLINE_CURVE((1.,1.))
REPRESENTATION_ITEM('')
);
#27=(
BOUNDED_CURVE()
B_SPLINE_CURVE(1,(#2859,#2860),.UNSPECIFIED.,.F.,.F.)
B_SPLINE_CURVE_WITH_KNOTS((2,2),(-0.0759827906142503,0.),.UNSPECIFIED.)
CURVE()
GEOMETRIC_REPRESENTATION_ITEM()
RATIONAL_B_SPLINE_CURVE((1.,1.))
REPRESENTATION_ITEM('')
);
#28=(
BOUNDED_CURVE()
B_SPLINE_CURVE(3,(#2861,#2862,#2863,#2864,#2865,#2866,#2867),
 .UNSPECIFIED.,.F.,.F.)
B_SPLINE_CURVE_WITH_KNOTS((4,3,4),(-0.0348718995023139,-0.00936615477618355,
0.),.UNSPECIFIED.)
CURVE()
GEOMETRIC_REPRESENTATION_ITEM()
RATIONAL_B_SPLINE_CURVE((1.,1.,1.,1.,1.,1.,1.))
REPRESENTATION_ITEM('')
);
#29=(
BOUNDED_CURVE()
B_SPLINE_CURVE(3,(#2868,#2869,#2870,#2871,#2872,#2873,#2874),
 .UNSPECIFIED.,.F.,.F.)
B_SPLINE_CURVE_WITH_KNOTS((4,3,4),(-0.0348718995023117,-0.02550574472613,
0.),.UNSPECIFIED.)
CURVE()
GEOMETRIC_REPRESENTATION_ITEM()
RATIONAL_B_SPLINE_CURVE((1.,1.,1.,1.,1.,1.,1.))
REPRESENTATION_ITEM('')
);
#30=(
BOUNDED_CURVE()
B_SPLINE_CURVE(1,(#2883,#2884),.UNSPECIFIED.,.F.,.F.)
B_SPLINE_CURVE_WITH_KNOTS((2,2),(0.,0.0759827906142503),.UNSPECIFIED.)
CURVE()
GEOMETRIC_REPRESENTATION_ITEM()
RATIONAL_B_SPLINE_CURVE((1.,1.))
REPRESENTATION_ITEM('')
);
#31=(
BOUNDED_CURVE()
B_SPLINE_CURVE(3,(#2885,#2886,#2887,#2888),.UNSPECIFIED.,.F.,.F.)
B_SPLINE_CURVE_WITH_KNOTS((4,4),(-0.0169021596680525,0.),.UNSPECIFIED.)
CURVE()
GEOMETRIC_REPRESENTATION_ITEM()
RATIONAL_B_SPLINE_CURVE((1.,1.,1.,1.))
REPRESENTATION_ITEM('')
);
#32=(
BOUNDED_CURVE()
B_SPLINE_CURVE(3,(#2889,#2890,#2891,#2892),.UNSPECIFIED.,.F.,.F.)
B_SPLINE_CURVE_WITH_KNOTS((4,4),(-0.0169021596680493,0.),.UNSPECIFIED.)
CURVE()
GEOMETRIC_REPRESENTATION_ITEM()
RATIONAL_B_SPLINE_CURVE((1.,1.,1.,1.))
REPRESENTATION_ITEM('')
);
#33=(
BOUNDED_CURVE()
B_SPLINE_CURVE(1,(#2901,#2902),.UNSPECIFIED.,.F.,.F.)
B_SPLINE_CURVE_WITH_KNOTS((2,2),(0.,0.0759827906142503),.UNSPECIFIED.)
CURVE()
GEOMETRIC_REPRESENTATION_ITEM()
RATIONAL_B_SPLINE_CURVE((1.,1.))
REPRESENTATION_ITEM('')
);
#34=(
BOUNDED_CURVE()
B_SPLINE_CURVE(3,(#2903,#2904,#2905,#2906,#2907,#2908,#2909),
 .UNSPECIFIED.,.F.,.F.)
B_SPLINE_CURVE_WITH_KNOTS((4,3,4),(-0.0347983080468013,-0.0254321532706182,
0.),.UNSPECIFIED.)
CURVE()
GEOMETRIC_REPRESENTATION_ITEM()
RATIONAL_B_SPLINE_CURVE((1.,1.,1.,1.,1.,1.,1.))
REPRESENTATION_ITEM('')
);
#35=(
BOUNDED_CURVE()
B_SPLINE_CURVE(3,(#2910,#2911,#2912,#2913,#2914,#2915,#2916),
 .UNSPECIFIED.,.F.,.F.)
B_SPLINE_CURVE_WITH_KNOTS((4,3,4),(-0.0347983080468003,-0.00936615477618061,
0.),.UNSPECIFIED.)
CURVE()
GEOMETRIC_REPRESENTATION_ITEM()
RATIONAL_B_SPLINE_CURVE((1.,1.,1.,1.,1.,1.,1.))
REPRESENTATION_ITEM('')
);
#36=(
BOUNDED_CURVE()
B_SPLINE_CURVE(1,(#2917,#2918),.UNSPECIFIED.,.F.,.F.)
B_SPLINE_CURVE_WITH_KNOTS((2,2),(0.,0.0759827906142503),.UNSPECIFIED.)
CURVE()
GEOMETRIC_REPRESENTATION_ITEM()
RATIONAL_B_SPLINE_CURVE((1.,1.))
REPRESENTATION_ITEM('')
);
#37=(
BOUNDED_CURVE()
B_SPLINE_CURVE(1,(#2922,#2923),.UNSPECIFIED.,.F.,.F.)
B_SPLINE_CURVE_WITH_KNOTS((2,2),(-0.0759827906142503,0.),.UNSPECIFIED.)
CURVE()
GEOMETRIC_REPRESENTATION_ITEM()
RATIONAL_B_SPLINE_CURVE((1.,1.))
REPRESENTATION_ITEM('')
);
#38=(
BOUNDED_CURVE()
B_SPLINE_CURVE(1,(#2927,#2928),.UNSPECIFIED.,.F.,.F.)
B_SPLINE_CURVE_WITH_KNOTS((2,2),(-0.0759827906142503,0.),.UNSPECIFIED.)
CURVE()
GEOMETRIC_REPRESENTATION_ITEM()
RATIONAL_B_SPLINE_CURVE((1.,1.))
REPRESENTATION_ITEM('')
);
#39=(
BOUNDED_CURVE()
B_SPLINE_CURVE(1,(#2939,#2940),.UNSPECIFIED.,.F.,.F.)
B_SPLINE_CURVE_WITH_KNOTS((2,2),(-0.0759827906142401,0.),.UNSPECIFIED.)
CURVE()
GEOMETRIC_REPRESENTATION_ITEM()
RATIONAL_B_SPLINE_CURVE((1.,1.))
REPRESENTATION_ITEM('')
);
#40=(
BOUNDED_CURVE()
B_SPLINE_CURVE(3,(#2941,#2942,#2943,#2944,#2945,#2946,#2947),
 .UNSPECIFIED.,.F.,.F.)
B_SPLINE_CURVE_WITH_KNOTS((4,3,4),(-0.0348718995023114,-0.00936615477618152,
0.),.UNSPECIFIED.)
CURVE()
GEOMETRIC_REPRESENTATION_ITEM()
RATIONAL_B_SPLINE_CURVE((1.,1.,1.,1.,1.,1.,1.))
REPRESENTATION_ITEM('')
);
#41=(
BOUNDED_CURVE()
B_SPLINE_CURVE(3,(#2948,#2949,#2950,#2951,#2952,#2953,#2954),
 .UNSPECIFIED.,.F.,.F.)
B_SPLINE_CURVE_WITH_KNOTS((4,3,4),(-0.0348718995023124,-0.0255057447261302,
0.),.UNSPECIFIED.)
CURVE()
GEOMETRIC_REPRESENTATION_ITEM()
RATIONAL_B_SPLINE_CURVE((1.,1.,1.,1.,1.,1.,1.))
REPRESENTATION_ITEM('')
);
#42=(
BOUNDED_CURVE()
B_SPLINE_CURVE(1,(#2955,#2956),.UNSPECIFIED.,.F.,.F.)
B_SPLINE_CURVE_WITH_KNOTS((2,2),(0.,0.0759827906142503),.UNSPECIFIED.)
CURVE()
GEOMETRIC_REPRESENTATION_ITEM()
RATIONAL_B_SPLINE_CURVE((1.,1.))
REPRESENTATION_ITEM('')
);
#43=(
BOUNDED_CURVE()
B_SPLINE_CURVE(3,(#2965,#2966,#2967,#2968),.UNSPECIFIED.,.F.,.F.)
B_SPLINE_CURVE_WITH_KNOTS((4,4),(-0.0169021596680489,0.),.UNSPECIFIED.)
CURVE()
GEOMETRIC_REPRESENTATION_ITEM()
RATIONAL_B_SPLINE_CURVE((1.,1.,1.,1.))
REPRESENTATION_ITEM('')
);
#44=(
BOUNDED_CURVE()
B_SPLINE_CURVE(3,(#2969,#2970,#2971,#2972),.UNSPECIFIED.,.F.,.F.)
B_SPLINE_CURVE_WITH_KNOTS((4,4),(-0.0169021596680504,0.),.UNSPECIFIED.)
CURVE()
GEOMETRIC_REPRESENTATION_ITEM()
RATIONAL_B_SPLINE_CURVE((1.,1.,1.,1.))
REPRESENTATION_ITEM('')
);
#45=(
BOUNDED_CURVE()
B_SPLINE_CURVE(1,(#2973,#2974),.UNSPECIFIED.,.F.,.F.)
B_SPLINE_CURVE_WITH_KNOTS((2,2),(0.,0.0759827906142503),.UNSPECIFIED.)
CURVE()
GEOMETRIC_REPRESENTATION_ITEM()
RATIONAL_B_SPLINE_CURVE((1.,1.))
REPRESENTATION_ITEM('')
);
#46=(
BOUNDED_CURVE()
B_SPLINE_CURVE(3,(#2983,#2984,#2985,#2986,#2987,#2988,#2989),
 .UNSPECIFIED.,.F.,.F.)
B_SPLINE_CURVE_WITH_KNOTS((4,3,4),(-0.0347983080467941,-0.0254321532706126,
0.),.UNSPECIFIED.)
CURVE()
GEOMETRIC_REPRESENTATION_ITEM()
RATIONAL_B_SPLINE_CURVE((1.,1.,1.,1.,1.,1.,1.))
REPRESENTATION_ITEM('')
);
#47=(
BOUNDED_CURVE()
B_SPLINE_CURVE(3,(#2990,#2991,#2992,#2993,#2994,#2995,#2996),
 .UNSPECIFIED.,.F.,.F.)
B_SPLINE_CURVE_WITH_KNOTS((4,3,4),(-0.0347983080467937,-0.00936615477618232,
0.),.UNSPECIFIED.)
CURVE()
GEOMETRIC_REPRESENTATION_ITEM()
RATIONAL_B_SPLINE_CURVE((1.,1.,1.,1.,1.,1.,1.))
REPRESENTATION_ITEM('')
);
#48=MANIFOLD_SOLID_BREP('brep_1',#52);
#49=MANIFOLD_SOLID_BREP('brep_2',#53);
#50=MANIFOLD_SOLID_BREP('brep_3',#54);
#51=ADVANCED_BREP_SHAPE_REPRESENTATION('brep_rep_0',(#48,#49,#50,#1637),
#1493);
#52=CLOSED_SHELL('',(#60,#61,#62,#63,#64,#65,#66,#67,#68,#69,#70,#71,#72,
#73,#74,#75,#76,#77,#78,#79));
#53=CLOSED_SHELL('',(#80,#81,#82,#83,#84,#85,#86,#87,#88,#89,#90,#91,#92,
#93,#94,#95,#96,#97,#98,#99,#100,#101,#102,#103,#104,#105,#106,#107,#108));
#54=CLOSED_SHELL('',(#109,#110,#111,#112,#113,#114,#115,#116,#117,#118,
#119,#120,#121,#122,#123,#124,#125,#126,#127,#128,#129,#130,#131,#132,#133,
#134,#135,#136,#137,#138,#139,#140));
#55=FACE_BOUND('',#226,.T.);
#56=FACE_BOUND('',#228,.T.);
#57=FACE_BOUND('',#230,.T.);
#58=FACE_BOUND('',#237,.T.);
#59=FACE_BOUND('',#248,.T.);
#60=ADVANCED_FACE('',(#141),#1373,.F.);
#61=ADVANCED_FACE('',(#142),#1374,.F.);
#62=ADVANCED_FACE('',(#143),#1375,.T.);
#63=ADVANCED_FACE('',(#144,#55),#1327,.T.);
#64=ADVANCED_FACE('',(#145,#56),#1328,.T.);
#65=ADVANCED_FACE('',(#146,#57),#1329,.T.);
#66=ADVANCED_FACE('',(#147),#1330,.T.);
#67=ADVANCED_FACE('',(#148),#1376,.T.);
#68=ADVANCED_FACE('',(#149),#1331,.T.);
#69=ADVANCED_FACE('',(#150),#1377,.F.);
#70=ADVANCED_FACE('',(#151),#1378,.T.);
#71=ADVANCED_FACE('',(#152,#58),#1332,.T.);
#72=ADVANCED_FACE('',(#153),#1379,.F.);
#73=ADVANCED_FACE('',(#154),#1380,.F.);
#74=ADVANCED_FACE('',(#155),#1381,.F.);
#75=ADVANCED_FACE('',(#156),#1382,.T.);
#76=ADVANCED_FACE('',(#157),#1383,.T.);
#77=ADVANCED_FACE('',(#158),#1384,.F.);
#78=ADVANCED_FACE('',(#159),#1385,.T.);
#79=ADVANCED_FACE('',(#160),#1386,.F.);
#80=ADVANCED_FACE('',(#161),#1333,.T.);
#81=ADVANCED_FACE('',(#162,#59),#1334,.T.);
#82=ADVANCED_FACE('',(#163),#1387,.T.);
#83=ADVANCED_FACE('',(#164),#1335,.T.);
#84=ADVANCED_FACE('',(#165),#1336,.T.);
#85=ADVANCED_FACE('',(#166),#1337,.T.);
#86=ADVANCED_FACE('',(#167),#1338,.T.);
#87=ADVANCED_FACE('',(#168),#1339,.T.);
#88=ADVANCED_FACE('',(#169),#1388,.T.);
#89=ADVANCED_FACE('',(#170),#1340,.T.);
#90=ADVANCED_FACE('',(#171),#1341,.T.);
#91=ADVANCED_FACE('',(#172),#1342,.T.);
#92=ADVANCED_FACE('',(#173),#1343,.T.);
#93=ADVANCED_FACE('',(#174),#1344,.T.);
#94=ADVANCED_FACE('',(#175),#1389,.T.);
#95=ADVANCED_FACE('',(#176),#1390,.T.);
#96=ADVANCED_FACE('',(#177),#1345,.T.);
#97=ADVANCED_FACE('',(#178),#1346,.T.);
#98=ADVANCED_FACE('',(#179),#1347,.T.);
#99=ADVANCED_FACE('',(#180),#1348,.T.);
#100=ADVANCED_FACE('',(#181),#1349,.T.);
#101=ADVANCED_FACE('',(#182),#1391,.T.);
#102=ADVANCED_FACE('',(#183),#1350,.T.);
#103=ADVANCED_FACE('',(#184),#1351,.T.);
#104=ADVANCED_FACE('',(#185),#1352,.T.);
#105=ADVANCED_FACE('',(#186),#1353,.T.);
#106=ADVANCED_FACE('',(#187),#1354,.T.);
#107=ADVANCED_FACE('',(#188),#1355,.T.);
#108=ADVANCED_FACE('',(#189),#1392,.T.);
#109=ADVANCED_FACE('',(#190),#1356,.T.);
#110=ADVANCED_FACE('',(#191),#1357,.T.);
#111=ADVANCED_FACE('',(#192),#1393,.F.);
#112=ADVANCED_FACE('',(#193),#1358,.T.);
#113=ADVANCED_FACE('',(#194),#1394,.T.);
#114=ADVANCED_FACE('',(#195),#1359,.T.);
#115=ADVANCED_FACE('',(#196),#1395,.F.);
#116=ADVANCED_FACE('',(#197),#1360,.T.);
#117=ADVANCED_FACE('',(#198),#1396,.T.);
#118=ADVANCED_FACE('',(#199),#1361,.T.);
#119=ADVANCED_FACE('',(#200),#1397,.T.);
#120=ADVANCED_FACE('',(#201),#1362,.T.);
#121=ADVANCED_FACE('',(#202),#1398,.F.);
#122=ADVANCED_FACE('',(#203),#1363,.T.);
#123=ADVANCED_FACE('',(#204),#1399,.T.);
#124=ADVANCED_FACE('',(#205),#1364,.T.);
#125=ADVANCED_FACE('',(#206),#1400,.F.);
#126=ADVANCED_FACE('',(#207),#1365,.T.);
#127=ADVANCED_FACE('',(#208),#1401,.T.);
#128=ADVANCED_FACE('',(#209),#1366,.T.);
#129=ADVANCED_FACE('',(#210),#1402,.T.);
#130=ADVANCED_FACE('',(#211),#1367,.T.);
#131=ADVANCED_FACE('',(#212),#1403,.F.);
#132=ADVANCED_FACE('',(#213),#1368,.T.);
#133=ADVANCED_FACE('',(#214),#1404,.T.);
#134=ADVANCED_FACE('',(#215),#1369,.T.);
#135=ADVANCED_FACE('',(#216),#1405,.F.);
#136=ADVANCED_FACE('',(#217),#1370,.T.);
#137=ADVANCED_FACE('',(#218),#1406,.T.);
#138=ADVANCED_FACE('',(#219),#1371,.T.);
#139=ADVANCED_FACE('',(#220),#1407,.T.);
#140=ADVANCED_FACE('',(#221),#1372,.T.);
#141=FACE_OUTER_BOUND('',#222,.T.);
#142=FACE_OUTER_BOUND('',#223,.T.);
#143=FACE_OUTER_BOUND('',#224,.T.);
#144=FACE_OUTER_BOUND('',#225,.T.);
#145=FACE_OUTER_BOUND('',#227,.T.);
#146=FACE_OUTER_BOUND('',#229,.T.);
#147=FACE_OUTER_BOUND('',#231,.T.);
#148=FACE_OUTER_BOUND('',#232,.T.);
#149=FACE_OUTER_BOUND('',#233,.T.);
#150=FACE_OUTER_BOUND('',#234,.T.);
#151=FACE_OUTER_BOUND('',#235,.T.);
#152=FACE_OUTER_BOUND('',#236,.T.);
#153=FACE_OUTER_BOUND('',#238,.T.);
#154=FACE_OUTER_BOUND('',#239,.T.);
#155=FACE_OUTER_BOUND('',#240,.T.);
#156=FACE_OUTER_BOUND('',#241,.T.);
#157=FACE_OUTER_BOUND('',#242,.T.);
#158=FACE_OUTER_BOUND('',#243,.T.);
#159=FACE_OUTER_BOUND('',#244,.T.);
#160=FACE_OUTER_BOUND('',#245,.T.);
#161=FACE_OUTER_BOUND('',#246,.T.);
#162=FACE_OUTER_BOUND('',#247,.T.);
#163=FACE_OUTER_BOUND('',#249,.T.);
#164=FACE_OUTER_BOUND('',#250,.T.);
#165=FACE_OUTER_BOUND('',#251,.T.);
#166=FACE_OUTER_BOUND('',#252,.T.);
#167=FACE_OUTER_BOUND('',#253,.T.);
#168=FACE_OUTER_BOUND('',#254,.T.);
#169=FACE_OUTER_BOUND('',#255,.T.);
#170=FACE_OUTER_BOUND('',#256,.T.);
#171=FACE_OUTER_BOUND('',#257,.T.);
#172=FACE_OUTER_BOUND('',#258,.T.);
#173=FACE_OUTER_BOUND('',#259,.T.);
#174=FACE_OUTER_BOUND('',#260,.T.);
#175=FACE_OUTER_BOUND('',#261,.T.);
#176=FACE_OUTER_BOUND('',#262,.T.);
#177=FACE_OUTER_BOUND('',#263,.T.);
#178=FACE_OUTER_BOUND('',#264,.T.);
#179=FACE_OUTER_BOUND('',#265,.T.);
#180=FACE_OUTER_BOUND('',#266,.T.);
#181=FACE_OUTER_BOUND('',#267,.T.);
#182=FACE_OUTER_BOUND('',#268,.T.);
#183=FACE_OUTER_BOUND('',#269,.T.);
#184=FACE_OUTER_BOUND('',#270,.T.);
#185=FACE_OUTER_BOUND('',#271,.T.);
#186=FACE_OUTER_BOUND('',#272,.T.);
#187=FACE_OUTER_BOUND('',#273,.T.);
#188=FACE_OUTER_BOUND('',#274,.T.);
#189=FACE_OUTER_BOUND('',#275,.T.);
#190=FACE_OUTER_BOUND('',#276,.T.);
#191=FACE_OUTER_BOUND('',#277,.T.);
#192=FACE_OUTER_BOUND('',#278,.T.);
#193=FACE_OUTER_BOUND('',#279,.T.);
#194=FACE_OUTER_BOUND('',#280,.T.);
#195=FACE_OUTER_BOUND('',#281,.T.);
#196=FACE_OUTER_BOUND('',#282,.T.);
#197=FACE_OUTER_BOUND('',#283,.T.);
#198=FACE_OUTER_BOUND('',#284,.T.);
#199=FACE_OUTER_BOUND('',#285,.T.);
#200=FACE_OUTER_BOUND('',#286,.T.);
#201=FACE_OUTER_BOUND('',#287,.T.);
#202=FACE_OUTER_BOUND('',#288,.T.);
#203=FACE_OUTER_BOUND('',#289,.T.);
#204=FACE_OUTER_BOUND('',#290,.T.);
#205=FACE_OUTER_BOUND('',#291,.T.);
#206=FACE_OUTER_BOUND('',#292,.T.);
#207=FACE_OUTER_BOUND('',#293,.T.);
#208=FACE_OUTER_BOUND('',#294,.T.);
#209=FACE_OUTER_BOUND('',#295,.T.);
#210=FACE_OUTER_BOUND('',#296,.T.);
#211=FACE_OUTER_BOUND('',#297,.T.);
#212=FACE_OUTER_BOUND('',#298,.T.);
#213=FACE_OUTER_BOUND('',#299,.T.);
#214=FACE_OUTER_BOUND('',#300,.T.);
#215=FACE_OUTER_BOUND('',#301,.T.);
#216=FACE_OUTER_BOUND('',#302,.T.);
#217=FACE_OUTER_BOUND('',#303,.T.);
#218=FACE_OUTER_BOUND('',#304,.T.);
#219=FACE_OUTER_BOUND('',#305,.T.);
#220=FACE_OUTER_BOUND('',#306,.T.);
#221=FACE_OUTER_BOUND('',#307,.T.);
#222=EDGE_LOOP('',(#308,#309,#310,#311));
#223=EDGE_LOOP('',(#312,#313,#314,#315));
#224=EDGE_LOOP('',(#316,#317,#318,#319));
#225=EDGE_LOOP('',(#320,#321));
#226=EDGE_LOOP('',(#322,#323));
#227=EDGE_LOOP('',(#324,#325));
#228=EDGE_LOOP('',(#326,#327));
#229=EDGE_LOOP('',(#328,#329));
#230=EDGE_LOOP('',(#330,#331));
#231=EDGE_LOOP('',(#332,#333));
#232=EDGE_LOOP('',(#334,#335,#336,#337));
#233=EDGE_LOOP('',(#338,#339));
#234=EDGE_LOOP('',(#340,#341,#342,#343,#344,#345,#346,#347));
#235=EDGE_LOOP('',(#348,#349,#350,#351,#352,#353,#354,#355));
#236=EDGE_LOOP('',(#356,#357));
#237=EDGE_LOOP('',(#358,#359));
#238=EDGE_LOOP('',(#360,#361,#362,#363));
#239=EDGE_LOOP('',(#364,#365,#366,#367));
#240=EDGE_LOOP('',(#368,#369,#370,#371));
#241=EDGE_LOOP('',(#372,#373,#374,#375));
#242=EDGE_LOOP('',(#376,#377,#378,#379));
#243=EDGE_LOOP('',(#380,#381,#382,#383,#384,#385,#386,#387));
#244=EDGE_LOOP('',(#388,#389,#390,#391,#392,#393,#394,#395));
#245=EDGE_LOOP('',(#396,#397,#398,#399));
#246=EDGE_LOOP('',(#400,#401));
#247=EDGE_LOOP('',(#402,#403));
#248=EDGE_LOOP('',(#404,#405,#406,#407,#408,#409,#410,#411,#412,#413,#414,
#415,#416,#417,#418,#419,#420,#421,#422,#423,#424,#425,#426,#427));
#249=EDGE_LOOP('',(#428,#429,#430,#431));
#250=EDGE_LOOP('',(#432,#433,#434,#435));
#251=EDGE_LOOP('',(#436,#437,#438,#439));
#252=EDGE_LOOP('',(#440,#441,#442,#443));
#253=EDGE_LOOP('',(#444,#445,#446,#447));
#254=EDGE_LOOP('',(#448,#449,#450,#451));
#255=EDGE_LOOP('',(#452,#453,#454,#455));
#256=EDGE_LOOP('',(#456,#457,#458,#459));
#257=EDGE_LOOP('',(#460,#461,#462,#463));
#258=EDGE_LOOP('',(#464,#465,#466,#467));
#259=EDGE_LOOP('',(#468,#469,#470,#471));
#260=EDGE_LOOP('',(#472,#473,#474,#475));
#261=EDGE_LOOP('',(#476,#477,#478,#479));
#262=EDGE_LOOP('',(#480,#481,#482,#483));
#263=EDGE_LOOP('',(#484,#485,#486,#487));
#264=EDGE_LOOP('',(#488,#489,#490,#491));
#265=EDGE_LOOP('',(#492,#493,#494,#495));
#266=EDGE_LOOP('',(#496,#497,#498,#499));
#267=EDGE_LOOP('',(#500,#501,#502,#503));
#268=EDGE_LOOP('',(#504,#505,#506,#507));
#269=EDGE_LOOP('',(#508,#509,#510,#511));
#270=EDGE_LOOP('',(#512,#513,#514,#515));
#271=EDGE_LOOP('',(#516,#517,#518,#519));
#272=EDGE_LOOP('',(#520,#521,#522,#523));
#273=EDGE_LOOP('',(#524,#525,#526,#527));
#274=EDGE_LOOP('',(#528,#529,#530,#531,#532,#533,#534,#535,#536,#537,#538,
#539,#540,#541,#542,#543,#544,#545,#546,#547,#548,#549,#550,#551));
#275=EDGE_LOOP('',(#552,#553,#554,#555));
#276=EDGE_LOOP('',(#556,#557,#558,#559,#560,#561,#562,#563,#564,#565,#566,
#567,#568,#569,#570,#571,#572,#573,#574,#575,#576,#577,#578,#579,#580,#581,
#582,#583,#584,#585));
#277=EDGE_LOOP('',(#586,#587,#588,#589,#590,#591,#592,#593,#594,#595,#596,
#597,#598,#599,#600,#601,#602,#603,#604,#605,#606,#607,#608,#609,#610,#611,
#612,#613,#614,#615));
#278=EDGE_LOOP('',(#616,#617,#618,#619));
#279=EDGE_LOOP('',(#620,#621,#622,#623));
#280=EDGE_LOOP('',(#624,#625,#626,#627));
#281=EDGE_LOOP('',(#628,#629,#630,#631));
#282=EDGE_LOOP('',(#632,#633,#634,#635));
#283=EDGE_LOOP('',(#636,#637,#638,#639));
#284=EDGE_LOOP('',(#640,#641,#642,#643));
#285=EDGE_LOOP('',(#644,#645,#646,#647));
#286=EDGE_LOOP('',(#648,#649,#650,#651));
#287=EDGE_LOOP('',(#652,#653,#654,#655));
#288=EDGE_LOOP('',(#656,#657,#658,#659));
#289=EDGE_LOOP('',(#660,#661,#662,#663));
#290=EDGE_LOOP('',(#664,#665,#666,#667));
#291=EDGE_LOOP('',(#668,#669,#670,#671));
#292=EDGE_LOOP('',(#672,#673,#674,#675));
#293=EDGE_LOOP('',(#676,#677,#678,#679));
#294=EDGE_LOOP('',(#680,#681,#682,#683));
#295=EDGE_LOOP('',(#684,#685,#686,#687));
#296=EDGE_LOOP('',(#688,#689,#690,#691));
#297=EDGE_LOOP('',(#692,#693,#694,#695));
#298=EDGE_LOOP('',(#696,#697,#698,#699));
#299=EDGE_LOOP('',(#700,#701,#702,#703));
#300=EDGE_LOOP('',(#704,#705,#706,#707));
#301=EDGE_LOOP('',(#708,#709,#710,#711));
#302=EDGE_LOOP('',(#712,#713,#714,#715));
#303=EDGE_LOOP('',(#716,#717,#718,#719));
#304=EDGE_LOOP('',(#720,#721,#722,#723));
#305=EDGE_LOOP('',(#724,#725,#726,#727));
#306=EDGE_LOOP('',(#728,#729,#730,#731));
#307=EDGE_LOOP('',(#732,#733,#734,#735));
#308=ORIENTED_EDGE('',*,*,#758,.F.);
#309=ORIENTED_EDGE('',*,*,#736,.T.);
#310=ORIENTED_EDGE('',*,*,#762,.F.);
#311=ORIENTED_EDGE('',*,*,#761,.F.);
#312=ORIENTED_EDGE('',*,*,#746,.F.);
#313=ORIENTED_EDGE('',*,*,#737,.T.);
#314=ORIENTED_EDGE('',*,*,#766,.F.);
#315=ORIENTED_EDGE('',*,*,#764,.F.);
#316=ORIENTED_EDGE('',*,*,#767,.T.);
#317=ORIENTED_EDGE('',*,*,#769,.T.);
#318=ORIENTED_EDGE('',*,*,#738,.F.);
#319=ORIENTED_EDGE('',*,*,#748,.T.);
#320=ORIENTED_EDGE('',*,*,#768,.F.);
#321=ORIENTED_EDGE('',*,*,#748,.F.);
#322=ORIENTED_EDGE('',*,*,#746,.T.);
#323=ORIENTED_EDGE('',*,*,#765,.T.);
#324=ORIENTED_EDGE('',*,*,#750,.T.);
#325=ORIENTED_EDGE('',*,*,#771,.T.);
#326=ORIENTED_EDGE('',*,*,#769,.F.);
#327=ORIENTED_EDGE('',*,*,#749,.F.);
#328=ORIENTED_EDGE('',*,*,#772,.F.);
#329=ORIENTED_EDGE('',*,*,#751,.F.);
#330=ORIENTED_EDGE('',*,*,#755,.T.);
#331=ORIENTED_EDGE('',*,*,#780,.T.);
#332=ORIENTED_EDGE('',*,*,#752,.T.);
#333=ORIENTED_EDGE('',*,*,#775,.T.);
#334=ORIENTED_EDGE('',*,*,#770,.T.);
#335=ORIENTED_EDGE('',*,*,#750,.F.);
#336=ORIENTED_EDGE('',*,*,#739,.F.);
#337=ORIENTED_EDGE('',*,*,#751,.T.);
#338=ORIENTED_EDGE('',*,*,#747,.T.);
#339=ORIENTED_EDGE('',*,*,#766,.T.);
#340=ORIENTED_EDGE('',*,*,#753,.F.);
#341=ORIENTED_EDGE('',*,*,#741,.T.);
#342=ORIENTED_EDGE('',*,*,#759,.F.);
#343=ORIENTED_EDGE('',*,*,#740,.T.);
#344=ORIENTED_EDGE('',*,*,#775,.F.);
#345=ORIENTED_EDGE('',*,*,#774,.F.);
#346=ORIENTED_EDGE('',*,*,#745,.T.);
#347=ORIENTED_EDGE('',*,*,#773,.F.);
#348=ORIENTED_EDGE('',*,*,#777,.T.);
#349=ORIENTED_EDGE('',*,*,#763,.T.);
#350=ORIENTED_EDGE('',*,*,#778,.T.);
#351=ORIENTED_EDGE('',*,*,#755,.F.);
#352=ORIENTED_EDGE('',*,*,#742,.F.);
#353=ORIENTED_EDGE('',*,*,#756,.T.);
#354=ORIENTED_EDGE('',*,*,#743,.F.);
#355=ORIENTED_EDGE('',*,*,#754,.T.);
#356=ORIENTED_EDGE('',*,*,#779,.F.);
#357=ORIENTED_EDGE('',*,*,#754,.F.);
#358=ORIENTED_EDGE('',*,*,#753,.T.);
#359=ORIENTED_EDGE('',*,*,#776,.T.);
#360=ORIENTED_EDGE('',*,*,#781,.T.);
#361=ORIENTED_EDGE('',*,*,#760,.T.);
#362=ORIENTED_EDGE('',*,*,#744,.F.);
#363=ORIENTED_EDGE('',*,*,#757,.F.);
#364=ORIENTED_EDGE('',*,*,#761,.T.);
#365=ORIENTED_EDGE('',*,*,#745,.F.);
#366=ORIENTED_EDGE('',*,*,#736,.F.);
#367=ORIENTED_EDGE('',*,*,#763,.F.);
#368=ORIENTED_EDGE('',*,*,#764,.T.);
#369=ORIENTED_EDGE('',*,*,#747,.F.);
#370=ORIENTED_EDGE('',*,*,#737,.F.);
#371=ORIENTED_EDGE('',*,*,#765,.F.);
#372=ORIENTED_EDGE('',*,*,#768,.T.);
#373=ORIENTED_EDGE('',*,*,#738,.T.);
#374=ORIENTED_EDGE('',*,*,#749,.T.);
#375=ORIENTED_EDGE('',*,*,#767,.F.);
#376=ORIENTED_EDGE('',*,*,#772,.T.);
#377=ORIENTED_EDGE('',*,*,#739,.T.);
#378=ORIENTED_EDGE('',*,*,#771,.F.);
#379=ORIENTED_EDGE('',*,*,#770,.F.);
#380=ORIENTED_EDGE('',*,*,#773,.T.);
#381=ORIENTED_EDGE('',*,*,#762,.T.);
#382=ORIENTED_EDGE('',*,*,#774,.T.);
#383=ORIENTED_EDGE('',*,*,#752,.F.);
#384=ORIENTED_EDGE('',*,*,#740,.F.);
#385=ORIENTED_EDGE('',*,*,#760,.F.);
#386=ORIENTED_EDGE('',*,*,#741,.F.);
#387=ORIENTED_EDGE('',*,*,#776,.F.);
#388=ORIENTED_EDGE('',*,*,#779,.T.);
#389=ORIENTED_EDGE('',*,*,#743,.T.);
#390=ORIENTED_EDGE('',*,*,#757,.T.);
#391=ORIENTED_EDGE('',*,*,#742,.T.);
#392=ORIENTED_EDGE('',*,*,#780,.F.);
#393=ORIENTED_EDGE('',*,*,#778,.F.);
#394=ORIENTED_EDGE('',*,*,#758,.T.);
#395=ORIENTED_EDGE('',*,*,#777,.F.);
#396=ORIENTED_EDGE('',*,*,#756,.F.);
#397=ORIENTED_EDGE('',*,*,#744,.T.);
#398=ORIENTED_EDGE('',*,*,#759,.T.);
#399=ORIENTED_EDGE('',*,*,#781,.F.);
#400=ORIENTED_EDGE('',*,*,#859,.F.);
#401=ORIENTED_EDGE('',*,*,#856,.F.);
#402=ORIENTED_EDGE('',*,*,#855,.T.);
#403=ORIENTED_EDGE('',*,*,#858,.T.);
#404=ORIENTED_EDGE('',*,*,#827,.T.);
#405=ORIENTED_EDGE('',*,*,#824,.T.);
#406=ORIENTED_EDGE('',*,*,#792,.T.);
#407=ORIENTED_EDGE('',*,*,#782,.T.);
#408=ORIENTED_EDGE('',*,*,#798,.T.);
#409=ORIENTED_EDGE('',*,*,#783,.T.);
#410=ORIENTED_EDGE('',*,*,#803,.T.);
#411=ORIENTED_EDGE('',*,*,#806,.T.);
#412=ORIENTED_EDGE('',*,*,#809,.T.);
#413=ORIENTED_EDGE('',*,*,#784,.T.);
#414=ORIENTED_EDGE('',*,*,#814,.T.);
#415=ORIENTED_EDGE('',*,*,#785,.T.);
#416=ORIENTED_EDGE('',*,*,#819,.T.);
#417=ORIENTED_EDGE('',*,*,#822,.T.);
#418=ORIENTED_EDGE('',*,*,#853,.T.);
#419=ORIENTED_EDGE('',*,*,#786,.T.);
#420=ORIENTED_EDGE('',*,*,#848,.T.);
#421=ORIENTED_EDGE('',*,*,#787,.T.);
#422=ORIENTED_EDGE('',*,*,#843,.T.);
#423=ORIENTED_EDGE('',*,*,#840,.T.);
#424=ORIENTED_EDGE('',*,*,#837,.T.);
#425=ORIENTED_EDGE('',*,*,#788,.T.);
#426=ORIENTED_EDGE('',*,*,#832,.T.);
#427=ORIENTED_EDGE('',*,*,#789,.T.);
#428=ORIENTED_EDGE('',*,*,#857,.T.);
#429=ORIENTED_EDGE('',*,*,#859,.T.);
#430=ORIENTED_EDGE('',*,*,#790,.F.);
#431=ORIENTED_EDGE('',*,*,#858,.F.);
#432=ORIENTED_EDGE('',*,*,#791,.T.);
#433=ORIENTED_EDGE('',*,*,#792,.F.);
#434=ORIENTED_EDGE('',*,*,#793,.T.);
#435=ORIENTED_EDGE('',*,*,#794,.T.);
#436=ORIENTED_EDGE('',*,*,#795,.T.);
#437=ORIENTED_EDGE('',*,*,#782,.F.);
#438=ORIENTED_EDGE('',*,*,#791,.F.);
#439=ORIENTED_EDGE('',*,*,#796,.T.);
#440=ORIENTED_EDGE('',*,*,#797,.T.);
#441=ORIENTED_EDGE('',*,*,#798,.F.);
#442=ORIENTED_EDGE('',*,*,#795,.F.);
#443=ORIENTED_EDGE('',*,*,#799,.T.);
#444=ORIENTED_EDGE('',*,*,#800,.T.);
#445=ORIENTED_EDGE('',*,*,#783,.F.);
#446=ORIENTED_EDGE('',*,*,#797,.F.);
#447=ORIENTED_EDGE('',*,*,#801,.T.);
#448=ORIENTED_EDGE('',*,*,#802,.T.);
#449=ORIENTED_EDGE('',*,*,#803,.F.);
#450=ORIENTED_EDGE('',*,*,#800,.F.);
#451=ORIENTED_EDGE('',*,*,#804,.T.);
#452=ORIENTED_EDGE('',*,*,#805,.T.);
#453=ORIENTED_EDGE('',*,*,#806,.F.);
#454=ORIENTED_EDGE('',*,*,#802,.F.);
#455=ORIENTED_EDGE('',*,*,#807,.T.);
#456=ORIENTED_EDGE('',*,*,#808,.T.);
#457=ORIENTED_EDGE('',*,*,#809,.F.);
#458=ORIENTED_EDGE('',*,*,#805,.F.);
#459=ORIENTED_EDGE('',*,*,#810,.T.);
#460=ORIENTED_EDGE('',*,*,#811,.T.);
#461=ORIENTED_EDGE('',*,*,#784,.F.);
#462=ORIENTED_EDGE('',*,*,#808,.F.);
#463=ORIENTED_EDGE('',*,*,#812,.T.);
#464=ORIENTED_EDGE('',*,*,#813,.T.);
#465=ORIENTED_EDGE('',*,*,#814,.F.);
#466=ORIENTED_EDGE('',*,*,#811,.F.);
#467=ORIENTED_EDGE('',*,*,#815,.T.);
#468=ORIENTED_EDGE('',*,*,#816,.T.);
#469=ORIENTED_EDGE('',*,*,#785,.F.);
#470=ORIENTED_EDGE('',*,*,#813,.F.);
#471=ORIENTED_EDGE('',*,*,#817,.T.);
#472=ORIENTED_EDGE('',*,*,#818,.T.);
#473=ORIENTED_EDGE('',*,*,#819,.F.);
#474=ORIENTED_EDGE('',*,*,#816,.F.);
#475=ORIENTED_EDGE('',*,*,#820,.T.);
#476=ORIENTED_EDGE('',*,*,#821,.T.);
#477=ORIENTED_EDGE('',*,*,#822,.F.);
#478=ORIENTED_EDGE('',*,*,#818,.F.);
#479=ORIENTED_EDGE('',*,*,#823,.T.);
#480=ORIENTED_EDGE('',*,*,#793,.F.);
#481=ORIENTED_EDGE('',*,*,#824,.F.);
#482=ORIENTED_EDGE('',*,*,#825,.T.);
#483=ORIENTED_EDGE('',*,*,#826,.T.);
#484=ORIENTED_EDGE('',*,*,#825,.F.);
#485=ORIENTED_EDGE('',*,*,#827,.F.);
#486=ORIENTED_EDGE('',*,*,#828,.T.);
#487=ORIENTED_EDGE('',*,*,#829,.T.);
#488=ORIENTED_EDGE('',*,*,#828,.F.);
#489=ORIENTED_EDGE('',*,*,#789,.F.);
#490=ORIENTED_EDGE('',*,*,#830,.T.);
#491=ORIENTED_EDGE('',*,*,#831,.T.);
#492=ORIENTED_EDGE('',*,*,#830,.F.);
#493=ORIENTED_EDGE('',*,*,#832,.F.);
#494=ORIENTED_EDGE('',*,*,#833,.T.);
#495=ORIENTED_EDGE('',*,*,#834,.T.);
#496=ORIENTED_EDGE('',*,*,#833,.F.);
#497=ORIENTED_EDGE('',*,*,#788,.F.);
#498=ORIENTED_EDGE('',*,*,#835,.T.);
#499=ORIENTED_EDGE('',*,*,#836,.T.);
#500=ORIENTED_EDGE('',*,*,#835,.F.);
#501=ORIENTED_EDGE('',*,*,#837,.F.);
#502=ORIENTED_EDGE('',*,*,#838,.T.);
#503=ORIENTED_EDGE('',*,*,#839,.T.);
#504=ORIENTED_EDGE('',*,*,#838,.F.);
#505=ORIENTED_EDGE('',*,*,#840,.F.);
#506=ORIENTED_EDGE('',*,*,#841,.T.);
#507=ORIENTED_EDGE('',*,*,#842,.T.);
#508=ORIENTED_EDGE('',*,*,#841,.F.);
#509=ORIENTED_EDGE('',*,*,#843,.F.);
#510=ORIENTED_EDGE('',*,*,#844,.T.);
#511=ORIENTED_EDGE('',*,*,#845,.T.);
#512=ORIENTED_EDGE('',*,*,#844,.F.);
#513=ORIENTED_EDGE('',*,*,#787,.F.);
#514=ORIENTED_EDGE('',*,*,#846,.T.);
#515=ORIENTED_EDGE('',*,*,#847,.T.);
#516=ORIENTED_EDGE('',*,*,#846,.F.);
#517=ORIENTED_EDGE('',*,*,#848,.F.);
#518=ORIENTED_EDGE('',*,*,#849,.T.);
#519=ORIENTED_EDGE('',*,*,#850,.T.);
#520=ORIENTED_EDGE('',*,*,#849,.F.);
#521=ORIENTED_EDGE('',*,*,#786,.F.);
#522=ORIENTED_EDGE('',*,*,#851,.T.);
#523=ORIENTED_EDGE('',*,*,#852,.T.);
#524=ORIENTED_EDGE('',*,*,#851,.F.);
#525=ORIENTED_EDGE('',*,*,#853,.F.);
#526=ORIENTED_EDGE('',*,*,#821,.F.);
#527=ORIENTED_EDGE('',*,*,#854,.T.);
#528=ORIENTED_EDGE('',*,*,#826,.F.);
#529=ORIENTED_EDGE('',*,*,#829,.F.);
#530=ORIENTED_EDGE('',*,*,#831,.F.);
#531=ORIENTED_EDGE('',*,*,#834,.F.);
#532=ORIENTED_EDGE('',*,*,#836,.F.);
#533=ORIENTED_EDGE('',*,*,#839,.F.);
#534=ORIENTED_EDGE('',*,*,#842,.F.);
#535=ORIENTED_EDGE('',*,*,#845,.F.);
#536=ORIENTED_EDGE('',*,*,#847,.F.);
#537=ORIENTED_EDGE('',*,*,#850,.F.);
#538=ORIENTED_EDGE('',*,*,#852,.F.);
#539=ORIENTED_EDGE('',*,*,#854,.F.);
#540=ORIENTED_EDGE('',*,*,#823,.F.);
#541=ORIENTED_EDGE('',*,*,#820,.F.);
#542=ORIENTED_EDGE('',*,*,#817,.F.);
#543=ORIENTED_EDGE('',*,*,#815,.F.);
#544=ORIENTED_EDGE('',*,*,#812,.F.);
#545=ORIENTED_EDGE('',*,*,#810,.F.);
#546=ORIENTED_EDGE('',*,*,#807,.F.);
#547=ORIENTED_EDGE('',*,*,#804,.F.);
#548=ORIENTED_EDGE('',*,*,#801,.F.);
#549=ORIENTED_EDGE('',*,*,#799,.F.);
#550=ORIENTED_EDGE('',*,*,#796,.F.);
#551=ORIENTED_EDGE('',*,*,#794,.F.);
#552=ORIENTED_EDGE('',*,*,#855,.F.);
#553=ORIENTED_EDGE('',*,*,#790,.T.);
#554=ORIENTED_EDGE('',*,*,#856,.T.);
#555=ORIENTED_EDGE('',*,*,#857,.F.);
#556=ORIENTED_EDGE('',*,*,#948,.T.);
#557=ORIENTED_EDGE('',*,*,#876,.T.);
#558=ORIENTED_EDGE('',*,*,#860,.T.);
#559=ORIENTED_EDGE('',*,*,#878,.T.);
#560=ORIENTED_EDGE('',*,*,#861,.T.);
#561=ORIENTED_EDGE('',*,*,#884,.T.);
#562=ORIENTED_EDGE('',*,*,#886,.T.);
#563=ORIENTED_EDGE('',*,*,#890,.T.);
#564=ORIENTED_EDGE('',*,*,#892,.T.);
#565=ORIENTED_EDGE('',*,*,#896,.T.);
#566=ORIENTED_EDGE('',*,*,#898,.T.);
#567=ORIENTED_EDGE('',*,*,#902,.T.);
#568=ORIENTED_EDGE('',*,*,#862,.T.);
#569=ORIENTED_EDGE('',*,*,#904,.T.);
#570=ORIENTED_EDGE('',*,*,#863,.T.);
#571=ORIENTED_EDGE('',*,*,#910,.T.);
#572=ORIENTED_EDGE('',*,*,#912,.T.);
#573=ORIENTED_EDGE('',*,*,#916,.T.);
#574=ORIENTED_EDGE('',*,*,#918,.T.);
#575=ORIENTED_EDGE('',*,*,#922,.T.);
#576=ORIENTED_EDGE('',*,*,#924,.T.);
#577=ORIENTED_EDGE('',*,*,#929,.T.);
#578=ORIENTED_EDGE('',*,*,#864,.T.);
#579=ORIENTED_EDGE('',*,*,#865,.T.);
#580=ORIENTED_EDGE('',*,*,#866,.T.);
#581=ORIENTED_EDGE('',*,*,#934,.T.);
#582=ORIENTED_EDGE('',*,*,#936,.T.);
#583=ORIENTED_EDGE('',*,*,#941,.T.);
#584=ORIENTED_EDGE('',*,*,#942,.T.);
#585=ORIENTED_EDGE('',*,*,#947,.T.);
#586=ORIENTED_EDGE('',*,*,#949,.T.);
#587=ORIENTED_EDGE('',*,*,#945,.T.);
#588=ORIENTED_EDGE('',*,*,#943,.T.);
#589=ORIENTED_EDGE('',*,*,#939,.T.);
#590=ORIENTED_EDGE('',*,*,#937,.T.);
#591=ORIENTED_EDGE('',*,*,#932,.T.);
#592=ORIENTED_EDGE('',*,*,#867,.T.);
#593=ORIENTED_EDGE('',*,*,#868,.T.);
#594=ORIENTED_EDGE('',*,*,#869,.T.);
#595=ORIENTED_EDGE('',*,*,#927,.T.);
#596=ORIENTED_EDGE('',*,*,#925,.T.);
#597=ORIENTED_EDGE('',*,*,#920,.T.);
#598=ORIENTED_EDGE('',*,*,#919,.T.);
#599=ORIENTED_EDGE('',*,*,#914,.T.);
#600=ORIENTED_EDGE('',*,*,#913,.T.);
#601=ORIENTED_EDGE('',*,*,#908,.T.);
#602=ORIENTED_EDGE('',*,*,#870,.T.);
#603=ORIENTED_EDGE('',*,*,#906,.T.);
#604=ORIENTED_EDGE('',*,*,#871,.T.);
#605=ORIENTED_EDGE('',*,*,#900,.T.);
#606=ORIENTED_EDGE('',*,*,#899,.T.);
#607=ORIENTED_EDGE('',*,*,#894,.T.);
#608=ORIENTED_EDGE('',*,*,#893,.T.);
#609=ORIENTED_EDGE('',*,*,#888,.T.);
#610=ORIENTED_EDGE('',*,*,#887,.T.);
#611=ORIENTED_EDGE('',*,*,#882,.T.);
#612=ORIENTED_EDGE('',*,*,#872,.T.);
#613=ORIENTED_EDGE('',*,*,#880,.T.);
#614=ORIENTED_EDGE('',*,*,#873,.T.);
#615=ORIENTED_EDGE('',*,*,#874,.T.);
#616=ORIENTED_EDGE('',*,*,#875,.F.);
#617=ORIENTED_EDGE('',*,*,#876,.F.);
#618=ORIENTED_EDGE('',*,*,#877,.F.);
#619=ORIENTED_EDGE('',*,*,#874,.F.);
#620=ORIENTED_EDGE('',*,*,#873,.F.);
#621=ORIENTED_EDGE('',*,*,#879,.F.);
#622=ORIENTED_EDGE('',*,*,#860,.F.);
#623=ORIENTED_EDGE('',*,*,#875,.T.);
#624=ORIENTED_EDGE('',*,*,#878,.F.);
#625=ORIENTED_EDGE('',*,*,#879,.T.);
#626=ORIENTED_EDGE('',*,*,#880,.F.);
#627=ORIENTED_EDGE('',*,*,#881,.T.);
#628=ORIENTED_EDGE('',*,*,#872,.F.);
#629=ORIENTED_EDGE('',*,*,#885,.T.);
#630=ORIENTED_EDGE('',*,*,#861,.F.);
#631=ORIENTED_EDGE('',*,*,#881,.F.);
#632=ORIENTED_EDGE('',*,*,#883,.F.);
#633=ORIENTED_EDGE('',*,*,#884,.F.);
#634=ORIENTED_EDGE('',*,*,#885,.F.);
#635=ORIENTED_EDGE('',*,*,#882,.F.);
#636=ORIENTED_EDGE('',*,*,#886,.F.);
#637=ORIENTED_EDGE('',*,*,#883,.T.);
#638=ORIENTED_EDGE('',*,*,#887,.F.);
#639=ORIENTED_EDGE('',*,*,#891,.F.);
#640=ORIENTED_EDGE('',*,*,#888,.F.);
#641=ORIENTED_EDGE('',*,*,#889,.T.);
#642=ORIENTED_EDGE('',*,*,#890,.F.);
#643=ORIENTED_EDGE('',*,*,#891,.T.);
#644=ORIENTED_EDGE('',*,*,#892,.F.);
#645=ORIENTED_EDGE('',*,*,#889,.F.);
#646=ORIENTED_EDGE('',*,*,#893,.F.);
#647=ORIENTED_EDGE('',*,*,#897,.F.);
#648=ORIENTED_EDGE('',*,*,#894,.F.);
#649=ORIENTED_EDGE('',*,*,#895,.T.);
#650=ORIENTED_EDGE('',*,*,#896,.F.);
#651=ORIENTED_EDGE('',*,*,#897,.T.);
#652=ORIENTED_EDGE('',*,*,#898,.F.);
#653=ORIENTED_EDGE('',*,*,#895,.F.);
#654=ORIENTED_EDGE('',*,*,#899,.F.);
#655=ORIENTED_EDGE('',*,*,#903,.T.);
#656=ORIENTED_EDGE('',*,*,#901,.F.);
#657=ORIENTED_EDGE('',*,*,#902,.F.);
#658=ORIENTED_EDGE('',*,*,#903,.F.);
#659=ORIENTED_EDGE('',*,*,#900,.F.);
#660=ORIENTED_EDGE('',*,*,#871,.F.);
#661=ORIENTED_EDGE('',*,*,#905,.F.);
#662=ORIENTED_EDGE('',*,*,#862,.F.);
#663=ORIENTED_EDGE('',*,*,#901,.T.);
#664=ORIENTED_EDGE('',*,*,#904,.F.);
#665=ORIENTED_EDGE('',*,*,#905,.T.);
#666=ORIENTED_EDGE('',*,*,#906,.F.);
#667=ORIENTED_EDGE('',*,*,#907,.T.);
#668=ORIENTED_EDGE('',*,*,#870,.F.);
#669=ORIENTED_EDGE('',*,*,#911,.T.);
#670=ORIENTED_EDGE('',*,*,#863,.F.);
#671=ORIENTED_EDGE('',*,*,#907,.F.);
#672=ORIENTED_EDGE('',*,*,#909,.F.);
#673=ORIENTED_EDGE('',*,*,#910,.F.);
#674=ORIENTED_EDGE('',*,*,#911,.F.);
#675=ORIENTED_EDGE('',*,*,#908,.F.);
#676=ORIENTED_EDGE('',*,*,#912,.F.);
#677=ORIENTED_EDGE('',*,*,#909,.T.);
#678=ORIENTED_EDGE('',*,*,#913,.F.);
#679=ORIENTED_EDGE('',*,*,#917,.F.);
#680=ORIENTED_EDGE('',*,*,#914,.F.);
#681=ORIENTED_EDGE('',*,*,#915,.T.);
#682=ORIENTED_EDGE('',*,*,#916,.F.);
#683=ORIENTED_EDGE('',*,*,#917,.T.);
#684=ORIENTED_EDGE('',*,*,#918,.F.);
#685=ORIENTED_EDGE('',*,*,#915,.F.);
#686=ORIENTED_EDGE('',*,*,#919,.F.);
#687=ORIENTED_EDGE('',*,*,#923,.F.);
#688=ORIENTED_EDGE('',*,*,#920,.F.);
#689=ORIENTED_EDGE('',*,*,#921,.T.);
#690=ORIENTED_EDGE('',*,*,#922,.F.);
#691=ORIENTED_EDGE('',*,*,#923,.T.);
#692=ORIENTED_EDGE('',*,*,#924,.F.);
#693=ORIENTED_EDGE('',*,*,#921,.F.);
#694=ORIENTED_EDGE('',*,*,#925,.F.);
#695=ORIENTED_EDGE('',*,*,#926,.T.);
#696=ORIENTED_EDGE('',*,*,#928,.F.);
#697=ORIENTED_EDGE('',*,*,#929,.F.);
#698=ORIENTED_EDGE('',*,*,#926,.F.);
#699=ORIENTED_EDGE('',*,*,#927,.F.);
#700=ORIENTED_EDGE('',*,*,#869,.F.);
#701=ORIENTED_EDGE('',*,*,#930,.T.);
#702=ORIENTED_EDGE('',*,*,#864,.F.);
#703=ORIENTED_EDGE('',*,*,#928,.T.);
#704=ORIENTED_EDGE('',*,*,#865,.F.);
#705=ORIENTED_EDGE('',*,*,#930,.F.);
#706=ORIENTED_EDGE('',*,*,#868,.F.);
#707=ORIENTED_EDGE('',*,*,#931,.T.);
#708=ORIENTED_EDGE('',*,*,#867,.F.);
#709=ORIENTED_EDGE('',*,*,#935,.T.);
#710=ORIENTED_EDGE('',*,*,#866,.F.);
#711=ORIENTED_EDGE('',*,*,#931,.F.);
#712=ORIENTED_EDGE('',*,*,#933,.F.);
#713=ORIENTED_EDGE('',*,*,#934,.F.);
#714=ORIENTED_EDGE('',*,*,#935,.F.);
#715=ORIENTED_EDGE('',*,*,#932,.F.);
#716=ORIENTED_EDGE('',*,*,#936,.F.);
#717=ORIENTED_EDGE('',*,*,#933,.T.);
#718=ORIENTED_EDGE('',*,*,#937,.F.);
#719=ORIENTED_EDGE('',*,*,#938,.T.);
#720=ORIENTED_EDGE('',*,*,#939,.F.);
#721=ORIENTED_EDGE('',*,*,#940,.T.);
#722=ORIENTED_EDGE('',*,*,#941,.F.);
#723=ORIENTED_EDGE('',*,*,#938,.F.);
#724=ORIENTED_EDGE('',*,*,#942,.F.);
#725=ORIENTED_EDGE('',*,*,#940,.F.);
#726=ORIENTED_EDGE('',*,*,#943,.F.);
#727=ORIENTED_EDGE('',*,*,#944,.T.);
#728=ORIENTED_EDGE('',*,*,#945,.F.);
#729=ORIENTED_EDGE('',*,*,#946,.T.);
#730=ORIENTED_EDGE('',*,*,#947,.F.);
#731=ORIENTED_EDGE('',*,*,#944,.F.);
#732=ORIENTED_EDGE('',*,*,#948,.F.);
#733=ORIENTED_EDGE('',*,*,#946,.F.);
#734=ORIENTED_EDGE('',*,*,#949,.F.);
#735=ORIENTED_EDGE('',*,*,#877,.T.);
#736=EDGE_CURVE('',#1188,#1187,#1070,.T.);
#737=EDGE_CURVE('',#1190,#1189,#1071,.T.);
#738=EDGE_CURVE('',#1191,#1192,#1072,.T.);
#739=EDGE_CURVE('',#1194,#1193,#1073,.T.);
#740=EDGE_CURVE('',#1198,#1195,#1074,.T.);
#741=EDGE_CURVE('',#1196,#1197,#1075,.T.);
#742=EDGE_CURVE('',#1202,#1199,#1076,.T.);
#743=EDGE_CURVE('',#1200,#1201,#1077,.T.);
#744=EDGE_CURVE('',#1202,#1198,#1078,.T.);
#745=EDGE_CURVE('',#1187,#1204,#1079,.T.);
#746=EDGE_CURVE('',#1190,#1205,#950,.T.);
#747=EDGE_CURVE('',#1189,#1206,#951,.T.);
#748=EDGE_CURVE('',#1191,#1207,#952,.T.);
#749=EDGE_CURVE('',#1192,#1208,#953,.T.);
#750=EDGE_CURVE('',#1193,#1210,#954,.T.);
#751=EDGE_CURVE('',#1194,#1209,#955,.T.);
#752=EDGE_CURVE('',#1195,#1212,#956,.T.);
#753=EDGE_CURVE('',#1196,#1211,#957,.T.);
#754=EDGE_CURVE('',#1200,#1213,#958,.T.);
#755=EDGE_CURVE('',#1199,#1214,#959,.T.);
#756=EDGE_CURVE('',#1202,#1201,#1080,.T.);
#757=EDGE_CURVE('',#1201,#1202,#1081,.T.);
#758=EDGE_CURVE('',#1188,#1203,#1082,.T.);
#759=EDGE_CURVE('',#1198,#1197,#1083,.T.);
#760=EDGE_CURVE('',#1197,#1198,#1084,.T.);
#761=EDGE_CURVE('',#1203,#1204,#1085,.T.);
#762=EDGE_CURVE('',#1204,#1187,#1086,.T.);
#763=EDGE_CURVE('',#1203,#1188,#1087,.T.);
#764=EDGE_CURVE('',#1205,#1206,#1088,.T.);
#765=EDGE_CURVE('',#1205,#1190,#960,.T.);
#766=EDGE_CURVE('',#1206,#1189,#961,.T.);
#767=EDGE_CURVE('',#1207,#1208,#1089,.T.);
#768=EDGE_CURVE('',#1207,#1191,#962,.T.);
#769=EDGE_CURVE('',#1208,#1192,#963,.T.);
#770=EDGE_CURVE('',#1209,#1210,#1090,.T.);
#771=EDGE_CURVE('',#1210,#1193,#964,.T.);
#772=EDGE_CURVE('',#1209,#1194,#965,.T.);
#773=EDGE_CURVE('',#1211,#1204,#1091,.T.);
#774=EDGE_CURVE('',#1187,#1212,#1092,.T.);
#775=EDGE_CURVE('',#1212,#1195,#966,.T.);
#776=EDGE_CURVE('',#1211,#1196,#967,.T.);
#777=EDGE_CURVE('',#1213,#1203,#1093,.T.);
#778=EDGE_CURVE('',#1188,#1214,#1094,.T.);
#779=EDGE_CURVE('',#1213,#1200,#968,.T.);
#780=EDGE_CURVE('',#1214,#1199,#969,.T.);
#781=EDGE_CURVE('',#1201,#1197,#1095,.T.);
#782=EDGE_CURVE('',#1217,#1218,#1096,.T.);
#783=EDGE_CURVE('',#1219,#1220,#1097,.T.);
#784=EDGE_CURVE('',#1223,#1224,#1098,.T.);
#785=EDGE_CURVE('',#1225,#1226,#1099,.T.);
#786=EDGE_CURVE('',#1229,#1230,#1100,.T.);
#787=EDGE_CURVE('',#1231,#1232,#1101,.T.);
#788=EDGE_CURVE('',#1235,#1236,#1102,.T.);
#789=EDGE_CURVE('',#1237,#1238,#1103,.T.);
#790=EDGE_CURVE('',#1239,#1240,#1104,.T.);
#791=EDGE_CURVE('',#1241,#1217,#1105,.T.);
#792=EDGE_CURVE('',#1216,#1217,#1106,.T.);
#793=EDGE_CURVE('',#1216,#1242,#1107,.T.);
#794=EDGE_CURVE('',#1242,#1241,#1108,.T.);
#795=EDGE_CURVE('',#1243,#1218,#1109,.T.);
#796=EDGE_CURVE('',#1241,#1243,#1110,.T.);
#797=EDGE_CURVE('',#1244,#1219,#1111,.T.);
#798=EDGE_CURVE('',#1218,#1219,#1112,.T.);
#799=EDGE_CURVE('',#1243,#1244,#1113,.T.);
#800=EDGE_CURVE('',#1245,#1220,#1114,.T.);
#801=EDGE_CURVE('',#1244,#1245,#1115,.T.);
#802=EDGE_CURVE('',#1246,#1221,#1116,.T.);
#803=EDGE_CURVE('',#1220,#1221,#1117,.T.);
#804=EDGE_CURVE('',#1245,#1246,#1118,.T.);
#805=EDGE_CURVE('',#1247,#1222,#1119,.T.);
#806=EDGE_CURVE('',#1221,#1222,#970,.T.);
#807=EDGE_CURVE('',#1246,#1247,#971,.T.);
#808=EDGE_CURVE('',#1248,#1223,#1120,.T.);
#809=EDGE_CURVE('',#1222,#1223,#1121,.T.);
#810=EDGE_CURVE('',#1247,#1248,#1122,.T.);
#811=EDGE_CURVE('',#1249,#1224,#1123,.T.);
#812=EDGE_CURVE('',#1248,#1249,#1124,.T.);
#813=EDGE_CURVE('',#1250,#1225,#1125,.T.);
#814=EDGE_CURVE('',#1224,#1225,#1126,.T.);
#815=EDGE_CURVE('',#1249,#1250,#1127,.T.);
#816=EDGE_CURVE('',#1251,#1226,#1128,.T.);
#817=EDGE_CURVE('',#1250,#1251,#1129,.T.);
#818=EDGE_CURVE('',#1252,#1227,#1130,.T.);
#819=EDGE_CURVE('',#1226,#1227,#1131,.T.);
#820=EDGE_CURVE('',#1251,#1252,#1132,.T.);
#821=EDGE_CURVE('',#1253,#1228,#1133,.T.);
#822=EDGE_CURVE('',#1227,#1228,#972,.T.);
#823=EDGE_CURVE('',#1252,#1253,#973,.T.);
#824=EDGE_CURVE('',#1215,#1216,#974,.T.);
#825=EDGE_CURVE('',#1215,#1254,#1134,.T.);
#826=EDGE_CURVE('',#1254,#1242,#975,.T.);
#827=EDGE_CURVE('',#1238,#1215,#1135,.T.);
#828=EDGE_CURVE('',#1238,#1255,#1136,.T.);
#829=EDGE_CURVE('',#1255,#1254,#1137,.T.);
#830=EDGE_CURVE('',#1237,#1256,#1138,.T.);
#831=EDGE_CURVE('',#1256,#1255,#1139,.T.);
#832=EDGE_CURVE('',#1236,#1237,#1140,.T.);
#833=EDGE_CURVE('',#1236,#1257,#1141,.T.);
#834=EDGE_CURVE('',#1257,#1256,#1142,.T.);
#835=EDGE_CURVE('',#1235,#1258,#1143,.T.);
#836=EDGE_CURVE('',#1258,#1257,#1144,.T.);
#837=EDGE_CURVE('',#1234,#1235,#1145,.T.);
#838=EDGE_CURVE('',#1234,#1259,#1146,.T.);
#839=EDGE_CURVE('',#1259,#1258,#1147,.T.);
#840=EDGE_CURVE('',#1233,#1234,#976,.T.);
#841=EDGE_CURVE('',#1233,#1260,#1148,.T.);
#842=EDGE_CURVE('',#1260,#1259,#977,.T.);
#843=EDGE_CURVE('',#1232,#1233,#1149,.T.);
#844=EDGE_CURVE('',#1232,#1261,#1150,.T.);
#845=EDGE_CURVE('',#1261,#1260,#1151,.T.);
#846=EDGE_CURVE('',#1231,#1262,#1152,.T.);
#847=EDGE_CURVE('',#1262,#1261,#1153,.T.);
#848=EDGE_CURVE('',#1230,#1231,#1154,.T.);
#849=EDGE_CURVE('',#1230,#1263,#1155,.T.);
#850=EDGE_CURVE('',#1263,#1262,#1156,.T.);
#851=EDGE_CURVE('',#1229,#1264,#1157,.T.);
#852=EDGE_CURVE('',#1264,#1263,#1158,.T.);
#853=EDGE_CURVE('',#1228,#1229,#1159,.T.);
#854=EDGE_CURVE('',#1253,#1264,#1160,.T.);
#855=EDGE_CURVE('',#1239,#1265,#978,.T.);
#856=EDGE_CURVE('',#1240,#1266,#979,.T.);
#857=EDGE_CURVE('',#1265,#1266,#1161,.T.);
#858=EDGE_CURVE('',#1265,#1239,#980,.T.);
#859=EDGE_CURVE('',#1266,#1240,#981,.T.);
#860=EDGE_CURVE('',#1269,#1270,#1162,.T.);
#861=EDGE_CURVE('',#1271,#1272,#1163,.T.);
#862=EDGE_CURVE('',#1279,#1280,#1164,.T.);
#863=EDGE_CURVE('',#1281,#1282,#1165,.T.);
#864=EDGE_CURVE('',#1289,#1290,#11,.T.);
#865=EDGE_CURVE('',#1290,#1291,#12,.T.);
#866=EDGE_CURVE('',#1291,#1292,#1166,.T.);
#867=EDGE_CURVE('',#1303,#1304,#1167,.T.);
#868=EDGE_CURVE('',#1304,#1305,#13,.T.);
#869=EDGE_CURVE('',#1305,#1306,#14,.T.);
#870=EDGE_CURVE('',#1313,#1314,#1168,.T.);
#871=EDGE_CURVE('',#1315,#1316,#1169,.T.);
#872=EDGE_CURVE('',#1323,#1324,#1170,.T.);
#873=EDGE_CURVE('',#1325,#1326,#1171,.T.);
#874=EDGE_CURVE('',#1326,#1297,#982,.T.);
#875=EDGE_CURVE('',#1269,#1326,#1172,.T.);
#876=EDGE_CURVE('',#1268,#1269,#983,.T.);
#877=EDGE_CURVE('',#1297,#1268,#1173,.T.);
#878=EDGE_CURVE('',#1270,#1271,#984,.T.);
#879=EDGE_CURVE('',#1270,#1325,#15,.T.);
#880=EDGE_CURVE('',#1324,#1325,#985,.T.);
#881=EDGE_CURVE('',#1324,#1271,#1174,.T.);
#882=EDGE_CURVE('',#1322,#1323,#986,.T.);
#883=EDGE_CURVE('',#1273,#1322,#1175,.T.);
#884=EDGE_CURVE('',#1272,#1273,#987,.T.);
#885=EDGE_CURVE('',#1323,#1272,#16,.T.);
#886=EDGE_CURVE('',#1273,#1274,#17,.T.);
#887=EDGE_CURVE('',#1321,#1322,#18,.T.);
#888=EDGE_CURVE('',#1320,#1321,#988,.T.);
#889=EDGE_CURVE('',#1320,#1275,#1176,.T.);
#890=EDGE_CURVE('',#1274,#1275,#989,.T.);
#891=EDGE_CURVE('',#1274,#1321,#19,.T.);
#892=EDGE_CURVE('',#1275,#1276,#20,.T.);
#893=EDGE_CURVE('',#1319,#1320,#21,.T.);
#894=EDGE_CURVE('',#1318,#1319,#990,.T.);
#895=EDGE_CURVE('',#1318,#1277,#1177,.T.);
#896=EDGE_CURVE('',#1276,#1277,#991,.T.);
#897=EDGE_CURVE('',#1276,#1319,#22,.T.);
#898=EDGE_CURVE('',#1277,#1278,#23,.T.);
#899=EDGE_CURVE('',#1317,#1318,#24,.T.);
#900=EDGE_CURVE('',#1316,#1317,#992,.T.);
#901=EDGE_CURVE('',#1279,#1316,#1178,.T.);
#902=EDGE_CURVE('',#1278,#1279,#993,.T.);
#903=EDGE_CURVE('',#1317,#1278,#25,.T.);
#904=EDGE_CURVE('',#1280,#1281,#994,.T.);
#905=EDGE_CURVE('',#1280,#1315,#26,.T.);
#906=EDGE_CURVE('',#1314,#1315,#995,.T.);
#907=EDGE_CURVE('',#1314,#1281,#1179,.T.);
#908=EDGE_CURVE('',#1312,#1313,#996,.T.);
#909=EDGE_CURVE('',#1283,#1312,#1180,.T.);
#910=EDGE_CURVE('',#1282,#1283,#997,.T.);
#911=EDGE_CURVE('',#1313,#1282,#27,.T.);
#912=EDGE_CURVE('',#1283,#1284,#28,.T.);
#913=EDGE_CURVE('',#1311,#1312,#29,.T.);
#914=EDGE_CURVE('',#1310,#1311,#998,.T.);
#915=EDGE_CURVE('',#1310,#1285,#1181,.T.);
#916=EDGE_CURVE('',#1284,#1285,#999,.T.);
#917=EDGE_CURVE('',#1284,#1311,#30,.T.);
#918=EDGE_CURVE('',#1285,#1286,#31,.T.);
#919=EDGE_CURVE('',#1309,#1310,#32,.T.);
#920=EDGE_CURVE('',#1308,#1309,#1000,.T.);
#921=EDGE_CURVE('',#1308,#1287,#1182,.T.);
#922=EDGE_CURVE('',#1286,#1287,#1001,.T.);
#923=EDGE_CURVE('',#1286,#1309,#33,.T.);
#924=EDGE_CURVE('',#1287,#1288,#34,.T.);
#925=EDGE_CURVE('',#1307,#1308,#35,.T.);
#926=EDGE_CURVE('',#1307,#1288,#36,.T.);
#927=EDGE_CURVE('',#1306,#1307,#1002,.T.);
#928=EDGE_CURVE('',#1289,#1306,#37,.T.);
#929=EDGE_CURVE('',#1288,#1289,#1003,.T.);
#930=EDGE_CURVE('',#1305,#1290,#38,.T.);
#931=EDGE_CURVE('',#1304,#1291,#1183,.T.);
#932=EDGE_CURVE('',#1302,#1303,#1004,.T.);
#933=EDGE_CURVE('',#1293,#1302,#1184,.T.);
#934=EDGE_CURVE('',#1292,#1293,#1005,.T.);
#935=EDGE_CURVE('',#1303,#1292,#39,.T.);
#936=EDGE_CURVE('',#1293,#1294,#40,.T.);
#937=EDGE_CURVE('',#1301,#1302,#41,.T.);
#938=EDGE_CURVE('',#1301,#1294,#42,.T.);
#939=EDGE_CURVE('',#1300,#1301,#1006,.T.);
#940=EDGE_CURVE('',#1300,#1295,#1185,.T.);
#941=EDGE_CURVE('',#1294,#1295,#1007,.T.);
#942=EDGE_CURVE('',#1295,#1296,#43,.T.);
#943=EDGE_CURVE('',#1299,#1300,#44,.T.);
#944=EDGE_CURVE('',#1299,#1296,#45,.T.);
#945=EDGE_CURVE('',#1298,#1299,#1008,.T.);
#946=EDGE_CURVE('',#1298,#1267,#1186,.T.);
#947=EDGE_CURVE('',#1296,#1267,#1009,.T.);
#948=EDGE_CURVE('',#1267,#1268,#46,.T.);
#949=EDGE_CURVE('',#1297,#1298,#47,.T.);
#950=TRIMMED_CURVE($,#1010,(#1942),(#1943),.T.,.CARTESIAN.);
#951=TRIMMED_CURVE($,#1011,(#1945),(#1946),.T.,.CARTESIAN.);
#952=TRIMMED_CURVE($,#1012,(#1948),(#1949),.T.,.CARTESIAN.);
#953=TRIMMED_CURVE($,#1013,(#1951),(#1952),.T.,.CARTESIAN.);
#954=TRIMMED_CURVE($,#1014,(#1954),(#1955),.T.,.CARTESIAN.);
#955=TRIMMED_CURVE($,#1015,(#1957),(#1958),.T.,.CARTESIAN.);
#956=TRIMMED_CURVE($,#1016,(#1960),(#1961),.T.,.CARTESIAN.);
#957=TRIMMED_CURVE($,#1017,(#1963),(#1964),.T.,.CARTESIAN.);
#958=TRIMMED_CURVE($,#1018,(#1966),(#1967),.T.,.CARTESIAN.);
#959=TRIMMED_CURVE($,#1019,(#1969),(#1970),.T.,.CARTESIAN.);
#960=TRIMMED_CURVE($,#1020,(#2305),(#2306),.T.,.CARTESIAN.);
#961=TRIMMED_CURVE($,#1021,(#2308),(#2309),.T.,.CARTESIAN.);
#962=TRIMMED_CURVE($,#1022,(#2313),(#2314),.T.,.CARTESIAN.);
#963=TRIMMED_CURVE($,#1023,(#2316),(#2317),.T.,.CARTESIAN.);
#964=TRIMMED_CURVE($,#1024,(#2321),(#2322),.T.,.CARTESIAN.);
#965=TRIMMED_CURVE($,#1025,(#2324),(#2325),.T.,.CARTESIAN.);
#966=TRIMMED_CURVE($,#1026,(#2331),(#2332),.T.,.CARTESIAN.);
#967=TRIMMED_CURVE($,#1027,(#2334),(#2335),.T.,.CARTESIAN.);
#968=TRIMMED_CURVE($,#1028,(#2341),(#2342),.T.,.CARTESIAN.);
#969=TRIMMED_CURVE($,#1029,(#2344),(#2345),.T.,.CARTESIAN.);
#970=TRIMMED_CURVE($,#1030,(#2478),(#2479),.T.,.CARTESIAN.);
#971=TRIMMED_CURVE($,#1031,(#2481),(#2482),.T.,.CARTESIAN.);
#972=TRIMMED_CURVE($,#1032,(#2512),(#2513),.T.,.CARTESIAN.);
#973=TRIMMED_CURVE($,#1033,(#2515),(#2516),.T.,.CARTESIAN.);
#974=TRIMMED_CURVE($,#1034,(#2518),(#2519),.T.,.CARTESIAN.);
#975=TRIMMED_CURVE($,#1035,(#2523),(#2524),.T.,.CARTESIAN.);
#976=TRIMMED_CURVE($,#1036,(#2552),(#2553),.T.,.CARTESIAN.);
#977=TRIMMED_CURVE($,#1037,(#2557),(#2558),.T.,.CARTESIAN.);
#978=TRIMMED_CURVE($,#1038,(#2584),(#2585),.T.,.CARTESIAN.);
#979=TRIMMED_CURVE($,#1039,(#2587),(#2588),.T.,.CARTESIAN.);
#980=TRIMMED_CURVE($,#1040,(#2592),(#2593),.T.,.CARTESIAN.);
#981=TRIMMED_CURVE($,#1041,(#2595),(#2596),.T.,.CARTESIAN.);
#982=TRIMMED_CURVE($,#1042,(#2746),(#2747),.T.,.CARTESIAN.);
#983=TRIMMED_CURVE($,#1043,(#2751),(#2752),.T.,.CARTESIAN.);
#984=TRIMMED_CURVE($,#1044,(#2756),(#2757),.T.,.CARTESIAN.);
#985=TRIMMED_CURVE($,#1045,(#2761),(#2762),.T.,.CARTESIAN.);
#986=TRIMMED_CURVE($,#1046,(#2766),(#2767),.T.,.CARTESIAN.);
#987=TRIMMED_CURVE($,#1047,(#2771),(#2772),.T.,.CARTESIAN.);
#988=TRIMMED_CURVE($,#1048,(#2790),(#2791),.T.,.CARTESIAN.);
#989=TRIMMED_CURVE($,#1049,(#2795),(#2796),.T.,.CARTESIAN.);
#990=TRIMMED_CURVE($,#1050,(#2808),(#2809),.T.,.CARTESIAN.);
#991=TRIMMED_CURVE($,#1051,(#2813),(#2814),.T.,.CARTESIAN.);
#992=TRIMMED_CURVE($,#1052,(#2832),(#2833),.T.,.CARTESIAN.);
#993=TRIMMED_CURVE($,#1053,(#2837),(#2838),.T.,.CARTESIAN.);
#994=TRIMMED_CURVE($,#1054,(#2842),(#2843),.T.,.CARTESIAN.);
#995=TRIMMED_CURVE($,#1055,(#2847),(#2848),.T.,.CARTESIAN.);
#996=TRIMMED_CURVE($,#1056,(#2852),(#2853),.T.,.CARTESIAN.);
#997=TRIMMED_CURVE($,#1057,(#2857),(#2858),.T.,.CARTESIAN.);
#998=TRIMMED_CURVE($,#1058,(#2876),(#2877),.T.,.CARTESIAN.);
#999=TRIMMED_CURVE($,#1059,(#2881),(#2882),.T.,.CARTESIAN.);
#1000=TRIMMED_CURVE($,#1060,(#2894),(#2895),.T.,.CARTESIAN.);
#1001=TRIMMED_CURVE($,#1061,(#2899),(#2900),.T.,.CARTESIAN.);
#1002=TRIMMED_CURVE($,#1062,(#2920),(#2921),.T.,.CARTESIAN.);
#1003=TRIMMED_CURVE($,#1063,(#2925),(#2926),.T.,.CARTESIAN.);
#1004=TRIMMED_CURVE($,#1064,(#2932),(#2933),.T.,.CARTESIAN.);
#1005=TRIMMED_CURVE($,#1065,(#2937),(#2938),.T.,.CARTESIAN.);
#1006=TRIMMED_CURVE($,#1066,(#2958),(#2959),.T.,.CARTESIAN.);
#1007=TRIMMED_CURVE($,#1067,(#2963),(#2964),.T.,.CARTESIAN.);
#1008=TRIMMED_CURVE($,#1068,(#2976),(#2977),.T.,.CARTESIAN.);
#1009=TRIMMED_CURVE($,#1069,(#2981),(#2982),.T.,.CARTESIAN.);
#1010=CIRCLE('',#1516,0.043477);
#1011=CIRCLE('',#1517,0.0434769999999998);
#1012=CIRCLE('',#1518,0.0484759999999991);
#1013=CIRCLE('',#1519,0.0484760000000011);
#1014=CIRCLE('',#1520,0.0874999999999999);
#1015=CIRCLE('',#1521,0.0874999999999997);
#1016=CIRCLE('',#1522,0.0256499999999995);
#1017=CIRCLE('',#1523,0.0256500000000015);
#1018=CIRCLE('',#1524,0.0301500000000001);
#1019=CIRCLE('',#1525,0.0301500000000002);
#1020=CIRCLE('',#1526,0.043477);
#1021=CIRCLE('',#1527,0.0434769999999998);
#1022=CIRCLE('',#1528,0.0484759999999991);
#1023=CIRCLE('',#1529,0.0484760000000011);
#1024=CIRCLE('',#1530,0.0874999999999999);
#1025=CIRCLE('',#1531,0.0874999999999997);
#1026=CIRCLE('',#1532,0.0256499999999995);
#1027=CIRCLE('',#1533,0.0256500000000015);
#1028=CIRCLE('',#1534,0.0301500000000001);
#1029=CIRCLE('',#1535,0.0301500000000002);
#1030=CIRCLE('',#1565,0.0675000000000127);
#1031=CIRCLE('',#1566,0.0675000000000114);
#1032=CIRCLE('',#1567,0.0675000000000056);
#1033=CIRCLE('',#1568,0.0675000000000084);
#1034=CIRCLE('',#1569,0.0675000000000041);
#1035=CIRCLE('',#1570,0.0675000000000212);
#1036=CIRCLE('',#1571,0.0675000000000013);
#1037=CIRCLE('',#1572,0.067499999999996);
#1038=CIRCLE('',#1573,0.0874996565790803);
#1039=CIRCLE('',#1574,0.0874996565790799);
#1040=CIRCLE('',#1575,0.0874996565790803);
#1041=CIRCLE('',#1576,0.0874996565790799);
#1042=CIRCLE('',#1609,0.0178969997558431);
#1043=CIRCLE('',#1610,0.0178969997558357);
#1044=CIRCLE('',#1611,0.085048022822692);
#1045=CIRCLE('',#1612,0.0850480228226904);
#1046=CIRCLE('',#1613,0.0178990659813767);
#1047=CIRCLE('',#1614,0.0178990659813755);
#1048=CIRCLE('',#1615,0.00499841442157977);
#1049=CIRCLE('',#1616,0.00499841442158507);
#1050=CIRCLE('',#1617,0.0049987377483058);
#1051=CIRCLE('',#1618,0.00499873774830547);
#1052=CIRCLE('',#1619,0.0178969997558462);
#1053=CIRCLE('',#1620,0.0178969997558335);
#1054=CIRCLE('',#1621,0.0850480228226936);
#1055=CIRCLE('',#1622,0.0850480228226989);
#1056=CIRCLE('',#1623,0.0178990659814571);
#1057=CIRCLE('',#1624,0.0178990659814481);
#1058=CIRCLE('',#1625,0.00499873338277111);
#1059=CIRCLE('',#1626,0.00499873338276646);
#1060=CIRCLE('',#1627,0.00499841553610957);
#1061=CIRCLE('',#1628,0.0049984155361154);
#1062=CIRCLE('',#1629,0.0178969997558451);
#1063=CIRCLE('',#1630,0.0178969997558551);
#1064=CIRCLE('',#1631,0.0178990659814242);
#1065=CIRCLE('',#1632,0.0178990659814449);
#1066=CIRCLE('',#1633,0.00499809472137135);
#1067=CIRCLE('',#1634,0.00499809472137134);
#1068=CIRCLE('',#1635,0.00499818524122187);
#1069=CIRCLE('',#1636,0.00499818524122358);
#1070=B_SPLINE_CURVE_WITH_KNOTS('',1,(#1892,#1893),.UNSPECIFIED.,.F.,.F.,
(2,2),(0.0128038409767262,0.0173038409767247),.UNSPECIFIED.);
#1071=B_SPLINE_CURVE_WITH_KNOTS('',1,(#1894,#1895),.UNSPECIFIED.,.F.,.F.,
(2,2),(0.0210999994667467,0.112099994134209),.UNSPECIFIED.);
#1072=B_SPLINE_CURVE_WITH_KNOTS('',1,(#1896,#1897),.UNSPECIFIED.,.F.,.F.,
(2,2),(0.0210999994667467,0.112099994134209),.UNSPECIFIED.);
#1073=B_SPLINE_CURVE_WITH_KNOTS('',1,(#1898,#1899),.UNSPECIFIED.,.F.,.F.,
(2,2),(0.0130000005332546,0.0230000058657947),.UNSPECIFIED.);
#1074=B_SPLINE_CURVE_WITH_KNOTS('',1,(#1900,#1901),.UNSPECIFIED.,.F.,.F.,
(2,2),(0.075,0.232000000000002),.UNSPECIFIED.);
#1075=B_SPLINE_CURVE_WITH_KNOTS('',1,(#1902,#1903),.UNSPECIFIED.,.F.,.F.,
(2,2),(0.0320000000000004,0.0490000000000009),.UNSPECIFIED.);
#1076=B_SPLINE_CURVE_WITH_KNOTS('',1,(#1904,#1905),.UNSPECIFIED.,.F.,.F.,
(2,2),(0.0750000000000006,0.232000000000002),.UNSPECIFIED.);
#1077=B_SPLINE_CURVE_WITH_KNOTS('',1,(#1906,#1907),.UNSPECIFIED.,.F.,.F.,
(2,2),(0.0320000000000005,0.049000000000001),.UNSPECIFIED.);
#1078=B_SPLINE_CURVE_WITH_KNOTS('',1,(#1908,#1909),.UNSPECIFIED.,.F.,.F.,
(2,2),(0.0128038409767262,0.0173038409767247),.UNSPECIFIED.);
#1079=B_SPLINE_CURVE_WITH_KNOTS('',3,(#1910,#1911,#1912,#1913,#1914,#1915,
#1916,#1917,#1918,#1919,#1920,#1921,#1922,#1923,#1924,#1925,#1926,#1927,
#1928,#1929,#1930,#1931,#1932,#1933,#1934,#1935,#1936,#1937,#1938,#1939,
#1940),.UNSPECIFIED.,.F.,.F.,(4,2,2,2,2,2,2,3,2,2,2,2,2,2,4),(-0.0208546820297207,
-0.0182408753716543,-0.0156270687135879,-0.013022767875391,-0.0104184670371941,
-0.00522486050143516,-0.00261243025071765,-1.45716771982052E-16,0.00261243084301528,
0.00522486168603071,0.010418467037167,0.0130227683485981,0.0156270696600292,
0.0182408758448839,0.0208546820297386),.UNSPECIFIED.);
#1080=B_SPLINE_CURVE_WITH_KNOTS('',3,(#1971,#1972,#1973,#1974,#1975,#1976,
#1977,#1978,#1979,#1980,#1981,#1982,#1983,#1984,#1985,#1986,#1987,#1988,
#1989,#1990,#1991,#1992,#1993,#1994,#1995,#1996,#1997,#1998,#1999,#2000,
#2001,#2002,#2003,#2004,#2005,#2006,#2007,#2008,#2009,#2010,#2011,#2012,
#2013,#2014,#2015,#2016,#2017,#2018,#2019,#2020,#2021,#2022,#2023,#2024,
#2025,#2026,#2027,#2028,#2029),.UNSPECIFIED.,.F.,.F.,(4,2,2,2,2,2,2,2,2,
2,2,2,2,2,3,2,2,2,2,2,2,2,2,2,2,2,2,2,4),(0.0206988171435486,0.0219930448217716,
0.0226401586608831,0.0232872724999946,0.0245815001782175,0.0258757278564406,
0.028461970888787,0.0310482139211334,0.0336342768283605,0.0362203397355877,
0.0375146657749154,0.038808991814243,0.0394561548339068,0.0401033178535706,
0.0413976438928982,0.0426919569499978,0.0433391134785476,0.0439862700070974,
0.0452805830641969,0.0465748961212965,0.0491609825079973,0.0517470688946981,
0.0543332973188196,0.0569195257429413,0.0582137617587401,0.0595079977745391,
0.0601551157824384,0.0608022337903379,0.0620964698061367),.UNSPECIFIED.);
#1081=B_SPLINE_CURVE_WITH_KNOTS('',3,(#2030,#2031,#2032,#2033,#2034,#2035,
#2036,#2037,#2038,#2039,#2040,#2041,#2042,#2043,#2044,#2045,#2046,#2047,
#2048,#2049,#2050,#2051,#2052,#2053,#2054,#2055,#2056,#2057,#2058,#2059,
#2060,#2061,#2062,#2063,#2064,#2065,#2066,#2067,#2068,#2069,#2070,#2071,
#2072,#2073,#2074,#2075,#2076,#2077,#2078,#2079,#2080,#2081,#2082,#2083,
#2084,#2085,#2086,#2087,#2088),.UNSPECIFIED.,.F.,.F.,(4,2,2,2,2,2,2,2,2,
2,2,2,2,2,3,2,2,2,2,2,2,2,2,2,2,2,2,2,4),(0.0206988267493497,0.0219930514382342,
0.022640164200732,0.0232872769632299,0.0245815024882256,0.0258757280132213,
0.0284619710202943,0.0310482140273673,0.0336342769084858,0.0362203397896043,
0.0375146658154276,0.0388089918412509,0.0394561548541626,0.0401033178670742,
0.0413976438928976,0.0426919569888118,0.0433391135367689,0.0439862700847259,
0.0452805831806401,0.0465748962765543,0.04916098274158,0.0517470692066058,
0.0543332977100666,0.0569195262135275,0.0582137601282849,0.0595079940430424,
0.0601551110004211,0.0608022279577998,0.0620964610364462),.UNSPECIFIED.);
#1082=B_SPLINE_CURVE_WITH_KNOTS('',3,(#2089,#2090,#2091,#2092,#2093,#2094,
#2095,#2096,#2097,#2098,#2099,#2100,#2101,#2102,#2103,#2104,#2105,#2106,
#2107,#2108,#2109,#2110,#2111,#2112,#2113,#2114,#2115,#2116,#2117,#2118,
#2119,#2120,#2121,#2122,#2123,#2124,#2125,#2126,#2127,#2128,#2129,#2130,
#2131,#2132,#2133,#2134,#2135,#2136,#2137,#2138,#2139,#2140,#2141,#2142,
#2143,#2144,#2145,#2146,#2147),.UNSPECIFIED.,.F.,.F.,(4,2,2,2,2,2,2,2,2,
2,2,2,2,2,3,2,2,2,2,2,2,2,2,2,2,2,2,2,4),(0.0206988259132401,0.0219930514382358,
0.0226401642007336,0.0232872769632316,0.0245815024882272,0.0258757280132229,
0.0284619710202958,0.0310482140273686,0.033634276908487,0.0362203397896054,
0.0375146658154287,0.0388089918412519,0.0394561548541635,0.0401033178670752,
0.0413976438928984,0.0426919569888127,0.0433391135367698,0.0439862700847268,
0.045280583180641,0.0465748962765552,0.0491609827415811,0.0517470692066069,
0.0543332977100678,0.0569195262135287,0.0582137601282861,0.0595079940430435,
0.0601551110004222,0.0608022279578009,0.0620964618725595),.UNSPECIFIED.);
#1083=B_SPLINE_CURVE_WITH_KNOTS('',3,(#2148,#2149,#2150,#2151,#2152,#2153,
#2154,#2155,#2156,#2157,#2158,#2159,#2160,#2161,#2162,#2163,#2164,#2165,
#2166,#2167,#2168,#2169,#2170,#2171,#2172,#2173,#2174,#2175,#2176,#2177,
#2178),.UNSPECIFIED.,.F.,.F.,(4,2,2,2,2,2,2,3,2,2,2,2,2,2,4),(-0.0208546820297207,
-0.0182408752569203,-0.01562706848412,-0.0130227675316064,-0.0104184665790929,
-0.00522485981535874,-0.00261242944996772,9.15423313541108E-10,0.0026124318731123,
0.00522486283080128,0.0104184684099127,0.0130227698356605,0.0156270712614082,
0.0182408775609969,0.0208546838605855),.UNSPECIFIED.);
#1084=B_SPLINE_CURVE_WITH_KNOTS('',3,(#2179,#2180,#2181,#2182,#2183,#2184,
#2185,#2186,#2187,#2188,#2189,#2190,#2191,#2192,#2193,#2194,#2195,#2196,
#2197,#2198,#2199,#2200,#2201,#2202,#2203,#2204,#2205,#2206,#2207,#2208,
#2209),.UNSPECIFIED.,.F.,.F.,(4,2,2,2,2,2,2,3,2,2,2,2,2,2,4),(-0.0208546798268363,
-0.0182408752161175,-0.0156270685824271,-0.0130227677749266,-0.010418466967426,
-0.00522486045147412,-0.00261243022573706,0.,0.00261243081804974,0.00522486163609949,
0.0104184669674359,0.0130227682481713,0.0156270695289067,0.0182408756893655,
0.0208546816576993),.UNSPECIFIED.);
#1085=B_SPLINE_CURVE_WITH_KNOTS('',1,(#2210,#2211),.UNSPECIFIED.,.F.,.F.,
(2,2),(0.0128038409767249,0.0173038409767248),.UNSPECIFIED.);
#1086=B_SPLINE_CURVE_WITH_KNOTS('',3,(#2212,#2213,#2214,#2215,#2216,#2217,
#2218,#2219,#2220,#2221,#2222,#2223,#2224,#2225,#2226,#2227,#2228,#2229,
#2230,#2231,#2232,#2233,#2234,#2235,#2236,#2237,#2238,#2239,#2240,#2241,
#2242),.UNSPECIFIED.,.F.,.F.,(4,2,2,2,2,2,2,3,2,2,2,2,2,2,4),(0.0208546820297386,
0.0234684884713042,0.0260822951049947,0.0286865959124952,0.0312908967199958,
0.0364845032359477,0.0390969334616847,0.0417093636874218,0.0443217945054715,
0.0469342253235213,0.0521278306548577,0.0547321319355931,0.0573364332163284,
0.0599502393767873,0.0625640453451211),.UNSPECIFIED.);
#1087=B_SPLINE_CURVE_WITH_KNOTS('',3,(#2243,#2244,#2245,#2246,#2247,#2248,
#2249,#2250,#2251,#2252,#2253,#2254,#2255,#2256,#2257,#2258,#2259,#2260,
#2261,#2262,#2263,#2264,#2265,#2266,#2267,#2268,#2269,#2270,#2271,#2272,
#2273,#2274,#2275,#2276,#2277,#2278,#2279,#2280,#2281,#2282,#2283,#2284,
#2285,#2286,#2287,#2288,#2289,#2290,#2291,#2292,#2293,#2294,#2295,#2296,
#2297,#2298,#2299,#2300,#2301),.UNSPECIFIED.,.F.,.F.,(4,2,2,2,2,2,2,2,2,
2,2,2,2,2,3,2,2,2,2,2,2,2,2,2,2,2,2,2,4),(0.0620964618725595,0.0633906894985022,
0.0640378033114741,0.0646849171244459,0.0659791447503897,0.0672733723763335,
0.0698596153042107,0.072445858232088,0.0750319210348532,0.0776179838376185,
0.0789123098246628,0.0802066358117071,0.0808537988052293,0.0815009617987515,
0.0827952877857958,0.0840896008428955,0.0847367573714453,0.0853839138999951,
0.0866782269570948,0.0879725400141945,0.0905586264008955,0.0931447127875965,
0.0957309412117184,0.0983171696358402,0.0996114056516391,0.100905641667438,
0.101552759675338,0.102199877683237,0.103494113699036),.UNSPECIFIED.);
#1088=B_SPLINE_CURVE_WITH_KNOTS('',1,(#2302,#2303),.UNSPECIFIED.,.F.,.F.,
(2,2),(0.0210999994667467,0.112099994134209),.UNSPECIFIED.);
#1089=B_SPLINE_CURVE_WITH_KNOTS('',1,(#2310,#2311),.UNSPECIFIED.,.F.,.F.,
(2,2),(0.021099999466747,0.112099994134209),.UNSPECIFIED.);
#1090=B_SPLINE_CURVE_WITH_KNOTS('',1,(#2318,#2319),.UNSPECIFIED.,.F.,.F.,
(2,2),(0.0130000005332545,0.0230000058657949),.UNSPECIFIED.);
#1091=B_SPLINE_CURVE_WITH_KNOTS('',1,(#2326,#2327),.UNSPECIFIED.,.F.,.F.,
(2,2),(0.0320000000000004,0.049000000000001),.UNSPECIFIED.);
#1092=B_SPLINE_CURVE_WITH_KNOTS('',1,(#2328,#2329),.UNSPECIFIED.,.F.,.F.,
(2,2),(0.075,0.232000000000002),.UNSPECIFIED.);
#1093=B_SPLINE_CURVE_WITH_KNOTS('',1,(#2336,#2337),.UNSPECIFIED.,.F.,.F.,
(2,2),(0.0320000000000005,0.0490000000000011),.UNSPECIFIED.);
#1094=B_SPLINE_CURVE_WITH_KNOTS('',1,(#2338,#2339),.UNSPECIFIED.,.F.,.F.,
(2,2),(0.0750000000000004,0.232000000000002),.UNSPECIFIED.);
#1095=B_SPLINE_CURVE_WITH_KNOTS('',1,(#2346,#2347),.UNSPECIFIED.,.F.,.F.,
(2,2),(0.0128038409767249,0.0173038409767248),.UNSPECIFIED.);
#1096=B_SPLINE_CURVE_WITH_KNOTS('',1,(#2429,#2430),.UNSPECIFIED.,.F.,.F.,
(2,2),(0.,0.0148492424049186),.UNSPECIFIED.);
#1097=B_SPLINE_CURVE_WITH_KNOTS('',1,(#2431,#2432),.UNSPECIFIED.,.F.,.F.,
(2,2),(0.,0.0148492424049174),.UNSPECIFIED.);
#1098=B_SPLINE_CURVE_WITH_KNOTS('',1,(#2433,#2434),.UNSPECIFIED.,.F.,.F.,
(2,2),(0.,0.0148492424049192),.UNSPECIFIED.);
#1099=B_SPLINE_CURVE_WITH_KNOTS('',1,(#2435,#2436),.UNSPECIFIED.,.F.,.F.,
(2,2),(0.,0.014849242404918),.UNSPECIFIED.);
#1100=B_SPLINE_CURVE_WITH_KNOTS('',1,(#2437,#2438),.UNSPECIFIED.,.F.,.F.,
(2,2),(0.,0.0148492424049189),.UNSPECIFIED.);
#1101=B_SPLINE_CURVE_WITH_KNOTS('',1,(#2439,#2440),.UNSPECIFIED.,.F.,.F.,
(2,2),(0.,0.0148492424049191),.UNSPECIFIED.);
#1102=B_SPLINE_CURVE_WITH_KNOTS('',1,(#2441,#2442),.UNSPECIFIED.,.F.,.F.,
(2,2),(0.,0.0148492424049191),.UNSPECIFIED.);
#1103=B_SPLINE_CURVE_WITH_KNOTS('',1,(#2443,#2444),.UNSPECIFIED.,.F.,.F.,
(2,2),(0.,0.0148492424049182),.UNSPECIFIED.);
#1104=B_SPLINE_CURVE_WITH_KNOTS('',1,(#2445,#2446),.UNSPECIFIED.,.F.,.F.,
(2,2),(0.0129999994667487,0.0229999941342287),.UNSPECIFIED.);
#1105=B_SPLINE_CURVE_WITH_KNOTS('',1,(#2447,#2448),.UNSPECIFIED.,.F.,.F.,
(2,2),(0.,3.00199999999999),.UNSPECIFIED.);
#1106=B_SPLINE_CURVE_WITH_KNOTS('',1,(#2449,#2450),.UNSPECIFIED.,.F.,.F.,
(2,2),(-0.0119181358084961,0.),.UNSPECIFIED.);
#1107=B_SPLINE_CURVE_WITH_KNOTS('',1,(#2451,#2452),.UNSPECIFIED.,.F.,.F.,
(2,2),(0.,3.002),.UNSPECIFIED.);
#1108=B_SPLINE_CURVE_WITH_KNOTS('',1,(#2453,#2454),.UNSPECIFIED.,.F.,.F.,
(2,2),(0.,0.0119181358084963),.UNSPECIFIED.);
#1109=B_SPLINE_CURVE_WITH_KNOTS('',1,(#2455,#2456),.UNSPECIFIED.,.F.,.F.,
(2,2),(0.,3.00199999999999),.UNSPECIFIED.);
#1110=B_SPLINE_CURVE_WITH_KNOTS('',1,(#2457,#2458),.UNSPECIFIED.,.F.,.F.,
(2,2),(0.,0.0148492424049184),.UNSPECIFIED.);
#1111=B_SPLINE_CURVE_WITH_KNOTS('',1,(#2459,#2460),.UNSPECIFIED.,.F.,.F.,
(2,2),(0.,3.00199999999999),.UNSPECIFIED.);
#1112=B_SPLINE_CURVE_WITH_KNOTS('',1,(#2461,#2462),.UNSPECIFIED.,.F.,.F.,
(2,2),(-0.0329898987322332,0.),.UNSPECIFIED.);
#1113=B_SPLINE_CURVE_WITH_KNOTS('',1,(#2463,#2464),.UNSPECIFIED.,.F.,.F.,
(2,2),(0.,0.0329898987322308),.UNSPECIFIED.);
#1114=B_SPLINE_CURVE_WITH_KNOTS('',1,(#2465,#2466),.UNSPECIFIED.,.F.,.F.,
(2,2),(0.,3.00199999999999),.UNSPECIFIED.);
#1115=B_SPLINE_CURVE_WITH_KNOTS('',1,(#2467,#2468),.UNSPECIFIED.,.F.,.F.,
(2,2),(0.,0.0148492424049191),.UNSPECIFIED.);
#1116=B_SPLINE_CURVE_WITH_KNOTS('',1,(#2469,#2470),.UNSPECIFIED.,.F.,.F.,
(2,2),(0.,3.002),.UNSPECIFIED.);
#1117=B_SPLINE_CURVE_WITH_KNOTS('',1,(#2471,#2472),.UNSPECIFIED.,.F.,.F.,
(2,2),(-0.0119905154176347,0.),.UNSPECIFIED.);
#1118=B_SPLINE_CURVE_WITH_KNOTS('',1,(#2473,#2474),.UNSPECIFIED.,.F.,.F.,
(2,2),(0.,0.0119905154176362),.UNSPECIFIED.);
#1119=B_SPLINE_CURVE_WITH_KNOTS('',1,(#2475,#2476),.UNSPECIFIED.,.F.,.F.,
(2,2),(0.,3.002),.UNSPECIFIED.);
#1120=B_SPLINE_CURVE_WITH_KNOTS('',1,(#2483,#2484),.UNSPECIFIED.,.F.,.F.,
(2,2),(0.,3.00199999999999),.UNSPECIFIED.);
#1121=B_SPLINE_CURVE_WITH_KNOTS('',1,(#2485,#2486),.UNSPECIFIED.,.F.,.F.,
(2,2),(-0.0119181358084905,0.),.UNSPECIFIED.);
#1122=B_SPLINE_CURVE_WITH_KNOTS('',1,(#2487,#2488),.UNSPECIFIED.,.F.,.F.,
(2,2),(0.,0.0119181358084904),.UNSPECIFIED.);
#1123=B_SPLINE_CURVE_WITH_KNOTS('',1,(#2489,#2490),.UNSPECIFIED.,.F.,.F.,
(2,2),(0.,3.00199999999999),.UNSPECIFIED.);
#1124=B_SPLINE_CURVE_WITH_KNOTS('',1,(#2491,#2492),.UNSPECIFIED.,.F.,.F.,
(2,2),(0.,0.0148492424049192),.UNSPECIFIED.);
#1125=B_SPLINE_CURVE_WITH_KNOTS('',1,(#2493,#2494),.UNSPECIFIED.,.F.,.F.,
(2,2),(0.,3.00199999999999),.UNSPECIFIED.);
#1126=B_SPLINE_CURVE_WITH_KNOTS('',1,(#2495,#2496),.UNSPECIFIED.,.F.,.F.,
(2,2),(-0.0329898987322316,0.),.UNSPECIFIED.);
#1127=B_SPLINE_CURVE_WITH_KNOTS('',1,(#2497,#2498),.UNSPECIFIED.,.F.,.F.,
(2,2),(0.,0.0329898987322318),.UNSPECIFIED.);
#1128=B_SPLINE_CURVE_WITH_KNOTS('',1,(#2499,#2500),.UNSPECIFIED.,.F.,.F.,
(2,2),(0.,3.00199999999999),.UNSPECIFIED.);
#1129=B_SPLINE_CURVE_WITH_KNOTS('',1,(#2501,#2502),.UNSPECIFIED.,.F.,.F.,
(2,2),(0.,0.0148492424049186),.UNSPECIFIED.);
#1130=B_SPLINE_CURVE_WITH_KNOTS('',1,(#2503,#2504),.UNSPECIFIED.,.F.,.F.,
(2,2),(0.,3.002),.UNSPECIFIED.);
#1131=B_SPLINE_CURVE_WITH_KNOTS('',1,(#2505,#2506),.UNSPECIFIED.,.F.,.F.,
(2,2),(-0.0119905154176305,0.),.UNSPECIFIED.);
#1132=B_SPLINE_CURVE_WITH_KNOTS('',1,(#2507,#2508),.UNSPECIFIED.,.F.,.F.,
(2,2),(0.,0.0119905154176299),.UNSPECIFIED.);
#1133=B_SPLINE_CURVE_WITH_KNOTS('',1,(#2509,#2510),.UNSPECIFIED.,.F.,.F.,
(2,2),(0.,3.002),.UNSPECIFIED.);
#1134=B_SPLINE_CURVE_WITH_KNOTS('',1,(#2520,#2521),.UNSPECIFIED.,.F.,.F.,
(2,2),(0.,3.002),.UNSPECIFIED.);
#1135=B_SPLINE_CURVE_WITH_KNOTS('',1,(#2525,#2526),.UNSPECIFIED.,.F.,.F.,
(2,2),(-0.0119905154176358,0.),.UNSPECIFIED.);
#1136=B_SPLINE_CURVE_WITH_KNOTS('',1,(#2527,#2528),.UNSPECIFIED.,.F.,.F.,
(2,2),(0.,3.00199999999999),.UNSPECIFIED.);
#1137=B_SPLINE_CURVE_WITH_KNOTS('',1,(#2529,#2530),.UNSPECIFIED.,.F.,.F.,
(2,2),(0.,0.0119905154176357),.UNSPECIFIED.);
#1138=B_SPLINE_CURVE_WITH_KNOTS('',1,(#2531,#2532),.UNSPECIFIED.,.F.,.F.,
(2,2),(0.,3.00199999999999),.UNSPECIFIED.);
#1139=B_SPLINE_CURVE_WITH_KNOTS('',1,(#2533,#2534),.UNSPECIFIED.,.F.,.F.,
(2,2),(0.,0.0148492424049182),.UNSPECIFIED.);
#1140=B_SPLINE_CURVE_WITH_KNOTS('',1,(#2535,#2536),.UNSPECIFIED.,.F.,.F.,
(2,2),(-0.0329898987322307,0.),.UNSPECIFIED.);
#1141=B_SPLINE_CURVE_WITH_KNOTS('',1,(#2537,#2538),.UNSPECIFIED.,.F.,.F.,
(2,2),(0.,3.00199999999999),.UNSPECIFIED.);
#1142=B_SPLINE_CURVE_WITH_KNOTS('',1,(#2539,#2540),.UNSPECIFIED.,.F.,.F.,
(2,2),(0.,0.0329898987322318),.UNSPECIFIED.);
#1143=B_SPLINE_CURVE_WITH_KNOTS('',1,(#2541,#2542),.UNSPECIFIED.,.F.,.F.,
(2,2),(0.,3.00199999999999),.UNSPECIFIED.);
#1144=B_SPLINE_CURVE_WITH_KNOTS('',1,(#2543,#2544),.UNSPECIFIED.,.F.,.F.,
(2,2),(0.,0.0148492424049191),.UNSPECIFIED.);
#1145=B_SPLINE_CURVE_WITH_KNOTS('',1,(#2545,#2546),.UNSPECIFIED.,.F.,.F.,
(2,2),(-0.0119181358084905,0.),.UNSPECIFIED.);
#1146=B_SPLINE_CURVE_WITH_KNOTS('',1,(#2547,#2548),.UNSPECIFIED.,.F.,.F.,
(2,2),(0.,3.002),.UNSPECIFIED.);
#1147=B_SPLINE_CURVE_WITH_KNOTS('',1,(#2549,#2550),.UNSPECIFIED.,.F.,.F.,
(2,2),(0.,0.0119181358084886),.UNSPECIFIED.);
#1148=B_SPLINE_CURVE_WITH_KNOTS('',1,(#2554,#2555),.UNSPECIFIED.,.F.,.F.,
(2,2),(0.,3.002),.UNSPECIFIED.);
#1149=B_SPLINE_CURVE_WITH_KNOTS('',1,(#2559,#2560),.UNSPECIFIED.,.F.,.F.,
(2,2),(-0.0119905154176348,0.),.UNSPECIFIED.);
#1150=B_SPLINE_CURVE_WITH_KNOTS('',1,(#2561,#2562),.UNSPECIFIED.,.F.,.F.,
(2,2),(0.,3.00199999999999),.UNSPECIFIED.);
#1151=B_SPLINE_CURVE_WITH_KNOTS('',1,(#2563,#2564),.UNSPECIFIED.,.F.,.F.,
(2,2),(0.,0.0119905154176376),.UNSPECIFIED.);
#1152=B_SPLINE_CURVE_WITH_KNOTS('',1,(#2565,#2566),.UNSPECIFIED.,.F.,.F.,
(2,2),(0.,3.00199999999999),.UNSPECIFIED.);
#1153=B_SPLINE_CURVE_WITH_KNOTS('',1,(#2567,#2568),.UNSPECIFIED.,.F.,.F.,
(2,2),(0.,0.0148492424049192),.UNSPECIFIED.);
#1154=B_SPLINE_CURVE_WITH_KNOTS('',1,(#2569,#2570),.UNSPECIFIED.,.F.,.F.,
(2,2),(-0.032989898732232,0.),.UNSPECIFIED.);
#1155=B_SPLINE_CURVE_WITH_KNOTS('',1,(#2571,#2572),.UNSPECIFIED.,.F.,.F.,
(2,2),(0.,3.00199999999999),.UNSPECIFIED.);
#1156=B_SPLINE_CURVE_WITH_KNOTS('',1,(#2573,#2574),.UNSPECIFIED.,.F.,.F.,
(2,2),(0.,0.0329898987322305),.UNSPECIFIED.);
#1157=B_SPLINE_CURVE_WITH_KNOTS('',1,(#2575,#2576),.UNSPECIFIED.,.F.,.F.,
(2,2),(0.,3.00199999999999),.UNSPECIFIED.);
#1158=B_SPLINE_CURVE_WITH_KNOTS('',1,(#2577,#2578),.UNSPECIFIED.,.F.,.F.,
(2,2),(0.,0.0148492424049188),.UNSPECIFIED.);
#1159=B_SPLINE_CURVE_WITH_KNOTS('',1,(#2579,#2580),.UNSPECIFIED.,.F.,.F.,
(2,2),(-0.0119181358084977,0.),.UNSPECIFIED.);
#1160=B_SPLINE_CURVE_WITH_KNOTS('',1,(#2581,#2582),.UNSPECIFIED.,.F.,.F.,
(2,2),(0.,0.0119181358084966),.UNSPECIFIED.);
#1161=B_SPLINE_CURVE_WITH_KNOTS('',1,(#2589,#2590),.UNSPECIFIED.,.F.,.F.,
(2,2),(0.0129999994667494,0.0229999941342287),.UNSPECIFIED.);
#1162=B_SPLINE_CURVE_WITH_KNOTS('',3,(#2689,#2690,#2691,#2692),
 .UNSPECIFIED.,.F.,.F.,(4,4),(0.,0.00571052588306719),.UNSPECIFIED.);
#1163=B_SPLINE_CURVE_WITH_KNOTS('',3,(#2693,#2694,#2695,#2696),
 .UNSPECIFIED.,.F.,.F.,(4,4),(0.,0.00575927871045877),.UNSPECIFIED.);
#1164=B_SPLINE_CURVE_WITH_KNOTS('',3,(#2697,#2698,#2699,#2700),
 .UNSPECIFIED.,.F.,.F.,(4,4),(0.,0.00571052588306821),.UNSPECIFIED.);
#1165=B_SPLINE_CURVE_WITH_KNOTS('',3,(#2701,#2702,#2703,#2704),
 .UNSPECIFIED.,.F.,.F.,(4,4),(0.,0.00575927871045363),.UNSPECIFIED.);
#1166=B_SPLINE_CURVE_WITH_KNOTS('',3,(#2713,#2714,#2715,#2716),
 .UNSPECIFIED.,.F.,.F.,(4,4),(0.,0.00575927871044144),.UNSPECIFIED.);
#1167=B_SPLINE_CURVE_WITH_KNOTS('',3,(#2717,#2718,#2719,#2720),
 .UNSPECIFIED.,.F.,.F.,(4,4),(0.,0.00575927871043933),.UNSPECIFIED.);
#1168=B_SPLINE_CURVE_WITH_KNOTS('',3,(#2729,#2730,#2731,#2732),
 .UNSPECIFIED.,.F.,.F.,(4,4),(0.,0.00575927871045553),.UNSPECIFIED.);
#1169=B_SPLINE_CURVE_WITH_KNOTS('',3,(#2733,#2734,#2735,#2736),
 .UNSPECIFIED.,.F.,.F.,(4,4),(0.,0.00571052588306652),.UNSPECIFIED.);
#1170=B_SPLINE_CURVE_WITH_KNOTS('',3,(#2737,#2738,#2739,#2740),
 .UNSPECIFIED.,.F.,.F.,(4,4),(0.,0.0057592787104589),.UNSPECIFIED.);
#1171=B_SPLINE_CURVE_WITH_KNOTS('',3,(#2741,#2742,#2743,#2744),
 .UNSPECIFIED.,.F.,.F.,(4,4),(0.,0.00571052588306878),.UNSPECIFIED.);
#1172=B_SPLINE_CURVE_WITH_KNOTS('',1,(#2748,#2749),.UNSPECIFIED.,.F.,.F.,
(2,2),(-0.0759827906142503,0.),.UNSPECIFIED.);
#1173=B_SPLINE_CURVE_WITH_KNOTS('',1,(#2753,#2754),.UNSPECIFIED.,.F.,.F.,
(2,2),(-0.0759827906142503,0.),.UNSPECIFIED.);
#1174=B_SPLINE_CURVE_WITH_KNOTS('',1,(#2763,#2764),.UNSPECIFIED.,.F.,.F.,
(2,2),(0.,0.0759827906142503),.UNSPECIFIED.);
#1175=B_SPLINE_CURVE_WITH_KNOTS('',1,(#2768,#2769),.UNSPECIFIED.,.F.,.F.,
(2,2),(-0.0759827906142503,0.),.UNSPECIFIED.);
#1176=B_SPLINE_CURVE_WITH_KNOTS('',1,(#2792,#2793),.UNSPECIFIED.,.F.,.F.,
(2,2),(0.,0.0759827906142503),.UNSPECIFIED.);
#1177=B_SPLINE_CURVE_WITH_KNOTS('',1,(#2810,#2811),.UNSPECIFIED.,.F.,.F.,
(2,2),(0.,0.0759827906142503),.UNSPECIFIED.);
#1178=B_SPLINE_CURVE_WITH_KNOTS('',1,(#2834,#2835),.UNSPECIFIED.,.F.,.F.,
(2,2),(-0.0759827906142503,0.),.UNSPECIFIED.);
#1179=B_SPLINE_CURVE_WITH_KNOTS('',1,(#2849,#2850),.UNSPECIFIED.,.F.,.F.,
(2,2),(0.,0.0759827906142503),.UNSPECIFIED.);
#1180=B_SPLINE_CURVE_WITH_KNOTS('',1,(#2854,#2855),.UNSPECIFIED.,.F.,.F.,
(2,2),(-0.0759827906142503,0.),.UNSPECIFIED.);
#1181=B_SPLINE_CURVE_WITH_KNOTS('',1,(#2878,#2879),.UNSPECIFIED.,.F.,.F.,
(2,2),(0.,0.0759827906142503),.UNSPECIFIED.);
#1182=B_SPLINE_CURVE_WITH_KNOTS('',1,(#2896,#2897),.UNSPECIFIED.,.F.,.F.,
(2,2),(0.,0.0759827906142503),.UNSPECIFIED.);
#1183=B_SPLINE_CURVE_WITH_KNOTS('',1,(#2929,#2930),.UNSPECIFIED.,.F.,.F.,
(2,2),(0.,0.0759827906142601),.UNSPECIFIED.);
#1184=B_SPLINE_CURVE_WITH_KNOTS('',1,(#2934,#2935),.UNSPECIFIED.,.F.,.F.,
(2,2),(-0.0759827906142503,0.),.UNSPECIFIED.);
#1185=B_SPLINE_CURVE_WITH_KNOTS('',1,(#2960,#2961),.UNSPECIFIED.,.F.,.F.,
(2,2),(0.,0.0759827906142503),.UNSPECIFIED.);
#1186=B_SPLINE_CURVE_WITH_KNOTS('',1,(#2978,#2979),.UNSPECIFIED.,.F.,.F.,
(2,2),(0.,0.0759827906142401),.UNSPECIFIED.);
#1187=VERTEX_POINT('',#1864);
#1188=VERTEX_POINT('',#1865);
#1189=VERTEX_POINT('',#1866);
#1190=VERTEX_POINT('',#1867);
#1191=VERTEX_POINT('',#1868);
#1192=VERTEX_POINT('',#1869);
#1193=VERTEX_POINT('',#1870);
#1194=VERTEX_POINT('',#1871);
#1195=VERTEX_POINT('',#1872);
#1196=VERTEX_POINT('',#1873);
#1197=VERTEX_POINT('',#1874);
#1198=VERTEX_POINT('',#1875);
#1199=VERTEX_POINT('',#1876);
#1200=VERTEX_POINT('',#1877);
#1201=VERTEX_POINT('',#1878);
#1202=VERTEX_POINT('',#1879);
#1203=VERTEX_POINT('',#1880);
#1204=VERTEX_POINT('',#1881);
#1205=VERTEX_POINT('',#1882);
#1206=VERTEX_POINT('',#1883);
#1207=VERTEX_POINT('',#1884);
#1208=VERTEX_POINT('',#1885);
#1209=VERTEX_POINT('',#1886);
#1210=VERTEX_POINT('',#1887);
#1211=VERTEX_POINT('',#1888);
#1212=VERTEX_POINT('',#1889);
#1213=VERTEX_POINT('',#1890);
#1214=VERTEX_POINT('',#1891);
#1215=VERTEX_POINT('',#2377);
#1216=VERTEX_POINT('',#2378);
#1217=VERTEX_POINT('',#2379);
#1218=VERTEX_POINT('',#2380);
#1219=VERTEX_POINT('',#2381);
#1220=VERTEX_POINT('',#2382);
#1221=VERTEX_POINT('',#2383);
#1222=VERTEX_POINT('',#2384);
#1223=VERTEX_POINT('',#2385);
#1224=VERTEX_POINT('',#2386);
#1225=VERTEX_POINT('',#2387);
#1226=VERTEX_POINT('',#2388);
#1227=VERTEX_POINT('',#2389);
#1228=VERTEX_POINT('',#2390);
#1229=VERTEX_POINT('',#2391);
#1230=VERTEX_POINT('',#2392);
#1231=VERTEX_POINT('',#2393);
#1232=VERTEX_POINT('',#2394);
#1233=VERTEX_POINT('',#2395);
#1234=VERTEX_POINT('',#2396);
#1235=VERTEX_POINT('',#2397);
#1236=VERTEX_POINT('',#2398);
#1237=VERTEX_POINT('',#2399);
#1238=VERTEX_POINT('',#2400);
#1239=VERTEX_POINT('',#2401);
#1240=VERTEX_POINT('',#2402);
#1241=VERTEX_POINT('',#2403);
#1242=VERTEX_POINT('',#2404);
#1243=VERTEX_POINT('',#2405);
#1244=VERTEX_POINT('',#2406);
#1245=VERTEX_POINT('',#2407);
#1246=VERTEX_POINT('',#2408);
#1247=VERTEX_POINT('',#2409);
#1248=VERTEX_POINT('',#2410);
#1249=VERTEX_POINT('',#2411);
#1250=VERTEX_POINT('',#2412);
#1251=VERTEX_POINT('',#2413);
#1252=VERTEX_POINT('',#2414);
#1253=VERTEX_POINT('',#2415);
#1254=VERTEX_POINT('',#2416);
#1255=VERTEX_POINT('',#2417);
#1256=VERTEX_POINT('',#2418);
#1257=VERTEX_POINT('',#2419);
#1258=VERTEX_POINT('',#2420);
#1259=VERTEX_POINT('',#2421);
#1260=VERTEX_POINT('',#2422);
#1261=VERTEX_POINT('',#2423);
#1262=VERTEX_POINT('',#2424);
#1263=VERTEX_POINT('',#2425);
#1264=VERTEX_POINT('',#2426);
#1265=VERTEX_POINT('',#2427);
#1266=VERTEX_POINT('',#2428);
#1267=VERTEX_POINT('',#2629);
#1268=VERTEX_POINT('',#2630);
#1269=VERTEX_POINT('',#2631);
#1270=VERTEX_POINT('',#2632);
#1271=VERTEX_POINT('',#2633);
#1272=VERTEX_POINT('',#2634);
#1273=VERTEX_POINT('',#2635);
#1274=VERTEX_POINT('',#2636);
#1275=VERTEX_POINT('',#2637);
#1276=VERTEX_POINT('',#2638);
#1277=VERTEX_POINT('',#2639);
#1278=VERTEX_POINT('',#2640);
#1279=VERTEX_POINT('',#2641);
#1280=VERTEX_POINT('',#2642);
#1281=VERTEX_POINT('',#2643);
#1282=VERTEX_POINT('',#2644);
#1283=VERTEX_POINT('',#2645);
#1284=VERTEX_POINT('',#2646);
#1285=VERTEX_POINT('',#2647);
#1286=VERTEX_POINT('',#2648);
#1287=VERTEX_POINT('',#2649);
#1288=VERTEX_POINT('',#2650);
#1289=VERTEX_POINT('',#2651);
#1290=VERTEX_POINT('',#2652);
#1291=VERTEX_POINT('',#2653);
#1292=VERTEX_POINT('',#2654);
#1293=VERTEX_POINT('',#2655);
#1294=VERTEX_POINT('',#2656);
#1295=VERTEX_POINT('',#2657);
#1296=VERTEX_POINT('',#2658);
#1297=VERTEX_POINT('',#2659);
#1298=VERTEX_POINT('',#2660);
#1299=VERTEX_POINT('',#2661);
#1300=VERTEX_POINT('',#2662);
#1301=VERTEX_POINT('',#2663);
#1302=VERTEX_POINT('',#2664);
#1303=VERTEX_POINT('',#2665);
#1304=VERTEX_POINT('',#2666);
#1305=VERTEX_POINT('',#2667);
#1306=VERTEX_POINT('',#2668);
#1307=VERTEX_POINT('',#2669);
#1308=VERTEX_POINT('',#2670);
#1309=VERTEX_POINT('',#2671);
#1310=VERTEX_POINT('',#2672);
#1311=VERTEX_POINT('',#2673);
#1312=VERTEX_POINT('',#2674);
#1313=VERTEX_POINT('',#2675);
#1314=VERTEX_POINT('',#2676);
#1315=VERTEX_POINT('',#2677);
#1316=VERTEX_POINT('',#2678);
#1317=VERTEX_POINT('',#2679);
#1318=VERTEX_POINT('',#2680);
#1319=VERTEX_POINT('',#2681);
#1320=VERTEX_POINT('',#2682);
#1321=VERTEX_POINT('',#2683);
#1322=VERTEX_POINT('',#2684);
#1323=VERTEX_POINT('',#2685);
#1324=VERTEX_POINT('',#2686);
#1325=VERTEX_POINT('',#2687);
#1326=VERTEX_POINT('',#2688);
#1327=PLANE('',#1499);
#1328=PLANE('',#1500);
#1329=PLANE('',#1501);
#1330=PLANE('',#1502);
#1331=PLANE('',#1504);
#1332=PLANE('',#1507);
#1333=PLANE('',#1536);
#1334=PLANE('',#1537);
#1335=PLANE('',#1539);
#1336=PLANE('',#1540);
#1337=PLANE('',#1541);
#1338=PLANE('',#1542);
#1339=PLANE('',#1543);
#1340=PLANE('',#1545);
#1341=PLANE('',#1546);
#1342=PLANE('',#1547);
#1343=PLANE('',#1548);
#1344=PLANE('',#1549);
#1345=PLANE('',#1552);
#1346=PLANE('',#1553);
#1347=PLANE('',#1554);
#1348=PLANE('',#1555);
#1349=PLANE('',#1556);
#1350=PLANE('',#1558);
#1351=PLANE('',#1559);
#1352=PLANE('',#1560);
#1353=PLANE('',#1561);
#1354=PLANE('',#1562);
#1355=PLANE('',#1563);
#1356=PLANE('',#1577);
#1357=PLANE('',#1578);
#1358=PLANE('',#1580);
#1359=PLANE('',#1582);
#1360=PLANE('',#1584);
#1361=PLANE('',#1586);
#1362=PLANE('',#1588);
#1363=PLANE('',#1590);
#1364=PLANE('',#1592);
#1365=PLANE('',#1594);
#1366=PLANE('',#1596);
#1367=PLANE('',#1598);
#1368=PLANE('',#1600);
#1369=PLANE('',#1602);
#1370=PLANE('',#1604);
#1371=PLANE('',#1606);
#1372=PLANE('',#1608);
#1373=CYLINDRICAL_SURFACE('',#1496,0.013);
#1374=CYLINDRICAL_SURFACE('',#1497,0.0434769999999999);
#1375=CYLINDRICAL_SURFACE('',#1498,0.0484760000000001);
#1376=CYLINDRICAL_SURFACE('',#1503,0.0874999999999998);
#1377=CYLINDRICAL_SURFACE('',#1505,0.0256500000000002);
#1378=CYLINDRICAL_SURFACE('',#1506,0.0301500000000002);
#1379=CYLINDRICAL_SURFACE('',#1508,0.013);
#1380=CYLINDRICAL_SURFACE('',#1509,0.013);
#1381=CYLINDRICAL_SURFACE('',#1510,0.0434769999999999);
#1382=CYLINDRICAL_SURFACE('',#1511,0.0484760000000001);
#1383=CYLINDRICAL_SURFACE('',#1512,0.0874999999999998);
#1384=CYLINDRICAL_SURFACE('',#1513,0.0256500000000002);
#1385=CYLINDRICAL_SURFACE('',#1514,0.0301500000000002);
#1386=CYLINDRICAL_SURFACE('',#1515,0.013);
#1387=CYLINDRICAL_SURFACE('',#1538,0.0874996565790805);
#1388=CYLINDRICAL_SURFACE('',#1544,0.0675000000000142);
#1389=CYLINDRICAL_SURFACE('',#1550,0.067500000000013);
#1390=CYLINDRICAL_SURFACE('',#1551,0.0674999999999997);
#1391=CYLINDRICAL_SURFACE('',#1557,0.0675000000000009);
#1392=CYLINDRICAL_SURFACE('',#1564,0.0874996565790805);
#1393=CYLINDRICAL_SURFACE('',#1579,0.0178969997558415);
#1394=CYLINDRICAL_SURFACE('',#1581,0.0850480228226893);
#1395=CYLINDRICAL_SURFACE('',#1583,0.0178990659813753);
#1396=CYLINDRICAL_SURFACE('',#1585,0.00499841442158282);
#1397=CYLINDRICAL_SURFACE('',#1587,0.00499873774830559);
#1398=CYLINDRICAL_SURFACE('',#1589,0.0178969997558391);
#1399=CYLINDRICAL_SURFACE('',#1591,0.0850480228226972);
#1400=CYLINDRICAL_SURFACE('',#1593,0.017899065981456);
#1401=CYLINDRICAL_SURFACE('',#1595,0.00499873338276913);
#1402=CYLINDRICAL_SURFACE('',#1597,0.00499841553611219);
#1403=CYLINDRICAL_SURFACE('',#1599,0.0178969997558503);
#1404=CYLINDRICAL_SURFACE('',#1601,0.0850480228226947);
#1405=CYLINDRICAL_SURFACE('',#1603,0.0178990659814293);
#1406=CYLINDRICAL_SURFACE('',#1605,0.00499809472137136);
#1407=CYLINDRICAL_SURFACE('',#1607,0.00499818524122352);
#1408=SHAPE_DEFINITION_REPRESENTATION(#1409,#1494);
#1409=PRODUCT_DEFINITION_SHAPE($,$,#1411);
#1410=PRODUCT_DEFINITION_CONTEXT('3D Mechanical Parts',#1483,'design');
#1411=PRODUCT_DEFINITION('A','First version',#1453,#1410);
#1412=DATE_TIME_ROLE('classification_date');
#1413=DATE_TIME_ROLE('creation_date');
#1414=APPLIED_DATE_AND_TIME_ASSIGNMENT(#1438,#1412,(#1417));
#1415=APPLIED_DATE_AND_TIME_ASSIGNMENT(#1440,#1413,(#1411));
#1416=SECURITY_CLASSIFICATION_LEVEL('unclassified');
#1417=SECURITY_CLASSIFICATION('A','Security for version',#1416);
#1418=APPLIED_SECURITY_CLASSIFICATION_ASSIGNMENT(#1417,(#1453));
#1419=APPROVAL_ROLE('Version approval');
#1420=APPROVAL_ROLE('Version Security approval');
#1421=APPROVAL_ROLE('Definition approval');
#1422=APPROVAL_PERSON_ORGANIZATION(#1471,#1447,#1419);
#1423=APPROVAL_PERSON_ORGANIZATION(#1472,#1448,#1420);
#1424=APPROVAL_PERSON_ORGANIZATION(#1475,#1449,#1421);
#1425=COORDINATED_UNIVERSAL_TIME_OFFSET(5,0,.BEHIND.);
#1426=LOCAL_TIME(0,0,0.,#1425);
#1427=LOCAL_TIME(0,0,0.,#1425);
#1428=LOCAL_TIME(0,0,0.,#1425);
#1429=LOCAL_TIME(0,0,0.,#1425);
#1430=LOCAL_TIME(0,0,0.,#1425);
#1431=CALENDAR_DATE(1999,1,1);
#1432=CALENDAR_DATE(1999,1,1);
#1433=CALENDAR_DATE(1999,1,1);
#1434=CALENDAR_DATE(1999,1,1);
#1435=CALENDAR_DATE(1999,1,1);
#1436=DATE_AND_TIME(#1431,#1426);
#1437=DATE_AND_TIME(#1432,#1427);
#1438=DATE_AND_TIME(#1433,#1428);
#1439=DATE_AND_TIME(#1434,#1429);
#1440=DATE_AND_TIME(#1435,#1430);
#1441=APPROVAL_DATE_TIME(#1436,#1447);
#1442=APPROVAL_DATE_TIME(#1437,#1448);
#1443=APPROVAL_DATE_TIME(#1439,#1449);
#1444=APPROVAL_STATUS('not_yet_approved');
#1445=APPROVAL_STATUS('not_yet_approved');
#1446=APPROVAL_STATUS('approved');
#1447=APPROVAL(#1444,'Version approval');
#1448=APPROVAL(#1445,'Version Security approval');
#1449=APPROVAL(#1446,'Definition approval');
#1450=APPLIED_APPROVAL_ASSIGNMENT(#1447,(#1453));
#1451=APPLIED_APPROVAL_ASSIGNMENT(#1448,(#1417));
#1452=APPLIED_APPROVAL_ASSIGNMENT(#1449,(#1411));
#1453=PRODUCT_DEFINITION_FORMATION_WITH_SPECIFIED_SOURCE('A',
'First version',#1485,.MADE.);
#1454=PERSON_AND_ORGANIZATION_ROLE('design_owner');
#1455=PERSON_AND_ORGANIZATION_ROLE('creator');
#1456=PERSON_AND_ORGANIZATION_ROLE('design_supplier');
#1457=PERSON_AND_ORGANIZATION_ROLE('classification_officer');
#1458=PERSON_AND_ORGANIZATION_ROLE('creator');
#1459=ORGANIZATION('STI','lab','lab');
#1460=ORGANIZATION('STI','unknown','unknown');
#1461=ORGANIZATION('STI','unknown','unknown');
#1462=ORGANIZATION('STI','unknown','unknown');
#1463=ORGANIZATION('STI','unknown','unknown');
#1464=ORGANIZATION('STI','unknown','unknown');
#1465=ORGANIZATION('STI','unknown','unknown');
#1466=PERSON('1','Box','vc60',$,$,$);
#1467=PERSON('2','last','first',$,$,$);
#1468=PERSON('3','President','Mr.',$,$,$);
#1469=PERSON_AND_ORGANIZATION(#1466,#1459);
#1470=PERSON_AND_ORGANIZATION(#1467,#1460);
#1471=PERSON_AND_ORGANIZATION(#1468,#1461);
#1472=PERSON_AND_ORGANIZATION(#1468,#1462);
#1473=PERSON_AND_ORGANIZATION(#1468,#1463);
#1474=PERSON_AND_ORGANIZATION(#1467,#1464);
#1475=PERSON_AND_ORGANIZATION(#1468,#1465);
#1476=APPLIED_PERSON_AND_ORGANIZATION_ASSIGNMENT(#1469,#1454,(#1485));
#1477=APPLIED_PERSON_AND_ORGANIZATION_ASSIGNMENT(#1470,#1455,(#1453));
#1478=APPLIED_PERSON_AND_ORGANIZATION_ASSIGNMENT(#1470,#1456,(#1453));
#1479=APPLIED_PERSON_AND_ORGANIZATION_ASSIGNMENT(#1473,#1457,(#1417));
#1480=APPLIED_PERSON_AND_ORGANIZATION_ASSIGNMENT(#1474,#1458,(#1411));
#1481=PRODUCT_RELATED_PRODUCT_CATEGORY('detail','detail',(#1485));
#1482=APPLICATION_PROTOCOL_DEFINITION('International Standard',
'config_control_design',1994,#1483);
#1483=APPLICATION_CONTEXT(
'configuration controlled 3d designs of mechanical parts and assemblie
s');
#1484=PRODUCT_CONTEXT('3D Mechanical Parts',#1483,'mechanical');
#1485=PRODUCT('Document','Document','',(#1484));
#1486=(
LENGTH_UNIT()
NAMED_UNIT(*)
SI_UNIT(.MILLI.,.METRE.)
);
#1487=(
NAMED_UNIT(*)
PLANE_ANGLE_UNIT()
SI_UNIT($,.RADIAN.)
);
#1488=DIMENSIONAL_EXPONENTS(0.,0.,0.,0.,0.,0.,0.);
#1489=PLANE_ANGLE_MEASURE_WITH_UNIT(PLANE_ANGLE_MEASURE(0.01745329252),
#1487);
#1490=(
CONVERSION_BASED_UNIT('DEGREES',#1489)
NAMED_UNIT(#1488)
PLANE_ANGLE_UNIT()
);
#1491=(
NAMED_UNIT(*)
SI_UNIT($,.STERADIAN.)
SOLID_ANGLE_UNIT()
);
#1492=UNCERTAINTY_MEASURE_WITH_UNIT(LENGTH_MEASURE(0.001),#1486,
'DISTANCE_ACCURACY_VALUE',
'Maximum model space distance between geometric entities at asserted c
onnectivities');
#1493=(
GEOMETRIC_REPRESENTATION_CONTEXT(3)
GLOBAL_UNCERTAINTY_ASSIGNED_CONTEXT((#1492))
GLOBAL_UNIT_ASSIGNED_CONTEXT((#1491,#1490,#1486))
REPRESENTATION_CONTEXT('ID1','3D')
);
#1494=SHAPE_REPRESENTATION('Document',(#1495,#1637),#1493);
#1495=AXIS2_PLACEMENT_3D($,#1843,#1638,#1639);
#1496=AXIS2_PLACEMENT_3D('',#1844,#1640,$);
#1497=AXIS2_PLACEMENT_3D('',#1845,#1641,$);
#1498=AXIS2_PLACEMENT_3D('',#1846,#1642,$);
#1499=AXIS2_PLACEMENT_3D('',#1847,#1643,$);
#1500=AXIS2_PLACEMENT_3D('',#1848,#1644,$);
#1501=AXIS2_PLACEMENT_3D('',#1849,#1645,$);
#1502=AXIS2_PLACEMENT_3D('',#1850,#1646,$);
#1503=AXIS2_PLACEMENT_3D('',#1851,#1647,$);
#1504=AXIS2_PLACEMENT_3D('',#1852,#1648,$);
#1505=AXIS2_PLACEMENT_3D('',#1853,#1649,$);
#1506=AXIS2_PLACEMENT_3D('',#1854,#1650,$);
#1507=AXIS2_PLACEMENT_3D('',#1855,#1651,$);
#1508=AXIS2_PLACEMENT_3D('',#1856,#1652,$);
#1509=AXIS2_PLACEMENT_3D('',#1857,#1653,$);
#1510=AXIS2_PLACEMENT_3D('',#1858,#1654,$);
#1511=AXIS2_PLACEMENT_3D('',#1859,#1655,$);
#1512=AXIS2_PLACEMENT_3D('',#1860,#1656,$);
#1513=AXIS2_PLACEMENT_3D('',#1861,#1657,$);
#1514=AXIS2_PLACEMENT_3D('',#1862,#1658,$);
#1515=AXIS2_PLACEMENT_3D('',#1863,#1659,$);
#1516=AXIS2_PLACEMENT_3D($,#1941,#1660,#1661);
#1517=AXIS2_PLACEMENT_3D($,#1944,#1662,#1663);
#1518=AXIS2_PLACEMENT_3D($,#1947,#1664,#1665);
#1519=AXIS2_PLACEMENT_3D($,#1950,#1666,#1667);
#1520=AXIS2_PLACEMENT_3D($,#1953,#1668,#1669);
#1521=AXIS2_PLACEMENT_3D($,#1956,#1670,#1671);
#1522=AXIS2_PLACEMENT_3D($,#1959,#1672,#1673);
#1523=AXIS2_PLACEMENT_3D($,#1962,#1674,#1675);
#1524=AXIS2_PLACEMENT_3D($,#1965,#1676,#1677);
#1525=AXIS2_PLACEMENT_3D($,#1968,#1678,#1679);
#1526=AXIS2_PLACEMENT_3D($,#2304,#1680,#1681);
#1527=AXIS2_PLACEMENT_3D($,#2307,#1682,#1683);
#1528=AXIS2_PLACEMENT_3D($,#2312,#1684,#1685);
#1529=AXIS2_PLACEMENT_3D($,#2315,#1686,#1687);
#1530=AXIS2_PLACEMENT_3D($,#2320,#1688,#1689);
#1531=AXIS2_PLACEMENT_3D($,#2323,#1690,#1691);
#1532=AXIS2_PLACEMENT_3D($,#2330,#1692,#1693);
#1533=AXIS2_PLACEMENT_3D($,#2333,#1694,#1695);
#1534=AXIS2_PLACEMENT_3D($,#2340,#1696,#1697);
#1535=AXIS2_PLACEMENT_3D($,#2343,#1698,#1699);
#1536=AXIS2_PLACEMENT_3D('',#2348,#1700,$);
#1537=AXIS2_PLACEMENT_3D('',#2349,#1701,$);
#1538=AXIS2_PLACEMENT_3D('',#2350,#1702,$);
#1539=AXIS2_PLACEMENT_3D('',#2351,#1703,$);
#1540=AXIS2_PLACEMENT_3D('',#2352,#1704,$);
#1541=AXIS2_PLACEMENT_3D('',#2353,#1705,$);
#1542=AXIS2_PLACEMENT_3D('',#2354,#1706,$);
#1543=AXIS2_PLACEMENT_3D('',#2355,#1707,$);
#1544=AXIS2_PLACEMENT_3D('',#2356,#1708,$);
#1545=AXIS2_PLACEMENT_3D('',#2357,#1709,$);
#1546=AXIS2_PLACEMENT_3D('',#2358,#1710,$);
#1547=AXIS2_PLACEMENT_3D('',#2359,#1711,$);
#1548=AXIS2_PLACEMENT_3D('',#2360,#1712,$);
#1549=AXIS2_PLACEMENT_3D('',#2361,#1713,$);
#1550=AXIS2_PLACEMENT_3D('',#2362,#1714,$);
#1551=AXIS2_PLACEMENT_3D('',#2363,#1715,$);
#1552=AXIS2_PLACEMENT_3D('',#2364,#1716,$);
#1553=AXIS2_PLACEMENT_3D('',#2365,#1717,$);
#1554=AXIS2_PLACEMENT_3D('',#2366,#1718,$);
#1555=AXIS2_PLACEMENT_3D('',#2367,#1719,$);
#1556=AXIS2_PLACEMENT_3D('',#2368,#1720,$);
#1557=AXIS2_PLACEMENT_3D('',#2369,#1721,$);
#1558=AXIS2_PLACEMENT_3D('',#2370,#1722,$);
#1559=AXIS2_PLACEMENT_3D('',#2371,#1723,$);
#1560=AXIS2_PLACEMENT_3D('',#2372,#1724,$);
#1561=AXIS2_PLACEMENT_3D('',#2373,#1725,$);
#1562=AXIS2_PLACEMENT_3D('',#2374,#1726,$);
#1563=AXIS2_PLACEMENT_3D('',#2375,#1727,$);
#1564=AXIS2_PLACEMENT_3D('',#2376,#1728,$);
#1565=AXIS2_PLACEMENT_3D($,#2477,#1729,#1730);
#1566=AXIS2_PLACEMENT_3D($,#2480,#1731,#1732);
#1567=AXIS2_PLACEMENT_3D($,#2511,#1733,#1734);
#1568=AXIS2_PLACEMENT_3D($,#2514,#1735,#1736);
#1569=AXIS2_PLACEMENT_3D($,#2517,#1737,#1738);
#1570=AXIS2_PLACEMENT_3D($,#2522,#1739,#1740);
#1571=AXIS2_PLACEMENT_3D($,#2551,#1741,#1742);
#1572=AXIS2_PLACEMENT_3D($,#2556,#1743,#1744);
#1573=AXIS2_PLACEMENT_3D($,#2583,#1745,#1746);
#1574=AXIS2_PLACEMENT_3D($,#2586,#1747,#1748);
#1575=AXIS2_PLACEMENT_3D($,#2591,#1749,#1750);
#1576=AXIS2_PLACEMENT_3D($,#2594,#1751,#1752);
#1577=AXIS2_PLACEMENT_3D('',#2597,#1753,$);
#1578=AXIS2_PLACEMENT_3D('',#2598,#1754,$);
#1579=AXIS2_PLACEMENT_3D('',#2599,#1755,$);
#1580=AXIS2_PLACEMENT_3D('',#2600,#1756,$);
#1581=AXIS2_PLACEMENT_3D('',#2601,#1757,$);
#1582=AXIS2_PLACEMENT_3D('',#2602,#1758,$);
#1583=AXIS2_PLACEMENT_3D('',#2603,#1759,$);
#1584=AXIS2_PLACEMENT_3D('',#2604,#1760,$);
#1585=AXIS2_PLACEMENT_3D('',#2605,#1761,$);
#1586=AXIS2_PLACEMENT_3D('',#2606,#1762,$);
#1587=AXIS2_PLACEMENT_3D('',#2607,#1763,$);
#1588=AXIS2_PLACEMENT_3D('',#2608,#1764,$);
#1589=AXIS2_PLACEMENT_3D('',#2609,#1765,$);
#1590=AXIS2_PLACEMENT_3D('',#2610,#1766,$);
#1591=AXIS2_PLACEMENT_3D('',#2611,#1767,$);
#1592=AXIS2_PLACEMENT_3D('',#2612,#1768,$);
#1593=AXIS2_PLACEMENT_3D('',#2613,#1769,$);
#1594=AXIS2_PLACEMENT_3D('',#2614,#1770,$);
#1595=AXIS2_PLACEMENT_3D('',#2615,#1771,$);
#1596=AXIS2_PLACEMENT_3D('',#2616,#1772,$);
#1597=AXIS2_PLACEMENT_3D('',#2617,#1773,$);
#1598=AXIS2_PLACEMENT_3D('',#2618,#1774,$);
#1599=AXIS2_PLACEMENT_3D('',#2619,#1775,$);
#1600=AXIS2_PLACEMENT_3D('',#2620,#1776,$);
#1601=AXIS2_PLACEMENT_3D('',#2621,#1777,$);
#1602=AXIS2_PLACEMENT_3D('',#2622,#1778,$);
#1603=AXIS2_PLACEMENT_3D('',#2623,#1779,$);
#1604=AXIS2_PLACEMENT_3D('',#2624,#1780,$);
#1605=AXIS2_PLACEMENT_3D('',#2625,#1781,$);
#1606=AXIS2_PLACEMENT_3D('',#2626,#1782,$);
#1607=AXIS2_PLACEMENT_3D('',#2627,#1783,$);
#1608=AXIS2_PLACEMENT_3D('',#2628,#1784,$);
#1609=AXIS2_PLACEMENT_3D($,#2745,#1785,#1786);
#1610=AXIS2_PLACEMENT_3D($,#2750,#1787,#1788);
#1611=AXIS2_PLACEMENT_3D($,#2755,#1789,#1790);
#1612=AXIS2_PLACEMENT_3D($,#2760,#1791,#1792);
#1613=AXIS2_PLACEMENT_3D($,#2765,#1793,#1794);
#1614=AXIS2_PLACEMENT_3D($,#2770,#1795,#1796);
#1615=AXIS2_PLACEMENT_3D($,#2789,#1797,#1798);
#1616=AXIS2_PLACEMENT_3D($,#2794,#1799,#1800);
#1617=AXIS2_PLACEMENT_3D($,#2807,#1801,#1802);
#1618=AXIS2_PLACEMENT_3D($,#2812,#1803,#1804);
#1619=AXIS2_PLACEMENT_3D($,#2831,#1805,#1806);
#1620=AXIS2_PLACEMENT_3D($,#2836,#1807,#1808);
#1621=AXIS2_PLACEMENT_3D($,#2841,#1809,#1810);
#1622=AXIS2_PLACEMENT_3D($,#2846,#1811,#1812);
#1623=AXIS2_PLACEMENT_3D($,#2851,#1813,#1814);
#1624=AXIS2_PLACEMENT_3D($,#2856,#1815,#1816);
#1625=AXIS2_PLACEMENT_3D($,#2875,#1817,#1818);
#1626=AXIS2_PLACEMENT_3D($,#2880,#1819,#1820);
#1627=AXIS2_PLACEMENT_3D($,#2893,#1821,#1822);
#1628=AXIS2_PLACEMENT_3D($,#2898,#1823,#1824);
#1629=AXIS2_PLACEMENT_3D($,#2919,#1825,#1826);
#1630=AXIS2_PLACEMENT_3D($,#2924,#1827,#1828);
#1631=AXIS2_PLACEMENT_3D($,#2931,#1829,#1830);
#1632=AXIS2_PLACEMENT_3D($,#2936,#1831,#1832);
#1633=AXIS2_PLACEMENT_3D($,#2957,#1833,#1834);
#1634=AXIS2_PLACEMENT_3D($,#2962,#1835,#1836);
#1635=AXIS2_PLACEMENT_3D($,#2975,#1837,#1838);
#1636=AXIS2_PLACEMENT_3D($,#2980,#1839,#1840);
#1637=AXIS2_PLACEMENT_3D($,#2997,#1841,#1842);
#1638=DIRECTION('',(0.,0.,1.));
#1639=DIRECTION('',(1.,0.,0.));
#1640=DIRECTION('',(-6.83214169000097E-14,-1.,3.41607084500048E-14));
#1641=DIRECTION('',(2.55358701066118E-15,-2.55358701066117E-15,-1.));
#1642=DIRECTION('',(2.29025295945448E-15,-2.29025295945448E-15,-1.));
#1643=DIRECTION('',(0.,0.,1.));
#1644=DIRECTION('',(0.,0.,1.));
#1645=DIRECTION('',(0.,0.,-1.));
#1646=DIRECTION('',(0.,0.,-1.));
#1647=DIRECTION('',(-2.22044604925032E-15,2.22044604925032E-15,1.));
#1648=DIRECTION('',(0.,0.,1.));
#1649=DIRECTION('',(-1.62313307693735E-15,1.62313307693735E-15,1.));
#1650=DIRECTION('',(-1.38087440873775E-15,2.30145734789625E-15,1.));
#1651=DIRECTION('',(0.,0.,-1.));
#1652=DIRECTION('',(2.1350442781253E-15,-1.,-3.41607084500048E-14));
#1653=DIRECTION('',(-6.83214169000096E-14,-1.,3.41607084500048E-14));
#1654=DIRECTION('',(2.55358701066118E-15,-2.55358701066117E-15,-1.));
#1655=DIRECTION('',(2.29025295945448E-15,-2.29025295945448E-15,-1.));
#1656=DIRECTION('',(-2.22044604925032E-15,2.22044604925032E-15,1.));
#1657=DIRECTION('',(-1.62313301902857E-15,1.62313310589174E-15,1.));
#1658=DIRECTION('',(-1.3808743524628E-15,2.30145736899935E-15,1.));
#1659=DIRECTION('',(2.1350442781253E-15,-1.,-3.41607084500048E-14));
#1660=DIRECTION('',(-6.38396752665363E-16,-3.19198376332645E-15,-1.));
#1661=DIRECTION('',(-3.30547805747847E-14,-1.,2.55358701066117E-15));
#1662=DIRECTION('',(3.19198376332659E-16,1.59599188166324E-15,1.));
#1663=DIRECTION('',(-2.17363133649505E-16,-1.,1.27679350533059E-15));
#1664=DIRECTION('',(-1.71768971959096E-15,-1.71768971959085E-15,-1.));
#1665=DIRECTION('',(3.17495313450111E-14,1.,-2.29025295945453E-15));
#1666=DIRECTION('',(-8.58844859795407E-16,1.43140809965903E-15,1.));
#1667=DIRECTION('',(3.4218500979275E-16,1.,-1.14512647972722E-15));
#1668=DIRECTION('',(1.586032892322E-16,2.06184276001815E-15,1.));
#1669=DIRECTION('',(-3.43721426079987E-14,-1.,1.90323947078599E-15));
#1670=DIRECTION('',(1.58603289232195E-16,1.74463618155382E-15,1.));
#1671=DIRECTION('',(-3.41597990298233E-14,-1.,1.58603289232166E-15));
#1672=DIRECTION('',(-5.29839487073479E-29,-2.16417743591653E-15,-1.));
#1673=DIRECTION('',(-1.19248338882494E-14,-1.,2.16417743591653E-15));
#1674=DIRECTION('',(-2.29943852566123E-15,2.02891634617159E-15,1.));
#1675=DIRECTION('',(4.54527051323433E-14,-1.,2.02891634617158E-15));
#1676=DIRECTION('',(-2.53160308268579E-15,3.10696741965998E-15,1.));
#1677=DIRECTION('',(-3.30998053297913E-14,-1.,3.10696741965995E-15));
#1678=DIRECTION('',(-1.38087440873768E-15,2.30145734789627E-15,1.));
#1679=DIRECTION('',(-3.30050570360416E-14,-1.,1.841165878317E-15));
#1680=DIRECTION('',(-4.68682975885621E-29,-2.55358701066117E-15,-1.));
#1681=DIRECTION('',(2.54985249291439E-16,1.,-2.55358701066117E-15));
#1682=DIRECTION('',(3.19198376332659E-16,1.59599188166324E-15,1.));
#1683=DIRECTION('',(6.92142240767825E-17,1.,-1.91519025799588E-15));
#1684=DIRECTION('',(1.14512647972715E-15,-2.29025295945456E-15,-1.));
#1685=DIRECTION('',(2.08710856750611E-14,-1.,2.29025295945453E-15));
#1686=DIRECTION('',(-2.86281619931793E-16,1.43140809965902E-15,1.));
#1687=DIRECTION('',(1.10970714374597E-14,-1.,1.71768971959083E-15));
#1688=DIRECTION('',(1.58603289232206E-16,2.06184276001815E-15,1.));
#1689=DIRECTION('',(-1.46712020569488E-15,1.,-2.22044604925032E-15));
#1690=DIRECTION('',(4.75809867696537E-16,1.74463618155381E-15,1.));
#1691=DIRECTION('',(-7.00792179515255E-16,1.,-1.90323947078599E-15));
#1692=DIRECTION('',(1.08208871795818E-15,-2.16417743591655E-15,-1.));
#1693=DIRECTION('',(-1.58898383874781E-14,1.,-2.16417743591653E-15));
#1694=DIRECTION('',(2.29943852566123E-15,2.02891634617158E-15,1.));
#1695=DIRECTION('',(-4.42374426206127E-14,1.,-2.02891634617158E-15));
#1696=DIRECTION('',(-6.90437204368842E-16,3.10696741965996E-15,1.));
#1697=DIRECTION('',(-6.03507554360071E-15,1.,-3.10696741965995E-15));
#1698=DIRECTION('',(-4.60291469579214E-16,2.30145734789625E-15,1.));
#1699=DIRECTION('',(9.14013353250119E-16,1.,-2.7617488174755E-15));
#1700=DIRECTION('',(0.,0.,1.));
#1701=DIRECTION('',(0.,0.,-1.));
#1702=DIRECTION('',(-5.07532517511887E-15,-5.07532517511887E-15,1.));
#1703=DIRECTION('',(0.505969911744679,0.862551127997107,-1.29834535275071E-16));
#1704=DIRECTION('',(0.,1.,0.));
#1705=DIRECTION('',(-0.707106781186519,0.707106781186576,-2.68878333549596E-15));
#1706=DIRECTION('',(-1.,0.,0.));
#1707=DIRECTION('',(-0.866025403784487,-0.499999999999916,-1.01204636119018E-15));
#1708=DIRECTION('',(3.28954970259237E-15,3.28954970259236E-15,1.));
#1709=DIRECTION('',(-0.862551127996843,0.505969911745129,-2.79202851613132E-15));
#1710=DIRECTION('',(-1.,0.,0.));
#1711=DIRECTION('',(-0.707106781186573,-0.707106781186522,-9.02803163743171E-16));
#1712=DIRECTION('',(0.,-1.,0.));
#1713=DIRECTION('',(0.500000000000474,-0.866025403784165,2.26867979038189E-15));
#1714=DIRECTION('',(-6.57909940518485E-15,3.28954970259242E-15,1.));
#1715=DIRECTION('',(0.,6.57909940518614E-15,1.));
#1716=DIRECTION('',(-0.499999999999958,0.866025403784463,-2.86695021300301E-15));
#1717=DIRECTION('',(0.,1.,0.));
#1718=DIRECTION('',(0.707106781186609,0.707106781186486,3.38551186403689E-16));
#1719=DIRECTION('',(1.,0.,0.));
#1720=DIRECTION('',(0.86255112799684,-0.505969911745134,2.85498980069539E-15));
#1721=DIRECTION('',(-3.28954970259301E-15,3.28954970259301E-15,1.));
#1722=DIRECTION('',(0.866025403784475,0.499999999999937,1.15075749444176E-15));
#1723=DIRECTION('',(1.,0.,0.));
#1724=DIRECTION('',(0.707106781186511,-0.707106781186584,2.94392336003208E-15));
#1725=DIRECTION('',(0.,-1.,0.));
#1726=DIRECTION('',(-0.505969911744671,-0.862551127997112,6.66325939445411E-16));
#1727=DIRECTION('',(0.,0.,-1.));
#1728=DIRECTION('',(-5.07532517511887E-15,-5.07532517511887E-15,1.));
#1729=DIRECTION('',(4.55123694913085E-12,3.70179806553621E-15,1.));
#1730=DIRECTION('',(-0.948218404313832,0.317619044958784,4.31588920980128E-12));
#1731=DIRECTION('',(2.33883009885888E-12,1.90231289478489E-15,1.));
#1732=DIRECTION('',(-0.94821840431383,0.317619044958791,2.21715649954735E-12));
#1733=DIRECTION('',(-3.8046257887415E-15,4.67766019771708E-12,1.));
#1734=DIRECTION('',(-0.317619044958995,-0.948218404313762,4.43431299909507E-12));
#1735=DIRECTION('',(-2.52260184398101E-14,2.43362862743628E-12,1.));
#1736=DIRECTION('',(-0.317619044958986,-0.948218404313765,2.29939524211226E-12));
#1737=DIRECTION('',(3.39331489317802E-15,-4.17196720337102E-12,1.));
#1738=DIRECTION('',(0.317619044958817,0.948218404313821,3.95403874251662E-12));
#1739=DIRECTION('',(2.01156735144965E-15,-2.47315480048384E-12,1.));
#1740=DIRECTION('',(0.317619044958737,0.948218404313848,2.34462655052246E-12));
#1741=DIRECTION('',(-4.55123694912969E-12,-3.70179806553659E-15,1.));
#1742=DIRECTION('',(0.94821840431381,-0.31761904495885,4.31588920980201E-12));
#1743=DIRECTION('',(-2.44945044137188E-12,-1.99228715333892E-15,1.));
#1744=DIRECTION('',(0.948218404313808,-0.317619044958858,2.32201089631801E-12));
#1745=DIRECTION('',(-7.00320790652511E-29,-5.07532517511888E-15,-1.));
#1746=DIRECTION('',(2.41051717945019E-14,1.,-5.07532517511888E-15));
#1747=DIRECTION('',(-1.26883129377973E-14,2.53766258755962E-15,-1.));
#1748=DIRECTION('',(1.74442243650093E-14,1.,0.));
#1749=DIRECTION('',(5.07532517511875E-15,-5.07532517511895E-15,-1.));
#1750=DIRECTION('',(-9.38775140144749E-16,-1.,5.07532517511888E-15));
#1751=DIRECTION('',(7.61298776267826E-15,2.53766258755935E-15,-1.));
#1752=DIRECTION('',(4.43435891271917E-15,-1.,0.));
#1753=DIRECTION('',(0.,0.,1.));
#1754=DIRECTION('',(0.,0.,-1.));
#1755=DIRECTION('',(6.20340302716261E-13,3.72204181629757E-13,-1.));
#1756=DIRECTION('',(0.999111749600308,-0.0421391956569089,5.60866377211654E-15));
#1757=DIRECTION('',(-3.65514019700539E-14,-1.56648865585945E-14,1.));
#1758=DIRECTION('',(0.554530297681303,0.832163534981848,-9.12215929745449E-16));
#1759=DIRECTION('',(4.96214953687701E-13,2.48107476843851E-13,-1.));
#1760=DIRECTION('',(0.987582649245147,0.157100321164331,5.73821452536316E-15));
#1761=DIRECTION('',(2.66538049305704E-13,6.21922115046642E-13,1.));
#1762=DIRECTION('',(0.0516626762054037,0.998664592286768,9.90745972267809E-15));
#1763=DIRECTION('',(-7.1072215780969E-13,8.88402697262113E-13,1.));
#1764=DIRECTION('',(-0.966100100521067,0.258167766719986,-6.12088628663148E-15));
#1765=DIRECTION('',(-2.97763345303845E-13,1.9850889686923E-13,-1.));
#1766=DIRECTION('',(-0.463062260694008,0.886325754291815,-9.96933056664752E-15));
#1767=DIRECTION('',(5.7437917381508E-14,-7.31028039401011E-14,1.));
#1768=DIRECTION('',(-0.99793991021612,0.0641555578094489,-3.75530961603424E-15));
#1769=DIRECTION('',(3.47350467579825E-13,-1.48864486105639E-13,-1.));
#1770=DIRECTION('',(-0.629844193693607,0.776721502000846,-1.56042658981152E-15));
#1771=DIRECTION('',(-2.6652104193886E-13,-2.6652104193886E-13,1.));
#1772=DIRECTION('',(-0.890700244883149,-0.454591106121863,5.75959028467181E-15));
#1773=DIRECTION('',(4.44229983123292E-13,2.66537989873975E-13,1.));
#1774=DIRECTION('',(0.259470205842668,-0.965751113009953,1.23079330129341E-14));
#1775=DIRECTION('',(-2.48136121086382E-14,3.72204181629574E-13,-1.));
#1776=DIRECTION('',(-0.536049488741332,-0.844186558540324,0.));
#1777=DIRECTION('',(1.36327039385336E-29,6.26595462343742E-14,1.));
#1778=DIRECTION('',(0.443409612558808,-0.896319092450031,1.12708142794403E-14));
#1779=DIRECTION('',(-2.48107476843101E-14,-1.73675233790171E-13,-1.));
#1780=DIRECTION('',(-0.357738455551589,-0.933821823165192,-5.6623584867642E-15));
#1781=DIRECTION('',(4.44258497094084E-13,-1.15507209244462E-12,1.));
#1782=DIRECTION('',(0.839037568677657,-0.544073486164769,-5.79691716688296E-15));
#1783=DIRECTION('',(-1.23349039692465E-28,-1.77700180532465E-13,1.));
#1784=DIRECTION('',(0.706629894678339,0.707583346289947,-6.06446751160712E-15));
#1785=DIRECTION('',(-1.78459864757675E-13,-4.37547602969562E-14,1.));
#1786=DIRECTION('',(-0.99854210456399,-0.0539783791245925,-1.98508896869186E-13));
#1787=DIRECTION('',(-1.97230885895581E-12,-8.9707932995491E-13,-1.));
#1788=DIRECTION('',(-0.69689764946283,-0.717170597677556,2.03471619291E-12));
#1789=DIRECTION('',(9.91115547937167E-14,5.5279797119851E-14,1.));
#1790=DIRECTION('',(0.983049302744785,-0.183341398415613,-8.87676904986996E-14));
#1791=DIRECTION('',(1.31722993379125E-14,1.90086384931064E-15,-1.));
#1792=DIRECTION('',(0.429889157231323,0.902881671369478,5.22162885286478E-15));
#1793=DIRECTION('',(2.05249994645978E-12,1.20071727539504E-12,1.));
#1794=DIRECTION('',(-0.989580746857534,-0.143978975718281,2.2081565439101E-12));
#1795=DIRECTION('',(-9.55096272320525E-13,-5.40412026775849E-13,-1.));
#1796=DIRECTION('',(-0.633031122786363,-0.774126344716311,1.01724065505977E-12));
#1797=DIRECTION('',(2.23591874847639E-12,2.27553069511871E-12,-1.));
#1798=DIRECTION('',(0.0514061141712951,0.998677831648329,2.30999642731752E-12));
#1799=DIRECTION('',(-8.07128730735901E-14,-1.953013425127E-13,1.));
#1800=DIRECTION('',(0.987622976261786,0.156846602640322,1.7769203287039E-13));
#1801=DIRECTION('',(1.74262146001699E-13,-1.19567944879709E-13,-1.));
#1802=DIRECTION('',(-0.966152875320535,0.257970195002954,-1.77680539452415E-13));
#1803=DIRECTION('',(-4.08663438816262E-13,4.41736659729473E-13,1.));
#1804=DIRECTION('',(0.0518669008435041,0.998654006449125,-5.3304161835728E-13));
#1805=DIRECTION('',(-1.66718653405994E-13,7.72482555438955E-14,1.));
#1806=DIRECTION('',(0.546017699859158,-0.837773639738393,1.48881672651864E-13));
#1807=DIRECTION('',(-4.60559973144449E-13,2.87169907375482E-13,-1.));
#1808=DIRECTION('',(0.96953678116732,-0.244945769434201,-4.9627224217323E-13));
#1809=DIRECTION('',(6.80647735530407E-14,-3.40060438461238E-14,1.));
#1810=DIRECTION('',(-0.332746342779117,0.943016368557366,5.22162885286458E-14));
#1811=DIRECTION('',(0.,0.,-1.));
#1812=DIRECTION('',(-0.996863042632982,-0.0791459047109419,0.));
#1813=DIRECTION('',(-2.69647408973514E-12,1.54844620487779E-12,1.));
#1814=DIRECTION('',(0.619479824012809,-0.785012578014555,2.87804673137552E-12));
#1815=DIRECTION('',(9.45558679861927E-13,-5.56931621503533E-13,-1.));
#1816=DIRECTION('',(0.986928641656044,-0.161157861362568,1.01724065505565E-12));
#1817=DIRECTION('',(-3.60516505564965E-13,2.20641447328773E-13,-1.));
#1818=DIRECTION('',(-0.890606941165833,-0.454773873861766,2.66521041938754E-13));
#1819=DIRECTION('',(1.14004974012441E-12,-3.85787130071592E-13,1.));
#1820=DIRECTION('',(-0.629684792278205,0.776850733650651,9.77243820443006E-13));
#1821=DIRECTION('',(3.2358444390146E-13,7.2810325666113E-13,-1.));
#1822=DIRECTION('',(0.259718127566399,-0.96568446928249,-6.21921976372933E-13));
#1823=DIRECTION('',(1.64110932401885E-14,2.10684316119795E-13,1.));
#1824=DIRECTION('',(-0.890816919406465,-0.454362428133286,8.88459966246011E-14));
#1825=DIRECTION('',(-1.06586543677847E-13,-1.80375292777063E-12,1.));
#1826=DIRECTION('',(0.452524404705933,0.89175201886261,1.66251201127925E-12));
#1827=DIRECTION('',(0.,0.,-1.));
#1828=DIRECTION('',(-0.272639131703998,0.962116367111427,0.));
#1829=DIRECTION('',(7.61105716282132E-13,-3.11599038071901E-12,1.));
#1830=DIRECTION('',(0.370100922845061,0.928991553734066,2.62993925453763E-12));
#1831=DIRECTION('',(9.5375924612144E-15,1.09734364827671E-12,-1.));
#1832=DIRECTION('',(-0.353897518869796,0.935284206077384,1.01724065505583E-12));
#1833=DIRECTION('',(6.00499519688108E-13,-2.52757192298941E-12,-1.));
#1834=DIRECTION('',(0.839205499989024,-0.543814424954112,1.86588568779516E-12));
#1835=DIRECTION('',(-2.35862554907586E-13,1.18001872235541E-12,1.));
#1836=DIRECTION('',(-0.358026736439061,-0.933711334404159,1.06622039302581E-12));
#1837=DIRECTION('',(-1.55726793635723E-12,1.4673479922306E-12,-1.));
#1838=DIRECTION('',(0.706421796229823,0.707791103229922,-8.88500902662622E-14));
#1839=DIRECTION('',(-7.92301153780264E-13,-8.38143092888828E-14,1.));
#1840=DIRECTION('',(0.838877545275564,-0.544320185214956,6.21950631863623E-13));
#1841=DIRECTION('',(0.,0.,1.));
#1842=DIRECTION('',(1.,0.,0.));
#1843=CARTESIAN_POINT('',(0.,0.,0.));
#1844=CARTESIAN_POINT('',(1.82830056770038E-9,0.0261307954844643,4.63424019414682E-17));
#1845=CARTESIAN_POINT('',(1.83439393321867E-8,1.96261557686415E-15,0.225500002666271));
#1846=CARTESIAN_POINT('',(1.83439391948036E-8,2.43609658443626E-15,0.225500002666271));
#1847=CARTESIAN_POINT('',(-0.670171181656062,-0.670171199999999,0.271000000000002));
#1848=CARTESIAN_POINT('',(-0.716999987811339,-0.717000000000001,0.180000005332542));
#1849=CARTESIAN_POINT('',(0.717000012188667,-0.717000000000001,0.170000000000001));
#1850=CARTESIAN_POINT('',(0.64278,-0.642779999999999,0.170000000000001));
#1851=CARTESIAN_POINT('',(1.21886638983279E-8,1.84485863715853E-15,0.175000002666271));
#1852=CARTESIAN_POINT('',(-0.664172381656064,-0.664172400000001,0.180000005332541));
#1853=CARTESIAN_POINT('',(-2.20794252002406E-16,1.77616709388602E-15,0.0700000000000004));
#1854=CARTESIAN_POINT('',(-3.00525509669941E-16,6.97955163274272E-16,0.0700000000000004));
#1855=CARTESIAN_POINT('',(0.648180000000001,-0.648179999999999,-0.0300000000000001));
#1856=CARTESIAN_POINT('',(1.82829883635786E-9,-0.0261307954844605,4.57290845335925E-17));
#1857=CARTESIAN_POINT('',(1.8283005683137E-9,0.0261307954844643,4.69557193968848E-17));
#1858=CARTESIAN_POINT('',(1.83439393260535E-8,1.95648239918804E-15,0.225500002666271));
#1859=CARTESIAN_POINT('',(1.83439391948036E-8,2.43609658443626E-15,0.225500002666271));
#1860=CARTESIAN_POINT('',(1.21886638958747E-8,1.84731190761721E-15,0.175000002666271));
#1861=CARTESIAN_POINT('',(-2.30607296128027E-16,1.77616711384188E-15,0.0700000000000004));
#1862=CARTESIAN_POINT('',(-3.04205400860291E-16,6.99181807999211E-16,0.0700000000000004));
#1863=CARTESIAN_POINT('',(1.82829883513123E-9,-0.0261307954844605,4.57290845173118E-17));
#1864=CARTESIAN_POINT('',(1.82830053821884E-9,0.0256500000000027,0.0129999999999994));
#1865=CARTESIAN_POINT('',(1.82830062415008E-9,0.0301500000000012,0.0129999999999998));
#1866=CARTESIAN_POINT('',(1.83439394576662E-8,-0.0434769999999974,0.18000000533254));
#1867=CARTESIAN_POINT('',(1.83439377576811E-8,-0.0434769999999974,0.271000000000002));
#1868=CARTESIAN_POINT('',(1.834394165387E-8,0.0484760000000018,0.271000000000002));
#1869=CARTESIAN_POINT('',(1.83439402319516E-8,0.0484760000000033,0.18000000533254));
#1870=CARTESIAN_POINT('',(1.21886610526811E-8,-0.0874999999999975,0.180000005332541));
#1871=CARTESIAN_POINT('',(1.21886609485977E-8,-0.0874999999999974,0.170000000000001));
#1872=CARTESIAN_POINT('',(-1.33747179997812E-15,-0.0256499999999976,0.170000000000001));
#1873=CARTESIAN_POINT('',(-5.46396730353187E-17,-0.0256500000000004,-0.0300000000000003));
#1874=CARTESIAN_POINT('',(-1.16183197489134E-16,-0.0256499999999987,-0.0129999999999997));
#1875=CARTESIAN_POINT('',(9.1414934276756E-10,-0.0256499999999988,0.0129999999999994));
#1876=CARTESIAN_POINT('',(-1.29930788350663E-15,-0.0301499999999996,0.170000000000001));
#1877=CARTESIAN_POINT('',(-9.48893741359315E-16,-0.0301499999999982,-0.0300000000000002));
#1878=CARTESIAN_POINT('',(-1.092662221654E-16,-0.0301499999999982,-0.0129999999999997));
#1879=CARTESIAN_POINT('',(9.14149205954463E-10,-0.0301499999999985,0.0129999999999999));
#1880=CARTESIAN_POINT('',(1.82830278022163E-9,0.0301500000000018,-0.0129999999999999));
#1881=CARTESIAN_POINT('',(1.8283005335974E-9,0.0256500000000018,-0.0129999999999999));
#1882=CARTESIAN_POINT('',(1.83439392181558E-8,0.0434770000000026,0.271000000000002));
#1883=CARTESIAN_POINT('',(1.83439394578594E-8,0.0434770000000023,0.18000000533254));
#1884=CARTESIAN_POINT('',(1.83439391197516E-8,-0.0484759999999964,0.271000000000002));
#1885=CARTESIAN_POINT('',(1.83439392322785E-8,-0.0484759999999989,0.18000000533254));
#1886=CARTESIAN_POINT('',(1.21886638811676E-8,0.0875000000000021,0.170000000000001));
#1887=CARTESIAN_POINT('',(1.21886639269643E-8,0.0875000000000022,0.180000005332541));
#1888=CARTESIAN_POINT('',(-1.59995264065679E-17,0.0256500000000026,-0.0300000000000004));
#1889=CARTESIAN_POINT('',(-2.67737995037246E-16,0.0256500000000013,0.170000000000001));
#1890=CARTESIAN_POINT('',(-1.39025311972399E-16,0.0301500000000019,-0.0300000000000004));
#1891=CARTESIAN_POINT('',(-2.71741372336096E-16,0.0301500000000008,0.170000000000001));
#1892=CARTESIAN_POINT('',(1.82830062415008E-9,0.0301500000000012,0.0129999999999998));
#1893=CARTESIAN_POINT('',(1.82830053821884E-9,0.0256500000000027,0.0129999999999994));
#1894=CARTESIAN_POINT('',(1.83439377576811E-8,-0.0434769999999974,0.271000000000002));
#1895=CARTESIAN_POINT('',(1.83439394576662E-8,-0.0434769999999974,0.18000000533254));
#1896=CARTESIAN_POINT('',(1.834394165387E-8,0.0484760000000018,0.271000000000002));
#1897=CARTESIAN_POINT('',(1.83439402319516E-8,0.0484760000000033,0.18000000533254));
#1898=CARTESIAN_POINT('',(1.21886609485977E-8,-0.0874999999999974,0.170000000000001));
#1899=CARTESIAN_POINT('',(1.21886610526811E-8,-0.0874999999999975,0.180000005332541));
#1900=CARTESIAN_POINT('',(9.1414934276756E-10,-0.0256499999999988,0.0129999999999994));
#1901=CARTESIAN_POINT('',(-1.33747179997812E-15,-0.0256499999999976,0.170000000000001));
#1902=CARTESIAN_POINT('',(-5.46396730353187E-17,-0.0256500000000004,-0.0300000000000003));
#1903=CARTESIAN_POINT('',(-1.16183197489134E-16,-0.0256499999999987,-0.0129999999999997));
#1904=CARTESIAN_POINT('',(9.14149205954463E-10,-0.0301499999999985,0.0129999999999999));
#1905=CARTESIAN_POINT('',(-1.29930788350663E-15,-0.0301499999999996,0.170000000000001));
#1906=CARTESIAN_POINT('',(-9.48893741359315E-16,-0.0301499999999982,-0.0300000000000002));
#1907=CARTESIAN_POINT('',(-1.092662221654E-16,-0.0301499999999982,-0.0129999999999997));
#1908=CARTESIAN_POINT('',(9.14149205954463E-10,-0.0301499999999985,0.0129999999999999));
#1909=CARTESIAN_POINT('',(9.1414934276756E-10,-0.0256499999999988,0.0129999999999994));
#1910=CARTESIAN_POINT('',(2.02054204676895E-9,0.0256500000000027,0.0129999999999994));
#1911=CARTESIAN_POINT('',(0.00087179867216243,0.0256499999313287,0.0129999999868992));
#1912=CARTESIAN_POINT('',(0.00173550337022817,0.0256052343022228,0.0129123190435054));
#1913=CARTESIAN_POINT('',(0.00342102556056063,0.0254349479994327,0.0125712872375025));
#1914=CARTESIAN_POINT('',(0.00424283439992708,0.025309457672666,0.0123179203617507));
#1915=CARTESIAN_POINT('',(0.00581839358577468,0.0249942370225327,0.0116564777947019));
#1916=CARTESIAN_POINT('',(0.00656632829623999,0.0248059681452659,0.0112513425697518));
#1917=CARTESIAN_POINT('',(0.00796302563277999,0.0243935021202315,0.0103102347549573));
#1918=CARTESIAN_POINT('',(0.00861179607829946,0.0241693953709596,0.00977426216511281));
#1919=CARTESIAN_POINT('',(0.0103799038861671,0.0234898213808634,0.0080022889997515));
#1920=CARTESIAN_POINT('',(0.0113336860774921,0.0230221848980479,0.0065901943900242));
#1921=CARTESIAN_POINT('',(0.012319913349175,0.0225007029259581,0.00423661731452188));
#1922=CARTESIAN_POINT('',(0.0125719277632356,0.0223586111924268,0.00341805581051433));
#1923=CARTESIAN_POINT('',(0.0129119010786354,0.0221640175210547,0.00173739949997118));
#1924=CARTESIAN_POINT('',(0.0130000018283002,0.0221115909075811,0.000875209617312606));
#1925=CARTESIAN_POINT('',(0.0130000018283003,0.0221115909075811,2.77555756156289E-17));
#1926=CARTESIAN_POINT('',(0.0130000018283001,0.0221115909075811,-0.000875209815744155));
#1927=CARTESIAN_POINT('',(0.0129119010387985,0.0221640175450302,-0.00173739989092955));
#1928=CARTESIAN_POINT('',(0.0125719275718337,0.0223586113008076,-0.00341805656268782));
#1929=CARTESIAN_POINT('',(0.0123199130429359,0.0225007030962485,-0.00423661824272606));
#1930=CARTESIAN_POINT('',(0.0113336856431378,0.0230221851110934,-0.00659019503418449));
#1931=CARTESIAN_POINT('',(0.0103799036175668,0.0234898214841015,-0.0080022892689389));
#1932=CARTESIAN_POINT('',(0.00861179597099655,0.0241693954122031,-0.00977426227265092));
#1933=CARTESIAN_POINT('',(0.00796302539693003,0.0243935022016313,-0.0103102349497429));
#1934=CARTESIAN_POINT('',(0.00656632777071119,0.0248059682887156,-0.0112513428879941));
#1935=CARTESIAN_POINT('',(0.00581839289911379,0.0249942371877871,-0.0116564781491535));
#1936=CARTESIAN_POINT('',(0.00424283365762101,0.0253094577932025,-0.0123179206069591));
#1937=CARTESIAN_POINT('',(0.00342102495778697,0.0254349480755991,-0.012571287390987));
#1938=CARTESIAN_POINT('',(0.00173550305751714,0.025605234318544,-0.012912319075256));
#1939=CARTESIAN_POINT('',(0.000871798514330516,0.0256499999313269,-0.0129999999868993));
#1940=CARTESIAN_POINT('',(2.02054174354123E-9,0.0256500000000017,-0.0129999999999999));
#1941=CARTESIAN_POINT('',(1.83439391948038E-8,2.54649338284573E-15,0.271000000000002));
#1942=CARTESIAN_POINT('',(1.83439377576811E-8,-0.0434769999999974,0.271000000000002));
#1943=CARTESIAN_POINT('',(1.83439392171424E-8,0.0434770000000025,0.271000000000002));
#1944=CARTESIAN_POINT('',(1.83439394671165E-8,2.44100305034115E-15,0.18000000533254));
#1945=CARTESIAN_POINT('',(1.83439394576662E-8,-0.0434769999999974,0.18000000533254));
#1946=CARTESIAN_POINT('',(1.83439394625835E-8,0.0434770000000023,0.18000000533254));
#1947=CARTESIAN_POINT('',(1.83439401147797E-8,2.66915665431698E-15,0.271000000000002));
#1948=CARTESIAN_POINT('',(1.834394165387E-8,0.0484760000000018,0.271000000000002));
#1949=CARTESIAN_POINT('',(1.83439391198177E-8,-0.0484759999999964,0.271000000000002));
#1950=CARTESIAN_POINT('',(1.83439402153638E-8,2.19567598684107E-15,0.18000000533254));
#1951=CARTESIAN_POINT('',(1.83439402319516E-8,0.0484760000000033,0.18000000533254));
#1952=CARTESIAN_POINT('',(1.83439392240944E-8,-0.0484759999999989,0.18000000533254));
#1953=CARTESIAN_POINT('',(1.21886640602436E-8,2.34041886182957E-15,0.180000005332541));
#1954=CARTESIAN_POINT('',(1.21886610526811E-8,-0.0874999999999975,0.180000005332541));
#1955=CARTESIAN_POINT('',(1.21886639310395E-8,0.0875000000000022,0.180000005332541));
#1956=CARTESIAN_POINT('',(1.21886639375801E-8,2.33060577928355E-15,0.170000000000001));
#1957=CARTESIAN_POINT('',(1.21886609485977E-8,-0.0874999999999974,0.170000000000001));
#1958=CARTESIAN_POINT('',(1.21886639063694E-8,0.0875000000000021,0.170000000000001));
#1959=CARTESIAN_POINT('',(-1.03159981074453E-15,1.86080489048697E-15,0.170000000000001));
#1960=CARTESIAN_POINT('',(-1.33747179997812E-15,-0.0256499999999976,0.170000000000001));
#1961=CARTESIAN_POINT('',(-2.73233511244594E-16,0.0256500000000013,0.170000000000001));
#1962=CARTESIAN_POINT('',(-1.22050155967999E-15,1.11010443367874E-15,-0.0300000000000004));
#1963=CARTESIAN_POINT('',(-5.46396730353187E-17,-0.0256500000000004,-0.0300000000000003));
#1964=CARTESIAN_POINT('',(-1.39174748926602E-17,0.0256500000000026,-0.0300000000000004));
#1965=CARTESIAN_POINT('',(4.9065389333894E-17,1.88901748935393E-15,-0.0300000000000003));
#1966=CARTESIAN_POINT('',(-9.48893741359315E-16,-0.0301499999999982,-0.0300000000000002));
#1967=CARTESIAN_POINT('',(-1.27540661447656E-16,0.0301500000000019,-0.0300000000000004));
#1968=CARTESIAN_POINT('',(-3.04205413869969E-16,5.54438899472718E-16,0.170000000000001));
#1969=CARTESIAN_POINT('',(-1.29930788350663E-15,-0.0301499999999996,0.170000000000001));
#1970=CARTESIAN_POINT('',(-2.69439490876402E-16,0.0301500000000008,0.170000000000001));
#1971=CARTESIAN_POINT('',(9.14149205954463E-10,-0.0301499999999985,0.0129999999999999));
#1972=CARTESIAN_POINT('',(0.000943351982114725,-0.0301499999386531,0.013));
#1973=CARTESIAN_POINT('',(0.00176187238603926,-0.0301053448691798,0.0128965761157361));
#1974=CARTESIAN_POINT('',(0.00272387076238921,-0.0300284330446423,0.0127156206115613));
#1975=CARTESIAN_POINT('',(0.00301105403940894,-0.0300003916857949,0.0126494640613908));
#1976=CARTESIAN_POINT('',(0.00354240373238024,-0.0299422474537418,0.0125110657375914));
#1977=CARTESIAN_POINT('',(0.00378620007173996,-0.0299120730681579,0.0124387608147975));
#1978=CARTESIAN_POINT('',(0.0044737345556288,-0.0298197573013122,0.0122154807475675));
#1979=CARTESIAN_POINT('',(0.00487396283621165,-0.029755760578163,0.0120584338295259));
#1980=CARTESIAN_POINT('',(0.00560905797606183,-0.0296260519547086,0.0117345563225372));
#1981=CARTESIAN_POINT('',(0.00594239799993764,-0.0295602243862582,0.0115678679660452));
#1982=CARTESIAN_POINT('',(0.00688139422809835,-0.0293611390985397,0.0110524255069704));
#1983=CARTESIAN_POINT('',(0.00742293034877195,-0.0292265154357002,0.010690768351787));
#1984=CARTESIAN_POINT('',(0.00841642883056512,-0.0289560168286596,0.00992754513348531));
#1985=CARTESIAN_POINT('',(0.00886687069852118,-0.028820088724069,0.00952568392978131));
#1986=CARTESIAN_POINT('',(0.00970658090369349,-0.0285481611403298,0.00866846526418563));
#1987=CARTESIAN_POINT('',(0.0100954113258855,-0.0284121303496679,0.00821364024338233));
#1988=CARTESIAN_POINT('',(0.010828376226862,-0.0281411311484518,0.00721993671033616));
#1989=CARTESIAN_POINT('',(0.0111719211860845,-0.0280060734031834,0.0066833344300355));
#1990=CARTESIAN_POINT('',(0.0116568053773791,-0.0278059812029756,0.00576531527574364));
#1991=CARTESIAN_POINT('',(0.0118132972905976,-0.0277397588284352,0.00544021237795011));
#1992=CARTESIAN_POINT('',(0.0121160734955366,-0.0276089046252395,0.00472764920686608));
#1993=CARTESIAN_POINT('',(0.012262219078095,-0.0275443162302321,0.0043418038610597));
#1994=CARTESIAN_POINT('',(0.012470084386685,-0.0274505800592772,0.00368108023730689));
#1995=CARTESIAN_POINT('',(0.0125372960478888,-0.0274199018796165,0.00344751343037691));
#1996=CARTESIAN_POINT('',(0.0126664058977783,-0.0273604227946224,0.00293790786420455));
#1997=CARTESIAN_POINT('',(0.0127282105834698,-0.0273316333865135,0.00266285489678175));
#1998=CARTESIAN_POINT('',(0.0128984089643839,-0.0272519962998266,0.00173881048715518));
#1999=CARTESIAN_POINT('',(0.013000001860705,-0.0272033536988395,0.000945364368107927));
#2000=CARTESIAN_POINT('',(0.0130000018282988,-0.0272033536988395,-1.04083408558609E-17));
#2001=CARTESIAN_POINT('',(0.013000001828299,-0.0272033536988395,-0.000945354924188411));
#2002=CARTESIAN_POINT('',(0.0128984107251639,-0.0272519954399527,-0.00173879558937163));
#2003=CARTESIAN_POINT('',(0.0127282146704435,-0.0273316314298014,-0.00266283465279915));
#2004=CARTESIAN_POINT('',(0.0126664107808824,-0.0273604204717589,-0.00293788619707758));
#2005=CARTESIAN_POINT('',(0.0125373025236201,-0.0274198988548772,-0.00344748928006572));
#2006=CARTESIAN_POINT('',(0.0124700917009275,-0.0274505766674217,-0.00368105488515086));
#2007=CARTESIAN_POINT('',(0.0122622288984508,-0.0275443117771811,-0.004341775359892));
#2008=CARTESIAN_POINT('',(0.0121160850690684,-0.0276088994441238,-0.00472761885899237));
#2009=CARTESIAN_POINT('',(0.0118133125120234,-0.0277397522447881,-0.00544017866094127));
#2010=CARTESIAN_POINT('',(0.0116568224529752,-0.0278059739104414,-0.00576528010883587));
#2011=CARTESIAN_POINT('',(0.0111719382258741,-0.0280060665355432,-0.00668330633557174));
#2012=CARTESIAN_POINT('',(0.0108283906962719,-0.0281411255016802,-0.00721991503510278));
#2013=CARTESIAN_POINT('',(0.0100954200602608,-0.0284121271511924,-0.00821362948469857));
#2014=CARTESIAN_POINT('',(0.00970658641692409,-0.0285481591822488,-0.00866845899779712));
#2015=CARTESIAN_POINT('',(0.0088668749014124,-0.028820087243874,-0.00952567935741644));
#2016=CARTESIAN_POINT('',(0.00841643580947907,-0.0289560145870613,-0.00992753853822925));
#2017=CARTESIAN_POINT('',(0.00742294424598455,-0.029226511698127,-0.0106907580765493));
#2018=CARTESIAN_POINT('',(0.00688141221358151,-0.0293611346280382,-0.0110524135608916));
#2019=CARTESIAN_POINT('',(0.00594242080685188,-0.0295602196761617,-0.0115678559573532));
#2020=CARTESIAN_POINT('',(0.00560907978231624,-0.0296260477134975,-0.0117345456265684));
#2021=CARTESIAN_POINT('',(0.00487398253113119,-0.0297557572518272,-0.0120584256296032));
#2022=CARTESIAN_POINT('',(0.00447375303115698,-0.0298197544446808,-0.0122154737794382));
#2023=CARTESIAN_POINT('',(0.00378621644671987,-0.0299120709058407,-0.0124387556143509));
#2024=CARTESIAN_POINT('',(0.00354241929170177,-0.0299422455284635,-0.0125110611336748));
#2025=CARTESIAN_POINT('',(0.00301106790829665,-0.0300003902187829,-0.0126494605907713));
#2026=CARTESIAN_POINT('',(0.00272388369389198,-0.0300284318099084,-0.012715617702586));
#2027=CARTESIAN_POINT('',(0.00176188146999167,-0.030105344347154,-0.0128965748953885));
#2028=CARTESIAN_POINT('',(0.000943357215581791,-0.0301499999386523,-0.0129999999999998));
#2029=CARTESIAN_POINT('',(-1.092662221654E-16,-0.0301499999999982,-0.0129999999999997));
#2030=CARTESIAN_POINT('',(-1.092662221654E-16,-0.0301499999999982,-0.0129999999999997));
#2031=CARTESIAN_POINT('',(-0.000943346969926428,-0.0301500000036465,-0.0129999998663699));
#2032=CARTESIAN_POINT('',(-0.00176186650324333,-0.0301053451477426,-0.012896576266543));
#2033=CARTESIAN_POINT('',(-0.00272386407164986,-0.0300284335767704,-0.0127156210839568));
#2034=CARTESIAN_POINT('',(-0.00301104725643368,-0.0300003922859202,-0.0126494646130588));
#2035=CARTESIAN_POINT('',(-0.00354239676488758,-0.029942248185552,-0.0125110664531317));
#2036=CARTESIAN_POINT('',(-0.00378619300441134,-0.0299120738650573,-0.0124387616182639));
#2037=CARTESIAN_POINT('',(-0.00447372721882957,-0.0298197582885389,-0.0122154818178365));
#2038=CARTESIAN_POINT('',(-0.00487395532061865,-0.0297557616897062,-0.0120584350933077));
#2039=CARTESIAN_POINT('',(-0.00560905013106796,-0.0296260533096961,-0.0117345579936412));
#2040=CARTESIAN_POINT('',(-0.0059423899864818,-0.0295602258635976,-0.0115678698585695));
#2041=CARTESIAN_POINT('',(-0.00688138677835052,-0.0293611407152521,-0.0110524275337153));
#2042=CARTESIAN_POINT('',(-0.00742292338400643,-0.0292265170651632,-0.0106907702715295));
#2043=CARTESIAN_POINT('',(-0.00841642266852584,-0.0289560184777372,-0.00992754684679742));
#2044=CARTESIAN_POINT('',(-0.00886686484480637,-0.0288200903802199,-0.0095256855426325));
#2045=CARTESIAN_POINT('',(-0.00970657558736345,-0.0285481628090128,-0.00866846666853677));
#2046=CARTESIAN_POINT('',(-0.010095406230475,-0.0284121320235288,-0.0082136415457787));
#2047=CARTESIAN_POINT('',(-0.0108283715262591,-0.0281411328323754,-0.00721993779820814));
#2048=CARTESIAN_POINT('',(-0.0111719166568917,-0.0280060750920276,-0.00668333540806905));
#2049=CARTESIAN_POINT('',(-0.0116568010845391,-0.0278059828992324,-0.00576531606509258));
#2050=CARTESIAN_POINT('',(-0.0118132930702481,-0.0277397605273245,-0.00544021310571815));
#2051=CARTESIAN_POINT('',(-0.0121160694154157,-0.0276089063303425,-0.00472764979803838));
#2052=CARTESIAN_POINT('',(-0.012262215064762,-0.0275443179382625,-0.00434180437876194));
#2053=CARTESIAN_POINT('',(-0.0124700804671734,-0.0274505817733915,-0.00368108063523751));
#2054=CARTESIAN_POINT('',(-0.0125372921588991,-0.027419903595756,-0.0034475137854769));
#2055=CARTESIAN_POINT('',(-0.0126664020665694,-0.0273604245159079,-0.00293790813242015));
#2056=CARTESIAN_POINT('',(-0.01272820678004,-0.027331635110499,-0.00266285511867723));
#2057=CARTESIAN_POINT('',(-0.0128984052379093,-0.0272519980335483,-0.00173881056939249));
#2058=CARTESIAN_POINT('',(-0.0129999981717011,-0.0272033554462622,-0.000945364360365723));
#2059=CARTESIAN_POINT('',(-0.0129999981717016,-0.0272033554462622,1.56125112837912E-17));
#2060=CARTESIAN_POINT('',(-0.0129999981392954,-0.0272033554462622,0.000945354916473757));
#2061=CARTESIAN_POINT('',(-0.0128984069986847,-0.0272519971736742,0.00173879567165077));
#2062=CARTESIAN_POINT('',(-0.0127282108670043,-0.0273316331537921,0.00266283487475058));
#2063=CARTESIAN_POINT('',(-0.0126664069496618,-0.0273604221930512,0.00293788646535201));
#2064=CARTESIAN_POINT('',(-0.0125372986346142,-0.0274199005710234,0.00344748963523053));
#2065=CARTESIAN_POINT('',(-0.0124700877813984,-0.0274505783815463,0.00368105528314891));
#2066=CARTESIAN_POINT('',(-0.0122622248850945,-0.0275443134852235,0.00434177587766985));
#2067=CARTESIAN_POINT('',(-0.0121160809889204,-0.0276089011492423,0.00472761945024472));
#2068=CARTESIAN_POINT('',(-0.0118133082916374,-0.0277397539436981,0.00544017938879908));
#2069=CARTESIAN_POINT('',(-0.011656818160094,-0.0278059756067153,0.0057652808982782));
#2070=CARTESIAN_POINT('',(-0.0111719336966368,-0.0280060682244096,0.00668330731368809));
#2071=CARTESIAN_POINT('',(-0.0108283859956246,-0.0281411271856208,0.00721991612304867));
#2072=CARTESIAN_POINT('',(-0.0100954149648072,-0.0284121288250663,0.00821363078715103));
#2073=CARTESIAN_POINT('',(-0.00970658110055257,-0.0285481608509464,0.00866846040219742));
#2074=CARTESIAN_POINT('',(-0.00886686904763232,-0.0288200889000416,0.00952568097033252));
#2075=CARTESIAN_POINT('',(-0.00841642964734791,-0.0289560162361661,0.00992754025162501));
#2076=CARTESIAN_POINT('',(-0.007422937281063,-0.0292265133276313,0.0106907599964102));
#2077=CARTESIAN_POINT('',(-0.00688140476363938,-0.0293611362447989,0.0110524155877681));
#2078=CARTESIAN_POINT('',(-0.00594241279316108,-0.029560221153553,0.0115678578500092));
#2079=CARTESIAN_POINT('',(-0.00560907193709809,-0.0296260490685297,0.011734547297789));
#2080=CARTESIAN_POINT('',(-0.00487397501533554,-0.0297557583634061,0.0120584268934749));
#2081=CARTESIAN_POINT('',(-0.0044737456941669,-0.0298197554319378,0.0122154748497821));
#2082=CARTESIAN_POINT('',(-0.00378620937922213,-0.0299120717027645,0.0124387564178754));
#2083=CARTESIAN_POINT('',(-0.0035424123240474,-0.0299422462602945,0.0125110618492662));
#2084=CARTESIAN_POINT('',(-0.00301106112517792,-0.0300003908189237,0.0126494611424768));
#2085=CARTESIAN_POINT('',(-0.00272387700301599,-0.0300284323420485,0.0127156181750153));
#2086=CARTESIAN_POINT('',(-0.0017618755870973,-0.0301053446257235,0.0128965750462107));
#2087=CARTESIAN_POINT('',(-0.000943352203324228,-0.030150000003647,0.0129999998663693));
#2088=CARTESIAN_POINT('',(9.14149205954463E-10,-0.0301499999999985,0.0129999999999999));
#2089=CARTESIAN_POINT('',(1.82830062415008E-9,0.0301500000000012,0.0129999999999998));
#2090=CARTESIAN_POINT('',(-0.000943345912343797,0.0301500000613475,0.0129999999999999));
#2091=CARTESIAN_POINT('',(-0.00176186608892037,0.0301053451808735,0.0128965763444792));
#2092=CARTESIAN_POINT('',(-0.0027238640716476,0.0300284335767711,0.0127156210839576));
#2093=CARTESIAN_POINT('',(-0.00301104725643164,0.0300003922859244,0.0126494646130597));
#2094=CARTESIAN_POINT('',(-0.00354239676488544,0.0299422481855545,0.0125110664531327));
#2095=CARTESIAN_POINT('',(-0.00378619300440974,0.0299120738650598,0.0124387616182648));
#2096=CARTESIAN_POINT('',(-0.00447372721882834,0.0298197582885416,0.0122154818178365));
#2097=CARTESIAN_POINT('',(-0.00487395532061731,0.0297557616897106,0.0120584350933085));
#2098=CARTESIAN_POINT('',(-0.00560905013106618,0.0296260533096988,0.0117345579936421));
#2099=CARTESIAN_POINT('',(-0.00594238998648013,0.0295602258636003,0.0115678698585694));
#2100=CARTESIAN_POINT('',(-0.00688138677834817,0.0293611407152548,0.0110524275337154));
#2101=CARTESIAN_POINT('',(-0.00742292338400455,0.0292265170651658,0.0106907702715303));
#2102=CARTESIAN_POINT('',(-0.00841642266852341,0.0289560184777415,0.00992754684679739));
#2103=CARTESIAN_POINT('',(-0.0088668648448043,0.0288200903802227,0.00952568554263325));
#2104=CARTESIAN_POINT('',(-0.00970657558736147,0.0285481628090138,0.00866846666853768));
#2105=CARTESIAN_POINT('',(-0.0100954062304725,0.0284121320235335,0.00821364154577961));
#2106=CARTESIAN_POINT('',(-0.0108283715262565,0.0281411328323784,0.0072199377982097));
#2107=CARTESIAN_POINT('',(-0.0111719166568895,0.0280060750920323,0.00668333540806989));
#2108=CARTESIAN_POINT('',(-0.0116568010845369,0.0278059828992336,0.0057653160650933));
#2109=CARTESIAN_POINT('',(-0.0118132930702459,0.0277397605273293,0.00544021310571881));
#2110=CARTESIAN_POINT('',(-0.0121160694154142,0.0276089063303455,0.00472764979803926));
#2111=CARTESIAN_POINT('',(-0.0122622150647603,0.0275443179382673,0.00434180437876277));
#2112=CARTESIAN_POINT('',(-0.012470080467172,0.0274505817733945,0.00368108063523827));
#2113=CARTESIAN_POINT('',(-0.0125372921588969,0.0274199035957607,0.00344751378547766));
#2114=CARTESIAN_POINT('',(-0.0126664020665673,0.0273604245159127,0.0029379081324218));
#2115=CARTESIAN_POINT('',(-0.0127282067800382,0.0273316351105002,0.00266285511867799));
#2116=CARTESIAN_POINT('',(-0.0128984052379077,0.0272519980335513,0.00173881056939336));
#2117=CARTESIAN_POINT('',(-0.0129999981716997,0.027203355446267,0.000945364360365533));
#2118=CARTESIAN_POINT('',(-0.0129999981716998,0.027203355446267,-4.16333634234434E-17));
#2119=CARTESIAN_POINT('',(-0.0129999981716996,0.0272033554462652,-0.000945354916473004));
#2120=CARTESIAN_POINT('',(-0.0128984070621482,0.0272519971736791,-0.00173879567165007));
#2121=CARTESIAN_POINT('',(-0.0127282109685947,0.0273316331537969,-0.00266283487474893));
#2122=CARTESIAN_POINT('',(-0.0126664070630238,0.0273604221930543,-0.00293788646535124));
#2123=CARTESIAN_POINT('',(-0.0125372987703324,0.0274199005710265,-0.00344748963522983));
#2124=CARTESIAN_POINT('',(-0.0124700879276652,0.0274505783815513,-0.00368105528314909));
#2125=CARTESIAN_POINT('',(-0.0122622250618636,0.0275443134852285,-0.00434177587766908));
#2126=CARTESIAN_POINT('',(-0.0121160811844271,0.0276089011492473,-0.00472761945024401));
#2127=CARTESIAN_POINT('',(-0.011813308522966,0.0277397539437032,-0.00544017938879825));
#2128=CARTESIAN_POINT('',(-0.0116568184084459,0.0278059756067204,-0.00576528089827742));
#2129=CARTESIAN_POINT('',(-0.011171933994634,0.028006068224413,-0.00668330731368631));
#2130=CARTESIAN_POINT('',(-0.0108283863248419,0.028141127185626,-0.00721991612304688));
#2131=CARTESIAN_POINT('',(-0.0100954153553196,0.0284121288250734,-0.00821363078715019));
#2132=CARTESIAN_POINT('',(-0.00970658152104109,0.0285481608509497,-0.00866846040219752));
#2133=CARTESIAN_POINT('',(-0.00886686952840297,0.0288200889000465,-0.00952568097033183));
#2134=CARTESIAN_POINT('',(-0.00841643015839076,0.0289560162361711,-0.00992754025162416));
#2135=CARTESIAN_POINT('',(-0.00742293785442524,0.0292265133276364,-0.0106907599964094));
#2136=CARTESIAN_POINT('',(-0.00688140536900847,0.0293611362448041,-0.0110524155877681));
#2137=CARTESIAN_POINT('',(-0.00594241344993358,0.0295602211535564,-0.0115678578500083));
#2138=CARTESIAN_POINT('',(-0.00560907261152317,0.0296260490685332,-0.0117345472977882));
#2139=CARTESIAN_POINT('',(-0.00487397572706878,0.0297557583634114,-0.0120584268934741));
#2140=CARTESIAN_POINT('',(-0.00447374642550021,0.029819755431943,-0.0122154748497821));
#2141=CARTESIAN_POINT('',(-0.00378621014249408,0.0299120717027681,-0.0124387564178746));
#2142=CARTESIAN_POINT('',(-0.00354241309839026,0.0299422462602981,-0.0125110618492661));
#2143=CARTESIAN_POINT('',(-0.00301106192293005,0.0300003908189288,-0.0126494611424769));
#2144=CARTESIAN_POINT('',(-0.00272387781309852,0.0300284323420519,-0.0127156181750143));
#2145=CARTESIAN_POINT('',(-0.00176187602263685,0.0301053446588517,-0.0128965751241454));
#2146=CARTESIAN_POINT('',(-0.000943352027554232,0.0301500000613476,-0.0130000000000001));
#2147=CARTESIAN_POINT('',(1.82830037529858E-9,0.0301500000000018,-0.0129999999999999));
#2148=CARTESIAN_POINT('',(1.10639085783537E-9,-0.0256499999999988,0.0129999999999994));
#2149=CARTESIAN_POINT('',(0.000871797787568393,-0.0256499999313249,0.0129999999868992));
#2150=CARTESIAN_POINT('',(0.00173550251830275,-0.0256052343022191,0.0129123190435054));
#2151=CARTESIAN_POINT('',(0.00342102477891436,-0.0254349479994292,0.0125712872375025));
#2152=CARTESIAN_POINT('',(0.00424283365589131,-0.0253094576726626,0.0123179203617507));
#2153=CARTESIAN_POINT('',(0.00581839292049051,-0.0249942370225295,0.0116564777947019));
#2154=CARTESIAN_POINT('',(0.00656632767178655,-0.0248059681452627,0.0112513425697518));
#2155=CARTESIAN_POINT('',(0.00796302509139315,-0.0243935021202285,0.0103102347549573));
#2156=CARTESIAN_POINT('',(0.00861179557914791,-0.0241693953709567,0.0097742621651128));
#2157=CARTESIAN_POINT('',(0.0103799035133087,-0.0234898213808607,0.00800228899975149));
#2158=CARTESIAN_POINT('',(0.0113336857891611,-0.0230221848980454,0.00659019439002419));
#2159=CARTESIAN_POINT('',(0.0123199131788882,-0.0225007029259557,0.00423661731452187));
#2160=CARTESIAN_POINT('',(0.0125719276305565,-0.0223586111924245,0.00341805581051432));
#2161=CARTESIAN_POINT('',(0.0129119010162589,-0.0221640175210525,0.00173739949997117));
#2162=CARTESIAN_POINT('',(0.0130000017986259,-0.0221115909075789,0.000875209617312595));
#2163=CARTESIAN_POINT('',(0.0130000018282989,-0.0221115909075789,1.73472347597681E-17));
#2164=CARTESIAN_POINT('',(0.0130000018284174,-0.0221115909075789,-0.000875209815744164));
#2165=CARTESIAN_POINT('',(0.0129119010390466,-0.022164017545028,-0.00173739989092956));
#2166=CARTESIAN_POINT('',(0.012571927572363,-0.0223586113008054,-0.00341805656268782));
#2167=CARTESIAN_POINT('',(0.0123199130436157,-0.0225007030962463,-0.00423661824272606));
#2168=CARTESIAN_POINT('',(0.0113336856442897,-0.0230221851110911,-0.00659019503418448));
#2169=CARTESIAN_POINT('',(0.0103799036190569,-0.0234898214840991,-0.00800228926893889));
#2170=CARTESIAN_POINT('',(0.00861179597299179,-0.0241693954122006,-0.0097742622726509));
#2171=CARTESIAN_POINT('',(0.00796302539909421,-0.0243935022016288,-0.0103102349497429));
#2172=CARTESIAN_POINT('',(0.00656632777320764,-0.024805968288713,-0.0112513428879941));
#2173=CARTESIAN_POINT('',(0.00581839290177357,-0.0249942371877844,-0.0116564781491535));
#2174=CARTESIAN_POINT('',(0.0042428336605958,-0.0253094577931997,-0.0123179206069591));
#2175=CARTESIAN_POINT('',(0.00342102496091221,-0.0254349480755963,-0.012571287390987));
#2176=CARTESIAN_POINT('',(0.00173550306092352,-0.025605234318541,-0.012912319075256));
#2177=CARTESIAN_POINT('',(0.000871798517867577,-0.0256499999313239,-0.0129999999868993));
#2178=CARTESIAN_POINT('',(-1.16183197489134E-16,-0.0256499999999987,-0.0129999999999997));
#2179=CARTESIAN_POINT('',(-1.16183197489134E-16,-0.0256499999999987,-0.0129999999999997));
#2180=CARTESIAN_POINT('',(-0.000871795964383161,-0.0256499999993803,-0.012999999877378));
#2181=CARTESIAN_POINT('',(-0.00173549998709147,-0.0256052345097235,-0.0129123189629601));
#2182=CARTESIAN_POINT('',(-0.00342102155924854,-0.0254349485373068,-0.0125712873311602));
#2183=CARTESIAN_POINT('',(-0.00424283042348335,-0.0253094583389389,-0.0123179204723708));
#2184=CARTESIAN_POINT('',(-0.00581838966763906,-0.0249942379341184,-0.0116564779257066));
#2185=CARTESIAN_POINT('',(-0.00656632440681885,-0.0248059691740307,-0.0112513427059763));
#2186=CARTESIAN_POINT('',(-0.00796302179976975,-0.0243935033706358,-0.0103102348913531));
#2187=CARTESIAN_POINT('',(-0.00861179227298184,-0.0241693967258314,-0.00977426229646032));
#2188=CARTESIAN_POINT('',(-0.0103799001673714,-0.0234898230228654,-0.00800228909188503));
#2189=CARTESIAN_POINT('',(-0.0113336823914316,-0.0230221867106673,-0.00659019444731888));
#2190=CARTESIAN_POINT('',(-0.0123199096869288,-0.0225007049303812,-0.00423661733153139));
#2191=CARTESIAN_POINT('',(-0.0125719241041727,-0.0223586132494141,-0.00341805581898755));
#2192=CARTESIAN_POINT('',(-0.0129118974223926,-0.0221640196507411,-0.00173739949807859));
#2193=CARTESIAN_POINT('',(-0.0129999981715827,-0.0221115930573918,-0.000875209613719103));
#2194=CARTESIAN_POINT('',(-0.012999998171701,-0.0221115930573917,1.56125112837913E-17));
#2195=CARTESIAN_POINT('',(-0.0129999982013743,-0.0221115930573899,0.000875209812153183));
#2196=CARTESIAN_POINT('',(-0.012911897445179,-0.0221640196747165,0.00173739988904305));
#2197=CARTESIAN_POINT('',(-0.0125719240459755,-0.0223586133577984,0.00341805657117607));
#2198=CARTESIAN_POINT('',(-0.012319909551651,-0.0225007051006751,0.0042366182597542));
#2199=CARTESIAN_POINT('',(-0.0113336822465513,-0.023022186923718,0.0065901950914914));
#2200=CARTESIAN_POINT('',(-0.0103799002731172,-0.0234898231261017,0.00800228936107405));
#2201=CARTESIAN_POINT('',(-0.00861179266682763,-0.0241693967670726,0.00977426240399458));
#2202=CARTESIAN_POINT('',(-0.00796302210746719,-0.0243935034520351,0.0103102350861386));
#2203=CARTESIAN_POINT('',(-0.00656632450822434,-0.0248059693174817,0.0112513430242255));
#2204=CARTESIAN_POINT('',(-0.00581838964890061,-0.0249942380993776,0.0116564782801695));
#2205=CARTESIAN_POINT('',(-0.00424283042817547,-0.0253094584594748,0.0123179207175816));
#2206=CARTESIAN_POINT('',(-0.00342102174123488,-0.0254349486134745,0.0125712874846444));
#2207=CARTESIAN_POINT('',(-0.00173549993938772,-0.0256052345856861,0.0129123191141479));
#2208=CARTESIAN_POINT('',(-0.000871795484705642,-0.0256500000620918,0.0130000000002098));
#2209=CARTESIAN_POINT('',(9.1414934276756E-10,-0.0256499999999988,0.0129999999999994));
#2210=CARTESIAN_POINT('',(1.82830084168481E-9,0.0301500000000016,-0.0130000000000001));
#2211=CARTESIAN_POINT('',(1.82830053423843E-9,0.0256500000000017,-0.0129999999999999));
#2212=CARTESIAN_POINT('',(1.8283005335974E-9,0.0256500000000018,-0.0129999999999999));
#2213=CARTESIAN_POINT('',(-0.000871794757952297,0.0256500000620957,-0.0130000000002107));
#2214=CARTESIAN_POINT('',(-0.00173549940018386,0.0256052345693654,-0.0129123190823984));
#2215=CARTESIAN_POINT('',(-0.00342102156237377,0.0254349485373102,-0.0125712873311602));
#2216=CARTESIAN_POINT('',(-0.00424283042645812,0.0253094583389424,-0.0123179204723708));
#2217=CARTESIAN_POINT('',(-0.00581838967029881,0.0249942379341221,-0.0116564779257066));
#2218=CARTESIAN_POINT('',(-0.00656632440931527,0.0248059691740345,-0.0112513427059763));
#2219=CARTESIAN_POINT('',(-0.00796302180193389,0.0243935033706397,-0.0103102348913531));
#2220=CARTESIAN_POINT('',(-0.00861179227497703,0.0241693967258354,-0.00977426229646036));
#2221=CARTESIAN_POINT('',(-0.0103799001688614,0.0234898230228697,-0.00800228909188508));
#2222=CARTESIAN_POINT('',(-0.0113336823925835,0.0230221867106717,-0.00659019444731893));
#2223=CARTESIAN_POINT('',(-0.0123199096876085,0.0225007049303858,-0.00423661733153144));
#2224=CARTESIAN_POINT('',(-0.0125719241047019,0.0223586132494187,-0.0034180558189876));
#2225=CARTESIAN_POINT('',(-0.0129118974226406,0.0221640196507458,-0.00173739949807864));
#2226=CARTESIAN_POINT('',(-0.0129999981716999,0.0221115930573965,-0.00087520961371915));
#2227=CARTESIAN_POINT('',(-0.0129999981716995,0.0221115930573965,-3.12250225675825E-17));
#2228=CARTESIAN_POINT('',(-0.0129999981716999,0.0221115930573947,0.000875209812153138));
#2229=CARTESIAN_POINT('',(-0.0129118973828024,0.0221640196747213,0.00173739988904301));
#2230=CARTESIAN_POINT('',(-0.0125719239132963,0.0223586133578031,0.00341805657117603));
#2231=CARTESIAN_POINT('',(-0.012319909381364,0.0225007051006798,0.00423661825975416));
#2232=CARTESIAN_POINT('',(-0.0113336819582202,0.0230221869237226,0.00659019509149137));
#2233=CARTESIAN_POINT('',(-0.0103798999002587,0.0234898231261063,0.00800228936107403));
#2234=CARTESIAN_POINT('',(-0.00861179216767602,0.0241693967670771,0.00977426240399457));
#2235=CARTESIAN_POINT('',(-0.00796302156608028,0.0243935034520395,0.0103102350861386));
#2236=CARTESIAN_POINT('',(-0.00656632388377083,0.024805969317486,0.0112513430242255));
#2237=CARTESIAN_POINT('',(-0.00581838898361636,0.0249942380993819,0.0116564782801695));
#2238=CARTESIAN_POINT('',(-0.00424282968413964,0.0253094584594789,0.0123179207175816));
#2239=CARTESIAN_POINT('',(-0.00342102095958856,0.0254349486134786,0.0125712874846444));
#2240=CARTESIAN_POINT('',(-0.00173549908746227,0.0256052345856901,0.0129123191141479));
#2241=CARTESIAN_POINT('',(-0.000871794600111587,0.0256500000620957,0.0130000000002098));
#2242=CARTESIAN_POINT('',(1.82830053821884E-9,0.0256500000000027,0.0129999999999994));
#2243=CARTESIAN_POINT('',(1.82830278022163E-9,0.0301500000000018,-0.0129999999999999));
#2244=CARTESIAN_POINT('',(0.000943351100305869,0.0301499999386562,-0.0129999999999997));
#2245=CARTESIAN_POINT('',(0.00176187153617972,0.030105344869183,-0.0128965761157351));
#2246=CARTESIAN_POINT('',(0.00272386995230661,0.0300284330446452,-0.0127156206115605));
#2247=CARTESIAN_POINT('',(0.0030110532416559,0.0300003916857996,-0.0126494640613908));
#2248=CARTESIAN_POINT('',(0.00354240295803793,0.0299422474537447,-0.0125110657375904));
#2249=CARTESIAN_POINT('',(0.00378619930846785,0.0299120730681608,-0.0124387608147965));
#2250=CARTESIAN_POINT('',(0.004473733824296,0.0298197573013148,-0.0122154807475666));
#2251=CARTESIAN_POINT('',(0.00487396212447903,0.0297557605781673,-0.0120584338295249));
#2252=CARTESIAN_POINT('',(0.00560905730163645,0.0296260519547129,-0.0117345563225362));
#2253=CARTESIAN_POINT('',(0.00594239734316453,0.0295602243862607,-0.0115678679660451));
#2254=CARTESIAN_POINT('',(0.00688139362272902,0.0293611390985422,-0.0110524255069705));
#2255=CARTESIAN_POINT('',(0.00742292977540884,0.0292265154357043,-0.0106907683517861));
#2256=CARTESIAN_POINT('',(0.00841642831952229,0.0289560168286638,-0.00992754513348532));
#2257=CARTESIAN_POINT('',(0.00886687021775058,0.028820088724073,-0.00952568392978131));
#2258=CARTESIAN_POINT('',(0.00970658048320439,0.028548161140332,-0.00866846526418474));
#2259=CARTESIAN_POINT('',(0.0100954109353735,0.0284121303496716,-0.00821364024338233));
#2260=CARTESIAN_POINT('',(0.0108283758976435,0.0281411311484552,-0.00721993671033515));
#2261=CARTESIAN_POINT('',(0.0111719208880865,0.0280060734031868,-0.00668333443003554));
#2262=CARTESIAN_POINT('',(0.0116568051290258,0.0278059812029772,-0.00576531527574263));
#2263=CARTESIAN_POINT('',(0.011813297059268,0.0277397588284349,-0.00544021237794921));
#2264=CARTESIAN_POINT('',(0.0121160733000281,0.027608904625241,-0.00472764920686512));
#2265=CARTESIAN_POINT('',(0.0122622189013239,0.0275443162302353,-0.00434180386105874));
#2266=CARTESIAN_POINT('',(0.0124700842404168,0.0274505800592786,-0.003681080237306));
#2267=CARTESIAN_POINT('',(0.0125372959121692,0.027419901879618,-0.00344751343037596));
#2268=CARTESIAN_POINT('',(0.0126664057844156,0.0273604227946238,-0.0029379078642036));
#2269=CARTESIAN_POINT('',(0.0127282104818775,0.0273316333865166,-0.00266285489678085));
#2270=CARTESIAN_POINT('',(0.0128984089009199,0.0272519962998297,-0.00173881048715428));
#2271=CARTESIAN_POINT('',(0.0130000018283007,0.0272033536988407,-0.000945364368107032));
#2272=CARTESIAN_POINT('',(0.0130000018283009,0.0272033536988425,-3.81639164714898E-17));
#2273=CARTESIAN_POINT('',(0.0130000018283008,0.0272033536988425,0.000945354924189363));
#2274=CARTESIAN_POINT('',(0.0128984107251658,0.0272519954399539,0.00173879558937165));
#2275=CARTESIAN_POINT('',(0.0127282146704446,0.0273316314298044,0.00266283465280011));
#2276=CARTESIAN_POINT('',(0.0126664107808837,0.0273604204717601,0.00293788619707859));
#2277=CARTESIAN_POINT('',(0.0125373025236213,0.0274198988548784,0.00344748928006668));
#2278=CARTESIAN_POINT('',(0.0124700917009291,0.0274505766674265,0.00368105488515171));
#2279=CARTESIAN_POINT('',(0.0122622288984526,0.0275443117771841,0.00434177535989196));
#2280=CARTESIAN_POINT('',(0.0121160850690701,0.0276088994441268,0.00472761885899322));
#2281=CARTESIAN_POINT('',(0.0118133125120249,0.0277397522447911,0.00544017866094211));
#2282=CARTESIAN_POINT('',(0.011656822452977,0.0278059739104426,0.00576528010883672));
#2283=CARTESIAN_POINT('',(0.0111719382258754,0.0280060665355462,0.0066833063355727));
#2284=CARTESIAN_POINT('',(0.0108283906962732,0.0281411255016832,0.00721991503510379));
#2285=CARTESIAN_POINT('',(0.0100954200602625,0.0284121271511939,0.00821362948469946));
#2286=CARTESIAN_POINT('',(0.00970658641692564,0.0285481591822503,0.00866845899779723));
#2287=CARTESIAN_POINT('',(0.00886687490141433,0.0288200872438757,0.00952567935741645));
#2288=CARTESIAN_POINT('',(0.0084164358094809,0.0289560145870649,0.00992753853823026));
#2289=CARTESIAN_POINT('',(0.00742294424598687,0.0292265116981305,0.0106907580765503));
#2290=CARTESIAN_POINT('',(0.00688141221358395,0.02936113462804,0.0110524135608916));
#2291=CARTESIAN_POINT('',(0.00594242080685413,0.0295602196761635,0.0115678559573542));
#2292=CARTESIAN_POINT('',(0.00560907978231849,0.0296260477134993,0.0117345456265685));
#2293=CARTESIAN_POINT('',(0.00487398253113325,0.0297557572518308,0.012058425629604));
#2294=CARTESIAN_POINT('',(0.00447375303115893,0.0298197544446825,0.0122154737794382));
#2295=CARTESIAN_POINT('',(0.00378621644672206,0.0299120709058427,0.0124387556143519));
#2296=CARTESIAN_POINT('',(0.00354241929170374,0.0299422455284655,0.0125110611336758));
#2297=CARTESIAN_POINT('',(0.00301106790829886,0.0300003902187866,0.0126494605907714));
#2298=CARTESIAN_POINT('',(0.00272388369389409,0.0300284318099104,0.0127156177025869));
#2299=CARTESIAN_POINT('',(0.00176188146999368,0.0301053443471562,0.0128965748953886));
#2300=CARTESIAN_POINT('',(0.000943357215584139,0.0301499999386545,0.0129999999999998));
#2301=CARTESIAN_POINT('',(1.82830062415008E-9,0.0301500000000012,0.0129999999999998));
#2302=CARTESIAN_POINT('',(1.83439392159984E-8,0.043477000000002,0.271000000000002));
#2303=CARTESIAN_POINT('',(1.83439394483748E-8,0.0434770000000018,0.18000000533254));
#2304=CARTESIAN_POINT('',(1.83439392070698E-8,2.55139992249363E-15,0.271000000000002));
#2305=CARTESIAN_POINT('',(1.83439392181558E-8,0.0434770000000026,0.271000000000002));
#2306=CARTESIAN_POINT('',(1.83439377725409E-8,-0.0434769999999974,0.271000000000002));
#2307=CARTESIAN_POINT('',(1.83439394548502E-8,2.44345631980784E-15,0.18000000533254));
#2308=CARTESIAN_POINT('',(1.83439394578594E-8,0.0434770000000023,0.18000000533254));
#2309=CARTESIAN_POINT('',(1.83439394465165E-8,-0.0434769999999974,0.18000000533254));
#2310=CARTESIAN_POINT('',(1.83439390905972E-8,-0.0484759999999976,0.271000000000002));
#2311=CARTESIAN_POINT('',(1.83439392990102E-8,-0.0484759999999978,0.18000000533254));
#2312=CARTESIAN_POINT('',(1.83439381080048E-8,2.66425015067876E-15,0.271000000000002));
#2313=CARTESIAN_POINT('',(1.83439391197516E-8,-0.0484759999999964,0.271000000000002));
#2314=CARTESIAN_POINT('',(1.83439416326595E-8,0.0484760000000018,0.271000000000002));
#2315=CARTESIAN_POINT('',(1.83439386943368E-8,2.2005825079061E-15,0.18000000533254));
#2316=CARTESIAN_POINT('',(1.83439392322785E-8,-0.0484759999999989,0.18000000533254));
#2317=CARTESIAN_POINT('',(1.8343940228988E-8,0.0484760000000033,0.18000000533254));
#2318=CARTESIAN_POINT('',(1.21886639143367E-8,0.0875000000000016,0.170000000000001));
#2319=CARTESIAN_POINT('',(1.21886638921323E-8,0.0875000000000017,0.180000005332541));
#2320=CARTESIAN_POINT('',(1.21886640553373E-8,2.34041886283968E-15,0.180000005332541));
#2321=CARTESIAN_POINT('',(1.21886639269643E-8,0.0875000000000022,0.180000005332541));
#2322=CARTESIAN_POINT('',(1.21886610643702E-8,-0.0874999999999975,0.180000005332541));
#2323=CARTESIAN_POINT('',(1.21886639424869E-8,2.33060577604186E-15,0.170000000000001));
#2324=CARTESIAN_POINT('',(1.21886638811676E-8,0.0875000000000021,0.170000000000001));
#2325=CARTESIAN_POINT('',(1.21886609621817E-8,-0.0874999999999974,0.170000000000001));
#2326=CARTESIAN_POINT('',(-8.67597969909312E-17,0.0256500000000018,-0.0300000000000003));
#2327=CARTESIAN_POINT('',(-1.09754182247543E-16,0.0256500000000018,-0.0129999999999997));
#2328=CARTESIAN_POINT('',(-1.44922065581183E-16,0.0256500000000019,0.0129999999999993));
#2329=CARTESIAN_POINT('',(-3.57281976480479E-16,0.0256500000000022,0.170000000000001));
#2330=CARTESIAN_POINT('',(1.39836359601559E-16,1.86203152522032E-15,0.170000000000001));
#2331=CARTESIAN_POINT('',(-2.67737995037246E-16,0.0256500000000013,0.170000000000001));
#2332=CARTESIAN_POINT('',(-1.32894462510771E-15,-0.0256499999999976,0.170000000000001));
#2333=CARTESIAN_POINT('',(1.11869087681222E-15,1.11133106841208E-15,-0.0300000000000004));
#2334=CARTESIAN_POINT('',(-1.59995264065679E-17,0.0256500000000026,-0.0300000000000004));
#2335=CARTESIAN_POINT('',(-5.071936200508E-17,-0.0256500000000004,-0.0300000000000003));
#2336=CARTESIAN_POINT('',(-1.43103399517233E-16,0.0301500000000007,-0.0300000000000003));
#2337=CARTESIAN_POINT('',(-1.70490741957199E-16,0.0301500000000007,-0.0129999999999997));
#2338=CARTESIAN_POINT('',(-2.1237726568891E-16,0.0301500000000008,0.0129999999999996));
#2339=CARTESIAN_POINT('',(-4.65307428222709E-16,0.0301500000000011,0.170000000000001));
#2340=CARTESIAN_POINT('',(4.29322156671624E-17,1.88779085462055E-15,-0.0300000000000003));
#2341=CARTESIAN_POINT('',(-1.39025311972399E-16,0.0301500000000019,-0.0300000000000004));
#2342=CARTESIAN_POINT('',(-9.43670768689914E-16,-0.0301499999999982,-0.0300000000000002));
#2343=CARTESIAN_POINT('',(-2.99298874936587E-16,5.54438899472709E-16,0.170000000000001));
#2344=CARTESIAN_POINT('',(-2.71741372336096E-16,0.0301500000000008,0.170000000000001));
#2345=CARTESIAN_POINT('',(-1.29457754437903E-15,-0.0301499999999996,0.170000000000001));
#2346=CARTESIAN_POINT('',(1.82829884328336E-9,-0.0301499999999979,-0.0130000000000001));
#2347=CARTESIAN_POINT('',(1.82829883410586E-9,-0.025649999999998,-0.0129999999999999));
#2348=CARTESIAN_POINT('',(-0.716999219435936,-0.71699958789489,3.1921965961691));
#2349=CARTESIAN_POINT('',(0.716999956353861,-0.716999587894891,3.18219660150162));
#2350=CARTESIAN_POINT('',(3.68458961909903E-7,8.03445746598696E-15,3.18719659883536));
#2351=CARTESIAN_POINT('',(-0.564547073036623,0.382494134495519,3.49439660150163));
#2352=CARTESIAN_POINT('',(-0.660157530337041,0.0700000000000025,-0.132003398498375));
#2353=CARTESIAN_POINT('',(-0.50859679402314,-0.391924187926546,3.49439660150162));
#2354=CARTESIAN_POINT('',(-0.069999987200762,0.66015754313628,-0.132003398498373));
#2355=CARTESIAN_POINT('',(-0.378795665394302,0.566673180279886,-0.132003398498374));
#2356=CARTESIAN_POINT('',(1.27992490367168E-8,3.9522171091714E-15,1.68119660150165));
#2357=CARTESIAN_POINT('',(0.24852436541822,0.51118033433921,-0.132003398498375));
#2358=CARTESIAN_POINT('',(-0.0699999872007639,0.581661547749639,-0.132003398498373));
#2359=CARTESIAN_POINT('',(-0.508596794023104,0.391924187926595,-0.132003398498373));
#2360=CARTESIAN_POINT('',(-0.660157530337045,-0.0699999999999985,3.49439660150162));
#2361=CARTESIAN_POINT('',(0.513410531053322,0.244790935902713,3.49439660150163));
#2362=CARTESIAN_POINT('',(1.2799233370138E-8,1.93194970490407E-14,1.68119660150165));
#2363=CARTESIAN_POINT('',(1.27992355069357E-8,4.2196234816344E-15,1.68119660150165));
#2364=CARTESIAN_POINT('',(-0.513410505455048,-0.244790935902375,3.49439660150163));
#2365=CARTESIAN_POINT('',(-0.581661534950397,0.0699999999999998,-0.132003398498373));
#2366=CARTESIAN_POINT('',(0.50859681962155,-0.39192418792661,-0.132003398498373));
#2367=CARTESIAN_POINT('',(0.0700000127992378,-0.581661547749632,-0.132003398498373));
#2368=CARTESIAN_POINT('',(-0.248524339819746,-0.511180334339204,-0.132003398498374));
#2369=CARTESIAN_POINT('',(1.27992329260962E-8,2.80163372892447E-15,1.68119660150165));
#2370=CARTESIAN_POINT('',(0.378795690992787,-0.566673180279871,-0.132003398498374));
#2371=CARTESIAN_POINT('',(0.0700000127992369,-0.660157543136276,-0.132003398498373));
#2372=CARTESIAN_POINT('',(0.508596819621606,0.391924187926555,3.49439660150162));
#2373=CARTESIAN_POINT('',(-0.581661534950401,-0.0699999999999996,3.49439660150162));
#2374=CARTESIAN_POINT('',(0.564547098635096,-0.382494134495507,3.49439660150163));
#2375=CARTESIAN_POINT('',(0.69744665022167,-0.69744663742243,0.180196601501626));
#2376=CARTESIAN_POINT('',(3.68458961917262E-7,8.04181727438704E-15,3.18719659883536));
#2377=CARTESIAN_POINT('',(0.0214392983339539,0.064004742291188,3.18219660150163));
#2378=CARTESIAN_POINT('',(-0.0215433622063879,0.0639697818768199,3.18219660150163));
#2379=CARTESIAN_POINT('',(-0.0318233636916296,0.0700000000000047,3.18219660150162));
#2380=CARTESIAN_POINT('',(-0.0466726060965482,0.0700000000000069,3.18219660150162));
#2381=CARTESIAN_POINT('',(-0.0699999872007681,0.0466726188957876,3.18219660150162));
#2382=CARTESIAN_POINT('',(-0.0699999872007688,0.0318233764908702,3.18219660150162));
#2383=CARTESIAN_POINT('',(-0.0640047294919518,0.0214392855347294,3.18219660150163));
#2384=CARTESIAN_POINT('',(-0.0639697690775813,-0.0215433750056206,3.18219660150163));
#2385=CARTESIAN_POINT('',(-0.0699999872007699,-0.0318233764908535,3.18219660150162));
#2386=CARTESIAN_POINT('',(-0.0699999872007704,-0.0466726188957727,3.18219660150162));
#2387=CARTESIAN_POINT('',(-0.0466726060965526,-0.0699999999999918,3.18219660150162));
#2388=CARTESIAN_POINT('',(-0.0318233636916346,-0.0699999999999925,3.18219660150162));
#2389=CARTESIAN_POINT('',(-0.0214392727355013,-0.0640047422911709,3.18219660150163));
#2390=CARTESIAN_POINT('',(0.0215433878048497,-0.0639697818768081,3.18219660150163));
#2391=CARTESIAN_POINT('',(0.0318233892900912,-0.0699999999999963,3.18219660150162));
#2392=CARTESIAN_POINT('',(0.0466726316950101,-0.0699999999999952,3.18219660150162));
#2393=CARTESIAN_POINT('',(0.0700000127992296,-0.0466726188957773,3.18219660150162));
#2394=CARTESIAN_POINT('',(0.0700000127992304,-0.0318233764908582,3.18219660150162));
#2395=CARTESIAN_POINT('',(0.0640047550904131,-0.0214392855347174,3.18219660150163));
#2396=CARTESIAN_POINT('',(0.0639697946760426,0.0215433750056342,3.18219660150163));
#2397=CARTESIAN_POINT('',(0.0700000127992313,0.0318233764908671,3.18219660150162));
#2398=CARTESIAN_POINT('',(0.0700000127992318,0.0466726188957862,3.18219660150162));
#2399=CARTESIAN_POINT('',(0.0466726316950136,0.0700000000000036,3.18219660150162));
#2400=CARTESIAN_POINT('',(0.0318233892900954,0.0700000000000061,3.18219660150162));
#2401=CARTESIAN_POINT('',(3.68458964158935E-7,0.0874996565790879,3.18219660150162));
#2402=CARTESIAN_POINT('',(3.68458964263019E-7,0.0874996565790881,3.1921965961691));
#2403=CARTESIAN_POINT('',(-0.0318233636916231,0.0700000000000003,0.180196601501626));
#2404=CARTESIAN_POINT('',(-0.0215433622063812,0.0639697818768155,0.180196601501629));
#2405=CARTESIAN_POINT('',(-0.0466726060965415,0.0700000000000007,0.180196601501625));
#2406=CARTESIAN_POINT('',(-0.0699999872007615,0.0466726188957849,0.180196601501626));
#2407=CARTESIAN_POINT('',(-0.069999987200762,0.0318233764908658,0.180196601501626));
#2408=CARTESIAN_POINT('',(-0.0640047294919451,0.0214392855347232,0.180196601501629));
#2409=CARTESIAN_POINT('',(-0.0639697690775747,-0.0215433750056266,0.180196601501629));
#2410=CARTESIAN_POINT('',(-0.0699999872007632,-0.0318233764908595,0.180196601501626));
#2411=CARTESIAN_POINT('',(-0.0699999872007639,-0.0466726188957787,0.180196601501626));
#2412=CARTESIAN_POINT('',(-0.0466726060965462,-0.0699999999999981,0.180196601501626));
#2413=CARTESIAN_POINT('',(-0.0318233636916276,-0.0699999999999985,0.180196601501627));
#2414=CARTESIAN_POINT('',(-0.0214392727354949,-0.0640047422911771,0.180196601501629));
#2415=CARTESIAN_POINT('',(0.0215433878048567,-0.0639697818768143,0.18019660150163));
#2416=CARTESIAN_POINT('',(0.0214392983339608,0.0640047422911836,0.180196601501629));
#2417=CARTESIAN_POINT('',(0.0318233892901022,0.0700000000000016,0.180196601501626));
#2418=CARTESIAN_POINT('',(0.0466726316950204,0.0699999999999994,0.180196601501626));
#2419=CARTESIAN_POINT('',(0.0700000127992382,0.04667261889578,0.180196601501626));
#2420=CARTESIAN_POINT('',(0.0700000127992372,0.0318233764908609,0.180196601501626));
#2421=CARTESIAN_POINT('',(0.0639697946760492,0.0215433750056298,0.180196601501629));
#2422=CARTESIAN_POINT('',(0.0640047550904199,-0.0214392855347201,0.180196601501629));
#2423=CARTESIAN_POINT('',(0.0700000127992367,-0.0318233764908644,0.180196601501626));
#2424=CARTESIAN_POINT('',(0.0700000127992362,-0.0466726188957836,0.180196601501626));
#2425=CARTESIAN_POINT('',(0.0466726316950168,-0.0699999999999996,0.180196601501626));
#2426=CARTESIAN_POINT('',(0.031823389290098,-0.0700000000000007,0.180196601501626));
#2427=CARTESIAN_POINT('',(3.68458961955328E-7,-0.0874996565790726,3.18219660150162));
#2428=CARTESIAN_POINT('',(3.68458961900475E-7,-0.0874996565790716,3.1921965961691));
#2429=CARTESIAN_POINT('',(-0.0318233636916296,0.0700000000000047,3.18219660150162));
#2430=CARTESIAN_POINT('',(-0.0466726060965482,0.0700000000000069,3.18219660150162));
#2431=CARTESIAN_POINT('',(-0.0699999872007681,0.0466726188957876,3.18219660150162));
#2432=CARTESIAN_POINT('',(-0.0699999872007688,0.0318233764908702,3.18219660150162));
#2433=CARTESIAN_POINT('',(-0.0699999872007699,-0.0318233764908535,3.18219660150162));
#2434=CARTESIAN_POINT('',(-0.0699999872007704,-0.0466726188957727,3.18219660150162));
#2435=CARTESIAN_POINT('',(-0.0466726060965526,-0.0699999999999918,3.18219660150162));
#2436=CARTESIAN_POINT('',(-0.0318233636916346,-0.0699999999999925,3.18219660150162));
#2437=CARTESIAN_POINT('',(0.0318233892900912,-0.0699999999999963,3.18219660150162));
#2438=CARTESIAN_POINT('',(0.0466726316950101,-0.0699999999999952,3.18219660150162));
#2439=CARTESIAN_POINT('',(0.0700000127992296,-0.0466726188957773,3.18219660150162));
#2440=CARTESIAN_POINT('',(0.0700000127992304,-0.0318233764908582,3.18219660150162));
#2441=CARTESIAN_POINT('',(0.0700000127992313,0.0318233764908671,3.18219660150162));
#2442=CARTESIAN_POINT('',(0.0700000127992318,0.0466726188957862,3.18219660150162));
#2443=CARTESIAN_POINT('',(0.0466726316950136,0.0700000000000036,3.18219660150162));
#2444=CARTESIAN_POINT('',(0.0318233892900954,0.0700000000000061,3.18219660150162));
#2445=CARTESIAN_POINT('',(3.68458964158935E-7,0.0874996565790879,3.18219660150162));
#2446=CARTESIAN_POINT('',(3.68458964263019E-7,0.0874996565790881,3.1921965961691));
#2447=CARTESIAN_POINT('',(-0.0318233636916231,0.0700000000000003,0.180196601501626));
#2448=CARTESIAN_POINT('',(-0.0318233636916296,0.0700000000000047,3.18219660150162));
#2449=CARTESIAN_POINT('',(-0.0215433622063879,0.0639697818768199,3.18219660150163));
#2450=CARTESIAN_POINT('',(-0.0318233636916296,0.0700000000000047,3.18219660150162));
#2451=CARTESIAN_POINT('',(-0.0215433622063879,0.0639697818768199,3.18219660150163));
#2452=CARTESIAN_POINT('',(-0.0215433622063812,0.0639697818768155,0.180196601501629));
#2453=CARTESIAN_POINT('',(-0.0215433622063812,0.0639697818768155,0.180196601501629));
#2454=CARTESIAN_POINT('',(-0.0318233636916231,0.0700000000000003,0.180196601501626));
#2455=CARTESIAN_POINT('',(-0.0466726060965415,0.0700000000000007,0.180196601501625));
#2456=CARTESIAN_POINT('',(-0.0466726060965482,0.0700000000000069,3.18219660150162));
#2457=CARTESIAN_POINT('',(-0.0318233636916231,0.0700000000000003,0.180196601501626));
#2458=CARTESIAN_POINT('',(-0.0466726060965415,0.0700000000000007,0.180196601501625));
#2459=CARTESIAN_POINT('',(-0.0699999872007615,0.0466726188957849,0.180196601501626));
#2460=CARTESIAN_POINT('',(-0.0699999872007681,0.0466726188957876,3.18219660150162));
#2461=CARTESIAN_POINT('',(-0.0466726060965482,0.0700000000000069,3.18219660150162));
#2462=CARTESIAN_POINT('',(-0.0699999872007681,0.0466726188957876,3.18219660150162));
#2463=CARTESIAN_POINT('',(-0.0466726060965415,0.0700000000000007,0.180196601501625));
#2464=CARTESIAN_POINT('',(-0.0699999872007615,0.0466726188957849,0.180196601501626));
#2465=CARTESIAN_POINT('',(-0.069999987200762,0.0318233764908658,0.180196601501626));
#2466=CARTESIAN_POINT('',(-0.0699999872007688,0.0318233764908702,3.18219660150162));
#2467=CARTESIAN_POINT('',(-0.0699999872007615,0.0466726188957849,0.180196601501626));
#2468=CARTESIAN_POINT('',(-0.069999987200762,0.0318233764908658,0.180196601501626));
#2469=CARTESIAN_POINT('',(-0.0640047294919451,0.0214392855347232,0.180196601501629));
#2470=CARTESIAN_POINT('',(-0.0640047294919518,0.0214392855347294,3.18219660150163));
#2471=CARTESIAN_POINT('',(-0.0699999872007688,0.0318233764908702,3.18219660150162));
#2472=CARTESIAN_POINT('',(-0.0640047294919518,0.0214392855347294,3.18219660150163));
#2473=CARTESIAN_POINT('',(-0.069999987200762,0.0318233764908658,0.180196601501626));
#2474=CARTESIAN_POINT('',(-0.0640047294919451,0.0214392855347232,0.180196601501629));
#2475=CARTESIAN_POINT('',(-0.0639697690775747,-0.0215433750056266,0.180196601501629));
#2476=CARTESIAN_POINT('',(-0.0639697690775813,-0.0215433750056206,3.18219660150163));
#2477=CARTESIAN_POINT('',(1.27992439479579E-8,7.42744488893646E-15,3.18219660150134));
#2478=CARTESIAN_POINT('',(-0.0640047294919518,0.0214392855347294,3.18219660150163));
#2479=CARTESIAN_POINT('',(-0.0639697690775813,-0.0215433750056206,3.18219660150163));
#2480=CARTESIAN_POINT('',(1.27992491795364E-8,1.19874290919021E-15,0.180196601501479));
#2481=CARTESIAN_POINT('',(-0.0640047294919451,0.0214392855347232,0.180196601501629));
#2482=CARTESIAN_POINT('',(-0.0639697690775747,-0.0215433750056266,0.180196601501629));
#2483=CARTESIAN_POINT('',(-0.0699999872007632,-0.0318233764908595,0.180196601501626));
#2484=CARTESIAN_POINT('',(-0.0699999872007699,-0.0318233764908535,3.18219660150162));
#2485=CARTESIAN_POINT('',(-0.0639697690775813,-0.0215433750056206,3.18219660150163));
#2486=CARTESIAN_POINT('',(-0.0699999872007699,-0.0318233764908535,3.18219660150162));
#2487=CARTESIAN_POINT('',(-0.0639697690775747,-0.0215433750056266,0.180196601501629));
#2488=CARTESIAN_POINT('',(-0.0699999872007632,-0.0318233764908595,0.180196601501626));
#2489=CARTESIAN_POINT('',(-0.0699999872007639,-0.0466726188957787,0.180196601501626));
#2490=CARTESIAN_POINT('',(-0.0699999872007704,-0.0466726188957727,3.18219660150162));
#2491=CARTESIAN_POINT('',(-0.0699999872007632,-0.0318233764908595,0.180196601501626));
#2492=CARTESIAN_POINT('',(-0.0699999872007639,-0.0466726188957787,0.180196601501626));
#2493=CARTESIAN_POINT('',(-0.0466726060965462,-0.0699999999999981,0.180196601501626));
#2494=CARTESIAN_POINT('',(-0.0466726060965526,-0.0699999999999918,3.18219660150162));
#2495=CARTESIAN_POINT('',(-0.0699999872007704,-0.0466726188957727,3.18219660150162));
#2496=CARTESIAN_POINT('',(-0.0466726060965526,-0.0699999999999918,3.18219660150162));
#2497=CARTESIAN_POINT('',(-0.0699999872007639,-0.0466726188957787,0.180196601501626));
#2498=CARTESIAN_POINT('',(-0.0466726060965462,-0.0699999999999981,0.180196601501626));
#2499=CARTESIAN_POINT('',(-0.0318233636916276,-0.0699999999999985,0.180196601501627));
#2500=CARTESIAN_POINT('',(-0.0318233636916346,-0.0699999999999925,3.18219660150162));
#2501=CARTESIAN_POINT('',(-0.0466726060965462,-0.0699999999999981,0.180196601501626));
#2502=CARTESIAN_POINT('',(-0.0318233636916276,-0.0699999999999985,0.180196601501627));
#2503=CARTESIAN_POINT('',(-0.0214392727354949,-0.0640047422911771,0.180196601501629));
#2504=CARTESIAN_POINT('',(-0.0214392727355013,-0.0640047422911709,3.18219660150163));
#2505=CARTESIAN_POINT('',(-0.0318233636916346,-0.0699999999999925,3.18219660150162));
#2506=CARTESIAN_POINT('',(-0.0214392727355013,-0.0640047422911709,3.18219660150163));
#2507=CARTESIAN_POINT('',(-0.0318233636916276,-0.0699999999999985,0.180196601501627));
#2508=CARTESIAN_POINT('',(-0.0214392727354949,-0.0640047422911771,0.180196601501629));
#2509=CARTESIAN_POINT('',(0.0215433878048567,-0.0639697818768143,0.18019660150163));
#2510=CARTESIAN_POINT('',(0.0215433878048497,-0.0639697818768081,3.18219660150163));
#2511=CARTESIAN_POINT('',(1.27992326245855E-8,1.33562472222688E-14,3.18219660150133));
#2512=CARTESIAN_POINT('',(-0.0214392727355013,-0.0640047422911709,3.18219660150163));
#2513=CARTESIAN_POINT('',(0.0215433878048497,-0.0639697818768081,3.18219660150163));
#2514=CARTESIAN_POINT('',(1.27992393041455E-8,9.94724041091384E-15,0.180196601501474));
#2515=CARTESIAN_POINT('',(-0.0214392727354949,-0.0640047422911771,0.180196601501629));
#2516=CARTESIAN_POINT('',(0.0215433878048567,-0.0639697818768143,0.18019660150163));
#2517=CARTESIAN_POINT('',(1.27992324797707E-8,1.22546020480702E-15,3.18219660150136));
#2518=CARTESIAN_POINT('',(0.0214392983339539,0.064004742291188,3.18219660150163));
#2519=CARTESIAN_POINT('',(-0.0215433622063879,0.0639697818768199,3.18219660150163));
#2520=CARTESIAN_POINT('',(0.0214392983339539,0.064004742291188,3.18219660150163));
#2521=CARTESIAN_POINT('',(0.0214392983339608,0.0640047422911836,0.180196601501629));
#2522=CARTESIAN_POINT('',(1.27992393110422E-8,-2.12236294717609E-14,0.180196601501471));
#2523=CARTESIAN_POINT('',(0.0214392983339608,0.0640047422911836,0.180196601501629));
#2524=CARTESIAN_POINT('',(-0.0215433622063812,0.0639697818768155,0.180196601501629));
#2525=CARTESIAN_POINT('',(0.0318233892900954,0.0700000000000061,3.18219660150162));
#2526=CARTESIAN_POINT('',(0.0214392983339539,0.064004742291188,3.18219660150163));
#2527=CARTESIAN_POINT('',(0.0318233892900954,0.0700000000000061,3.18219660150162));
#2528=CARTESIAN_POINT('',(0.0318233892901022,0.0700000000000016,0.180196601501626));
#2529=CARTESIAN_POINT('',(0.0318233892901022,0.0700000000000016,0.180196601501626));
#2530=CARTESIAN_POINT('',(0.0214392983339608,0.0640047422911836,0.180196601501629));
#2531=CARTESIAN_POINT('',(0.0466726316950136,0.0700000000000036,3.18219660150162));
#2532=CARTESIAN_POINT('',(0.0466726316950204,0.0699999999999994,0.180196601501626));
#2533=CARTESIAN_POINT('',(0.0466726316950204,0.0699999999999994,0.180196601501626));
#2534=CARTESIAN_POINT('',(0.0318233892901022,0.0700000000000016,0.180196601501626));
#2535=CARTESIAN_POINT('',(0.0700000127992318,0.0466726188957862,3.18219660150162));
#2536=CARTESIAN_POINT('',(0.0466726316950136,0.0700000000000036,3.18219660150162));
#2537=CARTESIAN_POINT('',(0.0700000127992318,0.0466726188957862,3.18219660150162));
#2538=CARTESIAN_POINT('',(0.0700000127992382,0.04667261889578,0.180196601501626));
#2539=CARTESIAN_POINT('',(0.0700000127992382,0.04667261889578,0.180196601501626));
#2540=CARTESIAN_POINT('',(0.0466726316950204,0.0699999999999994,0.180196601501626));
#2541=CARTESIAN_POINT('',(0.0700000127992313,0.0318233764908671,3.18219660150162));
#2542=CARTESIAN_POINT('',(0.0700000127992372,0.0318233764908609,0.180196601501626));
#2543=CARTESIAN_POINT('',(0.0700000127992372,0.0318233764908609,0.180196601501626));
#2544=CARTESIAN_POINT('',(0.0700000127992382,0.04667261889578,0.180196601501626));
#2545=CARTESIAN_POINT('',(0.0639697946760426,0.0215433750056342,3.18219660150163));
#2546=CARTESIAN_POINT('',(0.0700000127992313,0.0318233764908671,3.18219660150162));
#2547=CARTESIAN_POINT('',(0.0639697946760426,0.0215433750056342,3.18219660150163));
#2548=CARTESIAN_POINT('',(0.0639697946760492,0.0215433750056298,0.180196601501629));
#2549=CARTESIAN_POINT('',(0.0639697946760492,0.0215433750056298,0.180196601501629));
#2550=CARTESIAN_POINT('',(0.0700000127992372,0.0318233764908609,0.180196601501626));
#2551=CARTESIAN_POINT('',(1.27992296950116E-8,5.37423346584745E-15,3.18219660150134));
#2552=CARTESIAN_POINT('',(0.0640047550904131,-0.0214392855347174,3.18219660150163));
#2553=CARTESIAN_POINT('',(0.0639697946760426,0.0215433750056342,3.18219660150163));
#2554=CARTESIAN_POINT('',(0.0640047550904131,-0.0214392855347174,3.18219660150163));
#2555=CARTESIAN_POINT('',(0.0640047550904199,-0.0214392855347201,0.180196601501629));
#2556=CARTESIAN_POINT('',(1.27992417159058E-8,1.51082388047782E-15,0.180196601501472));
#2557=CARTESIAN_POINT('',(0.0640047550904199,-0.0214392855347201,0.180196601501629));
#2558=CARTESIAN_POINT('',(0.0639697946760492,0.0215433750056298,0.180196601501629));
#2559=CARTESIAN_POINT('',(0.0700000127992304,-0.0318233764908582,3.18219660150162));
#2560=CARTESIAN_POINT('',(0.0640047550904131,-0.0214392855347174,3.18219660150163));
#2561=CARTESIAN_POINT('',(0.0700000127992304,-0.0318233764908582,3.18219660150162));
#2562=CARTESIAN_POINT('',(0.0700000127992367,-0.0318233764908644,0.180196601501626));
#2563=CARTESIAN_POINT('',(0.0700000127992367,-0.0318233764908644,0.180196601501626));
#2564=CARTESIAN_POINT('',(0.0640047550904199,-0.0214392855347201,0.180196601501629));
#2565=CARTESIAN_POINT('',(0.0700000127992296,-0.0466726188957773,3.18219660150162));
#2566=CARTESIAN_POINT('',(0.0700000127992362,-0.0466726188957836,0.180196601501626));
#2567=CARTESIAN_POINT('',(0.0700000127992362,-0.0466726188957836,0.180196601501626));
#2568=CARTESIAN_POINT('',(0.0700000127992367,-0.0318233764908644,0.180196601501626));
#2569=CARTESIAN_POINT('',(0.0466726316950101,-0.0699999999999952,3.18219660150162));
#2570=CARTESIAN_POINT('',(0.0700000127992296,-0.0466726188957773,3.18219660150162));
#2571=CARTESIAN_POINT('',(0.0466726316950101,-0.0699999999999952,3.18219660150162));
#2572=CARTESIAN_POINT('',(0.0466726316950168,-0.0699999999999996,0.180196601501626));
#2573=CARTESIAN_POINT('',(0.0466726316950168,-0.0699999999999996,0.180196601501626));
#2574=CARTESIAN_POINT('',(0.0700000127992362,-0.0466726188957836,0.180196601501626));
#2575=CARTESIAN_POINT('',(0.0318233892900912,-0.0699999999999963,3.18219660150162));
#2576=CARTESIAN_POINT('',(0.031823389290098,-0.0700000000000007,0.180196601501626));
#2577=CARTESIAN_POINT('',(0.031823389290098,-0.0700000000000007,0.180196601501626));
#2578=CARTESIAN_POINT('',(0.0466726316950168,-0.0699999999999996,0.180196601501626));
#2579=CARTESIAN_POINT('',(0.0215433878048497,-0.0639697818768081,3.18219660150163));
#2580=CARTESIAN_POINT('',(0.0318233892900912,-0.0699999999999963,3.18219660150162));
#2581=CARTESIAN_POINT('',(0.0215433878048567,-0.0639697818768143,0.18019660150163));
#2582=CARTESIAN_POINT('',(0.031823389290098,-0.0700000000000007,0.180196601501626));
#2583=CARTESIAN_POINT('',(3.68458962049741E-7,7.65910246085371E-15,3.18219660150162));
#2584=CARTESIAN_POINT('',(3.68458964158935E-7,0.0874996565790879,3.18219660150162));
#2585=CARTESIAN_POINT('',(3.6845896197186E-7,-0.0874996565790726,3.18219660150162));
#2586=CARTESIAN_POINT('',(3.68458962736655E-7,8.26260628893191E-15,3.1921965961691));
#2587=CARTESIAN_POINT('',(3.68458964263019E-7,0.0874996565790881,3.1921965961691));
#2588=CARTESIAN_POINT('',(3.68458961881587E-7,-0.0874996565790716,3.1921965961691));
#2589=CARTESIAN_POINT('',(3.68458961927496E-7,-0.0874996565790725,3.18219660150162));
#2590=CARTESIAN_POINT('',(3.6845896190212E-7,-0.0874996565790725,3.1921965961691));
#2591=CARTESIAN_POINT('',(3.6845896203747E-7,7.66155564063994E-15,3.18219660150162));
#2592=CARTESIAN_POINT('',(3.68458961955328E-7,-0.0874996565790726,3.18219660150162));
#2593=CARTESIAN_POINT('',(3.68458964129495E-7,0.0874996565790879,3.18219660150162));
#2594=CARTESIAN_POINT('',(3.6845896151247E-7,8.26505981714479E-15,3.1921965961691));
#2595=CARTESIAN_POINT('',(3.68458961900475E-7,-0.0874996565790716,3.1921965961691));
#2596=CARTESIAN_POINT('',(3.68458964222361E-7,0.0874996565790881,3.1921965961691));
#2597=CARTESIAN_POINT('',(-0.75777664381956,-0.72716585473176,3.26844623227384));
#2598=CARTESIAN_POINT('',(0.752074875610024,-0.727165861649239,3.1924634416596));
#2599=CARTESIAN_POINT('',(0.101237117106094,-0.0202940276659781,3.23045483696673));
#2600=CARTESIAN_POINT('',(0.0575318918909913,-0.633786484782333,2.57286516259816));
#2601=CARTESIAN_POINT('',(1.21886712262438E-8,1.55414620708401E-14,3.23045483696671));
#2602=CARTESIAN_POINT('',(-0.481820443610115,0.422223223928902,3.88804451133526));
#2603=CARTESIAN_POINT('',(0.043131164079506,0.0938154312850322,3.23045483696673));
#2604=CARTESIAN_POINT('',(0.122384585104741,-0.518320764223394,2.57286516259816));
#2605=CARTESIAN_POINT('',(0.0150036574585469,0.124893240672815,3.23045483696672));
#2606=CARTESIAN_POINT('',(-0.615092791924381,0.162494336565573,3.88804451133527));
#2607=CARTESIAN_POINT('',(-0.00187825090781117,0.125766247671611,3.23045483696672));
#2608=CARTESIAN_POINT('',(0.152884042436924,0.724270881941423,2.57286516259816));
#2609=CARTESIAN_POINT('',(-0.0330433967662171,0.0978209184970906,3.23045483696672));
#2610=CARTESIAN_POINT('',(-0.574949037215363,-0.20539759342631,3.88804451133527));
#2611=CARTESIAN_POINT('',(1.21886462028953E-8,1.18664644092262E-14,3.23045483696671));
#2612=CARTESIAN_POINT('',(-0.0454328262601052,0.605333168201117,2.57286516259817));
#2613=CARTESIAN_POINT('',(-0.102812110516672,-0.00955504241050022,3.23045483696671));
#2614=CARTESIAN_POINT('',(-0.600661348885832,-0.436303807161658,3.88804451133526));
#2615=CARTESIAN_POINT('',(-0.115662128039761,-0.0494531674609811,3.23045483696672));
#2616=CARTESIAN_POINT('',(-0.400975745306263,0.498578177928914,2.57286516259816));
#2617=CARTESIAN_POINT('',(-0.10797779009835,-0.0645101263414478,3.23045483696671));
#2618=CARTESIAN_POINT('',(0.523937318259608,0.100092042610653,3.88804451133527));
#2619=CARTESIAN_POINT('',(-0.0681936837739115,-0.0775268908311034,3.23045483696671));
#2620=CARTESIAN_POINT('',(0.46566656866664,-0.395420118718108,3.88804451133526));
#2621=CARTESIAN_POINT('',(1.21886530720498E-8,-6.2877296454748E-15,3.23045483696671));
#2622=CARTESIAN_POINT('',(0.606061129190399,0.205907245352922,3.88804451133528));
#2623=CARTESIAN_POINT('',(0.0596809830030538,-0.0842603888745262,3.23045483696672));
#2624=CARTESIAN_POINT('',(0.676892138677879,-0.301542391858445,3.88804451133527));
#2625=CARTESIAN_POINT('',(0.100659036152833,-0.0754405495363863,3.23045483696672));
#2626=CARTESIAN_POINT('',(-0.231540397300156,-0.59692506708507,2.57286516259816));
#2627=CARTESIAN_POINT('',(0.109856616300793,-0.0612564254736325,3.23045483696672));
#2628=CARTESIAN_POINT('',(-0.350255622904397,0.405299563846725,3.88804451133527));
#2629=CARTESIAN_POINT('',(0.113387443296787,-0.0577187544275994,3.26844623227384));
#2630=CARTESIAN_POINT('',(0.0887647400438095,-0.0331292296775074,3.26844623227384));
#2631=CARTESIAN_POINT('',(0.0833662093045147,-0.0212600787039903,3.26844623227384));
#2632=CARTESIAN_POINT('',(0.0836064117243384,-0.0155928234367813,3.26844623227384));
#2633=CARTESIAN_POINT('',(0.0365612350441069,0.0767883009928352,3.26844623227384));
#2634=CARTESIAN_POINT('',(0.0318004982444884,0.0799592927630344,3.26844623227384));
#2635=CARTESIAN_POINT('',(0.0254185929976041,0.0912383420987188,3.26844623227384));
#2636=CARTESIAN_POINT('',(0.0199402063861801,0.125677224993429,3.26844623227384));
#2637=CARTESIAN_POINT('',(0.0152606065209815,0.129885046349043,3.26844623227384));
#2638=CARTESIAN_POINT('',(-0.00161898187267777,0.130758257151145,3.26844623227384));
#2639=CARTESIAN_POINT('',(-0.00670779575631049,0.12705577302331,3.26844623227384));
#2640=CARTESIAN_POINT('',(-0.0156915972303886,0.0934371241213321,3.26844623227384));
#2641=CARTESIAN_POINT('',(-0.0232713181251563,0.0828272838712436,3.26844623227384));
#2642=CARTESIAN_POINT('',(-0.0282994063662034,0.0802016776352543,3.26844623227384));
#2643=CARTESIAN_POINT('',(-0.0847812186123067,-0.00673120271016781,3.26844623227384));
#2644=CARTESIAN_POINT('',(-0.0851470096406822,-0.0124396176044612,3.26844623227384));
#2645=CARTESIAN_POINT('',(-0.0917240002724855,-0.0236060343406543,3.26844623227384));
#2646=CARTESIAN_POINT('',(-0.118809754431545,-0.0455698977652541,3.26844623227384));
#2647=CARTESIAN_POINT('',(-0.120114034687492,-0.0517264608058645,3.26844623227384));
#2648=CARTESIAN_POINT('',(-0.112430463228144,-0.0667812185612531,3.26844623227384));
#2649=CARTESIAN_POINT('',(-0.106679610974515,-0.069337018595693,3.26844623227384));
#2650=CARTESIAN_POINT('',(-0.073073106247454,-0.0603078944438107,3.26844623227384));
#2651=CARTESIAN_POINT('',(-0.0600948546133761,-0.0615672051672378,3.26844623227384));
#2652=CARTESIAN_POINT('',(-0.0553069687921958,-0.0646088541984344,3.26844623227384));
#2653=CARTESIAN_POINT('',(0.0482200201341518,-0.0700570982826623,3.26844623227385));
#2654=CARTESIAN_POINT('',(0.0533465479621338,-0.0675196751585594,3.26844623227384));
#2655=CARTESIAN_POINT('',(0.0663054438408462,-0.0676323077580487,3.26844623227384));
#2656=CARTESIAN_POINT('',(0.0988695846113281,-0.0801073272281556,3.26844623227384));
#2657=CARTESIAN_POINT('',(0.104853464732474,-0.0781585855431557,3.26844623227384));
#2658=CARTESIAN_POINT('',(0.114049481666783,-0.0639770385898744,3.26844623227384));
#2659=CARTESIAN_POINT('',(0.0887647400438094,-0.0331292296775094,3.19246344165959));
#2660=CARTESIAN_POINT('',(0.113387443296788,-0.0577187544275997,3.1924634416596));
#2661=CARTESIAN_POINT('',(0.114049481666783,-0.0639770385898728,3.19246344165959));
#2662=CARTESIAN_POINT('',(0.104853464732474,-0.0781585855431559,3.19246344165959));
#2663=CARTESIAN_POINT('',(0.0988695846113283,-0.0801073272281576,3.19246344165959));
#2664=CARTESIAN_POINT('',(0.066305443840846,-0.067632307758049,3.19246344165959));
#2665=CARTESIAN_POINT('',(0.0533465479621339,-0.0675196751585614,3.1924634416596));
#2666=CARTESIAN_POINT('',(0.048220020134152,-0.0700570982826607,3.19246344165959));
#2667=CARTESIAN_POINT('',(-0.0553069687921952,-0.0646088541984329,3.19246344165959));
#2668=CARTESIAN_POINT('',(-0.060094854613376,-0.0615672051672398,3.19246344165959));
#2669=CARTESIAN_POINT('',(-0.0730731062474536,-0.0603078944438109,3.19246344165959));
#2670=CARTESIAN_POINT('',(-0.106679610974514,-0.0693370185956914,3.19246344165959));
#2671=CARTESIAN_POINT('',(-0.112430463228144,-0.0667812185612515,3.19246344165959));
#2672=CARTESIAN_POINT('',(-0.120114034687492,-0.0517264608058665,3.19246344165959));
#2673=CARTESIAN_POINT('',(-0.118809754431544,-0.0455698977652526,3.19246344165959));
#2674=CARTESIAN_POINT('',(-0.0917240002724859,-0.0236060343406546,3.19246344165959));
#2675=CARTESIAN_POINT('',(-0.0851470096406822,-0.0124396176044632,3.19246344165959));
#2676=CARTESIAN_POINT('',(-0.0847812186123073,-0.00673120271016803,3.19246344165959));
#2677=CARTESIAN_POINT('',(-0.028299406366203,0.0802016776352559,3.19246344165959));
#2678=CARTESIAN_POINT('',(-0.0232713181251561,0.0828272838712416,3.19246344165959));
#2679=CARTESIAN_POINT('',(-0.0156915972303884,0.0934371241213319,3.19246344165959));
#2680=CARTESIAN_POINT('',(-0.00670779575631009,0.12705577302331,3.19246344165959));
#2681=CARTESIAN_POINT('',(-0.0016189818726776,0.130758257151145,3.19246344165959));
#2682=CARTESIAN_POINT('',(0.015260606520981,0.129885046349039,3.19246344165959));
#2683=CARTESIAN_POINT('',(0.0199402063861803,0.125677224993429,3.19246344165959));
#2684=CARTESIAN_POINT('',(0.0254185929976045,0.0912383420987204,3.19246344165959));
#2685=CARTESIAN_POINT('',(0.0318004982444886,0.0799592927630344,3.19246344165959));
#2686=CARTESIAN_POINT('',(0.0365612350441071,0.076788300992835,3.19246344165959));
#2687=CARTESIAN_POINT('',(0.0836064117243385,-0.0155928234367813,3.19246344165959));
#2688=CARTESIAN_POINT('',(0.0833662093045146,-0.021260078703992,3.19246344165959));
#2689=CARTESIAN_POINT('',(0.0833662093045147,-0.0212600787039903,3.26844623227384));
#2690=CARTESIAN_POINT('',(0.0831780679008346,-0.0193724864401044,3.26844623227384));
#2691=CARTESIAN_POINT('',(0.0832573711650644,-0.0174643269888857,3.26844623227384));
#2692=CARTESIAN_POINT('',(0.0836064117243384,-0.0155928234367813,3.26844623227384));
#2693=CARTESIAN_POINT('',(0.0365612350441069,0.0767883009928352,3.26844623227384));
#2694=CARTESIAN_POINT('',(0.0348277759382103,0.0776136530825888,3.26844623227384));
#2695=CARTESIAN_POINT('',(0.0332255037989782,0.0786827909175476,3.26844623227384));
#2696=CARTESIAN_POINT('',(0.0318004982444884,0.0799592927630344,3.26844623227384));
#2697=CARTESIAN_POINT('',(-0.0232713181251563,0.0828272838712436,3.26844623227384));
#2698=CARTESIAN_POINT('',(-0.0248119502799903,0.0817205525012088,3.26844623227384));
#2699=CARTESIAN_POINT('',(-0.0265041164721082,0.0808351514182819,3.26844623227384));
#2700=CARTESIAN_POINT('',(-0.0282994063662034,0.0802016776352543,3.26844623227384));
#2701=CARTESIAN_POINT('',(-0.0847812186123067,-0.00673120271016781,3.26844623227384));
#2702=CARTESIAN_POINT('',(-0.084629264935426,-0.00864509838630734,3.26844623227384));
#2703=CARTESIAN_POINT('',(-0.0847540293936201,-0.0105672756797872,3.26844623227384));
#2704=CARTESIAN_POINT('',(-0.0851470096406822,-0.0124396176044612,3.26844623227384));
#2705=CARTESIAN_POINT('',(-0.0600948546133761,-0.0615672051672378,3.26844623227384));
#2706=CARTESIAN_POINT('',(-0.0583660810588286,-0.06234806606418,3.26844623227384));
#2707=CARTESIAN_POINT('',(-0.0567532181317492,-0.0633708244312725,3.26844623227384));
#2708=CARTESIAN_POINT('',(-0.0553069687921958,-0.0646088541984344,3.26844623227384));
#2709=CARTESIAN_POINT('',(-0.0553069687921958,-0.0646088541984344,3.26844623227384));
#2710=CARTESIAN_POINT('',(-0.0248476030645565,-0.0906828900225834,3.26844623227384));
#2711=CARTESIAN_POINT('',(0.0151921797683446,-0.0927900227671585,3.26844623227384));
#2712=CARTESIAN_POINT('',(0.0482200201341518,-0.0700570982826623,3.26844623227385));
#2713=CARTESIAN_POINT('',(0.0482200201341518,-0.0700570982826623,3.26844623227385));
#2714=CARTESIAN_POINT('',(0.0498015255639744,-0.0689685547054051,3.26844623227384));
#2715=CARTESIAN_POINT('',(0.0515285621587901,-0.0681155152465307,3.26844623227384));
#2716=CARTESIAN_POINT('',(0.0533465479621338,-0.0675196751585594,3.26844623227384));
#2717=CARTESIAN_POINT('',(0.0533465479621339,-0.0675196751585614,3.1924634416596));
#2718=CARTESIAN_POINT('',(0.05152856215879,-0.0681155152465325,3.19246344165959));
#2719=CARTESIAN_POINT('',(0.049801525563975,-0.0689685547054071,3.1924634416596));
#2720=CARTESIAN_POINT('',(0.048220020134152,-0.0700570982826607,3.19246344165959));
#2721=CARTESIAN_POINT('',(0.048220020134152,-0.0700570982826607,3.19246344165959));
#2722=CARTESIAN_POINT('',(0.0151921706318429,-0.0927900290557754,3.19246344165959));
#2723=CARTESIAN_POINT('',(-0.0248476221570181,-0.0906828890178198,3.1924634416596));
#2724=CARTESIAN_POINT('',(-0.0553069687921952,-0.0646088541984329,3.19246344165959));
#2725=CARTESIAN_POINT('',(-0.0553069687921952,-0.0646088541984329,3.19246344165959));
#2726=CARTESIAN_POINT('',(-0.0567532181317496,-0.0633708244312727,3.19246344165959));
#2727=CARTESIAN_POINT('',(-0.0583660810588279,-0.06234806606418,3.19246344165959));
#2728=CARTESIAN_POINT('',(-0.060094854613376,-0.0615672051672398,3.19246344165959));
#2729=CARTESIAN_POINT('',(-0.0851470096406822,-0.0124396176044632,3.19246344165959));
#2730=CARTESIAN_POINT('',(-0.0847540293936199,-0.0105672756797874,3.19246344165959));
#2731=CARTESIAN_POINT('',(-0.0846292649354254,-0.00864509838630756,3.19246344165959));
#2732=CARTESIAN_POINT('',(-0.0847812186123073,-0.00673120271016803,3.19246344165959));
#2733=CARTESIAN_POINT('',(-0.028299406366203,0.0802016776352559,3.19246344165959));
#2734=CARTESIAN_POINT('',(-0.0265041164721082,0.0808351514182817,3.19246344165959));
#2735=CARTESIAN_POINT('',(-0.0248119502799905,0.081720552501207,3.19246344165959));
#2736=CARTESIAN_POINT('',(-0.0232713181251561,0.0828272838712416,3.19246344165959));
#2737=CARTESIAN_POINT('',(0.0318004982444886,0.0799592927630344,3.19246344165959));
#2738=CARTESIAN_POINT('',(0.0332255037989782,0.0786827909175476,3.19246344165959));
#2739=CARTESIAN_POINT('',(0.0348277759382104,0.0776136530825886,3.19246344165959));
#2740=CARTESIAN_POINT('',(0.0365612350441071,0.076788300992835,3.19246344165959));
#2741=CARTESIAN_POINT('',(0.0836064117243385,-0.0155928234367813,3.19246344165959));
#2742=CARTESIAN_POINT('',(0.0832573711650648,-0.0174643269888839,3.19246344165959));
#2743=CARTESIAN_POINT('',(0.0831780679008351,-0.0193724864401026,3.19246344165959));
#2744=CARTESIAN_POINT('',(0.0833662093045146,-0.021260078703992,3.19246344165959));
#2745=CARTESIAN_POINT('',(0.101237117106095,-0.0202940276659784,3.19246344165959));
#2746=CARTESIAN_POINT('',(0.0833662093045146,-0.021260078703992,3.19246344165959));
#2747=CARTESIAN_POINT('',(0.0887647400438094,-0.0331292296775094,3.19246344165959));
#2748=CARTESIAN_POINT('',(0.0833662093045147,-0.0212600787039903,3.26844623227384));
#2749=CARTESIAN_POINT('',(0.0833662093045146,-0.021260078703992,3.19246344165959));
#2750=CARTESIAN_POINT('',(0.101237117106088,-0.0202940276659796,3.2684462322738));
#2751=CARTESIAN_POINT('',(0.0887647400438095,-0.0331292296775074,3.26844623227384));
#2752=CARTESIAN_POINT('',(0.0833662093045147,-0.0212600787039903,3.26844623227384));
#2753=CARTESIAN_POINT('',(0.0887647400438094,-0.0331292296775094,3.19246344165959));
#2754=CARTESIAN_POINT('',(0.0887647400438095,-0.0331292296775074,3.26844623227384));
#2755=CARTESIAN_POINT('',(1.21886684341607E-8,1.39887566597269E-14,3.26844623227385));
#2756=CARTESIAN_POINT('',(0.0836064117243384,-0.0155928234367813,3.26844623227384));
#2757=CARTESIAN_POINT('',(0.0365612350441069,0.0767883009928352,3.26844623227384));
#2758=CARTESIAN_POINT('',(0.0836064117243384,-0.0155928234367813,3.26844623227384));
#2759=CARTESIAN_POINT('',(0.0836064117243385,-0.0155928234367813,3.19246344165959));
#2760=CARTESIAN_POINT('',(1.21886703780519E-8,1.47915775026215E-14,3.19246344165959));
#2761=CARTESIAN_POINT('',(0.0365612350441071,0.076788300992835,3.19246344165959));
#2762=CARTESIAN_POINT('',(0.0836064117243385,-0.0155928234367813,3.19246344165959));
#2763=CARTESIAN_POINT('',(0.0365612350441071,0.076788300992835,3.19246344165959));
#2764=CARTESIAN_POINT('',(0.0365612350441069,0.0767883009928352,3.26844623227384));
#2765=CARTESIAN_POINT('',(0.0431311640795075,0.0938154312850329,3.19246344165955));
#2766=CARTESIAN_POINT('',(0.0254185929976045,0.0912383420987204,3.19246344165959));
#2767=CARTESIAN_POINT('',(0.0318004982444886,0.0799592927630344,3.19246344165959));
#2768=CARTESIAN_POINT('',(0.0254185929976041,0.0912383420987188,3.26844623227384));
#2769=CARTESIAN_POINT('',(0.0254185929976045,0.0912383420987204,3.19246344165959));
#2770=CARTESIAN_POINT('',(0.0431311640795058,0.0938154312850327,3.26844623227382));
#2771=CARTESIAN_POINT('',(0.0318004982444884,0.0799592927630344,3.26844623227384));
#2772=CARTESIAN_POINT('',(0.0254185929976041,0.0912383420987188,3.26844623227384));
#2773=CARTESIAN_POINT('',(0.0318004982444886,0.0799592927630344,3.19246344165959));
#2774=CARTESIAN_POINT('',(0.0318004982444884,0.0799592927630344,3.26844623227384));
#2775=CARTESIAN_POINT('',(0.0254185929976041,0.0912383420987188,3.26844623227384));
#2776=CARTESIAN_POINT('',(0.0243560744593009,0.0979176720017592,3.26844623227384));
#2777=CARTESIAN_POINT('',(0.0228838533844472,0.107172522524043,3.26844623227384));
#2778=CARTESIAN_POINT('',(0.0214116323095931,0.116427373046329,3.26844623227384));
#2779=CARTESIAN_POINT('',(0.0209211571187275,0.119510656293584,3.26844623227384));
#2780=CARTESIAN_POINT('',(0.0204306819278612,0.122593939540839,3.26844623227384));
#2781=CARTESIAN_POINT('',(0.0199402063861801,0.125677224993429,3.26844623227384));
#2782=CARTESIAN_POINT('',(0.0199402063861803,0.125677224993429,3.19246344165959));
#2783=CARTESIAN_POINT('',(0.020430681693985,0.122593941011062,3.19246344165959));
#2784=CARTESIAN_POINT('',(0.0209211570017885,0.119510657028693,3.19246344165959));
#2785=CARTESIAN_POINT('',(0.0214116323095932,0.116427373046327,3.19246344165959));
#2786=CARTESIAN_POINT('',(0.0228838533844471,0.107172522524041,3.19246344165959));
#2787=CARTESIAN_POINT('',(0.024356074459301,0.0979176720017588,3.1924634416596));
#2788=CARTESIAN_POINT('',(0.0254185929976045,0.0912383420987204,3.19246344165959));
#2789=CARTESIAN_POINT('',(0.0150036574585498,0.124893240672816,3.19246344165958));
#2790=CARTESIAN_POINT('',(0.015260606520981,0.129885046349039,3.19246344165959));
#2791=CARTESIAN_POINT('',(0.0199402063861803,0.125677224993429,3.19246344165959));
#2792=CARTESIAN_POINT('',(0.015260606520981,0.129885046349039,3.19246344165959));
#2793=CARTESIAN_POINT('',(0.0152606065209815,0.129885046349043,3.26844623227384));
#2794=CARTESIAN_POINT('',(0.0150036574585444,0.124893240672815,3.26844623227384));
#2795=CARTESIAN_POINT('',(0.0199402063861801,0.125677224993429,3.26844623227384));
#2796=CARTESIAN_POINT('',(0.0152606065209815,0.129885046349043,3.26844623227384));
#2797=CARTESIAN_POINT('',(0.0199402063861801,0.125677224993429,3.26844623227384));
#2798=CARTESIAN_POINT('',(0.0199402063861803,0.125677224993429,3.19246344165959));
#2799=CARTESIAN_POINT('',(0.0152606065209815,0.129885046349043,3.26844623227384));
#2800=CARTESIAN_POINT('',(0.00963407839789769,0.130176116547012,3.26844623227384));
#2801=CARTESIAN_POINT('',(0.00400755027481387,0.130467186744983,3.26844623227384));
#2802=CARTESIAN_POINT('',(-0.00161898187267777,0.130758257151145,3.26844623227384));
#2803=CARTESIAN_POINT('',(-0.0016189818726776,0.130758257151145,3.19246344165959));
#2804=CARTESIAN_POINT('',(0.00400754759187572,0.130467186883779,3.19246344165959));
#2805=CARTESIAN_POINT('',(0.00963407705642903,0.130176116616409,3.19246344165959));
#2806=CARTESIAN_POINT('',(0.015260606520981,0.129885046349039,3.19246344165959));
#2807=CARTESIAN_POINT('',(-0.00187825090781114,0.125766247671611,3.19246344165959));
#2808=CARTESIAN_POINT('',(-0.00670779575631008,0.12705577302331,3.19246344165959));
#2809=CARTESIAN_POINT('',(-0.0016189818726776,0.130758257151145,3.19246344165959));
#2810=CARTESIAN_POINT('',(-0.00670779575631009,0.12705577302331,3.19246344165959));
#2811=CARTESIAN_POINT('',(-0.00670779575631049,0.12705577302331,3.26844623227384));
#2812=CARTESIAN_POINT('',(-0.00187825090781181,0.125766247671611,3.26844623227384));
#2813=CARTESIAN_POINT('',(-0.00161898187267777,0.130758257151145,3.26844623227384));
#2814=CARTESIAN_POINT('',(-0.0067077957563105,0.12705577302331,3.26844623227384));
#2815=CARTESIAN_POINT('',(-0.00161898187267777,0.130758257151145,3.26844623227384));
#2816=CARTESIAN_POINT('',(-0.0016189818726776,0.130758257151145,3.19246344165959));
#2817=CARTESIAN_POINT('',(-0.00670779575631049,0.12705577302331,3.26844623227384));
#2818=CARTESIAN_POINT('',(-0.00751380884341741,0.124039558666388,3.26844623227384));
#2819=CARTESIAN_POINT('',(-0.00831982193052423,0.121023344309468,3.26844623227384));
#2820=CARTESIAN_POINT('',(-0.00912583501763104,0.118007129952545,3.26844623227384));
#2821=CARTESIAN_POINT('',(-0.0113144219000834,0.109817129961457,3.26844623227384));
#2822=CARTESIAN_POINT('',(-0.0135030087825361,0.101627129970368,3.26844623227384));
#2823=CARTESIAN_POINT('',(-0.0156915972303886,0.0934371241213321,3.26844623227384));
#2824=CARTESIAN_POINT('',(-0.0156915972303884,0.0934371241213319,3.19246344165959));
#2825=CARTESIAN_POINT('',(-0.0135030098261361,0.10162712606507,3.19246344165959));
#2826=CARTESIAN_POINT('',(-0.0113144224218834,0.109817128008809,3.19246344165959));
#2827=CARTESIAN_POINT('',(-0.00912583501763119,0.118007129952545,3.19246344165959));
#2828=CARTESIAN_POINT('',(-0.00831982193052394,0.121023344309467,3.19246344165959));
#2829=CARTESIAN_POINT('',(-0.00751380884341691,0.124039558666389,3.19246344165959));
#2830=CARTESIAN_POINT('',(-0.00670779575631009,0.12705577302331,3.19246344165959));
#2831=CARTESIAN_POINT('',(-0.0330433967662232,0.097820918497094,3.19246344165959));
#2832=CARTESIAN_POINT('',(-0.0232713181251561,0.0828272838712416,3.19246344165959));
#2833=CARTESIAN_POINT('',(-0.0156915972303884,0.0934371241213319,3.19246344165959));
#2834=CARTESIAN_POINT('',(-0.0232713181251563,0.0828272838712436,3.26844623227384));
#2835=CARTESIAN_POINT('',(-0.0232713181251561,0.0828272838712416,3.19246344165959));
#2836=CARTESIAN_POINT('',(-0.0330433967662117,0.0978209184970884,3.26844623227385));
#2837=CARTESIAN_POINT('',(-0.0156915972303886,0.0934371241213321,3.26844623227384));
#2838=CARTESIAN_POINT('',(-0.0232713181251563,0.0828272838712436,3.26844623227384));
#2839=CARTESIAN_POINT('',(-0.0156915972303884,0.0934371241213319,3.19246344165959));
#2840=CARTESIAN_POINT('',(-0.0156915972303886,0.0934371241213321,3.26844623227384));
#2841=CARTESIAN_POINT('',(1.21886428050371E-8,1.37452105806599E-14,3.26844623227384));
#2842=CARTESIAN_POINT('',(-0.0282994063662034,0.0802016776352543,3.26844623227384));
#2843=CARTESIAN_POINT('',(-0.0847812186123067,-0.00673120271016781,3.26844623227384));
#2844=CARTESIAN_POINT('',(-0.0282994063662034,0.0802016776352543,3.26844623227384));
#2845=CARTESIAN_POINT('',(-0.028299406366203,0.0802016776352559,3.19246344165959));
#2846=CARTESIAN_POINT('',(1.21886476513926E-8,1.13022001232925E-14,3.19246344165959));
#2847=CARTESIAN_POINT('',(-0.0847812186123073,-0.00673120271016803,3.19246344165959));
#2848=CARTESIAN_POINT('',(-0.028299406366203,0.0802016776352559,3.19246344165959));
#2849=CARTESIAN_POINT('',(-0.0847812186123073,-0.00673120271016803,3.19246344165959));
#2850=CARTESIAN_POINT('',(-0.0847812186123067,-0.00673120271016781,3.26844623227384));
#2851=CARTESIAN_POINT('',(-0.102812110516673,-0.00955504241049834,3.19246344165954));
#2852=CARTESIAN_POINT('',(-0.0917240002724859,-0.0236060343406546,3.19246344165959));
#2853=CARTESIAN_POINT('',(-0.0851470096406822,-0.0124396176044632,3.19246344165959));
#2854=CARTESIAN_POINT('',(-0.0917240002724855,-0.0236060343406543,3.26844623227384));
#2855=CARTESIAN_POINT('',(-0.0917240002724859,-0.0236060343406546,3.19246344165959));
#2856=CARTESIAN_POINT('',(-0.102812110516665,-0.00955504241050353,3.26844623227382));
#2857=CARTESIAN_POINT('',(-0.0851470096406822,-0.0124396176044612,3.26844623227384));
#2858=CARTESIAN_POINT('',(-0.0917240002724855,-0.0236060343406543,3.26844623227384));
#2859=CARTESIAN_POINT('',(-0.0851470096406822,-0.0124396176044632,3.19246344165959));
#2860=CARTESIAN_POINT('',(-0.0851470096406822,-0.0124396176044612,3.26844623227384));
#2861=CARTESIAN_POINT('',(-0.0917240002724855,-0.0236060343406543,3.26844623227384));
#2862=CARTESIAN_POINT('',(-0.0983276203902629,-0.0289609160811841,3.26844623227384));
#2863=CARTESIAN_POINT('',(-0.10493124050804,-0.0343157978217121,3.26844623227384));
#2864=CARTESIAN_POINT('',(-0.111534860625816,-0.0396706795622384,3.26844623227384));
#2865=CARTESIAN_POINT('',(-0.113959824649569,-0.0416370851610848,3.26844623227384));
#2866=CARTESIAN_POINT('',(-0.116384788673322,-0.0436034907599274,3.26844623227384));
#2867=CARTESIAN_POINT('',(-0.118809754431545,-0.0455698977652541,3.26844623227384));
#2868=CARTESIAN_POINT('',(-0.118809754431544,-0.0455698977652526,3.19246344165959));
#2869=CARTESIAN_POINT('',(-0.116384789829635,-0.0436034916975829,3.19246344165959));
#2870=CARTESIAN_POINT('',(-0.113959825227726,-0.0416370856299118,3.19246344165959));
#2871=CARTESIAN_POINT('',(-0.111534860625816,-0.0396706795622386,3.19246344165959));
#2872=CARTESIAN_POINT('',(-0.104931240508039,-0.0343157978217124,3.19246344165959));
#2873=CARTESIAN_POINT('',(-0.0983276203902623,-0.0289609160811826,3.19246344165959));
#2874=CARTESIAN_POINT('',(-0.0917240002724859,-0.0236060343406546,3.19246344165959));
#2875=CARTESIAN_POINT('',(-0.115662128039759,-0.0494531674609815,3.19246344165959));
#2876=CARTESIAN_POINT('',(-0.120114034687492,-0.0517264608058665,3.19246344165959));
#2877=CARTESIAN_POINT('',(-0.118809754431544,-0.0455698977652526,3.19246344165959));
#2878=CARTESIAN_POINT('',(-0.120114034687492,-0.0517264608058665,3.19246344165959));
#2879=CARTESIAN_POINT('',(-0.120114034687492,-0.0517264608058645,3.26844623227384));
#2880=CARTESIAN_POINT('',(-0.115662128039764,-0.0494531674609802,3.26844623227384));
#2881=CARTESIAN_POINT('',(-0.118809754431545,-0.0455698977652541,3.26844623227384));
#2882=CARTESIAN_POINT('',(-0.120114034687492,-0.0517264608058645,3.26844623227384));
#2883=CARTESIAN_POINT('',(-0.118809754431545,-0.0455698977652541,3.26844623227384));
#2884=CARTESIAN_POINT('',(-0.118809754431544,-0.0455698977652526,3.19246344165959));
#2885=CARTESIAN_POINT('',(-0.120114034687492,-0.0517264608058645,3.26844623227384));
#2886=CARTESIAN_POINT('',(-0.117552842979772,-0.0567447157838852,3.26844623227384));
#2887=CARTESIAN_POINT('',(-0.114991653103958,-0.0617629671725693,3.26844623227384));
#2888=CARTESIAN_POINT('',(-0.112430463228144,-0.0667812185612531,3.26844623227384));
#2889=CARTESIAN_POINT('',(-0.112430463228144,-0.0667812185612515,3.19246344165959));
#2890=CARTESIAN_POINT('',(-0.114991653714593,-0.0617629659761236,3.19246344165959));
#2891=CARTESIAN_POINT('',(-0.117552844201042,-0.0567447133909942,3.19246344165959));
#2892=CARTESIAN_POINT('',(-0.120114034687492,-0.0517264608058665,3.19246344165959));
#2893=CARTESIAN_POINT('',(-0.107977790098351,-0.0645101263414501,3.19246344165959));
#2894=CARTESIAN_POINT('',(-0.106679610974514,-0.0693370185956914,3.19246344165959));
#2895=CARTESIAN_POINT('',(-0.112430463228144,-0.0667812185612515,3.19246344165959));
#2896=CARTESIAN_POINT('',(-0.106679610974514,-0.0693370185956914,3.19246344165959));
#2897=CARTESIAN_POINT('',(-0.106679610974515,-0.069337018595693,3.26844623227384));
#2898=CARTESIAN_POINT('',(-0.107977790098348,-0.0645101263414446,3.26844623227384));
#2899=CARTESIAN_POINT('',(-0.112430463228144,-0.0667812185612531,3.26844623227384));
#2900=CARTESIAN_POINT('',(-0.106679610974515,-0.069337018595693,3.26844623227384));
#2901=CARTESIAN_POINT('',(-0.112430463228144,-0.0667812185612531,3.26844623227384));
#2902=CARTESIAN_POINT('',(-0.112430463228144,-0.0667812185612515,3.19246344165959));
#2903=CARTESIAN_POINT('',(-0.106679610974515,-0.069337018595693,3.26844623227384));
#2904=CARTESIAN_POINT('',(-0.103664483299161,-0.068526938453898,3.26844623227384));
#2905=CARTESIAN_POINT('',(-0.100649359936977,-0.067716859470929,3.26844623227384));
#2906=CARTESIAN_POINT('',(-0.0976342365747934,-0.06690678048796,3.26844623227384));
#2907=CARTESIAN_POINT('',(-0.0894471931323473,-0.0647071518065788,3.26844623227384));
#2908=CARTESIAN_POINT('',(-0.0812601496899007,-0.0625075231251956,3.26844623227384));
#2909=CARTESIAN_POINT('',(-0.073073106247454,-0.0603078944438107,3.26844623227384));
#2910=CARTESIAN_POINT('',(-0.0730731062474536,-0.0603078944438109,3.19246344165959));
#2911=CARTESIAN_POINT('',(-0.0812601496899002,-0.0625075231251942,3.19246344165959));
#2912=CARTESIAN_POINT('',(-0.0894471931323472,-0.0647071518065772,3.19246344165959));
#2913=CARTESIAN_POINT('',(-0.0976342365747939,-0.0669067804879622,3.1924634416596));
#2914=CARTESIAN_POINT('',(-0.100649359936977,-0.0677168594709277,3.19246344165959));
#2915=CARTESIAN_POINT('',(-0.10366448329916,-0.0685269384538965,3.1924634416596));
#2916=CARTESIAN_POINT('',(-0.106679610974514,-0.0693370185956914,3.19246344165959));
#2917=CARTESIAN_POINT('',(-0.0730731062474536,-0.0603078944438109,3.19246344165959));
#2918=CARTESIAN_POINT('',(-0.073073106247454,-0.0603078944438107,3.26844623227384));
#2919=CARTESIAN_POINT('',(-0.068193683773912,-0.0775268908310983,3.19246344165956));
#2920=CARTESIAN_POINT('',(-0.060094854613376,-0.0615672051672398,3.19246344165959));
#2921=CARTESIAN_POINT('',(-0.0730731062474536,-0.0603078944438109,3.19246344165959));
#2922=CARTESIAN_POINT('',(-0.0600948546133761,-0.0615672051672378,3.26844623227384));
#2923=CARTESIAN_POINT('',(-0.060094854613376,-0.0615672051672398,3.19246344165959));
#2924=CARTESIAN_POINT('',(-0.068193683773911,-0.0775268908311081,3.26844623227384));
#2925=CARTESIAN_POINT('',(-0.073073106247454,-0.0603078944438107,3.26844623227384));
#2926=CARTESIAN_POINT('',(-0.0600948546133761,-0.0615672051672378,3.26844623227384));
#2927=CARTESIAN_POINT('',(-0.0553069687921952,-0.0646088541984329,3.19246344165959));
#2928=CARTESIAN_POINT('',(-0.0553069687921958,-0.0646088541984344,3.26844623227384));
#2929=CARTESIAN_POINT('',(0.048220020134152,-0.0700570982826607,3.19246344165959));
#2930=CARTESIAN_POINT('',(0.0482200201341518,-0.0700570982826623,3.26844623227385));
#2931=CARTESIAN_POINT('',(0.0596809830030563,-0.0842603888745208,3.19246344165954));
#2932=CARTESIAN_POINT('',(0.066305443840846,-0.067632307758049,3.19246344165959));
#2933=CARTESIAN_POINT('',(0.0533465479621339,-0.0675196751585614,3.1924634416596));
#2934=CARTESIAN_POINT('',(0.0663054438408462,-0.0676323077580487,3.26844623227384));
#2935=CARTESIAN_POINT('',(0.066305443840846,-0.067632307758049,3.19246344165959));
#2936=CARTESIAN_POINT('',(0.0596809830030539,-0.0842603888745418,3.26844623227382));
#2937=CARTESIAN_POINT('',(0.0533465479621338,-0.0675196751585594,3.26844623227384));
#2938=CARTESIAN_POINT('',(0.0663054438408462,-0.0676323077580487,3.26844623227384));
#2939=CARTESIAN_POINT('',(0.0533465479621339,-0.0675196751585614,3.1924634416596));
#2940=CARTESIAN_POINT('',(0.0533465479621338,-0.0675196751585594,3.26844623227384));
#2941=CARTESIAN_POINT('',(0.0663054438408462,-0.0676323077580487,3.26844623227384));
#2942=CARTESIAN_POINT('',(0.074244717521293,-0.0706737696667217,3.26844623227384));
#2943=CARTESIAN_POINT('',(0.0821839912017398,-0.0737152315753946,3.26844623227384));
#2944=CARTESIAN_POINT('',(0.0901232648821867,-0.0767566934840678,3.26844623227384));
#2945=CARTESIAN_POINT('',(0.0930387047919001,-0.0778735713987648,3.26844623227384));
#2946=CARTESIAN_POINT('',(0.0959541447016143,-0.0789904493134621,3.26844623227384));
#2947=CARTESIAN_POINT('',(0.0988695846113281,-0.0801073272281556,3.26844623227384));
#2948=CARTESIAN_POINT('',(0.0988695846113283,-0.0801073272281576,3.19246344165959));
#2949=CARTESIAN_POINT('',(0.0959541447016143,-0.0789904493134603,3.19246344165959));
#2950=CARTESIAN_POINT('',(0.0930387047919008,-0.0778735713987633,3.1924634416596));
#2951=CARTESIAN_POINT('',(0.0901232648821863,-0.0767566934840695,3.1924634416596));
#2952=CARTESIAN_POINT('',(0.0821839912017399,-0.0737152315753966,3.19246344165959));
#2953=CARTESIAN_POINT('',(0.0742447175212932,-0.0706737696667219,3.1924634416596));
#2954=CARTESIAN_POINT('',(0.066305443840846,-0.067632307758049,3.19246344165959));
#2955=CARTESIAN_POINT('',(0.0988695846113283,-0.0801073272281576,3.19246344165959));
#2956=CARTESIAN_POINT('',(0.0988695846113281,-0.0801073272281556,3.26844623227384));
#2957=CARTESIAN_POINT('',(0.100659036152833,-0.0754405495363871,3.19246344165958));
#2958=CARTESIAN_POINT('',(0.104853464732474,-0.0781585855431559,3.19246344165959));
#2959=CARTESIAN_POINT('',(0.0988695846113283,-0.0801073272281576,3.19246344165959));
#2960=CARTESIAN_POINT('',(0.104853464732474,-0.0781585855431559,3.19246344165959));
#2961=CARTESIAN_POINT('',(0.104853464732474,-0.0781585855431557,3.26844623227384));
#2962=CARTESIAN_POINT('',(0.100659036152834,-0.0754405495363856,3.26844623227384));
#2963=CARTESIAN_POINT('',(0.0988695846113281,-0.0801073272281556,3.26844623227384));
#2964=CARTESIAN_POINT('',(0.104853464732474,-0.0781585855431557,3.26844623227384));
#2965=CARTESIAN_POINT('',(0.104853464732474,-0.0781585855431557,3.26844623227384));
#2966=CARTESIAN_POINT('',(0.107918805172244,-0.0734314009712984,3.26844623227384));
#2967=CARTESIAN_POINT('',(0.110984143419514,-0.0687042197805838,3.26844623227384));
#2968=CARTESIAN_POINT('',(0.114049481666783,-0.0639770385898744,3.26844623227384));
#2969=CARTESIAN_POINT('',(0.114049481666783,-0.0639770385898728,3.19246344165959));
#2970=CARTESIAN_POINT('',(0.11098414268868,-0.0687042209076346,3.1924634416596));
#2971=CARTESIAN_POINT('',(0.107918803710577,-0.0734314032253943,3.19246344165959));
#2972=CARTESIAN_POINT('',(0.104853464732474,-0.0781585855431559,3.19246344165959));
#2973=CARTESIAN_POINT('',(0.114049481666783,-0.0639770385898728,3.19246344165959));
#2974=CARTESIAN_POINT('',(0.114049481666783,-0.0639770385898744,3.26844623227384));
#2975=CARTESIAN_POINT('',(0.109856616300795,-0.0612564254736316,3.1924634416596));
#2976=CARTESIAN_POINT('',(0.113387443296788,-0.0577187544275997,3.1924634416596));
#2977=CARTESIAN_POINT('',(0.114049481666783,-0.0639770385898728,3.19246344165959));
#2978=CARTESIAN_POINT('',(0.113387443296788,-0.0577187544275997,3.1924634416596));
#2979=CARTESIAN_POINT('',(0.113387443296787,-0.0577187544275994,3.26844623227384));
#2980=CARTESIAN_POINT('',(0.109856616300793,-0.0612564254736329,3.26844623227384));
#2981=CARTESIAN_POINT('',(0.114049481666783,-0.0639770385898744,3.26844623227384));
#2982=CARTESIAN_POINT('',(0.113387443296787,-0.0577187544275994,3.26844623227384));
#2983=CARTESIAN_POINT('',(0.113387443296787,-0.0577187544275994,3.26844623227384));
#2984=CARTESIAN_POINT('',(0.111178329477214,-0.0555126173359876,3.26844623227384));
#2985=CARTESIAN_POINT('',(0.1089692188178,-0.0533064834002779,3.26844623227384));
#2986=CARTESIAN_POINT('',(0.106760108158388,-0.0511003494645645,3.26844623227384));
#2987=CARTESIAN_POINT('',(0.100761652120195,-0.0451099762022127,3.26844623227384));
#2988=CARTESIAN_POINT('',(0.0947631960820021,-0.0391196029398592,3.26844623227384));
#2989=CARTESIAN_POINT('',(0.0887647400438095,-0.0331292296775074,3.26844623227384));
#2990=CARTESIAN_POINT('',(0.0887647400438094,-0.0331292296775094,3.19246344165959));
#2991=CARTESIAN_POINT('',(0.0947631960820025,-0.0391196029398593,3.19246344165959));
#2992=CARTESIAN_POINT('',(0.100761652120195,-0.0451099762022127,3.1924634416596));
#2993=CARTESIAN_POINT('',(0.106760108158388,-0.0511003494645643,3.1924634416596));
#2994=CARTESIAN_POINT('',(0.108969218817801,-0.0533064834002759,3.19246344165959));
#2995=CARTESIAN_POINT('',(0.111178329477215,-0.0555126173359859,3.1924634416596));
#2996=CARTESIAN_POINT('',(0.113387443296788,-0.0577187544275997,3.1924634416596));
#2997=CARTESIAN_POINT('',(0.,0.,0.));
ENDSEC;
END-ISO-10303-21;
