ISO-10303-21;
HEADER;
/* Generated by software containing ST-Developer
 * from STEP Tools, Inc. (www.steptools.com) 
 */
/* OPTION: using custom schema-name function */

FILE_DESCRIPTION(
/* description */ (''),
/* implementation_level */ '2;1');

FILE_NAME(
/* name */ 'schoring_body_start_3',
/* time_stamp */ '2025-09-21T23:05:37+02:00',
/* author */ (''),
/* organization */ (''),
/* preprocessor_version */ 'ST-DEVELOPER v19.2',
/* originating_system */ 'Rhino 8.23',
/* authorisation */ '');

FILE_SCHEMA (('CONFIG_CONTROL_DESIGN'));
ENDSEC;

DATA;
#10=SHAPE_REPRESENTATION_RELATIONSHIP('','',#2322,#25);
#11=FACE_BOUND('',#340,.T.);
#12=FACE_BOUND('',#373,.T.);
#13=FACE_BOUND('',#375,.T.);
#14=FACE_BOUND('',#377,.T.);
#15=FACE_BOUND('',#382,.T.);
#16=FACE_BOUND('',#383,.T.);
#17=FACE_BOUND('',#385,.T.);
#18=FACE_BOUND('',#386,.T.);
#19=FACE_BOUND('',#388,.T.);
#20=MANIFOLD_SOLID_BREP('brep_1',#26);
#21=MANIFOLD_SOLID_BREP('brep_2',#27);
#22=MANIFOLD_SOLID_BREP('brep_3',#28);
#23=MANIFOLD_SOLID_BREP('brep_4',#29);
#24=MANIFOLD_SOLID_BREP('brep_5',#30);
#25=ADVANCED_BREP_SHAPE_REPRESENTATION('brep_rep_0',(#20,#21,#22,#23,#24,
#2525),#2321);
#26=CLOSED_SHELL('',(#31,#32,#33,#34,#35,#36,#37,#38,#39,#40,#41,#42,#43,
#44,#45,#46,#47,#48,#49,#50,#51,#52,#53,#54,#55,#56,#57,#58,#59,#60,#61,
#62));
#27=CLOSED_SHELL('',(#63,#64,#65,#66,#67,#68,#69,#70,#71,#72,#73,#74,#75,
#76,#77,#78,#79,#80,#81,#82,#83,#84,#85,#86,#87,#88,#89,#90));
#28=CLOSED_SHELL('',(#91,#92,#93,#94,#95,#96,#97,#98,#99,#100,#101,#102,
#103,#104,#105,#106,#107,#108,#109,#110,#111,#112,#113,#114,#115,#116));
#29=CLOSED_SHELL('',(#117,#118,#119,#120,#121,#122,#123,#124,#125,#126,
#127,#128,#129));
#30=CLOSED_SHELL('',(#130,#131,#132,#133,#134,#135,#136,#137,#138,#139,
#140,#141,#142,#143,#144,#145,#146,#147,#148,#149,#150,#151,#152,#153,#154,
#155));
#31=ADVANCED_FACE('',(#156),#2146,.T.);
#32=ADVANCED_FACE('',(#157),#2111,.T.);
#33=ADVANCED_FACE('',(#158),#2147,.T.);
#34=ADVANCED_FACE('',(#159),#2112,.T.);
#35=ADVANCED_FACE('',(#160),#2148,.T.);
#36=ADVANCED_FACE('',(#161),#2113,.F.);
#37=ADVANCED_FACE('',(#162),#2149,.T.);
#38=ADVANCED_FACE('',(#163),#2114,.T.);
#39=ADVANCED_FACE('',(#164),#2150,.T.);
#40=ADVANCED_FACE('',(#165),#2115,.F.);
#41=ADVANCED_FACE('',(#166),#2151,.T.);
#42=ADVANCED_FACE('',(#167),#2116,.T.);
#43=ADVANCED_FACE('',(#168),#2152,.T.);
#44=ADVANCED_FACE('',(#169),#2117,.T.);
#45=ADVANCED_FACE('',(#170),#2153,.T.);
#46=ADVANCED_FACE('',(#171),#2118,.F.);
#47=ADVANCED_FACE('',(#172),#2154,.T.);
#48=ADVANCED_FACE('',(#173),#2119,.T.);
#49=ADVANCED_FACE('',(#174),#2155,.T.);
#50=ADVANCED_FACE('',(#175),#2120,.F.);
#51=ADVANCED_FACE('',(#176),#2156,.T.);
#52=ADVANCED_FACE('',(#177),#2121,.T.);
#53=ADVANCED_FACE('',(#178),#2157,.T.);
#54=ADVANCED_FACE('',(#179),#2122,.T.);
#55=ADVANCED_FACE('',(#180),#2158,.T.);
#56=ADVANCED_FACE('',(#181),#2123,.F.);
#57=ADVANCED_FACE('',(#182),#2159,.T.);
#58=ADVANCED_FACE('',(#183),#2124,.T.);
#59=ADVANCED_FACE('',(#184),#2160,.T.);
#60=ADVANCED_FACE('',(#185),#2125,.F.);
#61=ADVANCED_FACE('',(#186),#2161,.T.);
#62=ADVANCED_FACE('',(#187),#2162,.T.);
#63=ADVANCED_FACE('',(#188),#2163,.T.);
#64=ADVANCED_FACE('',(#189),#2164,.T.);
#65=ADVANCED_FACE('',(#190),#2165,.T.);
#66=ADVANCED_FACE('',(#191),#2166,.T.);
#67=ADVANCED_FACE('',(#192),#2167,.T.);
#68=ADVANCED_FACE('',(#193),#2168,.T.);
#69=ADVANCED_FACE('',(#194),#2126,.T.);
#70=ADVANCED_FACE('',(#195),#2169,.T.);
#71=ADVANCED_FACE('',(#196),#2170,.T.);
#72=ADVANCED_FACE('',(#197),#2171,.T.);
#73=ADVANCED_FACE('',(#198),#2172,.T.);
#74=ADVANCED_FACE('',(#199),#2173,.T.);
#75=ADVANCED_FACE('',(#200),#2127,.T.);
#76=ADVANCED_FACE('',(#201),#2128,.T.);
#77=ADVANCED_FACE('',(#202),#2174,.T.);
#78=ADVANCED_FACE('',(#203),#2175,.T.);
#79=ADVANCED_FACE('',(#204),#2176,.T.);
#80=ADVANCED_FACE('',(#205),#2177,.T.);
#81=ADVANCED_FACE('',(#206),#2178,.T.);
#82=ADVANCED_FACE('',(#207),#2129,.T.);
#83=ADVANCED_FACE('',(#208),#2179,.T.);
#84=ADVANCED_FACE('',(#209),#2180,.T.);
#85=ADVANCED_FACE('',(#210),#2181,.T.);
#86=ADVANCED_FACE('',(#211),#2182,.T.);
#87=ADVANCED_FACE('',(#212),#2183,.T.);
#88=ADVANCED_FACE('',(#213),#2130,.T.);
#89=ADVANCED_FACE('',(#214,#11),#2184,.T.);
#90=ADVANCED_FACE('',(#215),#2185,.T.);
#91=ADVANCED_FACE('',(#216),#2186,.T.);
#92=ADVANCED_FACE('',(#217),#2187,.T.);
#93=ADVANCED_FACE('',(#218),#2188,.T.);
#94=ADVANCED_FACE('',(#219),#2189,.T.);
#95=ADVANCED_FACE('',(#220),#2190,.T.);
#96=ADVANCED_FACE('',(#221),#2191,.T.);
#97=ADVANCED_FACE('',(#222),#2131,.T.);
#98=ADVANCED_FACE('',(#223),#2192,.T.);
#99=ADVANCED_FACE('',(#224),#2193,.T.);
#100=ADVANCED_FACE('',(#225),#2194,.T.);
#101=ADVANCED_FACE('',(#226),#2195,.T.);
#102=ADVANCED_FACE('',(#227),#2196,.T.);
#103=ADVANCED_FACE('',(#228),#2132,.T.);
#104=ADVANCED_FACE('',(#229),#2197,.T.);
#105=ADVANCED_FACE('',(#230),#2198,.T.);
#106=ADVANCED_FACE('',(#231),#2199,.T.);
#107=ADVANCED_FACE('',(#232),#2200,.T.);
#108=ADVANCED_FACE('',(#233),#2201,.T.);
#109=ADVANCED_FACE('',(#234),#2133,.T.);
#110=ADVANCED_FACE('',(#235),#2202,.T.);
#111=ADVANCED_FACE('',(#236),#2203,.T.);
#112=ADVANCED_FACE('',(#237),#2204,.T.);
#113=ADVANCED_FACE('',(#238),#2205,.T.);
#114=ADVANCED_FACE('',(#239),#2206,.T.);
#115=ADVANCED_FACE('',(#240),#2134,.T.);
#116=ADVANCED_FACE('',(#241),#2207,.T.);
#117=ADVANCED_FACE('',(#242),#2135,.F.);
#118=ADVANCED_FACE('',(#243),#2136,.F.);
#119=ADVANCED_FACE('',(#244),#2137,.F.);
#120=ADVANCED_FACE('',(#245),#2138,.T.);
#121=ADVANCED_FACE('',(#246,#12),#2208,.T.);
#122=ADVANCED_FACE('',(#247,#13),#2209,.T.);
#123=ADVANCED_FACE('',(#248,#14),#2210,.T.);
#124=ADVANCED_FACE('',(#249),#2211,.T.);
#125=ADVANCED_FACE('',(#250),#2139,.T.);
#126=ADVANCED_FACE('',(#251),#2212,.T.);
#127=ADVANCED_FACE('',(#252,#15,#16),#2140,.F.);
#128=ADVANCED_FACE('',(#253,#17,#18),#2141,.T.);
#129=ADVANCED_FACE('',(#254,#19),#2213,.T.);
#130=ADVANCED_FACE('',(#255),#2214,.T.);
#131=ADVANCED_FACE('',(#256),#2215,.T.);
#132=ADVANCED_FACE('',(#257),#2216,.T.);
#133=ADVANCED_FACE('',(#258),#2217,.T.);
#134=ADVANCED_FACE('',(#259),#2218,.T.);
#135=ADVANCED_FACE('',(#260),#2219,.T.);
#136=ADVANCED_FACE('',(#261),#2142,.T.);
#137=ADVANCED_FACE('',(#262),#2220,.T.);
#138=ADVANCED_FACE('',(#263),#2221,.T.);
#139=ADVANCED_FACE('',(#264),#2222,.T.);
#140=ADVANCED_FACE('',(#265),#2223,.T.);
#141=ADVANCED_FACE('',(#266),#2224,.T.);
#142=ADVANCED_FACE('',(#267),#2143,.T.);
#143=ADVANCED_FACE('',(#268),#2225,.T.);
#144=ADVANCED_FACE('',(#269),#2226,.T.);
#145=ADVANCED_FACE('',(#270),#2227,.T.);
#146=ADVANCED_FACE('',(#271),#2228,.T.);
#147=ADVANCED_FACE('',(#272),#2229,.T.);
#148=ADVANCED_FACE('',(#273),#2144,.T.);
#149=ADVANCED_FACE('',(#274),#2230,.T.);
#150=ADVANCED_FACE('',(#275),#2231,.T.);
#151=ADVANCED_FACE('',(#276),#2232,.T.);
#152=ADVANCED_FACE('',(#277),#2233,.T.);
#153=ADVANCED_FACE('',(#278),#2234,.T.);
#154=ADVANCED_FACE('',(#279),#2145,.T.);
#155=ADVANCED_FACE('',(#280),#2235,.T.);
#156=FACE_OUTER_BOUND('',#281,.T.);
#157=FACE_OUTER_BOUND('',#282,.T.);
#158=FACE_OUTER_BOUND('',#283,.T.);
#159=FACE_OUTER_BOUND('',#284,.T.);
#160=FACE_OUTER_BOUND('',#285,.T.);
#161=FACE_OUTER_BOUND('',#286,.T.);
#162=FACE_OUTER_BOUND('',#287,.T.);
#163=FACE_OUTER_BOUND('',#288,.T.);
#164=FACE_OUTER_BOUND('',#289,.T.);
#165=FACE_OUTER_BOUND('',#290,.T.);
#166=FACE_OUTER_BOUND('',#291,.T.);
#167=FACE_OUTER_BOUND('',#292,.T.);
#168=FACE_OUTER_BOUND('',#293,.T.);
#169=FACE_OUTER_BOUND('',#294,.T.);
#170=FACE_OUTER_BOUND('',#295,.T.);
#171=FACE_OUTER_BOUND('',#296,.T.);
#172=FACE_OUTER_BOUND('',#297,.T.);
#173=FACE_OUTER_BOUND('',#298,.T.);
#174=FACE_OUTER_BOUND('',#299,.T.);
#175=FACE_OUTER_BOUND('',#300,.T.);
#176=FACE_OUTER_BOUND('',#301,.T.);
#177=FACE_OUTER_BOUND('',#302,.T.);
#178=FACE_OUTER_BOUND('',#303,.T.);
#179=FACE_OUTER_BOUND('',#304,.T.);
#180=FACE_OUTER_BOUND('',#305,.T.);
#181=FACE_OUTER_BOUND('',#306,.T.);
#182=FACE_OUTER_BOUND('',#307,.T.);
#183=FACE_OUTER_BOUND('',#308,.T.);
#184=FACE_OUTER_BOUND('',#309,.T.);
#185=FACE_OUTER_BOUND('',#310,.T.);
#186=FACE_OUTER_BOUND('',#311,.T.);
#187=FACE_OUTER_BOUND('',#312,.T.);
#188=FACE_OUTER_BOUND('',#313,.T.);
#189=FACE_OUTER_BOUND('',#314,.T.);
#190=FACE_OUTER_BOUND('',#315,.T.);
#191=FACE_OUTER_BOUND('',#316,.T.);
#192=FACE_OUTER_BOUND('',#317,.T.);
#193=FACE_OUTER_BOUND('',#318,.T.);
#194=FACE_OUTER_BOUND('',#319,.T.);
#195=FACE_OUTER_BOUND('',#320,.T.);
#196=FACE_OUTER_BOUND('',#321,.T.);
#197=FACE_OUTER_BOUND('',#322,.T.);
#198=FACE_OUTER_BOUND('',#323,.T.);
#199=FACE_OUTER_BOUND('',#324,.T.);
#200=FACE_OUTER_BOUND('',#325,.T.);
#201=FACE_OUTER_BOUND('',#326,.T.);
#202=FACE_OUTER_BOUND('',#327,.T.);
#203=FACE_OUTER_BOUND('',#328,.T.);
#204=FACE_OUTER_BOUND('',#329,.T.);
#205=FACE_OUTER_BOUND('',#330,.T.);
#206=FACE_OUTER_BOUND('',#331,.T.);
#207=FACE_OUTER_BOUND('',#332,.T.);
#208=FACE_OUTER_BOUND('',#333,.T.);
#209=FACE_OUTER_BOUND('',#334,.T.);
#210=FACE_OUTER_BOUND('',#335,.T.);
#211=FACE_OUTER_BOUND('',#336,.T.);
#212=FACE_OUTER_BOUND('',#337,.T.);
#213=FACE_OUTER_BOUND('',#338,.T.);
#214=FACE_OUTER_BOUND('',#339,.T.);
#215=FACE_OUTER_BOUND('',#341,.T.);
#216=FACE_OUTER_BOUND('',#342,.T.);
#217=FACE_OUTER_BOUND('',#343,.T.);
#218=FACE_OUTER_BOUND('',#344,.T.);
#219=FACE_OUTER_BOUND('',#345,.T.);
#220=FACE_OUTER_BOUND('',#346,.T.);
#221=FACE_OUTER_BOUND('',#347,.T.);
#222=FACE_OUTER_BOUND('',#348,.T.);
#223=FACE_OUTER_BOUND('',#349,.T.);
#224=FACE_OUTER_BOUND('',#350,.T.);
#225=FACE_OUTER_BOUND('',#351,.T.);
#226=FACE_OUTER_BOUND('',#352,.T.);
#227=FACE_OUTER_BOUND('',#353,.T.);
#228=FACE_OUTER_BOUND('',#354,.T.);
#229=FACE_OUTER_BOUND('',#355,.T.);
#230=FACE_OUTER_BOUND('',#356,.T.);
#231=FACE_OUTER_BOUND('',#357,.T.);
#232=FACE_OUTER_BOUND('',#358,.T.);
#233=FACE_OUTER_BOUND('',#359,.T.);
#234=FACE_OUTER_BOUND('',#360,.T.);
#235=FACE_OUTER_BOUND('',#361,.T.);
#236=FACE_OUTER_BOUND('',#362,.T.);
#237=FACE_OUTER_BOUND('',#363,.T.);
#238=FACE_OUTER_BOUND('',#364,.T.);
#239=FACE_OUTER_BOUND('',#365,.T.);
#240=FACE_OUTER_BOUND('',#366,.T.);
#241=FACE_OUTER_BOUND('',#367,.T.);
#242=FACE_OUTER_BOUND('',#368,.T.);
#243=FACE_OUTER_BOUND('',#369,.T.);
#244=FACE_OUTER_BOUND('',#370,.T.);
#245=FACE_OUTER_BOUND('',#371,.T.);
#246=FACE_OUTER_BOUND('',#372,.T.);
#247=FACE_OUTER_BOUND('',#374,.T.);
#248=FACE_OUTER_BOUND('',#376,.T.);
#249=FACE_OUTER_BOUND('',#378,.T.);
#250=FACE_OUTER_BOUND('',#379,.T.);
#251=FACE_OUTER_BOUND('',#380,.T.);
#252=FACE_OUTER_BOUND('',#381,.T.);
#253=FACE_OUTER_BOUND('',#384,.T.);
#254=FACE_OUTER_BOUND('',#387,.T.);
#255=FACE_OUTER_BOUND('',#389,.T.);
#256=FACE_OUTER_BOUND('',#390,.T.);
#257=FACE_OUTER_BOUND('',#391,.T.);
#258=FACE_OUTER_BOUND('',#392,.T.);
#259=FACE_OUTER_BOUND('',#393,.T.);
#260=FACE_OUTER_BOUND('',#394,.T.);
#261=FACE_OUTER_BOUND('',#395,.T.);
#262=FACE_OUTER_BOUND('',#396,.T.);
#263=FACE_OUTER_BOUND('',#397,.T.);
#264=FACE_OUTER_BOUND('',#398,.T.);
#265=FACE_OUTER_BOUND('',#399,.T.);
#266=FACE_OUTER_BOUND('',#400,.T.);
#267=FACE_OUTER_BOUND('',#401,.T.);
#268=FACE_OUTER_BOUND('',#402,.T.);
#269=FACE_OUTER_BOUND('',#403,.T.);
#270=FACE_OUTER_BOUND('',#404,.T.);
#271=FACE_OUTER_BOUND('',#405,.T.);
#272=FACE_OUTER_BOUND('',#406,.T.);
#273=FACE_OUTER_BOUND('',#407,.T.);
#274=FACE_OUTER_BOUND('',#408,.T.);
#275=FACE_OUTER_BOUND('',#409,.T.);
#276=FACE_OUTER_BOUND('',#410,.T.);
#277=FACE_OUTER_BOUND('',#411,.T.);
#278=FACE_OUTER_BOUND('',#412,.T.);
#279=FACE_OUTER_BOUND('',#413,.T.);
#280=FACE_OUTER_BOUND('',#414,.T.);
#281=EDGE_LOOP('',(#415,#416,#417,#418));
#282=EDGE_LOOP('',(#419,#420,#421,#422));
#283=EDGE_LOOP('',(#423,#424,#425,#426));
#284=EDGE_LOOP('',(#427,#428,#429,#430));
#285=EDGE_LOOP('',(#431,#432,#433,#434));
#286=EDGE_LOOP('',(#435,#436,#437,#438));
#287=EDGE_LOOP('',(#439,#440,#441,#442));
#288=EDGE_LOOP('',(#443,#444,#445,#446));
#289=EDGE_LOOP('',(#447,#448,#449,#450));
#290=EDGE_LOOP('',(#451,#452,#453,#454));
#291=EDGE_LOOP('',(#455,#456,#457,#458));
#292=EDGE_LOOP('',(#459,#460,#461,#462));
#293=EDGE_LOOP('',(#463,#464,#465,#466));
#294=EDGE_LOOP('',(#467,#468,#469,#470));
#295=EDGE_LOOP('',(#471,#472,#473,#474));
#296=EDGE_LOOP('',(#475,#476,#477,#478));
#297=EDGE_LOOP('',(#479,#480,#481,#482));
#298=EDGE_LOOP('',(#483,#484,#485,#486));
#299=EDGE_LOOP('',(#487,#488,#489,#490));
#300=EDGE_LOOP('',(#491,#492,#493,#494));
#301=EDGE_LOOP('',(#495,#496,#497,#498));
#302=EDGE_LOOP('',(#499,#500,#501,#502));
#303=EDGE_LOOP('',(#503,#504,#505,#506));
#304=EDGE_LOOP('',(#507,#508,#509,#510));
#305=EDGE_LOOP('',(#511,#512,#513,#514));
#306=EDGE_LOOP('',(#515,#516,#517,#518));
#307=EDGE_LOOP('',(#519,#520,#521,#522));
#308=EDGE_LOOP('',(#523,#524,#525,#526));
#309=EDGE_LOOP('',(#527,#528,#529,#530));
#310=EDGE_LOOP('',(#531,#532,#533,#534));
#311=EDGE_LOOP('',(#535,#536,#537,#538,#539,#540,#541,#542,#543,#544,#545,
#546,#547,#548,#549,#550,#551,#552,#553,#554,#555,#556,#557,#558,#559,#560,
#561,#562,#563,#564));
#312=EDGE_LOOP('',(#565,#566,#567,#568,#569,#570,#571,#572,#573,#574,#575,
#576,#577,#578,#579,#580,#581,#582,#583,#584,#585,#586,#587,#588,#589,#590,
#591,#592,#593,#594));
#313=EDGE_LOOP('',(#595,#596,#597,#598,#599,#600,#601,#602,#603,#604,#605,
#606,#607,#608,#609,#610,#611,#612,#613,#614,#615,#616,#617,#618));
#314=EDGE_LOOP('',(#619,#620,#621,#622));
#315=EDGE_LOOP('',(#623,#624,#625,#626));
#316=EDGE_LOOP('',(#627,#628,#629,#630));
#317=EDGE_LOOP('',(#631,#632,#633,#634));
#318=EDGE_LOOP('',(#635,#636,#637,#638));
#319=EDGE_LOOP('',(#639,#640,#641,#642));
#320=EDGE_LOOP('',(#643,#644,#645,#646));
#321=EDGE_LOOP('',(#647,#648,#649,#650));
#322=EDGE_LOOP('',(#651,#652,#653,#654));
#323=EDGE_LOOP('',(#655,#656,#657,#658));
#324=EDGE_LOOP('',(#659,#660,#661,#662));
#325=EDGE_LOOP('',(#663,#664,#665,#666));
#326=EDGE_LOOP('',(#667,#668,#669,#670));
#327=EDGE_LOOP('',(#671,#672,#673,#674));
#328=EDGE_LOOP('',(#675,#676,#677,#678));
#329=EDGE_LOOP('',(#679,#680,#681,#682));
#330=EDGE_LOOP('',(#683,#684,#685,#686));
#331=EDGE_LOOP('',(#687,#688,#689,#690));
#332=EDGE_LOOP('',(#691,#692,#693,#694));
#333=EDGE_LOOP('',(#695,#696,#697,#698));
#334=EDGE_LOOP('',(#699,#700,#701,#702));
#335=EDGE_LOOP('',(#703,#704,#705,#706));
#336=EDGE_LOOP('',(#707,#708,#709,#710));
#337=EDGE_LOOP('',(#711,#712,#713,#714));
#338=EDGE_LOOP('',(#715,#716,#717,#718,#719,#720));
#339=EDGE_LOOP('',(#721,#722));
#340=EDGE_LOOP('',(#723,#724,#725,#726,#727,#728,#729,#730,#731,#732,#733,
#734,#735,#736,#737,#738,#739,#740,#741,#742,#743,#744,#745,#746));
#341=EDGE_LOOP('',(#747,#748));
#342=EDGE_LOOP('',(#749,#750,#751,#752,#753,#754,#755,#756,#757,#758,#759,
#760,#761,#762,#763,#764,#765,#766,#767,#768,#769,#770,#771,#772));
#343=EDGE_LOOP('',(#773,#774,#775,#776));
#344=EDGE_LOOP('',(#777,#778,#779,#780));
#345=EDGE_LOOP('',(#781,#782,#783,#784));
#346=EDGE_LOOP('',(#785,#786,#787,#788));
#347=EDGE_LOOP('',(#789,#790,#791,#792));
#348=EDGE_LOOP('',(#793,#794,#795,#796));
#349=EDGE_LOOP('',(#797,#798,#799,#800));
#350=EDGE_LOOP('',(#801,#802,#803,#804));
#351=EDGE_LOOP('',(#805,#806,#807,#808));
#352=EDGE_LOOP('',(#809,#810,#811,#812));
#353=EDGE_LOOP('',(#813,#814,#815,#816));
#354=EDGE_LOOP('',(#817,#818,#819,#820));
#355=EDGE_LOOP('',(#821,#822,#823,#824));
#356=EDGE_LOOP('',(#825,#826,#827,#828));
#357=EDGE_LOOP('',(#829,#830,#831,#832));
#358=EDGE_LOOP('',(#833,#834,#835,#836));
#359=EDGE_LOOP('',(#837,#838,#839,#840));
#360=EDGE_LOOP('',(#841,#842,#843,#844));
#361=EDGE_LOOP('',(#845,#846,#847,#848));
#362=EDGE_LOOP('',(#849,#850,#851,#852));
#363=EDGE_LOOP('',(#853,#854,#855,#856));
#364=EDGE_LOOP('',(#857,#858,#859,#860));
#365=EDGE_LOOP('',(#861,#862,#863,#864));
#366=EDGE_LOOP('',(#865,#866,#867,#868));
#367=EDGE_LOOP('',(#869,#870,#871,#872,#873,#874,#875,#876,#877,#878,#879,
#880,#881,#882,#883,#884,#885,#886,#887,#888,#889,#890,#891,#892));
#368=EDGE_LOOP('',(#893,#894,#895,#896,#897,#898));
#369=EDGE_LOOP('',(#899,#900,#901,#902,#903,#904));
#370=EDGE_LOOP('',(#905,#906,#907,#908,#909,#910));
#371=EDGE_LOOP('',(#911,#912,#913,#914,#915,#916));
#372=EDGE_LOOP('',(#917,#918));
#373=EDGE_LOOP('',(#919,#920));
#374=EDGE_LOOP('',(#921,#922));
#375=EDGE_LOOP('',(#923,#924));
#376=EDGE_LOOP('',(#925,#926));
#377=EDGE_LOOP('',(#927,#928));
#378=EDGE_LOOP('',(#929,#930));
#379=EDGE_LOOP('',(#931,#932,#933,#934,#935,#936));
#380=EDGE_LOOP('',(#937,#938));
#381=EDGE_LOOP('',(#939,#940,#941,#942,#943,#944));
#382=EDGE_LOOP('',(#945,#946));
#383=EDGE_LOOP('',(#947,#948));
#384=EDGE_LOOP('',(#949,#950,#951,#952,#953,#954));
#385=EDGE_LOOP('',(#955,#956));
#386=EDGE_LOOP('',(#957,#958));
#387=EDGE_LOOP('',(#959,#960));
#388=EDGE_LOOP('',(#961,#962));
#389=EDGE_LOOP('',(#963,#964,#965,#966,#967,#968,#969,#970,#971,#972,#973,
#974,#975,#976,#977,#978,#979,#980,#981,#982,#983,#984,#985,#986));
#390=EDGE_LOOP('',(#987,#988,#989,#990));
#391=EDGE_LOOP('',(#991,#992,#993,#994));
#392=EDGE_LOOP('',(#995,#996,#997,#998));
#393=EDGE_LOOP('',(#999,#1000,#1001,#1002));
#394=EDGE_LOOP('',(#1003,#1004,#1005,#1006));
#395=EDGE_LOOP('',(#1007,#1008,#1009,#1010));
#396=EDGE_LOOP('',(#1011,#1012,#1013,#1014));
#397=EDGE_LOOP('',(#1015,#1016,#1017,#1018));
#398=EDGE_LOOP('',(#1019,#1020,#1021,#1022));
#399=EDGE_LOOP('',(#1023,#1024,#1025,#1026));
#400=EDGE_LOOP('',(#1027,#1028,#1029,#1030));
#401=EDGE_LOOP('',(#1031,#1032,#1033,#1034));
#402=EDGE_LOOP('',(#1035,#1036,#1037,#1038));
#403=EDGE_LOOP('',(#1039,#1040,#1041,#1042));
#404=EDGE_LOOP('',(#1043,#1044,#1045,#1046));
#405=EDGE_LOOP('',(#1047,#1048,#1049,#1050));
#406=EDGE_LOOP('',(#1051,#1052,#1053,#1054));
#407=EDGE_LOOP('',(#1055,#1056,#1057,#1058));
#408=EDGE_LOOP('',(#1059,#1060,#1061,#1062));
#409=EDGE_LOOP('',(#1063,#1064,#1065,#1066));
#410=EDGE_LOOP('',(#1067,#1068,#1069,#1070));
#411=EDGE_LOOP('',(#1071,#1072,#1073,#1074));
#412=EDGE_LOOP('',(#1075,#1076,#1077,#1078));
#413=EDGE_LOOP('',(#1079,#1080,#1081,#1082));
#414=EDGE_LOOP('',(#1083,#1084,#1085,#1086,#1087,#1088,#1089,#1090,#1091,
#1092,#1093,#1094,#1095,#1096,#1097,#1098,#1099,#1100,#1101,#1102,#1103,
#1104,#1105,#1106));
#415=ORIENTED_EDGE('',*,*,#1107,.T.);
#416=ORIENTED_EDGE('',*,*,#1110,.T.);
#417=ORIENTED_EDGE('',*,*,#1109,.T.);
#418=ORIENTED_EDGE('',*,*,#1108,.T.);
#419=ORIENTED_EDGE('',*,*,#1111,.T.);
#420=ORIENTED_EDGE('',*,*,#1110,.F.);
#421=ORIENTED_EDGE('',*,*,#1112,.T.);
#422=ORIENTED_EDGE('',*,*,#1113,.T.);
#423=ORIENTED_EDGE('',*,*,#1114,.T.);
#424=ORIENTED_EDGE('',*,*,#1116,.T.);
#425=ORIENTED_EDGE('',*,*,#1115,.T.);
#426=ORIENTED_EDGE('',*,*,#1113,.F.);
#427=ORIENTED_EDGE('',*,*,#1117,.T.);
#428=ORIENTED_EDGE('',*,*,#1116,.F.);
#429=ORIENTED_EDGE('',*,*,#1118,.T.);
#430=ORIENTED_EDGE('',*,*,#1119,.T.);
#431=ORIENTED_EDGE('',*,*,#1120,.T.);
#432=ORIENTED_EDGE('',*,*,#1122,.T.);
#433=ORIENTED_EDGE('',*,*,#1121,.T.);
#434=ORIENTED_EDGE('',*,*,#1119,.F.);
#435=ORIENTED_EDGE('',*,*,#1123,.T.);
#436=ORIENTED_EDGE('',*,*,#1122,.F.);
#437=ORIENTED_EDGE('',*,*,#1124,.T.);
#438=ORIENTED_EDGE('',*,*,#1125,.T.);
#439=ORIENTED_EDGE('',*,*,#1126,.T.);
#440=ORIENTED_EDGE('',*,*,#1125,.F.);
#441=ORIENTED_EDGE('',*,*,#1127,.T.);
#442=ORIENTED_EDGE('',*,*,#1128,.T.);
#443=ORIENTED_EDGE('',*,*,#1195,.T.);
#444=ORIENTED_EDGE('',*,*,#1129,.T.);
#445=ORIENTED_EDGE('',*,*,#1194,.T.);
#446=ORIENTED_EDGE('',*,*,#1128,.F.);
#447=ORIENTED_EDGE('',*,*,#1130,.T.);
#448=ORIENTED_EDGE('',*,*,#1129,.F.);
#449=ORIENTED_EDGE('',*,*,#1131,.T.);
#450=ORIENTED_EDGE('',*,*,#1132,.T.);
#451=ORIENTED_EDGE('',*,*,#1133,.T.);
#452=ORIENTED_EDGE('',*,*,#1132,.F.);
#453=ORIENTED_EDGE('',*,*,#1134,.T.);
#454=ORIENTED_EDGE('',*,*,#1135,.T.);
#455=ORIENTED_EDGE('',*,*,#1136,.T.);
#456=ORIENTED_EDGE('',*,*,#1138,.T.);
#457=ORIENTED_EDGE('',*,*,#1137,.T.);
#458=ORIENTED_EDGE('',*,*,#1135,.F.);
#459=ORIENTED_EDGE('',*,*,#1139,.T.);
#460=ORIENTED_EDGE('',*,*,#1138,.F.);
#461=ORIENTED_EDGE('',*,*,#1140,.T.);
#462=ORIENTED_EDGE('',*,*,#1141,.T.);
#463=ORIENTED_EDGE('',*,*,#1142,.T.);
#464=ORIENTED_EDGE('',*,*,#1144,.T.);
#465=ORIENTED_EDGE('',*,*,#1143,.T.);
#466=ORIENTED_EDGE('',*,*,#1141,.F.);
#467=ORIENTED_EDGE('',*,*,#1145,.T.);
#468=ORIENTED_EDGE('',*,*,#1144,.F.);
#469=ORIENTED_EDGE('',*,*,#1146,.T.);
#470=ORIENTED_EDGE('',*,*,#1147,.T.);
#471=ORIENTED_EDGE('',*,*,#1148,.T.);
#472=ORIENTED_EDGE('',*,*,#1150,.T.);
#473=ORIENTED_EDGE('',*,*,#1149,.T.);
#474=ORIENTED_EDGE('',*,*,#1147,.F.);
#475=ORIENTED_EDGE('',*,*,#1151,.T.);
#476=ORIENTED_EDGE('',*,*,#1150,.F.);
#477=ORIENTED_EDGE('',*,*,#1152,.T.);
#478=ORIENTED_EDGE('',*,*,#1153,.T.);
#479=ORIENTED_EDGE('',*,*,#1154,.T.);
#480=ORIENTED_EDGE('',*,*,#1153,.F.);
#481=ORIENTED_EDGE('',*,*,#1155,.T.);
#482=ORIENTED_EDGE('',*,*,#1156,.T.);
#483=ORIENTED_EDGE('',*,*,#1196,.T.);
#484=ORIENTED_EDGE('',*,*,#1157,.T.);
#485=ORIENTED_EDGE('',*,*,#1193,.T.);
#486=ORIENTED_EDGE('',*,*,#1156,.F.);
#487=ORIENTED_EDGE('',*,*,#1158,.T.);
#488=ORIENTED_EDGE('',*,*,#1157,.F.);
#489=ORIENTED_EDGE('',*,*,#1159,.T.);
#490=ORIENTED_EDGE('',*,*,#1160,.T.);
#491=ORIENTED_EDGE('',*,*,#1161,.T.);
#492=ORIENTED_EDGE('',*,*,#1160,.F.);
#493=ORIENTED_EDGE('',*,*,#1162,.T.);
#494=ORIENTED_EDGE('',*,*,#1163,.T.);
#495=ORIENTED_EDGE('',*,*,#1164,.T.);
#496=ORIENTED_EDGE('',*,*,#1166,.T.);
#497=ORIENTED_EDGE('',*,*,#1165,.T.);
#498=ORIENTED_EDGE('',*,*,#1163,.F.);
#499=ORIENTED_EDGE('',*,*,#1167,.T.);
#500=ORIENTED_EDGE('',*,*,#1166,.F.);
#501=ORIENTED_EDGE('',*,*,#1168,.T.);
#502=ORIENTED_EDGE('',*,*,#1169,.T.);
#503=ORIENTED_EDGE('',*,*,#1170,.T.);
#504=ORIENTED_EDGE('',*,*,#1172,.T.);
#505=ORIENTED_EDGE('',*,*,#1171,.T.);
#506=ORIENTED_EDGE('',*,*,#1169,.F.);
#507=ORIENTED_EDGE('',*,*,#1173,.T.);
#508=ORIENTED_EDGE('',*,*,#1172,.F.);
#509=ORIENTED_EDGE('',*,*,#1174,.T.);
#510=ORIENTED_EDGE('',*,*,#1175,.T.);
#511=ORIENTED_EDGE('',*,*,#1176,.T.);
#512=ORIENTED_EDGE('',*,*,#1178,.T.);
#513=ORIENTED_EDGE('',*,*,#1177,.T.);
#514=ORIENTED_EDGE('',*,*,#1175,.F.);
#515=ORIENTED_EDGE('',*,*,#1179,.T.);
#516=ORIENTED_EDGE('',*,*,#1178,.F.);
#517=ORIENTED_EDGE('',*,*,#1180,.T.);
#518=ORIENTED_EDGE('',*,*,#1181,.T.);
#519=ORIENTED_EDGE('',*,*,#1182,.T.);
#520=ORIENTED_EDGE('',*,*,#1181,.F.);
#521=ORIENTED_EDGE('',*,*,#1183,.T.);
#522=ORIENTED_EDGE('',*,*,#1184,.T.);
#523=ORIENTED_EDGE('',*,*,#1185,.T.);
#524=ORIENTED_EDGE('',*,*,#1186,.T.);
#525=ORIENTED_EDGE('',*,*,#1192,.T.);
#526=ORIENTED_EDGE('',*,*,#1184,.F.);
#527=ORIENTED_EDGE('',*,*,#1187,.T.);
#528=ORIENTED_EDGE('',*,*,#1186,.F.);
#529=ORIENTED_EDGE('',*,*,#1188,.T.);
#530=ORIENTED_EDGE('',*,*,#1189,.T.);
#531=ORIENTED_EDGE('',*,*,#1190,.T.);
#532=ORIENTED_EDGE('',*,*,#1189,.F.);
#533=ORIENTED_EDGE('',*,*,#1191,.T.);
#534=ORIENTED_EDGE('',*,*,#1108,.F.);
#535=ORIENTED_EDGE('',*,*,#1109,.F.);
#536=ORIENTED_EDGE('',*,*,#1111,.F.);
#537=ORIENTED_EDGE('',*,*,#1115,.F.);
#538=ORIENTED_EDGE('',*,*,#1117,.F.);
#539=ORIENTED_EDGE('',*,*,#1121,.F.);
#540=ORIENTED_EDGE('',*,*,#1123,.F.);
#541=ORIENTED_EDGE('',*,*,#1126,.F.);
#542=ORIENTED_EDGE('',*,*,#1194,.F.);
#543=ORIENTED_EDGE('',*,*,#1130,.F.);
#544=ORIENTED_EDGE('',*,*,#1133,.F.);
#545=ORIENTED_EDGE('',*,*,#1137,.F.);
#546=ORIENTED_EDGE('',*,*,#1139,.F.);
#547=ORIENTED_EDGE('',*,*,#1143,.F.);
#548=ORIENTED_EDGE('',*,*,#1145,.F.);
#549=ORIENTED_EDGE('',*,*,#1149,.F.);
#550=ORIENTED_EDGE('',*,*,#1151,.F.);
#551=ORIENTED_EDGE('',*,*,#1154,.F.);
#552=ORIENTED_EDGE('',*,*,#1193,.F.);
#553=ORIENTED_EDGE('',*,*,#1158,.F.);
#554=ORIENTED_EDGE('',*,*,#1161,.F.);
#555=ORIENTED_EDGE('',*,*,#1165,.F.);
#556=ORIENTED_EDGE('',*,*,#1167,.F.);
#557=ORIENTED_EDGE('',*,*,#1171,.F.);
#558=ORIENTED_EDGE('',*,*,#1173,.F.);
#559=ORIENTED_EDGE('',*,*,#1177,.F.);
#560=ORIENTED_EDGE('',*,*,#1179,.F.);
#561=ORIENTED_EDGE('',*,*,#1182,.F.);
#562=ORIENTED_EDGE('',*,*,#1192,.F.);
#563=ORIENTED_EDGE('',*,*,#1187,.F.);
#564=ORIENTED_EDGE('',*,*,#1190,.F.);
#565=ORIENTED_EDGE('',*,*,#1107,.F.);
#566=ORIENTED_EDGE('',*,*,#1191,.F.);
#567=ORIENTED_EDGE('',*,*,#1188,.F.);
#568=ORIENTED_EDGE('',*,*,#1185,.F.);
#569=ORIENTED_EDGE('',*,*,#1183,.F.);
#570=ORIENTED_EDGE('',*,*,#1180,.F.);
#571=ORIENTED_EDGE('',*,*,#1176,.F.);
#572=ORIENTED_EDGE('',*,*,#1174,.F.);
#573=ORIENTED_EDGE('',*,*,#1170,.F.);
#574=ORIENTED_EDGE('',*,*,#1168,.F.);
#575=ORIENTED_EDGE('',*,*,#1164,.F.);
#576=ORIENTED_EDGE('',*,*,#1162,.F.);
#577=ORIENTED_EDGE('',*,*,#1159,.F.);
#578=ORIENTED_EDGE('',*,*,#1196,.F.);
#579=ORIENTED_EDGE('',*,*,#1155,.F.);
#580=ORIENTED_EDGE('',*,*,#1152,.F.);
#581=ORIENTED_EDGE('',*,*,#1148,.F.);
#582=ORIENTED_EDGE('',*,*,#1146,.F.);
#583=ORIENTED_EDGE('',*,*,#1142,.F.);
#584=ORIENTED_EDGE('',*,*,#1140,.F.);
#585=ORIENTED_EDGE('',*,*,#1136,.F.);
#586=ORIENTED_EDGE('',*,*,#1134,.F.);
#587=ORIENTED_EDGE('',*,*,#1131,.F.);
#588=ORIENTED_EDGE('',*,*,#1195,.F.);
#589=ORIENTED_EDGE('',*,*,#1127,.F.);
#590=ORIENTED_EDGE('',*,*,#1124,.F.);
#591=ORIENTED_EDGE('',*,*,#1120,.F.);
#592=ORIENTED_EDGE('',*,*,#1118,.F.);
#593=ORIENTED_EDGE('',*,*,#1114,.F.);
#594=ORIENTED_EDGE('',*,*,#1112,.F.);
#595=ORIENTED_EDGE('',*,*,#1235,.T.);
#596=ORIENTED_EDGE('',*,*,#1232,.T.);
#597=ORIENTED_EDGE('',*,*,#1204,.T.);
#598=ORIENTED_EDGE('',*,*,#1227,.T.);
#599=ORIENTED_EDGE('',*,*,#1203,.T.);
#600=ORIENTED_EDGE('',*,*,#1222,.T.);
#601=ORIENTED_EDGE('',*,*,#1219,.T.);
#602=ORIENTED_EDGE('',*,*,#1216,.T.);
#603=ORIENTED_EDGE('',*,*,#1202,.T.);
#604=ORIENTED_EDGE('',*,*,#1211,.T.);
#605=ORIENTED_EDGE('',*,*,#1201,.T.);
#606=ORIENTED_EDGE('',*,*,#1205,.T.);
#607=ORIENTED_EDGE('',*,*,#1238,.T.);
#608=ORIENTED_EDGE('',*,*,#1241,.T.);
#609=ORIENTED_EDGE('',*,*,#1200,.T.);
#610=ORIENTED_EDGE('',*,*,#1246,.T.);
#611=ORIENTED_EDGE('',*,*,#1199,.T.);
#612=ORIENTED_EDGE('',*,*,#1251,.T.);
#613=ORIENTED_EDGE('',*,*,#1254,.T.);
#614=ORIENTED_EDGE('',*,*,#1257,.T.);
#615=ORIENTED_EDGE('',*,*,#1198,.T.);
#616=ORIENTED_EDGE('',*,*,#1262,.T.);
#617=ORIENTED_EDGE('',*,*,#1197,.T.);
#618=ORIENTED_EDGE('',*,*,#1267,.T.);
#619=ORIENTED_EDGE('',*,*,#1208,.F.);
#620=ORIENTED_EDGE('',*,*,#1207,.F.);
#621=ORIENTED_EDGE('',*,*,#1206,.F.);
#622=ORIENTED_EDGE('',*,*,#1205,.F.);
#623=ORIENTED_EDGE('',*,*,#1210,.F.);
#624=ORIENTED_EDGE('',*,*,#1209,.F.);
#625=ORIENTED_EDGE('',*,*,#1208,.T.);
#626=ORIENTED_EDGE('',*,*,#1201,.F.);
#627=ORIENTED_EDGE('',*,*,#1213,.F.);
#628=ORIENTED_EDGE('',*,*,#1212,.F.);
#629=ORIENTED_EDGE('',*,*,#1210,.T.);
#630=ORIENTED_EDGE('',*,*,#1211,.F.);
#631=ORIENTED_EDGE('',*,*,#1215,.F.);
#632=ORIENTED_EDGE('',*,*,#1214,.F.);
#633=ORIENTED_EDGE('',*,*,#1213,.T.);
#634=ORIENTED_EDGE('',*,*,#1202,.F.);
#635=ORIENTED_EDGE('',*,*,#1218,.F.);
#636=ORIENTED_EDGE('',*,*,#1217,.F.);
#637=ORIENTED_EDGE('',*,*,#1215,.T.);
#638=ORIENTED_EDGE('',*,*,#1216,.F.);
#639=ORIENTED_EDGE('',*,*,#1221,.F.);
#640=ORIENTED_EDGE('',*,*,#1220,.F.);
#641=ORIENTED_EDGE('',*,*,#1218,.T.);
#642=ORIENTED_EDGE('',*,*,#1219,.F.);
#643=ORIENTED_EDGE('',*,*,#1224,.F.);
#644=ORIENTED_EDGE('',*,*,#1223,.F.);
#645=ORIENTED_EDGE('',*,*,#1221,.T.);
#646=ORIENTED_EDGE('',*,*,#1222,.F.);
#647=ORIENTED_EDGE('',*,*,#1226,.F.);
#648=ORIENTED_EDGE('',*,*,#1225,.F.);
#649=ORIENTED_EDGE('',*,*,#1224,.T.);
#650=ORIENTED_EDGE('',*,*,#1203,.F.);
#651=ORIENTED_EDGE('',*,*,#1229,.F.);
#652=ORIENTED_EDGE('',*,*,#1228,.F.);
#653=ORIENTED_EDGE('',*,*,#1226,.T.);
#654=ORIENTED_EDGE('',*,*,#1227,.F.);
#655=ORIENTED_EDGE('',*,*,#1231,.F.);
#656=ORIENTED_EDGE('',*,*,#1230,.F.);
#657=ORIENTED_EDGE('',*,*,#1229,.T.);
#658=ORIENTED_EDGE('',*,*,#1204,.F.);
#659=ORIENTED_EDGE('',*,*,#1234,.F.);
#660=ORIENTED_EDGE('',*,*,#1233,.F.);
#661=ORIENTED_EDGE('',*,*,#1231,.T.);
#662=ORIENTED_EDGE('',*,*,#1232,.F.);
#663=ORIENTED_EDGE('',*,*,#1237,.F.);
#664=ORIENTED_EDGE('',*,*,#1236,.F.);
#665=ORIENTED_EDGE('',*,*,#1234,.T.);
#666=ORIENTED_EDGE('',*,*,#1235,.F.);
#667=ORIENTED_EDGE('',*,*,#1206,.T.);
#668=ORIENTED_EDGE('',*,*,#1240,.F.);
#669=ORIENTED_EDGE('',*,*,#1239,.F.);
#670=ORIENTED_EDGE('',*,*,#1238,.F.);
#671=ORIENTED_EDGE('',*,*,#1239,.T.);
#672=ORIENTED_EDGE('',*,*,#1243,.F.);
#673=ORIENTED_EDGE('',*,*,#1242,.F.);
#674=ORIENTED_EDGE('',*,*,#1241,.F.);
#675=ORIENTED_EDGE('',*,*,#1242,.T.);
#676=ORIENTED_EDGE('',*,*,#1245,.F.);
#677=ORIENTED_EDGE('',*,*,#1244,.F.);
#678=ORIENTED_EDGE('',*,*,#1200,.F.);
#679=ORIENTED_EDGE('',*,*,#1244,.T.);
#680=ORIENTED_EDGE('',*,*,#1248,.F.);
#681=ORIENTED_EDGE('',*,*,#1247,.F.);
#682=ORIENTED_EDGE('',*,*,#1246,.F.);
#683=ORIENTED_EDGE('',*,*,#1247,.T.);
#684=ORIENTED_EDGE('',*,*,#1250,.F.);
#685=ORIENTED_EDGE('',*,*,#1249,.F.);
#686=ORIENTED_EDGE('',*,*,#1199,.F.);
#687=ORIENTED_EDGE('',*,*,#1249,.T.);
#688=ORIENTED_EDGE('',*,*,#1253,.F.);
#689=ORIENTED_EDGE('',*,*,#1252,.F.);
#690=ORIENTED_EDGE('',*,*,#1251,.F.);
#691=ORIENTED_EDGE('',*,*,#1252,.T.);
#692=ORIENTED_EDGE('',*,*,#1256,.F.);
#693=ORIENTED_EDGE('',*,*,#1255,.F.);
#694=ORIENTED_EDGE('',*,*,#1254,.F.);
#695=ORIENTED_EDGE('',*,*,#1255,.T.);
#696=ORIENTED_EDGE('',*,*,#1259,.F.);
#697=ORIENTED_EDGE('',*,*,#1258,.F.);
#698=ORIENTED_EDGE('',*,*,#1257,.F.);
#699=ORIENTED_EDGE('',*,*,#1258,.T.);
#700=ORIENTED_EDGE('',*,*,#1261,.F.);
#701=ORIENTED_EDGE('',*,*,#1260,.F.);
#702=ORIENTED_EDGE('',*,*,#1198,.F.);
#703=ORIENTED_EDGE('',*,*,#1260,.T.);
#704=ORIENTED_EDGE('',*,*,#1264,.F.);
#705=ORIENTED_EDGE('',*,*,#1263,.F.);
#706=ORIENTED_EDGE('',*,*,#1262,.F.);
#707=ORIENTED_EDGE('',*,*,#1263,.T.);
#708=ORIENTED_EDGE('',*,*,#1266,.F.);
#709=ORIENTED_EDGE('',*,*,#1265,.F.);
#710=ORIENTED_EDGE('',*,*,#1197,.F.);
#711=ORIENTED_EDGE('',*,*,#1265,.T.);
#712=ORIENTED_EDGE('',*,*,#1268,.F.);
#713=ORIENTED_EDGE('',*,*,#1237,.T.);
#714=ORIENTED_EDGE('',*,*,#1267,.F.);
#715=ORIENTED_EDGE('',*,*,#1273,.T.);
#716=ORIENTED_EDGE('',*,*,#1272,.F.);
#717=ORIENTED_EDGE('',*,*,#1271,.F.);
#718=ORIENTED_EDGE('',*,*,#1273,.F.);
#719=ORIENTED_EDGE('',*,*,#1270,.F.);
#720=ORIENTED_EDGE('',*,*,#1269,.F.);
#721=ORIENTED_EDGE('',*,*,#1271,.T.);
#722=ORIENTED_EDGE('',*,*,#1272,.T.);
#723=ORIENTED_EDGE('',*,*,#1236,.T.);
#724=ORIENTED_EDGE('',*,*,#1268,.T.);
#725=ORIENTED_EDGE('',*,*,#1266,.T.);
#726=ORIENTED_EDGE('',*,*,#1264,.T.);
#727=ORIENTED_EDGE('',*,*,#1261,.T.);
#728=ORIENTED_EDGE('',*,*,#1259,.T.);
#729=ORIENTED_EDGE('',*,*,#1256,.T.);
#730=ORIENTED_EDGE('',*,*,#1253,.T.);
#731=ORIENTED_EDGE('',*,*,#1250,.T.);
#732=ORIENTED_EDGE('',*,*,#1248,.T.);
#733=ORIENTED_EDGE('',*,*,#1245,.T.);
#734=ORIENTED_EDGE('',*,*,#1243,.T.);
#735=ORIENTED_EDGE('',*,*,#1240,.T.);
#736=ORIENTED_EDGE('',*,*,#1207,.T.);
#737=ORIENTED_EDGE('',*,*,#1209,.T.);
#738=ORIENTED_EDGE('',*,*,#1212,.T.);
#739=ORIENTED_EDGE('',*,*,#1214,.T.);
#740=ORIENTED_EDGE('',*,*,#1217,.T.);
#741=ORIENTED_EDGE('',*,*,#1220,.T.);
#742=ORIENTED_EDGE('',*,*,#1223,.T.);
#743=ORIENTED_EDGE('',*,*,#1225,.T.);
#744=ORIENTED_EDGE('',*,*,#1228,.T.);
#745=ORIENTED_EDGE('',*,*,#1230,.T.);
#746=ORIENTED_EDGE('',*,*,#1233,.T.);
#747=ORIENTED_EDGE('',*,*,#1269,.T.);
#748=ORIENTED_EDGE('',*,*,#1270,.T.);
#749=ORIENTED_EDGE('',*,*,#1310,.F.);
#750=ORIENTED_EDGE('',*,*,#1275,.F.);
#751=ORIENTED_EDGE('',*,*,#1305,.F.);
#752=ORIENTED_EDGE('',*,*,#1276,.F.);
#753=ORIENTED_EDGE('',*,*,#1300,.F.);
#754=ORIENTED_EDGE('',*,*,#1297,.F.);
#755=ORIENTED_EDGE('',*,*,#1294,.F.);
#756=ORIENTED_EDGE('',*,*,#1277,.F.);
#757=ORIENTED_EDGE('',*,*,#1289,.F.);
#758=ORIENTED_EDGE('',*,*,#1278,.F.);
#759=ORIENTED_EDGE('',*,*,#1283,.F.);
#760=ORIENTED_EDGE('',*,*,#1344,.F.);
#761=ORIENTED_EDGE('',*,*,#1341,.F.);
#762=ORIENTED_EDGE('',*,*,#1279,.F.);
#763=ORIENTED_EDGE('',*,*,#1336,.F.);
#764=ORIENTED_EDGE('',*,*,#1280,.F.);
#765=ORIENTED_EDGE('',*,*,#1331,.F.);
#766=ORIENTED_EDGE('',*,*,#1328,.F.);
#767=ORIENTED_EDGE('',*,*,#1325,.F.);
#768=ORIENTED_EDGE('',*,*,#1281,.F.);
#769=ORIENTED_EDGE('',*,*,#1320,.F.);
#770=ORIENTED_EDGE('',*,*,#1282,.F.);
#771=ORIENTED_EDGE('',*,*,#1314,.F.);
#772=ORIENTED_EDGE('',*,*,#1274,.F.);
#773=ORIENTED_EDGE('',*,*,#1283,.T.);
#774=ORIENTED_EDGE('',*,*,#1284,.T.);
#775=ORIENTED_EDGE('',*,*,#1285,.T.);
#776=ORIENTED_EDGE('',*,*,#1286,.T.);
#777=ORIENTED_EDGE('',*,*,#1278,.T.);
#778=ORIENTED_EDGE('',*,*,#1287,.T.);
#779=ORIENTED_EDGE('',*,*,#1288,.T.);
#780=ORIENTED_EDGE('',*,*,#1284,.F.);
#781=ORIENTED_EDGE('',*,*,#1289,.T.);
#782=ORIENTED_EDGE('',*,*,#1290,.T.);
#783=ORIENTED_EDGE('',*,*,#1291,.T.);
#784=ORIENTED_EDGE('',*,*,#1287,.F.);
#785=ORIENTED_EDGE('',*,*,#1277,.T.);
#786=ORIENTED_EDGE('',*,*,#1292,.T.);
#787=ORIENTED_EDGE('',*,*,#1293,.T.);
#788=ORIENTED_EDGE('',*,*,#1290,.F.);
#789=ORIENTED_EDGE('',*,*,#1294,.T.);
#790=ORIENTED_EDGE('',*,*,#1295,.T.);
#791=ORIENTED_EDGE('',*,*,#1296,.T.);
#792=ORIENTED_EDGE('',*,*,#1292,.F.);
#793=ORIENTED_EDGE('',*,*,#1297,.T.);
#794=ORIENTED_EDGE('',*,*,#1298,.T.);
#795=ORIENTED_EDGE('',*,*,#1299,.T.);
#796=ORIENTED_EDGE('',*,*,#1295,.F.);
#797=ORIENTED_EDGE('',*,*,#1300,.T.);
#798=ORIENTED_EDGE('',*,*,#1301,.T.);
#799=ORIENTED_EDGE('',*,*,#1302,.T.);
#800=ORIENTED_EDGE('',*,*,#1298,.F.);
#801=ORIENTED_EDGE('',*,*,#1276,.T.);
#802=ORIENTED_EDGE('',*,*,#1303,.T.);
#803=ORIENTED_EDGE('',*,*,#1304,.T.);
#804=ORIENTED_EDGE('',*,*,#1301,.F.);
#805=ORIENTED_EDGE('',*,*,#1305,.T.);
#806=ORIENTED_EDGE('',*,*,#1306,.T.);
#807=ORIENTED_EDGE('',*,*,#1307,.T.);
#808=ORIENTED_EDGE('',*,*,#1303,.F.);
#809=ORIENTED_EDGE('',*,*,#1275,.T.);
#810=ORIENTED_EDGE('',*,*,#1308,.T.);
#811=ORIENTED_EDGE('',*,*,#1309,.T.);
#812=ORIENTED_EDGE('',*,*,#1306,.F.);
#813=ORIENTED_EDGE('',*,*,#1310,.T.);
#814=ORIENTED_EDGE('',*,*,#1311,.T.);
#815=ORIENTED_EDGE('',*,*,#1312,.T.);
#816=ORIENTED_EDGE('',*,*,#1308,.F.);
#817=ORIENTED_EDGE('',*,*,#1274,.T.);
#818=ORIENTED_EDGE('',*,*,#1317,.T.);
#819=ORIENTED_EDGE('',*,*,#1313,.T.);
#820=ORIENTED_EDGE('',*,*,#1311,.F.);
#821=ORIENTED_EDGE('',*,*,#1314,.T.);
#822=ORIENTED_EDGE('',*,*,#1315,.T.);
#823=ORIENTED_EDGE('',*,*,#1316,.T.);
#824=ORIENTED_EDGE('',*,*,#1317,.F.);
#825=ORIENTED_EDGE('',*,*,#1282,.T.);
#826=ORIENTED_EDGE('',*,*,#1318,.T.);
#827=ORIENTED_EDGE('',*,*,#1319,.T.);
#828=ORIENTED_EDGE('',*,*,#1315,.F.);
#829=ORIENTED_EDGE('',*,*,#1320,.T.);
#830=ORIENTED_EDGE('',*,*,#1321,.T.);
#831=ORIENTED_EDGE('',*,*,#1322,.T.);
#832=ORIENTED_EDGE('',*,*,#1318,.F.);
#833=ORIENTED_EDGE('',*,*,#1281,.T.);
#834=ORIENTED_EDGE('',*,*,#1323,.T.);
#835=ORIENTED_EDGE('',*,*,#1324,.T.);
#836=ORIENTED_EDGE('',*,*,#1321,.F.);
#837=ORIENTED_EDGE('',*,*,#1325,.T.);
#838=ORIENTED_EDGE('',*,*,#1326,.T.);
#839=ORIENTED_EDGE('',*,*,#1327,.T.);
#840=ORIENTED_EDGE('',*,*,#1323,.F.);
#841=ORIENTED_EDGE('',*,*,#1328,.T.);
#842=ORIENTED_EDGE('',*,*,#1329,.T.);
#843=ORIENTED_EDGE('',*,*,#1330,.T.);
#844=ORIENTED_EDGE('',*,*,#1326,.F.);
#845=ORIENTED_EDGE('',*,*,#1331,.T.);
#846=ORIENTED_EDGE('',*,*,#1332,.T.);
#847=ORIENTED_EDGE('',*,*,#1333,.T.);
#848=ORIENTED_EDGE('',*,*,#1329,.F.);
#849=ORIENTED_EDGE('',*,*,#1280,.T.);
#850=ORIENTED_EDGE('',*,*,#1334,.T.);
#851=ORIENTED_EDGE('',*,*,#1335,.T.);
#852=ORIENTED_EDGE('',*,*,#1332,.F.);
#853=ORIENTED_EDGE('',*,*,#1336,.T.);
#854=ORIENTED_EDGE('',*,*,#1337,.T.);
#855=ORIENTED_EDGE('',*,*,#1338,.T.);
#856=ORIENTED_EDGE('',*,*,#1334,.F.);
#857=ORIENTED_EDGE('',*,*,#1279,.T.);
#858=ORIENTED_EDGE('',*,*,#1339,.T.);
#859=ORIENTED_EDGE('',*,*,#1340,.T.);
#860=ORIENTED_EDGE('',*,*,#1337,.F.);
#861=ORIENTED_EDGE('',*,*,#1341,.T.);
#862=ORIENTED_EDGE('',*,*,#1342,.T.);
#863=ORIENTED_EDGE('',*,*,#1343,.T.);
#864=ORIENTED_EDGE('',*,*,#1339,.F.);
#865=ORIENTED_EDGE('',*,*,#1344,.T.);
#866=ORIENTED_EDGE('',*,*,#1286,.F.);
#867=ORIENTED_EDGE('',*,*,#1345,.T.);
#868=ORIENTED_EDGE('',*,*,#1342,.F.);
#869=ORIENTED_EDGE('',*,*,#1312,.F.);
#870=ORIENTED_EDGE('',*,*,#1313,.F.);
#871=ORIENTED_EDGE('',*,*,#1316,.F.);
#872=ORIENTED_EDGE('',*,*,#1319,.F.);
#873=ORIENTED_EDGE('',*,*,#1322,.F.);
#874=ORIENTED_EDGE('',*,*,#1324,.F.);
#875=ORIENTED_EDGE('',*,*,#1327,.F.);
#876=ORIENTED_EDGE('',*,*,#1330,.F.);
#877=ORIENTED_EDGE('',*,*,#1333,.F.);
#878=ORIENTED_EDGE('',*,*,#1335,.F.);
#879=ORIENTED_EDGE('',*,*,#1338,.F.);
#880=ORIENTED_EDGE('',*,*,#1340,.F.);
#881=ORIENTED_EDGE('',*,*,#1343,.F.);
#882=ORIENTED_EDGE('',*,*,#1345,.F.);
#883=ORIENTED_EDGE('',*,*,#1285,.F.);
#884=ORIENTED_EDGE('',*,*,#1288,.F.);
#885=ORIENTED_EDGE('',*,*,#1291,.F.);
#886=ORIENTED_EDGE('',*,*,#1293,.F.);
#887=ORIENTED_EDGE('',*,*,#1296,.F.);
#888=ORIENTED_EDGE('',*,*,#1299,.F.);
#889=ORIENTED_EDGE('',*,*,#1302,.F.);
#890=ORIENTED_EDGE('',*,*,#1304,.F.);
#891=ORIENTED_EDGE('',*,*,#1307,.F.);
#892=ORIENTED_EDGE('',*,*,#1309,.F.);
#893=ORIENTED_EDGE('',*,*,#1348,.T.);
#894=ORIENTED_EDGE('',*,*,#1369,.F.);
#895=ORIENTED_EDGE('',*,*,#1370,.F.);
#896=ORIENTED_EDGE('',*,*,#1348,.F.);
#897=ORIENTED_EDGE('',*,*,#1347,.F.);
#898=ORIENTED_EDGE('',*,*,#1346,.F.);
#899=ORIENTED_EDGE('',*,*,#1351,.T.);
#900=ORIENTED_EDGE('',*,*,#1350,.F.);
#901=ORIENTED_EDGE('',*,*,#1349,.F.);
#902=ORIENTED_EDGE('',*,*,#1351,.F.);
#903=ORIENTED_EDGE('',*,*,#1367,.F.);
#904=ORIENTED_EDGE('',*,*,#1368,.F.);
#905=ORIENTED_EDGE('',*,*,#1353,.F.);
#906=ORIENTED_EDGE('',*,*,#1356,.T.);
#907=ORIENTED_EDGE('',*,*,#1355,.F.);
#908=ORIENTED_EDGE('',*,*,#1354,.F.);
#909=ORIENTED_EDGE('',*,*,#1356,.F.);
#910=ORIENTED_EDGE('',*,*,#1352,.F.);
#911=ORIENTED_EDGE('',*,*,#1357,.T.);
#912=ORIENTED_EDGE('',*,*,#1358,.T.);
#913=ORIENTED_EDGE('',*,*,#1361,.T.);
#914=ORIENTED_EDGE('',*,*,#1360,.T.);
#915=ORIENTED_EDGE('',*,*,#1359,.T.);
#916=ORIENTED_EDGE('',*,*,#1361,.F.);
#917=ORIENTED_EDGE('',*,*,#1357,.F.);
#918=ORIENTED_EDGE('',*,*,#1358,.F.);
#919=ORIENTED_EDGE('',*,*,#1353,.T.);
#920=ORIENTED_EDGE('',*,*,#1352,.T.);
#921=ORIENTED_EDGE('',*,*,#1363,.T.);
#922=ORIENTED_EDGE('',*,*,#1362,.T.);
#923=ORIENTED_EDGE('',*,*,#1359,.F.);
#924=ORIENTED_EDGE('',*,*,#1360,.F.);
#925=ORIENTED_EDGE('',*,*,#1364,.F.);
#926=ORIENTED_EDGE('',*,*,#1365,.F.);
#927=ORIENTED_EDGE('',*,*,#1377,.F.);
#928=ORIENTED_EDGE('',*,*,#1376,.F.);
#929=ORIENTED_EDGE('',*,*,#1371,.F.);
#930=ORIENTED_EDGE('',*,*,#1372,.F.);
#931=ORIENTED_EDGE('',*,*,#1362,.F.);
#932=ORIENTED_EDGE('',*,*,#1363,.F.);
#933=ORIENTED_EDGE('',*,*,#1366,.F.);
#934=ORIENTED_EDGE('',*,*,#1364,.T.);
#935=ORIENTED_EDGE('',*,*,#1365,.T.);
#936=ORIENTED_EDGE('',*,*,#1366,.T.);
#937=ORIENTED_EDGE('',*,*,#1355,.T.);
#938=ORIENTED_EDGE('',*,*,#1354,.T.);
#939=ORIENTED_EDGE('',*,*,#1375,.T.);
#940=ORIENTED_EDGE('',*,*,#1371,.T.);
#941=ORIENTED_EDGE('',*,*,#1372,.T.);
#942=ORIENTED_EDGE('',*,*,#1375,.F.);
#943=ORIENTED_EDGE('',*,*,#1373,.F.);
#944=ORIENTED_EDGE('',*,*,#1374,.F.);
#945=ORIENTED_EDGE('',*,*,#1368,.T.);
#946=ORIENTED_EDGE('',*,*,#1367,.T.);
#947=ORIENTED_EDGE('',*,*,#1369,.T.);
#948=ORIENTED_EDGE('',*,*,#1370,.T.);
#949=ORIENTED_EDGE('',*,*,#1379,.T.);
#950=ORIENTED_EDGE('',*,*,#1380,.T.);
#951=ORIENTED_EDGE('',*,*,#1376,.T.);
#952=ORIENTED_EDGE('',*,*,#1377,.T.);
#953=ORIENTED_EDGE('',*,*,#1380,.F.);
#954=ORIENTED_EDGE('',*,*,#1378,.T.);
#955=ORIENTED_EDGE('',*,*,#1350,.T.);
#956=ORIENTED_EDGE('',*,*,#1349,.T.);
#957=ORIENTED_EDGE('',*,*,#1346,.T.);
#958=ORIENTED_EDGE('',*,*,#1347,.T.);
#959=ORIENTED_EDGE('',*,*,#1379,.F.);
#960=ORIENTED_EDGE('',*,*,#1378,.F.);
#961=ORIENTED_EDGE('',*,*,#1373,.T.);
#962=ORIENTED_EDGE('',*,*,#1374,.T.);
#963=ORIENTED_EDGE('',*,*,#1417,.F.);
#964=ORIENTED_EDGE('',*,*,#1382,.F.);
#965=ORIENTED_EDGE('',*,*,#1412,.F.);
#966=ORIENTED_EDGE('',*,*,#1383,.F.);
#967=ORIENTED_EDGE('',*,*,#1407,.F.);
#968=ORIENTED_EDGE('',*,*,#1404,.F.);
#969=ORIENTED_EDGE('',*,*,#1401,.F.);
#970=ORIENTED_EDGE('',*,*,#1384,.F.);
#971=ORIENTED_EDGE('',*,*,#1396,.F.);
#972=ORIENTED_EDGE('',*,*,#1385,.F.);
#973=ORIENTED_EDGE('',*,*,#1390,.F.);
#974=ORIENTED_EDGE('',*,*,#1451,.F.);
#975=ORIENTED_EDGE('',*,*,#1448,.F.);
#976=ORIENTED_EDGE('',*,*,#1386,.F.);
#977=ORIENTED_EDGE('',*,*,#1443,.F.);
#978=ORIENTED_EDGE('',*,*,#1387,.F.);
#979=ORIENTED_EDGE('',*,*,#1438,.F.);
#980=ORIENTED_EDGE('',*,*,#1435,.F.);
#981=ORIENTED_EDGE('',*,*,#1432,.F.);
#982=ORIENTED_EDGE('',*,*,#1388,.F.);
#983=ORIENTED_EDGE('',*,*,#1427,.F.);
#984=ORIENTED_EDGE('',*,*,#1389,.F.);
#985=ORIENTED_EDGE('',*,*,#1421,.F.);
#986=ORIENTED_EDGE('',*,*,#1381,.F.);
#987=ORIENTED_EDGE('',*,*,#1390,.T.);
#988=ORIENTED_EDGE('',*,*,#1391,.T.);
#989=ORIENTED_EDGE('',*,*,#1392,.T.);
#990=ORIENTED_EDGE('',*,*,#1393,.T.);
#991=ORIENTED_EDGE('',*,*,#1385,.T.);
#992=ORIENTED_EDGE('',*,*,#1394,.T.);
#993=ORIENTED_EDGE('',*,*,#1395,.T.);
#994=ORIENTED_EDGE('',*,*,#1391,.F.);
#995=ORIENTED_EDGE('',*,*,#1396,.T.);
#996=ORIENTED_EDGE('',*,*,#1397,.T.);
#997=ORIENTED_EDGE('',*,*,#1398,.T.);
#998=ORIENTED_EDGE('',*,*,#1394,.F.);
#999=ORIENTED_EDGE('',*,*,#1384,.T.);
#1000=ORIENTED_EDGE('',*,*,#1399,.T.);
#1001=ORIENTED_EDGE('',*,*,#1400,.T.);
#1002=ORIENTED_EDGE('',*,*,#1397,.F.);
#1003=ORIENTED_EDGE('',*,*,#1401,.T.);
#1004=ORIENTED_EDGE('',*,*,#1402,.T.);
#1005=ORIENTED_EDGE('',*,*,#1403,.T.);
#1006=ORIENTED_EDGE('',*,*,#1399,.F.);
#1007=ORIENTED_EDGE('',*,*,#1404,.T.);
#1008=ORIENTED_EDGE('',*,*,#1405,.T.);
#1009=ORIENTED_EDGE('',*,*,#1406,.T.);
#1010=ORIENTED_EDGE('',*,*,#1402,.F.);
#1011=ORIENTED_EDGE('',*,*,#1407,.T.);
#1012=ORIENTED_EDGE('',*,*,#1408,.T.);
#1013=ORIENTED_EDGE('',*,*,#1409,.T.);
#1014=ORIENTED_EDGE('',*,*,#1405,.F.);
#1015=ORIENTED_EDGE('',*,*,#1383,.T.);
#1016=ORIENTED_EDGE('',*,*,#1410,.T.);
#1017=ORIENTED_EDGE('',*,*,#1411,.T.);
#1018=ORIENTED_EDGE('',*,*,#1408,.F.);
#1019=ORIENTED_EDGE('',*,*,#1412,.T.);
#1020=ORIENTED_EDGE('',*,*,#1413,.T.);
#1021=ORIENTED_EDGE('',*,*,#1414,.T.);
#1022=ORIENTED_EDGE('',*,*,#1410,.F.);
#1023=ORIENTED_EDGE('',*,*,#1382,.T.);
#1024=ORIENTED_EDGE('',*,*,#1415,.T.);
#1025=ORIENTED_EDGE('',*,*,#1416,.T.);
#1026=ORIENTED_EDGE('',*,*,#1413,.F.);
#1027=ORIENTED_EDGE('',*,*,#1417,.T.);
#1028=ORIENTED_EDGE('',*,*,#1418,.T.);
#1029=ORIENTED_EDGE('',*,*,#1419,.T.);
#1030=ORIENTED_EDGE('',*,*,#1415,.F.);
#1031=ORIENTED_EDGE('',*,*,#1381,.T.);
#1032=ORIENTED_EDGE('',*,*,#1424,.T.);
#1033=ORIENTED_EDGE('',*,*,#1420,.T.);
#1034=ORIENTED_EDGE('',*,*,#1418,.F.);
#1035=ORIENTED_EDGE('',*,*,#1421,.T.);
#1036=ORIENTED_EDGE('',*,*,#1422,.T.);
#1037=ORIENTED_EDGE('',*,*,#1423,.T.);
#1038=ORIENTED_EDGE('',*,*,#1424,.F.);
#1039=ORIENTED_EDGE('',*,*,#1389,.T.);
#1040=ORIENTED_EDGE('',*,*,#1425,.T.);
#1041=ORIENTED_EDGE('',*,*,#1426,.T.);
#1042=ORIENTED_EDGE('',*,*,#1422,.F.);
#1043=ORIENTED_EDGE('',*,*,#1427,.T.);
#1044=ORIENTED_EDGE('',*,*,#1428,.T.);
#1045=ORIENTED_EDGE('',*,*,#1429,.T.);
#1046=ORIENTED_EDGE('',*,*,#1425,.F.);
#1047=ORIENTED_EDGE('',*,*,#1388,.T.);
#1048=ORIENTED_EDGE('',*,*,#1430,.T.);
#1049=ORIENTED_EDGE('',*,*,#1431,.T.);
#1050=ORIENTED_EDGE('',*,*,#1428,.F.);
#1051=ORIENTED_EDGE('',*,*,#1432,.T.);
#1052=ORIENTED_EDGE('',*,*,#1433,.T.);
#1053=ORIENTED_EDGE('',*,*,#1434,.T.);
#1054=ORIENTED_EDGE('',*,*,#1430,.F.);
#1055=ORIENTED_EDGE('',*,*,#1435,.T.);
#1056=ORIENTED_EDGE('',*,*,#1436,.T.);
#1057=ORIENTED_EDGE('',*,*,#1437,.T.);
#1058=ORIENTED_EDGE('',*,*,#1433,.F.);
#1059=ORIENTED_EDGE('',*,*,#1438,.T.);
#1060=ORIENTED_EDGE('',*,*,#1439,.T.);
#1061=ORIENTED_EDGE('',*,*,#1440,.T.);
#1062=ORIENTED_EDGE('',*,*,#1436,.F.);
#1063=ORIENTED_EDGE('',*,*,#1387,.T.);
#1064=ORIENTED_EDGE('',*,*,#1441,.T.);
#1065=ORIENTED_EDGE('',*,*,#1442,.T.);
#1066=ORIENTED_EDGE('',*,*,#1439,.F.);
#1067=ORIENTED_EDGE('',*,*,#1443,.T.);
#1068=ORIENTED_EDGE('',*,*,#1444,.T.);
#1069=ORIENTED_EDGE('',*,*,#1445,.T.);
#1070=ORIENTED_EDGE('',*,*,#1441,.F.);
#1071=ORIENTED_EDGE('',*,*,#1386,.T.);
#1072=ORIENTED_EDGE('',*,*,#1446,.T.);
#1073=ORIENTED_EDGE('',*,*,#1447,.T.);
#1074=ORIENTED_EDGE('',*,*,#1444,.F.);
#1075=ORIENTED_EDGE('',*,*,#1448,.T.);
#1076=ORIENTED_EDGE('',*,*,#1449,.T.);
#1077=ORIENTED_EDGE('',*,*,#1450,.T.);
#1078=ORIENTED_EDGE('',*,*,#1446,.F.);
#1079=ORIENTED_EDGE('',*,*,#1451,.T.);
#1080=ORIENTED_EDGE('',*,*,#1393,.F.);
#1081=ORIENTED_EDGE('',*,*,#1452,.T.);
#1082=ORIENTED_EDGE('',*,*,#1449,.F.);
#1083=ORIENTED_EDGE('',*,*,#1419,.F.);
#1084=ORIENTED_EDGE('',*,*,#1420,.F.);
#1085=ORIENTED_EDGE('',*,*,#1423,.F.);
#1086=ORIENTED_EDGE('',*,*,#1426,.F.);
#1087=ORIENTED_EDGE('',*,*,#1429,.F.);
#1088=ORIENTED_EDGE('',*,*,#1431,.F.);
#1089=ORIENTED_EDGE('',*,*,#1434,.F.);
#1090=ORIENTED_EDGE('',*,*,#1437,.F.);
#1091=ORIENTED_EDGE('',*,*,#1440,.F.);
#1092=ORIENTED_EDGE('',*,*,#1442,.F.);
#1093=ORIENTED_EDGE('',*,*,#1445,.F.);
#1094=ORIENTED_EDGE('',*,*,#1447,.F.);
#1095=ORIENTED_EDGE('',*,*,#1450,.F.);
#1096=ORIENTED_EDGE('',*,*,#1452,.F.);
#1097=ORIENTED_EDGE('',*,*,#1392,.F.);
#1098=ORIENTED_EDGE('',*,*,#1395,.F.);
#1099=ORIENTED_EDGE('',*,*,#1398,.F.);
#1100=ORIENTED_EDGE('',*,*,#1400,.F.);
#1101=ORIENTED_EDGE('',*,*,#1403,.F.);
#1102=ORIENTED_EDGE('',*,*,#1406,.F.);
#1103=ORIENTED_EDGE('',*,*,#1409,.F.);
#1104=ORIENTED_EDGE('',*,*,#1411,.F.);
#1105=ORIENTED_EDGE('',*,*,#1414,.F.);
#1106=ORIENTED_EDGE('',*,*,#1416,.F.);
#1107=EDGE_CURVE('',#1875,#1876,#1838,.T.);
#1108=EDGE_CURVE('',#1877,#1875,#1605,.T.);
#1109=EDGE_CURVE('',#1878,#1877,#1839,.T.);
#1110=EDGE_CURVE('',#1876,#1878,#1606,.T.);
#1111=EDGE_CURVE('',#1879,#1878,#1453,.T.);
#1112=EDGE_CURVE('',#1876,#1880,#1454,.T.);
#1113=EDGE_CURVE('',#1880,#1879,#1840,.T.);
#1114=EDGE_CURVE('',#1880,#1881,#1841,.T.);
#1115=EDGE_CURVE('',#1882,#1879,#1842,.T.);
#1116=EDGE_CURVE('',#1881,#1882,#1607,.T.);
#1117=EDGE_CURVE('',#1883,#1882,#1455,.T.);
#1118=EDGE_CURVE('',#1881,#1884,#1456,.T.);
#1119=EDGE_CURVE('',#1884,#1883,#1843,.T.);
#1120=EDGE_CURVE('',#1884,#1885,#1844,.T.);
#1121=EDGE_CURVE('',#1886,#1883,#1845,.T.);
#1122=EDGE_CURVE('',#1885,#1886,#1608,.T.);
#1123=EDGE_CURVE('',#1887,#1886,#1457,.T.);
#1124=EDGE_CURVE('',#1885,#1888,#1458,.T.);
#1125=EDGE_CURVE('',#1888,#1887,#1846,.T.);
#1126=EDGE_CURVE('',#1889,#1887,#1609,.T.);
#1127=EDGE_CURVE('',#1888,#1890,#1610,.T.);
#1128=EDGE_CURVE('',#1890,#1889,#1611,.T.);
#1129=EDGE_CURVE('',#1891,#1892,#1847,.T.);
#1130=EDGE_CURVE('',#1893,#1892,#1848,.T.);
#1131=EDGE_CURVE('',#1891,#1894,#1849,.T.);
#1132=EDGE_CURVE('',#1894,#1893,#1850,.T.);
#1133=EDGE_CURVE('',#1895,#1893,#1459,.T.);
#1134=EDGE_CURVE('',#1894,#1896,#1460,.T.);
#1135=EDGE_CURVE('',#1896,#1895,#1851,.T.);
#1136=EDGE_CURVE('',#1896,#1897,#1852,.T.);
#1137=EDGE_CURVE('',#1898,#1895,#1853,.T.);
#1138=EDGE_CURVE('',#1897,#1898,#1612,.T.);
#1139=EDGE_CURVE('',#1899,#1898,#1461,.T.);
#1140=EDGE_CURVE('',#1897,#1900,#1462,.T.);
#1141=EDGE_CURVE('',#1900,#1899,#1854,.T.);
#1142=EDGE_CURVE('',#1900,#1901,#1855,.T.);
#1143=EDGE_CURVE('',#1902,#1899,#1856,.T.);
#1144=EDGE_CURVE('',#1901,#1902,#1613,.T.);
#1145=EDGE_CURVE('',#1903,#1902,#1463,.T.);
#1146=EDGE_CURVE('',#1901,#1904,#1464,.T.);
#1147=EDGE_CURVE('',#1904,#1903,#1857,.T.);
#1148=EDGE_CURVE('',#1904,#1905,#1858,.T.);
#1149=EDGE_CURVE('',#1906,#1903,#1859,.T.);
#1150=EDGE_CURVE('',#1905,#1906,#1614,.T.);
#1151=EDGE_CURVE('',#1907,#1906,#1465,.T.);
#1152=EDGE_CURVE('',#1905,#1908,#1466,.T.);
#1153=EDGE_CURVE('',#1908,#1907,#1860,.T.);
#1154=EDGE_CURVE('',#1909,#1907,#1615,.T.);
#1155=EDGE_CURVE('',#1908,#1910,#1616,.T.);
#1156=EDGE_CURVE('',#1910,#1909,#1617,.T.);
#1157=EDGE_CURVE('',#1911,#1912,#1861,.T.);
#1158=EDGE_CURVE('',#1913,#1912,#1618,.T.);
#1159=EDGE_CURVE('',#1911,#1914,#1619,.T.);
#1160=EDGE_CURVE('',#1914,#1913,#1620,.T.);
#1161=EDGE_CURVE('',#1915,#1913,#1467,.T.);
#1162=EDGE_CURVE('',#1914,#1916,#1468,.T.);
#1163=EDGE_CURVE('',#1916,#1915,#1862,.T.);
#1164=EDGE_CURVE('',#1916,#1917,#1863,.T.);
#1165=EDGE_CURVE('',#1918,#1915,#1864,.T.);
#1166=EDGE_CURVE('',#1917,#1918,#1621,.T.);
#1167=EDGE_CURVE('',#1919,#1918,#1469,.T.);
#1168=EDGE_CURVE('',#1917,#1920,#1470,.T.);
#1169=EDGE_CURVE('',#1920,#1919,#1865,.T.);
#1170=EDGE_CURVE('',#1920,#1921,#1866,.T.);
#1171=EDGE_CURVE('',#1922,#1919,#1867,.T.);
#1172=EDGE_CURVE('',#1921,#1922,#1622,.T.);
#1173=EDGE_CURVE('',#1923,#1922,#1471,.T.);
#1174=EDGE_CURVE('',#1921,#1924,#1472,.T.);
#1175=EDGE_CURVE('',#1924,#1923,#1868,.T.);
#1176=EDGE_CURVE('',#1924,#1925,#1869,.T.);
#1177=EDGE_CURVE('',#1926,#1923,#1870,.T.);
#1178=EDGE_CURVE('',#1925,#1926,#1623,.T.);
#1179=EDGE_CURVE('',#1927,#1926,#1473,.T.);
#1180=EDGE_CURVE('',#1925,#1928,#1474,.T.);
#1181=EDGE_CURVE('',#1928,#1927,#1871,.T.);
#1182=EDGE_CURVE('',#1929,#1927,#1624,.T.);
#1183=EDGE_CURVE('',#1928,#1930,#1625,.T.);
#1184=EDGE_CURVE('',#1930,#1929,#1626,.T.);
#1185=EDGE_CURVE('',#1930,#1931,#1475,.T.);
#1186=EDGE_CURVE('',#1931,#1932,#1872,.T.);
#1187=EDGE_CURVE('',#1933,#1932,#1627,.T.);
#1188=EDGE_CURVE('',#1931,#1934,#1628,.T.);
#1189=EDGE_CURVE('',#1934,#1933,#1629,.T.);
#1190=EDGE_CURVE('',#1877,#1933,#1476,.T.);
#1191=EDGE_CURVE('',#1934,#1875,#1477,.T.);
#1192=EDGE_CURVE('',#1932,#1929,#1478,.T.);
#1193=EDGE_CURVE('',#1912,#1909,#1479,.T.);
#1194=EDGE_CURVE('',#1892,#1889,#1873,.T.);
#1195=EDGE_CURVE('',#1890,#1891,#1874,.T.);
#1196=EDGE_CURVE('',#1910,#1911,#1480,.T.);
#1197=EDGE_CURVE('',#1938,#1937,#1630,.T.);
#1198=EDGE_CURVE('',#1940,#1939,#1631,.T.);
#1199=EDGE_CURVE('',#1944,#1943,#1632,.T.);
#1200=EDGE_CURVE('',#1946,#1945,#1633,.T.);
#1201=EDGE_CURVE('',#1950,#1949,#1634,.T.);
#1202=EDGE_CURVE('',#1952,#1951,#1635,.T.);
#1203=EDGE_CURVE('',#1956,#1955,#1636,.T.);
#1204=EDGE_CURVE('',#1958,#1957,#1637,.T.);
#1205=EDGE_CURVE('',#1949,#1948,#1638,.T.);
#1206=EDGE_CURVE('',#1948,#1959,#1639,.T.);
#1207=EDGE_CURVE('',#1959,#1960,#1640,.T.);
#1208=EDGE_CURVE('',#1960,#1949,#1641,.T.);
#1209=EDGE_CURVE('',#1960,#1961,#1642,.T.);
#1210=EDGE_CURVE('',#1961,#1950,#1643,.T.);
#1211=EDGE_CURVE('',#1951,#1950,#1644,.T.);
#1212=EDGE_CURVE('',#1961,#1962,#1645,.T.);
#1213=EDGE_CURVE('',#1962,#1951,#1646,.T.);
#1214=EDGE_CURVE('',#1962,#1963,#1647,.T.);
#1215=EDGE_CURVE('',#1963,#1952,#1648,.T.);
#1216=EDGE_CURVE('',#1953,#1952,#1649,.T.);
#1217=EDGE_CURVE('',#1963,#1964,#1650,.T.);
#1218=EDGE_CURVE('',#1964,#1953,#1651,.T.);
#1219=EDGE_CURVE('',#1954,#1953,#1481,.T.);
#1220=EDGE_CURVE('',#1964,#1965,#1482,.T.);
#1221=EDGE_CURVE('',#1965,#1954,#1652,.T.);
#1222=EDGE_CURVE('',#1955,#1954,#1653,.T.);
#1223=EDGE_CURVE('',#1965,#1966,#1654,.T.);
#1224=EDGE_CURVE('',#1966,#1955,#1655,.T.);
#1225=EDGE_CURVE('',#1966,#1967,#1656,.T.);
#1226=EDGE_CURVE('',#1967,#1956,#1657,.T.);
#1227=EDGE_CURVE('',#1957,#1956,#1658,.T.);
#1228=EDGE_CURVE('',#1967,#1968,#1659,.T.);
#1229=EDGE_CURVE('',#1968,#1957,#1660,.T.);
#1230=EDGE_CURVE('',#1968,#1969,#1661,.T.);
#1231=EDGE_CURVE('',#1969,#1958,#1662,.T.);
#1232=EDGE_CURVE('',#1936,#1958,#1663,.T.);
#1233=EDGE_CURVE('',#1969,#1970,#1664,.T.);
#1234=EDGE_CURVE('',#1970,#1936,#1665,.T.);
#1235=EDGE_CURVE('',#1935,#1936,#1483,.T.);
#1236=EDGE_CURVE('',#1970,#1971,#1484,.T.);
#1237=EDGE_CURVE('',#1971,#1935,#1666,.T.);
#1238=EDGE_CURVE('',#1948,#1947,#1485,.T.);
#1239=EDGE_CURVE('',#1947,#1972,#1667,.T.);
#1240=EDGE_CURVE('',#1972,#1959,#1486,.T.);
#1241=EDGE_CURVE('',#1947,#1946,#1668,.T.);
#1242=EDGE_CURVE('',#1946,#1973,#1669,.T.);
#1243=EDGE_CURVE('',#1973,#1972,#1670,.T.);
#1244=EDGE_CURVE('',#1945,#1974,#1671,.T.);
#1245=EDGE_CURVE('',#1974,#1973,#1672,.T.);
#1246=EDGE_CURVE('',#1945,#1944,#1673,.T.);
#1247=EDGE_CURVE('',#1944,#1975,#1674,.T.);
#1248=EDGE_CURVE('',#1975,#1974,#1675,.T.);
#1249=EDGE_CURVE('',#1943,#1976,#1676,.T.);
#1250=EDGE_CURVE('',#1976,#1975,#1677,.T.);
#1251=EDGE_CURVE('',#1943,#1942,#1678,.T.);
#1252=EDGE_CURVE('',#1942,#1977,#1679,.T.);
#1253=EDGE_CURVE('',#1977,#1976,#1680,.T.);
#1254=EDGE_CURVE('',#1942,#1941,#1487,.T.);
#1255=EDGE_CURVE('',#1941,#1978,#1681,.T.);
#1256=EDGE_CURVE('',#1978,#1977,#1488,.T.);
#1257=EDGE_CURVE('',#1941,#1940,#1682,.T.);
#1258=EDGE_CURVE('',#1940,#1979,#1683,.T.);
#1259=EDGE_CURVE('',#1979,#1978,#1684,.T.);
#1260=EDGE_CURVE('',#1939,#1980,#1685,.T.);
#1261=EDGE_CURVE('',#1980,#1979,#1686,.T.);
#1262=EDGE_CURVE('',#1939,#1938,#1687,.T.);
#1263=EDGE_CURVE('',#1938,#1981,#1688,.T.);
#1264=EDGE_CURVE('',#1981,#1980,#1689,.T.);
#1265=EDGE_CURVE('',#1937,#1982,#1690,.T.);
#1266=EDGE_CURVE('',#1982,#1981,#1691,.T.);
#1267=EDGE_CURVE('',#1937,#1935,#1692,.T.);
#1268=EDGE_CURVE('',#1971,#1982,#1693,.T.);
#1269=EDGE_CURVE('',#1983,#1984,#1489,.T.);
#1270=EDGE_CURVE('',#1984,#1983,#1490,.T.);
#1271=EDGE_CURVE('',#1985,#1986,#1491,.T.);
#1272=EDGE_CURVE('',#1986,#1985,#1492,.T.);
#1273=EDGE_CURVE('',#1983,#1985,#1694,.T.);
#1274=EDGE_CURVE('',#1987,#1988,#1493,.T.);
#1275=EDGE_CURVE('',#1990,#1989,#1695,.T.);
#1276=EDGE_CURVE('',#1992,#1991,#1696,.T.);
#1277=EDGE_CURVE('',#1996,#1995,#1697,.T.);
#1278=EDGE_CURVE('',#1998,#1997,#1698,.T.);
#1279=EDGE_CURVE('',#2002,#2001,#1699,.T.);
#1280=EDGE_CURVE('',#2004,#2003,#1700,.T.);
#1281=EDGE_CURVE('',#2008,#2007,#1701,.T.);
#1282=EDGE_CURVE('',#2010,#2009,#1702,.T.);
#1283=EDGE_CURVE('',#1999,#1998,#1703,.T.);
#1284=EDGE_CURVE('',#1998,#2011,#1704,.T.);
#1285=EDGE_CURVE('',#2011,#2012,#1705,.T.);
#1286=EDGE_CURVE('',#2012,#1999,#1706,.T.);
#1287=EDGE_CURVE('',#1997,#2013,#1707,.T.);
#1288=EDGE_CURVE('',#2013,#2011,#1708,.T.);
#1289=EDGE_CURVE('',#1997,#1996,#1709,.T.);
#1290=EDGE_CURVE('',#1996,#2014,#1710,.T.);
#1291=EDGE_CURVE('',#2014,#2013,#1711,.T.);
#1292=EDGE_CURVE('',#1995,#2015,#1712,.T.);
#1293=EDGE_CURVE('',#2015,#2014,#1713,.T.);
#1294=EDGE_CURVE('',#1995,#1994,#1714,.T.);
#1295=EDGE_CURVE('',#1994,#2016,#1715,.T.);
#1296=EDGE_CURVE('',#2016,#2015,#1716,.T.);
#1297=EDGE_CURVE('',#1994,#1993,#1494,.T.);
#1298=EDGE_CURVE('',#1993,#2017,#1717,.T.);
#1299=EDGE_CURVE('',#2017,#2016,#1495,.T.);
#1300=EDGE_CURVE('',#1993,#1992,#1718,.T.);
#1301=EDGE_CURVE('',#1992,#2018,#1719,.T.);
#1302=EDGE_CURVE('',#2018,#2017,#1720,.T.);
#1303=EDGE_CURVE('',#1991,#2019,#1721,.T.);
#1304=EDGE_CURVE('',#2019,#2018,#1722,.T.);
#1305=EDGE_CURVE('',#1991,#1990,#1723,.T.);
#1306=EDGE_CURVE('',#1990,#2020,#1724,.T.);
#1307=EDGE_CURVE('',#2020,#2019,#1725,.T.);
#1308=EDGE_CURVE('',#1989,#2021,#1726,.T.);
#1309=EDGE_CURVE('',#2021,#2020,#1727,.T.);
#1310=EDGE_CURVE('',#1989,#1987,#1728,.T.);
#1311=EDGE_CURVE('',#1987,#2022,#1729,.T.);
#1312=EDGE_CURVE('',#2022,#2021,#1730,.T.);
#1313=EDGE_CURVE('',#2023,#2022,#1496,.T.);
#1314=EDGE_CURVE('',#1988,#2010,#1731,.T.);
#1315=EDGE_CURVE('',#2010,#2024,#1732,.T.);
#1316=EDGE_CURVE('',#2024,#2023,#1733,.T.);
#1317=EDGE_CURVE('',#1988,#2023,#1734,.T.);
#1318=EDGE_CURVE('',#2009,#2025,#1735,.T.);
#1319=EDGE_CURVE('',#2025,#2024,#1736,.T.);
#1320=EDGE_CURVE('',#2009,#2008,#1737,.T.);
#1321=EDGE_CURVE('',#2008,#2026,#1738,.T.);
#1322=EDGE_CURVE('',#2026,#2025,#1739,.T.);
#1323=EDGE_CURVE('',#2007,#2027,#1740,.T.);
#1324=EDGE_CURVE('',#2027,#2026,#1741,.T.);
#1325=EDGE_CURVE('',#2007,#2006,#1742,.T.);
#1326=EDGE_CURVE('',#2006,#2028,#1743,.T.);
#1327=EDGE_CURVE('',#2028,#2027,#1744,.T.);
#1328=EDGE_CURVE('',#2006,#2005,#1497,.T.);
#1329=EDGE_CURVE('',#2005,#2029,#1745,.T.);
#1330=EDGE_CURVE('',#2029,#2028,#1498,.T.);
#1331=EDGE_CURVE('',#2005,#2004,#1746,.T.);
#1332=EDGE_CURVE('',#2004,#2030,#1747,.T.);
#1333=EDGE_CURVE('',#2030,#2029,#1748,.T.);
#1334=EDGE_CURVE('',#2003,#2031,#1749,.T.);
#1335=EDGE_CURVE('',#2031,#2030,#1750,.T.);
#1336=EDGE_CURVE('',#2003,#2002,#1751,.T.);
#1337=EDGE_CURVE('',#2002,#2032,#1752,.T.);
#1338=EDGE_CURVE('',#2032,#2031,#1753,.T.);
#1339=EDGE_CURVE('',#2001,#2033,#1754,.T.);
#1340=EDGE_CURVE('',#2033,#2032,#1755,.T.);
#1341=EDGE_CURVE('',#2001,#2000,#1756,.T.);
#1342=EDGE_CURVE('',#2000,#2034,#1757,.T.);
#1343=EDGE_CURVE('',#2034,#2033,#1758,.T.);
#1344=EDGE_CURVE('',#2000,#1999,#1499,.T.);
#1345=EDGE_CURVE('',#2012,#2034,#1500,.T.);
#1346=EDGE_CURVE('',#2035,#2036,#1759,.T.);
#1347=EDGE_CURVE('',#2036,#2035,#1760,.T.);
#1348=EDGE_CURVE('',#2035,#2037,#1761,.T.);
#1349=EDGE_CURVE('',#2041,#2042,#1762,.T.);
#1350=EDGE_CURVE('',#2042,#2041,#1763,.T.);
#1351=EDGE_CURVE('',#2039,#2041,#1764,.T.);
#1352=EDGE_CURVE('',#2043,#2044,#1501,.T.);
#1353=EDGE_CURVE('',#2044,#2043,#1502,.T.);
#1354=EDGE_CURVE('',#2045,#2046,#1503,.T.);
#1355=EDGE_CURVE('',#2046,#2045,#1504,.T.);
#1356=EDGE_CURVE('',#2044,#2045,#1765,.T.);
#1357=EDGE_CURVE('',#2047,#2048,#1505,.T.);
#1358=EDGE_CURVE('',#2048,#2047,#1506,.T.);
#1359=EDGE_CURVE('',#2049,#2050,#1507,.T.);
#1360=EDGE_CURVE('',#2050,#2049,#1508,.T.);
#1361=EDGE_CURVE('',#2047,#2050,#1766,.T.);
#1362=EDGE_CURVE('',#2052,#2051,#1509,.T.);
#1363=EDGE_CURVE('',#2051,#2052,#1510,.T.);
#1364=EDGE_CURVE('',#2054,#2053,#1511,.T.);
#1365=EDGE_CURVE('',#2053,#2054,#1512,.T.);
#1366=EDGE_CURVE('',#2054,#2051,#1767,.T.);
#1367=EDGE_CURVE('',#2040,#2039,#1768,.T.);
#1368=EDGE_CURVE('',#2039,#2040,#1769,.T.);
#1369=EDGE_CURVE('',#2038,#2037,#1770,.T.);
#1370=EDGE_CURVE('',#2037,#2038,#1771,.T.);
#1371=EDGE_CURVE('',#2058,#2057,#1513,.T.);
#1372=EDGE_CURVE('',#2057,#2058,#1514,.T.);
#1373=EDGE_CURVE('',#2059,#2060,#1515,.T.);
#1374=EDGE_CURVE('',#2060,#2059,#1516,.T.);
#1375=EDGE_CURVE('',#2060,#2058,#1772,.T.);
#1376=EDGE_CURVE('',#2056,#2055,#1517,.T.);
#1377=EDGE_CURVE('',#2055,#2056,#1518,.T.);
#1378=EDGE_CURVE('',#2061,#2062,#1519,.T.);
#1379=EDGE_CURVE('',#2062,#2061,#1520,.T.);
#1380=EDGE_CURVE('',#2061,#2056,#1773,.T.);
#1381=EDGE_CURVE('',#2063,#2064,#1521,.T.);
#1382=EDGE_CURVE('',#2066,#2065,#1774,.T.);
#1383=EDGE_CURVE('',#2068,#2067,#1775,.T.);
#1384=EDGE_CURVE('',#2072,#2071,#1776,.T.);
#1385=EDGE_CURVE('',#2074,#2073,#1777,.T.);
#1386=EDGE_CURVE('',#2078,#2077,#1778,.T.);
#1387=EDGE_CURVE('',#2080,#2079,#1779,.T.);
#1388=EDGE_CURVE('',#2084,#2083,#1780,.T.);
#1389=EDGE_CURVE('',#2086,#2085,#1781,.T.);
#1390=EDGE_CURVE('',#2075,#2074,#1782,.T.);
#1391=EDGE_CURVE('',#2074,#2087,#1783,.T.);
#1392=EDGE_CURVE('',#2087,#2088,#1784,.T.);
#1393=EDGE_CURVE('',#2088,#2075,#1785,.T.);
#1394=EDGE_CURVE('',#2073,#2089,#1786,.T.);
#1395=EDGE_CURVE('',#2089,#2087,#1787,.T.);
#1396=EDGE_CURVE('',#2073,#2072,#1788,.T.);
#1397=EDGE_CURVE('',#2072,#2090,#1789,.T.);
#1398=EDGE_CURVE('',#2090,#2089,#1790,.T.);
#1399=EDGE_CURVE('',#2071,#2091,#1791,.T.);
#1400=EDGE_CURVE('',#2091,#2090,#1792,.T.);
#1401=EDGE_CURVE('',#2071,#2070,#1793,.T.);
#1402=EDGE_CURVE('',#2070,#2092,#1794,.T.);
#1403=EDGE_CURVE('',#2092,#2091,#1795,.T.);
#1404=EDGE_CURVE('',#2070,#2069,#1522,.T.);
#1405=EDGE_CURVE('',#2069,#2093,#1796,.T.);
#1406=EDGE_CURVE('',#2093,#2092,#1523,.T.);
#1407=EDGE_CURVE('',#2069,#2068,#1797,.T.);
#1408=EDGE_CURVE('',#2068,#2094,#1798,.T.);
#1409=EDGE_CURVE('',#2094,#2093,#1799,.T.);
#1410=EDGE_CURVE('',#2067,#2095,#1800,.T.);
#1411=EDGE_CURVE('',#2095,#2094,#1801,.T.);
#1412=EDGE_CURVE('',#2067,#2066,#1802,.T.);
#1413=EDGE_CURVE('',#2066,#2096,#1803,.T.);
#1414=EDGE_CURVE('',#2096,#2095,#1804,.T.);
#1415=EDGE_CURVE('',#2065,#2097,#1805,.T.);
#1416=EDGE_CURVE('',#2097,#2096,#1806,.T.);
#1417=EDGE_CURVE('',#2065,#2063,#1807,.T.);
#1418=EDGE_CURVE('',#2063,#2098,#1808,.T.);
#1419=EDGE_CURVE('',#2098,#2097,#1809,.T.);
#1420=EDGE_CURVE('',#2099,#2098,#1524,.T.);
#1421=EDGE_CURVE('',#2064,#2086,#1810,.T.);
#1422=EDGE_CURVE('',#2086,#2100,#1811,.T.);
#1423=EDGE_CURVE('',#2100,#2099,#1812,.T.);
#1424=EDGE_CURVE('',#2064,#2099,#1813,.T.);
#1425=EDGE_CURVE('',#2085,#2101,#1814,.T.);
#1426=EDGE_CURVE('',#2101,#2100,#1815,.T.);
#1427=EDGE_CURVE('',#2085,#2084,#1816,.T.);
#1428=EDGE_CURVE('',#2084,#2102,#1817,.T.);
#1429=EDGE_CURVE('',#2102,#2101,#1818,.T.);
#1430=EDGE_CURVE('',#2083,#2103,#1819,.T.);
#1431=EDGE_CURVE('',#2103,#2102,#1820,.T.);
#1432=EDGE_CURVE('',#2083,#2082,#1821,.T.);
#1433=EDGE_CURVE('',#2082,#2104,#1822,.T.);
#1434=EDGE_CURVE('',#2104,#2103,#1823,.T.);
#1435=EDGE_CURVE('',#2082,#2081,#1525,.T.);
#1436=EDGE_CURVE('',#2081,#2105,#1824,.T.);
#1437=EDGE_CURVE('',#2105,#2104,#1526,.T.);
#1438=EDGE_CURVE('',#2081,#2080,#1825,.T.);
#1439=EDGE_CURVE('',#2080,#2106,#1826,.T.);
#1440=EDGE_CURVE('',#2106,#2105,#1827,.T.);
#1441=EDGE_CURVE('',#2079,#2107,#1828,.T.);
#1442=EDGE_CURVE('',#2107,#2106,#1829,.T.);
#1443=EDGE_CURVE('',#2079,#2078,#1830,.T.);
#1444=EDGE_CURVE('',#2078,#2108,#1831,.T.);
#1445=EDGE_CURVE('',#2108,#2107,#1832,.T.);
#1446=EDGE_CURVE('',#2077,#2109,#1833,.T.);
#1447=EDGE_CURVE('',#2109,#2108,#1834,.T.);
#1448=EDGE_CURVE('',#2077,#2076,#1835,.T.);
#1449=EDGE_CURVE('',#2076,#2110,#1836,.T.);
#1450=EDGE_CURVE('',#2110,#2109,#1837,.T.);
#1451=EDGE_CURVE('',#2076,#2075,#1527,.T.);
#1452=EDGE_CURVE('',#2088,#2110,#1528,.T.);
#1453=TRIMMED_CURVE($,#1529,(#2919),(#2920),.T.,.CARTESIAN.);
#1454=TRIMMED_CURVE($,#1530,(#2922),(#2923),.T.,.CARTESIAN.);
#1455=TRIMMED_CURVE($,#1531,(#2937),(#2938),.T.,.CARTESIAN.);
#1456=TRIMMED_CURVE($,#1532,(#2940),(#2941),.T.,.CARTESIAN.);
#1457=TRIMMED_CURVE($,#1533,(#2961),(#2962),.T.,.CARTESIAN.);
#1458=TRIMMED_CURVE($,#1534,(#2964),(#2965),.T.,.CARTESIAN.);
#1459=TRIMMED_CURVE($,#1535,(#2991),(#2992),.T.,.CARTESIAN.);
#1460=TRIMMED_CURVE($,#1536,(#2994),(#2995),.T.,.CARTESIAN.);
#1461=TRIMMED_CURVE($,#1537,(#3015),(#3016),.T.,.CARTESIAN.);
#1462=TRIMMED_CURVE($,#1538,(#3018),(#3019),.T.,.CARTESIAN.);
#1463=TRIMMED_CURVE($,#1539,(#3033),(#3034),.T.,.CARTESIAN.);
#1464=TRIMMED_CURVE($,#1540,(#3036),(#3037),.T.,.CARTESIAN.);
#1465=TRIMMED_CURVE($,#1541,(#3057),(#3058),.T.,.CARTESIAN.);
#1466=TRIMMED_CURVE($,#1542,(#3060),(#3061),.T.,.CARTESIAN.);
#1467=TRIMMED_CURVE($,#1543,(#3087),(#3088),.T.,.CARTESIAN.);
#1468=TRIMMED_CURVE($,#1544,(#3090),(#3091),.T.,.CARTESIAN.);
#1469=TRIMMED_CURVE($,#1545,(#3111),(#3112),.T.,.CARTESIAN.);
#1470=TRIMMED_CURVE($,#1546,(#3114),(#3115),.T.,.CARTESIAN.);
#1471=TRIMMED_CURVE($,#1547,(#3129),(#3130),.T.,.CARTESIAN.);
#1472=TRIMMED_CURVE($,#1548,(#3132),(#3133),.T.,.CARTESIAN.);
#1473=TRIMMED_CURVE($,#1549,(#3153),(#3154),.T.,.CARTESIAN.);
#1474=TRIMMED_CURVE($,#1550,(#3156),(#3157),.T.,.CARTESIAN.);
#1475=TRIMMED_CURVE($,#1551,(#3171),(#3172),.T.,.CARTESIAN.);
#1476=TRIMMED_CURVE($,#1552,(#3186),(#3187),.T.,.CARTESIAN.);
#1477=TRIMMED_CURVE($,#1553,(#3189),(#3190),.T.,.CARTESIAN.);
#1478=TRIMMED_CURVE($,#1554,(#3192),(#3193),.T.,.CARTESIAN.);
#1479=TRIMMED_CURVE($,#1555,(#3195),(#3196),.T.,.CARTESIAN.);
#1480=TRIMMED_CURVE($,#1556,(#3206),(#3207),.T.,.CARTESIAN.);
#1481=TRIMMED_CURVE($,#1557,(#3333),(#3334),.T.,.CARTESIAN.);
#1482=TRIMMED_CURVE($,#1558,(#3336),(#3337),.T.,.CARTESIAN.);
#1483=TRIMMED_CURVE($,#1559,(#3367),(#3368),.T.,.CARTESIAN.);
#1484=TRIMMED_CURVE($,#1560,(#3370),(#3371),.T.,.CARTESIAN.);
#1485=TRIMMED_CURVE($,#1561,(#3375),(#3376),.T.,.CARTESIAN.);
#1486=TRIMMED_CURVE($,#1562,(#3380),(#3381),.T.,.CARTESIAN.);
#1487=TRIMMED_CURVE($,#1563,(#3409),(#3410),.T.,.CARTESIAN.);
#1488=TRIMMED_CURVE($,#1564,(#3414),(#3415),.T.,.CARTESIAN.);
#1489=TRIMMED_CURVE($,#1565,(#3441),(#3442),.T.,.CARTESIAN.);
#1490=TRIMMED_CURVE($,#1566,(#3444),(#3445),.T.,.CARTESIAN.);
#1491=TRIMMED_CURVE($,#1567,(#3447),(#3448),.T.,.CARTESIAN.);
#1492=TRIMMED_CURVE($,#1568,(#3450),(#3451),.T.,.CARTESIAN.);
#1493=TRIMMED_CURVE($,#1569,(#3529),(#3530),.T.,.CARTESIAN.);
#1494=TRIMMED_CURVE($,#1570,(#3576),(#3577),.T.,.CARTESIAN.);
#1495=TRIMMED_CURVE($,#1571,(#3581),(#3582),.T.,.CARTESIAN.);
#1496=TRIMMED_CURVE($,#1572,(#3610),(#3611),.T.,.CARTESIAN.);
#1497=TRIMMED_CURVE($,#1573,(#3641),(#3642),.T.,.CARTESIAN.);
#1498=TRIMMED_CURVE($,#1574,(#3646),(#3647),.T.,.CARTESIAN.);
#1499=TRIMMED_CURVE($,#1575,(#3675),(#3676),.T.,.CARTESIAN.);
#1500=TRIMMED_CURVE($,#1576,(#3678),(#3679),.T.,.CARTESIAN.);
#1501=TRIMMED_CURVE($,#1577,(#3958),(#3959),.T.,.CARTESIAN.);
#1502=TRIMMED_CURVE($,#1578,(#3961),(#3962),.T.,.CARTESIAN.);
#1503=TRIMMED_CURVE($,#1579,(#3964),(#3965),.T.,.CARTESIAN.);
#1504=TRIMMED_CURVE($,#1580,(#3967),(#3968),.T.,.CARTESIAN.);
#1505=TRIMMED_CURVE($,#1581,(#3972),(#3973),.T.,.CARTESIAN.);
#1506=TRIMMED_CURVE($,#1582,(#3975),(#3976),.T.,.CARTESIAN.);
#1507=TRIMMED_CURVE($,#1583,(#3978),(#3979),.T.,.CARTESIAN.);
#1508=TRIMMED_CURVE($,#1584,(#3981),(#3982),.T.,.CARTESIAN.);
#1509=TRIMMED_CURVE($,#1585,(#3986),(#3987),.T.,.CARTESIAN.);
#1510=TRIMMED_CURVE($,#1586,(#3989),(#3990),.T.,.CARTESIAN.);
#1511=TRIMMED_CURVE($,#1587,(#3992),(#3993),.T.,.CARTESIAN.);
#1512=TRIMMED_CURVE($,#1588,(#3995),(#3996),.T.,.CARTESIAN.);
#1513=TRIMMED_CURVE($,#1589,(#4120),(#4121),.T.,.CARTESIAN.);
#1514=TRIMMED_CURVE($,#1590,(#4123),(#4124),.T.,.CARTESIAN.);
#1515=TRIMMED_CURVE($,#1591,(#4126),(#4127),.T.,.CARTESIAN.);
#1516=TRIMMED_CURVE($,#1592,(#4129),(#4130),.T.,.CARTESIAN.);
#1517=TRIMMED_CURVE($,#1593,(#4134),(#4135),.T.,.CARTESIAN.);
#1518=TRIMMED_CURVE($,#1594,(#4137),(#4138),.T.,.CARTESIAN.);
#1519=TRIMMED_CURVE($,#1595,(#4140),(#4141),.T.,.CARTESIAN.);
#1520=TRIMMED_CURVE($,#1596,(#4143),(#4144),.T.,.CARTESIAN.);
#1521=TRIMMED_CURVE($,#1597,(#4222),(#4223),.T.,.CARTESIAN.);
#1522=TRIMMED_CURVE($,#1598,(#4269),(#4270),.T.,.CARTESIAN.);
#1523=TRIMMED_CURVE($,#1599,(#4274),(#4275),.T.,.CARTESIAN.);
#1524=TRIMMED_CURVE($,#1600,(#4303),(#4304),.T.,.CARTESIAN.);
#1525=TRIMMED_CURVE($,#1601,(#4334),(#4335),.T.,.CARTESIAN.);
#1526=TRIMMED_CURVE($,#1602,(#4339),(#4340),.T.,.CARTESIAN.);
#1527=TRIMMED_CURVE($,#1603,(#4368),(#4369),.T.,.CARTESIAN.);
#1528=TRIMMED_CURVE($,#1604,(#4371),(#4372),.T.,.CARTESIAN.);
#1529=CIRCLE('',#2356,0.00499818524122406);
#1530=CIRCLE('',#2357,0.00499818524122458);
#1531=CIRCLE('',#2358,0.00499809472137273);
#1532=CIRCLE('',#2359,0.00499809472136894);
#1533=CIRCLE('',#2360,0.0178990659814229);
#1534=CIRCLE('',#2361,0.0178990659814264);
#1535=CIRCLE('',#2362,0.0178969997558653);
#1536=CIRCLE('',#2363,0.0178969997558734);
#1537=CIRCLE('',#2364,0.00499841553611451);
#1538=CIRCLE('',#2365,0.00499841553610842);
#1539=CIRCLE('',#2366,0.00499873338277047);
#1540=CIRCLE('',#2367,0.00499873338277296);
#1541=CIRCLE('',#2368,0.017899065981455);
#1542=CIRCLE('',#2369,0.0178990659814684);
#1543=CIRCLE('',#2370,0.0178969997558299);
#1544=CIRCLE('',#2371,0.017896999755834);
#1545=CIRCLE('',#2372,0.00499873774830404);
#1546=CIRCLE('',#2373,0.004998737748308);
#1547=CIRCLE('',#2374,0.00499841442158428);
#1548=CIRCLE('',#2375,0.00499841442157883);
#1549=CIRCLE('',#2376,0.0178990659813784);
#1550=CIRCLE('',#2377,0.0178990659813818);
#1551=CIRCLE('',#2378,0.085048022822688);
#1552=CIRCLE('',#2379,0.0178969997558491);
#1553=CIRCLE('',#2380,0.0178969997558327);
#1554=CIRCLE('',#2381,0.0850480228226992);
#1555=CIRCLE('',#2382,0.0850480228226953);
#1556=CIRCLE('',#2383,0.0850480228226978);
#1557=CIRCLE('',#2412,0.0675000000000211);
#1558=CIRCLE('',#2413,0.0675000000000083);
#1559=CIRCLE('',#2414,0.0675000000000094);
#1560=CIRCLE('',#2415,0.0675000000000059);
#1561=CIRCLE('',#2416,0.0675000000000128);
#1562=CIRCLE('',#2417,0.0675000000000179);
#1563=CIRCLE('',#2418,0.0675000000000126);
#1564=CIRCLE('',#2419,0.0675000000000102);
#1565=CIRCLE('',#2420,0.0874996565790798);
#1566=CIRCLE('',#2421,0.0874996565790798);
#1567=CIRCLE('',#2422,0.0874996565790811);
#1568=CIRCLE('',#2423,0.0874996565790811);
#1569=CIRCLE('',#2450,0.0674999999999951);
#1570=CIRCLE('',#2451,0.0675000000000111);
#1571=CIRCLE('',#2452,0.0675000000000057);
#1572=CIRCLE('',#2453,0.0674999999999812);
#1573=CIRCLE('',#2454,0.0675000000000106);
#1574=CIRCLE('',#2455,0.067500000000029);
#1575=CIRCLE('',#2456,0.0675000000000183);
#1576=CIRCLE('',#2457,0.0675000000000253);
#1577=CIRCLE('',#2471,0.0434770000000002);
#1578=CIRCLE('',#2472,0.0434770000000002);
#1579=CIRCLE('',#2473,0.0434770000000002);
#1580=CIRCLE('',#2474,0.0434770000000002);
#1581=CIRCLE('',#2475,0.0484760000000009);
#1582=CIRCLE('',#2476,0.0484760000000009);
#1583=CIRCLE('',#2477,0.048476);
#1584=CIRCLE('',#2478,0.048476);
#1585=CIRCLE('',#2479,0.0875000000000004);
#1586=CIRCLE('',#2480,0.0875000000000004);
#1587=CIRCLE('',#2481,0.0874999999999986);
#1588=CIRCLE('',#2482,0.0874999999999986);
#1589=CIRCLE('',#2483,0.0256500000000006);
#1590=CIRCLE('',#2484,0.0256500000000006);
#1591=CIRCLE('',#2485,0.0256499999999997);
#1592=CIRCLE('',#2486,0.0256499999999997);
#1593=CIRCLE('',#2487,0.0301500000000008);
#1594=CIRCLE('',#2488,0.0301500000000008);
#1595=CIRCLE('',#2489,0.0301500000000008);
#1596=CIRCLE('',#2490,0.0301500000000008);
#1597=CIRCLE('',#2517,0.0674999999999781);
#1598=CIRCLE('',#2518,0.0675000000000197);
#1599=CIRCLE('',#2519,0.067500000000014);
#1600=CIRCLE('',#2520,0.0674999999999787);
#1601=CIRCLE('',#2521,0.0675000000000275);
#1602=CIRCLE('',#2522,0.0675000000000207);
#1603=CIRCLE('',#2523,0.0675000000000064);
#1604=CIRCLE('',#2524,0.06750000000002);
#1605=B_SPLINE_CURVE_WITH_KNOTS('',1,(#2907,#2908),.UNSPECIFIED.,.F.,.F.,
(2,2),(0.,75.98279061425),.UNSPECIFIED.);
#1606=B_SPLINE_CURVE_WITH_KNOTS('',1,(#2916,#2917),.UNSPECIFIED.,.F.,.F.,
(2,2),(-75.98279061425,0.),.UNSPECIFIED.);
#1607=B_SPLINE_CURVE_WITH_KNOTS('',1,(#2934,#2935),.UNSPECIFIED.,.F.,.F.,
(2,2),(-75.9827906142509,0.),.UNSPECIFIED.);
#1608=B_SPLINE_CURVE_WITH_KNOTS('',1,(#2958,#2959),.UNSPECIFIED.,.F.,.F.,
(2,2),(-75.9827906142491,0.),.UNSPECIFIED.);
#1609=B_SPLINE_CURVE_WITH_KNOTS('',3,(#2968,#2969,#2970,#2971),
 .UNSPECIFIED.,.F.,.F.,(4,4),(51.7552323249544,57.514987432363),
 .UNSPECIFIED.);
#1610=B_SPLINE_CURVE_WITH_KNOTS('',3,(#2972,#2973,#2974,#2975),
 .UNSPECIFIED.,.F.,.F.,(4,4),(-57.514987432363,-51.7552323249544),
 .UNSPECIFIED.);
#1611=B_SPLINE_CURVE_WITH_KNOTS('',1,(#2976,#2977),.UNSPECIFIED.,.F.,.F.,
(2,2),(-75.9827906142491,0.),.UNSPECIFIED.);
#1612=B_SPLINE_CURVE_WITH_KNOTS('',1,(#3012,#3013),.UNSPECIFIED.,.F.,.F.,
(2,2),(-75.9827906142518,0.),.UNSPECIFIED.);
#1613=B_SPLINE_CURVE_WITH_KNOTS('',1,(#3030,#3031),.UNSPECIFIED.,.F.,.F.,
(2,2),(-75.9827906142518,0.),.UNSPECIFIED.);
#1614=B_SPLINE_CURVE_WITH_KNOTS('',1,(#3054,#3055),.UNSPECIFIED.,.F.,.F.,
(2,2),(-75.98279061425,0.),.UNSPECIFIED.);
#1615=B_SPLINE_CURVE_WITH_KNOTS('',3,(#3064,#3065,#3066,#3067),
 .UNSPECIFIED.,.F.,.F.,(4,4),(29.7620727491428,35.5218278838946),
 .UNSPECIFIED.);
#1616=B_SPLINE_CURVE_WITH_KNOTS('',3,(#3068,#3069,#3070,#3071),
 .UNSPECIFIED.,.F.,.F.,(4,4),(-35.5218278838946,-29.7620727491428),
 .UNSPECIFIED.);
#1617=B_SPLINE_CURVE_WITH_KNOTS('',1,(#3072,#3073),.UNSPECIFIED.,.F.,.F.,
(2,2),(-75.9827906142491,0.),.UNSPECIFIED.);
#1618=B_SPLINE_CURVE_WITH_KNOTS('',3,(#3076,#3077,#3078,#3079),
 .UNSPECIFIED.,.F.,.F.,(4,4),(22.7388876663888,28.4512620349631),
 .UNSPECIFIED.);
#1619=B_SPLINE_CURVE_WITH_KNOTS('',3,(#3080,#3081,#3082,#3083),
 .UNSPECIFIED.,.F.,.F.,(4,4),(-28.4512620349631,-22.7388876663888),
 .UNSPECIFIED.);
#1620=B_SPLINE_CURVE_WITH_KNOTS('',1,(#3084,#3085),.UNSPECIFIED.,.F.,.F.,
(2,2),(-75.9827906142491,0.),.UNSPECIFIED.);
#1621=B_SPLINE_CURVE_WITH_KNOTS('',1,(#3108,#3109),.UNSPECIFIED.,.F.,.F.,
(2,2),(-75.9827906142509,0.),.UNSPECIFIED.);
#1622=B_SPLINE_CURVE_WITH_KNOTS('',1,(#3126,#3127),.UNSPECIFIED.,.F.,.F.,
(2,2),(-75.98279061425,0.),.UNSPECIFIED.);
#1623=B_SPLINE_CURVE_WITH_KNOTS('',1,(#3150,#3151),.UNSPECIFIED.,.F.,.F.,
(2,2),(-75.98279061425,0.),.UNSPECIFIED.);
#1624=B_SPLINE_CURVE_WITH_KNOTS('',3,(#3160,#3161,#3162,#3163),
 .UNSPECIFIED.,.F.,.F.,(4,4),(7.76891426065349,13.5286693678951),
 .UNSPECIFIED.);
#1625=B_SPLINE_CURVE_WITH_KNOTS('',3,(#3164,#3165,#3166,#3167),
 .UNSPECIFIED.,.F.,.F.,(4,4),(-13.5286693678951,-7.76891426065349),
 .UNSPECIFIED.);
#1626=B_SPLINE_CURVE_WITH_KNOTS('',1,(#3168,#3169),.UNSPECIFIED.,.F.,.F.,
(2,2),(-75.9827906142491,0.),.UNSPECIFIED.);
#1627=B_SPLINE_CURVE_WITH_KNOTS('',3,(#3175,#3176,#3177,#3178),
 .UNSPECIFIED.,.F.,.F.,(4,4),(0.745729167527312,6.4581035464736),
 .UNSPECIFIED.);
#1628=B_SPLINE_CURVE_WITH_KNOTS('',3,(#3179,#3180,#3181,#3182),
 .UNSPECIFIED.,.F.,.F.,(4,4),(-6.4581035464736,-0.745729167527312),
 .UNSPECIFIED.);
#1629=B_SPLINE_CURVE_WITH_KNOTS('',1,(#3183,#3184),.UNSPECIFIED.,.F.,.F.,
(2,2),(-75.9827906142491,0.),.UNSPECIFIED.);
#1630=B_SPLINE_CURVE_WITH_KNOTS('',1,(#3288,#3289),.UNSPECIFIED.,.F.,.F.,
(2,2),(-23.3363123549501,-8.48706995003147),.UNSPECIFIED.);
#1631=B_SPLINE_CURVE_WITH_KNOTS('',1,(#3290,#3291),.UNSPECIFIED.,.F.,.F.,
(2,2),(15.9116882454305,30.7609306503487),.UNSPECIFIED.);
#1632=B_SPLINE_CURVE_WITH_KNOTS('',1,(#3292,#3293),.UNSPECIFIED.,.F.,.F.,
(2,2),(-23.3363094478914,-8.4870670429728),.UNSPECIFIED.);
#1633=B_SPLINE_CURVE_WITH_KNOTS('',1,(#3294,#3295),.UNSPECIFIED.,.F.,.F.,
(2,2),(15.9116911524908,30.760933557409),.UNSPECIFIED.);
#1634=B_SPLINE_CURVE_WITH_KNOTS('',1,(#3296,#3297),.UNSPECIFIED.,.F.,.F.,
(2,2),(-23.3363065408313,-8.48706413591265),.UNSPECIFIED.);
#1635=B_SPLINE_CURVE_WITH_KNOTS('',1,(#3298,#3299),.UNSPECIFIED.,.F.,.F.,
(2,2),(15.9116882454319,30.7609306503501),.UNSPECIFIED.);
#1636=B_SPLINE_CURVE_WITH_KNOTS('',1,(#3300,#3301),.UNSPECIFIED.,.F.,.F.,
(2,2),(-23.33630944789,-8.48706704297131),.UNSPECIFIED.);
#1637=B_SPLINE_CURVE_WITH_KNOTS('',1,(#3302,#3303),.UNSPECIFIED.,.F.,.F.,
(2,2),(15.9116853383717,30.7609277432899),.UNSPECIFIED.);
#1638=B_SPLINE_CURVE_WITH_KNOTS('',1,(#3304,#3305),.UNSPECIFIED.,.F.,.F.,
(2,2),(-31.4335890480115,-19.515453239515),.UNSPECIFIED.);
#1639=B_SPLINE_CURVE_WITH_KNOTS('',1,(#3306,#3307),.UNSPECIFIED.,.F.,.F.,
(2,2),(2000.,5001.99999999999),.UNSPECIFIED.);
#1640=B_SPLINE_CURVE_WITH_KNOTS('',1,(#3308,#3309),.UNSPECIFIED.,.F.,.F.,
(2,2),(19.5153023596513,31.4334381681478),.UNSPECIFIED.);
#1641=B_SPLINE_CURVE_WITH_KNOTS('',1,(#3310,#3311),.UNSPECIFIED.,.F.,.F.,
(2,2),(-5001.99999999999,-2000.),.UNSPECIFIED.);
#1642=B_SPLINE_CURVE_WITH_KNOTS('',1,(#3312,#3313),.UNSPECIFIED.,.F.,.F.,
(2,2),(8.48688921310645,23.3361316180251),.UNSPECIFIED.);
#1643=B_SPLINE_CURVE_WITH_KNOTS('',1,(#3314,#3315),.UNSPECIFIED.,.F.,.F.,
(2,2),(-5001.99999999999,-2000.),.UNSPECIFIED.);
#1644=B_SPLINE_CURVE_WITH_KNOTS('',1,(#3316,#3317),.UNSPECIFIED.,.F.,.F.,
(2,2),(-8.24747262745672,24.7424261047756),.UNSPECIFIED.);
#1645=B_SPLINE_CURVE_WITH_KNOTS('',1,(#3318,#3319),.UNSPECIFIED.,.F.,.F.,
(2,2),(-24.7425497938782,8.24734893835409),.UNSPECIFIED.);
#1646=B_SPLINE_CURVE_WITH_KNOTS('',1,(#3320,#3321),.UNSPECIFIED.,.F.,.F.,
(2,2),(-5001.99999999999,-2000.),.UNSPECIFIED.);
#1647=B_SPLINE_CURVE_WITH_KNOTS('',1,(#3322,#3323),.UNSPECIFIED.,.F.,.F.,
(2,2),(-30.7609306503503,-15.9116882454321),.UNSPECIFIED.);
#1648=B_SPLINE_CURVE_WITH_KNOTS('',1,(#3324,#3325),.UNSPECIFIED.,.F.,.F.,
(2,2),(-5001.99999999999,-2000.),.UNSPECIFIED.);
#1649=B_SPLINE_CURVE_WITH_KNOTS('',1,(#3326,#3327),.UNSPECIFIED.,.F.,.F.,
(2,2),(25.2846670752945,37.2751824929299),.UNSPECIFIED.);
#1650=B_SPLINE_CURVE_WITH_KNOTS('',1,(#3328,#3329),.UNSPECIFIED.,.F.,.F.,
(2,2),(-37.2750950315269,-25.2845796138916),.UNSPECIFIED.);
#1651=B_SPLINE_CURVE_WITH_KNOTS('',1,(#3330,#3331),.UNSPECIFIED.,.F.,.F.,
(2,2),(-5001.99999999999,-2000.),.UNSPECIFIED.);
#1652=B_SPLINE_CURVE_WITH_KNOTS('',1,(#3338,#3339),.UNSPECIFIED.,.F.,.F.,
(2,2),(-5001.99999999999,-2000.),.UNSPECIFIED.);
#1653=B_SPLINE_CURVE_WITH_KNOTS('',1,(#3340,#3341),.UNSPECIFIED.,.F.,.F.,
(2,2),(-31.4335900846252,-19.5154542761357),.UNSPECIFIED.);
#1654=B_SPLINE_CURVE_WITH_KNOTS('',1,(#3342,#3343),.UNSPECIFIED.,.F.,.F.,
(2,2),(19.5153657704587,31.4335015789482),.UNSPECIFIED.);
#1655=B_SPLINE_CURVE_WITH_KNOTS('',1,(#3344,#3345),.UNSPECIFIED.,.F.,.F.,
(2,2),(-5001.99999999999,-2000.),.UNSPECIFIED.);
#1656=B_SPLINE_CURVE_WITH_KNOTS('',1,(#3346,#3347),.UNSPECIFIED.,.F.,.F.,
(2,2),(8.48706704297114,23.3363094478898),.UNSPECIFIED.);
#1657=B_SPLINE_CURVE_WITH_KNOTS('',1,(#3348,#3349),.UNSPECIFIED.,.F.,.F.,
(2,2),(-5001.99999999999,-2000.),.UNSPECIFIED.);
#1658=B_SPLINE_CURVE_WITH_KNOTS('',1,(#3350,#3351),.UNSPECIFIED.,.F.,.F.,
(2,2),(-8.24747673865972,24.7424219935724),.UNSPECIFIED.);
#1659=B_SPLINE_CURVE_WITH_KNOTS('',1,(#3352,#3353),.UNSPECIFIED.,.F.,.F.,
(2,2),(-24.7422983044701,8.24760042776205),.UNSPECIFIED.);
#1660=B_SPLINE_CURVE_WITH_KNOTS('',1,(#3354,#3355),.UNSPECIFIED.,.F.,.F.,
(2,2),(-5001.99999999999,-2000.),.UNSPECIFIED.);
#1661=B_SPLINE_CURVE_WITH_KNOTS('',1,(#3356,#3357),.UNSPECIFIED.,.F.,.F.,
(2,2),(-30.7607528204837,-15.9115104155655),.UNSPECIFIED.);
#1662=B_SPLINE_CURVE_WITH_KNOTS('',1,(#3358,#3359),.UNSPECIFIED.,.F.,.F.,
(2,2),(-5001.99999999999,-2000.),.UNSPECIFIED.);
#1663=B_SPLINE_CURVE_WITH_KNOTS('',1,(#3360,#3361),.UNSPECIFIED.,.F.,.F.,
(2,2),(25.2846660112359,37.2751814288713),.UNSPECIFIED.);
#1664=B_SPLINE_CURVE_WITH_KNOTS('',1,(#3362,#3363),.UNSPECIFIED.,.F.,.F.,
(2,2),(-37.2750299412774,-25.284514523642),.UNSPECIFIED.);
#1665=B_SPLINE_CURVE_WITH_KNOTS('',1,(#3364,#3365),.UNSPECIFIED.,.F.,.F.,
(2,2),(-5001.99999999999,-2000.),.UNSPECIFIED.);
#1666=B_SPLINE_CURVE_WITH_KNOTS('',1,(#3372,#3373),.UNSPECIFIED.,.F.,.F.,
(2,2),(-5001.99999999999,-2000.),.UNSPECIFIED.);
#1667=B_SPLINE_CURVE_WITH_KNOTS('',1,(#3377,#3378),.UNSPECIFIED.,.F.,.F.,
(2,2),(2000.,5001.99999999999),.UNSPECIFIED.);
#1668=B_SPLINE_CURVE_WITH_KNOTS('',1,(#3382,#3383),.UNSPECIFIED.,.F.,.F.,
(2,2),(25.2846710464284,37.2751864640584),.UNSPECIFIED.);
#1669=B_SPLINE_CURVE_WITH_KNOTS('',1,(#3384,#3385),.UNSPECIFIED.,.F.,.F.,
(2,2),(2000.,5001.99999999999),.UNSPECIFIED.);
#1670=B_SPLINE_CURVE_WITH_KNOTS('',1,(#3386,#3387),.UNSPECIFIED.,.F.,.F.,
(2,2),(-37.2753379516524,-25.2848225340223),.UNSPECIFIED.);
#1671=B_SPLINE_CURVE_WITH_KNOTS('',1,(#3388,#3389),.UNSPECIFIED.,.F.,.F.,
(2,2),(2000.,5001.99999999999),.UNSPECIFIED.);
#1672=B_SPLINE_CURVE_WITH_KNOTS('',1,(#3390,#3391),.UNSPECIFIED.,.F.,.F.,
(2,2),(-30.7611084802152,-15.911866075297),.UNSPECIFIED.);
#1673=B_SPLINE_CURVE_WITH_KNOTS('',1,(#3392,#3393),.UNSPECIFIED.,.F.,.F.,
(2,2),(-8.2474726274578,24.7424261047743),.UNSPECIFIED.);
#1674=B_SPLINE_CURVE_WITH_KNOTS('',1,(#3394,#3395),.UNSPECIFIED.,.F.,.F.,
(2,2),(2000.,5001.99999999999),.UNSPECIFIED.);
#1675=B_SPLINE_CURVE_WITH_KNOTS('',1,(#3396,#3397),.UNSPECIFIED.,.F.,.F.,
(2,2),(-24.7425497938767,8.24734893835545),.UNSPECIFIED.);
#1676=B_SPLINE_CURVE_WITH_KNOTS('',1,(#3398,#3399),.UNSPECIFIED.,.F.,.F.,
(2,2),(2000.,5001.99999999999),.UNSPECIFIED.);
#1677=B_SPLINE_CURVE_WITH_KNOTS('',1,(#3400,#3401),.UNSPECIFIED.,.F.,.F.,
(2,2),(8.48706704297297,23.3363094478916),.UNSPECIFIED.);
#1678=B_SPLINE_CURVE_WITH_KNOTS('',1,(#3402,#3403),.UNSPECIFIED.,.F.,.F.,
(2,2),(-31.4335930263953,-19.5154572179044),.UNSPECIFIED.);
#1679=B_SPLINE_CURVE_WITH_KNOTS('',1,(#3404,#3405),.UNSPECIFIED.,.F.,.F.,
(2,2),(2000.,5001.99999999999),.UNSPECIFIED.);
#1680=B_SPLINE_CURVE_WITH_KNOTS('',1,(#3406,#3407),.UNSPECIFIED.,.F.,.F.,
(2,2),(19.5155457235814,31.4336815320722),.UNSPECIFIED.);
#1681=B_SPLINE_CURVE_WITH_KNOTS('',1,(#3411,#3412),.UNSPECIFIED.,.F.,.F.,
(2,2),(2000.,5001.99999999999),.UNSPECIFIED.);
#1682=B_SPLINE_CURVE_WITH_KNOTS('',1,(#3416,#3417),.UNSPECIFIED.,.F.,.F.,
(2,2),(25.2846699823527,37.2751853999881),.UNSPECIFIED.);
#1683=B_SPLINE_CURVE_WITH_KNOTS('',1,(#3418,#3419),.UNSPECIFIED.,.F.,.F.,
(2,2),(2000.,5001.99999999999),.UNSPECIFIED.);
#1684=B_SPLINE_CURVE_WITH_KNOTS('',1,(#3420,#3421),.UNSPECIFIED.,.F.,.F.,
(2,2),(-37.275272861391,-25.2847574437557),.UNSPECIFIED.);
#1685=B_SPLINE_CURVE_WITH_KNOTS('',1,(#3422,#3423),.UNSPECIFIED.,.F.,.F.,
(2,2),(2000.,5001.99999999999),.UNSPECIFIED.);
#1686=B_SPLINE_CURVE_WITH_KNOTS('',1,(#3424,#3425),.UNSPECIFIED.,.F.,.F.,
(2,2),(-30.7609306503485,-15.9116882454303),.UNSPECIFIED.);
#1687=B_SPLINE_CURVE_WITH_KNOTS('',1,(#3426,#3427),.UNSPECIFIED.,.F.,.F.,
(2,2),(-8.24747673866053,24.7424219935718),.UNSPECIFIED.);
#1688=B_SPLINE_CURVE_WITH_KNOTS('',1,(#3428,#3429),.UNSPECIFIED.,.F.,.F.,
(2,2),(2000.,5001.99999999999),.UNSPECIFIED.);
#1689=B_SPLINE_CURVE_WITH_KNOTS('',1,(#3430,#3431),.UNSPECIFIED.,.F.,.F.,
(2,2),(-24.7422983044692,8.24760042776307),.UNSPECIFIED.);
#1690=B_SPLINE_CURVE_WITH_KNOTS('',1,(#3432,#3433),.UNSPECIFIED.,.F.,.F.,
(2,2),(2000.,5001.99999999999),.UNSPECIFIED.);
#1691=B_SPLINE_CURVE_WITH_KNOTS('',1,(#3434,#3435),.UNSPECIFIED.,.F.,.F.,
(2,2),(8.48724487283766,23.3364872777563),.UNSPECIFIED.);
#1692=B_SPLINE_CURVE_WITH_KNOTS('',1,(#3436,#3437),.UNSPECIFIED.,.F.,.F.,
(2,2),(-31.4335940629855,-19.515458254489),.UNSPECIFIED.);
#1693=B_SPLINE_CURVE_WITH_KNOTS('',1,(#3438,#3439),.UNSPECIFIED.,.F.,.F.,
(2,2),(19.5156091343527,31.4337449428492),.UNSPECIFIED.);
#1694=B_SPLINE_CURVE_WITH_KNOTS('',1,(#3452,#3453),.UNSPECIFIED.,.F.,.F.,
(2,2),(0.0100106650397886,10.0100053325195),.UNSPECIFIED.);
#1695=B_SPLINE_CURVE_WITH_KNOTS('',1,(#3531,#3532),.UNSPECIFIED.,.F.,.F.,
(2,2),(-23.3363123549501,-8.48706995003147),.UNSPECIFIED.);
#1696=B_SPLINE_CURVE_WITH_KNOTS('',1,(#3533,#3534),.UNSPECIFIED.,.F.,.F.,
(2,2),(15.9116882454305,30.7609306503487),.UNSPECIFIED.);
#1697=B_SPLINE_CURVE_WITH_KNOTS('',1,(#3535,#3536),.UNSPECIFIED.,.F.,.F.,
(2,2),(-23.3363094478914,-8.4870670429728),.UNSPECIFIED.);
#1698=B_SPLINE_CURVE_WITH_KNOTS('',1,(#3537,#3538),.UNSPECIFIED.,.F.,.F.,
(2,2),(15.9116911524908,30.760933557409),.UNSPECIFIED.);
#1699=B_SPLINE_CURVE_WITH_KNOTS('',1,(#3539,#3540),.UNSPECIFIED.,.F.,.F.,
(2,2),(-23.3363065408313,-8.48706413591265),.UNSPECIFIED.);
#1700=B_SPLINE_CURVE_WITH_KNOTS('',1,(#3541,#3542),.UNSPECIFIED.,.F.,.F.,
(2,2),(15.9116882454319,30.7609306503501),.UNSPECIFIED.);
#1701=B_SPLINE_CURVE_WITH_KNOTS('',1,(#3543,#3544),.UNSPECIFIED.,.F.,.F.,
(2,2),(-23.33630944789,-8.48706704297131),.UNSPECIFIED.);
#1702=B_SPLINE_CURVE_WITH_KNOTS('',1,(#3545,#3546),.UNSPECIFIED.,.F.,.F.,
(2,2),(15.9116853383717,30.7609277432899),.UNSPECIFIED.);
#1703=B_SPLINE_CURVE_WITH_KNOTS('',1,(#3547,#3548),.UNSPECIFIED.,.F.,.F.,
(2,2),(25.2846710464284,37.2751864640584),.UNSPECIFIED.);
#1704=B_SPLINE_CURVE_WITH_KNOTS('',1,(#3549,#3550),.UNSPECIFIED.,.F.,.F.,
(2,2),(-2000.,0.),.UNSPECIFIED.);
#1705=B_SPLINE_CURVE_WITH_KNOTS('',1,(#3551,#3552),.UNSPECIFIED.,.F.,.F.,
(2,2),(0.,11.9905154176301),.UNSPECIFIED.);
#1706=B_SPLINE_CURVE_WITH_KNOTS('',1,(#3553,#3554),.UNSPECIFIED.,.F.,.F.,
(2,2),(0.,2000.),.UNSPECIFIED.);
#1707=B_SPLINE_CURVE_WITH_KNOTS('',1,(#3555,#3556),.UNSPECIFIED.,.F.,.F.,
(2,2),(-2000.,0.),.UNSPECIFIED.);
#1708=B_SPLINE_CURVE_WITH_KNOTS('',1,(#3557,#3558),.UNSPECIFIED.,.F.,.F.,
(2,2),(0.,14.8492424049182),.UNSPECIFIED.);
#1709=B_SPLINE_CURVE_WITH_KNOTS('',1,(#3559,#3560),.UNSPECIFIED.,.F.,.F.,
(2,2),(-8.2474726274578,24.7424261047743),.UNSPECIFIED.);
#1710=B_SPLINE_CURVE_WITH_KNOTS('',1,(#3561,#3562),.UNSPECIFIED.,.F.,.F.,
(2,2),(-2000.,0.),.UNSPECIFIED.);
#1711=B_SPLINE_CURVE_WITH_KNOTS('',1,(#3563,#3564),.UNSPECIFIED.,.F.,.F.,
(2,2),(0.,32.9898987322321),.UNSPECIFIED.);
#1712=B_SPLINE_CURVE_WITH_KNOTS('',1,(#3565,#3566),.UNSPECIFIED.,.F.,.F.,
(2,2),(-2000.,0.),.UNSPECIFIED.);
#1713=B_SPLINE_CURVE_WITH_KNOTS('',1,(#3567,#3568),.UNSPECIFIED.,.F.,.F.,
(2,2),(0.,14.8492424049186),.UNSPECIFIED.);
#1714=B_SPLINE_CURVE_WITH_KNOTS('',1,(#3569,#3570),.UNSPECIFIED.,.F.,.F.,
(2,2),(-31.4335930263953,-19.5154572179044),.UNSPECIFIED.);
#1715=B_SPLINE_CURVE_WITH_KNOTS('',1,(#3571,#3572),.UNSPECIFIED.,.F.,.F.,
(2,2),(-2000.,0.),.UNSPECIFIED.);
#1716=B_SPLINE_CURVE_WITH_KNOTS('',1,(#3573,#3574),.UNSPECIFIED.,.F.,.F.,
(2,2),(0.,11.9181358084909),.UNSPECIFIED.);
#1717=B_SPLINE_CURVE_WITH_KNOTS('',1,(#3578,#3579),.UNSPECIFIED.,.F.,.F.,
(2,2),(-2000.,0.),.UNSPECIFIED.);
#1718=B_SPLINE_CURVE_WITH_KNOTS('',1,(#3583,#3584),.UNSPECIFIED.,.F.,.F.,
(2,2),(25.2846699823527,37.2751853999881),.UNSPECIFIED.);
#1719=B_SPLINE_CURVE_WITH_KNOTS('',1,(#3585,#3586),.UNSPECIFIED.,.F.,.F.,
(2,2),(-2000.,0.),.UNSPECIFIED.);
#1720=B_SPLINE_CURVE_WITH_KNOTS('',1,(#3587,#3588),.UNSPECIFIED.,.F.,.F.,
(2,2),(0.,11.9905154176354),.UNSPECIFIED.);
#1721=B_SPLINE_CURVE_WITH_KNOTS('',1,(#3589,#3590),.UNSPECIFIED.,.F.,.F.,
(2,2),(-2000.,0.),.UNSPECIFIED.);
#1722=B_SPLINE_CURVE_WITH_KNOTS('',1,(#3591,#3592),.UNSPECIFIED.,.F.,.F.,
(2,2),(0.,14.8492424049182),.UNSPECIFIED.);
#1723=B_SPLINE_CURVE_WITH_KNOTS('',1,(#3593,#3594),.UNSPECIFIED.,.F.,.F.,
(2,2),(-8.24747673866053,24.7424219935718),.UNSPECIFIED.);
#1724=B_SPLINE_CURVE_WITH_KNOTS('',1,(#3595,#3596),.UNSPECIFIED.,.F.,.F.,
(2,2),(-2000.,0.),.UNSPECIFIED.);
#1725=B_SPLINE_CURVE_WITH_KNOTS('',1,(#3597,#3598),.UNSPECIFIED.,.F.,.F.,
(2,2),(0.,32.9898987322323),.UNSPECIFIED.);
#1726=B_SPLINE_CURVE_WITH_KNOTS('',1,(#3599,#3600),.UNSPECIFIED.,.F.,.F.,
(2,2),(-2000.,0.),.UNSPECIFIED.);
#1727=B_SPLINE_CURVE_WITH_KNOTS('',1,(#3601,#3602),.UNSPECIFIED.,.F.,.F.,
(2,2),(0.,14.8492424049186),.UNSPECIFIED.);
#1728=B_SPLINE_CURVE_WITH_KNOTS('',1,(#3603,#3604),.UNSPECIFIED.,.F.,.F.,
(2,2),(-31.4335940629855,-19.515458254489),.UNSPECIFIED.);
#1729=B_SPLINE_CURVE_WITH_KNOTS('',1,(#3605,#3606),.UNSPECIFIED.,.F.,.F.,
(2,2),(-2000.,0.),.UNSPECIFIED.);
#1730=B_SPLINE_CURVE_WITH_KNOTS('',1,(#3607,#3608),.UNSPECIFIED.,.F.,.F.,
(2,2),(0.,11.9181358084965),.UNSPECIFIED.);
#1731=B_SPLINE_CURVE_WITH_KNOTS('',1,(#3612,#3613),.UNSPECIFIED.,.F.,.F.,
(2,2),(25.2846660112359,37.2751814288713),.UNSPECIFIED.);
#1732=B_SPLINE_CURVE_WITH_KNOTS('',1,(#3614,#3615),.UNSPECIFIED.,.F.,.F.,
(2,2),(-2000.,0.),.UNSPECIFIED.);
#1733=B_SPLINE_CURVE_WITH_KNOTS('',1,(#3616,#3617),.UNSPECIFIED.,.F.,.F.,
(2,2),(0.,11.9905154176354),.UNSPECIFIED.);
#1734=B_SPLINE_CURVE_WITH_KNOTS('',1,(#3618,#3619),.UNSPECIFIED.,.F.,.F.,
(2,2),(-2000.,0.),.UNSPECIFIED.);
#1735=B_SPLINE_CURVE_WITH_KNOTS('',1,(#3620,#3621),.UNSPECIFIED.,.F.,.F.,
(2,2),(-2000.,0.),.UNSPECIFIED.);
#1736=B_SPLINE_CURVE_WITH_KNOTS('',1,(#3622,#3623),.UNSPECIFIED.,.F.,.F.,
(2,2),(0.,14.8492424049182),.UNSPECIFIED.);
#1737=B_SPLINE_CURVE_WITH_KNOTS('',1,(#3624,#3625),.UNSPECIFIED.,.F.,.F.,
(2,2),(-8.24747673865972,24.7424219935724),.UNSPECIFIED.);
#1738=B_SPLINE_CURVE_WITH_KNOTS('',1,(#3626,#3627),.UNSPECIFIED.,.F.,.F.,
(2,2),(-2000.,0.),.UNSPECIFIED.);
#1739=B_SPLINE_CURVE_WITH_KNOTS('',1,(#3628,#3629),.UNSPECIFIED.,.F.,.F.,
(2,2),(0.,32.9898987322321),.UNSPECIFIED.);
#1740=B_SPLINE_CURVE_WITH_KNOTS('',1,(#3630,#3631),.UNSPECIFIED.,.F.,.F.,
(2,2),(-2000.,0.),.UNSPECIFIED.);
#1741=B_SPLINE_CURVE_WITH_KNOTS('',1,(#3632,#3633),.UNSPECIFIED.,.F.,.F.,
(2,2),(0.,14.8492424049186),.UNSPECIFIED.);
#1742=B_SPLINE_CURVE_WITH_KNOTS('',1,(#3634,#3635),.UNSPECIFIED.,.F.,.F.,
(2,2),(-31.4335900846252,-19.5154542761357),.UNSPECIFIED.);
#1743=B_SPLINE_CURVE_WITH_KNOTS('',1,(#3636,#3637),.UNSPECIFIED.,.F.,.F.,
(2,2),(-2000.,0.),.UNSPECIFIED.);
#1744=B_SPLINE_CURVE_WITH_KNOTS('',1,(#3638,#3639),.UNSPECIFIED.,.F.,.F.,
(2,2),(0.,11.9181358084895),.UNSPECIFIED.);
#1745=B_SPLINE_CURVE_WITH_KNOTS('',1,(#3643,#3644),.UNSPECIFIED.,.F.,.F.,
(2,2),(-2000.,0.),.UNSPECIFIED.);
#1746=B_SPLINE_CURVE_WITH_KNOTS('',1,(#3648,#3649),.UNSPECIFIED.,.F.,.F.,
(2,2),(25.2846670752945,37.2751824929299),.UNSPECIFIED.);
#1747=B_SPLINE_CURVE_WITH_KNOTS('',1,(#3650,#3651),.UNSPECIFIED.,.F.,.F.,
(2,2),(-2000.,0.),.UNSPECIFIED.);
#1748=B_SPLINE_CURVE_WITH_KNOTS('',1,(#3652,#3653),.UNSPECIFIED.,.F.,.F.,
(2,2),(0.,11.9905154176354),.UNSPECIFIED.);
#1749=B_SPLINE_CURVE_WITH_KNOTS('',1,(#3654,#3655),.UNSPECIFIED.,.F.,.F.,
(2,2),(-2000.,0.),.UNSPECIFIED.);
#1750=B_SPLINE_CURVE_WITH_KNOTS('',1,(#3656,#3657),.UNSPECIFIED.,.F.,.F.,
(2,2),(0.,14.8492424049182),.UNSPECIFIED.);
#1751=B_SPLINE_CURVE_WITH_KNOTS('',1,(#3658,#3659),.UNSPECIFIED.,.F.,.F.,
(2,2),(-8.24747262745672,24.7424261047756),.UNSPECIFIED.);
#1752=B_SPLINE_CURVE_WITH_KNOTS('',1,(#3660,#3661),.UNSPECIFIED.,.F.,.F.,
(2,2),(-2000.,0.),.UNSPECIFIED.);
#1753=B_SPLINE_CURVE_WITH_KNOTS('',1,(#3662,#3663),.UNSPECIFIED.,.F.,.F.,
(2,2),(0.,32.9898987322323),.UNSPECIFIED.);
#1754=B_SPLINE_CURVE_WITH_KNOTS('',1,(#3664,#3665),.UNSPECIFIED.,.F.,.F.,
(2,2),(-2000.,0.),.UNSPECIFIED.);
#1755=B_SPLINE_CURVE_WITH_KNOTS('',1,(#3666,#3667),.UNSPECIFIED.,.F.,.F.,
(2,2),(0.,14.8492424049186),.UNSPECIFIED.);
#1756=B_SPLINE_CURVE_WITH_KNOTS('',1,(#3668,#3669),.UNSPECIFIED.,.F.,.F.,
(2,2),(-31.4335890480115,-19.515453239515),.UNSPECIFIED.);
#1757=B_SPLINE_CURVE_WITH_KNOTS('',1,(#3670,#3671),.UNSPECIFIED.,.F.,.F.,
(2,2),(-2000.,0.),.UNSPECIFIED.);
#1758=B_SPLINE_CURVE_WITH_KNOTS('',1,(#3672,#3673),.UNSPECIFIED.,.F.,.F.,
(2,2),(0.,11.9181358084965),.UNSPECIFIED.);
#1759=B_SPLINE_CURVE_WITH_KNOTS('',3,(#3721,#3722,#3723,#3724,#3725,#3726,
#3727,#3728,#3729,#3730,#3731,#3732,#3733,#3734,#3735,#3736,#3737,#3738,
#3739,#3740,#3741,#3742,#3743,#3744,#3745,#3746,#3747,#3748,#3749,#3750,
#3751,#3752,#3753,#3754,#3755,#3756,#3757,#3758,#3759,#3760,#3761,#3762,
#3763,#3764,#3765,#3766,#3767,#3768,#3769,#3770,#3771,#3772,#3773,#3774,
#3775,#3776,#3777,#3778),.UNSPECIFIED.,.F.,.F.,(4,2,2,2,2,2,2,2,2,2,2,2,
2,2,2,2,2,2,2,2,2,2,2,2,2,2,2,2,4),(39.7490511301794,40.9918203457671,41.6132049535609,
42.2345895613547,43.4773587769423,44.72012799253,47.203227837326,49.686327682122,
52.1695639089071,54.6528001356922,55.8954933233818,57.1381865110714,57.7595331049162,
58.380879698761,59.6235728864506,60.8662600357682,61.487603610427,62.1089471850857,
63.3516343344033,64.5943214837209,67.0775715604938,69.5608216372667,72.0438987621125,
74.5269758869584,75.7697574803082,77.012539073658,77.633929870333,78.2553206670079,
79.4981022603577),.UNSPECIFIED.);
#1760=B_SPLINE_CURVE_WITH_KNOTS('',3,(#3779,#3780,#3781,#3782,#3783,#3784,
#3785,#3786,#3787,#3788,#3789,#3790,#3791,#3792,#3793,#3794,#3795,#3796,
#3797,#3798,#3799,#3800,#3801,#3802,#3803,#3804,#3805,#3806,#3807,#3808,
#3809,#3810,#3811,#3812,#3813,#3814,#3815,#3816,#3817,#3818,#3819,#3820,
#3821,#3822,#3823,#3824,#3825,#3826,#3827,#3828,#3829,#3830,#3831,#3832,
#3833,#3834,#3835,#3836),.UNSPECIFIED.,.F.,.F.,(4,2,2,2,2,2,2,2,2,2,2,2,
2,2,2,2,2,2,2,2,2,2,2,2,2,2,2,2,4),(0.,1.24276917831885,1.86415376747828,
2.4855383566377,3.72830753495656,4.97107671327541,7.45417648286574,9.93727625245608,
12.4205124030617,14.9037485536673,16.1464437587279,17.3891389637885,18.0104865663188,
18.6318341688491,19.8745293739097,21.117214505946,21.7385570719641,22.3598996379823,
23.6025847700185,24.8452699020548,27.3285200548695,29.8117702076842,32.2948474077629,
34.7779246078416,36.0207062384261,37.2634878690105,37.8848786843027,38.506269499595,
39.7490511301794),.UNSPECIFIED.);
#1761=B_SPLINE_CURVE_WITH_KNOTS('',1,(#3837,#3838),.UNSPECIFIED.,.F.,.F.,
(2,2),(2.95664460391704,8.04840699278733),.UNSPECIFIED.);
#1762=B_SPLINE_CURVE_WITH_KNOTS('',3,(#3839,#3840,#3841,#3842,#3843,#3844,
#3845,#3846,#3847,#3848,#3849,#3850,#3851,#3852,#3853,#3854,#3855,#3856,
#3857,#3858,#3859,#3860,#3861,#3862,#3863,#3864,#3865,#3866,#3867,#3868,
#3869,#3870,#3871,#3872,#3873,#3874,#3875,#3876,#3877,#3878,#3879,#3880,
#3881,#3882,#3883,#3884,#3885,#3886,#3887,#3888,#3889,#3890,#3891,#3892,
#3893,#3894,#3895,#3896),.UNSPECIFIED.,.F.,.F.,(4,2,2,2,2,2,2,2,2,2,2,2,
2,2,2,2,2,2,2,2,2,2,2,2,2,2,2,2,4),(39.7490511301783,40.991820345766,41.6132049535598,
42.2345895613536,43.4773587769412,44.7201279925289,47.2032278373248,49.6863276821208,
52.1695639089058,54.6528001356909,55.8954933233805,57.1381865110702,57.759533104915,
58.3808796987598,59.6235728864495,60.8662600357671,61.4876036104259,62.1089471850847,
63.3516343344022,64.5943214837199,67.0775715604929,69.5608216372659,72.0438987621119,
74.5269758869579,75.7697574803079,77.0125390736578,77.6339298703328,78.2553206670078,
79.4981022603577),.UNSPECIFIED.);
#1763=B_SPLINE_CURVE_WITH_KNOTS('',3,(#3897,#3898,#3899,#3900,#3901,#3902,
#3903,#3904,#3905,#3906,#3907,#3908,#3909,#3910,#3911,#3912,#3913,#3914,
#3915,#3916,#3917,#3918,#3919,#3920,#3921,#3922,#3923,#3924,#3925,#3926,
#3927,#3928,#3929,#3930,#3931,#3932,#3933,#3934,#3935,#3936,#3937,#3938,
#3939,#3940,#3941,#3942,#3943,#3944,#3945,#3946,#3947,#3948,#3949,#3950,
#3951,#3952,#3953,#3954),.UNSPECIFIED.,.F.,.F.,(4,2,2,2,2,2,2,2,2,2,2,2,
2,2,2,2,2,2,2,2,2,2,2,2,2,2,2,2,4),(0.,1.24276917831873,1.8641537674781,
2.48553835663747,3.7283075349562,4.97107671327494,7.45417648286506,9.93727625245518,
12.4205124030605,14.9037485536659,16.1464437587264,17.389138963787,18.0104865663172,
18.6318341688475,19.874529373908,21.1172145059443,21.7385570719624,22.3598996379806,
23.6025847700168,24.8452699020531,27.3285200548679,29.8117702076827,32.2948474077615,
34.7779246078403,36.0207062384248,37.2634878690093,37.8848786843016,38.5062694995938,
39.7490511301783),.UNSPECIFIED.);
#1764=B_SPLINE_CURVE_WITH_KNOTS('',1,(#3955,#3956),.UNSPECIFIED.,.F.,.F.,
(2,2),(0.0100021498129037,5.1017645386832),.UNSPECIFIED.);
#1765=B_SPLINE_CURVE_WITH_KNOTS('',1,(#3969,#3970),.UNSPECIFIED.,.F.,.F.,
(2,2),(0.010005299265714,91.0099999667266),.UNSPECIFIED.);
#1766=B_SPLINE_CURVE_WITH_KNOTS('',1,(#3983,#3984),.UNSPECIFIED.,.F.,.F.,
(2,2),(0.0100059085770461,91.0100005760379),.UNSPECIFIED.);
#1767=B_SPLINE_CURVE_WITH_KNOTS('',1,(#3997,#3998),.UNSPECIFIED.,.F.,.F.,
(2,2),(0.0100106650813436,10.0100159976216),.UNSPECIFIED.);
#1768=B_SPLINE_CURVE_WITH_KNOTS('',3,(#3999,#4000,#4001,#4002,#4003,#4004,
#4005,#4006,#4007,#4008,#4009,#4010,#4011,#4012,#4013,#4014,#4015,#4016,
#4017,#4018,#4019,#4020,#4021,#4022,#4023,#4024,#4025,#4026,#4027,#4028),
 .UNSPECIFIED.,.F.,.F.,(4,2,2,2,2,2,2,2,2,2,2,2,2,2,4),(0.,2.50549905415418,
5.01099810830836,9.99201926328728,12.4897215431211,14.987423822955,17.4942419235627,
20.0010600241704,22.5078785783481,25.0146971325259,27.5123989520826,30.0101007716394,
34.9911230896168,37.4966215748452,40.0021194627163),.UNSPECIFIED.);
#1769=B_SPLINE_CURVE_WITH_KNOTS('',3,(#4029,#4030,#4031,#4032,#4033,#4034,
#4035,#4036,#4037,#4038,#4039,#4040,#4041,#4042,#4043,#4044,#4045,#4046,
#4047,#4048,#4049,#4050,#4051,#4052,#4053,#4054,#4055,#4056,#4057,#4058),
 .UNSPECIFIED.,.F.,.F.,(4,2,2,2,2,2,2,2,2,2,2,2,2,2,4),(40.0021194627163,
42.5076179560633,45.0131170467679,49.9941383030057,52.4918406137088,54.989542924412,
57.496361062165,60.003179199918,62.5099977918307,65.0168163837435,67.5145182470281,
70.0122201103128,74.9932424757604,77.4987409992752,80.0042389254326),
 .UNSPECIFIED.);
#1770=B_SPLINE_CURVE_WITH_KNOTS('',3,(#4059,#4060,#4061,#4062,#4063,#4064,
#4065,#4066,#4067,#4068,#4069,#4070,#4071,#4072,#4073,#4074,#4075,#4076,
#4077,#4078,#4079,#4080,#4081,#4082,#4083,#4084,#4085,#4086,#4087,#4088),
 .UNSPECIFIED.,.F.,.F.,(4,2,2,2,2,2,2,2,2,2,2,2,2,2,4),(0.,2.50549901673913,
5.01099803347826,9.99201911405285,12.4897213565939,14.9874235991349,17.4942416623228,
20.0010597255106,22.5078782422567,25.0146967590028,27.5123985412503,30.0101003234979,
34.9911225670979,37.4966210149071,40.0021194627163),.UNSPECIFIED.);
#1771=B_SPLINE_CURVE_WITH_KNOTS('',3,(#4089,#4090,#4091,#4092,#4093,#4094,
#4095,#4096,#4097,#4098,#4099,#4100,#4101,#4102,#4103,#4104,#4105,#4106,
#4107,#4108,#4109,#4110,#4111,#4112,#4113,#4114,#4115,#4116,#4117,#4118),
 .UNSPECIFIED.,.F.,.F.,(4,2,2,2,2,2,2,2,2,2,2,2,2,2,4),(40.0021194627163,
42.5076184785938,45.0131174944713,49.9941386019446,52.4918408380567,54.9895430741688,
57.4963611370537,60.0031791999386,62.5099977169688,65.016816233999,67.5145180226763,
70.0122198113536,74.9932420280622,77.4987404767474,80.0042389254326),
 .UNSPECIFIED.);
#1772=B_SPLINE_CURVE_WITH_KNOTS('',1,(#4131,#4132),.UNSPECIFIED.,.F.,.F.,
(2,2),(0.0100031263924443,200.010003126393),.UNSPECIFIED.);
#1773=B_SPLINE_CURVE_WITH_KNOTS('',1,(#4145,#4146),.UNSPECIFIED.,.F.,.F.,
(2,2),(0.0100036748822987,200.010003674883),.UNSPECIFIED.);
#1774=B_SPLINE_CURVE_WITH_KNOTS('',1,(#4224,#4225),.UNSPECIFIED.,.F.,.F.,
(2,2),(-23.3363123549501,-8.48706995003147),.UNSPECIFIED.);
#1775=B_SPLINE_CURVE_WITH_KNOTS('',1,(#4226,#4227),.UNSPECIFIED.,.F.,.F.,
(2,2),(15.9116882454305,30.7609306503487),.UNSPECIFIED.);
#1776=B_SPLINE_CURVE_WITH_KNOTS('',1,(#4228,#4229),.UNSPECIFIED.,.F.,.F.,
(2,2),(-23.3363094478914,-8.4870670429728),.UNSPECIFIED.);
#1777=B_SPLINE_CURVE_WITH_KNOTS('',1,(#4230,#4231),.UNSPECIFIED.,.F.,.F.,
(2,2),(15.9116911524908,30.760933557409),.UNSPECIFIED.);
#1778=B_SPLINE_CURVE_WITH_KNOTS('',1,(#4232,#4233),.UNSPECIFIED.,.F.,.F.,
(2,2),(-23.3363065408313,-8.48706413591265),.UNSPECIFIED.);
#1779=B_SPLINE_CURVE_WITH_KNOTS('',1,(#4234,#4235),.UNSPECIFIED.,.F.,.F.,
(2,2),(15.9116882454319,30.7609306503501),.UNSPECIFIED.);
#1780=B_SPLINE_CURVE_WITH_KNOTS('',1,(#4236,#4237),.UNSPECIFIED.,.F.,.F.,
(2,2),(-23.33630944789,-8.48706704297131),.UNSPECIFIED.);
#1781=B_SPLINE_CURVE_WITH_KNOTS('',1,(#4238,#4239),.UNSPECIFIED.,.F.,.F.,
(2,2),(15.9116853383717,30.7609277432899),.UNSPECIFIED.);
#1782=B_SPLINE_CURVE_WITH_KNOTS('',1,(#4240,#4241),.UNSPECIFIED.,.F.,.F.,
(2,2),(25.2846710464284,37.2751864640584),.UNSPECIFIED.);
#1783=B_SPLINE_CURVE_WITH_KNOTS('',1,(#4242,#4243),.UNSPECIFIED.,.F.,.F.,
(2,2),(-2000.,0.),.UNSPECIFIED.);
#1784=B_SPLINE_CURVE_WITH_KNOTS('',1,(#4244,#4245),.UNSPECIFIED.,.F.,.F.,
(2,2),(0.,11.9905154176301),.UNSPECIFIED.);
#1785=B_SPLINE_CURVE_WITH_KNOTS('',1,(#4246,#4247),.UNSPECIFIED.,.F.,.F.,
(2,2),(0.,2000.),.UNSPECIFIED.);
#1786=B_SPLINE_CURVE_WITH_KNOTS('',1,(#4248,#4249),.UNSPECIFIED.,.F.,.F.,
(2,2),(-2000.,0.),.UNSPECIFIED.);
#1787=B_SPLINE_CURVE_WITH_KNOTS('',1,(#4250,#4251),.UNSPECIFIED.,.F.,.F.,
(2,2),(0.,14.8492424049182),.UNSPECIFIED.);
#1788=B_SPLINE_CURVE_WITH_KNOTS('',1,(#4252,#4253),.UNSPECIFIED.,.F.,.F.,
(2,2),(-8.2474726274578,24.7424261047743),.UNSPECIFIED.);
#1789=B_SPLINE_CURVE_WITH_KNOTS('',1,(#4254,#4255),.UNSPECIFIED.,.F.,.F.,
(2,2),(-2000.,0.),.UNSPECIFIED.);
#1790=B_SPLINE_CURVE_WITH_KNOTS('',1,(#4256,#4257),.UNSPECIFIED.,.F.,.F.,
(2,2),(0.,32.9898987322321),.UNSPECIFIED.);
#1791=B_SPLINE_CURVE_WITH_KNOTS('',1,(#4258,#4259),.UNSPECIFIED.,.F.,.F.,
(2,2),(-2000.,0.),.UNSPECIFIED.);
#1792=B_SPLINE_CURVE_WITH_KNOTS('',1,(#4260,#4261),.UNSPECIFIED.,.F.,.F.,
(2,2),(0.,14.8492424049186),.UNSPECIFIED.);
#1793=B_SPLINE_CURVE_WITH_KNOTS('',1,(#4262,#4263),.UNSPECIFIED.,.F.,.F.,
(2,2),(-31.4335930263953,-19.5154572179044),.UNSPECIFIED.);
#1794=B_SPLINE_CURVE_WITH_KNOTS('',1,(#4264,#4265),.UNSPECIFIED.,.F.,.F.,
(2,2),(-2000.,0.),.UNSPECIFIED.);
#1795=B_SPLINE_CURVE_WITH_KNOTS('',1,(#4266,#4267),.UNSPECIFIED.,.F.,.F.,
(2,2),(0.,11.9181358084909),.UNSPECIFIED.);
#1796=B_SPLINE_CURVE_WITH_KNOTS('',1,(#4271,#4272),.UNSPECIFIED.,.F.,.F.,
(2,2),(-2000.,0.),.UNSPECIFIED.);
#1797=B_SPLINE_CURVE_WITH_KNOTS('',1,(#4276,#4277),.UNSPECIFIED.,.F.,.F.,
(2,2),(25.2846699823527,37.2751853999881),.UNSPECIFIED.);
#1798=B_SPLINE_CURVE_WITH_KNOTS('',1,(#4278,#4279),.UNSPECIFIED.,.F.,.F.,
(2,2),(-2000.,0.),.UNSPECIFIED.);
#1799=B_SPLINE_CURVE_WITH_KNOTS('',1,(#4280,#4281),.UNSPECIFIED.,.F.,.F.,
(2,2),(0.,11.9905154176354),.UNSPECIFIED.);
#1800=B_SPLINE_CURVE_WITH_KNOTS('',1,(#4282,#4283),.UNSPECIFIED.,.F.,.F.,
(2,2),(-2000.,0.),.UNSPECIFIED.);
#1801=B_SPLINE_CURVE_WITH_KNOTS('',1,(#4284,#4285),.UNSPECIFIED.,.F.,.F.,
(2,2),(0.,14.8492424049182),.UNSPECIFIED.);
#1802=B_SPLINE_CURVE_WITH_KNOTS('',1,(#4286,#4287),.UNSPECIFIED.,.F.,.F.,
(2,2),(-8.24747673866053,24.7424219935718),.UNSPECIFIED.);
#1803=B_SPLINE_CURVE_WITH_KNOTS('',1,(#4288,#4289),.UNSPECIFIED.,.F.,.F.,
(2,2),(-2000.,0.),.UNSPECIFIED.);
#1804=B_SPLINE_CURVE_WITH_KNOTS('',1,(#4290,#4291),.UNSPECIFIED.,.F.,.F.,
(2,2),(0.,32.9898987322323),.UNSPECIFIED.);
#1805=B_SPLINE_CURVE_WITH_KNOTS('',1,(#4292,#4293),.UNSPECIFIED.,.F.,.F.,
(2,2),(-2000.,0.),.UNSPECIFIED.);
#1806=B_SPLINE_CURVE_WITH_KNOTS('',1,(#4294,#4295),.UNSPECIFIED.,.F.,.F.,
(2,2),(0.,14.8492424049186),.UNSPECIFIED.);
#1807=B_SPLINE_CURVE_WITH_KNOTS('',1,(#4296,#4297),.UNSPECIFIED.,.F.,.F.,
(2,2),(-31.4335940629855,-19.515458254489),.UNSPECIFIED.);
#1808=B_SPLINE_CURVE_WITH_KNOTS('',1,(#4298,#4299),.UNSPECIFIED.,.F.,.F.,
(2,2),(-2000.,0.),.UNSPECIFIED.);
#1809=B_SPLINE_CURVE_WITH_KNOTS('',1,(#4300,#4301),.UNSPECIFIED.,.F.,.F.,
(2,2),(0.,11.9181358084965),.UNSPECIFIED.);
#1810=B_SPLINE_CURVE_WITH_KNOTS('',1,(#4305,#4306),.UNSPECIFIED.,.F.,.F.,
(2,2),(25.2846660112359,37.2751814288713),.UNSPECIFIED.);
#1811=B_SPLINE_CURVE_WITH_KNOTS('',1,(#4307,#4308),.UNSPECIFIED.,.F.,.F.,
(2,2),(-2000.,0.),.UNSPECIFIED.);
#1812=B_SPLINE_CURVE_WITH_KNOTS('',1,(#4309,#4310),.UNSPECIFIED.,.F.,.F.,
(2,2),(0.,11.9905154176354),.UNSPECIFIED.);
#1813=B_SPLINE_CURVE_WITH_KNOTS('',1,(#4311,#4312),.UNSPECIFIED.,.F.,.F.,
(2,2),(-2000.,0.),.UNSPECIFIED.);
#1814=B_SPLINE_CURVE_WITH_KNOTS('',1,(#4313,#4314),.UNSPECIFIED.,.F.,.F.,
(2,2),(-2000.,0.),.UNSPECIFIED.);
#1815=B_SPLINE_CURVE_WITH_KNOTS('',1,(#4315,#4316),.UNSPECIFIED.,.F.,.F.,
(2,2),(0.,14.8492424049182),.UNSPECIFIED.);
#1816=B_SPLINE_CURVE_WITH_KNOTS('',1,(#4317,#4318),.UNSPECIFIED.,.F.,.F.,
(2,2),(-8.24747673865972,24.7424219935724),.UNSPECIFIED.);
#1817=B_SPLINE_CURVE_WITH_KNOTS('',1,(#4319,#4320),.UNSPECIFIED.,.F.,.F.,
(2,2),(-2000.,0.),.UNSPECIFIED.);
#1818=B_SPLINE_CURVE_WITH_KNOTS('',1,(#4321,#4322),.UNSPECIFIED.,.F.,.F.,
(2,2),(0.,32.9898987322321),.UNSPECIFIED.);
#1819=B_SPLINE_CURVE_WITH_KNOTS('',1,(#4323,#4324),.UNSPECIFIED.,.F.,.F.,
(2,2),(-2000.,0.),.UNSPECIFIED.);
#1820=B_SPLINE_CURVE_WITH_KNOTS('',1,(#4325,#4326),.UNSPECIFIED.,.F.,.F.,
(2,2),(0.,14.8492424049186),.UNSPECIFIED.);
#1821=B_SPLINE_CURVE_WITH_KNOTS('',1,(#4327,#4328),.UNSPECIFIED.,.F.,.F.,
(2,2),(-31.4335900846252,-19.5154542761357),.UNSPECIFIED.);
#1822=B_SPLINE_CURVE_WITH_KNOTS('',1,(#4329,#4330),.UNSPECIFIED.,.F.,.F.,
(2,2),(-2000.,0.),.UNSPECIFIED.);
#1823=B_SPLINE_CURVE_WITH_KNOTS('',1,(#4331,#4332),.UNSPECIFIED.,.F.,.F.,
(2,2),(0.,11.9181358084895),.UNSPECIFIED.);
#1824=B_SPLINE_CURVE_WITH_KNOTS('',1,(#4336,#4337),.UNSPECIFIED.,.F.,.F.,
(2,2),(-2000.,0.),.UNSPECIFIED.);
#1825=B_SPLINE_CURVE_WITH_KNOTS('',1,(#4341,#4342),.UNSPECIFIED.,.F.,.F.,
(2,2),(25.2846670752945,37.2751824929299),.UNSPECIFIED.);
#1826=B_SPLINE_CURVE_WITH_KNOTS('',1,(#4343,#4344),.UNSPECIFIED.,.F.,.F.,
(2,2),(-2000.,0.),.UNSPECIFIED.);
#1827=B_SPLINE_CURVE_WITH_KNOTS('',1,(#4345,#4346),.UNSPECIFIED.,.F.,.F.,
(2,2),(0.,11.9905154176354),.UNSPECIFIED.);
#1828=B_SPLINE_CURVE_WITH_KNOTS('',1,(#4347,#4348),.UNSPECIFIED.,.F.,.F.,
(2,2),(-2000.,0.),.UNSPECIFIED.);
#1829=B_SPLINE_CURVE_WITH_KNOTS('',1,(#4349,#4350),.UNSPECIFIED.,.F.,.F.,
(2,2),(0.,14.8492424049182),.UNSPECIFIED.);
#1830=B_SPLINE_CURVE_WITH_KNOTS('',1,(#4351,#4352),.UNSPECIFIED.,.F.,.F.,
(2,2),(-8.24747262745672,24.7424261047756),.UNSPECIFIED.);
#1831=B_SPLINE_CURVE_WITH_KNOTS('',1,(#4353,#4354),.UNSPECIFIED.,.F.,.F.,
(2,2),(-2000.,0.),.UNSPECIFIED.);
#1832=B_SPLINE_CURVE_WITH_KNOTS('',1,(#4355,#4356),.UNSPECIFIED.,.F.,.F.,
(2,2),(0.,32.9898987322323),.UNSPECIFIED.);
#1833=B_SPLINE_CURVE_WITH_KNOTS('',1,(#4357,#4358),.UNSPECIFIED.,.F.,.F.,
(2,2),(-2000.,0.),.UNSPECIFIED.);
#1834=B_SPLINE_CURVE_WITH_KNOTS('',1,(#4359,#4360),.UNSPECIFIED.,.F.,.F.,
(2,2),(0.,14.8492424049186),.UNSPECIFIED.);
#1835=B_SPLINE_CURVE_WITH_KNOTS('',1,(#4361,#4362),.UNSPECIFIED.,.F.,.F.,
(2,2),(-31.4335890480115,-19.515453239515),.UNSPECIFIED.);
#1836=B_SPLINE_CURVE_WITH_KNOTS('',1,(#4363,#4364),.UNSPECIFIED.,.F.,.F.,
(2,2),(-2000.,0.),.UNSPECIFIED.);
#1837=B_SPLINE_CURVE_WITH_KNOTS('',1,(#4365,#4366),.UNSPECIFIED.,.F.,.F.,
(2,2),(0.,11.9181358084965),.UNSPECIFIED.);
#1838=(
BOUNDED_CURVE()
B_SPLINE_CURVE(3,(#2900,#2901,#2902,#2903,#2904,#2905,#2906),
 .UNSPECIFIED.,.F.,.F.)
B_SPLINE_CURVE_WITH_KNOTS((4,3,4),(-65.979759325573,-64.9797590871544,-63.979759325573),
 .UNSPECIFIED.)
CURVE()
GEOMETRIC_REPRESENTATION_ITEM()
RATIONAL_B_SPLINE_CURVE((1.,1.,1.,1.,1.,1.,1.))
REPRESENTATION_ITEM('')
);
#1839=(
BOUNDED_CURVE()
B_SPLINE_CURVE(3,(#2909,#2910,#2911,#2912,#2913,#2914,#2915),
 .UNSPECIFIED.,.F.,.F.)
B_SPLINE_CURVE_WITH_KNOTS((4,3,4),(63.979759325573,64.9797590871544,65.979759325573),
 .UNSPECIFIED.)
CURVE()
GEOMETRIC_REPRESENTATION_ITEM()
RATIONAL_B_SPLINE_CURVE((1.,1.,1.,1.,1.,1.,1.))
REPRESENTATION_ITEM('')
);
#1840=(
BOUNDED_CURVE()
B_SPLINE_CURVE(1,(#2924,#2925),.UNSPECIFIED.,.F.,.F.)
B_SPLINE_CURVE_WITH_KNOTS((2,2),(-75.9827906142491,0.),.UNSPECIFIED.)
CURVE()
GEOMETRIC_REPRESENTATION_ITEM()
RATIONAL_B_SPLINE_CURVE((1.,1.))
REPRESENTATION_ITEM('')
);
#1841=(
BOUNDED_CURVE()
B_SPLINE_CURVE(3,(#2926,#2927,#2928,#2929),.UNSPECIFIED.,.F.,.F.)
B_SPLINE_CURVE_WITH_KNOTS((4,4),(-62.6178144004859,-61.6178144004859),
 .UNSPECIFIED.)
CURVE()
GEOMETRIC_REPRESENTATION_ITEM()
RATIONAL_B_SPLINE_CURVE((1.,1.,1.,1.))
REPRESENTATION_ITEM('')
);
#1842=(
BOUNDED_CURVE()
B_SPLINE_CURVE(3,(#2930,#2931,#2932,#2933),.UNSPECIFIED.,.F.,.F.)
B_SPLINE_CURVE_WITH_KNOTS((4,4),(61.6178144004859,62.6178144004859),
 .UNSPECIFIED.)
CURVE()
GEOMETRIC_REPRESENTATION_ITEM()
RATIONAL_B_SPLINE_CURVE((1.,1.,1.,1.))
REPRESENTATION_ITEM('')
);
#1843=(
BOUNDED_CURVE()
B_SPLINE_CURVE(1,(#2942,#2943),.UNSPECIFIED.,.F.,.F.)
B_SPLINE_CURVE_WITH_KNOTS((2,2),(-75.9827906142491,0.),.UNSPECIFIED.)
CURVE()
GEOMETRIC_REPRESENTATION_ITEM()
RATIONAL_B_SPLINE_CURVE((1.,1.))
REPRESENTATION_ITEM('')
);
#1844=(
BOUNDED_CURVE()
B_SPLINE_CURVE(3,(#2944,#2945,#2946,#2947,#2948,#2949,#2950),
 .UNSPECIFIED.,.F.,.F.)
B_SPLINE_CURVE_WITH_KNOTS((4,3,4),(-60.2558401257961,-59.2558401257961,
-58.2558401257961),.UNSPECIFIED.)
CURVE()
GEOMETRIC_REPRESENTATION_ITEM()
RATIONAL_B_SPLINE_CURVE((1.,1.,1.,1.,1.,1.,1.))
REPRESENTATION_ITEM('')
);
#1845=(
BOUNDED_CURVE()
B_SPLINE_CURVE(3,(#2951,#2952,#2953,#2954,#2955,#2956,#2957),
 .UNSPECIFIED.,.F.,.F.)
B_SPLINE_CURVE_WITH_KNOTS((4,3,4),(58.2558401257961,59.2558401257961,60.2558401257961),
 .UNSPECIFIED.)
CURVE()
GEOMETRIC_REPRESENTATION_ITEM()
RATIONAL_B_SPLINE_CURVE((1.,1.,1.,1.,1.,1.,1.))
REPRESENTATION_ITEM('')
);
#1846=(
BOUNDED_CURVE()
B_SPLINE_CURVE(1,(#2966,#2967),.UNSPECIFIED.,.F.,.F.)
B_SPLINE_CURVE_WITH_KNOTS((2,2),(-75.9827906142491,0.),.UNSPECIFIED.)
CURVE()
GEOMETRIC_REPRESENTATION_ITEM()
RATIONAL_B_SPLINE_CURVE((1.,1.))
REPRESENTATION_ITEM('')
);
#1847=(
BOUNDED_CURVE()
B_SPLINE_CURVE(1,(#2978,#2979),.UNSPECIFIED.,.F.,.F.)
B_SPLINE_CURVE_WITH_KNOTS((2,2),(-75.9827906142509,0.),.UNSPECIFIED.)
CURVE()
GEOMETRIC_REPRESENTATION_ITEM()
RATIONAL_B_SPLINE_CURVE((1.,1.))
REPRESENTATION_ITEM('')
);
#1848=(
BOUNDED_CURVE()
B_SPLINE_CURVE(3,(#2980,#2981,#2982,#2983),.UNSPECIFIED.,.F.,.F.)
B_SPLINE_CURVE_WITH_KNOTS((4,4),(44.7320472360769,50.4444216107745),
 .UNSPECIFIED.)
CURVE()
GEOMETRIC_REPRESENTATION_ITEM()
RATIONAL_B_SPLINE_CURVE((1.,1.,1.,1.))
REPRESENTATION_ITEM('')
);
#1849=(
BOUNDED_CURVE()
B_SPLINE_CURVE(3,(#2984,#2985,#2986,#2987),.UNSPECIFIED.,.F.,.F.)
B_SPLINE_CURVE_WITH_KNOTS((4,4),(-50.4444216107745,-44.7320472360769),
 .UNSPECIFIED.)
CURVE()
GEOMETRIC_REPRESENTATION_ITEM()
RATIONAL_B_SPLINE_CURVE((1.,1.,1.,1.))
REPRESENTATION_ITEM('')
);
#1850=(
BOUNDED_CURVE()
B_SPLINE_CURVE(1,(#2988,#2989),.UNSPECIFIED.,.F.,.F.)
B_SPLINE_CURVE_WITH_KNOTS((2,2),(-75.9827906142491,0.),.UNSPECIFIED.)
CURVE()
GEOMETRIC_REPRESENTATION_ITEM()
RATIONAL_B_SPLINE_CURVE((1.,1.))
REPRESENTATION_ITEM('')
);
#1851=(
BOUNDED_CURVE()
B_SPLINE_CURVE(1,(#2996,#2997),.UNSPECIFIED.,.F.,.F.)
B_SPLINE_CURVE_WITH_KNOTS((2,2),(-75.9827906142491,0.),.UNSPECIFIED.)
CURVE()
GEOMETRIC_REPRESENTATION_ITEM()
RATIONAL_B_SPLINE_CURVE((1.,1.))
REPRESENTATION_ITEM('')
);
#1852=(
BOUNDED_CURVE()
B_SPLINE_CURVE(3,(#2998,#2999,#3000,#3001,#3002,#3003,#3004),
 .UNSPECIFIED.,.F.,.F.)
B_SPLINE_CURVE_WITH_KNOTS((4,3,4),(-43.9863180685499,-42.9863178301313,
-41.9863180685499),.UNSPECIFIED.)
CURVE()
GEOMETRIC_REPRESENTATION_ITEM()
RATIONAL_B_SPLINE_CURVE((1.,1.,1.,1.,1.,1.,1.))
REPRESENTATION_ITEM('')
);
#1853=(
BOUNDED_CURVE()
B_SPLINE_CURVE(3,(#3005,#3006,#3007,#3008,#3009,#3010,#3011),
 .UNSPECIFIED.,.F.,.F.)
B_SPLINE_CURVE_WITH_KNOTS((4,3,4),(41.9863180685499,42.9863178301313,43.9863180685499),
 .UNSPECIFIED.)
CURVE()
GEOMETRIC_REPRESENTATION_ITEM()
RATIONAL_B_SPLINE_CURVE((1.,1.,1.,1.,1.,1.,1.))
REPRESENTATION_ITEM('')
);
#1854=(
BOUNDED_CURVE()
B_SPLINE_CURVE(1,(#3020,#3021),.UNSPECIFIED.,.F.,.F.)
B_SPLINE_CURVE_WITH_KNOTS((2,2),(-75.9827906142491,0.),.UNSPECIFIED.)
CURVE()
GEOMETRIC_REPRESENTATION_ITEM()
RATIONAL_B_SPLINE_CURVE((1.,1.))
REPRESENTATION_ITEM('')
);
#1855=(
BOUNDED_CURVE()
B_SPLINE_CURVE(3,(#3022,#3023,#3024,#3025),.UNSPECIFIED.,.F.,.F.)
B_SPLINE_CURVE_WITH_KNOTS((4,4),(-40.6244478065049,-39.6244478065049),
 .UNSPECIFIED.)
CURVE()
GEOMETRIC_REPRESENTATION_ITEM()
RATIONAL_B_SPLINE_CURVE((1.,1.,1.,1.))
REPRESENTATION_ITEM('')
);
#1856=(
BOUNDED_CURVE()
B_SPLINE_CURVE(3,(#3026,#3027,#3028,#3029),.UNSPECIFIED.,.F.,.F.)
B_SPLINE_CURVE_WITH_KNOTS((4,4),(39.6244478065049,40.6244478065049),
 .UNSPECIFIED.)
CURVE()
GEOMETRIC_REPRESENTATION_ITEM()
RATIONAL_B_SPLINE_CURVE((1.,1.,1.,1.))
REPRESENTATION_ITEM('')
);
#1857=(
BOUNDED_CURVE()
B_SPLINE_CURVE(1,(#3038,#3039),.UNSPECIFIED.,.F.,.F.)
B_SPLINE_CURVE_WITH_KNOTS((2,2),(-75.9827906142491,0.),.UNSPECIFIED.)
CURVE()
GEOMETRIC_REPRESENTATION_ITEM()
RATIONAL_B_SPLINE_CURVE((1.,1.))
REPRESENTATION_ITEM('')
);
#1858=(
BOUNDED_CURVE()
B_SPLINE_CURVE(3,(#3040,#3041,#3042,#3043,#3044,#3045,#3046),
 .UNSPECIFIED.,.F.,.F.)
B_SPLINE_CURVE_WITH_KNOTS((4,3,4),(-38.2626805773248,-37.2626806965341,
-36.2626805773248),.UNSPECIFIED.)
CURVE()
GEOMETRIC_REPRESENTATION_ITEM()
RATIONAL_B_SPLINE_CURVE((1.,1.,1.,1.,1.,1.,1.))
REPRESENTATION_ITEM('')
);
#1859=(
BOUNDED_CURVE()
B_SPLINE_CURVE(3,(#3047,#3048,#3049,#3050,#3051,#3052,#3053),
 .UNSPECIFIED.,.F.,.F.)
B_SPLINE_CURVE_WITH_KNOTS((4,3,4),(36.2626805773248,37.2626805773248,38.2626805773248),
 .UNSPECIFIED.)
CURVE()
GEOMETRIC_REPRESENTATION_ITEM()
RATIONAL_B_SPLINE_CURVE((1.,1.,1.,1.,1.,1.,1.))
REPRESENTATION_ITEM('')
);
#1860=(
BOUNDED_CURVE()
B_SPLINE_CURVE(1,(#3062,#3063),.UNSPECIFIED.,.F.,.F.)
B_SPLINE_CURVE_WITH_KNOTS((2,2),(-75.9827906142491,0.),.UNSPECIFIED.)
CURVE()
GEOMETRIC_REPRESENTATION_ITEM()
RATIONAL_B_SPLINE_CURVE((1.,1.))
REPRESENTATION_ITEM('')
);
#1861=(
BOUNDED_CURVE()
B_SPLINE_CURVE(1,(#3074,#3075),.UNSPECIFIED.,.F.,.F.)
B_SPLINE_CURVE_WITH_KNOTS((2,2),(-75.98279061425,0.),.UNSPECIFIED.)
CURVE()
GEOMETRIC_REPRESENTATION_ITEM()
RATIONAL_B_SPLINE_CURVE((1.,1.))
REPRESENTATION_ITEM('')
);
#1862=(
BOUNDED_CURVE()
B_SPLINE_CURVE(1,(#3092,#3093),.UNSPECIFIED.,.F.,.F.)
B_SPLINE_CURVE_WITH_KNOTS((2,2),(-75.9827906142491,0.),.UNSPECIFIED.)
CURVE()
GEOMETRIC_REPRESENTATION_ITEM()
RATIONAL_B_SPLINE_CURVE((1.,1.))
REPRESENTATION_ITEM('')
);
#1863=(
BOUNDED_CURVE()
B_SPLINE_CURVE(3,(#3094,#3095,#3096,#3097,#3098,#3099,#3100),
 .UNSPECIFIED.,.F.,.F.)
B_SPLINE_CURVE_WITH_KNOTS((4,3,4),(-21.9931584988621,-20.9931586180714,
-19.9931584988621),.UNSPECIFIED.)
CURVE()
GEOMETRIC_REPRESENTATION_ITEM()
RATIONAL_B_SPLINE_CURVE((1.,1.,1.,1.,1.,1.,1.))
REPRESENTATION_ITEM('')
);
#1864=(
BOUNDED_CURVE()
B_SPLINE_CURVE(3,(#3101,#3102,#3103,#3104,#3105,#3106,#3107),
 .UNSPECIFIED.,.F.,.F.)
B_SPLINE_CURVE_WITH_KNOTS((4,3,4),(19.9931584988621,20.9931584988621,21.9931584988621),
 .UNSPECIFIED.)
CURVE()
GEOMETRIC_REPRESENTATION_ITEM()
RATIONAL_B_SPLINE_CURVE((1.,1.,1.,1.,1.,1.,1.))
REPRESENTATION_ITEM('')
);
#1865=(
BOUNDED_CURVE()
B_SPLINE_CURVE(1,(#3116,#3117),.UNSPECIFIED.,.F.,.F.)
B_SPLINE_CURVE_WITH_KNOTS((2,2),(-75.9827906142491,0.),.UNSPECIFIED.)
CURVE()
GEOMETRIC_REPRESENTATION_ITEM()
RATIONAL_B_SPLINE_CURVE((1.,1.))
REPRESENTATION_ITEM('')
);
#1866=(
BOUNDED_CURVE()
B_SPLINE_CURVE(3,(#3118,#3119,#3120,#3121),.UNSPECIFIED.,.F.,.F.)
B_SPLINE_CURVE_WITH_KNOTS((4,4),(-18.6313926846885,-17.6313926846885),
 .UNSPECIFIED.)
CURVE()
GEOMETRIC_REPRESENTATION_ITEM()
RATIONAL_B_SPLINE_CURVE((1.,1.,1.,1.))
REPRESENTATION_ITEM('')
);
#1867=(
BOUNDED_CURVE()
B_SPLINE_CURVE(3,(#3122,#3123,#3124,#3125),.UNSPECIFIED.,.F.,.F.)
B_SPLINE_CURVE_WITH_KNOTS((4,4),(17.6313926846885,18.6313926846885),
 .UNSPECIFIED.)
CURVE()
GEOMETRIC_REPRESENTATION_ITEM()
RATIONAL_B_SPLINE_CURVE((1.,1.,1.,1.))
REPRESENTATION_ITEM('')
);
#1868=(
BOUNDED_CURVE()
B_SPLINE_CURVE(1,(#3134,#3135),.UNSPECIFIED.,.F.,.F.)
B_SPLINE_CURVE_WITH_KNOTS((2,2),(-75.9827906142491,0.),.UNSPECIFIED.)
CURVE()
GEOMETRIC_REPRESENTATION_ITEM()
RATIONAL_B_SPLINE_CURVE((1.,1.))
REPRESENTATION_ITEM('')
);
#1869=(
BOUNDED_CURVE()
B_SPLINE_CURVE(3,(#3136,#3137,#3138,#3139,#3140,#3141,#3142),
 .UNSPECIFIED.,.F.,.F.)
B_SPLINE_CURVE_WITH_KNOTS((4,3,4),(-16.2695220613289,-15.2695221805382,
-14.2695220613289),.UNSPECIFIED.)
CURVE()
GEOMETRIC_REPRESENTATION_ITEM()
RATIONAL_B_SPLINE_CURVE((1.,1.,1.,1.,1.,1.,1.))
REPRESENTATION_ITEM('')
);
#1870=(
BOUNDED_CURVE()
B_SPLINE_CURVE(3,(#3143,#3144,#3145,#3146,#3147,#3148,#3149),
 .UNSPECIFIED.,.F.,.F.)
B_SPLINE_CURVE_WITH_KNOTS((4,3,4),(14.2695220613289,15.2695220613289,16.2695220613289),
 .UNSPECIFIED.)
CURVE()
GEOMETRIC_REPRESENTATION_ITEM()
RATIONAL_B_SPLINE_CURVE((1.,1.,1.,1.,1.,1.,1.))
REPRESENTATION_ITEM('')
);
#1871=(
BOUNDED_CURVE()
B_SPLINE_CURVE(1,(#3158,#3159),.UNSPECIFIED.,.F.,.F.)
B_SPLINE_CURVE_WITH_KNOTS((2,2),(-75.9827906142491,0.),.UNSPECIFIED.)
CURVE()
GEOMETRIC_REPRESENTATION_ITEM()
RATIONAL_B_SPLINE_CURVE((1.,1.))
REPRESENTATION_ITEM('')
);
#1872=(
BOUNDED_CURVE()
B_SPLINE_CURVE(1,(#3173,#3174),.UNSPECIFIED.,.F.,.F.)
B_SPLINE_CURVE_WITH_KNOTS((2,2),(-75.98279061425,0.),.UNSPECIFIED.)
CURVE()
GEOMETRIC_REPRESENTATION_ITEM()
RATIONAL_B_SPLINE_CURVE((1.,1.))
REPRESENTATION_ITEM('')
);
#1873=(
BOUNDED_CURVE()
B_SPLINE_CURVE(3,(#3197,#3198,#3199,#3200),.UNSPECIFIED.,.F.,.F.)
B_SPLINE_CURVE_WITH_KNOTS((4,4),(50.4444216107745,51.7552323249544),
 .UNSPECIFIED.)
CURVE()
GEOMETRIC_REPRESENTATION_ITEM()
RATIONAL_B_SPLINE_CURVE((1.,0.861867347392204,0.861867351941382,1.))
REPRESENTATION_ITEM('')
);
#1874=(
BOUNDED_CURVE()
B_SPLINE_CURVE(3,(#3201,#3202,#3203,#3204),.UNSPECIFIED.,.F.,.F.)
B_SPLINE_CURVE_WITH_KNOTS((4,4),(-51.7552323249544,-50.4444216107745),
 .UNSPECIFIED.)
CURVE()
GEOMETRIC_REPRESENTATION_ITEM()
RATIONAL_B_SPLINE_CURVE((1.,0.861867413258984,0.861867404160636,1.))
REPRESENTATION_ITEM('')
);
#1875=VERTEX_POINT('',#2840);
#1876=VERTEX_POINT('',#2841);
#1877=VERTEX_POINT('',#2842);
#1878=VERTEX_POINT('',#2843);
#1879=VERTEX_POINT('',#2844);
#1880=VERTEX_POINT('',#2845);
#1881=VERTEX_POINT('',#2846);
#1882=VERTEX_POINT('',#2847);
#1883=VERTEX_POINT('',#2848);
#1884=VERTEX_POINT('',#2849);
#1885=VERTEX_POINT('',#2850);
#1886=VERTEX_POINT('',#2851);
#1887=VERTEX_POINT('',#2852);
#1888=VERTEX_POINT('',#2853);
#1889=VERTEX_POINT('',#2854);
#1890=VERTEX_POINT('',#2855);
#1891=VERTEX_POINT('',#2856);
#1892=VERTEX_POINT('',#2857);
#1893=VERTEX_POINT('',#2858);
#1894=VERTEX_POINT('',#2859);
#1895=VERTEX_POINT('',#2860);
#1896=VERTEX_POINT('',#2861);
#1897=VERTEX_POINT('',#2862);
#1898=VERTEX_POINT('',#2863);
#1899=VERTEX_POINT('',#2864);
#1900=VERTEX_POINT('',#2865);
#1901=VERTEX_POINT('',#2866);
#1902=VERTEX_POINT('',#2867);
#1903=VERTEX_POINT('',#2868);
#1904=VERTEX_POINT('',#2869);
#1905=VERTEX_POINT('',#2870);
#1906=VERTEX_POINT('',#2871);
#1907=VERTEX_POINT('',#2872);
#1908=VERTEX_POINT('',#2873);
#1909=VERTEX_POINT('',#2874);
#1910=VERTEX_POINT('',#2875);
#1911=VERTEX_POINT('',#2876);
#1912=VERTEX_POINT('',#2877);
#1913=VERTEX_POINT('',#2878);
#1914=VERTEX_POINT('',#2879);
#1915=VERTEX_POINT('',#2880);
#1916=VERTEX_POINT('',#2881);
#1917=VERTEX_POINT('',#2882);
#1918=VERTEX_POINT('',#2883);
#1919=VERTEX_POINT('',#2884);
#1920=VERTEX_POINT('',#2885);
#1921=VERTEX_POINT('',#2886);
#1922=VERTEX_POINT('',#2887);
#1923=VERTEX_POINT('',#2888);
#1924=VERTEX_POINT('',#2889);
#1925=VERTEX_POINT('',#2890);
#1926=VERTEX_POINT('',#2891);
#1927=VERTEX_POINT('',#2892);
#1928=VERTEX_POINT('',#2893);
#1929=VERTEX_POINT('',#2894);
#1930=VERTEX_POINT('',#2895);
#1931=VERTEX_POINT('',#2896);
#1932=VERTEX_POINT('',#2897);
#1933=VERTEX_POINT('',#2898);
#1934=VERTEX_POINT('',#2899);
#1935=VERTEX_POINT('',#3236);
#1936=VERTEX_POINT('',#3237);
#1937=VERTEX_POINT('',#3238);
#1938=VERTEX_POINT('',#3239);
#1939=VERTEX_POINT('',#3240);
#1940=VERTEX_POINT('',#3241);
#1941=VERTEX_POINT('',#3242);
#1942=VERTEX_POINT('',#3243);
#1943=VERTEX_POINT('',#3244);
#1944=VERTEX_POINT('',#3245);
#1945=VERTEX_POINT('',#3246);
#1946=VERTEX_POINT('',#3247);
#1947=VERTEX_POINT('',#3248);
#1948=VERTEX_POINT('',#3249);
#1949=VERTEX_POINT('',#3250);
#1950=VERTEX_POINT('',#3251);
#1951=VERTEX_POINT('',#3252);
#1952=VERTEX_POINT('',#3253);
#1953=VERTEX_POINT('',#3254);
#1954=VERTEX_POINT('',#3255);
#1955=VERTEX_POINT('',#3256);
#1956=VERTEX_POINT('',#3257);
#1957=VERTEX_POINT('',#3258);
#1958=VERTEX_POINT('',#3259);
#1959=VERTEX_POINT('',#3260);
#1960=VERTEX_POINT('',#3261);
#1961=VERTEX_POINT('',#3262);
#1962=VERTEX_POINT('',#3263);
#1963=VERTEX_POINT('',#3264);
#1964=VERTEX_POINT('',#3265);
#1965=VERTEX_POINT('',#3266);
#1966=VERTEX_POINT('',#3267);
#1967=VERTEX_POINT('',#3268);
#1968=VERTEX_POINT('',#3269);
#1969=VERTEX_POINT('',#3270);
#1970=VERTEX_POINT('',#3271);
#1971=VERTEX_POINT('',#3272);
#1972=VERTEX_POINT('',#3273);
#1973=VERTEX_POINT('',#3274);
#1974=VERTEX_POINT('',#3275);
#1975=VERTEX_POINT('',#3276);
#1976=VERTEX_POINT('',#3277);
#1977=VERTEX_POINT('',#3278);
#1978=VERTEX_POINT('',#3279);
#1979=VERTEX_POINT('',#3280);
#1980=VERTEX_POINT('',#3281);
#1981=VERTEX_POINT('',#3282);
#1982=VERTEX_POINT('',#3283);
#1983=VERTEX_POINT('',#3284);
#1984=VERTEX_POINT('',#3285);
#1985=VERTEX_POINT('',#3286);
#1986=VERTEX_POINT('',#3287);
#1987=VERTEX_POINT('',#3480);
#1988=VERTEX_POINT('',#3481);
#1989=VERTEX_POINT('',#3482);
#1990=VERTEX_POINT('',#3483);
#1991=VERTEX_POINT('',#3484);
#1992=VERTEX_POINT('',#3485);
#1993=VERTEX_POINT('',#3486);
#1994=VERTEX_POINT('',#3487);
#1995=VERTEX_POINT('',#3488);
#1996=VERTEX_POINT('',#3489);
#1997=VERTEX_POINT('',#3490);
#1998=VERTEX_POINT('',#3491);
#1999=VERTEX_POINT('',#3492);
#2000=VERTEX_POINT('',#3493);
#2001=VERTEX_POINT('',#3494);
#2002=VERTEX_POINT('',#3495);
#2003=VERTEX_POINT('',#3496);
#2004=VERTEX_POINT('',#3497);
#2005=VERTEX_POINT('',#3498);
#2006=VERTEX_POINT('',#3499);
#2007=VERTEX_POINT('',#3500);
#2008=VERTEX_POINT('',#3501);
#2009=VERTEX_POINT('',#3502);
#2010=VERTEX_POINT('',#3503);
#2011=VERTEX_POINT('',#3504);
#2012=VERTEX_POINT('',#3505);
#2013=VERTEX_POINT('',#3506);
#2014=VERTEX_POINT('',#3507);
#2015=VERTEX_POINT('',#3508);
#2016=VERTEX_POINT('',#3509);
#2017=VERTEX_POINT('',#3510);
#2018=VERTEX_POINT('',#3511);
#2019=VERTEX_POINT('',#3512);
#2020=VERTEX_POINT('',#3513);
#2021=VERTEX_POINT('',#3514);
#2022=VERTEX_POINT('',#3515);
#2023=VERTEX_POINT('',#3516);
#2024=VERTEX_POINT('',#3517);
#2025=VERTEX_POINT('',#3518);
#2026=VERTEX_POINT('',#3519);
#2027=VERTEX_POINT('',#3520);
#2028=VERTEX_POINT('',#3521);
#2029=VERTEX_POINT('',#3522);
#2030=VERTEX_POINT('',#3523);
#2031=VERTEX_POINT('',#3524);
#2032=VERTEX_POINT('',#3525);
#2033=VERTEX_POINT('',#3526);
#2034=VERTEX_POINT('',#3527);
#2035=VERTEX_POINT('',#3693);
#2036=VERTEX_POINT('',#3694);
#2037=VERTEX_POINT('',#3695);
#2038=VERTEX_POINT('',#3696);
#2039=VERTEX_POINT('',#3697);
#2040=VERTEX_POINT('',#3698);
#2041=VERTEX_POINT('',#3699);
#2042=VERTEX_POINT('',#3700);
#2043=VERTEX_POINT('',#3701);
#2044=VERTEX_POINT('',#3702);
#2045=VERTEX_POINT('',#3703);
#2046=VERTEX_POINT('',#3704);
#2047=VERTEX_POINT('',#3705);
#2048=VERTEX_POINT('',#3706);
#2049=VERTEX_POINT('',#3707);
#2050=VERTEX_POINT('',#3708);
#2051=VERTEX_POINT('',#3709);
#2052=VERTEX_POINT('',#3710);
#2053=VERTEX_POINT('',#3711);
#2054=VERTEX_POINT('',#3712);
#2055=VERTEX_POINT('',#3713);
#2056=VERTEX_POINT('',#3714);
#2057=VERTEX_POINT('',#3715);
#2058=VERTEX_POINT('',#3716);
#2059=VERTEX_POINT('',#3717);
#2060=VERTEX_POINT('',#3718);
#2061=VERTEX_POINT('',#3719);
#2062=VERTEX_POINT('',#3720);
#2063=VERTEX_POINT('',#4173);
#2064=VERTEX_POINT('',#4174);
#2065=VERTEX_POINT('',#4175);
#2066=VERTEX_POINT('',#4176);
#2067=VERTEX_POINT('',#4177);
#2068=VERTEX_POINT('',#4178);
#2069=VERTEX_POINT('',#4179);
#2070=VERTEX_POINT('',#4180);
#2071=VERTEX_POINT('',#4181);
#2072=VERTEX_POINT('',#4182);
#2073=VERTEX_POINT('',#4183);
#2074=VERTEX_POINT('',#4184);
#2075=VERTEX_POINT('',#4185);
#2076=VERTEX_POINT('',#4186);
#2077=VERTEX_POINT('',#4187);
#2078=VERTEX_POINT('',#4188);
#2079=VERTEX_POINT('',#4189);
#2080=VERTEX_POINT('',#4190);
#2081=VERTEX_POINT('',#4191);
#2082=VERTEX_POINT('',#4192);
#2083=VERTEX_POINT('',#4193);
#2084=VERTEX_POINT('',#4194);
#2085=VERTEX_POINT('',#4195);
#2086=VERTEX_POINT('',#4196);
#2087=VERTEX_POINT('',#4197);
#2088=VERTEX_POINT('',#4198);
#2089=VERTEX_POINT('',#4199);
#2090=VERTEX_POINT('',#4200);
#2091=VERTEX_POINT('',#4201);
#2092=VERTEX_POINT('',#4202);
#2093=VERTEX_POINT('',#4203);
#2094=VERTEX_POINT('',#4204);
#2095=VERTEX_POINT('',#4205);
#2096=VERTEX_POINT('',#4206);
#2097=VERTEX_POINT('',#4207);
#2098=VERTEX_POINT('',#4208);
#2099=VERTEX_POINT('',#4209);
#2100=VERTEX_POINT('',#4210);
#2101=VERTEX_POINT('',#4211);
#2102=VERTEX_POINT('',#4212);
#2103=VERTEX_POINT('',#4213);
#2104=VERTEX_POINT('',#4214);
#2105=VERTEX_POINT('',#4215);
#2106=VERTEX_POINT('',#4216);
#2107=VERTEX_POINT('',#4217);
#2108=VERTEX_POINT('',#4218);
#2109=VERTEX_POINT('',#4219);
#2110=VERTEX_POINT('',#4220);
#2111=CYLINDRICAL_SURFACE('',#2325,0.00499818524122437);
#2112=CYLINDRICAL_SURFACE('',#2327,0.00499809472137152);
#2113=CYLINDRICAL_SURFACE('',#2329,0.0178990659814223);
#2114=CYLINDRICAL_SURFACE('',#2331,0.0850480228226888);
#2115=CYLINDRICAL_SURFACE('',#2333,0.0178969997558839);
#2116=CYLINDRICAL_SURFACE('',#2335,0.00499841553611132);
#2117=CYLINDRICAL_SURFACE('',#2337,0.00499873338277254);
#2118=CYLINDRICAL_SURFACE('',#2339,0.0178990659814673);
#2119=CYLINDRICAL_SURFACE('',#2341,0.0850480228226964);
#2120=CYLINDRICAL_SURFACE('',#2343,0.0178969997558219);
#2121=CYLINDRICAL_SURFACE('',#2345,0.00499873774830462);
#2122=CYLINDRICAL_SURFACE('',#2347,0.00499841442158255);
#2123=CYLINDRICAL_SURFACE('',#2349,0.0178990659813774);
#2124=CYLINDRICAL_SURFACE('',#2351,0.0850480228226917);
#2125=CYLINDRICAL_SURFACE('',#2353,0.0178969997558332);
#2126=CYLINDRICAL_SURFACE('',#2390,0.0675000000000015);
#2127=CYLINDRICAL_SURFACE('',#2396,0.0675000000000006);
#2128=CYLINDRICAL_SURFACE('',#2397,0.0675000000000135);
#2129=CYLINDRICAL_SURFACE('',#2403,0.0675000000000135);
#2130=CYLINDRICAL_SURFACE('',#2409,0.08749965657908);
#2131=CYLINDRICAL_SURFACE('',#2430,0.0675000000000139);
#2132=CYLINDRICAL_SURFACE('',#2436,0.0675000000000001);
#2133=CYLINDRICAL_SURFACE('',#2442,0.067500000000001);
#2134=CYLINDRICAL_SURFACE('',#2448,0.0675000000000135);
#2135=CYLINDRICAL_SURFACE('',#2458,0.0130000000000003);
#2136=CYLINDRICAL_SURFACE('',#2459,0.0129999999999999);
#2137=CYLINDRICAL_SURFACE('',#2460,0.0434770000000002);
#2138=CYLINDRICAL_SURFACE('',#2461,0.048476);
#2139=CYLINDRICAL_SURFACE('',#2466,0.0875000000000004);
#2140=CYLINDRICAL_SURFACE('',#2468,0.0256499999999997);
#2141=CYLINDRICAL_SURFACE('',#2469,0.0301499999999999);
#2142=CYLINDRICAL_SURFACE('',#2497,0.0675000000000148);
#2143=CYLINDRICAL_SURFACE('',#2503,0.0675000000000001);
#2144=CYLINDRICAL_SURFACE('',#2509,0.067500000000001);
#2145=CYLINDRICAL_SURFACE('',#2515,0.0675000000000139);
#2146=PLANE('',#2324);
#2147=PLANE('',#2326);
#2148=PLANE('',#2328);
#2149=PLANE('',#2330);
#2150=PLANE('',#2332);
#2151=PLANE('',#2334);
#2152=PLANE('',#2336);
#2153=PLANE('',#2338);
#2154=PLANE('',#2340);
#2155=PLANE('',#2342);
#2156=PLANE('',#2344);
#2157=PLANE('',#2346);
#2158=PLANE('',#2348);
#2159=PLANE('',#2350);
#2160=PLANE('',#2352);
#2161=PLANE('',#2354);
#2162=PLANE('',#2355);
#2163=PLANE('',#2384);
#2164=PLANE('',#2385);
#2165=PLANE('',#2386);
#2166=PLANE('',#2387);
#2167=PLANE('',#2388);
#2168=PLANE('',#2389);
#2169=PLANE('',#2391);
#2170=PLANE('',#2392);
#2171=PLANE('',#2393);
#2172=PLANE('',#2394);
#2173=PLANE('',#2395);
#2174=PLANE('',#2398);
#2175=PLANE('',#2399);
#2176=PLANE('',#2400);
#2177=PLANE('',#2401);
#2178=PLANE('',#2402);
#2179=PLANE('',#2404);
#2180=PLANE('',#2405);
#2181=PLANE('',#2406);
#2182=PLANE('',#2407);
#2183=PLANE('',#2408);
#2184=PLANE('',#2410);
#2185=PLANE('',#2411);
#2186=PLANE('',#2424);
#2187=PLANE('',#2425);
#2188=PLANE('',#2426);
#2189=PLANE('',#2427);
#2190=PLANE('',#2428);
#2191=PLANE('',#2429);
#2192=PLANE('',#2431);
#2193=PLANE('',#2432);
#2194=PLANE('',#2433);
#2195=PLANE('',#2434);
#2196=PLANE('',#2435);
#2197=PLANE('',#2437);
#2198=PLANE('',#2438);
#2199=PLANE('',#2439);
#2200=PLANE('',#2440);
#2201=PLANE('',#2441);
#2202=PLANE('',#2443);
#2203=PLANE('',#2444);
#2204=PLANE('',#2445);
#2205=PLANE('',#2446);
#2206=PLANE('',#2447);
#2207=PLANE('',#2449);
#2208=PLANE('',#2462);
#2209=PLANE('',#2463);
#2210=PLANE('',#2464);
#2211=PLANE('',#2465);
#2212=PLANE('',#2467);
#2213=PLANE('',#2470);
#2214=PLANE('',#2491);
#2215=PLANE('',#2492);
#2216=PLANE('',#2493);
#2217=PLANE('',#2494);
#2218=PLANE('',#2495);
#2219=PLANE('',#2496);
#2220=PLANE('',#2498);
#2221=PLANE('',#2499);
#2222=PLANE('',#2500);
#2223=PLANE('',#2501);
#2224=PLANE('',#2502);
#2225=PLANE('',#2504);
#2226=PLANE('',#2505);
#2227=PLANE('',#2506);
#2228=PLANE('',#2507);
#2229=PLANE('',#2508);
#2230=PLANE('',#2510);
#2231=PLANE('',#2511);
#2232=PLANE('',#2512);
#2233=PLANE('',#2513);
#2234=PLANE('',#2514);
#2235=PLANE('',#2516);
#2236=SHAPE_DEFINITION_REPRESENTATION(#2237,#2322);
#2237=PRODUCT_DEFINITION_SHAPE($,$,#2239);
#2238=PRODUCT_DEFINITION_CONTEXT('3D Mechanical Parts',#2311,'design');
#2239=PRODUCT_DEFINITION('A','First version',#2281,#2238);
#2240=DATE_TIME_ROLE('classification_date');
#2241=DATE_TIME_ROLE('creation_date');
#2242=APPLIED_DATE_AND_TIME_ASSIGNMENT(#2266,#2240,(#2245));
#2243=APPLIED_DATE_AND_TIME_ASSIGNMENT(#2268,#2241,(#2239));
#2244=SECURITY_CLASSIFICATION_LEVEL('unclassified');
#2245=SECURITY_CLASSIFICATION('A','Security for version',#2244);
#2246=APPLIED_SECURITY_CLASSIFICATION_ASSIGNMENT(#2245,(#2281));
#2247=APPROVAL_ROLE('Version approval');
#2248=APPROVAL_ROLE('Version Security approval');
#2249=APPROVAL_ROLE('Definition approval');
#2250=APPROVAL_PERSON_ORGANIZATION(#2299,#2275,#2247);
#2251=APPROVAL_PERSON_ORGANIZATION(#2300,#2276,#2248);
#2252=APPROVAL_PERSON_ORGANIZATION(#2303,#2277,#2249);
#2253=COORDINATED_UNIVERSAL_TIME_OFFSET(5,0,.BEHIND.);
#2254=LOCAL_TIME(0,0,0.,#2253);
#2255=LOCAL_TIME(0,0,0.,#2253);
#2256=LOCAL_TIME(0,0,0.,#2253);
#2257=LOCAL_TIME(0,0,0.,#2253);
#2258=LOCAL_TIME(0,0,0.,#2253);
#2259=CALENDAR_DATE(1999,1,1);
#2260=CALENDAR_DATE(1999,1,1);
#2261=CALENDAR_DATE(1999,1,1);
#2262=CALENDAR_DATE(1999,1,1);
#2263=CALENDAR_DATE(1999,1,1);
#2264=DATE_AND_TIME(#2259,#2254);
#2265=DATE_AND_TIME(#2260,#2255);
#2266=DATE_AND_TIME(#2261,#2256);
#2267=DATE_AND_TIME(#2262,#2257);
#2268=DATE_AND_TIME(#2263,#2258);
#2269=APPROVAL_DATE_TIME(#2264,#2275);
#2270=APPROVAL_DATE_TIME(#2265,#2276);
#2271=APPROVAL_DATE_TIME(#2267,#2277);
#2272=APPROVAL_STATUS('not_yet_approved');
#2273=APPROVAL_STATUS('not_yet_approved');
#2274=APPROVAL_STATUS('approved');
#2275=APPROVAL(#2272,'Version approval');
#2276=APPROVAL(#2273,'Version Security approval');
#2277=APPROVAL(#2274,'Definition approval');
#2278=APPLIED_APPROVAL_ASSIGNMENT(#2275,(#2281));
#2279=APPLIED_APPROVAL_ASSIGNMENT(#2276,(#2245));
#2280=APPLIED_APPROVAL_ASSIGNMENT(#2277,(#2239));
#2281=PRODUCT_DEFINITION_FORMATION_WITH_SPECIFIED_SOURCE('A',
'First version',#2313,.MADE.);
#2282=PERSON_AND_ORGANIZATION_ROLE('design_owner');
#2283=PERSON_AND_ORGANIZATION_ROLE('creator');
#2284=PERSON_AND_ORGANIZATION_ROLE('design_supplier');
#2285=PERSON_AND_ORGANIZATION_ROLE('classification_officer');
#2286=PERSON_AND_ORGANIZATION_ROLE('creator');
#2287=ORGANIZATION('STI','lab','lab');
#2288=ORGANIZATION('STI','unknown','unknown');
#2289=ORGANIZATION('STI','unknown','unknown');
#2290=ORGANIZATION('STI','unknown','unknown');
#2291=ORGANIZATION('STI','unknown','unknown');
#2292=ORGANIZATION('STI','unknown','unknown');
#2293=ORGANIZATION('STI','unknown','unknown');
#2294=PERSON('1','Box','vc60',$,$,$);
#2295=PERSON('2','last','first',$,$,$);
#2296=PERSON('3','President','Mr.',$,$,$);
#2297=PERSON_AND_ORGANIZATION(#2294,#2287);
#2298=PERSON_AND_ORGANIZATION(#2295,#2288);
#2299=PERSON_AND_ORGANIZATION(#2296,#2289);
#2300=PERSON_AND_ORGANIZATION(#2296,#2290);
#2301=PERSON_AND_ORGANIZATION(#2296,#2291);
#2302=PERSON_AND_ORGANIZATION(#2295,#2292);
#2303=PERSON_AND_ORGANIZATION(#2296,#2293);
#2304=APPLIED_PERSON_AND_ORGANIZATION_ASSIGNMENT(#2297,#2282,(#2313));
#2305=APPLIED_PERSON_AND_ORGANIZATION_ASSIGNMENT(#2298,#2283,(#2281));
#2306=APPLIED_PERSON_AND_ORGANIZATION_ASSIGNMENT(#2298,#2284,(#2281));
#2307=APPLIED_PERSON_AND_ORGANIZATION_ASSIGNMENT(#2301,#2285,(#2245));
#2308=APPLIED_PERSON_AND_ORGANIZATION_ASSIGNMENT(#2302,#2286,(#2239));
#2309=PRODUCT_RELATED_PRODUCT_CATEGORY('detail','detail',(#2313));
#2310=APPLICATION_PROTOCOL_DEFINITION('International Standard',
'config_control_design',1994,#2311);
#2311=APPLICATION_CONTEXT(
'configuration controlled 3d designs of mechanical parts and assemblie
s');
#2312=PRODUCT_CONTEXT('3D Mechanical Parts',#2311,'mechanical');
#2313=PRODUCT('Document','Document','',(#2312));
#2314=(
LENGTH_UNIT()
NAMED_UNIT(*)
SI_UNIT(.MILLI.,.METRE.)
);
#2315=(
NAMED_UNIT(*)
PLANE_ANGLE_UNIT()
SI_UNIT($,.RADIAN.)
);
#2316=DIMENSIONAL_EXPONENTS(0.,0.,0.,0.,0.,0.,0.);
#2317=PLANE_ANGLE_MEASURE_WITH_UNIT(PLANE_ANGLE_MEASURE(0.01745329252),
#2315);
#2318=(
CONVERSION_BASED_UNIT('DEGREES',#2317)
NAMED_UNIT(#2316)
PLANE_ANGLE_UNIT()
);
#2319=(
NAMED_UNIT(*)
SI_UNIT($,.STERADIAN.)
SOLID_ANGLE_UNIT()
);
#2320=UNCERTAINTY_MEASURE_WITH_UNIT(LENGTH_MEASURE(0.001),#2314,
'DISTANCE_ACCURACY_VALUE',
'Maximum model space distance between geometric entities at asserted c
onnectivities');
#2321=(
GEOMETRIC_REPRESENTATION_CONTEXT(3)
GLOBAL_UNCERTAINTY_ASSIGNED_CONTEXT((#2320))
GLOBAL_UNIT_ASSIGNED_CONTEXT((#2319,#2318,#2314))
REPRESENTATION_CONTEXT('ID1','3D')
);
#2322=SHAPE_REPRESENTATION('Document',(#2323,#2525),#2321);
#2323=AXIS2_PLACEMENT_3D($,#2807,#2526,#2527);
#2324=AXIS2_PLACEMENT_3D('',#2808,#2528,$);
#2325=AXIS2_PLACEMENT_3D('',#2809,#2529,$);
#2326=AXIS2_PLACEMENT_3D('',#2810,#2530,$);
#2327=AXIS2_PLACEMENT_3D('',#2811,#2531,$);
#2328=AXIS2_PLACEMENT_3D('',#2812,#2532,$);
#2329=AXIS2_PLACEMENT_3D('',#2813,#2533,$);
#2330=AXIS2_PLACEMENT_3D('',#2814,#2534,$);
#2331=AXIS2_PLACEMENT_3D('',#2815,#2535,$);
#2332=AXIS2_PLACEMENT_3D('',#2816,#2536,$);
#2333=AXIS2_PLACEMENT_3D('',#2817,#2537,$);
#2334=AXIS2_PLACEMENT_3D('',#2818,#2538,$);
#2335=AXIS2_PLACEMENT_3D('',#2819,#2539,$);
#2336=AXIS2_PLACEMENT_3D('',#2820,#2540,$);
#2337=AXIS2_PLACEMENT_3D('',#2821,#2541,$);
#2338=AXIS2_PLACEMENT_3D('',#2822,#2542,$);
#2339=AXIS2_PLACEMENT_3D('',#2823,#2543,$);
#2340=AXIS2_PLACEMENT_3D('',#2824,#2544,$);
#2341=AXIS2_PLACEMENT_3D('',#2825,#2545,$);
#2342=AXIS2_PLACEMENT_3D('',#2826,#2546,$);
#2343=AXIS2_PLACEMENT_3D('',#2827,#2547,$);
#2344=AXIS2_PLACEMENT_3D('',#2828,#2548,$);
#2345=AXIS2_PLACEMENT_3D('',#2829,#2549,$);
#2346=AXIS2_PLACEMENT_3D('',#2830,#2550,$);
#2347=AXIS2_PLACEMENT_3D('',#2831,#2551,$);
#2348=AXIS2_PLACEMENT_3D('',#2832,#2552,$);
#2349=AXIS2_PLACEMENT_3D('',#2833,#2553,$);
#2350=AXIS2_PLACEMENT_3D('',#2834,#2554,$);
#2351=AXIS2_PLACEMENT_3D('',#2835,#2555,$);
#2352=AXIS2_PLACEMENT_3D('',#2836,#2556,$);
#2353=AXIS2_PLACEMENT_3D('',#2837,#2557,$);
#2354=AXIS2_PLACEMENT_3D('',#2838,#2558,$);
#2355=AXIS2_PLACEMENT_3D('',#2839,#2559,$);
#2356=AXIS2_PLACEMENT_3D($,#2918,#2560,#2561);
#2357=AXIS2_PLACEMENT_3D($,#2921,#2562,#2563);
#2358=AXIS2_PLACEMENT_3D($,#2936,#2564,#2565);
#2359=AXIS2_PLACEMENT_3D($,#2939,#2566,#2567);
#2360=AXIS2_PLACEMENT_3D($,#2960,#2568,#2569);
#2361=AXIS2_PLACEMENT_3D($,#2963,#2570,#2571);
#2362=AXIS2_PLACEMENT_3D($,#2990,#2572,#2573);
#2363=AXIS2_PLACEMENT_3D($,#2993,#2574,#2575);
#2364=AXIS2_PLACEMENT_3D($,#3014,#2576,#2577);
#2365=AXIS2_PLACEMENT_3D($,#3017,#2578,#2579);
#2366=AXIS2_PLACEMENT_3D($,#3032,#2580,#2581);
#2367=AXIS2_PLACEMENT_3D($,#3035,#2582,#2583);
#2368=AXIS2_PLACEMENT_3D($,#3056,#2584,#2585);
#2369=AXIS2_PLACEMENT_3D($,#3059,#2586,#2587);
#2370=AXIS2_PLACEMENT_3D($,#3086,#2588,#2589);
#2371=AXIS2_PLACEMENT_3D($,#3089,#2590,#2591);
#2372=AXIS2_PLACEMENT_3D($,#3110,#2592,#2593);
#2373=AXIS2_PLACEMENT_3D($,#3113,#2594,#2595);
#2374=AXIS2_PLACEMENT_3D($,#3128,#2596,#2597);
#2375=AXIS2_PLACEMENT_3D($,#3131,#2598,#2599);
#2376=AXIS2_PLACEMENT_3D($,#3152,#2600,#2601);
#2377=AXIS2_PLACEMENT_3D($,#3155,#2602,#2603);
#2378=AXIS2_PLACEMENT_3D($,#3170,#2604,#2605);
#2379=AXIS2_PLACEMENT_3D($,#3185,#2606,#2607);
#2380=AXIS2_PLACEMENT_3D($,#3188,#2608,#2609);
#2381=AXIS2_PLACEMENT_3D($,#3191,#2610,#2611);
#2382=AXIS2_PLACEMENT_3D($,#3194,#2612,#2613);
#2383=AXIS2_PLACEMENT_3D($,#3205,#2614,#2615);
#2384=AXIS2_PLACEMENT_3D('',#3208,#2616,$);
#2385=AXIS2_PLACEMENT_3D('',#3209,#2617,$);
#2386=AXIS2_PLACEMENT_3D('',#3210,#2618,$);
#2387=AXIS2_PLACEMENT_3D('',#3211,#2619,$);
#2388=AXIS2_PLACEMENT_3D('',#3212,#2620,$);
#2389=AXIS2_PLACEMENT_3D('',#3213,#2621,$);
#2390=AXIS2_PLACEMENT_3D('',#3214,#2622,$);
#2391=AXIS2_PLACEMENT_3D('',#3215,#2623,$);
#2392=AXIS2_PLACEMENT_3D('',#3216,#2624,$);
#2393=AXIS2_PLACEMENT_3D('',#3217,#2625,$);
#2394=AXIS2_PLACEMENT_3D('',#3218,#2626,$);
#2395=AXIS2_PLACEMENT_3D('',#3219,#2627,$);
#2396=AXIS2_PLACEMENT_3D('',#3220,#2628,$);
#2397=AXIS2_PLACEMENT_3D('',#3221,#2629,$);
#2398=AXIS2_PLACEMENT_3D('',#3222,#2630,$);
#2399=AXIS2_PLACEMENT_3D('',#3223,#2631,$);
#2400=AXIS2_PLACEMENT_3D('',#3224,#2632,$);
#2401=AXIS2_PLACEMENT_3D('',#3225,#2633,$);
#2402=AXIS2_PLACEMENT_3D('',#3226,#2634,$);
#2403=AXIS2_PLACEMENT_3D('',#3227,#2635,$);
#2404=AXIS2_PLACEMENT_3D('',#3228,#2636,$);
#2405=AXIS2_PLACEMENT_3D('',#3229,#2637,$);
#2406=AXIS2_PLACEMENT_3D('',#3230,#2638,$);
#2407=AXIS2_PLACEMENT_3D('',#3231,#2639,$);
#2408=AXIS2_PLACEMENT_3D('',#3232,#2640,$);
#2409=AXIS2_PLACEMENT_3D('',#3233,#2641,$);
#2410=AXIS2_PLACEMENT_3D('',#3234,#2642,$);
#2411=AXIS2_PLACEMENT_3D('',#3235,#2643,$);
#2412=AXIS2_PLACEMENT_3D($,#3332,#2644,#2645);
#2413=AXIS2_PLACEMENT_3D($,#3335,#2646,#2647);
#2414=AXIS2_PLACEMENT_3D($,#3366,#2648,#2649);
#2415=AXIS2_PLACEMENT_3D($,#3369,#2650,#2651);
#2416=AXIS2_PLACEMENT_3D($,#3374,#2652,#2653);
#2417=AXIS2_PLACEMENT_3D($,#3379,#2654,#2655);
#2418=AXIS2_PLACEMENT_3D($,#3408,#2656,#2657);
#2419=AXIS2_PLACEMENT_3D($,#3413,#2658,#2659);
#2420=AXIS2_PLACEMENT_3D($,#3440,#2660,#2661);
#2421=AXIS2_PLACEMENT_3D($,#3443,#2662,#2663);
#2422=AXIS2_PLACEMENT_3D($,#3446,#2664,#2665);
#2423=AXIS2_PLACEMENT_3D($,#3449,#2666,#2667);
#2424=AXIS2_PLACEMENT_3D('',#3454,#2668,$);
#2425=AXIS2_PLACEMENT_3D('',#3455,#2669,$);
#2426=AXIS2_PLACEMENT_3D('',#3456,#2670,$);
#2427=AXIS2_PLACEMENT_3D('',#3457,#2671,$);
#2428=AXIS2_PLACEMENT_3D('',#3458,#2672,$);
#2429=AXIS2_PLACEMENT_3D('',#3459,#2673,$);
#2430=AXIS2_PLACEMENT_3D('',#3460,#2674,$);
#2431=AXIS2_PLACEMENT_3D('',#3461,#2675,$);
#2432=AXIS2_PLACEMENT_3D('',#3462,#2676,$);
#2433=AXIS2_PLACEMENT_3D('',#3463,#2677,$);
#2434=AXIS2_PLACEMENT_3D('',#3464,#2678,$);
#2435=AXIS2_PLACEMENT_3D('',#3465,#2679,$);
#2436=AXIS2_PLACEMENT_3D('',#3466,#2680,$);
#2437=AXIS2_PLACEMENT_3D('',#3467,#2681,$);
#2438=AXIS2_PLACEMENT_3D('',#3468,#2682,$);
#2439=AXIS2_PLACEMENT_3D('',#3469,#2683,$);
#2440=AXIS2_PLACEMENT_3D('',#3470,#2684,$);
#2441=AXIS2_PLACEMENT_3D('',#3471,#2685,$);
#2442=AXIS2_PLACEMENT_3D('',#3472,#2686,$);
#2443=AXIS2_PLACEMENT_3D('',#3473,#2687,$);
#2444=AXIS2_PLACEMENT_3D('',#3474,#2688,$);
#2445=AXIS2_PLACEMENT_3D('',#3475,#2689,$);
#2446=AXIS2_PLACEMENT_3D('',#3476,#2690,$);
#2447=AXIS2_PLACEMENT_3D('',#3477,#2691,$);
#2448=AXIS2_PLACEMENT_3D('',#3478,#2692,$);
#2449=AXIS2_PLACEMENT_3D('',#3479,#2693,$);
#2450=AXIS2_PLACEMENT_3D($,#3528,#2694,#2695);
#2451=AXIS2_PLACEMENT_3D($,#3575,#2696,#2697);
#2452=AXIS2_PLACEMENT_3D($,#3580,#2698,#2699);
#2453=AXIS2_PLACEMENT_3D($,#3609,#2700,#2701);
#2454=AXIS2_PLACEMENT_3D($,#3640,#2702,#2703);
#2455=AXIS2_PLACEMENT_3D($,#3645,#2704,#2705);
#2456=AXIS2_PLACEMENT_3D($,#3674,#2706,#2707);
#2457=AXIS2_PLACEMENT_3D($,#3677,#2708,#2709);
#2458=AXIS2_PLACEMENT_3D('',#3680,#2710,$);
#2459=AXIS2_PLACEMENT_3D('',#3681,#2711,$);
#2460=AXIS2_PLACEMENT_3D('',#3682,#2712,$);
#2461=AXIS2_PLACEMENT_3D('',#3683,#2713,$);
#2462=AXIS2_PLACEMENT_3D('',#3684,#2714,$);
#2463=AXIS2_PLACEMENT_3D('',#3685,#2715,$);
#2464=AXIS2_PLACEMENT_3D('',#3686,#2716,$);
#2465=AXIS2_PLACEMENT_3D('',#3687,#2717,$);
#2466=AXIS2_PLACEMENT_3D('',#3688,#2718,$);
#2467=AXIS2_PLACEMENT_3D('',#3689,#2719,$);
#2468=AXIS2_PLACEMENT_3D('',#3690,#2720,$);
#2469=AXIS2_PLACEMENT_3D('',#3691,#2721,$);
#2470=AXIS2_PLACEMENT_3D('',#3692,#2722,$);
#2471=AXIS2_PLACEMENT_3D($,#3957,#2723,#2724);
#2472=AXIS2_PLACEMENT_3D($,#3960,#2725,#2726);
#2473=AXIS2_PLACEMENT_3D($,#3963,#2727,#2728);
#2474=AXIS2_PLACEMENT_3D($,#3966,#2729,#2730);
#2475=AXIS2_PLACEMENT_3D($,#3971,#2731,#2732);
#2476=AXIS2_PLACEMENT_3D($,#3974,#2733,#2734);
#2477=AXIS2_PLACEMENT_3D($,#3977,#2735,#2736);
#2478=AXIS2_PLACEMENT_3D($,#3980,#2737,#2738);
#2479=AXIS2_PLACEMENT_3D($,#3985,#2739,#2740);
#2480=AXIS2_PLACEMENT_3D($,#3988,#2741,#2742);
#2481=AXIS2_PLACEMENT_3D($,#3991,#2743,#2744);
#2482=AXIS2_PLACEMENT_3D($,#3994,#2745,#2746);
#2483=AXIS2_PLACEMENT_3D($,#4119,#2747,#2748);
#2484=AXIS2_PLACEMENT_3D($,#4122,#2749,#2750);
#2485=AXIS2_PLACEMENT_3D($,#4125,#2751,#2752);
#2486=AXIS2_PLACEMENT_3D($,#4128,#2753,#2754);
#2487=AXIS2_PLACEMENT_3D($,#4133,#2755,#2756);
#2488=AXIS2_PLACEMENT_3D($,#4136,#2757,#2758);
#2489=AXIS2_PLACEMENT_3D($,#4139,#2759,#2760);
#2490=AXIS2_PLACEMENT_3D($,#4142,#2761,#2762);
#2491=AXIS2_PLACEMENT_3D('',#4147,#2763,$);
#2492=AXIS2_PLACEMENT_3D('',#4148,#2764,$);
#2493=AXIS2_PLACEMENT_3D('',#4149,#2765,$);
#2494=AXIS2_PLACEMENT_3D('',#4150,#2766,$);
#2495=AXIS2_PLACEMENT_3D('',#4151,#2767,$);
#2496=AXIS2_PLACEMENT_3D('',#4152,#2768,$);
#2497=AXIS2_PLACEMENT_3D('',#4153,#2769,$);
#2498=AXIS2_PLACEMENT_3D('',#4154,#2770,$);
#2499=AXIS2_PLACEMENT_3D('',#4155,#2771,$);
#2500=AXIS2_PLACEMENT_3D('',#4156,#2772,$);
#2501=AXIS2_PLACEMENT_3D('',#4157,#2773,$);
#2502=AXIS2_PLACEMENT_3D('',#4158,#2774,$);
#2503=AXIS2_PLACEMENT_3D('',#4159,#2775,$);
#2504=AXIS2_PLACEMENT_3D('',#4160,#2776,$);
#2505=AXIS2_PLACEMENT_3D('',#4161,#2777,$);
#2506=AXIS2_PLACEMENT_3D('',#4162,#2778,$);
#2507=AXIS2_PLACEMENT_3D('',#4163,#2779,$);
#2508=AXIS2_PLACEMENT_3D('',#4164,#2780,$);
#2509=AXIS2_PLACEMENT_3D('',#4165,#2781,$);
#2510=AXIS2_PLACEMENT_3D('',#4166,#2782,$);
#2511=AXIS2_PLACEMENT_3D('',#4167,#2783,$);
#2512=AXIS2_PLACEMENT_3D('',#4168,#2784,$);
#2513=AXIS2_PLACEMENT_3D('',#4169,#2785,$);
#2514=AXIS2_PLACEMENT_3D('',#4170,#2786,$);
#2515=AXIS2_PLACEMENT_3D('',#4171,#2787,$);
#2516=AXIS2_PLACEMENT_3D('',#4172,#2788,$);
#2517=AXIS2_PLACEMENT_3D($,#4221,#2789,#2790);
#2518=AXIS2_PLACEMENT_3D($,#4268,#2791,#2792);
#2519=AXIS2_PLACEMENT_3D($,#4273,#2793,#2794);
#2520=AXIS2_PLACEMENT_3D($,#4302,#2795,#2796);
#2521=AXIS2_PLACEMENT_3D($,#4333,#2797,#2798);
#2522=AXIS2_PLACEMENT_3D($,#4338,#2799,#2800);
#2523=AXIS2_PLACEMENT_3D($,#4367,#2801,#2802);
#2524=AXIS2_PLACEMENT_3D($,#4370,#2803,#2804);
#2525=AXIS2_PLACEMENT_3D($,#4373,#2805,#2806);
#2526=DIRECTION('',(0.,0.,1.));
#2527=DIRECTION('',(1.,0.,0.));
#2528=DIRECTION('',(0.707583346289958,-0.706629894678328,-4.18966890475078E-15));
#2529=DIRECTION('',(-1.46283650653664E-14,-1.20329876695311E-12,1.));
#2530=DIRECTION('',(-0.544073486164673,-0.83903756867772,3.59926050665234E-14));
#2531=DIRECTION('',(-1.60249360525439E-12,-2.25019422489744E-13,1.));
#2532=DIRECTION('',(-0.933821823165209,0.357738455551546,6.8373941363203E-15));
#2533=DIRECTION('',(-1.09674799228081E-12,7.80705398456066E-14,-1.));
#2534=DIRECTION('',(-0.896319092449966,-0.44340961255894,4.57219841403252E-14));
#2535=DIRECTION('',(0.,0.,1.));
#2536=DIRECTION('',(-0.84418655854037,0.53604948874126,4.66818982809761E-14));
#2537=DIRECTION('',(-3.52856313169458E-13,1.02674396850593E-13,-1.));
#2538=DIRECTION('',(-0.965751113009899,-0.259470205842871,5.30187079819135E-14));
#2539=DIRECTION('',(-9.57371272293691E-13,-1.92295697981647E-13,1.));
#2540=DIRECTION('',(-0.454591106121953,0.890700244883103,-4.12170983712356E-15));
#2541=DIRECTION('',(-7.17420106572211E-13,-6.62532787701138E-13,1.));
#2542=DIRECTION('',(0.776721502000781,0.629844193693687,-1.13525950786879E-14));
#2543=DIRECTION('',(4.89394638537707E-13,5.60807799411465E-13,-1.));
#2544=DIRECTION('',(0.0641555578094979,0.997939910216117,-2.55120787695903E-14));
#2545=DIRECTION('',(-4.83743637077451E-14,-5.87294249313067E-14,1.));
#2546=DIRECTION('',(0.886325754291653,0.463062260694318,-1.99553961598055E-14));
#2547=DIRECTION('',(7.28836325837733E-13,1.25455725309995E-12,-1.));
#2548=DIRECTION('',(0.258167766719999,0.966100100521063,-2.5595486067865E-14));
#2549=DIRECTION('',(4.05201539940112E-13,1.20278293625713E-13,1.));
#2550=DIRECTION('',(0.998664592286767,-0.0516626762054157,-4.42515099085664E-14));
#2551=DIRECTION('',(1.5755508539787E-12,-1.22691218820233E-12,1.));
#2552=DIRECTION('',(0.157100321164395,-0.987582649245137,1.62770015364986E-14));
#2553=DIRECTION('',(1.20488240830283E-13,-3.52116044576411E-13,-1.));
#2554=DIRECTION('',(0.832163534981567,-0.554530297681725,1.21978556991183E-14));
#2555=DIRECTION('',(3.82029715740423E-14,7.60161644485993E-14,1.));
#2556=DIRECTION('',(-0.0421391956568445,-0.999111749600311,3.66388223867983E-15));
#2557=DIRECTION('',(5.10543366042574E-13,-9.57952843121695E-13,-1.));
#2558=DIRECTION('',(0.,0.,-1.));
#2559=DIRECTION('',(0.,0.,1.));
#2560=DIRECTION('',(-1.46283650654163E-14,-1.20329876695347E-12,1.));
#2561=DIRECTION('',(-0.544320185214744,-0.838877545275702,-1.06620108319468E-12));
#2562=DIRECTION('',(9.8442674354255E-14,4.10997613172258E-13,-1.));
#2563=DIRECTION('',(0.7077911032299,-0.706421796229845,-1.77700180532428E-13));
#2564=DIRECTION('',(-8.44949765798331E-13,2.16862648361597E-14,1.));
#2565=DIRECTION('',(-0.933711334404589,0.358026736437939,-8.88516994187923E-13));
#2566=DIRECTION('',(1.34027582623155E-12,1.03019527897883E-12,-1.));
#2567=DIRECTION('',(-0.543814424953825,-0.83920549998921,-1.59933058953948E-12));
#2568=DIRECTION('',(7.3156243218367E-13,-6.35839497406458E-15,-1.));
#2569=DIRECTION('',(0.935284206077195,0.353897518870294,6.94700935160933E-13));
#2570=DIRECTION('',(7.30371120194493E-13,-1.43424289743086E-13,1.));
#2571=DIRECTION('',(0.928991553734083,-0.370100922845018,-7.44322430529428E-13));
#2572=DIRECTION('',(-6.9255550569629E-13,3.40943940559306E-13,-1.));
#2573=DIRECTION('',(0.962116367111501,0.272639131703738,-5.95526690606817E-13));
#2574=DIRECTION('',(-1.31571206421157E-14,-1.35595146858259E-13,1.));
#2575=DIRECTION('',(0.891752018862876,-0.452524404705409,-4.96272242172125E-14));
#2576=DIRECTION('',(-2.10684316119558E-12,1.64110932401039E-13,1.));
#2577=DIRECTION('',(-0.454362428132976,0.890816919406624,-1.0661519594954E-12));
#2578=DIRECTION('',(1.14947188889913E-12,-3.564066303806E-13,-1.));
#2579=DIRECTION('',(-0.965684469282296,-0.259718127567119,-1.0661519594967E-12));
#2580=DIRECTION('',(-7.17420106571969E-13,-6.62532787700908E-13,1.));
#2581=DIRECTION('',(0.776850733650104,0.62968479227888,1.06608416775515E-12));
#2582=DIRECTION('',(-1.09649918156285E-13,-1.1985499635537E-12,-1.));
#2583=DIRECTION('',(-0.454773873862015,0.890606941165707,-1.06608416775462E-12));
#2584=DIRECTION('',(7.42575495338353E-13,1.26074490648281E-12,-1.));
#2585=DIRECTION('',(-0.161157861362782,-0.986928641656009,-1.38940187031938E-12));
#2586=DIRECTION('',(3.71287747669298E-13,6.30372453242053E-13,1.));
#2587=DIRECTION('',(-0.785012578014255,-0.61947982401319,6.94700935159167E-13));
#2588=DIRECTION('',(1.25952991098903E-12,1.7630479184305E-12,-1.));
#2589=DIRECTION('',(-0.244945769433988,-0.969536781167373,-1.98508896869332E-12));
#2590=DIRECTION('',(-3.08993022175197E-13,-6.66874613623641E-13,1.));
#2591=DIRECTION('',(-0.837773639738447,-0.546017699859074,-6.45153914825183E-13));
#2592=DIRECTION('',(1.93301228909872E-12,1.40640775688683E-12,1.));
#2593=DIRECTION('',(0.998654006449105,-0.0518669008438964,-1.77680539452478E-12));
#2594=DIRECTION('',(-4.78271779519575E-13,-6.97048584007388E-13,-1.));
#2595=DIRECTION('',(0.257970195003257,0.966152875320454,-8.88402697261685E-13));
#2596=DIRECTION('',(5.92474084476601E-13,-5.3274322102762E-13,1.));
#2597=DIRECTION('',(0.156846602640616,-0.98762297626174,-7.10768131481672E-13));
#2598=DIRECTION('',(-1.88731285574102E-13,-2.09891728733999E-13,-1.));
#2599=DIRECTION('',(0.998677831648321,-0.0514061141714471,-1.77692032870612E-13));
#2600=DIRECTION('',(4.79572887374186E-13,-5.69229607274802E-13,-1.));
#2601=DIRECTION('',(-0.774126344716305,0.63303112278637,-7.44322430531424E-13));
#2602=DIRECTION('',(-9.59145774748059E-13,1.13845921454945E-12,1.));
#2603=DIRECTION('',(-0.143978975718436,0.989580746857511,-1.2405373842188E-12));
#2604=DIRECTION('',(-7.24804190575731E-14,4.79311732315107E-14,-1.));
#2605=DIRECTION('',(0.902881671369504,-0.429889157231269,-8.35460616458389E-14));
#2606=DIRECTION('',(9.33577211492203E-13,-1.55898595672974E-12,-1.));
#2607=DIRECTION('',(-0.717170597677401,0.69689764946299,-1.78658007182207E-12));
#2608=DIRECTION('',(3.64978815366549E-14,4.13322902227308E-13,1.));
#2609=DIRECTION('',(-0.0539783791243276,0.998542104564004,-3.97017793738601E-13));
#2610=DIRECTION('',(2.67358902822327E-14,4.18959100737956E-14,1.));
#2611=DIRECTION('',(-0.183341398415485,-0.983049302744809,4.17730308229139E-14));
#2612=DIRECTION('',(8.36569114258207E-14,6.58587684127482E-14,1.));
#2613=DIRECTION('',(0.943016368557347,0.332746342779171,-1.0443257705729E-13));
#2614=DIRECTION('',(-6.92885915641989E-14,-7.51941170344966E-14,-1.));
#2615=DIRECTION('',(-0.079145904711019,0.996863042632976,-7.31028039401006E-14));
#2616=DIRECTION('',(0.,0.,-1.));
#2617=DIRECTION('',(-0.862551127997117,0.505969911744662,1.35183042168639E-14));
#2618=DIRECTION('',(-1.,0.,0.));
#2619=DIRECTION('',(-0.707106781186521,-0.707106781186574,4.05843601228379E-14));
#2620=DIRECTION('',(0.,-1.,0.));
#2621=DIRECTION('',(0.499999999999858,-0.866025403784521,6.57755229956092E-15));
#2622=DIRECTION('',(3.94531786526881E-14,2.63484959975248E-14,1.));
#2623=DIRECTION('',(-0.505969911745108,-0.862551127996855,3.7486599543463E-14));
#2624=DIRECTION('',(0.,-1.,0.));
#2625=DIRECTION('',(0.707106781186554,-0.707106781186541,-4.07880006547451E-15));
#2626=DIRECTION('',(1.,0.,0.));
#2627=DIRECTION('',(0.866025403784379,0.500000000000103,-3.97702158677462E-14));
#2628=DIRECTION('',(6.54163896703148E-15,4.60590317830393E-14,1.));
#2629=DIRECTION('',(2.62949841947561E-14,2.63377936369625E-14,1.));
#2630=DIRECTION('',(-0.866025403784136,-0.500000000000525,3.92241500844749E-14));
#2631=DIRECTION('',(-1.,0.,0.));
#2632=DIRECTION('',(-0.707106781186588,0.707106781186507,4.18181821690984E-15));
#2633=DIRECTION('',(0.,1.,0.));
#2634=DIRECTION('',(0.505969911745186,0.862551127996809,-3.78897807354375E-14));
#2635=DIRECTION('',(1.31367897368232E-14,2.63270912764126E-14,1.));
#2636=DIRECTION('',(-0.499999999999953,0.866025403784465,-6.76060365070308E-15));
#2637=DIRECTION('',(0.,1.,0.));
#2638=DIRECTION('',(0.707106781186534,0.707106781186561,-4.03759280490076E-14));
#2639=DIRECTION('',(1.,0.,0.));
#2640=DIRECTION('',(0.862551127997092,-0.505969911744705,-1.36206658202682E-14));
#2641=DIRECTION('',(3.55272762258312E-14,1.52259755253577E-14,1.));
#2642=DIRECTION('',(0.,0.,-1.));
#2643=DIRECTION('',(0.,0.,1.));
#2644=DIRECTION('',(-1.21925230865248E-13,-2.52856581367309E-12,-1.));
#2645=DIRECTION('',(0.319161111194449,-0.947700472249077,2.35531758705589E-12));
#2646=DIRECTION('',(3.74198082681583E-14,4.80411706028187E-12,1.));
#2647=DIRECTION('',(-0.317619044958756,-0.948218404313841,4.5658949871986E-12));
#2648=DIRECTION('',(2.65490502731601E-12,-1.85042486860902E-14,-1.));
#2649=DIRECTION('',(0.94770047224909,0.319161111194412,2.51321597278074E-12));
#2650=DIRECTION('',(-4.93055711585961E-12,5.79806114349573E-14,1.));
#2651=DIRECTION('',(0.948218404313873,-0.317619044958663,4.69747697530247E-12));
#2652=DIRECTION('',(-2.40205853014111E-12,1.87099041343768E-14,-1.));
#2653=DIRECTION('',(-0.9477004722491,-0.319161111194384,2.27636839419396E-12));
#2654=DIRECTION('',(4.67767700470673E-12,-1.68590051019386E-14,1.));
#2655=DIRECTION('',(-0.948218404313804,0.317619044958868,4.43431299909427E-12));
#2656=DIRECTION('',(-2.05655448101485E-15,2.52846497173916E-12,-1.));
#2657=DIRECTION('',(-0.319161111194502,0.94770047224906,2.3947921834873E-12));
#2658=DIRECTION('',(4.5234715296215E-14,-4.80404983232682E-12,1.));
#2659=DIRECTION('',(0.317619044958695,0.948218404313862,4.53957858957773E-12));
#2660=DIRECTION('',(1.01506503502371E-14,2.0301300700476E-14,1.));
#2661=DIRECTION('',(-1.50914201834394E-14,1.,-2.03013007004756E-14));
#2662=DIRECTION('',(5.07532517511889E-14,4.06026014009528E-14,1.));
#2663=DIRECTION('',(5.57657653537334E-14,-1.,4.06026014009513E-14));
#2664=DIRECTION('',(-2.03013007004763E-14,1.01506503502372E-14,-1.));
#2665=DIRECTION('',(1.00862551629639E-14,1.,1.01506503502377E-14));
#2666=DIRECTION('',(-5.0753251751188E-14,-2.03013007004766E-14,-1.));
#2667=DIRECTION('',(2.03814081287367E-14,-1.,2.03013007004753E-14));
#2668=DIRECTION('',(0.,0.,1.));
#2669=DIRECTION('',(-0.86602540378408,-0.500000000000621,3.98785643551061E-14));
#2670=DIRECTION('',(-1.,0.,0.));
#2671=DIRECTION('',(-0.707106781186534,0.707106781186561,3.76734984020955E-15));
#2672=DIRECTION('',(0.,1.,0.));
#2673=DIRECTION('',(0.505969911745159,0.862551127996825,-3.83249179934366E-14));
#2674=DIRECTION('',(2.62949841947521E-14,2.63377936369662E-14,1.));
#2675=DIRECTION('',(-0.499999999999905,0.866025403784494,-5.99696781892209E-15));
#2676=DIRECTION('',(0.,1.,0.));
#2677=DIRECTION('',(0.707106781186527,0.707106781186568,-3.97242783469171E-14));
#2678=DIRECTION('',(1.,0.,0.));
#2679=DIRECTION('',(0.862551127997125,-0.505969911744649,-1.35433006995596E-14));
#2680=DIRECTION('',(3.94424762921383E-14,3.95066904554552E-14,1.));
#2681=DIRECTION('',(0.866025403784457,0.499999999999969,-3.98794113880485E-14));
#2682=DIRECTION('',(1.,0.,0.));
#2683=DIRECTION('',(0.707106781186541,-0.707106781186554,-3.61162472757805E-15));
#2684=DIRECTION('',(0.,-1.,0.));
#2685=DIRECTION('',(-0.505969911745072,-0.862551127996877,3.85553352164654E-14));
#2686=DIRECTION('',(3.28687302434466E-14,3.29222420462142E-14,1.));
#2687=DIRECTION('',(0.499999999999961,-0.866025403784461,6.76573036749207E-15));
#2688=DIRECTION('',(0.,-1.,0.));
#2689=DIRECTION('',(-0.707106781186507,-0.707106781186588,4.01902557993309E-14));
#2690=DIRECTION('',(-1.,0.,0.));
#2691=DIRECTION('',(-0.862551127997195,0.505969911744528,1.34790605250468E-14));
#2692=DIRECTION('',(2.63056865553079E-14,1.3179599179032E-14,1.));
#2693=DIRECTION('',(0.,0.,-1.));
#2694=DIRECTION('',(-1.26406441598089E-13,-2.0766458615099E-14,-1.));
#2695=DIRECTION('',(0.947700472249058,0.319161111194506,-1.31581988103732E-13));
#2696=DIRECTION('',(-4.29725053668981E-14,2.02273836341349E-12,-1.));
#2697=DIRECTION('',(-0.319161111194509,0.947700472249057,1.9342552251244E-12));
#2698=DIRECTION('',(-1.04860570315981E-14,1.89626469385988E-13,1.));
#2699=DIRECTION('',(0.317619044958756,0.948218404313842,-1.7763568394001E-13));
#2700=DIRECTION('',(6.31864138101204E-14,3.10468601985938E-14,1.));
#2701=DIRECTION('',(0.94821840431381,-0.317619044958851,-5.26327952415035E-14));
#2702=DIRECTION('',(-3.98876736453027E-14,-1.76995909419513E-12,-1.));
#2703=DIRECTION('',(0.319161111194551,-0.947700472249043,1.67109124891701E-12));
#2704=DIRECTION('',(3.11496879226486E-14,-1.89609662397136E-13,1.));
#2705=DIRECTION('',(-0.31761904495862,-0.948218404313887,-1.71056584534765E-13));
#2706=DIRECTION('',(-2.1491784189894E-12,-2.24117021996383E-14,-1.));
#2707=DIRECTION('',(-0.947700472249104,-0.319161111194371,2.03952081560714E-12));
#2708=DIRECTION('',(-1.89693697341595E-13,7.21684665325914E-14,1.));
#2709=DIRECTION('',(-0.948218404313831,0.317619044958787,-2.03952081560693E-13));
#2710=DIRECTION('',(-1.,-6.83214169000095E-14,-6.83214169000148E-14));
#2711=DIRECTION('',(-1.,0.,0.));
#2712=DIRECTION('',(-5.68173109872116E-14,-3.00046473752703E-14,-1.));
#2713=DIRECTION('',(-3.54989208715435E-14,-2.0612276635091E-14,-1.));
#2714=DIRECTION('',(0.,0.,1.));
#2715=DIRECTION('',(0.,0.,1.));
#2716=DIRECTION('',(0.,0.,-1.));
#2717=DIRECTION('',(0.,0.,-1.));
#2718=DIRECTION('',(2.60109394340744E-14,1.99840144432537E-14,1.));
#2719=DIRECTION('',(0.,0.,1.));
#2720=DIRECTION('',(5.70801798722961E-14,3.38152724361964E-14,1.));
#2721=DIRECTION('',(2.37050106833316E-14,1.77212215788027E-14,1.));
#2722=DIRECTION('',(0.,0.,-1.));
#2723=DIRECTION('',(-6.19244850085343E-14,-3.63886149019227E-14,-1.));
#2724=DIRECTION('',(5.22125887709757E-17,-1.,3.70270116545868E-14));
#2725=DIRECTION('',(6.38396752665276E-16,-3.51118213965909E-14,-1.));
#2726=DIRECTION('',(-4.09180331832979E-14,1.,-3.44734246439256E-14));
#2727=DIRECTION('',(3.16006392569317E-14,2.45782749776149E-14,1.));
#2728=DIRECTION('',(-2.0356998626087E-14,1.,-2.4259076601281E-14));
#2729=DIRECTION('',(3.09622425042669E-14,2.52166717302802E-14,1.));
#2730=DIRECTION('',(1.02069729306712E-13,-1.,2.55358701066116E-14));
#2731=DIRECTION('',(-3.95068635505888E-14,-1.5459207476319E-14,-1.));
#2732=DIRECTION('',(-1.84542971554143E-14,1.,-1.48866442364539E-14));
#2733=DIRECTION('',(-2.23299663546809E-14,-1.66043339560455E-14,-1.));
#2734=DIRECTION('',(1.84467144298245E-14,-1.,1.71768971959083E-14));
#2735=DIRECTION('',(3.979314517052E-14,1.6318052336114E-14,1.));
#2736=DIRECTION('',(-1.85068483410941E-14,-1.,1.6604333956045E-14));
#2737=DIRECTION('',(2.20436847347489E-14,1.574548909625E-14,1.));
#2738=DIRECTION('',(-1.81059026566147E-14,1.,-1.54592074763178E-14));
#2739=DIRECTION('',(3.0927641400272E-14,3.53685334987736E-14,1.));
#2740=DIRECTION('',(6.0823883771419E-14,-1.,3.55271367880049E-14));
#2741=DIRECTION('',(3.1244847978736E-14,3.50513269203093E-14,1.));
#2742=DIRECTION('',(-4.05376967883413E-14,1.,-3.48927236310762E-14));
#2743=DIRECTION('',(3.63201532341647E-14,1.98254111540215E-14,1.));
#2744=DIRECTION('',(2.03896676726742E-14,1.,-1.96668078647888E-14));
#2745=DIRECTION('',(2.58523361448422E-14,2.01426177324857E-14,1.));
#2746=DIRECTION('',(1.01032052720815E-14,-1.,2.03012210217175E-14));
#2747=DIRECTION('',(3.19216171797664E-14,5.89738351287228E-14,1.));
#2748=DIRECTION('',(-3.44611804661755E-14,1.,-5.95148794877019E-14));
#2749=DIRECTION('',(3.0839528461806E-14,6.0055923846681E-14,1.));
#2750=DIRECTION('',(-3.47481125675336E-14,-1.,5.95148794877019E-14));
#2751=DIRECTION('',(-2.06949467309528E-14,7.70988211545184E-15,1.));
#2752=DIRECTION('',(6.90623898817514E-14,-1.,7.70988211545256E-15));
#2753=DIRECTION('',(8.29150480135426E-14,7.98040429494499E-15,1.));
#2754=DIRECTION('',(6.93897465140776E-14,1.,-7.98040429494212E-15));
#2755=DIRECTION('',(-3.08395284618084E-14,-2.43954478877006E-14,-1.));
#2756=DIRECTION('',(-2.95618271096949E-14,1.,-2.4855739357279E-14));
#2757=DIRECTION('',(-3.17601114009676E-14,-2.53160308268591E-14,-1.));
#2758=DIRECTION('',(2.95589030086093E-14,-1.,2.4855739357279E-14));
#2759=DIRECTION('',(6.04132553822768E-14,-4.14262322621316E-15,1.));
#2760=DIRECTION('',(-2.92927697515608E-14,1.,4.14262322621316E-15));
#2761=DIRECTION('',(1.72609301092233E-15,-4.37276896100278E-15,1.));
#2762=DIRECTION('',(2.92927697515626E-14,-1.,-4.37276896100278E-15));
#2763=DIRECTION('',(0.,0.,1.));
#2764=DIRECTION('',(-0.866025403784096,-0.500000000000593,3.93043065807244E-14));
#2765=DIRECTION('',(-1.,0.,0.));
#2766=DIRECTION('',(-0.707106781186568,0.707106781186527,3.61162472757955E-15));
#2767=DIRECTION('',(0.,1.,0.));
#2768=DIRECTION('',(0.505969911745128,0.862551127996844,-3.73405120511298E-14));
#2769=DIRECTION('',(3.94531786526824E-14,2.63484959975191E-14,1.));
#2770=DIRECTION('',(-0.499999999999936,0.866025403784475,-6.98178458327247E-15));
#2771=DIRECTION('',(0.,1.,0.));
#2772=DIRECTION('',(0.707106781186548,0.707106781186547,-3.98764098031038E-14));
#2773=DIRECTION('',(1.,0.,0.));
#2774=DIRECTION('',(0.862551127997143,-0.505969911744618,-1.3783370388454E-14));
#2775=DIRECTION('',(2.62949841947592E-14,2.63377936369695E-14,1.));
#2776=DIRECTION('',(0.866025403784336,0.500000000000178,-3.97401851810225E-14));
#2777=DIRECTION('',(1.,0.,0.));
#2778=DIRECTION('',(0.707106781186574,-0.707106781186521,-4.08359160740282E-15));
#2779=DIRECTION('',(0.,-1.,0.));
#2780=DIRECTION('',(-0.50596991174517,-0.862551127996819,3.75592395265751E-14));
#2781=DIRECTION('',(1.64236627611699E-14,2.9619315481039E-14,1.));
#2782=DIRECTION('',(0.499999999999937,-0.866025403784475,7.81085815486716E-15));
#2783=DIRECTION('',(0.,-1.,0.));
#2784=DIRECTION('',(-0.707106781186541,-0.707106781186554,4.00405201141081E-14));
#2785=DIRECTION('',(-1.,0.,0.));
#2786=DIRECTION('',(-0.862551127997117,0.505969911744662,1.40864721077091E-14));
#2787=DIRECTION('',(2.95872083993764E-14,2.30509206126187E-14,1.));
#2788=DIRECTION('',(0.,0.,-1.));
#2789=DIRECTION('',(-6.31864138101269E-14,-3.10468601985899E-14,-1.));
#2790=DIRECTION('',(0.94770047224906,0.319161111194501,-7.23700934570707E-14));
#2791=DIRECTION('',(-3.27949315075443E-14,2.21238163978866E-12,-1.));
#2792=DIRECTION('',(-0.319161111194508,0.947700472249058,2.10531180965894E-12));
#2793=DIRECTION('',(3.0905472078017E-14,1.10645552996937E-13,1.));
#2794=DIRECTION('',(0.317619044958677,0.948218404313868,-1.14723045877909E-13));
#2795=DIRECTION('',(2.76514090995701E-14,4.54266282205081E-15,1.));
#2796=DIRECTION('',(0.948218404313792,-0.317619044958902,-2.46716227694557E-14));
#2797=DIRECTION('',(1.22341283405574E-14,-2.33882169536482E-12,-1.));
#2798=DIRECTION('',(0.319161111194471,-0.94770047224907,2.21715649954682E-12));
#2799=DIRECTION('',(5.16719306931141E-14,-1.57608886011385E-14,1.));
#2800=DIRECTION('',(-0.317619044958698,-0.948218404313861,1.64477485129602E-15));
#2801=DIRECTION('',(-2.33880488837535E-12,-3.28977592310698E-14,-1.));
#2802=DIRECTION('',(-0.947700472249113,-0.319161111194342,2.2237355989527E-12));
#2803=DIRECTION('',(-3.35815430587939E-13,4.24703311546816E-15,1.));
#2804=DIRECTION('',(-0.948218404313796,0.317619044958891,-3.1990870857708E-13));
#2805=DIRECTION('',(0.,0.,1.));
#2806=DIRECTION('',(1.,0.,0.));
#2807=CARTESIAN_POINT('',(0.,0.,0.));
#2808=CARTESIAN_POINT('',(-0.0577258230416424,-0.113394521448521,7.19225683865737));
#2809=CARTESIAN_POINT('',(-0.0612564254734074,-0.109856616300618,7.23025823546509));
#2810=CARTESIAN_POINT('',(-0.0781669780324989,-0.104848022626696,7.19225683959752));
#2811=CARTESIAN_POINT('',(-0.0754405495361614,-0.100659036152658,7.23025823546509));
#2812=CARTESIAN_POINT('',(-0.0676287288263397,-0.0662961015844115,7.19225683817339));
#2813=CARTESIAN_POINT('',(-0.0842603888742971,-0.0596809830028819,7.2302582354651));
#2814=CARTESIAN_POINT('',(-0.0700570982824438,-0.0482200201339804,7.19226684015795));
#2815=CARTESIAN_POINT('',(2.05490289372458E-13,-1.21884748124575E-8,7.23025823546508));
#2816=CARTESIAN_POINT('',(-0.0615672051670258,0.0600948546135491,7.19226684015795));
#2817=CARTESIAN_POINT('',(-0.0775268908309244,0.0681936837740918,7.23025823546508));
#2818=CARTESIAN_POINT('',(-0.0693396144579053,0.106689272804703,7.19225683810986));
#2819=CARTESIAN_POINT('',(-0.0645101263412357,0.107977790098526,7.23025823546508));
#2820=CARTESIAN_POINT('',(-0.0517175519282391,0.120118581555665,7.19225683968969));
#2821=CARTESIAN_POINT('',(-0.049453167460769,0.115662128039932,7.23025823546507));
#2822=CARTESIAN_POINT('',(-0.0235997336331284,0.0917162302639882,7.19225683850725));
#2823=CARTESIAN_POINT('',(-0.0095550424102822,0.102812110516859,7.23025823546509));
#2824=CARTESIAN_POINT('',(-0.00673120270995575,0.084781218612485,7.19226684015795));
#2825=CARTESIAN_POINT('',(2.30016776963736E-13,-1.21884669996552E-8,7.23025823546507));
#2826=CARTESIAN_POINT('',(0.0828272838714579,0.0232713181253379,7.19226684015795));
#2827=CARTESIAN_POINT('',(0.0978209184972945,0.033043396766387,7.2302582354651));
#2828=CARTESIAN_POINT('',(0.127065435179487,0.00670521377019284,7.19225683961045));
#2829=CARTESIAN_POINT('',(0.125766247671829,0.00187825090799883,7.23025823546508));
#2830=CARTESIAN_POINT('',(0.129884529483586,-0.0152705977850047,7.19225683912925));
#2831=CARTESIAN_POINT('',(0.124893240673034,-0.0150036574583615,7.23025823546508));
#2832=CARTESIAN_POINT('',(0.0912284655539972,-0.0254201641149203,7.19225683982408));
#2833=CARTESIAN_POINT('',(0.0938154312852559,-0.0431311640793232,7.23025823546508));
#2834=CARTESIAN_POINT('',(0.076788300993055,-0.0365612350439246,7.19226684015795));
#2835=CARTESIAN_POINT('',(2.31143833163664E-13,-1.21884912425213E-8,7.23025823546507));
#2836=CARTESIAN_POINT('',(-0.0212600787037669,-0.0833662093043381,7.19226684015796));
#2837=CARTESIAN_POINT('',(-0.0202940276657575,-0.101237117105909,7.2302582354651));
#2838=CARTESIAN_POINT('',(0.130896058472456,0.121244609104199,7.19226684015795));
#2839=CARTESIAN_POINT('',(0.130896058436667,0.121244609104205,7.2682496307722));
#2840=CARTESIAN_POINT('',(-0.0331292296772823,-0.088764740043632,7.26824963077221));
#2841=CARTESIAN_POINT('',(-0.0577187544273725,-0.113387443296612,7.26824963077221));
#2842=CARTESIAN_POINT('',(-0.033129229677284,-0.0887647400436338,7.19226684015796));
#2843=CARTESIAN_POINT('',(-0.0577187544273743,-0.113387443296613,7.19226684015796));
#2844=CARTESIAN_POINT('',(-0.0639770385896492,-0.11404948166661,7.19226684015796));
#2845=CARTESIAN_POINT('',(-0.0639770385896474,-0.114049481666608,7.26824963077221));
#2846=CARTESIAN_POINT('',(-0.078158585542929,-0.104853464732299,7.26824963077221));
#2847=CARTESIAN_POINT('',(-0.0781585855429316,-0.104853464732299,7.19226684015796));
#2848=CARTESIAN_POINT('',(-0.0801073272279353,-0.0988695846111565,7.19226684015796));
#2849=CARTESIAN_POINT('',(-0.0801073272279309,-0.0988695846111547,7.26824963077221));
#2850=CARTESIAN_POINT('',(-0.067632307757826,-0.0663054438406707,7.26824963077221));
#2851=CARTESIAN_POINT('',(-0.0676323077578287,-0.0663054438406725,7.19226684015796));
#2852=CARTESIAN_POINT('',(-0.0675196751583407,-0.0533465479619615,7.19226684015796));
#2853=CARTESIAN_POINT('',(-0.067519675158338,-0.0533465479619597,7.26824963077221));
#2854=CARTESIAN_POINT('',(-0.0700570982824438,-0.0482200201339804,7.19226684015795));
#2855=CARTESIAN_POINT('',(-0.0700570982824411,-0.0482200201339769,7.2682496307722));
#2856=CARTESIAN_POINT('',(-0.0646088541982195,0.0553069687923688,7.26824963077221));
#2857=CARTESIAN_POINT('',(-0.0646088541982186,0.0553069687923688,7.19226684015795));
#2858=CARTESIAN_POINT('',(-0.0615672051670257,0.0600948546135474,7.19226684015795));
#2859=CARTESIAN_POINT('',(-0.0615672051670249,0.0600948546135509,7.2682496307722));
#2860=CARTESIAN_POINT('',(-0.0603078944435973,0.0730731062476266,7.19226684015796));
#2861=CARTESIAN_POINT('',(-0.0603078944435955,0.0730731062476284,7.2682496307722));
#2862=CARTESIAN_POINT('',(-0.069337018595478,0.106679610974687,7.2682496307722));
#2863=CARTESIAN_POINT('',(-0.0693370185954807,0.106679610974686,7.19226684015795));
#2864=CARTESIAN_POINT('',(-0.066781218561041,0.112430463228318,7.19226684015795));
#2865=CARTESIAN_POINT('',(-0.0667812185610384,0.112430463228321,7.2682496307722));
#2866=CARTESIAN_POINT('',(-0.0517264608056553,0.120114034687668,7.2682496307722));
#2867=CARTESIAN_POINT('',(-0.051726460805658,0.120114034687666,7.19226684015795));
#2868=CARTESIAN_POINT('',(-0.0455698977650423,0.11880975443172,7.19226684015795));
#2869=CARTESIAN_POINT('',(-0.0455698977650396,0.11880975443172,7.2682496307722));
#2870=CARTESIAN_POINT('',(-0.0236060343404416,0.091724000272662,7.2682496307722));
#2871=CARTESIAN_POINT('',(-0.0236060343404425,0.091724000272662,7.19226684015795));
#2872=CARTESIAN_POINT('',(-0.0124396176042492,0.0851470096408571,7.19226684015795));
#2873=CARTESIAN_POINT('',(-0.0124396176042465,0.0851470096408606,7.2682496307722));
#2874=CARTESIAN_POINT('',(-0.00673120270995575,0.0847812186124832,7.19226684015795));
#2875=CARTESIAN_POINT('',(-0.00673120270995309,0.084781218612485,7.2682496307722));
#2876=CARTESIAN_POINT('',(0.0802016776354737,0.0282994063663891,7.2682496307722));
#2877=CARTESIAN_POINT('',(0.0802016776354693,0.0282994063663837,7.19226684015795));
#2878=CARTESIAN_POINT('',(0.0828272838714561,0.0232713181253379,7.19226684015795));
#2879=CARTESIAN_POINT('',(0.0828272838714597,0.0232713181253397,7.2682496307722));
#2880=CARTESIAN_POINT('',(0.0934371241215466,0.0156915972305702,7.19226684015795));
#2881=CARTESIAN_POINT('',(0.093437124121551,0.0156915972305738,7.2682496307722));
#2882=CARTESIAN_POINT('',(0.127055773023529,0.00670779575649938,7.2682496307722));
#2883=CARTESIAN_POINT('',(0.127055773023526,0.00670779575649583,7.19226684015795));
#2884=CARTESIAN_POINT('',(0.13075825715136,0.00161898187286269,7.19226684015795));
#2885=CARTESIAN_POINT('',(0.130758257151364,0.00161898187286713,7.2682496307722));
#2886=CARTESIAN_POINT('',(0.12988504634926,-0.015260606520795,7.2682496307722));
#2887=CARTESIAN_POINT('',(0.129885046349259,-0.0152606065207959,7.19226684015795));
#2888=CARTESIAN_POINT('',(0.125677224993647,-0.0199402063859964,7.19226684015795));
#2889=CARTESIAN_POINT('',(0.12567722499365,-0.0199402063859928,7.2682496307722));
#2890=CARTESIAN_POINT('',(0.0912383420989418,-0.0254185929974193,7.2682496307722));
#2891=CARTESIAN_POINT('',(0.0912383420989391,-0.0254185929974211,7.19226684015795));
#2892=CARTESIAN_POINT('',(0.079959292763256,-0.0318004982443068,7.19226684015795));
#2893=CARTESIAN_POINT('',(0.079959292763256,-0.0318004982443041,7.2682496307722));
#2894=CARTESIAN_POINT('',(0.076788300993055,-0.0365612350439246,7.19226684015795));
#2895=CARTESIAN_POINT('',(0.076788300993055,-0.0365612350439219,7.2682496307722));
#2896=CARTESIAN_POINT('',(-0.0155928234365561,-0.0836064117241611,7.2682496307722));
#2897=CARTESIAN_POINT('',(-0.0155928234365597,-0.0836064117241646,7.19226684015796));
#2898=CARTESIAN_POINT('',(-0.0212600787037669,-0.0833662093043381,7.19226684015796));
#2899=CARTESIAN_POINT('',(-0.0212600787037651,-0.0833662093043381,7.2682496307722));
#2900=CARTESIAN_POINT('',(-0.0331292296772823,-0.088764740043632,7.26824963077221));
#2901=CARTESIAN_POINT('',(-0.0391196029396328,-0.0947631960818259,7.26824963077221));
#2902=CARTESIAN_POINT('',(-0.0451099762019878,-0.10076165212002,7.2682496307722));
#2903=CARTESIAN_POINT('',(-0.0511003494643374,-0.106760108158212,7.26824963077221));
#2904=CARTESIAN_POINT('',(-0.0533064834000507,-0.108969218817626,7.26824963077221));
#2905=CARTESIAN_POINT('',(-0.0555126173357623,-0.111178329477041,7.26824963077221));
#2906=CARTESIAN_POINT('',(-0.0577187544273725,-0.113387443296612,7.2682496307722));
#2907=CARTESIAN_POINT('',(-0.033129229677284,-0.0887647400436338,7.19226684015796));
#2908=CARTESIAN_POINT('',(-0.0331292296772823,-0.088764740043632,7.26824963077221));
#2909=CARTESIAN_POINT('',(-0.0577187544273761,-0.113387443296615,7.19226684015796));
#2910=CARTESIAN_POINT('',(-0.0555126173357623,-0.111178329477042,7.19226684015796));
#2911=CARTESIAN_POINT('',(-0.0533064834000516,-0.108969218817626,7.19226684015796));
#2912=CARTESIAN_POINT('',(-0.0511003494643418,-0.106760108158213,7.19226684015796));
#2913=CARTESIAN_POINT('',(-0.0451099762019904,-0.100761652120021,7.19226684015796));
#2914=CARTESIAN_POINT('',(-0.0391196029396372,-0.0947631960818258,7.19226684015796));
#2915=CARTESIAN_POINT('',(-0.033129229677284,-0.0887647400436338,7.19226684015795));
#2916=CARTESIAN_POINT('',(-0.0577187544273725,-0.113387443296612,7.26824963077221));
#2917=CARTESIAN_POINT('',(-0.0577187544273743,-0.113387443296613,7.19226684015796));
#2918=CARTESIAN_POINT('',(-0.0612564254734085,-0.109856616300619,7.19226684015796));
#2919=CARTESIAN_POINT('',(-0.0639770385896492,-0.11404948166661,7.19226684015796));
#2920=CARTESIAN_POINT('',(-0.0577187544273761,-0.113387443296615,7.19226684015796));
#2921=CARTESIAN_POINT('',(-0.0612564254734063,-0.109856616300617,7.26824963077221));
#2922=CARTESIAN_POINT('',(-0.0577187544273725,-0.113387443296612,7.26824963077221));
#2923=CARTESIAN_POINT('',(-0.0639770385896474,-0.114049481666608,7.26824963077221));
#2924=CARTESIAN_POINT('',(-0.0639770385896474,-0.114049481666608,7.26824963077221));
#2925=CARTESIAN_POINT('',(-0.0639770385896492,-0.11404948166661,7.19226684015796));
#2926=CARTESIAN_POINT('',(-0.0639770385896474,-0.114049481666608,7.26824963077221));
#2927=CARTESIAN_POINT('',(-0.0687042197803605,-0.110984143419341,7.26824963077221));
#2928=CARTESIAN_POINT('',(-0.0734314009710717,-0.107918805172069,7.26824963077221));
#2929=CARTESIAN_POINT('',(-0.078158585542929,-0.104853464732299,7.26824963077221));
#2930=CARTESIAN_POINT('',(-0.0781585855429317,-0.104853464732299,7.19226684015796));
#2931=CARTESIAN_POINT('',(-0.07343140322517,-0.107918803710403,7.19226684015796));
#2932=CARTESIAN_POINT('',(-0.0687042209074109,-0.110984142688507,7.19226684015796));
#2933=CARTESIAN_POINT('',(-0.0639770385896492,-0.11404948166661,7.19226684015796));
#2934=CARTESIAN_POINT('',(-0.078158585542929,-0.104853464732299,7.26824963077221));
#2935=CARTESIAN_POINT('',(-0.0781585855429316,-0.104853464732299,7.19226684015796));
#2936=CARTESIAN_POINT('',(-0.0754405495361619,-0.100659036152657,7.19226684015796));
#2937=CARTESIAN_POINT('',(-0.0801073272279354,-0.0988695846111565,7.19226684015796));
#2938=CARTESIAN_POINT('',(-0.0781585855429317,-0.104853464732299,7.19226684015796));
#2939=CARTESIAN_POINT('',(-0.075440549536163,-0.100659036152659,7.26824963077221));
#2940=CARTESIAN_POINT('',(-0.078158585542929,-0.104853464732299,7.26824963077221));
#2941=CARTESIAN_POINT('',(-0.0801073272279309,-0.0988695846111547,7.26824963077221));
#2942=CARTESIAN_POINT('',(-0.0801073272279309,-0.0988695846111547,7.26824963077221));
#2943=CARTESIAN_POINT('',(-0.0801073272279354,-0.0988695846111565,7.19226684015796));
#2944=CARTESIAN_POINT('',(-0.0801073272279309,-0.0988695846111547,7.26824963077221));
#2945=CARTESIAN_POINT('',(-0.0789904493132339,-0.0959541447014392,7.26824963077221));
#2946=CARTESIAN_POINT('',(-0.0778735713985368,-0.0930387047917254,7.26824963077221));
#2947=CARTESIAN_POINT('',(-0.0767566934838442,-0.0901232648820116,7.2682496307722));
#2948=CARTESIAN_POINT('',(-0.0737152315751715,-0.0821839912015658,7.26824963077221));
#2949=CARTESIAN_POINT('',(-0.0706737696664988,-0.0742447175211183,7.26824963077221));
#2950=CARTESIAN_POINT('',(-0.067632307757826,-0.0663054438406707,7.2682496307722));
#2951=CARTESIAN_POINT('',(-0.0676323077578287,-0.0663054438406725,7.19226684015796));
#2952=CARTESIAN_POINT('',(-0.0706737696665014,-0.0742447175211201,7.19226684015796));
#2953=CARTESIAN_POINT('',(-0.0737152315751741,-0.0821839912015676,7.19226684015796));
#2954=CARTESIAN_POINT('',(-0.076756693483846,-0.0901232648820134,7.19226684015796));
#2955=CARTESIAN_POINT('',(-0.077873571398543,-0.0930387047917272,7.19226684015796));
#2956=CARTESIAN_POINT('',(-0.0789904493132365,-0.095954144701441,7.19226684015796));
#2957=CARTESIAN_POINT('',(-0.0801073272279353,-0.0988695846111565,7.19226684015796));
#2958=CARTESIAN_POINT('',(-0.067632307757826,-0.0663054438406707,7.26824963077221));
#2959=CARTESIAN_POINT('',(-0.0676323077578287,-0.0663054438406725,7.19226684015796));
#2960=CARTESIAN_POINT('',(-0.0842603888742992,-0.0596809830028828,7.19226684015794));
#2961=CARTESIAN_POINT('',(-0.0675196751583407,-0.0533465479619615,7.19226684015796));
#2962=CARTESIAN_POINT('',(-0.0676323077578287,-0.0663054438406725,7.19226684015796));
#2963=CARTESIAN_POINT('',(-0.0842603888743002,-0.059680983002881,7.26824963077222));
#2964=CARTESIAN_POINT('',(-0.067632307757826,-0.0663054438406707,7.26824963077221));
#2965=CARTESIAN_POINT('',(-0.067519675158338,-0.0533465479619597,7.26824963077221));
#2966=CARTESIAN_POINT('',(-0.067519675158338,-0.0533465479619597,7.26824963077221));
#2967=CARTESIAN_POINT('',(-0.0675196751583407,-0.0533465479619615,7.19226684015796));
#2968=CARTESIAN_POINT('',(-0.0700570982824438,-0.0482200201339804,7.19226684015795));
#2969=CARTESIAN_POINT('',(-0.0689685547051866,-0.0498015255638027,7.19226684015796));
#2970=CARTESIAN_POINT('',(-0.068115515246312,-0.0515285621586177,7.19226684015796));
#2971=CARTESIAN_POINT('',(-0.0675196751583407,-0.0533465479619615,7.19226684015796));
#2972=CARTESIAN_POINT('',(-0.067519675158338,-0.0533465479619597,7.26824963077221));
#2973=CARTESIAN_POINT('',(-0.0681155152463093,-0.0515285621586159,7.26824963077221));
#2974=CARTESIAN_POINT('',(-0.0689685547051839,-0.0498015255637991,7.2682496307722));
#2975=CARTESIAN_POINT('',(-0.0700570982824411,-0.0482200201339769,7.2682496307722));
#2976=CARTESIAN_POINT('',(-0.0700570982824411,-0.0482200201339769,7.2682496307722));
#2977=CARTESIAN_POINT('',(-0.0700570982824438,-0.0482200201339804,7.19226684015795));
#2978=CARTESIAN_POINT('',(-0.0646088541982178,0.0553069687923707,7.2682496307722));
#2979=CARTESIAN_POINT('',(-0.0646088541982187,0.0553069687923689,7.19226684015795));
#2980=CARTESIAN_POINT('',(-0.0615672051670258,0.0600948546135474,7.19226684015795));
#2981=CARTESIAN_POINT('',(-0.0623480660639677,0.0583660810590008,7.19226684015795));
#2982=CARTESIAN_POINT('',(-0.0633708244310585,0.0567532181319219,7.19226684015796));
#2983=CARTESIAN_POINT('',(-0.0646088541982204,0.0553069687923689,7.19226684015795));
#2984=CARTESIAN_POINT('',(-0.064608854198216,0.0553069687923706,7.2682496307722));
#2985=CARTESIAN_POINT('',(-0.063370824431054,0.0567532181319255,7.2682496307722));
#2986=CARTESIAN_POINT('',(-0.0623480660639633,0.0583660810590043,7.2682496307722));
#2987=CARTESIAN_POINT('',(-0.0615672051670249,0.0600948546135509,7.2682496307722));
#2988=CARTESIAN_POINT('',(-0.0615672051670249,0.0600948546135509,7.2682496307722));
#2989=CARTESIAN_POINT('',(-0.0615672051670258,0.0600948546135474,7.19226684015795));
#2990=CARTESIAN_POINT('',(-0.0775268908309059,0.0681936837740855,7.19226684015797));
#2991=CARTESIAN_POINT('',(-0.0603078944435973,0.0730731062476267,7.19226684015796));
#2992=CARTESIAN_POINT('',(-0.0615672051670258,0.0600948546135474,7.19226684015795));
#2993=CARTESIAN_POINT('',(-0.0775268908309133,0.0681936837740904,7.2682496307722));
#2994=CARTESIAN_POINT('',(-0.0615672051670249,0.0600948546135509,7.2682496307722));
#2995=CARTESIAN_POINT('',(-0.0603078944435955,0.0730731062476284,7.2682496307722));
#2996=CARTESIAN_POINT('',(-0.0603078944435955,0.0730731062476284,7.2682496307722));
#2997=CARTESIAN_POINT('',(-0.0603078944435973,0.0730731062476267,7.19226684015796));
#2998=CARTESIAN_POINT('',(-0.0603078944435955,0.0730731062476284,7.2682496307722));
#2999=CARTESIAN_POINT('',(-0.062507523124979,0.0812601496900758,7.2682496307722));
#3000=CARTESIAN_POINT('',(-0.0647071518063625,0.0894471931325232,7.2682496307722));
#3001=CARTESIAN_POINT('',(-0.0669067804877468,0.097634236574967,7.2682496307722));
#3002=CARTESIAN_POINT('',(-0.0677168594707158,0.100649359937153,7.2682496307722));
#3003=CARTESIAN_POINT('',(-0.0685269384536849,0.103664483299335,7.2682496307722));
#3004=CARTESIAN_POINT('',(-0.0693370185954763,0.106679610974689,7.2682496307722));
#3005=CARTESIAN_POINT('',(-0.0693370185954816,0.106679610974688,7.19226684015795));
#3006=CARTESIAN_POINT('',(-0.0685269384536866,0.103664483299335,7.19226684015795));
#3007=CARTESIAN_POINT('',(-0.0677168594707176,0.100649359937151,7.19226684015795));
#3008=CARTESIAN_POINT('',(-0.0669067804877486,0.097634236574967,7.19226684015795));
#3009=CARTESIAN_POINT('',(-0.0647071518063633,0.0894471931325232,7.19226684015795));
#3010=CARTESIAN_POINT('',(-0.0625075231249817,0.0812601496900722,7.19226684015795));
#3011=CARTESIAN_POINT('',(-0.0603078944435973,0.0730731062476266,7.19226684015795));
#3012=CARTESIAN_POINT('',(-0.069337018595478,0.106679610974687,7.2682496307722));
#3013=CARTESIAN_POINT('',(-0.0693370185954807,0.106679610974686,7.19226684015795));
#3014=CARTESIAN_POINT('',(-0.0645101263412345,0.107977790098522,7.19226684015796));
#3015=CARTESIAN_POINT('',(-0.066781218561041,0.112430463228318,7.19226684015795));
#3016=CARTESIAN_POINT('',(-0.0693370185954816,0.106679610974688,7.19226684015795));
#3017=CARTESIAN_POINT('',(-0.064510126341237,0.10797779009853,7.26824963077221));
#3018=CARTESIAN_POINT('',(-0.0693370185954763,0.106679610974689,7.2682496307722));
#3019=CARTESIAN_POINT('',(-0.0667812185610384,0.112430463228321,7.2682496307722));
#3020=CARTESIAN_POINT('',(-0.0667812185610384,0.112430463228321,7.2682496307722));
#3021=CARTESIAN_POINT('',(-0.066781218561041,0.112430463228318,7.19226684015795));
#3022=CARTESIAN_POINT('',(-0.0667812185610384,0.112430463228321,7.2682496307722));
#3023=CARTESIAN_POINT('',(-0.0617629671723545,0.114991653104134,7.2682496307722));
#3024=CARTESIAN_POINT('',(-0.0567447157836707,0.117552842979948,7.2682496307722));
#3025=CARTESIAN_POINT('',(-0.0517264608056554,0.120114034687666,7.2682496307722));
#3026=CARTESIAN_POINT('',(-0.0517264608056563,0.120114034687664,7.19226684015795));
#3027=CARTESIAN_POINT('',(-0.0567447133907857,0.117552844201216,7.19226684015795));
#3028=CARTESIAN_POINT('',(-0.0617629659759134,0.114991653714766,7.19226684015795));
#3029=CARTESIAN_POINT('',(-0.066781218561041,0.112430463228318,7.19226684015795));
#3030=CARTESIAN_POINT('',(-0.0517264608056553,0.120114034687668,7.2682496307722));
#3031=CARTESIAN_POINT('',(-0.051726460805658,0.120114034687666,7.19226684015795));
#3032=CARTESIAN_POINT('',(-0.0494531674607688,0.115662128039933,7.19226684015795));
#3033=CARTESIAN_POINT('',(-0.0455698977650423,0.11880975443172,7.19226684015795));
#3034=CARTESIAN_POINT('',(-0.0517264608056563,0.120114034687664,7.19226684015795));
#3035=CARTESIAN_POINT('',(-0.0494531674607683,0.115662128039932,7.2682496307722));
#3036=CARTESIAN_POINT('',(-0.0517264608056554,0.120114034687666,7.2682496307722));
#3037=CARTESIAN_POINT('',(-0.0455698977650396,0.11880975443172,7.2682496307722));
#3038=CARTESIAN_POINT('',(-0.0455698977650396,0.11880975443172,7.2682496307722));
#3039=CARTESIAN_POINT('',(-0.0455698977650423,0.11880975443172,7.19226684015795));
#3040=CARTESIAN_POINT('',(-0.0455698977650396,0.11880975443172,7.2682496307722));
#3041=CARTESIAN_POINT('',(-0.0436034907597165,0.116384788673497,7.2682496307722));
#3042=CARTESIAN_POINT('',(-0.0416370851608665,0.113959824649746,7.2682496307722));
#3043=CARTESIAN_POINT('',(-0.0396706795620272,0.111534860625992,7.2682496307722));
#3044=CARTESIAN_POINT('',(-0.0343157978214972,0.104931240508216,7.2682496307722));
#3045=CARTESIAN_POINT('',(-0.028960916080969,0.0983276203904398,7.2682496307722));
#3046=CARTESIAN_POINT('',(-0.0236060343404416,0.091724000272662,7.2682496307722));
#3047=CARTESIAN_POINT('',(-0.0236060343404425,0.091724000272662,7.19226684015795));
#3048=CARTESIAN_POINT('',(-0.0289609160809707,0.0983276203904371,7.19226684015795));
#3049=CARTESIAN_POINT('',(-0.034315797821499,0.104931240508214,7.19226684015795));
#3050=CARTESIAN_POINT('',(-0.0396706795620299,0.111534860625992,7.19226684015795));
#3051=CARTESIAN_POINT('',(-0.0416370856296995,0.113959825227901,7.19226684015795));
#3052=CARTESIAN_POINT('',(-0.0436034916973727,0.11638478982981,7.19226684015795));
#3053=CARTESIAN_POINT('',(-0.0455698977650423,0.11880975443172,7.19226684015795));
#3054=CARTESIAN_POINT('',(-0.0236060343404416,0.091724000272662,7.2682496307722));
#3055=CARTESIAN_POINT('',(-0.0236060343404425,0.091724000272662,7.19226684015795));
#3056=CARTESIAN_POINT('',(-0.00955504241028655,0.102812110516846,7.19226684015798));
#3057=CARTESIAN_POINT('',(-0.0124396176042492,0.0851470096408571,7.19226684015795));
#3058=CARTESIAN_POINT('',(-0.0236060343404425,0.091724000272662,7.19226684015795));
#3059=CARTESIAN_POINT('',(-0.00955504241028183,0.102812110516863,7.26824963077219));
#3060=CARTESIAN_POINT('',(-0.0236060343404416,0.091724000272662,7.2682496307722));
#3061=CARTESIAN_POINT('',(-0.0124396176042465,0.0851470096408607,7.2682496307722));
#3062=CARTESIAN_POINT('',(-0.0124396176042465,0.0851470096408607,7.2682496307722));
#3063=CARTESIAN_POINT('',(-0.0124396176042492,0.0851470096408571,7.19226684015795));
#3064=CARTESIAN_POINT('',(-0.00673120270995575,0.0847812186124832,7.19226684015795));
#3065=CARTESIAN_POINT('',(-0.00864509838609706,0.0846292649355993,7.19226684015795));
#3066=CARTESIAN_POINT('',(-0.0105672756795752,0.0847540293937969,7.19226684015795));
#3067=CARTESIAN_POINT('',(-0.0124396176042492,0.0851470096408571,7.19226684015795));
#3068=CARTESIAN_POINT('',(-0.0124396176042465,0.0851470096408606,7.2682496307722));
#3069=CARTESIAN_POINT('',(-0.0105672756795743,0.0847540293937969,7.2682496307722));
#3070=CARTESIAN_POINT('',(-0.00864509838609084,0.0846292649356046,7.2682496307722));
#3071=CARTESIAN_POINT('',(-0.00673120270995309,0.084781218612485,7.2682496307722));
#3072=CARTESIAN_POINT('',(-0.00673120270995309,0.084781218612485,7.2682496307722));
#3073=CARTESIAN_POINT('',(-0.00673120270995575,0.0847812186124832,7.19226684015795));
#3074=CARTESIAN_POINT('',(0.0802016776354701,0.0282994063663873,7.2682496307722));
#3075=CARTESIAN_POINT('',(0.080201677635471,0.0282994063663864,7.19226684015795));
#3076=CARTESIAN_POINT('',(0.0828272838714561,0.0232713181253379,7.19226684015795));
#3077=CARTESIAN_POINT('',(0.0817205525014248,0.0248119502801734,7.19226684015795));
#3078=CARTESIAN_POINT('',(0.0808351514184968,0.0265041164722915,7.19226684015795));
#3079=CARTESIAN_POINT('',(0.0802016776354693,0.0282994063663837,7.19226684015795));
#3080=CARTESIAN_POINT('',(0.0802016776354737,0.0282994063663891,7.2682496307722));
#3081=CARTESIAN_POINT('',(0.0808351514184977,0.0265041164722932,7.2682496307722));
#3082=CARTESIAN_POINT('',(0.0817205525014231,0.0248119502801751,7.2682496307722));
#3083=CARTESIAN_POINT('',(0.0828272838714597,0.0232713181253397,7.2682496307722));
#3084=CARTESIAN_POINT('',(0.0828272838714597,0.0232713181253397,7.2682496307722));
#3085=CARTESIAN_POINT('',(0.0828272838714561,0.0232713181253379,7.19226684015795));
#3086=CARTESIAN_POINT('',(0.0978209184972983,0.0330433967663908,7.19226684015799));
#3087=CARTESIAN_POINT('',(0.0934371241215466,0.0156915972305702,7.19226684015795));
#3088=CARTESIAN_POINT('',(0.0828272838714561,0.0232713181253379,7.19226684015795));
#3089=CARTESIAN_POINT('',(0.0978209184973028,0.0330433967663985,7.26824963077221));
#3090=CARTESIAN_POINT('',(0.0828272838714597,0.0232713181253397,7.2682496307722));
#3091=CARTESIAN_POINT('',(0.093437124121551,0.0156915972305738,7.2682496307722));
#3092=CARTESIAN_POINT('',(0.093437124121551,0.0156915972305738,7.2682496307722));
#3093=CARTESIAN_POINT('',(0.0934371241215466,0.0156915972305702,7.19226684015795));
#3094=CARTESIAN_POINT('',(0.093437124121551,0.0156915972305738,7.2682496307722));
#3095=CARTESIAN_POINT('',(0.101627129970585,0.0135030087827213,7.2682496307722));
#3096=CARTESIAN_POINT('',(0.109817129961676,0.0113144219002717,7.2682496307722));
#3097=CARTESIAN_POINT('',(0.118007129952763,0.00912583501781761,7.2682496307722));
#3098=CARTESIAN_POINT('',(0.121023344309685,0.00831982193071035,7.2682496307722));
#3099=CARTESIAN_POINT('',(0.124039558666609,0.00751380884360487,7.2682496307722));
#3100=CARTESIAN_POINT('',(0.127055773023529,0.00670779575649938,7.2682496307722));
#3101=CARTESIAN_POINT('',(0.127055773023526,0.00670779575649583,7.19226684015795));
#3102=CARTESIAN_POINT('',(0.124039558666604,0.00751380884360309,7.19226684015795));
#3103=CARTESIAN_POINT('',(0.121023344309682,0.00831982193070857,7.19226684015795));
#3104=CARTESIAN_POINT('',(0.118007129952762,0.00912583501781761,7.19226684015795));
#3105=CARTESIAN_POINT('',(0.109817128009023,0.0113144224220676,7.19226684015795));
#3106=CARTESIAN_POINT('',(0.101627126065285,0.0135030098263202,7.19226684015795));
#3107=CARTESIAN_POINT('',(0.0934371241215466,0.0156915972305702,7.19226684015795));
#3108=CARTESIAN_POINT('',(0.127055773023529,0.00670779575649938,7.2682496307722));
#3109=CARTESIAN_POINT('',(0.127055773023526,0.00670779575649583,7.19226684015795));
#3110=CARTESIAN_POINT('',(0.125766247671828,0.00187825090799862,7.19226684015796));
#3111=CARTESIAN_POINT('',(0.13075825715136,0.00161898187286269,7.19226684015795));
#3112=CARTESIAN_POINT('',(0.127055773023526,0.00670779575649584,7.19226684015795));
#3113=CARTESIAN_POINT('',(0.125766247671828,0.00187825090799872,7.2682496307722));
#3114=CARTESIAN_POINT('',(0.127055773023529,0.00670779575649938,7.2682496307722));
#3115=CARTESIAN_POINT('',(0.130758257151364,0.00161898187286713,7.2682496307722));
#3116=CARTESIAN_POINT('',(0.130758257151364,0.00161898187286713,7.2682496307722));
#3117=CARTESIAN_POINT('',(0.13075825715136,0.00161898187286269,7.19226684015795));
#3118=CARTESIAN_POINT('',(0.130758257151364,0.00161898187286713,7.2682496307722));
#3119=CARTESIAN_POINT('',(0.130467186745201,-0.0040075502746264,7.2682496307722));
#3120=CARTESIAN_POINT('',(0.13017611654723,-0.00963407839771069,7.2682496307722));
#3121=CARTESIAN_POINT('',(0.12988504634926,-0.015260606520795,7.2682496307722));
#3122=CARTESIAN_POINT('',(0.129885046349259,-0.0152606065207959,7.19226684015795));
#3123=CARTESIAN_POINT('',(0.130176116616627,-0.00963407705624242,7.19226684015795));
#3124=CARTESIAN_POINT('',(0.130467186883995,-0.00400754759169075,7.19226684015795));
#3125=CARTESIAN_POINT('',(0.13075825715136,0.00161898187286269,7.19226684015795));
#3126=CARTESIAN_POINT('',(0.12988504634926,-0.015260606520795,7.2682496307722));
#3127=CARTESIAN_POINT('',(0.129885046349259,-0.0152606065207959,7.19226684015795));
#3128=CARTESIAN_POINT('',(0.124893240673032,-0.0150036574583617,7.19226684015795));
#3129=CARTESIAN_POINT('',(0.125677224993647,-0.0199402063859964,7.19226684015795));
#3130=CARTESIAN_POINT('',(0.129885046349259,-0.0152606065207959,7.19226684015795));
#3131=CARTESIAN_POINT('',(0.124893240673038,-0.0150036574583631,7.2682496307722));
#3132=CARTESIAN_POINT('',(0.12988504634926,-0.015260606520795,7.2682496307722));
#3133=CARTESIAN_POINT('',(0.12567722499365,-0.0199402063859928,7.2682496307722));
#3134=CARTESIAN_POINT('',(0.12567722499365,-0.0199402063859928,7.2682496307722));
#3135=CARTESIAN_POINT('',(0.125677224993647,-0.0199402063859964,7.19226684015795));
#3136=CARTESIAN_POINT('',(0.12567722499365,-0.0199402063859928,7.2682496307722));
#3137=CARTESIAN_POINT('',(0.122593939541057,-0.0204306819276745,7.2682496307722));
#3138=CARTESIAN_POINT('',(0.119510656293803,-0.0209211571185399,7.2682496307722));
#3139=CARTESIAN_POINT('',(0.11642737304655,-0.0214116323094071,7.2682496307722));
#3140=CARTESIAN_POINT('',(0.107172522524264,-0.0228838533842612,7.2682496307722));
#3141=CARTESIAN_POINT('',(0.0979176720019783,-0.0243560744591163,7.2682496307722));
#3142=CARTESIAN_POINT('',(0.0912383420989418,-0.0254185929974193,7.2682496307722));
#3143=CARTESIAN_POINT('',(0.0912383420989391,-0.0254185929974211,7.19226684015795));
#3144=CARTESIAN_POINT('',(0.0979176720019792,-0.024356074459118,7.19226684015795));
#3145=CARTESIAN_POINT('',(0.107172522524261,-0.0228838533842648,7.19226684015795));
#3146=CARTESIAN_POINT('',(0.116427373046546,-0.0214116323094071,7.19226684015795));
#3147=CARTESIAN_POINT('',(0.119510657028914,-0.0209211570016041,7.19226684015795));
#3148=CARTESIAN_POINT('',(0.122593941011281,-0.0204306816937994,7.19226684015795));
#3149=CARTESIAN_POINT('',(0.125677224993647,-0.0199402063859964,7.19226684015795));
#3150=CARTESIAN_POINT('',(0.0912383420989418,-0.0254185929974193,7.2682496307722));
#3151=CARTESIAN_POINT('',(0.0912383420989391,-0.0254185929974211,7.19226684015795));
#3152=CARTESIAN_POINT('',(0.0938154312852564,-0.0431311640793251,7.19226684015796));
#3153=CARTESIAN_POINT('',(0.079959292763256,-0.0318004982443059,7.19226684015795));
#3154=CARTESIAN_POINT('',(0.0912383420989391,-0.0254185929974211,7.19226684015795));
#3155=CARTESIAN_POINT('',(0.0938154312852578,-0.043131164079327,7.26824963077222));
#3156=CARTESIAN_POINT('',(0.0912383420989418,-0.0254185929974193,7.2682496307722));
#3157=CARTESIAN_POINT('',(0.079959292763256,-0.0318004982443041,7.2682496307722));
#3158=CARTESIAN_POINT('',(0.079959292763256,-0.0318004982443041,7.2682496307722));
#3159=CARTESIAN_POINT('',(0.079959292763256,-0.0318004982443059,7.19226684015795));
#3160=CARTESIAN_POINT('',(0.076788300993055,-0.0365612350439246,7.19226684015795));
#3161=CARTESIAN_POINT('',(0.0776136530828087,-0.0348277759380284,7.19226684015795));
#3162=CARTESIAN_POINT('',(0.0786827909177692,-0.0332255037987963,7.19226684015795));
#3163=CARTESIAN_POINT('',(0.079959292763256,-0.0318004982443068,7.19226684015795));
#3164=CARTESIAN_POINT('',(0.079959292763256,-0.0318004982443041,7.2682496307722));
#3165=CARTESIAN_POINT('',(0.078682790917771,-0.0332255037987936,7.2682496307722));
#3166=CARTESIAN_POINT('',(0.0776136530828087,-0.0348277759380258,7.2682496307722));
#3167=CARTESIAN_POINT('',(0.076788300993055,-0.0365612350439219,7.2682496307722));
#3168=CARTESIAN_POINT('',(0.076788300993055,-0.0365612350439219,7.2682496307722));
#3169=CARTESIAN_POINT('',(0.076788300993055,-0.0365612350439246,7.19226684015795));
#3170=CARTESIAN_POINT('',(2.36558478541854E-13,-1.21884926311116E-8,7.26824963077221));
#3171=CARTESIAN_POINT('',(0.0767883009930568,-0.0365612350439237,7.2682496307722));
#3172=CARTESIAN_POINT('',(-0.0155928234365543,-0.0836064117241593,7.2682496307722));
#3173=CARTESIAN_POINT('',(-0.0155928234365561,-0.0836064117241611,7.2682496307722));
#3174=CARTESIAN_POINT('',(-0.0155928234365597,-0.0836064117241629,7.19226684015796));
#3175=CARTESIAN_POINT('',(-0.0212600787037669,-0.0833662093043381,7.19226684015796));
#3176=CARTESIAN_POINT('',(-0.0193724864398792,-0.0831780679006586,7.19226684015796));
#3177=CARTESIAN_POINT('',(-0.0174643269886605,-0.0832573711648879,7.19226684015796));
#3178=CARTESIAN_POINT('',(-0.0155928234365597,-0.0836064117241646,7.19226684015796));
#3179=CARTESIAN_POINT('',(-0.0155928234365561,-0.0836064117241611,7.2682496307722));
#3180=CARTESIAN_POINT('',(-0.0174643269886605,-0.0832573711648896,7.2682496307722));
#3181=CARTESIAN_POINT('',(-0.0193724864398774,-0.0831780679006586,7.2682496307722));
#3182=CARTESIAN_POINT('',(-0.0212600787037651,-0.0833662093043381,7.2682496307722));
#3183=CARTESIAN_POINT('',(-0.0212600787037651,-0.0833662093043381,7.2682496307722));
#3184=CARTESIAN_POINT('',(-0.0212600787037669,-0.0833662093043381,7.19226684015796));
#3185=CARTESIAN_POINT('',(-0.0202940276657495,-0.101237117105925,7.19226684015799));
#3186=CARTESIAN_POINT('',(-0.0331292296772841,-0.0887647400436338,7.19226684015796));
#3187=CARTESIAN_POINT('',(-0.0212600787037669,-0.0833662093043381,7.19226684015796));
#3188=CARTESIAN_POINT('',(-0.0202940276657568,-0.101237117105909,7.26824963077221));
#3189=CARTESIAN_POINT('',(-0.0212600787037651,-0.0833662093043381,7.2682496307722));
#3190=CARTESIAN_POINT('',(-0.0331292296772823,-0.088764740043632,7.26824963077221));
#3191=CARTESIAN_POINT('',(2.26122022097386E-13,-1.21884856167429E-8,7.19226684015795));
#3192=CARTESIAN_POINT('',(-0.0155928234365597,-0.0836064117241646,7.19226684015796));
#3193=CARTESIAN_POINT('',(0.076788300993055,-0.0365612350439246,7.19226684015795));
#3194=CARTESIAN_POINT('',(2.28818799688371E-13,-1.21884676160094E-8,7.19226684015796));
#3195=CARTESIAN_POINT('',(0.0802016776354693,0.0282994063663837,7.19226684015795));
#3196=CARTESIAN_POINT('',(-0.00673120270995576,0.0847812186124833,7.19226684015795));
#3197=CARTESIAN_POINT('',(-0.0646088541982189,0.0553069687923695,7.19226684015795));
#3198=CARTESIAN_POINT('',(-0.090682889017607,0.0248476221571903,7.19226684015795));
#3199=CARTESIAN_POINT('',(-0.0927900290555588,-0.0151921706316713,7.19226684015795));
#3200=CARTESIAN_POINT('',(-0.0700570982824438,-0.0482200201339804,7.19226684015795));
#3201=CARTESIAN_POINT('',(-0.0700570982824411,-0.0482200201339769,7.2682496307722));
#3202=CARTESIAN_POINT('',(-0.0927900227669394,-0.0151921797681697,7.2682496307722));
#3203=CARTESIAN_POINT('',(-0.0906828900223657,0.0248476030647309,7.2682496307722));
#3204=CARTESIAN_POINT('',(-0.0646088541982164,0.0553069687923699,7.2682496307722));
#3205=CARTESIAN_POINT('',(2.32717770049516E-13,-1.21884682467892E-8,7.26824963077221));
#3206=CARTESIAN_POINT('',(-0.00673120270995309,0.084781218612485,7.2682496307722));
#3207=CARTESIAN_POINT('',(0.0802016776354737,0.0282994063663891,7.2682496307722));
#3208=CARTESIAN_POINT('',(-0.0712155311852269,-0.0712155439844917,4.17999999999999));
#3209=CARTESIAN_POINT('',(-0.0700051395437331,-0.0318321509164381,4.17998999937349));
#3210=CARTESIAN_POINT('',(-0.0699999999998671,-0.0466828146467648,4.17998999909503));
#3211=CARTESIAN_POINT('',(-0.0466654563519109,-0.0700071753428722,4.17998999857834));
#3212=CARTESIAN_POINT('',(-0.0318133764907325,-0.0700000127991309,4.17998999999999));
#3213=CARTESIAN_POINT('',(-0.021430546060075,-0.063999709352351,4.17998999963462));
#3214=CARTESIAN_POINT('',(1.74973484099653E-13,-1.27990906725513E-8,5.68099999999998));
#3215=CARTESIAN_POINT('',(0.0318320818470221,-0.0700051193349358,4.17998999963248));
#3216=CARTESIAN_POINT('',(0.046682618895912,-0.0700000127991274,4.17998999999998));
#3217=CARTESIAN_POINT('',(0.0700071625438685,-0.0466654691511721,4.17998999857834));
#3218=CARTESIAN_POINT('',(0.07000000000013,-0.0318132063381391,4.17998999909502));
#3219=CARTESIAN_POINT('',(0.0639996630708364,-0.0214305008659235,4.17998999936714));
#3220=CARTESIAN_POINT('',(1.76751098503393E-13,-1.27990924521795E-8,5.68099999999999));
#3221=CARTESIAN_POINT('',(1.91402388869286E-13,-1.2799092896571E-8,5.68099999999999));
#3222=CARTESIAN_POINT('',(-0.0639996630705735,0.0214304752676711,4.17998999936715));
#3223=CARTESIAN_POINT('',(-0.0699999999998724,0.0318131807398778,4.17998999909502));
#3224=CARTESIAN_POINT('',(-0.0700071625436092,0.0466654435529108,4.17998999857834));
#3225=CARTESIAN_POINT('',(-0.0466826188956562,0.0699999872008705,4.17998999999998));
#3226=CARTESIAN_POINT('',(-0.0318320818467628,0.0700050937366772,4.17998999963248));
#3227=CARTESIAN_POINT('',(1.77189888227146E-13,-1.27991071076592E-8,5.68099999999999));
#3228=CARTESIAN_POINT('',(0.0214305460603361,0.0639996837540897,4.17998999963461));
#3229=CARTESIAN_POINT('',(0.0318133764909883,0.0699999872008723,4.17998999999998));
#3230=CARTESIAN_POINT('',(0.0466654563521702,0.07000714974461,4.17998999857833));
#3231=CARTESIAN_POINT('',(0.0700000000001282,0.0466827890485035,4.17998999909502));
#3232=CARTESIAN_POINT('',(0.0700051395439942,0.031832125318175,4.17998999937349));
#3233=CARTESIAN_POINT('',(2.24486431928892E-13,-3.68458785927074E-7,7.18699999733372));
#3234=CARTESIAN_POINT('',(-0.0875096565788596,0.0875092881202937,7.18199999999998));
#3235=CARTESIAN_POINT('',(-0.0875096565788578,0.0875092881202937,7.19199999466746));
#3236=CARTESIAN_POINT('',(0.063969781876942,0.0215433622064936,4.17999999999998));
#3237=CARTESIAN_POINT('',(0.0640047422913135,-0.0214392983338492,4.17999999999999));
#3238=CARTESIAN_POINT('',(0.0700000000001282,0.0318233636917356,4.17999999999998));
#3239=CARTESIAN_POINT('',(0.0700000000001282,0.0466726060966529,4.17999999999998));
#3240=CARTESIAN_POINT('',(0.0466726188959088,0.0699999872008732,4.17999999999998));
#3241=CARTESIAN_POINT('',(0.0318233764909897,0.0699999872008723,4.17999999999998));
#3242=CARTESIAN_POINT('',(0.0214392855348491,0.0640047294920523,4.17999999999999));
#3243=CARTESIAN_POINT('',(-0.0215433750055025,0.063969769077679,4.17999999999999));
#3244=CARTESIAN_POINT('',(-0.0318233764907356,0.0699999872008679,4.17999999999998));
#3245=CARTESIAN_POINT('',(-0.046672618895653,0.069999987200867,4.17999999999999));
#3246=CARTESIAN_POINT('',(-0.0699999999998724,0.0466726060966476,4.17999999999998));
#3247=CARTESIAN_POINT('',(-0.0699999999998706,0.0318233636917302,4.17999999999999));
#3248=CARTESIAN_POINT('',(-0.0640047422910506,0.0214392727355968,4.17999999999999));
#3249=CARTESIAN_POINT('',(-0.0639697818766827,-0.0215433878047548,4.17999999999999));
#3250=CARTESIAN_POINT('',(-0.0699999999998688,-0.0318233892899968,4.17999999999999));
#3251=CARTESIAN_POINT('',(-0.0699999999998706,-0.0466726316949142,4.17999999999999));
#3252=CARTESIAN_POINT('',(-0.0466726188956494,-0.0700000127991336,4.17999999999999));
#3253=CARTESIAN_POINT('',(-0.0318233764907321,-0.0700000127991327,4.17999999999999));
#3254=CARTESIAN_POINT('',(-0.021439285534588,-0.0640047550903153,4.17999999999999));
#3255=CARTESIAN_POINT('',(0.0215433750057619,-0.0639697946759421,4.17999999999999));
#3256=CARTESIAN_POINT('',(0.0318233764909932,-0.0700000127991283,4.17999999999999));
#3257=CARTESIAN_POINT('',(0.0466726188959141,-0.0700000127991274,4.17999999999999));
#3258=CARTESIAN_POINT('',(0.07000000000013,-0.0466726316949089,4.17999999999998));
#3259=CARTESIAN_POINT('',(0.0700000000001317,-0.0318233892899897,4.17999999999998));
#3260=CARTESIAN_POINT('',(-0.0639697818765912,-0.0215433878046767,7.18199999999999));
#3261=CARTESIAN_POINT('',(-0.0699999999997774,-0.0318233892899169,7.18199999999998));
#3262=CARTESIAN_POINT('',(-0.0699999999997765,-0.046672631694836,7.18199999999998));
#3263=CARTESIAN_POINT('',(-0.0466726188955553,-0.0700000127990537,7.18199999999998));
#3264=CARTESIAN_POINT('',(-0.0318233764906379,-0.0700000127990537,7.18199999999998));
#3265=CARTESIAN_POINT('',(-0.0214392855344965,-0.0640047550902363,7.18199999999999));
#3266=CARTESIAN_POINT('',(0.0215433750058551,-0.0639697946758631,7.18199999999999));
#3267=CARTESIAN_POINT('',(0.0318233764910874,-0.0700000127990528,7.18199999999998));
#3268=CARTESIAN_POINT('',(0.0466726188960083,-0.0700000127990519,7.18199999999998));
#3269=CARTESIAN_POINT('',(0.0700000000002259,-0.0466726316948325,7.18199999999998));
#3270=CARTESIAN_POINT('',(0.0700000000002232,-0.0318233892899134,7.18199999999998));
#3271=CARTESIAN_POINT('',(0.0640047422914085,-0.0214392983337728,7.18199999999998));
#3272=CARTESIAN_POINT('',(0.0639697818770371,0.0215433622065682,7.18199999999998));
#3273=CARTESIAN_POINT('',(-0.0640047422909573,0.0214392727356749,7.18199999999999));
#3274=CARTESIAN_POINT('',(-0.0699999999997791,0.0318233636918066,7.18199999999998));
#3275=CARTESIAN_POINT('',(-0.0699999999997791,0.0466726060967257,7.18199999999998));
#3276=CARTESIAN_POINT('',(-0.0466726188955633,0.0699999872009451,7.18199999999998));
#3277=CARTESIAN_POINT('',(-0.0318233764906442,0.0699999872009451,7.18199999999998));
#3278=CARTESIAN_POINT('',(-0.0215433750054066,0.0639697690777545,7.18199999999998));
#3279=CARTESIAN_POINT('',(0.0214392855349432,0.0640047294921295,7.18199999999998));
#3280=CARTESIAN_POINT('',(0.0318233764910838,0.0699999872009478,7.18199999999998));
#3281=CARTESIAN_POINT('',(0.0466726188960029,0.0699999872009487,7.18199999999997));
#3282=CARTESIAN_POINT('',(0.0700000000002214,0.0466726060967293,7.18199999999997));
#3283=CARTESIAN_POINT('',(0.0700000000002214,0.0318233636918119,7.18199999999997));
#3284=CARTESIAN_POINT('',(2.23820961764432E-13,0.0874992881202949,7.19199999466746));
#3285=CARTESIAN_POINT('',(2.29150032282632E-13,-0.0875000250378655,7.19199999466746));
#3286=CARTESIAN_POINT('',(2.23820961764432E-13,0.0874992881202958,7.18199999999998));
#3287=CARTESIAN_POINT('',(2.28261853862932E-13,-0.0875000250378664,7.18199999999998));
#3288=CARTESIAN_POINT('',(0.0700000000001282,0.0466726060966529,4.17999999999998));
#3289=CARTESIAN_POINT('',(0.0700000000001282,0.0318233636917356,4.17999999999998));
#3290=CARTESIAN_POINT('',(0.0318233764909897,0.0699999872008723,4.17999999999998));
#3291=CARTESIAN_POINT('',(0.0466726188959088,0.0699999872008732,4.17999999999998));
#3292=CARTESIAN_POINT('',(-0.046672618895653,0.069999987200867,4.17999999999999));
#3293=CARTESIAN_POINT('',(-0.0318233764907356,0.0699999872008679,4.17999999999998));
#3294=CARTESIAN_POINT('',(-0.0699999999998706,0.0318233636917302,4.17999999999999));
#3295=CARTESIAN_POINT('',(-0.0699999999998724,0.0466726060966476,4.17999999999998));
#3296=CARTESIAN_POINT('',(-0.0699999999998706,-0.0466726316949142,4.17999999999999));
#3297=CARTESIAN_POINT('',(-0.0699999999998688,-0.0318233892899968,4.17999999999999));
#3298=CARTESIAN_POINT('',(-0.0318233764907321,-0.0700000127991327,4.17999999999999));
#3299=CARTESIAN_POINT('',(-0.0466726188956494,-0.0700000127991336,4.17999999999999));
#3300=CARTESIAN_POINT('',(0.0466726188959141,-0.0700000127991274,4.17999999999999));
#3301=CARTESIAN_POINT('',(0.0318233764909932,-0.0700000127991283,4.17999999999999));
#3302=CARTESIAN_POINT('',(0.0700000000001317,-0.0318233892899897,4.17999999999998));
#3303=CARTESIAN_POINT('',(0.07000000000013,-0.0466726316949089,4.17999999999998));
#3304=CARTESIAN_POINT('',(-0.0699999999998688,-0.0318233892899968,4.17999999999999));
#3305=CARTESIAN_POINT('',(-0.0639697818766827,-0.0215433878047548,4.17999999999999));
#3306=CARTESIAN_POINT('',(-0.0639697818766827,-0.0215433878047548,4.17999999999999));
#3307=CARTESIAN_POINT('',(-0.0639697818765912,-0.0215433878046767,7.18199999999999));
#3308=CARTESIAN_POINT('',(-0.0639697818765912,-0.0215433878046767,7.18199999999999));
#3309=CARTESIAN_POINT('',(-0.0699999999997774,-0.0318233892899169,7.18199999999998));
#3310=CARTESIAN_POINT('',(-0.0699999999997774,-0.0318233892899169,7.18199999999998));
#3311=CARTESIAN_POINT('',(-0.0699999999998688,-0.0318233892899968,4.17999999999999));
#3312=CARTESIAN_POINT('',(-0.0699999999997774,-0.0318233892899169,7.18199999999998));
#3313=CARTESIAN_POINT('',(-0.0699999999997765,-0.046672631694836,7.18199999999998));
#3314=CARTESIAN_POINT('',(-0.0699999999997765,-0.046672631694836,7.18199999999998));
#3315=CARTESIAN_POINT('',(-0.0699999999998706,-0.0466726316949142,4.17999999999999));
#3316=CARTESIAN_POINT('',(-0.0466726188956494,-0.0700000127991336,4.17999999999999));
#3317=CARTESIAN_POINT('',(-0.0699999999998706,-0.0466726316949142,4.17999999999999));
#3318=CARTESIAN_POINT('',(-0.0699999999997765,-0.046672631694836,7.18199999999998));
#3319=CARTESIAN_POINT('',(-0.0466726188955553,-0.0700000127990537,7.18199999999998));
#3320=CARTESIAN_POINT('',(-0.0466726188955553,-0.0700000127990537,7.18199999999998));
#3321=CARTESIAN_POINT('',(-0.0466726188956494,-0.0700000127991336,4.17999999999999));
#3322=CARTESIAN_POINT('',(-0.0466726188955553,-0.0700000127990537,7.18199999999998));
#3323=CARTESIAN_POINT('',(-0.0318233764906379,-0.0700000127990537,7.18199999999998));
#3324=CARTESIAN_POINT('',(-0.0318233764906379,-0.0700000127990537,7.18199999999998));
#3325=CARTESIAN_POINT('',(-0.0318233764907321,-0.0700000127991327,4.17999999999999));
#3326=CARTESIAN_POINT('',(-0.021439285534588,-0.0640047550903153,4.17999999999999));
#3327=CARTESIAN_POINT('',(-0.0318233764907321,-0.0700000127991327,4.17999999999999));
#3328=CARTESIAN_POINT('',(-0.0318233764906379,-0.0700000127990537,7.18199999999998));
#3329=CARTESIAN_POINT('',(-0.0214392855344965,-0.0640047550902363,7.18199999999999));
#3330=CARTESIAN_POINT('',(-0.0214392855344965,-0.0640047550902363,7.18199999999999));
#3331=CARTESIAN_POINT('',(-0.021439285534588,-0.0640047550903153,4.17999999999999));
#3332=CARTESIAN_POINT('',(1.2983009075572E-13,-1.27991094270193E-8,4.17999999999983));
#3333=CARTESIAN_POINT('',(0.0215433750057619,-0.0639697946759421,4.17999999999999));
#3334=CARTESIAN_POINT('',(-0.021439285534588,-0.0640047550903153,4.17999999999999));
#3335=CARTESIAN_POINT('',(2.22213183159687E-13,-1.27990441387657E-8,7.18199999999968));
#3336=CARTESIAN_POINT('',(-0.0214392855344965,-0.0640047550902363,7.18199999999999));
#3337=CARTESIAN_POINT('',(0.0215433750058551,-0.0639697946758631,7.18199999999999));
#3338=CARTESIAN_POINT('',(0.0215433750058551,-0.0639697946758631,7.18199999999999));
#3339=CARTESIAN_POINT('',(0.0215433750057619,-0.0639697946759421,4.17999999999999));
#3340=CARTESIAN_POINT('',(0.0318233764909932,-0.0700000127991283,4.17999999999999));
#3341=CARTESIAN_POINT('',(0.0215433750057619,-0.0639697946759421,4.17999999999999));
#3342=CARTESIAN_POINT('',(0.0215433750058551,-0.0639697946758631,7.18199999999999));
#3343=CARTESIAN_POINT('',(0.0318233764910874,-0.0700000127990528,7.18199999999998));
#3344=CARTESIAN_POINT('',(0.0318233764910874,-0.0700000127990528,7.18199999999998));
#3345=CARTESIAN_POINT('',(0.0318233764909932,-0.0700000127991283,4.17999999999999));
#3346=CARTESIAN_POINT('',(0.0318233764910874,-0.0700000127990528,7.18199999999998));
#3347=CARTESIAN_POINT('',(0.0466726188960083,-0.0700000127990519,7.18199999999998));
#3348=CARTESIAN_POINT('',(0.0466726188960083,-0.0700000127990519,7.18199999999998));
#3349=CARTESIAN_POINT('',(0.0466726188959141,-0.0700000127991274,4.17999999999999));
#3350=CARTESIAN_POINT('',(0.07000000000013,-0.0466726316949089,4.17999999999998));
#3351=CARTESIAN_POINT('',(0.0466726188959141,-0.0700000127991274,4.17999999999999));
#3352=CARTESIAN_POINT('',(0.0466726188960083,-0.0700000127990519,7.18199999999998));
#3353=CARTESIAN_POINT('',(0.0700000000002259,-0.0466726316948325,7.18199999999998));
#3354=CARTESIAN_POINT('',(0.0700000000002259,-0.0466726316948325,7.18199999999998));
#3355=CARTESIAN_POINT('',(0.07000000000013,-0.0466726316949089,4.17999999999998));
#3356=CARTESIAN_POINT('',(0.0700000000002259,-0.0466726316948325,7.18199999999998));
#3357=CARTESIAN_POINT('',(0.0700000000002232,-0.0318233892899134,7.18199999999998));
#3358=CARTESIAN_POINT('',(0.0700000000002232,-0.0318233892899134,7.18199999999998));
#3359=CARTESIAN_POINT('',(0.0700000000001317,-0.0318233892899897,4.17999999999998));
#3360=CARTESIAN_POINT('',(0.0640047422913135,-0.0214392983338492,4.17999999999999));
#3361=CARTESIAN_POINT('',(0.0700000000001317,-0.0318233892899897,4.17999999999998));
#3362=CARTESIAN_POINT('',(0.0700000000002232,-0.0318233892899134,7.18199999999998));
#3363=CARTESIAN_POINT('',(0.0640047422914085,-0.0214392983337728,7.18199999999998));
#3364=CARTESIAN_POINT('',(0.0640047422914085,-0.0214392983337728,7.18199999999998));
#3365=CARTESIAN_POINT('',(0.0640047422913135,-0.0214392983338492,4.17999999999999));
#3366=CARTESIAN_POINT('',(1.19520171033577E-13,-1.27991322844779E-8,4.17999999999981));
#3367=CARTESIAN_POINT('',(0.063969781876942,0.0215433622064936,4.17999999999998));
#3368=CARTESIAN_POINT('',(0.0640047422913135,-0.0214392983338492,4.17999999999999));
#3369=CARTESIAN_POINT('',(2.1651308733993E-13,-1.27990611866134E-8,7.18199999999967));
#3370=CARTESIAN_POINT('',(0.0640047422914085,-0.0214392983337728,7.18199999999998));
#3371=CARTESIAN_POINT('',(0.0639697818770335,0.0215433622065699,7.18199999999998));
#3372=CARTESIAN_POINT('',(0.0639697818770371,0.0215433622065682,7.18199999999998));
#3373=CARTESIAN_POINT('',(0.063969781876942,0.0215433622064936,4.17999999999998));
#3374=CARTESIAN_POINT('',(1.43693508124338E-13,-1.27991298619815E-8,4.17999999999984));
#3375=CARTESIAN_POINT('',(-0.0639697818766827,-0.0215433878047548,4.17999999999999));
#3376=CARTESIAN_POINT('',(-0.0640047422910506,0.0214392727355968,4.17999999999999));
#3377=CARTESIAN_POINT('',(-0.0640047422910506,0.0214392727355968,4.17999999999999));
#3378=CARTESIAN_POINT('',(-0.0640047422909573,0.0214392727356749,7.18199999999999));
#3379=CARTESIAN_POINT('',(2.4139797646163E-13,-1.27990543419353E-8,7.18199999999969));
#3380=CARTESIAN_POINT('',(-0.0640047422909573,0.0214392727356749,7.18199999999999));
#3381=CARTESIAN_POINT('',(-0.0639697818765912,-0.0215433878046767,7.18199999999999));
#3382=CARTESIAN_POINT('',(-0.0640047422910506,0.0214392727355968,4.17999999999999));
#3383=CARTESIAN_POINT('',(-0.0699999999998706,0.0318233636917302,4.17999999999999));
#3384=CARTESIAN_POINT('',(-0.0699999999998706,0.0318233636917302,4.17999999999999));
#3385=CARTESIAN_POINT('',(-0.0699999999997791,0.0318233636918066,7.18199999999998));
#3386=CARTESIAN_POINT('',(-0.0699999999997791,0.0318233636918066,7.18199999999998));
#3387=CARTESIAN_POINT('',(-0.0640047422909573,0.0214392727356749,7.18199999999999));
#3388=CARTESIAN_POINT('',(-0.0699999999998724,0.0466726060966476,4.17999999999998));
#3389=CARTESIAN_POINT('',(-0.0699999999997791,0.0466726060967257,7.18199999999998));
#3390=CARTESIAN_POINT('',(-0.0699999999997791,0.0466726060967257,7.18199999999998));
#3391=CARTESIAN_POINT('',(-0.0699999999997791,0.0318233636918066,7.18199999999998));
#3392=CARTESIAN_POINT('',(-0.0699999999998724,0.0466726060966476,4.17999999999998));
#3393=CARTESIAN_POINT('',(-0.046672618895653,0.069999987200867,4.17999999999999));
#3394=CARTESIAN_POINT('',(-0.046672618895653,0.069999987200867,4.17999999999999));
#3395=CARTESIAN_POINT('',(-0.0466726188955633,0.0699999872009451,7.18199999999998));
#3396=CARTESIAN_POINT('',(-0.0466726188955633,0.0699999872009451,7.18199999999998));
#3397=CARTESIAN_POINT('',(-0.0699999999997791,0.0466726060967257,7.18199999999998));
#3398=CARTESIAN_POINT('',(-0.0318233764907356,0.0699999872008679,4.17999999999998));
#3399=CARTESIAN_POINT('',(-0.0318233764906442,0.0699999872009451,7.18199999999998));
#3400=CARTESIAN_POINT('',(-0.0318233764906442,0.0699999872009451,7.18199999999998));
#3401=CARTESIAN_POINT('',(-0.0466726188955633,0.0699999872009451,7.18199999999998));
#3402=CARTESIAN_POINT('',(-0.0318233764907356,0.0699999872008679,4.17999999999998));
#3403=CARTESIAN_POINT('',(-0.0215433750055025,0.063969769077679,4.17999999999999));
#3404=CARTESIAN_POINT('',(-0.0215433750055025,0.063969769077679,4.17999999999999));
#3405=CARTESIAN_POINT('',(-0.0215433750054066,0.0639697690777545,7.18199999999998));
#3406=CARTESIAN_POINT('',(-0.0215433750054066,0.0639697690777545,7.18199999999998));
#3407=CARTESIAN_POINT('',(-0.0318233764906442,0.0699999872009451,7.18199999999998));
#3408=CARTESIAN_POINT('',(1.30395530501822E-13,-1.27991444044001E-8,4.17999999999982));
#3409=CARTESIAN_POINT('',(-0.0215433750055025,0.0639697690776791,4.17999999999999));
#3410=CARTESIAN_POINT('',(0.0214392855348491,0.0640047294920523,4.17999999999999));
#3411=CARTESIAN_POINT('',(0.0214392855348491,0.0640047294920523,4.17999999999999));
#3412=CARTESIAN_POINT('',(0.0214392855349432,0.0640047294921295,7.18199999999998));
#3413=CARTESIAN_POINT('',(2.2807614934628E-13,-1.27990657659521E-8,7.18199999999968));
#3414=CARTESIAN_POINT('',(0.0214392855349432,0.0640047294921296,7.18199999999998));
#3415=CARTESIAN_POINT('',(-0.0215433750054066,0.0639697690777545,7.18199999999998));
#3416=CARTESIAN_POINT('',(0.0214392855348491,0.0640047294920523,4.17999999999999));
#3417=CARTESIAN_POINT('',(0.0318233764909897,0.0699999872008723,4.17999999999998));
#3418=CARTESIAN_POINT('',(0.0318233764909897,0.0699999872008723,4.17999999999998));
#3419=CARTESIAN_POINT('',(0.0318233764910838,0.0699999872009478,7.18199999999998));
#3420=CARTESIAN_POINT('',(0.0318233764910838,0.0699999872009478,7.18199999999998));
#3421=CARTESIAN_POINT('',(0.0214392855349432,0.0640047294921295,7.18199999999998));
#3422=CARTESIAN_POINT('',(0.0466726188959088,0.0699999872008732,4.17999999999998));
#3423=CARTESIAN_POINT('',(0.0466726188960029,0.0699999872009487,7.18199999999997));
#3424=CARTESIAN_POINT('',(0.0466726188960029,0.0699999872009487,7.18199999999997));
#3425=CARTESIAN_POINT('',(0.0318233764910838,0.0699999872009478,7.18199999999998));
#3426=CARTESIAN_POINT('',(0.0466726188959088,0.0699999872008732,4.17999999999998));
#3427=CARTESIAN_POINT('',(0.0700000000001282,0.0466726060966529,4.17999999999998));
#3428=CARTESIAN_POINT('',(0.0700000000001282,0.0466726060966529,4.17999999999998));
#3429=CARTESIAN_POINT('',(0.0700000000002214,0.0466726060967293,7.18199999999997));
#3430=CARTESIAN_POINT('',(0.0700000000002214,0.0466726060967293,7.18199999999997));
#3431=CARTESIAN_POINT('',(0.0466726188960029,0.0699999872009487,7.18199999999997));
#3432=CARTESIAN_POINT('',(0.0700000000001282,0.0318233636917356,4.17999999999998));
#3433=CARTESIAN_POINT('',(0.0700000000002214,0.0318233636918119,7.18199999999997));
#3434=CARTESIAN_POINT('',(0.0700000000002214,0.0318233636918119,7.18199999999997));
#3435=CARTESIAN_POINT('',(0.0700000000002214,0.0466726060967293,7.18199999999997));
#3436=CARTESIAN_POINT('',(0.0700000000001282,0.0318233636917356,4.17999999999998));
#3437=CARTESIAN_POINT('',(0.063969781876942,0.0215433622064936,4.17999999999998));
#3438=CARTESIAN_POINT('',(0.0639697818770371,0.0215433622065682,7.18199999999998));
#3439=CARTESIAN_POINT('',(0.0700000000002214,0.0318233636918119,7.18199999999997));
#3440=CARTESIAN_POINT('',(2.25141455847773E-13,-3.68458785698919E-7,7.19199999466746));
#3441=CARTESIAN_POINT('',(2.23820961764432E-13,0.0874992881202941,7.19199999466746));
#3442=CARTESIAN_POINT('',(2.29132412394992E-13,-0.0875000250378655,7.19199999466746));
#3443=CARTESIAN_POINT('',(2.24270546965311E-13,-3.68458785711178E-7,7.19199999466746));
#3444=CARTESIAN_POINT('',(2.29150032282632E-13,-0.0875000250378655,7.19199999466746));
#3445=CARTESIAN_POINT('',(2.23831549747594E-13,0.0874992881202941,7.19199999466745));
#3446=CARTESIAN_POINT('',(2.22938417901503E-13,-3.68458785247508E-7,7.18199999999998));
#3447=CARTESIAN_POINT('',(2.23820961764432E-13,0.0874992881202959,7.18199999999998));
#3448=CARTESIAN_POINT('',(2.28244956539035E-13,-0.0875000250378663,7.18199999999997));
#3449=CARTESIAN_POINT('',(2.2647848765107E-13,-3.68458785269594E-7,7.18199999999997));
#3450=CARTESIAN_POINT('',(2.28261853862932E-13,-0.0875000250378664,7.18199999999998));
#3451=CARTESIAN_POINT('',(2.2382953744802E-13,0.0874992881202958,7.18199999999997));
#3452=CARTESIAN_POINT('',(2.23820961764432E-13,0.0874992881202949,7.19199999466746));
#3453=CARTESIAN_POINT('',(2.23820961764432E-13,0.0874992881202958,7.18199999999998));
#3454=CARTESIAN_POINT('',(-0.0712155311852269,-0.0712155439844935,4.17999999999998));
#3455=CARTESIAN_POINT('',(-0.0639996895125847,0.0214305210665771,4.18001000063282));
#3456=CARTESIAN_POINT('',(-0.0699999999998724,0.0318132418050876,4.18001000090494));
#3457=CARTESIAN_POINT('',(-0.0700071320110069,0.0466654740855148,4.18001000142162));
#3458=CARTESIAN_POINT('',(-0.0466826188956544,0.0699999872008688,4.18000999999997));
#3459=CARTESIAN_POINT('',(-0.0318320551963831,0.0700050781036445,4.18001000036748));
#3460=CARTESIAN_POINT('',(9.99225453721447E-14,-1.2799171502612E-8,3.17999999999998));
#3461=CARTESIAN_POINT('',(0.0214305725023456,0.0639996990203935,4.18001000036534));
#3462=CARTESIAN_POINT('',(0.03181337649099,0.0699999872008705,4.18000999999997));
#3463=CARTESIAN_POINT('',(0.0466654868847742,0.070007119212006,4.18001000142162));
#3464=CARTESIAN_POINT('',(0.0700000000001282,0.0466827279832955,4.18001000090493));
#3465=CARTESIAN_POINT('',(0.0700051128936128,0.0318320798859997,4.18001000062647));
#3466=CARTESIAN_POINT('',(9.94756713049069E-14,-1.27991559566018E-8,3.17999999999998));
#3467=CARTESIAN_POINT('',(0.0639996895128494,-0.0214305466648295,4.18001000063281));
#3468=CARTESIAN_POINT('',(0.07000000000013,-0.0318132674033471,4.18001000090493));
#3469=CARTESIAN_POINT('',(0.0700071320112645,-0.0466654996837761,4.18001000142162));
#3470=CARTESIAN_POINT('',(0.0466826188959137,-0.0700000127991274,4.18000999999997));
#3471=CARTESIAN_POINT('',(0.0318320551966442,-0.0700051037019032,4.18001000036748));
#3472=CARTESIAN_POINT('',(9.85844112542074E-14,-1.27991550667895E-8,3.17999999999998));
#3473=CARTESIAN_POINT('',(-0.0214305725020862,-0.063999724618653,4.18001000036535));
#3474=CARTESIAN_POINT('',(-0.0318133764907307,-0.0700000127991327,4.18000999999998));
#3475=CARTESIAN_POINT('',(-0.0466654868845149,-0.0700071448102646,4.18001000142163));
#3476=CARTESIAN_POINT('',(-0.0699999999998688,-0.0466827535815568,4.18001000090494));
#3477=CARTESIAN_POINT('',(-0.0700051128933552,-0.031832105484261,4.18001000062648));
#3478=CARTESIAN_POINT('',(1.13684287653312E-13,-1.27991550667741E-8,3.17999999999998));
#3479=CARTESIAN_POINT('',(0.0712155311854277,-0.0712155439845397,2.17999999999998));
#3480=CARTESIAN_POINT('',(0.063969781876942,0.0215433622064918,4.17999999999982));
#3481=CARTESIAN_POINT('',(0.0640047422913153,-0.0214392983338492,4.17999999999983));
#3482=CARTESIAN_POINT('',(0.0700000000001264,0.0318233636917338,4.17999999999997));
#3483=CARTESIAN_POINT('',(0.0700000000001282,0.0466726060966529,4.17999999999997));
#3484=CARTESIAN_POINT('',(0.0466726188959088,0.0699999872008732,4.17999999999997));
#3485=CARTESIAN_POINT('',(0.0318233764909897,0.0699999872008705,4.17999999999997));
#3486=CARTESIAN_POINT('',(0.0214392855348491,0.064004729492054,4.17999999999998));
#3487=CARTESIAN_POINT('',(-0.0215433750055025,0.0639697690776808,4.17999999999998));
#3488=CARTESIAN_POINT('',(-0.0318233764907356,0.0699999872008696,4.17999999999997));
#3489=CARTESIAN_POINT('',(-0.046672618895653,0.069999987200867,4.17999999999997));
#3490=CARTESIAN_POINT('',(-0.0699999999998706,0.0466726060966494,4.17999999999997));
#3491=CARTESIAN_POINT('',(-0.0699999999998724,0.0318233636917302,4.17999999999998));
#3492=CARTESIAN_POINT('',(-0.0640047422910506,0.0214392727355985,4.17999999999998));
#3493=CARTESIAN_POINT('',(-0.0639697818766827,-0.0215433878047548,4.17999999999998));
#3494=CARTESIAN_POINT('',(-0.0699999999998688,-0.0318233892899951,4.17999999999998));
#3495=CARTESIAN_POINT('',(-0.0699999999998671,-0.0466726316949124,4.17999999999998));
#3496=CARTESIAN_POINT('',(-0.0466726188956494,-0.0700000127991318,4.17999999999998));
#3497=CARTESIAN_POINT('',(-0.0318233764907303,-0.0700000127991309,4.17999999999998));
#3498=CARTESIAN_POINT('',(-0.021439285534588,-0.0640047550903153,4.17999999999998));
#3499=CARTESIAN_POINT('',(0.0215433750057636,-0.0639697946759403,4.17999999999998));
#3500=CARTESIAN_POINT('',(0.0318233764909932,-0.0700000127991283,4.17999999999997));
#3501=CARTESIAN_POINT('',(0.0466726188959141,-0.0700000127991274,4.17999999999997));
#3502=CARTESIAN_POINT('',(0.0700000000001317,-0.0466726316949089,4.17999999999997));
#3503=CARTESIAN_POINT('',(0.0700000000001317,-0.0318233892899915,4.17999999999997));
#3504=CARTESIAN_POINT('',(-0.0699999999999337,0.0318233636916778,2.17999999999998));
#3505=CARTESIAN_POINT('',(-0.0640047422911127,0.0214392727355488,2.17999999999998));
#3506=CARTESIAN_POINT('',(-0.0699999999999328,0.046672606096597,2.17999999999998));
#3507=CARTESIAN_POINT('',(-0.0466726188957152,0.0699999872008163,2.17999999999998));
#3508=CARTESIAN_POINT('',(-0.031823376490796,0.0699999872008172,2.17999999999998));
#3509=CARTESIAN_POINT('',(-0.0215433750055629,0.0639697690776302,2.17999999999998));
#3510=CARTESIAN_POINT('',(0.0214392855347869,0.0640047294920034,2.17999999999998));
#3511=CARTESIAN_POINT('',(0.0318233764909293,0.0699999872008217,2.17999999999998));
#3512=CARTESIAN_POINT('',(0.0466726188958466,0.0699999872008226,2.17999999999997));
#3513=CARTESIAN_POINT('',(0.070000000000066,0.0466726060966014,2.17999999999997));
#3514=CARTESIAN_POINT('',(0.0700000000000651,0.031823363691684,2.17999999999998));
#3515=CARTESIAN_POINT('',(0.0639697818768798,0.0215433622064429,2.17999999999998));
#3516=CARTESIAN_POINT('',(0.0640047422912522,-0.0214392983339016,2.17999999999998));
#3517=CARTESIAN_POINT('',(0.0700000000000678,-0.031823389290043,2.17999999999998));
#3518=CARTESIAN_POINT('',(0.0700000000000678,-0.0466726316949586,2.17999999999998));
#3519=CARTESIAN_POINT('',(0.0466726188958502,-0.070000012799178,2.17999999999998));
#3520=CARTESIAN_POINT('',(0.031823376490931,-0.0700000127991789,2.17999999999998));
#3521=CARTESIAN_POINT('',(0.0215433750056997,-0.063969794675991,2.17999999999998));
#3522=CARTESIAN_POINT('',(-0.0214392855346519,-0.064004755090366,2.17999999999998));
#3523=CARTESIAN_POINT('',(-0.0318233764907925,-0.0700000127991816,2.17999999999998));
#3524=CARTESIAN_POINT('',(-0.0466726188957098,-0.0700000127991824,2.17999999999998));
#3525=CARTESIAN_POINT('',(-0.0699999999999292,-0.0466726316949648,2.17999999999998));
#3526=CARTESIAN_POINT('',(-0.0699999999999292,-0.0318233892900475,2.17999999999998));
#3527=CARTESIAN_POINT('',(-0.063969781876744,-0.0215433878048046,2.17999999999998));
#3528=CARTESIAN_POINT('',(1.3520257360329E-13,-1.27991358065439E-8,4.17999999999983));
#3529=CARTESIAN_POINT('',(0.063969781876942,0.0215433622064918,4.17999999999982));
#3530=CARTESIAN_POINT('',(0.0640047422913153,-0.0214392983338492,4.17999999999983));
#3531=CARTESIAN_POINT('',(0.0700000000001282,0.0466726060966529,4.17999999999997));
#3532=CARTESIAN_POINT('',(0.0700000000001264,0.0318233636917338,4.17999999999997));
#3533=CARTESIAN_POINT('',(0.0318233764909897,0.0699999872008705,4.17999999999997));
#3534=CARTESIAN_POINT('',(0.0466726188959088,0.0699999872008732,4.17999999999997));
#3535=CARTESIAN_POINT('',(-0.046672618895653,0.069999987200867,4.17999999999997));
#3536=CARTESIAN_POINT('',(-0.0318233764907356,0.0699999872008696,4.17999999999997));
#3537=CARTESIAN_POINT('',(-0.0699999999998724,0.0318233636917302,4.17999999999998));
#3538=CARTESIAN_POINT('',(-0.0699999999998706,0.0466726060966494,4.17999999999997));
#3539=CARTESIAN_POINT('',(-0.0699999999998671,-0.0466726316949124,4.17999999999998));
#3540=CARTESIAN_POINT('',(-0.0699999999998688,-0.0318233892899951,4.17999999999998));
#3541=CARTESIAN_POINT('',(-0.0318233764907303,-0.0700000127991309,4.17999999999998));
#3542=CARTESIAN_POINT('',(-0.0466726188956494,-0.0700000127991318,4.17999999999998));
#3543=CARTESIAN_POINT('',(0.0466726188959141,-0.0700000127991274,4.17999999999997));
#3544=CARTESIAN_POINT('',(0.0318233764909932,-0.0700000127991283,4.17999999999997));
#3545=CARTESIAN_POINT('',(0.0700000000001317,-0.0318233892899915,4.17999999999997));
#3546=CARTESIAN_POINT('',(0.0700000000001317,-0.0466726316949089,4.17999999999997));
#3547=CARTESIAN_POINT('',(-0.0640047422910506,0.0214392727355985,4.17999999999998));
#3548=CARTESIAN_POINT('',(-0.0699999999998724,0.0318233636917302,4.17999999999998));
#3549=CARTESIAN_POINT('',(-0.0699999999998724,0.0318233636917302,4.17999999999998));
#3550=CARTESIAN_POINT('',(-0.0699999999999337,0.0318233636916778,2.17999999999998));
#3551=CARTESIAN_POINT('',(-0.0699999999999337,0.0318233636916778,2.17999999999998));
#3552=CARTESIAN_POINT('',(-0.0640047422911127,0.0214392727355488,2.17999999999998));
#3553=CARTESIAN_POINT('',(-0.0640047422911127,0.0214392727355488,2.17999999999998));
#3554=CARTESIAN_POINT('',(-0.0640047422910506,0.0214392727355985,4.17999999999998));
#3555=CARTESIAN_POINT('',(-0.0699999999998706,0.0466726060966494,4.17999999999997));
#3556=CARTESIAN_POINT('',(-0.0699999999999328,0.046672606096597,2.17999999999998));
#3557=CARTESIAN_POINT('',(-0.0699999999999328,0.046672606096597,2.17999999999998));
#3558=CARTESIAN_POINT('',(-0.0699999999999337,0.0318233636916778,2.17999999999998));
#3559=CARTESIAN_POINT('',(-0.0699999999998706,0.0466726060966494,4.17999999999997));
#3560=CARTESIAN_POINT('',(-0.046672618895653,0.069999987200867,4.17999999999997));
#3561=CARTESIAN_POINT('',(-0.046672618895653,0.069999987200867,4.17999999999997));
#3562=CARTESIAN_POINT('',(-0.0466726188957152,0.0699999872008163,2.17999999999998));
#3563=CARTESIAN_POINT('',(-0.0466726188957152,0.0699999872008163,2.17999999999998));
#3564=CARTESIAN_POINT('',(-0.0699999999999328,0.046672606096597,2.17999999999998));
#3565=CARTESIAN_POINT('',(-0.0318233764907356,0.0699999872008696,4.17999999999997));
#3566=CARTESIAN_POINT('',(-0.031823376490796,0.0699999872008172,2.17999999999998));
#3567=CARTESIAN_POINT('',(-0.031823376490796,0.0699999872008172,2.17999999999998));
#3568=CARTESIAN_POINT('',(-0.0466726188957152,0.0699999872008163,2.17999999999998));
#3569=CARTESIAN_POINT('',(-0.0318233764907356,0.0699999872008696,4.17999999999997));
#3570=CARTESIAN_POINT('',(-0.0215433750055025,0.0639697690776808,4.17999999999998));
#3571=CARTESIAN_POINT('',(-0.0215433750055025,0.0639697690776808,4.17999999999998));
#3572=CARTESIAN_POINT('',(-0.0215433750055629,0.0639697690776302,2.17999999999998));
#3573=CARTESIAN_POINT('',(-0.0215433750055629,0.0639697690776302,2.17999999999998));
#3574=CARTESIAN_POINT('',(-0.031823376490796,0.0699999872008172,2.17999999999998));
#3575=CARTESIAN_POINT('',(1.3039454168805E-13,-1.27991410276004E-8,4.17999999999985));
#3576=CARTESIAN_POINT('',(-0.0215433750055025,0.0639697690776808,4.17999999999998));
#3577=CARTESIAN_POINT('',(0.0214392855348491,0.0640047294920541,4.17999999999998));
#3578=CARTESIAN_POINT('',(0.0214392855348491,0.064004729492054,4.17999999999998));
#3579=CARTESIAN_POINT('',(0.0214392855347869,0.0640047294920034,2.17999999999998));
#3580=CARTESIAN_POINT('',(6.91089264167032E-14,-1.27991862340844E-8,2.17999999999999));
#3581=CARTESIAN_POINT('',(0.0214392855347869,0.0640047294920034,2.17999999999998));
#3582=CARTESIAN_POINT('',(-0.0215433750055629,0.0639697690776302,2.17999999999998));
#3583=CARTESIAN_POINT('',(0.0214392855348491,0.064004729492054,4.17999999999998));
#3584=CARTESIAN_POINT('',(0.0318233764909897,0.0699999872008705,4.17999999999997));
#3585=CARTESIAN_POINT('',(0.0318233764909897,0.0699999872008705,4.17999999999997));
#3586=CARTESIAN_POINT('',(0.0318233764909293,0.0699999872008217,2.17999999999998));
#3587=CARTESIAN_POINT('',(0.0318233764909293,0.0699999872008217,2.17999999999998));
#3588=CARTESIAN_POINT('',(0.0214392855347869,0.0640047294920034,2.17999999999998));
#3589=CARTESIAN_POINT('',(0.0466726188959088,0.0699999872008732,4.17999999999997));
#3590=CARTESIAN_POINT('',(0.0466726188958466,0.0699999872008226,2.17999999999997));
#3591=CARTESIAN_POINT('',(0.0466726188958466,0.0699999872008226,2.17999999999997));
#3592=CARTESIAN_POINT('',(0.0318233764909293,0.0699999872008217,2.17999999999998));
#3593=CARTESIAN_POINT('',(0.0466726188959088,0.0699999872008732,4.17999999999997));
#3594=CARTESIAN_POINT('',(0.0700000000001282,0.0466726060966529,4.17999999999997));
#3595=CARTESIAN_POINT('',(0.0700000000001282,0.0466726060966529,4.17999999999997));
#3596=CARTESIAN_POINT('',(0.070000000000066,0.0466726060966014,2.17999999999997));
#3597=CARTESIAN_POINT('',(0.070000000000066,0.0466726060966014,2.17999999999997));
#3598=CARTESIAN_POINT('',(0.0466726188958466,0.0699999872008226,2.17999999999997));
#3599=CARTESIAN_POINT('',(0.0700000000001264,0.0318233636917338,4.17999999999997));
#3600=CARTESIAN_POINT('',(0.0700000000000651,0.031823363691684,2.17999999999998));
#3601=CARTESIAN_POINT('',(0.0700000000000651,0.031823363691684,2.17999999999998));
#3602=CARTESIAN_POINT('',(0.070000000000066,0.0466726060966014,2.17999999999997));
#3603=CARTESIAN_POINT('',(0.0700000000001264,0.0318233636917338,4.17999999999997));
#3604=CARTESIAN_POINT('',(0.063969781876942,0.0215433622064918,4.17999999999982));
#3605=CARTESIAN_POINT('',(0.063969781876942,0.0215433622064918,4.17999999999982));
#3606=CARTESIAN_POINT('',(0.0639697818768798,0.0215433622064429,2.17999999999998));
#3607=CARTESIAN_POINT('',(0.0639697818768798,0.0215433622064429,2.17999999999998));
#3608=CARTESIAN_POINT('',(0.0700000000000651,0.031823363691684,2.17999999999998));
#3609=CARTESIAN_POINT('',(8.78491644032764E-14,-1.2799185095264E-8,2.17999999999998));
#3610=CARTESIAN_POINT('',(0.0640047422912522,-0.0214392983339016,2.17999999999998));
#3611=CARTESIAN_POINT('',(0.0639697818768799,0.0215433622064429,2.17999999999998));
#3612=CARTESIAN_POINT('',(0.0640047422913153,-0.0214392983338492,4.17999999999983));
#3613=CARTESIAN_POINT('',(0.0700000000001317,-0.0318233892899915,4.17999999999997));
#3614=CARTESIAN_POINT('',(0.0700000000001317,-0.0318233892899915,4.17999999999997));
#3615=CARTESIAN_POINT('',(0.0700000000000678,-0.031823389290043,2.17999999999998));
#3616=CARTESIAN_POINT('',(0.0700000000000678,-0.031823389290043,2.17999999999998));
#3617=CARTESIAN_POINT('',(0.0640047422912522,-0.0214392983339016,2.17999999999998));
#3618=CARTESIAN_POINT('',(0.0640047422913153,-0.0214392983338492,4.17999999999983));
#3619=CARTESIAN_POINT('',(0.0640047422912522,-0.0214392983339016,2.17999999999998));
#3620=CARTESIAN_POINT('',(0.0700000000001317,-0.0466726316949089,4.17999999999997));
#3621=CARTESIAN_POINT('',(0.0700000000000678,-0.0466726316949586,2.17999999999998));
#3622=CARTESIAN_POINT('',(0.0700000000000678,-0.0466726316949586,2.17999999999998));
#3623=CARTESIAN_POINT('',(0.0700000000000678,-0.031823389290043,2.17999999999998));
#3624=CARTESIAN_POINT('',(0.0700000000001317,-0.0466726316949089,4.17999999999997));
#3625=CARTESIAN_POINT('',(0.0466726188959141,-0.0700000127991274,4.17999999999997));
#3626=CARTESIAN_POINT('',(0.0466726188959141,-0.0700000127991274,4.17999999999997));
#3627=CARTESIAN_POINT('',(0.0466726188958502,-0.070000012799178,2.17999999999998));
#3628=CARTESIAN_POINT('',(0.0466726188958502,-0.070000012799178,2.17999999999998));
#3629=CARTESIAN_POINT('',(0.0700000000000678,-0.0466726316949586,2.17999999999998));
#3630=CARTESIAN_POINT('',(0.0318233764909932,-0.0700000127991283,4.17999999999997));
#3631=CARTESIAN_POINT('',(0.031823376490931,-0.0700000127991789,2.17999999999998));
#3632=CARTESIAN_POINT('',(0.031823376490931,-0.0700000127991789,2.17999999999998));
#3633=CARTESIAN_POINT('',(0.0466726188958502,-0.070000012799178,2.17999999999998));
#3634=CARTESIAN_POINT('',(0.0318233764909932,-0.0700000127991283,4.17999999999997));
#3635=CARTESIAN_POINT('',(0.0215433750057636,-0.0639697946759403,4.17999999999998));
#3636=CARTESIAN_POINT('',(0.0215433750057636,-0.0639697946759403,4.17999999999998));
#3637=CARTESIAN_POINT('',(0.0215433750056997,-0.063969794675991,2.17999999999998));
#3638=CARTESIAN_POINT('',(0.0215433750056997,-0.063969794675991,2.17999999999998));
#3639=CARTESIAN_POINT('',(0.031823376490931,-0.0700000127991789,2.17999999999998));
#3640=CARTESIAN_POINT('',(1.2808524994144E-13,-1.27991198868378E-8,4.17999999999987));
#3641=CARTESIAN_POINT('',(0.0215433750057636,-0.0639697946759403,4.17999999999998));
#3642=CARTESIAN_POINT('',(-0.021439285534588,-0.0640047550903153,4.17999999999998));
#3643=CARTESIAN_POINT('',(-0.021439285534588,-0.0640047550903153,4.17999999999998));
#3644=CARTESIAN_POINT('',(-0.0214392855346519,-0.064004755090366,2.17999999999998));
#3645=CARTESIAN_POINT('',(6.41208598751827E-14,-1.27991510774822E-8,2.17999999999999));
#3646=CARTESIAN_POINT('',(-0.0214392855346519,-0.064004755090366,2.17999999999998));
#3647=CARTESIAN_POINT('',(0.0215433750056997,-0.063969794675991,2.17999999999998));
#3648=CARTESIAN_POINT('',(-0.021439285534588,-0.0640047550903153,4.17999999999998));
#3649=CARTESIAN_POINT('',(-0.0318233764907303,-0.0700000127991309,4.17999999999998));
#3650=CARTESIAN_POINT('',(-0.0318233764907303,-0.0700000127991309,4.17999999999998));
#3651=CARTESIAN_POINT('',(-0.0318233764907925,-0.0700000127991816,2.17999999999998));
#3652=CARTESIAN_POINT('',(-0.0318233764907925,-0.0700000127991816,2.17999999999998));
#3653=CARTESIAN_POINT('',(-0.0214392855346519,-0.064004755090366,2.17999999999998));
#3654=CARTESIAN_POINT('',(-0.0466726188956494,-0.0700000127991318,4.17999999999998));
#3655=CARTESIAN_POINT('',(-0.0466726188957098,-0.0700000127991824,2.17999999999998));
#3656=CARTESIAN_POINT('',(-0.0466726188957098,-0.0700000127991824,2.17999999999998));
#3657=CARTESIAN_POINT('',(-0.0318233764907925,-0.0700000127991816,2.17999999999998));
#3658=CARTESIAN_POINT('',(-0.0466726188956494,-0.0700000127991318,4.17999999999998));
#3659=CARTESIAN_POINT('',(-0.0699999999998671,-0.0466726316949124,4.17999999999998));
#3660=CARTESIAN_POINT('',(-0.0699999999998671,-0.0466726316949124,4.17999999999998));
#3661=CARTESIAN_POINT('',(-0.0699999999999292,-0.0466726316949648,2.17999999999998));
#3662=CARTESIAN_POINT('',(-0.0699999999999292,-0.0466726316949648,2.17999999999998));
#3663=CARTESIAN_POINT('',(-0.0466726188957098,-0.0700000127991824,2.17999999999998));
#3664=CARTESIAN_POINT('',(-0.0699999999998688,-0.0318233892899951,4.17999999999998));
#3665=CARTESIAN_POINT('',(-0.0699999999999292,-0.0318233892900475,2.17999999999998));
#3666=CARTESIAN_POINT('',(-0.0699999999999292,-0.0318233892900475,2.17999999999998));
#3667=CARTESIAN_POINT('',(-0.0699999999999292,-0.0466726316949648,2.17999999999998));
#3668=CARTESIAN_POINT('',(-0.0699999999998688,-0.0318233892899951,4.17999999999998));
#3669=CARTESIAN_POINT('',(-0.0639697818766827,-0.0215433878047548,4.17999999999998));
#3670=CARTESIAN_POINT('',(-0.0639697818766827,-0.0215433878047548,4.17999999999998));
#3671=CARTESIAN_POINT('',(-0.063969781876744,-0.0215433878048046,2.17999999999998));
#3672=CARTESIAN_POINT('',(-0.063969781876744,-0.0215433878048046,2.17999999999998));
#3673=CARTESIAN_POINT('',(-0.0699999999999292,-0.0318233892900475,2.17999999999998));
#3674=CARTESIAN_POINT('',(1.49118245901129E-13,-1.279912896903E-8,4.17999999999984));
#3675=CARTESIAN_POINT('',(-0.0639697818766827,-0.0215433878047548,4.17999999999998));
#3676=CARTESIAN_POINT('',(-0.0640047422910506,0.0214392727355986,4.17999999999998));
#3677=CARTESIAN_POINT('',(9.48545879139173E-14,-1.27991773801046E-8,2.17999999999999));
#3678=CARTESIAN_POINT('',(-0.0640047422911128,0.0214392727355488,2.17999999999998));
#3679=CARTESIAN_POINT('',(-0.063969781876744,-0.0215433878048046,2.17999999999998));
#3680=CARTESIAN_POINT('',(0.0261307954788803,-1.82829795756934E-9,-1.58359282669733E-14));
#3681=CARTESIAN_POINT('',(-0.0261307954788812,-1.82829884557913E-9,-1.55439153493638E-14));
#3682=CARTESIAN_POINT('',(7.10589538578667E-15,-1.83439330383237E-8,0.225500002666255));
#3683=CARTESIAN_POINT('',(7.99275242138527E-15,-1.83439330395506E-8,0.225500002666254));
#3684=CARTESIAN_POINT('',(-0.0484859999999925,0.0484859816560679,0.270999999999987));
#3685=CARTESIAN_POINT('',(-0.0875099999999911,-0.0875100121886607,0.180000005332531));
#3686=CARTESIAN_POINT('',(-0.087509999999992,-0.0875100121886607,0.169999999999989));
#3687=CARTESIAN_POINT('',(-0.0256599999999958,-0.0256599999999958,0.169999999999986));
#3688=CARTESIAN_POINT('',(5.32850163796936E-15,-1.21886589721629E-8,0.175000002666255));
#3689=CARTESIAN_POINT('',(-0.0434869999999918,-0.0434870183439351,0.180000005332527));
#3690=CARTESIAN_POINT('',(1.33089868568112E-15,1.7773937286194E-15,0.0699999999999842));
#3691=CARTESIAN_POINT('',(2.22020886735742E-15,3.55233418777211E-15,0.069999999999985));
#3692=CARTESIAN_POINT('',(-0.0301600000000004,-0.0301599999999986,-0.030000000000014));
#3693=CARTESIAN_POINT('',(0.0272033554462645,0.0129999981717024,-1.75311154482216E-14));
#3694=CARTESIAN_POINT('',(0.0272033536988392,-0.0130000018282992,-1.77635683940025E-14));
#3695=CARTESIAN_POINT('',(0.0221115930573941,0.0129999981717024,-1.73749903353837E-14));
#3696=CARTESIAN_POINT('',(0.0221115909075813,-0.0130000018282974,-1.58310864417643E-14));
#3697=CARTESIAN_POINT('',(-0.0221115930573941,0.0129999981717024,-1.59976198954581E-14));
#3698=CARTESIAN_POINT('',(-0.0221115909075813,-0.0130000018282992,-1.44537160018388E-14));
#3699=CARTESIAN_POINT('',(-0.0272033554462645,0.0129999981717006,-1.58414947826202E-14));
#3700=CARTESIAN_POINT('',(-0.027203353698841,-0.0130000018282992,-1.60739477284011E-14));
#3701=CARTESIAN_POINT('',(9.76996261670138E-15,-0.043477018343931,0.270999999999986));
#3702=CARTESIAN_POINT('',(7.99360577730113E-15,0.0434769816560694,0.270999999999983));
#3703=CARTESIAN_POINT('',(5.32907051820075E-15,0.043476981656065,0.180000005332523));
#3704=CARTESIAN_POINT('',(8.88178419700125E-15,-0.0434770183439355,0.180000005332525));
#3705=CARTESIAN_POINT('',(7.99360577730113E-15,0.0484759816560691,0.270999999999986));
#3706=CARTESIAN_POINT('',(1.15463194561016E-14,-0.0484760183439326,0.270999999999987));
#3707=CARTESIAN_POINT('',(7.105427357601E-15,-0.0484760183439334,0.180000005332525));
#3708=CARTESIAN_POINT('',(5.32907051820075E-15,0.0484759816560665,0.180000005332524));
#3709=CARTESIAN_POINT('',(3.5527136788005E-15,0.0874999878113414,0.180000005332523));
#3710=CARTESIAN_POINT('',(8.88178419700125E-15,-0.0875000121886593,0.180000005332529));
#3711=CARTESIAN_POINT('',(7.99360577730113E-15,-0.0875000121886575,0.169999999999987));
#3712=CARTESIAN_POINT('',(5.32907051820075E-15,0.0874999878113396,0.169999999999983));
#3713=CARTESIAN_POINT('',(6.21724893790088E-15,-0.0301499999999955,0.169999999999985));
#3714=CARTESIAN_POINT('',(4.44089209850063E-15,0.0301500000000061,0.169999999999984));
#3715=CARTESIAN_POINT('',(4.44089209850063E-15,-0.0256499999999953,0.169999999999986));
#3716=CARTESIAN_POINT('',(4.44089209850063E-15,0.0256500000000059,0.169999999999983));
#3717=CARTESIAN_POINT('',(1.77635683940025E-15,-0.0256499999999988,-0.030000000000016));
#3718=CARTESIAN_POINT('',(0.,0.0256500000000006,-0.0300000000000164));
#3719=CARTESIAN_POINT('',(0.,0.0301500000000008,-0.0300000000000156));
#3720=CARTESIAN_POINT('',(0.,-0.0301500000000008,-0.0300000000000159));
#3721=CARTESIAN_POINT('',(0.0272033554462645,0.0129999981717024,-1.75311154482216E-14));
#3722=CARTESIAN_POINT('',(0.0272033554462636,0.0129999981717024,-0.000945354916490383));
#3723=CARTESIAN_POINT('',(0.0272519971736758,0.012898407062151,-0.00173879567166656));
#3724=CARTESIAN_POINT('',(0.0273316331537936,0.0127282109685964,-0.00266283487476547));
#3725=CARTESIAN_POINT('',(0.0273604221930528,0.0126664070630262,-0.00293788646536685));
#3726=CARTESIAN_POINT('',(0.0274199005710232,0.0125372987703347,-0.00344748963524809));
#3727=CARTESIAN_POINT('',(0.027450578381548,0.0124700879276691,-0.00368105528316741));
#3728=CARTESIAN_POINT('',(0.0275443134852251,0.0122622250618658,-0.00434177587768557));
#3729=CARTESIAN_POINT('',(0.027608901149244,0.0121160811844305,-0.00472761945026233));
#3730=CARTESIAN_POINT('',(0.0277397539436999,0.011813308522969,-0.00544017938881478));
#3731=CARTESIAN_POINT('',(0.0278059756067188,0.0116568184084489,-0.00576528089829484));
#3732=CARTESIAN_POINT('',(0.0280060682244114,0.0111719339946372,-0.00668330731370289));
#3733=CARTESIAN_POINT('',(0.0281411271856244,0.0108283863248442,-0.00721991612306346));
#3734=CARTESIAN_POINT('',(0.02841212882507,0.0100954153553232,-0.0082136307871667));
#3735=CARTESIAN_POINT('',(0.0285481608509466,0.0097065815210442,-0.00866846040221398));
#3736=CARTESIAN_POINT('',(0.0288200889000452,0.00886686952840599,-0.00952568097034828));
#3737=CARTESIAN_POINT('',(0.0289560162361679,0.00841643015839288,-0.0099275402516416));
#3738=CARTESIAN_POINT('',(0.0292265133276333,0.00742293785442882,-0.0106907599964249));
#3739=CARTESIAN_POINT('',(0.029361136244801,0.00688140536901116,-0.0110524155877846));
#3740=CARTESIAN_POINT('',(0.0295602211535533,0.00594241344993485,-0.0115678578500248));
#3741=CARTESIAN_POINT('',(0.0296260490685301,0.00560907261152543,-0.0117345472978064));
#3742=CARTESIAN_POINT('',(0.02975575836341,0.0048739757270706,-0.0120584268934905));
#3743=CARTESIAN_POINT('',(0.0298197554319382,0.0044737464255018,-0.0122154748497994));
#3744=CARTESIAN_POINT('',(0.029912071702765,0.00378621014249703,-0.0124387564178919));
#3745=CARTESIAN_POINT('',(0.0299422462602967,0.00354241309839232,-0.0125110618492835));
#3746=CARTESIAN_POINT('',(0.0300003908189241,0.00301106192293332,-0.0126494611424924));
#3747=CARTESIAN_POINT('',(0.0300284323420508,0.00272387781310179,-0.0127156181750317));
#3748=CARTESIAN_POINT('',(0.0301053446588488,0.00176187602264122,-0.0128965751241617));
#3749=CARTESIAN_POINT('',(0.0301500000613473,0.000943352027558575,-0.0130000000000163));
#3750=CARTESIAN_POINT('',(0.0301499999386543,-0.000943351100302081,-0.0130000000000163));
#3751=CARTESIAN_POINT('',(0.0301053448691828,-0.00176187153617668,-0.0128965761157524));
#3752=CARTESIAN_POINT('',(0.0300284330446434,-0.00272386995230356,-0.0127156206115776));
#3753=CARTESIAN_POINT('',(0.0300003916857978,-0.00301105324165185,-0.0126494640614062));
#3754=CARTESIAN_POINT('',(0.0299422474537447,-0.00354240295803443,-0.0125110657376067));
#3755=CARTESIAN_POINT('',(0.029912073068159,-0.00378619930846469,-0.0124387608148136));
#3756=CARTESIAN_POINT('',(0.029819757301313,-0.00447373382429284,-0.0122154807475837));
#3757=CARTESIAN_POINT('',(0.0297557605781638,-0.00487396212447599,-0.0120584338295429));
#3758=CARTESIAN_POINT('',(0.0296260519547111,-0.00560905730163341,-0.0117345563225533));
#3759=CARTESIAN_POINT('',(0.0295602243862607,-0.00594239734316204,-0.0115678679660614));
#3760=CARTESIAN_POINT('',(0.0293611390985422,-0.00688139362272544,-0.0110524255069875));
#3761=CARTESIAN_POINT('',(0.0292265154357025,-0.00742292977540693,-0.0106907683518023));
#3762=CARTESIAN_POINT('',(0.028956016828662,-0.00841642831951894,-0.00992754513350142));
#3763=CARTESIAN_POINT('',(0.028820088724073,-0.0088668702177479,-0.0095256839297974));
#3764=CARTESIAN_POINT('',(0.0285481611403302,-0.00970658048320239,-0.00866846526419986));
#3765=CARTESIAN_POINT('',(0.0284121303496701,-0.0100954109353708,-0.00821364024339844));
#3766=CARTESIAN_POINT('',(0.0281411311484554,-0.0108283758976402,-0.00721993671035212));
#3767=CARTESIAN_POINT('',(0.0280060734031853,-0.0111719208880832,-0.00668333443005061));
#3768=CARTESIAN_POINT('',(0.0278059812029756,-0.0116568051290216,-0.0057653152757578));
#3769=CARTESIAN_POINT('',(0.0277397588284352,-0.0118132970592644,-0.00544021237796604));
#3770=CARTESIAN_POINT('',(0.0276089046252395,-0.0121160733000263,-0.00472764920688199));
#3771=CARTESIAN_POINT('',(0.0275443162302356,-0.0122622189013217,-0.00434180386107566));
#3772=CARTESIAN_POINT('',(0.0274505800592788,-0.0124700842404142,-0.00368108023732108));
#3773=CARTESIAN_POINT('',(0.0274199018796182,-0.0125372959121659,-0.00344751343039287));
#3774=CARTESIAN_POINT('',(0.0273604227946223,-0.0126664057844135,-0.00293790786421956));
#3775=CARTESIAN_POINT('',(0.027331633386515,-0.0127282104818747,-0.00266285489679598));
#3776=CARTESIAN_POINT('',(0.0272519962998281,-0.0128984089009165,-0.00173881048717118));
#3777=CARTESIAN_POINT('',(0.0272033536988392,-0.0130000018282974,-0.000945364368123872));
#3778=CARTESIAN_POINT('',(0.0272033536988392,-0.0130000018282992,-1.77635683940025E-14));
#3779=CARTESIAN_POINT('',(0.0272033536988392,-0.0130000018282992,-1.77635683940025E-14));
#3780=CARTESIAN_POINT('',(0.0272033536988401,-0.0130000018282974,0.00094535492417247));
#3781=CARTESIAN_POINT('',(0.0272519954399533,-0.012898410725164,0.00173879558935485));
#3782=CARTESIAN_POINT('',(0.0273316314298055,-0.0127282146704424,0.00266283465278326));
#3783=CARTESIAN_POINT('',(0.0273604204717612,-0.0126664107808807,0.00293788619706168));
#3784=CARTESIAN_POINT('',(0.0274198988548795,-0.0125373025236186,0.00344748928005066));
#3785=CARTESIAN_POINT('',(0.0274505766674258,-0.0124700917009264,0.0036810548851349));
#3786=CARTESIAN_POINT('',(0.0275443117771834,-0.0122622288984502,0.00434177535987598));
#3787=CARTESIAN_POINT('',(0.0276088994441261,-0.0121160850690671,0.0047276188589764));
#3788=CARTESIAN_POINT('',(0.0277397522447904,-0.0118133125120217,0.005440178660927));
#3789=CARTESIAN_POINT('',(0.0278059739104419,-0.0116568224529736,0.005765280108819));
#3790=CARTESIAN_POINT('',(0.0280060665355455,-0.011171938225873,0.00668330633555573));
#3791=CARTESIAN_POINT('',(0.0281411255016826,-0.0108283906962701,0.00721991503508592));
#3792=CARTESIAN_POINT('',(0.0284121271511948,-0.0100954200602583,0.0082136294846834));
#3793=CARTESIAN_POINT('',(0.0285481591822494,-0.00970658641692346,0.00866845899778111));
#3794=CARTESIAN_POINT('',(0.0288200872438749,-0.00886687490141114,0.00952567935740041));
#3795=CARTESIAN_POINT('',(0.0289560145870658,-0.00841643580947782,0.00992753853821321));
#3796=CARTESIAN_POINT('',(0.0292265116981296,-0.00742294424598455,0.0106907580765341));
#3797=CARTESIAN_POINT('',(0.0293611346280391,-0.00688141221358229,0.0110524135608763));
#3798=CARTESIAN_POINT('',(0.0295602196761626,-0.00594242080684992,0.0115678559573371));
#3799=CARTESIAN_POINT('',(0.0296260477134984,-0.00560907978231562,0.0117345456265514));
#3800=CARTESIAN_POINT('',(0.0297557572518299,-0.00487398253113014,0.012058425629587));
#3801=CARTESIAN_POINT('',(0.0298197544446817,-0.00447375303115649,0.012215473779421));
#3802=CARTESIAN_POINT('',(0.0299120709058434,-0.00378621644671995,0.0124387556143356));
#3803=CARTESIAN_POINT('',(0.0299422455284661,-0.00354241929170129,0.0125110611336586));
#3804=CARTESIAN_POINT('',(0.0300003902187838,-0.00301106790829664,0.0126494605907542));
#3805=CARTESIAN_POINT('',(0.0300284318099093,-0.00272388369388921,0.0127156177025697));
#3806=CARTESIAN_POINT('',(0.0301053443471551,-0.00176188146999046,0.0128965748953732));
#3807=CARTESIAN_POINT('',(0.0301499999386525,-0.000943357215581031,0.0129999999999835));
#3808=CARTESIAN_POINT('',(0.0301500000613455,0.00094334591234535,0.0129999999999835));
#3809=CARTESIAN_POINT('',(0.0301053451808713,0.00176186608892337,0.0128965763444628));
#3810=CARTESIAN_POINT('',(0.0300284335767707,0.00272386407165115,0.0127156210839403));
#3811=CARTESIAN_POINT('',(0.0300003922859222,0.0030110472564342,0.0126494646130432));
#3812=CARTESIAN_POINT('',(0.029942248185554,0.00354239676488888,0.0125110664531153));
#3813=CARTESIAN_POINT('',(0.0299120738650593,0.0037861930044123,0.0124387616182484));
#3814=CARTESIAN_POINT('',(0.0298197582885411,0.00447372721882999,0.0122154818178201));
#3815=CARTESIAN_POINT('',(0.0297557616897084,0.00487395532062074,0.0120584350932921));
#3816=CARTESIAN_POINT('',(0.0296260533096966,0.00560905013106883,0.0117345579936256));
#3817=CARTESIAN_POINT('',(0.0295602258635981,0.00594238998648322,0.0115678698585521));
#3818=CARTESIAN_POINT('',(0.0293611407152543,0.00688138677834971,0.0110524275336988));
#3819=CARTESIAN_POINT('',(0.0292265170651653,0.00742292338400752,0.0106907702715139));
#3820=CARTESIAN_POINT('',(0.0289560184777393,0.00841642266852816,0.00992754684678084));
#3821=CARTESIAN_POINT('',(0.0288200903802203,0.0088668648448067,0.00952568554261674));
#3822=CARTESIAN_POINT('',(0.0285481628090132,0.00970657558736399,0.00866846666852111));
#3823=CARTESIAN_POINT('',(0.0284121320235311,0.0100954062304748,0.00821364154576303));
#3824=CARTESIAN_POINT('',(0.0281411328323777,0.0108283715262605,0.00721993779819323));
#3825=CARTESIAN_POINT('',(0.0280060750920299,0.0111719166568918,0.00668333540805336));
#3826=CARTESIAN_POINT('',(0.027805982899233,0.0116568010845377,0.00576531606507593));
#3827=CARTESIAN_POINT('',(0.0277397605273251,0.011813293070249,0.00544021310570233));
#3828=CARTESIAN_POINT('',(0.0276089063303449,0.0121160694154163,0.00472764979802267));
#3829=CARTESIAN_POINT('',(0.0275443179382666,0.0122622150647622,0.00434180437874622));
#3830=CARTESIAN_POINT('',(0.0274505817733921,0.0124700804671747,0.00368108063522167));
#3831=CARTESIAN_POINT('',(0.0274199035957583,0.0125372921588998,0.00344751378546106));
#3832=CARTESIAN_POINT('',(0.027360424515912,0.0126664020665697,0.00293790813240525));
#3833=CARTESIAN_POINT('',(0.0273316351104995,0.0127282067800412,0.00266285511866139));
#3834=CARTESIAN_POINT('',(0.0272519980335506,0.0128984052379106,0.00173881056937587));
#3835=CARTESIAN_POINT('',(0.0272033554462645,0.0129999981717024,0.000945364360349876));
#3836=CARTESIAN_POINT('',(0.0272033554462645,0.0129999981717024,-1.75311154482216E-14));
#3837=CARTESIAN_POINT('',(0.0272033554462645,0.0129999981717024,-1.75311154482216E-14));
#3838=CARTESIAN_POINT('',(0.0221115930573941,0.0129999981717024,-1.73749903353837E-14));
#3839=CARTESIAN_POINT('',(-0.0272033554462645,0.0129999981717006,-1.58414947826202E-14));
#3840=CARTESIAN_POINT('',(-0.0272033554462645,0.0129999981717006,0.000945354916457013));
#3841=CARTESIAN_POINT('',(-0.0272519971736767,0.0128984070621492,0.00173879567163674));
#3842=CARTESIAN_POINT('',(-0.0273316331537945,0.0127282109685964,0.00266283487473389));
#3843=CARTESIAN_POINT('',(-0.0273604221930537,0.0126664070630227,0.00293788646533704));
#3844=CARTESIAN_POINT('',(-0.0274199005710276,0.0125372987703329,0.00344748963521562));
#3845=CARTESIAN_POINT('',(-0.0274505783815489,0.0124700879276656,0.00368105528313495));
#3846=CARTESIAN_POINT('',(-0.0275443134852278,0.0122622250618658,0.00434177587765401));
#3847=CARTESIAN_POINT('',(-0.0276089011492449,0.0121160811844288,0.00472761945022989));
#3848=CARTESIAN_POINT('',(-0.0277397539437008,0.0118133085229672,0.00544017938878325));
#3849=CARTESIAN_POINT('',(-0.0278059756067179,0.0116568184084471,0.00576528089826331));
#3850=CARTESIAN_POINT('',(-0.0280060682244123,0.0111719339946337,0.00668330731367405));
#3851=CARTESIAN_POINT('',(-0.0281411271856236,0.0108283863248424,0.00721991612303375));
#3852=CARTESIAN_POINT('',(-0.0284121288250692,0.0100954153553197,0.00821363078713703));
#3853=CARTESIAN_POINT('',(-0.0285481608509475,0.00970658152104065,0.00866846040218255));
#3854=CARTESIAN_POINT('',(-0.0288200889000443,0.00886686952840243,0.00952568097031689));
#3855=CARTESIAN_POINT('',(-0.0289560162361688,0.00841643015839111,0.00992754025161023));
#3856=CARTESIAN_POINT('',(-0.0292265133276342,0.00742293785442705,0.0106907599963954));
#3857=CARTESIAN_POINT('',(-0.0293611362448019,0.00688140536900939,0.0110524155877524));
#3858=CARTESIAN_POINT('',(-0.0295602211535542,0.00594241344993307,0.0115678578499935));
#3859=CARTESIAN_POINT('',(-0.0296260490685327,0.00560907261152188,0.0117345472977734));
#3860=CARTESIAN_POINT('',(-0.0297557583634127,0.00487397572706882,0.0120584268934594));
#3861=CARTESIAN_POINT('',(-0.029819755431939,0.0044737464255018,0.0122154748497674));
#3862=CARTESIAN_POINT('',(-0.0299120717027659,0.00378621014249525,0.0124387564178599));
#3863=CARTESIAN_POINT('',(-0.0299422462602976,0.00354241309839054,0.0125110618492506));
#3864=CARTESIAN_POINT('',(-0.030000390818925,0.00301106192293243,0.0126494611424613));
#3865=CARTESIAN_POINT('',(-0.0300284323420499,0.00272387781309913,0.0127156181750006));
#3866=CARTESIAN_POINT('',(-0.0301053446588497,0.00176187602263855,0.0128965751241306));
#3867=CARTESIAN_POINT('',(-0.0301500000613455,0.000943352027557687,0.0129999999999862));
#3868=CARTESIAN_POINT('',(-0.0301499999386561,-0.000943351100302969,0.0129999999999836));
#3869=CARTESIAN_POINT('',(-0.0301053448691819,-0.00176187153617757,0.0128965761157224));
#3870=CARTESIAN_POINT('',(-0.0300284330446443,-0.00272386995230445,0.0127156206115459));
#3871=CARTESIAN_POINT('',(-0.0300003916857969,-0.00301105324165452,0.0126494640613763));
#3872=CARTESIAN_POINT('',(-0.0299422474537439,-0.00354240295803621,0.012511065737576));
#3873=CARTESIAN_POINT('',(-0.0299120730681599,-0.00378619930846646,0.012438760814782));
#3874=CARTESIAN_POINT('',(-0.0298197573013139,-0.00447373382429284,0.0122154807475521));
#3875=CARTESIAN_POINT('',(-0.0297557605781646,-0.00487396212447599,0.0120584338295105));
#3876=CARTESIAN_POINT('',(-0.0296260519547102,-0.00560905730163519,0.0117345563225227));
#3877=CARTESIAN_POINT('',(-0.0295602243862598,-0.00594239734316382,0.0115678679660299));
#3878=CARTESIAN_POINT('',(-0.0293611390985413,-0.00688139362272722,0.0110524255069551));
#3879=CARTESIAN_POINT('',(-0.0292265154356999,-0.0074229297754087,0.0106907683517735));
#3880=CARTESIAN_POINT('',(-0.0289560168286611,-0.00841642831952072,0.00992754513346912));
#3881=CARTESIAN_POINT('',(-0.0288200887240704,-0.0088668702177479,0.00952568392976691));
#3882=CARTESIAN_POINT('',(-0.0285481611403311,-0.00970658048320416,0.00866846526417029));
#3883=CARTESIAN_POINT('',(-0.0284121303496692,-0.0100954109353726,0.008213640243368));
#3884=CARTESIAN_POINT('',(-0.0281411311484527,-0.010828375897642,0.00721993671032173));
#3885=CARTESIAN_POINT('',(-0.0280060734031844,-0.0111719208880832,0.00668333443002112));
#3886=CARTESIAN_POINT('',(-0.0278059812029747,-0.0116568051290251,0.00576531527572922));
#3887=CARTESIAN_POINT('',(-0.0277397588284325,-0.0118132970592661,0.00544021237793569));
#3888=CARTESIAN_POINT('',(-0.0276089046252386,-0.0121160733000263,0.00472764920684989));
#3889=CARTESIAN_POINT('',(-0.0275443162302347,-0.0122622189013217,0.00434180386104534));
#3890=CARTESIAN_POINT('',(-0.0274505800592779,-0.012470084240416,0.00368108023729254));
#3891=CARTESIAN_POINT('',(-0.0274199018796173,-0.0125372959121677,0.00344751343036167));
#3892=CARTESIAN_POINT('',(-0.0273604227946214,-0.0126664057844135,0.00293790786419104));
#3893=CARTESIAN_POINT('',(-0.0273316333865141,-0.0127282104818764,0.00266285489676834));
#3894=CARTESIAN_POINT('',(-0.0272519962998272,-0.0128984089009183,0.00173881048714));
#3895=CARTESIAN_POINT('',(-0.0272033536988401,-0.013000001828301,0.000945364368092696));
#3896=CARTESIAN_POINT('',(-0.027203353698841,-0.0130000018282992,-1.60739477284011E-14));
#3897=CARTESIAN_POINT('',(-0.027203353698841,-0.0130000018282992,-1.60739477284011E-14));
#3898=CARTESIAN_POINT('',(-0.027203353698841,-0.0130000018282992,-0.000945354924203643));
#3899=CARTESIAN_POINT('',(-0.0272519954399524,-0.012898410725164,-0.00173879558938603));
#3900=CARTESIAN_POINT('',(-0.0273316314298047,-0.0127282146704442,-0.00266283465281267));
#3901=CARTESIAN_POINT('',(-0.0273604204717603,-0.0126664107808825,-0.00293788619709288));
#3902=CARTESIAN_POINT('',(-0.0274198988548768,-0.0125373025236186,-0.00344748928008096));
#3903=CARTESIAN_POINT('',(-0.0274505766674231,-0.0124700917009282,-0.00368105488516522));
#3904=CARTESIAN_POINT('',(-0.0275443117771825,-0.0122622288984502,-0.00434177535990541));
#3905=CARTESIAN_POINT('',(-0.027608899444127,-0.0121160850690689,-0.00472761885900673));
#3906=CARTESIAN_POINT('',(-0.0277397522447895,-0.0118133125120234,-0.00544017866095558));
#3907=CARTESIAN_POINT('',(-0.027805973910441,-0.0116568224529772,-0.00576528010885112));
#3908=CARTESIAN_POINT('',(-0.0280060665355446,-0.0111719382258748,-0.006683306335587));
#3909=CARTESIAN_POINT('',(-0.0281411255016817,-0.0108283906962718,-0.00721991503511632));
#3910=CARTESIAN_POINT('',(-0.0284121271511921,-0.0100954200602619,-0.00821362948471384));
#3911=CARTESIAN_POINT('',(-0.0285481591822485,-0.00970658641692523,-0.00866845899781245));
#3912=CARTESIAN_POINT('',(-0.028820087243874,-0.00886687490141291,-0.00952567935743268));
#3913=CARTESIAN_POINT('',(-0.0289560145870631,-0.00841643580947959,-0.00992753853824372));
#3914=CARTESIAN_POINT('',(-0.0292265116981287,-0.00742294424598633,-0.0106907580765647));
#3915=CARTESIAN_POINT('',(-0.0293611346280382,-0.00688141221358229,-0.0110524135609078));
#3916=CARTESIAN_POINT('',(-0.0295602196761617,-0.00594242080685348,-0.0115678559573686));
#3917=CARTESIAN_POINT('',(-0.0296260477134975,-0.00560907978231739,-0.0117345456265838));
#3918=CARTESIAN_POINT('',(-0.029755757251829,-0.00487398253113369,-0.0120584256296186));
#3919=CARTESIAN_POINT('',(-0.029819754444679,-0.00447375303115649,-0.0122154737794526));
#3920=CARTESIAN_POINT('',(-0.0299120709058425,-0.00378621644671817,-0.0124387556143655));
#3921=CARTESIAN_POINT('',(-0.0299422455284653,-0.00354241929170129,-0.0125110611336894));
#3922=CARTESIAN_POINT('',(-0.0300003902187846,-0.00301106790829575,-0.0126494605907868));
#3923=CARTESIAN_POINT('',(-0.0300284318099084,-0.00272388369389365,-0.0127156177026014));
#3924=CARTESIAN_POINT('',(-0.0301053443471559,-0.00176188146999134,-0.0128965748954031));
#3925=CARTESIAN_POINT('',(-0.0301499999386543,-0.000943357215580143,-0.0130000000000153));
#3926=CARTESIAN_POINT('',(-0.0301500000613455,0.000943345912346238,-0.0130000000000153));
#3927=CARTESIAN_POINT('',(-0.0301053451808722,0.00176186608892248,-0.0128965763444939));
#3928=CARTESIAN_POINT('',(-0.0300284335767698,0.00272386407165026,-0.0127156210839713));
#3929=CARTESIAN_POINT('',(-0.0300003922859231,0.00301104725643331,-0.0126494646130734));
#3930=CARTESIAN_POINT('',(-0.0299422481855549,0.00354239676488532,-0.0125110664531473));
#3931=CARTESIAN_POINT('',(-0.0299120738650585,0.00378619300440874,-0.0124387616182795));
#3932=CARTESIAN_POINT('',(-0.029819758288542,0.00447372721882822,-0.0122154818178513));
#3933=CARTESIAN_POINT('',(-0.0297557616897093,0.00487395532061718,-0.0120584350933224));
#3934=CARTESIAN_POINT('',(-0.0296260533096975,0.00560905013106705,-0.0117345579936559));
#3935=CARTESIAN_POINT('',(-0.029560225863599,0.00594238998648144,-0.0115678698585851));
#3936=CARTESIAN_POINT('',(-0.0293611407152516,0.00688138677834971,-0.0110524275337319));
#3937=CARTESIAN_POINT('',(-0.0292265170651662,0.00742292338400574,-0.0106907702715452));
#3938=CARTESIAN_POINT('',(-0.0289560184777402,0.0084164226685246,-0.0099275468468122));
#3939=CARTESIAN_POINT('',(-0.0288200903802229,0.00886686484480492,-0.00952568554264724));
#3940=CARTESIAN_POINT('',(-0.0285481628090141,0.00970657558736221,-0.00866846666855165));
#3941=CARTESIAN_POINT('',(-0.028412132023532,0.010095406230473,-0.00821364154579448));
#3942=CARTESIAN_POINT('',(-0.0281411328323768,0.0108283715262587,-0.00721993779822293));
#3943=CARTESIAN_POINT('',(-0.028006075092029,0.01117191665689,-0.00668333540808397));
#3944=CARTESIAN_POINT('',(-0.0278059828992339,0.0116568010845377,-0.00576531606510835));
#3945=CARTESIAN_POINT('',(-0.027739760527326,0.0118132930702473,-0.00544021310573387));
#3946=CARTESIAN_POINT('',(-0.0276089063303457,0.0121160694154163,-0.00472764979805244));
#3947=CARTESIAN_POINT('',(-0.0275443179382657,0.0122622150647604,-0.00434180437877778));
#3948=CARTESIAN_POINT('',(-0.0274505817733948,0.0124700804671729,-0.00368108063525324));
#3949=CARTESIAN_POINT('',(-0.0274199035957592,0.012537292158898,-0.00344751378549085));
#3950=CARTESIAN_POINT('',(-0.0273604245159111,0.0126664020665697,-0.00293790813243595));
#3951=CARTESIAN_POINT('',(-0.0273316351105004,0.0127282067800394,-0.00266285511869297));
#3952=CARTESIAN_POINT('',(-0.0272519980335515,0.0128984052379089,-0.00173881056940746));
#3953=CARTESIAN_POINT('',(-0.0272033554462654,0.0129999981717024,-0.000945364360381472));
#3954=CARTESIAN_POINT('',(-0.0272033554462645,0.0129999981717006,-1.58414947826202E-14));
#3955=CARTESIAN_POINT('',(-0.0221115930573941,0.0129999981717024,-1.59976198954581E-14));
#3956=CARTESIAN_POINT('',(-0.0272033554462645,0.0129999981717006,-1.58414947826202E-14));
#3957=CARTESIAN_POINT('',(9.76769256997938E-15,-1.83439308230214E-8,0.270999999999985));
#3958=CARTESIAN_POINT('',(9.76996261670138E-15,-0.043477018343931,0.270999999999986));
#3959=CARTESIAN_POINT('',(8.00310046789347E-15,0.0434769816560694,0.270999999999983));
#3960=CARTESIAN_POINT('',(9.77259910601138E-15,-1.83439308132087E-8,0.270999999999985));
#3961=CARTESIAN_POINT('',(7.99360577730113E-15,0.0434769816560694,0.270999999999983));
#3962=CARTESIAN_POINT('',(9.78061150655837E-15,-0.043477018343931,0.270999999999986));
#3963=CARTESIAN_POINT('',(6.21413174746714E-15,-1.83439352573063E-8,0.180000005332524));
#3964=CARTESIAN_POINT('',(5.32907051820075E-15,0.043476981656065,0.180000005332523));
#3965=CARTESIAN_POINT('',(8.87017390489679E-15,-0.0434770183439355,0.180000005332525));
#3966=CARTESIAN_POINT('',(4.4440985759333E-15,-1.83439352609855E-8,0.180000005332524));
#3967=CARTESIAN_POINT('',(8.88178419700125E-15,-0.0434770183439355,0.180000005332525));
#3968=CARTESIAN_POINT('',(5.32134566033309E-15,0.043476981656065,0.180000005332523));
#3969=CARTESIAN_POINT('',(7.99360577730113E-15,0.0434769816560694,0.270999999999983));
#3970=CARTESIAN_POINT('',(5.32907051820075E-15,0.043476981656065,0.180000005332523));
#3971=CARTESIAN_POINT('',(8.88819628620701E-15,-1.83439317025185E-8,0.270999999999987));
#3972=CARTESIAN_POINT('',(7.99360577730113E-15,0.0484759816560692,0.270999999999986));
#3973=CARTESIAN_POINT('',(1.15539922129452E-14,-0.0484760183439326,0.270999999999987));
#3974=CARTESIAN_POINT('',(1.06520965274014E-14,-1.83439317147848E-8,0.270999999999987));
#3975=CARTESIAN_POINT('',(1.15463194561016E-14,-0.0484760183439326,0.270999999999987));
#3976=CARTESIAN_POINT('',(7.98666818086896E-15,0.0484759816560691,0.270999999999986));
#3977=CARTESIAN_POINT('',(8.00256533778388E-15,-1.83439334909524E-8,0.180000005332524));
#3978=CARTESIAN_POINT('',(7.105427357601E-15,-0.0484760183439335,0.180000005332525));
#3979=CARTESIAN_POINT('',(5.3320469386995E-15,0.0484759816560665,0.180000005332524));
#3980=CARTESIAN_POINT('',(6.20677225538281E-15,-1.83439334762325E-8,0.180000005332524));
#3981=CARTESIAN_POINT('',(5.32907051820075E-15,0.0484759816560665,0.180000005332524));
#3982=CARTESIAN_POINT('',(7.10006506327801E-15,-0.0484760183439334,0.180000005332525));
#3983=CARTESIAN_POINT('',(7.99360577730113E-15,0.0484759816560691,0.270999999999986));
#3984=CARTESIAN_POINT('',(5.32907051820075E-15,0.0484759816560665,0.180000005332524));
#3985=CARTESIAN_POINT('',(3.55969436700207E-15,-1.21886589795225E-8,0.180000005332526));
#3986=CARTESIAN_POINT('',(8.88178419700126E-15,-0.0875000121886593,0.180000005332529));
#3987=CARTESIAN_POINT('',(3.57183959957307E-15,0.0874999878113414,0.180000005332523));
#3988=CARTESIAN_POINT('',(7.09976214778038E-15,-1.21886589623497E-8,0.180000005332526));
#3989=CARTESIAN_POINT('',(3.5527136788005E-15,0.0874999878113414,0.180000005332523));
#3990=CARTESIAN_POINT('',(8.8874936934831E-15,-0.0875000121886593,0.180000005332529));
#3991=CARTESIAN_POINT('',(3.54497459684179E-15,-1.21886589598967E-8,0.169999999999985));
#3992=CARTESIAN_POINT('',(5.32907051820075E-15,0.0874999878113396,0.169999999999983));
#3993=CARTESIAN_POINT('',(7.96741195389106E-15,-0.0875000121886575,0.169999999999987));
#3994=CARTESIAN_POINT('',(7.10957531599401E-15,-1.21886589770694E-8,0.169999999999985));
#3995=CARTESIAN_POINT('',(7.99360577730113E-15,-0.0875000121886576,0.169999999999987));
#3996=CARTESIAN_POINT('',(5.3425309793562E-15,0.0874999878113396,0.169999999999983));
#3997=CARTESIAN_POINT('',(5.32907051820075E-15,0.0874999878113396,0.169999999999983));
#3998=CARTESIAN_POINT('',(3.5527136788005E-15,0.0874999878113414,0.180000005332523));
#3999=CARTESIAN_POINT('',(-0.0221115909075813,-0.0130000018282992,-1.44537160018388E-14));
#4000=CARTESIAN_POINT('',(-0.0221115909075786,-0.0130000018282992,0.000875209815728729));
#4001=CARTESIAN_POINT('',(-0.0221640175450277,-0.0129119010387981,0.00173739989091246));
#4002=CARTESIAN_POINT('',(-0.022358611300807,-0.0125719275718339,0.00341805656267511));
#4003=CARTESIAN_POINT('',(-0.0225007030962479,-0.0123199130429352,0.00423661824271246));
#4004=CARTESIAN_POINT('',(-0.0230221851110928,-0.0113336856431339,0.00659019503417176));
#4005=CARTESIAN_POINT('',(-0.0234898214840955,-0.0103799036175687,0.00800228926892084));
#4006=CARTESIAN_POINT('',(-0.0241693954122004,-0.0086117959709977,0.00977426227263372));
#4007=CARTESIAN_POINT('',(-0.0243935022016286,-0.00796302539692917,0.0103102349497247));
#4008=CARTESIAN_POINT('',(-0.0248059682887112,-0.00656632777070776,0.0112513428879778));
#4009=CARTESIAN_POINT('',(-0.0249942371877845,-0.00581839289910846,0.0116564781491407));
#4010=CARTESIAN_POINT('',(-0.025309457793198,-0.00424283365762612,0.0123179206069409));
#4011=CARTESIAN_POINT('',(-0.0254349480755982,-0.00342102495778995,0.0125712873909688));
#4012=CARTESIAN_POINT('',(-0.0256052343185447,-0.00173550305751213,0.0129123190752387));
#4013=CARTESIAN_POINT('',(-0.0256499999313249,-0.000871798514321398,0.0129999999868846));
#4014=CARTESIAN_POINT('',(-0.0256500000686746,0.00087179463097975,0.013000000013085));
#4015=CARTESIAN_POINT('',(-0.0256052345756235,0.00173549933823658,0.0129123190949154));
#4016=CARTESIAN_POINT('',(-0.025434948537308,0.00342102156237623,0.0125712873311435));
#4017=CARTESIAN_POINT('',(-0.0253094583389402,0.00424283042646145,0.0123179204723541));
#4018=CARTESIAN_POINT('',(-0.0249942379341199,0.00581838967030279,0.0116564779256907));
#4019=CARTESIAN_POINT('',(-0.0248059691740306,0.00656632440931837,0.0112513427059595));
#4020=CARTESIAN_POINT('',(-0.0243935033706375,0.00796302180193287,0.0103102348913364));
#4021=CARTESIAN_POINT('',(-0.024169396725835,0.00861179227497644,0.00977426229644445));
#4022=CARTESIAN_POINT('',(-0.0234898230228673,0.0103799001688607,0.00800228909187172));
#4023=CARTESIAN_POINT('',(-0.0230221867106692,0.0113336823925874,0.00659019444730019));
#4024=CARTESIAN_POINT('',(-0.0225007049303834,0.0123199096876103,0.00423661733151539));
#4025=CARTESIAN_POINT('',(-0.0223586132494162,0.0125719241047033,0.00341805581897249));
#4026=CARTESIAN_POINT('',(-0.0221640196739408,0.0129118973821143,0.00173739969841335));
#4027=CARTESIAN_POINT('',(-0.022111593082391,0.0129999981296915,0.000875210024828366));
#4028=CARTESIAN_POINT('',(-0.0221115930573941,0.0129999981717024,-1.59976198954581E-14));
#4029=CARTESIAN_POINT('',(-0.0221115930573941,0.0129999981717024,-1.59976198954581E-14));
#4030=CARTESIAN_POINT('',(-0.0221115930823954,0.0129999981296915,-0.000875210223292743));
#4031=CARTESIAN_POINT('',(-0.0221640196979171,0.0129118973422742,-0.00173740008940727));
#4032=CARTESIAN_POINT('',(-0.0223586133578015,0.0125719239132973,-0.00341805657119031));
#4033=CARTESIAN_POINT('',(-0.0225007051006783,0.0123199093813664,-0.00423661825976927));
#4034=CARTESIAN_POINT('',(-0.023022186923721,0.0113336819582202,-0.00659019509150832));
#4035=CARTESIAN_POINT('',(-0.0234898231261047,0.0103798999002596,-0.00800228936108906));
#4036=CARTESIAN_POINT('',(-0.0241693967670775,0.00861179216767738,-0.00977426240401142));
#4037=CARTESIAN_POINT('',(-0.0243935034520382,0.00796302156608064,-0.0103102350861553));
#4038=CARTESIAN_POINT('',(-0.0248059693174829,0.00656632388377076,-0.0112513430242413));
#4039=CARTESIAN_POINT('',(-0.0249942380993824,0.00581838898361653,-0.0116564782801844));
#4040=CARTESIAN_POINT('',(-0.0253094584594775,0.00424282968413969,-0.0123179207175955));
#4041=CARTESIAN_POINT('',(-0.0254349486134791,0.00342102095959085,-0.0125712874846592));
#4042=CARTESIAN_POINT('',(-0.0256052345919473,0.00173549902551784,-0.0129123191266963));
#4043=CARTESIAN_POINT('',(-0.0256500000686746,0.000871794473143339,-0.0130000000131161));
#4044=CARTESIAN_POINT('',(-0.0256499999313249,-0.00087179867216669,-0.0129999999869139));
#4045=CARTESIAN_POINT('',(-0.0256052343022226,-0.00173550337023087,-0.0129123190435227));
#4046=CARTESIAN_POINT('',(-0.0254349479994325,-0.00342102556055757,-0.0125712872375207));
#4047=CARTESIAN_POINT('',(-0.0253094576726678,-0.00424283439992124,-0.0123179203617671));
#4048=CARTESIAN_POINT('',(-0.0249942370225309,-0.00581839358577696,-0.0116564777947129));
#4049=CARTESIAN_POINT('',(-0.0248059681452641,-0.00656632829623938,-0.0112513425697646));
#4050=CARTESIAN_POINT('',(-0.024393502120228,-0.00796302563277607,-0.0103102347549754));
#4051=CARTESIAN_POINT('',(-0.0241693953709614,-0.00861179607829499,-0.00977426216513095));
#4052=CARTESIAN_POINT('',(-0.0234898213808634,-0.0103799038861627,-0.00800228899977045));
#4053=CARTESIAN_POINT('',(-0.0230221848980445,-0.011333686077494,-0.00659019439003598));
#4054=CARTESIAN_POINT('',(-0.0225007029259565,-0.0123199133491738,-0.00423661731453365));
#4055=CARTESIAN_POINT('',(-0.0223586111924234,-0.0125719277632346,-0.0034180558105297));
#4056=CARTESIAN_POINT('',(-0.0221640175442523,-0.0129119010381071,-0.0017373997003374));
#4057=CARTESIAN_POINT('',(-0.02211159093258,-0.0130000017862901,-0.000875210028452388));
#4058=CARTESIAN_POINT('',(-0.0221115909075813,-0.0130000018282992,-1.44537160018388E-14));
#4059=CARTESIAN_POINT('',(0.0221115909075813,-0.0130000018282974,-1.58310864417643E-14));
#4060=CARTESIAN_POINT('',(0.0221115909075795,-0.0130000018282992,-0.000875209815760791));
#4061=CARTESIAN_POINT('',(0.0221640175450286,-0.0129119010387946,-0.00173739989094542));
#4062=CARTESIAN_POINT('',(0.0223586113008079,-0.0125719275718303,-0.00341805656270452));
#4063=CARTESIAN_POINT('',(0.022500703096247,-0.0123199130429335,-0.00423661824274278));
#4064=CARTESIAN_POINT('',(0.0230221851110919,-0.0113336856431339,-0.00659019503420035));
#4065=CARTESIAN_POINT('',(0.0234898214840999,-0.0103799036175634,-0.00800228926895569));
#4066=CARTESIAN_POINT('',(0.0241693954122013,-0.00861179597099415,-0.00977426227266688));
#4067=CARTESIAN_POINT('',(0.0243935022016295,-0.00796302539692739,-0.010310234949758));
#4068=CARTESIAN_POINT('',(0.0248059682887121,-0.00656632777070776,-0.0112513428880102));
#4069=CARTESIAN_POINT('',(0.0249942371877871,-0.00581839289911024,-0.0116564781491705));
#4070=CARTESIAN_POINT('',(0.0253094577932007,-0.00424283365761724,-0.0123179206069761));
#4071=CARTESIAN_POINT('',(0.0254349480755991,-0.00342102495778462,-0.012571287391004));
#4072=CARTESIAN_POINT('',(0.0256052343185456,-0.00173550305751391,-0.0129123190752723));
#4073=CARTESIAN_POINT('',(0.0256499999313267,-0.000871798514326727,-0.0129999999869155));
#4074=CARTESIAN_POINT('',(0.0256500000686746,0.000871794630985079,-0.0130000000131159));
#4075=CARTESIAN_POINT('',(0.0256052345756226,0.00173549933824013,-0.012912319094949));
#4076=CARTESIAN_POINT('',(0.0254349485373071,0.003421021562378,-0.0125712873311773));
#4077=CARTESIAN_POINT('',(0.0253094583389393,0.00424283042646145,-0.012317920472387));
#4078=CARTESIAN_POINT('',(0.0249942379341173,0.00581838967030102,-0.0116564779257237));
#4079=CARTESIAN_POINT('',(0.0248059691740297,0.00656632440931837,-0.0112513427059926));
#4080=CARTESIAN_POINT('',(0.0243935033706366,0.00796302180193642,-0.0103102348913695));
#4081=CARTESIAN_POINT('',(0.0241693967258323,0.00861179227497999,-0.00977426229647761));
#4082=CARTESIAN_POINT('',(0.0234898230228664,0.0103799001688625,-0.00800228909190229));
#4083=CARTESIAN_POINT('',(0.0230221867106666,0.0113336823925874,-0.00659019444733437));
#4084=CARTESIAN_POINT('',(0.0225007049303825,0.0123199096876121,-0.00423661733154872));
#4085=CARTESIAN_POINT('',(0.0223586132494171,0.0125719241047033,-0.00341805581900495));
#4086=CARTESIAN_POINT('',(0.0221640196507442,0.0129118974226436,-0.00173739949809498));
#4087=CARTESIAN_POINT('',(0.0221115930573932,0.0129999981717024,-0.000875209613734607));
#4088=CARTESIAN_POINT('',(0.0221115930573941,0.0129999981717024,-1.73749903353837E-14));
#4089=CARTESIAN_POINT('',(0.0221115930573941,0.0129999981717024,-1.73749903353837E-14));
#4090=CARTESIAN_POINT('',(0.0221115930573941,0.0129999981717024,0.000875209812135791));
#4091=CARTESIAN_POINT('',(0.0221640196747206,0.0129118973828053,0.00173739988902572));
#4092=CARTESIAN_POINT('',(0.0223586133578006,0.0125719239132991,0.00341805657115785));
#4093=CARTESIAN_POINT('',(0.0225007051006774,0.0123199093813664,0.00423661825973682));
#4094=CARTESIAN_POINT('',(0.0230221869237184,0.0113336819582219,0.00659019509147414));
#4095=CARTESIAN_POINT('',(0.0234898231261038,0.0103798999002613,0.0080022893610567));
#4096=CARTESIAN_POINT('',(0.0241693967670749,0.00861179216767738,0.00977426240397737));
#4097=CARTESIAN_POINT('',(0.0243935034520391,0.00796302156608242,0.0103102350861222));
#4098=CARTESIAN_POINT('',(0.024805969317482,0.00656632388377432,0.0112513430242092));
#4099=CARTESIAN_POINT('',(0.0249942380993815,0.00581838898362008,0.0116564782801523));
#4100=CARTESIAN_POINT('',(0.0253094584594784,0.00424282968414325,0.0123179207175662));
#4101=CARTESIAN_POINT('',(0.0254349486134764,0.00342102095959085,0.0125712874846272));
#4102=CARTESIAN_POINT('',(0.0256052345919464,0.00173549902551962,0.0129123191266652));
#4103=CARTESIAN_POINT('',(0.0256500000686746,0.000871794473143339,0.0130000000130825));
#4104=CARTESIAN_POINT('',(0.0256499999313267,-0.000871798672159585,0.0129999999868821));
#4105=CARTESIAN_POINT('',(0.0256052343022253,-0.00173550337022554,0.0129123190434901));
#4106=CARTESIAN_POINT('',(0.0254349479994316,-0.00342102556055757,0.0125712872374873));
#4107=CARTESIAN_POINT('',(0.0253094576726669,-0.00424283439992301,0.0123179203617346));
#4108=CARTESIAN_POINT('',(0.0249942370225318,-0.00581839358577341,0.0116564777946849));
#4109=CARTESIAN_POINT('',(0.0248059681452668,-0.0065663282962376,0.0112513425697339));
#4110=CARTESIAN_POINT('',(0.0243935021202306,-0.00796302563277607,0.0103102347549422));
#4111=CARTESIAN_POINT('',(0.0241693953709605,-0.00861179607829854,0.0097742621650969));
#4112=CARTESIAN_POINT('',(0.0234898213808625,-0.0103799038861645,0.0080022889997347));
#4113=CARTESIAN_POINT('',(0.0230221848980472,-0.0113336860774886,0.00659019439000738));
#4114=CARTESIAN_POINT('',(0.0225007029259574,-0.012319913349172,0.0042366173145051));
#4115=CARTESIAN_POINT('',(0.0223586111924261,-0.0125719277632328,0.00341805581049762));
#4116=CARTESIAN_POINT('',(0.0221640175210558,-0.0129119010786329,0.00173739949995626));
#4117=CARTESIAN_POINT('',(0.0221115909075804,-0.0130000018282974,0.00087520961729497));
#4118=CARTESIAN_POINT('',(0.0221115909075813,-0.0130000018282974,-1.58310864417643E-14));
#4119=CARTESIAN_POINT('',(5.32482137745805E-15,5.3321811858581E-15,0.169999999999984));
#4120=CARTESIAN_POINT('',(4.44089209850063E-15,0.025650000000006,0.169999999999983));
#4121=CARTESIAN_POINT('',(4.44002176131423E-15,-0.0256499999999953,0.169999999999986));
#4122=CARTESIAN_POINT('',(5.33218118585788E-15,5.32482137745821E-15,0.169999999999984));
#4123=CARTESIAN_POINT('',(4.44089209850063E-15,-0.0256499999999953,0.169999999999986));
#4124=CARTESIAN_POINT('',(4.44963292796087E-15,0.0256500000000059,0.169999999999983));
#4125=CARTESIAN_POINT('',(4.90653893334565E-18,8.85630277476302E-16,-0.0300000000000162));
#4126=CARTESIAN_POINT('',(1.77635683940025E-15,-0.0256499999999988,-0.030000000000016));
#4127=CARTESIAN_POINT('',(2.18513356762131E-18,0.0256500000000006,-0.0300000000000164));
#4128=CARTESIAN_POINT('',(-1.77984699808607E-15,8.91763451143066E-16,-0.0300000000000162));
#4129=CARTESIAN_POINT('',(0.,0.0256500000000006,-0.0300000000000164));
#4130=CARTESIAN_POINT('',(1.76810047767011E-15,-0.0256499999999988,-0.030000000000016));
#4131=CARTESIAN_POINT('',(0.,0.0256500000000006,-0.0300000000000164));
#4132=CARTESIAN_POINT('',(4.44089209850063E-15,0.0256500000000059,0.169999999999983));
#4133=CARTESIAN_POINT('',(5.33218118585795E-15,5.33463445532495E-15,0.169999999999984));
#4134=CARTESIAN_POINT('',(4.44089209850063E-15,0.0301500000000061,0.169999999999984));
#4135=CARTESIAN_POINT('',(6.2271625833147E-15,-0.0301499999999955,0.169999999999985));
#4136=CARTESIAN_POINT('',(5.32604801219128E-15,5.32604801219145E-15,0.169999999999984));
#4137=CARTESIAN_POINT('',(6.21724893790088E-15,-0.0301499999999955,0.169999999999985));
#4138=CARTESIAN_POINT('',(4.43115477638226E-15,0.0301500000000061,0.169999999999984));
#4139=CARTESIAN_POINT('',(8.83177008009581E-16,4.90653893336031E-18,-0.0300000000000157));
#4140=CARTESIAN_POINT('',(9.86076131526265E-32,0.0301500000000008,-0.0300000000000156));
#4141=CARTESIAN_POINT('',(-4.72453144159201E-18,-0.0301500000000008,-0.0300000000000158));
#4142=CARTESIAN_POINT('',(-8.83177008009637E-16,-4.90653893339985E-18,-0.0300000000000157));
#4143=CARTESIAN_POINT('',(0.,-0.0301500000000008,-0.0300000000000159));
#4144=CARTESIAN_POINT('',(4.72453144148176E-18,0.0301500000000008,-0.0300000000000156));
#4145=CARTESIAN_POINT('',(0.,0.0301500000000008,-0.0300000000000156));
#4146=CARTESIAN_POINT('',(4.44089209850063E-15,0.0301500000000061,0.169999999999984));
#4147=CARTESIAN_POINT('',(-0.0712155311852873,-0.0712155439845441,2.17999999999998));
#4148=CARTESIAN_POINT('',(-0.0639996895126469,0.0214305210665273,2.18001000063282));
#4149=CARTESIAN_POINT('',(-0.0699999999999354,0.0318132418050352,2.18001000090494));
#4150=CARTESIAN_POINT('',(-0.0700071320110673,0.0466654740854642,2.18001000142163));
#4151=CARTESIAN_POINT('',(-0.0466826188957148,0.0699999872008181,2.18000999999998));
#4152=CARTESIAN_POINT('',(-0.0318320551964453,0.0700050781035921,2.18001000036748));
#4153=CARTESIAN_POINT('',(3.55261239009451E-14,-1.27992221267028E-8,1.17999999999998));
#4154=CARTESIAN_POINT('',(0.0214305725022834,0.0639996990203429,2.18001000036535));
#4155=CARTESIAN_POINT('',(0.0318133764909279,0.0699999872008199,2.18000999999998));
#4156=CARTESIAN_POINT('',(0.0466654868847138,0.0700071192119553,2.18001000142162));
#4157=CARTESIAN_POINT('',(0.070000000000066,0.0466827279832458,2.18001000090494));
#4158=CARTESIAN_POINT('',(0.0700051128935515,0.0318320798859517,2.18001000062647));
#4159=CARTESIAN_POINT('',(3.68593202142837E-14,-1.27992083627723E-8,1.17999999999998));
#4160=CARTESIAN_POINT('',(0.0639996895127846,-0.0214305466648801,2.18001000063282));
#4161=CARTESIAN_POINT('',(0.0700000000000678,-0.0318132674033968,2.18001000090494));
#4162=CARTESIAN_POINT('',(0.0700071320112041,-0.0466654996838241,2.18001000142163));
#4163=CARTESIAN_POINT('',(0.0466826188958498,-0.070000012799178,2.18000999999998));
#4164=CARTESIAN_POINT('',(0.0318320551965803,-0.0700051037019556,2.18001000036748));
#4165=CARTESIAN_POINT('',(3.68596012168598E-14,-1.27992056911608E-8,1.17999999999998));
#4166=CARTESIAN_POINT('',(-0.0214305725021502,-0.0639997246187036,2.18001000036535));
#4167=CARTESIAN_POINT('',(-0.0318133764907929,-0.0700000127991833,2.18000999999998));
#4168=CARTESIAN_POINT('',(-0.0466654868845771,-0.070007144810317,2.18001000142163));
#4169=CARTESIAN_POINT('',(-0.069999999999931,-0.0466827535816092,2.18001000090494));
#4170=CARTESIAN_POINT('',(-0.0700051128934174,-0.0318321054843134,2.18001000062648));
#4171=CARTESIAN_POINT('',(5.15165199067822E-14,-1.27992070236317E-8,1.17999999999998));
#4172=CARTESIAN_POINT('',(0.0712155311853673,-0.0712155439845903,0.179999999999986));
#4173=CARTESIAN_POINT('',(0.0639697818768798,0.0215433622064412,2.17999999999983));
#4174=CARTESIAN_POINT('',(0.0640047422912486,-0.0214392983339016,2.17999999999983));
#4175=CARTESIAN_POINT('',(0.0700000000000651,0.031823363691684,2.17999999999998));
#4176=CARTESIAN_POINT('',(0.070000000000066,0.0466726060966014,2.17999999999997));
#4177=CARTESIAN_POINT('',(0.0466726188958466,0.0699999872008226,2.17999999999997));
#4178=CARTESIAN_POINT('',(0.0318233764909293,0.0699999872008217,2.17999999999998));
#4179=CARTESIAN_POINT('',(0.0214392855347869,0.0640047294920034,2.17999999999998));
#4180=CARTESIAN_POINT('',(-0.0215433750055647,0.0639697690776284,2.17999999999998));
#4181=CARTESIAN_POINT('',(-0.0318233764907978,0.0699999872008172,2.17999999999998));
#4182=CARTESIAN_POINT('',(-0.0466726188957152,0.0699999872008163,2.17999999999998));
#4183=CARTESIAN_POINT('',(-0.0699999999999346,0.046672606096597,2.17999999999998));
#4184=CARTESIAN_POINT('',(-0.0699999999999337,0.0318233636916796,2.17999999999998));
#4185=CARTESIAN_POINT('',(-0.064004742291111,0.021439272735547,2.17999999999998));
#4186=CARTESIAN_POINT('',(-0.0639697818767457,-0.0215433878048028,2.17999999999999));
#4187=CARTESIAN_POINT('',(-0.069999999999931,-0.0318233892900475,2.17999999999998));
#4188=CARTESIAN_POINT('',(-0.069999999999931,-0.0466726316949648,2.17999999999998));
#4189=CARTESIAN_POINT('',(-0.0466726188957116,-0.0700000127991842,2.17999999999998));
#4190=CARTESIAN_POINT('',(-0.0318233764907925,-0.0700000127991816,2.17999999999998));
#4191=CARTESIAN_POINT('',(-0.0214392855346519,-0.064004755090366,2.17999999999998));
#4192=CARTESIAN_POINT('',(0.0215433750056997,-0.063969794675991,2.17999999999998));
#4193=CARTESIAN_POINT('',(0.031823376490931,-0.0700000127991789,2.17999999999998));
#4194=CARTESIAN_POINT('',(0.0466726188958502,-0.070000012799178,2.17999999999998));
#4195=CARTESIAN_POINT('',(0.0700000000000678,-0.0466726316949586,2.17999999999998));
#4196=CARTESIAN_POINT('',(0.0700000000000678,-0.031823389290043,2.17999999999998));
#4197=CARTESIAN_POINT('',(-0.0699999999999958,0.0318233636916299,0.179999999999985));
#4198=CARTESIAN_POINT('',(-0.0640047422911731,0.0214392727354982,0.179999999999985));
#4199=CARTESIAN_POINT('',(-0.0699999999999967,0.0466726060965472,0.179999999999985));
#4200=CARTESIAN_POINT('',(-0.0466726188957773,0.0699999872007657,0.179999999999982));
#4201=CARTESIAN_POINT('',(-0.03182337649086,0.0699999872007666,0.179999999999982));
#4202=CARTESIAN_POINT('',(-0.0215433750056251,0.0639697690775778,0.179999999999982));
#4203=CARTESIAN_POINT('',(0.0214392855347247,0.0640047294919528,0.179999999999981));
#4204=CARTESIAN_POINT('',(0.0318233764908653,0.0699999872007711,0.17999999999998));
#4205=CARTESIAN_POINT('',(0.0466726188957844,0.0699999872007702,0.179999999999979));
#4206=CARTESIAN_POINT('',(0.0700000000000038,0.0466726060965525,0.17999999999998));
#4207=CARTESIAN_POINT('',(0.0700000000000029,0.0318233636916316,0.17999999999998));
#4208=CARTESIAN_POINT('',(0.0639697818768177,0.0215433622063923,0.179999999999981));
#4209=CARTESIAN_POINT('',(0.0640047422911882,-0.0214392983339522,0.179999999999981));
#4210=CARTESIAN_POINT('',(0.0700000000000056,-0.0318233892900919,0.179999999999981));
#4211=CARTESIAN_POINT('',(0.0700000000000074,-0.046672631695011,0.179999999999981));
#4212=CARTESIAN_POINT('',(0.0466726188957898,-0.0700000127992286,0.179999999999984));
#4213=CARTESIAN_POINT('',(0.0318233764908706,-0.0700000127992295,0.179999999999984));
#4214=CARTESIAN_POINT('',(0.0215433750056393,-0.0639697946760434,0.179999999999983));
#4215=CARTESIAN_POINT('',(-0.0214392855347123,-0.0640047550904166,0.179999999999986));
#4216=CARTESIAN_POINT('',(-0.0318233764908529,-0.070000012799234,0.179999999999987));
#4217=CARTESIAN_POINT('',(-0.0466726188957738,-0.0700000127992348,0.179999999999986));
#4218=CARTESIAN_POINT('',(-0.0699999999999914,-0.0466726316950128,0.179999999999986));
#4219=CARTESIAN_POINT('',(-0.0699999999999958,-0.0318233892900972,0.179999999999986));
#4220=CARTESIAN_POINT('',(-0.0639697818768079,-0.0215433878048552,0.179999999999985));
#4221=CARTESIAN_POINT('',(8.90930629233023E-14,-1.27991806928635E-8,2.17999999999983));
#4222=CARTESIAN_POINT('',(0.0639697818768799,0.0215433622064412,2.17999999999983));
#4223=CARTESIAN_POINT('',(0.0640047422912487,-0.0214392983339016,2.17999999999983));
#4224=CARTESIAN_POINT('',(0.070000000000066,0.0466726060966014,2.17999999999997));
#4225=CARTESIAN_POINT('',(0.0700000000000651,0.031823363691684,2.17999999999998));
#4226=CARTESIAN_POINT('',(0.0318233764909293,0.0699999872008217,2.17999999999998));
#4227=CARTESIAN_POINT('',(0.0466726188958466,0.0699999872008226,2.17999999999997));
#4228=CARTESIAN_POINT('',(-0.0466726188957152,0.0699999872008163,2.17999999999998));
#4229=CARTESIAN_POINT('',(-0.0318233764907978,0.0699999872008172,2.17999999999998));
#4230=CARTESIAN_POINT('',(-0.0699999999999337,0.0318233636916796,2.17999999999998));
#4231=CARTESIAN_POINT('',(-0.0699999999999346,0.046672606096597,2.17999999999998));
#4232=CARTESIAN_POINT('',(-0.069999999999931,-0.0466726316949648,2.17999999999998));
#4233=CARTESIAN_POINT('',(-0.069999999999931,-0.0318233892900475,2.17999999999998));
#4234=CARTESIAN_POINT('',(-0.0318233764907925,-0.0700000127991816,2.17999999999998));
#4235=CARTESIAN_POINT('',(-0.0466726188957116,-0.0700000127991842,2.17999999999998));
#4236=CARTESIAN_POINT('',(0.0466726188958502,-0.070000012799178,2.17999999999998));
#4237=CARTESIAN_POINT('',(0.031823376490931,-0.0700000127991789,2.17999999999998));
#4238=CARTESIAN_POINT('',(0.0700000000000678,-0.031823389290043,2.17999999999998));
#4239=CARTESIAN_POINT('',(0.0700000000000678,-0.0466726316949586,2.17999999999998));
#4240=CARTESIAN_POINT('',(-0.064004742291111,0.021439272735547,2.17999999999998));
#4241=CARTESIAN_POINT('',(-0.0699999999999337,0.0318233636916796,2.17999999999998));
#4242=CARTESIAN_POINT('',(-0.0699999999999337,0.0318233636916796,2.17999999999998));
#4243=CARTESIAN_POINT('',(-0.0699999999999958,0.0318233636916299,0.179999999999985));
#4244=CARTESIAN_POINT('',(-0.0699999999999958,0.0318233636916299,0.179999999999985));
#4245=CARTESIAN_POINT('',(-0.0640047422911731,0.0214392727354982,0.179999999999985));
#4246=CARTESIAN_POINT('',(-0.0640047422911731,0.0214392727354982,0.179999999999985));
#4247=CARTESIAN_POINT('',(-0.064004742291111,0.021439272735547,2.17999999999998));
#4248=CARTESIAN_POINT('',(-0.0699999999999346,0.046672606096597,2.17999999999998));
#4249=CARTESIAN_POINT('',(-0.0699999999999967,0.0466726060965472,0.179999999999985));
#4250=CARTESIAN_POINT('',(-0.0699999999999967,0.0466726060965472,0.179999999999985));
#4251=CARTESIAN_POINT('',(-0.0699999999999958,0.0318233636916299,0.179999999999985));
#4252=CARTESIAN_POINT('',(-0.0699999999999346,0.046672606096597,2.17999999999998));
#4253=CARTESIAN_POINT('',(-0.0466726188957152,0.0699999872008163,2.17999999999998));
#4254=CARTESIAN_POINT('',(-0.0466726188957152,0.0699999872008163,2.17999999999998));
#4255=CARTESIAN_POINT('',(-0.0466726188957773,0.0699999872007657,0.179999999999982));
#4256=CARTESIAN_POINT('',(-0.0466726188957773,0.0699999872007657,0.179999999999982));
#4257=CARTESIAN_POINT('',(-0.0699999999999967,0.0466726060965472,0.179999999999985));
#4258=CARTESIAN_POINT('',(-0.0318233764907978,0.0699999872008172,2.17999999999998));
#4259=CARTESIAN_POINT('',(-0.03182337649086,0.0699999872007666,0.179999999999982));
#4260=CARTESIAN_POINT('',(-0.03182337649086,0.0699999872007666,0.179999999999982));
#4261=CARTESIAN_POINT('',(-0.0466726188957773,0.0699999872007657,0.179999999999982));
#4262=CARTESIAN_POINT('',(-0.0318233764907978,0.0699999872008172,2.17999999999998));
#4263=CARTESIAN_POINT('',(-0.0215433750055647,0.0639697690776284,2.17999999999998));
#4264=CARTESIAN_POINT('',(-0.0215433750055647,0.0639697690776284,2.17999999999998));
#4265=CARTESIAN_POINT('',(-0.0215433750056251,0.0639697690775778,0.179999999999982));
#4266=CARTESIAN_POINT('',(-0.0215433750056251,0.0639697690775778,0.179999999999982));
#4267=CARTESIAN_POINT('',(-0.03182337649086,0.0699999872007666,0.179999999999982));
#4268=CARTESIAN_POINT('',(7.08738952513337E-14,-1.27992016003182E-8,2.17999999999984));
#4269=CARTESIAN_POINT('',(-0.0215433750055647,0.0639697690776284,2.17999999999998));
#4270=CARTESIAN_POINT('',(0.0214392855347869,0.0640047294920034,2.17999999999998));
#4271=CARTESIAN_POINT('',(0.0214392855347869,0.0640047294920034,2.17999999999998));
#4272=CARTESIAN_POINT('',(0.0214392855347247,0.0640047294919528,0.179999999999981));
#4273=CARTESIAN_POINT('',(9.58807005188702E-15,-1.27992465487029E-8,0.179999999999989));
#4274=CARTESIAN_POINT('',(0.0214392855347247,0.0640047294919528,0.179999999999981));
#4275=CARTESIAN_POINT('',(-0.0215433750056251,0.0639697690775778,0.179999999999982));
#4276=CARTESIAN_POINT('',(0.0214392855347869,0.0640047294920034,2.17999999999998));
#4277=CARTESIAN_POINT('',(0.0318233764909293,0.0699999872008217,2.17999999999998));
#4278=CARTESIAN_POINT('',(0.0318233764909293,0.0699999872008217,2.17999999999998));
#4279=CARTESIAN_POINT('',(0.0318233764908653,0.0699999872007711,0.17999999999998));
#4280=CARTESIAN_POINT('',(0.0318233764908653,0.0699999872007711,0.17999999999998));
#4281=CARTESIAN_POINT('',(0.0214392855347247,0.0640047294919528,0.179999999999981));
#4282=CARTESIAN_POINT('',(0.0466726188958466,0.0699999872008226,2.17999999999997));
#4283=CARTESIAN_POINT('',(0.0466726188957844,0.0699999872007702,0.179999999999979));
#4284=CARTESIAN_POINT('',(0.0466726188957844,0.0699999872007702,0.179999999999979));
#4285=CARTESIAN_POINT('',(0.0318233764908653,0.0699999872007711,0.17999999999998));
#4286=CARTESIAN_POINT('',(0.0466726188958466,0.0699999872008226,2.17999999999997));
#4287=CARTESIAN_POINT('',(0.070000000000066,0.0466726060966014,2.17999999999997));
#4288=CARTESIAN_POINT('',(0.070000000000066,0.0466726060966014,2.17999999999997));
#4289=CARTESIAN_POINT('',(0.0700000000000038,0.0466726060965525,0.17999999999998));
#4290=CARTESIAN_POINT('',(0.0700000000000038,0.0466726060965525,0.17999999999998));
#4291=CARTESIAN_POINT('',(0.0466726188957844,0.0699999872007702,0.179999999999979));
#4292=CARTESIAN_POINT('',(0.0700000000000651,0.031823363691684,2.17999999999998));
#4293=CARTESIAN_POINT('',(0.0700000000000029,0.0318233636916316,0.17999999999998));
#4294=CARTESIAN_POINT('',(0.0700000000000029,0.0318233636916316,0.17999999999998));
#4295=CARTESIAN_POINT('',(0.0700000000000038,0.0466726060965525,0.17999999999998));
#4296=CARTESIAN_POINT('',(0.0700000000000651,0.031823363691684,2.17999999999998));
#4297=CARTESIAN_POINT('',(0.0639697818768798,0.0215433622064412,2.17999999999983));
#4298=CARTESIAN_POINT('',(0.0639697818768798,0.0215433622064412,2.17999999999983));
#4299=CARTESIAN_POINT('',(0.0639697818768177,0.0215433622063923,0.179999999999981));
#4300=CARTESIAN_POINT('',(0.0639697818768177,0.0215433622063923,0.179999999999981));
#4301=CARTESIAN_POINT('',(0.0700000000000029,0.0318233636916316,0.17999999999998));
#4302=CARTESIAN_POINT('',(2.74552934509841E-14,-1.27992330736467E-8,0.179999999999983));
#4303=CARTESIAN_POINT('',(0.0640047422911883,-0.0214392983339522,0.179999999999981));
#4304=CARTESIAN_POINT('',(0.0639697818768177,0.0215433622063923,0.179999999999981));
#4305=CARTESIAN_POINT('',(0.0640047422912486,-0.0214392983339016,2.17999999999983));
#4306=CARTESIAN_POINT('',(0.0700000000000678,-0.031823389290043,2.17999999999998));
#4307=CARTESIAN_POINT('',(0.0700000000000678,-0.031823389290043,2.17999999999998));
#4308=CARTESIAN_POINT('',(0.0700000000000056,-0.0318233892900919,0.179999999999981));
#4309=CARTESIAN_POINT('',(0.0700000000000056,-0.0318233892900919,0.179999999999981));
#4310=CARTESIAN_POINT('',(0.0640047422911882,-0.0214392983339522,0.179999999999981));
#4311=CARTESIAN_POINT('',(0.0640047422912486,-0.0214392983339016,2.17999999999983));
#4312=CARTESIAN_POINT('',(0.0640047422911882,-0.0214392983339522,0.179999999999981));
#4313=CARTESIAN_POINT('',(0.0700000000000678,-0.0466726316949586,2.17999999999998));
#4314=CARTESIAN_POINT('',(0.0700000000000074,-0.046672631695011,0.179999999999981));
#4315=CARTESIAN_POINT('',(0.0700000000000074,-0.046672631695011,0.179999999999981));
#4316=CARTESIAN_POINT('',(0.0700000000000056,-0.0318233892900919,0.179999999999981));
#4317=CARTESIAN_POINT('',(0.0700000000000678,-0.0466726316949586,2.17999999999998));
#4318=CARTESIAN_POINT('',(0.0466726188958502,-0.070000012799178,2.17999999999998));
#4319=CARTESIAN_POINT('',(0.0466726188958502,-0.070000012799178,2.17999999999998));
#4320=CARTESIAN_POINT('',(0.0466726188957898,-0.0700000127992286,0.179999999999984));
#4321=CARTESIAN_POINT('',(0.0466726188957898,-0.0700000127992286,0.179999999999984));
#4322=CARTESIAN_POINT('',(0.0700000000000074,-0.046672631695011,0.179999999999981));
#4323=CARTESIAN_POINT('',(0.031823376490931,-0.0700000127991789,2.17999999999998));
#4324=CARTESIAN_POINT('',(0.0318233764908706,-0.0700000127992295,0.179999999999984));
#4325=CARTESIAN_POINT('',(0.0318233764908706,-0.0700000127992295,0.179999999999984));
#4326=CARTESIAN_POINT('',(0.0466726188957898,-0.0700000127992286,0.179999999999984));
#4327=CARTESIAN_POINT('',(0.031823376490931,-0.0700000127991789,2.17999999999998));
#4328=CARTESIAN_POINT('',(0.0215433750056997,-0.063969794675991,2.17999999999998));
#4329=CARTESIAN_POINT('',(0.0215433750056997,-0.063969794675991,2.17999999999998));
#4330=CARTESIAN_POINT('',(0.0215433750056393,-0.0639697946760434,0.179999999999983));
#4331=CARTESIAN_POINT('',(0.0215433750056393,-0.0639697946760434,0.179999999999983));
#4332=CARTESIAN_POINT('',(0.0318233764908706,-0.0700000127992295,0.179999999999984));
#4333=CARTESIAN_POINT('',(6.41221455959232E-14,-1.27991526583395E-8,2.17999999999983));
#4334=CARTESIAN_POINT('',(0.0215433750056997,-0.063969794675991,2.17999999999998));
#4335=CARTESIAN_POINT('',(-0.0214392855346519,-0.064004755090366,2.17999999999998));
#4336=CARTESIAN_POINT('',(-0.0214392855346519,-0.064004755090366,2.17999999999998));
#4337=CARTESIAN_POINT('',(-0.0214392855347123,-0.0640047550904166,0.179999999999986));
#4338=CARTESIAN_POINT('',(6.37707071427884E-15,-1.2799211379898E-8,0.179999999999986));
#4339=CARTESIAN_POINT('',(-0.0214392855347123,-0.0640047550904166,0.179999999999986));
#4340=CARTESIAN_POINT('',(0.0215433750056393,-0.0639697946760434,0.179999999999983));
#4341=CARTESIAN_POINT('',(-0.0214392855346519,-0.064004755090366,2.17999999999998));
#4342=CARTESIAN_POINT('',(-0.0318233764907925,-0.0700000127991816,2.17999999999998));
#4343=CARTESIAN_POINT('',(-0.0318233764907925,-0.0700000127991816,2.17999999999998));
#4344=CARTESIAN_POINT('',(-0.0318233764908529,-0.070000012799234,0.179999999999987));
#4345=CARTESIAN_POINT('',(-0.0318233764908529,-0.070000012799234,0.179999999999987));
#4346=CARTESIAN_POINT('',(-0.0214392855347123,-0.0640047550904166,0.179999999999986));
#4347=CARTESIAN_POINT('',(-0.0466726188957116,-0.0700000127991842,2.17999999999998));
#4348=CARTESIAN_POINT('',(-0.0466726188957738,-0.0700000127992348,0.179999999999986));
#4349=CARTESIAN_POINT('',(-0.0466726188957738,-0.0700000127992348,0.179999999999986));
#4350=CARTESIAN_POINT('',(-0.0318233764908529,-0.070000012799234,0.179999999999987));
#4351=CARTESIAN_POINT('',(-0.0466726188957116,-0.0700000127991842,2.17999999999998));
#4352=CARTESIAN_POINT('',(-0.069999999999931,-0.0466726316949648,2.17999999999998));
#4353=CARTESIAN_POINT('',(-0.069999999999931,-0.0466726316949648,2.17999999999998));
#4354=CARTESIAN_POINT('',(-0.0699999999999914,-0.0466726316950128,0.179999999999986));
#4355=CARTESIAN_POINT('',(-0.0699999999999914,-0.0466726316950128,0.179999999999986));
#4356=CARTESIAN_POINT('',(-0.0466726188957738,-0.0700000127992348,0.179999999999986));
#4357=CARTESIAN_POINT('',(-0.069999999999931,-0.0318233892900475,2.17999999999998));
#4358=CARTESIAN_POINT('',(-0.0699999999999958,-0.0318233892900972,0.179999999999986));
#4359=CARTESIAN_POINT('',(-0.0699999999999958,-0.0318233892900972,0.179999999999986));
#4360=CARTESIAN_POINT('',(-0.0699999999999914,-0.0466726316950128,0.179999999999986));
#4361=CARTESIAN_POINT('',(-0.069999999999931,-0.0318233892900475,2.17999999999998));
#4362=CARTESIAN_POINT('',(-0.0639697818767457,-0.0215433878048028,2.17999999999999));
#4363=CARTESIAN_POINT('',(-0.0639697818767457,-0.0215433878048028,2.17999999999999));
#4364=CARTESIAN_POINT('',(-0.0639697818768079,-0.0215433878048552,0.179999999999985));
#4365=CARTESIAN_POINT('',(-0.0639697818768079,-0.0215433878048552,0.179999999999985));
#4366=CARTESIAN_POINT('',(-0.0699999999999958,-0.0318233892900972,0.179999999999986));
#4367=CARTESIAN_POINT('',(7.54369205446947E-14,-1.27991826814318E-8,2.17999999999984));
#4368=CARTESIAN_POINT('',(-0.0639697818767457,-0.0215433878048028,2.17999999999999));
#4369=CARTESIAN_POINT('',(-0.064004742291111,0.021439272735547,2.17999999999998));
#4370=CARTESIAN_POINT('',(2.70844579405296E-14,-1.27992332998181E-8,0.180000000000006));
#4371=CARTESIAN_POINT('',(-0.0640047422911732,0.0214392727354982,0.179999999999985));
#4372=CARTESIAN_POINT('',(-0.0639697818768079,-0.0215433878048552,0.179999999999985));
#4373=CARTESIAN_POINT('',(0.,0.,0.));
ENDSEC;
END-ISO-10303-21;
