ISO-10303-21;
HEADER;
/* Generated by software containing ST-Developer
 * from STEP Tools, Inc. (www.steptools.com) 
 */
/* OPTION: using custom schema-name function */

FILE_DESCRIPTION(
/* description */ (''),
/* implementation_level */ '2;1');

FILE_NAME(
/* name */ 'schoring_body_start_2',
/* time_stamp */ '2025-09-21T23:05:37+02:00',
/* author */ (''),
/* organization */ (''),
/* preprocessor_version */ 'ST-DEVELOPER v19.2',
/* originating_system */ 'Rhino 8.23',
/* authorisation */ '');

FILE_SCHEMA (('CONFIG_CONTROL_DESIGN'));
ENDSEC;

DATA;
#10=SHAPE_REPRESENTATION_RELATIONSHIP('','',#1872,#61);
#11=(
BOUNDED_CURVE()
B_SPLINE_CURVE(3,(#3313,#3314,#3315,#3316,#3317,#3318,#3319),
 .UNSPECIFIED.,.F.,.F.)
B_SPLINE_CURVE_WITH_KNOTS((4,3,4),(-65.979759325573,-64.9797590871544,-63.979759325573),
 .UNSPECIFIED.)
CURVE()
GEOMETRIC_REPRESENTATION_ITEM()
RATIONAL_B_SPLINE_CURVE((1.,1.,1.,1.,1.,1.,1.))
REPRESENTATION_ITEM('')
);
#12=(
BOUNDED_CURVE()
B_SPLINE_CURVE(3,(#3322,#3323,#3324,#3325,#3326,#3327,#3328),
 .UNSPECIFIED.,.F.,.F.)
B_SPLINE_CURVE_WITH_KNOTS((4,3,4),(63.979759325573,64.9797590871544,65.979759325573),
 .UNSPECIFIED.)
CURVE()
GEOMETRIC_REPRESENTATION_ITEM()
RATIONAL_B_SPLINE_CURVE((1.,1.,1.,1.,1.,1.,1.))
REPRESENTATION_ITEM('')
);
#13=(
BOUNDED_CURVE()
B_SPLINE_CURVE(1,(#3337,#3338),.UNSPECIFIED.,.F.,.F.)
B_SPLINE_CURVE_WITH_KNOTS((2,2),(-75.9827906142491,0.),.UNSPECIFIED.)
CURVE()
GEOMETRIC_REPRESENTATION_ITEM()
RATIONAL_B_SPLINE_CURVE((1.,1.))
REPRESENTATION_ITEM('')
);
#14=(
BOUNDED_CURVE()
B_SPLINE_CURVE(3,(#3339,#3340,#3341,#3342),.UNSPECIFIED.,.F.,.F.)
B_SPLINE_CURVE_WITH_KNOTS((4,4),(-62.6178144004859,-61.6178144004859),
 .UNSPECIFIED.)
CURVE()
GEOMETRIC_REPRESENTATION_ITEM()
RATIONAL_B_SPLINE_CURVE((1.,1.,1.,1.))
REPRESENTATION_ITEM('')
);
#15=(
BOUNDED_CURVE()
B_SPLINE_CURVE(3,(#3343,#3344,#3345,#3346),.UNSPECIFIED.,.F.,.F.)
B_SPLINE_CURVE_WITH_KNOTS((4,4),(61.6178144004859,62.6178144004859),
 .UNSPECIFIED.)
CURVE()
GEOMETRIC_REPRESENTATION_ITEM()
RATIONAL_B_SPLINE_CURVE((1.,1.,1.,1.))
REPRESENTATION_ITEM('')
);
#16=(
BOUNDED_CURVE()
B_SPLINE_CURVE(1,(#3355,#3356),.UNSPECIFIED.,.F.,.F.)
B_SPLINE_CURVE_WITH_KNOTS((2,2),(-75.9827906142491,0.),.UNSPECIFIED.)
CURVE()
GEOMETRIC_REPRESENTATION_ITEM()
RATIONAL_B_SPLINE_CURVE((1.,1.))
REPRESENTATION_ITEM('')
);
#17=(
BOUNDED_CURVE()
B_SPLINE_CURVE(3,(#3357,#3358,#3359,#3360,#3361,#3362,#3363),
 .UNSPECIFIED.,.F.,.F.)
B_SPLINE_CURVE_WITH_KNOTS((4,3,4),(-60.2558401257961,-59.2558401257961,
-58.2558401257961),.UNSPECIFIED.)
CURVE()
GEOMETRIC_REPRESENTATION_ITEM()
RATIONAL_B_SPLINE_CURVE((1.,1.,1.,1.,1.,1.,1.))
REPRESENTATION_ITEM('')
);
#18=(
BOUNDED_CURVE()
B_SPLINE_CURVE(3,(#3364,#3365,#3366,#3367,#3368,#3369,#3370),
 .UNSPECIFIED.,.F.,.F.)
B_SPLINE_CURVE_WITH_KNOTS((4,3,4),(58.2558401257961,59.2558401257961,60.2558401257961),
 .UNSPECIFIED.)
CURVE()
GEOMETRIC_REPRESENTATION_ITEM()
RATIONAL_B_SPLINE_CURVE((1.,1.,1.,1.,1.,1.,1.))
REPRESENTATION_ITEM('')
);
#19=(
BOUNDED_CURVE()
B_SPLINE_CURVE(1,(#3379,#3380),.UNSPECIFIED.,.F.,.F.)
B_SPLINE_CURVE_WITH_KNOTS((2,2),(-75.9827906142491,0.),.UNSPECIFIED.)
CURVE()
GEOMETRIC_REPRESENTATION_ITEM()
RATIONAL_B_SPLINE_CURVE((1.,1.))
REPRESENTATION_ITEM('')
);
#20=(
BOUNDED_CURVE()
B_SPLINE_CURVE(1,(#3391,#3392),.UNSPECIFIED.,.F.,.F.)
B_SPLINE_CURVE_WITH_KNOTS((2,2),(-75.9827906142509,0.),.UNSPECIFIED.)
CURVE()
GEOMETRIC_REPRESENTATION_ITEM()
RATIONAL_B_SPLINE_CURVE((1.,1.))
REPRESENTATION_ITEM('')
);
#21=(
BOUNDED_CURVE()
B_SPLINE_CURVE(3,(#3393,#3394,#3395,#3396),.UNSPECIFIED.,.F.,.F.)
B_SPLINE_CURVE_WITH_KNOTS((4,4),(44.7320472360769,50.4444216107745),
 .UNSPECIFIED.)
CURVE()
GEOMETRIC_REPRESENTATION_ITEM()
RATIONAL_B_SPLINE_CURVE((1.,1.,1.,1.))
REPRESENTATION_ITEM('')
);
#22=(
BOUNDED_CURVE()
B_SPLINE_CURVE(3,(#3397,#3398,#3399,#3400),.UNSPECIFIED.,.F.,.F.)
B_SPLINE_CURVE_WITH_KNOTS((4,4),(-50.4444216107745,-44.7320472360769),
 .UNSPECIFIED.)
CURVE()
GEOMETRIC_REPRESENTATION_ITEM()
RATIONAL_B_SPLINE_CURVE((1.,1.,1.,1.))
REPRESENTATION_ITEM('')
);
#23=(
BOUNDED_CURVE()
B_SPLINE_CURVE(1,(#3401,#3402),.UNSPECIFIED.,.F.,.F.)
B_SPLINE_CURVE_WITH_KNOTS((2,2),(-75.9827906142491,0.),.UNSPECIFIED.)
CURVE()
GEOMETRIC_REPRESENTATION_ITEM()
RATIONAL_B_SPLINE_CURVE((1.,1.))
REPRESENTATION_ITEM('')
);
#24=(
BOUNDED_CURVE()
B_SPLINE_CURVE(1,(#3409,#3410),.UNSPECIFIED.,.F.,.F.)
B_SPLINE_CURVE_WITH_KNOTS((2,2),(-75.9827906142491,0.),.UNSPECIFIED.)
CURVE()
GEOMETRIC_REPRESENTATION_ITEM()
RATIONAL_B_SPLINE_CURVE((1.,1.))
REPRESENTATION_ITEM('')
);
#25=(
BOUNDED_CURVE()
B_SPLINE_CURVE(3,(#3411,#3412,#3413,#3414,#3415,#3416,#3417),
 .UNSPECIFIED.,.F.,.F.)
B_SPLINE_CURVE_WITH_KNOTS((4,3,4),(-43.9863180685499,-42.9863178301313,
-41.9863180685499),.UNSPECIFIED.)
CURVE()
GEOMETRIC_REPRESENTATION_ITEM()
RATIONAL_B_SPLINE_CURVE((1.,1.,1.,1.,1.,1.,1.))
REPRESENTATION_ITEM('')
);
#26=(
BOUNDED_CURVE()
B_SPLINE_CURVE(3,(#3418,#3419,#3420,#3421,#3422,#3423,#3424),
 .UNSPECIFIED.,.F.,.F.)
B_SPLINE_CURVE_WITH_KNOTS((4,3,4),(41.9863180685499,42.9863178301313,43.9863180685499),
 .UNSPECIFIED.)
CURVE()
GEOMETRIC_REPRESENTATION_ITEM()
RATIONAL_B_SPLINE_CURVE((1.,1.,1.,1.,1.,1.,1.))
REPRESENTATION_ITEM('')
);
#27=(
BOUNDED_CURVE()
B_SPLINE_CURVE(1,(#3433,#3434),.UNSPECIFIED.,.F.,.F.)
B_SPLINE_CURVE_WITH_KNOTS((2,2),(-75.9827906142491,0.),.UNSPECIFIED.)
CURVE()
GEOMETRIC_REPRESENTATION_ITEM()
RATIONAL_B_SPLINE_CURVE((1.,1.))
REPRESENTATION_ITEM('')
);
#28=(
BOUNDED_CURVE()
B_SPLINE_CURVE(3,(#3435,#3436,#3437,#3438),.UNSPECIFIED.,.F.,.F.)
B_SPLINE_CURVE_WITH_KNOTS((4,4),(-40.6244478065049,-39.6244478065049),
 .UNSPECIFIED.)
CURVE()
GEOMETRIC_REPRESENTATION_ITEM()
RATIONAL_B_SPLINE_CURVE((1.,1.,1.,1.))
REPRESENTATION_ITEM('')
);
#29=(
BOUNDED_CURVE()
B_SPLINE_CURVE(3,(#3439,#3440,#3441,#3442),.UNSPECIFIED.,.F.,.F.)
B_SPLINE_CURVE_WITH_KNOTS((4,4),(39.6244478065049,40.6244478065049),
 .UNSPECIFIED.)
CURVE()
GEOMETRIC_REPRESENTATION_ITEM()
RATIONAL_B_SPLINE_CURVE((1.,1.,1.,1.))
REPRESENTATION_ITEM('')
);
#30=(
BOUNDED_CURVE()
B_SPLINE_CURVE(1,(#3451,#3452),.UNSPECIFIED.,.F.,.F.)
B_SPLINE_CURVE_WITH_KNOTS((2,2),(-75.9827906142491,0.),.UNSPECIFIED.)
CURVE()
GEOMETRIC_REPRESENTATION_ITEM()
RATIONAL_B_SPLINE_CURVE((1.,1.))
REPRESENTATION_ITEM('')
);
#31=(
BOUNDED_CURVE()
B_SPLINE_CURVE(3,(#3453,#3454,#3455,#3456,#3457,#3458,#3459),
 .UNSPECIFIED.,.F.,.F.)
B_SPLINE_CURVE_WITH_KNOTS((4,3,4),(-38.2626805773248,-37.2626806965341,
-36.2626805773248),.UNSPECIFIED.)
CURVE()
GEOMETRIC_REPRESENTATION_ITEM()
RATIONAL_B_SPLINE_CURVE((1.,1.,1.,1.,1.,1.,1.))
REPRESENTATION_ITEM('')
);
#32=(
BOUNDED_CURVE()
B_SPLINE_CURVE(3,(#3460,#3461,#3462,#3463,#3464,#3465,#3466),
 .UNSPECIFIED.,.F.,.F.)
B_SPLINE_CURVE_WITH_KNOTS((4,3,4),(36.2626805773248,37.2626805773248,38.2626805773248),
 .UNSPECIFIED.)
CURVE()
GEOMETRIC_REPRESENTATION_ITEM()
RATIONAL_B_SPLINE_CURVE((1.,1.,1.,1.,1.,1.,1.))
REPRESENTATION_ITEM('')
);
#33=(
BOUNDED_CURVE()
B_SPLINE_CURVE(1,(#3475,#3476),.UNSPECIFIED.,.F.,.F.)
B_SPLINE_CURVE_WITH_KNOTS((2,2),(-75.9827906142491,0.),.UNSPECIFIED.)
CURVE()
GEOMETRIC_REPRESENTATION_ITEM()
RATIONAL_B_SPLINE_CURVE((1.,1.))
REPRESENTATION_ITEM('')
);
#34=(
BOUNDED_CURVE()
B_SPLINE_CURVE(1,(#3487,#3488),.UNSPECIFIED.,.F.,.F.)
B_SPLINE_CURVE_WITH_KNOTS((2,2),(-75.98279061425,0.),.UNSPECIFIED.)
CURVE()
GEOMETRIC_REPRESENTATION_ITEM()
RATIONAL_B_SPLINE_CURVE((1.,1.))
REPRESENTATION_ITEM('')
);
#35=(
BOUNDED_CURVE()
B_SPLINE_CURVE(1,(#3505,#3506),.UNSPECIFIED.,.F.,.F.)
B_SPLINE_CURVE_WITH_KNOTS((2,2),(-75.9827906142491,0.),.UNSPECIFIED.)
CURVE()
GEOMETRIC_REPRESENTATION_ITEM()
RATIONAL_B_SPLINE_CURVE((1.,1.))
REPRESENTATION_ITEM('')
);
#36=(
BOUNDED_CURVE()
B_SPLINE_CURVE(3,(#3507,#3508,#3509,#3510,#3511,#3512,#3513),
 .UNSPECIFIED.,.F.,.F.)
B_SPLINE_CURVE_WITH_KNOTS((4,3,4),(-21.9931584988621,-20.9931586180714,
-19.9931584988621),.UNSPECIFIED.)
CURVE()
GEOMETRIC_REPRESENTATION_ITEM()
RATIONAL_B_SPLINE_CURVE((1.,1.,1.,1.,1.,1.,1.))
REPRESENTATION_ITEM('')
);
#37=(
BOUNDED_CURVE()
B_SPLINE_CURVE(3,(#3514,#3515,#3516,#3517,#3518,#3519,#3520),
 .UNSPECIFIED.,.F.,.F.)
B_SPLINE_CURVE_WITH_KNOTS((4,3,4),(19.9931584988621,20.9931584988621,21.9931584988621),
 .UNSPECIFIED.)
CURVE()
GEOMETRIC_REPRESENTATION_ITEM()
RATIONAL_B_SPLINE_CURVE((1.,1.,1.,1.,1.,1.,1.))
REPRESENTATION_ITEM('')
);
#38=(
BOUNDED_CURVE()
B_SPLINE_CURVE(1,(#3529,#3530),.UNSPECIFIED.,.F.,.F.)
B_SPLINE_CURVE_WITH_KNOTS((2,2),(-75.9827906142491,0.),.UNSPECIFIED.)
CURVE()
GEOMETRIC_REPRESENTATION_ITEM()
RATIONAL_B_SPLINE_CURVE((1.,1.))
REPRESENTATION_ITEM('')
);
#39=(
BOUNDED_CURVE()
B_SPLINE_CURVE(3,(#3531,#3532,#3533,#3534),.UNSPECIFIED.,.F.,.F.)
B_SPLINE_CURVE_WITH_KNOTS((4,4),(-18.6313926846885,-17.6313926846885),
 .UNSPECIFIED.)
CURVE()
GEOMETRIC_REPRESENTATION_ITEM()
RATIONAL_B_SPLINE_CURVE((1.,1.,1.,1.))
REPRESENTATION_ITEM('')
);
#40=(
BOUNDED_CURVE()
B_SPLINE_CURVE(3,(#3535,#3536,#3537,#3538),.UNSPECIFIED.,.F.,.F.)
B_SPLINE_CURVE_WITH_KNOTS((4,4),(17.6313926846885,18.6313926846885),
 .UNSPECIFIED.)
CURVE()
GEOMETRIC_REPRESENTATION_ITEM()
RATIONAL_B_SPLINE_CURVE((1.,1.,1.,1.))
REPRESENTATION_ITEM('')
);
#41=(
BOUNDED_CURVE()
B_SPLINE_CURVE(1,(#3547,#3548),.UNSPECIFIED.,.F.,.F.)
B_SPLINE_CURVE_WITH_KNOTS((2,2),(-75.9827906142491,0.),.UNSPECIFIED.)
CURVE()
GEOMETRIC_REPRESENTATION_ITEM()
RATIONAL_B_SPLINE_CURVE((1.,1.))
REPRESENTATION_ITEM('')
);
#42=(
BOUNDED_CURVE()
B_SPLINE_CURVE(3,(#3549,#3550,#3551,#3552,#3553,#3554,#3555),
 .UNSPECIFIED.,.F.,.F.)
B_SPLINE_CURVE_WITH_KNOTS((4,3,4),(-16.2695220613289,-15.2695221805382,
-14.2695220613289),.UNSPECIFIED.)
CURVE()
GEOMETRIC_REPRESENTATION_ITEM()
RATIONAL_B_SPLINE_CURVE((1.,1.,1.,1.,1.,1.,1.))
REPRESENTATION_ITEM('')
);
#43=(
BOUNDED_CURVE()
B_SPLINE_CURVE(3,(#3556,#3557,#3558,#3559,#3560,#3561,#3562),
 .UNSPECIFIED.,.F.,.F.)
B_SPLINE_CURVE_WITH_KNOTS((4,3,4),(14.2695220613289,15.2695220613289,16.2695220613289),
 .UNSPECIFIED.)
CURVE()
GEOMETRIC_REPRESENTATION_ITEM()
RATIONAL_B_SPLINE_CURVE((1.,1.,1.,1.,1.,1.,1.))
REPRESENTATION_ITEM('')
);
#44=(
BOUNDED_CURVE()
B_SPLINE_CURVE(1,(#3571,#3572),.UNSPECIFIED.,.F.,.F.)
B_SPLINE_CURVE_WITH_KNOTS((2,2),(-75.9827906142491,0.),.UNSPECIFIED.)
CURVE()
GEOMETRIC_REPRESENTATION_ITEM()
RATIONAL_B_SPLINE_CURVE((1.,1.))
REPRESENTATION_ITEM('')
);
#45=(
BOUNDED_CURVE()
B_SPLINE_CURVE(1,(#3586,#3587),.UNSPECIFIED.,.F.,.F.)
B_SPLINE_CURVE_WITH_KNOTS((2,2),(-75.98279061425,0.),.UNSPECIFIED.)
CURVE()
GEOMETRIC_REPRESENTATION_ITEM()
RATIONAL_B_SPLINE_CURVE((1.,1.))
REPRESENTATION_ITEM('')
);
#46=(
BOUNDED_CURVE()
B_SPLINE_CURVE(3,(#3610,#3611,#3612,#3613),.UNSPECIFIED.,.F.,.F.)
B_SPLINE_CURVE_WITH_KNOTS((4,4),(50.4444216107745,51.7552323249544),
 .UNSPECIFIED.)
CURVE()
GEOMETRIC_REPRESENTATION_ITEM()
RATIONAL_B_SPLINE_CURVE((1.,0.861867347392204,0.861867351941382,1.))
REPRESENTATION_ITEM('')
);
#47=(
BOUNDED_CURVE()
B_SPLINE_CURVE(3,(#3614,#3615,#3616,#3617),.UNSPECIFIED.,.F.,.F.)
B_SPLINE_CURVE_WITH_KNOTS((4,4),(-51.7552323249544,-50.4444216107745),
 .UNSPECIFIED.)
CURVE()
GEOMETRIC_REPRESENTATION_ITEM()
RATIONAL_B_SPLINE_CURVE((1.,0.861867413258984,0.861867404160636,1.))
REPRESENTATION_ITEM('')
);
#48=FACE_BOUND('',#295,.T.);
#49=FACE_BOUND('',#297,.T.);
#50=FACE_BOUND('',#299,.T.);
#51=FACE_BOUND('',#304,.T.);
#52=FACE_BOUND('',#305,.T.);
#53=FACE_BOUND('',#307,.T.);
#54=FACE_BOUND('',#308,.T.);
#55=FACE_BOUND('',#310,.T.);
#56=FACE_BOUND('',#338,.T.);
#57=MANIFOLD_SOLID_BREP('brep_1',#62);
#58=MANIFOLD_SOLID_BREP('brep_2',#63);
#59=MANIFOLD_SOLID_BREP('brep_3',#64);
#60=MANIFOLD_SOLID_BREP('brep_4',#65);
#61=ADVANCED_BREP_SHAPE_REPRESENTATION('brep_rep_0',(#57,#58,#59,#60,#2041),
#1871);
#62=CLOSED_SHELL('',(#66,#67,#68,#69,#70,#71,#72,#73,#74,#75,#76,#77,#78,
#79,#80,#81,#82,#83,#84,#85,#86,#87,#88,#89,#90,#91));
#63=CLOSED_SHELL('',(#92,#93,#94,#95,#96,#97,#98,#99,#100,#101,#102,#103,
#104));
#64=CLOSED_SHELL('',(#105,#106,#107,#108,#109,#110,#111,#112,#113,#114,
#115,#116,#117,#118,#119,#120,#121,#122,#123,#124,#125,#126,#127,#128,#129,
#130,#131,#132));
#65=CLOSED_SHELL('',(#133,#134,#135,#136,#137,#138,#139,#140,#141,#142,
#143,#144,#145,#146,#147,#148,#149,#150,#151,#152,#153,#154,#155,#156,#157,
#158,#159,#160,#161,#162,#163,#164));
#66=ADVANCED_FACE('',(#165),#1718,.T.);
#67=ADVANCED_FACE('',(#166),#1719,.T.);
#68=ADVANCED_FACE('',(#167),#1720,.T.);
#69=ADVANCED_FACE('',(#168),#1721,.T.);
#70=ADVANCED_FACE('',(#169),#1722,.T.);
#71=ADVANCED_FACE('',(#170),#1723,.T.);
#72=ADVANCED_FACE('',(#171),#1687,.T.);
#73=ADVANCED_FACE('',(#172),#1724,.T.);
#74=ADVANCED_FACE('',(#173),#1725,.T.);
#75=ADVANCED_FACE('',(#174),#1726,.T.);
#76=ADVANCED_FACE('',(#175),#1727,.T.);
#77=ADVANCED_FACE('',(#176),#1728,.T.);
#78=ADVANCED_FACE('',(#177),#1688,.T.);
#79=ADVANCED_FACE('',(#178),#1729,.T.);
#80=ADVANCED_FACE('',(#179),#1730,.T.);
#81=ADVANCED_FACE('',(#180),#1731,.T.);
#82=ADVANCED_FACE('',(#181),#1732,.T.);
#83=ADVANCED_FACE('',(#182),#1733,.T.);
#84=ADVANCED_FACE('',(#183),#1689,.T.);
#85=ADVANCED_FACE('',(#184),#1734,.T.);
#86=ADVANCED_FACE('',(#185),#1735,.T.);
#87=ADVANCED_FACE('',(#186),#1736,.T.);
#88=ADVANCED_FACE('',(#187),#1737,.T.);
#89=ADVANCED_FACE('',(#188),#1738,.T.);
#90=ADVANCED_FACE('',(#189),#1690,.T.);
#91=ADVANCED_FACE('',(#190),#1739,.T.);
#92=ADVANCED_FACE('',(#191),#1691,.F.);
#93=ADVANCED_FACE('',(#192),#1692,.F.);
#94=ADVANCED_FACE('',(#193),#1693,.F.);
#95=ADVANCED_FACE('',(#194),#1694,.T.);
#96=ADVANCED_FACE('',(#195,#48),#1740,.T.);
#97=ADVANCED_FACE('',(#196,#49),#1741,.T.);
#98=ADVANCED_FACE('',(#197,#50),#1742,.T.);
#99=ADVANCED_FACE('',(#198),#1743,.T.);
#100=ADVANCED_FACE('',(#199),#1695,.T.);
#101=ADVANCED_FACE('',(#200),#1744,.T.);
#102=ADVANCED_FACE('',(#201,#51,#52),#1696,.F.);
#103=ADVANCED_FACE('',(#202,#53,#54),#1697,.T.);
#104=ADVANCED_FACE('',(#203,#55),#1745,.T.);
#105=ADVANCED_FACE('',(#204),#1746,.T.);
#106=ADVANCED_FACE('',(#205),#1747,.T.);
#107=ADVANCED_FACE('',(#206),#1748,.T.);
#108=ADVANCED_FACE('',(#207),#1749,.T.);
#109=ADVANCED_FACE('',(#208),#1750,.T.);
#110=ADVANCED_FACE('',(#209),#1751,.T.);
#111=ADVANCED_FACE('',(#210),#1698,.T.);
#112=ADVANCED_FACE('',(#211),#1752,.T.);
#113=ADVANCED_FACE('',(#212),#1753,.T.);
#114=ADVANCED_FACE('',(#213),#1754,.T.);
#115=ADVANCED_FACE('',(#214),#1755,.T.);
#116=ADVANCED_FACE('',(#215),#1756,.T.);
#117=ADVANCED_FACE('',(#216),#1699,.T.);
#118=ADVANCED_FACE('',(#217),#1700,.T.);
#119=ADVANCED_FACE('',(#218),#1757,.T.);
#120=ADVANCED_FACE('',(#219),#1758,.T.);
#121=ADVANCED_FACE('',(#220),#1759,.T.);
#122=ADVANCED_FACE('',(#221),#1760,.T.);
#123=ADVANCED_FACE('',(#222),#1761,.T.);
#124=ADVANCED_FACE('',(#223),#1701,.T.);
#125=ADVANCED_FACE('',(#224),#1762,.T.);
#126=ADVANCED_FACE('',(#225),#1763,.T.);
#127=ADVANCED_FACE('',(#226),#1764,.T.);
#128=ADVANCED_FACE('',(#227),#1765,.T.);
#129=ADVANCED_FACE('',(#228),#1766,.T.);
#130=ADVANCED_FACE('',(#229),#1702,.T.);
#131=ADVANCED_FACE('',(#230,#56),#1767,.T.);
#132=ADVANCED_FACE('',(#231),#1768,.T.);
#133=ADVANCED_FACE('',(#232),#1769,.T.);
#134=ADVANCED_FACE('',(#233),#1703,.T.);
#135=ADVANCED_FACE('',(#234),#1770,.T.);
#136=ADVANCED_FACE('',(#235),#1704,.T.);
#137=ADVANCED_FACE('',(#236),#1771,.T.);
#138=ADVANCED_FACE('',(#237),#1705,.F.);
#139=ADVANCED_FACE('',(#238),#1772,.T.);
#140=ADVANCED_FACE('',(#239),#1706,.T.);
#141=ADVANCED_FACE('',(#240),#1773,.T.);
#142=ADVANCED_FACE('',(#241),#1707,.F.);
#143=ADVANCED_FACE('',(#242),#1774,.T.);
#144=ADVANCED_FACE('',(#243),#1708,.T.);
#145=ADVANCED_FACE('',(#244),#1775,.T.);
#146=ADVANCED_FACE('',(#245),#1709,.T.);
#147=ADVANCED_FACE('',(#246),#1776,.T.);
#148=ADVANCED_FACE('',(#247),#1710,.F.);
#149=ADVANCED_FACE('',(#248),#1777,.T.);
#150=ADVANCED_FACE('',(#249),#1711,.T.);
#151=ADVANCED_FACE('',(#250),#1778,.T.);
#152=ADVANCED_FACE('',(#251),#1712,.F.);
#153=ADVANCED_FACE('',(#252),#1779,.T.);
#154=ADVANCED_FACE('',(#253),#1713,.T.);
#155=ADVANCED_FACE('',(#254),#1780,.T.);
#156=ADVANCED_FACE('',(#255),#1714,.T.);
#157=ADVANCED_FACE('',(#256),#1781,.T.);
#158=ADVANCED_FACE('',(#257),#1715,.F.);
#159=ADVANCED_FACE('',(#258),#1782,.T.);
#160=ADVANCED_FACE('',(#259),#1716,.T.);
#161=ADVANCED_FACE('',(#260),#1783,.T.);
#162=ADVANCED_FACE('',(#261),#1717,.F.);
#163=ADVANCED_FACE('',(#262),#1784,.T.);
#164=ADVANCED_FACE('',(#263),#1785,.T.);
#165=FACE_OUTER_BOUND('',#264,.T.);
#166=FACE_OUTER_BOUND('',#265,.T.);
#167=FACE_OUTER_BOUND('',#266,.T.);
#168=FACE_OUTER_BOUND('',#267,.T.);
#169=FACE_OUTER_BOUND('',#268,.T.);
#170=FACE_OUTER_BOUND('',#269,.T.);
#171=FACE_OUTER_BOUND('',#270,.T.);
#172=FACE_OUTER_BOUND('',#271,.T.);
#173=FACE_OUTER_BOUND('',#272,.T.);
#174=FACE_OUTER_BOUND('',#273,.T.);
#175=FACE_OUTER_BOUND('',#274,.T.);
#176=FACE_OUTER_BOUND('',#275,.T.);
#177=FACE_OUTER_BOUND('',#276,.T.);
#178=FACE_OUTER_BOUND('',#277,.T.);
#179=FACE_OUTER_BOUND('',#278,.T.);
#180=FACE_OUTER_BOUND('',#279,.T.);
#181=FACE_OUTER_BOUND('',#280,.T.);
#182=FACE_OUTER_BOUND('',#281,.T.);
#183=FACE_OUTER_BOUND('',#282,.T.);
#184=FACE_OUTER_BOUND('',#283,.T.);
#185=FACE_OUTER_BOUND('',#284,.T.);
#186=FACE_OUTER_BOUND('',#285,.T.);
#187=FACE_OUTER_BOUND('',#286,.T.);
#188=FACE_OUTER_BOUND('',#287,.T.);
#189=FACE_OUTER_BOUND('',#288,.T.);
#190=FACE_OUTER_BOUND('',#289,.T.);
#191=FACE_OUTER_BOUND('',#290,.T.);
#192=FACE_OUTER_BOUND('',#291,.T.);
#193=FACE_OUTER_BOUND('',#292,.T.);
#194=FACE_OUTER_BOUND('',#293,.T.);
#195=FACE_OUTER_BOUND('',#294,.T.);
#196=FACE_OUTER_BOUND('',#296,.T.);
#197=FACE_OUTER_BOUND('',#298,.T.);
#198=FACE_OUTER_BOUND('',#300,.T.);
#199=FACE_OUTER_BOUND('',#301,.T.);
#200=FACE_OUTER_BOUND('',#302,.T.);
#201=FACE_OUTER_BOUND('',#303,.T.);
#202=FACE_OUTER_BOUND('',#306,.T.);
#203=FACE_OUTER_BOUND('',#309,.T.);
#204=FACE_OUTER_BOUND('',#311,.T.);
#205=FACE_OUTER_BOUND('',#312,.T.);
#206=FACE_OUTER_BOUND('',#313,.T.);
#207=FACE_OUTER_BOUND('',#314,.T.);
#208=FACE_OUTER_BOUND('',#315,.T.);
#209=FACE_OUTER_BOUND('',#316,.T.);
#210=FACE_OUTER_BOUND('',#317,.T.);
#211=FACE_OUTER_BOUND('',#318,.T.);
#212=FACE_OUTER_BOUND('',#319,.T.);
#213=FACE_OUTER_BOUND('',#320,.T.);
#214=FACE_OUTER_BOUND('',#321,.T.);
#215=FACE_OUTER_BOUND('',#322,.T.);
#216=FACE_OUTER_BOUND('',#323,.T.);
#217=FACE_OUTER_BOUND('',#324,.T.);
#218=FACE_OUTER_BOUND('',#325,.T.);
#219=FACE_OUTER_BOUND('',#326,.T.);
#220=FACE_OUTER_BOUND('',#327,.T.);
#221=FACE_OUTER_BOUND('',#328,.T.);
#222=FACE_OUTER_BOUND('',#329,.T.);
#223=FACE_OUTER_BOUND('',#330,.T.);
#224=FACE_OUTER_BOUND('',#331,.T.);
#225=FACE_OUTER_BOUND('',#332,.T.);
#226=FACE_OUTER_BOUND('',#333,.T.);
#227=FACE_OUTER_BOUND('',#334,.T.);
#228=FACE_OUTER_BOUND('',#335,.T.);
#229=FACE_OUTER_BOUND('',#336,.T.);
#230=FACE_OUTER_BOUND('',#337,.T.);
#231=FACE_OUTER_BOUND('',#339,.T.);
#232=FACE_OUTER_BOUND('',#340,.T.);
#233=FACE_OUTER_BOUND('',#341,.T.);
#234=FACE_OUTER_BOUND('',#342,.T.);
#235=FACE_OUTER_BOUND('',#343,.T.);
#236=FACE_OUTER_BOUND('',#344,.T.);
#237=FACE_OUTER_BOUND('',#345,.T.);
#238=FACE_OUTER_BOUND('',#346,.T.);
#239=FACE_OUTER_BOUND('',#347,.T.);
#240=FACE_OUTER_BOUND('',#348,.T.);
#241=FACE_OUTER_BOUND('',#349,.T.);
#242=FACE_OUTER_BOUND('',#350,.T.);
#243=FACE_OUTER_BOUND('',#351,.T.);
#244=FACE_OUTER_BOUND('',#352,.T.);
#245=FACE_OUTER_BOUND('',#353,.T.);
#246=FACE_OUTER_BOUND('',#354,.T.);
#247=FACE_OUTER_BOUND('',#355,.T.);
#248=FACE_OUTER_BOUND('',#356,.T.);
#249=FACE_OUTER_BOUND('',#357,.T.);
#250=FACE_OUTER_BOUND('',#358,.T.);
#251=FACE_OUTER_BOUND('',#359,.T.);
#252=FACE_OUTER_BOUND('',#360,.T.);
#253=FACE_OUTER_BOUND('',#361,.T.);
#254=FACE_OUTER_BOUND('',#362,.T.);
#255=FACE_OUTER_BOUND('',#363,.T.);
#256=FACE_OUTER_BOUND('',#364,.T.);
#257=FACE_OUTER_BOUND('',#365,.T.);
#258=FACE_OUTER_BOUND('',#366,.T.);
#259=FACE_OUTER_BOUND('',#367,.T.);
#260=FACE_OUTER_BOUND('',#368,.T.);
#261=FACE_OUTER_BOUND('',#369,.T.);
#262=FACE_OUTER_BOUND('',#370,.T.);
#263=FACE_OUTER_BOUND('',#371,.T.);
#264=EDGE_LOOP('',(#372,#373,#374,#375,#376,#377,#378,#379,#380,#381,#382,
#383,#384,#385,#386,#387,#388,#389,#390,#391,#392,#393,#394,#395));
#265=EDGE_LOOP('',(#396,#397,#398,#399));
#266=EDGE_LOOP('',(#400,#401,#402,#403));
#267=EDGE_LOOP('',(#404,#405,#406,#407));
#268=EDGE_LOOP('',(#408,#409,#410,#411));
#269=EDGE_LOOP('',(#412,#413,#414,#415));
#270=EDGE_LOOP('',(#416,#417,#418,#419));
#271=EDGE_LOOP('',(#420,#421,#422,#423));
#272=EDGE_LOOP('',(#424,#425,#426,#427));
#273=EDGE_LOOP('',(#428,#429,#430,#431));
#274=EDGE_LOOP('',(#432,#433,#434,#435));
#275=EDGE_LOOP('',(#436,#437,#438,#439));
#276=EDGE_LOOP('',(#440,#441,#442,#443));
#277=EDGE_LOOP('',(#444,#445,#446,#447));
#278=EDGE_LOOP('',(#448,#449,#450,#451));
#279=EDGE_LOOP('',(#452,#453,#454,#455));
#280=EDGE_LOOP('',(#456,#457,#458,#459));
#281=EDGE_LOOP('',(#460,#461,#462,#463));
#282=EDGE_LOOP('',(#464,#465,#466,#467));
#283=EDGE_LOOP('',(#468,#469,#470,#471));
#284=EDGE_LOOP('',(#472,#473,#474,#475));
#285=EDGE_LOOP('',(#476,#477,#478,#479));
#286=EDGE_LOOP('',(#480,#481,#482,#483));
#287=EDGE_LOOP('',(#484,#485,#486,#487));
#288=EDGE_LOOP('',(#488,#489,#490,#491));
#289=EDGE_LOOP('',(#492,#493,#494,#495,#496,#497,#498,#499,#500,#501,#502,
#503,#504,#505,#506,#507,#508,#509,#510,#511,#512,#513,#514,#515));
#290=EDGE_LOOP('',(#516,#517,#518,#519,#520,#521));
#291=EDGE_LOOP('',(#522,#523,#524,#525,#526,#527));
#292=EDGE_LOOP('',(#528,#529,#530,#531,#532,#533));
#293=EDGE_LOOP('',(#534,#535,#536,#537,#538,#539));
#294=EDGE_LOOP('',(#540,#541));
#295=EDGE_LOOP('',(#542,#543));
#296=EDGE_LOOP('',(#544,#545));
#297=EDGE_LOOP('',(#546,#547));
#298=EDGE_LOOP('',(#548,#549));
#299=EDGE_LOOP('',(#550,#551));
#300=EDGE_LOOP('',(#552,#553));
#301=EDGE_LOOP('',(#554,#555,#556,#557,#558,#559));
#302=EDGE_LOOP('',(#560,#561));
#303=EDGE_LOOP('',(#562,#563,#564,#565,#566,#567));
#304=EDGE_LOOP('',(#568,#569));
#305=EDGE_LOOP('',(#570,#571));
#306=EDGE_LOOP('',(#572,#573,#574,#575,#576,#577));
#307=EDGE_LOOP('',(#578,#579));
#308=EDGE_LOOP('',(#580,#581));
#309=EDGE_LOOP('',(#582,#583));
#310=EDGE_LOOP('',(#584,#585));
#311=EDGE_LOOP('',(#586,#587,#588,#589,#590,#591,#592,#593,#594,#595,#596,
#597,#598,#599,#600,#601,#602,#603,#604,#605,#606,#607,#608,#609));
#312=EDGE_LOOP('',(#610,#611,#612,#613));
#313=EDGE_LOOP('',(#614,#615,#616,#617));
#314=EDGE_LOOP('',(#618,#619,#620,#621));
#315=EDGE_LOOP('',(#622,#623,#624,#625));
#316=EDGE_LOOP('',(#626,#627,#628,#629));
#317=EDGE_LOOP('',(#630,#631,#632,#633));
#318=EDGE_LOOP('',(#634,#635,#636,#637));
#319=EDGE_LOOP('',(#638,#639,#640,#641));
#320=EDGE_LOOP('',(#642,#643,#644,#645));
#321=EDGE_LOOP('',(#646,#647,#648,#649));
#322=EDGE_LOOP('',(#650,#651,#652,#653));
#323=EDGE_LOOP('',(#654,#655,#656,#657));
#324=EDGE_LOOP('',(#658,#659,#660,#661));
#325=EDGE_LOOP('',(#662,#663,#664,#665));
#326=EDGE_LOOP('',(#666,#667,#668,#669));
#327=EDGE_LOOP('',(#670,#671,#672,#673));
#328=EDGE_LOOP('',(#674,#675,#676,#677));
#329=EDGE_LOOP('',(#678,#679,#680,#681));
#330=EDGE_LOOP('',(#682,#683,#684,#685));
#331=EDGE_LOOP('',(#686,#687,#688,#689));
#332=EDGE_LOOP('',(#690,#691,#692,#693));
#333=EDGE_LOOP('',(#694,#695,#696,#697));
#334=EDGE_LOOP('',(#698,#699,#700,#701));
#335=EDGE_LOOP('',(#702,#703,#704,#705));
#336=EDGE_LOOP('',(#706,#707,#708,#709,#710,#711));
#337=EDGE_LOOP('',(#712,#713));
#338=EDGE_LOOP('',(#714,#715,#716,#717,#718,#719,#720,#721,#722,#723,#724,
#725,#726,#727,#728,#729,#730,#731,#732,#733,#734,#735,#736,#737));
#339=EDGE_LOOP('',(#738,#739));
#340=EDGE_LOOP('',(#740,#741,#742,#743));
#341=EDGE_LOOP('',(#744,#745,#746,#747));
#342=EDGE_LOOP('',(#748,#749,#750,#751));
#343=EDGE_LOOP('',(#752,#753,#754,#755));
#344=EDGE_LOOP('',(#756,#757,#758,#759));
#345=EDGE_LOOP('',(#760,#761,#762,#763));
#346=EDGE_LOOP('',(#764,#765,#766,#767));
#347=EDGE_LOOP('',(#768,#769,#770,#771));
#348=EDGE_LOOP('',(#772,#773,#774,#775));
#349=EDGE_LOOP('',(#776,#777,#778,#779));
#350=EDGE_LOOP('',(#780,#781,#782,#783));
#351=EDGE_LOOP('',(#784,#785,#786,#787));
#352=EDGE_LOOP('',(#788,#789,#790,#791));
#353=EDGE_LOOP('',(#792,#793,#794,#795));
#354=EDGE_LOOP('',(#796,#797,#798,#799));
#355=EDGE_LOOP('',(#800,#801,#802,#803));
#356=EDGE_LOOP('',(#804,#805,#806,#807));
#357=EDGE_LOOP('',(#808,#809,#810,#811));
#358=EDGE_LOOP('',(#812,#813,#814,#815));
#359=EDGE_LOOP('',(#816,#817,#818,#819));
#360=EDGE_LOOP('',(#820,#821,#822,#823));
#361=EDGE_LOOP('',(#824,#825,#826,#827));
#362=EDGE_LOOP('',(#828,#829,#830,#831));
#363=EDGE_LOOP('',(#832,#833,#834,#835));
#364=EDGE_LOOP('',(#836,#837,#838,#839));
#365=EDGE_LOOP('',(#840,#841,#842,#843));
#366=EDGE_LOOP('',(#844,#845,#846,#847));
#367=EDGE_LOOP('',(#848,#849,#850,#851));
#368=EDGE_LOOP('',(#852,#853,#854,#855));
#369=EDGE_LOOP('',(#856,#857,#858,#859));
#370=EDGE_LOOP('',(#860,#861,#862,#863,#864,#865,#866,#867,#868,#869,#870,
#871,#872,#873,#874,#875,#876,#877,#878,#879,#880,#881,#882,#883,#884,#885,
#886,#887,#888,#889));
#371=EDGE_LOOP('',(#890,#891,#892,#893,#894,#895,#896,#897,#898,#899,#900,
#901,#902,#903,#904,#905,#906,#907,#908,#909,#910,#911,#912,#913,#914,#915,
#916,#917,#918,#919));
#372=ORIENTED_EDGE('',*,*,#956,.F.);
#373=ORIENTED_EDGE('',*,*,#921,.F.);
#374=ORIENTED_EDGE('',*,*,#951,.F.);
#375=ORIENTED_EDGE('',*,*,#922,.F.);
#376=ORIENTED_EDGE('',*,*,#946,.F.);
#377=ORIENTED_EDGE('',*,*,#943,.F.);
#378=ORIENTED_EDGE('',*,*,#940,.F.);
#379=ORIENTED_EDGE('',*,*,#923,.F.);
#380=ORIENTED_EDGE('',*,*,#935,.F.);
#381=ORIENTED_EDGE('',*,*,#924,.F.);
#382=ORIENTED_EDGE('',*,*,#929,.F.);
#383=ORIENTED_EDGE('',*,*,#990,.F.);
#384=ORIENTED_EDGE('',*,*,#987,.F.);
#385=ORIENTED_EDGE('',*,*,#925,.F.);
#386=ORIENTED_EDGE('',*,*,#982,.F.);
#387=ORIENTED_EDGE('',*,*,#926,.F.);
#388=ORIENTED_EDGE('',*,*,#977,.F.);
#389=ORIENTED_EDGE('',*,*,#974,.F.);
#390=ORIENTED_EDGE('',*,*,#971,.F.);
#391=ORIENTED_EDGE('',*,*,#927,.F.);
#392=ORIENTED_EDGE('',*,*,#966,.F.);
#393=ORIENTED_EDGE('',*,*,#928,.F.);
#394=ORIENTED_EDGE('',*,*,#960,.F.);
#395=ORIENTED_EDGE('',*,*,#920,.F.);
#396=ORIENTED_EDGE('',*,*,#929,.T.);
#397=ORIENTED_EDGE('',*,*,#930,.T.);
#398=ORIENTED_EDGE('',*,*,#931,.T.);
#399=ORIENTED_EDGE('',*,*,#932,.T.);
#400=ORIENTED_EDGE('',*,*,#924,.T.);
#401=ORIENTED_EDGE('',*,*,#933,.T.);
#402=ORIENTED_EDGE('',*,*,#934,.T.);
#403=ORIENTED_EDGE('',*,*,#930,.F.);
#404=ORIENTED_EDGE('',*,*,#935,.T.);
#405=ORIENTED_EDGE('',*,*,#936,.T.);
#406=ORIENTED_EDGE('',*,*,#937,.T.);
#407=ORIENTED_EDGE('',*,*,#933,.F.);
#408=ORIENTED_EDGE('',*,*,#923,.T.);
#409=ORIENTED_EDGE('',*,*,#938,.T.);
#410=ORIENTED_EDGE('',*,*,#939,.T.);
#411=ORIENTED_EDGE('',*,*,#936,.F.);
#412=ORIENTED_EDGE('',*,*,#940,.T.);
#413=ORIENTED_EDGE('',*,*,#941,.T.);
#414=ORIENTED_EDGE('',*,*,#942,.T.);
#415=ORIENTED_EDGE('',*,*,#938,.F.);
#416=ORIENTED_EDGE('',*,*,#943,.T.);
#417=ORIENTED_EDGE('',*,*,#944,.T.);
#418=ORIENTED_EDGE('',*,*,#945,.T.);
#419=ORIENTED_EDGE('',*,*,#941,.F.);
#420=ORIENTED_EDGE('',*,*,#946,.T.);
#421=ORIENTED_EDGE('',*,*,#947,.T.);
#422=ORIENTED_EDGE('',*,*,#948,.T.);
#423=ORIENTED_EDGE('',*,*,#944,.F.);
#424=ORIENTED_EDGE('',*,*,#922,.T.);
#425=ORIENTED_EDGE('',*,*,#949,.T.);
#426=ORIENTED_EDGE('',*,*,#950,.T.);
#427=ORIENTED_EDGE('',*,*,#947,.F.);
#428=ORIENTED_EDGE('',*,*,#951,.T.);
#429=ORIENTED_EDGE('',*,*,#952,.T.);
#430=ORIENTED_EDGE('',*,*,#953,.T.);
#431=ORIENTED_EDGE('',*,*,#949,.F.);
#432=ORIENTED_EDGE('',*,*,#921,.T.);
#433=ORIENTED_EDGE('',*,*,#954,.T.);
#434=ORIENTED_EDGE('',*,*,#955,.T.);
#435=ORIENTED_EDGE('',*,*,#952,.F.);
#436=ORIENTED_EDGE('',*,*,#956,.T.);
#437=ORIENTED_EDGE('',*,*,#957,.T.);
#438=ORIENTED_EDGE('',*,*,#958,.T.);
#439=ORIENTED_EDGE('',*,*,#954,.F.);
#440=ORIENTED_EDGE('',*,*,#920,.T.);
#441=ORIENTED_EDGE('',*,*,#963,.T.);
#442=ORIENTED_EDGE('',*,*,#959,.T.);
#443=ORIENTED_EDGE('',*,*,#957,.F.);
#444=ORIENTED_EDGE('',*,*,#960,.T.);
#445=ORIENTED_EDGE('',*,*,#961,.T.);
#446=ORIENTED_EDGE('',*,*,#962,.T.);
#447=ORIENTED_EDGE('',*,*,#963,.F.);
#448=ORIENTED_EDGE('',*,*,#928,.T.);
#449=ORIENTED_EDGE('',*,*,#964,.T.);
#450=ORIENTED_EDGE('',*,*,#965,.T.);
#451=ORIENTED_EDGE('',*,*,#961,.F.);
#452=ORIENTED_EDGE('',*,*,#966,.T.);
#453=ORIENTED_EDGE('',*,*,#967,.T.);
#454=ORIENTED_EDGE('',*,*,#968,.T.);
#455=ORIENTED_EDGE('',*,*,#964,.F.);
#456=ORIENTED_EDGE('',*,*,#927,.T.);
#457=ORIENTED_EDGE('',*,*,#969,.T.);
#458=ORIENTED_EDGE('',*,*,#970,.T.);
#459=ORIENTED_EDGE('',*,*,#967,.F.);
#460=ORIENTED_EDGE('',*,*,#971,.T.);
#461=ORIENTED_EDGE('',*,*,#972,.T.);
#462=ORIENTED_EDGE('',*,*,#973,.T.);
#463=ORIENTED_EDGE('',*,*,#969,.F.);
#464=ORIENTED_EDGE('',*,*,#974,.T.);
#465=ORIENTED_EDGE('',*,*,#975,.T.);
#466=ORIENTED_EDGE('',*,*,#976,.T.);
#467=ORIENTED_EDGE('',*,*,#972,.F.);
#468=ORIENTED_EDGE('',*,*,#977,.T.);
#469=ORIENTED_EDGE('',*,*,#978,.T.);
#470=ORIENTED_EDGE('',*,*,#979,.T.);
#471=ORIENTED_EDGE('',*,*,#975,.F.);
#472=ORIENTED_EDGE('',*,*,#926,.T.);
#473=ORIENTED_EDGE('',*,*,#980,.T.);
#474=ORIENTED_EDGE('',*,*,#981,.T.);
#475=ORIENTED_EDGE('',*,*,#978,.F.);
#476=ORIENTED_EDGE('',*,*,#982,.T.);
#477=ORIENTED_EDGE('',*,*,#983,.T.);
#478=ORIENTED_EDGE('',*,*,#984,.T.);
#479=ORIENTED_EDGE('',*,*,#980,.F.);
#480=ORIENTED_EDGE('',*,*,#925,.T.);
#481=ORIENTED_EDGE('',*,*,#985,.T.);
#482=ORIENTED_EDGE('',*,*,#986,.T.);
#483=ORIENTED_EDGE('',*,*,#983,.F.);
#484=ORIENTED_EDGE('',*,*,#987,.T.);
#485=ORIENTED_EDGE('',*,*,#988,.T.);
#486=ORIENTED_EDGE('',*,*,#989,.T.);
#487=ORIENTED_EDGE('',*,*,#985,.F.);
#488=ORIENTED_EDGE('',*,*,#990,.T.);
#489=ORIENTED_EDGE('',*,*,#932,.F.);
#490=ORIENTED_EDGE('',*,*,#991,.T.);
#491=ORIENTED_EDGE('',*,*,#988,.F.);
#492=ORIENTED_EDGE('',*,*,#958,.F.);
#493=ORIENTED_EDGE('',*,*,#959,.F.);
#494=ORIENTED_EDGE('',*,*,#962,.F.);
#495=ORIENTED_EDGE('',*,*,#965,.F.);
#496=ORIENTED_EDGE('',*,*,#968,.F.);
#497=ORIENTED_EDGE('',*,*,#970,.F.);
#498=ORIENTED_EDGE('',*,*,#973,.F.);
#499=ORIENTED_EDGE('',*,*,#976,.F.);
#500=ORIENTED_EDGE('',*,*,#979,.F.);
#501=ORIENTED_EDGE('',*,*,#981,.F.);
#502=ORIENTED_EDGE('',*,*,#984,.F.);
#503=ORIENTED_EDGE('',*,*,#986,.F.);
#504=ORIENTED_EDGE('',*,*,#989,.F.);
#505=ORIENTED_EDGE('',*,*,#991,.F.);
#506=ORIENTED_EDGE('',*,*,#931,.F.);
#507=ORIENTED_EDGE('',*,*,#934,.F.);
#508=ORIENTED_EDGE('',*,*,#937,.F.);
#509=ORIENTED_EDGE('',*,*,#939,.F.);
#510=ORIENTED_EDGE('',*,*,#942,.F.);
#511=ORIENTED_EDGE('',*,*,#945,.F.);
#512=ORIENTED_EDGE('',*,*,#948,.F.);
#513=ORIENTED_EDGE('',*,*,#950,.F.);
#514=ORIENTED_EDGE('',*,*,#953,.F.);
#515=ORIENTED_EDGE('',*,*,#955,.F.);
#516=ORIENTED_EDGE('',*,*,#994,.T.);
#517=ORIENTED_EDGE('',*,*,#1015,.F.);
#518=ORIENTED_EDGE('',*,*,#1016,.F.);
#519=ORIENTED_EDGE('',*,*,#994,.F.);
#520=ORIENTED_EDGE('',*,*,#993,.F.);
#521=ORIENTED_EDGE('',*,*,#992,.F.);
#522=ORIENTED_EDGE('',*,*,#997,.T.);
#523=ORIENTED_EDGE('',*,*,#996,.F.);
#524=ORIENTED_EDGE('',*,*,#995,.F.);
#525=ORIENTED_EDGE('',*,*,#997,.F.);
#526=ORIENTED_EDGE('',*,*,#1013,.F.);
#527=ORIENTED_EDGE('',*,*,#1014,.F.);
#528=ORIENTED_EDGE('',*,*,#999,.F.);
#529=ORIENTED_EDGE('',*,*,#1002,.T.);
#530=ORIENTED_EDGE('',*,*,#1001,.F.);
#531=ORIENTED_EDGE('',*,*,#1000,.F.);
#532=ORIENTED_EDGE('',*,*,#1002,.F.);
#533=ORIENTED_EDGE('',*,*,#998,.F.);
#534=ORIENTED_EDGE('',*,*,#1003,.T.);
#535=ORIENTED_EDGE('',*,*,#1004,.T.);
#536=ORIENTED_EDGE('',*,*,#1007,.T.);
#537=ORIENTED_EDGE('',*,*,#1006,.T.);
#538=ORIENTED_EDGE('',*,*,#1005,.T.);
#539=ORIENTED_EDGE('',*,*,#1007,.F.);
#540=ORIENTED_EDGE('',*,*,#1003,.F.);
#541=ORIENTED_EDGE('',*,*,#1004,.F.);
#542=ORIENTED_EDGE('',*,*,#999,.T.);
#543=ORIENTED_EDGE('',*,*,#998,.T.);
#544=ORIENTED_EDGE('',*,*,#1009,.T.);
#545=ORIENTED_EDGE('',*,*,#1008,.T.);
#546=ORIENTED_EDGE('',*,*,#1005,.F.);
#547=ORIENTED_EDGE('',*,*,#1006,.F.);
#548=ORIENTED_EDGE('',*,*,#1010,.F.);
#549=ORIENTED_EDGE('',*,*,#1011,.F.);
#550=ORIENTED_EDGE('',*,*,#1023,.F.);
#551=ORIENTED_EDGE('',*,*,#1022,.F.);
#552=ORIENTED_EDGE('',*,*,#1017,.F.);
#553=ORIENTED_EDGE('',*,*,#1018,.F.);
#554=ORIENTED_EDGE('',*,*,#1008,.F.);
#555=ORIENTED_EDGE('',*,*,#1009,.F.);
#556=ORIENTED_EDGE('',*,*,#1012,.F.);
#557=ORIENTED_EDGE('',*,*,#1010,.T.);
#558=ORIENTED_EDGE('',*,*,#1011,.T.);
#559=ORIENTED_EDGE('',*,*,#1012,.T.);
#560=ORIENTED_EDGE('',*,*,#1001,.T.);
#561=ORIENTED_EDGE('',*,*,#1000,.T.);
#562=ORIENTED_EDGE('',*,*,#1021,.T.);
#563=ORIENTED_EDGE('',*,*,#1017,.T.);
#564=ORIENTED_EDGE('',*,*,#1018,.T.);
#565=ORIENTED_EDGE('',*,*,#1021,.F.);
#566=ORIENTED_EDGE('',*,*,#1019,.F.);
#567=ORIENTED_EDGE('',*,*,#1020,.F.);
#568=ORIENTED_EDGE('',*,*,#1014,.T.);
#569=ORIENTED_EDGE('',*,*,#1013,.T.);
#570=ORIENTED_EDGE('',*,*,#1015,.T.);
#571=ORIENTED_EDGE('',*,*,#1016,.T.);
#572=ORIENTED_EDGE('',*,*,#1025,.T.);
#573=ORIENTED_EDGE('',*,*,#1026,.T.);
#574=ORIENTED_EDGE('',*,*,#1022,.T.);
#575=ORIENTED_EDGE('',*,*,#1023,.T.);
#576=ORIENTED_EDGE('',*,*,#1026,.F.);
#577=ORIENTED_EDGE('',*,*,#1024,.T.);
#578=ORIENTED_EDGE('',*,*,#996,.T.);
#579=ORIENTED_EDGE('',*,*,#995,.T.);
#580=ORIENTED_EDGE('',*,*,#992,.T.);
#581=ORIENTED_EDGE('',*,*,#993,.T.);
#582=ORIENTED_EDGE('',*,*,#1025,.F.);
#583=ORIENTED_EDGE('',*,*,#1024,.F.);
#584=ORIENTED_EDGE('',*,*,#1019,.T.);
#585=ORIENTED_EDGE('',*,*,#1020,.T.);
#586=ORIENTED_EDGE('',*,*,#1065,.T.);
#587=ORIENTED_EDGE('',*,*,#1062,.T.);
#588=ORIENTED_EDGE('',*,*,#1034,.T.);
#589=ORIENTED_EDGE('',*,*,#1057,.T.);
#590=ORIENTED_EDGE('',*,*,#1033,.T.);
#591=ORIENTED_EDGE('',*,*,#1052,.T.);
#592=ORIENTED_EDGE('',*,*,#1049,.T.);
#593=ORIENTED_EDGE('',*,*,#1046,.T.);
#594=ORIENTED_EDGE('',*,*,#1032,.T.);
#595=ORIENTED_EDGE('',*,*,#1041,.T.);
#596=ORIENTED_EDGE('',*,*,#1031,.T.);
#597=ORIENTED_EDGE('',*,*,#1035,.T.);
#598=ORIENTED_EDGE('',*,*,#1068,.T.);
#599=ORIENTED_EDGE('',*,*,#1071,.T.);
#600=ORIENTED_EDGE('',*,*,#1030,.T.);
#601=ORIENTED_EDGE('',*,*,#1076,.T.);
#602=ORIENTED_EDGE('',*,*,#1029,.T.);
#603=ORIENTED_EDGE('',*,*,#1081,.T.);
#604=ORIENTED_EDGE('',*,*,#1084,.T.);
#605=ORIENTED_EDGE('',*,*,#1087,.T.);
#606=ORIENTED_EDGE('',*,*,#1028,.T.);
#607=ORIENTED_EDGE('',*,*,#1092,.T.);
#608=ORIENTED_EDGE('',*,*,#1027,.T.);
#609=ORIENTED_EDGE('',*,*,#1097,.T.);
#610=ORIENTED_EDGE('',*,*,#1038,.F.);
#611=ORIENTED_EDGE('',*,*,#1037,.F.);
#612=ORIENTED_EDGE('',*,*,#1036,.F.);
#613=ORIENTED_EDGE('',*,*,#1035,.F.);
#614=ORIENTED_EDGE('',*,*,#1040,.F.);
#615=ORIENTED_EDGE('',*,*,#1039,.F.);
#616=ORIENTED_EDGE('',*,*,#1038,.T.);
#617=ORIENTED_EDGE('',*,*,#1031,.F.);
#618=ORIENTED_EDGE('',*,*,#1043,.F.);
#619=ORIENTED_EDGE('',*,*,#1042,.F.);
#620=ORIENTED_EDGE('',*,*,#1040,.T.);
#621=ORIENTED_EDGE('',*,*,#1041,.F.);
#622=ORIENTED_EDGE('',*,*,#1045,.F.);
#623=ORIENTED_EDGE('',*,*,#1044,.F.);
#624=ORIENTED_EDGE('',*,*,#1043,.T.);
#625=ORIENTED_EDGE('',*,*,#1032,.F.);
#626=ORIENTED_EDGE('',*,*,#1048,.F.);
#627=ORIENTED_EDGE('',*,*,#1047,.F.);
#628=ORIENTED_EDGE('',*,*,#1045,.T.);
#629=ORIENTED_EDGE('',*,*,#1046,.F.);
#630=ORIENTED_EDGE('',*,*,#1051,.F.);
#631=ORIENTED_EDGE('',*,*,#1050,.F.);
#632=ORIENTED_EDGE('',*,*,#1048,.T.);
#633=ORIENTED_EDGE('',*,*,#1049,.F.);
#634=ORIENTED_EDGE('',*,*,#1054,.F.);
#635=ORIENTED_EDGE('',*,*,#1053,.F.);
#636=ORIENTED_EDGE('',*,*,#1051,.T.);
#637=ORIENTED_EDGE('',*,*,#1052,.F.);
#638=ORIENTED_EDGE('',*,*,#1056,.F.);
#639=ORIENTED_EDGE('',*,*,#1055,.F.);
#640=ORIENTED_EDGE('',*,*,#1054,.T.);
#641=ORIENTED_EDGE('',*,*,#1033,.F.);
#642=ORIENTED_EDGE('',*,*,#1059,.F.);
#643=ORIENTED_EDGE('',*,*,#1058,.F.);
#644=ORIENTED_EDGE('',*,*,#1056,.T.);
#645=ORIENTED_EDGE('',*,*,#1057,.F.);
#646=ORIENTED_EDGE('',*,*,#1061,.F.);
#647=ORIENTED_EDGE('',*,*,#1060,.F.);
#648=ORIENTED_EDGE('',*,*,#1059,.T.);
#649=ORIENTED_EDGE('',*,*,#1034,.F.);
#650=ORIENTED_EDGE('',*,*,#1064,.F.);
#651=ORIENTED_EDGE('',*,*,#1063,.F.);
#652=ORIENTED_EDGE('',*,*,#1061,.T.);
#653=ORIENTED_EDGE('',*,*,#1062,.F.);
#654=ORIENTED_EDGE('',*,*,#1067,.F.);
#655=ORIENTED_EDGE('',*,*,#1066,.F.);
#656=ORIENTED_EDGE('',*,*,#1064,.T.);
#657=ORIENTED_EDGE('',*,*,#1065,.F.);
#658=ORIENTED_EDGE('',*,*,#1036,.T.);
#659=ORIENTED_EDGE('',*,*,#1070,.F.);
#660=ORIENTED_EDGE('',*,*,#1069,.F.);
#661=ORIENTED_EDGE('',*,*,#1068,.F.);
#662=ORIENTED_EDGE('',*,*,#1069,.T.);
#663=ORIENTED_EDGE('',*,*,#1073,.F.);
#664=ORIENTED_EDGE('',*,*,#1072,.F.);
#665=ORIENTED_EDGE('',*,*,#1071,.F.);
#666=ORIENTED_EDGE('',*,*,#1072,.T.);
#667=ORIENTED_EDGE('',*,*,#1075,.F.);
#668=ORIENTED_EDGE('',*,*,#1074,.F.);
#669=ORIENTED_EDGE('',*,*,#1030,.F.);
#670=ORIENTED_EDGE('',*,*,#1074,.T.);
#671=ORIENTED_EDGE('',*,*,#1078,.F.);
#672=ORIENTED_EDGE('',*,*,#1077,.F.);
#673=ORIENTED_EDGE('',*,*,#1076,.F.);
#674=ORIENTED_EDGE('',*,*,#1077,.T.);
#675=ORIENTED_EDGE('',*,*,#1080,.F.);
#676=ORIENTED_EDGE('',*,*,#1079,.F.);
#677=ORIENTED_EDGE('',*,*,#1029,.F.);
#678=ORIENTED_EDGE('',*,*,#1079,.T.);
#679=ORIENTED_EDGE('',*,*,#1083,.F.);
#680=ORIENTED_EDGE('',*,*,#1082,.F.);
#681=ORIENTED_EDGE('',*,*,#1081,.F.);
#682=ORIENTED_EDGE('',*,*,#1082,.T.);
#683=ORIENTED_EDGE('',*,*,#1086,.F.);
#684=ORIENTED_EDGE('',*,*,#1085,.F.);
#685=ORIENTED_EDGE('',*,*,#1084,.F.);
#686=ORIENTED_EDGE('',*,*,#1085,.T.);
#687=ORIENTED_EDGE('',*,*,#1089,.F.);
#688=ORIENTED_EDGE('',*,*,#1088,.F.);
#689=ORIENTED_EDGE('',*,*,#1087,.F.);
#690=ORIENTED_EDGE('',*,*,#1088,.T.);
#691=ORIENTED_EDGE('',*,*,#1091,.F.);
#692=ORIENTED_EDGE('',*,*,#1090,.F.);
#693=ORIENTED_EDGE('',*,*,#1028,.F.);
#694=ORIENTED_EDGE('',*,*,#1090,.T.);
#695=ORIENTED_EDGE('',*,*,#1094,.F.);
#696=ORIENTED_EDGE('',*,*,#1093,.F.);
#697=ORIENTED_EDGE('',*,*,#1092,.F.);
#698=ORIENTED_EDGE('',*,*,#1093,.T.);
#699=ORIENTED_EDGE('',*,*,#1096,.F.);
#700=ORIENTED_EDGE('',*,*,#1095,.F.);
#701=ORIENTED_EDGE('',*,*,#1027,.F.);
#702=ORIENTED_EDGE('',*,*,#1095,.T.);
#703=ORIENTED_EDGE('',*,*,#1098,.F.);
#704=ORIENTED_EDGE('',*,*,#1067,.T.);
#705=ORIENTED_EDGE('',*,*,#1097,.F.);
#706=ORIENTED_EDGE('',*,*,#1103,.T.);
#707=ORIENTED_EDGE('',*,*,#1102,.F.);
#708=ORIENTED_EDGE('',*,*,#1101,.F.);
#709=ORIENTED_EDGE('',*,*,#1103,.F.);
#710=ORIENTED_EDGE('',*,*,#1100,.F.);
#711=ORIENTED_EDGE('',*,*,#1099,.F.);
#712=ORIENTED_EDGE('',*,*,#1101,.T.);
#713=ORIENTED_EDGE('',*,*,#1102,.T.);
#714=ORIENTED_EDGE('',*,*,#1066,.T.);
#715=ORIENTED_EDGE('',*,*,#1098,.T.);
#716=ORIENTED_EDGE('',*,*,#1096,.T.);
#717=ORIENTED_EDGE('',*,*,#1094,.T.);
#718=ORIENTED_EDGE('',*,*,#1091,.T.);
#719=ORIENTED_EDGE('',*,*,#1089,.T.);
#720=ORIENTED_EDGE('',*,*,#1086,.T.);
#721=ORIENTED_EDGE('',*,*,#1083,.T.);
#722=ORIENTED_EDGE('',*,*,#1080,.T.);
#723=ORIENTED_EDGE('',*,*,#1078,.T.);
#724=ORIENTED_EDGE('',*,*,#1075,.T.);
#725=ORIENTED_EDGE('',*,*,#1073,.T.);
#726=ORIENTED_EDGE('',*,*,#1070,.T.);
#727=ORIENTED_EDGE('',*,*,#1037,.T.);
#728=ORIENTED_EDGE('',*,*,#1039,.T.);
#729=ORIENTED_EDGE('',*,*,#1042,.T.);
#730=ORIENTED_EDGE('',*,*,#1044,.T.);
#731=ORIENTED_EDGE('',*,*,#1047,.T.);
#732=ORIENTED_EDGE('',*,*,#1050,.T.);
#733=ORIENTED_EDGE('',*,*,#1053,.T.);
#734=ORIENTED_EDGE('',*,*,#1055,.T.);
#735=ORIENTED_EDGE('',*,*,#1058,.T.);
#736=ORIENTED_EDGE('',*,*,#1060,.T.);
#737=ORIENTED_EDGE('',*,*,#1063,.T.);
#738=ORIENTED_EDGE('',*,*,#1099,.T.);
#739=ORIENTED_EDGE('',*,*,#1100,.T.);
#740=ORIENTED_EDGE('',*,*,#1104,.T.);
#741=ORIENTED_EDGE('',*,*,#1107,.T.);
#742=ORIENTED_EDGE('',*,*,#1106,.T.);
#743=ORIENTED_EDGE('',*,*,#1105,.T.);
#744=ORIENTED_EDGE('',*,*,#1108,.T.);
#745=ORIENTED_EDGE('',*,*,#1107,.F.);
#746=ORIENTED_EDGE('',*,*,#1109,.T.);
#747=ORIENTED_EDGE('',*,*,#1110,.T.);
#748=ORIENTED_EDGE('',*,*,#1111,.T.);
#749=ORIENTED_EDGE('',*,*,#1113,.T.);
#750=ORIENTED_EDGE('',*,*,#1112,.T.);
#751=ORIENTED_EDGE('',*,*,#1110,.F.);
#752=ORIENTED_EDGE('',*,*,#1114,.T.);
#753=ORIENTED_EDGE('',*,*,#1113,.F.);
#754=ORIENTED_EDGE('',*,*,#1115,.T.);
#755=ORIENTED_EDGE('',*,*,#1116,.T.);
#756=ORIENTED_EDGE('',*,*,#1117,.T.);
#757=ORIENTED_EDGE('',*,*,#1119,.T.);
#758=ORIENTED_EDGE('',*,*,#1118,.T.);
#759=ORIENTED_EDGE('',*,*,#1116,.F.);
#760=ORIENTED_EDGE('',*,*,#1120,.T.);
#761=ORIENTED_EDGE('',*,*,#1119,.F.);
#762=ORIENTED_EDGE('',*,*,#1121,.T.);
#763=ORIENTED_EDGE('',*,*,#1122,.T.);
#764=ORIENTED_EDGE('',*,*,#1123,.T.);
#765=ORIENTED_EDGE('',*,*,#1122,.F.);
#766=ORIENTED_EDGE('',*,*,#1124,.T.);
#767=ORIENTED_EDGE('',*,*,#1125,.T.);
#768=ORIENTED_EDGE('',*,*,#1192,.T.);
#769=ORIENTED_EDGE('',*,*,#1126,.T.);
#770=ORIENTED_EDGE('',*,*,#1191,.T.);
#771=ORIENTED_EDGE('',*,*,#1125,.F.);
#772=ORIENTED_EDGE('',*,*,#1127,.T.);
#773=ORIENTED_EDGE('',*,*,#1126,.F.);
#774=ORIENTED_EDGE('',*,*,#1128,.T.);
#775=ORIENTED_EDGE('',*,*,#1129,.T.);
#776=ORIENTED_EDGE('',*,*,#1130,.T.);
#777=ORIENTED_EDGE('',*,*,#1129,.F.);
#778=ORIENTED_EDGE('',*,*,#1131,.T.);
#779=ORIENTED_EDGE('',*,*,#1132,.T.);
#780=ORIENTED_EDGE('',*,*,#1133,.T.);
#781=ORIENTED_EDGE('',*,*,#1135,.T.);
#782=ORIENTED_EDGE('',*,*,#1134,.T.);
#783=ORIENTED_EDGE('',*,*,#1132,.F.);
#784=ORIENTED_EDGE('',*,*,#1136,.T.);
#785=ORIENTED_EDGE('',*,*,#1135,.F.);
#786=ORIENTED_EDGE('',*,*,#1137,.T.);
#787=ORIENTED_EDGE('',*,*,#1138,.T.);
#788=ORIENTED_EDGE('',*,*,#1139,.T.);
#789=ORIENTED_EDGE('',*,*,#1141,.T.);
#790=ORIENTED_EDGE('',*,*,#1140,.T.);
#791=ORIENTED_EDGE('',*,*,#1138,.F.);
#792=ORIENTED_EDGE('',*,*,#1142,.T.);
#793=ORIENTED_EDGE('',*,*,#1141,.F.);
#794=ORIENTED_EDGE('',*,*,#1143,.T.);
#795=ORIENTED_EDGE('',*,*,#1144,.T.);
#796=ORIENTED_EDGE('',*,*,#1145,.T.);
#797=ORIENTED_EDGE('',*,*,#1147,.T.);
#798=ORIENTED_EDGE('',*,*,#1146,.T.);
#799=ORIENTED_EDGE('',*,*,#1144,.F.);
#800=ORIENTED_EDGE('',*,*,#1148,.T.);
#801=ORIENTED_EDGE('',*,*,#1147,.F.);
#802=ORIENTED_EDGE('',*,*,#1149,.T.);
#803=ORIENTED_EDGE('',*,*,#1150,.T.);
#804=ORIENTED_EDGE('',*,*,#1151,.T.);
#805=ORIENTED_EDGE('',*,*,#1150,.F.);
#806=ORIENTED_EDGE('',*,*,#1152,.T.);
#807=ORIENTED_EDGE('',*,*,#1153,.T.);
#808=ORIENTED_EDGE('',*,*,#1193,.T.);
#809=ORIENTED_EDGE('',*,*,#1154,.T.);
#810=ORIENTED_EDGE('',*,*,#1190,.T.);
#811=ORIENTED_EDGE('',*,*,#1153,.F.);
#812=ORIENTED_EDGE('',*,*,#1155,.T.);
#813=ORIENTED_EDGE('',*,*,#1154,.F.);
#814=ORIENTED_EDGE('',*,*,#1156,.T.);
#815=ORIENTED_EDGE('',*,*,#1157,.T.);
#816=ORIENTED_EDGE('',*,*,#1158,.T.);
#817=ORIENTED_EDGE('',*,*,#1157,.F.);
#818=ORIENTED_EDGE('',*,*,#1159,.T.);
#819=ORIENTED_EDGE('',*,*,#1160,.T.);
#820=ORIENTED_EDGE('',*,*,#1161,.T.);
#821=ORIENTED_EDGE('',*,*,#1163,.T.);
#822=ORIENTED_EDGE('',*,*,#1162,.T.);
#823=ORIENTED_EDGE('',*,*,#1160,.F.);
#824=ORIENTED_EDGE('',*,*,#1164,.T.);
#825=ORIENTED_EDGE('',*,*,#1163,.F.);
#826=ORIENTED_EDGE('',*,*,#1165,.T.);
#827=ORIENTED_EDGE('',*,*,#1166,.T.);
#828=ORIENTED_EDGE('',*,*,#1167,.T.);
#829=ORIENTED_EDGE('',*,*,#1169,.T.);
#830=ORIENTED_EDGE('',*,*,#1168,.T.);
#831=ORIENTED_EDGE('',*,*,#1166,.F.);
#832=ORIENTED_EDGE('',*,*,#1170,.T.);
#833=ORIENTED_EDGE('',*,*,#1169,.F.);
#834=ORIENTED_EDGE('',*,*,#1171,.T.);
#835=ORIENTED_EDGE('',*,*,#1172,.T.);
#836=ORIENTED_EDGE('',*,*,#1173,.T.);
#837=ORIENTED_EDGE('',*,*,#1175,.T.);
#838=ORIENTED_EDGE('',*,*,#1174,.T.);
#839=ORIENTED_EDGE('',*,*,#1172,.F.);
#840=ORIENTED_EDGE('',*,*,#1176,.T.);
#841=ORIENTED_EDGE('',*,*,#1175,.F.);
#842=ORIENTED_EDGE('',*,*,#1177,.T.);
#843=ORIENTED_EDGE('',*,*,#1178,.T.);
#844=ORIENTED_EDGE('',*,*,#1179,.T.);
#845=ORIENTED_EDGE('',*,*,#1178,.F.);
#846=ORIENTED_EDGE('',*,*,#1180,.T.);
#847=ORIENTED_EDGE('',*,*,#1181,.T.);
#848=ORIENTED_EDGE('',*,*,#1182,.T.);
#849=ORIENTED_EDGE('',*,*,#1183,.T.);
#850=ORIENTED_EDGE('',*,*,#1189,.T.);
#851=ORIENTED_EDGE('',*,*,#1181,.F.);
#852=ORIENTED_EDGE('',*,*,#1184,.T.);
#853=ORIENTED_EDGE('',*,*,#1183,.F.);
#854=ORIENTED_EDGE('',*,*,#1185,.T.);
#855=ORIENTED_EDGE('',*,*,#1186,.T.);
#856=ORIENTED_EDGE('',*,*,#1187,.T.);
#857=ORIENTED_EDGE('',*,*,#1186,.F.);
#858=ORIENTED_EDGE('',*,*,#1188,.T.);
#859=ORIENTED_EDGE('',*,*,#1105,.F.);
#860=ORIENTED_EDGE('',*,*,#1106,.F.);
#861=ORIENTED_EDGE('',*,*,#1108,.F.);
#862=ORIENTED_EDGE('',*,*,#1112,.F.);
#863=ORIENTED_EDGE('',*,*,#1114,.F.);
#864=ORIENTED_EDGE('',*,*,#1118,.F.);
#865=ORIENTED_EDGE('',*,*,#1120,.F.);
#866=ORIENTED_EDGE('',*,*,#1123,.F.);
#867=ORIENTED_EDGE('',*,*,#1191,.F.);
#868=ORIENTED_EDGE('',*,*,#1127,.F.);
#869=ORIENTED_EDGE('',*,*,#1130,.F.);
#870=ORIENTED_EDGE('',*,*,#1134,.F.);
#871=ORIENTED_EDGE('',*,*,#1136,.F.);
#872=ORIENTED_EDGE('',*,*,#1140,.F.);
#873=ORIENTED_EDGE('',*,*,#1142,.F.);
#874=ORIENTED_EDGE('',*,*,#1146,.F.);
#875=ORIENTED_EDGE('',*,*,#1148,.F.);
#876=ORIENTED_EDGE('',*,*,#1151,.F.);
#877=ORIENTED_EDGE('',*,*,#1190,.F.);
#878=ORIENTED_EDGE('',*,*,#1155,.F.);
#879=ORIENTED_EDGE('',*,*,#1158,.F.);
#880=ORIENTED_EDGE('',*,*,#1162,.F.);
#881=ORIENTED_EDGE('',*,*,#1164,.F.);
#882=ORIENTED_EDGE('',*,*,#1168,.F.);
#883=ORIENTED_EDGE('',*,*,#1170,.F.);
#884=ORIENTED_EDGE('',*,*,#1174,.F.);
#885=ORIENTED_EDGE('',*,*,#1176,.F.);
#886=ORIENTED_EDGE('',*,*,#1179,.F.);
#887=ORIENTED_EDGE('',*,*,#1189,.F.);
#888=ORIENTED_EDGE('',*,*,#1184,.F.);
#889=ORIENTED_EDGE('',*,*,#1187,.F.);
#890=ORIENTED_EDGE('',*,*,#1104,.F.);
#891=ORIENTED_EDGE('',*,*,#1188,.F.);
#892=ORIENTED_EDGE('',*,*,#1185,.F.);
#893=ORIENTED_EDGE('',*,*,#1182,.F.);
#894=ORIENTED_EDGE('',*,*,#1180,.F.);
#895=ORIENTED_EDGE('',*,*,#1177,.F.);
#896=ORIENTED_EDGE('',*,*,#1173,.F.);
#897=ORIENTED_EDGE('',*,*,#1171,.F.);
#898=ORIENTED_EDGE('',*,*,#1167,.F.);
#899=ORIENTED_EDGE('',*,*,#1165,.F.);
#900=ORIENTED_EDGE('',*,*,#1161,.F.);
#901=ORIENTED_EDGE('',*,*,#1159,.F.);
#902=ORIENTED_EDGE('',*,*,#1156,.F.);
#903=ORIENTED_EDGE('',*,*,#1193,.F.);
#904=ORIENTED_EDGE('',*,*,#1152,.F.);
#905=ORIENTED_EDGE('',*,*,#1149,.F.);
#906=ORIENTED_EDGE('',*,*,#1145,.F.);
#907=ORIENTED_EDGE('',*,*,#1143,.F.);
#908=ORIENTED_EDGE('',*,*,#1139,.F.);
#909=ORIENTED_EDGE('',*,*,#1137,.F.);
#910=ORIENTED_EDGE('',*,*,#1133,.F.);
#911=ORIENTED_EDGE('',*,*,#1131,.F.);
#912=ORIENTED_EDGE('',*,*,#1128,.F.);
#913=ORIENTED_EDGE('',*,*,#1192,.F.);
#914=ORIENTED_EDGE('',*,*,#1124,.F.);
#915=ORIENTED_EDGE('',*,*,#1121,.F.);
#916=ORIENTED_EDGE('',*,*,#1117,.F.);
#917=ORIENTED_EDGE('',*,*,#1115,.F.);
#918=ORIENTED_EDGE('',*,*,#1111,.F.);
#919=ORIENTED_EDGE('',*,*,#1109,.F.);
#920=EDGE_CURVE('',#1499,#1500,#1363,.T.);
#921=EDGE_CURVE('',#1502,#1501,#1194,.T.);
#922=EDGE_CURVE('',#1504,#1503,#1195,.T.);
#923=EDGE_CURVE('',#1508,#1507,#1196,.T.);
#924=EDGE_CURVE('',#1510,#1509,#1197,.T.);
#925=EDGE_CURVE('',#1514,#1513,#1198,.T.);
#926=EDGE_CURVE('',#1516,#1515,#1199,.T.);
#927=EDGE_CURVE('',#1520,#1519,#1200,.T.);
#928=EDGE_CURVE('',#1522,#1521,#1201,.T.);
#929=EDGE_CURVE('',#1511,#1510,#1202,.T.);
#930=EDGE_CURVE('',#1510,#1523,#1203,.T.);
#931=EDGE_CURVE('',#1523,#1524,#1204,.T.);
#932=EDGE_CURVE('',#1524,#1511,#1205,.T.);
#933=EDGE_CURVE('',#1509,#1525,#1206,.T.);
#934=EDGE_CURVE('',#1525,#1523,#1207,.T.);
#935=EDGE_CURVE('',#1509,#1508,#1208,.T.);
#936=EDGE_CURVE('',#1508,#1526,#1209,.T.);
#937=EDGE_CURVE('',#1526,#1525,#1210,.T.);
#938=EDGE_CURVE('',#1507,#1527,#1211,.T.);
#939=EDGE_CURVE('',#1527,#1526,#1212,.T.);
#940=EDGE_CURVE('',#1507,#1506,#1213,.T.);
#941=EDGE_CURVE('',#1506,#1528,#1214,.T.);
#942=EDGE_CURVE('',#1528,#1527,#1215,.T.);
#943=EDGE_CURVE('',#1506,#1505,#1364,.T.);
#944=EDGE_CURVE('',#1505,#1529,#1216,.T.);
#945=EDGE_CURVE('',#1529,#1528,#1365,.T.);
#946=EDGE_CURVE('',#1505,#1504,#1217,.T.);
#947=EDGE_CURVE('',#1504,#1530,#1218,.T.);
#948=EDGE_CURVE('',#1530,#1529,#1219,.T.);
#949=EDGE_CURVE('',#1503,#1531,#1220,.T.);
#950=EDGE_CURVE('',#1531,#1530,#1221,.T.);
#951=EDGE_CURVE('',#1503,#1502,#1222,.T.);
#952=EDGE_CURVE('',#1502,#1532,#1223,.T.);
#953=EDGE_CURVE('',#1532,#1531,#1224,.T.);
#954=EDGE_CURVE('',#1501,#1533,#1225,.T.);
#955=EDGE_CURVE('',#1533,#1532,#1226,.T.);
#956=EDGE_CURVE('',#1501,#1499,#1227,.T.);
#957=EDGE_CURVE('',#1499,#1534,#1228,.T.);
#958=EDGE_CURVE('',#1534,#1533,#1229,.T.);
#959=EDGE_CURVE('',#1535,#1534,#1366,.T.);
#960=EDGE_CURVE('',#1500,#1522,#1230,.T.);
#961=EDGE_CURVE('',#1522,#1536,#1231,.T.);
#962=EDGE_CURVE('',#1536,#1535,#1232,.T.);
#963=EDGE_CURVE('',#1500,#1535,#1233,.T.);
#964=EDGE_CURVE('',#1521,#1537,#1234,.T.);
#965=EDGE_CURVE('',#1537,#1536,#1235,.T.);
#966=EDGE_CURVE('',#1521,#1520,#1236,.T.);
#967=EDGE_CURVE('',#1520,#1538,#1237,.T.);
#968=EDGE_CURVE('',#1538,#1537,#1238,.T.);
#969=EDGE_CURVE('',#1519,#1539,#1239,.T.);
#970=EDGE_CURVE('',#1539,#1538,#1240,.T.);
#971=EDGE_CURVE('',#1519,#1518,#1241,.T.);
#972=EDGE_CURVE('',#1518,#1540,#1242,.T.);
#973=EDGE_CURVE('',#1540,#1539,#1243,.T.);
#974=EDGE_CURVE('',#1518,#1517,#1367,.T.);
#975=EDGE_CURVE('',#1517,#1541,#1244,.T.);
#976=EDGE_CURVE('',#1541,#1540,#1368,.T.);
#977=EDGE_CURVE('',#1517,#1516,#1245,.T.);
#978=EDGE_CURVE('',#1516,#1542,#1246,.T.);
#979=EDGE_CURVE('',#1542,#1541,#1247,.T.);
#980=EDGE_CURVE('',#1515,#1543,#1248,.T.);
#981=EDGE_CURVE('',#1543,#1542,#1249,.T.);
#982=EDGE_CURVE('',#1515,#1514,#1250,.T.);
#983=EDGE_CURVE('',#1514,#1544,#1251,.T.);
#984=EDGE_CURVE('',#1544,#1543,#1252,.T.);
#985=EDGE_CURVE('',#1513,#1545,#1253,.T.);
#986=EDGE_CURVE('',#1545,#1544,#1254,.T.);
#987=EDGE_CURVE('',#1513,#1512,#1255,.T.);
#988=EDGE_CURVE('',#1512,#1546,#1256,.T.);
#989=EDGE_CURVE('',#1546,#1545,#1257,.T.);
#990=EDGE_CURVE('',#1512,#1511,#1369,.T.);
#991=EDGE_CURVE('',#1524,#1546,#1370,.T.);
#992=EDGE_CURVE('',#1547,#1548,#1258,.T.);
#993=EDGE_CURVE('',#1548,#1547,#1259,.T.);
#994=EDGE_CURVE('',#1547,#1549,#1260,.T.);
#995=EDGE_CURVE('',#1553,#1554,#1261,.T.);
#996=EDGE_CURVE('',#1554,#1553,#1262,.T.);
#997=EDGE_CURVE('',#1551,#1553,#1263,.T.);
#998=EDGE_CURVE('',#1555,#1556,#1371,.T.);
#999=EDGE_CURVE('',#1556,#1555,#1372,.T.);
#1000=EDGE_CURVE('',#1557,#1558,#1373,.T.);
#1001=EDGE_CURVE('',#1558,#1557,#1374,.T.);
#1002=EDGE_CURVE('',#1556,#1557,#1264,.T.);
#1003=EDGE_CURVE('',#1559,#1560,#1375,.T.);
#1004=EDGE_CURVE('',#1560,#1559,#1376,.T.);
#1005=EDGE_CURVE('',#1561,#1562,#1377,.T.);
#1006=EDGE_CURVE('',#1562,#1561,#1378,.T.);
#1007=EDGE_CURVE('',#1559,#1562,#1265,.T.);
#1008=EDGE_CURVE('',#1564,#1563,#1379,.T.);
#1009=EDGE_CURVE('',#1563,#1564,#1380,.T.);
#1010=EDGE_CURVE('',#1566,#1565,#1381,.T.);
#1011=EDGE_CURVE('',#1565,#1566,#1382,.T.);
#1012=EDGE_CURVE('',#1566,#1563,#1266,.T.);
#1013=EDGE_CURVE('',#1552,#1551,#1267,.T.);
#1014=EDGE_CURVE('',#1551,#1552,#1268,.T.);
#1015=EDGE_CURVE('',#1550,#1549,#1269,.T.);
#1016=EDGE_CURVE('',#1549,#1550,#1270,.T.);
#1017=EDGE_CURVE('',#1570,#1569,#1383,.T.);
#1018=EDGE_CURVE('',#1569,#1570,#1384,.T.);
#1019=EDGE_CURVE('',#1571,#1572,#1385,.T.);
#1020=EDGE_CURVE('',#1572,#1571,#1386,.T.);
#1021=EDGE_CURVE('',#1572,#1570,#1271,.T.);
#1022=EDGE_CURVE('',#1568,#1567,#1387,.T.);
#1023=EDGE_CURVE('',#1567,#1568,#1388,.T.);
#1024=EDGE_CURVE('',#1573,#1574,#1389,.T.);
#1025=EDGE_CURVE('',#1574,#1573,#1390,.T.);
#1026=EDGE_CURVE('',#1573,#1568,#1272,.T.);
#1027=EDGE_CURVE('',#1578,#1577,#1273,.T.);
#1028=EDGE_CURVE('',#1580,#1579,#1274,.T.);
#1029=EDGE_CURVE('',#1584,#1583,#1275,.T.);
#1030=EDGE_CURVE('',#1586,#1585,#1276,.T.);
#1031=EDGE_CURVE('',#1590,#1589,#1277,.T.);
#1032=EDGE_CURVE('',#1592,#1591,#1278,.T.);
#1033=EDGE_CURVE('',#1596,#1595,#1279,.T.);
#1034=EDGE_CURVE('',#1598,#1597,#1280,.T.);
#1035=EDGE_CURVE('',#1589,#1588,#1281,.T.);
#1036=EDGE_CURVE('',#1588,#1599,#1282,.T.);
#1037=EDGE_CURVE('',#1599,#1600,#1283,.T.);
#1038=EDGE_CURVE('',#1600,#1589,#1284,.T.);
#1039=EDGE_CURVE('',#1600,#1601,#1285,.T.);
#1040=EDGE_CURVE('',#1601,#1590,#1286,.T.);
#1041=EDGE_CURVE('',#1591,#1590,#1287,.T.);
#1042=EDGE_CURVE('',#1601,#1602,#1288,.T.);
#1043=EDGE_CURVE('',#1602,#1591,#1289,.T.);
#1044=EDGE_CURVE('',#1602,#1603,#1290,.T.);
#1045=EDGE_CURVE('',#1603,#1592,#1291,.T.);
#1046=EDGE_CURVE('',#1593,#1592,#1292,.T.);
#1047=EDGE_CURVE('',#1603,#1604,#1293,.T.);
#1048=EDGE_CURVE('',#1604,#1593,#1294,.T.);
#1049=EDGE_CURVE('',#1594,#1593,#1391,.T.);
#1050=EDGE_CURVE('',#1604,#1605,#1392,.T.);
#1051=EDGE_CURVE('',#1605,#1594,#1295,.T.);
#1052=EDGE_CURVE('',#1595,#1594,#1296,.T.);
#1053=EDGE_CURVE('',#1605,#1606,#1297,.T.);
#1054=EDGE_CURVE('',#1606,#1595,#1298,.T.);
#1055=EDGE_CURVE('',#1606,#1607,#1299,.T.);
#1056=EDGE_CURVE('',#1607,#1596,#1300,.T.);
#1057=EDGE_CURVE('',#1597,#1596,#1301,.T.);
#1058=EDGE_CURVE('',#1607,#1608,#1302,.T.);
#1059=EDGE_CURVE('',#1608,#1597,#1303,.T.);
#1060=EDGE_CURVE('',#1608,#1609,#1304,.T.);
#1061=EDGE_CURVE('',#1609,#1598,#1305,.T.);
#1062=EDGE_CURVE('',#1576,#1598,#1306,.T.);
#1063=EDGE_CURVE('',#1609,#1610,#1307,.T.);
#1064=EDGE_CURVE('',#1610,#1576,#1308,.T.);
#1065=EDGE_CURVE('',#1575,#1576,#1393,.T.);
#1066=EDGE_CURVE('',#1610,#1611,#1394,.T.);
#1067=EDGE_CURVE('',#1611,#1575,#1309,.T.);
#1068=EDGE_CURVE('',#1588,#1587,#1395,.T.);
#1069=EDGE_CURVE('',#1587,#1612,#1310,.T.);
#1070=EDGE_CURVE('',#1612,#1599,#1396,.T.);
#1071=EDGE_CURVE('',#1587,#1586,#1311,.T.);
#1072=EDGE_CURVE('',#1586,#1613,#1312,.T.);
#1073=EDGE_CURVE('',#1613,#1612,#1313,.T.);
#1074=EDGE_CURVE('',#1585,#1614,#1314,.T.);
#1075=EDGE_CURVE('',#1614,#1613,#1315,.T.);
#1076=EDGE_CURVE('',#1585,#1584,#1316,.T.);
#1077=EDGE_CURVE('',#1584,#1615,#1317,.T.);
#1078=EDGE_CURVE('',#1615,#1614,#1318,.T.);
#1079=EDGE_CURVE('',#1583,#1616,#1319,.T.);
#1080=EDGE_CURVE('',#1616,#1615,#1320,.T.);
#1081=EDGE_CURVE('',#1583,#1582,#1321,.T.);
#1082=EDGE_CURVE('',#1582,#1617,#1322,.T.);
#1083=EDGE_CURVE('',#1617,#1616,#1323,.T.);
#1084=EDGE_CURVE('',#1582,#1581,#1397,.T.);
#1085=EDGE_CURVE('',#1581,#1618,#1324,.T.);
#1086=EDGE_CURVE('',#1618,#1617,#1398,.T.);
#1087=EDGE_CURVE('',#1581,#1580,#1325,.T.);
#1088=EDGE_CURVE('',#1580,#1619,#1326,.T.);
#1089=EDGE_CURVE('',#1619,#1618,#1327,.T.);
#1090=EDGE_CURVE('',#1579,#1620,#1328,.T.);
#1091=EDGE_CURVE('',#1620,#1619,#1329,.T.);
#1092=EDGE_CURVE('',#1579,#1578,#1330,.T.);
#1093=EDGE_CURVE('',#1578,#1621,#1331,.T.);
#1094=EDGE_CURVE('',#1621,#1620,#1332,.T.);
#1095=EDGE_CURVE('',#1577,#1622,#1333,.T.);
#1096=EDGE_CURVE('',#1622,#1621,#1334,.T.);
#1097=EDGE_CURVE('',#1577,#1575,#1335,.T.);
#1098=EDGE_CURVE('',#1611,#1622,#1336,.T.);
#1099=EDGE_CURVE('',#1623,#1624,#1399,.T.);
#1100=EDGE_CURVE('',#1624,#1623,#1400,.T.);
#1101=EDGE_CURVE('',#1625,#1626,#1401,.T.);
#1102=EDGE_CURVE('',#1626,#1625,#1402,.T.);
#1103=EDGE_CURVE('',#1623,#1625,#1337,.T.);
#1104=EDGE_CURVE('',#1627,#1628,#11,.T.);
#1105=EDGE_CURVE('',#1629,#1627,#1338,.T.);
#1106=EDGE_CURVE('',#1630,#1629,#12,.T.);
#1107=EDGE_CURVE('',#1628,#1630,#1339,.T.);
#1108=EDGE_CURVE('',#1631,#1630,#1403,.T.);
#1109=EDGE_CURVE('',#1628,#1632,#1404,.T.);
#1110=EDGE_CURVE('',#1632,#1631,#13,.T.);
#1111=EDGE_CURVE('',#1632,#1633,#14,.T.);
#1112=EDGE_CURVE('',#1634,#1631,#15,.T.);
#1113=EDGE_CURVE('',#1633,#1634,#1340,.T.);
#1114=EDGE_CURVE('',#1635,#1634,#1405,.T.);
#1115=EDGE_CURVE('',#1633,#1636,#1406,.T.);
#1116=EDGE_CURVE('',#1636,#1635,#16,.T.);
#1117=EDGE_CURVE('',#1636,#1637,#17,.T.);
#1118=EDGE_CURVE('',#1638,#1635,#18,.T.);
#1119=EDGE_CURVE('',#1637,#1638,#1341,.T.);
#1120=EDGE_CURVE('',#1639,#1638,#1407,.T.);
#1121=EDGE_CURVE('',#1637,#1640,#1408,.T.);
#1122=EDGE_CURVE('',#1640,#1639,#19,.T.);
#1123=EDGE_CURVE('',#1641,#1639,#1342,.T.);
#1124=EDGE_CURVE('',#1640,#1642,#1343,.T.);
#1125=EDGE_CURVE('',#1642,#1641,#1344,.T.);
#1126=EDGE_CURVE('',#1643,#1644,#20,.T.);
#1127=EDGE_CURVE('',#1645,#1644,#21,.T.);
#1128=EDGE_CURVE('',#1643,#1646,#22,.T.);
#1129=EDGE_CURVE('',#1646,#1645,#23,.T.);
#1130=EDGE_CURVE('',#1647,#1645,#1409,.T.);
#1131=EDGE_CURVE('',#1646,#1648,#1410,.T.);
#1132=EDGE_CURVE('',#1648,#1647,#24,.T.);
#1133=EDGE_CURVE('',#1648,#1649,#25,.T.);
#1134=EDGE_CURVE('',#1650,#1647,#26,.T.);
#1135=EDGE_CURVE('',#1649,#1650,#1345,.T.);
#1136=EDGE_CURVE('',#1651,#1650,#1411,.T.);
#1137=EDGE_CURVE('',#1649,#1652,#1412,.T.);
#1138=EDGE_CURVE('',#1652,#1651,#27,.T.);
#1139=EDGE_CURVE('',#1652,#1653,#28,.T.);
#1140=EDGE_CURVE('',#1654,#1651,#29,.T.);
#1141=EDGE_CURVE('',#1653,#1654,#1346,.T.);
#1142=EDGE_CURVE('',#1655,#1654,#1413,.T.);
#1143=EDGE_CURVE('',#1653,#1656,#1414,.T.);
#1144=EDGE_CURVE('',#1656,#1655,#30,.T.);
#1145=EDGE_CURVE('',#1656,#1657,#31,.T.);
#1146=EDGE_CURVE('',#1658,#1655,#32,.T.);
#1147=EDGE_CURVE('',#1657,#1658,#1347,.T.);
#1148=EDGE_CURVE('',#1659,#1658,#1415,.T.);
#1149=EDGE_CURVE('',#1657,#1660,#1416,.T.);
#1150=EDGE_CURVE('',#1660,#1659,#33,.T.);
#1151=EDGE_CURVE('',#1661,#1659,#1348,.T.);
#1152=EDGE_CURVE('',#1660,#1662,#1349,.T.);
#1153=EDGE_CURVE('',#1662,#1661,#1350,.T.);
#1154=EDGE_CURVE('',#1663,#1664,#34,.T.);
#1155=EDGE_CURVE('',#1665,#1664,#1351,.T.);
#1156=EDGE_CURVE('',#1663,#1666,#1352,.T.);
#1157=EDGE_CURVE('',#1666,#1665,#1353,.T.);
#1158=EDGE_CURVE('',#1667,#1665,#1417,.T.);
#1159=EDGE_CURVE('',#1666,#1668,#1418,.T.);
#1160=EDGE_CURVE('',#1668,#1667,#35,.T.);
#1161=EDGE_CURVE('',#1668,#1669,#36,.T.);
#1162=EDGE_CURVE('',#1670,#1667,#37,.T.);
#1163=EDGE_CURVE('',#1669,#1670,#1354,.T.);
#1164=EDGE_CURVE('',#1671,#1670,#1419,.T.);
#1165=EDGE_CURVE('',#1669,#1672,#1420,.T.);
#1166=EDGE_CURVE('',#1672,#1671,#38,.T.);
#1167=EDGE_CURVE('',#1672,#1673,#39,.T.);
#1168=EDGE_CURVE('',#1674,#1671,#40,.T.);
#1169=EDGE_CURVE('',#1673,#1674,#1355,.T.);
#1170=EDGE_CURVE('',#1675,#1674,#1421,.T.);
#1171=EDGE_CURVE('',#1673,#1676,#1422,.T.);
#1172=EDGE_CURVE('',#1676,#1675,#41,.T.);
#1173=EDGE_CURVE('',#1676,#1677,#42,.T.);
#1174=EDGE_CURVE('',#1678,#1675,#43,.T.);
#1175=EDGE_CURVE('',#1677,#1678,#1356,.T.);
#1176=EDGE_CURVE('',#1679,#1678,#1423,.T.);
#1177=EDGE_CURVE('',#1677,#1680,#1424,.T.);
#1178=EDGE_CURVE('',#1680,#1679,#44,.T.);
#1179=EDGE_CURVE('',#1681,#1679,#1357,.T.);
#1180=EDGE_CURVE('',#1680,#1682,#1358,.T.);
#1181=EDGE_CURVE('',#1682,#1681,#1359,.T.);
#1182=EDGE_CURVE('',#1682,#1683,#1425,.T.);
#1183=EDGE_CURVE('',#1683,#1684,#45,.T.);
#1184=EDGE_CURVE('',#1685,#1684,#1360,.T.);
#1185=EDGE_CURVE('',#1683,#1686,#1361,.T.);
#1186=EDGE_CURVE('',#1686,#1685,#1362,.T.);
#1187=EDGE_CURVE('',#1629,#1685,#1426,.T.);
#1188=EDGE_CURVE('',#1686,#1627,#1427,.T.);
#1189=EDGE_CURVE('',#1684,#1681,#1428,.T.);
#1190=EDGE_CURVE('',#1664,#1661,#1429,.T.);
#1191=EDGE_CURVE('',#1644,#1641,#46,.T.);
#1192=EDGE_CURVE('',#1642,#1643,#47,.T.);
#1193=EDGE_CURVE('',#1662,#1663,#1430,.T.);
#1194=B_SPLINE_CURVE_WITH_KNOTS('',1,(#2359,#2360),.UNSPECIFIED.,.F.,.F.,
(2,2),(-23.3363123549501,-8.48706995003147),.UNSPECIFIED.);
#1195=B_SPLINE_CURVE_WITH_KNOTS('',1,(#2361,#2362),.UNSPECIFIED.,.F.,.F.,
(2,2),(15.9116882454305,30.7609306503487),.UNSPECIFIED.);
#1196=B_SPLINE_CURVE_WITH_KNOTS('',1,(#2363,#2364),.UNSPECIFIED.,.F.,.F.,
(2,2),(-23.3363094478914,-8.4870670429728),.UNSPECIFIED.);
#1197=B_SPLINE_CURVE_WITH_KNOTS('',1,(#2365,#2366),.UNSPECIFIED.,.F.,.F.,
(2,2),(15.9116911524908,30.760933557409),.UNSPECIFIED.);
#1198=B_SPLINE_CURVE_WITH_KNOTS('',1,(#2367,#2368),.UNSPECIFIED.,.F.,.F.,
(2,2),(-23.3363065408313,-8.48706413591265),.UNSPECIFIED.);
#1199=B_SPLINE_CURVE_WITH_KNOTS('',1,(#2369,#2370),.UNSPECIFIED.,.F.,.F.,
(2,2),(15.9116882454319,30.7609306503501),.UNSPECIFIED.);
#1200=B_SPLINE_CURVE_WITH_KNOTS('',1,(#2371,#2372),.UNSPECIFIED.,.F.,.F.,
(2,2),(-23.33630944789,-8.48706704297131),.UNSPECIFIED.);
#1201=B_SPLINE_CURVE_WITH_KNOTS('',1,(#2373,#2374),.UNSPECIFIED.,.F.,.F.,
(2,2),(15.9116853383717,30.7609277432899),.UNSPECIFIED.);
#1202=B_SPLINE_CURVE_WITH_KNOTS('',1,(#2375,#2376),.UNSPECIFIED.,.F.,.F.,
(2,2),(25.2846710464284,37.2751864640584),.UNSPECIFIED.);
#1203=B_SPLINE_CURVE_WITH_KNOTS('',1,(#2377,#2378),.UNSPECIFIED.,.F.,.F.,
(2,2),(-2000.,0.),.UNSPECIFIED.);
#1204=B_SPLINE_CURVE_WITH_KNOTS('',1,(#2379,#2380),.UNSPECIFIED.,.F.,.F.,
(2,2),(0.,11.9905154176301),.UNSPECIFIED.);
#1205=B_SPLINE_CURVE_WITH_KNOTS('',1,(#2381,#2382),.UNSPECIFIED.,.F.,.F.,
(2,2),(0.,2000.),.UNSPECIFIED.);
#1206=B_SPLINE_CURVE_WITH_KNOTS('',1,(#2383,#2384),.UNSPECIFIED.,.F.,.F.,
(2,2),(-2000.,0.),.UNSPECIFIED.);
#1207=B_SPLINE_CURVE_WITH_KNOTS('',1,(#2385,#2386),.UNSPECIFIED.,.F.,.F.,
(2,2),(0.,14.8492424049182),.UNSPECIFIED.);
#1208=B_SPLINE_CURVE_WITH_KNOTS('',1,(#2387,#2388),.UNSPECIFIED.,.F.,.F.,
(2,2),(-8.2474726274578,24.7424261047743),.UNSPECIFIED.);
#1209=B_SPLINE_CURVE_WITH_KNOTS('',1,(#2389,#2390),.UNSPECIFIED.,.F.,.F.,
(2,2),(-2000.,0.),.UNSPECIFIED.);
#1210=B_SPLINE_CURVE_WITH_KNOTS('',1,(#2391,#2392),.UNSPECIFIED.,.F.,.F.,
(2,2),(0.,32.9898987322321),.UNSPECIFIED.);
#1211=B_SPLINE_CURVE_WITH_KNOTS('',1,(#2393,#2394),.UNSPECIFIED.,.F.,.F.,
(2,2),(-2000.,0.),.UNSPECIFIED.);
#1212=B_SPLINE_CURVE_WITH_KNOTS('',1,(#2395,#2396),.UNSPECIFIED.,.F.,.F.,
(2,2),(0.,14.8492424049186),.UNSPECIFIED.);
#1213=B_SPLINE_CURVE_WITH_KNOTS('',1,(#2397,#2398),.UNSPECIFIED.,.F.,.F.,
(2,2),(-31.4335930263953,-19.5154572179044),.UNSPECIFIED.);
#1214=B_SPLINE_CURVE_WITH_KNOTS('',1,(#2399,#2400),.UNSPECIFIED.,.F.,.F.,
(2,2),(-2000.,0.),.UNSPECIFIED.);
#1215=B_SPLINE_CURVE_WITH_KNOTS('',1,(#2401,#2402),.UNSPECIFIED.,.F.,.F.,
(2,2),(0.,11.9181358084909),.UNSPECIFIED.);
#1216=B_SPLINE_CURVE_WITH_KNOTS('',1,(#2406,#2407),.UNSPECIFIED.,.F.,.F.,
(2,2),(-2000.,0.),.UNSPECIFIED.);
#1217=B_SPLINE_CURVE_WITH_KNOTS('',1,(#2411,#2412),.UNSPECIFIED.,.F.,.F.,
(2,2),(25.2846699823527,37.2751853999881),.UNSPECIFIED.);
#1218=B_SPLINE_CURVE_WITH_KNOTS('',1,(#2413,#2414),.UNSPECIFIED.,.F.,.F.,
(2,2),(-2000.,0.),.UNSPECIFIED.);
#1219=B_SPLINE_CURVE_WITH_KNOTS('',1,(#2415,#2416),.UNSPECIFIED.,.F.,.F.,
(2,2),(0.,11.9905154176354),.UNSPECIFIED.);
#1220=B_SPLINE_CURVE_WITH_KNOTS('',1,(#2417,#2418),.UNSPECIFIED.,.F.,.F.,
(2,2),(-2000.,0.),.UNSPECIFIED.);
#1221=B_SPLINE_CURVE_WITH_KNOTS('',1,(#2419,#2420),.UNSPECIFIED.,.F.,.F.,
(2,2),(0.,14.8492424049182),.UNSPECIFIED.);
#1222=B_SPLINE_CURVE_WITH_KNOTS('',1,(#2421,#2422),.UNSPECIFIED.,.F.,.F.,
(2,2),(-8.24747673866053,24.7424219935718),.UNSPECIFIED.);
#1223=B_SPLINE_CURVE_WITH_KNOTS('',1,(#2423,#2424),.UNSPECIFIED.,.F.,.F.,
(2,2),(-2000.,0.),.UNSPECIFIED.);
#1224=B_SPLINE_CURVE_WITH_KNOTS('',1,(#2425,#2426),.UNSPECIFIED.,.F.,.F.,
(2,2),(0.,32.9898987322323),.UNSPECIFIED.);
#1225=B_SPLINE_CURVE_WITH_KNOTS('',1,(#2427,#2428),.UNSPECIFIED.,.F.,.F.,
(2,2),(-2000.,0.),.UNSPECIFIED.);
#1226=B_SPLINE_CURVE_WITH_KNOTS('',1,(#2429,#2430),.UNSPECIFIED.,.F.,.F.,
(2,2),(0.,14.8492424049186),.UNSPECIFIED.);
#1227=B_SPLINE_CURVE_WITH_KNOTS('',1,(#2431,#2432),.UNSPECIFIED.,.F.,.F.,
(2,2),(-31.4335940629855,-19.515458254489),.UNSPECIFIED.);
#1228=B_SPLINE_CURVE_WITH_KNOTS('',1,(#2433,#2434),.UNSPECIFIED.,.F.,.F.,
(2,2),(-2000.,0.),.UNSPECIFIED.);
#1229=B_SPLINE_CURVE_WITH_KNOTS('',1,(#2435,#2436),.UNSPECIFIED.,.F.,.F.,
(2,2),(0.,11.9181358084965),.UNSPECIFIED.);
#1230=B_SPLINE_CURVE_WITH_KNOTS('',1,(#2440,#2441),.UNSPECIFIED.,.F.,.F.,
(2,2),(25.2846660112359,37.2751814288713),.UNSPECIFIED.);
#1231=B_SPLINE_CURVE_WITH_KNOTS('',1,(#2442,#2443),.UNSPECIFIED.,.F.,.F.,
(2,2),(-2000.,0.),.UNSPECIFIED.);
#1232=B_SPLINE_CURVE_WITH_KNOTS('',1,(#2444,#2445),.UNSPECIFIED.,.F.,.F.,
(2,2),(0.,11.9905154176354),.UNSPECIFIED.);
#1233=B_SPLINE_CURVE_WITH_KNOTS('',1,(#2446,#2447),.UNSPECIFIED.,.F.,.F.,
(2,2),(-2000.,0.),.UNSPECIFIED.);
#1234=B_SPLINE_CURVE_WITH_KNOTS('',1,(#2448,#2449),.UNSPECIFIED.,.F.,.F.,
(2,2),(-2000.,0.),.UNSPECIFIED.);
#1235=B_SPLINE_CURVE_WITH_KNOTS('',1,(#2450,#2451),.UNSPECIFIED.,.F.,.F.,
(2,2),(0.,14.8492424049182),.UNSPECIFIED.);
#1236=B_SPLINE_CURVE_WITH_KNOTS('',1,(#2452,#2453),.UNSPECIFIED.,.F.,.F.,
(2,2),(-8.24747673865972,24.7424219935724),.UNSPECIFIED.);
#1237=B_SPLINE_CURVE_WITH_KNOTS('',1,(#2454,#2455),.UNSPECIFIED.,.F.,.F.,
(2,2),(-2000.,0.),.UNSPECIFIED.);
#1238=B_SPLINE_CURVE_WITH_KNOTS('',1,(#2456,#2457),.UNSPECIFIED.,.F.,.F.,
(2,2),(0.,32.9898987322321),.UNSPECIFIED.);
#1239=B_SPLINE_CURVE_WITH_KNOTS('',1,(#2458,#2459),.UNSPECIFIED.,.F.,.F.,
(2,2),(-2000.,0.),.UNSPECIFIED.);
#1240=B_SPLINE_CURVE_WITH_KNOTS('',1,(#2460,#2461),.UNSPECIFIED.,.F.,.F.,
(2,2),(0.,14.8492424049186),.UNSPECIFIED.);
#1241=B_SPLINE_CURVE_WITH_KNOTS('',1,(#2462,#2463),.UNSPECIFIED.,.F.,.F.,
(2,2),(-31.4335900846252,-19.5154542761357),.UNSPECIFIED.);
#1242=B_SPLINE_CURVE_WITH_KNOTS('',1,(#2464,#2465),.UNSPECIFIED.,.F.,.F.,
(2,2),(-2000.,0.),.UNSPECIFIED.);
#1243=B_SPLINE_CURVE_WITH_KNOTS('',1,(#2466,#2467),.UNSPECIFIED.,.F.,.F.,
(2,2),(0.,11.9181358084895),.UNSPECIFIED.);
#1244=B_SPLINE_CURVE_WITH_KNOTS('',1,(#2471,#2472),.UNSPECIFIED.,.F.,.F.,
(2,2),(-2000.,0.),.UNSPECIFIED.);
#1245=B_SPLINE_CURVE_WITH_KNOTS('',1,(#2476,#2477),.UNSPECIFIED.,.F.,.F.,
(2,2),(25.2846670752945,37.2751824929299),.UNSPECIFIED.);
#1246=B_SPLINE_CURVE_WITH_KNOTS('',1,(#2478,#2479),.UNSPECIFIED.,.F.,.F.,
(2,2),(-2000.,0.),.UNSPECIFIED.);
#1247=B_SPLINE_CURVE_WITH_KNOTS('',1,(#2480,#2481),.UNSPECIFIED.,.F.,.F.,
(2,2),(0.,11.9905154176354),.UNSPECIFIED.);
#1248=B_SPLINE_CURVE_WITH_KNOTS('',1,(#2482,#2483),.UNSPECIFIED.,.F.,.F.,
(2,2),(-2000.,0.),.UNSPECIFIED.);
#1249=B_SPLINE_CURVE_WITH_KNOTS('',1,(#2484,#2485),.UNSPECIFIED.,.F.,.F.,
(2,2),(0.,14.8492424049182),.UNSPECIFIED.);
#1250=B_SPLINE_CURVE_WITH_KNOTS('',1,(#2486,#2487),.UNSPECIFIED.,.F.,.F.,
(2,2),(-8.24747262745672,24.7424261047756),.UNSPECIFIED.);
#1251=B_SPLINE_CURVE_WITH_KNOTS('',1,(#2488,#2489),.UNSPECIFIED.,.F.,.F.,
(2,2),(-2000.,0.),.UNSPECIFIED.);
#1252=B_SPLINE_CURVE_WITH_KNOTS('',1,(#2490,#2491),.UNSPECIFIED.,.F.,.F.,
(2,2),(0.,32.9898987322323),.UNSPECIFIED.);
#1253=B_SPLINE_CURVE_WITH_KNOTS('',1,(#2492,#2493),.UNSPECIFIED.,.F.,.F.,
(2,2),(-2000.,0.),.UNSPECIFIED.);
#1254=B_SPLINE_CURVE_WITH_KNOTS('',1,(#2494,#2495),.UNSPECIFIED.,.F.,.F.,
(2,2),(0.,14.8492424049186),.UNSPECIFIED.);
#1255=B_SPLINE_CURVE_WITH_KNOTS('',1,(#2496,#2497),.UNSPECIFIED.,.F.,.F.,
(2,2),(-31.4335890480115,-19.515453239515),.UNSPECIFIED.);
#1256=B_SPLINE_CURVE_WITH_KNOTS('',1,(#2498,#2499),.UNSPECIFIED.,.F.,.F.,
(2,2),(-2000.,0.),.UNSPECIFIED.);
#1257=B_SPLINE_CURVE_WITH_KNOTS('',1,(#2500,#2501),.UNSPECIFIED.,.F.,.F.,
(2,2),(0.,11.9181358084965),.UNSPECIFIED.);
#1258=B_SPLINE_CURVE_WITH_KNOTS('',3,(#2549,#2550,#2551,#2552,#2553,#2554,
#2555,#2556,#2557,#2558,#2559,#2560,#2561,#2562,#2563,#2564,#2565,#2566,
#2567,#2568,#2569,#2570,#2571,#2572,#2573,#2574,#2575,#2576,#2577,#2578,
#2579,#2580,#2581,#2582,#2583,#2584,#2585,#2586,#2587,#2588,#2589,#2590,
#2591,#2592,#2593,#2594,#2595,#2596,#2597,#2598,#2599,#2600,#2601,#2602,
#2603,#2604,#2605,#2606),.UNSPECIFIED.,.F.,.F.,(4,2,2,2,2,2,2,2,2,2,2,2,
2,2,2,2,2,2,2,2,2,2,2,2,2,2,2,2,4),(39.7490511301794,40.9918203457671,41.6132049535609,
42.2345895613547,43.4773587769423,44.72012799253,47.203227837326,49.686327682122,
52.1695639089071,54.6528001356922,55.8954933233818,57.1381865110714,57.7595331049162,
58.380879698761,59.6235728864506,60.8662600357682,61.487603610427,62.1089471850857,
63.3516343344033,64.5943214837209,67.0775715604938,69.5608216372667,72.0438987621125,
74.5269758869584,75.7697574803082,77.012539073658,77.633929870333,78.2553206670079,
79.4981022603577),.UNSPECIFIED.);
#1259=B_SPLINE_CURVE_WITH_KNOTS('',3,(#2607,#2608,#2609,#2610,#2611,#2612,
#2613,#2614,#2615,#2616,#2617,#2618,#2619,#2620,#2621,#2622,#2623,#2624,
#2625,#2626,#2627,#2628,#2629,#2630,#2631,#2632,#2633,#2634,#2635,#2636,
#2637,#2638,#2639,#2640,#2641,#2642,#2643,#2644,#2645,#2646,#2647,#2648,
#2649,#2650,#2651,#2652,#2653,#2654,#2655,#2656,#2657,#2658,#2659,#2660,
#2661,#2662,#2663,#2664),.UNSPECIFIED.,.F.,.F.,(4,2,2,2,2,2,2,2,2,2,2,2,
2,2,2,2,2,2,2,2,2,2,2,2,2,2,2,2,4),(0.,1.24276917831885,1.86415376747828,
2.4855383566377,3.72830753495656,4.97107671327541,7.45417648286574,9.93727625245608,
12.4205124030617,14.9037485536673,16.1464437587279,17.3891389637885,18.0104865663188,
18.6318341688491,19.8745293739097,21.117214505946,21.7385570719641,22.3598996379823,
23.6025847700185,24.8452699020548,27.3285200548695,29.8117702076842,32.2948474077629,
34.7779246078416,36.0207062384261,37.2634878690105,37.8848786843027,38.506269499595,
39.7490511301794),.UNSPECIFIED.);
#1260=B_SPLINE_CURVE_WITH_KNOTS('',1,(#2665,#2666),.UNSPECIFIED.,.F.,.F.,
(2,2),(2.95664460391704,8.04840699278733),.UNSPECIFIED.);
#1261=B_SPLINE_CURVE_WITH_KNOTS('',3,(#2667,#2668,#2669,#2670,#2671,#2672,
#2673,#2674,#2675,#2676,#2677,#2678,#2679,#2680,#2681,#2682,#2683,#2684,
#2685,#2686,#2687,#2688,#2689,#2690,#2691,#2692,#2693,#2694,#2695,#2696,
#2697,#2698,#2699,#2700,#2701,#2702,#2703,#2704,#2705,#2706,#2707,#2708,
#2709,#2710,#2711,#2712,#2713,#2714,#2715,#2716,#2717,#2718,#2719,#2720,
#2721,#2722,#2723,#2724),.UNSPECIFIED.,.F.,.F.,(4,2,2,2,2,2,2,2,2,2,2,2,
2,2,2,2,2,2,2,2,2,2,2,2,2,2,2,2,4),(39.7490511301783,40.991820345766,41.6132049535598,
42.2345895613536,43.4773587769412,44.7201279925289,47.2032278373248,49.6863276821208,
52.1695639089058,54.6528001356909,55.8954933233805,57.1381865110702,57.759533104915,
58.3808796987598,59.6235728864495,60.8662600357671,61.4876036104259,62.1089471850847,
63.3516343344022,64.5943214837199,67.0775715604929,69.5608216372659,72.0438987621119,
74.5269758869579,75.7697574803079,77.0125390736578,77.6339298703328,78.2553206670078,
79.4981022603577),.UNSPECIFIED.);
#1262=B_SPLINE_CURVE_WITH_KNOTS('',3,(#2725,#2726,#2727,#2728,#2729,#2730,
#2731,#2732,#2733,#2734,#2735,#2736,#2737,#2738,#2739,#2740,#2741,#2742,
#2743,#2744,#2745,#2746,#2747,#2748,#2749,#2750,#2751,#2752,#2753,#2754,
#2755,#2756,#2757,#2758,#2759,#2760,#2761,#2762,#2763,#2764,#2765,#2766,
#2767,#2768,#2769,#2770,#2771,#2772,#2773,#2774,#2775,#2776,#2777,#2778,
#2779,#2780,#2781,#2782),.UNSPECIFIED.,.F.,.F.,(4,2,2,2,2,2,2,2,2,2,2,2,
2,2,2,2,2,2,2,2,2,2,2,2,2,2,2,2,4),(0.,1.24276917831873,1.8641537674781,
2.48553835663747,3.7283075349562,4.97107671327494,7.45417648286506,9.93727625245518,
12.4205124030605,14.9037485536659,16.1464437587264,17.389138963787,18.0104865663172,
18.6318341688475,19.874529373908,21.1172145059443,21.7385570719624,22.3598996379806,
23.6025847700168,24.8452699020531,27.3285200548679,29.8117702076827,32.2948474077615,
34.7779246078403,36.0207062384248,37.2634878690093,37.8848786843016,38.5062694995938,
39.7490511301783),.UNSPECIFIED.);
#1263=B_SPLINE_CURVE_WITH_KNOTS('',1,(#2783,#2784),.UNSPECIFIED.,.F.,.F.,
(2,2),(0.0100021498129037,5.1017645386832),.UNSPECIFIED.);
#1264=B_SPLINE_CURVE_WITH_KNOTS('',1,(#2797,#2798),.UNSPECIFIED.,.F.,.F.,
(2,2),(0.010005299265714,91.0099999667266),.UNSPECIFIED.);
#1265=B_SPLINE_CURVE_WITH_KNOTS('',1,(#2811,#2812),.UNSPECIFIED.,.F.,.F.,
(2,2),(0.0100059085770461,91.0100005760379),.UNSPECIFIED.);
#1266=B_SPLINE_CURVE_WITH_KNOTS('',1,(#2825,#2826),.UNSPECIFIED.,.F.,.F.,
(2,2),(0.0100106650813436,10.0100159976216),.UNSPECIFIED.);
#1267=B_SPLINE_CURVE_WITH_KNOTS('',3,(#2827,#2828,#2829,#2830,#2831,#2832,
#2833,#2834,#2835,#2836,#2837,#2838,#2839,#2840,#2841,#2842,#2843,#2844,
#2845,#2846,#2847,#2848,#2849,#2850,#2851,#2852,#2853,#2854,#2855,#2856),
 .UNSPECIFIED.,.F.,.F.,(4,2,2,2,2,2,2,2,2,2,2,2,2,2,4),(0.,2.50549905415418,
5.01099810830836,9.99201926328728,12.4897215431211,14.987423822955,17.4942419235627,
20.0010600241704,22.5078785783481,25.0146971325259,27.5123989520826,30.0101007716394,
34.9911230896168,37.4966215748452,40.0021194627163),.UNSPECIFIED.);
#1268=B_SPLINE_CURVE_WITH_KNOTS('',3,(#2857,#2858,#2859,#2860,#2861,#2862,
#2863,#2864,#2865,#2866,#2867,#2868,#2869,#2870,#2871,#2872,#2873,#2874,
#2875,#2876,#2877,#2878,#2879,#2880,#2881,#2882,#2883,#2884,#2885,#2886),
 .UNSPECIFIED.,.F.,.F.,(4,2,2,2,2,2,2,2,2,2,2,2,2,2,4),(40.0021194627163,
42.5076179560633,45.0131170467679,49.9941383030057,52.4918406137088,54.989542924412,
57.496361062165,60.003179199918,62.5099977918307,65.0168163837435,67.5145182470281,
70.0122201103128,74.9932424757604,77.4987409992752,80.0042389254326),
 .UNSPECIFIED.);
#1269=B_SPLINE_CURVE_WITH_KNOTS('',3,(#2887,#2888,#2889,#2890,#2891,#2892,
#2893,#2894,#2895,#2896,#2897,#2898,#2899,#2900,#2901,#2902,#2903,#2904,
#2905,#2906,#2907,#2908,#2909,#2910,#2911,#2912,#2913,#2914,#2915,#2916),
 .UNSPECIFIED.,.F.,.F.,(4,2,2,2,2,2,2,2,2,2,2,2,2,2,4),(0.,2.50549901673913,
5.01099803347826,9.99201911405285,12.4897213565939,14.9874235991349,17.4942416623228,
20.0010597255106,22.5078782422567,25.0146967590028,27.5123985412503,30.0101003234979,
34.9911225670979,37.4966210149071,40.0021194627163),.UNSPECIFIED.);
#1270=B_SPLINE_CURVE_WITH_KNOTS('',3,(#2917,#2918,#2919,#2920,#2921,#2922,
#2923,#2924,#2925,#2926,#2927,#2928,#2929,#2930,#2931,#2932,#2933,#2934,
#2935,#2936,#2937,#2938,#2939,#2940,#2941,#2942,#2943,#2944,#2945,#2946),
 .UNSPECIFIED.,.F.,.F.,(4,2,2,2,2,2,2,2,2,2,2,2,2,2,4),(40.0021194627163,
42.5076184785938,45.0131174944713,49.9941386019446,52.4918408380567,54.9895430741688,
57.4963611370537,60.0031791999386,62.5099977169688,65.016816233999,67.5145180226763,
70.0122198113536,74.9932420280622,77.4987404767474,80.0042389254326),
 .UNSPECIFIED.);
#1271=B_SPLINE_CURVE_WITH_KNOTS('',1,(#2959,#2960),.UNSPECIFIED.,.F.,.F.,
(2,2),(0.0100031263924443,200.010003126393),.UNSPECIFIED.);
#1272=B_SPLINE_CURVE_WITH_KNOTS('',1,(#2973,#2974),.UNSPECIFIED.,.F.,.F.,
(2,2),(0.0100036748822987,200.010003674883),.UNSPECIFIED.);
#1273=B_SPLINE_CURVE_WITH_KNOTS('',1,(#3055,#3056),.UNSPECIFIED.,.F.,.F.,
(2,2),(-23.3363123549501,-8.48706995003147),.UNSPECIFIED.);
#1274=B_SPLINE_CURVE_WITH_KNOTS('',1,(#3057,#3058),.UNSPECIFIED.,.F.,.F.,
(2,2),(15.9116882454305,30.7609306503487),.UNSPECIFIED.);
#1275=B_SPLINE_CURVE_WITH_KNOTS('',1,(#3059,#3060),.UNSPECIFIED.,.F.,.F.,
(2,2),(-23.3363094478914,-8.4870670429728),.UNSPECIFIED.);
#1276=B_SPLINE_CURVE_WITH_KNOTS('',1,(#3061,#3062),.UNSPECIFIED.,.F.,.F.,
(2,2),(15.9116911524908,30.760933557409),.UNSPECIFIED.);
#1277=B_SPLINE_CURVE_WITH_KNOTS('',1,(#3063,#3064),.UNSPECIFIED.,.F.,.F.,
(2,2),(-23.3363065408313,-8.48706413591265),.UNSPECIFIED.);
#1278=B_SPLINE_CURVE_WITH_KNOTS('',1,(#3065,#3066),.UNSPECIFIED.,.F.,.F.,
(2,2),(15.9116882454319,30.7609306503501),.UNSPECIFIED.);
#1279=B_SPLINE_CURVE_WITH_KNOTS('',1,(#3067,#3068),.UNSPECIFIED.,.F.,.F.,
(2,2),(-23.33630944789,-8.48706704297131),.UNSPECIFIED.);
#1280=B_SPLINE_CURVE_WITH_KNOTS('',1,(#3069,#3070),.UNSPECIFIED.,.F.,.F.,
(2,2),(15.9116853383717,30.7609277432899),.UNSPECIFIED.);
#1281=B_SPLINE_CURVE_WITH_KNOTS('',1,(#3071,#3072),.UNSPECIFIED.,.F.,.F.,
(2,2),(-31.4335890480115,-19.515453239515),.UNSPECIFIED.);
#1282=B_SPLINE_CURVE_WITH_KNOTS('',1,(#3073,#3074),.UNSPECIFIED.,.F.,.F.,
(2,2),(2000.,5001.99999999999),.UNSPECIFIED.);
#1283=B_SPLINE_CURVE_WITH_KNOTS('',1,(#3075,#3076),.UNSPECIFIED.,.F.,.F.,
(2,2),(19.5153023596513,31.4334381681478),.UNSPECIFIED.);
#1284=B_SPLINE_CURVE_WITH_KNOTS('',1,(#3077,#3078),.UNSPECIFIED.,.F.,.F.,
(2,2),(-5001.99999999999,-2000.),.UNSPECIFIED.);
#1285=B_SPLINE_CURVE_WITH_KNOTS('',1,(#3079,#3080),.UNSPECIFIED.,.F.,.F.,
(2,2),(8.48688921310645,23.3361316180251),.UNSPECIFIED.);
#1286=B_SPLINE_CURVE_WITH_KNOTS('',1,(#3081,#3082),.UNSPECIFIED.,.F.,.F.,
(2,2),(-5001.99999999999,-2000.),.UNSPECIFIED.);
#1287=B_SPLINE_CURVE_WITH_KNOTS('',1,(#3083,#3084),.UNSPECIFIED.,.F.,.F.,
(2,2),(-8.24747262745672,24.7424261047756),.UNSPECIFIED.);
#1288=B_SPLINE_CURVE_WITH_KNOTS('',1,(#3085,#3086),.UNSPECIFIED.,.F.,.F.,
(2,2),(-24.7425497938782,8.24734893835409),.UNSPECIFIED.);
#1289=B_SPLINE_CURVE_WITH_KNOTS('',1,(#3087,#3088),.UNSPECIFIED.,.F.,.F.,
(2,2),(-5001.99999999999,-2000.),.UNSPECIFIED.);
#1290=B_SPLINE_CURVE_WITH_KNOTS('',1,(#3089,#3090),.UNSPECIFIED.,.F.,.F.,
(2,2),(-30.7609306503503,-15.9116882454321),.UNSPECIFIED.);
#1291=B_SPLINE_CURVE_WITH_KNOTS('',1,(#3091,#3092),.UNSPECIFIED.,.F.,.F.,
(2,2),(-5001.99999999999,-2000.),.UNSPECIFIED.);
#1292=B_SPLINE_CURVE_WITH_KNOTS('',1,(#3093,#3094),.UNSPECIFIED.,.F.,.F.,
(2,2),(25.2846670752945,37.2751824929299),.UNSPECIFIED.);
#1293=B_SPLINE_CURVE_WITH_KNOTS('',1,(#3095,#3096),.UNSPECIFIED.,.F.,.F.,
(2,2),(-37.2750950315269,-25.2845796138916),.UNSPECIFIED.);
#1294=B_SPLINE_CURVE_WITH_KNOTS('',1,(#3097,#3098),.UNSPECIFIED.,.F.,.F.,
(2,2),(-5001.99999999999,-2000.),.UNSPECIFIED.);
#1295=B_SPLINE_CURVE_WITH_KNOTS('',1,(#3105,#3106),.UNSPECIFIED.,.F.,.F.,
(2,2),(-5001.99999999999,-2000.),.UNSPECIFIED.);
#1296=B_SPLINE_CURVE_WITH_KNOTS('',1,(#3107,#3108),.UNSPECIFIED.,.F.,.F.,
(2,2),(-31.4335900846252,-19.5154542761357),.UNSPECIFIED.);
#1297=B_SPLINE_CURVE_WITH_KNOTS('',1,(#3109,#3110),.UNSPECIFIED.,.F.,.F.,
(2,2),(19.5153657704587,31.4335015789482),.UNSPECIFIED.);
#1298=B_SPLINE_CURVE_WITH_KNOTS('',1,(#3111,#3112),.UNSPECIFIED.,.F.,.F.,
(2,2),(-5001.99999999999,-2000.),.UNSPECIFIED.);
#1299=B_SPLINE_CURVE_WITH_KNOTS('',1,(#3113,#3114),.UNSPECIFIED.,.F.,.F.,
(2,2),(8.48706704297114,23.3363094478898),.UNSPECIFIED.);
#1300=B_SPLINE_CURVE_WITH_KNOTS('',1,(#3115,#3116),.UNSPECIFIED.,.F.,.F.,
(2,2),(-5001.99999999999,-2000.),.UNSPECIFIED.);
#1301=B_SPLINE_CURVE_WITH_KNOTS('',1,(#3117,#3118),.UNSPECIFIED.,.F.,.F.,
(2,2),(-8.24747673865972,24.7424219935724),.UNSPECIFIED.);
#1302=B_SPLINE_CURVE_WITH_KNOTS('',1,(#3119,#3120),.UNSPECIFIED.,.F.,.F.,
(2,2),(-24.7422983044701,8.24760042776205),.UNSPECIFIED.);
#1303=B_SPLINE_CURVE_WITH_KNOTS('',1,(#3121,#3122),.UNSPECIFIED.,.F.,.F.,
(2,2),(-5001.99999999999,-2000.),.UNSPECIFIED.);
#1304=B_SPLINE_CURVE_WITH_KNOTS('',1,(#3123,#3124),.UNSPECIFIED.,.F.,.F.,
(2,2),(-30.7607528204837,-15.9115104155655),.UNSPECIFIED.);
#1305=B_SPLINE_CURVE_WITH_KNOTS('',1,(#3125,#3126),.UNSPECIFIED.,.F.,.F.,
(2,2),(-5001.99999999999,-2000.),.UNSPECIFIED.);
#1306=B_SPLINE_CURVE_WITH_KNOTS('',1,(#3127,#3128),.UNSPECIFIED.,.F.,.F.,
(2,2),(25.2846660112359,37.2751814288713),.UNSPECIFIED.);
#1307=B_SPLINE_CURVE_WITH_KNOTS('',1,(#3129,#3130),.UNSPECIFIED.,.F.,.F.,
(2,2),(-37.2750299412774,-25.284514523642),.UNSPECIFIED.);
#1308=B_SPLINE_CURVE_WITH_KNOTS('',1,(#3131,#3132),.UNSPECIFIED.,.F.,.F.,
(2,2),(-5001.99999999999,-2000.),.UNSPECIFIED.);
#1309=B_SPLINE_CURVE_WITH_KNOTS('',1,(#3139,#3140),.UNSPECIFIED.,.F.,.F.,
(2,2),(-5001.99999999999,-2000.),.UNSPECIFIED.);
#1310=B_SPLINE_CURVE_WITH_KNOTS('',1,(#3144,#3145),.UNSPECIFIED.,.F.,.F.,
(2,2),(2000.,5001.99999999999),.UNSPECIFIED.);
#1311=B_SPLINE_CURVE_WITH_KNOTS('',1,(#3149,#3150),.UNSPECIFIED.,.F.,.F.,
(2,2),(25.2846710464284,37.2751864640584),.UNSPECIFIED.);
#1312=B_SPLINE_CURVE_WITH_KNOTS('',1,(#3151,#3152),.UNSPECIFIED.,.F.,.F.,
(2,2),(2000.,5001.99999999999),.UNSPECIFIED.);
#1313=B_SPLINE_CURVE_WITH_KNOTS('',1,(#3153,#3154),.UNSPECIFIED.,.F.,.F.,
(2,2),(-37.2753379516524,-25.2848225340223),.UNSPECIFIED.);
#1314=B_SPLINE_CURVE_WITH_KNOTS('',1,(#3155,#3156),.UNSPECIFIED.,.F.,.F.,
(2,2),(2000.,5001.99999999999),.UNSPECIFIED.);
#1315=B_SPLINE_CURVE_WITH_KNOTS('',1,(#3157,#3158),.UNSPECIFIED.,.F.,.F.,
(2,2),(-30.7611084802152,-15.911866075297),.UNSPECIFIED.);
#1316=B_SPLINE_CURVE_WITH_KNOTS('',1,(#3159,#3160),.UNSPECIFIED.,.F.,.F.,
(2,2),(-8.2474726274578,24.7424261047743),.UNSPECIFIED.);
#1317=B_SPLINE_CURVE_WITH_KNOTS('',1,(#3161,#3162),.UNSPECIFIED.,.F.,.F.,
(2,2),(2000.,5001.99999999999),.UNSPECIFIED.);
#1318=B_SPLINE_CURVE_WITH_KNOTS('',1,(#3163,#3164),.UNSPECIFIED.,.F.,.F.,
(2,2),(-24.7425497938767,8.24734893835545),.UNSPECIFIED.);
#1319=B_SPLINE_CURVE_WITH_KNOTS('',1,(#3165,#3166),.UNSPECIFIED.,.F.,.F.,
(2,2),(2000.,5001.99999999999),.UNSPECIFIED.);
#1320=B_SPLINE_CURVE_WITH_KNOTS('',1,(#3167,#3168),.UNSPECIFIED.,.F.,.F.,
(2,2),(8.48706704297297,23.3363094478916),.UNSPECIFIED.);
#1321=B_SPLINE_CURVE_WITH_KNOTS('',1,(#3169,#3170),.UNSPECIFIED.,.F.,.F.,
(2,2),(-31.4335930263953,-19.5154572179044),.UNSPECIFIED.);
#1322=B_SPLINE_CURVE_WITH_KNOTS('',1,(#3171,#3172),.UNSPECIFIED.,.F.,.F.,
(2,2),(2000.,5001.99999999999),.UNSPECIFIED.);
#1323=B_SPLINE_CURVE_WITH_KNOTS('',1,(#3173,#3174),.UNSPECIFIED.,.F.,.F.,
(2,2),(19.5155457235814,31.4336815320722),.UNSPECIFIED.);
#1324=B_SPLINE_CURVE_WITH_KNOTS('',1,(#3178,#3179),.UNSPECIFIED.,.F.,.F.,
(2,2),(2000.,5001.99999999999),.UNSPECIFIED.);
#1325=B_SPLINE_CURVE_WITH_KNOTS('',1,(#3183,#3184),.UNSPECIFIED.,.F.,.F.,
(2,2),(25.2846699823527,37.2751853999881),.UNSPECIFIED.);
#1326=B_SPLINE_CURVE_WITH_KNOTS('',1,(#3185,#3186),.UNSPECIFIED.,.F.,.F.,
(2,2),(2000.,5001.99999999999),.UNSPECIFIED.);
#1327=B_SPLINE_CURVE_WITH_KNOTS('',1,(#3187,#3188),.UNSPECIFIED.,.F.,.F.,
(2,2),(-37.275272861391,-25.2847574437557),.UNSPECIFIED.);
#1328=B_SPLINE_CURVE_WITH_KNOTS('',1,(#3189,#3190),.UNSPECIFIED.,.F.,.F.,
(2,2),(2000.,5001.99999999999),.UNSPECIFIED.);
#1329=B_SPLINE_CURVE_WITH_KNOTS('',1,(#3191,#3192),.UNSPECIFIED.,.F.,.F.,
(2,2),(-30.7609306503485,-15.9116882454303),.UNSPECIFIED.);
#1330=B_SPLINE_CURVE_WITH_KNOTS('',1,(#3193,#3194),.UNSPECIFIED.,.F.,.F.,
(2,2),(-8.24747673866053,24.7424219935718),.UNSPECIFIED.);
#1331=B_SPLINE_CURVE_WITH_KNOTS('',1,(#3195,#3196),.UNSPECIFIED.,.F.,.F.,
(2,2),(2000.,5001.99999999999),.UNSPECIFIED.);
#1332=B_SPLINE_CURVE_WITH_KNOTS('',1,(#3197,#3198),.UNSPECIFIED.,.F.,.F.,
(2,2),(-24.7422983044692,8.24760042776307),.UNSPECIFIED.);
#1333=B_SPLINE_CURVE_WITH_KNOTS('',1,(#3199,#3200),.UNSPECIFIED.,.F.,.F.,
(2,2),(2000.,5001.99999999999),.UNSPECIFIED.);
#1334=B_SPLINE_CURVE_WITH_KNOTS('',1,(#3201,#3202),.UNSPECIFIED.,.F.,.F.,
(2,2),(8.48724487283766,23.3364872777563),.UNSPECIFIED.);
#1335=B_SPLINE_CURVE_WITH_KNOTS('',1,(#3203,#3204),.UNSPECIFIED.,.F.,.F.,
(2,2),(-31.4335940629855,-19.515458254489),.UNSPECIFIED.);
#1336=B_SPLINE_CURVE_WITH_KNOTS('',1,(#3205,#3206),.UNSPECIFIED.,.F.,.F.,
(2,2),(19.5156091343527,31.4337449428492),.UNSPECIFIED.);
#1337=B_SPLINE_CURVE_WITH_KNOTS('',1,(#3219,#3220),.UNSPECIFIED.,.F.,.F.,
(2,2),(0.0100106650397886,10.0100053325195),.UNSPECIFIED.);
#1338=B_SPLINE_CURVE_WITH_KNOTS('',1,(#3320,#3321),.UNSPECIFIED.,.F.,.F.,
(2,2),(0.,75.98279061425),.UNSPECIFIED.);
#1339=B_SPLINE_CURVE_WITH_KNOTS('',1,(#3329,#3330),.UNSPECIFIED.,.F.,.F.,
(2,2),(-75.98279061425,0.),.UNSPECIFIED.);
#1340=B_SPLINE_CURVE_WITH_KNOTS('',1,(#3347,#3348),.UNSPECIFIED.,.F.,.F.,
(2,2),(-75.9827906142509,0.),.UNSPECIFIED.);
#1341=B_SPLINE_CURVE_WITH_KNOTS('',1,(#3371,#3372),.UNSPECIFIED.,.F.,.F.,
(2,2),(-75.9827906142491,0.),.UNSPECIFIED.);
#1342=B_SPLINE_CURVE_WITH_KNOTS('',3,(#3381,#3382,#3383,#3384),
 .UNSPECIFIED.,.F.,.F.,(4,4),(51.7552323249544,57.514987432363),
 .UNSPECIFIED.);
#1343=B_SPLINE_CURVE_WITH_KNOTS('',3,(#3385,#3386,#3387,#3388),
 .UNSPECIFIED.,.F.,.F.,(4,4),(-57.514987432363,-51.7552323249544),
 .UNSPECIFIED.);
#1344=B_SPLINE_CURVE_WITH_KNOTS('',1,(#3389,#3390),.UNSPECIFIED.,.F.,.F.,
(2,2),(-75.9827906142491,0.),.UNSPECIFIED.);
#1345=B_SPLINE_CURVE_WITH_KNOTS('',1,(#3425,#3426),.UNSPECIFIED.,.F.,.F.,
(2,2),(-75.9827906142518,0.),.UNSPECIFIED.);
#1346=B_SPLINE_CURVE_WITH_KNOTS('',1,(#3443,#3444),.UNSPECIFIED.,.F.,.F.,
(2,2),(-75.9827906142518,0.),.UNSPECIFIED.);
#1347=B_SPLINE_CURVE_WITH_KNOTS('',1,(#3467,#3468),.UNSPECIFIED.,.F.,.F.,
(2,2),(-75.98279061425,0.),.UNSPECIFIED.);
#1348=B_SPLINE_CURVE_WITH_KNOTS('',3,(#3477,#3478,#3479,#3480),
 .UNSPECIFIED.,.F.,.F.,(4,4),(29.7620727491428,35.5218278838946),
 .UNSPECIFIED.);
#1349=B_SPLINE_CURVE_WITH_KNOTS('',3,(#3481,#3482,#3483,#3484),
 .UNSPECIFIED.,.F.,.F.,(4,4),(-35.5218278838946,-29.7620727491428),
 .UNSPECIFIED.);
#1350=B_SPLINE_CURVE_WITH_KNOTS('',1,(#3485,#3486),.UNSPECIFIED.,.F.,.F.,
(2,2),(-75.9827906142491,0.),.UNSPECIFIED.);
#1351=B_SPLINE_CURVE_WITH_KNOTS('',3,(#3489,#3490,#3491,#3492),
 .UNSPECIFIED.,.F.,.F.,(4,4),(22.7388876663888,28.4512620349631),
 .UNSPECIFIED.);
#1352=B_SPLINE_CURVE_WITH_KNOTS('',3,(#3493,#3494,#3495,#3496),
 .UNSPECIFIED.,.F.,.F.,(4,4),(-28.4512620349631,-22.7388876663888),
 .UNSPECIFIED.);
#1353=B_SPLINE_CURVE_WITH_KNOTS('',1,(#3497,#3498),.UNSPECIFIED.,.F.,.F.,
(2,2),(-75.9827906142491,0.),.UNSPECIFIED.);
#1354=B_SPLINE_CURVE_WITH_KNOTS('',1,(#3521,#3522),.UNSPECIFIED.,.F.,.F.,
(2,2),(-75.9827906142509,0.),.UNSPECIFIED.);
#1355=B_SPLINE_CURVE_WITH_KNOTS('',1,(#3539,#3540),.UNSPECIFIED.,.F.,.F.,
(2,2),(-75.98279061425,0.),.UNSPECIFIED.);
#1356=B_SPLINE_CURVE_WITH_KNOTS('',1,(#3563,#3564),.UNSPECIFIED.,.F.,.F.,
(2,2),(-75.98279061425,0.),.UNSPECIFIED.);
#1357=B_SPLINE_CURVE_WITH_KNOTS('',3,(#3573,#3574,#3575,#3576),
 .UNSPECIFIED.,.F.,.F.,(4,4),(7.76891426065349,13.5286693678951),
 .UNSPECIFIED.);
#1358=B_SPLINE_CURVE_WITH_KNOTS('',3,(#3577,#3578,#3579,#3580),
 .UNSPECIFIED.,.F.,.F.,(4,4),(-13.5286693678951,-7.76891426065349),
 .UNSPECIFIED.);
#1359=B_SPLINE_CURVE_WITH_KNOTS('',1,(#3581,#3582),.UNSPECIFIED.,.F.,.F.,
(2,2),(-75.9827906142491,0.),.UNSPECIFIED.);
#1360=B_SPLINE_CURVE_WITH_KNOTS('',3,(#3588,#3589,#3590,#3591),
 .UNSPECIFIED.,.F.,.F.,(4,4),(0.745729167527312,6.4581035464736),
 .UNSPECIFIED.);
#1361=B_SPLINE_CURVE_WITH_KNOTS('',3,(#3592,#3593,#3594,#3595),
 .UNSPECIFIED.,.F.,.F.,(4,4),(-6.4581035464736,-0.745729167527312),
 .UNSPECIFIED.);
#1362=B_SPLINE_CURVE_WITH_KNOTS('',1,(#3596,#3597),.UNSPECIFIED.,.F.,.F.,
(2,2),(-75.9827906142491,0.),.UNSPECIFIED.);
#1363=TRIMMED_CURVE($,#1431,(#2357),(#2358),.T.,.CARTESIAN.);
#1364=TRIMMED_CURVE($,#1432,(#2404),(#2405),.T.,.CARTESIAN.);
#1365=TRIMMED_CURVE($,#1433,(#2409),(#2410),.T.,.CARTESIAN.);
#1366=TRIMMED_CURVE($,#1434,(#2438),(#2439),.T.,.CARTESIAN.);
#1367=TRIMMED_CURVE($,#1435,(#2469),(#2470),.T.,.CARTESIAN.);
#1368=TRIMMED_CURVE($,#1436,(#2474),(#2475),.T.,.CARTESIAN.);
#1369=TRIMMED_CURVE($,#1437,(#2503),(#2504),.T.,.CARTESIAN.);
#1370=TRIMMED_CURVE($,#1438,(#2506),(#2507),.T.,.CARTESIAN.);
#1371=TRIMMED_CURVE($,#1439,(#2786),(#2787),.T.,.CARTESIAN.);
#1372=TRIMMED_CURVE($,#1440,(#2789),(#2790),.T.,.CARTESIAN.);
#1373=TRIMMED_CURVE($,#1441,(#2792),(#2793),.T.,.CARTESIAN.);
#1374=TRIMMED_CURVE($,#1442,(#2795),(#2796),.T.,.CARTESIAN.);
#1375=TRIMMED_CURVE($,#1443,(#2800),(#2801),.T.,.CARTESIAN.);
#1376=TRIMMED_CURVE($,#1444,(#2803),(#2804),.T.,.CARTESIAN.);
#1377=TRIMMED_CURVE($,#1445,(#2806),(#2807),.T.,.CARTESIAN.);
#1378=TRIMMED_CURVE($,#1446,(#2809),(#2810),.T.,.CARTESIAN.);
#1379=TRIMMED_CURVE($,#1447,(#2814),(#2815),.T.,.CARTESIAN.);
#1380=TRIMMED_CURVE($,#1448,(#2817),(#2818),.T.,.CARTESIAN.);
#1381=TRIMMED_CURVE($,#1449,(#2820),(#2821),.T.,.CARTESIAN.);
#1382=TRIMMED_CURVE($,#1450,(#2823),(#2824),.T.,.CARTESIAN.);
#1383=TRIMMED_CURVE($,#1451,(#2948),(#2949),.T.,.CARTESIAN.);
#1384=TRIMMED_CURVE($,#1452,(#2951),(#2952),.T.,.CARTESIAN.);
#1385=TRIMMED_CURVE($,#1453,(#2954),(#2955),.T.,.CARTESIAN.);
#1386=TRIMMED_CURVE($,#1454,(#2957),(#2958),.T.,.CARTESIAN.);
#1387=TRIMMED_CURVE($,#1455,(#2962),(#2963),.T.,.CARTESIAN.);
#1388=TRIMMED_CURVE($,#1456,(#2965),(#2966),.T.,.CARTESIAN.);
#1389=TRIMMED_CURVE($,#1457,(#2968),(#2969),.T.,.CARTESIAN.);
#1390=TRIMMED_CURVE($,#1458,(#2971),(#2972),.T.,.CARTESIAN.);
#1391=TRIMMED_CURVE($,#1459,(#3100),(#3101),.T.,.CARTESIAN.);
#1392=TRIMMED_CURVE($,#1460,(#3103),(#3104),.T.,.CARTESIAN.);
#1393=TRIMMED_CURVE($,#1461,(#3134),(#3135),.T.,.CARTESIAN.);
#1394=TRIMMED_CURVE($,#1462,(#3137),(#3138),.T.,.CARTESIAN.);
#1395=TRIMMED_CURVE($,#1463,(#3142),(#3143),.T.,.CARTESIAN.);
#1396=TRIMMED_CURVE($,#1464,(#3147),(#3148),.T.,.CARTESIAN.);
#1397=TRIMMED_CURVE($,#1465,(#3176),(#3177),.T.,.CARTESIAN.);
#1398=TRIMMED_CURVE($,#1466,(#3181),(#3182),.T.,.CARTESIAN.);
#1399=TRIMMED_CURVE($,#1467,(#3208),(#3209),.T.,.CARTESIAN.);
#1400=TRIMMED_CURVE($,#1468,(#3211),(#3212),.T.,.CARTESIAN.);
#1401=TRIMMED_CURVE($,#1469,(#3214),(#3215),.T.,.CARTESIAN.);
#1402=TRIMMED_CURVE($,#1470,(#3217),(#3218),.T.,.CARTESIAN.);
#1403=TRIMMED_CURVE($,#1471,(#3332),(#3333),.T.,.CARTESIAN.);
#1404=TRIMMED_CURVE($,#1472,(#3335),(#3336),.T.,.CARTESIAN.);
#1405=TRIMMED_CURVE($,#1473,(#3350),(#3351),.T.,.CARTESIAN.);
#1406=TRIMMED_CURVE($,#1474,(#3353),(#3354),.T.,.CARTESIAN.);
#1407=TRIMMED_CURVE($,#1475,(#3374),(#3375),.T.,.CARTESIAN.);
#1408=TRIMMED_CURVE($,#1476,(#3377),(#3378),.T.,.CARTESIAN.);
#1409=TRIMMED_CURVE($,#1477,(#3404),(#3405),.T.,.CARTESIAN.);
#1410=TRIMMED_CURVE($,#1478,(#3407),(#3408),.T.,.CARTESIAN.);
#1411=TRIMMED_CURVE($,#1479,(#3428),(#3429),.T.,.CARTESIAN.);
#1412=TRIMMED_CURVE($,#1480,(#3431),(#3432),.T.,.CARTESIAN.);
#1413=TRIMMED_CURVE($,#1481,(#3446),(#3447),.T.,.CARTESIAN.);
#1414=TRIMMED_CURVE($,#1482,(#3449),(#3450),.T.,.CARTESIAN.);
#1415=TRIMMED_CURVE($,#1483,(#3470),(#3471),.T.,.CARTESIAN.);
#1416=TRIMMED_CURVE($,#1484,(#3473),(#3474),.T.,.CARTESIAN.);
#1417=TRIMMED_CURVE($,#1485,(#3500),(#3501),.T.,.CARTESIAN.);
#1418=TRIMMED_CURVE($,#1486,(#3503),(#3504),.T.,.CARTESIAN.);
#1419=TRIMMED_CURVE($,#1487,(#3524),(#3525),.T.,.CARTESIAN.);
#1420=TRIMMED_CURVE($,#1488,(#3527),(#3528),.T.,.CARTESIAN.);
#1421=TRIMMED_CURVE($,#1489,(#3542),(#3543),.T.,.CARTESIAN.);
#1422=TRIMMED_CURVE($,#1490,(#3545),(#3546),.T.,.CARTESIAN.);
#1423=TRIMMED_CURVE($,#1491,(#3566),(#3567),.T.,.CARTESIAN.);
#1424=TRIMMED_CURVE($,#1492,(#3569),(#3570),.T.,.CARTESIAN.);
#1425=TRIMMED_CURVE($,#1493,(#3584),(#3585),.T.,.CARTESIAN.);
#1426=TRIMMED_CURVE($,#1494,(#3599),(#3600),.T.,.CARTESIAN.);
#1427=TRIMMED_CURVE($,#1495,(#3602),(#3603),.T.,.CARTESIAN.);
#1428=TRIMMED_CURVE($,#1496,(#3605),(#3606),.T.,.CARTESIAN.);
#1429=TRIMMED_CURVE($,#1497,(#3608),(#3609),.T.,.CARTESIAN.);
#1430=TRIMMED_CURVE($,#1498,(#3619),(#3620),.T.,.CARTESIAN.);
#1431=CIRCLE('',#1900,0.0675000000000072);
#1432=CIRCLE('',#1901,0.0675000000000208);
#1433=CIRCLE('',#1902,0.0675000000000261);
#1434=CIRCLE('',#1903,0.0675000000000054);
#1435=CIRCLE('',#1904,0.0674999999999891);
#1436=CIRCLE('',#1905,0.0674999999999979);
#1437=CIRCLE('',#1906,0.0675000000000123);
#1438=CIRCLE('',#1907,0.0675000000000337);
#1439=CIRCLE('',#1921,0.0434770000000011);
#1440=CIRCLE('',#1922,0.0434770000000011);
#1441=CIRCLE('',#1923,0.0434770000000011);
#1442=CIRCLE('',#1924,0.0434770000000011);
#1443=CIRCLE('',#1925,0.0484760000000009);
#1444=CIRCLE('',#1926,0.0484760000000009);
#1445=CIRCLE('',#1927,0.0484759999999991);
#1446=CIRCLE('',#1928,0.0484759999999991);
#1447=CIRCLE('',#1929,0.0875000000000004);
#1448=CIRCLE('',#1930,0.0875000000000004);
#1449=CIRCLE('',#1931,0.0875000000000004);
#1450=CIRCLE('',#1932,0.0875000000000004);
#1451=CIRCLE('',#1933,0.0256500000000006);
#1452=CIRCLE('',#1934,0.0256500000000006);
#1453=CIRCLE('',#1935,0.0256500000000006);
#1454=CIRCLE('',#1936,0.0256500000000006);
#1455=CIRCLE('',#1937,0.030149999999999);
#1456=CIRCLE('',#1938,0.030149999999999);
#1457=CIRCLE('',#1939,0.030149999999999);
#1458=CIRCLE('',#1940,0.030149999999999);
#1459=CIRCLE('',#1969,0.0675000000000219);
#1460=CIRCLE('',#1970,0.0675000000000252);
#1461=CIRCLE('',#1971,0.0675000000000074);
#1462=CIRCLE('',#1972,0.0675000000000135);
#1463=CIRCLE('',#1973,0.0675000000000123);
#1464=CIRCLE('',#1974,0.0675000000000134);
#1465=CIRCLE('',#1975,0.0675000000000213);
#1466=CIRCLE('',#1976,0.0675000000000248);
#1467=CIRCLE('',#1977,0.0874996565790802);
#1468=CIRCLE('',#1978,0.0874996565790802);
#1469=CIRCLE('',#1979,0.0874996565790802);
#1470=CIRCLE('',#1980,0.0874996565790802);
#1471=CIRCLE('',#2013,0.00499818524122624);
#1472=CIRCLE('',#2014,0.004998185241222);
#1473=CIRCLE('',#2015,0.00499809472137527);
#1474=CIRCLE('',#2016,0.00499809472136791);
#1475=CIRCLE('',#2017,0.0178990659814147);
#1476=CIRCLE('',#2018,0.017899065981419);
#1477=CIRCLE('',#2019,0.0178969997558801);
#1478=CIRCLE('',#2020,0.0178969997558753);
#1479=CIRCLE('',#2021,0.00499841553611594);
#1480=CIRCLE('',#2022,0.00499841553611289);
#1481=CIRCLE('',#2023,0.004998733382768);
#1482=CIRCLE('',#2024,0.00499873338276815);
#1483=CIRCLE('',#2025,0.0178990659814462);
#1484=CIRCLE('',#2026,0.017899065981463);
#1485=CIRCLE('',#2027,0.0178969997558205);
#1486=CIRCLE('',#2028,0.0178969997558585);
#1487=CIRCLE('',#2029,0.00499873774831333);
#1488=CIRCLE('',#2030,0.00499873774829758);
#1489=CIRCLE('',#2031,0.00499841442159229);
#1490=CIRCLE('',#2032,0.00499841442158104);
#1491=CIRCLE('',#2033,0.0178990659813676);
#1492=CIRCLE('',#2034,0.0178990659813771);
#1493=CIRCLE('',#2035,0.0850480228226873);
#1494=CIRCLE('',#2036,0.0178969997558494);
#1495=CIRCLE('',#2037,0.0178969997558752);
#1496=CIRCLE('',#2038,0.0850480228226894);
#1497=CIRCLE('',#2039,0.0850480228226871);
#1498=CIRCLE('',#2040,0.0850480228226905);
#1499=VERTEX_POINT('',#2308);
#1500=VERTEX_POINT('',#2309);
#1501=VERTEX_POINT('',#2310);
#1502=VERTEX_POINT('',#2311);
#1503=VERTEX_POINT('',#2312);
#1504=VERTEX_POINT('',#2313);
#1505=VERTEX_POINT('',#2314);
#1506=VERTEX_POINT('',#2315);
#1507=VERTEX_POINT('',#2316);
#1508=VERTEX_POINT('',#2317);
#1509=VERTEX_POINT('',#2318);
#1510=VERTEX_POINT('',#2319);
#1511=VERTEX_POINT('',#2320);
#1512=VERTEX_POINT('',#2321);
#1513=VERTEX_POINT('',#2322);
#1514=VERTEX_POINT('',#2323);
#1515=VERTEX_POINT('',#2324);
#1516=VERTEX_POINT('',#2325);
#1517=VERTEX_POINT('',#2326);
#1518=VERTEX_POINT('',#2327);
#1519=VERTEX_POINT('',#2328);
#1520=VERTEX_POINT('',#2329);
#1521=VERTEX_POINT('',#2330);
#1522=VERTEX_POINT('',#2331);
#1523=VERTEX_POINT('',#2332);
#1524=VERTEX_POINT('',#2333);
#1525=VERTEX_POINT('',#2334);
#1526=VERTEX_POINT('',#2335);
#1527=VERTEX_POINT('',#2336);
#1528=VERTEX_POINT('',#2337);
#1529=VERTEX_POINT('',#2338);
#1530=VERTEX_POINT('',#2339);
#1531=VERTEX_POINT('',#2340);
#1532=VERTEX_POINT('',#2341);
#1533=VERTEX_POINT('',#2342);
#1534=VERTEX_POINT('',#2343);
#1535=VERTEX_POINT('',#2344);
#1536=VERTEX_POINT('',#2345);
#1537=VERTEX_POINT('',#2346);
#1538=VERTEX_POINT('',#2347);
#1539=VERTEX_POINT('',#2348);
#1540=VERTEX_POINT('',#2349);
#1541=VERTEX_POINT('',#2350);
#1542=VERTEX_POINT('',#2351);
#1543=VERTEX_POINT('',#2352);
#1544=VERTEX_POINT('',#2353);
#1545=VERTEX_POINT('',#2354);
#1546=VERTEX_POINT('',#2355);
#1547=VERTEX_POINT('',#2521);
#1548=VERTEX_POINT('',#2522);
#1549=VERTEX_POINT('',#2523);
#1550=VERTEX_POINT('',#2524);
#1551=VERTEX_POINT('',#2525);
#1552=VERTEX_POINT('',#2526);
#1553=VERTEX_POINT('',#2527);
#1554=VERTEX_POINT('',#2528);
#1555=VERTEX_POINT('',#2529);
#1556=VERTEX_POINT('',#2530);
#1557=VERTEX_POINT('',#2531);
#1558=VERTEX_POINT('',#2532);
#1559=VERTEX_POINT('',#2533);
#1560=VERTEX_POINT('',#2534);
#1561=VERTEX_POINT('',#2535);
#1562=VERTEX_POINT('',#2536);
#1563=VERTEX_POINT('',#2537);
#1564=VERTEX_POINT('',#2538);
#1565=VERTEX_POINT('',#2539);
#1566=VERTEX_POINT('',#2540);
#1567=VERTEX_POINT('',#2541);
#1568=VERTEX_POINT('',#2542);
#1569=VERTEX_POINT('',#2543);
#1570=VERTEX_POINT('',#2544);
#1571=VERTEX_POINT('',#2545);
#1572=VERTEX_POINT('',#2546);
#1573=VERTEX_POINT('',#2547);
#1574=VERTEX_POINT('',#2548);
#1575=VERTEX_POINT('',#3003);
#1576=VERTEX_POINT('',#3004);
#1577=VERTEX_POINT('',#3005);
#1578=VERTEX_POINT('',#3006);
#1579=VERTEX_POINT('',#3007);
#1580=VERTEX_POINT('',#3008);
#1581=VERTEX_POINT('',#3009);
#1582=VERTEX_POINT('',#3010);
#1583=VERTEX_POINT('',#3011);
#1584=VERTEX_POINT('',#3012);
#1585=VERTEX_POINT('',#3013);
#1586=VERTEX_POINT('',#3014);
#1587=VERTEX_POINT('',#3015);
#1588=VERTEX_POINT('',#3016);
#1589=VERTEX_POINT('',#3017);
#1590=VERTEX_POINT('',#3018);
#1591=VERTEX_POINT('',#3019);
#1592=VERTEX_POINT('',#3020);
#1593=VERTEX_POINT('',#3021);
#1594=VERTEX_POINT('',#3022);
#1595=VERTEX_POINT('',#3023);
#1596=VERTEX_POINT('',#3024);
#1597=VERTEX_POINT('',#3025);
#1598=VERTEX_POINT('',#3026);
#1599=VERTEX_POINT('',#3027);
#1600=VERTEX_POINT('',#3028);
#1601=VERTEX_POINT('',#3029);
#1602=VERTEX_POINT('',#3030);
#1603=VERTEX_POINT('',#3031);
#1604=VERTEX_POINT('',#3032);
#1605=VERTEX_POINT('',#3033);
#1606=VERTEX_POINT('',#3034);
#1607=VERTEX_POINT('',#3035);
#1608=VERTEX_POINT('',#3036);
#1609=VERTEX_POINT('',#3037);
#1610=VERTEX_POINT('',#3038);
#1611=VERTEX_POINT('',#3039);
#1612=VERTEX_POINT('',#3040);
#1613=VERTEX_POINT('',#3041);
#1614=VERTEX_POINT('',#3042);
#1615=VERTEX_POINT('',#3043);
#1616=VERTEX_POINT('',#3044);
#1617=VERTEX_POINT('',#3045);
#1618=VERTEX_POINT('',#3046);
#1619=VERTEX_POINT('',#3047);
#1620=VERTEX_POINT('',#3048);
#1621=VERTEX_POINT('',#3049);
#1622=VERTEX_POINT('',#3050);
#1623=VERTEX_POINT('',#3051);
#1624=VERTEX_POINT('',#3052);
#1625=VERTEX_POINT('',#3053);
#1626=VERTEX_POINT('',#3054);
#1627=VERTEX_POINT('',#3253);
#1628=VERTEX_POINT('',#3254);
#1629=VERTEX_POINT('',#3255);
#1630=VERTEX_POINT('',#3256);
#1631=VERTEX_POINT('',#3257);
#1632=VERTEX_POINT('',#3258);
#1633=VERTEX_POINT('',#3259);
#1634=VERTEX_POINT('',#3260);
#1635=VERTEX_POINT('',#3261);
#1636=VERTEX_POINT('',#3262);
#1637=VERTEX_POINT('',#3263);
#1638=VERTEX_POINT('',#3264);
#1639=VERTEX_POINT('',#3265);
#1640=VERTEX_POINT('',#3266);
#1641=VERTEX_POINT('',#3267);
#1642=VERTEX_POINT('',#3268);
#1643=VERTEX_POINT('',#3269);
#1644=VERTEX_POINT('',#3270);
#1645=VERTEX_POINT('',#3271);
#1646=VERTEX_POINT('',#3272);
#1647=VERTEX_POINT('',#3273);
#1648=VERTEX_POINT('',#3274);
#1649=VERTEX_POINT('',#3275);
#1650=VERTEX_POINT('',#3276);
#1651=VERTEX_POINT('',#3277);
#1652=VERTEX_POINT('',#3278);
#1653=VERTEX_POINT('',#3279);
#1654=VERTEX_POINT('',#3280);
#1655=VERTEX_POINT('',#3281);
#1656=VERTEX_POINT('',#3282);
#1657=VERTEX_POINT('',#3283);
#1658=VERTEX_POINT('',#3284);
#1659=VERTEX_POINT('',#3285);
#1660=VERTEX_POINT('',#3286);
#1661=VERTEX_POINT('',#3287);
#1662=VERTEX_POINT('',#3288);
#1663=VERTEX_POINT('',#3289);
#1664=VERTEX_POINT('',#3290);
#1665=VERTEX_POINT('',#3291);
#1666=VERTEX_POINT('',#3292);
#1667=VERTEX_POINT('',#3293);
#1668=VERTEX_POINT('',#3294);
#1669=VERTEX_POINT('',#3295);
#1670=VERTEX_POINT('',#3296);
#1671=VERTEX_POINT('',#3297);
#1672=VERTEX_POINT('',#3298);
#1673=VERTEX_POINT('',#3299);
#1674=VERTEX_POINT('',#3300);
#1675=VERTEX_POINT('',#3301);
#1676=VERTEX_POINT('',#3302);
#1677=VERTEX_POINT('',#3303);
#1678=VERTEX_POINT('',#3304);
#1679=VERTEX_POINT('',#3305);
#1680=VERTEX_POINT('',#3306);
#1681=VERTEX_POINT('',#3307);
#1682=VERTEX_POINT('',#3308);
#1683=VERTEX_POINT('',#3309);
#1684=VERTEX_POINT('',#3310);
#1685=VERTEX_POINT('',#3311);
#1686=VERTEX_POINT('',#3312);
#1687=CYLINDRICAL_SURFACE('',#1880,0.0675000000000152);
#1688=CYLINDRICAL_SURFACE('',#1886,0.0675000000000001);
#1689=CYLINDRICAL_SURFACE('',#1892,0.067500000000001);
#1690=CYLINDRICAL_SURFACE('',#1898,0.0675000000000143);
#1691=CYLINDRICAL_SURFACE('',#1908,0.0129999999999999);
#1692=CYLINDRICAL_SURFACE('',#1909,0.0130000000000008);
#1693=CYLINDRICAL_SURFACE('',#1910,0.0434770000000002);
#1694=CYLINDRICAL_SURFACE('',#1911,0.0484759999999991);
#1695=CYLINDRICAL_SURFACE('',#1916,0.0875000000000004);
#1696=CYLINDRICAL_SURFACE('',#1918,0.0256499999999988);
#1697=CYLINDRICAL_SURFACE('',#1919,0.0301500000000008);
#1698=CYLINDRICAL_SURFACE('',#1947,0.0675000000000001);
#1699=CYLINDRICAL_SURFACE('',#1953,0.0674999999999997);
#1700=CYLINDRICAL_SURFACE('',#1954,0.0675000000000135);
#1701=CYLINDRICAL_SURFACE('',#1960,0.0675000000000135);
#1702=CYLINDRICAL_SURFACE('',#1966,0.0874996565790793);
#1703=CYLINDRICAL_SURFACE('',#1982,0.00499818524122419);
#1704=CYLINDRICAL_SURFACE('',#1984,0.00499809472137165);
#1705=CYLINDRICAL_SURFACE('',#1986,0.0178990659814168);
#1706=CYLINDRICAL_SURFACE('',#1988,0.0850480228227003);
#1707=CYLINDRICAL_SURFACE('',#1990,0.017896999755873);
#1708=CYLINDRICAL_SURFACE('',#1992,0.00499841553611444);
#1709=CYLINDRICAL_SURFACE('',#1994,0.00499873338276815);
#1710=CYLINDRICAL_SURFACE('',#1996,0.0178990659814589);
#1711=CYLINDRICAL_SURFACE('',#1998,0.0850480228226958);
#1712=CYLINDRICAL_SURFACE('',#2000,0.0178969997558394);
#1713=CYLINDRICAL_SURFACE('',#2002,0.00499873774830571);
#1714=CYLINDRICAL_SURFACE('',#2004,0.00499841442158663);
#1715=CYLINDRICAL_SURFACE('',#2006,0.0178990659813725);
#1716=CYLINDRICAL_SURFACE('',#2008,0.0850480228226909);
#1717=CYLINDRICAL_SURFACE('',#2010,0.0178969997558622);
#1718=PLANE('',#1874);
#1719=PLANE('',#1875);
#1720=PLANE('',#1876);
#1721=PLANE('',#1877);
#1722=PLANE('',#1878);
#1723=PLANE('',#1879);
#1724=PLANE('',#1881);
#1725=PLANE('',#1882);
#1726=PLANE('',#1883);
#1727=PLANE('',#1884);
#1728=PLANE('',#1885);
#1729=PLANE('',#1887);
#1730=PLANE('',#1888);
#1731=PLANE('',#1889);
#1732=PLANE('',#1890);
#1733=PLANE('',#1891);
#1734=PLANE('',#1893);
#1735=PLANE('',#1894);
#1736=PLANE('',#1895);
#1737=PLANE('',#1896);
#1738=PLANE('',#1897);
#1739=PLANE('',#1899);
#1740=PLANE('',#1912);
#1741=PLANE('',#1913);
#1742=PLANE('',#1914);
#1743=PLANE('',#1915);
#1744=PLANE('',#1917);
#1745=PLANE('',#1920);
#1746=PLANE('',#1941);
#1747=PLANE('',#1942);
#1748=PLANE('',#1943);
#1749=PLANE('',#1944);
#1750=PLANE('',#1945);
#1751=PLANE('',#1946);
#1752=PLANE('',#1948);
#1753=PLANE('',#1949);
#1754=PLANE('',#1950);
#1755=PLANE('',#1951);
#1756=PLANE('',#1952);
#1757=PLANE('',#1955);
#1758=PLANE('',#1956);
#1759=PLANE('',#1957);
#1760=PLANE('',#1958);
#1761=PLANE('',#1959);
#1762=PLANE('',#1961);
#1763=PLANE('',#1962);
#1764=PLANE('',#1963);
#1765=PLANE('',#1964);
#1766=PLANE('',#1965);
#1767=PLANE('',#1967);
#1768=PLANE('',#1968);
#1769=PLANE('',#1981);
#1770=PLANE('',#1983);
#1771=PLANE('',#1985);
#1772=PLANE('',#1987);
#1773=PLANE('',#1989);
#1774=PLANE('',#1991);
#1775=PLANE('',#1993);
#1776=PLANE('',#1995);
#1777=PLANE('',#1997);
#1778=PLANE('',#1999);
#1779=PLANE('',#2001);
#1780=PLANE('',#2003);
#1781=PLANE('',#2005);
#1782=PLANE('',#2007);
#1783=PLANE('',#2009);
#1784=PLANE('',#2011);
#1785=PLANE('',#2012);
#1786=SHAPE_DEFINITION_REPRESENTATION(#1787,#1872);
#1787=PRODUCT_DEFINITION_SHAPE($,$,#1789);
#1788=PRODUCT_DEFINITION_CONTEXT('3D Mechanical Parts',#1861,'design');
#1789=PRODUCT_DEFINITION('A','First version',#1831,#1788);
#1790=DATE_TIME_ROLE('classification_date');
#1791=DATE_TIME_ROLE('creation_date');
#1792=APPLIED_DATE_AND_TIME_ASSIGNMENT(#1816,#1790,(#1795));
#1793=APPLIED_DATE_AND_TIME_ASSIGNMENT(#1818,#1791,(#1789));
#1794=SECURITY_CLASSIFICATION_LEVEL('unclassified');
#1795=SECURITY_CLASSIFICATION('A','Security for version',#1794);
#1796=APPLIED_SECURITY_CLASSIFICATION_ASSIGNMENT(#1795,(#1831));
#1797=APPROVAL_ROLE('Version approval');
#1798=APPROVAL_ROLE('Version Security approval');
#1799=APPROVAL_ROLE('Definition approval');
#1800=APPROVAL_PERSON_ORGANIZATION(#1849,#1825,#1797);
#1801=APPROVAL_PERSON_ORGANIZATION(#1850,#1826,#1798);
#1802=APPROVAL_PERSON_ORGANIZATION(#1853,#1827,#1799);
#1803=COORDINATED_UNIVERSAL_TIME_OFFSET(5,0,.BEHIND.);
#1804=LOCAL_TIME(0,0,0.,#1803);
#1805=LOCAL_TIME(0,0,0.,#1803);
#1806=LOCAL_TIME(0,0,0.,#1803);
#1807=LOCAL_TIME(0,0,0.,#1803);
#1808=LOCAL_TIME(0,0,0.,#1803);
#1809=CALENDAR_DATE(1999,1,1);
#1810=CALENDAR_DATE(1999,1,1);
#1811=CALENDAR_DATE(1999,1,1);
#1812=CALENDAR_DATE(1999,1,1);
#1813=CALENDAR_DATE(1999,1,1);
#1814=DATE_AND_TIME(#1809,#1804);
#1815=DATE_AND_TIME(#1810,#1805);
#1816=DATE_AND_TIME(#1811,#1806);
#1817=DATE_AND_TIME(#1812,#1807);
#1818=DATE_AND_TIME(#1813,#1808);
#1819=APPROVAL_DATE_TIME(#1814,#1825);
#1820=APPROVAL_DATE_TIME(#1815,#1826);
#1821=APPROVAL_DATE_TIME(#1817,#1827);
#1822=APPROVAL_STATUS('not_yet_approved');
#1823=APPROVAL_STATUS('not_yet_approved');
#1824=APPROVAL_STATUS('approved');
#1825=APPROVAL(#1822,'Version approval');
#1826=APPROVAL(#1823,'Version Security approval');
#1827=APPROVAL(#1824,'Definition approval');
#1828=APPLIED_APPROVAL_ASSIGNMENT(#1825,(#1831));
#1829=APPLIED_APPROVAL_ASSIGNMENT(#1826,(#1795));
#1830=APPLIED_APPROVAL_ASSIGNMENT(#1827,(#1789));
#1831=PRODUCT_DEFINITION_FORMATION_WITH_SPECIFIED_SOURCE('A',
'First version',#1863,.MADE.);
#1832=PERSON_AND_ORGANIZATION_ROLE('design_owner');
#1833=PERSON_AND_ORGANIZATION_ROLE('creator');
#1834=PERSON_AND_ORGANIZATION_ROLE('design_supplier');
#1835=PERSON_AND_ORGANIZATION_ROLE('classification_officer');
#1836=PERSON_AND_ORGANIZATION_ROLE('creator');
#1837=ORGANIZATION('STI','lab','lab');
#1838=ORGANIZATION('STI','unknown','unknown');
#1839=ORGANIZATION('STI','unknown','unknown');
#1840=ORGANIZATION('STI','unknown','unknown');
#1841=ORGANIZATION('STI','unknown','unknown');
#1842=ORGANIZATION('STI','unknown','unknown');
#1843=ORGANIZATION('STI','unknown','unknown');
#1844=PERSON('1','Box','vc60',$,$,$);
#1845=PERSON('2','last','first',$,$,$);
#1846=PERSON('3','President','Mr.',$,$,$);
#1847=PERSON_AND_ORGANIZATION(#1844,#1837);
#1848=PERSON_AND_ORGANIZATION(#1845,#1838);
#1849=PERSON_AND_ORGANIZATION(#1846,#1839);
#1850=PERSON_AND_ORGANIZATION(#1846,#1840);
#1851=PERSON_AND_ORGANIZATION(#1846,#1841);
#1852=PERSON_AND_ORGANIZATION(#1845,#1842);
#1853=PERSON_AND_ORGANIZATION(#1846,#1843);
#1854=APPLIED_PERSON_AND_ORGANIZATION_ASSIGNMENT(#1847,#1832,(#1863));
#1855=APPLIED_PERSON_AND_ORGANIZATION_ASSIGNMENT(#1848,#1833,(#1831));
#1856=APPLIED_PERSON_AND_ORGANIZATION_ASSIGNMENT(#1848,#1834,(#1831));
#1857=APPLIED_PERSON_AND_ORGANIZATION_ASSIGNMENT(#1851,#1835,(#1795));
#1858=APPLIED_PERSON_AND_ORGANIZATION_ASSIGNMENT(#1852,#1836,(#1789));
#1859=PRODUCT_RELATED_PRODUCT_CATEGORY('detail','detail',(#1863));
#1860=APPLICATION_PROTOCOL_DEFINITION('International Standard',
'config_control_design',1994,#1861);
#1861=APPLICATION_CONTEXT(
'configuration controlled 3d designs of mechanical parts and assemblie
s');
#1862=PRODUCT_CONTEXT('3D Mechanical Parts',#1861,'mechanical');
#1863=PRODUCT('Document','Document','',(#1862));
#1864=(
LENGTH_UNIT()
NAMED_UNIT(*)
SI_UNIT(.MILLI.,.METRE.)
);
#1865=(
NAMED_UNIT(*)
PLANE_ANGLE_UNIT()
SI_UNIT($,.RADIAN.)
);
#1866=DIMENSIONAL_EXPONENTS(0.,0.,0.,0.,0.,0.,0.);
#1867=PLANE_ANGLE_MEASURE_WITH_UNIT(PLANE_ANGLE_MEASURE(0.01745329252),
#1865);
#1868=(
CONVERSION_BASED_UNIT('DEGREES',#1867)
NAMED_UNIT(#1866)
PLANE_ANGLE_UNIT()
);
#1869=(
NAMED_UNIT(*)
SI_UNIT($,.STERADIAN.)
SOLID_ANGLE_UNIT()
);
#1870=UNCERTAINTY_MEASURE_WITH_UNIT(LENGTH_MEASURE(0.001),#1864,
'DISTANCE_ACCURACY_VALUE',
'Maximum model space distance between geometric entities at asserted c
onnectivities');
#1871=(
GEOMETRIC_REPRESENTATION_CONTEXT(3)
GLOBAL_UNCERTAINTY_ASSIGNED_CONTEXT((#1870))
GLOBAL_UNIT_ASSIGNED_CONTEXT((#1869,#1868,#1864))
REPRESENTATION_CONTEXT('ID1','3D')
);
#1872=SHAPE_REPRESENTATION('Document',(#1873,#2041),#1871);
#1873=AXIS2_PLACEMENT_3D($,#2281,#2042,#2043);
#1874=AXIS2_PLACEMENT_3D('',#2282,#2044,$);
#1875=AXIS2_PLACEMENT_3D('',#2283,#2045,$);
#1876=AXIS2_PLACEMENT_3D('',#2284,#2046,$);
#1877=AXIS2_PLACEMENT_3D('',#2285,#2047,$);
#1878=AXIS2_PLACEMENT_3D('',#2286,#2048,$);
#1879=AXIS2_PLACEMENT_3D('',#2287,#2049,$);
#1880=AXIS2_PLACEMENT_3D('',#2288,#2050,$);
#1881=AXIS2_PLACEMENT_3D('',#2289,#2051,$);
#1882=AXIS2_PLACEMENT_3D('',#2290,#2052,$);
#1883=AXIS2_PLACEMENT_3D('',#2291,#2053,$);
#1884=AXIS2_PLACEMENT_3D('',#2292,#2054,$);
#1885=AXIS2_PLACEMENT_3D('',#2293,#2055,$);
#1886=AXIS2_PLACEMENT_3D('',#2294,#2056,$);
#1887=AXIS2_PLACEMENT_3D('',#2295,#2057,$);
#1888=AXIS2_PLACEMENT_3D('',#2296,#2058,$);
#1889=AXIS2_PLACEMENT_3D('',#2297,#2059,$);
#1890=AXIS2_PLACEMENT_3D('',#2298,#2060,$);
#1891=AXIS2_PLACEMENT_3D('',#2299,#2061,$);
#1892=AXIS2_PLACEMENT_3D('',#2300,#2062,$);
#1893=AXIS2_PLACEMENT_3D('',#2301,#2063,$);
#1894=AXIS2_PLACEMENT_3D('',#2302,#2064,$);
#1895=AXIS2_PLACEMENT_3D('',#2303,#2065,$);
#1896=AXIS2_PLACEMENT_3D('',#2304,#2066,$);
#1897=AXIS2_PLACEMENT_3D('',#2305,#2067,$);
#1898=AXIS2_PLACEMENT_3D('',#2306,#2068,$);
#1899=AXIS2_PLACEMENT_3D('',#2307,#2069,$);
#1900=AXIS2_PLACEMENT_3D($,#2356,#2070,#2071);
#1901=AXIS2_PLACEMENT_3D($,#2403,#2072,#2073);
#1902=AXIS2_PLACEMENT_3D($,#2408,#2074,#2075);
#1903=AXIS2_PLACEMENT_3D($,#2437,#2076,#2077);
#1904=AXIS2_PLACEMENT_3D($,#2468,#2078,#2079);
#1905=AXIS2_PLACEMENT_3D($,#2473,#2080,#2081);
#1906=AXIS2_PLACEMENT_3D($,#2502,#2082,#2083);
#1907=AXIS2_PLACEMENT_3D($,#2505,#2084,#2085);
#1908=AXIS2_PLACEMENT_3D('',#2508,#2086,$);
#1909=AXIS2_PLACEMENT_3D('',#2509,#2087,$);
#1910=AXIS2_PLACEMENT_3D('',#2510,#2088,$);
#1911=AXIS2_PLACEMENT_3D('',#2511,#2089,$);
#1912=AXIS2_PLACEMENT_3D('',#2512,#2090,$);
#1913=AXIS2_PLACEMENT_3D('',#2513,#2091,$);
#1914=AXIS2_PLACEMENT_3D('',#2514,#2092,$);
#1915=AXIS2_PLACEMENT_3D('',#2515,#2093,$);
#1916=AXIS2_PLACEMENT_3D('',#2516,#2094,$);
#1917=AXIS2_PLACEMENT_3D('',#2517,#2095,$);
#1918=AXIS2_PLACEMENT_3D('',#2518,#2096,$);
#1919=AXIS2_PLACEMENT_3D('',#2519,#2097,$);
#1920=AXIS2_PLACEMENT_3D('',#2520,#2098,$);
#1921=AXIS2_PLACEMENT_3D($,#2785,#2099,#2100);
#1922=AXIS2_PLACEMENT_3D($,#2788,#2101,#2102);
#1923=AXIS2_PLACEMENT_3D($,#2791,#2103,#2104);
#1924=AXIS2_PLACEMENT_3D($,#2794,#2105,#2106);
#1925=AXIS2_PLACEMENT_3D($,#2799,#2107,#2108);
#1926=AXIS2_PLACEMENT_3D($,#2802,#2109,#2110);
#1927=AXIS2_PLACEMENT_3D($,#2805,#2111,#2112);
#1928=AXIS2_PLACEMENT_3D($,#2808,#2113,#2114);
#1929=AXIS2_PLACEMENT_3D($,#2813,#2115,#2116);
#1930=AXIS2_PLACEMENT_3D($,#2816,#2117,#2118);
#1931=AXIS2_PLACEMENT_3D($,#2819,#2119,#2120);
#1932=AXIS2_PLACEMENT_3D($,#2822,#2121,#2122);
#1933=AXIS2_PLACEMENT_3D($,#2947,#2123,#2124);
#1934=AXIS2_PLACEMENT_3D($,#2950,#2125,#2126);
#1935=AXIS2_PLACEMENT_3D($,#2953,#2127,#2128);
#1936=AXIS2_PLACEMENT_3D($,#2956,#2129,#2130);
#1937=AXIS2_PLACEMENT_3D($,#2961,#2131,#2132);
#1938=AXIS2_PLACEMENT_3D($,#2964,#2133,#2134);
#1939=AXIS2_PLACEMENT_3D($,#2967,#2135,#2136);
#1940=AXIS2_PLACEMENT_3D($,#2970,#2137,#2138);
#1941=AXIS2_PLACEMENT_3D('',#2975,#2139,$);
#1942=AXIS2_PLACEMENT_3D('',#2976,#2140,$);
#1943=AXIS2_PLACEMENT_3D('',#2977,#2141,$);
#1944=AXIS2_PLACEMENT_3D('',#2978,#2142,$);
#1945=AXIS2_PLACEMENT_3D('',#2979,#2143,$);
#1946=AXIS2_PLACEMENT_3D('',#2980,#2144,$);
#1947=AXIS2_PLACEMENT_3D('',#2981,#2145,$);
#1948=AXIS2_PLACEMENT_3D('',#2982,#2146,$);
#1949=AXIS2_PLACEMENT_3D('',#2983,#2147,$);
#1950=AXIS2_PLACEMENT_3D('',#2984,#2148,$);
#1951=AXIS2_PLACEMENT_3D('',#2985,#2149,$);
#1952=AXIS2_PLACEMENT_3D('',#2986,#2150,$);
#1953=AXIS2_PLACEMENT_3D('',#2987,#2151,$);
#1954=AXIS2_PLACEMENT_3D('',#2988,#2152,$);
#1955=AXIS2_PLACEMENT_3D('',#2989,#2153,$);
#1956=AXIS2_PLACEMENT_3D('',#2990,#2154,$);
#1957=AXIS2_PLACEMENT_3D('',#2991,#2155,$);
#1958=AXIS2_PLACEMENT_3D('',#2992,#2156,$);
#1959=AXIS2_PLACEMENT_3D('',#2993,#2157,$);
#1960=AXIS2_PLACEMENT_3D('',#2994,#2158,$);
#1961=AXIS2_PLACEMENT_3D('',#2995,#2159,$);
#1962=AXIS2_PLACEMENT_3D('',#2996,#2160,$);
#1963=AXIS2_PLACEMENT_3D('',#2997,#2161,$);
#1964=AXIS2_PLACEMENT_3D('',#2998,#2162,$);
#1965=AXIS2_PLACEMENT_3D('',#2999,#2163,$);
#1966=AXIS2_PLACEMENT_3D('',#3000,#2164,$);
#1967=AXIS2_PLACEMENT_3D('',#3001,#2165,$);
#1968=AXIS2_PLACEMENT_3D('',#3002,#2166,$);
#1969=AXIS2_PLACEMENT_3D($,#3099,#2167,#2168);
#1970=AXIS2_PLACEMENT_3D($,#3102,#2169,#2170);
#1971=AXIS2_PLACEMENT_3D($,#3133,#2171,#2172);
#1972=AXIS2_PLACEMENT_3D($,#3136,#2173,#2174);
#1973=AXIS2_PLACEMENT_3D($,#3141,#2175,#2176);
#1974=AXIS2_PLACEMENT_3D($,#3146,#2177,#2178);
#1975=AXIS2_PLACEMENT_3D($,#3175,#2179,#2180);
#1976=AXIS2_PLACEMENT_3D($,#3180,#2181,#2182);
#1977=AXIS2_PLACEMENT_3D($,#3207,#2183,#2184);
#1978=AXIS2_PLACEMENT_3D($,#3210,#2185,#2186);
#1979=AXIS2_PLACEMENT_3D($,#3213,#2187,#2188);
#1980=AXIS2_PLACEMENT_3D($,#3216,#2189,#2190);
#1981=AXIS2_PLACEMENT_3D('',#3221,#2191,$);
#1982=AXIS2_PLACEMENT_3D('',#3222,#2192,$);
#1983=AXIS2_PLACEMENT_3D('',#3223,#2193,$);
#1984=AXIS2_PLACEMENT_3D('',#3224,#2194,$);
#1985=AXIS2_PLACEMENT_3D('',#3225,#2195,$);
#1986=AXIS2_PLACEMENT_3D('',#3226,#2196,$);
#1987=AXIS2_PLACEMENT_3D('',#3227,#2197,$);
#1988=AXIS2_PLACEMENT_3D('',#3228,#2198,$);
#1989=AXIS2_PLACEMENT_3D('',#3229,#2199,$);
#1990=AXIS2_PLACEMENT_3D('',#3230,#2200,$);
#1991=AXIS2_PLACEMENT_3D('',#3231,#2201,$);
#1992=AXIS2_PLACEMENT_3D('',#3232,#2202,$);
#1993=AXIS2_PLACEMENT_3D('',#3233,#2203,$);
#1994=AXIS2_PLACEMENT_3D('',#3234,#2204,$);
#1995=AXIS2_PLACEMENT_3D('',#3235,#2205,$);
#1996=AXIS2_PLACEMENT_3D('',#3236,#2206,$);
#1997=AXIS2_PLACEMENT_3D('',#3237,#2207,$);
#1998=AXIS2_PLACEMENT_3D('',#3238,#2208,$);
#1999=AXIS2_PLACEMENT_3D('',#3239,#2209,$);
#2000=AXIS2_PLACEMENT_3D('',#3240,#2210,$);
#2001=AXIS2_PLACEMENT_3D('',#3241,#2211,$);
#2002=AXIS2_PLACEMENT_3D('',#3242,#2212,$);
#2003=AXIS2_PLACEMENT_3D('',#3243,#2213,$);
#2004=AXIS2_PLACEMENT_3D('',#3244,#2214,$);
#2005=AXIS2_PLACEMENT_3D('',#3245,#2215,$);
#2006=AXIS2_PLACEMENT_3D('',#3246,#2216,$);
#2007=AXIS2_PLACEMENT_3D('',#3247,#2217,$);
#2008=AXIS2_PLACEMENT_3D('',#3248,#2218,$);
#2009=AXIS2_PLACEMENT_3D('',#3249,#2219,$);
#2010=AXIS2_PLACEMENT_3D('',#3250,#2220,$);
#2011=AXIS2_PLACEMENT_3D('',#3251,#2221,$);
#2012=AXIS2_PLACEMENT_3D('',#3252,#2222,$);
#2013=AXIS2_PLACEMENT_3D($,#3331,#2223,#2224);
#2014=AXIS2_PLACEMENT_3D($,#3334,#2225,#2226);
#2015=AXIS2_PLACEMENT_3D($,#3349,#2227,#2228);
#2016=AXIS2_PLACEMENT_3D($,#3352,#2229,#2230);
#2017=AXIS2_PLACEMENT_3D($,#3373,#2231,#2232);
#2018=AXIS2_PLACEMENT_3D($,#3376,#2233,#2234);
#2019=AXIS2_PLACEMENT_3D($,#3403,#2235,#2236);
#2020=AXIS2_PLACEMENT_3D($,#3406,#2237,#2238);
#2021=AXIS2_PLACEMENT_3D($,#3427,#2239,#2240);
#2022=AXIS2_PLACEMENT_3D($,#3430,#2241,#2242);
#2023=AXIS2_PLACEMENT_3D($,#3445,#2243,#2244);
#2024=AXIS2_PLACEMENT_3D($,#3448,#2245,#2246);
#2025=AXIS2_PLACEMENT_3D($,#3469,#2247,#2248);
#2026=AXIS2_PLACEMENT_3D($,#3472,#2249,#2250);
#2027=AXIS2_PLACEMENT_3D($,#3499,#2251,#2252);
#2028=AXIS2_PLACEMENT_3D($,#3502,#2253,#2254);
#2029=AXIS2_PLACEMENT_3D($,#3523,#2255,#2256);
#2030=AXIS2_PLACEMENT_3D($,#3526,#2257,#2258);
#2031=AXIS2_PLACEMENT_3D($,#3541,#2259,#2260);
#2032=AXIS2_PLACEMENT_3D($,#3544,#2261,#2262);
#2033=AXIS2_PLACEMENT_3D($,#3565,#2263,#2264);
#2034=AXIS2_PLACEMENT_3D($,#3568,#2265,#2266);
#2035=AXIS2_PLACEMENT_3D($,#3583,#2267,#2268);
#2036=AXIS2_PLACEMENT_3D($,#3598,#2269,#2270);
#2037=AXIS2_PLACEMENT_3D($,#3601,#2271,#2272);
#2038=AXIS2_PLACEMENT_3D($,#3604,#2273,#2274);
#2039=AXIS2_PLACEMENT_3D($,#3607,#2275,#2276);
#2040=AXIS2_PLACEMENT_3D($,#3618,#2277,#2278);
#2041=AXIS2_PLACEMENT_3D($,#3621,#2279,#2280);
#2042=DIRECTION('',(0.,0.,1.));
#2043=DIRECTION('',(1.,0.,0.));
#2044=DIRECTION('',(0.,0.,1.));
#2045=DIRECTION('',(-0.866025403781871,-0.500000000004447,-1.14927993614692E-15));
#2046=DIRECTION('',(-1.,0.,0.));
#2047=DIRECTION('',(-0.707106781189864,0.707106781183231,-3.03065026898993E-16));
#2048=DIRECTION('',(0.,1.,0.));
#2049=DIRECTION('',(0.50596991174122,0.862551127999136,9.59619875594493E-16));
#2050=DIRECTION('',(0.,0.,1.));
#2051=DIRECTION('',(-0.50000000000383,0.866025403782227,-1.85006310311152E-15));
#2052=DIRECTION('',(0.,1.,0.));
#2053=DIRECTION('',(0.707106781183245,0.707106781189851,6.85190495577541E-16));
#2054=DIRECTION('',(1.,0.,0.));
#2055=DIRECTION('',(0.862551127999521,-0.505969911740564,2.74255948354385E-15));
#2056=DIRECTION('',(2.67559015327621E-18,-3.28954861448301E-15,1.));
#2057=DIRECTION('',(0.866025403782185,0.500000000003904,2.47494731284079E-15));
#2058=DIRECTION('',(1.,0.,0.));
#2059=DIRECTION('',(0.707106781189783,-0.707106781183312,9.3315279031997E-16));
#2060=DIRECTION('',(0.,-1.,0.));
#2061=DIRECTION('',(-0.505969911741076,-0.86255112799922,3.35533774015686E-17));
#2062=DIRECTION('',(-3.28954861448301E-15,-2.6755901535792E-18,1.));
#2063=DIRECTION('',(0.500000000003972,-0.866025403782145,8.61011174023887E-16));
#2064=DIRECTION('',(0.,-1.,0.));
#2065=DIRECTION('',(-0.707106781183245,-0.70710678118985,-1.93937659500522E-15));
#2066=DIRECTION('',(-1.,0.,0.));
#2067=DIRECTION('',(-0.862551127999379,0.505969911740807,-1.97816673623639E-15));
#2068=DIRECTION('',(-1.64343651216467E-15,-1.6461121023178E-15,1.));
#2069=DIRECTION('',(0.,0.,-1.));
#2070=DIRECTION('',(-1.68069889935062E-17,2.06636308910473E-14,-1.));
#2071=DIRECTION('',(0.947700472247608,0.319161111198814,6.57909940518542E-15));
#2072=DIRECTION('',(-1.23369560758322E-14,2.46524494395129E-12,-1.));
#2073=DIRECTION('',(-0.319161111198829,0.947700472247602,2.34215938824553E-12));
#2074=DIRECTION('',(-3.28974628823169E-15,7.50611777564981E-14,1.));
#2075=DIRECTION('',(0.317619044954226,0.948218404315359,-7.03141248928994E-14));
#2076=DIRECTION('',(4.74087182201239E-14,3.8560396728905E-17,1.));
#2077=DIRECTION('',(0.948218404315265,-0.317619044954507,-4.48201146978268E-14));
#2078=DIRECTION('',(1.85089904336198E-15,-2.2756184745644E-12,-1.));
#2079=DIRECTION('',(0.319161111198965,-0.947700472247557,2.15794460490139E-12));
#2080=DIRECTION('',(-1.73477331316741E-15,-2.48897346310712E-13,1.));
#2081=DIRECTION('',(-0.317619044954464,-0.948218404315279,-2.36436384873883E-13));
#2082=DIRECTION('',(-2.40204172315198E-12,-1.9537267677959E-15,-1.));
#2083=DIRECTION('',(-0.947700472247616,-0.31916111119879,2.27636839419398E-12));
#2084=DIRECTION('',(-1.65929463333639E-13,-1.4264383192414E-15,1.));
#2085=DIRECTION('',(-0.948218404315292,0.317619044954426,-1.5707599829874E-13));
#2086=DIRECTION('',(-1.,-4.59888537508193E-12,1.68668497972528E-13));
#2087=DIRECTION('',(-1.,-4.59888537508162E-12,1.00347081072832E-13));
#2088=DIRECTION('',(6.38396752662351E-16,6.38396752668254E-16,-1.));
#2089=DIRECTION('',(1.43140809965505E-15,8.58844859802081E-16,-1.));
#2090=DIRECTION('',(0.,0.,1.));
#2091=DIRECTION('',(0.,0.,1.));
#2092=DIRECTION('',(0.,0.,-1.));
#2093=DIRECTION('',(0.,0.,-1.));
#2094=DIRECTION('',(-1.58603289232024E-15,-3.17206578471654E-16,1.));
#2095=DIRECTION('',(0.,0.,1.));
#2096=DIRECTION('',(-1.62313307693983E-15,5.41044358971625E-16,1.));
#2097=DIRECTION('',(-4.60291469579233E-15,-2.11232632256511E-26,1.));
#2098=DIRECTION('',(0.,0.,-1.));
#2099=DIRECTION('',(-5.86383535394964E-27,1.27679350533055E-15,-1.));
#2100=DIRECTION('',(4.59263704390506E-12,-1.,-1.27679350533055E-15));
#2101=DIRECTION('',(3.83038051598569E-15,1.27679350534814E-15,-1.));
#2102=DIRECTION('',(-4.59200526726982E-12,1.,1.27679350533055E-15));
#2103=DIRECTION('',(-2.87278538699257E-15,-3.19198376346007E-16,1.));
#2104=DIRECTION('',(-4.75557381447036E-12,1.,0.));
#2105=DIRECTION('',(-9.57595128996481E-16,-3.19198376337094E-16,1.));
#2106=DIRECTION('',(4.71539131150856E-12,-1.,-6.38396752665276E-16));
#2107=DIRECTION('',(2.29025295945445E-15,1.06118138421276E-26,-1.));
#2108=DIRECTION('',(-4.63314675759332E-12,1.,0.));
#2109=DIRECTION('',(1.14512647972731E-15,5.30590692106421E-27,-1.));
#2110=DIRECTION('',(4.56035720347129E-12,-1.,0.));
#2111=DIRECTION('',(-1.14512647972994E-15,5.72563239858326E-16,1.));
#2112=DIRECTION('',(4.63383783582381E-12,-1.,5.72563239863632E-16));
#2113=DIRECTION('',(-3.43537943918417E-15,5.72563239847715E-16,1.));
#2114=DIRECTION('',(-4.55996974500622E-12,1.,-5.72563239863632E-16));
#2115=DIRECTION('',(-2.53765262771461E-15,-1.17318910848402E-26,1.));
#2116=DIRECTION('',(4.61323578556759E-12,-1.,0.));
#2117=DIRECTION('',(-1.26882631385738E-15,-5.86594554242047E-27,1.));
#2118=DIRECTION('',(-4.67378509644829E-12,1.,0.));
#2119=DIRECTION('',(-1.74463618155313E-15,-1.5860328924023E-16,1.));
#2120=DIRECTION('',(-4.65376425192756E-12,1.,0.));
#2121=DIRECTION('',(-1.7446361815531E-15,-1.5860328924023E-16,1.));
#2122=DIRECTION('',(4.63346169287588E-12,-1.,-3.17206578464329E-16));
#2123=DIRECTION('',(-2.16417743591628E-15,-1.00277245686113E-26,1.));
#2124=DIRECTION('',(-4.56440115876425E-12,1.,0.));
#2125=DIRECTION('',(-1.08208871795829E-15,-5.01386228430632E-27,1.));
#2126=DIRECTION('',(4.70294137594819E-12,-1.,0.));
#2127=DIRECTION('',(2.70522179489535E-16,1.25346557107641E-27,1.));
#2128=DIRECTION('',(4.56434585638155E-12,-1.,0.));
#2129=DIRECTION('',(-3.92257160259881E-15,-1.81752507806104E-26,1.));
#2130=DIRECTION('',(-4.7028053902633E-12,1.,0.));
#2131=DIRECTION('',(2.76174881747965E-15,-9.20582939145739E-16,-1.));
#2132=DIRECTION('',(-4.75108793510477E-12,1.,-9.20582939158535E-16));
#2133=DIRECTION('',(9.20582939162692E-16,-9.20582939154269E-16,-1.));
#2134=DIRECTION('',(4.63324059110534E-12,-1.,9.20582939158535E-16));
#2135=DIRECTION('',(-2.64667595008482E-15,9.20582939146194E-16,1.));
#2136=DIRECTION('',(-4.57438291806204E-12,1.,-9.20582939158535E-16));
#2137=DIRECTION('',(-9.20582939162665E-16,9.20582939154242E-16,1.));
#2138=DIRECTION('',(4.63330022616873E-12,-1.,9.20582939158535E-16));
#2139=DIRECTION('',(0.,0.,-1.));
#2140=DIRECTION('',(-0.862551127999474,0.505969911740643,-1.24053505656531E-15));
#2141=DIRECTION('',(-1.,0.,0.));
#2142=DIRECTION('',(-0.707106781183339,-0.707106781189756,-2.36103228459324E-15));
#2143=DIRECTION('',(0.,-1.,0.));
#2144=DIRECTION('',(0.500000000003887,-0.866025403782194,1.66952244369339E-15));
#2145=DIRECTION('',(0.,0.,1.));
#2146=DIRECTION('',(-0.50596991174105,-0.862551127999236,-8.1222948746143E-16));
#2147=DIRECTION('',(0.,-1.,0.));
#2148=DIRECTION('',(0.70710678118985,-0.707106781183245,1.24939455750675E-15));
#2149=DIRECTION('',(1.,0.,0.));
#2150=DIRECTION('',(0.866025403782077,0.500000000004091,1.04223458846171E-15));
#2151=DIRECTION('',(-5.35118030655261E-18,6.57909722896602E-15,1.));
#2152=DIRECTION('',(5.35118030603113E-18,-6.57909722896497E-15,1.));
#2153=DIRECTION('',(-0.866025403781694,-0.500000000004754,-7.86958475004289E-16));
#2154=DIRECTION('',(-1.,0.,0.));
#2155=DIRECTION('',(-0.707106781189837,0.707106781183258,-1.86870135158802E-15));
#2156=DIRECTION('',(0.,1.,0.));
#2157=DIRECTION('',(0.505969911741317,0.862551127999079,1.61674086747464E-15));
#2158=DIRECTION('',(6.5790972289648E-15,5.35118030706987E-18,1.));
#2159=DIRECTION('',(-0.500000000004044,0.866025403782104,-1.3743314615732E-15));
#2160=DIRECTION('',(0.,1.,0.));
#2161=DIRECTION('',(0.707106781183271,0.707106781189824,4.8514362011673E-16));
#2162=DIRECTION('',(1.,0.,0.));
#2163=DIRECTION('',(0.862551127999481,-0.505969911740631,1.79414543667076E-15));
#2164=DIRECTION('',(0.,0.,1.));
#2165=DIRECTION('',(0.,0.,-1.));
#2166=DIRECTION('',(0.,0.,1.));
#2167=DIRECTION('',(1.95372676799421E-15,-2.40204172315255E-12,-1.));
#2168=DIRECTION('',(0.31916111119881,-0.947700472247609,2.27636839419366E-12));
#2169=DIRECTION('',(-4.52441988377629E-15,5.56262293782724E-12,1.));
#2170=DIRECTION('',(-0.317619044954323,-0.948218404315327,5.27643772295729E-12));
#2171=DIRECTION('',(2.40204172315302E-12,1.95372676789573E-15,-1.));
#2172=DIRECTION('',(0.947700472247621,0.319161111198774,2.27636839419415E-12));
#2173=DIRECTION('',(-4.67767700470927E-12,1.68590050798823E-14,1.));
#2174=DIRECTION('',(0.948218404315326,-0.317619044954325,4.43431299909455E-12));
#2175=DIRECTION('',(-2.40204172315198E-12,-1.9537267677959E-15,-1.));
#2176=DIRECTION('',(-0.947700472247616,-0.31916111119879,2.27636839419398E-12));
#2177=DIRECTION('',(5.30977644065184E-12,4.31876443341691E-15,1.));
#2178=DIRECTION('',(-0.948218404315238,0.317619044954587,5.03959014437157E-12));
#2179=DIRECTION('',(-1.23369560758323E-14,2.4652449439513E-12,-1.));
#2180=DIRECTION('',(-0.319161111198827,0.947700472247603,2.34215938824552E-12));
#2181=DIRECTION('',(2.50852230497436E-14,-5.43618288225169E-12,1.));
#2182=DIRECTION('',(0.317619044954389,0.948218404315304,5.14485573485365E-12));
#2183=DIRECTION('',(-4.74431112177914E-26,1.01506503502378E-14,1.));
#2184=DIRECTION('',(-4.6740091447741E-12,1.,-1.01506503502378E-14));
#2185=DIRECTION('',(-1.01506503502845E-14,1.01506503501906E-14,1.));
#2186=DIRECTION('',(4.65359488759558E-12,-1.,1.01506503502378E-14));
#2187=DIRECTION('',(5.07532517509527E-15,5.0753251751423E-15,-1.));
#2188=DIRECTION('',(-4.63303311134285E-12,1.,0.));
#2189=DIRECTION('',(-5.07532517509527E-15,-5.0753251751423E-15,-1.));
#2190=DIRECTION('',(4.6332462861714E-12,-1.,1.01506503502378E-14));
#2191=DIRECTION('',(0.707583346293226,-0.706629894675056,1.20838573042504E-15));
#2192=DIRECTION('',(-1.96885348704626E-13,-8.21995226345337E-13,1.));
#2193=DIRECTION('',(-0.544073486160872,-0.839037568680184,1.23961174849846E-14));
#2194=DIRECTION('',(-2.27263151836682E-12,-7.40117061990425E-13,1.));
#2195=DIRECTION('',(-0.933821823166868,0.357738455547214,-5.6394341531767E-15));
#2196=DIRECTION('',(-7.31562432183427E-13,6.35839497072242E-15,-1.));
#2197=DIRECTION('',(-0.896319092447886,-0.443409612563145,1.67652576247661E-14));
#2198=DIRECTION('',(1.01565289606636E-13,1.18133866721132E-14,1.));
#2199=DIRECTION('',(-0.844186558542695,0.536049488737599,-2.10359442249058E-14));
#2200=DIRECTION('',(3.5285631316984E-13,-1.02674396848826E-13,-1.));
#2201=DIRECTION('',(-0.965751113008747,-0.259470205847159,3.10769580255878E-14));
#2202=DIRECTION('',(-2.60567840223003E-12,1.00357551817361E-12,1.));
#2203=DIRECTION('',(-0.454591106125975,0.89070024488105,5.08642613122601E-15));
#2204=DIRECTION('',(-1.10991529176126E-13,8.38033457987498E-13,1.));
#2205=DIRECTION('',(0.776721501997875,0.62984419369727,-7.57767986081388E-16));
#2206=DIRECTION('',(0.,0.,-1.));
#2207=DIRECTION('',(0.0641555578050749,0.997939910216402,6.27583430499339E-16));
#2208=DIRECTION('',(-1.43683198616639E-14,9.33534862167698E-15,1.));
#2209=DIRECTION('',(0.886325754289629,0.463062260698192,4.40617050012638E-14));
#2210=DIRECTION('',(2.65346792574403E-13,2.54245332666546E-13,-1.));
#2211=DIRECTION('',(0.258167766715559,0.96610010052225,4.62747193168054E-16));
#2212=DIRECTION('',(1.52781074915324E-12,1.2861294632687E-12,1.));
#2213=DIRECTION('',(0.998664592287009,-0.0516626762007391,1.35348666066629E-14));
#2214=DIRECTION('',(0.,0.,1.));
#2215=DIRECTION('',(0.157100321168966,-0.98758264924441,-1.44365603858545E-14));
#2216=DIRECTION('',(7.20549369040009E-13,-1.27346169642286E-12,-1.));
#2217=DIRECTION('',(0.83216353498435,-0.554530297677548,1.52481080975272E-14));
#2218=DIRECTION('',(-4.95462564744898E-14,1.16171681980888E-13,1.));
#2219=DIRECTION('',(-0.0421391956518655,-0.999111749600521,-1.19262315305308E-14));
#2220=DIRECTION('',(5.10543366047866E-13,-9.5795284312073E-13,-1.));
#2221=DIRECTION('',(0.,0.,-1.));
#2222=DIRECTION('',(0.,0.,1.));
#2223=DIRECTION('',(-8.38143092929701E-14,7.92301153780321E-13,1.));
#2224=DIRECTION('',(-0.544320185210344,-0.838877545278557,5.33100541597107E-13));
#2225=DIRECTION('',(1.96885348704884E-13,8.2199522634538E-13,-1.));
#2226=DIRECTION('',(0.707791103233217,-0.706421796226522,-3.55400361065039E-13));
#2227=DIRECTION('',(-6.7013791311406E-13,-5.15097639492585E-13,1.));
#2228=DIRECTION('',(-0.933711334406106,0.358026736433984,-5.33110196512483E-13));
#2229=DIRECTION('',(1.51508767891021E-12,4.93411374660554E-13,-1.));
#2230=DIRECTION('',(-0.543814424949339,-0.839205499992117,-1.24392379186429E-12));
#2231=DIRECTION('',(3.663768720859E-13,6.53537498991529E-14,-1.));
#2232=DIRECTION('',(0.935284206075516,0.353897518874733,3.47350467580626E-13));
#2233=DIRECTION('',(1.46312486436705E-12,-1.27167899414481E-14,1.));
#2234=DIRECTION('',(0.928991553735712,-0.370100922840929,-1.38940187032217E-12));
#2235=DIRECTION('',(-3.66013433811288E-13,-3.29207500094391E-14,-1.));
#2236=DIRECTION('',(0.962116367110271,0.272639131708075,-3.47390569520357E-13));
#2237=DIRECTION('',(0.,0.,1.));
#2238=DIRECTION('',(0.891752018865115,-0.452524404700996,0.));
#2239=DIRECTION('',(-1.57084052114308E-12,3.89228816855276E-13,1.));
#2240=DIRECTION('',(-0.454362428137466,0.890816919404333,-1.0661519594951E-12));
#2241=DIRECTION('',(2.18430976998972E-12,-9.70753331694959E-13,-1.));
#2242=DIRECTION('',(-0.965684469281412,-0.259718127570407,-1.77691993249291E-12));
#2243=DIRECTION('',(-1.10991529176528E-13,8.38033457987893E-13,1.));
#2244=DIRECTION('',(0.776850733647434,0.629684792282173,-5.33042083877839E-13));
#2245=DIRECTION('',(-2.2064144732721E-13,-3.60516505565658E-13,-1.));
#2246=DIRECTION('',(-0.454773873865978,0.890606941163683,-1.77680694625941E-13));
#2247=DIRECTION('',(-3.71287747666174E-13,-6.30372453243057E-13,-1.));
#2248=DIRECTION('',(-0.161157861358045,-0.986928641656782,6.9470093516003E-13));
#2249=DIRECTION('',(3.71287747666143E-13,6.30372453243303E-13,1.));
#2250=DIRECTION('',(-0.785012578011534,-0.619479824016639,6.94700935159377E-13));
#2251=DIRECTION('',(5.30693585148443E-13,5.08490665332522E-13,-1.));
#2252=DIRECTION('',(-0.244945769429415,-0.969536781168529,-5.95526690608308E-13));
#2253=DIRECTION('',(-5.30693585149178E-13,-5.08490665333674E-13,1.));
#2254=DIRECTION('',(-0.837773639735712,-0.546017699863271,-6.94781139041553E-13));
#2255=DIRECTION('',(1.76694663891307E-12,1.6346537552746E-12,1.));
#2256=DIRECTION('',(0.99865400644941,-0.0518669008380289,-1.59912485506933E-12));
#2257=DIRECTION('',(-8.83473319454322E-13,-8.17326877635646E-13,-1.));
#2258=DIRECTION('',(0.257970194997864,0.966152875321895,-1.24376377616895E-12));
#2259=DIRECTION('',(0.,0.,1.));
#2260=DIRECTION('',(0.156846602646087,-0.987622976260871,0.));
#2261=DIRECTION('',(0.,0.,-1.));
#2262=DIRECTION('',(0.998677831648547,-0.0514061141670514,0.));
#2263=DIRECTION('',(3.60274684519809E-13,-6.36730848211309E-13,-1.));
#2264=DIRECTION('',(-0.774126344719443,0.633031122782532,-6.94700935163079E-13));
#2265=DIRECTION('',(-9.59145774753492E-13,1.13845921454434E-12,1.));
#2266=DIRECTION('',(-0.143978975723195,0.989580746856819,-1.24053738421913E-12));
#2267=DIRECTION('',(-1.52688089903922E-14,-7.77565569905564E-15,-1.));
#2268=DIRECTION('',(0.902881671371505,-0.429889157227066,-1.04432577057299E-14));
#2269=DIRECTION('',(0.,0.,-1.));
#2270=DIRECTION('',(-0.717170597680625,0.696897649459671,0.));
#2271=DIRECTION('',(-3.86535963917984E-13,1.01435601583381E-12,1.));
#2272=DIRECTION('',(-0.053978379130082,0.998542104563693,-9.92544484344147E-13));
#2273=DIRECTION('',(-2.28722643878732E-14,4.49135416525452E-14,1.));
#2274=DIRECTION('',(-0.183341398411058,-0.983049302745634,4.17730308229187E-14));
#2275=DIRECTION('',(1.30918159894287E-14,5.16000814499168E-14,1.));
#2276=DIRECTION('',(0.943016368555836,0.332746342783455,-3.13297731171899E-14));
#2277=DIRECTION('',(-6.5459079947144E-15,-2.58000407249586E-14,-1.));
#2278=DIRECTION('',(-0.0791459047156301,0.99686304263261,-2.08865154114591E-14));
#2279=DIRECTION('',(0.,0.,1.));
#2280=DIRECTION('',(1.,0.,0.));
#2281=CARTESIAN_POINT('',(0.,0.,0.));
#2282=CARTESIAN_POINT('',(-0.0712155311850333,-0.0712155439849248,2.17999999999999));
#2283=CARTESIAN_POINT('',(-0.0639996895128177,0.0214305210661756,2.18001000063283));
#2284=CARTESIAN_POINT('',(-0.0700000000001535,0.0318132418046566,2.18001000090496));
#2285=CARTESIAN_POINT('',(-0.0700071320113533,0.0466654740850855,2.18001000142164));
#2286=CARTESIAN_POINT('',(-0.0466826188961133,0.0699999872005484,2.18000999999999));
#2287=CARTESIAN_POINT('',(-0.0318320551968402,0.0700050781033921,2.1800100003675));
#2288=CARTESIAN_POINT('',(-3.08231408620646E-15,-1.27992505890548E-8,1.18));
#2289=CARTESIAN_POINT('',(0.0214305725019163,0.063999699020387,2.18001000036536));
#2290=CARTESIAN_POINT('',(0.0318133764905329,0.0699999872009121,2.18000999999999));
#2291=CARTESIAN_POINT('',(0.0466654868843189,0.0700071192121155,2.18001000142164));
#2292=CARTESIAN_POINT('',(0.0699999999997782,0.0466827279835114,2.18001000090496));
#2293=CARTESIAN_POINT('',(0.0700051128933334,0.0318320798862209,2.18001000062649));
#2294=CARTESIAN_POINT('',(-3.07841815258511E-15,-1.27992372825137E-8,1.18));
#2295=CARTESIAN_POINT('',(0.0639996895128133,-0.0214305466646396,2.18001000063283));
#2296=CARTESIAN_POINT('',(0.0700000000001419,-0.0318132674031312,2.18001000090496));
#2297=CARTESIAN_POINT('',(0.0700071320113453,-0.0466654996835602,2.18001000142164));
#2298=CARTESIAN_POINT('',(0.0466826188961,-0.0700000127990196,2.18000999999999));
#2299=CARTESIAN_POINT('',(0.0318320551968322,-0.0700051037018597,2.1800100003675));
#2300=CARTESIAN_POINT('',(-3.96621212539961E-15,-1.27992346214376E-8,1.18));
#2301=CARTESIAN_POINT('',(-0.021430572501926,-0.0639997246188581,2.18001000036536));
#2302=CARTESIAN_POINT('',(-0.0318133764905409,-0.0700000127993833,2.18000999999999));
#2303=CARTESIAN_POINT('',(-0.0466654868843269,-0.0700071448105866,2.18001000142164));
#2304=CARTESIAN_POINT('',(-0.069999999999788,-0.0466827535819861,2.18001000090496));
#2305=CARTESIAN_POINT('',(-0.0700051128933432,-0.0318321054846885,2.18001000062649));
#2306=CARTESIAN_POINT('',(1.20165487743746E-14,-1.27992372775962E-8,1.18));
#2307=CARTESIAN_POINT('',(0.0712155311856871,-0.0712155439842648,0.180000000000001));
#2308=CARTESIAN_POINT('',(0.0639697818767085,0.0215433622066815,2.17999999999985));
#2309=CARTESIAN_POINT('',(0.0640047422912791,-0.0214392983336611,2.17999999999985));
#2310=CARTESIAN_POINT('',(0.0699999999998471,0.031823363691955,2.17999999999999));
#2311=CARTESIAN_POINT('',(0.0699999999997782,0.0466726060968723,2.17999999999999));
#2312=CARTESIAN_POINT('',(0.0466726188954499,0.069999987200981,2.17999999999999));
#2313=CARTESIAN_POINT('',(0.0318233764905325,0.0699999872009122,2.17999999999999));
#2314=CARTESIAN_POINT('',(0.0214392855344197,0.0640047294920458,2.18));
#2315=CARTESIAN_POINT('',(-0.0215433750059317,0.0639697690774752,2.18));
#2316=CARTESIAN_POINT('',(-0.031823376491191,0.0699999872006173,2.17999999999999));
#2317=CARTESIAN_POINT('',(-0.0466726188961101,0.0699999872005485,2.17999999999999));
#2318=CARTESIAN_POINT('',(-0.0700000000002223,0.0466726060962201,2.17999999999999));
#2319=CARTESIAN_POINT('',(-0.0700000000001535,0.0318233636913028,2.17999999999999));
#2320=CARTESIAN_POINT('',(-0.0640047422912836,0.0214392727351971,2.18));
#2321=CARTESIAN_POINT('',(-0.0639697818767165,-0.0215433878051562,2.18));
#2322=CARTESIAN_POINT('',(-0.0699999999998586,-0.0318233892904225,2.17999999999999));
#2323=CARTESIAN_POINT('',(-0.069999999999788,-0.0466726316953399,2.17999999999999));
#2324=CARTESIAN_POINT('',(-0.0466726188954615,-0.0700000127994557,2.17999999999999));
#2325=CARTESIAN_POINT('',(-0.0318233764905405,-0.0700000127993798,2.17999999999999));
#2326=CARTESIAN_POINT('',(-0.0214392855344295,-0.0640047550905205,2.18));
#2327=CARTESIAN_POINT('',(0.0215433750059219,-0.0639697946759499,2.18));
#2328=CARTESIAN_POINT('',(0.031823376491183,-0.0700000127990849,2.17999999999999));
#2329=CARTESIAN_POINT('',(0.0466726188961003,-0.0700000127990196,2.17999999999999));
#2330=CARTESIAN_POINT('',(0.0700000000002143,-0.0466726316946877,2.17999999999999));
#2331=CARTESIAN_POINT('',(0.0700000000001437,-0.0318233892897739,2.17999999999999));
#2332=CARTESIAN_POINT('',(-0.0700000000001499,0.0318233636913029,0.179999999999999));
#2333=CARTESIAN_POINT('',(-0.06400474229128,0.0214392727351972,0.179999999999999));
#2334=CARTESIAN_POINT('',(-0.0700000000002151,0.0466726060962202,0.179999999999999));
#2335=CARTESIAN_POINT('',(-0.0466726188961065,0.0699999872005486,0.179999999999999));
#2336=CARTESIAN_POINT('',(-0.0318233764911891,0.0699999872006174,0.179999999999999));
#2337=CARTESIAN_POINT('',(-0.0215433750059263,0.0639697690774753,0.179999999999999));
#2338=CARTESIAN_POINT('',(0.0214392855344234,0.0640047294920495,0.179999999999999));
#2339=CARTESIAN_POINT('',(0.0318233764905362,0.0699999872009123,0.179999999999999));
#2340=CARTESIAN_POINT('',(0.0466726188954571,0.0699999872009811,0.179999999999999));
#2341=CARTESIAN_POINT('',(0.0699999999997819,0.0466726060968689,0.179999999999999));
#2342=CARTESIAN_POINT('',(0.0699999999998525,0.0318233636919515,0.179999999999999));
#2343=CARTESIAN_POINT('',(0.0639697818767157,0.0215433622066816,0.179999999999999));
#2344=CARTESIAN_POINT('',(0.0640047422912792,-0.021439298333661,0.179999999999999));
#2345=CARTESIAN_POINT('',(0.0700000000001473,-0.0318233892897738,0.179999999999999));
#2346=CARTESIAN_POINT('',(0.0700000000002162,-0.0466726316946911,0.179999999999999));
#2347=CARTESIAN_POINT('',(0.046672618896104,-0.0700000127990195,0.179999999999999));
#2348=CARTESIAN_POINT('',(0.0318233764911848,-0.0700000127990883,0.179999999999999));
#2349=CARTESIAN_POINT('',(0.0215433750059255,-0.0639697946759462,0.179999999999999));
#2350=CARTESIAN_POINT('',(-0.0214392855344277,-0.0640047550905168,0.179999999999999));
#2351=CARTESIAN_POINT('',(-0.0318233764905405,-0.0700000127993832,0.179999999999999));
#2352=CARTESIAN_POINT('',(-0.0466726188954578,-0.070000012799452,0.179999999999999));
#2353=CARTESIAN_POINT('',(-0.0699999999997862,-0.0466726316953434,0.179999999999999));
#2354=CARTESIAN_POINT('',(-0.0699999999998514,-0.0318233892904224,0.179999999999999));
#2355=CARTESIAN_POINT('',(-0.0639697818767165,-0.0215433878051525,0.179999999999999));
#2356=CARTESIAN_POINT('',(-1.17587562951128E-14,-1.27992407482088E-8,2.17999999999985));
#2357=CARTESIAN_POINT('',(0.0639697818767085,0.0215433622066815,2.17999999999985));
#2358=CARTESIAN_POINT('',(0.0640047422912791,-0.0214392983336611,2.17999999999985));
#2359=CARTESIAN_POINT('',(0.0699999999997782,0.0466726060968723,2.17999999999999));
#2360=CARTESIAN_POINT('',(0.0699999999998471,0.031823363691955,2.17999999999999));
#2361=CARTESIAN_POINT('',(0.0318233764905325,0.0699999872009122,2.17999999999999));
#2362=CARTESIAN_POINT('',(0.0466726188954499,0.069999987200981,2.17999999999999));
#2363=CARTESIAN_POINT('',(-0.0466726188961101,0.0699999872005485,2.17999999999999));
#2364=CARTESIAN_POINT('',(-0.031823376491191,0.0699999872006173,2.17999999999999));
#2365=CARTESIAN_POINT('',(-0.0700000000001535,0.0318233636913028,2.17999999999999));
#2366=CARTESIAN_POINT('',(-0.0700000000002223,0.0466726060962201,2.17999999999999));
#2367=CARTESIAN_POINT('',(-0.069999999999788,-0.0466726316953399,2.17999999999999));
#2368=CARTESIAN_POINT('',(-0.0699999999998586,-0.0318233892904225,2.17999999999999));
#2369=CARTESIAN_POINT('',(-0.0318233764905405,-0.0700000127993798,2.17999999999999));
#2370=CARTESIAN_POINT('',(-0.0466726188954615,-0.0700000127994557,2.17999999999999));
#2371=CARTESIAN_POINT('',(0.0466726188961003,-0.0700000127990196,2.17999999999999));
#2372=CARTESIAN_POINT('',(0.031823376491183,-0.0700000127990849,2.17999999999999));
#2373=CARTESIAN_POINT('',(0.0700000000001437,-0.0318233892897739,2.17999999999999));
#2374=CARTESIAN_POINT('',(0.0700000000002143,-0.0466726316946877,2.17999999999999));
#2375=CARTESIAN_POINT('',(-0.0640047422912836,0.0214392727351971,2.18));
#2376=CARTESIAN_POINT('',(-0.0700000000001535,0.0318233636913028,2.17999999999999));
#2377=CARTESIAN_POINT('',(-0.0700000000001535,0.0318233636913028,2.17999999999999));
#2378=CARTESIAN_POINT('',(-0.0700000000001499,0.0318233636913029,0.179999999999999));
#2379=CARTESIAN_POINT('',(-0.0700000000001499,0.0318233636913029,0.179999999999999));
#2380=CARTESIAN_POINT('',(-0.06400474229128,0.0214392727351972,0.179999999999999));
#2381=CARTESIAN_POINT('',(-0.06400474229128,0.0214392727351972,0.179999999999999));
#2382=CARTESIAN_POINT('',(-0.0640047422912836,0.0214392727351971,2.18));
#2383=CARTESIAN_POINT('',(-0.0700000000002223,0.0466726060962201,2.17999999999999));
#2384=CARTESIAN_POINT('',(-0.0700000000002151,0.0466726060962202,0.179999999999999));
#2385=CARTESIAN_POINT('',(-0.0700000000002151,0.0466726060962202,0.179999999999999));
#2386=CARTESIAN_POINT('',(-0.0700000000001499,0.0318233636913029,0.179999999999999));
#2387=CARTESIAN_POINT('',(-0.0700000000002223,0.0466726060962201,2.17999999999999));
#2388=CARTESIAN_POINT('',(-0.0466726188961101,0.0699999872005485,2.17999999999999));
#2389=CARTESIAN_POINT('',(-0.0466726188961101,0.0699999872005485,2.17999999999999));
#2390=CARTESIAN_POINT('',(-0.0466726188961065,0.0699999872005486,0.179999999999999));
#2391=CARTESIAN_POINT('',(-0.0466726188961065,0.0699999872005486,0.179999999999999));
#2392=CARTESIAN_POINT('',(-0.0700000000002151,0.0466726060962202,0.179999999999999));
#2393=CARTESIAN_POINT('',(-0.031823376491191,0.0699999872006173,2.17999999999999));
#2394=CARTESIAN_POINT('',(-0.0318233764911891,0.0699999872006174,0.179999999999999));
#2395=CARTESIAN_POINT('',(-0.0318233764911891,0.0699999872006174,0.179999999999999));
#2396=CARTESIAN_POINT('',(-0.0466726188961065,0.0699999872005486,0.179999999999999));
#2397=CARTESIAN_POINT('',(-0.031823376491191,0.0699999872006173,2.17999999999999));
#2398=CARTESIAN_POINT('',(-0.0215433750059317,0.0639697690774752,2.18));
#2399=CARTESIAN_POINT('',(-0.0215433750059317,0.0639697690774752,2.18));
#2400=CARTESIAN_POINT('',(-0.0215433750059263,0.0639697690774753,0.179999999999999));
#2401=CARTESIAN_POINT('',(-0.0215433750059263,0.0639697690774753,0.179999999999999));
#2402=CARTESIAN_POINT('',(-0.0318233764911891,0.0699999872006174,0.179999999999999));
#2403=CARTESIAN_POINT('',(-5.89380720420985E-15,-1.27992576810772E-8,2.17999999999984));
#2404=CARTESIAN_POINT('',(-0.0215433750059335,0.0639697690774752,2.18));
#2405=CARTESIAN_POINT('',(0.0214392855344197,0.0640047294920458,2.18));
#2406=CARTESIAN_POINT('',(0.0214392855344197,0.0640047294920458,2.18));
#2407=CARTESIAN_POINT('',(0.0214392855344234,0.0640047294920495,0.179999999999999));
#2408=CARTESIAN_POINT('',(4.81699102502114E-15,-1.27992619901551E-8,0.180000000000004));
#2409=CARTESIAN_POINT('',(0.0214392855344234,0.0640047294920495,0.179999999999999));
#2410=CARTESIAN_POINT('',(-0.0215433750059263,0.0639697690774753,0.179999999999999));
#2411=CARTESIAN_POINT('',(0.0214392855344197,0.0640047294920458,2.18));
#2412=CARTESIAN_POINT('',(0.0318233764905325,0.0699999872009122,2.17999999999999));
#2413=CARTESIAN_POINT('',(0.0318233764905325,0.0699999872009122,2.17999999999999));
#2414=CARTESIAN_POINT('',(0.0318233764905362,0.0699999872009123,0.179999999999999));
#2415=CARTESIAN_POINT('',(0.0318233764905362,0.0699999872009123,0.179999999999999));
#2416=CARTESIAN_POINT('',(0.0214392855344234,0.0640047294920495,0.179999999999999));
#2417=CARTESIAN_POINT('',(0.0466726188954499,0.069999987200981,2.17999999999999));
#2418=CARTESIAN_POINT('',(0.0466726188954571,0.0699999872009811,0.179999999999999));
#2419=CARTESIAN_POINT('',(0.0466726188954571,0.0699999872009811,0.179999999999999));
#2420=CARTESIAN_POINT('',(0.0318233764905362,0.0699999872009123,0.179999999999999));
#2421=CARTESIAN_POINT('',(0.0466726188954499,0.069999987200981,2.17999999999999));
#2422=CARTESIAN_POINT('',(0.0699999999997782,0.0466726060968723,2.17999999999999));
#2423=CARTESIAN_POINT('',(0.0699999999997782,0.0466726060968723,2.17999999999999));
#2424=CARTESIAN_POINT('',(0.0699999999997819,0.0466726060968689,0.179999999999999));
#2425=CARTESIAN_POINT('',(0.0699999999997819,0.0466726060968689,0.179999999999999));
#2426=CARTESIAN_POINT('',(0.0466726188954571,0.0699999872009811,0.179999999999999));
#2427=CARTESIAN_POINT('',(0.0699999999998471,0.031823363691955,2.17999999999999));
#2428=CARTESIAN_POINT('',(0.0699999999998525,0.0318233636919515,0.179999999999999));
#2429=CARTESIAN_POINT('',(0.0699999999998525,0.0318233636919515,0.179999999999999));
#2430=CARTESIAN_POINT('',(0.0699999999997819,0.0466726060968689,0.179999999999999));
#2431=CARTESIAN_POINT('',(0.0699999999998471,0.031823363691955,2.17999999999999));
#2432=CARTESIAN_POINT('',(0.0639697818767085,0.0215433622066815,2.17999999999985));
#2433=CARTESIAN_POINT('',(0.0639697818767085,0.0215433622066815,2.17999999999985));
#2434=CARTESIAN_POINT('',(0.0639697818767157,0.0215433622066816,0.179999999999999));
#2435=CARTESIAN_POINT('',(0.0639697818767157,0.0215433622066816,0.179999999999999));
#2436=CARTESIAN_POINT('',(0.0699999999998525,0.0318233636919515,0.179999999999999));
#2437=CARTESIAN_POINT('',(-6.27208151327004E-15,-1.27992300654567E-8,0.180000000000002));
#2438=CARTESIAN_POINT('',(0.0640047422912792,-0.021439298333661,0.179999999999999));
#2439=CARTESIAN_POINT('',(0.0639697818767157,0.0215433622066816,0.179999999999999));
#2440=CARTESIAN_POINT('',(0.0640047422912791,-0.0214392983336611,2.17999999999985));
#2441=CARTESIAN_POINT('',(0.0700000000001437,-0.0318233892897739,2.17999999999999));
#2442=CARTESIAN_POINT('',(0.0700000000001437,-0.0318233892897739,2.17999999999999));
#2443=CARTESIAN_POINT('',(0.0700000000001473,-0.0318233892897738,0.179999999999999));
#2444=CARTESIAN_POINT('',(0.0700000000001473,-0.0318233892897738,0.179999999999999));
#2445=CARTESIAN_POINT('',(0.0640047422912792,-0.021439298333661,0.179999999999999));
#2446=CARTESIAN_POINT('',(0.0640047422912791,-0.0214392983336611,2.17999999999985));
#2447=CARTESIAN_POINT('',(0.0640047422912792,-0.021439298333661,0.179999999999999));
#2448=CARTESIAN_POINT('',(0.0700000000002143,-0.0466726316946877,2.17999999999999));
#2449=CARTESIAN_POINT('',(0.0700000000002162,-0.0466726316946911,0.179999999999999));
#2450=CARTESIAN_POINT('',(0.0700000000002162,-0.0466726316946911,0.179999999999999));
#2451=CARTESIAN_POINT('',(0.0700000000001473,-0.0318233892897738,0.179999999999999));
#2452=CARTESIAN_POINT('',(0.0700000000002143,-0.0466726316946877,2.17999999999999));
#2453=CARTESIAN_POINT('',(0.0466726188961003,-0.0700000127990196,2.17999999999999));
#2454=CARTESIAN_POINT('',(0.0466726188961003,-0.0700000127990196,2.17999999999999));
#2455=CARTESIAN_POINT('',(0.046672618896104,-0.0700000127990195,0.179999999999999));
#2456=CARTESIAN_POINT('',(0.046672618896104,-0.0700000127990195,0.179999999999999));
#2457=CARTESIAN_POINT('',(0.0700000000002162,-0.0466726316946911,0.179999999999999));
#2458=CARTESIAN_POINT('',(0.031823376491183,-0.0700000127990849,2.17999999999999));
#2459=CARTESIAN_POINT('',(0.0318233764911848,-0.0700000127990883,0.179999999999999));
#2460=CARTESIAN_POINT('',(0.0318233764911848,-0.0700000127990883,0.179999999999999));
#2461=CARTESIAN_POINT('',(0.046672618896104,-0.0700000127990195,0.179999999999999));
#2462=CARTESIAN_POINT('',(0.031823376491183,-0.0700000127990849,2.17999999999999));
#2463=CARTESIAN_POINT('',(0.0215433750059219,-0.0639697946759499,2.18));
#2464=CARTESIAN_POINT('',(0.0215433750059219,-0.0639697946759499,2.18));
#2465=CARTESIAN_POINT('',(0.0215433750059255,-0.0639697946759462,0.179999999999999));
#2466=CARTESIAN_POINT('',(0.0215433750059255,-0.0639697946759462,0.179999999999999));
#2467=CARTESIAN_POINT('',(0.0318233764911848,-0.0700000127990883,0.179999999999999));
#2468=CARTESIAN_POINT('',(-4.7248664614681E-15,-1.27992501683534E-8,2.17999999999985));
#2469=CARTESIAN_POINT('',(0.0215433750059219,-0.0639697946759499,2.18));
#2470=CARTESIAN_POINT('',(-0.0214392855344295,-0.0640047550905205,2.18));
#2471=CARTESIAN_POINT('',(-0.0214392855344295,-0.0640047550905205,2.18));
#2472=CARTESIAN_POINT('',(-0.0214392855344277,-0.0640047550905168,0.179999999999999));
#2473=CARTESIAN_POINT('',(-2.00277361498641E-15,-1.27992374816315E-8,0.180000000000015));
#2474=CARTESIAN_POINT('',(-0.0214392855344277,-0.0640047550905168,0.179999999999999));
#2475=CARTESIAN_POINT('',(0.0215433750059255,-0.0639697946759462,0.179999999999999));
#2476=CARTESIAN_POINT('',(-0.0214392855344295,-0.0640047550905205,2.18));
#2477=CARTESIAN_POINT('',(-0.0318233764905405,-0.0700000127993798,2.17999999999999));
#2478=CARTESIAN_POINT('',(-0.0318233764905405,-0.0700000127993798,2.17999999999999));
#2479=CARTESIAN_POINT('',(-0.0318233764905405,-0.0700000127993832,0.179999999999999));
#2480=CARTESIAN_POINT('',(-0.0318233764905405,-0.0700000127993832,0.179999999999999));
#2481=CARTESIAN_POINT('',(-0.0214392855344277,-0.0640047550905168,0.179999999999999));
#2482=CARTESIAN_POINT('',(-0.0466726188954615,-0.0700000127994557,2.17999999999999));
#2483=CARTESIAN_POINT('',(-0.0466726188954578,-0.070000012799452,0.179999999999999));
#2484=CARTESIAN_POINT('',(-0.0466726188954578,-0.070000012799452,0.179999999999999));
#2485=CARTESIAN_POINT('',(-0.0318233764905405,-0.0700000127993832,0.179999999999999));
#2486=CARTESIAN_POINT('',(-0.0466726188954615,-0.0700000127994557,2.17999999999999));
#2487=CARTESIAN_POINT('',(-0.069999999999788,-0.0466726316953399,2.17999999999999));
#2488=CARTESIAN_POINT('',(-0.069999999999788,-0.0466726316953399,2.17999999999999));
#2489=CARTESIAN_POINT('',(-0.0699999999997862,-0.0466726316953434,0.179999999999999));
#2490=CARTESIAN_POINT('',(-0.0699999999997862,-0.0466726316953434,0.179999999999999));
#2491=CARTESIAN_POINT('',(-0.0466726188954578,-0.070000012799452,0.179999999999999));
#2492=CARTESIAN_POINT('',(-0.0699999999998586,-0.0318233892904225,2.17999999999999));
#2493=CARTESIAN_POINT('',(-0.0699999999998514,-0.0318233892904224,0.179999999999999));
#2494=CARTESIAN_POINT('',(-0.0699999999998514,-0.0318233892904224,0.179999999999999));
#2495=CARTESIAN_POINT('',(-0.0699999999997862,-0.0466726316953434,0.179999999999999));
#2496=CARTESIAN_POINT('',(-0.0699999999998586,-0.0318233892904225,2.17999999999999));
#2497=CARTESIAN_POINT('',(-0.0639697818767165,-0.0215433878051562,2.18));
#2498=CARTESIAN_POINT('',(-0.0639697818767165,-0.0215433878051562,2.18));
#2499=CARTESIAN_POINT('',(-0.0639697818767165,-0.0215433878051525,0.179999999999999));
#2500=CARTESIAN_POINT('',(-0.0639697818767165,-0.0215433878051525,0.179999999999999));
#2501=CARTESIAN_POINT('',(-0.0699999999998514,-0.0318233892904224,0.179999999999999));
#2502=CARTESIAN_POINT('',(9.20623468901966E-15,-1.27992338847473E-8,2.17999999999984));
#2503=CARTESIAN_POINT('',(-0.0639697818767165,-0.0215433878051562,2.18));
#2504=CARTESIAN_POINT('',(-0.0640047422912836,0.0214392727351971,2.18));
#2505=CARTESIAN_POINT('',(3.41801198416005E-14,-1.27992372920335E-8,0.180000000000009));
#2506=CARTESIAN_POINT('',(-0.06400474229128,0.0214392727351972,0.179999999999999));
#2507=CARTESIAN_POINT('',(-0.0639697818767165,-0.0215433878051525,0.179999999999999));
#2508=CARTESIAN_POINT('',(0.0261307954788816,-1.82817644425062E-9,1.21230410704553E-17));
#2509=CARTESIAN_POINT('',(-0.0261307954788808,-1.82841770254645E-9,8.04889878059271E-16));
#2510=CARTESIAN_POINT('',(-4.70942839813413E-16,-1.83439370481927E-8,0.225500002666271));
#2511=CARTESIAN_POINT('',(2.18840136017886E-15,-1.83439361650162E-8,0.225500002666271));
#2512=CARTESIAN_POINT('',(-0.0484860000002257,0.0484859816558379,0.271000000000001));
#2513=CARTESIAN_POINT('',(-0.0875099999995967,-0.0875100121890698,0.180000005332541));
#2514=CARTESIAN_POINT('',(-0.0875099999995913,-0.0875100121890662,0.170000000000001));
#2515=CARTESIAN_POINT('',(-0.0256599999998817,-0.0256600000001156,0.170000000000001));
#2516=CARTESIAN_POINT('',(2.30367628540064E-15,-1.21886625416697E-8,0.175000002666271));
#2517=CARTESIAN_POINT('',(-0.0434869999997996,-0.0434870183441384,0.180000005332541));
#2518=CARTESIAN_POINT('',(-1.95648239969612E-15,1.77003392021028E-15,0.0700000000000002));
#2519=CARTESIAN_POINT('',(-1.80315305818421E-16,3.5462010141045E-15,0.0700000000000003));
#2520=CARTESIAN_POINT('',(-0.0301599999998607,-0.0301600000001366,-0.0300000000000003));
#2521=CARTESIAN_POINT('',(0.0272033554462024,0.0129999981718284,6.59194920871187E-17));
#2522=CARTESIAN_POINT('',(0.0272033536989029,-0.0130000018281714,-4.5102810375397E-17));
#2523=CARTESIAN_POINT('',(0.0221115930573356,0.0129999981718048,5.89805981832114E-17));
#2524=CARTESIAN_POINT('',(0.0221115909076397,-0.013000001828195,-5.55111512312578E-17));
#2525=CARTESIAN_POINT('',(-0.0221115930574544,0.0129999981716035,-2.08166817117217E-17));
#2526=CARTESIAN_POINT('',(-0.0221115909075194,-0.0130000018283999,-7.97972798949331E-17));
#2527=CARTESIAN_POINT('',(-0.0272033554463248,0.0129999981715763,-3.12250225675825E-17));
#2528=CARTESIAN_POINT('',(-0.027203353698779,-0.0130000018284235,-1.45716771982052E-16));
#2529=CARTESIAN_POINT('',(1.99118499466522E-13,-0.0434770183439408,0.271000000000001));
#2530=CARTESIAN_POINT('',(-2.00200966915531E-13,0.0434769816560614,0.271000000000002));
#2531=CARTESIAN_POINT('',(-2.03587147140638E-13,0.0434769816560614,0.18000000533254));
#2532=CARTESIAN_POINT('',(2.01061389759616E-13,-0.0434770183439408,0.18000000533254));
#2533=CARTESIAN_POINT('',(-2.25153229393982E-13,0.0484759816560629,0.271000000000002));
#2534=CARTESIAN_POINT('',(2.24070761944972E-13,-0.0484760183439388,0.271000000000002));
#2535=CARTESIAN_POINT('',(2.26013652238066E-13,-0.0484760183439352,0.18000000533254));
#2536=CARTESIAN_POINT('',(-2.23210339100888E-13,0.0484759816560629,0.18000000533254));
#2537=CARTESIAN_POINT('',(-4.05786515500495E-13,0.0874999878113396,0.180000005332541));
#2538=CARTESIAN_POINT('',(4.03260758119472E-13,-0.0875000121886611,0.180000005332541));
#2539=CARTESIAN_POINT('',(4.05064870534488E-13,-0.0875000121886611,0.170000000000001));
#2540=CARTESIAN_POINT('',(-4.04010158661094E-13,0.0874999878113396,0.170000000000001));
#2541=CARTESIAN_POINT('',(1.37556632751057E-13,-0.0301499999999973,0.170000000000001));
#2542=CARTESIAN_POINT('',(-1.41830991395864E-13,0.0301500000000008,0.170000000000001));
#2543=CARTESIAN_POINT('',(1.2026490914252E-13,-0.0256499999999971,0.170000000000001));
#2544=CARTESIAN_POINT('',(-1.17433840429726E-13,0.0256500000000042,0.170000000000001));
#2545=CARTESIAN_POINT('',(1.17073017946723E-13,-0.0256500000000006,-0.0300000000000002));
#2546=CARTESIAN_POINT('',(-1.20625731625523E-13,0.0256500000000006,-0.0300000000000002));
#2547=CARTESIAN_POINT('',(-1.3969381207346E-13,0.0301500000000008,-0.0300000000000003));
#2548=CARTESIAN_POINT('',(1.41470168912861E-13,-0.0301499999999972,-0.0300000000000002));
#2549=CARTESIAN_POINT('',(0.0272033554462024,0.0129999981718284,6.59194920871187E-17));
#2550=CARTESIAN_POINT('',(0.027203355446206,0.0129999981718284,-0.000945354916472838));
#2551=CARTESIAN_POINT('',(0.0272519971736168,0.0128984070622808,-0.0017387956716499));
#2552=CARTESIAN_POINT('',(0.0273316331537355,0.0127282109687249,-0.00266283487474876));
#2553=CARTESIAN_POINT('',(0.0273604221929949,0.0126664070631512,-0.00293788646535102));
#2554=CARTESIAN_POINT('',(0.0274199005709677,0.0125372987704618,-0.0034474896352296));
#2555=CARTESIAN_POINT('',(0.027450578381491,0.0124700879277928,-0.00368105528314893));
#2556=CARTESIAN_POINT('',(0.0275443134851691,0.0122622250619934,-0.00434177587766892));
#2557=CARTESIAN_POINT('',(0.0276089011491887,0.0121160811845602,-0.0047276194502439));
#2558=CARTESIAN_POINT('',(0.0277397539436477,0.0118133085230975,-0.00544017938879808));
#2559=CARTESIAN_POINT('',(0.0278059756066639,0.0116568184085777,-0.00576528089827731));
#2560=CARTESIAN_POINT('',(0.0280060682243587,0.0111719339947634,-0.00668330731368625));
#2561=CARTESIAN_POINT('',(0.0281411271855716,0.0108283863249746,-0.00721991612304688));
#2562=CARTESIAN_POINT('',(0.0284121288250241,0.0100954153554531,-0.00821363078715003));
#2563=CARTESIAN_POINT('',(0.0285481608509024,0.00970658152117824,-0.0086684604021973));
#2564=CARTESIAN_POINT('',(0.0288200889000014,0.00886686952853596,-0.00952568097033167));
#2565=CARTESIAN_POINT('',(0.0289560162361298,0.0084164301585306,-0.00992754025162411));
#2566=CARTESIAN_POINT('',(0.0292265133275997,0.00742293785456246,-0.0106907599964093));
#2567=CARTESIAN_POINT('',(0.0293611362447699,0.00688140536915253,-0.011052415587768));
#2568=CARTESIAN_POINT('',(0.0295602211535266,0.00594241345007181,-0.0115678578500082));
#2569=CARTESIAN_POINT('',(0.0296260490685067,0.0056090726116627,-0.0117345472977881));
#2570=CARTESIAN_POINT('',(0.0297557583633901,0.00487397572721202,-0.012058426893474));
#2571=CARTESIAN_POINT('',(0.0298197554319183,0.00447374642563996,-0.012215474849782));
#2572=CARTESIAN_POINT('',(0.0299120717027483,0.00378621014263384,-0.0124387564178744));
#2573=CARTESIAN_POINT('',(0.029942246260283,0.00354241309853105,-0.012511061849266));
#2574=CARTESIAN_POINT('',(0.030000390818911,0.0030110619230741,-0.0126494611424768));
#2575=CARTESIAN_POINT('',(0.0300284323420372,0.00272387781324092,-0.0127156181750143));
#2576=CARTESIAN_POINT('',(0.0301053446588415,0.00176187602277893,-0.0128965751241452));
#2577=CARTESIAN_POINT('',(0.0301500000613411,0.000943352027696489,-0.0129999999999998));
#2578=CARTESIAN_POINT('',(0.0301499999386569,-0.000943351100158838,-0.0129999999999998));
#2579=CARTESIAN_POINT('',(0.0301053448691909,-0.0017618715360372,-0.0128965761157351));
#2580=CARTESIAN_POINT('',(0.030028433044656,-0.00272386995216088,-0.0127156206115603));
#2581=CARTESIAN_POINT('',(0.0300003916858118,-0.00301105324151641,-0.0126494640613908));
#2582=CARTESIAN_POINT('',(0.0299422474537629,-0.0035424029578957,-0.0125110657375903));
#2583=CARTESIAN_POINT('',(0.0299120730681765,-0.00378619930832788,-0.0124387608147964));
#2584=CARTESIAN_POINT('',(0.0298197573013355,-0.00447373382415112,-0.0122154807475664));
#2585=CARTESIAN_POINT('',(0.0297557605781863,-0.00487396212433813,-0.0120584338295248));
#2586=CARTESIAN_POINT('',(0.0296260519547389,-0.00560905730149437,-0.0117345563225362));
#2587=CARTESIAN_POINT('',(0.0295602243862882,-0.00594239734302331,-0.0115678679660451));
#2588=CARTESIAN_POINT('',(0.0293611390985741,-0.00688139362258941,-0.0110524255069703));
#2589=CARTESIAN_POINT('',(0.0292265154357351,-0.00742292977527152,-0.010690768351786));
#2590=CARTESIAN_POINT('',(0.0289560168287027,-0.00841642831938478,-0.00992754513348525));
#2591=CARTESIAN_POINT('',(0.0288200887241141,-0.00886687021761615,-0.00952568392978119));
#2592=CARTESIAN_POINT('',(0.0285481611403787,-0.00970658048306657,-0.00866846526418467));
#2593=CARTESIAN_POINT('',(0.0284121303497168,-0.0100954109352409,-0.00821364024338232));
#2594=CARTESIAN_POINT('',(0.0281411311485055,-0.0108283758975098,-0.00721993671033515));
#2595=CARTESIAN_POINT('',(0.028006073403237,-0.0111719208879534,-0.00668333443003537));
#2596=CARTESIAN_POINT('',(0.0278059812030296,-0.0116568051288945,-0.00576531527574263));
#2597=CARTESIAN_POINT('',(0.0277397588284881,-0.0118132970591358,-0.00544021237794905));
#2598=CARTESIAN_POINT('',(0.0276089046252991,-0.0121160732998948,-0.00472764920686507));
#2599=CARTESIAN_POINT('',(0.0275443162302923,-0.0122622189011941,-0.00434180386105869));
#2600=CARTESIAN_POINT('',(0.0274505800593365,-0.012470084240287,-0.00368108023730594));
#2601=CARTESIAN_POINT('',(0.027419901879678,-0.0125372959120389,-0.00344751343037596));
#2602=CARTESIAN_POINT('',(0.0273604227946827,-0.0126664057842832,-0.00293790786420349));
#2603=CARTESIAN_POINT('',(0.0273316333865739,-0.0127282104817463,-0.00266285489678085));
#2604=CARTESIAN_POINT('',(0.0272519962998896,-0.0128984089007921,-0.00173881048715428));
#2605=CARTESIAN_POINT('',(0.0272033536989011,-0.0130000018281714,-0.000945364368106928));
#2606=CARTESIAN_POINT('',(0.0272033536989029,-0.0130000018281714,-4.5102810375397E-17));
#2607=CARTESIAN_POINT('',(0.0272033536989029,-0.0130000018281714,-4.5102810375397E-17));
#2608=CARTESIAN_POINT('',(0.0272033536988994,-0.0130000018281714,0.000945354924189359));
#2609=CARTESIAN_POINT('',(0.0272519954400121,-0.0128984107250359,0.00173879558937169));
#2610=CARTESIAN_POINT('',(0.0273316314298636,-0.0127282146703175,0.00266283465280011));
#2611=CARTESIAN_POINT('',(0.027360420471819,-0.0126664107807593,0.00293788619707853));
#2612=CARTESIAN_POINT('',(0.0274198988549331,-0.0125373025234934,0.00344748928006668));
#2613=CARTESIAN_POINT('',(0.0274505766674826,-0.0124700917007974,0.00368105488515181));
#2614=CARTESIAN_POINT('',(0.0275443117772411,-0.0122622288983208,0.00434177535989201));
#2615=CARTESIAN_POINT('',(0.0276088994441813,-0.012116085068941,0.00472761885899327));
#2616=CARTESIAN_POINT('',(0.0277397522448442,-0.0118133125118914,0.00544017866094217));
#2617=CARTESIAN_POINT('',(0.027805973910495,-0.011656822452843,0.00576528010883682));
#2618=CARTESIAN_POINT('',(0.0280060665355981,-0.0111719382257397,0.00668330633557269));
#2619=CARTESIAN_POINT('',(0.02814112550173,-0.0108283906961397,0.00721991503510379));
#2620=CARTESIAN_POINT('',(0.0284121271512406,-0.0100954200601267,0.00821362948469958));
#2621=CARTESIAN_POINT('',(0.0285481591822934,-0.00970658641679119,0.00866845899779724));
#2622=CARTESIAN_POINT('',(0.028820087243915,-0.00886687490127584,0.00952567935741656));
#2623=CARTESIAN_POINT('',(0.0289560145871038,-0.00841643580934011,0.00992753853823026));
#2624=CARTESIAN_POINT('',(0.0292265116981648,-0.00742294424584737,0.0106907580765503));
#2625=CARTESIAN_POINT('',(0.0293611346280701,-0.00688141221344626,0.0110524135608916));
#2626=CARTESIAN_POINT('',(0.0295602196761892,-0.00594242080671474,0.0115678559573542));
#2627=CARTESIAN_POINT('',(0.0296260477135235,-0.00560907978217836,0.0117345456265686));
#2628=CARTESIAN_POINT('',(0.0297557572518515,-0.00487398253099405,0.0120584256296041));
#2629=CARTESIAN_POINT('',(0.0298197544446996,-0.00447375303102011,0.0122154737794382));
#2630=CARTESIAN_POINT('',(0.0299120709058582,-0.00378621644657958,0.0124387556143519));
#2631=CARTESIAN_POINT('',(0.0299422455284833,-0.00354241929156079,0.0125110611336759));
#2632=CARTESIAN_POINT('',(0.0300003902187985,-0.00301106790815587,0.0126494605907715));
#2633=CARTESIAN_POINT('',(0.030028431809921,-0.00272388369375541,0.0127156177025869));
#2634=CARTESIAN_POINT('',(0.0301053443471622,-0.00176188146985097,0.0128965748953887));
#2635=CARTESIAN_POINT('',(0.0301499999386568,-0.000943357215437789,0.0129999999999999));
#2636=CARTESIAN_POINT('',(0.0301500000613428,0.000943345912488592,0.0129999999999999));
#2637=CARTESIAN_POINT('',(0.0301053451808648,0.00176186608906463,0.0128965763444793));
#2638=CARTESIAN_POINT('',(0.0300284335767562,0.0027238640717885,0.0127156210839577));
#2639=CARTESIAN_POINT('',(0.0300003922859082,0.00301104725657319,0.0126494646130598));
#2640=CARTESIAN_POINT('',(0.0299422481855375,0.00354239676502583,0.0125110664531328));
#2641=CARTESIAN_POINT('',(0.0299120738650399,0.00378619300454911,0.0124387616182649));
#2642=CARTESIAN_POINT('',(0.0298197582885203,0.00447372721896993,0.0122154818178366));
#2643=CARTESIAN_POINT('',(0.0297557616896875,0.0048739553207586,0.0120584350933086));
#2644=CARTESIAN_POINT('',(0.0296260533096741,0.00560905013120964,0.0117345579936421));
#2645=CARTESIAN_POINT('',(0.0295602258635722,0.00594238998662195,0.0115678698585695));
#2646=CARTESIAN_POINT('',(0.0293611407152224,0.00688138677848752,0.0110524275337154));
#2647=CARTESIAN_POINT('',(0.0292265170651291,0.00742292338414293,0.0106907702715304));
#2648=CARTESIAN_POINT('',(0.0289560184776985,0.00841642266866409,0.00992754684679749));
#2649=CARTESIAN_POINT('',(0.0288200903801809,0.00886686484494378,0.00952568554263329));
#2650=CARTESIAN_POINT('',(0.0285481628089664,0.00970657558749626,0.00866846666853772));
#2651=CARTESIAN_POINT('',(0.0284121320234842,0.01009540623061,0.00821364154577965));
#2652=CARTESIAN_POINT('',(0.0281411328323293,0.0108283715263909,0.00721993779820979));
#2653=CARTESIAN_POINT('',(0.0280060750919781,0.0111719166570197,0.00668333540806999));
#2654=CARTESIAN_POINT('',(0.0278059828991789,0.0116568010846683,0.00576531606509347));
#2655=CARTESIAN_POINT('',(0.0277397605272721,0.0118132930703811,0.00544021310571903));
#2656=CARTESIAN_POINT('',(0.0276089063302886,0.012116069415546,0.00472764979803931));
#2657=CARTESIAN_POINT('',(0.0275443179382097,0.0122622150648881,0.00434180437876293));
#2658=CARTESIAN_POINT('',(0.0274505817733378,0.0124700804673036,0.00368108063523838));
#2659=CARTESIAN_POINT('',(0.0274199035957002,0.0125372921590286,0.00344751378547777));
#2660=CARTESIAN_POINT('',(0.0273604245158515,0.0126664020667,0.00293790813242191));
#2661=CARTESIAN_POINT('',(0.0273316351104387,0.0127282067801678,0.00266285511867804));
#2662=CARTESIAN_POINT('',(0.0272519980334908,0.0128984052380369,0.00173881056939347));
#2663=CARTESIAN_POINT('',(0.0272033554462042,0.012999998171832,0.0009453643603657));
#2664=CARTESIAN_POINT('',(0.0272033554462024,0.0129999981718284,6.59194920871187E-17));
#2665=CARTESIAN_POINT('',(0.0272033554462024,0.0129999981718284,6.59194920871187E-17));
#2666=CARTESIAN_POINT('',(0.0221115930573356,0.0129999981718048,5.89805981832114E-17));
#2667=CARTESIAN_POINT('',(-0.0272033554463248,0.0129999981715763,-3.12250225675825E-17));
#2668=CARTESIAN_POINT('',(-0.027203355446323,0.0129999981715799,0.000945354916473653));
#2669=CARTESIAN_POINT('',(-0.0272519971737347,0.0128984070620247,0.00173879567165072));
#2670=CARTESIAN_POINT('',(-0.0273316331538535,0.0127282109684716,0.00266283487475052));
#2671=CARTESIAN_POINT('',(-0.0273604221931106,0.0126664070629012,0.00293788646535195));
#2672=CARTESIAN_POINT('',(-0.0274199005710822,0.0125372987702112,0.00344748963523048));
#2673=CARTESIAN_POINT('',(-0.0274505783816049,0.0124700879275419,0.00368105528314891));
#2674=CARTESIAN_POINT('',(-0.0275443134852829,0.0122622250617382,0.00434177587766973));
#2675=CARTESIAN_POINT('',(-0.0276089011493011,0.0121160811843008,0.00472761945024466));
#2676=CARTESIAN_POINT('',(-0.0277397539437556,0.0118133085228405,0.00544017938879895));
#2677=CARTESIAN_POINT('',(-0.0278059756067738,0.0116568184083165,0.00576528089827812));
#2678=CARTESIAN_POINT('',(-0.0280060682244641,0.0111719339945039,0.00668330731368796));
#2679=CARTESIAN_POINT('',(-0.0281411271856756,0.0108283863247173,0.00721991612304848));
#2680=CARTESIAN_POINT('',(-0.0284121288251196,0.0100954153551933,0.0082136307871509));
#2681=CARTESIAN_POINT('',(-0.0285481608509925,0.00970658152091015,0.00866846040219729));
#2682=CARTESIAN_POINT('',(-0.0288200889000837,0.008866869528276,0.00952568097033255));
#2683=CARTESIAN_POINT('',(-0.0289560162362097,0.00841643015825872,0.00992754025162498));
#2684=CARTESIAN_POINT('',(-0.0292265133276686,0.00742293785429518,0.01069075999641));
#2685=CARTESIAN_POINT('',(-0.029361136244832,0.00688140536887689,0.0110524155877679));
#2686=CARTESIAN_POINT('',(-0.0295602211535818,0.00594241344980143,0.0115678578500091));
#2687=CARTESIAN_POINT('',(-0.029626049068557,0.00560907261138816,0.011734547297789));
#2688=CARTESIAN_POINT('',(-0.0297557583634354,0.00487397572693273,0.0120584268934748));
#2689=CARTESIAN_POINT('',(-0.0298197554319599,0.00447374642536363,0.0122154748497819));
#2690=CARTESIAN_POINT('',(-0.0299120717027835,0.00378621014235665,0.0124387564178753));
#2691=CARTESIAN_POINT('',(-0.0299422462603123,0.00354241309825358,0.0125110618492661));
#2692=CARTESIAN_POINT('',(-0.030000390818939,0.00301106192279609,0.0126494611424766));
#2693=CARTESIAN_POINT('',(-0.0300284323420644,0.00272387781295911,0.0127156181750151));
#2694=CARTESIAN_POINT('',(-0.0301053446588598,0.00176187602249995,0.012896575124146));
#2695=CARTESIAN_POINT('',(-0.0301500000613499,0.0009433520274171,0.0129999999999998));
#2696=CARTESIAN_POINT('',(-0.0301499999386482,-0.000943351100438228,0.0129999999999999));
#2697=CARTESIAN_POINT('',(-0.0301053448691747,-0.00176187153631262,0.0128965761157359));
#2698=CARTESIAN_POINT('',(-0.0300284330446327,-0.00272386995244269,0.0127156206115612));
#2699=CARTESIAN_POINT('',(-0.0300003916857839,-0.00301105324179441,0.0126494640613907));
#2700=CARTESIAN_POINT('',(-0.0299422474537284,-0.00354240295817317,0.0125110657375913));
#2701=CARTESIAN_POINT('',(-0.0299120730681433,-0.00378619930860506,0.0124387608147973));
#2702=CARTESIAN_POINT('',(-0.0298197573012959,-0.00447373382443101,0.0122154807475673));
#2703=CARTESIAN_POINT('',(-0.0297557605781412,-0.00487396212461387,0.0120584338295257));
#2704=CARTESIAN_POINT('',(-0.029626051954687,-0.00560905730176891,0.011734556322537));
#2705=CARTESIAN_POINT('',(-0.0295602243862333,-0.00594239734329723,0.011567867966045));
#2706=CARTESIAN_POINT('',(-0.0293611390985104,-0.00688139362286149,0.0110524255069703));
#2707=CARTESIAN_POINT('',(-0.02922651543567,-0.00742292977554235,0.0106907683517869));
#2708=CARTESIAN_POINT('',(-0.0289560168286213,-0.00841642831965311,0.00992754513348517));
#2709=CARTESIAN_POINT('',(-0.028820088724032,-0.00886687021787966,0.00952568392978117));
#2710=CARTESIAN_POINT('',(-0.0285481611402871,-0.00970658048333467,0.00866846526418544));
#2711=CARTESIAN_POINT('',(-0.0284121303496251,-0.0100954109355042,0.00821364024338225));
#2712=CARTESIAN_POINT('',(-0.0281411311484053,-0.0108283758977706,0.00721993671033596));
#2713=CARTESIAN_POINT('',(-0.0280060734031336,-0.0111719208882094,0.00668333443003535));
#2714=CARTESIAN_POINT('',(-0.0278059812029234,-0.0116568051291522,0.00576531527574344));
#2715=CARTESIAN_POINT('',(-0.0277397588283805,-0.0118132970593929,0.00544021237794997));
#2716=CARTESIAN_POINT('',(-0.0276089046251852,-0.0121160733001507,0.00472764920686594));
#2717=CARTESIAN_POINT('',(-0.0275443162301788,-0.0122622189014494,0.00434180386105956));
#2718=CARTESIAN_POINT('',(-0.0274505800592211,-0.0124700842405414,0.00368108023730671));
#2719=CARTESIAN_POINT('',(-0.0274199018795601,-0.012537295912293,0.00344751343037682));
#2720=CARTESIAN_POINT('',(-0.0273604227945654,-0.0126664057845402,0.00293790786420436));
#2721=CARTESIAN_POINT('',(-0.0273316333864561,-0.0127282104820031,0.00266285489678167));
#2722=CARTESIAN_POINT('',(-0.0272519962997666,-0.0128984089010446,0.00173881048715516));
#2723=CARTESIAN_POINT('',(-0.0272033536987808,-0.0130000018284235,0.000945364368107739));
#2724=CARTESIAN_POINT('',(-0.027203353698779,-0.0130000018284235,-1.45716771982052E-16));
#2725=CARTESIAN_POINT('',(-0.027203353698779,-0.0130000018284235,-1.45716771982052E-16));
#2726=CARTESIAN_POINT('',(-0.0272033536987808,-0.0130000018284235,-0.000945354924188548));
#2727=CARTESIAN_POINT('',(-0.0272519954398927,-0.012898410725292,-0.00173879558937176));
#2728=CARTESIAN_POINT('',(-0.0273316314297457,-0.0127282146705672,-0.00266283465279935));
#2729=CARTESIAN_POINT('',(-0.0273604204716999,-0.0126664107810093,-0.00293788619707772));
#2730=CARTESIAN_POINT('',(-0.027419898854817,-0.0125373025237439,-0.00344748928006586));
#2731=CARTESIAN_POINT('',(-0.0274505766673672,-0.0124700917010518,-0.003681054885151));
#2732=CARTESIAN_POINT('',(-0.027544311777124,-0.012262228898576,-0.00434177535989208));
#2733=CARTESIAN_POINT('',(-0.0276088994440709,-0.0121160850691897,-0.00472761885899251));
#2734=CARTESIAN_POINT('',(-0.0277397522447366,-0.011813312512152,-0.00544017866094135));
#2735=CARTESIAN_POINT('',(-0.0278059739103906,-0.0116568224531042,-0.00576528010883607));
#2736=CARTESIAN_POINT('',(-0.0280060665354947,-0.0111719382260028,-0.00668330633557194));
#2737=CARTESIAN_POINT('',(-0.0281411255016316,-0.010828390696404,-0.00721991503510297));
#2738=CARTESIAN_POINT('',(-0.0284121271511472,-0.0100954200603935,-0.0082136294846987));
#2739=CARTESIAN_POINT('',(-0.0285481591822054,-0.00970658641705574,-0.00866845899779731));
#2740=CARTESIAN_POINT('',(-0.0288200872438329,-0.0088668749015429,-0.00952567935741658));
#2741=CARTESIAN_POINT('',(-0.0289560145870241,-0.00841643580961198,-0.00992753853822945));
#2742=CARTESIAN_POINT('',(-0.0292265116980944,-0.0074229442461182,-0.0106907580765494));
#2743=CARTESIAN_POINT('',(-0.0293611346280064,-0.00688141221371479,-0.0110524135608917));
#2744=CARTESIAN_POINT('',(-0.0295602196761325,-0.00594242080698867,-0.0115678559573534));
#2745=CARTESIAN_POINT('',(-0.0296260477134716,-0.00560907978245289,-0.0117345456265687));
#2746=CARTESIAN_POINT('',(-0.0297557572518082,-0.00487398253126979,-0.0120584256296033));
#2747=CARTESIAN_POINT('',(-0.0298197544446601,-0.00447375303129288,-0.0122154737794383));
#2748=CARTESIAN_POINT('',(-0.029912070905825,-0.00378621644685677,-0.0124387556143511));
#2749=CARTESIAN_POINT('',(-0.0299422455284489,-0.00354241929183825,-0.012511061133675));
#2750=CARTESIAN_POINT('',(-0.0300003902187707,-0.00301106790843387,-0.0126494605907715));
#2751=CARTESIAN_POINT('',(-0.0300284318098958,-0.00272388369403012,-0.012715617702586));
#2752=CARTESIAN_POINT('',(-0.030105344347146,-0.00176188147012995,-0.0128965748953887));
#2753=CARTESIAN_POINT('',(-0.0301499999386482,-0.000943357215720729,-0.013));
#2754=CARTESIAN_POINT('',(-0.0301500000613517,0.000943345912209205,-0.0129999999999999));
#2755=CARTESIAN_POINT('',(-0.0301053451808795,0.0017618660887821,-0.0128965763444785));
#2756=CARTESIAN_POINT('',(-0.0300284335767851,0.00272386407151024,-0.0127156210839569));
#2757=CARTESIAN_POINT('',(-0.0300003922859362,0.00301104725629519,-0.0126494646130589));
#2758=CARTESIAN_POINT('',(-0.0299422481855705,0.00354239676474837,-0.0125110664531319));
#2759=CARTESIAN_POINT('',(-0.0299120738650751,0.00378619300427193,-0.012438761618264));
#2760=CARTESIAN_POINT('',(-0.0298197582885619,0.0044737272186936,-0.0122154818178366));
#2761=CARTESIAN_POINT('',(-0.029755761689731,0.00487395532048642,-0.0120584350933078));
#2762=CARTESIAN_POINT('',(-0.0296260533097226,0.00560905013093156,-0.0117345579936413));
#2763=CARTESIAN_POINT('',(-0.0295602258636239,0.00594238998634448,-0.0115678698585696));
#2764=CARTESIAN_POINT('',(-0.0293611407152862,0.00688138677821544,-0.0110524275337155));
#2765=CARTESIAN_POINT('',(-0.029226517065198,0.0074229233838721,-0.0106907702715296));
#2766=CARTESIAN_POINT('',(-0.0289560184777766,0.00841642266839577,-0.00992754684679751));
#2767=CARTESIAN_POINT('',(-0.0288200903802614,0.00886686484467316,-0.00952568554263254));
#2768=CARTESIAN_POINT('',(-0.0285481628090582,0.00970657558723171,-0.00866846666853697));
#2769=CARTESIAN_POINT('',(-0.0284121320235779,0.0100954062303431,-0.00821364154577883));
#2770=CARTESIAN_POINT('',(-0.0281411328324262,0.0108283715261301,-0.0072199377982081));
#2771=CARTESIAN_POINT('',(-0.0280060750920817,0.0111719166567638,-0.00668333540806918));
#2772=CARTESIAN_POINT('',(-0.027805982899287,0.0116568010844106,-0.00576531606509265));
#2773=CARTESIAN_POINT('',(-0.0277397605273816,0.0118132930701205,-0.00544021310571816));
#2774=CARTESIAN_POINT('',(-0.0276089063303993,0.0121160694152902,-0.00472764979803844));
#2775=CARTESIAN_POINT('',(-0.0275443179383235,0.0122622150646364,-0.004341804378762));
#2776=CARTESIAN_POINT('',(-0.0274505817734535,0.0124700804670493,-0.00368108063523756));
#2777=CARTESIAN_POINT('',(-0.0274199035958164,0.0125372921587745,-0.00344751378547689));
#2778=CARTESIAN_POINT('',(-0.027360424515969,0.0126664020664464,-0.0029379081324202));
#2779=CARTESIAN_POINT('',(-0.0273316351105568,0.0127282067799145,-0.00266285511867723));
#2780=CARTESIAN_POINT('',(-0.0272519980336086,0.0128984052377844,-0.0017388105693926));
#2781=CARTESIAN_POINT('',(-0.027203355446323,0.0129999981715763,-0.000945364360365769));
#2782=CARTESIAN_POINT('',(-0.0272033554463248,0.0129999981715763,-3.12250225675825E-17));
#2783=CARTESIAN_POINT('',(-0.0221115930574544,0.0129999981716035,-2.08166817117217E-17));
#2784=CARTESIAN_POINT('',(-0.0272033554463248,0.0129999981715763,-3.12250225675825E-17));
#2785=CARTESIAN_POINT('',(-5.55581291343504E-16,-1.83439397161234E-8,0.271000000000002));
#2786=CARTESIAN_POINT('',(1.99118499466522E-13,-0.0434770183439408,0.271000000000001));
#2787=CARTESIAN_POINT('',(-2.00215678779521E-13,0.0434769816560614,0.271000000000002));
#2788=CARTESIAN_POINT('',(-5.54353910436192E-16,-1.83439397124435E-8,0.271000000000002));
#2789=CARTESIAN_POINT('',(-2.00200966915531E-13,0.0434769816560614,0.271000000000002));
#2790=CARTESIAN_POINT('',(1.99116891158124E-13,-0.0434770183439408,0.271000000000001));
#2791=CARTESIAN_POINT('',(3.17093559109495E-15,-1.83439397087626E-8,0.18000000533254));
#2792=CARTESIAN_POINT('',(-2.03587147140638E-13,0.0434769816560614,0.18000000533254));
#2793=CARTESIAN_POINT('',(2.01061474967256E-13,-0.0434770183439408,0.18000000533254));
#2794=CARTESIAN_POINT('',(-3.94967829084701E-15,-1.83439397075364E-8,0.18000000533254));
#2795=CARTESIAN_POINT('',(2.01061389759616E-13,-0.0434770183439408,0.18000000533254));
#2796=CARTESIAN_POINT('',(-2.03587890636112E-13,0.0434769816560614,0.18000000533254));
#2797=CARTESIAN_POINT('',(-2.00200966915531E-13,0.0434769816560614,0.271000000000002));
#2798=CARTESIAN_POINT('',(-2.03587147140638E-13,0.0434769816560614,0.18000000533254));
#2799=CARTESIAN_POINT('',(-5.56807172884037E-16,-1.83439379387296E-8,0.271000000000002));
#2800=CARTESIAN_POINT('',(-2.25153229393982E-13,0.0484759816560629,0.271000000000002));
#2801=CARTESIAN_POINT('',(2.24067079314574E-13,-0.0484760183439388,0.271000000000002));
#2802=CARTESIAN_POINT('',(3.00288614949399E-15,-1.83439379411822E-8,0.271000000000002));
#2803=CARTESIAN_POINT('',(2.24070761944972E-13,-0.0484760183439388,0.271000000000002));
#2804=CARTESIAN_POINT('',(-2.25153529192379E-13,0.0484759816560629,0.271000000000002));
#2805=CARTESIAN_POINT('',(1.38372930867532E-15,-1.83439361601093E-8,0.18000000533254));
#2806=CARTESIAN_POINT('',(2.26013652238066E-13,-0.0484760183439352,0.18000000533254));
#2807=CARTESIAN_POINT('',(-2.23218729354355E-13,0.0484759816560629,0.18000000533254));
#2808=CARTESIAN_POINT('',(-2.16124574197024E-15,-1.83439361576567E-8,0.18000000533254));
#2809=CARTESIAN_POINT('',(-2.23210339100888E-13,0.0484759816560629,0.18000000533254));
#2810=CARTESIAN_POINT('',(2.26007569304768E-13,-0.0484760183439352,0.18000000533254));
#2811=CARTESIAN_POINT('',(-2.25153229393982E-13,0.0484759816560629,0.271000000000002));
#2812=CARTESIAN_POINT('',(-2.23210339100888E-13,0.0484759816560629,0.18000000533254));
#2813=CARTESIAN_POINT('',(-3.9737311769314E-16,-1.21886607630496E-8,0.180000005332541));
#2814=CARTESIAN_POINT('',(4.03260758119473E-13,-0.0875000121886611,0.180000005332541));
#2815=CARTESIAN_POINT('',(-4.05754532153289E-13,0.0874999878113396,0.180000005332541));
#2816=CARTESIAN_POINT('',(3.16968043873232E-15,-1.21886607679558E-8,0.180000005332541));
#2817=CARTESIAN_POINT('',(-4.05786515500495E-13,0.0874999878113396,0.180000005332541));
#2818=CARTESIAN_POINT('',(4.03255580981958E-13,-0.0875000121886611,0.180000005332541));
#2819=CARTESIAN_POINT('',(3.19421338256894E-15,-1.21886607581428E-8,0.170000000000001));
#2820=CARTESIAN_POINT('',(-4.04010158661094E-13,0.0874999878113396,0.170000000000001));
#2821=CARTESIAN_POINT('',(4.05064350363662E-13,-0.0875000121886611,0.170000000000001));
#2822=CARTESIAN_POINT('',(-3.63027592152758E-16,-1.21886607532364E-8,0.170000000000001));
#2823=CARTESIAN_POINT('',(4.05064870534488E-13,-0.0875000121886611,0.170000000000001));
#2824=CARTESIAN_POINT('',(-4.03992750989655E-13,0.0874999878113396,0.170000000000001));
#2825=CARTESIAN_POINT('',(-4.04010158661094E-13,0.0874999878113396,0.170000000000001));
#2826=CARTESIAN_POINT('',(-4.05786515500495E-13,0.0874999878113396,0.180000005332541));
#2827=CARTESIAN_POINT('',(-0.0221115909075194,-0.0130000018283999,-7.97972798949331E-17));
#2828=CARTESIAN_POINT('',(-0.0221115909075211,-0.0130000018283999,0.000875209815743162));
#2829=CARTESIAN_POINT('',(-0.0221640175449653,-0.0129119010388955,0.00173739989092856));
#2830=CARTESIAN_POINT('',(-0.0223586113007497,-0.0125719275719357,0.00341805656268948));
#2831=CARTESIAN_POINT('',(-0.02250070309619,-0.0123199130430359,0.00423661824272779));
#2832=CARTESIAN_POINT('',(-0.0230221851110377,-0.0113336856432388,0.00659019503418704));
#2833=CARTESIAN_POINT('',(-0.0234898214840484,-0.0103799036176758,0.00800228926893612));
#2834=CARTESIAN_POINT('',(-0.0241693954121615,-0.00861179597110614,0.00977426227264819));
#2835=CARTESIAN_POINT('',(-0.0243935022015927,-0.00796302539704042,0.0103102349497401));
#2836=CARTESIAN_POINT('',(-0.0248059682886817,-0.0065663277708227,0.011251342887994));
#2837=CARTESIAN_POINT('',(-0.0249942371877621,-0.0058183928992225,0.0116564781491552));
#2838=CARTESIAN_POINT('',(-0.0253094577931811,-0.00424283365774339,0.0123179206069554));
#2839=CARTESIAN_POINT('',(-0.0254349480755816,-0.00342102495790425,0.0125712873909841));
#2840=CARTESIAN_POINT('',(-0.0256052343185376,-0.00173550305762722,0.0129123190752551));
#2841=CARTESIAN_POINT('',(-0.0256499999313209,-0.000871798514438471,0.0129999999868992));
#2842=CARTESIAN_POINT('',(-0.0256500000686787,0.000871794630860901,0.0130000000130996));
#2843=CARTESIAN_POINT('',(-0.0256052345756316,0.00173549933812149,0.0129123190949309));
#2844=CARTESIAN_POINT('',(-0.0254349485373239,0.00342102156226193,0.0125712873311583));
#2845=CARTESIAN_POINT('',(-0.0253094583389599,0.00424283042634418,0.0123179204723697));
#2846=CARTESIAN_POINT('',(-0.0249942379341487,0.00581838967018876,0.0116564779257055));
#2847=CARTESIAN_POINT('',(-0.0248059691740611,0.00656632440920343,0.0112513427059752));
#2848=CARTESIAN_POINT('',(-0.0243935033706745,0.00796302180182339,0.010310234891353));
#2849=CARTESIAN_POINT('',(-0.0241693967258749,0.00861179227486267,0.0097742622964602));
#2850=CARTESIAN_POINT('',(-0.0234898230229137,0.0103799001687501,0.0080022890918867));
#2851=CARTESIAN_POINT('',(-0.0230221867107183,0.0113336823924807,0.00659019444731605));
#2852=CARTESIAN_POINT('',(-0.0225007049304405,0.0123199096875061,0.00423661733153128));
#2853=CARTESIAN_POINT('',(-0.0223586132494728,0.0125719241045997,0.00341805581898755));
#2854=CARTESIAN_POINT('',(-0.0221640196740024,0.0129118973820134,0.00173739969842927));
#2855=CARTESIAN_POINT('',(-0.0221115930824548,0.0129999981295891,0.000875210024843399));
#2856=CARTESIAN_POINT('',(-0.0221115930574544,0.0129999981716035,-2.08166817117217E-17));
#2857=CARTESIAN_POINT('',(-0.0221115930574544,0.0129999981716035,-2.08166817117217E-17));
#2858=CARTESIAN_POINT('',(-0.022111593082453,0.0129999981295891,-0.000875210223276818));
#2859=CARTESIAN_POINT('',(-0.0221640196979761,0.0129118973421768,-0.00173740008939229));
#2860=CARTESIAN_POINT('',(-0.0223586133578572,0.0125719239131937,-0.00341805657117529));
#2861=CARTESIAN_POINT('',(-0.0225007051007345,0.0123199093812657,-0.00423661825975421));
#2862=CARTESIAN_POINT('',(-0.0230221869237727,0.0113336819581153,-0.00659019509149241));
#2863=CARTESIAN_POINT('',(-0.0234898231261519,0.0103798999001507,-0.00800228936107408));
#2864=CARTESIAN_POINT('',(-0.0241693967671148,0.00861179216756717,-0.00977426240399484));
#2865=CARTESIAN_POINT('',(-0.0243935034520742,0.00796302156596939,-0.0103102350861387));
#2866=CARTESIAN_POINT('',(-0.0248059693175125,0.0065663238836576,-0.0112513430242257));
#2867=CARTESIAN_POINT('',(-0.0249942380994067,0.00581838898350605,-0.0116564782801697));
#2868=CARTESIAN_POINT('',(-0.0253094584594963,0.00424282968402598,-0.0123179207175808));
#2869=CARTESIAN_POINT('',(-0.025434948613494,0.003421020959473,-0.0125712874846445));
#2870=CARTESIAN_POINT('',(-0.0256052345919527,0.00173549902540098,-0.0129123191266817));
#2871=CARTESIAN_POINT('',(-0.0256500000686787,0.000871794473028044,-0.0130000000131006));
#2872=CARTESIAN_POINT('',(-0.0256499999313209,-0.000871798672281986,-0.0129999999868993));
#2873=CARTESIAN_POINT('',(-0.0256052343022146,-0.00173550337034774,-0.0129123190435073));
#2874=CARTESIAN_POINT('',(-0.0254349479994149,-0.00342102556067187,-0.0125712872375053));
#2875=CARTESIAN_POINT('',(-0.0253094576726482,-0.00424283440003318,-0.0123179203617526));
#2876=CARTESIAN_POINT('',(-0.0249942370225022,-0.00581839358589099,-0.0116564777946984));
#2877=CARTESIAN_POINT('',(-0.0248059681452338,-0.00656632829635431,-0.0112513425697509));
#2878=CARTESIAN_POINT('',(-0.0243935021201929,-0.00796302563288732,-0.01031023475496));
#2879=CARTESIAN_POINT('',(-0.0241693953709216,-0.0086117960784052,-0.00977426216511653));
#2880=CARTESIAN_POINT('',(-0.0234898213808136,-0.010379903886268,-0.00800228899975516));
#2881=CARTESIAN_POINT('',(-0.0230221848979921,-0.0113336860776006,-0.00659019439002064));
#2882=CARTESIAN_POINT('',(-0.0225007029258995,-0.0123199133492763,-0.00423661731451927));
#2883=CARTESIAN_POINT('',(-0.0223586111923652,-0.0125719277633346,-0.00341805581051354));
#2884=CARTESIAN_POINT('',(-0.0221640175441908,-0.0129119010382063,-0.00173739970032213));
#2885=CARTESIAN_POINT('',(-0.0221115909325198,-0.013000001786389,-0.00087521002843801));
#2886=CARTESIAN_POINT('',(-0.0221115909075194,-0.0130000018283999,-7.97972798949331E-17));
#2887=CARTESIAN_POINT('',(0.0221115909076397,-0.013000001828195,-5.55111512312578E-17));
#2888=CARTESIAN_POINT('',(0.0221115909076433,-0.013000001828195,-0.000875209815744012));
#2889=CARTESIAN_POINT('',(0.0221640175450866,-0.0129119010386937,-0.00173739989092953));
#2890=CARTESIAN_POINT('',(0.0223586113008643,-0.0125719275717285,-0.00341805656268778));
#2891=CARTESIAN_POINT('',(0.0225007030963058,-0.0123199130428274,-0.00423661824272608));
#2892=CARTESIAN_POINT('',(0.0230221851111426,-0.011333685643029,-0.00659019503418439));
#2893=CARTESIAN_POINT('',(0.023489821484148,-0.0103799036174581,-0.00800228926893881));
#2894=CARTESIAN_POINT('',(0.0241693954122429,-0.00861179597088217,-0.00977426227265088));
#2895=CARTESIAN_POINT('',(0.0243935022016681,-0.00796302539681082,-0.0103102349497428));
#2896=CARTESIAN_POINT('',(0.0248059682887425,-0.00656632777059283,-0.0112513428879941));
#2897=CARTESIAN_POINT('',(0.0249942371878158,-0.00581839289899444,-0.0116564781491535));
#2898=CARTESIAN_POINT('',(0.0253094577932203,-0.00424283365750175,-0.012317920606959));
#2899=CARTESIAN_POINT('',(0.0254349480756167,-0.00342102495766856,-0.0125712873909869));
#2900=CARTESIAN_POINT('',(0.02560523431855,-0.0017355030573935,-0.012912319075256));
#2901=CARTESIAN_POINT('',(0.0256499999313307,-0.000871798514207886,-0.0129999999868993));
#2902=CARTESIAN_POINT('',(0.0256500000686705,0.000871794631105696,-0.0130000000131005));
#2903=CARTESIAN_POINT('',(0.0256052345756154,0.00173549933835877,-0.0129123190949318));
#2904=CARTESIAN_POINT('',(0.0254349485372921,0.00342102156249407,-0.01257128733116));
#2905=CARTESIAN_POINT('',(0.0253094583389205,0.00424283042657872,-0.0123179204723707));
#2906=CARTESIAN_POINT('',(0.0249942379340947,0.00581838967041682,-0.0116564779257064));
#2907=CARTESIAN_POINT('',(0.0248059691740001,0.0065663244094333,-0.0112513427059762));
#2908=CARTESIAN_POINT('',(0.0243935033706006,0.00796302180205299,-0.0103102348913531));
#2909=CARTESIAN_POINT('',(0.024169396725795,0.00861179227509375,-0.00977426229646022));
#2910=CARTESIAN_POINT('',(0.0234898230228174,0.0103799001689713,-0.00800228909188499));
#2911=CARTESIAN_POINT('',(0.0230221867106167,0.011333682392694,-0.00659019444731878));
#2912=CARTESIAN_POINT('',(0.022500704930328,0.0123199096877181,-0.0042366173315313));
#2913=CARTESIAN_POINT('',(0.0223586132493597,0.0125719241048069,-0.00341805581898757));
#2914=CARTESIAN_POINT('',(0.0221640196506835,0.0129118974227446,-0.00173739949807849));
#2915=CARTESIAN_POINT('',(0.0221115930573338,0.0129999981718048,-0.000875209613718946));
#2916=CARTESIAN_POINT('',(0.0221115930573356,0.0129999981718048,5.89805981832114E-17));
#2917=CARTESIAN_POINT('',(0.0221115930573356,0.0129999981718048,5.89805981832114E-17));
#2918=CARTESIAN_POINT('',(0.0221115930573338,0.0129999981718048,0.000875209812153225));
#2919=CARTESIAN_POINT('',(0.0221640196746589,0.0129118973829044,0.0017373998890431));
#2920=CARTESIAN_POINT('',(0.0223586133577423,0.0125719239134045,0.00341805657117611));
#2921=CARTESIAN_POINT('',(0.0225007051006202,0.0123199093814707,0.00423661825975414));
#2922=CARTESIAN_POINT('',(0.0230221869236658,0.0113336819583286,0.00659019509149156));
#2923=CARTESIAN_POINT('',(0.0234898231260557,0.0103798999003719,0.00800228936107406));
#2924=CARTESIAN_POINT('',(0.0241693967670367,0.00861179216779114,0.00977426240399477));
#2925=CARTESIAN_POINT('',(0.0243935034520039,0.00796302156619544,0.0103102350861387));
#2926=CARTESIAN_POINT('',(0.0248059693174515,0.00656632388389102,0.0112513430242256));
#2927=CARTESIAN_POINT('',(0.0249942380993545,0.00581838898373766,0.0116564782801696));
#2928=CARTESIAN_POINT('',(0.0253094584594569,0.00424282968426051,0.0123179207175816));
#2929=CARTESIAN_POINT('',(0.0254349486134622,0.00342102095970869,0.0125712874846445));
#2930=CARTESIAN_POINT('',(0.0256052345919401,0.00173549902563825,0.0129123191266816));
#2931=CARTESIAN_POINT('',(0.0256500000686705,0.000871794473262179,0.0130000000130997));
#2932=CARTESIAN_POINT('',(0.0256499999313289,-0.000871798672040745,0.0129999999868993));
#2933=CARTESIAN_POINT('',(0.0256052343022288,-0.00173550337010691,0.0129123190435054));
#2934=CARTESIAN_POINT('',(0.0254349479994465,-0.00342102556043972,0.0125712872375026));
#2935=CARTESIAN_POINT('',(0.0253094576726874,-0.00424283439980575,0.0123179203617507));
#2936=CARTESIAN_POINT('',(0.0249942370225595,-0.00581839358565583,0.0116564777947019));
#2937=CARTESIAN_POINT('',(0.0248059681452945,-0.00656632829612445,0.0112513425697518));
#2938=CARTESIAN_POINT('',(0.0243935021202666,-0.00796302563266483,0.0103102347549574));
#2939=CARTESIAN_POINT('',(0.0241693953709995,-0.00861179607818478,0.00977426216511285));
#2940=CARTESIAN_POINT('',(0.0234898213809114,-0.0103799038860539,0.00800228899975153));
#2941=CARTESIAN_POINT('',(0.023022184898097,-0.0113336860773802,0.00659019439002424));
#2942=CARTESIAN_POINT('',(0.0225007029260135,-0.0123199133490678,0.00423661731452186));
#2943=CARTESIAN_POINT('',(0.0223586111924834,-0.012571927763131,0.00341805581051435));
#2944=CARTESIAN_POINT('',(0.0221640175211147,-0.0129119010785302,0.00173739949997127));
#2945=CARTESIAN_POINT('',(0.0221115909076433,-0.013000001828195,0.000875209617312633));
#2946=CARTESIAN_POINT('',(0.0221115909076397,-0.013000001828195,-5.55111512312578E-17));
#2947=CARTESIAN_POINT('',(-3.56950707420152E-16,3.53884120570371E-15,0.170000000000001));
#2948=CARTESIAN_POINT('',(-1.17433840429726E-13,0.0256500000000042,0.170000000000001));
#2949=CARTESIAN_POINT('',(1.20259364036201E-13,-0.0256499999999971,0.170000000000001));
#2950=CARTESIAN_POINT('',(-3.65537150553854E-16,3.54006784043674E-15,0.170000000000001));
#2951=CARTESIAN_POINT('',(1.2026490914252E-13,-0.0256499999999971,0.170000000000001));
#2952=CARTESIAN_POINT('',(-1.17438885096E-13,0.0256500000000042,0.170000000000001));
#2953=CARTESIAN_POINT('',(-2.45326946669331E-18,-1.14522415180554E-29,-0.0300000000000002));
#2954=CARTESIAN_POINT('',(1.17073017946723E-13,-0.0256500000000006,-0.0300000000000002));
#2955=CARTESIAN_POINT('',(-1.20617349506972E-13,0.0256500000000006,-0.0300000000000002));
#2956=CARTESIAN_POINT('',(1.22663473334092E-18,1.22663473335231E-18,-0.0300000000000002));
#2957=CARTESIAN_POINT('',(-1.20625731625523E-13,0.0256500000000006,-0.0300000000000002));
#2958=CARTESIAN_POINT('',(1.17071086547362E-13,-0.0256500000000006,-0.0300000000000002));
#2959=CARTESIAN_POINT('',(-1.20625731625523E-13,0.0256500000000006,-0.0300000000000002));
#2960=CARTESIAN_POINT('',(-1.17433840429726E-13,0.0256500000000042,0.170000000000001));
#2961=CARTESIAN_POINT('',(1.4143098475404E-15,1.76022084235925E-15,0.170000000000001));
#2962=CARTESIAN_POINT('',(-1.41830991395864E-13,0.0301500000000008,0.170000000000001));
#2963=CARTESIAN_POINT('',(1.37566979872245E-13,-0.0301499999999973,0.170000000000001));
#2964=CARTESIAN_POINT('',(-2.13557107076466E-15,1.76022084234274E-15,0.170000000000001));
#2965=CARTESIAN_POINT('',(1.37556632751057E-13,-0.0301499999999973,0.170000000000001));
#2966=CARTESIAN_POINT('',(-1.41831467202686E-13,0.0301500000000008,0.170000000000001));
#2967=CARTESIAN_POINT('',(-1.77616709389419E-15,1.77371382441115E-15,-0.0300000000000003));
#2968=CARTESIAN_POINT('',(-1.3969381207346E-13,0.0301500000000008,-0.0300000000000003));
#2969=CARTESIAN_POINT('',(1.4146672286701E-13,-0.0301499999999972,-0.0300000000000002));
#2970=CARTESIAN_POINT('',(1.77616709387785E-15,1.7737138244275E-15,-0.0300000000000003));
#2971=CARTESIAN_POINT('',(1.41470168912861E-13,-0.0301499999999972,-0.0300000000000002));
#2972=CARTESIAN_POINT('',(-1.39681528652367E-13,0.0301500000000008,-0.0300000000000003));
#2973=CARTESIAN_POINT('',(-1.3969381207346E-13,0.0301500000000008,-0.0300000000000003));
#2974=CARTESIAN_POINT('',(-1.41830991395864E-13,0.0301500000000008,0.170000000000001));
#2975=CARTESIAN_POINT('',(-0.0712155311850333,-0.0712155439849248,2.17999999999999));
#2976=CARTESIAN_POINT('',(-0.0700051395437211,-0.0318321509168656,2.1799899993735));
#2977=CARTESIAN_POINT('',(-0.0699999999997898,-0.0466828146471941,2.17998999909503));
#2978=CARTESIAN_POINT('',(-0.0466654563517229,-0.0700071753431906,2.17998999857835));
#2979=CARTESIAN_POINT('',(-0.0318133764905445,-0.0700000127993833,2.17998999999999));
#2980=CARTESIAN_POINT('',(-0.0214305460599148,-0.0639997093525561,2.17998999963462));
#2981=CARTESIAN_POINT('',(-8.48085342512436E-15,-1.2799233854783E-8,3.68099999999999));
#2982=CARTESIAN_POINT('',(0.0318320818472084,-0.0700051193348941,2.17998999963249));
#2983=CARTESIAN_POINT('',(0.0466826188961017,-0.070000012799016,2.17998999999999));
#2984=CARTESIAN_POINT('',(0.0700071625439511,-0.0466654691509526,2.17998999857835));
#2985=CARTESIAN_POINT('',(0.0700000000001437,-0.0318132063379232,2.17998999909503));
#2986=CARTESIAN_POINT('',(0.0639996630708002,-0.0214305008657336,2.17998999936715));
#2987=CARTESIAN_POINT('',(-7.15773114544772E-15,-1.27992378672567E-8,3.681));
#2988=CARTESIAN_POINT('',(8.38508053308959E-15,-1.27992365053164E-8,3.681));
#2989=CARTESIAN_POINT('',(-0.0639996630708082,0.0214304752672732,2.17998999936715));
#2990=CARTESIAN_POINT('',(-0.0700000000001535,0.0318131807394521,2.17998999909503));
#2991=CARTESIAN_POINT('',(-0.0700071625439591,0.0466654435524815,2.17998999857835));
#2992=CARTESIAN_POINT('',(-0.0466826188961097,0.0699999872005449,2.17998999999999));
#2993=CARTESIAN_POINT('',(-0.0318320818472199,0.0700050937364265,2.17998999963249));
#2994=CARTESIAN_POINT('',(-5.83375509699845E-15,-1.27992489598681E-8,3.681));
#2995=CARTESIAN_POINT('',(0.0214305460599068,0.063999683754085,2.17998999963462));
#2996=CARTESIAN_POINT('',(0.0318133764905311,0.0699999872009121,2.17998999999999));
#2997=CARTESIAN_POINT('',(0.0466654563517113,0.0700071497447195,2.17998999857835));
#2998=CARTESIAN_POINT('',(0.0699999999997782,0.0466827890487194,2.17998999909503));
#2999=CARTESIAN_POINT('',(0.0700051395437131,0.0318321253183945,2.1799899993735));
#3000=CARTESIAN_POINT('',(-1.20880019492498E-14,-3.68458967603949E-7,5.18699999733372));
#3001=CARTESIAN_POINT('',(-0.0875096565794947,0.0875092881197094,5.18199999999998));
#3002=CARTESIAN_POINT('',(-0.0875096565794965,0.0875092881197095,5.19199999466746));
#3003=CARTESIAN_POINT('',(0.0639697818767085,0.0215433622066815,2.18));
#3004=CARTESIAN_POINT('',(0.0640047422912774,-0.0214392983336611,2.18));
#3005=CARTESIAN_POINT('',(0.0699999999998471,0.031823363691955,2.17999999999999));
#3006=CARTESIAN_POINT('',(0.0699999999997782,0.0466726060968723,2.17999999999999));
#3007=CARTESIAN_POINT('',(0.0466726188954499,0.069999987200981,2.17999999999999));
#3008=CARTESIAN_POINT('',(0.0318233764905325,0.0699999872009122,2.17999999999999));
#3009=CARTESIAN_POINT('',(0.0214392855344197,0.0640047294920458,2.18));
#3010=CARTESIAN_POINT('',(-0.0215433750059335,0.0639697690774752,2.18));
#3011=CARTESIAN_POINT('',(-0.031823376491191,0.0699999872006173,2.17999999999999));
#3012=CARTESIAN_POINT('',(-0.0466726188961101,0.0699999872005485,2.17999999999999));
#3013=CARTESIAN_POINT('',(-0.0700000000002223,0.0466726060962201,2.17999999999999));
#3014=CARTESIAN_POINT('',(-0.0700000000001535,0.0318233636913028,2.17999999999999));
#3015=CARTESIAN_POINT('',(-0.0640047422912836,0.0214392727351971,2.18));
#3016=CARTESIAN_POINT('',(-0.0639697818767165,-0.0215433878051562,2.18));
#3017=CARTESIAN_POINT('',(-0.0699999999998586,-0.0318233892904225,2.17999999999999));
#3018=CARTESIAN_POINT('',(-0.069999999999788,-0.0466726316953399,2.17999999999999));
#3019=CARTESIAN_POINT('',(-0.0466726188954615,-0.0700000127994557,2.17999999999999));
#3020=CARTESIAN_POINT('',(-0.0318233764905405,-0.0700000127993798,2.17999999999999));
#3021=CARTESIAN_POINT('',(-0.0214392855344295,-0.0640047550905205,2.18));
#3022=CARTESIAN_POINT('',(0.0215433750059219,-0.0639697946759499,2.18));
#3023=CARTESIAN_POINT('',(0.031823376491183,-0.0700000127990849,2.17999999999999));
#3024=CARTESIAN_POINT('',(0.0466726188961003,-0.0700000127990196,2.17999999999999));
#3025=CARTESIAN_POINT('',(0.0700000000002143,-0.0466726316946877,2.17999999999999));
#3026=CARTESIAN_POINT('',(0.0700000000001437,-0.0318233892897739,2.17999999999999));
#3027=CARTESIAN_POINT('',(-0.0639697818767255,-0.0215433878051528,5.18199999999999));
#3028=CARTESIAN_POINT('',(-0.0699999999998623,-0.0318233892904227,5.18199999999999));
#3029=CARTESIAN_POINT('',(-0.0699999999997917,-0.0466726316953401,5.18199999999999));
#3030=CARTESIAN_POINT('',(-0.0466726188954669,-0.0700000127994523,5.18199999999999));
#3031=CARTESIAN_POINT('',(-0.0318233764905495,-0.070000012799387,5.18199999999999));
#3032=CARTESIAN_POINT('',(-0.0214392855344367,-0.0640047550905171,5.18199999999999));
#3033=CARTESIAN_POINT('',(0.0215433750059147,-0.0639697946759465,5.18199999999999));
#3034=CARTESIAN_POINT('',(0.0318233764911758,-0.0700000127990886,5.18199999999999));
#3035=CARTESIAN_POINT('',(0.0466726188960931,-0.0700000127990233,5.18199999999999));
#3036=CARTESIAN_POINT('',(0.0700000000002053,-0.0466726316946949,5.18199999999999));
#3037=CARTESIAN_POINT('',(0.0700000000001365,-0.031823389289774,5.18199999999999));
#3038=CARTESIAN_POINT('',(0.0640047422912719,-0.0214392983336577,5.18199999999999));
#3039=CARTESIAN_POINT('',(0.0639697818767031,0.0215433622066813,5.18199999999999));
#3040=CARTESIAN_POINT('',(-0.0640047422912872,0.0214392727352005,5.18199999999999));
#3041=CARTESIAN_POINT('',(-0.0700000000001572,0.0318233636913062,5.18199999999999));
#3042=CARTESIAN_POINT('',(-0.0700000000002277,0.04667260609622,5.18199999999998));
#3043=CARTESIAN_POINT('',(-0.0466726188961191,0.0699999872005483,5.18199999999998));
#3044=CARTESIAN_POINT('',(-0.0318233764911982,0.0699999872006171,5.18199999999998));
#3045=CARTESIAN_POINT('',(-0.0215433750059353,0.0639697690774786,5.18199999999999));
#3046=CARTESIAN_POINT('',(0.0214392855344143,0.0640047294920457,5.18199999999999));
#3047=CARTESIAN_POINT('',(0.0318233764905271,0.069999987200912,5.18199999999999));
#3048=CARTESIAN_POINT('',(0.0466726188954445,0.0699999872009808,5.18199999999999));
#3049=CARTESIAN_POINT('',(0.0699999999997728,0.0466726060968686,5.18199999999998));
#3050=CARTESIAN_POINT('',(0.0699999999998416,0.0318233636919513,5.18199999999999));
#3051=CARTESIAN_POINT('',(-4.16638945566206E-13,0.0874992881201153,5.19199999466746));
#3052=CARTESIAN_POINT('',(3.95961041732562E-13,-0.0875000250380452,5.19199999466746));
#3053=CARTESIAN_POINT('',(-4.13058476311789E-13,0.0874992881201117,5.18199999999998));
#3054=CARTESIAN_POINT('',(3.94212440468777E-13,-0.0875000250380487,5.18199999999998));
#3055=CARTESIAN_POINT('',(0.0699999999997782,0.0466726060968723,2.17999999999999));
#3056=CARTESIAN_POINT('',(0.0699999999998471,0.031823363691955,2.17999999999999));
#3057=CARTESIAN_POINT('',(0.0318233764905325,0.0699999872009122,2.17999999999999));
#3058=CARTESIAN_POINT('',(0.0466726188954499,0.069999987200981,2.17999999999999));
#3059=CARTESIAN_POINT('',(-0.0466726188961101,0.0699999872005485,2.17999999999999));
#3060=CARTESIAN_POINT('',(-0.031823376491191,0.0699999872006173,2.17999999999999));
#3061=CARTESIAN_POINT('',(-0.0700000000001535,0.0318233636913028,2.17999999999999));
#3062=CARTESIAN_POINT('',(-0.0700000000002223,0.0466726060962201,2.17999999999999));
#3063=CARTESIAN_POINT('',(-0.069999999999788,-0.0466726316953399,2.17999999999999));
#3064=CARTESIAN_POINT('',(-0.0699999999998586,-0.0318233892904225,2.17999999999999));
#3065=CARTESIAN_POINT('',(-0.0318233764905405,-0.0700000127993798,2.17999999999999));
#3066=CARTESIAN_POINT('',(-0.0466726188954615,-0.0700000127994557,2.17999999999999));
#3067=CARTESIAN_POINT('',(0.0466726188961003,-0.0700000127990196,2.17999999999999));
#3068=CARTESIAN_POINT('',(0.031823376491183,-0.0700000127990849,2.17999999999999));
#3069=CARTESIAN_POINT('',(0.0700000000001437,-0.0318233892897739,2.17999999999999));
#3070=CARTESIAN_POINT('',(0.0700000000002143,-0.0466726316946877,2.17999999999999));
#3071=CARTESIAN_POINT('',(-0.0699999999998586,-0.0318233892904225,2.17999999999999));
#3072=CARTESIAN_POINT('',(-0.0639697818767165,-0.0215433878051562,2.18));
#3073=CARTESIAN_POINT('',(-0.0639697818767165,-0.0215433878051562,2.18));
#3074=CARTESIAN_POINT('',(-0.0639697818767255,-0.0215433878051528,5.18199999999999));
#3075=CARTESIAN_POINT('',(-0.0639697818767255,-0.0215433878051528,5.18199999999999));
#3076=CARTESIAN_POINT('',(-0.0699999999998623,-0.0318233892904227,5.18199999999999));
#3077=CARTESIAN_POINT('',(-0.0699999999998623,-0.0318233892904227,5.18199999999999));
#3078=CARTESIAN_POINT('',(-0.0699999999998586,-0.0318233892904225,2.17999999999999));
#3079=CARTESIAN_POINT('',(-0.0699999999998623,-0.0318233892904227,5.18199999999999));
#3080=CARTESIAN_POINT('',(-0.0699999999997917,-0.0466726316953401,5.18199999999999));
#3081=CARTESIAN_POINT('',(-0.0699999999997917,-0.0466726316953401,5.18199999999999));
#3082=CARTESIAN_POINT('',(-0.069999999999788,-0.0466726316953399,2.17999999999999));
#3083=CARTESIAN_POINT('',(-0.0466726188954615,-0.0700000127994557,2.17999999999999));
#3084=CARTESIAN_POINT('',(-0.069999999999788,-0.0466726316953399,2.17999999999999));
#3085=CARTESIAN_POINT('',(-0.0699999999997917,-0.0466726316953401,5.18199999999999));
#3086=CARTESIAN_POINT('',(-0.0466726188954669,-0.0700000127994523,5.18199999999999));
#3087=CARTESIAN_POINT('',(-0.0466726188954669,-0.0700000127994523,5.18199999999999));
#3088=CARTESIAN_POINT('',(-0.0466726188954615,-0.0700000127994557,2.17999999999999));
#3089=CARTESIAN_POINT('',(-0.0466726188954669,-0.0700000127994523,5.18199999999999));
#3090=CARTESIAN_POINT('',(-0.0318233764905495,-0.070000012799387,5.18199999999999));
#3091=CARTESIAN_POINT('',(-0.0318233764905495,-0.070000012799387,5.18199999999999));
#3092=CARTESIAN_POINT('',(-0.0318233764905405,-0.0700000127993798,2.17999999999999));
#3093=CARTESIAN_POINT('',(-0.0214392855344295,-0.0640047550905205,2.18));
#3094=CARTESIAN_POINT('',(-0.0318233764905405,-0.0700000127993798,2.17999999999999));
#3095=CARTESIAN_POINT('',(-0.0318233764905495,-0.070000012799387,5.18199999999999));
#3096=CARTESIAN_POINT('',(-0.0214392855344367,-0.0640047550905171,5.18199999999999));
#3097=CARTESIAN_POINT('',(-0.0214392855344367,-0.0640047550905171,5.18199999999999));
#3098=CARTESIAN_POINT('',(-0.0214392855344295,-0.0640047550905205,2.18));
#3099=CARTESIAN_POINT('',(-4.75480691845292E-15,-1.27992155185425E-8,2.17999999999984));
#3100=CARTESIAN_POINT('',(0.0215433750059219,-0.0639697946759499,2.18));
#3101=CARTESIAN_POINT('',(-0.0214392855344295,-0.0640047550905205,2.18));
#3102=CARTESIAN_POINT('',(-1.19460629247737E-14,-1.2799208630988E-8,5.18199999999964));
#3103=CARTESIAN_POINT('',(-0.0214392855344367,-0.0640047550905171,5.18199999999999));
#3104=CARTESIAN_POINT('',(0.0215433750059147,-0.0639697946759465,5.18199999999999));
#3105=CARTESIAN_POINT('',(0.0215433750059147,-0.0639697946759465,5.18199999999999));
#3106=CARTESIAN_POINT('',(0.0215433750059219,-0.0639697946759499,2.18));
#3107=CARTESIAN_POINT('',(0.031823376491183,-0.0700000127990849,2.17999999999999));
#3108=CARTESIAN_POINT('',(0.0215433750059219,-0.0639697946759499,2.18));
#3109=CARTESIAN_POINT('',(0.0215433750059147,-0.0639697946759465,5.18199999999999));
#3110=CARTESIAN_POINT('',(0.0318233764911758,-0.0700000127990886,5.18199999999999));
#3111=CARTESIAN_POINT('',(0.0318233764911758,-0.0700000127990886,5.18199999999999));
#3112=CARTESIAN_POINT('',(0.031823376491183,-0.0700000127990849,2.17999999999999));
#3113=CARTESIAN_POINT('',(0.0318233764911758,-0.0700000127990886,5.18199999999999));
#3114=CARTESIAN_POINT('',(0.0466726188960931,-0.0700000127990233,5.18199999999999));
#3115=CARTESIAN_POINT('',(0.0466726188960931,-0.0700000127990233,5.18199999999999));
#3116=CARTESIAN_POINT('',(0.0466726188961003,-0.0700000127990196,2.17999999999999));
#3117=CARTESIAN_POINT('',(0.0700000000002143,-0.0466726316946877,2.17999999999999));
#3118=CARTESIAN_POINT('',(0.0466726188961003,-0.0700000127990196,2.17999999999999));
#3119=CARTESIAN_POINT('',(0.0466726188960931,-0.0700000127990233,5.18199999999999));
#3120=CARTESIAN_POINT('',(0.0700000000002053,-0.0466726316946949,5.18199999999999));
#3121=CARTESIAN_POINT('',(0.0700000000002053,-0.0466726316946949,5.18199999999999));
#3122=CARTESIAN_POINT('',(0.0700000000002143,-0.0466726316946877,2.17999999999999));
#3123=CARTESIAN_POINT('',(0.0700000000002053,-0.0466726316946949,5.18199999999999));
#3124=CARTESIAN_POINT('',(0.0700000000001365,-0.031823389289774,5.18199999999999));
#3125=CARTESIAN_POINT('',(0.0700000000001365,-0.031823389289774,5.18199999999999));
#3126=CARTESIAN_POINT('',(0.0700000000001437,-0.0318233892897739,2.17999999999999));
#3127=CARTESIAN_POINT('',(0.0640047422912774,-0.0214392983336611,2.18));
#3128=CARTESIAN_POINT('',(0.0700000000001437,-0.0318233892897739,2.17999999999999));
#3129=CARTESIAN_POINT('',(0.0700000000001365,-0.031823389289774,5.18199999999999));
#3130=CARTESIAN_POINT('',(0.0640047422912719,-0.0214392983336577,5.18199999999999));
#3131=CARTESIAN_POINT('',(0.0640047422912719,-0.0214392983336577,5.18199999999999));
#3132=CARTESIAN_POINT('',(0.0640047422912774,-0.0214392983336611,2.18));
#3133=CARTESIAN_POINT('',(-1.28954703011204E-14,-1.27992381028511E-8,2.17999999999984));
#3134=CARTESIAN_POINT('',(0.0639697818767085,0.0215433622066815,2.18));
#3135=CARTESIAN_POINT('',(0.0640047422912774,-0.0214392983336611,2.18));
#3136=CARTESIAN_POINT('',(-2.53608294777318E-14,-1.27992364923507E-8,5.18199999999969));
#3137=CARTESIAN_POINT('',(0.0640047422912719,-0.0214392983336577,5.18199999999999));
#3138=CARTESIAN_POINT('',(0.0639697818767031,0.0215433622066813,5.18199999999999));
#3139=CARTESIAN_POINT('',(0.0639697818767031,0.0215433622066813,5.18199999999999));
#3140=CARTESIAN_POINT('',(0.0639697818767085,0.0215433622066815,2.18));
#3141=CARTESIAN_POINT('',(9.20623468901966E-15,-1.27992338847473E-8,2.17999999999984));
#3142=CARTESIAN_POINT('',(-0.0639697818767165,-0.0215433878051562,2.18));
#3143=CARTESIAN_POINT('',(-0.0640047422912836,0.0214392727351971,2.18));
#3144=CARTESIAN_POINT('',(-0.0640047422912836,0.0214392727351971,2.18));
#3145=CARTESIAN_POINT('',(-0.0640047422912872,0.0214392727352005,5.18199999999999));
#3146=CARTESIAN_POINT('',(3.97803335478636E-15,-1.27992384213404E-8,5.18199999999965));
#3147=CARTESIAN_POINT('',(-0.0640047422912872,0.0214392727352005,5.18199999999999));
#3148=CARTESIAN_POINT('',(-0.0639697818767255,-0.0215433878051528,5.18199999999999));
#3149=CARTESIAN_POINT('',(-0.0640047422912836,0.0214392727351971,2.18));
#3150=CARTESIAN_POINT('',(-0.0700000000001535,0.0318233636913028,2.17999999999999));
#3151=CARTESIAN_POINT('',(-0.0700000000001535,0.0318233636913028,2.17999999999999));
#3152=CARTESIAN_POINT('',(-0.0700000000001572,0.0318233636913062,5.18199999999999));
#3153=CARTESIAN_POINT('',(-0.0700000000001572,0.0318233636913062,5.18199999999999));
#3154=CARTESIAN_POINT('',(-0.0640047422912872,0.0214392727352005,5.18199999999999));
#3155=CARTESIAN_POINT('',(-0.0700000000002223,0.0466726060962201,2.17999999999999));
#3156=CARTESIAN_POINT('',(-0.0700000000002277,0.04667260609622,5.18199999999998));
#3157=CARTESIAN_POINT('',(-0.0700000000002277,0.04667260609622,5.18199999999998));
#3158=CARTESIAN_POINT('',(-0.0700000000001572,0.0318233636913062,5.18199999999999));
#3159=CARTESIAN_POINT('',(-0.0700000000002223,0.0466726060962201,2.17999999999999));
#3160=CARTESIAN_POINT('',(-0.0466726188961101,0.0699999872005485,2.17999999999999));
#3161=CARTESIAN_POINT('',(-0.0466726188961101,0.0699999872005485,2.17999999999999));
#3162=CARTESIAN_POINT('',(-0.0466726188961191,0.0699999872005483,5.18199999999998));
#3163=CARTESIAN_POINT('',(-0.0466726188961191,0.0699999872005483,5.18199999999998));
#3164=CARTESIAN_POINT('',(-0.0700000000002277,0.04667260609622,5.18199999999998));
#3165=CARTESIAN_POINT('',(-0.031823376491191,0.0699999872006173,2.17999999999999));
#3166=CARTESIAN_POINT('',(-0.0318233764911982,0.0699999872006171,5.18199999999998));
#3167=CARTESIAN_POINT('',(-0.0318233764911982,0.0699999872006171,5.18199999999998));
#3168=CARTESIAN_POINT('',(-0.0466726188961191,0.0699999872005483,5.18199999999998));
#3169=CARTESIAN_POINT('',(-0.031823376491191,0.0699999872006173,2.17999999999999));
#3170=CARTESIAN_POINT('',(-0.0215433750059335,0.0639697690774752,2.18));
#3171=CARTESIAN_POINT('',(-0.0215433750059335,0.0639697690774752,2.18));
#3172=CARTESIAN_POINT('',(-0.0215433750059353,0.0639697690774786,5.18199999999999));
#3173=CARTESIAN_POINT('',(-0.0215433750059353,0.0639697690774786,5.18199999999999));
#3174=CARTESIAN_POINT('',(-0.0318233764911982,0.0699999872006171,5.18199999999998));
#3175=CARTESIAN_POINT('',(-5.89250401796431E-15,-1.2799258202652E-8,2.17999999999984));
#3176=CARTESIAN_POINT('',(-0.0215433750059335,0.0639697690774752,2.18));
#3177=CARTESIAN_POINT('',(0.0214392855344197,0.0640047294920458,2.18));
#3178=CARTESIAN_POINT('',(0.0214392855344197,0.0640047294920458,2.18));
#3179=CARTESIAN_POINT('',(0.0214392855344143,0.0640047294920457,5.18199999999999));
#3180=CARTESIAN_POINT('',(-1.48108761608778E-14,-1.27992608769346E-8,5.18199999999965));
#3181=CARTESIAN_POINT('',(0.0214392855344143,0.0640047294920457,5.18199999999999));
#3182=CARTESIAN_POINT('',(-0.0215433750059353,0.0639697690774786,5.18199999999999));
#3183=CARTESIAN_POINT('',(0.0214392855344197,0.0640047294920458,2.18));
#3184=CARTESIAN_POINT('',(0.0318233764905325,0.0699999872009122,2.17999999999999));
#3185=CARTESIAN_POINT('',(0.0318233764905325,0.0699999872009122,2.17999999999999));
#3186=CARTESIAN_POINT('',(0.0318233764905271,0.069999987200912,5.18199999999999));
#3187=CARTESIAN_POINT('',(0.0318233764905271,0.069999987200912,5.18199999999999));
#3188=CARTESIAN_POINT('',(0.0214392855344143,0.0640047294920457,5.18199999999999));
#3189=CARTESIAN_POINT('',(0.0466726188954499,0.069999987200981,2.17999999999999));
#3190=CARTESIAN_POINT('',(0.0466726188954445,0.0699999872009808,5.18199999999999));
#3191=CARTESIAN_POINT('',(0.0466726188954445,0.0699999872009808,5.18199999999999));
#3192=CARTESIAN_POINT('',(0.0318233764905271,0.069999987200912,5.18199999999999));
#3193=CARTESIAN_POINT('',(0.0466726188954499,0.069999987200981,2.17999999999999));
#3194=CARTESIAN_POINT('',(0.0699999999997782,0.0466726060968723,2.17999999999999));
#3195=CARTESIAN_POINT('',(0.0699999999997782,0.0466726060968723,2.17999999999999));
#3196=CARTESIAN_POINT('',(0.0699999999997728,0.0466726060968686,5.18199999999998));
#3197=CARTESIAN_POINT('',(0.0699999999997728,0.0466726060968686,5.18199999999998));
#3198=CARTESIAN_POINT('',(0.0466726188954445,0.0699999872009808,5.18199999999999));
#3199=CARTESIAN_POINT('',(0.0699999999998471,0.031823363691955,2.17999999999999));
#3200=CARTESIAN_POINT('',(0.0699999999998416,0.0318233636919513,5.18199999999999));
#3201=CARTESIAN_POINT('',(0.0699999999998416,0.0318233636919513,5.18199999999999));
#3202=CARTESIAN_POINT('',(0.0699999999997728,0.0466726060968686,5.18199999999998));
#3203=CARTESIAN_POINT('',(0.0699999999998471,0.031823363691955,2.17999999999999));
#3204=CARTESIAN_POINT('',(0.0639697818767085,0.0215433622066815,2.18));
#3205=CARTESIAN_POINT('',(0.0639697818767031,0.0215433622066813,5.18199999999999));
#3206=CARTESIAN_POINT('',(0.0699999999998416,0.0318233636919513,5.18199999999999));
#3207=CARTESIAN_POINT('',(-7.66475055099122E-15,-3.68458964937232E-7,5.19199999466746));
#3208=CARTESIAN_POINT('',(-4.16638945566206E-13,0.0874992881201153,5.19199999466746));
#3209=CARTESIAN_POINT('',(3.95975230337515E-13,-0.0875000250380452,5.19199999466746));
#3210=CARTESIAN_POINT('',(-1.12269127902146E-14,-3.68458964937235E-7,5.19199999466746));
#3211=CARTESIAN_POINT('',(3.95961041732562E-13,-0.0875000250380452,5.19199999466746));
#3212=CARTESIAN_POINT('',(-4.166555572947E-13,0.0874992881201153,5.19199999466746));
#3213=CARTESIAN_POINT('',(-7.66967014978278E-15,-3.68458968494481E-7,5.18199999999998));
#3214=CARTESIAN_POINT('',(-4.13058476311789E-13,0.0874992881201117,5.18199999999998));
#3215=CARTESIAN_POINT('',(3.94232662827948E-13,-0.0875000250380487,5.18199999999998));
#3216=CARTESIAN_POINT('',(-1.1195018417519E-14,-3.68458968492028E-7,5.18199999999998));
#3217=CARTESIAN_POINT('',(3.94212440468777E-13,-0.0875000250380487,5.18199999999998));
#3218=CARTESIAN_POINT('',(-4.13077146466187E-13,0.0874992881201117,5.18199999999998));
#3219=CARTESIAN_POINT('',(-4.16638945566206E-13,0.0874992881201153,5.19199999466746));
#3220=CARTESIAN_POINT('',(-4.13058476311789E-13,0.0874992881201117,5.18199999999998));
#3221=CARTESIAN_POINT('',(-0.057725823041353,-0.11339452144897,5.19225683865737));
#3222=CARTESIAN_POINT('',(-0.0612564254731369,-0.109856616301084,5.23025823546509));
#3223=CARTESIAN_POINT('',(-0.07816697803225,-0.104848022627239,5.19225683959752));
#3224=CARTESIAN_POINT('',(-0.0754405495359325,-0.100659036153188,5.23025823546509));
#3225=CARTESIAN_POINT('',(-0.0676287288262703,-0.0662961015849063,5.19225683817339));
#3226=CARTESIAN_POINT('',(-0.0842603888742516,-0.0596809830034518,5.2302582354651));
#3227=CARTESIAN_POINT('',(-0.0700570982824554,-0.0482200201344829,5.19226684015796));
#3228=CARTESIAN_POINT('',(-1.70084936007501E-14,-1.21886609914395E-8,5.23025823546508));
#3229=CARTESIAN_POINT('',(-0.0615672051675366,0.0600948546130806,5.19226684015796));
#3230=CARTESIAN_POINT('',(-0.077526890831463,0.0681936837735429,5.23025823546508));
#3231=CARTESIAN_POINT('',(-0.0693396144586284,0.106689272804203,5.19225683810987));
#3232=CARTESIAN_POINT('',(-0.0645101263419656,0.107977790098044,5.2302582354651));
#3233=CARTESIAN_POINT('',(-0.0517175519290263,0.120118581555243,5.19225683968969));
#3234=CARTESIAN_POINT('',(-0.0494531674615368,0.115662128039527,5.23025823546509));
#3235=CARTESIAN_POINT('',(-0.0235997336337866,0.0917162302636983,5.19225683850726));
#3236=CARTESIAN_POINT('',(-0.00955504241099685,0.102812110516625,5.23025823546508));
#3237=CARTESIAN_POINT('',(-0.00673120271057828,0.0847812186122697,5.19226684015796));
#3238=CARTESIAN_POINT('',(-4.62249851507132E-15,-1.21886490344307E-8,5.23025823546508));
#3239=CARTESIAN_POINT('',(0.0828272838711185,0.0232713181255393,5.19226684015796));
#3240=CARTESIAN_POINT('',(0.0978209184969206,0.0330433967666679,5.23025823546509));
#3241=CARTESIAN_POINT('',(0.127065435179223,0.00670521377059478,5.19225683961046));
#3242=CARTESIAN_POINT('',(0.125766247671584,0.00187825090839325,5.23025823546509));
#3243=CARTESIAN_POINT('',(0.129884529483422,-0.0152705977845862,5.19225683912926));
#3244=CARTESIAN_POINT('',(0.124893240672866,-0.0150036574579659,5.23025823546508));
#3245=CARTESIAN_POINT('',(0.0912284655538809,-0.0254201641146835,5.19225683982409));
#3246=CARTESIAN_POINT('',(0.0938154312852181,-0.0431311640790674,5.23025823546511));
#3247=CARTESIAN_POINT('',(0.0767883009929893,-0.0365612350437574,5.19226684015796));
#3248=CARTESIAN_POINT('',(-2.35125800763037E-15,-1.21886758934964E-8,5.23025823546508));
#3249=CARTESIAN_POINT('',(-0.0212600787036175,-0.083366209304619,5.19226684015796));
#3250=CARTESIAN_POINT('',(-0.0202940276655106,-0.101237117106214,5.2302582354651));
#3251=CARTESIAN_POINT('',(0.130896058471666,0.121244609104622,5.19226684015796));
#3252=CARTESIAN_POINT('',(0.130896058435872,0.121244609104622,5.26824963077221));
#3253=CARTESIAN_POINT('',(-0.0331292296771115,-0.0887647400439732,5.26824963077221));
#3254=CARTESIAN_POINT('',(-0.0577187544270868,-0.113387443297064,5.26824963077221));
#3255=CARTESIAN_POINT('',(-0.0331292296771096,-0.0887647400439696,5.19226684015796));
#3256=CARTESIAN_POINT('',(-0.0577187544270849,-0.11338744329706,5.19226684015796));
#3257=CARTESIAN_POINT('',(-0.0639770385893567,-0.114049481667088,5.19226684015796));
#3258=CARTESIAN_POINT('',(-0.0639770385893586,-0.114049481667088,5.26824963077221));
#3259=CARTESIAN_POINT('',(-0.0781585855426792,-0.104853464732843,5.26824963077221));
#3260=CARTESIAN_POINT('',(-0.0781585855426827,-0.104853464732843,5.19226684015796));
#3261=CARTESIAN_POINT('',(-0.0801073272277123,-0.0988695846117055,5.19226684015796));
#3262=CARTESIAN_POINT('',(-0.0801073272277124,-0.0988695846117091,5.26824963077221));
#3263=CARTESIAN_POINT('',(-0.0676323077577576,-0.0663054438411655,5.26824963077221));
#3264=CARTESIAN_POINT('',(-0.0676323077577574,-0.0663054438411655,5.19226684015796));
#3265=CARTESIAN_POINT('',(-0.0675196751583286,-0.053346547962454,5.19226684015796));
#3266=CARTESIAN_POINT('',(-0.0675196751583287,-0.053346547962454,5.26824963077221));
#3267=CARTESIAN_POINT('',(-0.0700570982824554,-0.0482200201344829,5.19226684015796));
#3268=CARTESIAN_POINT('',(-0.0700570982824538,-0.0482200201344829,5.26824963077221));
#3269=CARTESIAN_POINT('',(-0.0646088541987074,0.0553069687918898,5.26824963077221));
#3270=CARTESIAN_POINT('',(-0.064608854198709,0.0553069687918863,5.19226684015796));
#3271=CARTESIAN_POINT('',(-0.0615672051675366,0.0600948546130806,5.19226684015796));
#3272=CARTESIAN_POINT('',(-0.0615672051675349,0.0600948546130806,5.26824963077221));
#3273=CARTESIAN_POINT('',(-0.06030789444417,0.0730731062471675,5.19226684015796));
#3274=CARTESIAN_POINT('',(-0.0603078944441702,0.0730731062471675,5.26824963077221));
#3275=CARTESIAN_POINT('',(-0.0693370185962057,0.106679610974187,5.26824963077221));
#3276=CARTESIAN_POINT('',(-0.0693370185962056,0.106679610974187,5.19226684015796));
#3277=CARTESIAN_POINT('',(-0.0667812185617943,0.112430463227829,5.19226684015796));
#3278=CARTESIAN_POINT('',(-0.0667812185617927,0.112430463227829,5.26824963077221));
#3279=CARTESIAN_POINT('',(-0.0517264608064417,0.120114034687244,5.26824963077221));
#3280=CARTESIAN_POINT('',(-0.0517264608064451,0.120114034687244,5.19226684015796));
#3281=CARTESIAN_POINT('',(-0.0455698977658234,0.118809754431329,5.19226684015796));
#3282=CARTESIAN_POINT('',(-0.0455698977658235,0.118809754431325,5.26824963077221));
#3283=CARTESIAN_POINT('',(-0.0236060343411027,0.0917240002723703,5.26824963077221));
#3284=CARTESIAN_POINT('',(-0.023606034341099,0.0917240002723703,5.19226684015796));
#3285=CARTESIAN_POINT('',(-0.0124396176048769,0.0851470096406189,5.19226684015796));
#3286=CARTESIAN_POINT('',(-0.0124396176048753,0.0851470096406189,5.26824963077221));
#3287=CARTESIAN_POINT('',(-0.00673120271057828,0.0847812186122697,5.19226684015796));
#3288=CARTESIAN_POINT('',(-0.00673120271057842,0.0847812186122697,5.26824963077221));
#3289=CARTESIAN_POINT('',(0.0802016776351056,0.0282994063665712,5.26824963077221));
#3290=CARTESIAN_POINT('',(0.080201677635104,0.0282994063665712,5.19226684015796));
#3291=CARTESIAN_POINT('',(0.0828272838711185,0.0232713181255393,5.19226684015796));
#3292=CARTESIAN_POINT('',(0.0828272838711167,0.0232713181255358,5.26824963077221));
#3293=CARTESIAN_POINT('',(0.0934371241212424,0.0156915972308208,5.19226684015796));
#3294=CARTESIAN_POINT('',(0.0934371241212423,0.0156915972308172,5.26824963077221));
#3295=CARTESIAN_POINT('',(0.127055773023262,0.00670779575689595,5.26824963077221));
#3296=CARTESIAN_POINT('',(0.127055773023262,0.0067077957568995,5.19226684015796));
#3297=CARTESIAN_POINT('',(0.130758257151121,0.00161898187328174,5.19226684015796));
#3298=CARTESIAN_POINT('',(0.130758257151117,0.00161898187328174,5.26824963077221));
#3299=CARTESIAN_POINT('',(0.129885046349096,-0.0152606065203791,5.26824963077221));
#3300=CARTESIAN_POINT('',(0.129885046349098,-0.0152606065203826,5.19226684015796));
#3301=CARTESIAN_POINT('',(0.125677224993506,-0.0199402063856008,5.19226684015796));
#3302=CARTESIAN_POINT('',(0.125677224993505,-0.0199402063855973,5.26824963077221));
#3303=CARTESIAN_POINT('',(0.0912383420988226,-0.025418592997179,5.26824963077221));
#3304=CARTESIAN_POINT('',(0.0912383420988227,-0.0254185929971825,5.19226684015796));
#3305=CARTESIAN_POINT('',(0.0799592927631647,-0.0318004982441213,5.19226684015796));
#3306=CARTESIAN_POINT('',(0.0799592927631664,-0.0318004982441213,5.26824963077221));
#3307=CARTESIAN_POINT('',(0.0767883009929893,-0.0365612350437574,5.19226684015796));
#3308=CARTESIAN_POINT('',(0.0767883009929892,-0.0365612350437503,5.26824963077221));
#3309=CARTESIAN_POINT('',(-0.0155928234364092,-0.0836064117244139,5.26824963077221));
#3310=CARTESIAN_POINT('',(-0.0155928234364073,-0.0836064117244174,5.19226684015796));
#3311=CARTESIAN_POINT('',(-0.0212600787036175,-0.083366209304619,5.19226684015796));
#3312=CARTESIAN_POINT('',(-0.0212600787036176,-0.083366209304619,5.26824963077221));
#3313=CARTESIAN_POINT('',(-0.0331292296771115,-0.0887647400439732,5.26824963077221));
#3314=CARTESIAN_POINT('',(-0.0391196029394351,-0.0947631960821894,5.26824963077221));
#3315=CARTESIAN_POINT('',(-0.0451099762017605,-0.100761652120413,5.26824963077221));
#3316=CARTESIAN_POINT('',(-0.0511003494640841,-0.106760108158633,5.26824963077221));
#3317=CARTESIAN_POINT('',(-0.0533064833997819,-0.108969218818054,5.26824963077221));
#3318=CARTESIAN_POINT('',(-0.055512617335485,-0.111178329477479,5.26824963077221));
#3319=CARTESIAN_POINT('',(-0.0577187544270886,-0.113387443297064,5.26824963077221));
#3320=CARTESIAN_POINT('',(-0.0331292296771096,-0.0887647400439696,5.19226684015796));
#3321=CARTESIAN_POINT('',(-0.0331292296771115,-0.0887647400439732,5.26824963077221));
#3322=CARTESIAN_POINT('',(-0.0577187544270849,-0.11338744329706,5.19226684015796));
#3323=CARTESIAN_POINT('',(-0.0555126173354849,-0.111178329477479,5.19226684015796));
#3324=CARTESIAN_POINT('',(-0.0533064833997836,-0.108969218818057,5.19226684015796));
#3325=CARTESIAN_POINT('',(-0.0511003494640822,-0.106760108158629,5.19226684015796));
#3326=CARTESIAN_POINT('',(-0.0451099762017568,-0.100761652120409,5.19226684015796));
#3327=CARTESIAN_POINT('',(-0.039119602939435,-0.0947631960821894,5.19226684015796));
#3328=CARTESIAN_POINT('',(-0.0331292296771096,-0.0887647400439696,5.19226684015796));
#3329=CARTESIAN_POINT('',(-0.0577187544270868,-0.113387443297064,5.26824963077221));
#3330=CARTESIAN_POINT('',(-0.0577187544270849,-0.11338744329706,5.19226684015796));
#3331=CARTESIAN_POINT('',(-0.0612564254731368,-0.109856616301081,5.19226684015796));
#3332=CARTESIAN_POINT('',(-0.0639770385893567,-0.114049481667088,5.19226684015796));
#3333=CARTESIAN_POINT('',(-0.0577187544270849,-0.11338744329706,5.19226684015796));
#3334=CARTESIAN_POINT('',(-0.0612564254731371,-0.109856616301087,5.26824963077221));
#3335=CARTESIAN_POINT('',(-0.0577187544270886,-0.113387443297064,5.26824963077221));
#3336=CARTESIAN_POINT('',(-0.0639770385893586,-0.114049481667088,5.26824963077221));
#3337=CARTESIAN_POINT('',(-0.0639770385893586,-0.114049481667088,5.26824963077221));
#3338=CARTESIAN_POINT('',(-0.0639770385893567,-0.114049481667088,5.19226684015796));
#3339=CARTESIAN_POINT('',(-0.0639770385893586,-0.114049481667088,5.26824963077221));
#3340=CARTESIAN_POINT('',(-0.0687042197800841,-0.110984143419839,5.26824963077221));
#3341=CARTESIAN_POINT('',(-0.0734314009708113,-0.107918805172593,5.26824963077221));
#3342=CARTESIAN_POINT('',(-0.0781585855426792,-0.104853464732843,5.26824963077221));
#3343=CARTESIAN_POINT('',(-0.0781585855426827,-0.104853464732843,5.19226684015796));
#3344=CARTESIAN_POINT('',(-0.0734314032249068,-0.107918803710925,5.19226684015796));
#3345=CARTESIAN_POINT('',(-0.0687042209071344,-0.11098414268901,5.19226684015796));
#3346=CARTESIAN_POINT('',(-0.0639770385893567,-0.114049481667088,5.19226684015796));
#3347=CARTESIAN_POINT('',(-0.0781585855426792,-0.104853464732843,5.26824963077221));
#3348=CARTESIAN_POINT('',(-0.0781585855426827,-0.104853464732843,5.19226684015796));
#3349=CARTESIAN_POINT('',(-0.0754405495359289,-0.100659036153187,5.19226684015796));
#3350=CARTESIAN_POINT('',(-0.0801073272277123,-0.0988695846117055,5.19226684015796));
#3351=CARTESIAN_POINT('',(-0.0781585855426827,-0.104853464732843,5.19226684015796));
#3352=CARTESIAN_POINT('',(-0.0754405495359362,-0.100659036153189,5.26824963077222));
#3353=CARTESIAN_POINT('',(-0.0781585855426792,-0.104853464732843,5.26824963077221));
#3354=CARTESIAN_POINT('',(-0.0801073272277124,-0.0988695846117091,5.26824963077221));
#3355=CARTESIAN_POINT('',(-0.0801073272277124,-0.0988695846117091,5.26824963077221));
#3356=CARTESIAN_POINT('',(-0.0801073272277123,-0.0988695846117055,5.19226684015796));
#3357=CARTESIAN_POINT('',(-0.0801073272277124,-0.0988695846117091,5.26824963077221));
#3358=CARTESIAN_POINT('',(-0.0789904493130289,-0.0959541447019902,5.26824963077221));
#3359=CARTESIAN_POINT('',(-0.0778735713983453,-0.0930387047922712,5.26824963077221));
#3360=CARTESIAN_POINT('',(-0.0767566934836636,-0.0901232648825523,5.26824963077221));
#3361=CARTESIAN_POINT('',(-0.0737152315750276,-0.0821839912020888,5.26824963077221));
#3362=CARTESIAN_POINT('',(-0.0706737696663935,-0.0742447175216254,5.26824963077221));
#3363=CARTESIAN_POINT('',(-0.0676323077577576,-0.0663054438411655,5.26824963077221));
#3364=CARTESIAN_POINT('',(-0.0676323077577574,-0.0663054438411655,5.19226684015796));
#3365=CARTESIAN_POINT('',(-0.0706737696663933,-0.0742447175216254,5.19226684015796));
#3366=CARTESIAN_POINT('',(-0.0737152315750293,-0.0821839912020888,5.19226684015796));
#3367=CARTESIAN_POINT('',(-0.0767566934836634,-0.0901232648825487,5.19226684015796));
#3368=CARTESIAN_POINT('',(-0.0778735713983487,-0.0930387047922676,5.19226684015796));
#3369=CARTESIAN_POINT('',(-0.0789904493130305,-0.0959541447019902,5.19226684015796));
#3370=CARTESIAN_POINT('',(-0.0801073272277123,-0.0988695846117055,5.19226684015796));
#3371=CARTESIAN_POINT('',(-0.0676323077577576,-0.0663054438411655,5.26824963077221));
#3372=CARTESIAN_POINT('',(-0.0676323077577574,-0.0663054438411655,5.19226684015796));
#3373=CARTESIAN_POINT('',(-0.0842603888742493,-0.0596809830034518,5.19226684015796));
#3374=CARTESIAN_POINT('',(-0.0675196751583286,-0.053346547962454,5.19226684015796));
#3375=CARTESIAN_POINT('',(-0.0676323077577574,-0.0663054438411655,5.19226684015796));
#3376=CARTESIAN_POINT('',(-0.084260388874254,-0.0596809830034517,5.26824963077224));
#3377=CARTESIAN_POINT('',(-0.0676323077577576,-0.0663054438411655,5.26824963077221));
#3378=CARTESIAN_POINT('',(-0.0675196751583287,-0.053346547962454,5.26824963077221));
#3379=CARTESIAN_POINT('',(-0.0675196751583287,-0.053346547962454,5.26824963077221));
#3380=CARTESIAN_POINT('',(-0.0675196751583286,-0.053346547962454,5.19226684015796));
#3381=CARTESIAN_POINT('',(-0.0700570982824554,-0.0482200201344829,5.19226684015796));
#3382=CARTESIAN_POINT('',(-0.0689685547051909,-0.0498015255643037,5.19226684015796));
#3383=CARTESIAN_POINT('',(-0.0681155152463083,-0.0515285621591147,5.19226684015796));
#3384=CARTESIAN_POINT('',(-0.0675196751583286,-0.053346547962454,5.19226684015796));
#3385=CARTESIAN_POINT('',(-0.0675196751583287,-0.053346547962454,5.26824963077221));
#3386=CARTESIAN_POINT('',(-0.0681155152463066,-0.0515285621591112,5.26824963077221));
#3387=CARTESIAN_POINT('',(-0.068968554705191,-0.0498015255643037,5.26824963077221));
#3388=CARTESIAN_POINT('',(-0.0700570982824538,-0.0482200201344829,5.26824963077221));
#3389=CARTESIAN_POINT('',(-0.0700570982824538,-0.0482200201344829,5.26824963077221));
#3390=CARTESIAN_POINT('',(-0.0700570982824554,-0.0482200201344829,5.19226684015796));
#3391=CARTESIAN_POINT('',(-0.0646088541987074,0.0553069687918899,5.26824963077221));
#3392=CARTESIAN_POINT('',(-0.0646088541987073,0.0553069687918863,5.19226684015796));
#3393=CARTESIAN_POINT('',(-0.0615672051675366,0.0600948546130806,5.19226684015796));
#3394=CARTESIAN_POINT('',(-0.062348066064467,0.0583660810585304,5.19226684015796));
#3395=CARTESIAN_POINT('',(-0.0633708244315556,0.0567532181314468,5.19226684015796));
#3396=CARTESIAN_POINT('',(-0.064608854198709,0.0553069687918863,5.19226684015796));
#3397=CARTESIAN_POINT('',(-0.0646088541987092,0.0553069687918898,5.26824963077221));
#3398=CARTESIAN_POINT('',(-0.0633708244315522,0.0567532181314504,5.26824963077221));
#3399=CARTESIAN_POINT('',(-0.0623480660644707,0.058366081058534,5.26824963077221));
#3400=CARTESIAN_POINT('',(-0.0615672051675349,0.0600948546130806,5.26824963077221));
#3401=CARTESIAN_POINT('',(-0.0615672051675349,0.0600948546130806,5.26824963077221));
#3402=CARTESIAN_POINT('',(-0.0615672051675366,0.0600948546130806,5.19226684015796));
#3403=CARTESIAN_POINT('',(-0.0775268908314708,0.0681936837735447,5.19226684015797));
#3404=CARTESIAN_POINT('',(-0.06030789444417,0.0730731062471675,5.19226684015796));
#3405=CARTESIAN_POINT('',(-0.0615672051675366,0.0600948546130806,5.19226684015796));
#3406=CARTESIAN_POINT('',(-0.0775268908314652,0.068193683773542,5.26824963077221));
#3407=CARTESIAN_POINT('',(-0.0615672051675349,0.0600948546130806,5.26824963077221));
#3408=CARTESIAN_POINT('',(-0.0603078944441702,0.0730731062471675,5.26824963077221));
#3409=CARTESIAN_POINT('',(-0.0603078944441702,0.0730731062471675,5.26824963077221));
#3410=CARTESIAN_POINT('',(-0.06030789444417,0.0730731062471675,5.19226684015796));
#3411=CARTESIAN_POINT('',(-0.0603078944441702,0.0730731062471675,5.26824963077221));
#3412=CARTESIAN_POINT('',(-0.0625075231255898,0.0812601496896012,5.26824963077221));
#3413=CARTESIAN_POINT('',(-0.0647071518070112,0.0894471931320419,5.26824963077221));
#3414=CARTESIAN_POINT('',(-0.0669067804884343,0.0976342365744755,5.26824963077221));
#3415=CARTESIAN_POINT('',(-0.0677168594714138,0.100649359936658,5.26824963077221));
#3416=CARTESIAN_POINT('',(-0.0685269384543986,0.103664483298836,5.26824963077221));
#3417=CARTESIAN_POINT('',(-0.0693370185962057,0.106679610974187,5.26824963077221));
#3418=CARTESIAN_POINT('',(-0.0693370185962074,0.106679610974187,5.19226684015796));
#3419=CARTESIAN_POINT('',(-0.0685269384543984,0.103664483298833,5.19226684015796));
#3420=CARTESIAN_POINT('',(-0.0677168594714154,0.100649359936654,5.19226684015796));
#3421=CARTESIAN_POINT('',(-0.0669067804884324,0.0976342365744791,5.19226684015796));
#3422=CARTESIAN_POINT('',(-0.0647071518070128,0.0894471931320383,5.19226684015796));
#3423=CARTESIAN_POINT('',(-0.0625075231255896,0.0812601496896047,5.19226684015796));
#3424=CARTESIAN_POINT('',(-0.06030789444417,0.0730731062471675,5.19226684015796));
#3425=CARTESIAN_POINT('',(-0.0693370185962057,0.106679610974187,5.26824963077221));
#3426=CARTESIAN_POINT('',(-0.0693370185962056,0.106679610974187,5.19226684015796));
#3427=CARTESIAN_POINT('',(-0.0645101263419647,0.107977790098043,5.19226684015797));
#3428=CARTESIAN_POINT('',(-0.0667812185617943,0.112430463227829,5.19226684015796));
#3429=CARTESIAN_POINT('',(-0.0693370185962073,0.106679610974187,5.19226684015796));
#3430=CARTESIAN_POINT('',(-0.0645101263419666,0.107977790098045,5.26824963077222));
#3431=CARTESIAN_POINT('',(-0.0693370185962057,0.106679610974187,5.26824963077221));
#3432=CARTESIAN_POINT('',(-0.0667812185617927,0.112430463227829,5.26824963077221));
#3433=CARTESIAN_POINT('',(-0.0667812185617927,0.112430463227829,5.26824963077221));
#3434=CARTESIAN_POINT('',(-0.0667812185617943,0.112430463227829,5.19226684015796));
#3435=CARTESIAN_POINT('',(-0.0667812185617927,0.112430463227829,5.26824963077221));
#3436=CARTESIAN_POINT('',(-0.0617629671731207,0.114991653103665,5.26824963077221));
#3437=CARTESIAN_POINT('',(-0.0567447157844488,0.117552842979504,5.26824963077221));
#3438=CARTESIAN_POINT('',(-0.0517264608064435,0.120114034687248,5.26824963077221));
#3439=CARTESIAN_POINT('',(-0.0517264608064434,0.120114034687244,5.19226684015796));
#3440=CARTESIAN_POINT('',(-0.056744713391561,0.117552844200778,5.19226684015796));
#3441=CARTESIAN_POINT('',(-0.0617629659766768,0.114991653714302,5.19226684015796));
#3442=CARTESIAN_POINT('',(-0.0667812185617943,0.112430463227829,5.19226684015796));
#3443=CARTESIAN_POINT('',(-0.0517264608064417,0.120114034687244,5.26824963077221));
#3444=CARTESIAN_POINT('',(-0.0517264608064451,0.120114034687244,5.19226684015796));
#3445=CARTESIAN_POINT('',(-0.0494531674615346,0.115662128039526,5.19226684015796));
#3446=CARTESIAN_POINT('',(-0.0455698977658234,0.118809754431329,5.19226684015796));
#3447=CARTESIAN_POINT('',(-0.0517264608064434,0.120114034687244,5.19226684015796));
#3448=CARTESIAN_POINT('',(-0.0494531674615389,0.115662128039528,5.26824963077221));
#3449=CARTESIAN_POINT('',(-0.0517264608064435,0.120114034687248,5.26824963077221));
#3450=CARTESIAN_POINT('',(-0.0455698977658235,0.118809754431325,5.26824963077221));
#3451=CARTESIAN_POINT('',(-0.0455698977658235,0.118809754431325,5.26824963077221));
#3452=CARTESIAN_POINT('',(-0.0455698977658234,0.118809754431329,5.19226684015796));
#3453=CARTESIAN_POINT('',(-0.0455698977658235,0.118809754431325,5.26824963077221));
#3454=CARTESIAN_POINT('',(-0.0436034907604856,0.116384788673115,5.26824963077221));
#3455=CARTESIAN_POINT('',(-0.0416370851616315,0.113959824649371,5.26824963077221));
#3456=CARTESIAN_POINT('',(-0.0396706795627774,0.111534860625624,5.26824963077221));
#3457=CARTESIAN_POINT('',(-0.0343157978222203,0.104931240507873,5.26824963077221));
#3458=CARTESIAN_POINT('',(-0.0289609160816597,0.0983276203901214,5.26824963077221));
#3459=CARTESIAN_POINT('',(-0.0236060343411027,0.0917240002723703,5.26824963077221));
#3460=CARTESIAN_POINT('',(-0.023606034341099,0.0917240002723703,5.19226684015796));
#3461=CARTESIAN_POINT('',(-0.028960916081656,0.098327620390125,5.19226684015796));
#3462=CARTESIAN_POINT('',(-0.0343157978222166,0.104931240507876,5.19226684015796));
#3463=CARTESIAN_POINT('',(-0.0396706795627772,0.111534860625627,5.19226684015796));
#3464=CARTESIAN_POINT('',(-0.0416370856304581,0.113959825227529,5.19226684015796));
#3465=CARTESIAN_POINT('',(-0.0436034916981407,0.116384789829427,5.19226684015796));
#3466=CARTESIAN_POINT('',(-0.0455698977658234,0.118809754431329,5.19226684015796));
#3467=CARTESIAN_POINT('',(-0.0236060343411027,0.0917240002723703,5.26824963077221));
#3468=CARTESIAN_POINT('',(-0.023606034341099,0.0917240002723703,5.19226684015796));
#3469=CARTESIAN_POINT('',(-0.00955504241100052,0.102812110516613,5.19226684015795));
#3470=CARTESIAN_POINT('',(-0.0124396176048769,0.0851470096406189,5.19226684015796));
#3471=CARTESIAN_POINT('',(-0.023606034341099,0.0917240002723703,5.19226684015796));
#3472=CARTESIAN_POINT('',(-0.00955504241099585,0.102812110516629,5.2682496307722));
#3473=CARTESIAN_POINT('',(-0.0236060343411027,0.0917240002723703,5.26824963077221));
#3474=CARTESIAN_POINT('',(-0.0124396176048753,0.0851470096406189,5.26824963077221));
#3475=CARTESIAN_POINT('',(-0.0124396176048753,0.0851470096406189,5.26824963077221));
#3476=CARTESIAN_POINT('',(-0.0124396176048769,0.0851470096406189,5.19226684015796));
#3477=CARTESIAN_POINT('',(-0.00673120271057828,0.0847812186122697,5.19226684015796));
#3478=CARTESIAN_POINT('',(-0.0086450983867189,0.0846292649353805,5.19226684015796));
#3479=CARTESIAN_POINT('',(-0.0105672756801994,0.0847540293935674,5.19226684015796));
#3480=CARTESIAN_POINT('',(-0.0124396176048769,0.0851470096406189,5.19226684015796));
#3481=CARTESIAN_POINT('',(-0.0124396176048753,0.0851470096406189,5.26824963077221));
#3482=CARTESIAN_POINT('',(-0.0105672756802013,0.0847540293935674,5.26824963077221));
#3483=CARTESIAN_POINT('',(-0.00864509838671904,0.0846292649353804,5.26824963077221));
#3484=CARTESIAN_POINT('',(-0.00673120271057842,0.0847812186122697,5.26824963077221));
#3485=CARTESIAN_POINT('',(-0.00673120271057842,0.0847812186122697,5.26824963077221));
#3486=CARTESIAN_POINT('',(-0.00673120271057828,0.0847812186122697,5.19226684015796));
#3487=CARTESIAN_POINT('',(0.0802016776351056,0.0282994063665712,5.26824963077221));
#3488=CARTESIAN_POINT('',(0.0802016776351039,0.0282994063665712,5.19226684015796));
#3489=CARTESIAN_POINT('',(0.0828272838711185,0.0232713181255393,5.19226684015796));
#3490=CARTESIAN_POINT('',(0.0817205525010766,0.0248119502803696,5.19226684015796));
#3491=CARTESIAN_POINT('',(0.0808351514181434,0.0265041164724836,5.19226684015796));
#3492=CARTESIAN_POINT('',(0.080201677635104,0.0282994063665712,5.19226684015796));
#3493=CARTESIAN_POINT('',(0.0802016776351056,0.0282994063665712,5.26824963077221));
#3494=CARTESIAN_POINT('',(0.0808351514181415,0.0265041164724801,5.26824963077221));
#3495=CARTESIAN_POINT('',(0.0817205525010729,0.0248119502803661,5.26824963077221));
#3496=CARTESIAN_POINT('',(0.0828272838711167,0.0232713181255358,5.26824963077221));
#3497=CARTESIAN_POINT('',(0.0828272838711167,0.0232713181255358,5.26824963077221));
#3498=CARTESIAN_POINT('',(0.0828272838711185,0.0232713181255393,5.19226684015796));
#3499=CARTESIAN_POINT('',(0.0978209184969099,0.033043396766653,5.19226684015797));
#3500=CARTESIAN_POINT('',(0.0934371241212424,0.0156915972308208,5.19226684015796));
#3501=CARTESIAN_POINT('',(0.0828272838711185,0.0232713181255393,5.19226684015796));
#3502=CARTESIAN_POINT('',(0.0978209184969314,0.0330433967666831,5.26824963077222));
#3503=CARTESIAN_POINT('',(0.0828272838711167,0.0232713181255358,5.26824963077221));
#3504=CARTESIAN_POINT('',(0.0934371241212423,0.0156915972308172,5.26824963077221));
#3505=CARTESIAN_POINT('',(0.0934371241212423,0.0156915972308172,5.26824963077221));
#3506=CARTESIAN_POINT('',(0.0934371241212424,0.0156915972308208,5.19226684015796));
#3507=CARTESIAN_POINT('',(0.0934371241212423,0.0156915972308172,5.26824963077221));
#3508=CARTESIAN_POINT('',(0.101627129970288,0.0135030087830044,5.26824963077221));
#3509=CARTESIAN_POINT('',(0.109817129961389,0.0113144219005919,5.26824963077221));
#3510=CARTESIAN_POINT('',(0.118007129952488,0.0091258350181758,5.26824963077221));
#3511=CARTESIAN_POINT('',(0.12102334430941,0.00831982193108607,5.26824963077221));
#3512=CARTESIAN_POINT('',(0.124039558666336,0.00751380884399279,5.26824963077221));
#3513=CARTESIAN_POINT('',(0.127055773023262,0.00670779575689595,5.26824963077221));
#3514=CARTESIAN_POINT('',(0.127055773023262,0.0067077957568995,5.19226684015796));
#3515=CARTESIAN_POINT('',(0.124039558666336,0.00751380884398924,5.19226684015796));
#3516=CARTESIAN_POINT('',(0.121023344309412,0.00831982193108607,5.19226684015796));
#3517=CARTESIAN_POINT('',(0.118007129952485,0.0091258350181758,5.19226684015796));
#3518=CARTESIAN_POINT('',(0.109817128008738,0.0113144224223896,5.19226684015796));
#3519=CARTESIAN_POINT('',(0.101627126064991,0.013503009826607,5.19226684015796));
#3520=CARTESIAN_POINT('',(0.0934371241212424,0.0156915972308208,5.19226684015796));
#3521=CARTESIAN_POINT('',(0.127055773023262,0.00670779575689595,5.26824963077221));
#3522=CARTESIAN_POINT('',(0.127055773023262,0.0067077957568995,5.19226684015796));
#3523=CARTESIAN_POINT('',(0.125766247671578,0.00187825090838882,5.19226684015797));
#3524=CARTESIAN_POINT('',(0.130758257151121,0.00161898187328174,5.19226684015796));
#3525=CARTESIAN_POINT('',(0.127055773023262,0.00670779575689952,5.19226684015796));
#3526=CARTESIAN_POINT('',(0.12576624767159,0.00187825090839815,5.26824963077222));
#3527=CARTESIAN_POINT('',(0.127055773023262,0.00670779575689595,5.26824963077221));
#3528=CARTESIAN_POINT('',(0.130758257151117,0.00161898187328174,5.26824963077221));
#3529=CARTESIAN_POINT('',(0.130758257151117,0.00161898187328174,5.26824963077221));
#3530=CARTESIAN_POINT('',(0.130758257151121,0.00161898187328174,5.19226684015796));
#3531=CARTESIAN_POINT('',(0.130758257151117,0.00161898187328174,5.26824963077221));
#3532=CARTESIAN_POINT('',(0.130467186744987,-0.00400755027421137,5.26824963077221));
#3533=CARTESIAN_POINT('',(0.130176116547039,-0.00963407839729345,5.26824963077221));
#3534=CARTESIAN_POINT('',(0.129885046349096,-0.0152606065203791,5.26824963077221));
#3535=CARTESIAN_POINT('',(0.129885046349098,-0.0152606065203826,5.19226684015796));
#3536=CARTESIAN_POINT('',(0.130176116616438,-0.00963407705582784,5.19226684015796));
#3537=CARTESIAN_POINT('',(0.130467186883779,-0.00400754759127304,5.19226684015796));
#3538=CARTESIAN_POINT('',(0.130758257151121,0.00161898187328174,5.19226684015796));
#3539=CARTESIAN_POINT('',(0.129885046349096,-0.0152606065203791,5.26824963077221));
#3540=CARTESIAN_POINT('',(0.129885046349098,-0.0152606065203826,5.19226684015796));
#3541=CARTESIAN_POINT('',(0.124893240672862,-0.0150036574579626,5.19226684015796));
#3542=CARTESIAN_POINT('',(0.125677224993506,-0.0199402063856008,5.19226684015796));
#3543=CARTESIAN_POINT('',(0.129885046349098,-0.0152606065203826,5.19226684015796));
#3544=CARTESIAN_POINT('',(0.12489324067287,-0.015003657457969,5.26824963077221));
#3545=CARTESIAN_POINT('',(0.129885046349096,-0.0152606065203791,5.26824963077221));
#3546=CARTESIAN_POINT('',(0.125677224993505,-0.0199402063855973,5.26824963077221));
#3547=CARTESIAN_POINT('',(0.125677224993505,-0.0199402063855973,5.26824963077221));
#3548=CARTESIAN_POINT('',(0.125677224993506,-0.0199402063856008,5.19226684015796));
#3549=CARTESIAN_POINT('',(0.125677224993505,-0.0199402063855973,5.26824963077221));
#3550=CARTESIAN_POINT('',(0.122593939540916,-0.0204306819272968,5.26824963077221));
#3551=CARTESIAN_POINT('',(0.119510656293663,-0.020921157118173,5.26824963077221));
#3552=CARTESIAN_POINT('',(0.116427373046409,-0.0214116323090562,5.26824963077221));
#3553=CARTESIAN_POINT('',(0.107172522524133,-0.0228838533839515,5.26824963077221));
#3554=CARTESIAN_POINT('',(0.0979176720018542,-0.0243560744588467,5.26824963077221));
#3555=CARTESIAN_POINT('',(0.0912383420988226,-0.025418592997179,5.26824963077221));
#3556=CARTESIAN_POINT('',(0.0912383420988227,-0.0254185929971825,5.19226684015796));
#3557=CARTESIAN_POINT('',(0.0979176720018543,-0.0243560744588502,5.19226684015796));
#3558=CARTESIAN_POINT('',(0.107172522524132,-0.0228838533839515,5.19226684015796));
#3559=CARTESIAN_POINT('',(0.116427373046411,-0.0214116323090527,5.19226684015796));
#3560=CARTESIAN_POINT('',(0.119510657028777,-0.0209211570012354,5.19226684015796));
#3561=CARTESIAN_POINT('',(0.122593941011141,-0.0204306816934146,5.19226684015796));
#3562=CARTESIAN_POINT('',(0.125677224993506,-0.0199402063856008,5.19226684015796));
#3563=CARTESIAN_POINT('',(0.0912383420988226,-0.025418592997179,5.26824963077221));
#3564=CARTESIAN_POINT('',(0.0912383420988227,-0.0254185929971825,5.19226684015796));
#3565=CARTESIAN_POINT('',(0.093815431285213,-0.0431311640790651,5.19226684015797));
#3566=CARTESIAN_POINT('',(0.0799592927631647,-0.0318004982441213,5.19226684015796));
#3567=CARTESIAN_POINT('',(0.0912383420988227,-0.0254185929971825,5.19226684015796));
#3568=CARTESIAN_POINT('',(0.0938154312852232,-0.0431311640790696,5.26824963077223));
#3569=CARTESIAN_POINT('',(0.0912383420988226,-0.025418592997179,5.26824963077221));
#3570=CARTESIAN_POINT('',(0.0799592927631664,-0.0318004982441213,5.26824963077221));
#3571=CARTESIAN_POINT('',(0.0799592927631664,-0.0318004982441213,5.26824963077221));
#3572=CARTESIAN_POINT('',(0.0799592927631647,-0.0318004982441213,5.19226684015796));
#3573=CARTESIAN_POINT('',(0.0767883009929893,-0.0365612350437574,5.19226684015796));
#3574=CARTESIAN_POINT('',(0.0776136530827332,-0.0348277759378503,5.19226684015796));
#3575=CARTESIAN_POINT('',(0.0786827909176863,-0.0332255037986185,5.19226684015796));
#3576=CARTESIAN_POINT('',(0.0799592927631647,-0.0318004982441213,5.19226684015796));
#3577=CARTESIAN_POINT('',(0.0799592927631664,-0.0318004982441213,5.26824963077221));
#3578=CARTESIAN_POINT('',(0.0786827909176862,-0.0332255037986114,5.26824963077221));
#3579=CARTESIAN_POINT('',(0.077613653082733,-0.0348277759378538,5.26824963077221));
#3580=CARTESIAN_POINT('',(0.0767883009929892,-0.0365612350437503,5.26824963077221));
#3581=CARTESIAN_POINT('',(0.0767883009929892,-0.0365612350437503,5.26824963077221));
#3582=CARTESIAN_POINT('',(0.0767883009929893,-0.0365612350437574,5.19226684015796));
#3583=CARTESIAN_POINT('',(1.17054812589832E-15,-1.21886769789295E-8,5.26824963077221));
#3584=CARTESIAN_POINT('',(0.076788300992991,-0.0365612350437503,5.26824963077221));
#3585=CARTESIAN_POINT('',(-0.0155928234364092,-0.0836064117244139,5.26824963077221));
#3586=CARTESIAN_POINT('',(-0.0155928234364075,-0.0836064117244175,5.26824963077221));
#3587=CARTESIAN_POINT('',(-0.0155928234364073,-0.0836064117244175,5.19226684015796));
#3588=CARTESIAN_POINT('',(-0.0212600787036175,-0.083366209304619,5.19226684015796));
#3589=CARTESIAN_POINT('',(-0.0193724864397306,-0.0831780679009307,5.19226684015796));
#3590=CARTESIAN_POINT('',(-0.0174643269885134,-0.0832573711651476,5.19226684015796));
#3591=CARTESIAN_POINT('',(-0.0155928234364073,-0.0836064117244174,5.19226684015796));
#3592=CARTESIAN_POINT('',(-0.0155928234364092,-0.0836064117244139,5.26824963077221));
#3593=CARTESIAN_POINT('',(-0.0174643269885135,-0.0832573711651511,5.26824963077221));
#3594=CARTESIAN_POINT('',(-0.0193724864397308,-0.0831780679009307,5.26824963077221));
#3595=CARTESIAN_POINT('',(-0.0212600787036176,-0.083366209304619,5.26824963077221));
#3596=CARTESIAN_POINT('',(-0.0212600787036176,-0.083366209304619,5.26824963077221));
#3597=CARTESIAN_POINT('',(-0.0212600787036175,-0.083366209304619,5.19226684015796));
#3598=CARTESIAN_POINT('',(-0.0202940276655171,-0.101237117106201,5.19226684015796));
#3599=CARTESIAN_POINT('',(-0.0331292296771096,-0.0887647400439696,5.19226684015796));
#3600=CARTESIAN_POINT('',(-0.0212600787036175,-0.083366209304619,5.19226684015796));
#3601=CARTESIAN_POINT('',(-0.020294027665504,-0.101237117106227,5.26824963077223));
#3602=CARTESIAN_POINT('',(-0.0212600787036176,-0.083366209304619,5.26824963077221));
#3603=CARTESIAN_POINT('',(-0.0331292296771115,-0.0887647400439732,5.26824963077221));
#3604=CARTESIAN_POINT('',(1.287092543028E-16,-1.21886778239915E-8,5.19226684015796));
#3605=CARTESIAN_POINT('',(-0.0155928234364073,-0.0836064117244174,5.19226684015796));
#3606=CARTESIAN_POINT('',(0.0767883009929893,-0.0365612350437574,5.19226684015796));
#3607=CARTESIAN_POINT('',(-2.00949530615071E-16,-1.21886416943753E-8,5.19226684015796));
#3608=CARTESIAN_POINT('',(0.080201677635104,0.0282994063665712,5.19226684015796));
#3609=CARTESIAN_POINT('',(-0.00673120271057828,0.0847812186122697,5.19226684015796));
#3610=CARTESIAN_POINT('',(-0.0646088541987111,0.0553069687918925,5.19226684015796));
#3611=CARTESIAN_POINT('',(-0.0906828890179534,0.0248476221565902,5.19226684015796));
#3612=CARTESIAN_POINT('',(-0.0927900290557228,-0.0151921706322812,5.19226684015796));
#3613=CARTESIAN_POINT('',(-0.0700570982824554,-0.0482200201344829,5.19226684015796));
#3614=CARTESIAN_POINT('',(-0.0700570982824538,-0.0482200201344829,5.26824963077221));
#3615=CARTESIAN_POINT('',(-0.0927900227671071,-0.0151921797687864,5.26824963077221));
#3616=CARTESIAN_POINT('',(-0.0906828900227169,0.0248476030641282,5.26824963077221));
#3617=CARTESIAN_POINT('',(-0.0646088541987105,0.0553069687918876,5.26824963077221));
#3618=CARTESIAN_POINT('',(-1.02256906829409E-15,-1.21886452289691E-8,5.26824963077221));
#3619=CARTESIAN_POINT('',(-0.00673120271057842,0.0847812186122697,5.26824963077221));
#3620=CARTESIAN_POINT('',(0.0802016776351056,0.0282994063665712,5.26824963077221));
#3621=CARTESIAN_POINT('',(0.,0.,0.));
ENDSEC;
END-ISO-10303-21;
